heure,kind,quality,prix,vendu,disparu,n_evt
2026-09-04T12,14,0,11.1,5906,,1
2026-09-04T12,14,0,11.2,8113,,1
2026-09-04T13,14,2,11.0,138020,,1
2026-09-04T13,14,3,11.2,2549,,1
2026-09-04T14,14,0,11.1,6530,,1
2026-09-04T14,14,1,11.2,2332,,1
2026-09-04T14,14,2,11.2,54218,,1
2026-09-04T14,14,4,11.3,312,,1
2026-09-04T15,14,2,11.1,61043,,2
2026-09-04T15,14,3,11.1,58565,,1
2026-09-04T15,14,4,11.2,996,,1
2026-09-04T16,14,0,11.0,42167,,3
2026-09-04T16,14,0,11.1,8083,,1
2026-09-04T16,14,4,11.3,43570,,1
2026-09-04T17,14,0,11.0,10976,,1
2026-09-04T17,14,1,11.1,17735,,1
2026-09-04T17,14,2,11.1,52922,,2
2026-09-04T17,14,2,11.2,75659,,1
2026-09-04T17,14,4,11.3,51821,,2
2026-09-04T18,14,0,11.1,79591,,2
2026-09-04T18,14,1,11.1,20000,,1
2026-09-04T18,14,1,11.2,4981,,1
2026-09-04T18,14,4,11.2,14539,,1
2026-09-04T18,14,4,11.3,72688,,2
2026-09-04T20,14,0,10.6,131,,1
2026-09-04T20,14,0,10.7,869,,1
2026-09-04T21,14,0,10.7,5753,,1
2026-09-04T21,14,0,10.8,6217,,2
2026-09-04T21,14,0,10.9,12399,,2
2026-09-04T21,14,0,11.0,15543,,3
2026-09-04T21,14,0,11.1,32914,,2
2026-09-04T21,14,0,11.2,67468,,2
2026-09-04T21,14,1,11.1,183,,1
2026-09-04T21,14,1,11.2,6135,,2
2026-09-04T21,14,1,11.3,52396,,1
2026-09-04T21,14,2,11.3,123356,,2
2026-09-04T21,14,3,11.2,48635,,1
2026-09-04T21,14,3,11.4,19947,,1
2026-09-04T21,14,4,11.4,121909,,3
2026-09-04T23,14,0,10.9,0,539,1
2026-09-04T23,14,0,11.0,650,3366,3
2026-09-04T23,14,0,11.1,264,2079,2
2026-09-04T23,14,1,11.0,0,13000,1
2026-09-04T23,14,1,11.1,0,11954,2
2026-09-04T23,14,2,10.9,0,10977,1
2026-09-04T23,14,2,11.0,0,10134,1
2026-09-04T23,14,2,11.1,0,15817,1
2026-09-04T23,14,2,11.2,134171,0,4
2026-09-04T23,14,3,11.3,12205,0,1
2026-09-04T23,14,4,11.4,0,24441,1
2026-09-04T23,14,5,11.5,28365,0,1
2026-09-05T00,14,0,11.1,0,784,2
2026-09-05T00,14,1,11.1,0,20097,1
2026-09-05T00,14,1,11.2,36777,0,1
2026-09-05T00,14,2,11.2,47782,73707,3
2026-09-05T00,14,2,11.3,0,7875,1
2026-09-05T00,14,3,11.2,0,1329,1
2026-09-05T00,14,3,11.3,0,26834,2
2026-09-05T00,14,3,11.4,13844,3724,4
2026-09-05T00,14,4,11.4,0,55000,2
2026-09-05T01,14,0,11.0,83,1635,4
2026-09-05T01,14,0,11.1,0,249,1
2026-09-05T01,14,0,11.2,0,27557,5
2026-09-05T01,14,0,11.3,0,131390,5
2026-09-05T01,14,1,11.2,0,28647,1
2026-09-05T01,14,1,11.3,16188,79150,5
2026-09-05T01,14,2,11.4,0,30997,4
2026-09-05T01,14,3,11.1,120578,0,1
2026-09-05T01,14,3,11.3,0,2000,1
2026-09-05T01,14,3,11.4,0,425817,2
2026-09-05T01,14,4,11.4,0,100510,1
2026-09-05T02,14,0,10.7,0,5283,1
2026-09-05T02,14,0,10.8,0,725,2
2026-09-05T02,14,0,10.9,0,2137,1
2026-09-05T02,14,1,10.9,46176,0,1
2026-09-05T02,14,2,11.0,11397,6667,2
2026-09-05T02,14,2,11.1,0,7543,1
2026-09-05T02,14,3,11.1,6007,42978,2
2026-09-05T02,14,4,11.1,0,82986,1
2026-09-05T02,14,4,11.2,0,33458,1
2026-09-05T02,14,4,11.3,18141,13000,2
2026-09-05T03,14,0,10.7,3150,0,1
2026-09-05T03,14,1,10.9,111440,0,3
2026-09-05T03,14,2,11.1,0,8314,1
2026-09-05T03,14,3,11.2,0,25000,1
2026-09-05T03,14,3,11.3,0,100000,1
2026-09-05T03,14,4,11.3,0,18178,2
2026-09-05T03,14,4,11.4,73631,0,1
2026-09-05T03,14,5,11.5,0,221635,1
2026-09-05T03,14,5,11.6,0,100000,1
2026-09-05T04,14,0,10.7,0,5103,1
2026-09-05T04,14,0,10.8,0,681,2
2026-09-05T04,14,0,10.9,5903,212414,8
2026-09-05T04,14,0,11.0,19920,0,1
2026-09-05T04,14,1,10.9,0,114696,2
2026-09-05T04,14,1,11.0,14585,63014,3
2026-09-05T04,14,1,11.1,20429,0,2
2026-09-05T04,14,2,11.1,0,16530,1
2026-09-05T04,14,2,11.2,0,36880,2
2026-09-05T04,14,2,11.3,8339,0,1
2026-09-05T04,14,3,11.2,0,5000,1
2026-09-05T04,14,4,11.3,38509,0,1
2026-09-05T05,14,0,10.9,10206,788,3
2026-09-05T05,14,0,11.0,4517,26763,4
2026-09-05T05,14,0,11.1,0,4808,1
2026-09-05T05,14,1,11.1,0,15606,1
2026-09-05T05,14,1,11.2,767,0,2
2026-09-05T05,14,2,11.3,0,1360,1
2026-09-05T05,14,3,11.1,0,30000,1
2026-09-05T05,14,4,11.2,0,138915,1
2026-09-05T05,14,4,11.3,10521,50970,2
2026-09-05T05,14,4,11.4,7330,0,1
2026-09-05T06,14,0,11.0,0,166371,1
2026-09-05T06,14,0,11.1,0,5583,2
2026-09-05T06,14,0,11.2,3977,15284,3
2026-09-05T06,14,1,11.2,0,50736,2
2026-09-05T06,14,1,11.3,2618,0,1
2026-09-05T06,14,2,11.3,4000,34295,2
2026-09-05T06,14,2,11.4,84424,0,2
2026-09-05T06,14,3,11.2,0,147873,1
2026-09-05T06,14,3,11.4,0,18953,2
2026-09-05T06,14,3,11.5,1254,0,1
2026-09-05T06,14,4,11.4,0,28872,1
2026-09-05T06,14,4,11.5,0,125924,1
2026-09-05T06,14,4,11.6,109991,0,2
2026-09-05T07,14,0,11.1,7300,55846,4
2026-09-05T07,14,0,11.2,7193,271778,3
2026-09-05T07,14,1,11.2,10779,28984,2
2026-09-05T07,14,2,11.2,0,30392,1
2026-09-05T07,14,2,11.3,1482,0,1
2026-09-05T07,14,3,11.2,0,23436,1
2026-09-05T07,14,3,11.3,52615,217434,4
2026-09-05T07,14,4,11.5,14430,0,1
2026-09-05T08,14,0,11.1,0,13445,2
2026-09-05T08,14,0,11.2,3631,0,1
2026-09-05T08,14,1,11.1,0,4717,1
2026-09-05T08,14,1,11.2,5195,0,1
2026-09-05T08,14,2,11.1,0,7734,1
2026-09-05T08,14,2,11.2,2264,4079,2
2026-09-05T08,14,2,11.3,11606,0,1
2026-09-05T08,14,3,11.4,0,10000,1
2026-09-05T08,14,3,11.5,37642,0,1
2026-09-05T08,14,4,11.4,0,6723,1
2026-09-05T08,14,4,11.5,13277,22293,2
2026-09-05T09,14,0,10.7,0,7239,1
2026-09-05T09,14,0,10.8,0,94,1
2026-09-05T09,14,0,10.9,3842,11083,3
2026-09-05T09,14,0,11.0,2764,0,1
2026-09-05T09,14,0,11.1,64687,0,1
2026-09-05T09,14,1,11.0,0,9648,1
2026-09-05T09,14,1,11.1,30832,0,3
2026-09-05T09,14,1,11.2,0,3433,1
2026-09-05T09,14,2,11.1,0,18656,1
2026-09-05T09,14,2,11.2,0,10846,1
2026-09-05T09,14,2,11.3,0,28520,1
2026-09-05T09,14,2,11.4,56244,0,1
2026-09-05T09,14,3,11.2,0,47635,1
2026-09-05T09,14,3,11.5,67695,0,1
2026-09-05T09,14,4,11.3,84802,50871,3
2026-09-05T10,14,0,10.4,0,2700,1
2026-09-05T10,14,0,10.5,0,49,1
2026-09-05T10,14,0,10.6,0,12205,3
2026-09-05T10,14,0,10.7,0,7338,3
2026-09-05T10,14,0,10.8,7863,5568,4
2026-09-05T10,14,0,10.9,0,6368,1
2026-09-05T10,14,0,11.0,0,1178,1
2026-09-05T10,14,0,11.1,29563,0,1
2026-09-05T10,14,1,11.1,0,2408,1
2026-09-05T10,14,1,11.3,1247,2664,2
2026-09-05T10,14,2,11.4,45426,65769,5
2026-09-05T10,14,4,11.5,0,27911,2
2026-09-05T10,14,4,11.6,17683,4406,2
2026-09-05T11,14,0,10.9,0,812,1
2026-09-05T11,14,0,11.0,0,33188,3
2026-09-05T11,14,0,11.1,46546,19808,5
2026-09-05T11,14,1,11.2,0,32479,2
2026-09-05T11,14,1,11.3,28680,0,1
2026-09-05T11,14,3,11.3,261000,0,3
2026-09-05T12,14,0,10.8,3,2899,2
2026-09-05T12,14,0,10.9,901,0,1
2026-09-05T12,14,0,11.0,0,236,1
2026-09-05T12,14,0,11.1,3877,55973,2
2026-09-05T12,14,0,11.2,0,18377,3
2026-09-05T12,14,2,11.1,4187,0,1
2026-09-05T12,14,3,11.2,0,10000,1
2026-09-05T12,14,3,11.3,179798,0,4
2026-09-05T13,14,0,10.9,0,557,1
2026-09-05T13,14,0,11.0,0,9758,2
2026-09-05T13,14,0,11.1,0,40369,2
2026-09-05T13,14,1,11.1,20000,7857,2
2026-09-05T13,14,1,11.2,11500,0,1
2026-09-05T13,14,2,11.1,37572,36593,3
2026-09-05T13,14,2,11.2,0,1,1
2026-09-05T13,14,3,11.2,141251,8749,3
2026-09-05T13,14,3,11.3,0,120202,1
2026-09-05T13,14,4,11.4,136493,0,3
2026-09-05T14,14,0,10.7,0,1097,1
2026-09-05T14,14,0,10.8,0,4578,2
2026-09-05T14,14,0,10.9,1471,124660,3
2026-09-05T14,14,0,11.0,0,18452,4
2026-09-05T14,14,0,11.2,24362,14478,2
2026-09-05T14,14,1,11.0,0,3641,1
2026-09-05T14,14,1,11.1,0,10455,1
2026-09-05T14,14,1,11.2,0,82542,3
2026-09-05T14,14,1,11.3,4598,0,1
2026-09-05T14,14,2,11.2,0,8320,1
2026-09-05T14,14,3,11.2,0,130679,2
2026-09-05T14,14,4,11.3,56558,23442,3
2026-09-05T15,14,0,11.1,4100,27500,2
2026-09-05T15,14,0,11.2,13335,284,2
2026-09-05T15,14,1,11.3,8264,50554,4
2026-09-05T15,14,3,11.3,0,120399,2
2026-09-05T15,14,3,11.4,0,44124,1
2026-09-05T15,14,4,11.3,0,65412,2
2026-09-05T15,14,4,11.4,0,73507,2
2026-09-05T15,14,4,11.5,4334,0,1
2026-09-05T15,14,11,11.7,0,10956,1
2026-09-05T15,14,11,18.9,0,1,1
2026-09-05T16,14,0,10.9,0,67549,2
2026-09-05T16,14,0,11.0,0,1581,3
2026-09-05T16,14,0,11.1,0,41869,2
2026-09-05T16,14,0,11.2,60695,0,1
2026-09-05T16,14,1,11.1,0,8675,1
2026-09-05T16,14,1,11.2,16390,3610,3
2026-09-05T16,14,1,11.3,37745,0,1
2026-09-05T16,14,2,11.3,0,235,1
2026-09-05T16,14,2,11.4,724,0,1
2026-09-05T16,14,3,11.4,0,44671,1
2026-09-05T16,14,3,11.5,20818,193409,2
2026-09-05T16,14,4,11.5,0,30233,1
2026-09-05T17,14,0,11.2,238578,0,2
2026-09-05T17,14,1,11.3,169747,0,2
2026-09-05T17,14,2,11.3,0,1338,1
2026-09-05T17,14,2,11.4,17875,0,1
2026-09-05T17,14,3,11.4,0,10000,1
2026-09-05T17,14,3,11.5,0,20731,3
2026-09-05T17,14,3,11.6,0,300000,1
2026-09-05T17,14,4,11.5,0,139363,1
2026-09-05T17,14,4,11.6,0,92317,2
2026-09-05T17,14,5,11.7,14407,0,1
2026-09-05T18,14,0,10.9,0,4993,3
2026-09-05T18,14,0,11.0,58887,11104,4
2026-09-05T18,14,0,11.1,2058,9256,4
2026-09-05T18,14,0,11.2,4594,0,1
2026-09-05T18,14,1,11.3,161420,0,3
2026-09-05T18,14,2,11.2,23895,0,2
2026-09-05T18,14,2,11.4,64257,0,1
2026-09-05T18,14,3,11.5,0,15000,1
2026-09-05T18,14,3,11.6,317,0,1
2026-09-05T19,14,0,10.8,0,402,1
2026-09-05T19,14,0,10.9,0,52180,3
2026-09-05T19,14,1,10.9,0,28634,1
2026-09-05T19,14,1,11.0,40752,1158,2
2026-09-05T19,14,2,11.0,0,119844,1
2026-09-05T19,14,2,11.1,30661,22494,3
2026-09-05T19,14,2,11.2,0,3505,2
2026-09-05T19,14,2,11.3,19189,3234,2
2026-09-05T19,14,3,11.5,22382,0,1
2026-09-05T19,14,4,11.6,0,57230,2
2026-09-05T19,14,5,11.7,967593,0,2
2026-09-05T20,14,0,10.9,0,5393,1
2026-09-05T20,14,0,11.0,0,707,1
2026-09-05T20,14,0,11.1,0,20047,2
2026-09-05T20,14,0,11.2,10136,130160,5
2026-09-05T20,14,0,11.3,0,12214,5
2026-09-05T20,14,1,11.3,0,39580,3
2026-09-05T20,14,1,11.4,0,100526,2
2026-09-05T20,14,1,11.5,103641,73219,3
2026-09-05T20,14,2,11.3,0,29926,1
2026-09-05T20,14,2,11.4,0,3703,1
2026-09-05T20,14,2,11.5,11792,173633,4
2026-09-05T20,14,3,11.4,0,16760,2
2026-09-05T20,14,3,11.5,0,23695,2
2026-09-05T20,14,3,11.6,0,39327,1
2026-09-05T20,14,4,11.6,161325,5548,3
2026-09-05T21,14,0,11.3,0,800,1
2026-09-05T21,14,0,11.4,0,30457,1
2026-09-05T21,14,1,11.4,0,28939,2
2026-09-05T21,14,1,11.5,59820,0,2
2026-09-05T21,14,2,11.5,0,1245,1
2026-09-05T21,14,3,11.5,0,48371,1
2026-09-05T21,14,4,11.6,130212,0,3
2026-09-05T23,14,0,11.0,0,5048,1
2026-09-05T23,14,0,11.1,0,12390,1
2026-09-05T23,14,0,11.2,81351,408,3
2026-09-05T23,14,1,11.3,0,23700,1
2026-09-05T23,14,1,11.4,0,59065,1
2026-09-05T23,14,2,11.4,0,30989,2
2026-09-05T23,14,3,11.5,38360,4602,2
2026-09-05T23,14,4,11.6,0,40324,1
2026-09-05T23,14,5,11.7,60846,0,1
2026-09-05T23,14,7,14.7,50000,0,1
2026-09-06T00,14,0,10.7,0,2954,2
2026-09-06T00,14,0,10.8,0,5600,1
2026-09-06T00,14,0,10.9,446,2939,2
2026-09-06T00,14,0,11.0,0,5509,4
2026-09-06T00,14,0,11.1,0,21008,2
2026-09-06T00,14,0,11.2,0,129050,5
2026-09-06T00,14,0,11.3,0,24924,2
2026-09-06T00,14,0,11.4,7434,9814,2
2026-09-06T00,14,1,11.4,0,28244,3
2026-09-06T00,14,1,11.5,18632,0,2
2026-09-06T00,14,2,11.2,47364,0,3
2026-09-06T00,14,3,11.3,0,19428,1
2026-09-06T00,14,3,11.4,43080,56920,2
2026-09-06T00,14,3,11.5,10000,65299,4
2026-09-06T00,14,4,11.5,39490,44734,4
2026-09-06T00,14,5,11.6,93530,0,4
2026-09-06T01,14,0,10.8,0,134,1
2026-09-06T01,14,0,10.9,0,44,1
2026-09-06T01,14,0,11.0,0,4383,2
2026-09-06T01,14,0,11.1,0,4121,1
2026-09-06T01,14,0,11.2,0,5263,1
2026-09-06T01,14,0,11.3,1288,17894,4
2026-09-06T01,14,0,11.4,76214,29066,4
2026-09-06T01,14,1,11.3,0,1672,2
2026-09-06T01,14,1,11.4,2300,39546,5
2026-09-06T01,14,1,11.5,90414,0,3
2026-09-06T01,14,2,11.2,0,31519,1
2026-09-06T01,14,2,11.4,24558,7547,6
2026-09-06T01,14,2,11.5,0,2400,1
2026-09-06T01,14,3,11.5,0,18397,2
2026-09-06T01,14,4,11.6,148282,0,2
2026-09-06T01,14,5,11.6,32306,74164,2
2026-09-06T02,14,0,11.1,0,417,1
2026-09-06T02,14,0,11.2,2300,59815,3
2026-09-06T02,14,0,11.3,136,15193,5
2026-09-06T02,14,0,11.4,12000,253,3
2026-09-06T02,14,1,11.4,0,20410,2
2026-09-06T02,14,1,11.5,7619,0,2
2026-09-06T02,14,3,11.5,108546,0,2
2026-09-06T02,14,4,11.5,2190,53465,2
2026-09-06T02,14,4,11.6,146235,0,2
2026-09-06T03,14,0,10.9,0,664,1
2026-09-06T03,14,0,11.0,0,3000,1
2026-09-06T03,14,0,11.1,0,196,1
2026-09-06T03,14,0,11.2,2000,2675,4
2026-09-06T03,14,0,11.3,0,792,2
2026-09-06T03,14,0,11.4,14524,0,3
2026-09-06T03,14,1,11.3,0,12673,1
2026-09-06T03,14,1,11.4,0,292,1
2026-09-06T03,14,2,11.0,0,11563,1
2026-09-06T03,14,2,11.1,59021,34919,4
2026-09-06T03,14,2,11.3,11297,66282,3
2026-09-06T03,14,2,11.4,138,59417,2
2026-09-06T03,14,3,11.5,100752,25981,4
2026-09-06T03,14,4,11.6,50000,0,1
2026-09-06T03,14,5,11.7,374090,0,1
2026-09-06T04,14,0,10.9,0,11195,3
2026-09-06T04,14,0,11.0,16289,6428,4
2026-09-06T04,14,0,11.3,0,3138,2
2026-09-06T04,14,0,11.4,41872,0,3
2026-09-06T04,14,1,11.2,0,200,1
2026-09-06T04,14,1,11.5,15540,0,1
2026-09-06T04,14,2,11.3,5981,10890,3
2026-09-06T04,14,3,11.5,92867,101021,3
2026-09-06T04,14,4,11.6,359911,10772,7
2026-09-06T05,14,0,10.6,0,3015,1
2026-09-06T05,14,0,10.7,0,3694,2
2026-09-06T05,14,0,10.8,74147,20838,9
2026-09-06T05,14,0,10.9,1548,781,3
2026-09-06T05,14,0,11.0,49581,0,4
2026-09-06T05,14,1,11.2,2200,0,1
2026-09-06T05,14,1,11.5,0,26219,2
2026-09-06T05,14,2,11.5,0,17801,1
2026-09-06T05,14,2,11.6,17672,0,1
2026-09-06T05,14,3,11.5,0,5360,1
2026-09-06T05,14,3,11.6,7423,28187,5
2026-09-06T05,14,4,11.6,118310,1943,4
2026-09-06T05,14,5,11.7,18858,0,2
2026-09-06T06,14,0,10.5,0,20000,1
2026-09-06T06,14,0,10.6,53805,29134,3
2026-09-06T06,14,0,10.7,0,1000,1
2026-09-06T06,14,0,10.8,0,27,1
2026-09-06T06,14,0,10.9,0,2942,3
2026-09-06T06,14,0,11.0,0,17272,3
2026-09-06T06,14,0,11.1,9366,5239,6
2026-09-06T06,14,1,11.0,0,5596,1
2026-09-06T06,14,1,11.2,52264,0,3
2026-09-06T06,14,2,11.4,0,6435,1
2026-09-06T06,14,2,11.5,15000,5485,2
2026-09-06T06,14,2,11.6,6080,0,1
2026-09-06T06,14,5,11.7,20000,0,1
2026-09-06T07,14,0,10.7,0,167,1
2026-09-06T07,14,0,10.8,0,2000,1
2026-09-06T07,14,0,10.9,0,1595,2
2026-09-06T07,14,0,11.0,0,4466,3
2026-09-06T07,14,0,11.1,5718,42260,6
2026-09-06T07,14,0,11.2,9760,60,4
2026-09-06T07,14,1,11.2,43632,143799,4
2026-09-06T07,14,1,11.3,36986,4785,5
2026-09-06T07,14,2,11.3,0,3564,1
2026-09-06T07,14,3,11.4,26424,0,2
2026-09-06T07,14,5,11.6,9427,0,2
2026-09-06T08,14,0,11.1,0,7376,3
2026-09-06T08,14,0,11.2,11286,3301,4
2026-09-06T08,14,0,11.3,17590,0,2
2026-09-06T08,14,1,11.3,32149,17229,5
2026-09-06T08,14,1,11.4,18331,0,1
2026-09-06T08,14,2,11.4,25800,10699,3
2026-09-06T08,14,3,11.4,53320,121680,5
2026-09-06T08,14,4,11.3,63450,0,1
2026-09-06T08,14,5,11.6,0,209623,1
2026-09-06T09,14,0,10.9,0,32,1
2026-09-06T09,14,0,11.0,0,8,1
2026-09-06T09,14,0,11.1,0,2567,3
2026-09-06T09,14,0,11.2,4051,7972,6
2026-09-06T09,14,0,11.3,123025,0,2
2026-09-06T09,14,2,11.1,10753,9247,2
2026-09-06T09,14,2,11.3,0,31148,1
2026-09-06T09,14,3,11.3,21640,0,2
2026-09-06T09,14,4,11.2,100000,192735,2
2026-09-06T09,14,4,11.3,0,104217,1
2026-09-06T09,14,4,11.4,18168,0,2
2026-09-06T10,14,0,10.8,0,10711,3
2026-09-06T10,14,0,10.9,4384,24803,5
2026-09-06T10,14,0,11.0,11,27557,5
2026-09-06T10,14,0,11.2,0,3880,1
2026-09-06T10,14,0,11.3,3570,0,1
2026-09-06T10,14,1,11.0,0,8906,1
2026-09-06T10,14,1,11.1,66694,11408,3
2026-09-06T10,14,1,11.3,0,4660,1
2026-09-06T10,14,1,11.4,8121,7964,2
2026-09-06T10,14,2,11.1,0,4097,1
2026-09-06T10,14,2,11.2,0,16065,1
2026-09-06T10,14,2,11.3,0,615,1
2026-09-06T10,14,2,11.4,6765,28122,3
2026-09-06T10,14,3,11.1,22510,652,3
2026-09-06T10,14,3,11.2,0,60000,2
2026-09-06T10,14,3,11.3,2392,16478,2
2026-09-06T10,14,3,11.5,141067,28750,3
2026-09-06T10,14,4,11.3,0,50232,2
2026-09-06T10,14,4,11.4,53232,28600,2
2026-09-06T10,14,4,11.5,0,26943,1
2026-09-06T10,14,4,11.7,28549,0,1
2026-09-06T10,14,11,11.9,3260,0,1
2026-09-06T11,14,0,11.0,35943,4057,3
2026-09-06T11,14,0,11.1,0,514,1
2026-09-06T11,14,0,11.2,32965,45561,3
2026-09-06T11,14,0,11.3,0,18002,3
2026-09-06T11,14,0,11.4,45300,30343,6
2026-09-06T11,14,1,11.4,7255,48897,3
2026-09-06T11,14,2,11.5,118010,14990,4
2026-09-06T11,14,2,11.6,3180,0,1
2026-09-06T11,14,3,11.4,0,18560,1
2026-09-06T11,14,3,11.5,0,20134,2
2026-09-06T11,14,3,11.6,25000,6230,2
2026-09-06T11,14,4,11.7,50000,0,1
2026-09-06T12,14,0,10.7,0,122,1
2026-09-06T12,14,0,10.9,0,10742,2
2026-09-06T12,14,0,11.0,61146,1054,6
2026-09-06T12,14,1,11.3,453,14718,2
2026-09-06T12,14,2,11.3,6808,0,1
2026-09-06T12,14,2,11.4,75282,984,2
2026-09-06T12,14,2,11.5,7831,0,1
2026-09-06T12,14,3,11.1,0,19741,1
2026-09-06T12,14,3,11.2,75259,0,3
2026-09-06T12,14,4,11.3,0,47900,1
2026-09-06T12,14,4,11.5,22105,0,1
2026-09-06T12,14,11,11.9,6616,0,1
2026-09-06T13,14,0,10.6,0,36196,1
2026-09-06T13,14,0,10.7,7454,52569,2
2026-09-06T13,14,0,10.8,0,3500,2
2026-09-06T13,14,0,10.9,0,4000,1
2026-09-06T13,14,0,11.0,0,31586,3
2026-09-06T13,14,0,11.1,0,1462,2
2026-09-06T13,14,0,11.2,10875,5956,4
2026-09-06T13,14,0,11.3,0,14168,3
2026-09-06T13,14,0,11.4,70250,0,1
2026-09-06T13,14,1,11.2,392,14714,3
2026-09-06T13,14,1,11.3,0,8773,2
2026-09-06T13,14,1,11.4,0,20412,1
2026-09-06T13,14,2,11.1,12960,37040,2
2026-09-06T13,14,2,11.3,0,42069,1
2026-09-06T13,14,2,11.4,0,31551,1
2026-09-06T13,14,3,11.2,0,24741,1
2026-09-06T13,14,3,11.3,0,34172,1
2026-09-06T13,14,3,11.4,279869,10825,5
2026-09-06T13,14,4,11.3,0,6569,1
2026-09-06T13,14,4,11.5,5845,0,1
2026-09-06T13,14,11,11.9,0,528,1
2026-09-06T14,14,0,11.0,0,654,1
2026-09-06T14,14,0,11.1,0,13021,2
2026-09-06T14,14,0,11.2,0,4247,4
2026-09-06T14,14,0,11.3,0,3925,3
2026-09-06T14,14,1,11.2,0,9861,1
2026-09-06T14,14,1,11.3,0,45223,4
2026-09-06T14,14,1,11.4,131549,0,4
2026-09-06T14,14,2,11.3,29786,210843,3
2026-09-06T14,14,2,11.4,14463,30334,2
2026-09-06T14,14,3,11.4,180672,582,4
2026-09-06T14,14,3,11.5,72505,6349,2
2026-09-06T14,14,4,11.5,0,23605,1
2026-09-06T15,14,0,10.8,0,10003,1
2026-09-06T15,14,0,10.9,0,2471,3
2026-09-06T15,14,0,11.0,23617,12614,8
2026-09-06T15,14,0,11.1,383,21356,4
2026-09-06T15,14,0,11.3,1251,400,2
2026-09-06T15,14,1,11.2,26000,4000,3
2026-09-06T15,14,1,11.4,15826,0,1
2026-09-06T15,14,2,11.2,0,26503,1
2026-09-06T15,14,2,11.3,10871,0,1
2026-09-06T15,14,2,11.5,0,2169,1
2026-09-06T15,14,3,11.2,8136,10390,4
2026-09-06T15,14,3,11.3,49446,11531,3
2026-09-06T15,14,3,11.4,46551,16182,3
2026-09-06T15,14,3,11.5,0,8000,1
2026-09-06T15,14,4,11.6,22858,10314,3
2026-09-06T15,14,4,11.7,16636,0,1
2026-09-06T16,14,0,10.6,0,3843,1
2026-09-06T16,14,0,10.7,0,2000,1
2026-09-06T16,14,0,10.8,0,5975,1
2026-09-06T16,14,0,10.9,273,13879,3
2026-09-06T16,14,0,11.0,31747,43893,4
2026-09-06T16,14,0,11.1,7454,7430,3
2026-09-06T16,14,0,11.2,0,6446,3
2026-09-06T16,14,0,11.3,7252,3281,4
2026-09-06T16,14,0,11.4,0,69119,3
2026-09-06T16,14,1,11.3,23769,12706,3
2026-09-06T16,14,1,11.4,12541,29946,3
2026-09-06T16,14,2,11.3,0,103963,4
2026-09-06T16,14,2,11.4,0,888,2
2026-09-06T16,14,2,11.5,44845,65425,3
2026-09-06T16,14,3,11.6,8895,0,1
2026-09-06T16,14,4,11.4,63682,51081,3
2026-09-06T17,14,0,11.0,0,3512,1
2026-09-06T17,14,0,11.1,0,1000,1
2026-09-06T17,14,0,11.3,0,4383,2
2026-09-06T17,14,0,11.4,68124,2449,5
2026-09-06T17,14,1,11.5,99170,470,2
2026-09-06T17,14,2,11.2,111744,0,3
2026-09-06T17,14,2,11.6,4208,0,1
2026-09-06T17,14,3,11.3,0,15988,1
2026-09-06T17,14,3,11.4,34217,0,3
2026-09-06T17,14,3,11.5,4899,0,1
2026-09-06T17,14,3,11.6,0,12993,1
2026-09-06T17,14,4,11.4,0,74833,1
2026-09-06T18,14,0,10.7,935,738,2
2026-09-06T18,14,0,10.9,29784,867,6
2026-09-06T18,14,0,11.0,330,17208,4
2026-09-06T18,14,0,11.1,28392,11921,4
2026-09-06T18,14,1,11.1,0,183,2
2026-09-06T18,14,2,11.1,0,1236,1
2026-09-06T18,14,2,11.2,136386,0,5
2026-09-06T18,14,3,11.2,21199,38801,4
2026-09-06T18,14,4,11.3,0,12979,1
2026-09-06T18,14,4,11.4,9435,0,1
2026-09-06T19,14,0,10.6,0,2139,2
2026-09-06T19,14,0,10.7,18548,10284,3
2026-09-06T19,14,0,10.8,0,863,1
2026-09-06T19,14,0,10.9,0,3648,1
2026-09-06T19,14,0,11.0,0,1523,2
2026-09-06T19,14,0,11.1,0,7608,4
2026-09-06T19,14,0,11.2,0,11976,5
2026-09-06T19,14,1,10.9,0,14568,1
2026-09-06T19,14,1,11.0,26256,38692,3
2026-09-06T19,14,1,11.1,4999,6279,3
2026-09-06T19,14,1,11.2,0,14336,2
2026-09-06T19,14,2,11.2,67126,62226,4
2026-09-06T19,14,3,11.2,0,9446,1
2026-09-06T19,14,3,11.3,111868,0,3
2026-09-06T19,14,4,11.3,3796,63366,3
2026-09-06T19,14,4,11.4,31212,0,2
2026-09-06T19,14,5,11.8,19000,0,1
2026-09-06T20,14,0,10.9,0,56,1
2026-09-06T20,14,0,11.0,0,339,1
2026-09-06T20,14,0,11.1,9102,5986,8
2026-09-06T20,14,1,11.1,0,1170,1
2026-09-06T20,14,1,11.2,44789,8184,5
2026-09-06T20,14,2,11.2,53542,58583,4
2026-09-06T20,14,2,11.3,116755,5067,4
2026-09-06T20,14,3,11.3,0,38121,1
2026-09-06T20,14,3,11.4,39577,0,1
2026-09-06T20,14,4,11.3,0,11008,1
2026-09-06T20,14,4,11.4,99985,4194,6
2026-09-06T20,14,4,11.5,24210,0,1
2026-09-06T21,14,0,10.7,0,6019,1
2026-09-06T21,14,0,10.8,0,9373,3
2026-09-06T21,14,0,10.9,0,31785,3
2026-09-06T21,14,0,11.0,1745,4907,5
2026-09-06T21,14,0,11.1,500,47153,9
2026-09-06T21,14,0,11.2,157846,0,8
2026-09-06T21,14,1,11.2,11721,3761,3
2026-09-06T21,14,1,11.3,6885,34806,6
2026-09-06T21,14,2,11.2,0,10159,1
2026-09-06T21,14,2,11.3,63000,57904,7
2026-09-06T21,14,2,11.4,10000,672,2
2026-09-06T21,14,3,11.4,18194,8012,2
2026-09-06T21,14,4,11.5,135332,0,5
2026-09-06T22,14,0,10.7,0,51,1
2026-09-06T22,14,0,10.8,0,1129,2
2026-09-06T22,14,0,10.9,4216,37165,2
2026-09-06T22,14,0,11.0,0,100,1
2026-09-06T22,14,0,11.1,1000,12159,3
2026-09-06T22,14,0,11.2,12000,463,3
2026-09-06T22,14,1,11.2,8800,45851,4
2026-09-06T22,14,1,11.3,0,3194,1
2026-09-06T22,14,2,11.1,263,8161,2
2026-09-06T22,14,2,11.2,15000,0,1
2026-09-06T22,14,2,11.3,5939,10094,4
2026-09-06T22,14,3,11.1,0,7721,1
2026-09-06T22,14,3,11.2,0,4920,1
2026-09-06T22,14,3,11.3,0,48788,2
2026-09-06T22,14,3,11.4,65217,0,3
2026-09-06T23,14,0,10.8,0,57,1
2026-09-06T23,14,0,10.9,0,584,1
2026-09-06T23,14,0,11.0,0,20198,3
2026-09-06T23,14,0,11.1,77851,0,4
2026-09-06T23,14,1,11.1,0,5559,1
2026-09-06T23,14,1,11.3,0,18074,1
2026-09-06T23,14,2,11.1,0,9982,2
2026-09-06T23,14,2,11.2,0,12042,1
2026-09-06T23,14,3,11.3,18556,27433,5
2026-09-06T23,14,3,11.4,4423,0,1
2026-09-06T23,14,4,11.4,0,82130,1
2026-09-07T00,14,0,11.0,200,10203,4
2026-09-07T00,14,0,11.1,146369,0,4
2026-09-07T00,14,1,11.0,5273,4727,2
2026-09-07T00,14,1,11.2,5474,0,1
2026-09-07T00,14,2,11.2,1000,5324,2
2026-09-07T00,14,3,11.3,20640,7895,2
2026-09-07T00,14,3,11.4,62420,0,2
2026-09-07T00,14,4,11.3,61746,0,2
2026-09-07T00,14,4,11.4,43665,0,1
2026-09-07T01,14,0,10.9,0,11560,1
2026-09-07T01,14,0,11.0,0,391,1
2026-09-07T01,14,0,11.1,126206,6142,9
2026-09-07T01,14,0,11.2,16028,260,2
2026-09-07T01,14,1,11.0,0,120,1
2026-09-07T01,14,1,11.1,79364,636,4
2026-09-07T01,14,1,11.2,1310,3216,2
2026-09-07T01,14,2,11.1,0,1933,1
2026-09-07T01,14,2,11.2,37682,26361,4
2026-09-07T01,14,2,11.3,0,15143,1
2026-09-07T01,14,3,11.3,0,13557,1
2026-09-07T01,14,3,11.4,126674,27331,5
2026-09-07T01,14,4,11.3,41578,28404,2
2026-09-07T01,14,4,11.4,0,964,1
2026-09-07T02,14,0,10.8,8000,0,1
2026-09-07T02,14,0,10.9,0,888,2
2026-09-07T02,14,0,11.0,0,1551,1
2026-09-07T02,14,1,10.9,0,2728,1
2026-09-07T02,14,1,11.2,0,5000,1
2026-09-07T02,14,1,11.3,0,109,1
2026-09-07T02,14,2,10.9,42022,0,2
2026-09-07T02,14,2,11.1,0,2263,2
2026-09-07T02,14,2,11.2,0,28680,2
2026-09-07T02,14,3,11.0,173391,0,2
2026-09-07T02,14,3,11.2,12529,657,2
2026-09-07T02,14,3,11.4,107979,0,2
2026-09-07T02,14,4,11.3,92871,365551,4
2026-09-07T02,14,4,11.5,9542,40458,2
2026-09-07T03,14,0,10.8,8000,53471,8
2026-09-07T03,14,0,10.9,241,15115,3
2026-09-07T03,14,0,11.0,0,1956,2
2026-09-07T03,14,0,11.1,8000,0,1
2026-09-07T03,14,0,11.2,0,4301,2
2026-09-07T03,14,2,10.9,0,39708,2
2026-09-07T03,14,3,10.9,116580,106015,3
2026-09-07T03,14,3,11.0,27188,24473,2
2026-09-07T03,14,3,11.2,0,3000,1
2026-09-07T03,14,3,11.3,16735,0,2
2026-09-07T03,14,4,11.2,0,5000,1
2026-09-07T04,14,0,11.0,0,1669,2
2026-09-07T04,14,0,11.1,7139,11353,5
2026-09-07T04,14,0,11.3,20105,8725,5
2026-09-07T04,14,1,11.2,4000,8677,3
2026-09-07T04,14,2,11.2,4877,5123,2
2026-09-07T04,14,3,11.2,0,8590,2
2026-09-07T04,14,3,11.3,170902,12363,5
2026-09-07T04,14,3,11.4,153277,0,1
2026-09-07T04,14,4,11.4,22810,0,2
2026-09-07T05,14,0,11.0,0,1529,1
2026-09-07T05,14,0,11.1,0,5167,3
2026-09-07T05,14,0,11.2,0,12106,5
2026-09-07T05,14,0,11.3,74282,909,7
2026-09-07T05,14,1,11.3,0,35630,3
2026-09-07T05,14,2,11.3,15941,62421,3
2026-09-07T05,14,2,11.4,19474,45823,2
2026-09-07T05,14,3,11.4,15540,8404,4
2026-09-07T05,14,4,11.4,78088,15526,4
2026-09-07T05,14,4,11.5,110756,0,2
2026-09-07T06,14,0,10.9,6029,3806,3
2026-09-07T06,14,0,11.0,1518,15413,3
2026-09-07T06,14,0,11.1,0,2863,1
2026-09-07T06,14,0,11.2,31174,29830,3
2026-09-07T06,14,2,11.1,0,16888,3
2026-09-07T06,14,2,11.2,0,41891,1
2026-09-07T06,14,2,11.3,0,2467,1
2026-09-07T06,14,2,11.4,18008,0,1
2026-09-07T06,14,3,11.2,34850,140833,3
2026-09-07T06,14,3,11.3,13874,0,1
2026-09-07T06,14,4,11.3,103275,0,2
2026-09-07T06,14,4,11.4,21828,0,1
2026-09-07T07,14,0,10.8,0,26809,1
2026-09-07T07,14,0,10.9,99222,0,5
2026-09-07T07,14,0,11.0,13148,7036,3
2026-09-07T07,14,0,11.1,0,4190,2
2026-09-07T07,14,0,11.2,0,4500,1
2026-09-07T07,14,1,11.2,17999,0,1
2026-09-07T07,14,2,11.1,12880,4059,3
2026-09-07T07,14,3,11.2,6241,0,2
2026-09-07T07,14,4,11.3,201537,0,2
2026-09-07T07,14,5,11.7,22625,0,1
2026-09-07T08,14,0,10.8,0,8232,4
2026-09-07T08,14,0,10.9,4994,23562,6
2026-09-07T08,14,0,11.0,14271,582,4
2026-09-07T08,14,0,11.2,0,6190,3
2026-09-07T08,14,1,11.0,720,19223,3
2026-09-07T08,14,1,11.1,4382,21618,3
2026-09-07T08,14,1,11.2,0,67554,1
2026-09-07T08,14,2,11.1,0,10228,1
2026-09-07T08,14,2,11.2,0,26840,1
2026-09-07T08,14,3,11.2,0,33068,1
2026-09-07T08,14,4,11.2,0,1641,1
2026-09-07T08,14,4,11.3,263476,0,5
2026-09-07T09,14,0,10.8,0,73,1
2026-09-07T09,14,0,10.9,0,5917,3
2026-09-07T09,14,0,11.0,19912,6423,4
2026-09-07T09,14,0,11.1,23043,1294,5
2026-09-07T09,14,1,11.2,0,5299,1
2026-09-07T09,14,2,11.2,0,4542,1
2026-09-07T09,14,4,11.3,164105,24104,7
2026-09-07T10,14,0,10.8,1250,842,2
2026-09-07T10,14,0,10.9,6266,0,2
2026-09-07T10,14,0,11.1,18873,8858,2
2026-09-07T10,14,1,11.0,4187,2727,3
2026-09-07T10,14,2,11.1,0,24776,2
2026-09-07T10,14,2,11.2,0,23610,2
2026-09-07T10,14,2,11.3,0,17500,2
2026-09-07T10,14,2,11.4,15899,5895,2
2026-09-07T10,14,3,11.3,7313,125222,2
2026-09-07T10,14,3,11.4,14500,25000,2
2026-09-07T10,14,4,11.3,7313,42687,2
2026-09-07T10,14,4,11.4,0,33432,1
2026-09-07T10,14,4,11.5,3825,0,1
2026-09-07T11,14,0,10.9,0,17058,4
2026-09-07T11,14,0,11.0,1315,2679,4
2026-09-07T11,14,0,11.1,0,24662,3
2026-09-07T11,14,0,11.2,1330,6852,4
2026-09-07T11,14,1,11.1,75586,34128,5
2026-09-07T11,14,1,11.2,29784,8841,3
2026-09-07T11,14,1,11.3,33674,0,5
2026-09-07T11,14,2,11.1,0,6321,1
2026-09-07T11,14,2,11.2,0,20948,2
2026-09-07T11,14,2,11.4,0,952,1
2026-09-07T11,14,3,11.4,0,500,1
2026-09-07T11,14,3,11.5,84633,0,2
2026-09-07T11,14,4,11.5,0,109501,1
2026-09-07T11,14,4,11.6,100000,0,1
2026-09-07T12,14,0,11.1,0,3147,1
2026-09-07T12,14,0,11.2,0,8819,1
2026-09-07T12,14,1,11.1,0,1902,1
2026-09-07T12,14,1,11.2,0,2603,2
2026-09-07T12,14,2,11.1,55669,43040,4
2026-09-07T12,14,2,11.2,13360,0,2
2026-09-07T12,14,2,11.3,101589,0,4
2026-09-07T12,14,3,11.4,0,4000,1
2026-09-07T12,14,3,11.5,35060,0,1
2026-09-07T13,14,0,10.8,1500,9680,3
2026-09-07T13,14,0,10.9,0,618,2
2026-09-07T13,14,0,11.0,0,6876,2
2026-09-07T13,14,0,11.1,8202,40103,4
2026-09-07T13,14,0,11.2,0,15752,2
2026-09-07T13,14,1,11.1,0,12000,1
2026-09-07T13,14,2,11.1,0,30600,1
2026-09-07T13,14,2,11.2,121282,7113,6
2026-09-07T13,14,3,11.2,6000,0,1
2026-09-07T13,14,3,11.3,87812,203028,4
2026-09-07T13,14,4,11.4,50000,41047,2
2026-09-07T13,14,4,11.5,122756,0,1
2026-09-07T14,14,0,10.8,0,18202,4
2026-09-07T14,14,0,10.9,3330,11656,8
2026-09-07T14,14,0,11.0,153947,1163,6
2026-09-07T14,14,1,11.0,0,14193,1
2026-09-07T14,14,2,11.0,18321,6083,2
2026-09-07T14,14,2,11.1,124198,0,3
2026-09-07T14,14,3,11.2,96680,0,3
2026-09-07T15,14,0,10.8,0,745,2
2026-09-07T15,14,0,10.9,212805,276066,4
2026-09-07T15,14,0,11.0,8412,22324,6
2026-09-07T15,14,0,11.1,134808,0,4
2026-09-07T15,14,1,11.3,8404,0,2
2026-09-07T15,14,2,11.0,0,12692,1
2026-09-07T15,14,2,11.1,205381,85866,7
2026-09-07T15,14,2,11.2,0,122,1
2026-09-07T15,14,2,11.3,0,33747,1
2026-09-07T15,14,3,11.1,0,15687,1
2026-09-07T15,14,3,11.2,16732,30588,3
2026-09-07T15,14,3,11.3,23587,57534,5
2026-09-07T15,14,4,11.4,38582,0,1
2026-09-07T15,14,11,11.7,0,13137,1
2026-09-07T16,14,0,10.8,0,36171,1
2026-09-07T16,14,0,10.9,4696,16523,3
2026-09-07T16,14,0,11.0,4498,17191,6
2026-09-07T16,14,0,11.1,24240,35426,7
2026-09-07T16,14,0,11.2,0,4858,1
2026-09-07T16,14,0,11.3,18371,0,1
2026-09-07T16,14,1,11.1,0,57064,1
2026-09-07T16,14,1,11.2,0,25407,2
2026-09-07T16,14,1,11.3,14316,67770,4
2026-09-07T16,14,2,11.2,0,15123,1
2026-09-07T16,14,2,11.3,17573,31297,5
2026-09-07T16,14,2,11.4,10850,313,2
2026-09-07T16,14,3,11.3,0,6345,1
2026-09-07T16,14,3,11.4,0,1000,1
2026-09-07T16,14,4,11.4,61744,205003,3
2026-09-07T16,14,4,11.5,41014,0,1
2026-09-07T17,14,0,10.8,0,7315,3
2026-09-07T17,14,0,10.9,0,12852,4
2026-09-07T17,14,0,11.0,1724,1773,3
2026-09-07T17,14,0,11.1,39838,345,2
2026-09-07T17,14,1,10.9,0,21998,2
2026-09-07T17,14,2,11.0,19003,1702,4
2026-09-07T17,14,4,11.1,47959,0,2
2026-09-07T17,14,4,11.4,19499,0,1
2026-09-07T17,14,10,14.0,0,28000,1
2026-09-07T17,14,11,18.8,0,13137,1
2026-09-07T17,14,11,18.9,0,10956,1
2026-09-07T17,14,11,19.0,0,25219,1
2026-09-07T18,14,0,10.8,0,1407,1
2026-09-07T18,14,0,10.9,24811,1648,5
2026-09-07T18,14,0,11.0,5748,15122,6
2026-09-07T18,14,0,11.1,0,128802,1
2026-09-07T18,14,0,11.2,0,2029,2
2026-09-07T18,14,2,11.0,0,19785,1
2026-09-07T18,14,4,11.1,105461,46600,4
2026-09-07T18,14,4,11.2,31947,29996,2
2026-09-07T18,14,4,11.3,174346,30858,2
2026-09-07T19,14,0,10.8,0,324,1
2026-09-07T19,14,0,10.9,0,2652,4
2026-09-07T19,14,0,11.0,12125,0,3
2026-09-07T19,14,0,11.1,0,979,1
2026-09-07T19,14,1,11.0,73,5223,2
2026-09-07T19,14,1,11.1,0,5580,1
2026-09-07T19,14,1,11.2,11822,0,2
2026-09-07T19,14,2,11.1,0,7836,2
2026-09-07T19,14,2,11.2,32359,0,2
2026-09-07T19,14,3,11.2,0,14627,2
2026-09-07T19,14,3,11.3,204675,0,4
2026-09-07T19,14,4,11.3,0,125654,1
2026-09-07T19,14,4,11.4,17110,11707,2
2026-09-07T19,14,4,11.5,35685,0,1
2026-09-07T19,14,6,12.8,0,200000,1
2026-09-07T19,14,6,13.0,15745,0,1
2026-09-07T19,14,8,13.0,0,69666,1
2026-09-07T20,14,0,10.8,0,3329,1
2026-09-07T20,14,0,10.9,0,5661,3
2026-09-07T20,14,0,11.0,0,29527,3
2026-09-07T20,14,0,11.1,3942,22407,2
2026-09-07T20,14,1,10.9,12526,2474,4
2026-09-07T20,14,1,11.0,7413,7587,2
2026-09-07T20,14,1,11.1,2181,0,1
2026-09-07T20,14,2,11.1,76327,27491,6
2026-09-07T20,14,2,11.2,84824,0,1
2026-09-07T20,14,3,11.1,11499,27424,3
2026-09-07T20,14,3,11.2,64487,57167,4
2026-09-07T20,14,3,11.3,308194,0,2
2026-09-07T20,14,5,11.7,0,2375,1
2026-09-07T20,14,5,11.8,4325,0,1
2026-09-07T20,14,7,14.7,30000,0,1
2026-09-07T21,14,0,10.8,0,343,2
2026-09-07T21,14,0,10.9,0,16034,3
2026-09-07T21,14,0,11.0,0,1312,2
2026-09-07T21,14,0,11.1,0,4104,2
2026-09-07T21,14,1,11.0,51308,0,2
2026-09-07T21,14,1,11.1,0,12067,2
2026-09-07T21,14,2,11.0,12191,15107,2
2026-09-07T21,14,2,11.1,91450,164632,3
2026-09-07T21,14,2,11.2,165317,0,3
2026-09-07T21,14,3,11.2,0,22000,2
2026-09-07T21,14,4,11.3,147426,0,3
2026-09-07T22,14,0,10.8,0,3200,1
2026-09-07T22,14,0,10.9,1985,11131,2
2026-09-07T22,14,0,11.0,0,3234,2
2026-09-07T22,14,0,11.1,0,996,1
2026-09-07T22,14,1,11.0,9000,57089,3
2026-09-07T22,14,1,11.1,22680,6020,2
2026-09-07T22,14,2,11.1,5040,10586,2
2026-09-07T22,14,2,11.2,43631,0,3
2026-09-07T22,14,4,11.3,79157,0,3
2026-09-07T23,14,0,10.8,0,691,2
2026-09-07T23,14,0,10.9,0,41072,2
2026-09-07T23,14,0,11.0,0,4061,3
2026-09-07T23,14,0,11.1,9276,996,4
2026-09-07T23,14,2,11.0,36971,5181,2
2026-09-07T23,14,2,11.1,0,54060,2
2026-09-07T23,14,2,11.2,8157,0,1
2026-09-07T23,14,3,11.1,41563,25485,4
2026-09-07T23,14,3,11.2,48735,24500,3
2026-09-07T23,14,4,11.3,8846,0,1
2026-09-08T00,14,0,10.9,0,98,1
2026-09-08T00,14,0,11.0,26637,86025,4
2026-09-08T00,14,0,11.1,1187,41210,5
2026-09-08T00,14,0,11.2,11000,20977,5
2026-09-08T00,14,1,11.1,1000,34670,2
2026-09-08T00,14,1,11.2,3820,25147,3
2026-09-08T00,14,2,11.1,0,44864,3
2026-09-08T00,14,2,11.2,112927,52785,3
2026-09-08T00,14,3,11.1,42780,2705,2
2026-09-08T00,14,3,11.2,104393,40922,5
2026-09-08T00,14,3,11.3,631776,257350,10
2026-09-08T00,14,4,11.3,0,64571,1
2026-09-08T00,14,5,11.8,73300,0,1
2026-09-08T01,14,0,11.0,0,501,1
2026-09-08T01,14,0,11.1,300,17081,4
2026-09-08T01,14,0,11.2,0,2336,2
2026-09-08T01,14,1,11.0,0,5450,1
2026-09-08T01,14,2,11.1,0,5420,1
2026-09-08T01,14,2,11.2,33888,7006,4
2026-09-08T01,14,3,11.3,212368,0,4
2026-09-08T01,14,4,11.4,18997,0,1
2026-09-08T01,14,5,11.8,0,66329,1
2026-09-08T01,14,5,11.9,100000,0,1
2026-09-08T02,14,0,10.9,0,5289,1
2026-09-08T02,14,0,11.0,0,7260,1
2026-09-08T02,14,0,11.1,0,28,1
2026-09-08T02,14,0,11.2,11,124,2
2026-09-08T02,14,1,11.1,0,1628,2
2026-09-08T02,14,1,11.2,0,2266,2
2026-09-08T02,14,2,11.1,0,6332,1
2026-09-08T02,14,2,11.2,15495,18812,4
2026-09-08T02,14,4,11.2,0,1314,1
2026-09-08T02,14,4,11.3,108977,0,7
2026-09-08T03,14,0,10.9,45878,0,5
2026-09-08T03,14,0,11.0,0,5275,2
2026-09-08T03,14,0,11.1,0,2000,1
2026-09-08T03,14,0,11.2,0,23670,1
2026-09-08T03,14,1,11.0,0,4,1
2026-09-08T03,14,1,11.2,0,46,1
2026-09-08T03,14,2,11.0,0,52499,1
2026-09-08T03,14,2,11.1,4072,71968,3
2026-09-08T03,14,2,11.2,0,21754,2
2026-09-08T03,14,3,11.3,15353,0,2
2026-09-08T03,14,4,11.3,953,42590,2
2026-09-08T03,14,4,11.4,8198,0,1
2026-09-08T03,14,8,15.0,500,0,1
2026-09-08T04,14,0,10.8,6567,9184,3
2026-09-08T04,14,0,10.9,0,30957,5
2026-09-08T04,14,0,11.0,4479,4571,5
2026-09-08T04,14,0,11.1,8159,2837,2
2026-09-08T04,14,0,11.2,0,4853,2
2026-09-08T04,14,1,11.1,0,20000,1
2026-09-08T04,14,1,11.2,0,10794,1
2026-09-08T04,14,2,11.0,0,6818,1
2026-09-08T04,14,2,11.2,14547,20634,4
2026-09-08T04,14,3,11.2,0,27291,1
2026-09-08T04,14,3,11.3,505018,0,5
2026-09-08T04,14,4,11.3,91766,7281,4
2026-09-08T05,14,0,10.9,0,6335,2
2026-09-08T05,14,0,11.0,10037,26266,6
2026-09-08T05,14,0,11.1,574,3608,3
2026-09-08T05,14,0,11.2,29883,17794,7
2026-09-08T05,14,1,11.1,0,1073,1
2026-09-08T05,14,2,11.2,29870,69953,4
2026-09-08T05,14,3,11.3,669790,36937,9
2026-09-08T05,14,4,11.3,0,177195,2
2026-09-08T05,14,4,11.4,35304,0,2
2026-09-08T06,14,0,10.9,3045,4594,3
2026-09-08T06,14,0,11.0,0,5538,1
2026-09-08T06,14,0,11.1,0,2768,1
2026-09-08T06,14,1,11.0,89679,11535,3
2026-09-08T06,14,1,11.1,30078,2214,2
2026-09-08T06,14,3,11.1,30512,15398,2
2026-09-08T06,14,3,11.2,22935,41205,4
2026-09-08T06,14,3,11.3,34268,0,1
2026-09-08T06,14,4,11.2,63636,10000,4
2026-09-08T07,14,0,11.0,0,1375,1
2026-09-08T07,14,0,11.1,0,42007,5
2026-09-08T07,14,2,11.1,71718,11221,3
2026-09-08T07,14,2,11.2,40444,0,2
2026-09-08T07,14,3,11.1,0,12574,1
2026-09-08T07,14,3,11.2,117053,96094,6
2026-09-08T07,14,3,11.3,24947,0,1
2026-09-08T07,14,4,11.2,0,44961,1
2026-09-08T07,14,4,11.3,55660,29151,3
2026-09-08T08,14,0,10.8,0,1383,1
2026-09-08T08,14,0,10.9,14636,5118,4
2026-09-08T08,14,0,11.0,55785,31477,10
2026-09-08T08,14,0,11.1,20188,0,1
2026-09-08T08,14,0,11.2,47037,0,2
2026-09-08T08,14,1,11.1,0,4400,1
2026-09-08T08,14,1,11.2,1025,102274,2
2026-09-08T08,14,2,11.1,18115,231885,3
2026-09-08T08,14,2,11.2,0,877,1
2026-09-08T08,14,3,11.2,0,96540,2
2026-09-08T08,14,3,11.3,0,258774,2
2026-09-08T08,14,4,11.4,9780,0,1
2026-09-08T09,14,0,10.8,2026,7887,2
2026-09-08T09,14,0,10.9,520,12155,5
2026-09-08T09,14,0,11.0,28947,20741,9
2026-09-08T09,14,0,11.1,73544,0,2
2026-09-08T09,14,1,11.2,0,13929,1
2026-09-08T09,14,2,11.1,9524,108514,2
2026-09-08T09,14,2,11.2,0,6369,1
2026-09-08T09,14,3,11.2,22564,191863,2
2026-09-08T10,14,0,10.9,0,1,1
2026-09-08T10,14,0,11.0,1000,1928,4
2026-09-08T10,14,0,11.1,25694,0,2
2026-09-08T10,14,1,11.0,66840,18442,6
2026-09-08T10,14,2,11.0,51477,5692,4
2026-09-08T10,14,3,11.1,64704,0,4
2026-09-08T10,14,3,11.2,31720,0,2
2026-09-08T10,14,4,11.4,50000,0,1
2026-09-08T11,14,0,10.8,4450,7209,3
2026-09-08T11,14,0,10.9,2200,16168,3
2026-09-08T11,14,0,11.0,0,29403,2
2026-09-08T11,14,0,11.1,22061,65546,8
2026-09-08T11,14,1,11.0,686,31374,2
2026-09-08T11,14,1,11.1,0,3867,1
2026-09-08T11,14,1,11.2,71809,11023,5
2026-09-08T11,14,2,11.2,49725,11448,2
2026-09-08T11,14,2,11.3,86076,0,2
2026-09-08T11,14,3,11.1,0,35296,1
2026-09-08T11,14,3,11.2,86133,11446,2
2026-09-08T11,14,3,11.3,101270,14892,4
2026-09-08T11,14,3,11.4,16700,0,1
2026-09-08T11,14,4,11.4,0,23958,1
2026-09-08T11,14,5,11.5,61843,0,3
2026-09-08T12,14,0,10.9,47824,1111,9
2026-09-08T12,14,0,11.0,0,2727,2
2026-09-08T12,14,1,11.0,0,21222,1
2026-09-08T12,14,1,11.1,100414,16758,4
2026-09-08T12,14,2,11.0,0,1107,1
2026-09-08T12,14,2,11.1,9864,35943,3
2026-09-08T12,14,2,11.2,230323,0,6
2026-09-08T12,14,3,11.4,87505,0,1
2026-09-08T13,14,0,10.8,5666,892,3
2026-09-08T13,14,0,10.9,0,3344,2
2026-09-08T13,14,0,11.0,12810,54979,8
2026-09-08T13,14,0,11.1,0,8767,1
2026-09-08T13,14,1,11.0,23125,34673,2
2026-09-08T13,14,1,11.1,0,13209,1
2026-09-08T13,14,2,11.0,0,3335,1
2026-09-08T13,14,2,11.1,261709,129956,6
2026-09-08T13,14,2,11.2,282065,0,4
2026-09-08T13,14,3,11.2,0,19422,1
2026-09-08T13,14,3,11.3,0,51632,1
2026-09-08T13,14,3,11.4,26748,0,2
2026-09-08T14,14,0,10.8,700,6083,3
2026-09-08T14,14,0,10.9,0,7989,2
2026-09-08T14,14,0,11.0,2157,15606,4
2026-09-08T14,14,0,11.1,0,3138,3
2026-09-08T14,14,1,11.1,0,41494,1
2026-09-08T14,14,2,11.1,0,7000,1
2026-09-08T14,14,2,11.2,536382,0,11
2026-09-08T14,14,3,11.2,0,87416,1
2026-09-08T14,14,3,11.3,9101,9330,2
2026-09-08T14,14,3,11.4,62916,0,2
2026-09-08T14,14,4,11.4,26460,19084,3
2026-09-08T14,14,5,11.5,117517,0,1
2026-09-08T15,14,0,10.9,0,4958,2
2026-09-08T15,14,0,11.0,2886,7216,6
2026-09-08T15,14,0,11.1,63481,117689,4
2026-09-08T15,14,2,11.0,17174,7439,3
2026-09-08T15,14,2,11.1,243828,30738,7
2026-09-08T15,14,2,11.2,188349,0,5
2026-09-08T15,14,3,11.2,1160,0,1
2026-09-08T15,14,3,11.3,6000,0,1
2026-09-08T15,14,4,11.3,0,27584,1
2026-09-08T15,14,6,12.5,0,100632,2
2026-09-08T16,14,0,11.0,6099,6880,3
2026-09-08T16,14,1,11.0,0,1527,2
2026-09-08T16,14,1,11.1,3709,0,1
2026-09-08T16,14,2,11.0,0,15244,1
2026-09-08T16,14,2,11.1,152907,53265,4
2026-09-08T16,14,3,11.1,40336,30425,4
2026-09-08T16,14,3,11.2,20000,8840,2
2026-09-08T16,14,3,11.3,8145,0,1
2026-09-08T16,14,4,11.4,2000,0,1
2026-09-08T17,14,0,11.0,2733,9319,6
2026-09-08T17,14,0,11.1,4538,31967,6
2026-09-08T17,14,1,11.1,0,35784,4
2026-09-08T17,14,1,11.2,20044,53439,4
2026-09-08T17,14,2,11.1,7225,47252,3
2026-09-08T17,14,2,11.2,92860,128451,6
2026-09-08T17,14,3,11.2,0,100000,1
2026-09-08T17,14,3,11.3,6000,0,1
2026-09-08T18,14,0,11.0,26400,54970,7
2026-09-08T18,14,0,11.1,17236,0,1
2026-09-08T18,14,1,11.1,7453,43189,4
2026-09-08T18,14,1,11.2,162391,0,3
2026-09-08T18,14,2,11.1,0,5000,1
2026-09-08T18,14,2,11.2,9900,8327,2
2026-09-08T18,14,2,11.3,33165,0,1
2026-09-08T18,14,3,11.3,34145,22892,3
2026-09-08T18,14,4,11.3,5000,0,1
2026-09-08T18,14,4,11.4,48110,0,2
2026-09-08T19,14,0,11.0,10850,10691,4
2026-09-08T19,14,0,11.1,707,17031,4
2026-09-08T19,14,1,11.1,0,533,1
2026-09-08T19,14,1,11.2,11994,0,1
2026-09-08T19,14,2,11.0,214479,0,3
2026-09-08T19,14,2,11.2,0,1136,1
2026-09-08T19,14,3,11.1,115379,0,4
2026-09-08T19,14,4,11.1,0,3587,1
2026-09-08T19,14,4,11.3,31947,0,1
2026-09-08T20,14,0,10.8,10800,13626,5
2026-09-08T20,14,0,10.9,34554,23014,7
2026-09-08T20,14,0,11.0,0,1378,3
2026-09-08T20,14,2,11.0,165420,22294,7
2026-09-08T20,14,2,11.2,16007,0,1
2026-09-08T20,14,3,11.1,0,40422,2
2026-09-08T20,14,3,11.2,0,241528,2
2026-09-08T20,14,4,11.2,60577,29927,2
2026-09-08T20,14,4,11.3,190448,0,5
2026-09-08T21,14,0,10.8,7636,12564,4
2026-09-08T21,14,0,10.9,977,3751,2
2026-09-08T21,14,0,11.1,5713,0,1
2026-09-08T21,14,1,10.9,0,21859,1
2026-09-08T21,14,1,11.0,1000,19000,2
2026-09-08T21,14,1,11.1,8290,23819,3
2026-09-08T21,14,2,11.1,54332,55156,4
2026-09-08T21,14,2,11.2,30191,13993,2
2026-09-08T21,14,3,11.3,280277,14062,8
2026-09-08T21,14,4,11.3,0,22605,1
2026-09-08T22,14,0,10.8,420,196,3
2026-09-08T22,14,0,10.9,0,1476,2
2026-09-08T22,14,0,11.0,3367,1896,3
2026-09-08T22,14,0,11.1,141257,0,2
2026-09-08T22,14,1,11.0,0,2000,1
2026-09-08T22,14,2,10.9,14804,19170,2
2026-09-08T22,14,2,11.1,67593,10090,3
2026-09-08T22,14,2,11.2,93639,0,2
2026-09-08T22,14,3,10.9,0,12669,1
2026-09-08T22,14,3,11.2,5000,29923,3
2026-09-08T23,14,0,10.8,0,1816,1
2026-09-08T23,14,0,10.9,3765,6284,4
2026-09-08T23,14,0,11.0,0,14300,2
2026-09-08T23,14,0,11.1,38656,0,2
2026-09-08T23,14,1,11.0,4830,15331,2
2026-09-08T23,14,1,11.1,465,129568,3
2026-09-08T23,14,2,11.1,2459,23972,3
2026-09-08T23,14,2,11.2,16264,0,1
2026-09-08T23,14,3,11.1,15000,24425,2
2026-09-08T23,14,3,11.2,67365,10635,4
2026-09-08T23,14,3,11.3,42780,0,1
2026-09-08T23,14,4,11.2,0,11186,1
2026-09-08T23,14,4,11.3,0,39178,1
2026-09-09T00,14,0,10.9,0,4000,1
2026-09-09T00,14,0,11.0,168,23051,2
2026-09-09T00,14,0,11.1,6049,4448,6
2026-09-09T00,14,1,10.9,500,6796,2
2026-09-09T00,14,1,11.1,0,15170,3
2026-09-09T00,14,2,11.0,0,8189,2
2026-09-09T00,14,2,11.1,63413,3857,3
2026-09-09T00,14,2,11.2,119721,9690,5
2026-09-09T00,14,3,11.2,0,4,1
2026-09-09T00,14,4,11.2,0,36176,1
2026-09-09T00,14,4,11.3,31519,0,1
2026-09-09T01,14,0,10.9,0,1114,2
2026-09-09T01,14,0,11.0,1102,6383,7
2026-09-09T01,14,0,11.1,0,27665,4
2026-09-09T01,14,0,11.2,25455,27329,7
2026-09-09T01,14,1,11.1,43610,0,2
2026-09-09T01,14,1,11.2,0,19314,1
2026-09-09T01,14,2,11.1,0,56782,1
2026-09-09T01,14,2,11.2,0,12172,2
2026-09-09T01,14,2,11.3,50430,0,2
2026-09-09T01,14,3,11.3,0,118404,2
2026-09-09T01,14,4,11.3,0,1126,1
2026-09-09T02,14,0,10.9,11265,2481,3
2026-09-09T02,14,0,11.0,4713,5030,5
2026-09-09T02,14,1,11.1,3801,0,1
2026-09-09T02,14,2,10.9,10216,87794,2
2026-09-09T02,14,2,11.1,0,20331,2
2026-09-09T02,14,3,11.1,103388,55617,2
2026-09-09T02,14,3,11.2,4810,0,2
2026-09-09T02,14,4,11.2,50000,105386,2
2026-09-09T03,14,0,10.8,2800,2225,2
2026-09-09T03,14,0,10.9,20773,18853,5
2026-09-09T03,14,0,11.0,9709,13758,5
2026-09-09T03,14,1,11.0,0,670,1
2026-09-09T03,14,1,11.1,660,0,1
2026-09-09T03,14,2,11.0,0,2,1
2026-09-09T03,14,2,11.1,61900,51377,4
2026-09-09T03,14,2,11.2,44528,0,3
2026-09-09T03,14,3,11.1,81330,1005,3
2026-09-09T03,14,3,11.2,0,1373,1
2026-09-09T03,14,3,11.3,0,5000,1
2026-09-09T03,14,3,11.4,49005,0,1
2026-09-09T03,14,4,11.2,0,86000,1
2026-09-09T03,14,4,11.3,27345,12017,2
2026-09-09T03,14,4,11.4,0,100983,1
2026-09-09T04,14,0,10.7,0,3,1
2026-09-09T04,14,0,10.8,0,7303,1
2026-09-09T04,14,0,10.9,9160,67108,4
2026-09-09T04,14,0,11.0,11500,285290,6
2026-09-09T04,14,0,11.1,0,22826,5
2026-09-09T04,14,0,11.2,38187,47523,11
2026-09-09T04,14,1,11.1,10000,59746,5
2026-09-09T04,14,1,11.2,0,4980,1
2026-09-09T04,14,2,11.2,28190,28796,5
2026-09-09T04,14,2,11.3,227856,56630,7
2026-09-09T04,14,3,11.3,9470,1065,2
2026-09-09T04,14,3,11.4,19574,7126,2
2026-09-09T05,14,0,10.7,0,4882,1
2026-09-09T05,14,0,10.8,0,354,1
2026-09-09T05,14,0,10.9,800,7571,2
2026-09-09T05,14,0,11.0,73915,0,4
2026-09-09T05,14,0,11.2,0,400,1
2026-09-09T05,14,1,11.2,34719,0,3
2026-09-09T05,14,1,11.3,101503,2374,4
2026-09-09T05,14,2,11.2,0,1332,1
2026-09-09T05,14,2,11.3,0,32330,2
2026-09-09T05,14,3,11.2,0,1540,1
2026-09-09T05,14,3,11.3,66415,92904,4
2026-09-09T05,14,3,11.4,152697,7546,4
2026-09-09T06,14,0,10.9,100,5350,3
2026-09-09T06,14,0,11.0,53653,454450,6
2026-09-09T06,14,0,11.1,8286,5649,5
2026-09-09T06,14,0,11.2,99763,0,2
2026-09-09T06,14,1,11.2,61908,13843,4
2026-09-09T06,14,1,11.3,22199,3645,3
2026-09-09T06,14,2,11.2,14377,6189,2
2026-09-09T06,14,2,11.3,0,24986,1
2026-09-09T06,14,3,11.3,3000,185720,4
2026-09-09T06,14,3,11.4,22282,0,1
2026-09-09T06,14,4,11.4,171285,7718,2
2026-09-09T07,14,0,10.7,3735,665,2
2026-09-09T07,14,0,10.8,0,1804,1
2026-09-09T07,14,0,10.9,1102,1898,2
2026-09-09T07,14,0,11.0,0,20758,5
2026-09-09T07,14,0,11.1,115452,0,3
2026-09-09T07,14,2,11.1,28125,7324,6
2026-09-09T07,14,2,11.2,0,782,1
2026-09-09T07,14,3,11.2,0,4083,1
2026-09-09T07,14,3,11.3,43638,0,4
2026-09-09T08,14,0,10.7,0,106,1
2026-09-09T08,14,0,10.8,0,522,1
2026-09-09T08,14,0,10.9,1596,1525,4
2026-09-09T08,14,0,11.0,0,347,1
2026-09-09T08,14,0,11.1,22513,4531,2
2026-09-09T08,14,1,10.9,0,24755,1
2026-09-09T08,14,1,11.0,0,5148,1
2026-09-09T08,14,1,11.1,19489,147881,5
2026-09-09T08,14,1,11.2,10182,0,1
2026-09-09T08,14,2,11.1,0,603,1
2026-09-09T08,14,2,11.2,0,13037,1
2026-09-09T08,14,2,11.3,0,12352,1
2026-09-09T08,14,3,11.3,8000,69257,4
2026-09-09T08,14,3,11.4,53959,0,2
2026-09-09T08,14,4,11.4,0,112595,1
2026-09-09T09,14,0,10.7,17046,1619,4
2026-09-09T09,14,0,10.8,16193,1708,4
2026-09-09T09,14,0,10.9,897,0,2
2026-09-09T09,14,0,11.0,675,0,1
2026-09-09T09,14,1,11.2,50000,0,1
2026-09-09T09,14,2,10.9,0,8370,1
2026-09-09T09,14,2,11.1,0,866,1
2026-09-09T09,14,2,11.2,28970,0,2
2026-09-09T09,14,4,11.4,0,1601,1
2026-09-09T09,14,5,11.5,54429,5131,4
2026-09-09T10,14,0,10.7,40342,2827,9
2026-09-09T10,14,0,10.8,0,2978,2
2026-09-09T10,14,0,10.9,5063,2654,2
2026-09-09T10,14,1,10.9,4915,9685,3
2026-09-09T10,14,2,11.0,30000,11074,2
2026-09-09T10,14,2,11.1,0,10000,1
2026-09-09T10,14,2,11.2,0,22686,1
2026-09-09T10,14,3,11.1,33878,15480,3
2026-09-09T10,14,3,11.2,1000,99000,2
2026-09-09T10,14,3,11.3,0,55347,3
2026-09-09T10,14,4,11.4,6326,0,1
2026-09-09T10,14,10,15.0,0,685018,1
2026-09-09T10,14,11,16.0,0,7242,1
2026-09-09T11,14,0,10.7,4000,13601,4
2026-09-09T11,14,0,10.8,0,4878,5
2026-09-09T11,14,0,10.9,3059,44972,9
2026-09-09T11,14,0,11.0,4600,13985,5
2026-09-09T11,14,0,11.1,8118,0,2
2026-09-09T11,14,1,10.9,0,10255,2
2026-09-09T11,14,1,11.0,2945,221540,4
2026-09-09T11,14,1,11.2,18460,0,2
2026-09-09T11,14,3,11.3,39845,7779,2
2026-09-09T11,14,3,11.4,54851,0,1
2026-09-09T11,14,4,11.3,121799,19495,3
2026-09-09T11,14,4,11.4,0,27007,1
2026-09-09T11,14,5,11.5,23458,0,1
2026-09-09T11,14,11,11.5,18123,7047,2
2026-09-09T12,14,0,10.9,0,702,1
2026-09-09T12,14,0,11.0,0,1840,2
2026-09-09T12,14,0,11.1,88593,0,4
2026-09-09T12,14,1,11.2,13079,0,2
2026-09-09T12,14,2,11.1,0,19160,1
2026-09-09T12,14,2,11.2,0,6821,1
2026-09-09T12,14,3,11.2,14000,9760,4
2026-09-09T12,14,3,11.3,6904,17230,3
2026-09-09T12,14,4,11.4,1098,3284,2
2026-09-09T13,14,0,10.8,0,3241,1
2026-09-09T13,14,0,10.9,0,8720,2
2026-09-09T13,14,0,11.0,27824,17665,6
2026-09-09T13,14,0,11.1,221,0,1
2026-09-09T13,14,1,11.1,5954,21088,2
2026-09-09T13,14,1,11.2,20047,0,1
2026-09-09T13,14,2,11.3,0,110846,2
2026-09-09T13,14,3,11.3,0,2000,1
2026-09-09T13,14,3,11.4,210887,0,5
2026-09-09T13,14,4,11.3,0,17980,1
2026-09-09T13,14,4,11.4,0,8902,1
2026-09-09T14,14,0,10.7,0,26271,1
2026-09-09T14,14,0,10.8,0,2000,1
2026-09-09T14,14,0,10.9,7410,11872,3
2026-09-09T14,14,0,11.0,7013,61553,8
2026-09-09T14,14,0,11.1,34547,0,4
2026-09-09T14,14,1,11.1,0,7170,2
2026-09-09T14,14,1,11.2,27120,91602,4
2026-09-09T14,14,1,11.3,0,53615,1
2026-09-09T14,14,2,11.2,0,979,1
2026-09-09T14,14,2,11.3,0,99584,3
2026-09-09T14,14,3,11.4,85642,54307,5
2026-09-09T14,14,4,11.4,62675,1795,2
2026-09-09T15,14,0,11.0,0,3723,1
2026-09-09T15,14,0,11.1,9530,26074,11
2026-09-09T15,14,0,11.2,11903,40960,9
2026-09-09T15,14,2,11.3,18157,31868,3
2026-09-09T15,14,3,11.3,115586,430,4
2026-09-09T15,14,3,11.4,98098,0,2
2026-09-09T16,14,0,11.1,10250,0,1
2026-09-09T16,14,0,11.2,0,18936,1
2026-09-09T16,14,0,11.3,78155,0,3
2026-09-09T16,14,1,11.3,24155,12095,2
2026-09-09T16,14,2,11.3,0,2072,1
2026-09-09T16,14,2,11.4,1482,1401,2
2026-09-09T16,14,3,11.2,1030,0,1
2026-09-09T16,14,3,11.4,157179,52516,5
2026-09-09T16,14,4,11.3,15000,0,1
2026-09-09T16,14,4,11.4,0,122958,1
2026-09-09T16,14,5,11.5,16261,57600,3
2026-09-09T17,14,0,11.1,51881,2102,5
2026-09-09T17,14,1,11.3,13325,42814,5
2026-09-09T17,14,2,11.1,44044,80541,4
2026-09-09T17,14,2,11.2,0,23199,2
2026-09-09T17,14,2,11.4,38260,0,1
2026-09-09T17,14,3,11.1,0,34114,1
2026-09-09T17,14,3,11.2,22464,16506,3
2026-09-09T17,14,3,11.4,0,10242,1
2026-09-09T17,14,4,11.3,19290,52246,3
2026-09-09T18,14,0,11.1,0,2641,1
2026-09-09T18,14,0,11.2,0,19859,5
2026-09-09T18,14,0,11.3,139973,29192,5
2026-09-09T18,14,1,11.2,0,23149,1
2026-09-09T18,14,1,11.3,74000,79903,5
2026-09-09T18,14,2,11.3,0,38193,2
2026-09-09T18,14,2,11.4,104816,0,3
2026-09-09T18,14,3,11.4,0,5305,1
2026-09-09T18,14,5,11.5,113759,0,3
2026-09-09T19,14,0,11.1,16298,22744,6
2026-09-09T19,14,0,11.2,44401,6897,6
2026-09-09T19,14,1,11.2,33567,16258,5
2026-09-09T19,14,1,11.3,66577,0,3
2026-09-09T19,14,1,11.4,0,6033,1
2026-09-09T19,14,2,11.2,0,40000,1
2026-09-09T19,14,2,11.3,0,4173,1
2026-09-09T19,14,2,11.4,52894,189648,7
2026-09-09T19,14,4,11.4,0,4666,1
2026-09-09T19,14,5,11.5,88415,0,2
2026-09-09T20,14,0,11.2,133929,4457,9
2026-09-09T20,14,1,11.2,0,23910,2
2026-09-09T20,14,1,11.3,192335,0,6
2026-09-09T20,14,2,11.3,0,82269,3
2026-09-09T20,14,2,11.4,115335,142815,8
2026-09-09T20,14,3,11.4,115365,26607,3
2026-09-09T20,14,3,11.5,96319,62578,4
2026-09-09T20,14,4,11.5,0,170967,3
2026-09-09T20,14,4,11.7,60125,0,1
2026-09-09T20,14,5,11.5,0,12266,1
2026-09-09T20,14,10,13.0,140000,0,1
2026-09-09T21,14,0,11.2,0,17526,6
2026-09-09T21,14,0,11.3,12495,39356,3
2026-09-09T21,14,1,11.2,0,4835,1
2026-09-09T21,14,1,11.3,60188,149188,8
2026-09-09T21,14,1,11.4,246823,0,2
2026-09-09T21,14,2,11.3,0,52264,1
2026-09-09T21,14,2,11.4,5000,18703,3
2026-09-09T21,14,3,11.4,5997,12589,3
2026-09-09T21,14,3,11.5,133293,432410,6
2026-09-09T21,14,4,11.6,6690,3712,3
2026-09-09T21,14,4,11.7,10394,0,1
2026-09-09T21,14,5,11.7,0,5589,1
2026-09-09T22,14,0,11.2,0,4825,1
2026-09-09T22,14,0,11.3,21063,99158,9
2026-09-09T22,14,1,11.3,0,1833,2
2026-09-09T22,14,1,11.4,125202,0,6
2026-09-09T22,14,2,11.5,0,11125,1
2026-09-09T22,14,3,11.5,35324,51881,5
2026-09-09T22,14,3,11.6,163607,0,3
2026-09-09T22,14,4,11.7,60000,0,1
2026-09-09T23,14,0,11.2,0,471,1
2026-09-09T23,14,0,11.3,66234,9121,6
2026-09-09T23,14,1,11.3,0,178,1
2026-09-09T23,14,1,11.4,107335,0,5
2026-09-09T23,14,3,11.4,15715,0,1
2026-09-09T23,14,3,11.5,90263,0,1
2026-09-09T23,14,3,11.6,62041,36393,3
2026-09-10T00,14,0,11.2,0,35548,2
2026-09-10T00,14,0,11.3,46166,53834,3
2026-09-10T00,14,1,11.3,0,122,1
2026-09-10T00,14,1,11.4,11475,0,1
2026-09-10T00,14,2,11.3,4501,0,2
2026-09-10T00,14,3,11.3,2200,204,2
2026-09-10T00,14,3,11.4,74616,47234,6
2026-09-10T00,14,3,11.5,27966,0,1
2026-09-10T00,14,5,11.8,1583,0,1
2026-09-10T01,14,0,11.1,21112,0,2
2026-09-10T01,14,0,11.2,0,21463,3
2026-09-10T01,14,0,11.3,0,717,1
2026-09-10T01,14,1,11.4,1000,0,1
2026-09-10T01,14,2,11.2,0,2000,1
2026-09-10T01,14,2,11.3,8283,45089,4
2026-09-10T01,14,3,11.4,127038,53289,7
2026-09-10T01,14,3,11.5,10029,0,1
2026-09-10T02,14,0,11.1,51117,20019,3
2026-09-10T02,14,0,11.2,0,29498,1
2026-09-10T02,14,0,11.3,2902,15636,3
2026-09-10T02,14,1,11.3,0,642,2
2026-09-10T02,14,1,11.4,160389,0,6
2026-09-10T02,14,2,11.3,0,4481,1
2026-09-10T02,14,2,11.4,2000,47106,3
2026-09-10T02,14,3,11.5,181512,0,5
2026-09-10T03,14,0,10.9,0,1259,1
2026-09-10T03,14,0,11.0,0,733,1
2026-09-10T03,14,0,11.1,0,4359,1
2026-09-10T03,14,0,11.2,4698,5691,4
2026-09-10T03,14,0,11.3,2819,22562,7
2026-09-10T03,14,1,11.3,0,5892,3
2026-09-10T03,14,1,11.4,96121,33144,8
2026-09-10T03,14,2,11.4,628,6471,2
2026-09-10T03,14,3,11.5,25878,0,3
2026-09-10T03,14,4,11.6,0,6060,1
2026-09-10T03,14,4,11.7,43907,0,1
2026-09-10T03,14,5,11.7,0,33,1
2026-09-10T03,14,6,12.8,31110,0,1
2026-09-10T04,14,0,11.1,0,644,2
2026-09-10T04,14,0,11.2,0,138647,3
2026-09-10T04,14,0,11.3,0,25945,4
2026-09-10T04,14,1,11.2,0,122,1
2026-09-10T04,14,1,11.3,14256,21523,4
2026-09-10T04,14,1,11.4,119303,5015,6
2026-09-10T04,14,2,11.4,0,6459,1
2026-09-10T04,14,2,11.5,48284,6716,2
2026-09-10T04,14,3,11.4,73938,68562,4
2026-09-10T04,14,3,11.5,0,29990,2
2026-09-10T04,14,4,11.6,92856,0,2
2026-09-10T05,14,0,11.3,33451,22915,4
2026-09-10T05,14,0,11.4,119322,15988,13
2026-09-10T05,14,1,11.4,23710,27510,3
2026-09-10T05,14,2,11.5,298051,0,8
2026-09-10T05,14,3,11.6,49641,0,2
2026-09-10T05,14,4,11.4,0,33333,1
2026-09-10T05,14,4,11.5,42742,11104,4
2026-09-10T05,14,4,11.6,0,7144,1
2026-09-10T06,14,0,10.9,0,34708,2
2026-09-10T06,14,0,11.1,5110,17917,3
2026-09-10T06,14,0,11.2,0,12763,2
2026-09-10T06,14,1,11.3,0,7604,1
2026-09-10T06,14,1,11.4,0,32418,2
2026-09-10T06,14,2,11.3,0,16575,1
2026-09-10T06,14,2,11.4,0,7155,1
2026-09-10T06,14,2,11.5,72845,0,1
2026-09-10T06,14,3,11.0,27495,107927,3
2026-09-10T06,14,3,11.3,152861,14838,2
2026-09-10T06,14,3,11.4,48327,1673,2
2026-09-10T06,14,3,11.5,45216,31306,3
2026-09-10T07,14,0,10.9,0,3630,1
2026-09-10T07,14,0,11.0,250,21163,3
2026-09-10T07,14,0,11.1,13943,10112,3
2026-09-10T07,14,0,11.2,0,987,1
2026-09-10T07,14,0,11.3,35206,876,4
2026-09-10T07,14,1,11.3,89077,11619,3
2026-09-10T07,14,2,11.4,0,968,1
2026-09-10T07,14,3,11.4,0,14434,1
2026-09-10T07,14,3,11.5,357294,64498,9
2026-09-10T08,14,0,10.8,0,255,1
2026-09-10T08,14,0,10.9,0,946,1
2026-09-10T08,14,0,11.0,7884,84,4
2026-09-10T08,14,0,11.1,10175,3267,3
2026-09-10T08,14,0,11.2,0,14183,5
2026-09-10T08,14,0,11.3,17162,0,1
2026-09-10T08,14,1,11.3,25986,0,2
2026-09-10T08,14,2,11.3,52830,2886,3
2026-09-10T08,14,3,11.3,0,33075,1
2026-09-10T08,14,3,11.4,35318,0,4
2026-09-10T08,14,5,11.4,8000,0,1
2026-09-10T09,14,0,10.8,0,939,1
2026-09-10T09,14,0,10.9,0,79,1
2026-09-10T09,14,0,11.0,0,9226,2
2026-09-10T09,14,0,11.1,0,342,2
2026-09-10T09,14,0,11.2,0,4726,4
2026-09-10T09,14,1,11.2,14706,13768,4
2026-09-10T09,14,2,11.2,5000,5119,2
2026-09-10T09,14,3,11.2,0,3462,1
2026-09-10T09,14,4,11.3,91282,0,7
2026-09-10T10,14,0,10.9,0,1111,1
2026-09-10T10,14,0,11.1,0,870,1
2026-09-10T10,14,0,11.2,0,7100,2
2026-09-10T10,14,1,11.0,0,2482,1
2026-09-10T10,14,2,11.1,0,11385,1
2026-09-10T10,14,2,11.2,121307,16441,6
2026-09-10T10,14,3,11.2,0,8858,1
2026-09-10T10,14,3,11.3,0,3000,1
2026-09-10T10,14,4,11.3,116584,303611,5
2026-09-10T11,14,0,11.0,0,181,1
2026-09-10T11,14,0,11.1,0,1186,2
2026-09-10T11,14,0,11.2,0,11756,4
2026-09-10T11,14,1,11.1,0,4607,1
2026-09-10T11,14,1,11.2,15875,71026,2
2026-09-10T11,14,1,11.3,0,37067,3
2026-09-10T11,14,2,11.1,78754,39462,5
2026-09-10T11,14,2,11.2,68912,151902,3
2026-09-10T11,14,2,11.3,88022,14299,5
2026-09-10T11,14,3,11.3,0,125000,1
2026-09-10T11,14,4,11.3,124280,143821,6
2026-09-10T11,14,5,11.4,357051,0,3
2026-09-10T11,14,11,11.4,0,13754,1
2026-09-10T12,14,0,11.0,36977,36700,3
2026-09-10T12,14,0,11.1,400,1157,4
2026-09-10T12,14,0,11.2,0,10202,3
2026-09-10T12,14,0,11.3,73306,0,4
2026-09-10T12,14,1,11.3,0,3000,1
2026-09-10T12,14,2,11.1,0,5142,1
2026-09-10T12,14,2,11.2,0,3690,1
2026-09-10T12,14,2,11.3,60328,22339,4
2026-09-10T12,14,3,11.3,15305,58019,4
2026-09-10T12,14,5,11.4,483578,0,7
2026-09-10T12,14,7,12.9,0,51398,1
2026-09-10T12,14,8,12.9,0,500,1
2026-09-10T12,14,10,13.0,17612,0,1
2026-09-10T13,14,0,11.0,0,1,1
2026-09-10T13,14,0,11.1,2000,11653,4
2026-09-10T13,14,0,11.2,0,56520,3
2026-09-10T13,14,0,11.3,18623,0,3
2026-09-10T13,14,1,11.3,10288,663,4
2026-09-10T13,14,2,11.3,40581,0,2
2026-09-10T13,14,3,11.3,0,1000,1
2026-09-10T13,14,5,11.4,573118,0,7
2026-09-10T14,14,0,10.9,0,3777,1
2026-09-10T14,14,0,11.0,0,1061,2
2026-09-10T14,14,0,11.1,0,6726,2
2026-09-10T14,14,0,11.2,0,14202,4
2026-09-10T14,14,0,11.3,49393,0,2
2026-09-10T14,14,1,11.2,15696,19171,3
2026-09-10T14,14,1,11.3,0,22950,2
2026-09-10T14,14,2,11.3,104496,4923,7
2026-09-10T14,14,3,11.3,0,625,1
2026-09-10T14,14,4,11.3,40000,59900,2
2026-09-10T14,14,5,11.4,227935,0,2
2026-09-10T15,14,0,10.8,0,8422,1
2026-09-10T15,14,0,10.9,0,1000,1
2026-09-10T15,14,0,11.0,0,7989,2
2026-09-10T15,14,0,11.1,0,7601,3
2026-09-10T15,14,0,11.2,9636,4874,3
2026-09-10T15,14,1,11.2,24563,19338,4
2026-09-10T15,14,2,11.3,455965,0,6
2026-09-10T15,14,3,11.3,0,16995,1
2026-09-10T15,14,3,11.4,20469,0,1
2026-09-10T15,14,4,11.4,37450,74796,2
2026-09-10T15,14,4,11.5,28520,0,1
2026-09-10T15,14,5,11.4,12310,78550,2
2026-09-10T16,14,0,11.0,0,769,1
2026-09-10T16,14,0,11.1,0,4944,4
2026-09-10T16,14,0,11.2,878,28031,7
2026-09-10T16,14,0,11.3,10259,117548,6
2026-09-10T16,14,1,11.0,0,19572,1
2026-09-10T16,14,1,11.2,0,3741,1
2026-09-10T16,14,1,11.3,0,24503,4
2026-09-10T16,14,2,11.2,0,1219,1
2026-09-10T16,14,2,11.3,31880,16881,4
2026-09-10T16,14,2,11.4,18283,124177,4
2026-09-10T16,14,3,11.4,70720,43021,5
2026-09-10T16,14,4,11.5,89993,0,1
2026-09-10T17,14,0,11.0,0,1169,2
2026-09-10T17,14,0,11.1,16360,1880,2
2026-09-10T17,14,0,11.2,0,38598,5
2026-09-10T17,14,1,11.2,2000,3028,3
2026-09-10T17,14,1,11.3,0,16205,1
2026-09-10T17,14,2,11.3,0,14848,1
2026-09-10T17,14,3,11.3,70734,0,4
2026-09-10T17,14,4,11.3,54285,0,3
2026-09-10T18,14,0,10.8,0,4810,1
2026-09-10T18,14,0,10.9,268,1780,5
2026-09-10T18,14,0,11.0,0,7326,2
2026-09-10T18,14,0,11.1,50357,85104,4
2026-09-10T18,14,0,11.2,0,5360,1
2026-09-10T18,14,0,11.3,0,36287,1
2026-09-10T18,14,0,11.4,2587,0,1
2026-09-10T18,14,1,11.2,35998,15499,3
2026-09-10T18,14,1,11.4,0,5698,1
2026-09-10T18,14,2,11.0,0,20694,1
2026-09-10T18,14,2,11.1,0,1,1
2026-09-10T18,14,2,11.2,28674,17608,4
2026-09-10T18,14,2,11.3,0,19798,2
2026-09-10T18,14,3,11.3,0,2095,1
2026-09-10T18,14,3,11.4,26836,39275,4
2026-09-10T18,14,4,11.3,44065,6215,4
2026-09-10T18,14,4,11.5,51671,0,2
2026-09-10T18,14,5,11.7,0,118928,1
2026-09-10T19,14,0,11.2,0,2188,4
2026-09-10T19,14,0,11.3,32059,14586,7
2026-09-10T19,14,1,11.2,0,12417,1
2026-09-10T19,14,1,11.3,26190,25336,3
2026-09-10T19,14,1,11.4,30117,9906,3
2026-09-10T19,14,2,11.4,7250,15991,3
2026-09-10T19,14,3,11.3,0,3271,1
2026-09-10T19,14,4,11.4,0,17014,1
2026-09-10T19,14,4,11.5,165066,0,7
2026-09-10T20,14,0,11.2,0,2106,2
2026-09-10T20,14,0,11.3,494,17044,3
2026-09-10T20,14,0,11.4,13833,0,1
2026-09-10T20,14,1,11.3,0,2536,1
2026-09-10T20,14,1,11.4,66018,57982,2
2026-09-10T20,14,2,11.2,0,12746,1
2026-09-10T20,14,2,11.3,0,18659,1
2026-09-10T20,14,2,11.4,0,30116,1
2026-09-10T20,14,3,11.4,76487,6347,3
2026-09-10T20,14,3,11.5,75290,4059,6
2026-09-10T20,14,4,11.5,163374,160816,5
2026-09-10T20,14,5,11.6,7780,0,1
2026-09-10T21,14,0,10.9,8486,0,1
2026-09-10T21,14,0,11.1,0,203,2
2026-09-10T21,14,0,11.2,4932,10930,6
2026-09-10T21,14,0,11.3,16662,48517,3
2026-09-10T21,14,0,11.4,146911,0,4
2026-09-10T21,14,1,11.3,0,7730,1
2026-09-10T21,14,1,11.4,0,23725,1
2026-09-10T21,14,2,11.4,8997,4251,2
2026-09-10T21,14,2,11.5,24367,0,2
2026-09-10T21,14,3,11.5,132534,53630,7
2026-09-10T21,14,4,11.5,60000,0,1
2026-09-10T22,14,0,10.9,0,4437,1
2026-09-10T22,14,0,11.0,0,14748,3
2026-09-10T22,14,0,11.1,0,404,2
2026-09-10T22,14,0,11.2,280997,0,6
2026-09-10T22,14,0,11.3,0,7000,1
2026-09-10T22,14,0,11.4,0,48424,2
2026-09-10T22,14,2,11.2,0,34278,1
2026-09-10T22,14,2,11.5,39834,0,2
2026-09-10T22,14,3,11.3,12000,37895,2
2026-09-10T22,14,3,11.4,13490,20620,3
2026-09-10T22,14,4,11.5,78577,9750,3
2026-09-10T22,14,5,11.6,26189,66031,2
2026-09-10T23,14,0,11.0,0,1440,2
2026-09-10T23,14,0,11.1,22461,3760,4
2026-09-10T23,14,0,11.2,38109,0,5
2026-09-10T23,14,1,11.4,0,3836,1
2026-09-10T23,14,3,11.4,0,36089,1
2026-09-10T23,14,3,11.5,498,7502,2
2026-09-10T23,14,4,11.5,0,83265,1
2026-09-11T00,14,0,10.8,0,9322,1
2026-09-11T00,14,0,10.9,9817,22278,3
2026-09-11T00,14,0,11.0,6429,15708,5
2026-09-11T00,14,0,11.1,25985,0,4
2026-09-11T00,14,1,11.2,0,23807,1
2026-09-11T00,14,1,11.3,0,1548,2
2026-09-11T00,14,1,11.4,0,5000,1
2026-09-11T00,14,2,11.3,0,39639,2
2026-09-11T00,14,2,11.4,9031,8860,3
2026-09-11T00,14,4,11.4,58567,23122,3
2026-09-11T00,14,4,11.5,50985,0,1
2026-09-11T00,14,10,13.0,150000,0,1
2026-09-11T01,14,0,10.8,0,714,2
2026-09-11T01,14,0,10.9,0,20000,1
2026-09-11T01,14,0,11.0,1239,7978,4
2026-09-11T01,14,0,11.1,0,27092,3
2026-09-11T01,14,0,11.2,128296,14742,5
2026-09-11T01,14,1,11.2,0,23373,1
2026-09-11T01,14,1,11.3,30794,250,4
2026-09-11T01,14,1,11.4,7511,1585,2
2026-09-11T01,14,2,11.4,0,34311,3
2026-09-11T01,14,3,11.4,0,5738,1
2026-09-11T01,14,4,11.5,230285,0,6
2026-09-11T02,14,0,10.9,0,2967,2
2026-09-11T02,14,0,11.0,0,2348,3
2026-09-11T02,14,0,11.1,5034,15614,7
2026-09-11T02,14,0,11.2,3870,295,3
2026-09-11T02,14,1,11.2,0,307,1
2026-09-11T02,14,1,11.3,4386,0,1
2026-09-11T02,14,2,11.0,17124,0,1
2026-09-11T02,14,2,11.2,0,60000,2
2026-09-11T02,14,2,11.3,75711,14289,4
2026-09-11T02,14,3,11.4,6118,0,1
2026-09-11T03,14,0,11.0,1000,1900,2
2026-09-11T03,14,0,11.1,52696,3714,6
2026-09-11T03,14,0,11.2,150063,22441,7
2026-09-11T03,14,1,11.3,12270,0,2
2026-09-11T03,14,2,11.0,0,53888,1
2026-09-11T03,14,2,11.3,0,5000,1
2026-09-11T03,14,3,11.3,0,19310,1
2026-09-11T03,14,3,11.4,152894,19907,6
2026-09-11T03,14,4,11.4,0,4135,1
2026-09-11T03,14,4,11.5,102548,0,1
2026-09-11T04,14,0,10.8,1361,6348,2
2026-09-11T04,14,0,10.9,0,1500,1
2026-09-11T04,14,0,11.0,3000,21604,6
2026-09-11T04,14,0,11.1,64776,9486,6
2026-09-11T04,14,0,11.2,44845,0,5
2026-09-11T04,14,1,11.2,0,15934,2
2026-09-11T04,14,1,11.3,50320,52571,2
2026-09-11T04,14,1,11.4,0,22876,1
2026-09-11T04,14,2,11.4,11397,10720,3
2026-09-11T04,14,4,11.5,344542,0,7
2026-09-11T05,14,0,11.1,94824,15030,11
2026-09-11T05,14,0,11.2,87619,16896,6
2026-09-11T05,14,0,11.3,6173,0,2
2026-09-11T05,14,1,11.3,3761,0,1
2026-09-11T05,14,1,11.4,0,341,1
2026-09-11T05,14,1,11.5,0,10506,2
2026-09-11T05,14,2,11.4,35435,14565,3
2026-09-11T05,14,2,11.5,24313,25417,2
2026-09-11T05,14,3,11.5,151901,192042,5
2026-09-11T05,14,4,11.4,0,317079,1
2026-09-11T05,14,4,11.5,0,21640,1
2026-09-11T05,14,5,11.6,3095,0,1
2026-09-11T06,14,0,11.1,5000,7753,3
2026-09-11T06,14,0,11.2,3000,5140,2
2026-09-11T06,14,0,11.3,0,26033,6
2026-09-11T06,14,0,11.4,0,8149,3
2026-09-11T06,14,1,11.3,0,31401,2
2026-09-11T06,14,1,11.4,0,69918,2
2026-09-11T06,14,2,11.3,0,84403,3
2026-09-11T06,14,2,11.4,1770,39675,4
2026-09-11T06,14,2,11.5,467,0,1
2026-09-11T06,14,3,11.4,0,27696,1
2026-09-11T06,14,3,11.5,13489,0,1
2026-09-11T06,14,3,11.6,121900,0,2
2026-09-11T06,14,4,11.5,172147,22148,4
2026-09-11T06,14,4,11.6,0,47294,1
2026-09-11T06,14,5,11.6,0,576,1
2026-09-11T07,14,0,11.4,0,2723,3
2026-09-11T07,14,0,11.5,121516,18680,7
2026-09-11T07,14,0,11.6,0,2850,1
2026-09-11T07,14,1,11.5,19839,16004,4
2026-09-11T07,14,2,11.5,0,18655,1
2026-09-11T07,14,2,11.6,0,9141,1
2026-09-11T07,14,3,11.4,0,11010,1
2026-09-11T07,14,3,11.5,0,69308,2
2026-09-11T07,14,3,11.6,136681,92626,8
2026-09-11T07,14,4,11.6,0,31978,1
2026-09-11T07,14,4,11.7,213286,0,5
2026-09-11T07,14,5,11.7,0,518994,1
2026-09-11T08,14,0,11.3,3700,9448,3
2026-09-11T08,14,0,11.4,1820,9580,4
2026-09-11T08,14,1,11.4,0,1383,1
2026-09-11T08,14,1,11.5,0,7958,1
2026-09-11T08,14,3,11.4,8655,97583,2
2026-09-11T08,14,3,11.5,114479,4344,4
2026-09-11T08,14,4,11.6,14718,95637,3
2026-09-11T08,14,4,11.7,0,8927,1
2026-09-11T08,14,5,11.8,107013,97712,3
2026-09-11T09,14,0,11.2,1000,13589,3
2026-09-11T09,14,0,11.3,665,94692,8
2026-09-11T09,14,0,11.4,0,83,1
2026-09-11T09,14,1,11.3,0,4751,1
2026-09-11T09,14,2,11.3,0,20201,1
2026-09-11T09,14,2,11.4,3511,7899,4
2026-09-11T09,14,3,11.4,32930,27070,4
2026-09-11T09,14,3,11.5,125137,0,5
2026-09-11T09,14,4,11.8,6000,0,1
2026-09-11T10,14,0,11.1,2000,10987,4
2026-09-11T10,14,0,11.2,20000,0,1
2026-09-11T10,14,0,11.4,3100,9669,4
2026-09-11T10,14,1,11.4,0,7214,2
2026-09-11T10,14,2,11.4,21369,6993,3
2026-09-11T10,14,2,11.5,163217,0,5
2026-09-11T10,14,3,11.4,5000,4779,2
2026-09-11T10,14,3,11.5,4000,54999,3
2026-09-11T10,14,3,11.6,119475,0,1
2026-09-11T11,14,0,11.1,1000,15373,4
2026-09-11T11,14,0,11.2,58663,41446,7
2026-09-11T11,14,0,11.3,0,1308,3
2026-09-11T11,14,0,11.4,0,369,1
2026-09-11T11,14,0,11.5,3130,23928,4
2026-09-11T11,14,1,11.4,3336,394,2
2026-09-11T11,14,1,11.5,0,3279,1
2026-09-11T11,14,2,11.4,0,3000,1
2026-09-11T11,14,2,11.5,123999,34887,9
2026-09-11T11,14,2,11.6,16179,39001,3
2026-09-11T11,14,3,11.4,0,42958,1
2026-09-11T11,14,3,11.5,0,5123,1
2026-09-11T11,14,3,11.6,26101,6741,4
2026-09-11T11,14,3,11.7,22914,0,1
2026-09-11T11,14,4,11.6,44971,16846,3
2026-09-11T11,14,4,11.7,49228,67337,3
2026-09-11T12,14,0,11.3,0,852,1
2026-09-11T12,14,0,11.4,1969,1533,4
2026-09-11T12,14,0,11.5,4000,2500,2
2026-09-11T12,14,1,11.4,0,3000,1
2026-09-11T12,14,2,11.5,5800,0,2
2026-09-11T12,14,3,11.5,0,14918,1
2026-09-11T12,14,3,11.6,71263,0,3
2026-09-11T12,14,4,11.6,1707,0,1
2026-09-11T12,14,10,13.0,0,379865,1
2026-09-11T13,14,0,11.3,0,246,1
2026-09-11T13,14,0,11.4,6914,6175,8
2026-09-11T13,14,0,11.5,0,12398,3
2026-09-11T13,14,1,11.5,0,5654,1
2026-09-11T13,14,2,11.4,0,445,1
2026-09-11T13,14,2,11.5,4000,25537,3
2026-09-11T13,14,3,11.5,0,30590,2
2026-09-11T13,14,3,11.6,22622,32332,3
2026-09-11T13,14,3,11.7,105190,0,2
2026-09-11T13,14,4,11.6,110970,87323,4
2026-09-11T14,14,0,11.1,0,5496,1
2026-09-11T14,14,0,11.2,0,47748,3
2026-09-11T14,14,0,11.3,0,186094,8
2026-09-11T14,14,0,11.4,154564,49910,6
2026-09-11T14,14,0,11.5,15490,0,1
2026-09-11T14,14,1,11.5,0,723,1
2026-09-11T14,14,2,11.4,0,9750,1
2026-09-11T14,14,2,11.5,0,19980,2
2026-09-11T14,14,2,11.6,27465,32810,3
2026-09-11T14,14,3,11.7,129956,0,4
2026-09-11T14,14,4,11.7,0,10000,1
2026-09-11T14,14,4,11.8,1493,0,1
2026-09-11T15,14,0,11.1,1004,3916,3
2026-09-11T15,14,0,11.2,0,2665,2
2026-09-11T15,14,0,11.3,19538,29676,7
2026-09-11T15,14,0,11.4,1150,5110,2
2026-09-11T15,14,1,11.2,0,1920,1
2026-09-11T15,14,1,11.3,0,6329,2
2026-09-11T15,14,1,11.4,20466,23887,3
2026-09-11T15,14,2,11.4,0,24179,2
2026-09-11T15,14,2,11.5,323293,21078,4
2026-09-11T15,14,3,11.5,15000,6041,2
2026-09-11T15,14,4,11.4,94412,0,1
2026-09-11T15,14,4,11.6,15720,0,1
2026-09-11T15,14,11,11.9,0,12490,1
2026-09-11T16,14,0,11.1,10485,6259,7
2026-09-11T16,14,0,11.2,99920,0,4
2026-09-11T16,14,3,11.2,138616,0,2
2026-09-11T16,14,3,11.3,97339,0,2
2026-09-11T16,14,4,11.3,86753,40216,4
2026-09-11T17,14,0,11.0,0,22534,1
2026-09-11T17,14,0,11.1,3890,2110,4
2026-09-11T17,14,0,11.2,41252,0,1
2026-09-11T17,14,1,11.2,70769,74396,5
2026-09-11T17,14,2,11.2,0,2000,1
2026-09-11T17,14,3,11.1,0,28025,1
2026-09-11T17,14,3,11.2,82110,15242,2
2026-09-11T17,14,3,11.3,62198,0,2
2026-09-11T17,14,4,11.3,19050,1453,2
2026-09-11T17,14,4,11.4,11040,0,1
2026-09-11T18,14,0,11.1,0,1474,1
2026-09-11T18,14,0,11.2,81136,23323,7
2026-09-11T18,14,0,11.3,35,0,1
2026-09-11T18,14,1,11.2,0,770,1
2026-09-11T18,14,1,11.3,18840,45751,4
2026-09-11T18,14,1,11.4,10933,0,1
2026-09-11T18,14,2,11.3,0,33907,2
2026-09-11T18,14,2,11.4,0,17145,1
2026-09-11T18,14,2,11.5,9341,83944,2
2026-09-11T18,14,3,11.3,52038,65132,6
2026-09-11T18,14,3,11.5,0,5120,1
2026-09-11T18,14,4,11.3,0,5026,1
2026-09-11T18,14,4,11.4,0,46268,1
2026-09-11T18,14,4,11.6,94072,5138,3
2026-09-11T19,14,0,11.0,500,26729,3
2026-09-11T19,14,0,11.1,18473,3867,4
2026-09-11T19,14,0,11.2,67794,7270,8
2026-09-11T19,14,0,11.3,0,14274,2
2026-09-11T19,14,1,11.3,0,3852,1
2026-09-11T19,14,1,11.4,33641,110138,7
2026-09-11T19,14,2,11.4,0,3117,1
2026-09-11T19,14,3,11.5,21310,0,2
2026-09-11T19,14,4,11.6,6980,0,1
2026-09-11T19,14,5,11.6,2595,0,1
2026-09-11T20,14,0,11.1,0,2333,2
2026-09-11T20,14,0,11.2,55264,36535,6
2026-09-11T20,14,0,11.3,0,3643,4
2026-09-11T20,14,0,11.4,3961,14717,4
2026-09-11T20,14,1,11.3,0,2763,1
2026-09-11T20,14,2,11.3,0,103000,1
2026-09-11T20,14,2,11.4,48702,52298,4
2026-09-11T20,14,3,11.4,18575,101087,3
2026-09-11T20,14,4,11.5,197624,0,6
2026-09-11T20,14,6,12.7,0,100000,1
2026-09-11T20,14,6,12.8,113325,0,1
2026-09-11T20,14,9,12.5,0,200000,1
2026-09-11T21,14,0,11.4,0,5213,3
2026-09-11T21,14,0,11.5,2563,14643,8
2026-09-11T21,14,2,11.3,0,27793,1
2026-09-11T21,14,2,11.5,0,5798,2
2026-09-11T21,14,3,11.3,0,13040,1
2026-09-11T21,14,3,11.4,0,70069,1
2026-09-11T21,14,3,11.5,61363,17327,2
2026-09-11T21,14,4,11.5,0,35806,1
2026-09-11T21,14,5,11.6,538432,0,8
2026-09-11T22,14,0,11.4,0,1500,1
2026-09-11T22,14,0,11.5,0,4907,1
2026-09-11T22,14,1,11.5,0,8093,1
2026-09-11T22,14,2,11.5,133897,0,2
2026-09-11T22,14,3,11.5,0,61998,2
2026-09-11T22,14,4,11.6,5900,0,1
2026-09-11T22,14,5,11.6,313957,19021,10
2026-09-11T23,14,0,11.1,0,2518,1
2026-09-11T23,14,0,11.2,317,2381,3
2026-09-11T23,14,0,11.3,18000,7079,3
2026-09-11T23,14,0,11.4,0,3191,1
2026-09-11T23,14,0,11.5,0,127,1
2026-09-11T23,14,1,11.4,0,114,1
2026-09-11T23,14,1,11.5,0,19352,2
2026-09-11T23,14,2,11.4,0,30033,1
2026-09-11T23,14,2,11.5,22674,50651,2
2026-09-11T23,14,3,11.4,91983,8017,2
2026-09-11T23,14,3,11.5,0,6160,1
2026-09-11T23,14,3,11.6,210689,38096,7
2026-09-11T23,14,4,11.6,0,1585,2
2026-09-11T23,14,5,11.7,47225,0,1
2026-09-12T00,14,0,11.0,0,16495,1
2026-09-12T00,14,0,11.1,0,132350,1
2026-09-12T00,14,0,11.2,86,52242,3
2026-09-12T00,14,0,11.3,1,6147,4
2026-09-12T00,14,0,11.4,0,4915,2
2026-09-12T00,14,0,11.5,0,703,1
2026-09-12T00,14,1,11.4,20193,22225,2
2026-09-12T00,14,2,11.4,39050,147,2
2026-09-12T00,14,2,11.5,2999,8489,2
2026-09-12T00,14,3,11.5,4853,20540,2
2026-09-12T00,14,3,11.6,311979,26264,6
2026-09-12T00,14,4,11.4,0,60900,1
2026-09-12T01,14,0,11.2,0,1,1
2026-09-12T01,14,0,11.3,0,584,1
2026-09-12T01,14,0,11.4,74,1874,4
2026-09-12T01,14,0,11.5,0,23612,3
2026-09-12T01,14,0,11.6,35808,0,1
2026-09-12T01,14,1,11.2,0,100000,1
2026-09-12T01,14,1,11.5,19209,6510,3
2026-09-12T01,14,1,11.6,53464,43617,4
2026-09-12T01,14,2,11.5,0,14064,1
2026-09-12T01,14,2,11.6,44999,80621,7
2026-09-12T01,14,3,11.5,0,417,1
2026-09-12T01,14,3,11.6,3990,18930,3
2026-09-12T01,14,3,11.7,127698,8494,6
2026-09-12T01,14,4,11.7,0,24991,2
2026-09-12T01,14,5,11.7,0,52775,1
2026-09-12T02,14,0,11.5,0,12329,2
2026-09-12T02,14,0,11.6,86467,86693,6
2026-09-12T02,14,1,11.6,12059,33668,3
2026-09-12T02,14,3,11.6,0,2600,2
2026-09-12T02,14,3,11.7,175880,0,5
2026-09-12T02,14,4,11.7,0,47043,1
2026-09-12T02,14,5,11.7,0,3028,1
2026-09-12T03,14,0,11.1,0,5577,1
2026-09-12T03,14,0,11.2,1692,859,2
2026-09-12T03,14,0,11.3,0,11000,1
2026-09-12T03,14,0,11.5,58,26648,4
2026-09-12T03,14,1,11.4,0,3000,1
2026-09-12T03,14,1,11.5,0,11512,1
2026-09-12T03,14,1,11.6,5991,9,2
2026-09-12T03,14,2,11.4,0,2814,1
2026-09-12T03,14,2,11.5,19224,77785,2
2026-09-12T03,14,2,11.6,109553,8,4
2026-09-12T03,14,3,11.6,0,26050,1
2026-09-12T03,14,3,11.7,52413,133550,4
2026-09-12T03,14,4,11.7,0,18049,1
2026-09-12T03,14,5,11.8,31951,0,1
2026-09-12T04,14,0,11.3,0,2989,2
2026-09-12T04,14,0,11.4,21831,78169,3
2026-09-12T04,14,0,11.5,20715,3554,3
2026-09-12T04,14,0,11.6,21352,0,4
2026-09-12T04,14,1,11.6,0,8350,2
2026-09-12T04,14,2,11.4,0,69587,1
2026-09-12T04,14,2,11.5,59547,35199,4
2026-09-12T04,14,2,11.6,0,59507,3
2026-09-12T04,14,3,11.6,0,3142,1
2026-09-12T04,14,3,11.7,119642,0,5
2026-09-12T04,14,4,11.7,35968,94388,2
2026-09-12T05,14,0,11.3,0,8338,1
2026-09-12T05,14,0,11.5,0,60346,5
2026-09-12T05,14,1,11.4,0,3314,1
2026-09-12T05,14,2,11.5,0,16579,2
2026-09-12T05,14,2,11.6,226099,0,7
2026-09-12T05,14,3,11.6,0,19086,2
2026-09-12T06,14,0,11.0,0,3045,2
2026-09-12T06,14,0,11.1,0,25271,1
2026-09-12T06,14,0,11.2,0,3886,3
2026-09-12T06,14,0,11.3,15470,0,3
2026-09-12T06,14,0,11.4,15000,11280,4
2026-09-12T06,14,0,11.5,6052,3438,3
2026-09-12T06,14,2,11.3,0,8000,1
2026-09-12T06,14,2,11.4,0,42581,1
2026-09-12T06,14,2,11.5,195836,0,2
2026-09-12T06,14,3,11.4,32525,0,1
2026-09-12T06,14,3,11.6,26478,21799,3
2026-09-12T06,14,3,11.7,42031,0,2
2026-09-12T06,14,5,11.8,74469,8049,4
2026-09-12T07,14,0,11.0,0,734,1
2026-09-12T07,14,0,11.1,0,3166,2
2026-09-12T07,14,0,11.2,300,9993,4
2026-09-12T07,14,0,11.3,197845,47808,12
2026-09-12T07,14,0,11.4,19708,0,1
2026-09-12T07,14,1,11.5,1682,0,1
2026-09-12T07,14,2,11.4,0,77010,2
2026-09-12T07,14,2,11.5,59145,80941,2
2026-09-12T07,14,3,11.4,0,67475,1
2026-09-12T07,14,3,11.5,0,46687,2
2026-09-12T07,14,5,11.6,43101,0,2
2026-09-12T08,14,0,11.3,2235,14895,5
2026-09-12T08,14,0,11.4,68486,18752,7
2026-09-12T08,14,1,11.4,0,20988,2
2026-09-12T08,14,1,11.5,45805,12445,6
2026-09-12T08,14,2,11.4,0,35267,2
2026-09-12T08,14,2,11.5,0,5453,1
2026-09-12T08,14,3,11.5,28567,72447,3
2026-09-12T08,14,3,11.6,16524,142610,4
2026-09-12T08,14,3,11.7,0,6629,2
2026-09-12T08,14,4,11.6,0,53859,1
2026-09-12T08,14,5,11.6,35261,21638,3
2026-09-12T08,14,5,11.7,0,62642,1
2026-09-12T08,14,5,11.8,75057,0,1
2026-09-12T09,14,0,11.0,0,80000,1
2026-09-12T09,14,0,11.1,0,705,3
2026-09-12T09,14,0,11.2,0,4854,4
2026-09-12T09,14,0,11.3,3646,50584,7
2026-09-12T09,14,0,11.4,4020,1156,3
2026-09-12T09,14,1,11.3,0,8566,1
2026-09-12T09,14,1,11.5,14931,0,1
2026-09-12T09,14,2,11.4,4747,1469,3
2026-09-12T09,14,2,11.5,12317,14969,2
2026-09-12T09,14,2,11.6,56780,0,1
2026-09-12T09,14,3,11.5,0,9486,1
2026-09-12T09,14,3,11.6,0,4098,1
2026-09-12T09,14,3,11.7,0,9682,2
2026-09-12T09,14,4,11.5,41531,0,1
2026-09-12T09,14,5,11.8,44690,0,1
2026-09-12T10,14,0,11.2,0,8263,2
2026-09-12T10,14,0,11.3,0,8047,2
2026-09-12T10,14,0,11.4,9800,10661,7
2026-09-12T10,14,0,11.5,80588,2229,6
2026-09-12T10,14,1,11.5,1289,25180,5
2026-09-12T10,14,2,11.4,100,57962,3
2026-09-12T10,14,2,11.5,0,13311,1
2026-09-12T10,14,2,11.6,142138,0,3
2026-09-12T10,14,3,11.6,8848,17302,2
2026-09-12T10,14,3,11.7,73388,0,1
2026-09-12T10,14,4,11.5,0,91128,1
2026-09-12T11,14,0,11.2,0,1133,1
2026-09-12T11,14,0,11.3,0,6332,2
2026-09-12T11,14,0,11.4,100,2826,4
2026-09-12T11,14,0,11.5,45089,0,1
2026-09-12T11,14,1,11.4,38950,43698,4
2026-09-12T11,14,2,11.4,41655,24201,3
2026-09-12T11,14,2,11.5,0,109138,2
2026-09-12T11,14,2,11.6,94202,0,2
2026-09-12T11,14,3,11.6,0,59668,1
2026-09-12T11,14,3,11.7,76,0,1
2026-09-12T11,14,4,11.7,57626,0,1
2026-09-12T11,14,5,11.8,50000,0,1
2026-09-12T12,14,0,11.2,0,83,1
2026-09-12T12,14,0,11.3,18476,24317,2
2026-09-12T12,14,0,11.4,0,18820,3
2026-09-12T12,14,0,11.5,0,75061,1
2026-09-12T12,14,1,11.4,6693,3768,3
2026-09-12T12,14,1,11.5,22454,0,4
2026-09-12T12,14,2,11.6,156574,29474,4
2026-09-12T12,14,3,11.6,0,5173,1
2026-09-12T12,14,4,11.7,215631,0,4
2026-09-12T12,14,11,14.9,0,528,1
2026-09-12T12,14,11,15.0,1742,0,1
2026-09-12T13,14,0,11.1,0,299,1
2026-09-12T13,14,0,11.2,0,800,1
2026-09-12T13,14,0,11.3,3719,9876,4
2026-09-12T13,14,0,11.4,3225,2003,5
2026-09-12T13,14,0,11.5,2161,11809,2
2026-09-12T13,14,0,11.6,54955,10804,3
2026-09-12T13,14,0,11.7,0,2639,1
2026-09-12T13,14,1,11.4,0,16265,2
2026-09-12T13,14,1,11.5,47251,10359,5
2026-09-12T13,14,1,11.6,8246,7060,3
2026-09-12T13,14,1,11.7,0,20250,1
2026-09-12T13,14,2,11.5,34908,15092,2
2026-09-12T13,14,2,11.6,0,40958,1
2026-09-12T13,14,2,11.7,8552,10448,2
2026-09-12T13,14,3,11.6,0,37028,1
2026-09-12T13,14,3,11.7,155953,43971,2
2026-09-12T13,14,4,11.6,0,1,1
2026-09-12T13,14,4,11.7,263691,49185,5
2026-09-12T13,14,4,11.8,79448,0,2
2026-09-12T13,14,5,11.7,0,10000,1
2026-09-12T13,14,5,11.8,61966,20818,2
2026-09-12T14,14,0,11.1,0,5494,1
2026-09-12T14,14,0,11.2,1200,10118,3
2026-09-12T14,14,0,11.3,22472,0,4
2026-09-12T14,14,1,11.3,0,1795,1
2026-09-12T14,14,1,11.6,0,17608,1
2026-09-12T14,14,1,11.7,10446,0,1
2026-09-12T14,14,2,11.4,36649,0,3
2026-09-12T14,14,2,11.7,23611,4261,3
2026-09-12T14,14,3,11.7,34116,24343,3
2026-09-12T14,14,4,11.8,3225,84988,2
2026-09-12T15,14,0,10.9,0,1700,1
2026-09-12T15,14,0,11.0,0,1445,3
2026-09-12T15,14,0,11.1,98188,43710,8
2026-09-12T15,14,0,11.2,16977,3271,3
2026-09-12T15,14,1,11.3,36655,13294,2
2026-09-12T15,14,1,11.6,0,21335,1
2026-09-12T15,14,2,11.2,0,22772,1
2026-09-12T15,14,2,11.3,0,67222,2
2026-09-12T15,14,2,11.4,248,10577,2
2026-09-12T15,14,2,11.6,0,46396,1
2026-09-12T15,14,4,11.7,2640,70067,2
2026-09-12T15,14,4,11.8,88760,0,3
2026-09-12T16,14,0,11.0,0,4058,1
2026-09-12T16,14,0,11.1,2000,4005,4
2026-09-12T16,14,0,11.2,0,13303,5
2026-09-12T16,14,0,11.3,7354,28734,7
2026-09-12T16,14,0,11.5,0,1575,1
2026-09-12T16,14,0,11.6,32579,0,3
2026-09-12T16,14,1,11.4,0,10775,1
2026-09-12T16,14,1,11.6,29194,14758,4
2026-09-12T16,14,1,11.7,46467,0,3
2026-09-12T16,14,2,11.3,0,40746,1
2026-09-12T16,14,2,11.4,0,4327,1
2026-09-12T16,14,2,11.7,0,2154,2
2026-09-12T16,14,3,11.5,0,5000,1
2026-09-12T16,14,3,11.6,0,58772,1
2026-09-12T16,14,3,11.7,59235,7035,5
2026-09-12T16,14,3,11.8,64127,0,1
2026-09-12T16,14,4,11.8,1078,332192,2
2026-09-12T17,14,0,11.3,3415,5294,3
2026-09-12T17,14,0,11.4,0,3753,3
2026-09-12T17,14,0,11.5,0,14755,3
2026-09-12T17,14,0,11.6,89881,40416,6
2026-09-12T17,14,0,11.7,0,1666,1
2026-09-12T17,14,1,11.5,2541,54,2
2026-09-12T17,14,1,11.7,23000,49833,4
2026-09-12T17,14,2,11.6,0,17617,3
2026-09-12T17,14,2,11.7,0,53435,2
2026-09-12T17,14,3,11.8,110678,7367,5
2026-09-12T17,14,4,11.7,0,116085,1
2026-09-12T17,14,5,11.9,2980,0,1
2026-09-12T18,14,0,11.5,0,445,1
2026-09-12T18,14,0,11.6,955,21061,7
2026-09-12T18,14,0,11.7,0,55499,4
2026-09-12T18,14,1,11.6,0,3217,1
2026-09-12T18,14,1,11.7,2000,49841,5
2026-09-12T18,14,1,11.8,7424,41041,4
2026-09-12T18,14,2,11.7,482,45289,4
2026-09-12T18,14,2,11.8,0,4140,2
2026-09-12T18,14,3,11.7,0,35000,1
2026-09-12T18,14,3,11.8,166864,30656,5
2026-09-12T18,14,4,11.8,0,22355,1
2026-09-12T18,14,5,11.9,428232,0,4
2026-09-12T19,14,0,11.3,0,572,1
2026-09-12T19,14,0,11.4,7004,43989,3
2026-09-12T19,14,0,11.5,0,3665,4
2026-09-12T19,14,0,11.6,14936,1693,7
2026-09-12T19,14,0,11.7,0,5475,2
2026-09-12T19,14,0,11.8,19656,1006,4
2026-09-12T19,14,1,11.8,6115,32161,3
2026-09-12T19,14,2,11.9,325572,0,7
2026-09-12T19,14,3,11.9,0,64580,2
2026-09-12T19,14,4,11.9,0,225,1
2026-09-12T19,14,4,12.1,0,145,1
2026-09-12T19,14,5,11.9,62046,340070,2
2026-09-12T19,14,5,12.3,359490,0,1
2026-09-12T20,14,0,11.7,0,194,2
2026-09-12T20,14,0,11.8,0,5482,2
2026-09-12T20,14,2,11.8,49239,0,2
2026-09-12T20,14,2,11.9,225773,0,6
2026-09-12T20,14,3,12.1,179040,0,2
2026-09-12T20,14,4,11.9,23081,95356,2
2026-09-12T20,14,4,12.0,48000,16522,2
2026-09-12T20,14,5,12.3,0,25620,1
2026-09-12T20,14,6,12.5,127274,0,1
2026-09-12T20,14,6,12.6,0,70000,1
2026-09-12T21,14,0,11.3,0,10500,1
2026-09-12T21,14,0,11.4,4500,0,1
2026-09-12T21,14,0,11.5,0,3000,1
2026-09-12T21,14,0,11.6,0,7672,2
2026-09-12T21,14,0,11.7,0,565,1
2026-09-12T21,14,1,11.4,4554,0,1
2026-09-12T21,14,1,11.5,35489,6000,2
2026-09-12T21,14,1,11.6,57310,13704,2
2026-09-12T21,14,2,11.5,0,8444,1
2026-09-12T21,14,2,11.6,168793,0,1
2026-09-12T21,14,2,11.7,20713,30436,4
2026-09-12T21,14,2,11.8,147507,0,4
2026-09-12T21,14,3,12.0,13184,0,1
2026-09-12T21,14,3,12.1,30000,0,1
2026-09-12T22,14,0,11.2,0,119,1
2026-09-12T22,14,0,11.3,16557,9275,4
2026-09-12T22,14,0,11.4,299,9328,7
2026-09-12T22,14,1,11.1,0,1697,1
2026-09-12T22,14,1,11.2,0,17706,1
2026-09-12T22,14,1,11.4,19559,24979,4
2026-09-12T22,14,1,11.5,117528,0,5
2026-09-12T22,14,2,11.4,34213,16669,2
2026-09-12T22,14,2,11.5,0,41947,3
2026-09-12T22,14,2,11.6,8120,73087,2
2026-09-12T22,14,2,11.7,16228,0,1
2026-09-12T22,14,3,11.9,0,42117,2
2026-09-12T22,14,3,12.0,143034,36287,4
2026-09-12T22,14,3,12.1,19578,0,1
2026-09-12T22,14,4,12.0,0,23456,1
2026-09-12T23,14,0,11.1,0,5000,1
2026-09-12T23,14,0,11.2,299,6698,3
2026-09-12T23,14,0,11.3,0,8714,2
2026-09-12T23,14,1,11.2,0,2881,1
2026-09-12T23,14,1,11.3,153096,46904,8
2026-09-12T23,14,1,11.4,53072,0,3
2026-09-12T23,14,2,11.5,5,18686,2
2026-09-12T23,14,2,11.6,2949,0,1
2026-09-12T23,14,3,11.8,0,27000,1
2026-09-12T23,14,3,11.9,11167,8333,2
2026-09-12T23,14,3,12.1,50000,0,1
2026-09-13T00,14,0,11.2,0,2762,4
2026-09-13T00,14,0,11.3,2407,15113,7
2026-09-13T00,14,1,11.3,1785,12121,3
2026-09-13T00,14,1,11.4,94605,0,6
2026-09-13T00,14,2,11.4,0,23033,1
2026-09-13T00,14,2,11.5,0,14291,2
2026-09-13T00,14,2,11.6,61489,85562,3
2026-09-13T00,14,2,11.7,0,24599,1
2026-09-13T00,14,2,11.8,15487,0,1
2026-09-13T00,14,3,11.8,0,2865,1
2026-09-13T00,14,3,11.9,198010,0,1
2026-09-13T00,14,4,11.9,0,525,1
2026-09-13T01,14,0,11.1,0,641,1
2026-09-13T01,14,0,11.2,0,43857,3
2026-09-13T01,14,0,11.3,60043,211256,8
2026-09-13T01,14,1,11.2,8000,13334,2
2026-09-13T01,14,1,11.3,0,2400,2
2026-09-13T01,14,1,11.4,641792,0,7
2026-09-13T01,14,2,11.6,0,17009,2
2026-09-13T01,14,2,11.7,34636,6473,2
2026-09-13T01,14,3,11.7,0,12124,1
2026-09-13T02,14,0,11.2,0,4041,1
2026-09-13T02,14,0,11.3,997,2732,4
2026-09-13T02,14,1,11.4,244223,0,7
2026-09-13T02,14,2,11.3,19240,45760,3
2026-09-13T02,14,2,11.6,100,12471,4
2026-09-13T02,14,2,11.7,97286,56096,3
2026-09-13T02,14,3,11.7,0,5000,1
2026-09-13T02,14,4,11.8,311219,0,5
2026-09-13T03,14,0,11.2,0,35928,1
2026-09-13T03,14,0,11.3,0,6506,3
2026-09-13T03,14,0,11.4,6850,8036,4
2026-09-13T03,14,0,11.5,0,17093,1
2026-09-13T03,14,1,11.4,1000,26678,3
2026-09-13T03,14,1,11.5,166434,29940,9
2026-09-13T03,14,1,11.6,6690,0,2
2026-09-13T03,14,3,11.7,0,5578,1
2026-09-13T03,14,3,11.8,5695,39777,3
2026-09-13T03,14,3,11.9,0,48823,2
2026-09-13T03,14,3,12.0,39607,0,1
2026-09-13T03,14,4,11.8,16147,14066,2
2026-09-13T03,14,4,11.9,0,10000,1
2026-09-13T03,14,4,12.0,0,18869,1
2026-09-13T03,14,4,12.1,4600,0,1
2026-09-13T03,14,6,12.0,0,2465,1
2026-09-13T04,14,2,11.7,0,4,1
2026-09-13T04,14,2,11.8,19960,0,1
2026-09-14T04,14,0,11.2,0,5475,2
2026-09-14T04,14,0,11.3,0,10620,2
2026-09-14T04,14,0,11.4,1827,9362,4
2026-09-14T04,14,0,11.5,0,28099,2
2026-09-14T04,14,0,11.6,0,188,1
2026-09-14T04,14,1,11.4,0,25754,1
2026-09-14T04,14,1,11.5,98254,50153,6
2026-09-14T04,14,1,11.6,0,431007,1
2026-09-14T04,14,1,11.7,40689,0,1
2026-09-14T04,14,2,11.4,96755,7892,4
2026-09-14T04,14,2,11.5,0,28193,3
2026-09-14T04,14,2,11.6,0,4425,1
2026-09-14T04,14,2,11.8,0,49927,1
2026-09-14T04,14,3,11.4,0,180321,1
2026-09-14T04,14,3,11.7,1556,0,1
2026-09-14T04,14,3,11.9,0,100000,1
2026-09-14T04,14,4,11.5,0,31064,1
2026-09-14T04,14,4,11.6,160078,74549,5
2026-09-14T04,14,5,11.7,0,211366,2
2026-09-14T04,14,5,11.8,0,155630,1
2026-09-14T04,14,5,11.9,0,4297,1
2026-09-14T04,14,5,12.0,0,200000,1
2026-09-14T04,14,5,12.2,12707,0,1
2026-09-14T04,14,6,12.5,0,72726,1
2026-09-14T04,14,6,12.7,0,100000,1
2026-09-14T04,14,6,13.0,0,34255,1
2026-09-14T04,14,6,13.1,0,120000,1
2026-09-14T04,14,6,13.3,0,100000,1
2026-09-14T04,14,6,13.4,0,20000,1
2026-09-14T04,14,6,13.5,0,100000,1
2026-09-14T05,14,0,11.1,0,2807,1
2026-09-14T05,14,0,11.2,5997,1717,4
2026-09-14T05,14,0,11.3,0,50720,4
2026-09-14T05,14,0,11.4,58152,2842,5
2026-09-14T05,14,0,11.5,2000,0,1
2026-09-14T05,14,0,11.6,32896,3553,2
2026-09-14T05,14,1,11.5,0,2175,1
2026-09-14T05,14,1,11.6,0,22881,3
2026-09-14T05,14,1,11.7,31375,17498,6
2026-09-14T05,14,2,11.6,0,16773,1
2026-09-14T05,14,2,11.7,0,53770,2
2026-09-14T05,14,3,11.7,11301,54186,6
2026-09-14T05,14,3,11.8,193100,10550,6
2026-09-14T05,14,4,11.8,0,20000,1
2026-09-14T05,14,4,11.9,43709,0,1
2026-09-14T06,14,0,11.2,0,140,1
2026-09-14T06,14,0,11.3,0,7897,2
2026-09-14T06,14,0,11.4,38762,26874,5
2026-09-14T06,14,0,11.5,11466,0,2
2026-09-14T06,14,1,11.1,6000,3248,3
2026-09-14T06,14,1,11.3,0,1352,1
2026-09-14T06,14,1,11.4,0,9937,1
2026-09-14T06,14,1,11.5,19852,0,1
2026-09-14T06,14,1,11.6,0,3060,1
2026-09-14T06,14,2,11.5,0,6819,1
2026-09-14T06,14,2,11.6,5181,0,1
2026-09-14T06,14,3,11.7,80969,85296,5
2026-09-14T06,14,3,11.8,184790,22110,3
2026-09-14T06,14,4,11.8,0,32031,1
2026-09-14T06,14,5,12.2,200000,0,1
2026-09-14T07,14,0,11.4,1731,893,2
2026-09-14T07,14,1,11.5,18050,0,1
2026-09-14T07,14,2,11.3,11668,0,2
2026-09-14T07,14,2,11.4,41981,0,1
2026-09-14T07,14,3,11.5,227221,0,3
2026-09-14T07,14,4,11.9,35145,0,2
2026-09-14T08,14,0,11.1,172425,94,6
2026-09-14T08,14,0,11.2,707,11748,4
2026-09-14T08,14,1,11.2,0,2639,1
2026-09-14T08,14,1,11.3,48889,0,3
2026-09-14T08,14,2,11.1,0,14414,1
2026-09-14T08,14,2,11.2,2314,9634,2
2026-09-14T08,14,2,11.3,38320,19831,2
2026-09-14T08,14,3,11.3,0,30883,1
2026-09-14T08,14,3,11.4,61219,88781,4
2026-09-14T08,14,3,11.5,0,13764,1
2026-09-14T08,14,3,11.6,0,7506,2
2026-09-14T08,14,3,11.7,0,7186,1
2026-09-14T08,14,3,11.8,0,5000,1
2026-09-14T08,14,4,11.9,9378,96210,2
2026-09-14T08,14,5,12.0,40657,0,1
2026-09-14T09,14,0,11.1,35949,12778,6
2026-09-14T09,14,0,11.2,1058,78,2
2026-09-14T09,14,0,11.3,5800,0,2
2026-09-14T09,14,1,11.3,0,1111,1
2026-09-14T09,14,1,11.4,997,0,1
2026-09-14T09,14,1,11.5,0,4432,1
2026-09-14T09,14,1,11.6,0,2592,1
2026-09-14T09,14,1,11.7,11303,0,1
2026-09-14T09,14,2,11.3,0,597,1
2026-09-14T09,14,2,11.4,0,58666,2
2026-09-14T09,14,2,11.6,0,11741,1
2026-09-14T09,14,2,11.7,0,14325,1
2026-09-14T09,14,2,11.8,0,15105,2
2026-09-14T09,14,3,11.6,24031,0,1
2026-09-14T09,14,3,11.7,0,2300,1
2026-09-14T09,14,3,11.8,0,41151,1
2026-09-14T09,14,3,11.9,15742,0,1
2026-09-14T09,14,4,11.9,2796,3026,2
2026-09-14T09,14,11,12.2,3000,0,1
2026-09-14T10,14,0,11.1,27675,625,5
2026-09-14T10,14,0,11.2,3000,2103,2
2026-09-14T10,14,0,11.3,76508,0,2
2026-09-14T10,14,1,11.3,2402,27598,2
2026-09-14T10,14,1,11.4,0,1577,1
2026-09-14T10,14,1,11.6,15000,0,1
2026-09-14T10,14,1,11.7,4391,0,1
2026-09-14T10,14,2,11.5,0,2462,2
2026-09-14T10,14,2,11.6,0,5609,1
2026-09-14T10,14,3,11.4,0,100000,1
2026-09-14T10,14,3,11.6,8000,998,2
2026-09-14T10,14,3,11.7,0,38359,1
2026-09-14T10,14,3,11.8,0,34389,2
2026-09-14T10,14,3,11.9,354026,40116,4
2026-09-14T10,14,5,11.7,111298,88702,3
2026-09-14T10,14,5,12.0,37412,0,1
2026-09-14T11,14,0,11.1,260,827,3
2026-09-14T11,14,0,11.2,550,6675,4
2026-09-14T11,14,0,11.3,14014,82669,3
2026-09-14T11,14,0,11.4,0,2854,1
2026-09-14T11,14,0,11.5,397,46620,11
2026-09-14T11,14,0,11.6,62746,0,5
2026-09-14T11,14,1,11.5,0,3225,1
2026-09-14T11,14,1,11.6,0,37881,3
2026-09-14T11,14,1,11.7,4062,29451,3
2026-09-14T11,14,2,11.6,0,7000,1
2026-09-14T11,14,2,11.7,0,1826,1
2026-09-14T11,14,2,11.8,1117,30637,4
2026-09-14T11,14,2,11.9,1091,0,1
2026-09-14T11,14,3,11.8,0,16656,2
2026-09-14T11,14,3,11.9,22689,45974,3
2026-09-14T12,14,0,11.5,500,1080,3
2026-09-14T12,14,0,11.6,94100,5431,6
2026-09-14T12,14,1,11.5,0,672,1
2026-09-14T12,14,1,11.6,19122,16817,5
2026-09-14T12,14,1,11.7,36,29747,3
2026-09-14T12,14,1,11.8,7795,0,1
2026-09-14T12,14,3,11.9,0,1270,1
2026-09-14T12,14,4,11.7,37126,57524,2
2026-09-14T12,14,5,11.8,247385,2605,6
2026-09-14T12,14,5,12.0,30601,0,1
2026-09-14T13,14,0,11.5,4705,11465,7
2026-09-14T13,14,0,11.6,54463,0,5
2026-09-14T13,14,1,11.5,0,5504,1
2026-09-14T13,14,1,11.6,20171,8531,4
2026-09-14T13,14,1,11.7,0,9585,1
2026-09-14T13,14,2,11.6,0,13642,1
2026-09-14T13,14,2,11.9,29279,0,1
2026-09-14T13,14,3,11.7,0,89405,3
2026-09-14T13,14,4,11.8,176163,0,4
2026-09-14T14,14,0,11.2,0,3494,1
2026-09-14T14,14,0,11.3,0,606,1
2026-09-14T14,14,0,11.4,132108,41975,3
2026-09-14T14,14,0,11.5,28925,42032,5
2026-09-14T14,14,0,11.6,0,29954,4
2026-09-14T14,14,0,11.7,0,2156,2
2026-09-14T14,14,1,11.5,0,1,1
2026-09-14T14,14,1,11.6,17978,1413,3
2026-09-14T14,14,1,11.7,0,424,1
2026-09-14T14,14,2,11.6,0,33362,1
2026-09-14T14,14,2,11.7,16807,0,3
2026-09-14T14,14,2,11.8,40000,11451,2
2026-09-14T14,14,3,11.9,0,51883,1
2026-09-14T14,14,4,11.8,41762,14606,3
2026-09-14T14,14,5,12.0,15997,0,2
2026-09-14T14,14,10,12.4,0,5423,1
2026-09-14T14,14,10,12.5,111068,0,1
2026-09-14T14,14,11,12.2,0,7473,1
2026-09-14T15,14,0,11.6,11686,5138,3
2026-09-14T15,14,0,11.7,0,5923,2
2026-09-14T15,14,1,11.5,0,4792,2
2026-09-14T15,14,1,11.6,0,61678,2
2026-09-14T15,14,1,11.7,41587,48413,4
2026-09-14T15,14,1,11.8,101065,33212,6
2026-09-14T15,14,2,11.7,0,17959,1
2026-09-14T15,14,2,11.8,27890,55137,3
2026-09-14T15,14,2,11.9,663,0,1
2026-09-14T15,14,4,11.9,54878,121575,3
2026-09-14T15,14,5,12.0,22236,0,1
2026-09-14T15,14,6,12.1,0,822,1
2026-09-14T16,14,0,11.2,0,6016,1
2026-09-14T16,14,0,11.3,0,716,1
2026-09-14T16,14,0,11.4,2000,26793,2
2026-09-14T16,14,0,11.5,0,1804,2
2026-09-14T16,14,0,11.6,12981,7372,3
2026-09-14T16,14,0,11.7,0,6410,2
2026-09-14T16,14,1,11.5,0,20492,1
2026-09-14T16,14,1,11.6,1222,24865,3
2026-09-14T16,14,1,11.7,0,5235,1
2026-09-14T16,14,2,11.7,0,4946,1
2026-09-14T16,14,3,11.7,22228,6099,6
2026-09-14T16,14,3,11.8,20377,0,3
2026-09-14T16,14,4,11.7,0,46072,1
2026-09-14T16,14,4,11.9,20942,0,2
2026-09-14T17,14,0,11.4,0,846,1
2026-09-14T17,14,0,11.5,0,1383,2
2026-09-14T17,14,0,11.6,0,39305,4
2026-09-14T17,14,0,11.7,0,10524,3
2026-09-14T17,14,0,11.8,5000,13046,4
2026-09-14T17,14,0,11.9,1102,9896,2
2026-09-14T17,14,1,11.5,0,1447,1
2026-09-14T17,14,1,11.6,0,12736,1
2026-09-14T17,14,1,11.7,21064,25407,3
2026-09-14T17,14,1,11.8,5201,22235,2
2026-09-14T17,14,1,11.9,0,14645,2
2026-09-14T17,14,2,11.5,0,10000,1
2026-09-14T17,14,2,11.8,0,4389,1
2026-09-14T17,14,2,11.9,0,298869,3
2026-09-14T17,14,3,11.6,24521,19479,3
2026-09-14T17,14,3,11.8,0,135697,3
2026-09-14T17,14,3,11.9,3000,27101,2
2026-09-14T17,14,4,11.9,61315,91583,3
2026-09-14T17,14,5,12.0,183081,0,4
2026-09-14T18,14,0,11.4,0,1201,2
2026-09-14T18,14,0,11.5,10,5115,3
2026-09-14T18,14,0,11.6,0,16496,4
2026-09-14T18,14,0,11.7,26018,7736,3
2026-09-14T18,14,0,11.8,70,6202,2
2026-09-14T18,14,1,11.4,0,598,1
2026-09-14T18,14,1,11.5,0,5623,1
2026-09-14T18,14,1,11.6,0,32917,2
2026-09-14T18,14,1,11.7,0,492,1
2026-09-14T18,14,1,11.8,0,11028,2
2026-09-14T18,14,2,11.6,0,54197,1
2026-09-14T18,14,2,11.8,0,10930,1
2026-09-14T18,14,3,11.7,25942,19358,3
2026-09-14T18,14,3,11.8,7260,42224,3
2026-09-14T18,14,5,11.9,158705,0,3
2026-09-14T19,14,0,11.2,0,5958,2
2026-09-14T19,14,0,11.3,1846,70475,6
2026-09-14T19,14,0,11.4,17000,3944,2
2026-09-14T19,14,0,11.5,0,712,1
2026-09-14T19,14,0,11.6,56571,328,3
2026-09-14T19,14,1,11.3,0,5,2
2026-09-14T19,14,1,11.4,0,662,1
2026-09-14T19,14,1,11.5,12088,1112,2
2026-09-14T19,14,1,11.6,0,28409,1
2026-09-14T19,14,1,11.7,1039,4445,2
2026-09-14T19,14,1,11.8,259,0,1
2026-09-14T19,14,2,11.4,0,18803,1
2026-09-14T19,14,2,11.5,141414,6982,5
2026-09-14T19,14,2,11.6,0,6114,2
2026-09-14T19,14,2,11.7,0,5833,1
2026-09-14T19,14,3,11.3,0,109290,1
2026-09-14T19,14,3,11.6,0,8297,1
2026-09-14T19,14,3,11.7,154668,5332,3
2026-09-14T19,14,4,11.7,30885,23132,2
2026-09-14T19,14,4,11.8,0,63428,1
2026-09-14T19,14,5,11.9,112838,0,3
2026-09-14T20,14,0,11.6,0,24725,1
2026-09-14T20,14,0,11.7,0,27632,3
2026-09-14T20,14,0,11.8,47877,12863,4
2026-09-14T20,14,1,11.8,0,9981,3
2026-09-14T20,14,2,11.7,0,19408,1
2026-09-14T20,14,2,11.8,120874,35126,2
2026-09-14T20,14,2,11.9,13894,8296,2
2026-09-14T20,14,4,11.9,277160,0,5
2026-09-14T20,14,5,11.9,0,48119,1
2026-09-14T20,14,5,12.0,114696,0,2
2026-09-14T21,14,0,11.5,0,534,1
2026-09-14T21,14,0,11.7,0,779,1
2026-09-14T21,14,0,11.8,1154,2342,4
2026-09-14T21,14,1,11.6,0,10005,2
2026-09-14T21,14,1,11.7,0,244,1
2026-09-14T21,14,1,11.8,0,19319,1
2026-09-14T21,14,2,11.7,0,1213,1
2026-09-14T21,14,2,11.8,0,1933,1
2026-09-14T21,14,3,11.8,55047,1015,4
2026-09-14T21,14,4,11.9,522619,0,7
2026-09-14T22,14,0,11.4,0,2747,1
2026-09-14T22,14,0,11.5,7387,62790,3
2026-09-14T22,14,0,11.6,67961,6845,6
2026-09-14T22,14,0,11.7,0,285,1
2026-09-14T22,14,0,11.8,0,13741,1
2026-09-14T22,14,1,11.6,0,3134,1
2026-09-14T22,14,1,11.7,0,13400,1
2026-09-14T22,14,2,11.6,0,172492,1
2026-09-14T22,14,3,11.7,0,75850,3
2026-09-14T22,14,3,11.8,55407,79104,3
2026-09-14T22,14,4,11.8,32955,3006,2
2026-09-14T22,14,4,11.9,74043,0,1
2026-09-14T23,14,0,11.2,50,2540,2
2026-09-14T23,14,0,11.3,90,4989,2
2026-09-14T23,14,0,11.4,0,3857,2
2026-09-14T23,14,0,11.5,0,10630,4
2026-09-14T23,14,0,11.6,136363,0,6
2026-09-14T23,14,1,11.7,0,21994,1
2026-09-14T23,14,1,11.8,10000,0,1
2026-09-14T23,14,2,11.7,0,2000,1
2026-09-14T23,14,3,11.8,172098,56740,8
2026-09-14T23,14,4,11.9,74083,0,3
2026-09-15T00,14,0,11.4,3573,39934,3
2026-09-15T00,14,0,11.5,500,31570,2
2026-09-15T00,14,0,11.6,50401,0,2
2026-09-15T00,14,1,11.6,0,15589,1
2026-09-15T00,14,1,11.7,0,14275,1
2026-09-15T00,14,1,11.8,19435,1713,4
2026-09-15T00,14,2,11.8,0,50000,1
2026-09-15T00,14,4,11.9,75655,0,1
2026-09-15T00,14,5,11.9,96141,0,3
2026-09-15T01,14,0,10.8,0,5526,1
2026-09-15T01,14,0,11.1,0,1000,1
2026-09-15T01,14,0,11.2,0,22939,4
2026-09-15T01,14,0,11.3,105965,2852,7
2026-09-15T01,14,0,11.4,298,0,2
2026-09-15T01,14,0,11.6,14708,0,2
2026-09-15T01,14,1,11.5,0,2684,1
2026-09-15T01,14,2,11.5,0,17500,1
2026-09-15T01,14,2,11.6,83532,0,2
2026-09-15T01,14,2,11.8,0,39102,1
2026-09-15T01,14,3,11.5,72360,0,1
2026-09-15T01,14,3,11.8,0,7233,1
2026-09-15T01,14,4,11.9,155700,0,2
2026-09-15T01,14,5,11.8,0,2920,1
2026-09-15T01,14,5,11.9,2767,31361,2
2026-09-15T02,14,0,11.2,0,1192,2
2026-09-15T02,14,0,11.3,17179,151256,7
2026-09-15T02,14,0,11.4,53986,23379,4
2026-09-15T02,14,0,11.5,0,12395,2
2026-09-15T02,14,1,11.4,0,8350,1
2026-09-15T02,14,2,11.4,0,32687,1
2026-09-15T02,14,2,11.6,57891,0,3
2026-09-15T02,14,3,11.5,45209,14791,2
2026-09-15T02,14,3,11.6,0,2000,1
2026-09-15T03,14,0,10.8,0,3,1
2026-09-15T03,14,0,11.0,0,5602,1
2026-09-15T03,14,0,11.1,0,10054,1
2026-09-15T03,14,0,11.2,0,437,2
2026-09-15T03,14,0,11.3,26507,97495,4
2026-09-15T03,14,0,11.4,61590,17032,4
2026-09-15T03,14,1,11.5,11800,6317,2
2026-09-15T03,14,2,11.5,0,4000,1
2026-09-15T03,14,2,11.6,72630,31371,3
2026-09-15T03,14,3,11.6,0,1500,1
2026-09-15T03,14,3,11.7,33965,0,2
2026-09-15T03,14,4,11.7,0,111342,1
2026-09-15T04,14,0,11.2,0,3396,5
2026-09-15T04,14,0,11.3,96667,91907,12
2026-09-15T04,14,0,11.4,9324,8347,7
2026-09-15T04,14,0,11.5,8462,14386,4
2026-09-15T04,14,1,11.5,0,4697,1
2026-09-15T04,14,1,11.6,57315,2685,3
2026-09-15T04,14,2,11.5,12000,17424,2
2026-09-15T04,14,2,11.6,95442,72185,6
2026-09-15T04,14,3,11.6,0,23840,1
2026-09-15T04,14,3,11.7,30893,0,1
2026-09-15T04,14,4,11.6,0,2,1
2026-09-15T04,14,4,11.7,62837,1584,5
2026-09-15T05,14,0,11.2,0,14289,3
2026-09-15T05,14,0,11.3,0,19240,4
2026-09-15T05,14,0,11.4,215,13049,4
2026-09-15T05,14,0,11.5,0,31135,2
2026-09-15T05,14,0,11.6,25154,0,3
2026-09-15T05,14,1,11.4,0,20000,1
2026-09-15T05,14,1,11.6,0,9491,1
2026-09-15T05,14,2,11.6,0,65751,1
2026-09-15T05,14,3,11.4,0,139056,1
2026-09-15T05,14,4,11.5,251764,134240,8
2026-09-15T05,14,4,11.7,379708,0,4
2026-09-15T06,14,0,11.3,0,5712,3
2026-09-15T06,14,0,11.4,0,485,1
2026-09-15T06,14,0,11.6,97550,0,3
2026-09-15T06,14,1,11.4,50014,14600,5
2026-09-15T06,14,1,11.7,8475,0,1
2026-09-15T06,14,2,11.4,32632,22886,3
2026-09-15T06,14,2,11.7,0,13090,1
2026-09-15T06,14,3,11.7,0,57879,3
2026-09-15T06,14,4,11.5,87360,101390,2
2026-09-15T06,14,4,11.7,0,37640,1
2026-09-15T06,14,4,11.8,43315,0,1
2026-09-15T06,14,11,12.0,0,11862,1
2026-09-15T11,14,0,11.6,600,86881,3
2026-09-15T11,14,1,11.6,0,45556,1
2026-09-15T11,14,1,11.7,11733,46022,5
2026-09-15T11,14,1,11.8,5723,0,1
2026-09-15T11,14,2,11.7,0,2553,1
2026-09-15T11,14,3,11.8,0,3000,1
2026-09-15T11,14,4,11.8,0,29724,1
2026-09-15T11,14,4,11.9,761145,0,1
2026-09-15T11,14,5,12.0,7100,0,1
2026-09-15T12,14,0,11.3,0,8607,2
2026-09-15T12,14,0,11.4,0,341,1
2026-09-15T12,14,0,11.5,0,15214,3
2026-09-15T12,14,0,11.6,112668,27444,6
2026-09-15T12,14,0,11.7,0,42,1
2026-09-15T12,14,1,11.5,413,0,1
2026-09-15T12,14,1,11.7,0,21659,1
2026-09-15T12,14,1,11.8,47325,12244,3
2026-09-15T12,14,2,11.7,15937,9242,4
2026-09-15T12,14,2,11.8,3767,89174,4
2026-09-15T12,14,3,11.7,0,16278,1
2026-09-15T12,14,3,11.8,4028,3057,2
2026-09-15T12,14,3,11.9,5101,7000,2
2026-09-15T12,14,4,11.9,38298,179273,5
2026-09-15T12,14,5,12.0,0,491711,1
2026-09-15T13,14,0,11.4,0,4358,3
2026-09-15T13,14,0,11.5,8317,18488,6
2026-09-15T13,14,0,11.6,687,0,1
2026-09-15T13,14,1,11.3,0,32280,1
2026-09-15T13,14,1,11.5,0,19181,2
2026-09-15T13,14,1,11.6,4246,34210,3
2026-09-15T13,14,1,11.7,34820,0,1
2026-09-15T13,14,2,11.7,25750,81250,3
2026-09-15T13,14,2,11.8,20455,26016,3
2026-09-15T13,14,3,11.8,0,1500,1
2026-09-15T13,14,3,11.9,0,9678,2
2026-09-15T13,14,4,11.9,0,28142,1
2026-09-15T13,14,4,12.0,62122,0,4
2026-09-15T14,14,0,11.2,0,179,1
2026-09-15T14,14,0,11.3,121590,0,7
2026-09-15T14,14,1,11.5,343,2785,2
2026-09-15T14,14,1,11.6,30000,4403,3
2026-09-15T14,14,1,11.7,25799,1686,2
2026-09-15T14,14,2,11.5,0,26447,1
2026-09-15T14,14,2,11.6,0,10067,1
2026-09-15T14,14,2,11.7,66503,298689,2
2026-09-15T14,14,2,11.9,0,12000,1
2026-09-15T14,14,3,11.8,12620,0,1
2026-09-15T14,14,4,11.8,0,17500,1
2026-09-15T14,14,5,11.9,12494,0,1
2026-09-15T14,14,5,12.0,38479,0,1
2026-09-15T15,14,0,11.1,0,1144,2
2026-09-15T15,14,0,11.2,12547,26297,9
2026-09-15T15,14,0,11.3,109490,0,6
2026-09-15T15,14,1,11.3,0,4010,1
2026-09-15T15,14,1,11.4,0,3694,1
2026-09-15T15,14,1,11.5,7322,192,3
2026-09-15T15,14,2,11.6,0,2807,1
2026-09-15T15,14,3,11.7,75349,0,3
2026-09-15T16,14,0,11.2,0,1888,2
2026-09-15T16,14,0,11.3,76724,214453,9
2026-09-15T16,14,0,11.4,2590,20748,5
2026-09-15T16,14,0,11.5,0,34593,4
2026-09-15T16,14,1,11.3,0,1113,1
2026-09-15T16,14,1,11.4,0,758,1
2026-09-15T16,14,1,11.5,0,15924,4
2026-09-15T16,14,1,11.6,59112,0,4
2026-09-15T16,14,2,11.5,0,32400,2
2026-09-15T16,14,2,11.6,21424,5489,4
2026-09-15T16,14,2,11.7,25121,0,2
2026-09-15T16,14,3,11.6,15000,103079,3
2026-09-15T16,14,3,11.7,7445,43281,2
2026-09-15T16,14,4,11.7,0,1,1
2026-09-15T16,14,4,11.8,61797,0,1
2026-09-15T17,14,0,11.3,0,148,1
2026-09-15T17,14,0,11.4,17966,45737,4
2026-09-15T17,14,0,11.5,0,71509,3
2026-09-15T17,14,1,11.4,514,6314,2
2026-09-15T17,14,1,11.5,2000,49810,4
2026-09-15T17,14,1,11.6,76341,43027,9
2026-09-15T17,14,2,11.6,0,18670,4
2026-09-15T17,14,2,11.7,0,75243,2
2026-09-15T17,14,3,11.6,0,26092,1
2026-09-15T17,14,3,11.7,142495,40089,6
2026-09-15T17,14,3,11.8,284856,0,2
2026-09-15T17,14,4,11.8,11375,121614,4
2026-09-15T18,14,0,11.4,0,19167,3
2026-09-15T18,14,0,11.5,0,11785,4
2026-09-15T18,14,1,11.4,0,5532,1
2026-09-15T18,14,1,11.5,0,11403,2
2026-09-15T18,14,1,11.6,132066,0,4
2026-09-15T18,14,2,11.6,0,64983,2
2026-09-15T18,14,3,11.6,0,35879,2
2026-09-15T18,14,3,11.7,14108,0,1
2026-09-15T18,14,4,11.6,19460,0,2
2026-09-15T18,14,4,11.7,29151,94286,5
2026-09-15T19,14,0,11.2,0,11506,3
2026-09-15T19,14,0,11.3,0,16959,3
2026-09-15T19,14,0,11.4,14198,18887,8
2026-09-15T19,14,1,11.4,36272,16092,4
2026-09-15T19,14,2,11.4,0,5577,1
2026-09-15T19,14,2,11.5,237420,0,7
2026-09-15T19,14,4,11.6,69509,0,2
2026-09-15T20,14,0,11.4,0,8572,4
2026-09-15T20,14,0,11.5,61011,5662,5
2026-09-15T20,14,0,11.6,19869,3296,2
2026-09-15T20,14,1,11.4,0,2041,1
2026-09-15T20,14,1,11.5,0,6157,1
2026-09-15T20,14,1,11.6,77700,12307,4
2026-09-15T20,14,1,11.7,15342,0,1
2026-09-15T20,14,2,11.5,107399,98836,3
2026-09-15T20,14,2,11.6,8000,1246,3
2026-09-15T20,14,3,11.6,0,109728,1
2026-09-15T20,14,3,11.7,0,32268,1
2026-09-15T20,14,3,11.8,39299,0,1
2026-09-15T20,14,4,11.6,34742,21289,2
2026-09-15T20,14,4,11.7,267938,4167,6
2026-09-15T20,14,5,11.8,22685,31071,2
2026-09-15T20,14,6,12.4,30000,0,1
2026-09-15T21,14,0,11.2,0,7941,2
2026-09-15T21,14,0,11.3,0,2156,2
2026-09-15T21,14,0,11.4,0,1500,1
2026-09-15T21,14,0,11.5,90123,36222,6
2026-09-15T21,14,1,11.3,0,721,1
2026-09-15T21,14,1,11.4,2641,13088,3
2026-09-15T21,14,1,11.5,135,27030,3
2026-09-15T21,14,1,11.6,42176,16666,4
2026-09-15T21,14,2,11.6,193583,56071,7
2026-09-15T21,14,2,11.7,0,2692,1
2026-09-15T21,14,3,11.7,101761,57639,5
2026-09-15T21,14,3,11.8,71053,0,1
2026-09-15T21,14,4,11.7,4094,36851,2
2026-09-15T22,14,0,11.2,0,151,1
2026-09-15T22,14,0,11.3,0,270,1
2026-09-15T22,14,0,11.4,0,2333,2
2026-09-15T22,14,0,11.5,0,17311,2
2026-09-15T22,14,0,11.6,19658,0,2
2026-09-15T22,14,1,11.5,0,384,1
2026-09-15T22,14,1,11.6,11729,68799,4
2026-09-15T22,14,1,11.7,0,40167,2
2026-09-15T22,14,2,11.6,0,38454,1
2026-09-15T22,14,3,11.7,0,10842,2
2026-09-15T22,14,3,11.8,39216,92172,2
2026-09-16T04,14,0,11.6,0,63758,3
2026-09-16T04,14,2,11.8,63510,0,1
2026-09-16T04,14,3,11.6,17090,0,1
2026-09-16T04,14,3,11.7,0,12000,1
2026-09-16T04,14,3,11.8,0,360784,1
2026-09-16T04,14,4,11.8,0,78417,3
2026-09-16T04,14,5,11.9,188695,0,2
2026-09-16T05,14,0,11.0,0,3459,2
2026-09-16T05,14,0,11.1,17815,0,2
2026-09-16T05,14,0,11.4,0,13965,5
2026-09-16T05,14,0,11.5,966,25139,2
2026-09-16T05,14,0,11.6,626,0,1
2026-09-16T05,14,1,11.5,0,11069,2
2026-09-16T05,14,1,11.6,42024,57334,6
2026-09-16T05,14,1,11.7,26589,0,2
2026-09-16T05,14,2,11.4,0,12212,1
2026-09-16T05,14,2,11.5,67976,110614,3
2026-09-16T05,14,2,11.7,0,262,1
2026-09-16T05,14,3,11.6,0,6313,1
2026-09-16T05,14,3,11.7,0,9249,2
2026-09-16T05,14,3,11.8,28419,0,1
2026-09-16T05,14,4,11.7,0,70222,1
2026-09-16T05,14,4,11.8,88360,0,3
2026-09-16T05,14,5,11.8,82746,23312,2
2026-09-16T06,14,0,11.0,0,5180,1
2026-09-16T06,14,0,11.1,32879,22112,5
2026-09-16T06,14,0,11.2,800,24730,5
2026-09-16T06,14,0,11.3,0,24206,3
2026-09-16T06,14,0,11.4,2447,12589,3
2026-09-16T06,14,0,11.5,0,889,1
2026-09-16T06,14,0,11.6,0,20630,3
2026-09-16T06,14,1,11.5,0,13500,1
2026-09-16T06,14,1,11.6,17195,515,2
2026-09-16T06,14,1,11.7,10536,0,2
2026-09-16T06,14,2,11.6,0,261,1
2026-09-16T06,14,2,11.7,4424,5810,2
2026-09-16T06,14,2,11.8,17544,0,1
2026-09-16T06,14,3,11.7,33910,20000,3
2026-09-16T06,14,3,11.8,0,51581,2
2026-09-16T06,14,4,11.8,11554,38485,2
2026-09-16T06,14,6,12.3,53235,0,1
2026-09-16T07,14,0,11.2,0,3933,2
2026-09-16T07,14,0,11.3,4613,12341,5
2026-09-16T07,14,0,11.4,42805,0,5
2026-09-16T07,14,0,11.5,0,1924,1
2026-09-16T07,14,1,11.6,0,15000,1
2026-09-16T07,14,1,11.7,129881,0,4
2026-09-16T07,14,2,11.6,0,10327,2
2026-09-16T07,14,2,11.7,0,30653,2
2026-09-16T07,14,3,11.7,0,43106,1
2026-09-16T07,14,3,11.8,80862,0,2
2026-09-16T07,14,4,11.7,8605,0,1
2026-09-16T07,14,4,11.8,136914,44444,5
2026-09-16T08,14,0,11.1,0,2052,1
2026-09-16T08,14,0,11.2,0,34390,1
2026-09-16T08,14,0,11.3,1300,309,2
2026-09-16T08,14,0,11.4,7717,518,4
2026-09-16T08,14,0,11.5,0,14594,1
2026-09-16T08,14,0,11.6,0,10467,1
2026-09-16T08,14,1,11.7,30722,0,1
2026-09-16T08,14,2,11.5,0,25000,1
2026-09-16T08,14,2,11.6,3658,28342,3
2026-09-16T08,14,3,11.7,85747,0,3
2026-09-16T08,14,3,11.8,182416,0,1
2026-09-16T08,14,4,11.7,21695,24728,2
2026-09-16T08,14,4,11.8,0,10521,1
2026-09-16T08,14,5,11.9,19990,0,1
2026-09-16T09,14,0,11.0,500,8000,3
2026-09-16T09,14,0,11.1,0,6152,2
2026-09-16T09,14,0,11.2,11097,6961,4
2026-09-16T09,14,0,11.3,0,33545,3
2026-09-16T09,14,0,11.4,9452,33823,5
2026-09-16T09,14,2,11.2,38891,16031,4
2026-09-16T09,14,2,11.4,0,2006,2
2026-09-16T09,14,2,11.5,26146,30003,5
2026-09-16T09,14,2,11.6,8592,29294,3
2026-09-16T09,14,4,11.7,36970,0,1
2026-09-16T10,14,0,11.2,0,500,1
2026-09-16T10,14,0,11.3,13472,13264,5
2026-09-16T10,14,0,11.4,9753,4163,4
2026-09-16T10,14,0,11.5,10296,8592,2
2026-09-16T10,14,1,11.4,0,838,1
2026-09-16T10,14,1,11.5,0,48230,2
2026-09-16T10,14,1,11.6,90444,48000,4
2026-09-16T10,14,3,11.7,123120,17680,5
2026-09-16T10,14,4,11.7,13716,14749,2
2026-09-16T10,14,5,11.8,24940,0,1
2026-09-16T11,14,0,10.8,0,17887,3
2026-09-16T11,14,0,10.9,39537,38257,3
2026-09-16T11,14,0,11.0,2000,3484,3
2026-09-16T11,14,0,11.5,17658,344,4
2026-09-16T11,14,0,11.6,0,3898,2
2026-09-16T11,14,1,11.5,0,3500,1
2026-09-16T11,14,1,11.6,0,96515,5
2026-09-16T11,14,1,11.7,165114,0,5
2026-09-16T11,14,2,11.7,41796,14094,3
2026-09-16T11,14,2,11.8,206455,0,3
2026-09-16T11,14,3,11.8,0,28093,1
2026-09-16T11,14,5,11.8,40540,338428,2
2026-09-16T11,14,5,11.9,91042,0,1
2026-09-16T11,14,11,11.9,15720,958,2
2026-09-16T12,14,0,11.2,0,112,2
2026-09-16T12,14,0,11.3,396,3404,3
2026-09-16T12,14,0,11.4,560,5551,3
2026-09-16T12,14,0,11.5,3685,17473,6
2026-09-16T12,14,0,11.6,639,8181,2
2026-09-16T12,14,1,11.6,33613,33597,6
2026-09-16T12,14,1,11.7,110700,0,3
2026-09-16T12,14,2,11.7,3898,1102,2
2026-09-16T12,14,2,11.8,202925,60566,4
2026-09-16T12,14,3,11.8,0,36208,1
2026-09-16T12,14,5,11.9,22227,0,1
2026-09-16T13,14,0,11.1,2323,0,1
2026-09-16T13,14,0,11.3,0,40286,1
2026-09-16T13,14,0,11.4,2700,5247,4
2026-09-16T13,14,0,11.5,0,2876,2
2026-09-16T13,14,0,11.6,0,7035,3
2026-09-16T13,14,1,11.6,0,30000,1
2026-09-16T13,14,1,11.7,172882,0,4
2026-09-16T13,14,2,11.7,0,1704,2
2026-09-16T13,14,3,11.8,79101,4539,3
2026-09-16T13,14,4,11.8,190410,165930,2
2026-09-16T13,14,4,11.9,226573,0,3
2026-09-16T13,14,5,11.9,0,785816,1
2026-09-16T14,14,0,10.8,0,9086,1
2026-09-16T14,14,0,10.9,0,9319,1
2026-09-16T14,14,0,11.1,0,4877,1
2026-09-16T14,14,0,11.2,469,652,3
2026-09-16T14,14,0,11.3,0,785,1
2026-09-16T14,14,0,11.4,0,4820,3
2026-09-16T14,14,0,11.5,0,1344,2
2026-09-16T14,14,0,11.6,22998,30313,4
2026-09-16T14,14,1,11.6,0,27697,2
2026-09-16T14,14,1,11.7,100303,0,4
2026-09-16T14,14,2,11.7,0,26581,2
2026-09-16T14,14,2,11.8,0,10000,1
2026-09-16T14,14,3,11.8,0,56967,1
2026-09-16T14,14,4,11.8,46000,42669,2
2026-09-16T14,14,4,11.9,5201,0,1
2026-09-16T14,14,5,11.9,93033,0,1
2026-09-16T14,14,10,12.5,0,555598,1
2026-09-16T15,14,0,11.3,0,354,1
2026-09-16T15,14,0,11.4,18058,0,2
2026-09-16T15,14,0,11.5,29753,49864,6
2026-09-16T15,14,0,11.6,26398,0,3
2026-09-16T15,14,1,11.6,0,10000,1
2026-09-16T15,14,1,11.7,21996,323548,5
2026-09-16T15,14,2,11.6,74727,0,2
2026-09-16T15,14,2,11.8,0,1223,1
2026-09-16T15,14,4,11.8,0,58848,2
2026-09-16T15,14,4,11.9,90062,0,2
2026-09-16T15,14,5,11.8,0,100000,1
2026-09-16T15,14,5,11.9,62652,82770,3
2026-09-16T15,14,10,12.0,0,1031197,1
2026-09-16T15,14,10,14.0,31320,0,1
2026-09-16T16,14,0,11.0,0,855,2
2026-09-16T16,14,0,11.1,9859,71470,3
2026-09-16T16,14,0,11.2,0,300,1
2026-09-16T16,14,0,11.4,24711,0,2
2026-09-16T16,14,1,11.1,24274,726,2
2026-09-16T16,14,1,11.2,4000,12954,2
2026-09-16T16,14,1,11.3,61896,26925,2
2026-09-16T16,14,1,11.4,0,7199,1
2026-09-16T16,14,1,11.5,0,15535,1
2026-09-16T16,14,2,11.5,20293,35031,3
2026-09-16T16,14,2,11.6,75520,39753,3
2026-09-16T16,14,3,11.7,0,29294,2
2026-09-16T16,14,3,11.8,130950,0,1
2026-09-16T16,14,4,11.8,31953,61036,2
2026-09-16T17,14,0,10.9,0,7460,1
2026-09-16T17,14,0,11.0,0,2709,1
2026-09-16T17,14,0,11.1,0,13467,3
2026-09-16T17,14,0,11.2,7146,14686,4
2026-09-16T17,14,0,11.3,26527,63642,8
2026-09-16T17,14,0,11.4,10225,15365,4
2026-09-16T17,14,0,11.5,4071,3329,2
2026-09-16T17,14,1,11.5,0,7747,1
2026-09-16T17,14,1,11.6,0,2314,1
2026-09-16T17,14,1,11.7,35471,610,4
2026-09-16T17,14,2,11.6,0,2928,1
2026-09-16T17,14,2,11.7,104377,17345,3
2026-09-16T17,14,3,11.8,161866,0,3
2026-09-16T18,14,0,11.3,0,679,1
2026-09-16T18,14,0,11.4,0,2564,3
2026-09-16T18,14,0,11.5,28680,41452,9
2026-09-16T18,14,0,11.6,5786,93672,7
2026-09-16T18,14,1,11.6,1000,1951,2
2026-09-16T18,14,1,11.7,2279,0,1
2026-09-16T18,14,2,11.7,22684,39034,4
2026-09-16T18,14,3,11.8,192002,0,4
2026-09-16T18,14,4,11.7,34559,0,2
2026-09-16T19,14,0,11.3,0,31,1
2026-09-16T19,14,0,11.4,0,524,1
2026-09-16T19,14,0,11.5,0,774,3
2026-09-16T19,14,0,11.6,0,16353,2
2026-09-16T19,14,0,11.7,0,15600,2
2026-09-16T19,14,1,11.6,26854,10547,6
2026-09-16T19,14,1,11.7,0,3715,1
2026-09-16T19,14,2,11.6,0,18098,2
2026-09-16T19,14,2,11.7,27105,117080,4
2026-09-16T19,14,3,11.7,0,118649,1
2026-09-16T19,14,3,11.8,87894,0,4
2026-09-16T19,14,4,11.7,0,45008,1
2026-09-16T19,14,4,11.9,22517,0,1
2026-09-16T21,14,0,11.4,0,1037,1
2026-09-16T21,14,0,11.5,0,15003,2
2026-09-16T21,14,0,11.6,0,1103,3
2026-09-16T21,14,0,11.7,94426,0,2
2026-09-16T21,14,1,11.6,0,11145,1
2026-09-16T21,14,1,11.7,0,3307,1
2026-09-16T21,14,1,11.8,0,222760,3
2026-09-16T21,14,1,11.9,0,7619,1
2026-09-16T21,14,2,11.9,33282,0,1
2026-09-16T21,14,3,11.8,0,195789,2
2026-09-16T21,14,3,11.9,26241,432913,4
2026-09-16T21,14,4,11.9,0,260532,2
2026-09-16T21,14,5,12.0,124522,51093,3
2026-09-16T22,14,0,10.8,0,100,1
2026-09-16T22,14,0,10.9,0,2208,1
2026-09-16T22,14,0,11.0,0,100,1
2026-09-16T22,14,0,11.2,0,436,1
2026-09-16T22,14,0,11.3,0,4257,1
2026-09-16T22,14,0,11.4,0,300,1
2026-09-16T22,14,0,11.5,0,7811,3
2026-09-16T22,14,0,11.6,0,17057,4
2026-09-16T22,14,0,11.7,94186,0,5
2026-09-16T22,14,2,11.6,0,1500,1
2026-09-16T22,14,2,11.7,10500,9781,3
2026-09-16T22,14,2,11.8,0,3,1
2026-09-16T22,14,3,11.7,0,5483,1
2026-09-16T22,14,3,11.8,0,5689,3
2026-09-16T22,14,3,11.9,10000,63759,2
2026-09-16T22,14,4,12.0,22150,0,1
2026-09-17T04,14,0,11.4,0,118,1
2026-09-17T04,14,0,11.6,0,3181,1
2026-09-17T04,14,0,11.7,543,0,1
2026-09-17T04,14,1,11.7,0,94957,1
2026-09-17T04,14,2,11.8,0,11300,1
2026-09-17T04,14,3,11.8,0,30000,1
2026-09-17T04,14,3,11.9,0,36680,1
2026-09-17T04,14,4,11.9,0,113941,1
2026-09-17T04,14,4,12.0,4689,0,1
2026-09-17T05,14,0,11.3,90129,861,5
2026-09-17T05,14,0,11.4,750,0,1
2026-09-17T05,14,0,11.6,0,1547,1
2026-09-17T05,14,0,11.7,45,0,1
2026-09-17T05,14,1,11.6,0,6334,1
2026-09-17T05,14,1,11.7,45853,14700,7
2026-09-17T05,14,2,11.7,60430,58,2
2026-09-17T05,14,2,11.9,27408,12592,2
2026-09-17T05,14,3,11.8,12000,2469,2
2026-09-17T05,14,3,11.9,2270,36730,3
2026-09-17T05,14,3,12.0,24502,0,1
2026-09-17T05,14,4,11.9,0,7870,1
2026-09-17T05,14,4,12.0,206955,15219,5
2026-09-17T06,14,0,10.9,0,329,1
2026-09-17T06,14,0,11.0,0,6806,1
2026-09-17T06,14,0,11.1,0,13780,1
2026-09-17T06,14,0,11.2,0,6805,2
2026-09-17T06,14,0,11.3,0,2178,1
2026-09-17T06,14,0,11.4,0,9665,2
2026-09-17T06,14,0,11.5,0,1253,2
2026-09-17T06,14,0,11.6,0,5000,1
2026-09-17T06,14,0,11.7,0,16146,6
2026-09-17T06,14,0,11.9,0,14240,2
2026-09-17T06,14,1,11.3,9000,3334,4
2026-09-17T06,14,1,11.5,0,1983,1
2026-09-17T06,14,1,11.6,0,804,1
2026-09-17T06,14,1,11.7,0,23106,2
2026-09-17T06,14,1,11.8,0,41273,1
2026-09-17T06,14,1,11.9,9364,12719,3
2026-09-17T06,14,2,11.7,0,4688,1
2026-09-17T06,14,2,11.8,5742,4258,3
2026-09-17T06,14,2,11.9,181531,11061,2
2026-09-17T06,14,3,12.0,186763,0,5
2026-09-17T06,14,5,12.1,42422,0,2
2026-09-17T06,14,6,12.3,26000,0,1
2026-09-17T07,14,0,11.4,0,1076,3
2026-09-17T07,14,0,11.5,0,7086,4
2026-09-17T07,14,0,11.6,120253,345,5
2026-09-17T07,14,0,11.7,2970,0,2
2026-09-17T07,14,0,11.8,0,7989,2
2026-09-17T07,14,0,11.9,0,100,1
2026-09-17T07,14,1,11.9,20812,0,1
2026-09-17T07,14,2,11.7,113639,6500,4
2026-09-17T07,14,2,11.8,0,8050,1
2026-09-17T07,14,3,11.9,0,19456,1
2026-09-17T07,14,3,12.0,259567,144894,6
2026-09-17T07,14,5,12.1,61682,0,1
2026-09-17T07,14,6,12.3,6000,0,1
2026-09-17T08,14,0,11.2,0,202,1
2026-09-17T08,14,0,11.3,0,5502,1
2026-09-17T08,14,0,11.4,19797,44655,4
2026-09-17T08,14,0,11.5,0,2137,4
2026-09-17T08,14,0,11.6,52911,0,4
2026-09-17T08,14,1,11.5,0,1336,1
2026-09-17T08,14,1,11.6,207,0,1
2026-09-17T08,14,1,11.8,0,1698,1
2026-09-17T08,14,1,11.9,8990,1599,3
2026-09-17T08,14,3,12.0,123601,57415,4
2026-09-17T08,14,4,11.8,2000,113359,2
2026-09-17T08,14,5,12.0,1705,0,1
2026-09-17T09,14,0,11.1,0,12600,1
2026-09-17T09,14,0,11.2,0,116,1
2026-09-17T09,14,0,11.3,2,4180,4
2026-09-17T09,14,0,11.4,0,32367,3
2026-09-17T09,14,0,11.5,8734,14956,7
2026-09-17T09,14,0,11.6,48212,0,3
2026-09-17T09,14,1,11.6,0,3038,2
2026-09-17T09,14,1,11.7,0,30000,1
2026-09-17T09,14,1,11.8,0,41608,1
2026-09-17T09,14,2,11.6,0,10695,1
2026-09-17T09,14,2,11.7,0,548,1
2026-09-17T09,14,2,11.8,0,36966,2
2026-09-17T09,14,3,11.7,15000,65000,2
2026-09-17T09,14,3,11.8,0,4000,1
2026-09-17T09,14,4,11.8,0,100000,1
2026-09-17T09,14,4,11.9,65026,0,2
2026-09-17T09,14,5,11.9,5636,0,1
2026-09-17T10,14,0,10.9,0,2398,1
2026-09-17T10,14,0,11.0,0,704,1
2026-09-17T10,14,0,11.1,0,964,1
2026-09-17T10,14,0,11.2,0,436,1
2026-09-17T10,14,0,11.5,0,35573,6
2026-09-17T10,14,0,11.6,37626,12390,5
2026-09-17T10,14,0,11.7,0,4886,2
2026-09-17T10,14,1,11.6,56057,6188,5
2026-09-17T10,14,1,11.7,20722,2464,3
2026-09-17T10,14,2,11.7,1000,5000,2
2026-09-17T10,14,2,11.8,12779,22325,4
2026-09-17T10,14,3,11.8,0,1300,1
2026-09-17T10,14,3,12.0,10,100871,2
2026-09-17T10,14,4,11.8,0,2000,1
2026-09-17T10,14,4,11.9,0,41302,1
2026-09-17T10,14,5,11.9,0,119064,1
2026-09-17T10,14,5,12.0,23130,75165,2
2026-09-17T10,14,6,12.0,0,100000,1
2026-09-17T11,14,0,11.3,33,1584,2
2026-09-17T11,14,0,11.4,0,20645,5
2026-09-17T11,14,0,11.5,6000,11541,4
2026-09-17T11,14,0,11.6,30327,19717,4
2026-09-17T11,14,1,11.5,4844,0,2
2026-09-17T11,14,1,11.6,0,3550,2
2026-09-17T11,14,1,11.8,7003,0,1
2026-09-17T11,14,3,11.7,95080,4920,5
2026-09-17T11,14,3,11.9,0,1300,1
2026-09-17T11,14,4,11.9,21512,0,1
2026-09-17T11,14,4,12.0,24000,0,2
2026-09-17T11,14,11,12.1,0,14275,1
2026-09-17T12,14,0,11.5,12293,0,3
2026-09-17T12,14,0,11.7,19023,11582,4
2026-09-17T12,14,1,11.5,0,2304,1
2026-09-17T12,14,1,11.7,0,1616,1
2026-09-17T12,14,1,11.8,13042,5230,5
2026-09-17T12,14,2,11.7,0,345,1
2026-09-17T12,14,2,11.8,0,1783,1
2026-09-17T12,14,2,11.9,0,19957,1
2026-09-17T12,14,2,12.0,0,268600,3
2026-09-17T12,14,2,12.1,0,47726,1
2026-09-17T12,14,3,11.8,1655,2878,2
2026-09-17T12,14,3,12.0,10036,4065,2
2026-09-17T12,14,3,12.1,0,110251,3
2026-09-17T12,14,4,11.9,0,57874,1
2026-09-17T12,14,4,12.0,70000,246051,3
2026-09-17T12,14,4,12.1,0,60774,1
2026-09-17T12,14,5,12.1,0,195896,1
2026-09-17T12,14,5,12.2,35569,0,1
2026-09-17T12,14,6,12.2,0,100000,1
2026-09-17T13,14,0,11.0,0,551,1
2026-09-17T13,14,0,11.1,0,4941,3
2026-09-17T13,14,0,11.2,0,950,1
2026-09-17T13,14,0,11.3,2,4352,3
2026-09-17T13,14,0,11.4,0,6766,4
2026-09-17T13,14,0,11.5,8276,38798,7
2026-09-17T13,14,0,11.6,6765,4145,2
2026-09-17T13,14,0,11.7,0,21,1
2026-09-17T13,14,0,11.8,0,1796,2
2026-09-17T13,14,1,11.6,0,13617,2
2026-09-17T13,14,1,11.7,0,9337,1
2026-09-17T13,14,1,11.8,8453,10000,3
2026-09-17T13,14,1,11.9,28827,0,3
2026-09-17T13,14,2,12.0,0,38988,1
2026-09-17T13,14,3,12.1,38295,42000,2
2026-09-17T13,14,4,12.0,63905,68215,2
2026-09-17T13,14,5,12.2,150797,0,1
2026-09-17T13,14,6,12.3,22100,0,1
2026-09-17T13,14,11,14.0,0,14275,1
2026-09-17T14,14,0,11.3,0,8890,1
2026-09-17T14,14,0,11.4,0,4469,3
2026-09-17T14,14,0,11.5,8898,47459,4
2026-09-17T14,14,0,11.6,0,1472,2
2026-09-17T14,14,0,11.7,44404,27579,7
2026-09-17T14,14,0,11.8,0,3836,2
2026-09-17T14,14,1,11.7,45307,28854,3
2026-09-17T14,14,2,11.8,1278,2485,2
2026-09-17T14,14,2,11.9,12887,9351,2
2026-09-17T14,14,3,11.8,0,59695,1
2026-09-17T14,14,4,11.9,75969,195232,4
2026-09-17T15,14,0,11.1,0,383,1
2026-09-17T15,14,0,11.2,0,3318,1
2026-09-17T15,14,0,11.3,11000,3023,2
2026-09-17T15,14,0,11.4,3125,1524,3
2026-09-17T15,14,0,11.5,7500,2563,4
2026-09-17T15,14,0,11.6,8300,6617,6
2026-09-17T15,14,0,11.7,14679,63557,4
2026-09-17T15,14,0,11.8,12764,0,2
2026-09-17T15,14,1,11.6,0,18489,1
2026-09-17T15,14,1,11.7,0,57270,1
2026-09-17T15,14,1,11.8,0,31100,2
2026-09-17T15,14,1,11.9,0,32892,1
2026-09-17T15,14,2,11.7,0,9076,1
2026-09-17T15,14,2,11.8,0,44161,1
2026-09-17T15,14,2,11.9,11454,9531,3
2026-09-17T15,14,3,11.9,0,102500,2
2026-09-17T15,14,4,12.0,127843,0,5
2026-09-17T16,14,0,11.3,13953,88,4
2026-09-17T16,14,0,11.4,30,0,1
2026-09-17T16,14,0,11.6,11040,163,2
2026-09-17T16,14,0,11.7,0,1400,1
2026-09-17T16,14,0,11.8,18539,0,2
2026-09-17T16,14,1,11.5,0,2238,1
2026-09-17T16,14,1,11.6,0,33476,2
2026-09-17T16,14,1,11.7,58504,0,2
2026-09-17T16,14,2,11.9,27,20059,4
2026-09-17T16,14,2,12.0,109121,17585,3
2026-09-17T16,14,3,12.0,0,30000,1
2026-09-17T16,14,3,12.1,11719,15986,2
2026-09-17T16,14,4,11.9,0,74000,1
2026-09-17T16,14,4,12.0,262976,82874,7
2026-09-17T16,14,5,12.2,26477,0,1
2026-09-17T17,14,0,11.3,0,21169,1
2026-09-17T17,14,0,11.4,0,121,1
2026-09-17T17,14,0,11.5,0,21051,4
2026-09-17T17,14,0,11.6,143039,42692,7
2026-09-17T17,14,0,11.7,48201,0,3
2026-09-17T17,14,1,11.7,0,38480,1
2026-09-17T17,14,1,11.8,0,5443,1
2026-09-17T17,14,1,11.9,0,100288,2
2026-09-17T17,14,2,11.5,115071,0,3
2026-09-17T17,14,2,11.9,0,25454,2
2026-09-17T17,14,4,12.0,151339,0,4
2026-09-17T18,14,0,11.2,0,2764,1
2026-09-17T18,14,0,11.3,0,4501,1
2026-09-17T18,14,0,11.4,0,857,2
2026-09-17T18,14,0,11.5,0,15733,6
2026-09-17T18,14,0,11.6,23689,35199,5
2026-09-17T18,14,1,11.6,0,39497,2
2026-09-17T18,14,1,11.7,1225,10455,3
2026-09-17T18,14,2,11.5,86464,34492,2
2026-09-17T18,14,2,11.7,0,11743,1
2026-09-17T18,14,2,11.8,20915,0,2
2026-09-17T18,14,2,11.9,9015,32912,2
2026-09-17T18,14,3,12.0,0,6230,1
2026-09-17T18,14,3,12.1,0,28642,1
2026-09-17T18,14,4,12.0,0,48661,1
2026-09-17T18,14,4,12.1,46732,24135,3
2026-09-17T18,14,5,12.1,0,43121,1
2026-09-17T18,14,5,12.2,484189,0,4
2026-09-17T19,14,0,11.3,0,189,1
2026-09-17T19,14,0,11.4,0,6499,2
2026-09-17T19,14,0,11.5,0,2637,1
2026-09-17T19,14,0,11.6,0,28575,8
2026-09-17T19,14,0,11.7,43180,158812,7
2026-09-17T19,14,0,11.8,0,50990,1
2026-09-17T19,14,1,11.7,38465,21926,5
2026-09-17T19,14,1,11.8,19341,3618,4
2026-09-17T19,14,2,11.8,280135,58404,4
2026-09-17T19,14,2,11.9,90079,25170,5
2026-09-17T19,14,2,12.0,0,12395,1
2026-09-17T19,14,2,12.1,0,102922,1
2026-09-17T19,14,3,11.9,0,81041,1
2026-09-17T19,14,3,12.1,63000,0,2
2026-09-17T19,14,4,12.1,0,155968,1
2026-09-17T20,14,0,11.6,0,4867,4
2026-09-17T20,14,0,11.7,8875,20284,5
2026-09-17T20,14,0,11.8,0,7207,7
2026-09-17T20,14,0,11.9,0,58,1
2026-09-17T20,14,1,11.8,44780,73464,6
2026-09-17T20,14,1,11.9,0,11521,1
2026-09-17T20,14,2,11.8,0,11707,2
2026-09-17T20,14,2,11.9,307261,44549,7
2026-09-17T20,14,3,11.9,0,20397,1
2026-09-17T20,14,3,12.0,177261,0,5
2026-09-17T20,14,4,12.0,0,170666,1
2026-09-17T21,14,0,11.4,173,46130,3
2026-09-17T21,14,0,11.5,73115,12032,5
2026-09-17T21,14,0,11.6,13577,5196,3
2026-09-17T21,14,0,11.7,9671,0,2
2026-09-17T21,14,1,11.7,117512,18327,7
2026-09-17T21,14,1,11.8,48118,0,3
2026-09-17T21,14,2,11.8,2000,13000,2
2026-09-17T21,14,2,11.9,50237,0,2
2026-09-17T21,14,3,11.9,7000,210000,2
2026-09-17T21,14,6,12.3,0,435648,1
2026-09-17T22,14,0,11.3,0,4815,1
2026-09-17T22,14,0,11.5,0,3830,3
2026-09-17T22,14,0,11.6,0,29500,2
2026-09-17T22,14,1,11.6,0,22220,3
2026-09-17T22,14,1,11.7,139186,0,7
2026-09-17T22,14,2,11.8,0,18070,3
2026-09-17T22,14,3,11.9,130033,0,4
2026-09-17T23,14,0,11.5,320,13117,5
2026-09-17T23,14,0,11.6,3679,29676,5
2026-09-17T23,14,0,11.7,0,4555,1
2026-09-17T23,14,1,11.6,0,22761,2
2026-09-17T23,14,1,11.7,104365,151485,6
2026-09-17T23,14,1,11.8,52735,0,1
2026-09-17T23,14,3,11.9,115000,0,1
2026-09-18T00,14,0,11.6,0,13873,3
2026-09-18T00,14,0,11.7,11035,0,1
2026-09-18T00,14,1,11.7,167,833,2
2026-09-18T00,14,1,11.8,110656,0,4
2026-09-18T00,14,2,11.8,5000,25000,2
2026-09-18T00,14,3,11.9,34905,0,1
2026-09-18T01,14,0,11.3,0,1,1
2026-09-18T01,14,0,11.4,977,2671,3
2026-09-18T01,14,0,11.5,0,757,2
2026-09-18T01,14,0,11.6,0,16365,2
2026-09-18T01,14,0,11.7,194,22014,3
2026-09-18T01,14,1,11.5,0,92967,2
2026-09-18T01,14,1,11.6,0,35540,2
2026-09-18T01,14,1,11.8,40005,0,1
2026-09-18T01,14,2,11.5,11299,6701,4
2026-09-18T01,14,2,11.6,0,7681,1
2026-09-18T01,14,2,11.7,0,18102,1
2026-09-18T01,14,2,11.8,0,5000,1
2026-09-18T01,14,2,11.9,0,3082605,2
2026-09-18T01,14,3,11.8,56936,22533,3
2026-09-18T01,14,3,11.9,0,13062,1
2026-09-18T01,14,4,11.9,15000,40138,2
2026-09-18T02,14,0,10.8,0,120,1
2026-09-18T02,14,0,10.9,1000,3375,2
2026-09-18T02,14,0,11.0,0,7585,2
2026-09-18T02,14,0,11.1,0,14318,1
2026-09-18T02,14,0,11.2,0,694,1
2026-09-18T02,14,0,11.3,0,17456,1
2026-09-18T02,14,0,11.4,0,2665,1
2026-09-18T02,14,0,11.5,0,5026,3
2026-09-18T02,14,0,11.6,5682,6853,3
2026-09-18T02,14,1,11.7,579,2819,2
2026-09-18T02,14,1,11.8,65290,0,1
2026-09-18T02,14,2,11.7,40160,20834,7
2026-09-18T02,14,2,11.8,0,10694,1
2026-09-18T03,14,0,11.0,0,5458,1
2026-09-18T03,14,0,11.3,913,2706,4
2026-09-18T03,14,0,11.4,1844,10735,3
2026-09-18T03,14,0,11.5,0,2795,2
2026-09-18T03,14,0,11.6,723,250,2
2026-09-18T03,14,1,11.5,109260,999,4
2026-09-18T03,14,2,11.7,71265,0,3
2026-09-18T03,14,3,11.6,0,11016,1
2026-09-18T03,14,4,11.6,7500,8445,2
2026-09-18T03,14,4,11.7,0,116548,1
2026-09-18T03,14,4,11.9,46250,0,1
2026-09-18T04,14,0,11.1,0,253,1
2026-09-18T04,14,0,11.2,0,9966,1
2026-09-18T04,14,0,11.3,12275,9071,5
2026-09-18T04,14,0,11.4,4159,17428,5
2026-09-18T04,14,0,11.5,0,5872,1
2026-09-18T04,14,1,11.3,6002,6124,3
2026-09-18T04,14,1,11.4,0,31801,3
2026-09-18T04,14,1,11.5,36725,0,3
2026-09-18T04,14,2,11.4,0,12992,1
2026-09-18T04,14,2,11.5,51292,52231,2
2026-09-18T04,14,2,11.6,21987,4713,2
2026-09-18T04,14,2,11.7,0,19167,1
2026-09-18T04,14,2,11.8,36680,95850,2
2026-09-18T04,14,4,11.7,0,32934,1
2026-09-18T04,14,4,11.8,7041,22959,2
2026-09-18T04,14,4,11.9,43248,186498,3
2026-09-18T04,14,4,12.0,172520,0,3
2026-09-18T05,14,0,10.9,0,76,1
2026-09-18T05,14,0,11.0,0,2498,2
2026-09-18T05,14,0,11.1,0,49826,3
2026-09-18T05,14,0,11.2,8771,24098,8
2026-09-18T05,14,0,11.3,27975,0,5
2026-09-18T05,14,1,11.5,52856,28731,5
2026-09-18T05,14,1,11.6,39000,41391,3
2026-09-18T05,14,2,11.9,0,10000,1
2026-09-18T05,14,2,12.0,0,4473,2
2026-09-18T05,14,3,11.8,0,2,1
2026-09-18T05,14,3,11.9,17282,35964,4
2026-09-18T05,14,3,12.0,38560,88930,5
2026-09-18T05,14,3,12.1,122000,0,2
2026-09-18T05,14,4,12.0,0,27480,1
2026-09-18T05,14,4,12.1,33052,86948,3
2026-09-18T05,14,5,12.1,0,2951,1
2026-09-18T05,14,5,12.2,13169,0,1
2026-09-18T05,14,6,12.4,44445,0,1
2026-09-18T05,14,11,12.2,0,12410,1
2026-09-18T06,14,0,11.1,0,622,1
2026-09-18T06,14,0,11.2,0,2090,2
2026-09-18T06,14,0,11.3,14000,26178,8
2026-09-18T06,14,0,11.4,1000,19467,6
2026-09-18T06,14,0,11.5,0,22019,4
2026-09-18T06,14,0,11.6,4450,7761,4
2026-09-18T06,14,1,11.7,6277,110041,4
2026-09-18T06,14,1,11.8,8292,0,2
2026-09-18T06,14,2,11.7,0,5000,1
2026-09-18T06,14,2,11.8,0,16337,1
2026-09-18T06,14,2,11.9,28960,0,1
2026-09-18T06,14,4,12.1,8498,22387,2
2026-09-18T07,14,0,11.3,0,4208,1
2026-09-18T07,14,0,11.4,2219,2848,4
2026-09-18T07,14,0,11.5,0,163,1
2026-09-18T07,14,0,11.6,3859,536,2
2026-09-18T07,14,1,11.5,16419,13629,5
2026-09-18T07,14,1,11.7,0,6114,1
2026-09-18T07,14,1,11.8,91172,0,3
2026-09-18T07,14,2,11.8,61677,1681,4
2026-09-18T07,14,2,11.9,72834,0,1
2026-09-18T07,14,3,12.0,0,97224,2
2026-09-18T07,14,3,12.1,2149,0,1
2026-09-18T07,14,4,12.1,0,196878,1
2026-09-18T07,14,5,12.2,126360,0,1
2026-09-18T08,14,0,11.0,0,2,1
2026-09-18T08,14,0,11.2,0,3299,2
2026-09-18T08,14,0,11.3,0,1630,2
2026-09-18T08,14,0,11.4,0,4487,2
2026-09-18T08,14,0,11.5,0,1130,3
2026-09-18T08,14,0,11.6,0,3785,2
2026-09-18T08,14,0,11.7,0,7641,4
2026-09-18T08,14,1,11.5,0,1500,1
2026-09-18T08,14,1,11.6,0,7201,2
2026-09-18T08,14,1,11.7,0,13189,2
2026-09-18T08,14,1,11.8,257580,0,6
2026-09-18T08,14,2,11.8,0,3,1
2026-09-18T08,14,2,11.9,26430,0,2
2026-09-18T08,14,3,11.9,7200,0,1
2026-09-18T08,14,3,12.0,5000,41203,3
2026-09-18T08,14,3,12.1,159635,0,2
2026-09-18T08,14,4,11.9,0,111747,1
2026-09-18T08,14,5,12.2,77790,0,1
2026-09-18T08,14,10,14.0,50,0,1
2026-09-18T09,14,0,11.4,0,5000,1
2026-09-18T09,14,0,11.5,0,2852,6
2026-09-18T09,14,0,11.6,29957,35971,6
2026-09-18T09,14,0,11.7,0,12328,3
2026-09-18T09,14,1,11.6,0,615,1
2026-09-18T09,14,1,11.7,0,3227,2
2026-09-18T09,14,2,11.6,60664,0,1
2026-09-18T09,14,2,11.7,10132,7918,5
2026-09-18T09,14,2,11.8,54724,60408,3
2026-09-18T09,14,3,11.8,0,70000,1
2026-09-18T10,14,0,10.9,0,788,1
2026-09-18T10,14,0,11.0,0,829,1
2026-09-18T10,14,0,11.5,175,643,4
2026-09-18T10,14,0,11.6,11511,31149,9
2026-09-18T10,14,0,11.7,1912,5880,3
2026-09-18T10,14,1,11.7,0,39174,4
2026-09-18T10,14,1,11.8,79190,0,3
2026-09-18T10,14,2,11.6,13126,47506,3
2026-09-18T10,14,2,11.7,0,18937,1
2026-09-18T10,14,2,11.8,0,10276,1
2026-09-18T10,14,2,11.9,13146,0,1
2026-09-18T10,14,3,11.7,57315,315924,3
2026-09-18T10,14,3,11.8,0,18262,1
2026-09-18T10,14,3,11.9,0,15032,1
2026-09-18T10,14,4,11.7,0,50000,1
2026-09-18T10,14,4,11.8,87826,0,2
2026-09-18T10,14,5,11.9,120804,1212,3
2026-09-18T11,14,0,11.2,0,41,1
2026-09-18T11,14,0,11.3,400,8397,2
2026-09-18T11,14,0,11.4,0,33539,4
2026-09-18T11,14,0,11.5,0,48,1
2026-09-18T11,14,0,11.6,0,10593,1
2026-09-18T11,14,0,11.7,0,4563,3
2026-09-18T11,14,1,11.4,0,26000,1
2026-09-18T11,14,1,11.6,32438,0,1
2026-09-18T11,14,1,11.7,0,20304,2
2026-09-18T11,14,4,11.8,163616,0,7
2026-09-18T12,14,0,11.3,0,2114,1
2026-09-18T12,14,0,11.4,0,14789,3
2026-09-18T12,14,0,11.5,83854,64337,8
2026-09-18T12,14,1,11.5,1415,1687,2
2026-09-18T12,14,1,11.6,0,57267,1
2026-09-18T12,14,2,11.6,10721,23034,3
2026-09-18T12,14,2,11.7,0,27168,1
2026-09-18T12,14,3,11.6,0,1487,1
2026-09-18T12,14,3,11.9,12089,0,1
2026-09-18T12,14,4,11.7,33400,26600,2
2026-09-18T12,14,4,11.8,0,51824,1
2026-09-18T12,14,5,12.0,11905,0,1
2026-09-18T13,14,0,11.1,0,6113,1
2026-09-18T13,14,0,11.2,29381,0,3
2026-09-18T13,14,0,11.3,0,194,1
2026-09-18T13,14,0,11.5,0,176,1
2026-09-18T13,14,1,11.1,0,10610,2
2026-09-18T13,14,1,11.2,0,9559,2
2026-09-18T13,14,1,11.3,40000,0,3
2026-09-18T13,14,1,11.6,4324,0,1
2026-09-18T13,14,2,11.8,0,11560,1
2026-09-18T13,14,3,11.8,108833,3800,3
2026-09-18T13,14,3,11.9,159994,0,4
2026-09-18T13,14,4,11.9,0,30000,1
2026-09-18T13,14,5,12.0,100000,0,1
2026-09-18T14,14,0,10.6,0,1147,2
2026-09-18T14,14,0,10.7,4435,1347,2
2026-09-18T14,14,0,10.8,0,683,1
2026-09-18T14,14,0,10.9,153033,46967,5
2026-09-18T14,14,0,11.0,243,1106,2
2026-09-18T14,14,0,11.1,93671,0,2
2026-09-18T14,14,1,11.2,0,96,1
2026-09-18T14,14,1,11.3,87573,3783,4
2026-09-18T14,14,1,11.4,0,1477,1
2026-09-18T14,14,2,11.6,0,80108,3
2026-09-18T14,14,2,11.7,0,20000,1
2026-09-18T14,14,3,11.7,3228,86662,2
2026-09-18T14,14,3,11.8,367571,0,4
2026-09-18T15,14,0,10.8,560,560,3
2026-09-18T15,14,0,10.9,0,4139,3
2026-09-18T15,14,0,11.0,1992,21955,8
2026-09-18T15,14,0,11.1,8955,0,4
2026-09-18T15,14,1,11.1,0,2158,1
2026-09-18T15,14,1,11.4,0,2198,1
2026-09-18T15,14,1,11.5,8790,17491,3
2026-09-18T15,14,1,11.6,5412,130817,6
2026-09-18T15,14,1,11.7,34635,9348,4
2026-09-18T15,14,3,11.6,8314,12080,2
2026-09-18T15,14,3,11.7,0,70845,2
2026-09-18T15,14,3,11.8,106739,0,6
2026-09-18T16,14,0,11.0,0,3610,1
2026-09-18T16,14,0,11.1,0,4022,2
2026-09-18T16,14,0,11.2,14541,181726,6
2026-09-18T16,14,0,11.4,0,27259,3
2026-09-18T16,14,0,11.5,2492,4001,6
2026-09-18T16,14,1,11.5,39390,0,2
2026-09-18T16,14,2,11.6,0,26060,1
2026-09-18T16,14,2,11.7,0,4613,1
2026-09-18T16,14,3,11.6,34105,26167,3
2026-09-18T16,14,3,11.7,84851,0,4
2026-09-18T16,14,3,11.8,6596,0,1
2026-09-18T17,14,0,10.9,0,1462,1
2026-09-18T17,14,0,11.0,0,4823,2
2026-09-18T17,14,0,11.1,0,1374,2
2026-09-18T17,14,0,11.2,42420,2683,5
2026-09-18T17,14,0,11.3,0,22590,2
2026-09-18T17,14,0,11.4,0,5702,2
2026-09-18T17,14,0,11.5,9960,4676,2
2026-09-18T17,14,1,11.4,0,7706,1
2026-09-18T17,14,1,11.5,43,29579,5
2026-09-18T17,14,1,11.6,54915,0,2
2026-09-18T17,14,2,11.7,0,6459,1
2026-09-18T17,14,3,11.6,0,3,1
2026-09-18T17,14,3,11.7,0,32689,2
2026-09-18T17,14,4,11.8,71209,0,6
2026-09-18T18,14,0,10.8,0,7748,1
2026-09-18T18,14,0,11.0,39703,9652,3
2026-09-18T18,14,0,11.4,0,2317,2
2026-09-18T18,14,0,11.5,46095,0,4
2026-09-18T18,14,1,11.4,0,1076,1
2026-09-18T18,14,1,11.5,993,3443,2
2026-09-18T18,14,1,11.6,12444,44836,5
2026-09-18T18,14,3,11.7,0,35000,2
2026-09-18T18,14,3,11.8,45,0,1
2026-09-18T18,14,4,11.8,47051,27995,4
2026-09-18T19,14,0,10.9,0,18824,1
2026-09-18T19,14,0,11.0,17537,39480,6
2026-09-18T19,14,0,11.1,12837,12491,4
2026-09-18T19,14,0,11.2,0,6500,1
2026-09-18T19,14,0,11.3,0,317,1
2026-09-18T19,14,1,11.3,0,5552,2
2026-09-18T19,14,1,11.4,40216,42647,5
2026-09-18T19,14,2,11.6,0,7508,2
2026-09-18T19,14,2,11.7,0,69433,1
2026-09-18T19,14,3,11.7,60025,92923,3
2026-09-18T19,14,4,11.6,28560,0,2
2026-09-18T19,14,5,11.8,581147,0,3
2026-09-18T20,14,0,10.9,0,585,1
2026-09-18T20,14,0,11.0,0,2116,1
2026-09-18T20,14,0,11.3,0,11244,3
2026-09-18T20,14,0,11.4,0,4655,3
2026-09-18T20,14,0,11.5,11940,11325,7
2026-09-18T20,14,0,11.6,36742,18543,6
2026-09-18T20,14,1,11.4,11678,2646,3
2026-09-18T20,14,1,11.5,0,19407,4
2026-09-18T20,14,1,11.6,0,14408,3
2026-09-18T20,14,2,11.7,42634,0,4
2026-09-18T20,14,3,11.6,20127,0,1
2026-09-18T20,14,3,11.7,43214,3177,2
2026-09-18T20,14,4,11.6,40845,80595,2
2026-09-18T20,14,4,11.7,0,24174,1
2026-09-18T20,14,5,11.7,0,100000,1
2026-09-18T20,14,5,11.8,196757,0,3
2026-09-18T21,14,0,11.4,27949,3330,3
2026-09-18T21,14,1,11.5,20562,25106,4
2026-09-18T21,14,1,11.6,97838,34025,8
2026-09-18T21,14,1,11.7,0,36527,2
2026-09-18T21,14,1,11.8,0,246962,1
2026-09-18T21,14,2,11.5,0,50338,1
2026-09-18T21,14,2,11.6,0,3676,1
2026-09-18T21,14,2,11.7,0,72492,1
2026-09-18T21,14,3,11.6,0,27105,1
2026-09-18T21,14,3,11.7,18468,7532,3
2026-09-18T21,14,3,11.8,0,350216,1
2026-09-18T21,14,4,11.7,0,30913,1
2026-09-18T21,14,5,11.8,216622,305474,5
2026-09-18T21,14,5,11.9,22118,0,1
2026-09-18T22,14,0,11.3,0,2173,1
2026-09-18T22,14,0,11.4,1200,41074,4
2026-09-18T22,14,0,11.6,0,5380,2
2026-09-18T22,14,0,11.7,0,12063,3
2026-09-18T22,14,0,11.8,7286,0,1
2026-09-18T22,14,1,11.5,0,16547,1
2026-09-18T22,14,1,11.6,0,1112,1
2026-09-18T22,14,1,11.7,0,20842,1
2026-09-18T22,14,1,11.8,16016,78322,6
2026-09-18T22,14,2,11.8,0,20541,2
2026-09-18T22,14,3,11.8,18817,97346,2
2026-09-18T22,14,3,11.9,108287,0,1
2026-09-18T22,14,4,11.9,96955,19363,3
2026-09-18T22,14,5,11.9,0,277882,1
2026-09-18T23,14,0,11.5,0,1510,1
2026-09-18T23,14,0,11.6,0,28819,5
2026-09-18T23,14,0,11.7,42396,1837,3
2026-09-18T23,14,1,11.6,0,23790,1
2026-09-18T23,14,1,11.7,3314,40074,5
2026-09-18T23,14,1,11.8,19576,6460,3
2026-09-18T23,14,2,11.8,0,20126,1
2026-09-18T23,14,2,11.9,2527,0,1
2026-09-18T23,14,3,11.8,0,16114,1
2026-09-18T23,14,3,11.9,94060,15210,3
2026-09-18T23,14,4,11.9,5095,29216,2
2026-09-18T23,14,5,12.0,2000,0,1
2026-09-19T04,14,0,11.2,10000,0,1
2026-09-19T04,14,0,11.7,151517,0,1
2026-09-19T04,14,1,11.7,15875,7714,2
2026-09-19T04,14,2,11.8,2217,21751,2
2026-09-19T04,14,2,11.9,99547,0,2
2026-09-19T04,14,3,12.0,0,48945,2
2026-09-19T04,14,3,12.1,6096,0,1
2026-09-19T04,14,4,11.9,0,19905,1
2026-09-19T04,14,4,12.0,0,50000,1
2026-09-19T04,14,4,12.1,0,33333,1
2026-09-19T04,14,5,12.0,0,186095,1
2026-09-19T04,14,5,12.1,5000,100000,2
2026-09-19T04,14,5,12.2,2620,0,1
2026-09-19T05,14,0,11.2,34915,7752,3
2026-09-19T05,14,0,11.3,0,698,1
2026-09-19T05,14,0,11.4,0,2817,2
2026-09-19T05,14,0,11.5,70404,13869,5
2026-09-19T05,14,0,11.6,14444,28215,4
2026-09-19T05,14,0,11.7,48688,0,3
2026-09-19T05,14,1,11.7,0,5290,2
2026-09-19T05,14,1,11.8,15422,0,2
2026-09-19T05,14,2,11.8,4044,8353,2
2026-09-19T05,14,3,11.8,42,0,1
2026-09-19T05,14,3,12.0,0,8280,1
2026-09-19T05,14,5,12.1,307,0,1
2026-09-19T06,14,0,11.1,0,11231,3
2026-09-19T06,14,0,11.2,7788,13053,4
2026-09-19T06,14,0,11.3,118574,0,5
2026-09-19T06,14,1,11.5,0,94149,2
2026-09-19T06,14,1,11.6,0,6890,2
2026-09-19T06,14,1,11.7,0,1533,1
2026-09-19T06,14,2,11.7,27520,48765,3
2026-09-19T06,14,2,11.8,20000,52994,3
2026-09-19T06,14,3,11.8,41097,108357,4
2026-09-19T06,14,3,11.9,135103,114897,3
2026-09-19T06,14,4,11.9,0,24463,1
2026-09-19T06,14,4,12.0,470,0,1
2026-09-19T06,14,6,12.0,81812,0,2
2026-09-19T07,14,0,11.0,26740,10863,2
2026-09-19T07,14,0,11.1,0,260,1
2026-09-19T07,14,0,11.2,34910,15697,4
2026-09-19T07,14,0,11.3,0,22794,3
2026-09-19T07,14,0,11.4,0,10000,4
2026-09-19T07,14,0,11.5,13426,0,2
2026-09-19T07,14,1,11.4,12518,0,1
2026-09-19T07,14,1,11.5,362,8584,2
2026-09-19T07,14,1,11.6,8001,0,1
2026-09-19T07,14,2,11.7,0,19884,1
2026-09-19T07,14,2,11.8,0,2873,1
2026-09-19T07,14,2,11.9,42218,0,2
2026-09-19T07,14,3,11.9,0,2900,1
2026-09-19T07,14,4,11.9,0,3965,1
2026-09-19T07,14,4,12.0,39312,0,1
2026-09-19T07,14,6,12.0,0,18188,1
2026-09-19T07,14,10,14.0,1,0,1
2026-09-19T07,14,11,14.5,1,0,1
2026-09-19T08,14,0,10.9,1000,2405,2
2026-09-19T08,14,0,11.0,0,17311,1
2026-09-19T08,14,0,11.1,0,340,1
2026-09-19T08,14,0,11.2,0,3211,2
2026-09-19T08,14,0,11.3,0,3853,3
2026-09-19T08,14,0,11.4,0,5032,4
2026-09-19T08,14,0,11.5,17868,33262,3
2026-09-19T08,14,1,11.3,36731,23269,3
2026-09-19T08,14,1,11.4,7215,50267,3
2026-09-19T08,14,1,11.5,9024,13358,3
2026-09-19T08,14,1,11.6,0,2661,1
2026-09-19T08,14,1,11.7,0,66915,4
2026-09-19T08,14,2,11.8,47914,0,2
2026-09-19T08,14,2,11.9,2845,0,1
2026-09-19T08,14,3,11.9,92555,7445,3
2026-09-19T09,14,0,11.1,0,2649,1
2026-09-19T09,14,0,11.2,0,19951,2
2026-09-19T09,14,0,11.3,81427,1237,6
2026-09-19T09,14,0,11.4,0,1177,1
2026-09-19T09,14,0,11.5,0,3646,2
2026-09-19T09,14,0,11.6,3901,0,1
2026-09-19T09,14,1,11.3,0,1556,1
2026-09-19T09,14,1,11.4,49867,0,1
2026-09-19T09,14,1,11.5,500,0,1
2026-09-19T09,14,2,11.6,0,60079,1
2026-09-19T09,14,2,11.7,0,1156,1
2026-09-19T09,14,2,11.8,6340,0,1
2026-09-19T09,14,3,11.8,5772,0,1
2026-09-19T09,14,4,12.0,9780,0,1
2026-09-19T10,14,0,11.0,0,9761,2
2026-09-19T10,14,0,11.1,34962,26254,5
2026-09-19T10,14,0,11.2,0,9722,4
2026-09-19T10,14,0,11.3,0,114043,3
2026-09-19T10,14,1,11.2,0,200,1
2026-09-19T10,14,1,11.3,0,6931,3
2026-09-19T10,14,1,11.4,139542,0,6
2026-09-19T10,14,2,11.7,0,11883,1
2026-09-19T10,14,2,11.8,5063,34872,3
2026-09-19T10,14,3,11.8,0,1612,1
2026-09-19T11,14,0,10.8,10000,3501,2
2026-09-19T11,14,0,10.9,0,1439,1
2026-09-19T11,14,0,11.0,0,3456,4
2026-09-19T11,14,0,11.1,0,1643,2
2026-09-19T11,14,0,11.2,0,4533,4
2026-09-19T11,14,0,11.3,3166,19983,3
2026-09-19T11,14,1,11.0,0,9759,1
2026-09-19T11,14,1,11.1,0,1048,1
2026-09-19T11,14,1,11.2,56837,0,1
2026-09-19T11,14,1,11.3,0,2963,1
2026-09-19T11,14,1,11.4,288857,0,6
2026-09-19T11,14,2,11.6,0,135349,2
2026-09-19T11,14,2,11.7,0,93757,1
2026-09-19T11,14,2,11.8,1325,0,1
2026-09-19T11,14,3,11.9,330,2972,3
2026-09-19T11,14,3,12.0,0,150000,1
2026-09-19T11,14,4,11.7,62408,85668,2
2026-09-19T11,14,4,12.0,0,50438,1
2026-09-19T11,14,5,12.1,163827,0,2
2026-09-19T11,14,7,11.8,57735,22265,3
2026-09-19T11,14,11,12.1,0,36426,1
2026-09-19T12,14,0,11.1,0,215,1
2026-09-19T12,14,0,11.2,0,1190,2
2026-09-19T12,14,0,11.3,11598,91307,4
2026-09-19T12,14,0,11.4,28321,16090,6
2026-09-19T12,14,1,11.2,0,36477,2
2026-09-19T12,14,1,11.3,0,9694,3
2026-09-19T12,14,1,11.4,25816,152927,6
2026-09-19T12,14,1,11.5,74060,902,5
2026-09-19T12,14,2,11.4,0,9053,1
2026-09-19T12,14,2,11.6,10000,4329,2
2026-09-19T12,14,2,11.7,0,5715,2
2026-09-19T12,14,2,11.8,0,51209,2
2026-09-19T12,14,2,11.9,104098,16824,3
2026-09-19T12,14,3,12.0,0,25000,1
2026-09-19T12,14,5,12.1,0,380987,1
2026-09-19T13,14,0,11.0,0,2000,1
2026-09-19T13,14,0,11.1,0,8321,1
2026-09-19T13,14,0,11.2,5000,12147,2
2026-09-19T13,14,0,11.3,30,11130,4
2026-09-19T13,14,0,11.4,0,12186,3
2026-09-19T13,14,0,11.5,8247,10899,7
2026-09-19T13,14,0,11.6,25812,0,2
2026-09-19T13,14,1,11.5,0,52365,3
2026-09-19T13,14,1,11.6,19853,57610,6
2026-09-19T13,14,1,11.8,0,85051,2
2026-09-19T13,14,2,11.9,0,112454,5
2026-09-19T13,14,3,11.9,0,70000,2
2026-09-19T13,14,3,12.0,59339,61819,3
2026-09-19T13,14,3,12.1,29872,19048,5
2026-09-19T13,14,4,12.1,0,32151,1
2026-09-19T13,14,10,12.0,42400,0,1
2026-09-19T14,14,0,11.1,0,494,1
2026-09-19T14,14,0,11.2,877,4128,4
2026-09-19T14,14,0,11.3,0,2072,1
2026-09-19T14,14,0,11.4,16560,5928,2
2026-09-19T14,14,0,11.5,0,2784,1
2026-09-19T14,14,0,11.6,0,28616,3
2026-09-19T14,14,1,11.2,0,30537,1
2026-09-19T14,14,1,11.3,3575,5213,2
2026-09-19T14,14,1,11.4,0,871,1
2026-09-19T14,14,1,11.5,939,0,2
2026-09-19T14,14,2,11.4,0,53021,1
2026-09-19T14,14,2,11.8,11590,0,1
2026-09-19T14,14,3,11.7,0,4947,1
2026-09-19T14,14,3,11.8,22026,27974,2
2026-09-19T14,14,3,11.9,38654,71163,2
2026-09-19T14,14,10,12.0,106981,0,2
2026-09-19T15,14,0,11.0,0,1549,1
2026-09-19T15,14,0,11.1,21000,6283,3
2026-09-19T15,14,0,11.2,0,6593,6
2026-09-19T15,14,0,11.3,50339,416,6
2026-09-19T15,14,0,11.4,15149,1034,4
2026-09-19T15,14,1,11.5,0,2869,2
2026-09-19T15,14,1,11.6,0,62905,2
2026-09-19T15,14,1,11.7,8543,2834,2
2026-09-19T15,14,2,11.4,0,1229,1
2026-09-19T15,14,2,11.5,0,50584,2
2026-09-19T15,14,2,11.6,147501,59505,6
2026-09-19T15,14,2,11.7,55755,37644,3
2026-09-19T15,14,4,11.8,76595,0,1
2026-09-19T16,14,0,11.3,0,28220,5
2026-09-19T16,14,0,11.4,273,10718,6
2026-09-19T16,14,0,11.5,0,2614,3
2026-09-19T16,14,0,11.6,0,7989,4
2026-09-19T16,14,2,11.6,0,31782,2
2026-09-19T16,14,3,11.7,94371,46094,7
2026-09-19T16,14,4,11.7,129601,63085,6
2026-09-19T16,14,4,11.8,28292,0,1
2026-09-19T17,14,0,11.3,0,3769,2
2026-09-19T17,14,0,11.4,7137,38649,6
2026-09-19T17,14,0,11.5,0,7476,2
2026-09-19T17,14,0,11.6,20024,15837,6
2026-09-19T17,14,1,11.4,0,5074,1
2026-09-19T17,14,1,11.5,6499,31485,3
2026-09-19T17,14,1,11.6,1021,9186,3
2026-09-19T17,14,2,11.7,0,10001,1
2026-09-19T17,14,2,11.8,0,18410,1
2026-09-19T17,14,3,11.8,0,30000,1
2026-09-19T17,14,4,11.7,100200,0,4
2026-09-19T17,14,4,11.8,123580,21533,2
2026-09-19T17,14,4,11.9,36652,0,1
2026-09-19T18,14,0,11.3,0,6292,1
2026-09-19T18,14,0,11.4,4110,13637,4
2026-09-19T18,14,0,11.5,6746,2479,4
2026-09-19T18,14,1,11.5,11270,60962,4
2026-09-19T18,14,1,11.6,0,4525,1
2026-09-19T18,14,2,11.6,98561,4128,7
2026-09-19T18,14,3,11.6,0,9204,2
2026-09-19T18,14,4,11.7,107398,129826,6
2026-09-19T18,14,4,11.9,0,163348,1
2026-09-19T18,14,10,12.0,0,367530,1
2026-09-19T19,14,0,11.3,0,10,1
2026-09-19T19,14,0,11.4,0,10585,2
2026-09-19T19,14,0,11.5,0,4120,3
2026-09-19T19,14,0,11.6,5600,25949,7
2026-09-19T19,14,1,11.5,0,1865,1
2026-09-19T19,14,1,11.6,0,15154,3
2026-09-19T19,14,1,11.7,28660,15359,4
2026-09-19T19,14,2,11.6,12500,86538,2
2026-09-19T19,14,3,11.7,19254,23275,3
2026-09-19T19,14,3,11.8,223777,0,4
2026-09-19T19,14,4,12.1,43092,0,1
2026-09-19T20,14,0,11.3,98707,500,2
2026-09-19T20,14,0,11.4,0,5418,1
2026-09-19T20,14,0,11.5,0,40450,2
2026-09-19T20,14,0,11.6,0,2383,1
2026-09-19T20,14,1,11.6,215,10493,3
2026-09-19T20,14,1,11.7,30151,55047,6
2026-09-19T20,14,1,11.8,8496,0,1
2026-09-19T20,14,2,11.6,0,1229,1
2026-09-19T20,14,2,11.7,81271,388,3
2026-09-19T20,14,2,11.8,0,34233,1
2026-09-19T20,14,3,11.8,145263,30960,4
2026-09-19T20,14,4,12.0,16000,0,1
2026-09-19T21,14,0,11.1,0,701,2
2026-09-19T21,14,0,11.2,0,4387,5
2026-09-19T21,14,0,11.3,141574,0,8
2026-09-19T21,14,1,11.4,0,4333,1
2026-09-19T21,14,1,11.5,0,21586,2
2026-09-19T21,14,1,11.6,16816,29078,3
2026-09-19T21,14,1,11.7,1000,2805,2
2026-09-19T21,14,1,11.8,0,3203,1
2026-09-19T21,14,2,11.3,9820,2752,2
2026-09-19T21,14,2,11.7,0,1939,1
2026-09-19T21,14,2,11.8,0,2932,1
2026-09-19T21,14,2,11.9,0,11807,1
2026-09-19T21,14,3,11.8,0,1686,1
2026-09-19T21,14,4,11.9,35414,0,2
2026-09-19T21,14,6,12.0,84063,15937,4
2026-09-19T21,14,6,12.2,34063,0,1
2026-09-19T22,14,0,11.2,5251,0,1
2026-09-19T22,14,0,11.3,5453,21238,6
2026-09-19T22,14,0,11.4,89,27052,7
2026-09-19T22,14,0,11.5,0,2625,1
2026-09-19T22,14,1,11.4,0,5479,1
2026-09-19T22,14,1,11.5,0,610,1
2026-09-19T22,14,1,11.6,0,3436,1
2026-09-19T22,14,1,11.7,39736,65177,5
2026-09-19T22,14,2,11.8,248885,0,4
2026-09-19T22,14,3,11.7,0,593,1
2026-09-19T22,14,3,11.8,0,10966,1
2026-09-19T22,14,3,11.9,0,52826,2
2026-09-19T22,14,4,11.9,22500,26098,2
2026-09-19T23,14,0,10.8,0,3910,1
2026-09-19T23,14,0,10.9,0,2,1
2026-09-19T23,14,0,11.0,0,1193,1
2026-09-19T23,14,0,11.1,805,35562,4
2026-09-19T23,14,0,11.2,63358,0,4
2026-09-19T23,14,1,11.5,0,3051,2
2026-09-19T23,14,1,11.6,0,7856,1
2026-09-19T23,14,1,11.7,21957,0,3
2026-09-19T23,14,2,11.6,0,2000,1
2026-09-19T23,14,2,11.7,0,5436,1
2026-09-19T23,14,3,11.7,11176,44430,2
2026-09-19T23,14,3,11.8,73691,1762,3
2026-09-19T23,14,4,11.9,0,54891,1
2026-09-19T23,14,4,12.0,0,14000,1
2026-09-19T23,14,4,12.1,0,107842,1
2026-09-19T23,14,5,12.2,257330,0,2
2026-09-19T23,14,6,12.2,0,65937,1
2026-09-20T00,14,0,10.9,0,3187,1
2026-09-20T00,14,0,11.0,339,24515,2
2026-09-20T00,14,0,11.1,114856,0,5
2026-09-20T00,14,1,11.3,0,4989,1
2026-09-20T00,14,1,11.4,1011,0,2
2026-09-20T00,14,3,11.8,52325,41222,3
2026-09-20T00,14,3,11.9,16093,33907,2
2026-09-20T00,14,3,12.0,51893,0,1
2026-09-20T00,14,4,12.0,0,14200,1
2026-09-20T01,14,0,10.9,0,581,2
2026-09-20T01,14,0,11.0,400,9218,5
2026-09-20T01,14,0,11.1,153068,30600,4
2026-09-20T01,14,0,11.2,0,260733,4
2026-09-20T01,14,1,11.1,463,1469,2
2026-09-20T01,14,1,11.3,95996,0,4
2026-09-20T01,14,1,11.4,531,0,1
2026-09-20T01,14,2,11.7,0,4542,1
2026-09-20T01,14,2,11.8,17470,83645,2
2026-09-20T01,14,3,11.7,0,9000,1
2026-09-20T01,14,3,11.9,0,25000,1
2026-09-20T01,14,4,12.0,31328,0,3
2026-09-20T02,14,0,10.7,0,19531,3
2026-09-20T02,14,0,10.8,32404,0,3
2026-09-20T02,14,0,10.9,144,6378,2
2026-09-20T02,14,1,11.0,438212,0,6
2026-09-20T02,14,1,11.2,0,193,1
2026-09-20T02,14,1,11.3,1807,0,1
2026-09-20T02,14,2,11.8,23485,0,1
2026-09-20T02,14,2,11.9,2636,1000,2
2026-09-20T02,14,4,11.9,66960,0,1
2026-09-20T02,14,4,12.0,77465,0,2
2026-09-20T03,14,0,10.6,0,61,1
2026-09-20T03,14,0,10.8,69488,14579,9
2026-09-20T03,14,1,10.7,0,40565,1
2026-09-20T03,14,1,10.9,1310,0,1
2026-09-20T03,14,1,11.0,219293,0,5
2026-09-20T03,14,2,11.5,0,22503,1
2026-09-20T03,14,2,11.6,27220,22780,2
2026-09-20T03,14,2,11.7,0,22000,1
2026-09-20T03,14,2,11.8,18976,0,2
2026-09-20T03,14,4,11.9,0,107771,2
2026-09-20T04,14,0,10.7,2000,4882,4
2026-09-20T04,14,0,10.8,10290,27887,7
2026-09-20T04,14,0,10.9,5997,11052,5
2026-09-20T04,14,1,10.9,115914,98428,9
2026-09-20T04,14,1,11.0,208720,0,4
2026-09-20T04,14,2,11.4,0,4657,1
2026-09-20T04,14,2,11.7,70215,28675,3
2026-09-20T04,14,5,11.9,179085,0,1
2026-09-20T05,14,0,10.7,0,1067,2
2026-09-20T05,14,0,10.8,0,30727,3
2026-09-20T05,14,0,10.9,4431,715,4
2026-09-20T05,14,0,11.1,0,655,1
2026-09-20T05,14,0,11.2,0,219,1
2026-09-20T05,14,0,11.3,73756,4289,3
2026-09-20T05,14,1,10.9,0,5903,1
2026-09-20T05,14,1,11.0,164664,1392,9
2026-09-20T05,14,1,11.3,35832,4989,3
2026-09-20T05,14,1,11.4,8632,0,1
2026-09-20T05,14,2,11.7,0,29933,3
2026-09-20T05,14,2,11.8,27067,0,1
2026-09-20T05,14,3,11.8,60860,38338,3
2026-09-20T05,14,3,11.9,0,100000,1
2026-09-20T05,14,5,11.9,0,20915,1
2026-09-20T06,14,0,11.2,22318,12945,7
2026-09-20T06,14,0,11.3,111771,0,3
2026-09-20T06,14,1,11.3,0,5856,2
2026-09-20T06,14,1,11.4,119702,15219,4
2026-09-20T06,14,2,11.3,0,3758,1
2026-09-20T06,14,2,11.4,0,21871,1
2026-09-20T06,14,2,11.5,328,0,1
2026-09-20T06,14,3,11.7,11888,0,1
2026-09-20T06,14,6,12.0,0,100000,1
2026-09-20T06,14,6,12.2,0,100000,1
2026-09-20T06,14,6,12.3,95050,0,1
2026-09-20T07,14,0,10.9,0,2372,1
2026-09-20T07,14,0,11.0,5,21529,2
2026-09-20T07,14,0,11.1,110,0,2
2026-09-20T07,14,0,11.2,22472,6888,4
2026-09-20T07,14,0,11.3,5000,0,1
2026-09-20T07,14,1,11.2,0,15000,1
2026-09-20T07,14,1,11.3,0,43944,3
2026-09-20T07,14,1,11.4,30106,44766,4
2026-09-20T07,14,2,11.5,0,22389,2
2026-09-20T07,14,2,11.6,0,31585,2
2026-09-20T07,14,2,11.7,29999,30862,3
2026-09-20T07,14,2,11.8,0,82472,1
2026-09-20T07,14,3,11.6,0,58625,2
2026-09-20T07,14,3,11.7,22422,208337,3
2026-09-20T07,14,3,11.8,250415,48236,4
2026-09-20T07,14,4,11.9,0,107706,1
2026-09-20T07,14,4,12.0,0,291207,1
2026-09-20T07,14,5,11.9,18181,91392,2
2026-09-20T07,14,5,12.0,0,3051,1
2026-09-20T08,14,0,10.8,0,774,1
2026-09-20T08,14,0,10.9,80522,15082,4
2026-09-20T08,14,0,11.0,2785,9358,7
2026-09-20T08,14,0,11.1,2775,9745,6
2026-09-20T08,14,0,11.2,537,0,1
2026-09-20T08,14,1,11.3,0,823,1
2026-09-20T08,14,1,11.4,124446,53464,8
2026-09-20T08,14,2,11.9,9387,63000,2
2026-09-20T08,14,3,11.8,0,2500,1
2026-09-20T08,14,3,11.9,0,51130,2
2026-09-20T08,14,3,12.0,44096,0,3
2026-09-20T08,14,4,12.1,28520,0,1
2026-09-20T09,14,0,10.8,0,1000,1
2026-09-20T09,14,0,10.9,0,19404,2
2026-09-20T09,14,0,11.0,0,5213,2
2026-09-20T09,14,0,11.1,0,2538,3
2026-09-20T09,14,0,11.2,41771,46162,10
2026-09-20T09,14,0,11.3,63619,0,2
2026-09-20T09,14,1,11.3,89074,14411,4
2026-09-20T09,14,1,11.4,69328,4916,4
2026-09-20T09,14,2,11.7,0,20000,1
2026-09-20T09,14,2,11.8,12420,16611,2
2026-09-20T09,14,3,11.7,0,8892,1
2026-09-20T09,14,3,11.8,40273,0,2
2026-09-20T09,14,3,11.9,9054,0,1
2026-09-20T10,14,0,11.2,0,25046,2
2026-09-20T10,14,0,11.3,0,22875,5
2026-09-20T10,14,0,11.4,0,20214,5
2026-09-20T10,14,0,11.5,0,7941,4
2026-09-20T10,14,0,11.6,0,662,2
2026-09-20T10,14,1,11.3,954,96209,2
2026-09-20T10,14,1,11.4,6062,74254,5
2026-09-20T10,14,1,11.5,82037,60375,6
2026-09-20T10,14,1,11.6,6712,429,2
2026-09-20T10,14,2,11.7,25295,0,3
2026-09-20T10,14,2,11.8,0,5000,1
2026-09-20T10,14,2,11.9,39505,4,3
2026-09-20T10,14,3,11.8,0,9727,1
2026-09-20T10,14,3,11.9,0,5200,1
2026-09-20T10,14,3,12.0,42737,119831,6
2026-09-20T10,14,4,11.9,0,25160,1
2026-09-20T11,14,0,10.8,0,1521,2
2026-09-20T11,14,0,10.9,0,1075,2
2026-09-20T11,14,0,11.0,0,27139,1
2026-09-20T11,14,0,11.1,0,29400,1
2026-09-20T11,14,0,11.2,21622,6570,3
2026-09-20T11,14,0,11.3,0,5462,2
2026-09-20T11,14,0,11.4,4000,1000,2
2026-09-20T11,14,1,11.2,0,3219,1
2026-09-20T11,14,1,11.3,0,9484,2
2026-09-20T11,14,1,11.4,0,3,1
2026-09-20T11,14,1,11.5,0,14559,2
2026-09-20T11,14,1,11.6,226844,38594,5
2026-09-20T11,14,2,11.5,20689,64375,4
2026-09-20T11,14,2,11.6,7275,52420,2
2026-09-20T11,14,2,11.7,0,90796,1
2026-09-20T11,14,3,11.6,0,300,1
2026-09-20T11,14,3,11.8,0,56387,1
2026-09-20T11,14,4,11.7,24700,25300,2
2026-09-20T11,14,4,11.8,0,30000,1
2026-09-20T11,14,5,11.8,24700,99826,2
2026-09-20T12,14,0,11.0,0,1000,1
2026-09-20T12,14,0,11.1,0,10334,4
2026-09-20T12,14,0,11.2,104663,30114,8
2026-09-20T12,14,0,11.3,1113,660,2
2026-09-20T12,14,0,11.4,1648,0,1
2026-09-20T12,14,1,11.3,0,3570,1
2026-09-20T12,14,1,11.4,0,5932,1
2026-09-20T12,14,1,11.5,0,8572,3
2026-09-20T12,14,1,11.6,77484,0,4
2026-09-20T12,14,2,11.7,0,2179,1
2026-09-20T12,14,3,11.7,0,1000,1
2026-09-20T12,14,3,11.8,246228,0,4
2026-09-20T12,14,4,11.8,0,13983,1
2026-09-20T12,14,4,11.9,52280,0,1
2026-09-20T13,14,0,11.1,0,11999,3
2026-09-20T13,14,0,11.2,99128,0,7
2026-09-20T13,14,0,11.4,1000,0,1
2026-09-20T13,14,1,11.6,83792,14792,4
2026-09-20T13,14,3,11.8,44677,9095,3
2026-09-20T13,14,4,11.6,56725,189329,3
2026-09-20T13,14,4,11.7,24000,208244,2
2026-09-20T14,14,0,10.9,0,2544,1
2026-09-20T14,14,0,11.0,42917,2083,2
2026-09-20T14,14,0,11.1,3162,24525,5
2026-09-20T14,14,0,11.2,63840,0,5
2026-09-20T14,14,1,11.3,0,10428,3
2026-09-20T14,14,1,11.4,4650,13354,2
2026-09-20T14,14,1,11.5,1568,7194,2
2026-09-20T14,14,1,11.6,21447,10028,6
2026-09-20T14,14,2,11.7,55695,0,1
2026-09-20T14,14,2,11.8,0,4956,1
2026-09-20T14,14,3,11.8,21251,0,1
2026-09-20T14,14,3,11.9,183,0,1
2026-09-20T14,14,4,11.9,74358,135174,4
2026-09-20T14,14,4,12.0,76445,0,2
2026-09-20T15,14,0,11.1,0,7689,1
2026-09-20T15,14,0,11.2,0,22849,4
2026-09-20T15,14,0,11.3,0,4885,4
2026-09-20T15,14,0,11.4,2760,21541,10
2026-09-20T15,14,0,11.5,26545,96793,10
2026-09-20T15,14,0,11.6,0,2817,1
2026-09-20T15,14,1,11.5,0,4747,2
2026-09-20T15,14,1,11.6,11230,65683,7
2026-09-20T15,14,1,11.7,34138,187226,9
2026-09-20T15,14,2,11.6,0,5154,1
2026-09-20T15,14,2,11.7,0,106952,2
2026-09-20T15,14,2,11.8,0,10408,2
2026-09-20T15,14,2,11.9,189867,0,1
2026-09-20T15,14,3,11.8,0,37622,1
2026-09-20T15,14,3,11.9,65056,1617,2
2026-09-20T15,14,3,12.0,38304,0,2
2026-09-20T15,14,4,12.0,0,23555,1
2026-09-20T15,14,4,12.1,0,21862,1
2026-09-20T15,14,6,12.2,104927,0,1
2026-09-20T15,14,11,12.2,0,20909,1
2026-09-20T16,14,0,11.1,0,16199,2
2026-09-20T16,14,0,11.2,35038,5636,4
2026-09-20T16,14,0,11.3,0,572,1
2026-09-20T16,14,0,11.4,0,2098,3
2026-09-20T16,14,0,11.5,5235,15564,6
2026-09-20T16,14,0,11.6,0,3242,3
2026-09-20T16,14,1,11.6,0,18586,2
2026-09-20T16,14,1,11.7,427057,11895,7
2026-09-20T16,14,2,11.5,25934,0,1
2026-09-20T16,14,2,11.8,0,3722,1
2026-09-20T16,14,2,11.9,30256,0,1
2026-09-20T16,14,3,11.8,0,24,1
2026-09-20T16,14,3,11.9,11040,17486,2
2026-09-20T16,14,3,12.0,3490,0,1
2026-09-20T17,14,0,10.8,0,5153,1
2026-09-20T17,14,0,10.9,0,11973,1
2026-09-20T17,14,0,11.0,5927,2851,4
2026-09-20T17,14,0,11.1,7488,12436,8
2026-09-20T17,14,0,11.2,105966,0,5
2026-09-20T17,14,1,11.3,51737,72138,4
2026-09-20T17,14,2,11.3,0,21,1
2026-09-20T17,14,2,11.4,66854,14173,4
2026-09-20T17,14,2,11.5,1902,0,1
2026-09-20T17,14,3,11.7,0,17793,1
2026-09-20T17,14,3,11.8,0,237,1
2026-09-20T17,14,3,11.9,44380,0,3
2026-09-20T18,14,0,10.7,0,13632,2
2026-09-20T18,14,0,10.8,0,6225,2
2026-09-20T18,14,0,10.9,0,510,3
2026-09-20T18,14,0,11.0,0,1164,4
2026-09-20T18,14,0,11.1,2636,8715,6
2026-09-20T18,14,0,11.2,5001,15373,3
2026-09-20T18,14,0,11.3,3802,36040,4
2026-09-20T18,14,0,11.4,437,0,1
2026-09-20T18,14,1,11.3,0,3761,1
2026-09-20T18,14,1,11.4,0,13523,3
2026-09-20T18,14,1,11.5,51083,18313,3
2026-09-20T18,14,1,11.6,7396,3467,2
2026-09-20T18,14,2,11.5,0,22164,1
2026-09-20T18,14,2,11.6,0,68888,3
2026-09-20T18,14,2,11.7,21370,45412,3
2026-09-20T18,14,2,11.8,14643,9730,3
2026-09-20T18,14,3,11.9,67383,0,2
2026-09-20T18,14,4,11.8,101335,0,2
2026-09-20T18,14,4,11.9,13800,0,1
2026-09-20T19,14,0,11.1,0,16205,4
2026-09-20T19,14,0,11.2,0,102,1
2026-09-20T19,14,0,11.4,53146,69392,4
2026-09-20T19,14,0,11.5,0,18693,2
2026-09-20T19,14,1,11.1,0,1355,1
2026-09-20T19,14,1,11.2,5517,0,1
2026-09-20T19,14,1,11.3,10923,0,1
2026-09-20T19,14,1,11.6,0,19345,3
2026-09-20T19,14,2,11.6,0,1,1
2026-09-20T19,14,2,11.7,62678,0,3
2026-09-20T19,14,3,11.7,0,34565,1
2026-09-20T19,14,4,11.7,123861,5001,6
2026-09-20T19,14,4,11.8,49373,49292,3
2026-09-20T19,14,4,11.9,708,0,1
2026-09-20T20,14,0,11.1,0,3134,2
2026-09-20T20,14,0,11.2,0,9816,2
2026-09-20T20,14,0,11.3,0,4985,3
2026-09-20T20,14,0,11.4,63697,1770,6
2026-09-20T20,14,0,11.5,0,956,1
2026-09-20T20,14,0,11.6,0,9766,3
2026-09-20T20,14,1,11.2,0,20189,1
2026-09-20T20,14,1,11.3,0,15373,1
2026-09-20T20,14,1,11.4,0,5455,2
2026-09-20T20,14,1,11.5,2283,19927,5
2026-09-20T20,14,1,11.6,0,57064,4
2026-09-20T20,14,2,11.5,0,1341,1
2026-09-20T20,14,2,11.6,61866,19990,4
2026-09-20T20,14,2,11.7,237322,0,5
2026-09-20T20,14,3,11.8,24048,0,2
2026-09-20T20,14,4,11.9,0,10492,1
2026-09-20T20,14,4,12.0,0,105193,1
2026-09-20T20,14,5,12.1,38087,0,2
2026-09-20T21,14,0,11.0,0,2217,1
2026-09-20T21,14,0,11.1,0,6898,1
2026-09-20T21,14,0,11.2,6885,0,1
2026-09-20T21,14,1,11.3,0,316,1
2026-09-20T21,14,1,11.4,0,1847,1
2026-09-20T21,14,1,11.5,66624,931,3
2026-09-20T21,14,1,11.6,0,2310,2
2026-09-20T21,14,2,11.4,0,12038,1
2026-09-20T21,14,2,11.6,16353,1900,3
2026-09-20T21,14,2,11.7,52012,147988,2
2026-09-20T21,14,3,11.7,45195,4805,2
2026-09-20T21,14,3,11.8,10041,15911,2
2026-09-20T21,14,3,11.9,0,57814,1
2026-09-20T21,14,3,12.0,209463,0,2
2026-09-20T21,14,4,11.9,0,15800,1
2026-09-20T21,14,4,12.0,0,84227,1
2026-09-20T22,14,0,10.6,0,647,1
2026-09-20T22,14,0,10.7,0,41,1
2026-09-20T22,14,0,10.8,0,1529,1
2026-09-20T22,14,0,11.0,0,8570,1
2026-09-20T22,14,0,11.1,0,368,1
2026-09-20T22,14,0,11.2,2147,13740,4
2026-09-20T22,14,0,11.3,0,1845,2
2026-09-20T22,14,0,11.4,0,14680,5
2026-09-20T22,14,0,11.5,1360,6837,3
2026-09-20T22,14,0,11.6,76062,4246,6
2026-09-20T22,14,1,11.4,7586,2414,2
2026-09-20T22,14,1,11.6,5,3278,2
2026-09-20T22,14,1,11.7,17631,0,2
2026-09-20T22,14,2,11.5,0,23202,1
2026-09-20T22,14,2,11.7,0,5000,1
2026-09-20T22,14,2,11.9,30312,0,1
2026-09-20T22,14,3,11.7,3212,52123,3
2026-09-20T22,14,3,11.8,0,37748,1
2026-09-20T22,14,3,11.9,0,2078,1
2026-09-20T22,14,4,12.0,25897,32438,2
2026-09-20T23,14,0,11.6,0,2269,1
2026-09-20T23,14,1,11.6,26091,13042,8
2026-09-20T23,14,1,11.7,56961,2249,4
2026-09-20T23,14,3,11.8,12000,0,1
2026-09-20T23,14,3,11.9,15000,0,1
2026-09-21T00,14,0,11.1,0,42,1
2026-09-21T00,14,0,11.2,0,569,1
2026-09-21T00,14,0,11.6,17310,5880,2
2026-09-21T00,14,1,11.6,0,7035,1
2026-09-21T00,14,1,11.7,194583,0,6
2026-09-21T00,14,2,11.8,2000,0,1
2026-09-21T00,14,2,11.9,0,46086,2
2026-09-21T00,14,3,11.8,0,18000,1
2026-09-21T00,14,3,11.9,0,111653,2
2026-09-21T00,14,3,12.0,12349,0,1
2026-09-21T00,14,4,11.9,14325,97844,2
2026-09-21T00,14,4,12.0,0,121324,2
2026-09-21T00,14,8,13.8,73982,0,1
2026-09-21T01,14,0,10.7,0,17091,2
2026-09-21T01,14,0,10.8,0,2995,1
2026-09-21T01,14,0,11.0,0,64,1
2026-09-21T01,14,0,11.1,10824,14371,5
2026-09-21T01,14,0,11.2,0,82,1
2026-09-21T01,14,0,11.3,95894,0,6
2026-09-21T01,14,1,11.2,0,7697,1
2026-09-21T01,14,1,11.5,1810,0,2
2026-09-21T01,14,2,11.6,22000,922,2
2026-09-21T01,14,2,11.7,0,4194,1
2026-09-21T01,14,2,11.8,22933,0,2
2026-09-21T01,14,3,11.7,0,8000,1
2026-09-21T01,14,3,11.8,0,11949,1
2026-09-21T01,14,3,11.9,0,48000,3
2026-09-21T01,14,3,12.0,103983,54137,4
2026-09-21T02,14,0,11.0,0,4256,1
2026-09-21T02,14,0,11.1,0,11874,2
2026-09-21T02,14,0,11.2,7216,7752,6
2026-09-21T02,14,0,11.3,119069,0,6
2026-09-21T02,14,1,11.4,0,1893,1
2026-09-21T02,14,1,11.5,0,151,1
2026-09-21T02,14,1,11.6,0,2404,1
2026-09-21T02,14,2,11.7,42296,194417,4
2026-09-21T02,14,3,11.8,13148,0,1
2026-09-21T03,14,0,10.8,0,2372,1
2026-09-21T03,14,0,10.9,0,141524,2
2026-09-21T03,14,0,11.0,0,365,3
2026-09-21T03,14,0,11.1,8305,324,4
2026-09-21T03,14,0,11.2,0,2837,2
2026-09-21T03,14,0,11.3,44995,0,3
2026-09-21T03,14,1,11.2,1332,791,2
2026-09-21T03,14,1,11.3,2000,262,3
2026-09-21T03,14,1,11.4,10464,0,2
2026-09-21T03,14,3,11.6,0,2992,1
2026-09-21T03,14,3,11.7,48863,0,1
2026-09-21T03,14,3,11.8,117866,0,2
2026-09-21T03,14,4,11.7,0,26635,1
2026-09-21T03,14,4,11.8,44984,53404,5
2026-09-21T03,14,5,12.0,0,2715,1
2026-09-21T03,14,6,12.1,0,100000,1
2026-09-21T04,14,0,10.5,0,12558,1
2026-09-21T04,14,0,10.6,0,311,1
2026-09-21T04,14,0,10.7,0,1493,2
2026-09-21T04,14,0,10.8,27435,16493,3
2026-09-21T04,14,0,10.9,16662,3893,5
2026-09-21T04,14,0,11.0,0,4600,3
2026-09-21T04,14,0,11.1,29771,8560,5
2026-09-21T04,14,1,10.9,0,1503,1
2026-09-21T04,14,1,11.0,1136,40384,3
2026-09-21T04,14,1,11.1,0,420,1
2026-09-21T04,14,1,11.2,0,56312,2
2026-09-21T04,14,1,11.3,10461,0,1
2026-09-21T04,14,2,11.5,72715,3,3
2026-09-21T04,14,2,11.6,3851,0,2
2026-09-21T04,14,3,11.7,16879,37804,3
2026-09-21T05,14,0,10.6,0,3888,1
2026-09-21T05,14,0,10.8,0,3100,1
2026-09-21T05,14,0,10.9,13092,7410,5
2026-09-21T05,14,0,11.0,0,5405,5
2026-09-21T05,14,0,11.1,97997,8701,6
2026-09-21T05,14,1,11.2,10472,45313,6
2026-09-21T05,14,1,11.3,2914,14539,2
2026-09-21T05,14,2,11.5,0,64573,1
2026-09-21T05,14,2,11.6,0,9869,1
2026-09-21T05,14,2,11.7,0,4280,1
2026-09-21T05,14,2,11.8,153751,32504,6
2026-09-21T05,14,2,11.9,0,46471,1
2026-09-21T05,14,2,12.0,0,82329,2
2026-09-21T05,14,3,11.7,0,1122,1
2026-09-21T05,14,3,11.8,0,18402,2
2026-09-21T05,14,3,11.9,142007,102722,5
2026-09-21T05,14,3,12.0,0,36017,2
2026-09-21T05,14,4,11.8,0,26437,2
2026-09-21T05,14,4,11.9,55555,44445,3
2026-09-21T05,14,4,12.0,0,10000,1
2026-09-21T05,14,5,12.1,20943,0,1
2026-09-21T06,14,0,10.8,0,5986,2
2026-09-21T06,14,0,10.9,0,2572,3
2026-09-21T06,14,0,11.0,1375,31489,7
2026-09-21T06,14,0,11.1,117547,0,5
2026-09-21T06,14,1,11.2,0,424,1
2026-09-21T06,14,1,11.3,14782,17056,7
2026-09-21T06,14,1,11.4,35166,39513,4
2026-09-21T06,14,1,11.5,9092,0,1
2026-09-21T06,14,2,11.9,6598,0,1
2026-09-21T06,14,3,12.0,2020,0,1
2026-09-21T06,14,5,12.1,11005,0,1
2026-09-21T07,14,0,11.0,3,2328,2
2026-09-21T07,14,0,11.1,40071,5698,5
2026-09-21T07,14,0,11.2,0,3885,2
2026-09-21T07,14,0,11.3,30511,56120,5
2026-09-21T07,14,0,11.4,19215,721,4
2026-09-21T07,14,1,11.3,0,4962,1
2026-09-21T07,14,1,11.4,0,3320,1
2026-09-21T07,14,1,11.5,31311,70711,7
2026-09-21T07,14,1,11.6,1381,0,1
2026-09-21T07,14,2,11.8,0,14460,1
2026-09-21T07,14,2,11.9,0,75311,1
2026-09-21T07,14,3,11.9,0,13980,2
2026-09-21T07,14,3,12.0,149433,26840,4
2026-09-21T07,14,4,12.0,48810,1190,2
2026-09-21T07,14,5,12.1,40236,0,2
2026-09-21T08,14,0,11.0,0,1,1
2026-09-21T08,14,0,11.1,333,0,1
2026-09-21T08,14,0,11.2,0,365,1
2026-09-21T08,14,0,11.3,0,93,2
2026-09-21T08,14,0,11.4,6018,50964,6
2026-09-21T08,14,0,11.5,53442,0,1
2026-09-21T08,14,1,11.5,0,824,1
2026-09-21T08,14,1,11.6,17000,179412,5
2026-09-21T08,14,1,11.7,197779,0,3
2026-09-21T08,14,3,11.8,8000,0,1
2026-09-21T08,14,3,11.9,0,13989,1
2026-09-21T08,14,3,12.0,12160,13198,3
2026-09-21T08,14,4,11.9,28520,0,1
2026-09-21T08,14,5,12.1,153774,0,3
2026-09-21T09,14,0,10.9,0,2200,1
2026-09-21T09,14,0,11.0,1000,14693,4
2026-09-21T09,14,0,11.1,3007,23529,7
2026-09-21T09,14,0,11.2,6657,15012,3
2026-09-21T09,14,1,11.0,0,2187,1
2026-09-21T09,14,1,11.2,16129,0,2
2026-09-21T09,14,1,11.3,12080,0,2
2026-09-21T09,14,1,11.6,26597,7387,4
2026-09-21T09,14,1,11.7,49001,0,1
2026-09-21T09,14,3,11.7,26914,0,4
2026-09-21T09,14,3,11.8,2150,0,1
2026-09-21T10,14,0,11.0,0,250,1
2026-09-21T10,14,0,11.1,0,1200,1
2026-09-21T10,14,0,11.2,0,5322,2
2026-09-21T10,14,0,11.3,12685,10693,6
2026-09-21T10,14,0,11.4,68935,29014,8
2026-09-21T10,14,0,11.5,3089,0,1
2026-09-21T10,14,1,11.2,5193,1710,2
2026-09-21T10,14,1,11.3,0,19757,1
2026-09-21T10,14,1,11.4,0,17000,1
2026-09-21T10,14,1,11.5,65727,43021,5
2026-09-21T10,14,1,11.6,7359,23403,2
2026-09-21T10,14,2,11.5,0,27393,3
2026-09-21T10,14,2,11.6,0,3000,1
2026-09-21T10,14,3,11.6,129296,70704,3
2026-09-21T10,14,3,11.7,0,67547,1
2026-09-21T10,14,4,11.7,0,185270,1
2026-09-21T10,14,7,13.8,0,159000,1
2026-09-21T11,14,0,10.4,0,967,2
2026-09-21T11,14,0,10.5,57340,39144,4
2026-09-21T11,14,0,10.6,0,111,1
2026-09-21T11,14,0,10.7,0,78466,1
2026-09-21T11,14,0,10.8,0,2291,1
2026-09-21T11,14,0,10.9,0,2586,2
2026-09-21T11,14,0,11.4,0,35555,3
2026-09-21T11,14,0,11.5,49556,0,1
2026-09-21T11,14,1,10.9,0,9123,2
2026-09-21T11,14,1,11.0,34816,0,3
2026-09-21T11,14,1,11.5,14447,5644,2
2026-09-21T11,14,1,11.6,0,35269,2
2026-09-21T11,14,2,11.6,20665,6679,4
2026-09-21T11,14,3,11.7,128065,71935,5
2026-09-21T11,14,3,11.8,0,51076,1
2026-09-21T11,14,4,11.8,0,20372,1
2026-09-21T11,14,4,11.9,29628,0,1
2026-09-21T12,14,0,10.5,0,3,1
2026-09-21T12,14,0,10.6,0,332,1
2026-09-21T12,14,0,10.7,0,1805,2
2026-09-21T12,14,0,10.8,547,102,3
2026-09-21T12,14,0,11.0,0,30920,2
2026-09-21T12,14,0,11.1,0,6523,1
2026-09-21T12,14,0,11.4,5700,1424,3
2026-09-21T12,14,0,11.5,17138,0,2
2026-09-21T12,14,1,10.9,0,3725,1
2026-09-21T12,14,1,11.0,45184,20000,3
2026-09-21T12,14,1,11.6,5000,30472,3
2026-09-21T12,14,1,11.7,42479,0,2
2026-09-21T12,14,2,11.7,12780,56055,3
2026-09-21T12,14,2,11.8,0,28425,2
2026-09-21T12,14,3,11.6,0,79438,1
2026-09-21T12,14,3,11.7,0,24845,1
2026-09-21T12,14,3,11.8,0,35826,1
2026-09-21T12,14,4,11.8,0,33333,1
2026-09-21T12,14,4,11.9,130610,99595,7
2026-09-21T13,14,0,11.3,0,400,2
2026-09-21T13,14,0,11.4,2464,22177,7
2026-09-21T13,14,0,11.5,16419,0,4
2026-09-21T13,14,1,11.5,39051,2636,3
2026-09-21T13,14,1,11.6,0,18057,1
2026-09-21T13,14,1,11.7,66121,0,3
2026-09-21T13,14,2,11.6,0,126200,1
2026-09-21T13,14,3,11.7,127556,22444,2
2026-09-21T13,14,3,11.8,0,40000,1
2026-09-21T13,14,3,11.9,0,4000,1
2026-09-21T13,14,3,12.0,7200,0,1
2026-09-21T13,14,4,11.8,0,77836,2
2026-09-21T13,14,4,11.9,9322,83606,2
2026-09-21T13,14,4,12.0,165821,59760,4
2026-09-21T13,14,5,11.9,124545,75455,2
2026-09-21T13,14,5,12.0,0,27446,1
2026-09-21T14,14,0,11.2,0,679,1
2026-09-21T14,14,0,11.3,4528,2110,3
2026-09-21T14,14,0,11.4,1210,5856,3
2026-09-21T14,14,0,11.5,23283,41570,9
2026-09-21T14,14,0,11.6,7841,12599,4
2026-09-21T14,14,1,11.3,0,2479,1
2026-09-21T14,14,1,11.5,0,44,1
2026-09-21T14,14,1,11.6,3308,2257,4
2026-09-21T14,14,1,11.7,65069,0,3
2026-09-21T14,14,2,11.5,0,1,1
2026-09-21T14,14,2,11.9,1000,3148,2
2026-09-21T14,14,3,11.9,9991,5103,2
2026-09-21T14,14,3,12.0,121989,0,3
2026-09-21T14,14,4,12.0,0,40852,1
2026-09-21T14,14,11,12.1,0,25276,1
2026-09-21T15,14,0,11.3,0,2667,4
2026-09-21T15,14,0,11.4,710,5654,5
2026-09-21T15,14,0,11.5,100555,22134,7
2026-09-21T15,14,0,11.6,9458,8080,3
2026-09-21T15,14,1,11.5,0,2565,1
2026-09-21T15,14,1,11.6,89324,12743,4
2026-09-21T15,14,1,11.7,266574,0,8
2026-09-21T15,14,2,11.8,0,12410,2
2026-09-21T15,14,2,11.9,0,69641,2
2026-09-21T15,14,3,11.9,10430,87265,2
2026-09-21T15,14,3,12.0,24857,0,1
2026-09-21T15,14,4,11.9,0,20709,1
2026-09-21T15,14,4,12.0,185814,34364,6
2026-09-21T15,14,5,12.1,200000,0,1
2026-09-21T16,14,0,11.3,0,1101,2
2026-09-21T16,14,0,11.4,2649,18408,4
2026-09-21T16,14,0,11.5,1658,28347,7
2026-09-21T16,14,0,11.6,17879,0,3
2026-09-21T16,14,1,11.5,0,636,1
2026-09-21T16,14,1,11.6,0,7991,2
2026-09-21T16,14,1,11.7,55814,121443,6
2026-09-21T16,14,2,11.6,0,4542,1
2026-09-21T16,14,2,11.9,3000,20104,2
2026-09-21T16,14,3,11.7,10116,2056,2
2026-09-21T16,14,3,11.9,36050,63950,2
2026-09-21T16,14,3,12.0,75479,0,2
2026-09-21T16,14,4,12.0,9760,90130,2
2026-09-21T16,14,6,12.1,39606,0,1
2026-09-21T17,14,0,11.0,0,2929,2
2026-09-21T17,14,0,11.1,5158,1229,3
2026-09-21T17,14,0,11.2,0,179,1
2026-09-21T17,14,0,11.3,0,2591,1
2026-09-21T17,14,0,11.4,0,4339,4
2026-09-21T17,14,0,11.5,0,3891,2
2026-09-21T17,14,0,11.6,2865,51847,3
2026-09-21T17,14,0,11.7,0,8481,4
2026-09-21T17,14,0,11.8,4283,0,1
2026-09-21T17,14,1,11.5,1687,11826,2
2026-09-21T17,14,1,11.6,2189,5811,2
2026-09-21T17,14,1,11.7,0,16025,3
2026-09-21T17,14,1,11.8,54285,146325,8
2026-09-21T17,14,2,11.8,0,12908,1
2026-09-21T17,14,2,11.9,3324,21027,2
2026-09-21T17,14,3,11.8,0,6144,1
2026-09-21T17,14,3,11.9,9856,997,3
2026-09-21T17,14,3,12.0,77716,0,5
2026-09-21T17,14,6,12.1,15275,0,2
2026-09-21T18,14,0,11.2,0,624,2
2026-09-21T18,14,0,11.3,0,148,2
2026-09-21T18,14,0,11.4,2232,575,3
2026-09-21T18,14,0,11.5,0,12800,1
2026-09-21T18,14,0,11.6,0,12914,1
2026-09-21T18,14,0,11.8,59948,26532,7
2026-09-21T18,14,0,11.9,0,6715,3
2026-09-21T18,14,1,11.7,0,456,1
2026-09-21T18,14,1,11.8,0,4898,1
2026-09-21T18,14,1,11.9,0,17699,3
2026-09-21T18,14,2,11.9,27231,2172,3
2026-09-21T18,14,2,12.0,0,19440,1
2026-09-21T18,14,3,11.9,50662,28912,3
2026-09-21T18,14,3,12.0,66452,46764,4
2026-09-21T18,14,4,11.8,0,111024,1
2026-09-21T18,14,4,12.0,0,10713,1
2026-09-21T18,14,5,11.9,42392,0,1
2026-09-21T18,14,5,12.0,25660,0,2
2026-09-21T18,14,6,12.1,10830,0,1
2026-09-21T19,14,0,11.6,0,580,1
2026-09-21T19,14,0,11.7,0,18416,3
2026-09-21T19,14,0,11.8,500,3500,2
2026-09-21T19,14,1,11.7,0,13731,2
2026-09-21T19,14,1,11.8,6738,21325,3
2026-09-21T19,14,2,11.7,0,64376,1
2026-09-21T19,14,2,11.8,0,41178,1
2026-09-21T19,14,2,11.9,2078,0,1
2026-09-21T19,14,3,11.7,135815,0,2
2026-09-21T19,14,4,11.8,137220,0,3
2026-09-21T19,14,5,11.9,123414,27194,4
2026-09-21T20,14,0,11.4,0,8450,2
2026-09-21T20,14,0,11.5,0,190,1
2026-09-21T20,14,0,11.6,16000,2811,4
2026-09-21T20,14,0,11.7,0,2490,1
2026-09-21T20,14,1,11.6,20847,47368,2
2026-09-21T20,14,1,11.7,32953,124824,9
2026-09-21T20,14,1,11.8,8705,22419,4
2026-09-21T20,14,2,11.8,0,63250,2
2026-09-21T20,14,2,11.9,21864,24285,5
2026-09-21T20,14,2,12.0,10211,2625,2
2026-09-21T20,14,3,11.7,0,76836,1
2026-09-21T20,14,3,11.8,0,60582,1
2026-09-21T20,14,3,12.0,20000,25000,2
2026-09-21T20,14,4,11.8,0,26260,1
2026-09-21T20,14,5,11.9,0,5083,1
2026-09-21T20,14,5,12.0,52710,170893,2
2026-09-21T20,14,5,12.1,90661,0,2
2026-09-21T20,14,6,12.1,42947,41342,2
2026-09-21T21,14,0,11.2,0,774,1
2026-09-21T21,14,0,11.3,7915,7894,4
2026-09-21T21,14,0,11.4,1218,11079,4
2026-09-21T21,14,0,11.5,0,89650,3
2026-09-21T21,14,0,11.6,0,3246,1
2026-09-21T21,14,0,11.8,0,1174,1
2026-09-21T21,14,1,11.7,0,22892,4
2026-09-21T21,14,1,11.8,50157,0,2
2026-09-21T21,14,1,11.9,36148,0,1
2026-09-21T21,14,3,11.8,110142,0,1
2026-09-21T21,14,3,11.9,60203,23383,4
2026-09-21T21,14,4,12.0,19835,0,2
2026-09-21T22,14,0,11.2,0,2388,1
2026-09-21T22,14,0,11.3,0,4850,1
2026-09-21T22,14,0,11.4,0,9450,2
2026-09-21T22,14,0,11.5,0,10125,4
2026-09-21T22,14,0,11.6,0,5000,1
2026-09-21T22,14,1,11.6,53,0,1
2026-09-21T22,14,2,11.5,0,15285,1
2026-09-21T22,14,2,11.6,86000,64000,2
2026-09-21T22,14,3,11.6,0,50000,1
2026-09-21T22,14,3,11.7,333476,0,7
2026-09-21T23,14,0,11.2,0,1681,1
2026-09-21T23,14,0,11.3,0,32769,1
2026-09-21T23,14,0,11.4,0,33578,3
2026-09-21T23,14,0,11.5,0,6500,1
2026-09-21T23,14,1,11.5,65470,66630,7
2026-09-21T23,14,1,11.6,18987,0,2
2026-09-21T23,14,2,11.5,0,32000,1
2026-09-21T23,14,2,11.6,0,5000,1
2026-09-21T23,14,3,11.6,2461,9823,3
2026-09-21T23,14,3,11.7,161747,0,3
2026-09-22T00,14,0,11.4,0,5271,2
2026-09-22T00,14,0,11.5,0,18132,2
2026-09-22T00,14,0,11.6,0,29660,2
2026-09-22T00,14,0,11.7,0,6418,2
2026-09-22T00,14,1,11.5,2030,877,2
2026-09-22T00,14,1,11.6,0,158077,5
2026-09-22T00,14,1,11.7,0,5889,1
2026-09-22T00,14,2,11.6,0,10000,1
2026-09-22T00,14,3,11.7,47,104730,2
2026-09-22T00,14,3,11.8,11761,0,1
2026-09-22T00,14,4,11.7,66577,70497,4
2026-09-22T00,14,4,11.8,0,46869,2
2026-09-22T01,14,0,11.3,0,31086,2
2026-09-22T01,14,0,11.4,0,12576,1
2026-09-22T01,14,0,11.5,0,1694,1
2026-09-22T01,14,0,11.6,520,2174,2
2026-09-22T01,14,0,11.7,4084,1120,2
2026-09-22T01,14,1,11.6,0,2549,1
2026-09-22T01,14,1,11.7,0,22003,1
2026-09-22T01,14,1,11.8,7495,0,1
2026-09-22T01,14,2,11.7,9336,27337,5
2026-09-22T01,14,3,11.8,97386,16400,3
2026-09-22T01,14,4,11.7,0,7302,1
2026-09-22T01,14,4,11.9,57135,0,1
2026-09-22T02,14,0,11.3,0,2727,2
2026-09-22T02,14,0,11.4,14216,0,4
2026-09-22T02,14,0,11.7,0,8212,2
2026-09-22T02,14,1,11.8,41540,0,1
2026-09-22T02,14,2,11.8,32302,13813,4
2026-09-22T02,14,3,11.9,0,79660,2
2026-09-22T02,14,4,11.9,71777,150390,3
2026-09-22T03,14,0,11.3,200,837,3
2026-09-22T03,14,0,11.4,31128,5018,7
2026-09-22T03,14,0,11.5,8060,3456,4
2026-09-22T03,14,0,11.6,0,115,1
2026-09-22T03,14,0,11.7,18534,0,1
2026-09-22T03,14,1,11.6,1764,32448,4
2026-09-22T03,14,1,11.7,36886,1396,2
2026-09-22T03,14,1,11.8,0,808,1
2026-09-22T03,14,2,11.6,0,53422,1
2026-09-22T03,14,2,11.7,10000,7654,3
2026-09-22T03,14,3,11.9,47527,0,4
2026-09-22T03,14,10,12.0,86210,0,2
2026-09-22T04,14,0,11.0,0,464,1
2026-09-22T04,14,0,11.1,0,4084,1
2026-09-22T04,14,0,11.2,2077,30101,3
2026-09-22T04,14,0,11.3,2440,22825,7
2026-09-22T04,14,0,11.4,91169,2024,5
2026-09-22T04,14,0,11.5,0,25211,1
2026-09-22T04,14,0,11.6,0,22165,1
2026-09-22T04,14,0,11.7,4599,0,1
2026-09-22T04,14,1,11.5,0,4221,1
2026-09-22T04,14,1,11.6,0,7289,1
2026-09-22T04,14,1,11.7,10000,15856,4
2026-09-22T04,14,1,11.8,0,2468,1
2026-09-22T04,14,2,11.8,131330,44037,3
2026-09-22T04,14,3,11.9,315172,0,7
2026-09-22T04,14,10,12.0,1,0,1
2026-09-22T05,14,0,11.0,0,1476,1
2026-09-22T05,14,0,11.1,0,1021,1
2026-09-22T05,14,0,11.2,0,4235,2
2026-09-22T05,14,0,11.3,0,10251,2
2026-09-22T05,14,0,11.4,128,6236,3
2026-09-22T05,14,0,11.5,559,3982,3
2026-09-22T05,14,0,11.6,0,10424,2
2026-09-22T05,14,0,11.7,0,25902,1
2026-09-22T05,14,1,11.7,36190,0,2
2026-09-22T05,14,2,11.8,102677,8323,3
2026-09-22T05,14,2,11.9,45972,0,2
2026-09-22T05,14,3,11.8,0,24960,2
2026-09-22T05,14,3,11.9,0,119656,4
2026-09-22T05,14,10,11.9,0,1,1
2026-09-22T06,14,0,11.1,20200,0,1
2026-09-22T06,14,0,11.3,956,0,2
2026-09-22T06,14,0,11.4,0,2872,1
2026-09-22T06,14,0,11.5,0,6092,1
2026-09-22T06,14,0,11.6,6159,3820,2
2026-09-22T06,14,1,11.6,3372,47161,3
2026-09-22T06,14,1,11.7,21564,4436,2
2026-09-22T06,14,2,11.7,9965,5072,2
2026-09-22T06,14,2,11.8,0,22473,2
2026-09-22T06,14,2,11.9,82069,163959,2
2026-09-22T06,14,3,11.8,0,50000,1
2026-09-22T06,14,3,11.9,0,1000,1
2026-09-22T06,14,4,11.9,38440,246908,4
2026-09-22T06,14,10,12.0,18780,0,2
2026-09-22T07,14,0,11.1,0,12140,1
2026-09-22T07,14,0,11.2,0,438,1
2026-09-22T07,14,0,11.3,0,9650,3
2026-09-22T07,14,0,11.4,0,428,2
2026-09-22T07,14,0,11.5,6031,53918,5
2026-09-22T07,14,0,11.6,0,45172,5
2026-09-22T07,14,0,11.7,200,1782,2
2026-09-22T07,14,1,11.6,0,5841,2
2026-09-22T07,14,1,11.7,38386,33347,5
2026-09-22T07,14,1,11.8,80310,19690,3
2026-09-22T07,14,2,11.8,0,35000,1
2026-09-22T07,14,3,11.9,144510,0,1
2026-09-22T07,14,4,11.9,86457,10813,3
2026-09-22T07,14,10,12.0,347352,0,6
2026-09-22T08,14,1,11.6,0,5517,1
2026-09-22T08,14,1,11.8,0,14465,2
2026-09-22T08,14,2,11.6,0,6013,1
2026-09-22T08,14,2,11.7,1457,0,1
2026-09-22T08,14,3,11.8,0,67025,1
2026-09-22T08,14,3,11.9,62063,50321,4
2026-09-22T08,14,10,12.0,14934,0,1
2026-09-22T09,14,0,10.8,0,223,1
2026-09-22T09,14,0,10.9,0,4619,1
2026-09-22T09,14,0,11.0,0,83,1
2026-09-22T09,14,0,11.1,0,1832,2
2026-09-22T09,14,0,11.2,0,15000,1
2026-09-22T09,14,0,11.3,3716,16005,5
2026-09-22T09,14,0,11.4,0,5804,5
2026-09-22T09,14,0,11.5,10789,3265,2
2026-09-22T09,14,1,11.4,0,6733,2
2026-09-22T09,14,1,11.5,3440,19041,3
2026-09-22T09,14,1,11.6,0,20155,1
2026-09-22T09,14,2,11.5,17117,2883,4
2026-09-22T09,14,2,11.6,13214,7147,3
2026-09-22T09,14,2,11.7,3940,0,1
2026-09-22T09,14,4,11.7,55069,0,1
2026-09-22T10,14,0,11.3,0,1422,1
2026-09-22T10,14,0,11.4,2121,10540,3
2026-09-22T10,14,0,11.5,0,4797,4
2026-09-22T10,14,0,11.6,0,2762,1
2026-09-22T10,14,0,11.7,0,55167,1
2026-09-22T10,14,1,11.4,0,72855,1
2026-09-22T10,14,1,11.5,0,59,1
2026-09-22T10,14,1,11.6,0,7495,3
2026-09-22T10,14,1,11.7,0,21779,1
2026-09-22T10,14,2,11.6,0,4000,1
2026-09-22T10,14,2,11.7,0,5344,1
2026-09-22T10,14,2,11.8,159009,0,2
2026-09-22T10,14,3,11.8,0,27148,1
2026-09-22T10,14,4,11.7,56593,52351,5
2026-09-22T10,14,4,11.8,0,138982,1
2026-09-22T11,14,0,11.2,0,429,1
2026-09-22T11,14,0,11.3,0,12303,1
2026-09-22T11,14,0,11.4,0,2889,2
2026-09-22T11,14,0,11.5,0,27314,1
2026-09-22T11,14,0,11.6,0,7370,3
2026-09-22T11,14,0,11.7,0,3651,1
2026-09-22T11,14,1,11.5,0,706,1
2026-09-22T11,14,1,11.6,1000,19063,2
2026-09-22T11,14,1,11.7,0,16044,2
2026-09-22T11,14,2,11.6,0,9665,1
2026-09-22T11,14,2,11.7,10474,6216,2
2026-09-22T11,14,2,11.8,24032,0,2
2026-09-22T11,14,3,11.6,0,761,1
2026-09-22T11,14,3,11.7,34912,45036,3
2026-09-22T11,14,3,11.8,17640,53359,3
2026-09-22T11,14,5,11.9,84916,0,1
2026-09-22T12,14,0,11.6,0,1160,4
2026-09-22T12,14,0,11.7,10627,0,1
2026-09-22T12,14,1,11.7,3202,2627,5
2026-09-22T12,14,1,11.8,1275,0,1
2026-09-22T12,14,2,11.7,0,20771,1
2026-09-22T12,14,2,11.8,122101,10192,3
2026-09-22T12,14,3,11.8,20910,29441,2
2026-09-22T12,14,4,11.9,42855,50000,3
2026-09-22T12,14,5,11.9,0,26164,1
2026-09-22T12,14,10,12.0,34458,0,2
2026-09-22T13,14,0,11.3,0,84,1
2026-09-22T13,14,0,11.4,87877,0,2
2026-09-22T13,14,0,11.5,0,7418,1
2026-09-22T13,14,0,11.6,0,1682,1
2026-09-22T13,14,0,11.7,0,204,1
2026-09-22T13,14,1,11.8,7384,32114,4
2026-09-22T13,14,2,11.7,0,28622,1
2026-09-22T13,14,2,11.8,0,33474,1
2026-09-22T13,14,3,11.8,18928,12768,2
2026-09-22T13,14,3,11.9,302317,104683,5
2026-09-22T13,14,4,11.8,0,83535,1
2026-09-22T13,14,4,11.9,65780,28028,3
2026-09-22T13,14,4,12.0,14478,0,2
2026-09-22T13,14,10,12.0,0,14029,1
2026-09-22T14,14,0,11.0,0,2516,2
2026-09-22T14,14,0,11.2,0,595,1
2026-09-22T14,14,0,11.3,0,31835,2
2026-09-22T14,14,0,11.4,25982,51082,7
2026-09-22T14,14,0,11.5,0,1324,1
2026-09-22T14,14,0,11.6,0,38,1
2026-09-22T14,14,0,11.7,0,6003,2
2026-09-22T14,14,1,11.5,3437,3304,4
2026-09-22T14,14,1,11.8,0,17344,2
2026-09-22T14,14,1,11.9,10460,0,1
2026-09-22T14,14,3,11.8,0,24836,1
2026-09-22T14,14,3,11.9,7130,0,1
2026-09-22T14,14,4,11.9,17000,5001,2
2026-09-22T14,14,4,12.0,70492,9167,2
2026-09-22T14,14,5,12.0,256159,43841,2
2026-09-22T15,14,0,11.1,0,2800,2
2026-09-22T15,14,0,11.2,0,4484,2
2026-09-22T15,14,0,11.3,12954,15774,3
2026-09-22T15,14,0,11.4,0,5468,2
2026-09-22T15,14,0,11.5,0,3309,3
2026-09-22T15,14,0,11.6,62829,0,5
2026-09-22T15,14,1,11.5,0,7864,1
2026-09-22T15,14,1,11.6,0,619,1
2026-09-22T15,14,1,11.7,0,579,1
2026-09-22T15,14,1,11.8,0,3562,2
2026-09-22T15,14,1,11.9,45395,0,1
2026-09-22T15,14,2,11.7,0,21128,1
2026-09-22T15,14,2,11.8,0,18443,2
2026-09-22T15,14,2,11.9,62698,80255,3
2026-09-22T15,14,3,11.9,49076,49184,4
2026-09-22T15,14,3,12.0,105321,35000,3
2026-09-22T15,14,4,12.0,0,185785,2
2026-09-22T15,14,5,12.0,0,109262,1
2026-09-22T16,14,0,11.3,0,239,1
2026-09-22T16,14,0,11.4,0,1015,1
2026-09-22T16,14,0,11.5,80998,305,3
2026-09-22T16,14,0,11.6,58757,0,3
2026-09-22T16,14,1,11.6,0,1136,1
2026-09-22T16,14,1,11.7,0,16882,3
2026-09-22T16,14,2,11.6,0,1736,1
2026-09-22T16,14,2,11.7,0,15431,2
2026-09-22T16,14,2,11.8,28709,0,2
2026-09-22T16,14,3,11.8,207560,0,3
2026-09-22T16,14,3,11.9,0,50000,1
2026-09-22T16,14,4,11.8,21139,72512,3
2026-09-22T16,14,4,12.0,4359,0,2
2026-09-22T17,14,0,11.2,0,183,1
2026-09-22T17,14,0,11.3,0,9109,4
2026-09-22T17,14,0,11.4,0,30962,5
2026-09-22T17,14,0,11.5,430885,0,7
2026-09-22T17,14,1,11.6,0,11086,1
2026-09-22T17,14,1,11.7,0,25863,2
2026-09-22T17,14,2,11.6,2761,8111,2
2026-09-22T17,14,2,11.7,2500,56798,3
2026-09-22T17,14,2,11.8,231005,7623,6
2026-09-22T17,14,3,11.7,0,48631,1
2026-09-22T17,14,3,11.8,0,56312,1
2026-09-22T17,14,3,11.9,0,17956,1
2026-09-22T17,14,3,12.0,0,294679,1
2026-09-22T17,14,4,11.8,36775,124657,4
2026-09-22T17,14,4,11.9,0,14514,1
2026-09-22T17,14,4,12.0,0,113894,1
2026-09-22T17,14,5,12.1,256422,0,1
2026-09-22T17,14,6,12.1,0,150000,1
2026-09-22T18,14,0,11.3,0,3,1
2026-09-22T18,14,0,11.4,1372,3077,5
2026-09-22T18,14,0,11.5,1432,41137,6
2026-09-22T18,14,0,11.6,34374,0,3
2026-09-22T18,14,1,11.5,75790,24210,4
2026-09-22T18,14,2,11.5,0,5672,1
2026-09-22T18,14,2,11.6,5818,4072,2
2026-09-22T18,14,2,11.8,10373,14375,2
2026-09-22T18,14,3,11.7,0,92702,1
2026-09-22T18,14,3,12.0,57967,0,1
2026-09-22T19,14,0,11.1,0,79,1
2026-09-22T19,14,0,11.2,0,9491,4
2026-09-22T19,14,0,11.3,28168,1081,5
2026-09-22T19,14,0,11.4,8316,4397,3
2026-09-22T19,14,0,11.5,12350,2652,3
2026-09-22T19,14,0,11.6,18900,0,1
2026-09-22T19,14,1,11.5,0,29279,3
2026-09-22T19,14,1,11.6,0,6670,3
2026-09-22T19,14,1,11.7,33613,1000,4
2026-09-22T19,14,2,11.7,1972,146366,5
2026-09-22T19,14,3,11.8,72933,0,4
2026-09-22T19,14,4,11.9,88215,0,1
2026-09-22T19,14,4,12.0,13717,0,2
2026-09-22T20,14,0,11.3,9739,63877,4
2026-09-22T20,14,0,11.4,45970,5714,2
2026-09-22T20,14,0,11.5,26582,20017,4
2026-09-22T20,14,0,11.6,11134,34848,8
2026-09-22T20,14,1,11.5,0,3056,1
2026-09-22T20,14,1,11.7,25443,13574,5
2026-09-22T20,14,1,11.8,7000,0,1
2026-09-22T20,14,2,11.6,0,930,1
2026-09-22T20,14,2,11.7,1000,11617,3
2026-09-22T20,14,2,11.8,9010,10617,2
2026-09-22T20,14,3,11.7,2000,139602,2
2026-09-22T20,14,3,11.8,223456,150000,4
2026-09-22T20,14,3,11.9,34350,0,1
2026-09-22T20,14,4,11.8,0,6103,1
2026-09-22T20,14,4,11.9,2901,11785,2
2026-09-22T20,14,4,12.0,18733,0,1
2026-09-22T21,14,0,11.5,0,1273,2
2026-09-22T21,14,0,11.6,2652,4626,5
2026-09-22T21,14,0,11.7,3153,24086,7
2026-09-22T21,14,1,11.6,0,20748,3
2026-09-22T21,14,1,11.7,43515,69935,5
2026-09-22T21,14,1,11.8,107871,0,3
2026-09-22T21,14,2,11.8,0,76535,3
2026-09-22T21,14,3,11.8,61115,17079,3
2026-09-22T21,14,3,11.9,119848,52802,6
2026-09-22T21,14,4,11.9,49649,1723,3
2026-09-22T21,14,4,12.0,20384,0,2
2026-09-22T21,14,5,12.0,0,4,1
2026-09-22T22,14,0,11.6,0,829,1
2026-09-22T22,14,0,11.7,1000,2480,3
2026-09-22T22,14,1,11.8,179427,0,8
2026-09-22T22,14,2,11.8,0,42614,1
2026-09-22T22,14,3,11.8,0,5332,1
2026-09-22T22,14,4,11.8,4206,37814,3
2026-09-22T22,14,4,11.9,65522,134829,4
2026-09-22T22,14,4,12.0,21892,0,1
2026-09-22T23,14,0,11.6,0,600,1
2026-09-22T23,14,0,11.7,400,25231,6
2026-09-22T23,14,0,11.8,0,13538,3
2026-09-22T23,14,1,11.5,0,2998,1
2026-09-22T23,14,1,11.7,0,10076,2
2026-09-22T23,14,1,11.8,0,32997,1
2026-09-22T23,14,2,11.7,0,26700,1
2026-09-22T23,14,2,11.8,14480,13574,2
2026-09-22T23,14,3,11.8,16938,37352,3
2026-09-22T23,14,3,11.9,0,30000,1
2026-09-22T23,14,4,11.9,3667,72109,4
2026-09-22T23,14,4,12.0,25211,19474,2
2026-09-23T00,14,0,11.3,0,7521,1
2026-09-23T00,14,0,11.4,2038,10340,2
2026-09-23T00,14,0,11.7,2000,2976,2
2026-09-23T00,14,0,11.8,0,856,1
2026-09-23T00,14,1,11.6,0,6000,1
2026-09-23T00,14,1,11.7,51530,56813,4
2026-09-23T00,14,1,11.8,0,18343,2
2026-09-23T00,14,1,11.9,8241,0,1
2026-09-23T00,14,2,11.8,0,10065,1
2026-09-23T00,14,3,11.9,7987,3000,2
2026-09-23T00,14,4,11.9,38550,7783,4
2026-09-23T01,14,0,11.2,0,22802,1
2026-09-23T01,14,0,11.4,13365,887,2
2026-09-23T01,14,0,11.5,11860,30295,5
2026-09-23T01,14,0,11.6,20899,0,3
2026-09-23T01,14,1,11.8,0,2304,1
2026-09-23T01,14,1,11.9,81302,0,3
2026-09-23T01,14,2,11.9,1000,25255,2
2026-09-23T01,14,3,11.9,31000,45173,3
2026-09-23T01,14,4,11.9,0,93405,1
2026-09-23T01,14,4,12.0,72562,0,1
2026-09-23T01,14,5,12.0,596,2183,2
2026-09-23T02,14,0,11.0,0,20,1
2026-09-23T02,14,0,11.1,0,3530,1
2026-09-23T02,14,0,11.4,520,11157,4
2026-09-23T02,14,0,11.5,63204,21867,6
2026-09-23T02,14,0,11.6,29207,0,2
2026-09-23T02,14,1,11.9,11180,69213,4
2026-09-23T02,14,2,12.0,0,12338,2
2026-09-23T02,14,3,12.0,18302,27906,4
2026-09-23T02,14,4,11.9,0,5878,1
2026-09-23T02,14,4,12.0,165247,100408,3
2026-09-23T02,14,5,12.1,40613,0,1
2026-09-23T03,14,0,11.1,0,2353,1
2026-09-23T03,14,0,11.2,15647,5846,3
2026-09-23T03,14,0,11.3,0,5865,1
2026-09-23T03,14,0,11.4,66549,0,5
2026-09-23T03,14,1,11.7,1000,57794,2
2026-09-23T03,14,1,11.8,0,7243,1
2026-09-23T03,14,3,11.8,26485,2073,3
2026-09-23T03,14,3,11.9,50072,40000,4
2026-09-23T03,14,4,12.0,2610,47390,2
2026-09-23T03,14,5,12.1,15214,0,1
2026-09-23T04,14,0,10.7,0,4335,1
2026-09-23T04,14,0,10.8,0,1500,1
2026-09-23T04,14,0,10.9,601,4500,2
2026-09-23T04,14,0,11.0,0,1788,1
2026-09-23T04,14,0,11.1,2000,6252,2
2026-09-23T04,14,0,11.2,64583,8862,6
2026-09-23T04,14,0,11.3,4025,6000,2
2026-09-23T04,14,0,11.4,63787,8452,6
2026-09-23T04,14,1,11.6,0,76432,1
2026-09-23T04,14,1,11.7,3000,4378,2
2026-09-23T04,14,1,11.8,0,10057,2
2026-09-23T04,14,2,11.8,13482,17736,4
2026-09-23T04,14,3,11.9,160738,0,6
2026-09-23T05,14,0,10.8,0,2769,1
2026-09-23T05,14,0,10.9,0,1945,1
2026-09-23T05,14,0,11.0,58110,3266,5
2026-09-23T05,14,0,11.1,42922,25395,3
2026-09-23T05,14,0,11.2,65300,62218,6
2026-09-23T05,14,0,11.3,12455,0,2
2026-09-23T05,14,1,11.7,0,299,1
2026-09-23T05,14,1,11.8,0,2140,1
2026-09-23T05,14,1,11.9,1190,0,1
2026-09-23T05,14,2,11.8,0,34680,1
2026-09-23T05,14,2,11.9,0,5000,1
2026-09-23T05,14,3,11.7,0,16426,1
2026-09-23T05,14,3,11.8,0,12270,1
2026-09-23T05,14,3,11.9,175064,47716,4
2026-09-23T05,14,4,11.8,100249,0,1
2026-09-23T05,14,5,12.0,0,214578,1
2026-09-23T05,14,5,12.1,35422,0,1
2026-09-23T06,14,0,11.0,0,879,1
2026-09-23T06,14,0,11.1,0,1620,2
2026-09-23T06,14,0,11.2,0,9019,2
2026-09-23T06,14,0,11.3,1000,6502,4
2026-09-23T06,14,0,11.4,4190,25189,5
2026-09-23T06,14,0,11.5,43351,0,4
2026-09-23T06,14,1,11.5,0,2288,1
2026-09-23T06,14,1,11.6,29068,35083,7
2026-09-23T06,14,2,11.6,0,59234,4
2026-09-23T06,14,3,11.7,5600,16072,2
2026-09-23T06,14,4,11.8,0,109273,2
2026-09-23T06,14,4,11.9,21352,0,1
2026-09-23T07,14,0,11.2,0,11844,3
2026-09-23T07,14,0,11.3,0,258,3
2026-09-23T07,14,0,11.4,6661,9577,6
2026-09-23T07,14,0,11.5,16237,45648,4
2026-09-23T07,14,1,11.5,0,207,1
2026-09-23T07,14,1,11.6,36702,21325,2
2026-09-23T07,14,2,11.5,5000,32756,3
2026-09-23T07,14,2,11.6,0,6389,1
2026-09-23T07,14,2,11.7,20166,0,3
2026-09-23T07,14,3,11.8,0,77639,1
2026-09-23T07,14,4,11.9,94091,0,3
2026-09-23T11,14,0,11.3,0,15183,2
2026-09-23T11,14,0,11.4,0,33908,3
2026-09-23T11,14,0,11.5,31104,6856,8
2026-09-23T11,14,1,11.6,0,10094,1
2026-09-23T11,14,1,11.7,69682,0,1
2026-09-23T11,14,2,11.6,500,19534,2
2026-09-23T11,14,2,11.7,52122,245235,3
2026-09-23T11,14,3,11.7,0,100000,1
2026-09-23T11,14,3,11.9,0,28092,2
2026-09-23T11,14,4,11.8,0,34621,1
2026-09-23T11,14,4,11.9,0,142180,1
2026-09-23T11,14,4,12.0,99999,28863,3
2026-09-23T11,14,5,11.9,0,80964,1
2026-09-23T11,14,5,12.0,0,100643,1
2026-09-23T12,14,0,11.4,0,12795,3
2026-09-23T12,14,0,11.5,114247,16853,8
2026-09-23T12,14,0,11.6,42355,28466,7
2026-09-23T12,14,1,11.5,0,3071,2
2026-09-23T12,14,1,11.6,0,40011,2
2026-09-23T12,14,1,11.7,93621,0,3
2026-09-23T12,14,2,11.7,165465,17407,6
2026-09-23T12,14,2,11.8,46670,20,2
2026-09-23T12,14,3,11.7,0,10391,1
2026-09-23T12,14,3,11.8,0,52997,1
2026-09-23T12,14,3,11.9,0,82642,2
2026-09-23T12,14,3,12.0,33600,0,1
2026-09-23T12,14,4,11.8,0,94928,1
2026-09-23T12,14,4,12.0,0,1,1
2026-09-23T13,14,0,11.6,26204,63797,7
2026-09-23T13,14,1,11.6,17851,26712,4
2026-09-23T13,14,1,11.7,50348,0,3
2026-09-23T13,14,2,11.7,44836,29375,6
2026-09-23T13,14,2,11.8,37038,0,1
2026-09-23T13,14,3,11.7,0,195000,1
2026-09-23T13,14,3,11.8,21734,6054,3
2026-09-23T13,14,11,12.1,1,0,1
2026-09-23T14,14,0,11.6,25313,2957,6
2026-09-23T14,14,1,11.6,0,10963,4
2026-09-23T14,14,1,11.7,11317,0,2
2026-09-23T14,14,2,11.7,0,8121,1
2026-09-23T14,14,2,11.8,12838,0,1
2026-09-23T14,14,3,11.6,10200,881,4
2026-09-23T14,14,3,11.7,18002,0,1
2026-09-23T14,14,4,11.7,64845,0,2
2026-09-23T14,14,4,11.9,7140,0,1
2026-09-23T15,14,0,11.6,25998,25150,9
2026-09-23T15,14,1,11.6,3387,2529,2
2026-09-23T15,14,1,11.7,54645,0,2
2026-09-23T15,14,2,11.7,0,3188,1
2026-09-23T15,14,3,11.7,77540,4458,2
2026-09-23T15,14,4,11.7,0,62014,1
2026-09-23T15,14,4,11.8,145363,0,2
2026-09-23T15,14,11,12.1,9319,0,1
2026-09-23T16,14,0,11.3,0,931,1
2026-09-23T16,14,0,11.4,0,8073,2
2026-09-23T16,14,0,11.5,32761,15535,4
2026-09-23T16,14,0,11.6,0,32785,6
2026-09-23T16,14,1,11.5,0,21173,2
2026-09-23T16,14,1,11.6,0,7549,3
2026-09-23T16,14,1,11.7,192654,0,2
2026-09-23T16,14,2,11.6,0,1354,1
2026-09-23T16,14,2,11.7,0,13398,1
2026-09-23T16,14,3,11.7,81713,18287,3
2026-09-23T16,14,4,11.8,198689,0,4
2026-09-23T17,14,0,11.4,0,10000,1
2026-09-23T17,14,0,11.5,1190,10398,3
2026-09-23T17,14,0,11.6,926,0,1
2026-09-23T17,14,1,11.6,11291,0,1
2026-09-23T17,14,2,11.5,2000,0,1
2026-09-23T17,14,2,11.6,234852,31148,8
2026-09-23T17,14,3,11.7,154093,0,4
2026-09-23T17,14,4,11.8,0,152948,1
2026-09-23T18,14,0,11.3,100,1000,2
2026-09-23T18,14,0,11.4,0,22852,2
2026-09-23T18,14,0,11.5,1229,10170,2
2026-09-23T18,14,0,11.6,7515,25302,6
2026-09-23T18,14,1,11.5,0,10689,1
2026-09-23T18,14,1,11.6,0,39910,2
2026-09-23T18,14,1,11.7,14160,0,2
2026-09-23T18,14,2,11.5,0,73237,1
2026-09-23T18,14,2,11.6,0,44350,1
2026-09-23T18,14,3,11.6,0,49080,1
2026-09-23T18,14,3,11.7,125804,166003,3
2026-09-23T18,14,3,11.8,0,7100,2
2026-09-23T18,14,4,11.8,0,23258,1
2026-09-23T18,14,4,11.9,61492,19869,3
2026-09-23T19,14,0,11.0,0,21320,1
2026-09-23T19,14,0,11.1,0,3542,1
2026-09-23T19,14,0,11.2,0,592,1
2026-09-23T19,14,0,11.3,0,7974,2
2026-09-23T19,14,0,11.4,0,269,1
2026-09-23T19,14,0,11.5,10,15391,6
2026-09-23T19,14,0,11.6,27458,61668,8
2026-09-23T19,14,0,11.7,15873,6758,4
2026-09-23T19,14,1,11.6,0,6169,3
2026-09-23T19,14,1,11.7,16450,132370,9
2026-09-23T19,14,2,11.6,0,26045,1
2026-09-23T19,14,2,11.7,4057,30397,3
2026-09-23T19,14,2,11.8,1865,0,1
2026-09-23T19,14,3,11.8,66725,51374,8
2026-09-23T19,14,3,11.9,357,0,1
2026-09-23T19,14,4,11.9,6700,47491,3
2026-09-23T19,14,5,12.0,189858,0,2
2026-09-23T19,14,10,13.9,0,2,1
2026-09-23T19,14,10,14.0,85996,0,1
2026-09-23T19,14,11,12.1,0,31812,1
2026-09-23T20,14,0,11.4,0,261,1
2026-09-23T20,14,0,11.5,0,2959,2
2026-09-23T20,14,0,11.7,5499,165,2
2026-09-23T20,14,1,11.6,0,57445,2
2026-09-23T20,14,1,11.7,1294,1819,3
2026-09-23T20,14,1,11.8,11525,101636,3
2026-09-23T20,14,2,11.8,0,52414,2
2026-09-23T20,14,2,11.9,130245,0,1
2026-09-23T20,14,3,11.8,14758,93132,3
2026-09-23T20,14,3,11.9,7105,77356,5
2026-09-23T20,14,4,11.9,85166,14834,2
2026-09-23T20,14,5,12.0,75317,0,2
2026-09-23T21,14,0,11.5,0,8530,2
2026-09-23T21,14,0,11.6,0,22880,1
2026-09-23T21,14,0,11.7,0,3384,2
2026-09-23T21,14,0,11.8,0,694,2
2026-09-23T21,14,1,11.8,87,0,1
2026-09-23T21,14,2,11.9,125755,0,1
2026-09-23T21,14,3,11.8,1182,18818,3
2026-09-23T21,14,4,11.8,0,138469,1
2026-09-23T21,14,4,11.9,38310,0,1
2026-09-23T21,14,4,12.0,0,33129,1
2026-09-23T21,14,5,12.0,0,72220,1
2026-09-23T22,14,0,11.3,0,544,2
2026-09-23T22,14,0,11.4,0,13664,2
2026-09-23T22,14,0,11.5,17778,0,1
2026-09-23T22,14,0,11.7,41301,13765,5
2026-09-23T22,14,0,11.8,10472,0,1
2026-09-23T22,14,1,11.8,27613,92509,4
2026-09-23T22,14,3,11.8,0,5326,1
2026-09-23T22,14,3,11.9,1729,0,1
2026-09-23T22,14,4,11.9,195582,5379,6
2026-09-23T23,14,0,11.3,0,133,1
2026-09-23T23,14,0,11.4,21997,1300,5
2026-09-23T23,14,0,11.5,49922,0,3
2026-09-23T23,14,1,11.5,3537,2031,2
2026-09-23T23,14,1,11.6,7644,8678,4
2026-09-23T23,14,2,11.6,1000,5883,2
2026-09-23T23,14,2,11.7,8320,30409,2
2026-09-23T23,14,2,11.8,0,11955,1
2026-09-23T23,14,3,11.8,3026,10697,2
2026-09-23T23,14,3,11.9,14278,0,2
2026-09-23T23,14,4,11.9,0,18726,1
2026-09-23T23,14,5,12.0,58335,0,1
2026-09-24T00,14,0,11.2,0,3798,1
2026-09-24T00,14,0,11.3,0,28162,3
2026-09-24T00,14,0,11.4,3232,14145,3
2026-09-24T00,14,0,11.5,4543,54950,5
2026-09-24T00,14,0,11.6,0,1885,2
2026-09-24T00,14,0,11.7,6423,0,3
2026-09-24T00,14,1,11.5,0,5735,1
2026-09-24T00,14,1,11.6,0,11444,2
2026-09-24T00,14,1,11.7,0,3700,2
2026-09-24T00,14,1,11.8,85560,10000,3
2026-09-24T00,14,2,11.7,32420,3487,2
2026-09-24T00,14,2,11.8,0,12114,1
2026-09-24T00,14,3,11.8,0,3108,1
2026-09-24T00,14,3,11.9,59667,29693,3
2026-09-24T01,14,0,11.2,0,4097,1
2026-09-24T01,14,0,11.3,0,506,1
2026-09-24T01,14,0,11.4,14260,5080,3
2026-09-24T01,14,0,11.5,0,19415,3
2026-09-24T01,14,0,11.6,26030,25,3
2026-09-24T01,14,1,11.5,0,301,1
2026-09-24T01,14,1,11.6,118007,3103,3
2026-09-24T01,14,1,11.7,0,1140,1
2026-09-24T01,14,2,11.6,0,18919,1
2026-09-24T01,14,2,11.7,1376,0,1
2026-09-24T01,14,3,11.8,2190,47810,2
2026-09-24T01,14,3,11.9,7000,0,1
2026-09-24T02,14,0,11.4,0,4914,2
2026-09-24T02,14,0,11.5,4285,2002,4
2026-09-24T02,14,0,11.6,4760,14918,3
2026-09-24T02,14,0,11.7,33191,0,3
2026-09-24T02,14,1,11.5,0,27243,2
2026-09-24T02,14,1,11.6,0,13000,2
2026-09-24T02,14,1,11.7,0,26917,3
2026-09-24T02,14,1,11.8,22664,0,2
2026-09-24T02,14,2,11.6,25324,2533,2
2026-09-24T02,14,2,11.7,0,99309,3
2026-09-24T02,14,3,11.8,0,22201,2
2026-09-24T02,14,3,11.9,96284,377545,4
2026-09-24T02,14,4,11.9,0,23887,1
2026-09-24T02,14,5,12.0,0,31665,1
2026-09-24T02,14,5,12.1,242425,0,1
2026-09-24T02,14,6,12.1,0,100000,1
2026-09-24T03,14,0,10.6,0,827,1
2026-09-24T03,14,0,10.7,0,9801,1
2026-09-24T03,14,0,10.8,0,6037,2
2026-09-24T03,14,0,10.9,28502,47100,4
2026-09-24T03,14,0,11.0,31233,0,1
2026-09-24T03,14,1,11.5,158943,0,2
2026-09-24T03,14,2,11.6,0,2465,1
2026-09-24T03,14,2,11.7,7441,0,1
2026-09-24T03,14,3,11.7,0,11946,1
2026-09-24T03,14,3,11.8,0,12908,1
2026-09-24T03,14,3,11.9,69361,0,3
2026-09-24T03,14,4,11.9,0,691,1
2026-09-24T03,14,4,12.0,50000,0,1
2026-09-24T03,14,6,12.2,31220,0,1
2026-09-24T04,14,0,10.8,0,51,1
2026-09-24T04,14,0,10.9,0,100,1
2026-09-24T04,14,0,11.0,90246,8200,7
2026-09-24T04,14,0,11.1,0,4708,1
2026-09-24T04,14,0,11.2,0,23978,1
2026-09-24T04,14,0,11.3,0,14651,3
2026-09-24T04,14,0,11.4,0,4004,2
2026-09-24T04,14,0,11.5,7445,1315,3
2026-09-24T04,14,1,11.5,68650,57618,7
2026-09-24T04,14,1,11.6,2546,0,1
2026-09-24T04,14,2,11.6,88315,150505,4
2026-09-24T04,14,4,11.7,76875,14927,2
2026-09-24T04,14,4,11.8,43288,0,1
2026-09-24T05,14,0,11.3,0,32906,1
2026-09-24T05,14,0,11.4,0,13428,1
2026-09-24T05,14,0,11.5,0,8427,2
2026-09-24T05,14,0,11.6,0,23492,4
2026-09-24T05,14,0,11.7,14862,7030,5
2026-09-24T05,14,1,11.5,0,25000,1
2026-09-24T05,14,1,11.6,0,23720,1
2026-09-24T05,14,1,11.7,1339,14833,5
2026-09-24T05,14,1,11.8,106374,58899,7
2026-09-24T05,14,2,11.7,0,92559,1
2026-09-24T05,14,2,11.8,0,10323,1
2026-09-24T05,14,3,11.7,0,13402,1
2026-09-24T05,14,3,11.9,126658,0,4
2026-09-24T05,14,4,11.8,140640,116072,2
2026-09-24T05,14,4,11.9,162259,64485,8
2026-09-24T06,14,0,11.1,0,248,1
2026-09-24T06,14,0,11.2,7412,5285,3
2026-09-24T06,14,0,11.3,0,8089,1
2026-09-24T06,14,0,11.4,0,272,1
2026-09-24T06,14,0,11.5,10546,3166,2
2026-09-24T06,14,0,11.6,0,1845,2
2026-09-24T06,14,0,11.7,6997,28341,5
2026-09-24T06,14,0,11.8,18068,0,2
2026-09-24T06,14,1,11.9,17000,0,2
2026-09-24T06,14,2,11.6,0,12088,1
2026-09-24T06,14,2,11.7,83525,12093,3
2026-09-24T06,14,2,11.8,1068,63969,5
2026-09-24T06,14,2,11.9,60582,5658,3
2026-09-24T06,14,3,11.9,114241,71536,5
2026-09-24T06,14,3,12.0,656,51351,2
2026-09-24T06,14,4,12.0,67741,39076,4
2026-09-24T07,14,0,11.5,0,1127,2
2026-09-24T07,14,0,11.6,2800,29868,8
2026-09-24T07,14,0,11.7,4255,80,2
2026-09-24T07,14,1,11.7,0,82659,2
2026-09-24T07,14,1,11.8,49771,0,2
2026-09-24T07,14,2,11.7,102532,33964,5
2026-09-24T07,14,2,11.9,100,0,1
2026-09-24T07,14,3,11.9,39141,20859,2
2026-09-24T07,14,5,12.1,34754,0,2
2026-09-24T08,14,0,11.7,0,15115,5
2026-09-24T08,14,0,11.8,0,6174,2
2026-09-24T08,14,1,11.7,0,24811,3
2026-09-24T08,14,1,11.8,0,83068,3
2026-09-24T08,14,2,11.8,167700,27769,6
2026-09-24T08,14,3,11.8,0,384094,1
2026-09-24T08,14,3,11.9,82236,17321,5
2026-09-24T08,14,5,12.1,29895,0,1
2026-09-24T08,14,10,14.0,0,913830,1
2026-09-24T09,14,0,11.2,0,5000,1
2026-09-24T09,14,0,11.3,0,216,1
2026-09-24T09,14,0,11.4,0,471,1
2026-09-24T09,14,0,11.5,0,27355,5
2026-09-24T09,14,0,11.6,0,22363,3
2026-09-24T09,14,0,11.7,954,6714,7
2026-09-24T09,14,0,11.8,0,2186,2
2026-09-24T09,14,1,11.7,0,2371,1
2026-09-24T09,14,1,11.8,115583,45502,4
2026-09-24T09,14,1,11.9,26995,0,1
2026-09-24T09,14,2,11.6,0,12000,1
2026-09-24T09,14,2,11.8,12254,98607,4
2026-09-24T09,14,2,11.9,42818,14844,6
2026-09-24T09,14,3,11.9,0,86281,1
2026-09-24T09,14,3,12.0,200038,73105,5
2026-09-24T09,14,5,12.1,193680,0,2
2026-09-24T10,14,0,11.5,0,3853,1
2026-09-24T10,14,0,11.6,0,2113,2
2026-09-24T10,14,0,11.7,12984,7167,7
2026-09-24T10,14,0,11.8,3502,4968,3
2026-09-24T10,14,0,11.9,0,379,3
2026-09-24T10,14,1,11.7,0,4792,1
2026-09-24T10,14,1,11.8,500,3650,3
2026-09-24T10,14,1,11.9,0,129492,4
2026-09-24T10,14,2,11.9,0,1555,1
2026-09-24T10,14,3,11.9,0,25052,2
2026-09-24T10,14,3,12.0,31597,0,2
2026-09-24T10,14,4,12.0,32554,0,2
2026-09-24T11,14,0,11.5,0,14403,1
2026-09-24T11,14,0,11.6,0,5633,2
2026-09-24T11,14,0,11.7,1086,0,1
2026-09-24T11,14,0,11.8,0,1154,1
2026-09-24T11,14,0,11.9,0,3406,2
2026-09-24T11,14,2,11.8,13052,0,2
2026-09-24T11,14,4,11.7,0,69149,1
2026-09-24T11,14,4,12.0,56251,0,2
2026-09-24T11,14,5,11.9,77878,0,4
2026-09-24T12,14,0,11.3,0,6038,2
2026-09-24T12,14,0,11.4,0,6442,3
2026-09-24T12,14,0,11.5,6831,39296,6
2026-09-24T12,14,0,11.6,14660,0,5
2026-09-24T12,14,2,11.7,0,4248,1
2026-09-24T12,14,2,11.8,25000,44142,4
2026-09-24T12,14,2,11.9,20397,0,3
2026-09-24T12,14,3,11.9,0,167790,3
2026-09-24T12,14,4,12.0,17294,1178,3
2026-09-24T12,14,5,11.9,0,89026,1
2026-09-24T13,14,0,10.9,0,114,1
2026-09-24T13,14,0,11.0,0,1451,1
2026-09-24T13,14,0,11.3,0,1199,3
2026-09-24T13,14,0,11.4,2372,164,2
2026-09-24T13,14,0,11.5,0,5882,4
2026-09-24T13,14,0,11.6,29124,0,2
2026-09-24T13,14,1,11.4,0,1323,1
2026-09-24T13,14,1,11.5,59894,0,2
2026-09-24T13,14,1,11.6,28398,0,1
2026-09-24T13,14,2,11.6,0,6794,1
2026-09-24T13,14,2,11.7,0,5032,1
2026-09-24T13,14,2,11.8,0,6022,1
2026-09-24T13,14,2,11.9,0,58012,3
2026-09-24T13,14,3,12.0,0,189524,2
2026-09-24T13,14,4,11.9,83553,50725,2
2026-09-24T13,14,4,12.0,4890,38933,3
2026-09-24T13,14,5,12.1,105508,0,3
2026-09-24T14,14,0,11.0,0,307,1
2026-09-24T14,14,0,11.1,0,730,1
2026-09-24T14,14,0,11.3,18,1064,3
2026-09-24T14,14,0,11.4,33953,60145,5
2026-09-24T14,14,0,11.5,0,20777,3
2026-09-24T14,14,0,11.6,24444,25424,3
2026-09-24T14,14,0,11.7,0,16385,4
2026-09-24T14,14,1,11.5,7193,16641,3
2026-09-24T14,14,1,11.6,1025,13428,3
2026-09-24T14,14,1,11.7,1000,19995,4
2026-09-24T14,14,1,11.8,0,41980,4
2026-09-24T14,14,2,11.7,0,12994,1
2026-09-24T14,14,2,11.9,777,0,1
2026-09-24T14,14,3,11.8,42158,69275,5
2026-09-24T14,14,3,11.9,0,12090,2
2026-09-24T14,14,4,11.9,149117,0,3
2026-09-24T15,14,0,11.6,0,10187,2
2026-09-24T15,14,0,11.7,0,5897,4
2026-09-24T15,14,0,11.8,29414,1603,6
2026-09-24T15,14,1,11.7,0,7366,1
2026-09-24T15,14,1,11.8,0,31722,1
2026-09-24T15,14,1,11.9,0,43096,3
2026-09-24T15,14,2,11.8,0,2933,1
2026-09-24T15,14,2,11.9,0,25946,3
2026-09-24T15,14,3,11.9,0,17280,1
2026-09-24T15,14,4,11.9,25651,25232,3
2026-09-24T15,14,4,12.0,41768,0,1
2026-09-24T15,14,5,12.0,171662,0,3
2026-09-24T16,14,0,11.4,0,21000,2
2026-09-24T16,14,0,11.6,400,1314,3
2026-09-24T16,14,0,11.7,6331,13465,7
2026-09-24T16,14,0,11.8,32004,0,3
2026-09-24T16,14,1,11.8,0,18146,1
2026-09-24T16,14,2,11.5,3000,36183,2
2026-09-24T16,14,2,11.6,2817,0,1
2026-09-24T16,14,2,11.8,0,1,1
2026-09-24T16,14,4,11.9,196961,0,7
2026-09-24T17,14,0,11.3,244,17991,3
2026-09-24T17,14,0,11.4,0,10175,2
2026-09-24T17,14,0,11.5,30,30614,4
2026-09-24T17,14,0,11.6,0,2897,3
2026-09-24T17,14,0,11.7,3576,3125,2
2026-09-24T17,14,1,11.5,0,8522,1
2026-09-24T17,14,1,11.9,0,78524,1
2026-09-24T17,14,2,11.5,0,19965,1
2026-09-24T17,14,2,11.6,36659,30140,5
2026-09-24T17,14,2,11.7,166798,53679,3
2026-09-24T17,14,2,11.8,0,5646,1
2026-09-24T17,14,2,11.9,0,9628,1
2026-09-24T17,14,3,11.8,0,70000,1
2026-09-24T17,14,3,11.9,4387,155520,2
2026-09-24T17,14,4,11.9,82784,20255,5
2026-09-24T17,14,4,12.0,47696,0,1
2026-09-24T17,14,5,12.0,5544,218984,2
2026-09-24T18,14,0,11.3,0,139,1
2026-09-24T18,14,0,11.4,0,5624,1
2026-09-24T18,14,0,11.5,0,13769,1
2026-09-24T18,14,0,11.6,52478,27729,5
2026-09-24T18,14,0,11.7,1012,7152,4
2026-09-24T18,14,0,11.8,47152,0,3
2026-09-24T18,14,1,11.8,0,13978,2
2026-09-24T18,14,2,11.8,15384,132642,4
2026-09-24T18,14,3,11.9,37509,24713,5
2026-09-24T18,14,4,12.0,977,0,1
2026-09-24T19,14,0,11.6,2200,7384,4
2026-09-24T19,14,0,11.7,43000,30795,6
2026-09-24T19,14,0,11.8,32035,0,2
2026-09-24T19,14,1,11.6,0,17028,1
2026-09-24T19,14,1,11.7,0,11696,3
2026-09-24T19,14,1,11.8,19369,0,1
2026-09-24T19,14,1,11.9,0,10000,1
2026-09-24T19,14,2,11.6,0,14868,2
2026-09-24T19,14,2,11.7,0,84589,3
2026-09-24T19,14,2,11.9,0,35134,2
2026-09-24T19,14,2,12.0,21847,0,1
2026-09-24T19,14,3,11.8,33132,47053,3
2026-09-24T19,14,3,11.9,0,83382,2
2026-09-24T19,14,3,12.0,96910,47961,3
2026-09-24T19,14,4,11.9,0,37282,1
2026-09-24T19,14,4,12.0,39537,270806,4
2026-09-24T19,14,5,12.1,50039,53333,3
2026-09-24T20,14,0,11.5,0,4200,2
2026-09-24T20,14,0,11.6,0,32043,2
2026-09-24T20,14,0,11.7,0,2231,1
2026-09-24T20,14,0,11.8,26051,0,1
2026-09-24T20,14,1,11.6,0,1855,1
2026-09-24T20,14,1,11.7,0,20601,4
2026-09-24T20,14,1,11.8,9872,16933,3
2026-09-24T20,14,2,11.7,3820,16405,3
2026-09-24T20,14,2,11.8,17491,2509,2
2026-09-24T20,14,3,11.5,0,55884,1
2026-09-24T20,14,3,11.8,67107,424,4
2026-09-24T20,14,3,11.9,0,28362,2
2026-09-24T20,14,3,12.0,76085,3815,2
2026-09-24T20,14,5,12.1,11057,0,1
2026-09-24T21,14,0,11.0,0,957,2
2026-09-24T21,14,0,11.3,0,108,1
2026-09-24T21,14,0,11.4,0,4126,1
2026-09-24T21,14,0,11.5,7583,5605,3
2026-09-24T21,14,0,11.6,0,15013,2
2026-09-24T21,14,0,11.7,1821,18933,5
2026-09-24T21,14,0,11.8,26801,0,3
2026-09-24T21,14,1,11.7,95,368,2
2026-09-24T21,14,1,11.8,0,6121,2
2026-09-24T21,14,2,11.8,0,3456,1
2026-09-24T21,14,3,11.8,0,3209,1
2026-09-24T21,14,3,11.9,65875,27125,4
2026-09-24T21,14,4,11.8,10446,0,1
2026-09-24T21,14,4,11.9,43501,56499,3
2026-09-24T21,14,4,12.0,33380,0,1
2026-09-24T22,14,0,11.4,0,6556,1
2026-09-24T22,14,0,11.7,0,33696,1
2026-09-24T22,14,0,11.8,23867,4894,4
2026-09-24T22,14,2,11.7,0,13045,1
2026-09-24T22,14,2,11.8,0,763,1
2026-09-24T22,14,3,11.8,71581,10419,4
2026-09-24T22,14,3,11.9,4681,0,2
2026-09-24T22,14,4,11.8,10250,81309,2
2026-09-24T22,14,4,11.9,80827,35575,3
2026-09-24T22,14,4,12.0,3846,0,1
2026-09-24T22,14,5,11.9,34928,0,1
2026-09-24T22,14,5,12.0,16558,0,1
2026-09-24T23,14,0,11.4,0,984,1
2026-09-24T23,14,0,11.5,0,1409,2
2026-09-24T23,14,0,11.6,5471,13023,4
2026-09-24T23,14,0,11.7,0,2205,2
2026-09-24T23,14,0,11.8,0,6725,1
2026-09-24T23,14,2,11.8,0,22119,2
2026-09-24T23,14,4,11.8,41,0,1
2026-09-24T23,14,5,11.9,215542,0,7
2026-09-25T00,14,0,11.5,120,45711,3
2026-09-25T00,14,0,11.6,5565,4154,2
2026-09-25T00,14,1,11.6,102454,1785,4
2026-09-25T00,14,2,11.3,0,3093,1
2026-09-25T00,14,2,11.6,3190,0,1
2026-09-25T00,14,2,11.7,25153,0,1
2026-09-25T00,14,3,11.6,50218,17362,2
2026-09-25T00,14,3,11.7,37681,12319,5
2026-09-25T01,14,0,11.0,1,5148,2
2026-09-25T01,14,0,11.2,0,58,1
2026-09-25T01,14,0,11.3,14312,1798,3
2026-09-25T01,14,0,11.4,0,4308,3
2026-09-25T01,14,0,11.5,11732,9703,3
2026-09-25T01,14,0,11.6,0,27160,2
2026-09-25T01,14,1,11.6,0,20474,3
2026-09-25T01,14,1,11.7,29060,0,5
2026-09-25T01,14,2,11.4,0,584,1
2026-09-25T01,14,2,11.5,0,5000,1
2026-09-25T01,14,2,11.6,0,30562,1
2026-09-25T01,14,2,11.7,0,19135,1
2026-09-25T01,14,4,11.8,0,18267,1
2026-09-25T01,14,5,11.9,6109,0,2
2026-09-25T02,14,0,11.4,0,12312,2
2026-09-25T02,14,0,11.5,8019,6796,4
2026-09-25T02,14,0,11.6,0,24544,6
2026-09-25T02,14,0,11.7,30249,0,3
2026-09-25T02,14,1,11.7,27899,55301,4
2026-09-25T02,14,2,11.7,4434,7859,2
2026-09-25T02,14,2,11.8,33120,0,1
2026-09-25T02,14,3,11.7,24000,65368,3
2026-09-25T02,14,3,11.8,16199,0,2
2026-09-25T02,14,5,11.9,25000,0,1
2026-09-25T03,14,0,11.1,0,5,1
2026-09-25T03,14,0,11.2,0,29,1
2026-09-25T03,14,0,11.3,0,2091,1
2026-09-25T03,14,0,11.4,0,16904,1
2026-09-25T03,14,0,11.5,21000,2522,3
2026-09-25T03,14,0,11.6,0,5099,2
2026-09-25T03,14,0,11.7,0,48678,1
2026-09-25T03,14,0,11.8,8010,0,2
2026-09-25T03,14,1,11.6,0,10869,1
2026-09-25T03,14,1,11.7,1335,6511,3
2026-09-25T03,14,1,11.8,0,8086,1
2026-09-25T03,14,2,11.8,87800,56404,4
2026-09-25T03,14,3,11.8,0,25314,2
2026-09-25T03,14,4,11.8,0,40254,1
2026-09-25T03,14,5,11.9,358993,0,6
2026-09-25T04,14,0,11.4,0,8604,2
2026-09-25T04,14,0,11.5,2097,1485,5
2026-09-25T04,14,0,11.6,22200,4145,4
2026-09-25T04,14,0,11.7,24118,1000,2
2026-09-25T04,14,1,11.5,0,2084,1
2026-09-25T04,14,1,11.6,65253,20594,3
2026-09-25T04,14,1,11.7,2363,609,3
2026-09-25T04,14,1,11.8,0,15286,1
2026-09-25T04,14,2,11.7,0,2000,1
2026-09-25T04,14,2,11.8,0,29159,3
2026-09-25T04,14,3,11.8,0,12368,1
2026-09-25T04,14,3,11.9,213425,45319,4
2026-09-25T04,14,4,11.9,12224,62312,3
2026-09-25T04,14,5,11.9,2416,157012,2
2026-09-25T04,14,5,12.0,0,223810,1
2026-09-25T05,14,0,11.0,0,3699,1
2026-09-25T05,14,0,11.1,0,11988,1
2026-09-25T05,14,0,11.2,5925,10903,2
2026-09-25T05,14,0,11.3,0,548,1
2026-09-25T05,14,0,11.4,8209,15177,3
2026-09-25T05,14,0,11.5,17745,62116,5
2026-09-25T05,14,1,11.6,0,12584,3
2026-09-25T05,14,1,11.7,78419,7764,6
2026-09-25T05,14,2,11.7,0,5816,1
2026-09-25T05,14,2,11.8,0,38091,1
2026-09-25T05,14,3,11.8,61004,0,2
2026-09-25T05,14,4,11.9,325787,0,4
2026-09-25T06,14,0,11.3,0,1782,1
2026-09-25T06,14,0,11.4,0,12446,1
2026-09-25T06,14,0,11.5,10343,5734,4
2026-09-25T06,14,0,11.6,0,8958,3
2026-09-25T06,14,0,11.7,1815,0,1
2026-09-25T06,14,1,11.7,30456,71364,8
2026-09-25T06,14,1,11.8,71470,0,2
2026-09-25T06,14,2,11.8,0,11633,1
2026-09-25T06,14,3,11.8,0,18996,1
2026-09-25T06,14,3,11.9,411636,0,4
2026-09-25T06,14,4,11.9,62999,11214,2
2026-09-25T06,14,4,12.0,24912,0,1
2026-09-25T06,14,6,12.2,0,163853,2
2026-09-25T06,14,6,12.3,78722,0,1
2026-09-25T07,14,0,11.4,0,5596,1
2026-09-25T07,14,0,11.5,0,10000,1
2026-09-25T07,14,0,11.6,0,5364,2
2026-09-25T07,14,0,11.7,1016,14096,2
2026-09-25T07,14,0,11.8,21506,0,2
2026-09-25T07,14,1,11.7,40,3830,3
2026-09-25T07,14,1,11.8,45859,98617,6
2026-09-25T07,14,1,11.9,41360,0,1
2026-09-25T07,14,2,11.9,28380,8524,4
2026-09-25T07,14,3,11.9,1399,39280,3
2026-09-25T07,14,3,12.0,0,31590,1
2026-09-25T07,14,4,11.8,0,20000,1
2026-09-25T07,14,4,12.0,116675,71187,2
2026-09-25T07,14,4,12.5,0,25000,1
2026-09-25T07,14,6,12.3,0,26228,1
2026-09-25T08,14,0,10.0,0,2338,1
2026-09-25T08,14,0,11.2,0,838,1
2026-09-25T08,14,0,11.3,8162,12358,7
2026-09-25T08,14,0,11.4,2000,20437,5
2026-09-25T08,14,0,11.5,25903,24097,4
2026-09-25T08,14,0,11.6,2,5890,3
2026-09-25T08,14,1,11.7,73691,0,3
2026-09-25T08,14,2,11.6,0,14439,1
2026-09-25T08,14,4,11.7,101095,21199,2
2026-09-25T08,14,5,11.9,0,25000,1
2026-09-25T08,14,5,12.0,168159,0,3
2026-09-25T09,14,0,11.3,0,1312,1
2026-09-25T09,14,0,11.4,0,576,1
2026-09-25T09,14,0,11.5,0,27225,5
2026-09-25T09,14,0,11.6,44611,0,7
2026-09-25T09,14,1,11.4,46,6783,2
2026-09-25T09,14,1,11.5,0,9727,2
2026-09-25T09,14,1,11.6,0,1489,2
2026-09-25T09,14,1,11.7,69835,0,3
2026-09-25T09,14,2,11.6,0,5900,1
2026-09-25T09,14,3,11.7,13987,50000,2
2026-09-25T09,14,3,11.8,0,37503,1
2026-09-25T10,14,0,11.4,0,579,1
2026-09-25T10,14,0,11.5,2490,2510,4
2026-09-25T10,14,0,11.6,1899,16943,4
2026-09-25T10,14,0,11.7,0,12176,3
2026-09-25T10,14,1,11.6,7879,6543,3
2026-09-25T10,14,1,11.7,13444,30832,4
2026-09-25T10,14,2,11.3,0,100,1
2026-09-25T10,14,2,11.5,321,6303,2
2026-09-25T10,14,3,11.8,80426,4470,4
2026-09-25T10,14,4,11.8,19946,0,1
2026-09-25T10,14,5,12.0,34890,0,1
2026-09-25T11,14,0,11.6,0,5776,2
2026-09-25T11,14,0,11.7,2428,7465,4
2026-09-25T11,14,0,11.8,0,14339,2
2026-09-25T11,14,1,11.7,0,11884,1
2026-09-25T11,14,1,11.8,1078,3053,2
2026-09-25T11,14,1,11.9,28644,0,3
2026-09-25T11,14,2,11.7,0,10000,1
2026-09-25T11,14,2,11.8,0,20348,1
2026-09-25T11,14,2,11.9,0,32096,1
2026-09-25T11,14,3,11.8,97124,265104,3
2026-09-25T11,14,3,11.9,33677,21474,4
2026-09-25T11,14,4,11.8,0,151402,1
2026-09-25T11,14,5,12.0,135341,0,3
2026-09-25T11,14,11,12.0,0,24664,1
2026-09-25T12,14,0,11.6,12665,872,3
2026-09-25T12,14,0,11.7,8759,11068,6
2026-09-25T12,14,0,11.8,21475,0,2
2026-09-25T12,14,1,11.7,0,7509,1
2026-09-25T12,14,1,11.8,28912,24418,5
2026-09-25T12,14,1,11.9,101324,0,2
2026-09-25T12,14,2,11.9,0,5800,1
2026-09-25T12,14,2,12.0,473,101529,4
2026-09-25T12,14,3,11.8,118659,114458,2
2026-09-25T12,14,3,11.9,0,11221,2
2026-09-25T12,14,3,12.0,72378,73250,4
2026-09-25T12,14,5,11.9,0,245,1
2026-09-25T12,14,5,12.0,12105,7481,2
2026-09-25T12,14,5,12.1,13715,195751,3
2026-09-25T12,14,5,12.2,20000,0,1
2026-09-25T13,14,0,11.3,0,17184,1
2026-09-25T13,14,0,11.4,10906,29712,3
2026-09-25T13,14,0,11.5,6025,0,1
2026-09-25T13,14,0,11.7,0,11,1
2026-09-25T13,14,0,11.8,107,26929,5
2026-09-25T13,14,1,11.7,0,6215,2
2026-09-25T13,14,1,11.8,0,11636,2
2026-09-25T13,14,1,11.9,216708,0,4
2026-09-25T13,14,2,12.0,95452,12744,4
2026-09-25T13,14,3,12.0,0,6000,1
2026-09-25T13,14,3,12.1,60359,0,2
2026-09-25T13,14,5,12.1,10821,0,2
2026-09-25T14,14,0,11.5,0,2119,1
2026-09-25T14,14,0,11.6,0,1083,2
2026-09-25T14,14,0,11.8,0,2946,1
2026-09-25T14,14,1,11.4,3,0,1
2026-09-25T14,14,1,11.6,2000,0,1
2026-09-25T14,14,1,11.9,205987,0,5
2026-09-25T14,14,2,12.0,23264,36021,3
2026-09-25T14,14,3,12.0,0,13199,2
2026-09-25T14,14,3,12.1,106837,0,2
2026-09-25T14,14,5,12.1,134083,192825,3
2026-09-25T15,14,0,11.2,0,234,1
2026-09-25T15,14,0,11.3,0,1220,4
2026-09-25T15,14,0,11.4,20155,4117,4
2026-09-25T15,14,0,11.5,0,3448,1
2026-09-25T15,14,1,11.3,0,6530,2
2026-09-25T15,14,1,11.4,54557,16124,7
2026-09-25T15,14,1,11.5,6536,129456,4
2026-09-25T15,14,1,11.6,139238,0,3
2026-09-25T15,14,2,11.9,1230,0,1
2026-09-25T15,14,3,11.9,143853,11234,4
2026-09-25T15,14,5,12.0,19371,0,2
2026-09-25T16,14,0,11.1,0,3782,1
2026-09-25T16,14,0,11.2,0,17023,2
2026-09-25T16,14,0,11.3,0,7505,3
2026-09-25T16,14,0,11.4,13671,23876,4
2026-09-25T16,14,1,11.3,0,2562,2
2026-09-25T16,14,1,11.4,57344,32728,6
2026-09-25T16,14,1,11.6,24225,0,1
2026-09-25T16,14,2,11.6,0,29756,1
2026-09-25T16,14,2,11.7,0,10361,1
2026-09-25T16,14,2,11.8,0,10000,1
2026-09-25T16,14,2,11.9,5968,26869,3
2026-09-25T16,14,2,12.0,0,17118,1
2026-09-25T16,14,3,11.9,0,30000,1
2026-09-25T16,14,3,12.0,0,164099,3
2026-09-25T16,14,4,12.0,0,1542,1
2026-09-25T16,14,5,12.0,0,5629,1
2026-09-25T16,14,5,12.1,146666,0,4
2026-09-25T17,14,0,11.1,0,3155,2
2026-09-25T17,14,0,11.3,0,287,1
2026-09-25T17,14,0,11.4,7505,15867,4
2026-09-25T17,14,0,11.5,0,4023,3
2026-09-25T17,14,1,11.2,471,7565,2
2026-09-25T17,14,1,11.3,0,650,1
2026-09-25T17,14,1,11.4,0,5251,1
2026-09-25T17,14,1,11.5,7201,36886,4
2026-09-25T17,14,1,11.6,108845,25692,4
2026-09-25T17,14,2,11.5,10000,9976,2
2026-09-25T17,14,3,11.7,33153,3290,2
2026-09-25T17,14,4,11.7,19308,0,1
2026-09-25T17,14,4,11.8,183012,0,2
2026-09-25T17,14,10,12.5,48963,0,1
2026-09-25T18,14,0,11.3,5830,2538,2
2026-09-25T18,14,0,11.4,0,5595,2
2026-09-25T18,14,0,11.5,0,6000,2
2026-09-25T18,14,0,11.6,20204,20991,4
2026-09-25T18,14,0,11.8,0,2000,1
2026-09-25T18,14,1,11.5,0,6226,2
2026-09-25T18,14,1,11.6,0,13817,1
2026-09-25T18,14,1,11.7,66312,84771,6
2026-09-25T18,14,1,11.8,0,10748,2
2026-09-25T18,14,1,11.9,9501,0,1
2026-09-25T18,14,2,11.6,4310,15690,2
2026-09-25T18,14,2,11.8,0,2500,1
2026-09-25T18,14,3,11.8,0,34353,1
2026-09-25T18,14,3,11.9,0,24953,1
2026-09-25T18,14,3,12.0,0,40000,1
2026-09-25T18,14,4,11.7,0,78434,1
2026-09-25T18,14,4,11.8,0,36577,1
2026-09-25T18,14,4,11.9,14062,938,3
2026-09-25T18,14,4,12.0,0,50000,1
2026-09-25T18,14,5,12.1,23455,0,2
2026-09-25T19,14,0,11.0,0,213,1
2026-09-25T19,14,0,11.1,19800,11553,2
2026-09-25T19,14,0,11.3,0,1128,1
2026-09-25T19,14,0,11.4,0,6395,1
2026-09-25T19,14,0,11.5,0,4,1
2026-09-25T19,14,0,11.6,0,604,1
2026-09-25T19,14,0,11.8,0,15963,3
2026-09-25T19,14,1,11.8,0,996,1
2026-09-25T19,14,1,11.9,152024,0,4
2026-09-25T19,14,2,11.7,27756,2838,2
2026-09-25T19,14,2,11.8,97628,0,2
2026-09-25T19,14,2,11.9,2179,0,1
2026-09-25T19,14,2,12.0,91080,0,2
2026-09-25T19,14,4,12.0,0,133472,1
2026-09-25T19,14,5,12.1,39231,0,1
2026-09-25T20,14,0,11.1,8000,138,2
2026-09-25T20,14,0,11.7,0,28752,2
2026-09-25T20,14,0,11.8,0,12315,2
2026-09-25T20,14,1,11.8,11404,75346,4
2026-09-25T20,14,1,11.9,17349,0,3
2026-09-25T20,14,2,11.2,0,2158,1
2026-09-25T20,14,2,11.4,0,28832,1
2026-09-25T20,14,2,11.5,0,1500,1
2026-09-25T20,14,2,11.8,122756,102616,3
2026-09-25T20,14,2,11.9,0,10461,2
2026-09-25T20,14,2,12.0,2440,0,1
2026-09-25T20,14,3,11.8,0,37784,2
2026-09-25T20,14,4,11.9,155174,94826,3
2026-09-25T20,14,4,12.0,83040,31780,2
2026-09-25T20,14,10,12.5,15000,0,1
2026-09-25T21,14,0,11.6,0,42,1
2026-09-25T21,14,0,11.7,6696,33530,5
2026-09-25T21,14,0,11.8,8870,0,1
2026-09-25T21,14,1,11.6,643,765,2
2026-09-25T21,14,1,11.7,0,575,1
2026-09-25T21,14,1,11.8,25149,2859,3
2026-09-25T21,14,1,11.9,17363,0,2
2026-09-25T21,14,2,11.7,18647,55540,4
2026-09-25T21,14,2,11.8,0,91248,3
2026-09-25T21,14,2,11.9,0,293,1
2026-09-25T21,14,3,11.8,10614,75258,4
2026-09-25T21,14,3,11.9,234802,56996,6
2026-09-25T21,14,4,11.9,0,17367,2
2026-09-25T21,14,4,12.0,101620,54647,4
2026-09-25T21,14,10,12.5,200402,0,1
2026-09-25T22,14,0,11.5,0,3455,2
2026-09-25T22,14,0,11.6,9369,0,1
2026-09-25T22,14,0,11.7,0,14048,2
2026-09-25T22,14,0,11.8,0,3611,2
2026-09-25T22,14,1,11.6,0,692,1
2026-09-25T22,14,1,11.7,12556,5512,3
2026-09-25T22,14,1,11.8,55704,46023,4
2026-09-25T22,14,1,11.9,94488,0,1
2026-09-25T22,14,2,11.8,0,10000,1
2026-09-25T22,14,3,11.7,0,2021,1
2026-09-25T22,14,3,11.8,0,2021,1
2026-09-25T22,14,3,11.9,100540,5161,5
2026-09-25T22,14,4,12.0,105998,0,3
2026-09-25T23,14,0,11.1,0,18069,1
2026-09-25T23,14,0,11.2,0,452,1
2026-09-25T23,14,0,11.4,6188,7138,3
2026-09-25T23,14,0,11.5,20352,13648,4
2026-09-25T23,14,0,11.6,13589,0,1
2026-09-25T23,14,2,11.7,0,13483,1
2026-09-25T23,14,2,11.8,0,22366,1
2026-09-25T23,14,2,11.9,69748,0,1
2026-09-25T23,14,3,11.9,0,140000,1
2026-09-25T23,14,4,11.9,5998,0,1
2026-09-26T00,14,0,11.3,0,23307,3
2026-09-26T00,14,0,11.4,85563,43273,8
2026-09-26T00,14,0,11.5,389,2800,2
2026-09-26T00,14,1,11.5,0,7000,1
2026-09-26T00,14,1,11.6,0,2988,1
2026-09-26T00,14,1,11.7,624,2769,3
2026-09-26T00,14,1,11.8,53278,0,3
2026-09-26T00,14,2,11.8,0,14474,1
2026-09-26T00,14,2,11.9,30397,31232,4
2026-09-26T00,14,2,12.0,81674,0,3
2026-09-26T00,14,3,11.8,0,12164,1
2026-09-26T00,14,3,12.0,0,13084,1
2026-09-26T00,14,4,11.9,0,10930,1
2026-09-26T00,14,4,12.0,34272,21013,2
2026-09-26T01,14,0,11.3,0,1237,1
2026-09-26T01,14,0,11.4,14533,16284,7
2026-09-26T01,14,0,11.5,27487,5881,6
2026-09-26T01,14,0,11.6,20288,726,4
2026-09-26T01,14,1,11.7,0,4507,1
2026-09-26T01,14,3,11.8,61482,0,2
2026-09-26T01,14,5,12.1,298867,0,1
2026-09-26T01,14,11,12.1,0,13133,1
2026-09-26T02,14,0,11.0,0,3630,1
2026-09-26T02,14,0,11.1,0,11026,1
2026-09-26T02,14,0,11.3,0,1380,1
2026-09-26T02,14,0,11.4,4468,10102,2
2026-09-26T02,14,0,11.5,0,2364,2
2026-09-26T02,14,1,11.0,0,1876,1
2026-09-26T02,14,1,11.2,0,6456,1
2026-09-26T02,14,1,11.4,0,15746,2
2026-09-26T02,14,1,11.5,32402,3047,3
2026-09-26T02,14,2,11.3,0,22602,1
2026-09-26T02,14,2,11.4,0,69672,2
2026-09-26T02,14,2,11.5,40718,15039,4
2026-09-26T02,14,2,11.6,21590,7329,3
2026-09-26T02,14,2,11.7,40072,12703,4
2026-09-26T02,14,3,11.6,0,16387,1
2026-09-26T02,14,3,11.7,0,39557,2
2026-09-26T02,14,3,11.8,80631,0,1
2026-09-26T03,14,0,11.2,0,509,1
2026-09-26T03,14,0,11.3,0,17357,1
2026-09-26T03,14,0,11.4,0,8865,3
2026-09-26T03,14,0,11.5,0,43381,3
2026-09-26T03,14,0,11.6,48992,6261,5
2026-09-26T03,14,1,11.5,25206,67865,5
2026-09-26T03,14,1,11.6,17518,13262,3
2026-09-26T03,14,2,11.6,0,12588,2
2026-09-26T03,14,2,11.7,0,158947,2
2026-09-26T03,14,3,11.6,0,10,1
2026-09-26T03,14,3,11.7,0,55000,2
2026-09-26T03,14,3,11.8,66181,0,5
2026-09-26T04,14,0,11.3,0,1931,1
2026-09-26T04,14,0,11.4,0,6221,3
2026-09-26T04,14,0,11.6,77019,2777,6
2026-09-26T04,14,1,11.5,0,6218,4
2026-09-26T04,14,1,11.6,123567,22109,4
2026-09-26T04,14,1,11.7,27159,19797,3
2026-09-26T04,14,2,11.6,0,6563,1
2026-09-26T04,14,2,11.7,0,1688,1
2026-09-26T04,14,2,11.8,0,3042,1
2026-09-26T04,14,3,11.8,81426,98586,5
2026-09-26T04,14,4,11.9,142136,0,2
2026-09-26T04,14,11,14.4,222,0,1
2026-09-26T05,14,0,11.1,0,48545,3
2026-09-26T05,14,0,11.2,29278,11979,6
2026-09-26T05,14,0,11.3,58119,328,4
2026-09-26T05,14,0,11.4,0,3354,2
2026-09-26T05,14,0,11.5,84344,0,3
2026-09-26T05,14,1,11.6,0,6379,2
2026-09-26T05,14,1,11.7,0,35860,1
2026-09-26T05,14,1,11.8,15000,29307,2
2026-09-26T05,14,1,11.9,85639,0,3
2026-09-26T05,14,2,11.8,0,108184,1
2026-09-26T05,14,2,11.9,0,64437,2
2026-09-26T05,14,2,12.0,0,24806,1
2026-09-26T05,14,3,11.9,0,16414,2
2026-09-26T05,14,3,12.0,0,1401,1
2026-09-26T05,14,3,12.1,159664,0,2
2026-09-26T05,14,4,11.9,0,57864,1
2026-09-26T05,14,4,12.0,57590,33595,4
2026-09-26T05,14,5,12.1,79804,33274,2
2026-09-26T06,14,0,11.4,0,360,1
2026-09-26T06,14,0,11.5,11230,54426,2
2026-09-26T06,14,0,11.6,0,5486,1
2026-09-26T06,14,0,11.7,2079,26445,5
2026-09-26T06,14,0,11.8,0,4204,2
2026-09-26T06,14,1,11.8,6388,56150,3
2026-09-26T06,14,1,11.9,485901,0,6
2026-09-26T06,14,2,12.0,0,21354,1
2026-09-26T06,14,2,12.1,0,3415,1
2026-09-26T06,14,3,12.0,0,16022,2
2026-09-26T06,14,3,12.1,70204,32936,4
2026-09-26T06,14,3,12.2,256656,47335,4
2026-09-26T06,14,5,12.2,0,82930,1
2026-09-26T06,14,10,12.5,3265,0,1
2026-09-26T07,14,0,11.6,0,16944,5
2026-09-26T07,14,0,11.7,16395,19466,7
2026-09-26T07,14,0,11.8,0,2523,1
2026-09-26T07,14,0,11.9,7413,92892,6
2026-09-26T07,14,1,11.8,26918,83123,6
2026-09-26T07,14,1,11.9,14667,59953,4
2026-09-26T07,14,2,11.9,0,554,1
2026-09-26T07,14,3,12.2,133804,0,3
2026-09-26T07,14,4,12.0,6409,85865,3
2026-09-26T08,14,0,11.4,0,2739,1
2026-09-26T08,14,0,11.5,4669,31603,8
2026-09-26T08,14,0,11.6,54195,183,4
2026-09-26T08,14,1,11.6,22605,20043,3
2026-09-26T08,14,1,11.9,0,8918,1
2026-09-26T08,14,1,12.0,32645,0,2
2026-09-26T08,14,2,11.7,0,124,1
2026-09-26T08,14,2,11.9,0,8741,2
2026-09-26T08,14,2,12.0,0,6,1
2026-09-26T08,14,2,12.1,15865,0,1
2026-09-26T08,14,3,11.8,0,987,1
2026-09-26T08,14,3,11.9,0,35000,1
2026-09-26T08,14,3,12.0,0,80626,2
2026-09-26T08,14,3,12.1,26864,52380,4
2026-09-26T08,14,4,11.9,0,11064,1
2026-09-26T08,14,4,12.0,111280,112651,7
2026-09-26T08,14,5,12.3,2474,0,1
2026-09-26T09,14,0,11.2,27260,1180,6
2026-09-26T09,14,0,11.3,3059,0,2
2026-09-26T09,14,0,11.4,0,238,1
2026-09-26T09,14,0,11.5,0,316,1
2026-09-26T09,14,0,11.6,20992,0,1
2026-09-26T09,14,1,11.3,0,636,1
2026-09-26T09,14,1,11.4,5724,21705,2
2026-09-26T09,14,1,11.7,0,56,1
2026-09-26T09,14,1,11.8,29820,832,3
2026-09-26T09,14,2,11.8,0,2382,2
2026-09-26T09,14,2,12.0,5717,0,1
2026-09-26T09,14,3,11.5,0,30000,1
2026-09-26T09,14,3,11.9,99635,0,2
2026-09-26T09,14,4,11.9,7000,0,2
