heure,kind,quality,prix,vendu,disparu,n_evt
2026-09-04T12,72,0,1.67,701,,1
2026-09-04T12,72,0,1.68,6929,,1
2026-09-04T13,72,0,1.62,88,,1
2026-09-04T14,72,0,1.65,5560,,1
2026-09-04T14,72,1,1.7,2000,,1
2026-09-04T14,72,1,1.78,130303,,2
2026-09-04T14,72,3,1.81,298413,,1
2026-09-04T15,72,0,1.62,46544,,1
2026-09-04T15,72,0,1.63,10454,,1
2026-09-04T15,72,0,1.65,9800,,1
2026-09-04T15,72,1,1.79,131335,,1
2026-09-04T15,72,2,1.74,4048,,1
2026-09-04T15,72,3,1.8,48024,,1
2026-09-04T16,72,0,1.68,18408,,1
2026-09-04T16,72,0,1.69,69009,,2
2026-09-04T16,72,3,1.75,98536,,3
2026-09-04T16,72,5,2.4,11144,,1
2026-09-04T17,72,0,1.67,2200,,1
2026-09-04T17,72,3,1.75,94343,,1
2026-09-04T17,72,3,1.81,716334,,2
2026-09-04T18,72,0,1.66,15419,,2
2026-09-04T18,72,3,1.81,530415,,2
2026-09-04T21,72,0,1.67,34039,,2
2026-09-04T21,72,0,1.68,27422,,1
2026-09-04T21,72,1,1.74,15494,,1
2026-09-04T21,72,1,1.75,51254,,2
2026-09-04T21,72,2,1.74,35000,,1
2026-09-04T21,72,2,1.75,17528,,1
2026-09-04T21,72,2,1.76,31901,,2
2026-09-04T21,72,2,1.77,95018,,1
2026-09-04T21,72,2,1.78,59176,,2
2026-09-04T21,72,3,1.77,4376,,1
2026-09-04T21,72,3,1.78,5867,,1
2026-09-04T21,72,3,1.79,191904,,1
2026-09-04T21,72,3,1.8,300000,,2
2026-09-04T21,72,3,1.81,21475,,1
2026-09-04T21,72,4,1.89,962,,1
2026-09-04T21,72,4,1.9,85038,,1
2026-09-04T21,72,5,2.4,32360,,1
2026-09-04T21,72,9,3.85,100000,,1
2026-09-04T23,72,0,1.67,0,32349,2
2026-09-04T23,72,0,1.68,0,50552,3
2026-09-04T23,72,0,1.69,12229,0,1
2026-09-04T23,72,1,1.75,64986,0,2
2026-09-04T23,72,3,1.8,300740,0,1
2026-09-04T23,72,4,1.89,0,44724,1
2026-09-04T23,72,4,1.9,0,14962,1
2026-09-05T00,72,0,1.66,0,33040,2
2026-09-05T00,72,0,1.67,0,25000,1
2026-09-05T00,72,0,1.68,0,34941,2
2026-09-05T00,72,0,1.69,0,140465,4
2026-09-05T00,72,0,1.7,416,0,1
2026-09-05T00,72,1,1.75,53900,0,1
2026-09-05T00,72,3,1.8,40336,0,1
2026-09-05T01,72,0,1.69,0,2821,4
2026-09-05T01,72,0,1.7,96892,14584,7
2026-09-05T01,72,1,1.75,28928,0,1
2026-09-05T02,72,0,1.69,0,3613,1
2026-09-05T02,72,0,1.7,59878,0,3
2026-09-05T02,72,1,1.75,0,29562,2
2026-09-05T02,72,1,1.77,4462,0,1
2026-09-05T02,72,3,1.78,3500,0,1
2026-09-05T02,72,4,1.91,89262,0,1
2026-09-05T03,72,0,1.56,0,6000,1
2026-09-05T03,72,0,1.65,0,500,1
2026-09-05T03,72,0,1.66,0,5354,1
2026-09-05T03,72,0,1.67,3785,0,1
2026-09-05T03,72,0,1.7,92768,87843,4
2026-09-05T03,72,1,1.7,0,30000,1
2026-09-05T03,72,1,1.71,49207,0,1
2026-09-05T03,72,2,1.76,0,53620,1
2026-09-05T03,72,3,1.77,196446,0,2
2026-09-05T04,72,0,1.62,0,5437,1
2026-09-05T04,72,0,1.63,1318,0,1
2026-09-05T04,72,0,1.65,586,0,1
2026-09-05T04,72,0,1.67,12500,0,1
2026-09-05T04,72,2,1.76,0,19766,1
2026-09-05T04,72,3,1.77,178813,0,1
2026-09-05T05,72,0,1.56,0,17690,1
2026-09-05T05,72,0,1.57,0,1297,1
2026-09-05T05,72,0,1.59,41697,0,2
2026-09-05T06,72,0,1.57,8830,9405,2
2026-09-05T06,72,0,1.58,0,4025,1
2026-09-05T06,72,0,1.59,0,21688,2
2026-09-05T06,72,0,1.6,0,75850,1
2026-09-05T06,72,0,1.61,0,6929,2
2026-09-05T06,72,0,1.63,0,45347,1
2026-09-05T06,72,0,1.64,0,68237,1
2026-09-05T06,72,0,1.65,0,13301,3
2026-09-05T06,72,0,1.66,0,166,1
2026-09-05T06,72,0,1.67,73010,239,2
2026-09-05T06,72,1,1.62,0,149900,1
2026-09-05T06,72,1,1.7,8372,0,2
2026-09-05T06,72,2,1.75,0,20000,1
2026-09-05T06,72,2,1.78,33716,192959,3
2026-09-05T06,72,3,1.75,0,772000,1
2026-09-05T06,72,3,1.76,0,176418,1
2026-09-05T06,72,3,1.77,0,217243,1
2026-09-05T06,72,3,1.78,0,88944,1
2026-09-05T06,72,3,1.79,150203,12522,3
2026-09-05T06,72,5,2.4,100000,0,1
2026-09-05T07,72,0,1.65,0,500,1
2026-09-05T07,72,0,1.66,63393,12164,4
2026-09-05T07,72,1,1.69,0,19000,1
2026-09-05T07,72,1,1.7,724502,0,3
2026-09-05T07,72,2,1.74,0,4333,1
2026-09-05T07,72,3,1.78,79355,70645,2
2026-09-05T07,72,3,1.79,19355,0,1
2026-09-05T08,72,0,1.65,0,51959,2
2026-09-05T08,72,0,1.66,7449,0,4
2026-09-05T08,72,1,1.69,0,106951,1
2026-09-05T08,72,2,1.74,60940,0,1
2026-09-05T09,72,0,1.58,67102,4553,2
2026-09-05T09,72,0,1.59,0,462,1
2026-09-05T09,72,0,1.6,695,9242,2
2026-09-05T09,72,0,1.65,0,27967,1
2026-09-05T09,72,0,1.66,58773,0,1
2026-09-05T09,72,1,1.7,0,1068169,1
2026-09-05T09,72,1,1.71,0,23793,2
2026-09-05T09,72,4,1.89,0,60938,1
2026-09-05T09,72,4,1.9,0,192273,1
2026-09-05T09,72,4,1.91,16770,0,1
2026-09-05T09,72,5,2.35,72430,0,1
2026-09-05T10,72,0,1.63,3006,0,1
2026-09-05T10,72,0,1.64,59784,0,2
2026-09-05T10,72,1,1.72,19628,0,1
2026-09-05T10,72,2,1.74,4000,0,1
2026-09-05T11,72,0,1.63,51776,21235,7
2026-09-05T11,72,0,1.64,0,414982,1
2026-09-05T11,72,1,1.72,5205,0,1
2026-09-05T11,72,2,1.72,0,743,1
2026-09-05T11,72,2,1.74,5500,0,1
2026-09-05T11,72,4,1.91,217980,0,1
2026-09-05T12,72,0,1.59,0,12946,1
2026-09-05T12,72,0,1.62,40414,0,2
2026-09-05T12,72,0,1.64,121,0,1
2026-09-05T12,72,1,1.69,121520,0,1
2026-09-05T12,72,2,1.69,0,4000,1
2026-09-05T12,72,4,1.91,137564,0,1
2026-09-05T13,72,0,1.61,0,8241,1
2026-09-05T13,72,0,1.62,4000,70356,4
2026-09-05T13,72,0,1.63,26729,42831,4
2026-09-05T13,72,0,1.64,0,48801,4
2026-09-05T13,72,0,1.65,0,100000,1
2026-09-05T13,72,0,1.66,31336,0,1
2026-09-05T13,72,1,1.68,2000,0,1
2026-09-05T13,72,1,1.69,41183,0,1
2026-09-05T13,72,2,1.69,0,92464,1
2026-09-05T13,72,2,1.7,0,79551,2
2026-09-05T13,72,2,1.71,0,26280,2
2026-09-05T13,72,2,1.72,57543,78832,2
2026-09-05T13,72,2,1.73,0,21128,1
2026-09-05T13,72,2,1.74,0,13644,1
2026-09-05T13,72,2,1.75,86676,0,1
2026-09-05T13,72,3,1.72,0,6,1
2026-09-05T13,72,3,1.73,0,7816,1
2026-09-05T13,72,3,1.74,0,60000,1
2026-09-05T14,72,0,1.64,0,16400,1
2026-09-05T14,72,0,1.65,0,55928,1
2026-09-05T14,72,0,1.66,14255,19235,5
2026-09-05T14,72,0,1.67,0,52796,5
2026-09-05T14,72,0,1.68,0,3,1
2026-09-05T14,72,1,1.67,0,22630,1
2026-09-05T14,72,1,1.68,4738,38837,2
2026-09-05T14,72,2,1.72,0,7480,1
2026-09-05T14,72,2,1.73,0,110000,2
2026-09-05T14,72,2,1.74,42210,58600,2
2026-09-05T14,72,2,1.75,0,313324,1
2026-09-05T14,72,3,1.74,0,54590,1
2026-09-05T14,72,3,1.75,6999,189,2
2026-09-05T14,72,3,1.76,80000,0,1
2026-09-05T15,72,0,1.63,0,988,1
2026-09-05T15,72,0,1.67,0,150,1
2026-09-05T15,72,0,1.68,2072,41133,3
2026-09-05T15,72,0,1.69,25182,65962,3
2026-09-05T15,72,1,1.69,5000,99446,2
2026-09-05T15,72,1,1.72,86078,0,2
2026-09-05T15,72,2,1.76,171563,80,2
2026-09-05T15,72,3,1.76,31200,95937,2
2026-09-05T15,72,3,1.77,4920,0,1
2026-09-05T15,72,4,1.9,0,578803,1
2026-09-05T16,72,0,1.58,0,64563,1
2026-09-05T16,72,0,1.62,0,80,1
2026-09-05T16,72,0,1.63,0,8267,1
2026-09-05T16,72,0,1.66,0,10000,1
2026-09-05T16,72,0,1.68,31650,0,1
2026-09-05T16,72,1,1.72,36130,0,1
2026-09-05T16,72,2,1.75,0,33752,1
2026-09-05T16,72,3,1.76,74978,0,1
2026-09-05T17,72,0,1.66,6010,0,1
2026-09-05T17,72,1,1.72,0,145803,1
2026-09-05T17,72,1,1.73,3500,1500,2
2026-09-05T17,72,3,1.76,19616,0,1
2026-09-05T17,72,4,1.91,34210,0,1
2026-09-05T17,72,5,2.35,11144,0,1
2026-09-05T18,72,0,1.59,0,12771,1
2026-09-05T18,72,0,1.63,0,61717,3
2026-09-05T18,72,0,1.64,117204,35344,3
2026-09-05T18,72,0,1.65,0,12356,2
2026-09-05T18,72,0,1.66,0,52816,2
2026-09-05T18,72,0,1.67,4303,0,1
2026-09-05T18,72,2,1.73,0,14292,1
2026-09-05T18,72,2,1.74,0,26576,1
2026-09-05T18,72,2,1.75,19349,0,1
2026-09-05T18,72,3,1.75,0,5763,1
2026-09-05T19,72,0,1.62,0,3,1
2026-09-05T19,72,0,1.63,45217,0,2
2026-09-05T19,72,0,1.66,8923,0,1
2026-09-05T19,72,0,1.67,0,38657,2
2026-09-05T19,72,1,1.73,0,69885,2
2026-09-05T19,72,1,1.74,12597,85371,2
2026-09-05T19,72,2,1.74,18297,10203,2
2026-09-05T19,72,2,1.75,0,13169,1
2026-09-05T19,72,2,1.77,0,231705,2
2026-09-05T19,72,2,1.78,0,127885,1
2026-09-05T19,72,3,1.75,0,19000,1
2026-09-05T19,72,3,1.76,0,76203,2
2026-09-05T19,72,3,1.77,91764,65473,2
2026-09-05T19,72,3,1.78,0,3773,1
2026-09-05T19,72,3,1.79,36824,30000,2
2026-09-05T19,72,4,1.91,5000,0,1
2026-09-05T20,72,0,1.6,0,9,1
2026-09-05T20,72,0,1.62,0,12399,2
2026-09-05T20,72,0,1.63,63848,20935,2
2026-09-05T20,72,0,1.64,0,13700,1
2026-09-05T20,72,0,1.65,7213,0,2
2026-09-05T20,72,1,1.78,0,4651,1
2026-09-05T20,72,3,1.78,15824,0,1
2026-09-05T21,72,0,1.62,0,607,1
2026-09-05T21,72,0,1.63,0,24326,1
2026-09-05T21,72,0,1.64,0,1085,1
2026-09-05T21,72,0,1.65,27372,91,2
2026-09-05T21,72,0,1.66,0,8274,1
2026-09-05T21,72,0,1.67,0,6989,2
2026-09-05T21,72,1,1.76,0,16605,1
2026-09-05T21,72,1,1.77,22422,0,1
2026-09-05T21,72,3,1.77,0,2312,1
2026-09-05T21,72,3,1.78,0,8175,1
2026-09-05T21,72,3,1.79,0,35926,1
2026-09-05T21,72,3,1.8,0,102630,1
2026-09-05T21,72,3,1.81,240077,0,1
2026-09-05T23,72,0,1.67,0,784,1
2026-09-05T23,72,0,1.68,0,22002,3
2026-09-05T23,72,0,1.69,0,322460,8
2026-09-05T23,72,0,1.7,1830,0,1
2026-09-05T23,72,1,1.76,0,48311,1
2026-09-05T23,72,1,1.77,0,2578,1
2026-09-05T23,72,1,1.78,0,15600,1
2026-09-05T23,72,2,1.78,0,195952,1
2026-09-05T23,72,2,1.79,0,75325,1
2026-09-05T23,72,2,1.8,58800,0,1
2026-09-05T23,72,3,1.81,30155,0,1
2026-09-06T00,72,0,1.68,0,300,1
2026-09-06T00,72,0,1.69,15000,20000,3
2026-09-06T00,72,0,1.7,80644,34408,2
2026-09-06T00,72,1,1.74,3000,0,1
2026-09-06T00,72,2,1.76,0,49271,1
2026-09-06T00,72,2,1.77,0,123357,1
2026-09-06T00,72,2,1.78,41442,0,3
2026-09-06T00,72,2,1.79,13592,0,1
2026-09-06T00,72,3,1.79,41414,6408,2
2026-09-06T00,72,4,1.9,0,328950,1
2026-09-06T01,72,0,1.65,13974,1000,3
2026-09-06T01,72,0,1.66,868,1826,2
2026-09-06T01,72,0,1.67,2088,774,2
2026-09-06T01,72,0,1.68,3264,0,2
2026-09-06T01,72,1,1.74,0,97000,1
2026-09-06T01,72,1,1.77,0,12782,1
2026-09-06T01,72,2,1.78,34408,126829,3
2026-09-06T01,72,2,1.79,120,0,1
2026-09-06T01,72,3,1.79,5806,158586,3
2026-09-06T01,72,5,2.35,0,449347,1
2026-09-06T02,72,0,1.5,0,14531,1
2026-09-06T02,72,0,1.54,4488,1247,3
2026-09-06T02,72,0,1.55,0,300,1
2026-09-06T02,72,0,1.56,0,5071,1
2026-09-06T02,72,0,1.57,0,1538,1
2026-09-06T02,72,0,1.65,13095,0,2
2026-09-06T02,72,1,1.78,19836,0,1
2026-09-06T02,72,2,1.79,0,13476,1
2026-09-06T02,72,3,1.79,0,31079,1
2026-09-06T02,72,3,1.8,36375,100000,2
2026-09-06T03,72,0,1.58,0,1561,1
2026-09-06T03,72,0,1.59,200,19517,2
2026-09-06T03,72,0,1.63,0,460,1
2026-09-06T03,72,0,1.64,0,972,1
2026-09-06T03,72,0,1.65,20068,96888,3
2026-09-06T03,72,0,1.66,0,18935,1
2026-09-06T03,72,0,1.67,0,6832,2
2026-09-06T03,72,0,1.68,0,1571,1
2026-09-06T03,72,0,1.69,0,12059,2
2026-09-06T03,72,0,1.7,44359,19356,2
2026-09-06T03,72,1,1.77,0,98242,1
2026-09-06T03,72,1,1.78,75758,0,1
2026-09-06T03,72,2,1.8,14995,0,1
2026-09-06T03,72,3,1.79,0,14995,1
2026-09-06T03,72,3,1.8,0,33188,1
2026-09-06T03,72,3,1.81,0,570347,2
2026-09-06T03,72,3,1.82,0,35744,2
2026-09-06T03,72,3,1.83,9110,0,1
2026-09-06T04,72,0,1.65,0,12100,1
2026-09-06T04,72,0,1.69,0,20215,1
2026-09-06T04,72,0,1.7,174723,18172,8
2026-09-06T04,72,1,1.76,0,1000,1
2026-09-06T04,72,1,1.77,0,7,1
2026-09-06T04,72,1,1.78,993,52599,2
2026-09-06T04,72,2,1.79,22021,0,1
2026-09-06T04,72,3,1.82,2785,1,2
2026-09-06T05,72,0,1.64,5001,3368,2
2026-09-06T05,72,0,1.65,29384,0,5
2026-09-06T05,72,0,1.7,72190,0,1
2026-09-06T05,72,1,1.77,5000,0,1
2026-09-06T05,72,2,1.78,15905,0,2
2026-09-06T05,72,3,1.82,0,99881,1
2026-09-06T05,72,3,1.83,200119,0,1
2026-09-06T06,72,0,1.64,0,18699,1
2026-09-06T06,72,0,1.65,0,70616,1
2026-09-06T06,72,0,1.69,100,193,2
2026-09-06T06,72,0,1.7,16555,233794,10
2026-09-06T06,72,0,1.71,10916,103680,6
2026-09-06T06,72,0,1.72,51951,1677,2
2026-09-06T06,72,1,1.73,57800,0,3
2026-09-06T06,72,2,1.78,0,4095,1
2026-09-06T06,72,2,1.79,0,1043,1
2026-09-06T06,72,2,1.8,67174,0,2
2026-09-06T06,72,3,1.83,217230,0,1
2026-09-06T07,72,0,1.67,800,248,4
2026-09-06T07,72,0,1.68,32911,6147,4
2026-09-06T07,72,1,1.72,0,20000,1
2026-09-06T07,72,2,1.8,23276,0,1
2026-09-06T07,72,3,1.82,0,17035,1
2026-09-06T07,72,3,1.83,47403,0,1
2026-09-06T07,72,5,2.3,60108,0,1
2026-09-06T08,72,0,1.61,4140,323,2
2026-09-06T08,72,0,1.62,18484,0,2
2026-09-06T08,72,0,1.63,25356,0,1
2026-09-06T08,72,0,1.64,15880,0,1
2026-09-06T08,72,1,1.72,20500,0,2
2026-09-06T08,72,2,1.8,91889,0,1
2026-09-06T09,72,0,1.6,1970,18125,6
2026-09-06T09,72,0,1.61,43915,1191,3
2026-09-06T09,72,0,1.62,0,49753,1
2026-09-06T09,72,0,1.63,22200,0,2
2026-09-06T09,72,1,1.71,0,2500,1
2026-09-06T09,72,1,1.72,6000,62122,2
2026-09-06T09,72,1,1.73,0,42200,1
2026-09-06T09,72,1,1.74,25288,0,1
2026-09-06T09,72,2,1.8,3014,0,1
2026-09-06T09,72,4,1.87,0,282073,1
2026-09-06T09,72,4,1.88,0,100000,1
2026-09-06T09,72,5,2.3,90410,0,2
2026-09-06T10,72,0,1.57,0,9575,1
2026-09-06T10,72,0,1.6,150,7880,2
2026-09-06T10,72,0,1.61,0,15954,3
2026-09-06T10,72,0,1.62,83284,26749,7
2026-09-06T10,72,0,1.63,30150,29241,2
2026-09-06T10,72,1,1.74,6000,0,1
2026-09-06T10,72,2,1.78,16192,0,1
2026-09-06T10,72,8,3.65,48706,0,1
2026-09-06T11,72,0,1.6,47435,0,5
2026-09-06T11,72,2,1.77,0,100000,1
2026-09-06T11,72,2,1.78,94016,0,2
2026-09-06T11,72,3,1.79,0,150000,1
2026-09-06T11,72,4,1.89,0,180000,1
2026-09-06T11,72,4,1.9,41178,0,1
2026-09-06T11,72,5,2.3,80000,0,1
2026-09-06T12,72,0,1.52,0,1000,1
2026-09-06T12,72,0,1.53,0,20049,1
2026-09-06T12,72,0,1.54,0,20000,1
2026-09-06T12,72,0,1.55,149501,40429,5
2026-09-06T12,72,0,1.56,5198,0,2
2026-09-06T12,72,1,1.7,7714,7286,2
2026-09-06T12,72,1,1.71,0,52419,2
2026-09-06T12,72,1,1.72,18325,0,3
2026-09-06T12,72,3,1.77,353580,0,1
2026-09-06T13,72,0,1.5,0,443,1
2026-09-06T13,72,0,1.51,0,4141,1
2026-09-06T13,72,0,1.52,0,8108,1
2026-09-06T13,72,0,1.53,0,55000,1
2026-09-06T13,72,0,1.54,0,200,1
2026-09-06T13,72,0,1.55,0,52551,1
2026-09-06T13,72,0,1.56,0,51122,2
2026-09-06T13,72,0,1.57,0,196,1
2026-09-06T13,72,0,1.58,0,7749,1
2026-09-06T13,72,0,1.59,0,20000,1
2026-09-06T13,72,0,1.6,0,23099,1
2026-09-06T13,72,0,1.61,0,603,1
2026-09-06T13,72,0,1.62,0,19583,2
2026-09-06T13,72,0,1.63,0,29850,1
2026-09-06T13,72,0,1.64,0,26608,1
2026-09-06T13,72,0,1.65,0,106362,1
2026-09-06T13,72,0,1.66,10999,4254,5
2026-09-06T13,72,0,1.67,11906,14394,6
2026-09-06T13,72,0,1.68,48770,0,3
2026-09-06T13,72,1,1.7,21826,3602,2
2026-09-06T13,72,1,1.72,76474,0,4
2026-09-06T13,72,2,1.75,0,242212,2
2026-09-06T13,72,2,1.76,4116,0,2
2026-09-06T13,72,3,1.76,0,19065,1
2026-09-06T13,72,5,2.3,5112,0,1
2026-09-06T14,72,0,1.64,0,4489,1
2026-09-06T14,72,0,1.65,5511,192,2
2026-09-06T14,72,0,1.66,5053,2849,2
2026-09-06T14,72,0,1.67,18000,20178,6
2026-09-06T14,72,0,1.68,18113,74860,5
2026-09-06T14,72,0,1.69,40845,6433,6
2026-09-06T14,72,1,1.72,208096,0,1
2026-09-06T14,72,2,1.74,0,247,1
2026-09-06T14,72,2,1.75,10193,0,1
2026-09-06T15,72,0,1.5,0,20,1
2026-09-06T15,72,0,1.63,0,13114,2
2026-09-06T15,72,0,1.64,0,16322,2
2026-09-06T15,72,0,1.65,0,1160,2
2026-09-06T15,72,0,1.66,300,34880,3
2026-09-06T15,72,0,1.67,67997,22093,4
2026-09-06T15,72,0,1.68,32456,0,2
2026-09-06T15,72,1,1.69,0,59854,1
2026-09-06T15,72,1,1.7,0,30000,1
2026-09-06T15,72,2,1.75,37830,27929,2
2026-09-06T15,72,2,1.76,0,219247,1
2026-09-06T15,72,3,1.75,0,200000,1
2026-09-06T15,72,3,1.76,0,93880,1
2026-09-06T15,72,4,1.88,0,24067,1
2026-09-06T15,72,4,1.89,59685,0,1
2026-09-06T16,72,0,1.61,0,100,1
2026-09-06T16,72,0,1.64,170,4930,3
2026-09-06T16,72,0,1.65,1930,0,1
2026-09-06T16,72,0,1.67,0,15923,2
2026-09-06T16,72,0,1.68,0,16049,2
2026-09-06T16,72,0,1.69,6616,0,2
2026-09-06T16,72,1,1.72,6100,0,1
2026-09-06T16,72,2,1.76,0,3000,1
2026-09-06T16,72,2,1.77,128150,848,2
2026-09-06T16,72,2,1.78,24955,9858,2
2026-09-06T16,72,3,1.77,7120,47176,3
2026-09-06T16,72,3,1.78,34450,4941,2
2026-09-06T16,72,3,1.79,51082,0,1
2026-09-06T16,72,4,1.89,200000,0,1
2026-09-06T17,72,0,1.57,100,7510,2
2026-09-06T17,72,0,1.61,0,5000,1
2026-09-06T17,72,0,1.62,0,676,1
2026-09-06T17,72,0,1.63,0,300,1
2026-09-06T17,72,0,1.64,8096,1804,2
2026-09-06T17,72,0,1.65,0,7395,2
2026-09-06T17,72,0,1.67,8180,0,1
2026-09-06T17,72,0,1.69,0,4314,2
2026-09-06T17,72,1,1.58,0,911,1
2026-09-06T17,72,1,1.68,0,47365,1
2026-09-06T17,72,1,1.69,0,3500,1
2026-09-06T17,72,1,1.7,13707,16293,2
2026-09-06T17,72,1,1.71,6421,0,1
2026-09-06T17,72,2,1.79,0,50000,1
2026-09-06T17,72,3,1.79,0,148918,1
2026-09-06T17,72,3,1.8,170732,0,1
2026-09-06T17,72,4,1.89,0,492373,1
2026-09-06T17,72,4,1.9,0,231065,1
2026-09-06T17,72,8,3.65,139962,0,1
2026-09-06T18,72,0,1.62,54,227,2
2026-09-06T18,72,0,1.63,0,1463,1
2026-09-06T18,72,0,1.64,0,1015,1
2026-09-06T18,72,0,1.65,0,100,1
2026-09-06T18,72,0,1.66,0,2310,1
2026-09-06T18,72,0,1.67,0,17249,4
2026-09-06T18,72,0,1.68,0,3270,2
2026-09-06T18,72,0,1.69,10290,20972,3
2026-09-06T18,72,0,1.7,31010,0,2
2026-09-06T18,72,1,1.7,0,122473,2
2026-09-06T18,72,2,1.76,0,25000,1
2026-09-06T18,72,2,1.77,500,0,1
2026-09-06T18,72,2,1.78,66810,0,1
2026-09-06T18,72,3,1.79,0,8734,1
2026-09-06T18,72,3,1.8,0,35323,1
2026-09-06T18,72,5,2.25,0,191732,1
2026-09-06T18,72,5,2.3,0,114370,1
2026-09-06T18,72,5,2.35,0,243466,1
2026-09-06T19,72,0,1.67,0,10000,1
2026-09-06T19,72,0,1.68,30000,11001,4
2026-09-06T19,72,0,1.69,62974,59615,8
2026-09-06T19,72,0,1.7,146194,2246,5
2026-09-06T19,72,1,1.7,0,30000,1
2026-09-06T19,72,1,1.71,80000,4971,2
2026-09-06T19,72,1,1.72,26115,0,2
2026-09-06T19,72,2,1.74,3476,0,1
2026-09-06T19,72,3,1.8,0,19000,1
2026-09-06T19,72,3,1.81,0,45671,1
2026-09-06T19,72,3,1.82,22901,0,1
2026-09-06T20,72,0,1.47,0,180,1
2026-09-06T20,72,0,1.65,0,1808,1
2026-09-06T20,72,0,1.66,0,3899,1
2026-09-06T20,72,0,1.67,7986,4643,5
2026-09-06T20,72,0,1.68,26058,14282,3
2026-09-06T20,72,1,1.71,18000,0,1
2026-09-06T20,72,2,1.74,32150,0,2
2026-09-06T20,72,3,1.8,473255,7397,2
2026-09-06T20,72,5,2.4,11144,0,1
2026-09-06T21,72,0,1.63,99,8027,4
2026-09-06T21,72,0,1.64,462,2896,2
2026-09-06T21,72,0,1.66,0,6452,1
2026-09-06T21,72,0,1.67,0,10000,1
2026-09-06T21,72,0,1.68,12798,12482,3
2026-09-06T21,72,0,1.69,10100,4683,6
2026-09-06T21,72,0,1.7,52761,7403,3
2026-09-06T21,72,1,1.69,0,17694,1
2026-09-06T21,72,1,1.7,7774,13226,3
2026-09-06T21,72,1,1.71,0,2000,1
2026-09-06T21,72,2,1.71,1954,21806,2
2026-09-06T21,72,2,1.72,7784,46391,2
2026-09-06T21,72,3,1.77,72253,0,1
2026-09-06T22,72,0,1.57,0,1030,1
2026-09-06T22,72,0,1.58,380,21509,3
2026-09-06T22,72,0,1.68,17580,5020,5
2026-09-06T22,72,0,1.69,9000,0,1
2026-09-06T22,72,1,1.71,7994,0,1
2026-09-06T22,72,2,1.74,7186,0,1
2026-09-06T22,72,3,1.77,0,127747,1
2026-09-06T22,72,3,1.78,44543,0,1
2026-09-06T23,72,0,1.68,0,3792,2
2026-09-06T23,72,0,1.69,33611,76607,5
2026-09-06T23,72,0,1.7,29202,63817,5
2026-09-06T23,72,5,2.4,50000,0,1
2026-09-07T00,72,0,1.64,0,468,1
2026-09-07T00,72,0,1.65,16152,1519,3
2026-09-07T00,72,0,1.66,11798,37202,2
2026-09-07T00,72,0,1.67,0,1002,1
2026-09-07T00,72,0,1.68,0,19136,2
2026-09-07T00,72,0,1.69,0,10409,3
2026-09-07T00,72,0,1.7,69622,0,2
2026-09-07T00,72,1,1.7,0,1462,1
2026-09-07T00,72,1,1.71,11949,0,2
2026-09-07T00,72,3,1.78,41414,0,1
2026-09-07T01,72,0,1.68,4930,15907,2
2026-09-07T01,72,0,1.69,41626,166766,6
2026-09-07T01,72,0,1.7,13706,171625,4
2026-09-07T01,72,2,1.72,3000,0,1
2026-09-07T01,72,4,1.9,52706,41200,2
2026-09-07T02,72,0,1.67,0,2280,1
2026-09-07T02,72,0,1.68,1000,2052,2
2026-09-07T02,72,0,1.69,9024,0,3
2026-09-07T02,72,1,1.71,0,60000,1
2026-09-07T02,72,1,1.72,130000,0,1
2026-09-07T02,72,2,1.72,0,3000,1
2026-09-07T02,72,2,1.73,13192,15597,2
2026-09-07T02,72,2,1.74,0,112962,1
2026-09-07T02,72,2,1.75,0,50000,1
2026-09-07T02,72,2,1.76,52371,48439,2
2026-09-07T02,72,2,1.77,52491,0,1
2026-09-07T02,72,3,1.76,0,54119,1
2026-09-07T02,72,3,1.77,0,25881,1
2026-09-07T03,72,0,1.66,0,38681,2
2026-09-07T03,72,0,1.67,66514,45488,7
2026-09-07T03,72,0,1.68,0,28233,1
2026-09-07T03,72,0,1.69,0,10161,3
2026-09-07T03,72,0,1.7,8886,2702,3
2026-09-07T03,72,1,1.72,40192,0,3
2026-09-07T03,72,2,1.76,12000,0,1
2026-09-07T04,72,0,1.67,0,3381,1
2026-09-07T04,72,0,1.68,0,10975,1
2026-09-07T04,72,0,1.69,0,9719,1
2026-09-07T04,72,0,1.7,2185,8149,2
2026-09-07T04,72,0,1.71,31246,103201,6
2026-09-07T04,72,1,1.72,25251,0,2
2026-09-07T04,72,3,1.77,0,100000,1
2026-09-07T05,72,0,1.68,0,1294,1
2026-09-07T05,72,0,1.69,3004,10644,3
2026-09-07T05,72,0,1.7,16250,56876,3
2026-09-07T05,72,0,1.71,26996,39132,4
2026-09-07T05,72,1,1.7,0,22152,2
2026-09-07T05,72,1,1.71,20100,0,1
2026-09-07T05,72,2,1.71,0,6400,1
2026-09-07T05,72,3,1.77,0,150000,1
2026-09-07T05,72,3,1.78,0,114043,1
2026-09-07T06,72,0,1.7,2024,485,2
2026-09-07T06,72,1,1.7,0,105106,3
2026-09-07T06,72,1,1.71,35669,53086,4
2026-09-07T06,72,1,1.72,57654,0,1
2026-09-07T06,72,2,1.72,0,56211,1
2026-09-07T06,72,2,1.73,0,102400,2
2026-09-07T06,72,2,1.74,5696,0,1
2026-09-07T06,72,3,1.79,0,278101,3
2026-09-07T06,72,3,1.8,51037,0,2
2026-09-07T07,72,0,1.63,0,3788,1
2026-09-07T07,72,0,1.64,7776,83218,3
2026-09-07T07,72,0,1.65,1982,0,2
2026-09-07T07,72,0,1.7,0,2778,1
2026-09-07T07,72,1,1.7,31692,0,1
2026-09-07T07,72,1,1.71,10000,0,1
2026-09-07T07,72,2,1.72,0,28500,1
2026-09-07T07,72,2,1.73,264204,0,2
2026-09-07T07,72,3,1.78,0,5287,1
2026-09-07T07,72,3,1.79,0,21101,1
2026-09-07T07,72,3,1.8,37286,0,1
2026-09-07T08,72,0,1.6,0,6274,1
2026-09-07T08,72,0,1.61,0,1397,1
2026-09-07T08,72,0,1.62,0,5450,1
2026-09-07T08,72,0,1.63,12218,5785,3
2026-09-07T08,72,0,1.64,0,4004,2
2026-09-07T08,72,0,1.65,7012,25868,4
2026-09-07T08,72,0,1.67,0,6,1
2026-09-07T08,72,0,1.68,0,7512,1
2026-09-07T08,72,1,1.68,4337,35663,2
2026-09-07T08,72,2,1.69,24871,0,2
2026-09-07T08,72,3,1.8,75300,3758,2
2026-09-07T08,72,3,1.81,0,26989,1
2026-09-07T08,72,3,1.82,65053,0,1
2026-09-07T08,72,5,2.3,100000,0,1
2026-09-07T09,72,0,1.64,0,1089,1
2026-09-07T09,72,0,1.65,15950,16544,3
2026-09-07T09,72,0,1.66,0,2000,1
2026-09-07T09,72,0,1.67,26146,0,2
2026-09-07T09,72,1,1.68,169690,0,3
2026-09-07T09,72,2,1.68,5390,23651,2
2026-09-07T09,72,2,1.69,65412,0,1
2026-09-07T09,72,3,1.7,0,200000,1
2026-09-07T10,72,0,1.65,64134,6777,3
2026-09-07T10,72,0,1.66,1964,3173,4
2026-09-07T10,72,0,1.67,13612,0,4
2026-09-07T10,72,1,1.68,6000,0,1
2026-09-07T10,72,2,1.69,0,179717,1
2026-09-07T10,72,2,1.7,0,17388,1
2026-09-07T10,72,2,1.73,202895,0,1
2026-09-07T10,72,3,1.8,0,9310,1
2026-09-07T10,72,3,1.81,5680,0,1
2026-09-07T10,72,4,1.89,86000,0,2
2026-09-07T10,72,5,2.3,0,50000,1
2026-09-07T10,72,5,2.35,46630,0,2
2026-09-07T11,72,0,1.66,0,43770,2
2026-09-07T11,72,0,1.67,53838,6404,2
2026-09-07T11,72,0,1.68,0,6745,3
2026-09-07T11,72,0,1.69,6749,98609,5
2026-09-07T11,72,1,1.67,0,8,1
2026-09-07T11,72,1,1.68,0,147972,1
2026-09-07T11,72,1,1.69,0,31635,1
2026-09-07T11,72,1,1.7,244300,0,4
2026-09-07T11,72,3,1.8,0,49234,2
2026-09-07T11,72,3,1.81,0,194320,1
2026-09-07T11,72,3,1.82,0,369340,2
2026-09-07T11,72,3,1.83,0,255248,1
2026-09-07T11,72,3,1.84,0,64283,1
2026-09-07T11,72,3,1.85,50866,29440,2
2026-09-07T11,72,4,1.89,0,14000,1
2026-09-07T11,72,4,1.9,0,127606,1
2026-09-07T11,72,4,1.91,5975,70399,2
2026-09-07T12,72,0,1.63,5000,10161,2
2026-09-07T12,72,0,1.64,0,21112,1
2026-09-07T12,72,0,1.65,0,1000,1
2026-09-07T12,72,0,1.66,0,299,1
2026-09-07T12,72,0,1.67,0,1000,2
2026-09-07T12,72,0,1.68,25229,4985,4
2026-09-07T12,72,0,1.69,100,5507,2
2026-09-07T12,72,1,1.7,36127,86431,4
2026-09-07T12,72,1,1.71,0,100245,1
2026-09-07T12,72,2,1.7,800,79200,3
2026-09-07T12,72,2,1.71,0,158062,2
2026-09-07T12,72,2,1.72,0,228740,2
2026-09-07T12,72,2,1.73,153910,0,2
2026-09-07T12,72,4,1.91,0,540025,2
2026-09-07T13,72,0,1.66,0,10667,1
2026-09-07T13,72,0,1.67,1000,17968,3
2026-09-07T13,72,0,1.68,0,30167,1
2026-09-07T13,72,0,1.69,0,125173,4
2026-09-07T13,72,0,1.7,81298,205776,4
2026-09-07T13,72,1,1.71,310,0,1
2026-09-07T13,72,2,1.72,112780,0,4
2026-09-07T14,72,0,1.5,0,528,1
2026-09-07T14,72,0,1.66,472,0,1
2026-09-07T14,72,0,1.69,0,434,1
2026-09-07T14,72,0,1.7,0,13920,2
2026-09-07T14,72,0,1.71,0,37048,1
2026-09-07T14,72,0,1.72,17766,0,1
2026-09-07T14,72,1,1.71,3000,3378,2
2026-09-07T14,72,1,1.72,41173,205113,3
2026-09-07T14,72,2,1.71,0,11154,1
2026-09-07T14,72,2,1.72,39385,37860,4
2026-09-07T14,72,2,1.73,79290,0,1
2026-09-07T15,72,0,1.65,0,31989,2
2026-09-07T15,72,0,1.66,10050,31026,3
2026-09-07T15,72,0,1.67,0,18667,3
2026-09-07T15,72,0,1.68,19896,39478,7
2026-09-07T15,72,0,1.69,1012,53770,2
2026-09-07T15,72,1,1.68,0,20348,1
2026-09-07T15,72,1,1.69,0,9,1
2026-09-07T15,72,1,1.7,10132,5868,3
2026-09-07T15,72,1,1.73,0,92548,1
2026-09-07T15,72,1,1.74,0,42406,1
2026-09-07T15,72,1,1.75,0,14661,1
2026-09-07T15,72,2,1.73,0,25566,1
2026-09-07T15,72,2,1.74,0,21323,1
2026-09-07T15,72,2,1.75,0,100000,1
2026-09-07T15,72,2,1.76,5112,175683,3
2026-09-07T15,72,2,1.77,0,35201,2
2026-09-07T15,72,2,1.78,0,18919,1
2026-09-07T15,72,2,1.79,0,25743,1
2026-09-07T15,72,2,1.8,4808,0,1
2026-09-07T15,72,3,1.8,0,11600,1
2026-09-07T15,72,3,1.81,0,465682,2
2026-09-07T15,72,6,2.45,290,0,1
2026-09-07T16,72,0,1.68,3,0,1
2026-09-07T16,72,0,1.69,8,692,2
2026-09-07T16,72,0,1.7,10000,42789,3
2026-09-07T16,72,0,1.71,0,8471,1
2026-09-07T16,72,0,1.72,34234,0,2
2026-09-07T16,72,1,1.74,46000,0,2
2026-09-07T16,72,2,1.78,3000,0,1
2026-09-07T16,72,5,2.3,20000,0,1
2026-09-07T17,72,0,1.58,0,920,1
2026-09-07T17,72,0,1.59,2000,73165,2
2026-09-07T17,72,0,1.6,18811,0,3
2026-09-07T17,72,0,1.61,1000,0,1
2026-09-07T17,72,1,1.7,0,15000,1
2026-09-07T17,72,1,1.74,0,132321,2
2026-09-07T17,72,1,1.75,22351,0,1
2026-09-07T17,72,2,1.77,0,15862,1
2026-09-07T17,72,2,1.78,45078,51922,2
2026-09-07T17,72,2,1.79,0,24640,1
2026-09-07T17,72,3,1.8,0,11505,1
2026-09-07T17,72,4,1.9,0,200000,1
2026-09-07T17,72,4,1.92,15790,0,1
2026-09-07T17,72,5,2.3,0,230000,1
2026-09-07T18,72,0,1.58,0,39057,3
2026-09-07T18,72,0,1.59,2000,0,1
2026-09-07T18,72,0,1.6,32222,0,2
2026-09-07T18,72,1,1.73,0,15292,1
2026-09-07T18,72,1,1.74,7422,0,1
2026-09-07T19,72,0,1.58,988,32842,4
2026-09-07T19,72,0,1.59,26381,88476,5
2026-09-07T19,72,0,1.6,0,60504,2
2026-09-07T19,72,0,1.61,29320,0,1
2026-09-07T19,72,1,1.74,0,2578,1
2026-09-07T19,72,1,1.75,173429,13539,5
2026-09-07T19,72,2,1.77,13926,0,2
2026-09-07T19,72,2,1.78,24800,0,1
2026-09-07T19,72,2,1.79,0,161681,1
2026-09-07T19,72,2,1.8,96794,0,1
2026-09-07T19,72,3,1.8,0,96794,1
2026-09-07T20,72,0,1.59,0,20330,1
2026-09-07T20,72,0,1.6,0,450,1
2026-09-07T20,72,0,1.61,25055,22999,5
2026-09-07T20,72,0,1.62,0,37573,2
2026-09-07T20,72,0,1.63,0,80977,1
2026-09-07T20,72,0,1.66,0,99700,1
2026-09-07T20,72,0,1.67,0,1350,1
2026-09-07T20,72,0,1.68,0,51119,2
2026-09-07T20,72,0,1.69,0,12860,3
2026-09-07T20,72,0,1.7,12052,16809,4
2026-09-07T20,72,0,1.71,12532,11077,3
2026-09-07T20,72,0,1.72,54909,29879,3
2026-09-07T20,72,1,1.7,0,7000,1
2026-09-07T20,72,1,1.74,0,5000,1
2026-09-07T20,72,2,1.75,17500,0,1
2026-09-07T20,72,3,1.77,36652,0,1
2026-09-07T20,72,5,2.35,0,53370,1
2026-09-07T21,72,0,1.67,0,7060,2
2026-09-07T21,72,0,1.68,1,1299,2
2026-09-07T21,72,0,1.69,0,5756,1
2026-09-07T21,72,0,1.7,29300,21132,3
2026-09-07T21,72,0,1.71,2354,4209,3
2026-09-07T21,72,2,1.74,36633,0,3
2026-09-07T21,72,3,1.77,174400,0,2
2026-09-07T21,72,5,2.4,11144,0,1
2026-09-07T22,72,0,1.66,0,150,1
2026-09-07T22,72,0,1.69,0,150,1
2026-09-07T22,72,0,1.7,0,51911,2
2026-09-07T22,72,0,1.71,20319,8491,4
2026-09-07T22,72,0,1.72,21489,21349,4
2026-09-07T22,72,1,1.73,0,8001,1
2026-09-07T22,72,2,1.74,0,5764,1
2026-09-07T22,72,2,1.75,5315,42870,2
2026-09-07T22,72,2,1.76,0,6296,1
2026-09-07T22,72,2,1.77,0,48584,1
2026-09-07T22,72,3,1.77,139870,9,2
2026-09-07T22,72,3,1.78,0,2032,1
2026-09-07T22,72,3,1.79,63959,0,2
2026-09-07T22,72,4,1.92,33606,0,1
2026-09-07T23,72,0,1.69,50000,0,1
2026-09-07T23,72,0,1.7,0,3918,2
2026-09-07T23,72,0,1.71,78525,0,7
2026-09-07T23,72,1,1.75,11654,893359,4
2026-09-07T23,72,2,1.77,0,10000,1
2026-09-07T23,72,2,1.78,400,123130,3
2026-09-07T23,72,3,1.79,0,186066,2
2026-09-07T23,72,3,1.8,113414,0,1
2026-09-08T00,72,0,1.65,0,2568,1
2026-09-08T00,72,0,1.66,2432,0,1
2026-09-08T00,72,0,1.67,0,804,1
2026-09-08T00,72,0,1.68,20405,1377,2
2026-09-08T00,72,0,1.69,494,25938,4
2026-09-08T00,72,0,1.7,1210,10154,3
2026-09-08T00,72,0,1.71,29022,0,1
2026-09-08T00,72,1,1.75,0,15849,1
2026-09-08T00,72,1,1.76,12052,4651,2
2026-09-08T00,72,1,1.77,10428,0,2
2026-09-08T00,72,3,1.79,0,24751,1
2026-09-08T00,72,3,1.8,0,86586,1
2026-09-08T00,72,3,1.81,0,200000,1
2026-09-08T00,72,3,1.82,0,11246,1
2026-09-08T00,72,3,1.83,55753,0,3
2026-09-08T01,72,0,1.66,0,2568,1
2026-09-08T01,72,0,1.67,0,80,1
2026-09-08T01,72,0,1.68,13730,70309,4
2026-09-08T01,72,0,1.69,0,500,1
2026-09-08T01,72,0,1.7,19998,1171,4
2026-09-08T01,72,1,1.75,12000,0,1
2026-09-08T01,72,2,1.78,3000,0,1
2026-09-08T02,72,0,1.63,0,3000,1
2026-09-08T02,72,0,1.64,2345,9732,3
2026-09-08T02,72,0,1.68,62098,0,5
2026-09-08T02,72,1,1.7,0,15000,1
2026-09-08T02,72,1,1.74,0,23423,1
2026-09-08T02,72,1,1.75,41547,0,2
2026-09-08T02,72,2,1.78,0,69066,1
2026-09-08T02,72,2,1.79,0,16041,1
2026-09-08T02,72,2,1.8,0,195384,1
2026-09-08T02,72,3,1.81,188003,11997,2
2026-09-08T02,72,3,1.82,34555,0,1
2026-09-08T03,72,0,1.67,0,300,1
2026-09-08T03,72,0,1.68,0,23664,5
2026-09-08T03,72,0,1.69,101694,5843,8
2026-09-08T03,72,2,1.81,153108,91881,3
2026-09-08T03,72,2,1.82,0,83004,1
2026-09-08T03,72,3,1.82,0,175450,1
2026-09-08T03,72,3,1.83,134835,0,1
2026-09-08T04,72,0,1.61,0,9900,2
2026-09-08T04,72,0,1.62,0,326,2
2026-09-08T04,72,0,1.63,9325,37371,6
2026-09-08T04,72,0,1.64,0,33031,1
2026-09-08T04,72,0,1.65,0,7500,1
2026-09-08T04,72,0,1.66,0,10000,1
2026-09-08T04,72,0,1.67,0,5000,1
2026-09-08T04,72,0,1.68,0,49785,1
2026-09-08T04,72,0,1.69,0,20598,1
2026-09-08T04,72,0,1.7,0,49021,2
2026-09-08T04,72,0,1.71,47465,27283,5
2026-09-08T04,72,0,1.72,33757,0,1
2026-09-08T04,72,3,1.82,19836,1993,2
2026-09-08T04,72,3,1.83,14199,0,1
2026-09-08T04,72,4,1.92,150780,0,1
2026-09-08T05,72,0,1.68,0,18837,1
2026-09-08T05,72,0,1.69,0,17400,1
2026-09-08T05,72,0,1.7,0,61653,1
2026-09-08T05,72,0,1.71,4992,23008,4
2026-09-08T05,72,0,1.72,83343,55044,7
2026-09-08T05,72,1,1.72,0,99461,2
2026-09-08T05,72,1,1.73,143898,0,2
2026-09-08T05,72,2,1.81,0,100578,1
2026-09-08T06,72,0,1.68,100,7200,2
2026-09-08T06,72,0,1.69,0,1000,1
2026-09-08T06,72,0,1.7,25241,164387,4
2026-09-08T06,72,0,1.71,634,0,2
2026-09-08T06,72,0,1.72,21888,0,2
2026-09-08T06,72,1,1.7,252,30023,3
2026-09-08T06,72,1,1.72,0,50000,1
2026-09-08T06,72,1,1.73,41410,0,1
2026-09-08T06,72,2,1.8,67786,0,2
2026-09-08T06,72,2,1.81,30930,0,1
2026-09-08T06,72,3,1.81,0,150000,1
2026-09-08T07,72,0,1.65,0,2548,1
2026-09-08T07,72,0,1.7,0,15,1
2026-09-08T07,72,0,1.71,1469,2882,2
2026-09-08T07,72,0,1.72,6476,11830,3
2026-09-08T07,72,1,1.73,31590,0,1
2026-09-08T07,72,2,1.8,10000,0,1
2026-09-08T07,72,3,1.81,0,31735,1
2026-09-08T07,72,3,1.82,117677,121113,3
2026-09-08T07,72,3,1.83,74177,0,1
2026-09-08T08,72,0,1.64,5150,14187,3
2026-09-08T08,72,0,1.65,22706,39643,3
2026-09-08T08,72,0,1.66,0,55047,1
2026-09-08T08,72,0,1.67,0,17263,2
2026-09-08T08,72,0,1.68,5930,1976,3
2026-09-08T08,72,0,1.69,0,10400,2
2026-09-08T08,72,0,1.7,3051,20884,2
2026-09-08T08,72,1,1.71,0,5000,1
2026-09-08T08,72,1,1.72,3500,0,1
2026-09-08T08,72,2,1.79,0,8600,1
2026-09-08T08,72,2,1.8,87700,0,1
2026-09-08T08,72,4,1.9,36784,0,1
2026-09-08T08,72,6,2.45,4228,0,1
2026-09-08T09,72,0,1.6,0,1699,1
2026-09-08T09,72,0,1.67,0,300,1
2026-09-08T09,72,0,1.68,0,6207,1
2026-09-08T09,72,0,1.69,0,2880,1
2026-09-08T09,72,0,1.7,1398,31621,3
2026-09-08T09,72,0,1.71,41075,61550,6
2026-09-08T09,72,0,1.72,21286,4214,2
2026-09-08T09,72,1,1.71,5000,14000,3
2026-09-08T09,72,1,1.72,17893,27988,3
2026-09-08T09,72,1,1.73,116232,0,1
2026-09-08T09,72,2,1.79,12000,113370,2
2026-09-08T09,72,5,2.3,0,45000,1
2026-09-08T09,72,5,2.4,92192,0,2
2026-09-08T10,72,0,1.69,0,1377,2
2026-09-08T10,72,0,1.7,9623,6967,4
2026-09-08T10,72,0,1.71,70163,4000,4
2026-09-08T10,72,0,1.72,24563,39483,6
2026-09-08T10,72,2,1.8,10000,0,1
2026-09-08T10,72,3,1.69,0,25499,1
2026-09-08T10,72,3,1.7,0,28640,1
2026-09-08T10,72,3,1.79,0,15000,1
2026-09-08T10,72,3,1.8,30966,200000,2
2026-09-08T10,72,5,2.4,64630,0,1
2026-09-08T11,72,0,1.66,0,7922,1
2026-09-08T11,72,0,1.67,0,5000,1
2026-09-08T11,72,0,1.68,0,22398,2
2026-09-08T11,72,0,1.69,2011,9000,4
2026-09-08T11,72,0,1.7,0,28434,1
2026-09-08T11,72,0,1.71,13688,0,1
2026-09-08T11,72,1,1.72,0,69773,2
2026-09-08T11,72,1,1.73,6813,0,1
2026-09-08T11,72,3,1.78,2500,0,1
2026-09-08T11,72,3,1.8,6,0,1
2026-09-08T11,72,5,2.4,60108,0,1
2026-09-08T12,72,0,1.68,3980,14506,4
2026-09-08T12,72,0,1.69,0,14242,3
2026-09-08T12,72,0,1.7,3875,0,3
2026-09-08T12,72,1,1.73,0,39221,2
2026-09-08T12,72,1,1.74,0,9,1
2026-09-08T12,72,1,1.75,68470,0,4
2026-09-08T12,72,2,1.77,0,111584,1
2026-09-08T12,72,2,1.79,0,10419,1
2026-09-08T12,72,3,1.78,0,27420,1
2026-09-08T12,72,3,1.79,0,3288,1
2026-09-08T12,72,3,1.8,209905,59123,3
2026-09-08T12,72,3,1.81,0,200000,1
2026-09-08T13,72,0,1.69,0,6094,4
2026-09-08T13,72,0,1.7,20248,100274,5
2026-09-08T13,72,0,1.71,32786,83463,3
2026-09-08T13,72,1,1.74,0,1486,1
2026-09-08T13,72,1,1.75,0,11877,1
2026-09-08T13,72,1,1.76,42885,0,3
2026-09-08T14,72,0,1.63,0,15035,1
2026-09-08T14,72,0,1.64,1450,33929,2
2026-09-08T14,72,0,1.65,0,10000,1
2026-09-08T14,72,0,1.66,0,40806,1
2026-09-08T14,72,0,1.69,27310,0,4
2026-09-08T14,72,1,1.69,0,28921,1
2026-09-08T14,72,1,1.7,1229,0,1
2026-09-08T14,72,2,1.77,0,112693,1
2026-09-08T14,72,6,2.45,1458,0,1
2026-09-08T15,72,0,1.64,0,440,1
2026-09-08T15,72,0,1.66,0,28195,2
2026-09-08T15,72,0,1.67,4780,5220,2
2026-09-08T15,72,0,1.68,540,24675,4
2026-09-08T15,72,0,1.69,45021,144831,7
2026-09-08T15,72,1,1.69,43000,27000,4
2026-09-08T15,72,2,1.78,0,4218,1
2026-09-08T15,72,3,1.79,0,500000,1
2026-09-08T15,72,3,1.8,4990,0,1
2026-09-08T16,72,0,1.66,0,6558,1
2026-09-08T16,72,0,1.67,609,50000,3
2026-09-08T16,72,0,1.68,100153,0,5
2026-09-08T16,72,0,1.69,1000,0,1
2026-09-08T16,72,1,1.69,0,1728,1
2026-09-08T16,72,1,1.7,11700,2071,2
2026-09-08T16,72,1,1.74,0,7331,1
2026-09-08T16,72,1,1.75,0,14835,1
2026-09-08T16,72,1,1.76,961,0,1
2026-09-08T16,72,2,1.79,0,75000,2
2026-09-08T16,72,2,1.8,195091,0,2
2026-09-08T16,72,3,1.79,0,200000,1
2026-09-08T16,72,3,1.8,0,24968,2
2026-09-08T16,72,3,1.81,222809,0,1
2026-09-08T17,72,0,1.59,0,5175,1
2026-09-08T17,72,0,1.62,0,11706,1
2026-09-08T17,72,0,1.65,0,20,1
2026-09-08T17,72,0,1.66,6000,15838,4
2026-09-08T17,72,0,1.67,14065,29080,3
2026-09-08T17,72,0,1.68,142613,0,4
2026-09-08T17,72,2,1.79,7078,155713,4
2026-09-08T17,72,2,1.8,51210,0,3
2026-09-08T17,72,3,1.79,0,30359,1
2026-09-08T18,72,0,1.66,994,5813,3
2026-09-08T18,72,0,1.67,60455,2568,4
2026-09-08T18,72,0,1.68,18328,42071,5
2026-09-08T18,72,0,1.69,27103,0,1
2026-09-08T18,72,1,1.75,117151,63023,4
2026-09-08T18,72,1,1.76,37078,16242,3
2026-09-08T18,72,2,1.78,64600,0,2
2026-09-08T18,72,3,1.8,0,3842,1
2026-09-08T18,72,3,1.81,22428,0,1
2026-09-08T18,72,4,1.88,0,363916,1
2026-09-08T19,72,0,1.66,7584,1488,3
2026-09-08T19,72,0,1.67,13484,10115,7
2026-09-08T19,72,1,1.73,0,16752,1
2026-09-08T19,72,1,1.75,0,21860,1
2026-09-08T19,72,1,1.76,125539,0,1
2026-09-08T19,72,2,1.77,7084,0,1
2026-09-08T19,72,2,1.78,7500,0,1
2026-09-08T19,72,3,1.8,78076,7316,2
2026-09-08T20,72,0,1.62,100,4541,2
2026-09-08T20,72,0,1.63,17621,0,2
2026-09-08T20,72,0,1.64,2372,0,1
2026-09-08T20,72,0,1.65,0,1048,1
2026-09-08T20,72,0,1.67,976,0,1
2026-09-08T20,72,1,1.74,10000,0,1
2026-09-08T20,72,1,1.75,30450,0,2
2026-09-08T20,72,2,1.76,0,28500,1
2026-09-08T20,72,2,1.77,29664,117522,4
2026-09-08T20,72,2,1.78,0,73475,1
2026-09-08T20,72,3,1.79,0,14225,2
2026-09-08T20,72,3,1.8,26811,0,1
2026-09-08T20,72,6,2.45,7000,0,2
2026-09-08T21,72,0,1.59,0,4707,1
2026-09-08T21,72,0,1.6,0,100,1
2026-09-08T21,72,0,1.61,0,11780,2
2026-09-08T21,72,0,1.62,8237,3966,4
2026-09-08T21,72,0,1.63,43184,14895,4
2026-09-08T21,72,0,1.64,0,50799,3
2026-09-08T21,72,0,1.65,9216,0,2
2026-09-08T21,72,0,1.66,0,3171,1
2026-09-08T21,72,0,1.67,0,9549,2
2026-09-08T21,72,0,1.68,14052,1982,4
2026-09-08T21,72,1,1.68,7000,0,1
2026-09-08T21,72,1,1.71,25353,0,2
2026-09-08T21,72,2,1.73,0,1,1
2026-09-08T21,72,2,1.74,2103,0,1
2026-09-08T21,72,2,1.75,30150,0,1
2026-09-08T21,72,3,1.8,0,95113,1
2026-09-08T21,72,3,1.81,246750,0,1
2026-09-08T21,72,5,2.4,11144,0,1
2026-09-08T21,72,8,3.65,36440,0,1
2026-09-08T21,72,9,3.0,0,130000,1
2026-09-08T22,72,0,1.65,11326,23904,2
2026-09-08T22,72,0,1.66,3206,255,2
2026-09-08T22,72,0,1.67,10,4881,2
2026-09-08T22,72,0,1.68,0,33037,2
2026-09-08T22,72,0,1.69,470,13693,4
2026-09-08T22,72,0,1.7,19890,31936,6
2026-09-08T22,72,1,1.68,20000,13221,2
2026-09-08T22,72,1,1.7,0,8000,1
2026-09-08T22,72,1,1.71,0,174647,1
2026-09-08T22,72,1,1.72,1263,0,1
2026-09-08T22,72,6,2.45,18992,0,1
2026-09-08T23,72,0,1.67,0,63537,1
2026-09-08T23,72,0,1.68,1456,32310,2
2026-09-08T23,72,0,1.69,10050,59075,4
2026-09-08T23,72,0,1.7,36252,63835,3
2026-09-08T23,72,0,1.71,1747,82183,5
2026-09-08T23,72,1,1.71,0,2794,1
2026-09-08T23,72,2,1.72,8788,0,1
2026-09-09T00,72,0,1.65,0,16798,1
2026-09-09T00,72,0,1.66,1551,11614,3
2026-09-09T00,72,0,1.67,0,1941,1
2026-09-09T00,72,0,1.68,0,382,1
2026-09-09T00,72,0,1.69,3822,19168,4
2026-09-09T00,72,0,1.7,89654,0,3
2026-09-09T00,72,1,1.7,0,8000,1
2026-09-09T00,72,1,1.71,0,10127,1
2026-09-09T00,72,1,1.72,13791,15646,2
2026-09-09T00,72,2,1.72,4077,21775,3
2026-09-09T00,72,3,1.76,37964,0,1
2026-09-09T01,72,0,1.69,23469,20201,3
2026-09-09T01,72,0,1.7,23446,57791,6
2026-09-09T01,72,2,1.71,97823,0,3
2026-09-09T02,72,0,1.65,992,10220,2
2026-09-09T02,72,0,1.69,0,1032,1
2026-09-09T02,72,0,1.7,169566,1530,4
2026-09-09T02,72,2,1.71,12800,54512,3
2026-09-09T02,72,2,1.72,0,310895,1
2026-09-09T02,72,2,1.73,28435,0,2
2026-09-09T03,72,0,1.69,2469,1281,4
2026-09-09T03,72,0,1.7,141755,0,6
2026-09-09T03,72,1,1.7,0,10000,1
2026-09-09T03,72,2,1.72,149580,115838,2
2026-09-09T03,72,2,1.73,0,177423,2
2026-09-09T03,72,2,1.74,44239,0,1
2026-09-09T04,72,0,1.53,0,440,1
2026-09-09T04,72,0,1.68,0,88,1
2026-09-09T04,72,0,1.69,103268,25119,3
2026-09-09T04,72,0,1.7,45949,0,7
2026-09-09T04,72,1,1.71,0,100000,1
2026-09-09T04,72,1,1.72,0,63946,3
2026-09-09T04,72,1,1.73,0,115405,1
2026-09-09T04,72,1,1.74,8,0,1
2026-09-09T04,72,2,1.74,10166,22,2
2026-09-09T04,72,3,1.75,0,26901,1
2026-09-09T04,72,3,1.76,0,162036,1
2026-09-09T04,72,3,1.77,0,38000,1
2026-09-09T04,72,3,1.78,0,18710,1
2026-09-09T04,72,3,1.79,0,5406,1
2026-09-09T04,72,3,1.8,0,84664,1
2026-09-09T05,72,0,1.65,992,8,2
2026-09-09T05,72,0,1.66,0,2371,2
2026-09-09T05,72,0,1.67,80003,47289,7
2026-09-09T05,72,0,1.68,10078,83956,5
2026-09-09T05,72,0,1.69,0,100000,1
2026-09-09T05,72,0,1.7,0,19620,3
2026-09-09T05,72,1,1.71,0,4651,1
2026-09-09T05,72,2,1.3,0,9,1
2026-09-09T05,72,2,1.73,0,177286,1
2026-09-09T05,72,2,1.74,102284,0,2
2026-09-09T05,72,4,1.87,93906,0,1
2026-09-09T05,72,6,2.45,12588,0,1
2026-09-09T06,72,0,1.5,0,1500,1
2026-09-09T06,72,0,1.71,0,254669,7
2026-09-09T06,72,0,1.72,161729,0,4
2026-09-09T06,72,1,1.72,0,9996,1
2026-09-09T06,72,1,1.73,0,22737,1
2026-09-09T06,72,2,1.74,4587,0,1
2026-09-09T06,72,6,2.45,59292,0,1
2026-09-09T06,72,7,3.6,50000,0,1
2026-09-09T07,72,0,1.65,0,10000,1
2026-09-09T07,72,0,1.66,20770,10736,2
2026-09-09T07,72,0,1.67,21076,29173,3
2026-09-09T07,72,0,1.69,77,0,1
2026-09-09T07,72,3,1.76,0,2043,1
2026-09-09T07,72,3,1.77,0,150000,1
2026-09-09T07,72,3,1.78,50770,0,1
2026-09-09T08,72,0,1.66,0,14814,1
2026-09-09T08,72,0,1.67,1446,15570,2
2026-09-09T08,72,0,1.68,0,191240,1
2026-09-09T08,72,0,1.69,0,2923,1
2026-09-09T08,72,0,1.7,2281,4138,3
2026-09-09T08,72,1,1.73,16024,0,2
2026-09-09T08,72,2,1.73,0,137859,2
2026-09-09T08,72,2,1.74,1489,45794,3
2026-09-09T08,72,2,1.75,14198,0,1
2026-09-09T08,72,5,2.35,8914,0,1
2026-09-09T09,72,0,1.57,0,100,1
2026-09-09T09,72,0,1.6,8096,5368,4
2026-09-09T09,72,0,1.61,0,63532,2
2026-09-09T09,72,0,1.62,11010,40193,4
2026-09-09T09,72,0,1.63,460,4448,2
2026-09-09T09,72,0,1.64,0,2900,2
2026-09-09T09,72,0,1.65,909,9091,2
2026-09-09T09,72,0,1.66,0,10517,2
2026-09-09T09,72,0,1.67,19270,0,1
2026-09-09T09,72,1,1.72,0,39933,1
2026-09-09T09,72,1,1.73,97177,0,1
2026-09-09T09,72,3,1.75,0,2865,1
2026-09-09T09,72,3,1.76,0,200000,1
2026-09-09T09,72,3,1.77,0,22647,2
2026-09-09T09,72,3,1.78,0,27882,2
2026-09-09T09,72,3,1.79,123623,0,2
2026-09-09T09,72,4,1.87,0,6094,1
2026-09-09T10,72,0,1.63,13500,56744,2
2026-09-09T10,72,0,1.64,0,10000,1
2026-09-09T10,72,0,1.65,255685,47315,5
2026-09-09T10,72,0,1.67,0,42296,3
2026-09-09T10,72,0,1.68,0,359,1
2026-09-09T10,72,0,1.69,1010,179,2
2026-09-09T10,72,0,1.7,9616,11713,6
2026-09-09T10,72,1,1.71,11591,0,1
2026-09-09T10,72,2,1.73,50600,42047,2
2026-09-09T10,72,2,1.74,0,97268,1
2026-09-09T10,72,2,1.75,0,105652,1
2026-09-09T10,72,3,1.79,11373,0,2
2026-09-09T10,72,4,1.88,0,44761,1
2026-09-09T10,72,4,1.89,121592,0,1
2026-09-09T10,72,5,2.35,64630,0,1
2026-09-09T10,72,6,2.45,4664,0,1
2026-09-09T11,72,0,1.68,858,5086,2
2026-09-09T11,72,0,1.69,0,4824,1
2026-09-09T11,72,0,1.7,107879,0,4
2026-09-09T11,72,1,1.71,0,15051,1
2026-09-09T11,72,1,1.72,0,3224,1
2026-09-09T11,72,1,1.73,13315,0,1
2026-09-09T11,72,2,1.78,0,25731,1
2026-09-09T11,72,2,1.79,0,35085,1
2026-09-09T11,72,2,1.8,116753,161460,2
2026-09-09T11,72,3,1.79,0,172429,2
2026-09-09T11,72,3,1.8,0,401033,2
2026-09-09T11,72,3,1.81,69470,0,1
2026-09-09T11,72,4,1.88,0,80884,1
2026-09-09T11,72,4,1.89,300000,200000,2
2026-09-09T12,72,0,1.67,0,11470,2
2026-09-09T12,72,0,1.68,0,77,1
2026-09-09T12,72,0,1.69,19101,68479,8
2026-09-09T12,72,0,1.7,232791,83493,5
2026-09-09T12,72,0,1.71,50728,50328,5
2026-09-09T12,72,1,1.73,1426,18489,3
2026-09-09T12,72,2,1.8,0,134000,1
2026-09-09T12,72,3,1.81,274954,0,3
2026-09-09T12,72,6,2.45,776,0,1
2026-09-09T13,72,0,1.67,0,3345,2
2026-09-09T13,72,0,1.68,100,11269,3
2026-09-09T13,72,0,1.69,0,3751,1
2026-09-09T13,72,0,1.7,42063,142822,6
2026-09-09T13,72,0,1.71,1939,0,1
2026-09-09T13,72,1,1.71,5250,16208,3
2026-09-09T13,72,1,1.72,0,10000,1
2026-09-09T13,72,1,1.73,23338,0,2
2026-09-09T13,72,2,1.78,20430,7572,2
2026-09-09T13,72,2,1.79,0,9124,1
2026-09-09T13,72,3,1.79,0,9677,1
2026-09-09T13,72,3,1.8,46743,0,1
2026-09-09T13,72,4,1.9,0,163216,1
2026-09-09T13,72,4,1.91,163756,14864,3
2026-09-09T13,72,4,1.92,76579,48473,3
2026-09-09T13,72,5,2.35,102000,0,2
2026-09-09T14,72,0,1.63,0,11395,1
2026-09-09T14,72,0,1.64,0,103606,3
2026-09-09T14,72,0,1.65,0,1199,1
2026-09-09T14,72,0,1.66,0,500,1
2026-09-09T14,72,0,1.67,7304,0,2
2026-09-09T14,72,0,1.68,200,0,1
2026-09-09T14,72,1,1.72,18200,0,1
2026-09-09T14,72,4,1.92,90364,0,1
2026-09-09T15,72,0,1.65,2920,256,2
2026-09-09T15,72,0,1.67,0,3696,2
2026-09-09T15,72,0,1.68,0,29850,5
2026-09-09T15,72,0,1.69,36729,3244,8
2026-09-09T15,72,1,1.72,0,91800,2
2026-09-09T15,72,1,1.73,8200,6706,2
2026-09-09T15,72,1,1.74,0,8480,2
2026-09-09T15,72,1,1.75,0,32842,1
2026-09-09T15,72,1,1.76,41024,0,1
2026-09-09T15,72,3,1.77,0,3576,1
2026-09-09T15,72,3,1.78,31536,0,2
2026-09-09T15,72,5,2.35,0,24456,1
2026-09-09T16,72,0,1.59,0,38556,1
2026-09-09T16,72,0,1.6,0,4266,1
2026-09-09T16,72,0,1.61,0,18315,1
2026-09-09T16,72,0,1.65,0,12045,1
2026-09-09T16,72,0,1.66,0,100,1
2026-09-09T16,72,0,1.67,0,500,1
2026-09-09T16,72,0,1.68,0,10583,2
2026-09-09T16,72,0,1.69,2726,3933,3
2026-09-09T16,72,1,1.69,19859,20141,2
2026-09-09T16,72,1,1.7,0,10000,1
2026-09-09T16,72,1,1.74,0,5100,1
2026-09-09T16,72,1,1.75,27298,0,2
2026-09-09T16,72,2,1.76,108090,0,2
2026-09-09T16,72,3,1.78,8146,0,1
2026-09-09T17,72,0,1.6,0,882,1
2026-09-09T17,72,0,1.64,200,13950,3
2026-09-09T17,72,0,1.65,41071,50792,3
2026-09-09T17,72,0,1.66,610,3390,2
2026-09-09T17,72,0,1.69,1075,0,1
2026-09-09T17,72,1,1.74,0,1094,1
2026-09-09T17,72,1,1.75,19316,0,1
2026-09-09T17,72,2,1.75,0,12378,1
2026-09-09T17,72,2,1.76,0,11328,1
2026-09-09T17,72,2,1.77,0,15723,1
2026-09-09T17,72,2,1.8,0,133931,1
2026-09-09T17,72,2,1.81,0,230335,3
2026-09-09T17,72,2,1.82,0,20000,1
2026-09-09T17,72,2,1.83,0,25035,1
2026-09-09T17,72,2,1.84,0,8513,1
2026-09-09T17,72,3,1.78,0,160318,1
2026-09-09T17,72,3,1.79,0,18185,1
2026-09-09T17,72,3,1.8,0,8884,1
2026-09-09T17,72,3,1.81,0,163589,1
2026-09-09T17,72,3,1.82,0,200000,1
2026-09-09T17,72,3,1.83,0,21036,1
2026-09-09T17,72,3,1.84,0,92194,1
2026-09-09T17,72,3,1.85,89197,0,1
2026-09-09T17,72,5,2.4,10000,0,1
2026-09-09T18,72,0,1.55,0,2162,1
2026-09-09T18,72,0,1.59,1081,8919,2
2026-09-09T18,72,0,1.6,0,1163,1
2026-09-09T18,72,0,1.61,0,597,1
2026-09-09T18,72,0,1.62,0,1962,1
2026-09-09T18,72,0,1.63,0,7000,1
2026-09-09T18,72,0,1.64,0,28029,4
2026-09-09T18,72,0,1.65,169,7347,2
2026-09-09T18,72,0,1.66,1596,2066,2
2026-09-09T18,72,2,1.82,4000,0,1
2026-09-09T18,72,3,1.84,12030,4278,2
2026-09-09T19,72,0,1.66,0,6890,3
2026-09-09T19,72,0,1.67,0,5058,1
2026-09-09T19,72,0,1.68,10120,41989,5
2026-09-09T19,72,0,1.69,73276,110501,9
2026-09-09T19,72,0,1.7,41316,21407,4
2026-09-09T19,72,1,1.73,0,1225,1
2026-09-09T19,72,1,1.74,0,20000,1
2026-09-09T19,72,1,1.75,50000,0,1
2026-09-09T19,72,3,1.83,0,2707,1
2026-09-09T19,72,3,1.84,0,24010,1
2026-09-09T19,72,3,1.85,0,61340,2
2026-09-09T19,72,3,1.86,86914,113086,2
2026-09-09T19,72,3,1.91,0,150000,1
2026-09-09T19,72,4,1.92,150000,0,1
2026-09-09T19,72,6,2.45,7000,0,1
2026-09-09T20,72,0,1.68,1880,22892,3
2026-09-09T20,72,0,1.69,9082,11874,4
2026-09-09T20,72,0,1.7,66417,0,5
2026-09-09T20,72,1,1.73,0,1200,1
2026-09-09T20,72,1,1.74,0,45372,1
2026-09-09T20,72,2,1.78,33800,0,1
2026-09-09T20,72,3,1.9,0,43532,1
2026-09-09T20,72,4,1.92,30184,0,1
2026-09-09T21,72,0,1.67,0,23,1
2026-09-09T21,72,0,1.69,0,6205,2
2026-09-09T21,72,0,1.7,46480,144065,11
2026-09-09T21,72,0,1.71,9317,0,1
2026-09-09T21,72,1,1.74,36098,0,2
2026-09-09T21,72,3,1.91,203220,0,2
2026-09-09T21,72,8,3.65,0,153986,1
2026-09-09T21,72,9,3.85,0,417269,1
2026-09-09T21,72,10,3.8,0,9999,1
2026-09-09T21,72,10,3.85,0,10000,1
2026-09-09T21,72,10,3.9,0,9999,1
2026-09-09T21,72,10,3.95,0,10000,1
2026-09-09T22,72,0,1.69,0,10927,1
2026-09-09T22,72,0,1.7,1075,5852,4
2026-09-09T22,72,0,1.71,100,123393,5
2026-09-09T22,72,0,1.72,48915,122243,10
2026-09-09T22,72,1,1.73,48200,0,1
2026-09-09T22,72,1,1.74,92400,0,1
2026-09-09T22,72,2,1.75,49400,62042,3
2026-09-09T22,72,2,1.76,15180,0,1
2026-09-09T23,72,0,1.5,0,35,1
2026-09-09T23,72,0,1.69,0,26369,1
2026-09-09T23,72,0,1.71,0,1127,3
2026-09-09T23,72,0,1.72,11885,17475,4
2026-09-09T23,72,1,1.69,1481,1313,2
2026-09-09T23,72,1,1.7,0,10000,1
2026-09-09T23,72,1,1.73,391285,0,4
2026-09-09T23,72,2,1.75,22610,0,1
2026-09-09T23,72,2,1.76,15824,0,1
2026-09-09T23,72,5,2.4,64800,0,1
2026-09-10T00,72,0,1.72,5450,1208,3
2026-09-10T00,72,0,1.73,29445,18701,3
2026-09-10T00,72,1,1.73,2800,21172,2
2026-09-10T00,72,1,1.74,0,1351,1
2026-09-10T00,72,2,1.75,37477,0,1
2026-09-10T00,72,3,1.9,0,21374,1
2026-09-10T00,72,3,1.91,20040,0,1
2026-09-10T00,72,4,1.92,23524,0,1
2026-09-10T01,72,0,1.69,0,625,1
2026-09-10T01,72,0,1.72,63004,0,2
2026-09-10T01,72,0,1.73,10587,0,1
2026-09-10T01,72,2,1.73,3000,5000,2
2026-09-10T01,72,2,1.74,7000,0,1
2026-09-10T02,72,0,1.68,10999,0,1
2026-09-10T02,72,0,1.69,0,46169,2
2026-09-10T02,72,1,1.68,0,76,1
2026-09-10T02,72,2,1.7,92287,0,2
2026-09-10T03,72,0,1.66,7327,21062,3
2026-09-10T03,72,0,1.67,0,16488,2
2026-09-10T03,72,0,1.68,28708,91557,3
2026-09-10T03,72,0,1.7,0,21629,2
2026-09-10T03,72,0,1.71,0,279,1
2026-09-10T03,72,0,1.72,7000,29996,3
2026-09-10T03,72,1,1.69,0,4000,1
2026-09-10T03,72,1,1.7,0,8,1
2026-09-10T03,72,2,1.7,46552,61161,2
2026-09-10T03,72,2,1.73,29039,0,2
2026-09-10T03,72,2,1.74,12412,0,1
2026-09-10T03,72,3,1.89,22288,0,1
2026-09-10T03,72,5,2.4,50000,0,1
2026-09-10T04,72,0,1.64,0,715,1
2026-09-10T04,72,0,1.67,0,1000,1
2026-09-10T04,72,0,1.68,19480,16041,3
2026-09-10T04,72,0,1.69,28620,23059,3
2026-09-10T04,72,0,1.7,0,21144,3
2026-09-10T04,72,0,1.71,0,2672,1
2026-09-10T04,72,0,1.72,0,12440,2
2026-09-10T04,72,0,1.73,79255,43674,4
2026-09-10T04,72,1,1.72,0,10000,1
2026-09-10T04,72,1,1.75,32172,0,3
2026-09-10T04,72,2,1.73,0,101000,1
2026-09-10T04,72,2,1.74,0,85361,1
2026-09-10T04,72,2,1.75,0,28671,2
2026-09-10T04,72,2,1.76,0,127491,1
2026-09-10T04,72,2,1.77,0,18678,1
2026-09-10T04,72,2,1.78,0,177,1
2026-09-10T04,72,2,1.79,76763,0,1
2026-09-10T05,72,0,1.68,70,0,1
2026-09-10T05,72,0,1.71,0,10000,1
2026-09-10T05,72,0,1.72,0,5836,2
2026-09-10T05,72,0,1.73,4000,22528,4
2026-09-10T05,72,0,1.74,73958,0,1
2026-09-10T05,72,1,1.74,5659,51416,3
2026-09-10T05,72,1,1.75,0,71214,1
2026-09-10T05,72,2,1.75,24288,182661,2
2026-09-10T05,72,3,1.86,0,150000,1
2026-09-10T05,72,3,1.87,3950,0,1
2026-09-10T05,72,7,3.6,0,266243,1
2026-09-10T06,72,0,1.5,0,30,1
2026-09-10T06,72,0,1.66,5000,10534,5
2026-09-10T06,72,0,1.67,997,34996,7
2026-09-10T06,72,0,1.68,6970,8960,3
2026-09-10T06,72,0,1.69,5052,0,1
2026-09-10T06,72,1,1.74,0,4651,1
2026-09-10T06,72,1,1.75,7945,55005,2
2026-09-10T06,72,1,1.76,124528,0,2
2026-09-10T06,72,2,1.76,0,10324,1
2026-09-10T06,72,2,1.77,0,25000,1
2026-09-10T06,72,2,1.78,0,138737,1
2026-09-10T06,72,2,1.79,21433,2614,2
2026-09-10T06,72,2,1.8,30478,50000,2
2026-09-10T06,72,3,1.87,0,343543,1
2026-09-10T06,72,5,2.4,70000,0,1
2026-09-10T06,72,6,2.45,11668,0,1
2026-09-10T07,72,0,1.67,3240,0,2
2026-09-10T07,72,0,1.68,150,1501,2
2026-09-10T07,72,0,1.69,27749,7862,3
2026-09-10T07,72,0,1.7,0,9208,3
2026-09-10T07,72,0,1.71,18587,0,4
2026-09-10T07,72,3,1.86,65222,0,1
2026-09-10T08,72,0,1.63,0,100,1
2026-09-10T08,72,0,1.64,0,506,2
2026-09-10T08,72,0,1.65,15472,542,4
2026-09-10T08,72,0,1.66,0,3253,2
2026-09-10T08,72,0,1.67,1724,5460,2
2026-09-10T08,72,0,1.68,0,61201,2
2026-09-10T08,72,0,1.69,37934,24623,5
2026-09-10T08,72,0,1.7,32002,2000,5
2026-09-10T08,72,1,1.76,180000,0,1
2026-09-10T08,72,3,1.84,0,12947,1
2026-09-10T08,72,3,1.85,0,57061,1
2026-09-10T08,72,3,1.86,66092,0,1
2026-09-10T08,72,5,2.25,11144,0,1
2026-09-10T08,72,6,2.45,874,0,1
2026-09-10T09,72,0,1.6,0,5908,1
2026-09-10T09,72,0,1.61,0,2075,2
2026-09-10T09,72,0,1.62,15779,105230,5
2026-09-10T09,72,0,1.63,38321,0,2
2026-09-10T09,72,0,1.65,5549,0,2
2026-09-10T09,72,1,1.76,72840,0,2
2026-09-10T09,72,2,1.78,0,49271,1
2026-09-10T09,72,2,1.79,0,20964,1
2026-09-10T09,72,2,1.8,0,169522,1
2026-09-10T09,72,2,1.81,0,122470,1
2026-09-10T09,72,2,1.82,0,11000,1
2026-09-10T09,72,2,1.83,0,22349,1
2026-09-10T09,72,2,1.84,104424,0,1
2026-09-10T10,72,0,1.6,0,1548,2
2026-09-10T10,72,0,1.61,4500,5094,3
2026-09-10T10,72,0,1.62,6098,6316,4
2026-09-10T10,72,0,1.63,3184,8495,2
2026-09-10T10,72,0,1.64,0,6231,3
2026-09-10T10,72,0,1.65,71510,1091,3
2026-09-10T10,72,0,1.66,0,4577,1
2026-09-10T10,72,0,1.67,0,5136,1
2026-09-10T10,72,0,1.68,1648,9524,4
2026-09-10T10,72,0,1.69,0,74824,1
2026-09-10T10,72,0,1.7,0,60039,2
2026-09-10T10,72,0,1.71,0,27893,1
2026-09-10T10,72,0,1.72,0,5000,1
2026-09-10T10,72,0,1.73,0,153280,3
2026-09-10T10,72,1,1.75,0,16284,1
2026-09-10T10,72,1,1.76,14506,0,1
2026-09-10T10,72,2,1.8,2628,0,1
2026-09-10T10,72,3,1.83,9496,504,2
2026-09-10T10,72,3,1.84,79496,0,1
2026-09-10T10,72,5,2.25,64630,0,1
2026-09-10T11,72,0,1.69,0,2500,1
2026-09-10T11,72,0,1.71,75202,0,3
2026-09-10T11,72,0,1.73,0,3000,1
2026-09-10T11,72,0,1.74,14838,34767,7
2026-09-10T11,72,0,1.75,74542,691,4
2026-09-10T11,72,1,1.76,371615,56040,2
2026-09-10T11,72,1,1.77,66070,0,1
2026-09-10T11,72,2,1.78,0,28500,1
2026-09-10T11,72,2,1.79,12000,24964,2
2026-09-10T11,72,2,1.8,0,35124,1
2026-09-10T11,72,2,1.81,0,75966,1
2026-09-10T11,72,2,1.82,4204,0,1
2026-09-10T11,72,4,1.89,100000,0,2
2026-09-10T12,72,0,1.65,0,7132,2
2026-09-10T12,72,0,1.66,500,0,1
2026-09-10T12,72,0,1.67,0,18800,1
2026-09-10T12,72,0,1.68,372,82979,3
2026-09-10T12,72,0,1.69,0,11224,3
2026-09-10T12,72,0,1.7,0,9863,3
2026-09-10T12,72,0,1.71,100949,0,7
2026-09-10T12,72,2,1.81,30000,50000,2
2026-09-10T12,72,2,1.82,22785,0,2
2026-09-10T12,72,3,1.82,47404,0,1
2026-09-10T13,72,0,1.66,0,9500,1
2026-09-10T13,72,0,1.67,0,1247,1
2026-09-10T13,72,0,1.68,23934,21907,4
2026-09-10T13,72,0,1.69,115,30296,4
2026-09-10T13,72,0,1.7,5000,93776,4
2026-09-10T13,72,0,1.71,0,340070,3
2026-09-10T13,72,0,1.72,48397,218,3
2026-09-10T13,72,1,1.73,66564,0,3
2026-09-10T14,72,0,1.68,0,2000,1
2026-09-10T14,72,0,1.69,8000,8980,3
2026-09-10T14,72,0,1.7,0,70095,2
2026-09-10T14,72,0,1.71,62570,0,1
2026-09-10T14,72,1,1.73,50000,0,2
2026-09-10T14,72,2,1.81,0,70000,1
2026-09-10T14,72,2,1.82,0,18011,1
2026-09-10T14,72,3,1.81,0,12407,1
2026-09-10T14,72,3,1.82,0,202596,1
2026-09-10T14,72,3,1.83,0,90682,3
2026-09-10T14,72,3,1.84,136144,0,3
2026-09-10T14,72,8,2.95,0,87617,1
2026-09-10T15,72,0,1.57,0,5493,2
2026-09-10T15,72,0,1.67,482421,0,7
2026-09-10T15,72,1,1.7,0,15000,1
2026-09-10T15,72,1,1.73,10530,32600,2
2026-09-10T15,72,2,1.83,10101,0,1
2026-09-10T15,72,3,1.83,0,4991,1
2026-09-10T15,72,4,1.89,42978,0,1
2026-09-10T15,72,5,2.25,0,124226,1
2026-09-10T15,72,5,2.3,0,250000,1
2026-09-10T15,72,5,2.4,0,472818,1
2026-09-10T15,72,6,2.45,0,12826,1
2026-09-10T16,72,0,1.66,0,8,1
2026-09-10T16,72,0,1.67,125686,0,3
2026-09-10T16,72,1,1.7,0,10000,1
2026-09-10T16,72,1,1.73,1140,13488,3
2026-09-10T16,72,2,1.82,0,3370,1
2026-09-10T16,72,3,1.81,0,5983,1
2026-09-10T16,72,3,1.82,0,6533,1
2026-09-10T16,72,4,1.89,29754,0,1
2026-09-10T17,72,0,1.6,0,8039,2
2026-09-10T17,72,0,1.61,440,42440,5
2026-09-10T17,72,0,1.62,59383,8854,3
2026-09-10T17,72,0,1.63,15546,0,1
2026-09-10T17,72,1,1.73,0,15456,1
2026-09-10T17,72,1,1.74,6238,0,1
2026-09-10T17,72,2,1.8,45128,37856,3
2026-09-10T17,72,5,3.05,60108,0,1
2026-09-10T18,72,0,1.6,0,2461,2
2026-09-10T18,72,0,1.61,0,44440,2
2026-09-10T18,72,0,1.62,0,1639,3
2026-09-10T18,72,0,1.63,6134,11974,3
2026-09-10T18,72,0,1.64,170008,69409,7
2026-09-10T18,72,0,1.65,103356,0,3
2026-09-10T18,72,1,1.73,0,2500,1
2026-09-10T18,72,1,1.74,63662,0,3
2026-09-10T18,72,2,1.79,0,130558,1
2026-09-10T18,72,2,1.8,8690,0,1
2026-09-10T18,72,3,1.8,0,57362,1
2026-09-10T18,72,3,1.81,0,3346,1
2026-09-10T18,72,3,1.82,0,200000,1
2026-09-10T18,72,3,1.83,4894,0,1
2026-09-10T18,72,4,1.89,80000,0,1
2026-09-10T19,72,0,1.61,0,3763,1
2026-09-10T19,72,0,1.62,0,53804,3
2026-09-10T19,72,0,1.63,24996,32171,3
2026-09-10T19,72,0,1.64,9945,1075,3
2026-09-10T19,72,0,1.65,116612,0,5
2026-09-10T19,72,2,1.79,0,21983,1
2026-09-10T19,72,2,1.8,11707,0,2
2026-09-10T19,72,3,1.81,0,6355,1
2026-09-10T19,72,3,1.82,2935,0,1
2026-09-10T20,72,0,1.61,0,200,1
2026-09-10T20,72,0,1.62,0,2100,2
2026-09-10T20,72,0,1.63,32068,700,4
2026-09-10T20,72,0,1.64,0,5475,2
2026-09-10T20,72,0,1.65,5147,41752,8
2026-09-10T20,72,0,1.66,14496,0,1
2026-09-10T20,72,1,1.71,0,3302,1
2026-09-10T20,72,1,1.72,0,64002,1
2026-09-10T20,72,1,1.73,84859,0,4
2026-09-10T20,72,1,1.74,8952,0,1
2026-09-10T20,72,3,1.8,24304,0,2
2026-09-10T20,72,4,1.89,58920,0,1
2026-09-10T21,72,0,1.63,15000,8523,2
2026-09-10T21,72,0,1.64,10,39504,3
2026-09-10T21,72,0,1.65,15323,5812,5
2026-09-10T21,72,1,1.73,17698,19450,3
2026-09-10T21,72,2,1.76,0,3302,1
2026-09-10T21,72,2,1.77,0,9303,1
2026-09-10T21,72,2,1.78,20489,0,1
2026-09-10T21,72,3,1.8,210344,0,3
2026-09-10T21,72,10,4.0,0,9999,1
2026-09-10T22,72,0,1.63,283,2237,5
2026-09-10T22,72,0,1.64,1031,28747,3
2026-09-10T22,72,0,1.65,4964,11889,5
2026-09-10T22,72,0,1.66,29216,0,1
2026-09-10T22,72,1,1.74,0,31444,1
2026-09-10T22,72,1,1.75,60130,5840,4
2026-09-10T22,72,2,1.76,0,55590,1
2026-09-10T22,72,2,1.77,76800,0,2
2026-09-10T22,72,3,1.79,0,10879,1
2026-09-10T23,72,0,1.59,0,100,1
2026-09-10T23,72,0,1.63,7314,1386,2
2026-09-10T23,72,0,1.64,10232,13025,2
2026-09-10T23,72,0,1.65,0,647,1
2026-09-10T23,72,0,1.66,34035,0,3
2026-09-10T23,72,1,1.75,41733,0,2
2026-09-11T00,72,0,1.62,0,8424,1
2026-09-11T00,72,0,1.63,0,3769,3
2026-09-11T00,72,0,1.64,0,8541,1
2026-09-11T00,72,0,1.65,0,11655,1
2026-09-11T00,72,0,1.66,67328,12116,3
2026-09-11T00,72,0,1.67,1745,0,1
2026-09-11T00,72,2,1.74,10000,90810,2
2026-09-11T00,72,2,1.75,0,84820,1
2026-09-11T00,72,2,1.76,55300,94700,2
2026-09-11T00,72,2,1.77,0,50,1
2026-09-11T00,72,2,1.78,0,12595,1
2026-09-11T00,72,2,1.79,0,33000,2
2026-09-11T00,72,2,1.8,0,446619,1
2026-09-11T00,72,3,1.78,0,6983,1
2026-09-11T00,72,3,1.79,0,16399,1
2026-09-11T00,72,3,1.8,53539,111813,4
2026-09-11T00,72,3,1.81,3472,0,1
2026-09-11T01,72,0,1.6,0,3825,1
2026-09-11T01,72,0,1.63,2496,0,1
2026-09-11T01,72,0,1.64,46695,0,7
2026-09-11T01,72,1,1.74,0,2,1
2026-09-11T01,72,1,1.75,0,8383,1
2026-09-11T01,72,2,1.77,0,20370,1
2026-09-11T02,72,0,1.59,100,34750,2
2026-09-11T02,72,0,1.6,0,192,1
2026-09-11T02,72,0,1.61,3804,0,1
2026-09-11T02,72,0,1.63,45000,36911,4
2026-09-11T02,72,0,1.64,51190,0,2
2026-09-11T02,72,1,1.76,140714,0,3
2026-09-11T02,72,2,1.78,7497,0,1
2026-09-11T02,72,3,1.78,0,8695,1
2026-09-11T02,72,3,1.79,0,9123,1
2026-09-11T02,72,3,1.8,0,28097,1
2026-09-11T02,72,3,1.81,0,196528,1
2026-09-11T03,72,0,1.6,0,2907,1
2026-09-11T03,72,0,1.61,5674,29226,5
2026-09-11T03,72,0,1.62,33056,0,4
2026-09-11T03,72,2,1.78,0,42494,1
2026-09-11T03,72,2,1.81,0,31813,1
2026-09-11T03,72,2,1.83,0,86829,1
2026-09-11T03,72,2,1.84,4020,0,1
2026-09-11T03,72,3,1.82,0,76529,2
2026-09-11T03,72,3,1.83,0,195106,1
2026-09-11T03,72,3,1.84,0,20199,1
2026-09-11T04,72,0,1.61,0,847,2
2026-09-11T04,72,0,1.62,16320,39174,7
2026-09-11T04,72,0,1.63,77757,0,5
2026-09-11T04,72,1,1.75,0,89987,1
2026-09-11T04,72,1,1.76,82013,0,1
2026-09-11T05,72,0,1.58,0,8700,1
2026-09-11T05,72,0,1.59,46499,7637,9
2026-09-11T05,72,0,1.6,0,5320,1
2026-09-11T05,72,0,1.61,0,4,1
2026-09-11T05,72,0,1.62,0,50149,1
2026-09-11T05,72,0,1.63,65379,0,3
2026-09-11T05,72,1,1.75,0,118035,2
2026-09-11T05,72,1,1.76,134961,0,2
2026-09-11T06,72,0,1.6,0,49320,2
2026-09-11T06,72,0,1.61,350,51578,2
2026-09-11T06,72,0,1.62,4870,8165,3
2026-09-11T06,72,0,1.63,0,137441,5
2026-09-11T06,72,0,1.64,285,186288,4
2026-09-11T06,72,0,1.65,14696,2519,4
2026-09-11T06,72,2,1.79,0,107619,2
2026-09-11T06,72,2,1.8,49906,168919,3
2026-09-11T06,72,2,1.81,0,25000,1
2026-09-11T06,72,3,1.81,0,241255,1
2026-09-11T06,72,3,1.82,2745,0,1
2026-09-11T07,72,0,1.5,300,700,2
2026-09-11T07,72,0,1.58,300,16105,2
2026-09-11T07,72,0,1.59,237,9902,2
2026-09-11T07,72,0,1.6,0,1000,1
2026-09-11T07,72,0,1.63,0,470,1
2026-09-11T07,72,0,1.64,0,4202,1
2026-09-11T07,72,0,1.65,0,22540,3
2026-09-11T07,72,0,1.66,21938,0,4
2026-09-11T07,72,1,1.7,0,10000,1
2026-09-11T07,72,1,1.73,0,4651,1
2026-09-11T07,72,1,1.74,20529,0,1
2026-09-11T07,72,2,1.78,0,918,1
2026-09-11T07,72,2,1.79,2678,122206,2
2026-09-11T07,72,3,1.81,0,50000,1
2026-09-11T07,72,3,1.82,140564,9396,3
2026-09-11T07,72,4,1.8,0,80000,1
2026-09-11T08,72,0,1.61,0,27516,1
2026-09-11T08,72,0,1.62,0,19409,1
2026-09-11T08,72,0,1.63,0,1701,2
2026-09-11T08,72,0,1.64,43862,1430,3
2026-09-11T08,72,0,1.65,238,0,1
2026-09-11T08,72,0,1.66,31145,605,3
2026-09-11T08,72,3,1.81,24288,58299,2
2026-09-11T08,72,3,1.82,0,9436,1
2026-09-11T08,72,3,1.83,0,24104,1
2026-09-11T08,72,3,1.84,109948,0,2
2026-09-11T08,72,4,1.87,900000,0,1
2026-09-11T09,72,0,1.61,0,132,1
2026-09-11T09,72,0,1.62,15000,149396,5
2026-09-11T09,72,0,1.63,45711,79779,6
2026-09-11T09,72,0,1.64,17188,16230,3
2026-09-11T09,72,0,1.65,12005,0,2
2026-09-11T09,72,1,1.72,0,11311,1
2026-09-11T09,72,1,1.73,5217,0,1
2026-09-11T09,72,2,1.79,0,666,1
2026-09-11T09,72,2,1.8,0,11916,1
2026-09-11T09,72,2,1.81,0,14054,1
2026-09-11T09,72,2,1.82,0,50000,1
2026-09-11T09,72,2,1.83,0,84733,1
2026-09-11T09,72,3,1.82,0,200000,1
2026-09-11T09,72,3,1.83,0,6564,1
2026-09-11T09,72,3,1.84,114515,85485,2
2026-09-11T09,72,3,1.85,199995,0,1
2026-09-11T09,72,5,2.9,11144,0,1
2026-09-11T10,72,0,1.62,0,5115,1
2026-09-11T10,72,0,1.63,0,47509,1
2026-09-11T10,72,0,1.64,0,7059,4
2026-09-11T10,72,0,1.65,21496,57189,6
2026-09-11T10,72,0,1.66,12281,7522,6
2026-09-11T10,72,0,1.67,14037,0,2
2026-09-11T10,72,1,1.73,0,6432,1
2026-09-11T10,72,2,1.83,0,113133,2
2026-09-11T10,72,2,1.84,19592,21964,2
2026-09-11T10,72,3,1.85,0,71706,2
2026-09-11T10,72,3,1.86,0,18924,1
2026-09-11T10,72,4,1.87,59021,0,1
2026-09-11T11,72,0,1.5,0,100,1
2026-09-11T11,72,0,1.61,0,1000,1
2026-09-11T11,72,0,1.62,0,9444,1
2026-09-11T11,72,0,1.63,0,15390,1
2026-09-11T11,72,0,1.65,0,2115,2
2026-09-11T11,72,0,1.66,0,39,2
2026-09-11T11,72,0,1.67,29110,607911,7
2026-09-11T11,72,0,1.68,0,189436,6
2026-09-11T11,72,0,1.69,0,120604,4
2026-09-11T11,72,0,1.7,14966,117728,6
2026-09-11T11,72,2,1.85,0,139657,1
2026-09-11T11,72,3,1.7,0,100000,1
2026-09-11T11,72,3,1.84,6406,4705,2
2026-09-11T11,72,3,1.85,0,20,1
2026-09-11T11,72,4,1.87,164601,0,1
2026-09-11T11,72,5,2.9,64630,0,2
2026-09-11T12,72,0,1.66,3380,0,1
2026-09-11T12,72,0,1.67,0,100,1
2026-09-11T12,72,0,1.68,1594,3247,3
2026-09-11T12,72,0,1.69,9033,15159,5
2026-09-11T12,72,0,1.7,26430,0,2
2026-09-11T12,72,1,1.71,0,20580,1
2026-09-11T12,72,1,1.72,0,18280,1
2026-09-11T12,72,1,1.73,0,40163,2
2026-09-11T12,72,1,1.74,12052,50358,2
2026-09-11T12,72,1,1.75,48856,0,2
2026-09-11T12,72,2,1.85,3192,0,1
2026-09-11T13,72,0,1.64,0,10380,1
2026-09-11T13,72,0,1.66,2105,1736,2
2026-09-11T13,72,0,1.67,0,26390,1
2026-09-11T13,72,0,1.68,0,43852,3
2026-09-11T13,72,0,1.69,68419,46513,3
2026-09-11T13,72,0,1.7,50774,48422,6
2026-09-11T13,72,0,1.71,4724,70818,3
2026-09-11T13,72,1,1.75,14720,424,2
2026-09-11T13,72,1,1.76,28356,0,1
2026-09-11T13,72,2,1.84,0,35600,2
2026-09-11T13,72,2,1.85,45475,0,2
2026-09-11T13,72,3,1.85,0,10121,1
2026-09-11T13,72,4,1.87,443490,0,2
2026-09-11T13,72,5,2.85,32000,0,1
2026-09-11T14,72,0,1.68,0,970,1
2026-09-11T14,72,0,1.69,5878,74388,6
2026-09-11T14,72,0,1.7,61017,35479,6
2026-09-11T14,72,1,1.76,27232,0,1
2026-09-11T14,72,2,1.84,0,100000,1
2026-09-11T14,72,2,1.85,0,62759,1
2026-09-11T14,72,3,1.83,0,200000,1
2026-09-11T14,72,3,1.84,7632,98239,2
2026-09-11T14,72,3,1.85,0,234726,2
2026-09-11T14,72,4,1.86,68595,0,1
2026-09-11T15,72,0,1.68,0,4912,1
2026-09-11T15,72,0,1.69,17392,0,3
2026-09-11T15,72,0,1.7,19175,12105,3
2026-09-11T15,72,1,1.76,39224,0,2
2026-09-11T15,72,4,1.85,0,1000000,1
2026-09-11T15,72,4,1.86,690542,0,3
2026-09-11T16,72,0,1.59,5000,0,1
2026-09-11T16,72,0,1.6,24752,0,1
2026-09-11T16,72,0,1.62,0,34283,1
2026-09-11T16,72,0,1.63,0,4119,1
2026-09-11T16,72,0,1.64,100,14358,3
2026-09-11T16,72,0,1.65,34610,0,2
2026-09-11T16,72,0,1.66,0,5,1
2026-09-11T16,72,0,1.67,0,1824,1
2026-09-11T16,72,0,1.68,10832,0,3
2026-09-11T16,72,1,1.7,10980,89020,2
2026-09-11T16,72,1,1.76,0,116733,1
2026-09-11T16,72,1,1.77,161552,28795,3
2026-09-11T16,72,4,1.86,260907,0,1
2026-09-11T17,72,0,1.59,0,2604,1
2026-09-11T17,72,0,1.6,0,6512,1
2026-09-11T17,72,0,1.61,0,5102,1
2026-09-11T17,72,0,1.64,0,5410,2
2026-09-11T17,72,0,1.65,27891,17178,8
2026-09-11T17,72,0,1.67,1001,0,1
2026-09-11T17,72,1,1.77,36873,0,2
2026-09-11T17,72,2,1.83,0,7464,1
2026-09-11T17,72,2,1.84,0,1390,1
2026-09-11T17,72,3,1.84,0,56962,1
2026-09-11T17,72,4,1.85,84184,0,1
2026-09-11T17,72,9,3.85,36793,0,1
2026-09-11T18,72,0,1.63,18844,2680,4
2026-09-11T18,72,0,1.65,0,12000,2
2026-09-11T18,72,0,1.66,0,100,1
2026-09-11T18,72,0,1.67,0,17171,3
2026-09-11T18,72,0,1.68,119836,68061,8
2026-09-11T18,72,1,1.77,0,46562,1
2026-09-11T18,72,1,1.8,0,25000,1
2026-09-11T18,72,1,1.81,24198,0,1
2026-09-11T18,72,2,1.81,47380,2620,2
2026-09-11T18,72,2,1.82,0,10225,1
2026-09-11T18,72,2,1.83,3035,0,1
2026-09-11T18,72,3,1.83,0,20009,2
2026-09-11T18,72,3,1.84,17359,0,1
2026-09-11T18,72,9,3.85,50000,0,1
2026-09-11T19,72,0,1.66,31335,30612,7
2026-09-11T19,72,0,1.67,2394,0,1
2026-09-11T19,72,1,1.8,6000,14000,2
2026-09-11T19,72,1,1.81,136000,0,1
2026-09-11T19,72,2,1.82,12872,0,1
2026-09-11T19,72,2,1.83,39530,0,1
2026-09-11T19,72,3,1.84,92336,116174,2
2026-09-11T20,72,0,1.62,0,1,1
2026-09-11T20,72,0,1.63,0,2147,1
2026-09-11T20,72,0,1.64,3895,6742,3
2026-09-11T20,72,0,1.65,50,2490,3
2026-09-11T20,72,0,1.66,14263,4071,4
2026-09-11T20,72,0,1.67,5832,75408,2
2026-09-11T20,72,0,1.68,0,42076,2
2026-09-11T20,72,0,1.69,0,114330,3
2026-09-11T20,72,0,1.7,12409,0,5
2026-09-11T20,72,1,1.75,15000,0,1
2026-09-11T20,72,1,1.76,26400,0,1
2026-09-11T20,72,2,1.77,0,50000,1
2026-09-11T20,72,2,1.78,8620,6668,2
2026-09-11T20,72,2,1.79,37582,0,1
2026-09-11T20,72,3,1.79,0,16820,1
2026-09-11T20,72,3,1.8,20602,31021,2
2026-09-11T20,72,3,1.81,0,20789,1
2026-09-11T20,72,4,1.85,0,345310,1
2026-09-11T21,72,0,1.68,137,0,1
2026-09-11T21,72,0,1.69,0,10000,1
2026-09-11T21,72,0,1.7,4260,119702,4
2026-09-11T21,72,1,1.72,41282,0,2
2026-09-11T21,72,1,1.73,24179,0,4
2026-09-11T21,72,2,1.78,29700,7450,2
2026-09-11T21,72,2,1.79,13750,22418,2
2026-09-11T21,72,2,1.8,6532,0,1
2026-09-11T21,72,5,2.85,10000,0,1
2026-09-11T22,72,0,1.65,2688,2147,2
2026-09-11T22,72,0,1.66,0,400,1
2026-09-11T22,72,0,1.67,0,22198,1
2026-09-11T22,72,0,1.68,0,649,1
2026-09-11T22,72,0,1.69,0,18000,2
2026-09-11T22,72,0,1.7,12000,7258,2
2026-09-11T22,72,0,1.71,3677,29065,2
2026-09-11T22,72,1,1.72,125345,0,5
2026-09-11T22,72,2,1.78,0,2111,1
2026-09-11T22,72,2,1.79,377,0,1
2026-09-11T22,72,4,1.86,0,177031,1
2026-09-11T23,72,0,1.69,2000,429,2
2026-09-11T23,72,0,1.7,0,10000,1
2026-09-11T23,72,0,1.71,8730,54262,5
2026-09-11T23,72,0,1.72,4660,1626,3
2026-09-11T23,72,1,1.72,143228,38970,4
2026-09-11T23,72,2,1.75,0,8000,1
2026-09-11T23,72,2,1.76,122100,9698,3
2026-09-11T23,72,2,1.77,3236,0,1
2026-09-11T23,72,4,1.86,0,20286,1
2026-09-11T23,72,4,1.87,979714,0,1
2026-09-12T00,72,0,1.68,0,400,1
2026-09-12T00,72,0,1.69,70870,0,4
2026-09-12T00,72,0,1.7,0,154,1
2026-09-12T00,72,0,1.71,0,115,1
2026-09-12T00,72,0,1.72,9331,0,1
2026-09-12T00,72,1,1.7,10,2390,2
2026-09-12T00,72,1,1.73,0,3473,1
2026-09-12T00,72,1,1.74,0,6554,2
2026-09-12T00,72,1,1.75,0,42299,1
2026-09-12T00,72,1,1.76,13737,0,1
2026-09-12T00,72,2,1.76,2704,21195,2
2026-09-12T00,72,3,1.77,0,13520,1
2026-09-12T00,72,3,1.78,16964,0,2
2026-09-12T00,72,4,1.87,96024,0,1
2026-09-12T01,72,0,1.59,0,8651,1
2026-09-12T01,72,0,1.66,0,24831,1
2026-09-12T01,72,0,1.67,69,2950,2
2026-09-12T01,72,0,1.68,0,10000,1
2026-09-12T01,72,0,1.69,36519,34450,4
2026-09-12T01,72,0,1.7,45772,6092,3
2026-09-12T01,72,1,1.75,10000,0,1
2026-09-12T01,72,2,1.76,23954,1276,2
2026-09-12T01,72,2,1.77,81724,0,3
2026-09-12T01,72,3,1.78,51320,0,1
2026-09-12T02,72,0,1.68,0,15892,1
2026-09-12T02,72,0,1.69,0,1478,1
2026-09-12T02,72,0,1.7,64793,0,4
2026-09-12T02,72,1,1.75,30000,0,1
2026-09-12T02,72,4,1.86,33636,0,2
2026-09-12T03,72,0,1.67,85011,13929,4
2026-09-12T03,72,0,1.68,62,13750,3
2026-09-12T03,72,0,1.69,26756,0,4
2026-09-12T03,72,1,1.74,0,3,1
2026-09-12T03,72,1,1.75,0,87286,1
2026-09-12T03,72,1,1.76,0,12480,1
2026-09-12T03,72,2,1.77,0,9027,1
2026-09-12T03,72,2,1.78,0,1072,1
2026-09-12T03,72,2,1.79,0,140624,1
2026-09-12T03,72,2,1.8,0,3468,1
2026-09-12T03,72,2,1.81,0,119147,1
2026-09-12T03,72,3,1.78,64204,67512,2
2026-09-12T03,72,3,1.79,0,16874,1
2026-09-12T03,72,3,1.8,0,170916,1
2026-09-12T03,72,3,1.82,52847,0,1
2026-09-12T04,72,0,1.68,0,16022,2
2026-09-12T04,72,0,1.69,1933,10856,5
2026-09-12T04,72,0,1.7,5296,9049,2
2026-09-12T04,72,1,1.76,23,4977,2
2026-09-12T04,72,1,1.77,0,5000,1
2026-09-12T04,72,1,1.81,9000,0,1
2026-09-12T04,72,3,1.82,9172,0,1
2026-09-12T05,72,0,1.61,0,89,1
2026-09-12T05,72,0,1.62,0,229,1
2026-09-12T05,72,0,1.63,29643,22038,4
2026-09-12T05,72,0,1.64,3426,84878,3
2026-09-12T05,72,0,1.65,1,4807,3
2026-09-12T05,72,0,1.66,0,3500,1
2026-09-12T05,72,0,1.67,53050,0,3
2026-09-12T05,72,1,1.79,45430,16000,2
2026-09-12T05,72,3,1.82,21340,0,1
2026-09-12T06,72,0,1.59,0,54228,1
2026-09-12T06,72,0,1.6,0,6340,1
2026-09-12T06,72,0,1.62,0,4747,1
2026-09-12T06,72,0,1.63,41043,21994,4
2026-09-12T06,72,0,1.64,2000,206293,4
2026-09-12T06,72,0,1.65,0,33923,3
2026-09-12T06,72,0,1.66,35876,999,2
2026-09-12T06,72,0,1.67,107146,0,1
2026-09-12T06,72,1,1.75,0,6000,2
2026-09-12T06,72,1,1.76,9798,0,2
2026-09-12T06,72,2,1.81,0,97910,1
2026-09-12T06,72,2,1.82,2260,0,1
2026-09-12T06,72,3,1.82,0,156981,2
2026-09-12T06,72,3,1.83,136279,231026,3
2026-09-12T06,72,4,1.84,21009,0,1
2026-09-12T06,72,5,2.85,70000,0,1
2026-09-12T07,72,0,1.63,0,11070,2
2026-09-12T07,72,0,1.64,13534,29396,4
2026-09-12T07,72,0,1.65,866,2310,2
2026-09-12T07,72,0,1.66,0,2,1
2026-09-12T07,72,0,1.67,181192,10257,4
2026-09-12T07,72,0,1.68,3459,284,2
2026-09-12T07,72,1,1.74,0,1071,1
2026-09-12T07,72,1,1.75,0,15227,1
2026-09-12T07,72,1,1.76,75749,47953,2
2026-09-12T07,72,3,1.82,0,3495,1
2026-09-12T07,72,3,1.83,102857,0,2
2026-09-12T08,72,0,1.64,0,1700,1
2026-09-12T08,72,0,1.65,0,55193,1
2026-09-12T08,72,0,1.67,3070,1829,2
2026-09-12T08,72,0,1.68,6946,8947,3
2026-09-12T08,72,0,1.69,38802,20642,3
2026-09-12T08,72,0,1.7,16187,0,2
2026-09-12T08,72,1,1.76,0,124251,1
2026-09-12T08,72,1,1.77,62349,0,1
2026-09-12T08,72,3,1.83,0,97143,1
2026-09-12T09,72,0,1.67,1112,2000,2
2026-09-12T09,72,0,1.68,9354,31237,3
2026-09-12T09,72,0,1.69,8176,71027,4
2026-09-12T09,72,0,1.7,2176,43480,3
2026-09-12T09,72,1,1.76,210905,0,2
2026-09-12T09,72,2,1.78,0,52120,1
2026-09-12T09,72,2,1.79,0,53221,1
2026-09-12T09,72,2,1.8,647874,101795,5
2026-09-12T09,72,3,1.8,0,8704,1
2026-09-12T09,72,3,1.81,47952,0,2
2026-09-12T09,72,5,2.85,11988,0,1
2026-09-12T10,72,0,1.65,0,2334,1
2026-09-12T10,72,0,1.66,2096,3805,3
2026-09-12T10,72,0,1.67,17761,8888,5
2026-09-12T10,72,0,1.68,973,0,1
2026-09-12T10,72,1,1.75,100000,0,1
2026-09-12T10,72,1,1.76,0,89586,1
2026-09-12T10,72,1,1.77,6668,0,1
2026-09-12T10,72,2,1.79,0,7047,1
2026-09-12T10,72,2,1.8,23289,0,3
2026-09-12T10,72,3,1.8,0,9032,1
2026-09-12T10,72,3,1.81,0,52048,1
2026-09-12T10,72,3,1.82,21180,0,1
2026-09-12T11,72,0,1.64,0,5000,1
2026-09-12T11,72,0,1.66,0,5508,2
2026-09-12T11,72,0,1.67,0,39241,3
2026-09-12T11,72,0,1.68,6233,8656,4
2026-09-12T11,72,0,1.69,3063,72,2
2026-09-12T11,72,0,1.7,0,44557,3
2026-09-12T11,72,0,1.71,27496,5000,2
2026-09-12T11,72,1,1.75,0,3889,1
2026-09-12T11,72,1,1.76,0,2006,1
2026-09-12T11,72,1,1.77,0,130983,1
2026-09-12T11,72,2,1.77,0,3040,1
2026-09-12T11,72,2,1.78,77363,65910,3
2026-09-12T11,72,3,1.81,136323,0,1
2026-09-12T11,72,5,2.7,69528,0,1
2026-09-12T12,72,0,1.63,0,2,1
2026-09-12T12,72,0,1.64,0,1305,1
2026-09-12T12,72,0,1.65,16083,2000,2
2026-09-12T12,72,0,1.66,31662,1279,3
2026-09-12T12,72,0,1.67,297496,0,2
2026-09-12T12,72,2,1.79,91547,180848,4
2026-09-12T12,72,5,2.7,10000,0,1
2026-09-12T13,72,0,1.65,0,3879,3
2026-09-12T13,72,0,1.66,39608,15823,7
2026-09-12T13,72,0,1.67,144557,0,4
2026-09-12T13,72,1,1.77,31000,0,1
2026-09-12T13,72,2,1.78,86231,114848,4
2026-09-12T13,72,2,1.79,72105,14945,2
2026-09-12T13,72,3,1.79,0,7852,1
2026-09-12T13,72,3,1.8,0,9137,1
2026-09-12T13,72,4,1.81,0,344076,1
2026-09-12T14,72,0,1.59,54074,769,3
2026-09-12T14,72,0,1.6,7069,0,1
2026-09-12T14,72,0,1.66,9500,9467,4
2026-09-12T14,72,0,1.67,13683,0,1
2026-09-12T14,72,1,1.77,2531,5225,2
2026-09-12T14,72,2,1.77,0,11845,1
2026-09-12T14,72,2,1.78,0,190809,1
2026-09-12T14,72,2,1.79,0,126930,1
2026-09-12T14,72,3,1.8,93825,14500,3
2026-09-12T14,72,4,1.81,42707,0,1
2026-09-12T15,72,0,1.59,2154,9418,2
2026-09-12T15,72,0,1.6,0,39812,2
2026-09-12T15,72,0,1.61,0,18031,2
2026-09-12T15,72,0,1.62,0,5890,3
2026-09-12T15,72,0,1.63,0,47432,1
2026-09-12T15,72,0,1.65,0,333,1
2026-09-12T15,72,0,1.66,2562,5455,2
2026-09-12T15,72,0,1.67,20268,0,1
2026-09-12T15,72,1,1.64,34074,0,2
2026-09-12T15,72,1,1.78,0,14009,2
2026-09-12T15,72,2,1.79,43719,0,2
2026-09-12T15,72,3,1.79,0,6446,1
2026-09-12T15,72,3,1.8,0,110240,2
2026-09-12T15,72,3,1.81,0,263677,1
2026-09-12T15,72,4,1.81,0,457293,1
2026-09-12T15,72,4,1.82,1000000,0,1
2026-09-12T15,72,8,2.8,504,0,1
2026-09-12T16,72,0,1.62,32551,0,2
2026-09-12T16,72,0,1.64,20658,28342,2
2026-09-12T16,72,1,1.64,19598,22584,2
2026-09-12T16,72,1,1.65,260732,0,5
2026-09-12T16,72,2,1.79,15089,0,1
2026-09-12T16,72,5,2.65,0,1000000,1
2026-09-12T17,72,0,1.54,43963,5802,5
2026-09-12T17,72,0,1.6,0,4506,2
2026-09-12T17,72,0,1.61,9300,17547,3
2026-09-12T17,72,0,1.62,46335,0,4
2026-09-12T17,72,1,1.65,34086,404762,4
2026-09-12T17,72,1,1.69,0,101577,1
2026-09-12T17,72,1,1.7,0,20000,1
2026-09-12T17,72,1,1.79,0,89320,1
2026-09-12T17,72,2,1.79,0,26192,1
2026-09-12T17,72,2,1.8,102348,0,3
2026-09-12T17,72,3,1.81,0,14861,2
2026-09-12T17,72,4,1.82,116970,0,3
2026-09-12T18,72,0,1.59,0,2171,1
2026-09-12T18,72,0,1.6,0,15485,3
2026-09-12T18,72,0,1.61,1143,804,5
2026-09-12T18,72,0,1.62,74512,0,4
2026-09-12T18,72,1,1.79,0,100,1
2026-09-12T18,72,2,1.8,69947,0,1
2026-09-12T18,72,3,1.8,75690,10593,2
2026-09-12T19,72,0,1.6,0,35259,3
2026-09-12T19,72,0,1.61,0,29224,3
2026-09-12T19,72,0,1.62,0,195204,2
2026-09-12T19,72,0,1.63,0,61758,3
2026-09-12T19,72,0,1.64,0,46757,1
2026-09-12T19,72,0,1.65,700,9016,4
2026-09-12T19,72,0,1.66,0,5246,1
2026-09-12T19,72,0,1.67,65738,0,1
2026-09-12T19,72,1,1.7,0,20000,1
2026-09-12T19,72,1,1.74,23544,0,2
2026-09-12T19,72,2,1.76,31590,0,1
2026-09-12T19,72,2,1.77,10200,0,1
2026-09-12T19,72,3,1.81,12730,27597,2
2026-09-12T19,72,4,1.82,167444,0,1
2026-09-12T20,72,0,1.65,0,2031,1
2026-09-12T20,72,0,1.66,5160,3164,2
2026-09-12T20,72,0,1.67,45671,0,4
2026-09-12T20,72,1,1.69,880,0,1
2026-09-12T20,72,2,1.75,0,8619,1
2026-09-12T20,72,2,1.76,8550,214984,3
2026-09-12T20,72,2,1.77,92221,0,1
2026-09-12T20,72,5,2.65,65112,0,2
2026-09-12T21,72,0,1.6,0,30000,3
2026-09-12T21,72,0,1.61,15000,7460,2
2026-09-12T21,72,0,1.62,0,3386,1
2026-09-12T21,72,0,1.63,0,161782,4
2026-09-12T21,72,0,1.64,32550,0,2
2026-09-12T21,72,1,1.69,0,2120,1
2026-09-12T21,72,1,1.7,27570,0,1
2026-09-12T22,72,0,1.61,0,3541,2
2026-09-12T22,72,0,1.62,3548,7384,4
2026-09-12T22,72,0,1.63,0,366,1
2026-09-12T22,72,0,1.64,5733,0,1
2026-09-12T22,72,1,1.7,0,102809,1
2026-09-12T22,72,2,1.71,0,100000,1
2026-09-12T22,72,2,1.72,0,2593,1
2026-09-12T22,72,2,1.73,126407,0,1
2026-09-12T22,72,3,1.8,33568,0,1
2026-09-12T23,72,0,1.6,0,2865,1
2026-09-12T23,72,0,1.61,1000,9000,2
2026-09-12T23,72,0,1.62,23940,4469,2
2026-09-12T23,72,0,1.63,0,1224,2
2026-09-12T23,72,0,1.64,25320,84071,4
2026-09-12T23,72,0,1.65,0,4432,1
2026-09-12T23,72,0,1.66,0,106828,5
2026-09-12T23,72,0,1.67,176974,41148,6
2026-09-12T23,72,0,1.68,0,19173,2
2026-09-12T23,72,0,1.69,84780,12852,4
2026-09-12T23,72,1,1.7,1961,0,1
2026-09-12T23,72,3,1.77,0,50000,1
2026-09-12T23,72,3,1.79,0,10371,1
2026-09-12T23,72,3,1.8,0,166432,1
2026-09-12T23,72,4,1.81,0,32907,1
2026-09-12T23,72,4,1.82,46170,0,1
2026-09-13T00,72,0,1.67,0,2204,1
2026-09-13T00,72,0,1.68,0,17118,2
2026-09-13T00,72,0,1.69,9387,22833,3
2026-09-13T00,72,0,1.7,169957,0,4
2026-09-13T00,72,1,1.7,0,18039,1
2026-09-13T00,72,1,1.71,46980,999,3
2026-09-13T00,72,2,1.72,6597,0,1
2026-09-13T01,72,0,1.67,0,8,1
2026-09-13T01,72,0,1.68,5356,5500,3
2026-09-13T01,72,0,1.69,18054,0,2
2026-09-13T01,72,1,1.71,12000,1000,2
2026-09-13T01,72,2,1.72,7118,0,1
2026-09-13T01,72,3,1.8,0,16953,1
2026-09-13T01,72,3,1.81,0,9161,1
2026-09-13T01,72,4,1.82,335182,0,2
2026-09-13T02,72,0,1.67,0,3047,1
2026-09-13T02,72,0,1.68,64159,5624,7
2026-09-13T02,72,2,1.72,65722,0,2
2026-09-13T02,72,5,2.65,20000,0,1
2026-09-13T03,72,0,1.57,30,381,2
2026-09-13T03,72,0,1.58,2436,1564,2
2026-09-13T03,72,0,1.59,7046,0,2
2026-09-13T03,72,1,1.7,0,114803,1
2026-09-13T03,72,1,1.71,0,148186,1
2026-09-13T03,72,2,1.72,51814,0,1
2026-09-13T03,72,4,1.82,450472,0,2
2026-09-14T04,72,0,1.59,0,72628,1
2026-09-14T04,72,0,1.62,0,6956,1
2026-09-14T04,72,0,1.64,0,6000,1
2026-09-14T04,72,0,1.65,0,100,1
2026-09-14T04,72,0,1.66,0,4229,2
2026-09-14T04,72,0,1.67,7032,3711,5
2026-09-14T04,72,0,1.68,0,62983,2
2026-09-14T04,72,0,1.69,0,157678,4
2026-09-14T04,72,0,1.7,0,507649,11
2026-09-14T04,72,0,1.71,33462,89042,2
2026-09-14T04,72,0,1.72,10000,0,1
2026-09-14T04,72,1,1.69,0,12749,1
2026-09-14T04,72,1,1.7,0,566040,2
2026-09-14T04,72,1,1.72,0,105330,2
2026-09-14T04,72,1,1.73,0,130002,3
2026-09-14T04,72,1,1.74,0,77373,2
2026-09-14T04,72,1,1.75,0,275681,2
2026-09-14T04,72,1,1.76,0,40000,1
2026-09-14T04,72,2,1.7,0,50000,1
2026-09-14T04,72,2,1.71,0,8000,1
2026-09-14T04,72,2,1.72,0,118749,1
2026-09-14T04,72,2,1.73,0,832,1
2026-09-14T04,72,2,1.74,0,76410,1
2026-09-14T04,72,2,1.75,0,159702,1
2026-09-14T04,72,2,1.76,0,55730,1
2026-09-14T04,72,2,1.77,0,117579,2
2026-09-14T04,72,2,1.78,38051,18791,2
2026-09-14T04,72,2,1.79,0,10000,1
2026-09-14T04,72,2,1.8,356138,0,1
2026-09-14T04,72,3,1.79,118460,0,1
2026-09-14T04,72,3,1.8,0,268076,1
2026-09-14T04,72,8,2.7,36879,0,1
2026-09-14T05,72,0,1.64,5000,0,1
2026-09-14T05,72,0,1.66,0,12000,1
2026-09-14T05,72,0,1.67,89766,0,4
2026-09-14T05,72,0,1.7,2000,0,1
2026-09-14T05,72,1,1.77,22000,68132,2
2026-09-14T05,72,1,1.78,0,118151,2
2026-09-14T05,72,1,1.8,0,80851,1
2026-09-14T05,72,2,1.77,0,107026,1
2026-09-14T05,72,2,1.78,4842,71107,2
2026-09-14T05,72,3,1.79,82264,0,3
2026-09-14T06,72,0,1.62,186565,0,3
2026-09-14T06,72,0,1.63,0,19271,4
2026-09-14T06,72,0,1.64,15634,25767,2
2026-09-14T06,72,0,1.65,50,0,1
2026-09-14T06,72,1,1.73,0,15502,1
2026-09-14T06,72,1,1.76,19292,0,1
2026-09-14T06,72,3,1.79,149330,11950,2
2026-09-14T07,72,0,1.62,201620,11877,5
2026-09-14T07,72,0,1.63,0,3960,1
2026-09-14T07,72,0,1.64,0,50,1
2026-09-14T07,72,0,1.65,0,11450,2
2026-09-14T07,72,0,1.66,0,22152,2
2026-09-14T07,72,0,1.67,3000,12086,2
2026-09-14T07,72,0,1.68,22966,0,3
2026-09-14T07,72,1,1.7,0,20000,1
2026-09-14T07,72,1,1.76,30039,38082,2
2026-09-14T07,72,1,1.77,6600,0,1
2026-09-14T07,72,2,1.76,0,51721,1
2026-09-14T07,72,2,1.77,0,101167,1
2026-09-14T07,72,2,1.78,0,39211,1
2026-09-14T07,72,2,1.8,405829,0,1
2026-09-14T07,72,3,1.79,0,670,1
2026-09-14T07,72,3,1.8,0,50000,1
2026-09-14T07,72,4,1.81,52690,0,1
2026-09-14T08,72,0,1.64,0,50,1
2026-09-14T08,72,0,1.65,9399,7603,3
2026-09-14T08,72,0,1.66,27182,0,3
2026-09-14T08,72,0,1.67,15790,0,1
2026-09-14T08,72,1,1.68,0,644,1
2026-09-14T08,72,1,1.69,4556,0,1
2026-09-14T08,72,2,1.74,0,78955,1
2026-09-14T08,72,5,2.45,50000,0,1
2026-09-14T09,72,0,1.64,500,0,1
2026-09-14T09,72,0,1.65,0,11078,1
2026-09-14T09,72,0,1.66,3000,4352,3
2026-09-14T09,72,0,1.67,42487,17961,3
2026-09-14T09,72,0,1.68,0,1034,1
2026-09-14T09,72,0,1.69,0,10000,1
2026-09-14T09,72,0,1.7,0,60886,2
2026-09-14T09,72,0,1.71,8555,0,1
2026-09-14T09,72,1,1.69,0,10444,2
2026-09-14T09,72,2,1.71,8430,37148,2
2026-09-14T09,72,2,1.72,0,7699,1
2026-09-14T09,72,2,1.73,0,3946,1
2026-09-14T09,72,2,1.78,67937,2063,2
2026-09-14T09,72,2,1.79,6177,0,1
2026-09-14T09,72,3,1.74,0,6245,1
2026-09-14T09,72,3,1.75,0,7025,1
2026-09-14T10,72,0,1.64,1105,6671,3
2026-09-14T10,72,0,1.65,17122,34948,4
2026-09-14T10,72,0,1.66,4506,26339,3
2026-09-14T10,72,0,1.67,0,743,1
2026-09-14T10,72,0,1.68,0,6476,1
2026-09-14T10,72,0,1.69,0,1435,2
2026-09-14T10,72,0,1.7,0,3,1
2026-09-14T10,72,0,1.71,0,3566,1
2026-09-14T10,72,0,1.72,111938,47345,5
2026-09-14T10,72,1,1.73,34485,0,3
2026-09-14T10,72,2,1.79,0,161034,2
2026-09-14T10,72,2,1.8,231128,223085,3
2026-09-14T10,72,3,1.8,0,21633,1
2026-09-14T10,72,4,1.81,85890,74794,2
2026-09-14T11,72,0,1.69,5876,3000,2
2026-09-14T11,72,0,1.7,46336,0,2
2026-09-14T11,72,0,1.71,0,161,1
2026-09-14T11,72,0,1.72,0,16572,2
2026-09-14T11,72,0,1.73,13237,63239,6
2026-09-14T11,72,0,1.74,10103,0,2
2026-09-14T11,72,1,1.73,2372,65750,2
2026-09-14T11,72,1,1.76,0,2683,1
2026-09-14T11,72,1,1.77,87317,0,1
2026-09-14T11,72,2,1.7,0,5000,1
2026-09-14T11,72,2,1.8,208751,0,2
2026-09-14T11,72,3,1.8,0,11273,1
2026-09-14T11,72,4,1.8,0,177026,1
2026-09-14T11,72,5,2.45,11988,0,1
2026-09-14T12,72,0,1.65,2176,0,1
2026-09-14T12,72,0,1.67,0,2763,1
2026-09-14T12,72,0,1.68,24690,4559,3
2026-09-14T12,72,0,1.69,58,11620,2
2026-09-14T12,72,1,1.77,14931,69,2
2026-09-14T12,72,2,1.79,0,16950,1
2026-09-14T12,72,2,1.8,14910,0,2
2026-09-14T12,72,3,1.8,0,7790,1
2026-09-14T12,72,4,1.81,41874,0,1
2026-09-14T13,72,0,1.64,0,660,1
2026-09-14T13,72,0,1.65,0,78853,2
2026-09-14T13,72,0,1.66,78522,11935,5
2026-09-14T13,72,1,1.74,31000,9000,2
2026-09-14T13,72,1,1.75,48390,0,1
2026-09-14T13,72,2,1.8,33293,0,1
2026-09-14T13,72,3,1.79,0,8664,1
2026-09-14T13,72,3,1.8,78120,0,1
2026-09-14T14,72,0,1.63,0,21838,2
2026-09-14T14,72,0,1.64,0,8500,1
2026-09-14T14,72,0,1.65,0,19309,1
2026-09-14T14,72,0,1.66,14050,5840,2
2026-09-14T14,72,0,1.67,0,10858,4
2026-09-14T14,72,0,1.68,866,10799,3
2026-09-14T14,72,0,1.69,7282,227738,5
2026-09-14T14,72,0,1.7,47554,0,2
2026-09-14T14,72,1,1.74,26649,15844,2
2026-09-14T14,72,1,1.75,4156,0,1
2026-09-14T14,72,2,1.78,1808,3543,2
2026-09-14T14,72,2,1.79,0,51247,1
2026-09-14T14,72,2,1.8,308195,0,1
2026-09-14T14,72,3,1.8,86784,137015,2
2026-09-14T14,72,3,1.82,48456,0,1
2026-09-14T14,72,4,1.81,0,78126,1
2026-09-14T14,72,4,1.82,0,883762,1
2026-09-14T14,72,4,1.83,0,169630,1
2026-09-14T14,72,4,1.84,0,231815,1
2026-09-14T14,72,6,2.4,19104,0,1
2026-09-14T15,72,0,1.6,0,9026,1
2026-09-14T15,72,0,1.63,0,1479,1
2026-09-14T15,72,0,1.64,8521,1479,2
2026-09-14T15,72,0,1.65,3601,0,2
2026-09-14T15,72,0,1.68,3002,0,2
2026-09-14T15,72,1,1.74,0,8000,1
2026-09-14T15,72,1,1.75,15697,0,1
2026-09-14T15,72,2,1.78,0,909,2
2026-09-14T15,72,2,1.79,0,3585,1
2026-09-14T15,72,2,1.8,6176,0,1
2026-09-14T15,72,3,1.81,0,200000,1
2026-09-14T16,72,0,1.62,0,2837,1
2026-09-14T16,72,0,1.63,18727,18045,3
2026-09-14T16,72,0,1.65,44880,173199,3
2026-09-14T16,72,1,1.69,0,6346,1
2026-09-14T16,72,1,1.7,0,5,1
2026-09-14T16,72,1,1.74,6668,0,1
2026-09-14T16,72,1,1.75,3499,0,1
2026-09-14T16,72,2,1.75,0,11492,1
2026-09-14T16,72,2,1.76,0,5253,1
2026-09-14T16,72,2,1.77,0,2317,1
2026-09-14T16,72,2,1.8,20383,0,1
2026-09-14T17,72,0,1.61,0,32146,2
2026-09-14T17,72,0,1.62,10624,51001,3
2026-09-14T17,72,0,1.63,0,73919,3
2026-09-14T17,72,0,1.64,155393,0,5
2026-09-14T17,72,2,1.75,0,9469,1
2026-09-14T17,72,2,1.76,16230,0,1
2026-09-14T18,72,0,1.49,0,32661,1
2026-09-14T18,72,0,1.5,0,28135,1
2026-09-14T18,72,0,1.62,0,10005,2
2026-09-14T18,72,0,1.63,21260,18857,2
2026-09-14T18,72,0,1.64,0,3920,1
2026-09-14T18,72,0,1.65,0,5615,3
2026-09-14T18,72,0,1.66,0,25984,3
2026-09-14T18,72,0,1.67,0,101764,3
2026-09-14T18,72,0,1.68,65764,38700,7
2026-09-14T18,72,0,1.69,93120,7218,3
2026-09-14T18,72,1,1.7,0,16000,1
2026-09-14T18,72,1,1.73,0,52773,1
2026-09-14T18,72,1,1.74,0,43048,2
2026-09-14T18,72,1,1.75,60197,0,2
2026-09-14T18,72,2,1.76,23954,16678,2
2026-09-14T18,72,2,1.77,0,30000,1
2026-09-14T18,72,2,1.78,0,37172,1
2026-09-14T18,72,3,1.79,19329,0,2
2026-09-14T18,72,4,1.84,0,76172,1
2026-09-14T18,72,4,1.85,0,100000,1
2026-09-14T18,72,4,1.88,0,1044228,2
2026-09-14T19,72,0,1.64,0,400,1
2026-09-14T19,72,0,1.65,0,20500,2
2026-09-14T19,72,0,1.66,1406,2465,3
2026-09-14T19,72,0,1.67,0,29425,4
2026-09-14T19,72,0,1.68,0,48286,5
2026-09-14T19,72,0,1.69,181764,9179,6
2026-09-14T19,72,1,1.75,93591,76580,6
2026-09-14T19,72,1,1.76,0,100000,1
2026-09-14T19,72,1,1.77,20275,0,2
2026-09-14T19,72,2,1.8,33579,0,1
2026-09-14T19,72,3,1.79,0,9575,1
2026-09-14T19,72,3,1.8,0,39890,1
2026-09-14T19,72,3,1.81,23249,61549,2
2026-09-14T19,72,4,1.89,90100,0,2
2026-09-14T19,72,6,2.4,21040,0,2
2026-09-14T20,72,0,1.64,0,1998,1
2026-09-14T20,72,0,1.65,76957,0,5
2026-09-14T20,72,0,1.68,4360,7600,2
2026-09-14T20,72,0,1.69,22036,2204,3
2026-09-14T20,72,2,1.8,0,131338,1
2026-09-14T20,72,3,1.79,0,6618,1
2026-09-14T20,72,3,1.8,0,162900,2
2026-09-14T20,72,3,1.81,127548,90054,3
2026-09-14T20,72,3,1.82,63964,0,1
2026-09-14T20,72,10,3.95,0,9999,1
2026-09-14T20,72,10,4.0,0,25000,1
2026-09-14T21,72,0,1.65,4376,4892,3
2026-09-14T21,72,0,1.66,0,17962,2
2026-09-14T21,72,0,1.67,0,22400,1
2026-09-14T21,72,0,1.68,15256,25526,7
2026-09-14T21,72,0,1.69,4384,161810,5
2026-09-14T21,72,0,1.7,2164,82153,3
2026-09-14T21,72,1,1.73,0,18547,1
2026-09-14T21,72,2,1.76,0,8274,1
2026-09-14T21,72,2,1.77,86564,0,3
2026-09-14T22,72,0,1.65,107598,0,1
2026-09-14T22,72,0,1.68,1001,833,2
2026-09-14T22,72,0,1.69,0,8977,1
2026-09-14T22,72,0,1.7,0,111177,3
2026-09-14T22,72,0,1.72,0,15698,2
2026-09-14T22,72,0,1.74,0,73009,4
2026-09-14T22,72,1,1.74,0,3700,1
2026-09-14T22,72,1,1.75,6661,0,1
2026-09-14T22,72,2,1.77,72600,0,1
2026-09-14T22,72,4,1.87,0,235597,1
2026-09-14T23,72,0,1.63,0,2164,1
2026-09-14T23,72,0,1.64,0,1162,1
2026-09-14T23,72,0,1.65,0,372,2
2026-09-14T23,72,0,1.67,7264,10370,2
2026-09-14T23,72,0,1.68,7370,17248,4
2026-09-14T23,72,0,1.69,8500,0,2
2026-09-14T23,72,1,1.66,15202,8526,4
2026-09-14T23,72,1,1.7,0,20000,1
2026-09-14T23,72,1,1.73,0,10361,1
2026-09-14T23,72,1,1.75,4000,12969,2
2026-09-14T23,72,1,1.76,7564,0,1
2026-09-14T23,72,4,1.88,0,53395,1
2026-09-14T23,72,4,1.89,47631,0,1
2026-09-15T00,72,0,1.64,250,0,1
2026-09-15T00,72,0,1.67,10790,8857,5
2026-09-15T00,72,0,1.68,68857,0,4
2026-09-15T00,72,1,1.75,0,9654,1
2026-09-15T00,72,2,1.75,0,25590,1
2026-09-15T00,72,2,1.76,41446,0,1
2026-09-15T00,72,3,1.8,30484,0,1
2026-09-15T01,72,0,1.64,0,50,1
2026-09-15T01,72,0,1.65,0,10610,1
2026-09-15T01,72,0,1.66,0,2428,1
2026-09-15T01,72,0,1.67,0,1813,2
2026-09-15T01,72,0,1.68,25072,174185,8
2026-09-15T01,72,0,1.69,27592,0,2
2026-09-15T01,72,2,1.75,0,1863,1
2026-09-15T01,72,2,1.76,6671,0,1
2026-09-15T02,72,0,1.67,0,223,1
2026-09-15T02,72,0,1.68,63969,0,4
2026-09-15T02,72,2,1.76,22373,3030,2
2026-09-15T02,72,2,1.77,0,47,1
2026-09-15T02,72,2,1.78,0,5000,1
2026-09-15T02,72,2,1.79,9300,0,1
2026-09-15T02,72,3,1.79,15883,1717,2
2026-09-15T02,72,3,1.8,264533,204983,2
2026-09-15T02,72,3,1.81,0,200000,1
2026-09-15T02,72,3,1.82,0,510660,1
2026-09-15T03,72,0,1.66,0,546,1
2026-09-15T03,72,0,1.67,29111,46931,4
2026-09-15T03,72,0,1.68,21922,58355,3
2026-09-15T03,72,0,1.69,86486,86858,5
2026-09-15T03,72,1,1.69,0,2500,1
2026-09-15T03,72,1,1.7,0,10000,1
2026-09-15T03,72,1,1.74,0,27045,1
2026-09-15T03,72,1,1.75,375915,212789,4
2026-09-15T03,72,1,1.76,0,11436,1
2026-09-15T03,72,1,1.78,0,1000000,1
2026-09-15T03,72,2,1.79,0,15700,1
2026-09-15T03,72,3,1.84,47952,0,1
2026-09-15T04,72,0,1.66,0,50,1
2026-09-15T04,72,0,1.67,15353,23554,3
2026-09-15T04,72,0,1.68,2095,6405,2
2026-09-15T04,72,0,1.69,16046,50992,6
2026-09-15T04,72,0,1.7,0,57451,1
2026-09-15T04,72,0,1.73,0,14000,1
2026-09-15T04,72,0,1.74,0,10000,1
2026-09-15T04,72,0,1.75,48651,133889,10
2026-09-15T04,72,0,1.76,2849,6083,2
2026-09-15T04,72,1,1.73,5000,173773,2
2026-09-15T04,72,1,1.74,0,13296,1
2026-09-15T04,72,1,1.75,0,9763,1
2026-09-15T04,72,2,1.78,544,0,1
2026-09-15T04,72,3,1.84,0,484145,1
2026-09-15T04,72,6,2.4,81516,0,2
2026-09-15T04,72,8,2.7,0,152332,1
2026-09-15T04,72,9,2.7,0,851052,1
2026-09-15T05,72,0,1.7,0,3000,1
2026-09-15T05,72,0,1.75,0,6500,2
2026-09-15T05,72,0,1.76,62028,122053,9
2026-09-15T05,72,0,1.77,0,800,1
2026-09-15T05,72,0,1.78,0,536,1
2026-09-15T05,72,1,1.79,103294,101105,6
2026-09-15T05,72,2,1.78,0,39394,2
2026-09-15T05,72,2,1.79,0,3608,2
2026-09-15T06,72,0,1.76,0,14800,1
2026-09-15T06,72,0,1.78,1000,0,1
2026-09-15T06,72,1,1.76,472,0,1
2026-09-15T06,72,1,1.77,218773,0,2
2026-09-15T06,72,1,1.79,10700,0,1
2026-09-15T06,72,2,1.78,189550,0,1
2026-09-15T06,72,5,2.45,17059,0,1
2026-09-15T06,72,6,2.4,0,52941,1
2026-09-15T06,72,10,3.5,22,0,1
2026-09-15T11,72,0,1.7,0,7264,1
2026-09-15T11,72,0,1.71,0,8056,1
2026-09-15T11,72,0,1.72,3070,28610,2
2026-09-15T11,72,0,1.75,0,1500,1
2026-09-15T11,72,0,1.76,0,136500,1
2026-09-15T11,72,0,1.78,0,49258,2
2026-09-15T11,72,1,1.76,0,59528,1
2026-09-15T11,72,1,1.77,0,100482,1
2026-09-15T11,72,1,1.79,90118,232559,2
2026-09-15T11,72,1,1.9,0,2134,1
2026-09-15T11,72,2,1.78,0,44847,1
2026-09-15T11,72,2,1.79,0,235438,1
2026-09-15T11,72,2,1.8,0,9657,1
2026-09-15T11,72,2,1.82,0,422132,3
2026-09-15T11,72,2,1.84,0,9117,1
2026-09-15T11,72,3,1.83,0,15000,1
2026-09-15T11,72,3,1.84,0,150000,1
2026-09-15T11,72,3,1.85,321765,0,1
2026-09-15T11,72,5,2.4,0,50000,1
2026-09-15T11,72,5,2.45,14224,0,1
2026-09-15T11,72,6,2.5,22722,0,1
2026-09-15T12,72,0,1.65,0,68243,1
2026-09-15T12,72,0,1.66,0,5000,1
2026-09-15T12,72,0,1.67,0,100,1
2026-09-15T12,72,0,1.68,4568,4506,4
2026-09-15T12,72,0,1.69,2570,5860,3
2026-09-15T12,72,0,1.7,0,50100,2
2026-09-15T12,72,0,1.71,9700,27551,3
2026-09-15T12,72,0,1.72,0,40659,2
2026-09-15T12,72,0,1.73,64312,53215,3
2026-09-15T12,72,0,1.74,30025,0,2
2026-09-15T12,72,1,1.77,83350,0,1
2026-09-15T12,72,1,1.79,7700,0,1
2026-09-15T12,72,2,1.82,0,10577,1
2026-09-15T12,72,2,1.83,0,85274,2
2026-09-15T12,72,2,1.84,10107,0,1
2026-09-15T12,72,5,2.4,11988,0,1
2026-09-15T13,72,0,1.5,0,10,1
2026-09-15T13,72,0,1.74,21460,66946,3
2026-09-15T13,72,0,1.75,0,1577,2
2026-09-15T13,72,0,1.76,95507,0,5
2026-09-15T13,72,1,1.76,818,20277,3
2026-09-15T13,72,1,1.77,58330,8101,2
2026-09-15T13,72,1,1.79,18804,0,1
2026-09-15T13,72,2,1.82,20000,7184,2
2026-09-15T13,72,2,1.83,0,6000,1
2026-09-15T13,72,2,1.84,0,50750,1
2026-09-15T13,72,3,1.85,23044,0,2
2026-09-15T13,72,4,1.86,86000,0,1
2026-09-15T13,72,5,2.4,32000,0,1
2026-09-15T14,72,0,1.65,0,44270,1
2026-09-15T14,72,0,1.75,17070,38312,5
2026-09-15T14,72,0,1.76,180434,0,3
2026-09-15T14,72,1,1.69,15000,0,1
2026-09-15T14,72,1,1.7,0,97748,1
2026-09-15T14,72,1,1.76,0,8362,2
2026-09-15T14,72,1,1.78,1,0,1
2026-09-15T14,72,2,1.83,0,9856,1
2026-09-15T14,72,2,1.84,29100,0,1
2026-09-15T14,72,3,1.85,128650,0,1
2026-09-15T14,72,6,2.5,25210,0,1
2026-09-15T15,72,0,1.68,0,1611,2
2026-09-15T15,72,0,1.69,11547,12210,4
2026-09-15T15,72,0,1.7,2200,5265,3
2026-09-15T15,72,0,1.72,21754,0,2
2026-09-15T15,72,0,1.75,0,656,1
2026-09-15T15,72,0,1.76,16450,0,1
2026-09-15T15,72,1,1.69,0,628145,1
2026-09-15T15,72,1,1.7,6668,3332,2
2026-09-15T15,72,1,1.77,0,10000,1
2026-09-15T15,72,1,1.78,0,12405,1
2026-09-15T15,72,1,1.79,26183,0,2
2026-09-15T15,72,2,1.82,3116,0,1
2026-09-15T15,72,2,1.83,3618,0,1
2026-09-15T15,72,3,1.85,0,18429,1
2026-09-15T15,72,4,1.86,42547,0,2
2026-09-15T16,72,0,1.64,3737,53009,2
2026-09-15T16,72,0,1.65,0,7278,1
2026-09-15T16,72,0,1.7,0,4000,1
2026-09-15T16,72,0,1.71,0,14063,2
2026-09-15T16,72,0,1.72,0,9348,3
2026-09-15T16,72,0,1.73,988,61813,5
2026-09-15T16,72,0,1.74,6318,0,2
2026-09-15T16,72,1,1.73,0,3,1
2026-09-15T16,72,1,1.74,8658,11342,3
2026-09-15T16,72,1,1.79,0,29218,1
2026-09-15T16,72,2,1.82,0,156095,1
2026-09-15T16,72,2,1.83,0,947,1
2026-09-15T16,72,2,1.84,0,90862,1
2026-09-15T16,72,3,1.85,52096,147904,2
2026-09-15T16,72,4,1.86,13000,0,1
2026-09-15T16,72,5,2.4,0,186012,1
2026-09-15T17,72,0,1.69,0,47685,1
2026-09-15T17,72,0,1.7,0,8500,1
2026-09-15T17,72,0,1.71,19950,0,1
2026-09-15T17,72,0,1.73,0,11710,2
2026-09-15T17,72,0,1.74,0,33682,2
2026-09-15T17,72,0,1.75,80296,0,3
2026-09-15T17,72,1,1.79,21570,0,1
2026-09-15T17,72,1,1.8,2630,0,1
2026-09-15T17,72,5,2.45,10000,0,1
2026-09-15T18,72,0,1.66,500,2500,2
2026-09-15T18,72,0,1.67,0,12310,1
2026-09-15T18,72,0,1.68,0,30801,2
2026-09-15T18,72,0,1.69,20005,19619,8
2026-09-15T18,72,0,1.7,0,2810,2
2026-09-15T18,72,0,1.71,0,2311,1
2026-09-15T18,72,0,1.72,0,13292,1
2026-09-15T18,72,0,1.73,0,438,1
2026-09-15T18,72,0,1.74,489,0,1
2026-09-15T18,72,1,1.7,10675,4225,3
2026-09-15T18,72,1,1.79,12415,0,1
2026-09-15T18,72,2,1.8,28770,0,1
2026-09-15T19,72,0,1.68,0,6245,1
2026-09-15T19,72,0,1.69,1195,35012,4
2026-09-15T19,72,0,1.7,0,29760,2
2026-09-15T19,72,0,1.74,0,67370,1
2026-09-15T19,72,0,1.75,29706,35153,4
2026-09-15T19,72,0,1.76,40314,131728,6
2026-09-15T19,72,0,1.77,21113,10,3
2026-09-15T19,72,1,1.79,0,6811,1
2026-09-15T19,72,1,1.8,0,97370,1
2026-09-15T19,72,1,1.81,0,19116,1
2026-09-15T19,72,1,1.82,37324,0,1
2026-09-15T19,72,1,1.83,9409,0,1
2026-09-15T19,72,2,1.77,0,354,1
2026-09-15T19,72,2,1.78,0,55101,1
2026-09-15T19,72,2,1.79,0,90462,1
2026-09-15T19,72,2,1.8,0,41230,1
2026-09-15T19,72,2,1.83,0,100591,2
2026-09-15T19,72,2,1.84,57980,85000,4
2026-09-15T19,72,3,1.85,149766,257451,3
2026-09-15T19,72,3,1.86,20000,0,1
2026-09-15T19,72,4,1.86,0,37461,1
2026-09-15T19,72,4,1.87,347135,0,1
2026-09-15T19,72,5,2.45,31880,0,2
2026-09-15T20,72,0,1.62,3320,0,1
2026-09-15T20,72,0,1.74,0,10000,1
2026-09-15T20,72,0,1.75,0,16400,1
2026-09-15T20,72,0,1.76,17698,30712,5
2026-09-15T20,72,0,1.77,71691,33448,6
2026-09-15T20,72,0,1.78,16515,0,1
2026-09-15T20,72,3,1.85,0,18122,1
2026-09-15T20,72,3,1.86,31814,0,2
2026-09-15T21,72,0,1.61,0,21086,3
2026-09-15T21,72,0,1.62,991,936,2
2026-09-15T21,72,0,1.63,0,6427,2
2026-09-15T21,72,0,1.64,0,2282,1
2026-09-15T21,72,0,1.65,0,45,1
2026-09-15T21,72,0,1.76,0,13685,1
2026-09-15T21,72,0,1.77,979,24021,3
2026-09-15T21,72,0,1.78,14198,1827,5
2026-09-15T21,72,1,1.8,0,33428,2
2026-09-15T21,72,2,1.82,0,16371,1
2026-09-15T21,72,2,1.83,12579,0,1
2026-09-15T21,72,3,1.84,76048,0,1
2026-09-15T21,72,4,1.87,106243,0,4
2026-09-15T22,72,0,1.75,0,5977,1
2026-09-15T22,72,0,1.76,0,10884,1
2026-09-15T22,72,0,1.77,0,1000,1
2026-09-15T22,72,0,1.78,0,20000,1
2026-09-15T22,72,0,1.79,0,3220,1
2026-09-15T22,72,0,1.8,0,34988,10
2026-09-15T22,72,1,1.8,40998,21434,3
2026-09-15T22,72,2,1.81,68692,0,4
2026-09-15T22,72,4,1.87,0,125678,1
2026-09-15T22,72,4,1.88,32272,0,1
2026-09-16T04,72,0,1.72,0,5890,1
2026-09-16T04,72,0,1.73,1259,0,1
2026-09-16T04,72,0,1.77,0,500,1
2026-09-16T04,72,0,1.78,0,467,1
2026-09-16T04,72,0,1.79,12729,3568,2
2026-09-16T04,72,0,1.8,0,202,1
2026-09-16T04,72,1,1.74,858,0,1
2026-09-16T04,72,1,1.81,0,6263,1
2026-09-16T04,72,1,1.82,90,0,1
2026-09-16T04,72,2,1.8,0,12194,1
2026-09-16T04,72,2,1.81,0,78272,1
2026-09-16T04,72,2,1.82,0,150000,1
2026-09-16T04,72,2,1.83,52264,3211,2
2026-09-16T04,72,2,1.84,578653,0,1
2026-09-16T04,72,3,1.83,0,200000,1
2026-09-16T04,72,3,1.84,0,236146,1
2026-09-16T04,72,4,1.88,34164,91289,2
2026-09-16T04,72,5,2.4,67132,0,1
2026-09-16T04,72,8,2.6,0,30292,1
2026-09-16T05,72,0,1.64,8000,0,1
2026-09-16T05,72,0,1.67,0,540,1
2026-09-16T05,72,0,1.68,37725,0,3
2026-09-16T05,72,0,1.69,0,500,1
2026-09-16T05,72,0,1.72,0,10000,1
2026-09-16T05,72,0,1.73,41458,7983,3
2026-09-16T05,72,0,1.74,151019,15000,2
2026-09-16T05,72,1,1.74,500,15248,2
2026-09-16T05,72,1,1.75,0,15000,1
2026-09-16T05,72,1,1.76,0,2836,1
2026-09-16T05,72,1,1.77,27024,0,3
2026-09-16T05,72,2,1.83,5000,0,1
2026-09-16T06,72,0,1.62,0,1382,1
2026-09-16T06,72,0,1.63,0,300,1
2026-09-16T06,72,0,1.64,0,1933,1
2026-09-16T06,72,0,1.65,0,17490,2
2026-09-16T06,72,0,1.66,0,7902,3
2026-09-16T06,72,0,1.67,0,1495,1
2026-09-16T06,72,0,1.68,17034,149168,5
2026-09-16T06,72,0,1.69,0,40486,2
2026-09-16T06,72,0,1.7,38998,4724,5
2026-09-16T06,72,0,1.74,42278,0,1
2026-09-16T06,72,1,1.76,0,62585,1
2026-09-16T06,72,1,1.77,31215,0,1
2026-09-16T06,72,2,1.81,0,10000,1
2026-09-16T06,72,2,1.82,44788,0,1
2026-09-16T07,72,0,1.71,0,1150,1
2026-09-16T07,72,0,1.72,12200,27800,2
2026-09-16T07,72,0,1.73,0,2000,1
2026-09-16T07,72,0,1.74,2906,2898,4
2026-09-16T07,72,0,1.75,174184,51629,9
2026-09-16T07,72,1,1.76,0,109464,1
2026-09-16T07,72,1,1.77,11666,0,2
2026-09-16T07,72,2,1.81,109454,0,1
2026-09-16T08,72,0,1.72,0,5000,1
2026-09-16T08,72,0,1.73,0,2142,1
2026-09-16T08,72,0,1.74,0,49480,2
2026-09-16T08,72,0,1.75,12200,14659,3
2026-09-16T08,72,0,1.76,0,3010,1
2026-09-16T08,72,1,1.77,8697,0,2
2026-09-16T08,72,2,1.78,2596,0,2
2026-09-16T08,72,3,1.81,65878,0,1
2026-09-16T09,72,0,1.73,1006,9221,3
2026-09-16T09,72,0,1.74,779,0,1
2026-09-16T09,72,0,1.75,20000,19348,4
2026-09-16T09,72,0,1.76,13473,4624,4
2026-09-16T09,72,1,1.76,0,2683,1
2026-09-16T09,72,4,1.85,131328,0,2
2026-09-16T09,72,5,2.4,14384,0,1
2026-09-16T10,72,0,1.73,36086,10371,6
2026-09-16T10,72,0,1.74,37200,8100,4
2026-09-16T10,72,1,1.76,6630,40448,2
2026-09-16T10,72,1,1.77,23330,0,1
2026-09-16T10,72,2,1.76,0,32940,1
2026-09-16T10,72,2,1.77,19784,60832,3
2026-09-16T10,72,2,1.78,15784,23823,3
2026-09-16T10,72,3,1.79,444361,0,2
2026-09-16T11,72,0,1.6,0,43000,1
2026-09-16T11,72,0,1.64,0,347,1
2026-09-16T11,72,0,1.65,0,18520,1
2026-09-16T11,72,0,1.67,0,1667,1
2026-09-16T11,72,0,1.68,0,10000,1
2026-09-16T11,72,0,1.69,0,34228,1
2026-09-16T11,72,0,1.7,4887,15874,2
2026-09-16T11,72,0,1.71,0,6994,2
2026-09-16T11,72,0,1.72,109047,0,5
2026-09-16T11,72,2,1.74,10000,0,1
2026-09-16T11,72,2,1.77,10000,0,1
2026-09-16T11,72,3,1.78,0,29471,1
2026-09-16T11,72,3,1.79,0,105297,1
2026-09-16T11,72,3,1.8,20432,0,1
2026-09-16T11,72,4,1.85,21064,0,1
2026-09-16T12,72,0,1.67,0,2745,1
2026-09-16T12,72,0,1.68,9755,0,1
2026-09-16T12,72,0,1.7,0,535,1
2026-09-16T12,72,0,1.71,27779,0,4
2026-09-16T12,72,1,1.74,0,9364,1
2026-09-16T12,72,1,1.75,8667,0,1
2026-09-16T12,72,2,1.74,0,91167,1
2026-09-16T12,72,2,1.75,0,47620,1
2026-09-16T12,72,3,1.8,0,28305,1
2026-09-16T12,72,3,1.81,0,134122,1
2026-09-16T12,72,3,1.83,0,150000,1
2026-09-16T12,72,3,1.84,154736,165577,2
2026-09-16T12,72,4,1.85,0,47608,1
2026-09-16T12,72,4,1.86,0,328023,1
2026-09-16T12,72,5,2.4,11988,0,1
2026-09-16T13,72,0,1.64,0,632,1
2026-09-16T13,72,0,1.65,0,4100,2
2026-09-16T13,72,0,1.66,0,3000,1
2026-09-16T13,72,0,1.67,0,5902,1
2026-09-16T13,72,0,1.68,0,10245,1
2026-09-16T13,72,0,1.69,886,50502,3
2026-09-16T13,72,0,1.7,2313,7887,3
2026-09-16T13,72,0,1.71,8446,44365,3
2026-09-16T13,72,0,1.72,90746,8,5
2026-09-16T13,72,1,1.74,0,14329,1
2026-09-16T13,72,1,1.75,0,44179,3
2026-09-16T13,72,1,1.76,51370,0,2
2026-09-16T13,72,2,1.74,0,8124,1
2026-09-16T13,72,2,1.75,0,197314,1
2026-09-16T13,72,2,1.76,0,26204,1
2026-09-16T13,72,2,1.77,0,167,1
2026-09-16T13,72,2,1.78,3779,46750,2
2026-09-16T13,72,2,1.79,0,197478,1
2026-09-16T13,72,2,1.8,0,87375,2
2026-09-16T13,72,2,1.81,51265,0,1
2026-09-16T14,72,0,1.59,0,43,1
2026-09-16T14,72,0,1.66,0,3499,2
2026-09-16T14,72,0,1.67,723,10599,3
2026-09-16T14,72,0,1.68,46633,18240,3
2026-09-16T14,72,1,1.74,14936,15683,2
2026-09-16T14,72,2,1.78,20000,0,1
2026-09-16T14,72,6,2.5,21210,0,1
2026-09-16T15,72,0,1.63,0,676,1
2026-09-16T15,72,0,1.64,0,62986,1
2026-09-16T15,72,0,1.65,14005,156784,3
2026-09-16T15,72,0,1.66,0,15314,1
2026-09-16T15,72,0,1.67,0,2367,3
2026-09-16T15,72,0,1.68,25302,67387,4
2026-09-16T15,72,0,1.69,0,17016,3
2026-09-16T15,72,0,1.7,0,168309,3
2026-09-16T15,72,0,1.71,0,18728,3
2026-09-16T15,72,0,1.72,19922,145791,4
2026-09-16T15,72,0,1.73,0,193696,2
2026-09-16T15,72,0,1.74,0,308372,3
2026-09-16T15,72,0,1.75,9322,678,2
2026-09-16T15,72,1,1.74,0,4811,1
2026-09-16T15,72,1,1.75,45189,89676,5
2026-09-16T15,72,1,1.76,101058,0,2
2026-09-16T15,72,2,1.78,113447,197226,3
2026-09-16T15,72,2,1.79,0,204292,2
2026-09-16T15,72,2,1.8,0,40734,1
2026-09-16T15,72,2,1.81,5404,73990,2
2026-09-16T15,72,3,1.8,0,120000,1
2026-09-16T15,72,4,1.87,0,278302,1
2026-09-16T16,72,0,1.7,0,18270,1
2026-09-16T16,72,0,1.73,0,20000,2
2026-09-16T16,72,0,1.74,6422,3674,3
2026-09-16T16,72,0,1.75,105810,35964,4
2026-09-16T16,72,1,1.64,90575,0,4
2026-09-16T16,72,1,1.7,1800,0,1
2026-09-16T16,72,1,1.75,2922,0,1
2026-09-16T16,72,1,1.76,31212,0,2
2026-09-16T16,72,2,1.8,0,5356,1
2026-09-16T16,72,2,1.81,39198,0,1
2026-09-16T16,72,3,1.81,0,200000,1
2026-09-16T17,72,0,1.61,200,5190,2
2026-09-16T17,72,0,1.62,1231,3473,4
2026-09-16T17,72,0,1.63,0,1469,1
2026-09-16T17,72,1,1.63,24862,31533,2
2026-09-16T17,72,1,1.64,131776,0,2
2026-09-16T17,72,2,1.8,16200,0,1
2026-09-16T17,72,5,2.35,0,50000,1
2026-09-16T17,72,5,2.4,0,206496,1
2026-09-16T18,72,0,1.6,0,4883,1
2026-09-16T18,72,0,1.61,23578,75333,5
2026-09-16T18,72,0,1.62,71241,36267,6
2026-09-16T18,72,1,1.62,700,28799,2
2026-09-16T18,72,1,1.63,47920,6813,3
2026-09-16T18,72,1,1.64,1987,62000,2
2026-09-16T18,72,3,1.8,50000,0,1
2026-09-16T18,72,4,1.87,0,195509,1
2026-09-16T19,72,0,1.54,0,229,1
2026-09-16T19,72,0,1.55,0,68343,2
2026-09-16T19,72,0,1.56,0,5560,2
2026-09-16T19,72,0,1.57,0,32661,1
2026-09-16T19,72,0,1.58,150,2900,3
2026-09-16T19,72,0,1.59,0,3000,1
2026-09-16T19,72,0,1.6,0,2117,2
2026-09-16T19,72,0,1.61,29416,3023,2
2026-09-16T19,72,0,1.62,0,134000,2
2026-09-16T19,72,0,1.63,0,288,1
2026-09-16T19,72,0,1.67,0,3513,1
2026-09-16T19,72,0,1.68,67035,2869,4
2026-09-16T19,72,1,1.64,28896,17320,2
2026-09-16T19,72,1,1.7,11848,16352,3
2026-09-16T19,72,1,1.75,3648,0,1
2026-09-16T19,72,2,1.77,39240,109376,2
2026-09-16T19,72,2,1.79,28770,159211,2
2026-09-16T19,72,3,1.8,215110,734890,2
2026-09-16T19,72,4,1.88,1359,0,1
2026-09-16T19,72,5,2.4,29380,0,1
2026-09-16T21,72,0,1.68,6000,61322,3
2026-09-16T21,72,0,1.69,946,12063,2
2026-09-16T21,72,0,1.7,0,30000,1
2026-09-16T21,72,0,1.71,0,18606,1
2026-09-16T21,72,1,1.71,0,3255,1
2026-09-16T21,72,1,1.72,0,13367,1
2026-09-16T21,72,1,1.73,0,500000,1
2026-09-16T21,72,1,1.74,0,6967,1
2026-09-16T21,72,1,1.75,0,12430,1
2026-09-16T21,72,1,1.76,2000,16360,2
2026-09-16T21,72,1,1.78,58818,0,1
2026-09-16T21,72,2,1.76,0,112492,1
2026-09-16T21,72,2,1.77,0,10272,1
2026-09-16T21,72,2,1.78,0,2806,1
2026-09-16T21,72,2,1.79,0,268339,2
2026-09-16T21,72,3,1.81,50178,0,1
2026-09-16T22,72,0,1.68,182,8274,2
2026-09-16T22,72,0,1.69,0,34488,2
2026-09-16T22,72,0,1.7,0,37843,3
2026-09-16T22,72,0,1.71,0,461,1
2026-09-16T22,72,0,1.72,0,7462,1
2026-09-16T22,72,0,1.74,0,1746,1
2026-09-16T22,72,0,1.75,76097,0,4
2026-09-16T22,72,1,1.76,23980,0,3
2026-09-16T22,72,3,1.79,0,200000,1
2026-09-16T22,72,3,1.8,539550,0,1
2026-09-16T23,72,3,1.8,69000,0,1
2026-09-17T04,72,0,1.71,0,1000,1
2026-09-17T04,72,0,1.72,0,4308,1
2026-09-17T04,72,0,1.73,0,1961,1
2026-09-17T04,72,0,1.74,0,108771,1
2026-09-17T04,72,0,1.75,0,214518,3
2026-09-17T04,72,0,1.76,50178,0,1
2026-09-17T04,72,1,1.76,0,124020,1
2026-09-17T04,72,1,1.77,0,123839,1
2026-09-17T04,72,1,1.78,0,3500,1
2026-09-17T04,72,2,1.8,0,399576,2
2026-09-17T04,72,3,1.8,0,141450,1
2026-09-17T04,72,3,1.81,0,249822,1
2026-09-17T04,72,3,1.82,0,500000,2
2026-09-17T04,72,4,1.87,0,80941,1
2026-09-17T04,72,5,2.4,60000,0,1
2026-09-17T05,72,0,1.68,0,400,1
2026-09-17T05,72,0,1.69,0,157,1
2026-09-17T05,72,0,1.72,0,10940,2
2026-09-17T05,72,0,1.73,33930,21991,7
2026-09-17T05,72,0,1.74,1028,33076,4
2026-09-17T05,72,0,1.75,0,16325,3
2026-09-17T05,72,0,1.76,27102,20992,3
2026-09-17T05,72,1,1.77,184125,0,4
2026-09-17T05,72,2,1.8,0,27184,1
2026-09-17T05,72,3,1.8,0,200000,1
2026-09-17T05,72,3,1.81,100000,0,1
2026-09-17T05,72,5,2.4,67132,0,1
2026-09-17T06,72,0,1.73,1,332,4
2026-09-17T06,72,0,1.74,84931,0,5
2026-09-17T06,72,2,1.79,0,147948,1
2026-09-17T06,72,2,1.8,183774,6907,2
2026-09-17T06,72,2,1.81,35814,10802,3
2026-09-17T06,72,3,1.81,42395,57605,2
2026-09-17T06,72,4,1.87,20000,0,1
2026-09-17T06,72,5,2.4,0,143488,1
2026-09-17T06,72,5,2.45,56512,0,1
2026-09-17T06,72,8,2.8,0,299640,1
2026-09-17T07,72,0,1.68,0,20943,2
2026-09-17T07,72,0,1.69,19682,3598,4
2026-09-17T07,72,0,1.7,0,300,1
2026-09-17T07,72,0,1.71,0,3500,1
2026-09-17T07,72,0,1.72,0,2706,1
2026-09-17T07,72,0,1.73,0,5000,1
2026-09-17T07,72,1,1.74,113851,0,2
2026-09-17T07,72,3,1.82,0,150000,1
2026-09-17T07,72,3,1.83,101570,10394,3
2026-09-17T07,72,3,1.84,190786,0,1
2026-09-17T07,72,4,1.87,90100,0,1
2026-09-17T08,72,0,1.69,0,17274,2
2026-09-17T08,72,0,1.71,0,2000,2
2026-09-17T08,72,0,1.72,32546,48454,4
2026-09-17T08,72,0,1.73,0,1000,1
2026-09-17T08,72,1,1.73,0,10000,1
2026-09-17T08,72,1,1.74,160169,0,6
2026-09-17T08,72,2,1.81,32912,0,2
2026-09-17T08,72,3,1.84,47952,0,1
2026-09-17T08,72,6,2.5,15000,0,1
2026-09-17T09,72,0,1.71,0,113056,1
2026-09-17T09,72,0,1.72,62792,164217,7
2026-09-17T09,72,0,1.73,16415,0,2
2026-09-17T09,72,1,1.68,0,4407,1
2026-09-17T09,72,1,1.69,0,3353,1
2026-09-17T09,72,1,1.74,0,333524,1
2026-09-17T09,72,1,1.75,0,42421,1
2026-09-17T09,72,1,1.76,0,81944,1
2026-09-17T09,72,1,1.77,0,7897,1
2026-09-17T09,72,1,1.79,0,127039,2
2026-09-17T09,72,1,1.8,4430,0,1
2026-09-17T09,72,2,1.8,14530,0,1
2026-09-17T09,72,3,1.82,179000,0,1
2026-09-17T10,72,0,1.71,0,2100,3
2026-09-17T10,72,0,1.72,18403,26082,6
2026-09-17T10,72,0,1.73,0,9046,2
2026-09-17T10,72,0,1.74,40872,6577,6
2026-09-17T10,72,2,1.79,0,13522,1
2026-09-17T10,72,2,1.8,5144,0,2
2026-09-17T10,72,5,2.45,64668,0,1
2026-09-17T11,72,0,1.57,0,8610,1
2026-09-17T11,72,0,1.58,0,3243,1
2026-09-17T11,72,0,1.59,0,15091,1
2026-09-17T11,72,0,1.6,5364,15487,3
2026-09-17T11,72,0,1.61,29375,0,3
2026-09-17T11,72,0,1.68,0,50,1
2026-09-17T11,72,1,1.74,0,73870,1
2026-09-17T11,72,1,1.75,34590,0,2
2026-09-17T11,72,2,1.77,10000,0,1
2026-09-17T11,72,3,1.82,173568,17432,2
2026-09-17T11,72,3,1.83,39144,778,2
2026-09-17T11,72,3,1.84,0,65956,1
2026-09-17T11,72,3,1.85,0,105000,2
2026-09-17T11,72,3,1.86,0,148186,1
2026-09-17T11,72,4,1.86,0,50154,1
2026-09-17T11,72,5,2.45,7192,0,1
2026-09-17T12,72,0,1.51,0,5,1
2026-09-17T12,72,0,1.58,0,10214,2
2026-09-17T12,72,0,1.59,9386,53976,3
2026-09-17T12,72,0,1.6,0,700,1
2026-09-17T12,72,0,1.61,0,100,1
2026-09-17T12,72,0,1.69,0,1000,1
2026-09-17T12,72,0,1.7,10280,5852,2
2026-09-17T12,72,0,1.71,0,5000,1
2026-09-17T12,72,0,1.72,17438,105171,3
2026-09-17T12,72,0,1.73,34034,20128,2
2026-09-17T12,72,0,1.74,38621,900,2
2026-09-17T12,72,1,1.74,102842,3953,4
2026-09-17T12,72,1,1.75,0,65410,1
2026-09-17T12,72,2,1.75,0,180258,2
2026-09-17T12,72,2,1.76,0,100000,1
2026-09-17T12,72,2,1.77,536,161207,2
2026-09-17T12,72,2,1.78,0,58335,1
2026-09-17T12,72,2,1.79,0,94590,1
2026-09-17T12,72,2,1.8,6787,0,1
2026-09-17T12,72,5,2.45,11988,0,1
2026-09-17T13,72,0,1.6,8000,7840,2
2026-09-17T13,72,0,1.63,0,1,1
2026-09-17T13,72,0,1.64,0,5000,1
2026-09-17T13,72,0,1.65,0,200,1
2026-09-17T13,72,0,1.66,0,35663,2
2026-09-17T13,72,0,1.67,7364,1323,3
2026-09-17T13,72,0,1.7,0,1323,1
2026-09-17T13,72,0,1.73,10004,0,1
2026-09-17T13,72,1,1.77,0,4779,1
2026-09-17T13,72,1,1.78,25671,21975,4
2026-09-17T13,72,2,1.78,2000,28575,2
2026-09-17T13,72,2,1.8,1000,0,1
2026-09-17T13,72,4,1.87,0,74451,1
2026-09-17T13,72,4,1.88,56877,0,1
2026-09-17T13,72,5,2.45,30000,0,1
2026-09-17T14,72,0,1.59,0,486,1
2026-09-17T14,72,0,1.6,0,60010,2
2026-09-17T14,72,0,1.67,0,2636,1
2026-09-17T14,72,0,1.68,22806,172834,3
2026-09-17T14,72,0,1.69,0,4000,1
2026-09-17T14,72,0,1.7,0,38490,2
2026-09-17T14,72,0,1.71,1230,12014,3
2026-09-17T14,72,0,1.72,0,1000,1
2026-09-17T14,72,0,1.73,16986,0,1
2026-09-17T14,72,1,1.77,0,36000,3
2026-09-17T14,72,1,1.78,33980,0,3
2026-09-17T14,72,2,1.79,0,2470,1
2026-09-17T14,72,2,1.8,0,772539,1
2026-09-17T14,72,5,2.4,0,50000,1
2026-09-17T14,72,5,2.45,0,94489,1
2026-09-17T14,72,6,2.5,0,715858,1
2026-09-17T15,72,0,1.6,5343,13669,2
2026-09-17T15,72,0,1.61,0,200,1
2026-09-17T15,72,0,1.62,0,1007,1
2026-09-17T15,72,0,1.69,0,8805,1
2026-09-17T15,72,0,1.7,0,27053,2
2026-09-17T15,72,0,1.71,0,6500,2
2026-09-17T15,72,0,1.72,0,10055,3
2026-09-17T15,72,0,1.73,16000,141009,4
2026-09-17T15,72,0,1.74,968,81571,6
2026-09-17T15,72,0,1.75,115048,85796,4
2026-09-17T15,72,0,1.76,0,33581,2
2026-09-17T15,72,0,1.78,15441,93866,4
2026-09-17T15,72,1,1.76,16680,33511,3
2026-09-17T15,72,1,1.77,0,13000,1
2026-09-17T15,72,1,1.78,0,4416,1
2026-09-17T15,72,2,1.8,26676,0,1
2026-09-17T15,72,2,1.81,0,27509,1
2026-09-17T15,72,2,1.82,0,160941,2
2026-09-17T15,72,2,1.83,16550,0,1
2026-09-17T15,72,3,1.85,0,3189,1
2026-09-17T15,72,3,1.86,28494,1885,2
2026-09-17T16,72,0,1.72,500,17452,2
2026-09-17T16,72,0,1.75,0,300,1
2026-09-17T16,72,0,1.76,0,23868,2
2026-09-17T16,72,0,1.77,0,8600,2
2026-09-17T16,72,0,1.78,199338,0,7
2026-09-17T16,72,1,1.77,0,2000,1
2026-09-17T16,72,1,1.78,11120,1848,4
2026-09-17T16,72,1,1.79,20272,6563,3
2026-09-17T16,72,2,1.8,3334,179401,2
2026-09-17T16,72,2,1.81,0,10718,1
2026-09-17T16,72,2,1.83,0,117816,1
2026-09-17T16,72,2,1.84,0,96033,1
2026-09-17T16,72,2,1.85,0,131088,2
2026-09-17T16,72,3,1.85,185322,14678,2
2026-09-17T17,72,0,1.73,0,100,1
2026-09-17T17,72,0,1.74,9194,1000,3
2026-09-17T17,72,0,1.75,0,10000,1
2026-09-17T17,72,0,1.76,0,10147,1
2026-09-17T17,72,0,1.77,0,20339,4
2026-09-17T17,72,0,1.78,44029,0,2
2026-09-17T17,72,1,1.78,10533,21934,2
2026-09-17T17,72,1,1.79,16918,0,1
2026-09-17T17,72,3,1.84,0,3362,1
2026-09-17T17,72,3,1.85,0,17456,1
2026-09-17T17,72,4,1.86,178962,0,2
2026-09-17T18,72,0,1.7,0,500,1
2026-09-17T18,72,0,1.71,0,1953,3
2026-09-17T18,72,0,1.72,7047,365,5
2026-09-17T18,72,0,1.73,1950,0,1
2026-09-17T18,72,1,1.75,48167,0,1
2026-09-17T18,72,1,1.76,49928,0,2
2026-09-17T18,72,3,1.84,0,19000,1
2026-09-17T18,72,3,1.85,21640,0,1
2026-09-17T19,72,0,1.69,842,6323,3
2026-09-17T19,72,0,1.71,0,22323,3
2026-09-17T19,72,0,1.72,5023,44584,6
2026-09-17T19,72,0,1.73,21219,10352,4
2026-09-17T19,72,0,1.74,0,23406,2
2026-09-17T19,72,1,1.7,0,5000,1
2026-09-17T19,72,1,1.75,15546,55519,3
2026-09-17T19,72,1,1.76,14680,35392,2
2026-09-17T19,72,1,1.77,0,12500,1
2026-09-17T19,72,1,1.78,0,38218,1
2026-09-17T19,72,1,1.79,46753,116192,4
2026-09-17T19,72,1,1.8,101126,0,1
2026-09-17T19,72,2,1.84,0,10000,1
2026-09-17T19,72,3,1.83,0,18561,1
2026-09-17T19,72,3,1.84,132449,167,3
2026-09-17T19,72,3,1.85,18603,0,1
2026-09-17T19,72,4,1.85,0,65055,1
2026-09-17T19,72,4,1.86,319541,0,1
2026-09-17T19,72,5,2.5,27807,0,1
2026-09-17T20,72,0,1.64,0,1667,1
2026-09-17T20,72,0,1.65,16960,3053,2
2026-09-17T20,72,0,1.69,0,29803,3
2026-09-17T20,72,0,1.7,1125,36554,5
2026-09-17T20,72,0,1.71,10050,37537,3
2026-09-17T20,72,0,1.72,53429,0,3
2026-09-17T20,72,1,1.6,0,46150,1
2026-09-17T20,72,1,1.77,0,3000,1
2026-09-17T20,72,1,1.78,21826,18086,2
2026-09-17T20,72,2,1.81,8118,0,1
2026-09-17T20,72,3,1.85,38272,0,1
2026-09-17T21,72,0,1.7,49597,20647,6
2026-09-17T21,72,0,1.71,797,6821,2
2026-09-17T21,72,0,1.72,0,2063,1
2026-09-17T21,72,0,1.73,0,14005,1
2026-09-17T21,72,1,1.7,0,10000,1
2026-09-17T21,72,1,1.75,0,7205,1
2026-09-17T21,72,1,1.76,12631,0,2
2026-09-17T21,72,2,1.78,0,56626,1
2026-09-17T21,72,2,1.79,0,153922,1
2026-09-17T21,72,3,1.82,0,66733,1
2026-09-17T21,72,3,1.83,0,8990,1
2026-09-17T21,72,3,1.84,1459,0,1
2026-09-17T21,72,4,1.85,0,190,1
2026-09-17T21,72,4,1.86,9810,0,1
2026-09-17T21,72,5,2.5,0,100000,1
2026-09-17T21,72,5,2.55,0,553361,1
2026-09-17T22,72,0,1.68,12000,7054,4
2026-09-17T22,72,0,1.69,3500,1747,3
2026-09-17T22,72,0,1.71,0,4274,1
2026-09-17T22,72,0,1.72,0,1000,1
2026-09-17T22,72,0,1.73,0,18684,2
2026-09-17T22,72,0,1.74,0,11230,1
2026-09-17T22,72,1,1.69,50,39850,2
2026-09-17T22,72,1,1.7,7678,0,2
2026-09-17T22,72,1,1.75,46759,0,1
2026-09-17T22,72,1,1.76,15808,0,1
2026-09-17T22,72,4,1.86,28000,0,1
2026-09-17T23,72,0,1.65,0,24911,1
2026-09-17T23,72,0,1.68,0,120000,1
2026-09-17T23,72,0,1.69,0,2000,1
2026-09-17T23,72,0,1.72,0,2061,3
2026-09-17T23,72,0,1.73,45470,0,3
2026-09-17T23,72,0,1.75,55472,0,1
2026-09-17T23,72,1,1.7,0,2322,1
2026-09-17T23,72,1,1.73,0,40297,1
2026-09-17T23,72,1,1.75,0,30670,1
2026-09-17T23,72,1,1.76,12000,0,1
2026-09-17T23,72,2,1.77,4531,0,1
2026-09-17T23,72,2,1.79,18674,0,1
2026-09-17T23,72,3,1.81,0,313517,1
2026-09-17T23,72,4,1.86,0,1293291,1
2026-09-18T00,72,0,1.7,0,16631,2
2026-09-18T00,72,0,1.72,692,1312,5
2026-09-18T00,72,0,1.73,21446,0,2
2026-09-18T00,72,1,1.72,14503,45497,4
2026-09-18T00,72,1,1.75,0,5000,1
2026-09-18T00,72,1,1.76,7800,0,1
2026-09-18T00,72,2,1.77,0,19456,1
2026-09-18T00,72,2,1.78,0,9871,1
2026-09-18T00,72,2,1.79,12011,0,1
2026-09-18T00,72,3,1.82,0,18122,1
2026-09-18T00,72,3,1.83,0,200000,1
2026-09-18T00,72,3,1.84,0,2455,1
2026-09-18T00,72,3,1.85,20614,21485,3
2026-09-18T01,72,0,1.71,96,2658,3
2026-09-18T01,72,0,1.72,0,61749,3
2026-09-18T01,72,0,1.73,194850,0,3
2026-09-18T01,72,1,1.74,0,75000,1
2026-09-18T01,72,1,1.75,0,123445,1
2026-09-18T01,72,1,1.76,77855,0,3
2026-09-18T01,72,2,1.79,200000,0,1
2026-09-18T01,72,3,1.84,0,47488,1
2026-09-18T01,72,3,1.85,138382,0,2
2026-09-18T01,72,4,1.87,95430,0,1
2026-09-18T02,72,0,1.68,0,57632,1
2026-09-18T02,72,0,1.69,11602,0,2
2026-09-18T02,72,0,1.73,19496,0,1
2026-09-18T02,72,1,1.74,43600,0,3
2026-09-18T02,72,2,1.78,0,8000,1
2026-09-18T02,72,2,1.79,21600,0,2
2026-09-18T03,72,0,1.59,0,1067,1
2026-09-18T03,72,0,1.6,47000,12068,4
2026-09-18T03,72,0,1.65,0,9000,1
2026-09-18T03,72,0,1.66,0,2721,1
2026-09-18T03,72,0,1.67,0,531,1
2026-09-18T03,72,0,1.68,0,17110,2
2026-09-18T03,72,0,1.69,8600,69915,4
2026-09-18T03,72,0,1.7,81342,30116,2
2026-09-18T03,72,0,1.71,0,12000,1
2026-09-18T03,72,0,1.72,300,2723,2
2026-09-18T03,72,1,1.7,0,25000,1
2026-09-18T03,72,1,1.72,14390,220,3
2026-09-18T03,72,1,1.73,347713,0,4
2026-09-18T03,72,2,1.79,0,222493,1
2026-09-18T03,72,2,1.8,0,84268,1
2026-09-18T03,72,2,1.81,0,45175,1
2026-09-18T03,72,2,1.82,35314,0,1
2026-09-18T04,72,0,1.69,0,10000,1
2026-09-18T04,72,0,1.7,0,34211,4
2026-09-18T04,72,0,1.71,1350,9792,4
2026-09-18T04,72,0,1.72,162937,11027,7
2026-09-18T04,72,1,1.72,128502,26931,5
2026-09-18T04,72,1,1.73,45180,0,2
2026-09-18T04,72,2,1.82,0,6637,1
2026-09-18T04,72,2,1.83,30711,0,1
2026-09-18T05,72,0,1.69,1054,4180,2
2026-09-18T05,72,0,1.7,0,1600,2
2026-09-18T05,72,0,1.71,26790,36043,6
2026-09-18T05,72,0,1.72,15171,21038,4
2026-09-18T05,72,1,1.72,6830,0,1
2026-09-18T05,72,1,1.73,419928,0,2
2026-09-18T05,72,2,1.82,13052,0,1
2026-09-18T05,72,5,2.6,67132,0,1
2026-09-18T06,72,0,1.62,0,16905,1
2026-09-18T06,72,0,1.63,0,50,1
2026-09-18T06,72,0,1.64,250,3904,2
2026-09-18T06,72,0,1.65,350,2650,2
2026-09-18T06,72,0,1.69,1588,3469,2
2026-09-18T06,72,0,1.7,499,0,1
2026-09-18T06,72,0,1.71,400,1278,2
2026-09-18T06,72,1,1.72,39029,0,2
2026-09-18T06,72,2,1.79,0,7500,1
2026-09-18T06,72,2,1.8,2500,0,1
2026-09-18T06,72,5,2.6,10000,0,1
2026-09-18T06,72,6,3.65,0,52075,1
2026-09-18T07,72,0,1.5,0,333,1
2026-09-18T07,72,0,1.67,0,2385,1
2026-09-18T07,72,0,1.68,0,2385,1
2026-09-18T07,72,0,1.69,26621,56047,8
2026-09-18T07,72,0,1.7,61422,62359,7
2026-09-18T07,72,1,1.72,113208,0,2
2026-09-18T07,72,3,1.81,51032,148968,2
2026-09-18T07,72,3,1.82,0,1772,1
2026-09-18T07,72,3,1.83,50320,0,1
2026-09-18T08,72,0,1.68,5000,6280,2
2026-09-18T08,72,0,1.69,12015,9373,4
2026-09-18T08,72,0,1.7,63179,14091,3
2026-09-18T08,72,1,1.71,6000,0,1
2026-09-18T08,72,1,1.72,2000,0,1
2026-09-18T08,72,2,1.79,2000,26000,2
2026-09-18T08,72,3,1.83,5500,299680,3
2026-09-18T08,72,4,1.86,16122,83878,2
2026-09-18T08,72,4,1.87,17362,0,1
2026-09-18T08,72,5,2.6,0,22868,1
2026-09-18T08,72,5,2.65,19132,0,1
2026-09-18T09,72,0,1.67,0,2233,1
2026-09-18T09,72,0,1.68,3481,22179,3
2026-09-18T09,72,0,1.69,0,23871,3
2026-09-18T09,72,0,1.7,145109,0,4
2026-09-18T09,72,1,1.7,0,2683,1
2026-09-18T09,72,1,1.71,0,35674,1
2026-09-18T09,72,1,1.72,21156,28877,2
2026-09-18T10,72,0,1.65,200,2800,2
2026-09-18T10,72,0,1.67,0,3000,1
2026-09-18T10,72,0,1.68,25350,9972,6
2026-09-18T10,72,0,1.69,92355,1284,6
2026-09-18T10,72,1,1.7,0,1611,1
2026-09-18T10,72,1,1.71,0,87714,2
2026-09-18T10,72,1,1.72,31064,0,2
2026-09-18T10,72,2,1.78,133230,24898,2
2026-09-18T10,72,2,1.79,0,97214,2
2026-09-18T10,72,2,1.8,0,26838,1
2026-09-18T10,72,2,1.81,88490,0,2
2026-09-18T10,72,3,1.8,0,94938,1
2026-09-18T10,72,3,1.81,0,22642,1
2026-09-18T10,72,3,1.82,0,254212,1
2026-09-18T10,72,3,1.84,128208,120912,2
2026-09-18T10,72,4,1.87,78244,0,2
2026-09-18T11,72,0,1.65,0,3000,1
2026-09-18T11,72,0,1.67,0,3093,1
2026-09-18T11,72,0,1.68,500,9131,4
2026-09-18T11,72,0,1.69,0,113899,6
2026-09-18T11,72,0,1.7,21667,0,4
2026-09-18T11,72,1,1.72,7029,0,1
2026-09-18T11,72,2,1.81,0,11510,1
2026-09-18T11,72,2,1.82,20717,155859,3
2026-09-18T11,72,4,1.86,546800,0,1
2026-09-18T11,72,4,1.87,19416,0,1
2026-09-18T12,72,0,1.65,0,10000,1
2026-09-18T12,72,0,1.66,0,31500,1
2026-09-18T12,72,0,1.67,0,3476,2
2026-09-18T12,72,0,1.68,46500,162565,4
2026-09-18T12,72,0,1.69,2410,7590,2
2026-09-18T12,72,0,1.7,2850,45075,5
2026-09-18T12,72,0,1.71,87414,0,1
2026-09-18T12,72,1,1.71,0,136089,1
2026-09-18T12,72,1,1.72,37337,0,1
2026-09-18T12,72,2,1.81,0,252180,1
2026-09-18T12,72,2,1.82,94415,0,2
2026-09-18T12,72,5,2.6,19180,0,1
2026-09-18T13,72,0,1.68,0,3862,2
2026-09-18T13,72,0,1.69,6000,6370,4
2026-09-18T13,72,0,1.7,1972,9158,4
2026-09-18T13,72,0,1.71,79075,16740,6
2026-09-18T13,72,0,1.72,0,40025,3
2026-09-18T13,72,1,1.72,0,127554,2
2026-09-18T13,72,1,1.73,30907,0,2
2026-09-18T13,72,2,1.8,14336,0,1
2026-09-18T13,72,2,1.82,0,41084,1
2026-09-18T13,72,2,1.83,73466,0,1
2026-09-18T13,72,3,1.84,0,7368,1
2026-09-18T13,72,4,1.85,73170,0,3
2026-09-18T14,72,0,1.69,0,21363,3
2026-09-18T14,72,0,1.7,578,11837,4
2026-09-18T14,72,0,1.71,9370,13384,8
2026-09-18T14,72,0,1.72,0,1000,1
2026-09-18T14,72,1,1.72,0,13059,1
2026-09-18T14,72,1,1.73,116848,0,2
2026-09-18T14,72,2,1.8,14636,0,1
2026-09-18T14,72,4,1.85,34241,165759,2
2026-09-18T14,72,6,2.75,34932,0,1
2026-09-18T15,72,0,1.67,0,2466,1
2026-09-18T15,72,0,1.69,0,27246,2
2026-09-18T15,72,0,1.7,500,7465,3
2026-09-18T15,72,0,1.71,0,17984,3
2026-09-18T15,72,0,1.72,24546,1597,4
2026-09-18T15,72,1,1.73,75729,0,2
2026-09-18T15,72,2,1.79,0,42734,1
2026-09-18T15,72,2,1.8,0,155505,1
2026-09-18T15,72,2,1.81,0,32546,1
2026-09-18T15,72,2,1.82,15481,15761,5
2026-09-18T15,72,3,1.83,3865,0,1
2026-09-18T15,72,4,1.85,0,465759,1
2026-09-18T16,72,0,1.5,0,798,1
2026-09-18T16,72,0,1.6,0,710,1
2026-09-18T16,72,0,1.67,0,34147,2
2026-09-18T16,72,0,1.68,9157,32070,6
2026-09-18T16,72,0,1.69,112117,88023,4
2026-09-18T16,72,0,1.7,1540,35114,2
2026-09-18T16,72,0,1.71,0,1000,1
2026-09-18T16,72,0,1.72,13171,2786,2
2026-09-18T16,72,1,1.7,0,20000,1
2026-09-18T16,72,1,1.72,0,30051,1
2026-09-18T16,72,1,1.73,119187,0,5
2026-09-18T16,72,2,1.81,0,26445,1
2026-09-18T16,72,2,1.83,0,84552,1
2026-09-18T16,72,3,1.81,0,4803,1
2026-09-18T16,72,3,1.82,0,200000,1
2026-09-18T16,72,3,1.83,0,3668,1
2026-09-18T16,72,3,1.84,0,200000,1
2026-09-18T16,72,3,1.85,284907,293,3
2026-09-18T16,72,4,1.85,0,100000,1
2026-09-18T17,72,0,1.66,0,1070,1
2026-09-18T17,72,0,1.69,1264,0,1
2026-09-18T17,72,0,1.7,33988,0,3
2026-09-18T17,72,0,1.71,1886,0,1
2026-09-18T17,72,1,1.73,125000,0,2
2026-09-18T18,72,0,1.65,0,6580,1
2026-09-18T18,72,0,1.66,0,34182,1
2026-09-18T18,72,0,1.67,0,11045,3
2026-09-18T18,72,0,1.68,42362,45017,5
2026-09-18T18,72,0,1.69,0,2447,1
2026-09-18T18,72,0,1.7,32038,0,3
2026-09-18T18,72,1,1.71,10982,32191,2
2026-09-18T18,72,1,1.72,0,96486,1
2026-09-18T18,72,1,1.73,50000,0,1
2026-09-18T18,72,2,1.83,26220,8873,2
2026-09-18T18,72,2,1.84,0,250000,1
2026-09-18T18,72,3,1.84,0,11521,1
2026-09-18T18,72,3,1.85,0,43419,1
2026-09-18T18,72,4,1.86,500000,0,1
2026-09-18T19,72,0,1.68,0,1000,1
2026-09-18T19,72,0,1.69,0,2511,1
2026-09-18T19,72,0,1.7,87854,7338,7
2026-09-18T19,72,0,1.71,15834,4729,6
2026-09-18T19,72,1,1.72,1784,0,1
2026-09-18T19,72,2,1.8,0,51690,1
2026-09-18T19,72,3,1.82,0,4892,1
2026-09-18T19,72,3,1.83,179883,0,2
2026-09-18T20,72,0,1.68,0,1000,1
2026-09-18T20,72,0,1.69,0,1500,1
2026-09-18T20,72,0,1.7,2033,17563,4
2026-09-18T20,72,0,1.71,90371,1328,6
2026-09-18T20,72,0,1.72,80676,0,3
2026-09-18T20,72,1,1.6,0,25687,1
2026-09-18T20,72,1,1.72,0,17364,1
2026-09-18T20,72,2,1.72,14686,5314,2
2026-09-18T20,72,2,1.79,14486,0,1
2026-09-18T20,72,4,1.85,0,200000,1
2026-09-18T20,72,6,2.5,45016,0,1
2026-09-18T21,72,0,1.65,0,13139,1
2026-09-18T21,72,1,1.62,0,99371,1
2026-09-18T21,72,1,1.67,10797,0,1
2026-09-18T21,72,1,1.68,50781,0,1
2026-09-18T21,72,1,1.72,122594,0,4
2026-09-18T21,72,2,1.79,0,15968,1
2026-09-18T21,72,2,1.8,27496,0,2
2026-09-18T21,72,3,1.82,10000,0,1
2026-09-18T22,72,0,1.65,0,5780,1
2026-09-18T22,72,0,1.66,11739,14279,4
2026-09-18T22,72,0,1.67,0,222,1
2026-09-18T22,72,1,1.67,63241,26057,5
2026-09-18T22,72,1,1.68,89729,0,4
2026-09-18T22,72,3,1.8,21144,985040,3
2026-09-18T22,72,3,1.81,62246,0,1
2026-09-18T23,72,0,1.66,1313,166774,3
2026-09-18T23,72,0,1.67,0,150,1
2026-09-18T23,72,1,1.67,3500,19405,3
2026-09-18T23,72,1,1.68,61479,0,3
2026-09-18T23,72,2,1.8,30396,28047,2
2026-09-19T04,72,0,1.66,0,191993,1
2026-09-19T04,72,0,1.69,0,1164,1
2026-09-19T04,72,0,1.71,0,1,1
2026-09-19T04,72,0,1.72,98387,0,1
2026-09-19T04,72,1,1.67,0,8250,1
2026-09-19T04,72,1,1.68,0,4709,1
2026-09-19T04,72,1,1.69,0,3457,1
2026-09-19T04,72,1,1.72,0,68204,2
2026-09-19T04,72,1,1.73,38840,0,1
2026-09-19T04,72,2,1.8,0,5421,1
2026-09-19T04,72,3,1.81,26910,0,2
2026-09-19T04,72,4,1.85,0,56238,1
2026-09-19T04,72,4,1.86,15510,0,1
2026-09-19T04,72,5,2.55,45016,0,1
2026-09-19T04,72,6,2.5,0,54984,1
2026-09-19T05,72,0,1.4,0,500,1
2026-09-19T05,72,0,1.68,0,228,1
2026-09-19T05,72,0,1.69,100,900,2
2026-09-19T05,72,0,1.7,0,2102,1
2026-09-19T05,72,1,1.7,28770,49911,2
2026-09-19T05,72,1,1.71,148079,0,6
2026-09-19T05,72,2,1.77,4220,0,1
2026-09-19T05,72,3,1.81,32786,0,2
2026-09-19T05,72,4,1.86,100280,0,1
2026-09-19T05,72,5,2.55,62402,0,1
2026-09-19T06,72,0,1.7,0,13034,2
2026-09-19T06,72,0,1.71,55797,67783,9
2026-09-19T06,72,0,1.72,73298,0,4
2026-09-19T06,72,1,1.71,26580,146179,2
2026-09-19T06,72,1,1.72,40721,16534,2
2026-09-19T06,72,1,1.73,369040,0,4
2026-09-19T06,72,2,1.77,0,9585,1
2026-09-19T06,72,2,1.78,0,1250,1
2026-09-19T06,72,2,1.79,0,12526,1
2026-09-19T06,72,2,1.8,41735,0,1
2026-09-19T06,72,3,1.81,0,831174,2
2026-09-19T06,72,4,1.86,68610,0,1
2026-09-19T06,72,5,2.55,90000,0,1
2026-09-19T07,72,0,1.67,0,10500,2
2026-09-19T07,72,0,1.68,485,9515,3
2026-09-19T07,72,0,1.69,0,34332,1
2026-09-19T07,72,0,1.7,0,140468,3
2026-09-19T07,72,0,1.71,37531,18154,3
2026-09-19T07,72,0,1.72,149291,0,1
2026-09-19T07,72,1,1.72,0,1000,1
2026-09-19T07,72,1,1.73,361400,0,3
2026-09-19T07,72,2,1.78,130000,0,1
2026-09-19T07,72,3,1.82,0,18523,1
2026-09-19T07,72,3,1.83,0,136864,1
2026-09-19T07,72,3,1.85,263305,384487,5
2026-09-19T07,72,9,3.85,0,313207,1
2026-09-19T08,72,0,1.68,0,653,1
2026-09-19T08,72,0,1.69,0,55398,3
2026-09-19T08,72,0,1.7,18983,1730,3
2026-09-19T08,72,0,1.71,14482,31367,9
2026-09-19T08,72,0,1.72,104938,112279,9
2026-09-19T08,72,1,1.73,228614,0,4
2026-09-19T08,72,3,1.85,0,66688,1
2026-09-19T08,72,4,1.86,183530,0,2
2026-09-19T08,72,8,2.8,12258,0,1
2026-09-19T09,72,0,1.69,0,49876,2
2026-09-19T09,72,0,1.7,0,23934,4
2026-09-19T09,72,0,1.71,54180,7500,4
2026-09-19T09,72,0,1.72,0,18227,2
2026-09-19T09,72,1,1.71,0,6263,1
2026-09-19T09,72,1,1.72,16026,34481,4
2026-09-19T09,72,1,1.73,128715,0,3
2026-09-19T09,72,2,1.77,0,43733,1
2026-09-19T09,72,2,1.78,0,40000,1
2026-09-19T09,72,2,1.79,243517,0,1
2026-09-19T09,72,4,1.86,150438,0,1
2026-09-19T10,72,0,1.67,0,10000,1
2026-09-19T10,72,0,1.68,0,17500,1
2026-09-19T10,72,0,1.69,16976,4824,6
2026-09-19T10,72,0,1.7,36686,22538,4
2026-09-19T10,72,0,1.71,0,11619,1
2026-09-19T10,72,0,1.72,0,1570,1
2026-09-19T10,72,1,1.73,85283,0,3
2026-09-19T10,72,2,1.78,0,25536,1
2026-09-19T10,72,2,1.79,6352,90,2
2026-09-19T10,72,2,1.8,57474,0,1
2026-09-19T11,72,0,1.6,0,4000,1
2026-09-19T11,72,0,1.66,0,1000,1
2026-09-19T11,72,0,1.67,0,920,1
2026-09-19T11,72,0,1.68,0,1244,1
2026-09-19T11,72,0,1.69,0,3085,2
2026-09-19T11,72,0,1.7,0,10766,2
2026-09-19T11,72,0,1.71,36545,11816,4
2026-09-19T11,72,0,1.72,0,20839,2
2026-09-19T11,72,1,1.72,0,92345,1
2026-09-19T11,72,1,1.73,36045,0,3
2026-09-19T11,72,2,1.8,4372,0,1
2026-09-19T11,72,3,1.83,0,250000,1
2026-09-19T11,72,3,1.84,0,82429,1
2026-09-19T11,72,3,1.85,17571,0,1
2026-09-19T11,72,5,2.4,61628,0,1
2026-09-19T12,72,0,1.66,0,7534,2
2026-09-19T12,72,0,1.67,0,26885,3
2026-09-19T12,72,0,1.68,59370,26415,2
2026-09-19T12,72,0,1.69,0,27142,2
2026-09-19T12,72,0,1.7,0,1034,2
2026-09-19T12,72,0,1.71,4338,35194,4
2026-09-19T12,72,0,1.72,0,12297,4
2026-09-19T12,72,0,1.73,34070,0,4
2026-09-19T12,72,1,1.73,45234,557654,6
2026-09-19T12,72,1,1.74,0,83513,2
2026-09-19T12,72,1,1.75,0,5000,1
2026-09-19T12,72,1,1.76,14343,159563,2
2026-09-19T12,72,1,1.77,0,14841,1
2026-09-19T12,72,1,1.78,0,18174,1
2026-09-19T12,72,2,1.78,0,27605,1
2026-09-19T12,72,2,1.79,0,9156,1
2026-09-19T12,72,2,1.8,11001,273428,2
2026-09-19T12,72,3,1.83,3432,0,1
2026-09-19T12,72,4,1.86,83752,0,2
2026-09-19T13,72,0,1.66,0,5939,1
2026-09-19T13,72,0,1.67,0,500,1
2026-09-19T13,72,0,1.68,0,71065,1
2026-09-19T13,72,0,1.69,0,3397,2
2026-09-19T13,72,0,1.7,1114,11675,4
2026-09-19T13,72,0,1.71,0,1500,2
2026-09-19T13,72,0,1.72,0,19837,4
2026-09-19T13,72,0,1.73,131104,108603,8
2026-09-19T13,72,1,1.79,50,12450,2
2026-09-19T13,72,2,1.79,0,13380,1
2026-09-19T13,72,2,1.8,27784,0,2
2026-09-19T14,72,0,1.69,0,6,1
2026-09-19T14,72,0,1.7,0,305,1
2026-09-19T14,72,0,1.71,16784,16252,3
2026-09-19T14,72,0,1.72,0,1634,2
2026-09-19T14,72,0,1.73,43773,26925,7
2026-09-19T14,72,1,1.78,500,2960,2
2026-09-19T14,72,1,1.79,4582,0,1
2026-09-19T14,72,2,1.79,0,8970,1
2026-09-19T14,72,2,1.8,0,71795,1
2026-09-19T14,72,2,1.81,0,174840,2
2026-09-19T14,72,2,1.82,137550,103256,4
2026-09-19T14,72,3,1.8,0,6628,1
2026-09-19T14,72,3,1.81,5390,14912,2
2026-09-19T14,72,3,1.82,0,20436,1
2026-09-19T14,72,6,2.75,16779,0,1
2026-09-19T15,72,0,1.68,0,1351,1
2026-09-19T15,72,0,1.69,0,2,1
2026-09-19T15,72,0,1.7,0,1000,1
2026-09-19T15,72,0,1.71,0,17925,2
2026-09-19T15,72,0,1.72,0,4242,2
2026-09-19T15,72,0,1.73,98460,15725,8
2026-09-19T15,72,0,1.74,753,35446,2
2026-09-19T15,72,1,1.67,12268,7732,4
2026-09-19T15,72,1,1.74,1315,2649,2
2026-09-19T15,72,1,1.77,0,10000,1
2026-09-19T15,72,2,1.75,1110,28890,2
2026-09-19T15,72,2,1.78,0,228,1
2026-09-19T15,72,2,1.79,25642,0,1
2026-09-19T15,72,5,2.4,0,138372,1
2026-09-19T16,72,0,1.69,0,7,1
2026-09-19T16,72,0,1.7,85249,0,3
2026-09-19T16,72,0,1.71,0,2090,1
2026-09-19T16,72,0,1.72,20455,0,3
2026-09-19T16,72,1,1.76,0,1367,1
2026-09-19T16,72,1,1.77,30973,19027,2
2026-09-19T16,72,1,1.78,0,1251,1
2026-09-19T16,72,1,1.79,0,7918,1
2026-09-19T16,72,1,1.8,111379,5721,2
2026-09-19T16,72,2,1.79,20000,2160,2
2026-09-19T16,72,2,1.8,3340,1660,2
2026-09-19T16,72,3,1.81,0,14781,1
2026-09-19T16,72,3,1.82,151693,0,2
2026-09-19T17,72,0,1.67,0,1000,1
2026-09-19T17,72,0,1.68,2339,16849,5
2026-09-19T17,72,0,1.69,4502,25977,3
2026-09-19T17,72,0,1.7,54652,0,3
2026-09-19T17,72,1,1.77,57796,0,1
2026-09-19T17,72,1,1.79,34032,63054,4
2026-09-19T18,72,0,1.64,0,8500,1
2026-09-19T18,72,0,1.65,10000,30000,2
2026-09-19T18,72,0,1.66,256,983,2
2026-09-19T18,72,0,1.67,0,2208,3
2026-09-19T18,72,0,1.68,6000,817,3
2026-09-19T18,72,0,1.69,1119,3697,5
2026-09-19T18,72,0,1.7,43681,0,3
2026-09-19T18,72,1,1.77,36111,0,2
2026-09-19T18,72,2,1.81,0,34956,1
2026-09-19T18,72,3,1.8,0,2244,1
2026-09-19T18,72,3,1.81,0,15808,1
2026-09-19T18,72,3,1.82,0,48307,1
2026-09-19T18,72,3,1.83,66259,89165,2
2026-09-19T19,72,0,1.63,0,291,1
2026-09-19T19,72,0,1.64,3245,1373,3
2026-09-19T19,72,0,1.65,0,466,1
2026-09-19T19,72,0,1.66,12161,231599,3
2026-09-19T19,72,0,1.67,0,13000,1
2026-09-19T19,72,0,1.68,12000,0,1
2026-09-19T19,72,1,1.74,7156,0,1
2026-09-19T19,72,2,1.8,24288,0,1
2026-09-19T19,72,2,1.81,0,2806,1
2026-09-19T19,72,2,1.82,38622,28452,2
2026-09-19T19,72,3,1.83,0,10021,1
2026-09-19T19,72,3,1.84,0,1816,1
2026-09-19T19,72,3,1.85,112834,82429,2
2026-09-19T19,72,4,1.86,330278,0,1
2026-09-19T20,72,0,1.65,0,3198,1
2026-09-19T20,72,0,1.66,22120,11375,6
2026-09-19T20,72,0,1.67,61086,38864,5
2026-09-19T20,72,1,1.71,0,9996,1
2026-09-19T20,72,1,1.72,0,3075,1
2026-09-19T20,72,1,1.73,3315,23600,2
2026-09-19T20,72,1,1.74,0,12989,2
2026-09-19T20,72,1,1.75,0,74651,2
2026-09-19T20,72,1,1.76,0,200000,1
2026-09-19T20,72,1,1.77,0,100000,1
2026-09-19T20,72,2,1.79,0,17000,1
2026-09-19T20,72,2,1.8,30150,45562,2
2026-09-19T20,72,2,1.81,0,5273,1
2026-09-19T20,72,3,1.83,0,7861,1
2026-09-19T20,72,3,1.84,22197,0,2
2026-09-19T21,72,0,1.65,39770,4445,3
2026-09-19T21,72,0,1.66,44279,39130,4
2026-09-19T21,72,0,1.67,1000,0,1
2026-09-19T21,72,1,1.74,0,5500,1
2026-09-19T21,72,1,1.75,37950,0,2
2026-09-19T21,72,2,1.79,14000,0,1
2026-09-19T21,72,2,1.8,145690,0,1
2026-09-19T22,72,0,1.59,0,22413,1
2026-09-19T22,72,0,1.6,0,781,1
2026-09-19T22,72,0,1.61,23153,0,3
2026-09-19T22,72,0,1.62,6134,1908,2
2026-09-19T22,72,0,1.63,0,25761,1
2026-09-19T22,72,0,1.64,1374,0,1
2026-09-19T22,72,1,1.74,35146,0,2
2026-09-19T22,72,2,1.78,47939,0,2
2026-09-19T23,72,0,1.61,0,17556,3
2026-09-19T23,72,0,1.62,20917,31227,4
2026-09-19T23,72,0,1.63,40250,58850,4
2026-09-19T23,72,0,1.64,50523,0,2
2026-09-19T23,72,1,1.74,3000,10620,2
2026-09-19T23,72,1,1.75,0,32485,2
2026-09-19T23,72,1,1.79,0,16459,1
2026-09-19T23,72,1,1.8,133596,0,3
2026-09-19T23,72,2,1.76,0,50000,1
2026-09-19T23,72,2,1.78,0,2061,1
2026-09-19T23,72,2,1.79,24792,51688,2
2026-09-19T23,72,2,1.8,0,3744,1
2026-09-20T00,72,0,1.61,13522,6478,2
2026-09-20T00,72,0,1.62,0,21443,2
2026-09-20T00,72,0,1.63,0,173586,3
2026-09-20T00,72,0,1.64,79831,2618300,5
2026-09-20T00,72,0,1.65,7680,110895,4
2026-09-20T00,72,0,1.66,0,86241,2
2026-09-20T00,72,0,1.67,0,59292,1
2026-09-20T00,72,1,1.8,164246,0,1
2026-09-20T00,72,2,1.8,5694,0,1
2026-09-20T00,72,2,1.81,75660,0,4
2026-09-20T00,72,3,1.83,14168,0,1
2026-09-20T00,72,5,2.45,0,50000,1
2026-09-20T01,72,0,1.67,0,60000,1
2026-09-20T01,72,0,1.68,30150,101792,4
2026-09-20T01,72,0,1.69,4886,36615,6
2026-09-20T01,72,0,1.7,0,150344,4
2026-09-20T01,72,0,1.71,0,151186,3
2026-09-20T01,72,0,1.72,207070,0,3
2026-09-20T01,72,1,1.75,17248,2752,2
2026-09-20T01,72,1,1.76,0,1014,1
2026-09-20T01,72,1,1.77,0,104786,1
2026-09-20T01,72,1,1.78,0,11490,1
2026-09-20T01,72,1,1.79,4500,0,1
2026-09-20T02,72,0,1.71,0,7753,1
2026-09-20T02,72,0,1.72,29280,86718,4
2026-09-20T02,72,0,1.73,0,1306,1
2026-09-20T02,72,0,1.75,20561,0,2
2026-09-20T02,72,2,1.79,10000,9000,2
2026-09-20T02,72,2,1.8,53900,0,1
2026-09-20T03,72,0,1.71,0,200,1
2026-09-20T03,72,0,1.72,0,600,1
2026-09-20T03,72,0,1.73,12400,92909,6
2026-09-20T03,72,0,1.74,46787,0,4
2026-09-20T03,72,0,1.75,36648,0,1
2026-09-20T03,72,1,1.74,0,7750,1
2026-09-20T03,72,2,1.78,0,50000,1
2026-09-20T03,72,2,1.79,0,100000,1
2026-09-20T03,72,2,1.8,16360,0,1
2026-09-20T03,72,5,2.5,17830,0,1
2026-09-20T04,72,0,1.7,638,1139,3
2026-09-20T04,72,0,1.71,0,757,1
2026-09-20T04,72,0,1.72,0,3299,1
2026-09-20T04,72,0,1.73,0,5000,1
2026-09-20T04,72,0,1.74,77541,0,2
2026-09-20T04,72,1,1.75,0,5000,1
2026-09-20T04,72,1,1.76,0,46472,1
2026-09-20T04,72,1,1.77,40964,0,2
2026-09-20T04,72,2,1.78,0,4269,1
2026-09-20T04,72,2,1.79,0,56274,1
2026-09-20T04,72,2,1.8,397,0,1
2026-09-20T04,72,4,1.84,150780,0,1
2026-09-20T05,72,0,1.59,4104,195896,2
2026-09-20T05,72,0,1.6,0,1490,1
2026-09-20T05,72,0,1.7,0,100,1
2026-09-20T05,72,0,1.71,0,63251,1
2026-09-20T05,72,1,1.74,10338,0,3
2026-09-20T05,72,2,1.79,0,32626,1
2026-09-20T05,72,2,1.8,20662,25889,2
2026-09-20T05,72,2,1.81,0,25150,1
2026-09-20T05,72,3,1.81,0,100000,1
2026-09-20T05,72,3,1.82,37407,40358,3
2026-09-20T05,72,5,2.5,62402,0,2
2026-09-20T06,72,0,1.62,0,942,1
2026-09-20T06,72,0,1.7,24263,6128,3
2026-09-20T06,72,0,1.71,0,1000,1
2026-09-20T06,72,0,1.72,1170,16688,4
2026-09-20T06,72,1,1.72,3660,11669,2
2026-09-20T06,72,1,1.73,42284,0,2
2026-09-20T06,72,1,1.74,50260,0,1
2026-09-20T06,72,3,1.82,208310,14811,2
2026-09-20T06,72,3,1.83,0,43892,1
2026-09-20T06,72,3,1.84,14093,0,1
2026-09-20T06,72,4,1.84,0,49220,1
2026-09-20T06,72,4,1.85,44686,0,1
2026-09-20T07,72,0,1.69,0,43627,2
2026-09-20T07,72,0,1.7,0,35745,2
2026-09-20T07,72,0,1.71,0,3001,2
2026-09-20T07,72,1,1.71,0,28479,1
2026-09-20T07,72,1,1.72,72296,0,4
2026-09-20T07,72,2,1.76,0,15000,1
2026-09-20T07,72,2,1.77,0,2358,1
2026-09-20T07,72,2,1.78,44222,0,1
2026-09-20T07,72,3,1.84,0,163710,1
2026-09-20T07,72,4,1.85,42560,0,1
2026-09-20T08,72,0,1.68,70,41298,4
2026-09-20T08,72,0,1.69,18866,10540,7
2026-09-20T08,72,0,1.71,1012,0,1
2026-09-20T08,72,1,1.71,16442,0,3
2026-09-20T08,72,2,1.74,4220,0,1
2026-09-20T09,72,0,1.68,2002,232,2
2026-09-20T09,72,0,1.69,17658,69732,5
2026-09-20T09,72,0,1.7,57212,0,3
2026-09-20T09,72,1,1.69,0,4651,1
2026-09-20T09,72,1,1.7,0,10014,1
2026-09-20T09,72,1,1.71,2646,54295,3
2026-09-20T09,72,1,1.72,1696,0,1
2026-09-20T09,72,2,1.74,3000,0,1
2026-09-20T09,72,3,1.82,0,15141,1
2026-09-20T09,72,3,1.83,89887,0,1
2026-09-20T09,72,4,1.85,86000,0,1
2026-09-20T09,72,5,2.45,42000,0,1
2026-09-20T10,72,0,1.65,0,14704,2
2026-09-20T10,72,0,1.66,0,55683,2
2026-09-20T10,72,0,1.67,21120,37491,4
2026-09-20T10,72,0,1.68,50999,30263,3
2026-09-20T10,72,0,1.69,36640,11697,3
2026-09-20T10,72,0,1.7,0,94009,2
2026-09-20T10,72,0,1.71,4202,3922,2
2026-09-20T10,72,1,1.71,34758,28604,2
2026-09-20T10,72,1,1.72,14622,0,2
2026-09-20T10,72,2,1.74,37103,780,2
2026-09-20T11,72,0,1.69,32521,1000,3
2026-09-20T11,72,0,1.7,11953,6547,6
2026-09-20T11,72,1,1.71,0,6894,1
2026-09-20T11,72,1,1.72,40033,0,2
2026-09-20T11,72,2,1.71,0,49881,1
2026-09-20T11,72,2,1.72,0,50000,1
2026-09-20T11,72,3,1.81,10550,0,1
2026-09-20T11,72,4,1.85,130055,0,1
2026-09-20T11,72,5,2.45,43152,209848,2
2026-09-20T12,72,0,1.67,0,236,1
2026-09-20T12,72,0,1.68,0,6910,2
2026-09-20T12,72,0,1.69,2572,9931,6
2026-09-20T12,72,0,1.7,29767,0,3
2026-09-20T12,72,1,1.71,24048,0,2
2026-09-20T12,72,2,1.72,0,4456,1
2026-09-20T12,72,2,1.73,0,176510,2
2026-09-20T12,72,2,1.74,0,12897,1
2026-09-20T12,72,2,1.75,7093,0,1
2026-09-20T12,72,3,1.81,0,54811,1
2026-09-20T12,72,3,1.82,0,15801,1
2026-09-20T12,72,3,1.83,0,110113,1
2026-09-20T12,72,3,1.84,121633,49027,3
2026-09-20T12,72,4,1.85,83752,16248,2
2026-09-20T12,72,4,1.86,60042,0,1
2026-09-20T13,72,0,1.5,0,10,1
2026-09-20T13,72,0,1.6,620,0,1
2026-09-20T13,72,0,1.65,0,2241,2
2026-09-20T13,72,0,1.66,0,1320,1
2026-09-20T13,72,0,1.67,0,408,1
2026-09-20T13,72,0,1.68,0,4,1
2026-09-20T13,72,0,1.69,0,54163,6
2026-09-20T13,72,0,1.7,18824,87734,7
2026-09-20T13,72,0,1.71,0,40848,4
2026-09-20T13,72,1,1.7,0,14602,1
2026-09-20T13,72,1,1.71,5991,18866,5
2026-09-20T13,72,1,1.72,321348,0,3
2026-09-20T13,72,2,1.74,0,11113,1
2026-09-20T13,72,2,1.75,87480,130207,3
2026-09-20T13,72,2,1.76,0,2,1
2026-09-20T13,72,2,1.77,0,129587,1
2026-09-20T13,72,2,1.78,0,53754,1
2026-09-20T13,72,2,1.79,0,200000,1
2026-09-20T13,72,2,1.8,0,10000,1
2026-09-20T13,72,2,1.82,0,22341,1
2026-09-20T13,72,3,1.84,0,179340,1
2026-09-20T13,72,3,1.85,104215,0,1
2026-09-20T13,72,6,2.75,0,6550,1
2026-09-20T13,72,8,2.8,17969,0,1
2026-09-20T14,72,0,1.58,0,1421,1
2026-09-20T14,72,0,1.59,0,8232,1
2026-09-20T14,72,0,1.6,0,4764,2
2026-09-20T14,72,0,1.67,0,4419,2
2026-09-20T14,72,0,1.68,11274,7306,2
2026-09-20T14,72,0,1.69,0,1500,2
2026-09-20T14,72,0,1.7,0,1076,1
2026-09-20T14,72,1,1.71,258364,0,3
2026-09-20T14,72,2,1.78,199570,430,3
2026-09-20T14,72,2,1.79,0,116480,1
2026-09-20T14,72,2,1.8,246568,0,2
2026-09-20T14,72,3,1.83,5390,0,1
2026-09-20T14,72,8,2.8,0,250033,1
2026-09-20T15,72,0,1.59,0,8148,1
2026-09-20T15,72,0,1.6,0,531,1
2026-09-20T15,72,0,1.67,0,8832,1
2026-09-20T15,72,0,1.68,9662,338,5
2026-09-20T15,72,0,1.69,19035,5489,5
2026-09-20T15,72,1,1.69,2662,97338,2
2026-09-20T16,72,0,1.68,8162,1398,2
2026-09-20T16,72,0,1.69,4229,35285,5
2026-09-20T16,72,0,1.7,993,58570,6
2026-09-20T16,72,0,1.71,41756,25366,3
2026-09-20T16,72,1,1.7,0,106742,2
2026-09-20T16,72,1,1.71,0,174991,2
2026-09-20T16,72,1,1.72,63630,0,5
2026-09-20T16,72,2,1.75,0,2000,1
2026-09-20T16,72,2,1.77,0,50000,1
2026-09-20T16,72,2,1.78,0,40000,1
2026-09-20T16,72,3,1.8,15000,0,1
2026-09-20T17,72,0,1.64,0,2842,1
2026-09-20T17,72,0,1.66,0,9,1
2026-09-20T17,72,0,1.67,8268,4288,4
2026-09-20T17,72,0,1.68,200,45838,2
2026-09-20T17,72,0,1.69,1700,1337,2
2026-09-20T17,72,1,1.71,0,293,1
2026-09-20T17,72,1,1.72,40369,0,1
2026-09-20T17,72,3,1.8,0,70,1
2026-09-20T17,72,3,1.81,5398,0,1
2026-09-20T18,72,0,1.64,0,397,1
2026-09-20T18,72,0,1.65,590,3142,3
2026-09-20T18,72,0,1.66,2501,246,4
2026-09-20T18,72,0,1.67,0,8715,2
2026-09-20T18,72,0,1.68,0,2099,2
2026-09-20T18,72,0,1.69,8471,3117,4
2026-09-20T18,72,1,1.72,79558,0,4
2026-09-20T18,72,2,1.76,0,14130,1
2026-09-20T18,72,3,1.77,0,8669,1
2026-09-20T18,72,3,1.78,48341,0,1
2026-09-20T19,72,0,1.59,0,3042,1
2026-09-20T19,72,0,1.6,0,5000,1
2026-09-20T19,72,0,1.62,0,27092,2
2026-09-20T19,72,0,1.63,0,529,1
2026-09-20T19,72,0,1.64,0,891,1
2026-09-20T19,72,0,1.65,0,40,1
2026-09-20T19,72,0,1.66,0,27499,3
2026-09-20T19,72,0,1.67,47438,12666,7
2026-09-20T19,72,0,1.68,17244,571,3
2026-09-20T19,72,0,1.69,0,15976,1
2026-09-20T19,72,0,1.7,28313,181,2
2026-09-20T19,72,1,1.72,7677,0,2
2026-09-20T19,72,2,1.76,0,51458,1
2026-09-20T19,72,2,1.77,0,55784,1
2026-09-20T19,72,3,1.78,0,251659,1
2026-09-20T19,72,3,1.79,0,26762,1
2026-09-20T19,72,3,1.8,0,13258,1
2026-09-20T19,72,3,1.81,0,13602,1
2026-09-20T19,72,3,1.82,142828,0,2
2026-09-20T19,72,5,2.45,11571,0,1
2026-09-20T20,72,0,1.57,0,10000,1
2026-09-20T20,72,0,1.58,0,5455,2
2026-09-20T20,72,0,1.59,4343,10803,3
2026-09-20T20,72,0,1.6,0,1000,1
2026-09-20T20,72,0,1.61,0,3813,1
2026-09-20T20,72,0,1.62,0,5180,1
2026-09-20T20,72,0,1.63,0,924,1
2026-09-20T20,72,0,1.64,62250,0,1
2026-09-20T20,72,0,1.65,20420,0,1
2026-09-20T20,72,0,1.66,0,7294,2
2026-09-20T20,72,0,1.67,13452,20486,3
2026-09-20T20,72,0,1.68,73538,0,1
2026-09-20T20,72,1,1.72,39571,0,3
2026-09-20T20,72,2,1.77,0,24905,2
2026-09-20T20,72,2,1.78,7502,68314,2
2026-09-20T20,72,2,1.79,0,16000,2
2026-09-20T20,72,2,1.8,104277,0,1
2026-09-20T20,72,3,1.8,0,10491,1
2026-09-20T20,72,3,1.81,0,2399,1
2026-09-20T20,72,3,1.82,0,197172,1
2026-09-20T20,72,3,1.84,139938,0,1
2026-09-20T21,72,0,1.6,0,2,1
2026-09-20T21,72,0,1.61,7432,2745,2
2026-09-20T21,72,0,1.62,510,2249,4
2026-09-20T21,72,0,1.63,611,20804,4
2026-09-20T21,72,0,1.64,41019,39578,4
2026-09-20T21,72,0,1.65,0,46867,2
2026-09-20T21,72,0,1.66,0,639,1
2026-09-20T21,72,0,1.67,11000,0,1
2026-09-20T21,72,1,1.65,0,90000,1
2026-09-20T21,72,1,1.7,0,10101,1
2026-09-20T21,72,1,1.71,0,80307,2
2026-09-20T21,72,1,1.72,0,617847,1
2026-09-20T21,72,1,1.73,20810,0,1
2026-09-20T21,72,2,1.77,54200,4100,3
2026-09-20T21,72,2,1.78,15462,0,2
2026-09-20T22,72,0,1.62,5600,19736,3
2026-09-20T22,72,0,1.63,0,571,2
2026-09-20T22,72,0,1.64,34279,65721,4
2026-09-20T22,72,0,1.65,0,669,1
2026-09-20T22,72,0,1.67,13327,16203,4
2026-09-20T22,72,0,1.68,0,8399,2
2026-09-20T22,72,0,1.69,0,1319,1
2026-09-20T22,72,0,1.7,12500,0,1
2026-09-20T22,72,1,1.73,73740,157852,4
2026-09-20T23,72,0,1.67,0,997,1
2026-09-20T23,72,0,1.68,0,52890,1
2026-09-20T23,72,0,1.69,0,2094,3
2026-09-20T23,72,0,1.7,45004,114209,3
2026-09-20T23,72,0,1.71,0,60938,4
2026-09-20T23,72,0,1.72,0,39557,5
2026-09-20T23,72,0,1.73,81164,0,1
2026-09-20T23,72,1,1.72,83341,0,3
2026-09-20T23,72,2,1.71,0,62797,1
2026-09-20T23,72,2,1.72,0,5177,1
2026-09-20T23,72,2,1.73,7080,0,1
2026-09-20T23,72,2,1.74,89531,0,1
2026-09-20T23,72,3,1.82,30704,0,1
2026-09-20T23,72,4,1.84,0,221070,1
2026-09-20T23,72,4,1.85,0,100000,1
2026-09-20T23,72,4,1.86,0,975051,1
2026-09-21T00,72,0,1.68,0,3517,1
2026-09-21T00,72,0,1.69,0,40222,2
2026-09-21T00,72,0,1.7,35248,21436,5
2026-09-21T00,72,1,1.71,79149,0,5
2026-09-21T00,72,1,1.72,11896,0,1
2026-09-21T00,72,2,1.73,4112,81808,2
2026-09-21T00,72,2,1.74,3200,0,1
2026-09-21T00,72,3,1.82,28336,0,1
2026-09-21T01,72,0,1.69,0,266,1
2026-09-21T01,72,0,1.7,412,1482,3
2026-09-21T01,72,0,1.71,0,666,2
2026-09-21T01,72,0,1.72,0,1166,2
2026-09-21T01,72,0,1.73,4946,0,1
2026-09-21T01,72,1,1.7,0,5000,1
2026-09-21T01,72,1,1.71,3000,69223,2
2026-09-21T01,72,1,1.72,825,10396,2
2026-09-21T01,72,1,1.74,12000,0,1
2026-09-21T01,72,2,1.73,18376,31624,2
2026-09-21T01,72,2,1.74,0,96365,1
2026-09-21T01,72,3,1.8,6922,0,1
2026-09-21T02,72,0,1.67,0,70,1
2026-09-21T02,72,0,1.68,5104,0,1
2026-09-21T02,72,0,1.71,2077,1453,4
2026-09-21T02,72,0,1.72,0,2599,1
2026-09-21T02,72,0,1.73,15179,0,1
2026-09-21T02,72,2,1.74,45536,0,2
2026-09-21T03,72,0,1.62,0,8836,1
2026-09-21T03,72,0,1.63,0,320,1
2026-09-21T03,72,0,1.64,12978,17881,6
2026-09-21T03,72,0,1.65,42253,54814,4
2026-09-21T03,72,0,1.66,0,1391,2
2026-09-21T03,72,0,1.67,0,24752,2
2026-09-21T03,72,0,1.68,44410,0,2
2026-09-21T03,72,1,1.71,0,5000,1
2026-09-21T03,72,1,1.72,147184,173565,3
2026-09-21T03,72,1,1.74,139938,0,3
2026-09-21T03,72,2,1.73,0,27001,1
2026-09-21T03,72,2,1.74,326579,19551,2
2026-09-21T03,72,2,1.75,0,50000,1
2026-09-21T03,72,2,1.78,84029,0,1
2026-09-21T03,72,3,1.78,0,200000,1
2026-09-21T04,72,0,1.56,0,50,1
2026-09-21T04,72,0,1.64,3480,6520,3
2026-09-21T04,72,0,1.65,0,830,1
2026-09-21T04,72,0,1.66,0,1579,1
2026-09-21T04,72,0,1.67,0,453,1
2026-09-21T04,72,0,1.68,0,15921,2
2026-09-21T04,72,0,1.69,0,293,1
2026-09-21T04,72,0,1.7,53650,87384,4
2026-09-21T04,72,0,1.71,0,723,2
2026-09-21T04,72,0,1.72,0,2522,3
2026-09-21T04,72,0,1.73,0,1909,2
2026-09-21T04,72,1,1.73,2000,41150,3
2026-09-21T04,72,1,1.74,222758,0,5
2026-09-21T04,72,2,1.74,0,11478,1
2026-09-21T04,72,2,1.75,0,10000,1
2026-09-21T04,72,2,1.76,0,7066,1
2026-09-21T04,72,2,1.77,150,8327,2
2026-09-21T04,72,2,1.78,161578,0,2
2026-09-21T04,72,3,1.78,0,100000,1
2026-09-21T04,72,5,2.45,17830,0,1
2026-09-21T05,72,0,1.69,74620,29616,4
2026-09-21T05,72,0,1.7,164,18398,4
2026-09-21T05,72,0,1.71,30346,42289,4
2026-09-21T05,72,0,1.72,5,3196,2
2026-09-21T05,72,0,1.73,0,10000,1
2026-09-21T05,72,1,1.74,287506,0,5
2026-09-21T05,72,2,1.76,0,4000,1
2026-09-21T05,72,2,1.77,28958,0,1
2026-09-21T05,72,3,1.79,0,13112,1
2026-09-21T05,72,3,1.8,0,91479,1
2026-09-21T05,72,3,1.81,52779,0,1
2026-09-21T05,72,5,2.45,62402,0,1
2026-09-21T06,72,0,1.69,50,0,1
2026-09-21T06,72,0,1.71,0,1841,1
2026-09-21T06,72,0,1.72,69,318,2
2026-09-21T06,72,1,1.73,20984,0,5
2026-09-21T06,72,3,1.79,0,150000,1
2026-09-21T07,72,0,1.67,0,4000,1
2026-09-21T07,72,0,1.68,0,1773,1
2026-09-21T07,72,0,1.69,0,550,1
2026-09-21T07,72,0,1.7,0,37343,2
2026-09-21T07,72,0,1.71,35184,2000,4
2026-09-21T07,72,0,1.72,0,32328,2
2026-09-21T07,72,1,1.72,0,30309,1
2026-09-21T07,72,1,1.73,13816,32615,3
2026-09-21T07,72,1,1.74,1134,0,1
2026-09-21T07,72,2,1.76,5000,0,1
2026-09-21T07,72,3,1.81,204720,0,1
2026-09-21T08,72,0,1.69,0,7926,1
2026-09-21T08,72,0,1.7,0,10000,1
2026-09-21T08,72,0,1.71,32122,0,2
2026-09-21T08,72,1,1.73,22354,0,3
2026-09-21T08,72,2,1.76,0,115000,1
2026-09-21T08,72,2,1.77,0,109243,1
2026-09-21T08,72,2,1.78,6687,0,1
2026-09-21T09,72,0,1.65,0,4529,1
2026-09-21T09,72,0,1.66,0,6532,1
2026-09-21T09,72,0,1.67,1439,2138,2
2026-09-21T09,72,0,1.68,0,2267,2
2026-09-21T09,72,0,1.69,10,5290,4
2026-09-21T09,72,0,1.7,28250,2000,3
2026-09-21T09,72,0,1.71,14683,0,2
2026-09-21T09,72,1,1.72,4499,0,1
2026-09-21T09,72,2,1.77,2110,7089,2
2026-09-21T09,72,2,1.78,124711,31,2
2026-09-21T09,72,2,1.79,0,40000,1
2026-09-21T09,72,2,1.8,0,49155,1
2026-09-21T09,72,3,1.8,72469,127531,2
2026-09-21T09,72,3,1.81,500000,0,1
2026-09-21T10,72,0,1.69,12396,34693,5
2026-09-21T10,72,0,1.7,103781,24410,7
2026-09-21T10,72,0,1.71,0,45672,3
2026-09-21T10,72,1,1.71,0,62561,1
2026-09-21T10,72,1,1.72,0,501,1
2026-09-21T10,72,1,1.73,0,20837,2
2026-09-21T10,72,3,1.76,454340,0,2
2026-09-21T11,72,0,1.68,0,21,1
2026-09-21T11,72,0,1.69,0,5468,2
2026-09-21T11,72,0,1.7,2383,14605,4
2026-09-21T11,72,0,1.71,20536,0,2
2026-09-21T11,72,2,1.8,30000,14525,2
2026-09-21T11,72,3,1.76,0,461250,1
2026-09-21T11,72,3,1.8,0,3199,1
2026-09-21T11,72,3,1.81,246801,0,2
2026-09-21T11,72,4,1.86,0,100000,1
2026-09-21T11,72,4,1.87,0,536548,2
2026-09-21T12,72,0,1.59,0,2384,1
2026-09-21T12,72,0,1.6,0,315000,2
2026-09-21T12,72,0,1.65,0,3,1
2026-09-21T12,72,0,1.66,29266,920,3
2026-09-21T12,72,0,1.67,0,12936,1
2026-09-21T12,72,0,1.68,0,22641,1
2026-09-21T12,72,0,1.69,52699,0,2
2026-09-21T12,72,1,1.72,14494,31180,2
2026-09-21T12,72,1,1.73,21140,0,1
2026-09-21T12,72,2,1.8,712,41088,2
2026-09-21T12,72,2,1.81,0,200000,1
2026-09-21T12,72,2,1.82,0,382326,1
2026-09-21T12,72,3,1.79,0,50000,1
2026-09-21T12,72,3,1.8,47760,28242,4
2026-09-21T12,72,3,1.81,0,318260,2
2026-09-21T12,72,3,1.82,0,1049533,1
2026-09-21T13,72,0,1.66,73503,7095,3
2026-09-21T13,72,0,1.67,0,35428,4
2026-09-21T13,72,0,1.68,4163,56678,4
2026-09-21T13,72,0,1.69,25775,48190,3
2026-09-21T13,72,0,1.7,0,37010,4
2026-09-21T13,72,0,1.71,42778,0,2
2026-09-21T13,72,1,1.73,6198,4197,2
2026-09-21T13,72,1,1.74,26273,0,1
2026-09-21T13,72,2,1.83,95716,3784,2
2026-09-21T14,72,0,1.66,240,4009,3
2026-09-21T14,72,0,1.67,0,1268,2
2026-09-21T14,72,0,1.68,458,8082,4
2026-09-21T14,72,0,1.69,4800,30590,3
2026-09-21T14,72,1,1.7,0,8000,1
2026-09-21T14,72,1,1.74,45230,68883,2
2026-09-21T14,72,1,1.75,0,12500,1
2026-09-21T14,72,1,1.77,30857,16851,2
2026-09-21T14,72,1,1.78,0,2940,1
2026-09-21T14,72,1,1.79,0,5500,1
2026-09-21T14,72,1,1.8,0,2671,1
2026-09-21T14,72,1,1.81,52398,0,1
2026-09-21T14,72,4,2.25,4139,0,1
2026-09-21T14,72,6,3.25,0,9999,1
2026-09-21T14,72,6,3.3,2725,0,1
2026-09-21T15,72,0,1.67,0,1491,1
2026-09-21T15,72,0,1.68,17429,2928,3
2026-09-21T15,72,0,1.69,21641,57770,7
2026-09-21T15,72,0,1.7,0,20323,1
2026-09-21T15,72,1,1.79,0,60000,2
2026-09-21T15,72,1,1.8,0,51656,1
2026-09-21T15,72,1,1.81,0,947602,1
2026-09-21T15,72,2,1.8,0,1160,1
2026-09-21T15,72,2,1.83,344895,0,1
2026-09-21T15,72,3,1.82,84928,15072,2
2026-09-21T15,72,3,1.83,0,18873,1
2026-09-21T15,72,4,2.25,100000,0,1
2026-09-21T16,72,0,1.6,0,710,1
2026-09-21T16,72,0,1.67,0,11011,1
2026-09-21T16,72,0,1.68,0,55718,1
2026-09-21T16,72,0,1.69,0,38698,2
2026-09-21T16,72,0,1.7,172826,5267,6
2026-09-21T16,72,0,1.71,61746,6743,4
2026-09-21T16,72,1,1.78,0,19000,1
2026-09-21T16,72,1,1.79,18172,14828,5
2026-09-21T16,72,2,1.79,0,8000,1
2026-09-21T16,72,2,1.8,12000,54290,3
2026-09-21T16,72,2,1.81,0,4279,1
2026-09-21T16,72,2,1.83,4745,59389,2
2026-09-21T16,72,3,1.81,6324,10331,2
2026-09-21T16,72,3,1.82,39652,160348,2
2026-09-21T16,72,3,1.83,0,15466,1
2026-09-21T16,72,4,2.25,91548,54313,2
2026-09-21T16,72,4,2.3,50313,0,1
2026-09-21T16,72,5,2.45,0,108197,1
2026-09-21T17,72,0,1.67,0,1552,1
2026-09-21T17,72,0,1.68,2030,440,2
2026-09-21T17,72,0,1.69,0,8,1
2026-09-21T17,72,0,1.7,17629,36797,4
2026-09-21T17,72,0,1.71,10200,66349,4
2026-09-21T17,72,0,1.72,16019,0,2
2026-09-21T17,72,2,1.75,0,15000,1
2026-09-21T17,72,2,1.82,33530,0,2
2026-09-21T17,72,2,1.83,46252,0,3
2026-09-21T17,72,3,1.84,149899,4051,2
2026-09-21T18,72,0,1.53,0,1552,1
2026-09-21T18,72,0,1.66,0,29277,2
2026-09-21T18,72,0,1.67,60649,70984,4
2026-09-21T18,72,0,1.68,620,113022,3
2026-09-21T18,72,0,1.69,0,12736,2
2026-09-21T18,72,0,1.7,67679,0,2
2026-09-21T18,72,1,1.81,0,30000,1
2026-09-21T18,72,2,1.81,3100,0,1
2026-09-21T18,72,2,1.82,73860,0,1
2026-09-21T19,72,0,1.67,0,827,1
2026-09-21T19,72,0,1.68,15040,13036,3
2026-09-21T19,72,0,1.69,3066,10402,3
2026-09-21T19,72,0,1.7,0,128854,2
2026-09-21T19,72,0,1.71,28837,0,1
2026-09-21T19,72,1,1.81,12528,0,1
2026-09-21T19,72,2,1.81,0,5434,1
2026-09-21T19,72,2,1.82,86539,0,2
2026-09-21T19,72,3,1.81,0,3425,1
2026-09-21T19,72,3,1.82,0,19000,1
2026-09-21T19,72,4,2.2,12660,0,1
2026-09-21T20,72,0,1.67,195,35470,2
2026-09-21T20,72,0,1.68,22976,13459,4
2026-09-21T20,72,0,1.69,5553,1381,2
2026-09-21T20,72,0,1.7,0,5222,2
2026-09-21T20,72,0,1.71,95180,0,4
2026-09-21T20,72,1,1.79,7542,0,1
2026-09-21T20,72,1,1.8,4900,0,1
2026-09-21T20,72,2,1.8,0,100000,1
2026-09-21T20,72,2,1.81,0,4550,1
2026-09-21T20,72,2,1.82,0,185163,1
2026-09-21T20,72,2,1.83,138325,0,3
2026-09-21T20,72,3,1.82,104872,95128,3
2026-09-21T20,72,3,1.83,0,7982,1
2026-09-21T20,72,3,1.84,0,28679,1
2026-09-21T20,72,3,1.85,14832,0,2
2026-09-21T20,72,4,2.2,0,287340,1
2026-09-21T20,72,4,2.25,73000,0,2
2026-09-21T20,72,5,2.45,58588,0,1
2026-09-21T21,72,0,1.61,1020,0,1
2026-09-21T21,72,0,1.64,29,0,1
2026-09-21T21,72,1,1.74,38096,17826,2
2026-09-21T21,72,1,1.75,0,15000,1
2026-09-21T21,72,1,1.77,0,324,1
2026-09-21T21,72,1,1.78,64854,6012,3
2026-09-21T21,72,1,1.79,5853,0,1
2026-09-21T21,72,4,2.25,90330,0,1
2026-09-21T22,72,0,1.61,0,32,1
2026-09-21T22,72,0,1.62,0,8438,1
2026-09-21T22,72,0,1.63,0,8614,2
2026-09-21T22,72,0,1.64,0,44711,3
2026-09-21T22,72,0,1.65,0,10000,1
2026-09-21T22,72,0,1.66,0,25000,1
2026-09-21T22,72,0,1.68,0,13760,1
2026-09-21T22,72,0,1.69,0,17551,1
2026-09-21T22,72,0,1.7,0,33350,5
2026-09-21T22,72,0,1.71,37775,139273,5
2026-09-21T22,72,0,1.72,7044,746,3
2026-09-21T22,72,1,1.78,50000,0,1
2026-09-21T22,72,2,1.81,19836,0,1
2026-09-21T23,72,0,1.71,0,2640,1
2026-09-21T23,72,0,1.72,0,62833,4
2026-09-21T23,72,0,1.73,250,7315,4
2026-09-21T23,72,0,1.74,129403,7011,4
2026-09-21T23,72,1,1.78,12144,73864,3
2026-09-21T23,72,2,1.79,0,43758,1
2026-09-21T23,72,2,1.8,207082,3248,2
2026-09-21T23,72,2,1.81,4298,102340,2
2026-09-21T23,72,2,1.82,0,5640,1
2026-09-21T23,72,2,1.83,82939,0,1
2026-09-21T23,72,3,1.83,0,22371,1
2026-09-22T00,72,0,1.67,0,1000,1
2026-09-22T00,72,0,1.68,0,1000,1
2026-09-22T00,72,0,1.7,11331,8929,4
2026-09-22T00,72,0,1.71,0,1552,1
2026-09-22T00,72,0,1.72,0,21282,2
2026-09-22T00,72,0,1.73,4282,6000,2
2026-09-22T00,72,0,1.74,7073,5062,3
2026-09-22T00,72,1,1.79,0,23123,1
2026-09-22T00,72,1,1.8,0,19187,1
2026-09-22T00,72,1,1.81,0,46472,1
2026-09-22T00,72,2,1.83,16486,0,3
2026-09-22T01,72,0,1.7,0,28,1
2026-09-22T01,72,0,1.71,0,871,1
2026-09-22T01,72,0,1.72,101,2877,3
2026-09-22T01,72,0,1.73,38601,58103,4
2026-09-22T01,72,0,1.74,6275,25756,4
2026-09-22T01,72,0,1.75,21535,0,2
2026-09-22T01,72,1,1.82,0,33498,1
2026-09-22T01,72,2,1.81,0,15000,1
2026-09-22T01,72,2,1.82,20972,78903,3
2026-09-22T01,72,2,1.83,0,31253,1
2026-09-22T01,72,3,1.83,0,15635,1
2026-09-22T01,72,3,1.84,130000,0,2
2026-09-22T01,72,4,2.25,0,36670,1
2026-09-22T01,72,4,2.3,151144,0,1
2026-09-22T02,72,0,1.74,0,2854,2
2026-09-22T02,72,0,1.75,201811,137837,5
2026-09-22T02,72,0,1.76,34059,40791,7
2026-09-22T02,72,0,1.77,173066,1840,4
2026-09-22T02,72,2,1.84,7674,205607,3
2026-09-22T02,72,3,1.84,0,20000,1
2026-09-22T02,72,3,1.85,37674,303229,4
2026-09-22T03,72,0,1.74,24566,29345,6
2026-09-22T03,72,0,1.75,0,10747,3
2026-09-22T03,72,0,1.76,152212,0,3
2026-09-22T03,72,1,1.75,5971,0,1
2026-09-22T03,72,2,1.84,13370,20230,2
2026-09-22T03,72,3,1.85,349590,0,1
2026-09-22T04,72,0,1.73,0,33119,2
2026-09-22T04,72,0,1.74,0,3706,2
2026-09-22T04,72,0,1.75,3,14867,2
2026-09-22T04,72,0,1.76,18098,3872,2
2026-09-22T04,72,0,1.77,77714,0,4
2026-09-22T04,72,1,1.75,0,19029,1
2026-09-22T04,72,1,1.81,0,25000,1
2026-09-22T04,72,1,1.82,17322,4860,2
2026-09-22T04,72,1,1.83,0,4000,1
2026-09-22T04,72,2,1.84,0,36356,1
2026-09-22T04,72,3,1.85,573360,7424,5
2026-09-22T04,72,5,2.45,17830,0,1
2026-09-22T05,72,0,1.68,0,978,1
2026-09-22T05,72,0,1.69,13418,10000,3
2026-09-22T05,72,0,1.75,2000,0,1
2026-09-22T05,72,0,1.76,5000,0,1
2026-09-22T05,72,1,1.84,13196,0,1
2026-09-22T05,72,2,1.7,96534,113928,2
2026-09-22T05,72,2,1.84,0,165884,1
2026-09-22T05,72,4,2.2,0,100000,1
2026-09-22T05,72,4,2.3,13080,0,1
2026-09-22T06,72,0,1.68,0,2813,1
2026-09-22T06,72,0,1.69,0,6582,1
2026-09-22T06,72,0,1.71,0,1461,3
2026-09-22T06,72,0,1.72,14040,41873,3
2026-09-22T06,72,0,1.73,4968,31099,4
2026-09-22T06,72,0,1.74,262981,0,3
2026-09-22T06,72,1,1.83,500,0,1
2026-09-22T06,72,1,1.84,102087,0,1
2026-09-22T06,72,2,1.84,0,75000,1
2026-09-22T07,72,0,1.64,0,921,1
2026-09-22T07,72,0,1.65,100,10443,2
2026-09-22T07,72,0,1.66,5112,0,1
2026-09-22T07,72,1,1.81,0,24868,1
2026-09-22T07,72,1,1.82,36712,0,1
2026-09-22T07,72,3,1.84,16192,0,2
2026-09-22T08,72,0,1.62,0,775,1
2026-09-22T08,72,0,1.64,0,1880,1
2026-09-22T08,72,0,1.66,44870,10282,2
2026-09-22T08,72,0,1.67,0,22512,2
2026-09-22T08,72,0,1.68,15172,2962,3
2026-09-22T08,72,0,1.69,7303,17491,5
2026-09-22T08,72,0,1.7,0,28510,2
2026-09-22T08,72,0,1.73,19759,0,3
2026-09-22T08,72,1,1.79,0,5379,1
2026-09-22T08,72,1,1.8,17560,1332,3
2026-09-22T08,72,1,1.81,14355,0,2
2026-09-22T08,72,2,1.82,50000,0,1
2026-09-22T08,72,3,1.84,282540,100009,3
2026-09-22T08,72,3,1.85,399991,0,1
2026-09-22T08,72,5,2.35,62402,0,1
2026-09-22T09,72,0,1.69,0,50,1
2026-09-22T09,72,0,1.7,950,5050,3
2026-09-22T09,72,0,1.71,0,66363,2
2026-09-22T09,72,0,1.72,19491,19727,4
2026-09-22T09,72,0,1.73,44060,0,1
2026-09-22T09,72,1,1.79,0,52227,2
2026-09-22T09,72,1,1.8,13462,0,2
2026-09-22T09,72,2,1.8,0,35118,1
2026-09-22T09,72,2,1.81,10,0,1
2026-09-22T09,72,2,1.82,10000,0,1
2026-09-22T09,72,3,1.84,0,15700,1
2026-09-22T09,72,3,1.85,163333,0,3
2026-09-22T10,72,0,1.7,6044,3956,2
2026-09-22T10,72,0,1.71,18322,3215,2
2026-09-22T10,72,0,1.72,93025,0,3
2026-09-22T10,72,2,1.8,2110,2028,2
2026-09-22T10,72,2,1.81,8414,124576,3
2026-09-22T10,72,3,1.85,54812,0,1
2026-09-22T11,72,0,1.68,0,74,1
2026-09-22T11,72,0,1.69,0,2,1
2026-09-22T11,72,0,1.7,0,6080,2
2026-09-22T11,72,0,1.71,11246,8978,3
2026-09-22T11,72,0,1.72,77510,41496,6
2026-09-22T11,72,0,1.73,62926,68626,6
2026-09-22T11,72,1,1.79,94556,0,2
2026-09-22T11,72,3,1.84,0,3203,1
2026-09-22T11,72,3,1.85,3419,0,1
2026-09-22T12,72,0,1.68,0,115,1
2026-09-22T12,72,0,1.69,0,200,1
2026-09-22T12,72,0,1.7,0,653,1
2026-09-22T12,72,0,1.71,0,8911,1
2026-09-22T12,72,0,1.72,0,4081,2
2026-09-22T12,72,0,1.73,46200,0,6
2026-09-22T12,72,1,1.77,0,283015,3
2026-09-22T12,72,1,1.78,0,46972,3
2026-09-22T12,72,1,1.79,6306,0,1
2026-09-22T12,72,2,1.82,0,141620,1
2026-09-22T12,72,2,1.83,0,8014,1
2026-09-22T12,72,2,1.84,0,105608,1
2026-09-22T12,72,3,1.84,0,3301,1
2026-09-22T12,72,3,1.85,77291,0,1
2026-09-22T12,72,5,2.35,65432,0,1
2026-09-22T13,72,0,1.68,0,4643,1
2026-09-22T13,72,0,1.69,0,4912,2
2026-09-22T13,72,0,1.7,59119,2958,6
2026-09-22T13,72,1,1.78,0,17500,1
2026-09-22T13,72,1,1.79,41844,0,3
2026-09-22T13,72,2,1.84,0,7231,1
2026-09-22T13,72,2,1.85,8501,0,1
2026-09-22T13,72,3,1.85,0,648444,2
2026-09-22T13,72,3,1.86,0,414809,2
2026-09-22T13,72,8,3.25,0,9999,1
2026-09-22T13,72,9,3.3,0,609501,1
2026-09-22T14,72,0,1.69,0,19444,1
2026-09-22T14,72,0,1.7,61036,29991,3
2026-09-22T14,72,0,1.71,0,100,1
2026-09-22T14,72,0,1.72,4048,6380,3
2026-09-22T14,72,0,1.73,30355,21407,2
2026-09-22T14,72,1,1.78,0,23390,1
2026-09-22T14,72,1,1.79,0,263341,1
2026-09-22T14,72,1,1.8,164160,0,1
2026-09-22T14,72,4,2.15,1000,0,1
2026-09-22T14,72,5,2.35,87192,0,1
2026-09-22T14,72,6,3.3,0,30122,1
2026-09-22T14,72,8,3.6,0,14999,1
2026-09-22T14,72,8,3.65,0,5000,1
2026-09-22T14,72,8,3.7,3154,0,1
2026-09-22T15,72,0,1.71,0,20712,3
2026-09-22T15,72,0,1.72,119247,127549,7
2026-09-22T15,72,0,1.73,1897,0,1
2026-09-22T15,72,2,1.84,0,163285,2
2026-09-22T15,72,2,1.85,0,191719,3
2026-09-22T15,72,2,1.9,0,209544,2
2026-09-22T15,72,2,1.95,0,154789,1
2026-09-22T15,72,3,2.1,0,25741,1
2026-09-22T15,72,4,2.15,140965,0,1
2026-09-22T15,72,5,2.35,0,84974,1
2026-09-22T15,72,5,2.45,0,223582,1
2026-09-22T16,72,0,1.71,9806,25387,3
2026-09-22T16,72,0,1.72,0,10479,3
2026-09-22T16,72,0,1.73,21680,38093,4
2026-09-22T16,72,0,1.74,35480,73005,3
2026-09-22T16,72,0,1.75,15000,78156,6
2026-09-22T16,72,0,1.76,0,28496,2
2026-09-22T16,72,0,1.77,5476,0,1
2026-09-22T16,72,1,1.74,0,73455,1
2026-09-22T16,72,1,1.75,552,448,2
2026-09-22T16,72,1,1.76,0,2263,1
2026-09-22T16,72,1,1.77,0,7552,1
2026-09-22T16,72,1,1.78,0,8581,1
2026-09-22T16,72,1,1.79,2026,149695,4
2026-09-22T16,72,2,1.99,0,13224,1
2026-09-22T16,72,3,1.99,0,9350,2
2026-09-22T16,72,3,2.0,39340,0,3
2026-09-22T17,72,0,1.64,0,771,1
2026-09-22T17,72,0,1.65,0,50,1
2026-09-22T17,72,0,1.67,0,500,1
2026-09-22T17,72,0,1.69,0,200,1
2026-09-22T17,72,0,1.7,0,20885,1
2026-09-22T17,72,0,1.72,1833,0,1
2026-09-22T17,72,0,1.73,39350,0,2
2026-09-22T17,72,0,1.74,0,2560,1
2026-09-22T17,72,0,1.75,36634,0,1
2026-09-22T17,72,1,1.78,0,20391,2
2026-09-22T17,72,1,1.79,76556,54028,5
2026-09-22T17,72,3,1.99,5000,0,1
2026-09-22T17,72,4,2.15,200000,0,1
2026-09-22T18,72,0,1.7,0,5840,1
2026-09-22T18,72,0,1.71,0,1000,1
2026-09-22T18,72,0,1.72,0,2875,1
2026-09-22T18,72,0,1.73,0,13004,2
2026-09-22T18,72,0,1.74,0,45895,4
2026-09-22T18,72,0,1.75,8991,3893,5
2026-09-22T18,72,0,1.76,3000,56210,3
2026-09-22T18,72,0,1.77,24974,0,2
2026-09-22T18,72,1,1.78,0,15000,1
2026-09-22T18,72,1,1.79,0,18991,2
2026-09-22T18,72,1,1.8,85818,0,3
2026-09-22T18,72,2,1.96,0,7,1
2026-09-22T18,72,2,1.97,0,33089,1
2026-09-22T18,72,3,1.98,36016,3344,3
2026-09-22T19,72,0,1.71,100,0,1
2026-09-22T19,72,0,1.72,8000,0,1
2026-09-22T19,72,0,1.73,9578,0,1
2026-09-22T19,72,0,1.75,1572,10000,3
2026-09-22T19,72,0,1.76,0,1000,1
2026-09-22T19,72,0,1.77,34310,0,2
2026-09-22T19,72,1,1.78,0,5504,1
2026-09-22T19,72,1,1.79,0,8,1
2026-09-22T19,72,1,1.8,195112,0,4
2026-09-22T19,72,2,1.85,8180,38672,3
2026-09-22T19,72,2,1.86,0,30520,1
2026-09-22T19,72,2,1.97,12602,0,1
2026-09-22T19,72,3,1.97,0,12404,1
2026-09-22T19,72,4,2.1,84409,0,1
2026-09-22T19,72,5,2.45,2216,0,1
2026-09-22T20,72,0,1.7,0,4476,1
2026-09-22T20,72,0,1.71,0,13675,3
2026-09-22T20,72,0,1.72,330,83915,3
2026-09-22T20,72,0,1.73,0,52089,2
2026-09-22T20,72,0,1.74,10108,886,2
2026-09-22T20,72,0,1.76,38043,20813,3
2026-09-22T20,72,0,1.77,0,50912,4
2026-09-22T20,72,0,1.78,350,113909,6
2026-09-22T20,72,0,1.79,0,11747,7
2026-09-22T20,72,0,1.8,150040,62957,12
2026-09-22T20,72,0,1.82,0,1573,1
2026-09-22T20,72,1,1.8,0,142012,1
2026-09-22T20,72,1,1.81,176212,55783,4
2026-09-22T20,72,1,1.82,0,129530,2
2026-09-22T20,72,1,1.83,142239,5685,3
2026-09-22T20,72,2,1.86,0,15844,1
2026-09-22T20,72,2,1.87,4192,0,1
2026-09-22T20,72,3,1.91,1409,132,2
2026-09-22T20,72,3,1.95,0,11699,1
2026-09-22T20,72,3,1.96,0,6060,1
2026-09-22T20,72,3,1.97,0,5746,1
2026-09-22T20,72,3,1.98,11503,0,1
2026-09-22T20,72,4,2.1,83752,0,1
2026-09-22T21,72,0,1.8,0,2240,3
2026-09-22T21,72,0,1.81,9700,4900,4
2026-09-22T21,72,0,1.82,0,701,2
2026-09-22T21,72,1,1.76,0,9942,1
2026-09-22T21,72,1,1.83,207999,0,6
2026-09-22T21,72,2,1.87,45250,0,2
2026-09-22T21,72,3,1.97,8000,0,1
2026-09-22T21,72,4,2.1,96770,0,1
2026-09-22T22,72,0,1.79,0,10000,1
2026-09-22T22,72,0,1.8,8960,4565,2
2026-09-22T22,72,0,1.81,0,9903,2
2026-09-22T22,72,0,1.82,0,7804,1
2026-09-22T22,72,0,1.83,0,20865,4
2026-09-22T22,72,0,1.84,0,7560,3
2026-09-22T22,72,0,1.85,0,9050,3
2026-09-22T22,72,0,1.86,0,580,3
2026-09-22T22,72,0,1.87,0,6890,1
2026-09-22T22,72,1,1.82,0,8079,1
2026-09-22T22,72,1,1.83,4278,48678,5
2026-09-22T22,72,1,1.84,41555,8445,3
2026-09-22T22,72,1,1.88,48903,0,3
2026-09-22T22,72,2,1.85,0,200000,1
2026-09-22T22,72,2,1.86,0,37271,1
2026-09-22T22,72,2,1.87,0,109606,2
2026-09-22T22,72,3,1.96,0,22459,1
2026-09-22T22,72,3,1.97,0,382147,2
2026-09-22T22,72,3,1.98,62164,0,1
2026-09-22T22,72,4,2.05,0,70,1
2026-09-22T22,72,4,2.1,7930,0,1
2026-09-22T23,72,0,1.81,0,2000,2
2026-09-22T23,72,0,1.82,9023,2407,3
2026-09-22T23,72,0,1.83,0,579,1
2026-09-22T23,72,0,1.84,0,1586,1
2026-09-22T23,72,0,1.85,0,486,1
2026-09-22T23,72,0,1.86,0,978,1
2026-09-22T23,72,0,1.87,0,765,1
2026-09-22T23,72,1,1.88,21936,0,2
2026-09-22T23,72,2,1.97,127546,0,2
2026-09-22T23,72,3,1.98,128540,0,1
2026-09-23T00,72,0,1.83,0,600,1
2026-09-23T00,72,0,1.84,0,423,2
2026-09-23T00,72,0,1.85,0,9791,3
2026-09-23T00,72,0,1.86,86,5747,5
2026-09-23T00,72,0,1.87,130644,67657,5
2026-09-23T00,72,1,1.88,319603,0,3
2026-09-23T00,72,2,1.97,287188,0,3
2026-09-23T00,72,3,1.97,3838,96162,2
2026-09-23T01,72,0,1.79,0,655,1
2026-09-23T01,72,0,1.8,0,751,1
2026-09-23T01,72,0,1.84,0,200,1
2026-09-23T01,72,0,1.85,0,14735,1
2026-09-23T01,72,0,1.86,0,1070,4
2026-09-23T01,72,0,1.87,239360,0,5
2026-09-23T01,72,1,1.86,0,20200,1
2026-09-23T01,72,1,1.87,15929,34071,2
2026-09-23T01,72,1,1.88,42222,0,1
2026-09-23T01,72,2,1.97,50008,0,1
2026-09-23T01,72,3,1.98,38300,0,1
2026-09-23T02,72,0,1.79,0,105,2
2026-09-23T02,72,0,1.8,5895,10262,3
2026-09-23T02,72,0,1.84,0,1463,1
2026-09-23T02,72,0,1.85,0,19831,2
2026-09-23T02,72,0,1.86,0,18061,4
2026-09-23T02,72,0,1.87,20678,0,2
2026-09-23T02,72,1,1.75,0,3000,1
2026-09-23T02,72,1,1.87,55260,49980,4
2026-09-23T02,72,1,1.88,18396,0,1
2026-09-23T03,72,0,1.79,2142,0,2
2026-09-23T03,72,0,1.85,71493,47367,3
2026-09-23T03,72,0,1.87,50843,0,2
2026-09-23T03,72,1,1.88,77947,0,3
2026-09-23T03,72,2,1.95,20000,0,1
2026-09-23T04,72,0,1.75,0,8279,1
2026-09-23T04,72,0,1.78,0,1000,1
2026-09-23T04,72,0,1.79,0,18903,3
2026-09-23T04,72,0,1.8,0,22168,1
2026-09-23T04,72,0,1.81,0,33746,2
2026-09-23T04,72,0,1.82,0,44639,1
2026-09-23T04,72,0,1.83,4000,10000,2
2026-09-23T04,72,0,1.84,43728,0,3
2026-09-23T04,72,1,1.87,2520,0,1
2026-09-23T04,72,1,1.88,277327,0,2
2026-09-23T04,72,2,1.94,27604,0,2
2026-09-23T05,72,0,1.83,0,6160,1
2026-09-23T05,72,0,1.84,400,199928,4
2026-09-23T05,72,0,1.85,85898,64589,7
2026-09-23T05,72,1,1.85,0,1575,1
2026-09-23T05,72,1,1.86,155205,0,6
2026-09-23T05,72,2,1.86,0,18211,1
2026-09-23T05,72,2,1.87,16192,268,2
2026-09-23T05,72,2,1.88,8179,0,1
2026-09-23T05,72,4,2.1,480226,0,2
2026-09-23T05,72,5,2.45,17830,0,1
2026-09-23T06,72,0,1.83,0,1259,1
2026-09-23T06,72,1,1.84,104343,0,6
2026-09-23T06,72,4,2.05,3268,0,1
2026-09-23T06,72,5,2.45,85000,0,2
2026-09-23T07,72,0,1.74,300,600,2
2026-09-23T07,72,0,1.75,1857,0,1
2026-09-23T07,72,0,1.77,550,0,1
2026-09-23T07,72,0,1.8,1820,0,1
2026-09-23T07,72,0,1.81,0,3,1
2026-09-23T07,72,0,1.82,9,0,1
2026-09-23T07,72,1,1.82,2199,0,2
2026-09-23T07,72,1,1.84,18951,0,1
2026-09-23T07,72,3,1.95,0,79383,1
2026-09-23T07,72,3,1.96,46032,0,2
2026-09-23T11,72,0,1.74,0,599,1
2026-09-23T11,72,0,1.75,0,4876,1
2026-09-23T11,72,0,1.76,0,974,1
2026-09-23T11,72,0,1.77,0,27270,1
2026-09-23T11,72,0,1.78,0,7821,1
2026-09-23T11,72,0,1.79,0,1360,1
2026-09-23T11,72,0,1.8,0,34909,2
2026-09-23T11,72,0,1.81,5970,565,2
2026-09-23T11,72,0,1.82,0,31074,2
2026-09-23T11,72,1,1.81,2024,0,1
2026-09-23T11,72,1,1.82,0,12629,1
2026-09-23T11,72,1,1.83,57200,0,1
2026-09-23T11,72,2,1.85,0,357156,1
2026-09-23T11,72,2,1.86,0,3216,1
2026-09-23T11,72,2,1.87,0,9260,1
2026-09-23T11,72,2,1.88,13953,0,1
2026-09-23T11,72,3,1.93,52328,0,1
2026-09-23T11,72,3,1.96,61816,0,1
2026-09-23T11,72,4,2.05,0,96732,1
2026-09-23T11,72,5,2.35,132402,0,1
2026-09-23T11,72,8,3.7,0,1846,1
2026-09-23T11,72,8,3.75,934,0,1
2026-09-23T12,72,0,1.79,3254,0,1
2026-09-23T12,72,1,1.79,8000,0,2
2026-09-23T12,72,1,1.8,3000,0,1
2026-09-23T12,72,1,1.81,144251,0,4
2026-09-23T12,72,2,1.84,20192,0,1
2026-09-23T12,72,3,1.92,0,2100,1
2026-09-23T12,72,3,1.93,47900,0,1
2026-09-23T12,72,4,2.1,151322,0,1
2026-09-23T13,72,0,1.78,0,4595,1
2026-09-23T13,72,0,1.79,3000,11317,3
2026-09-23T13,72,0,1.8,30494,945,2
2026-09-23T13,72,1,1.75,140543,0,1
2026-09-23T13,72,1,1.79,2290,38385,4
2026-09-23T13,72,1,1.8,0,80756,1
2026-09-23T13,72,1,1.81,54622,0,3
2026-09-23T13,72,2,1.84,31706,48102,3
2026-09-23T13,72,2,1.85,0,100000,1
2026-09-23T13,72,2,1.86,0,58,1
2026-09-23T13,72,2,1.87,0,17000,1
2026-09-23T13,72,2,1.88,0,34624,1
2026-09-23T13,72,2,1.89,0,6000,1
2026-09-23T13,72,2,1.9,0,5000,1
2026-09-23T13,72,2,1.94,80583,0,1
2026-09-23T13,72,3,1.92,0,1410,1
2026-09-23T13,72,3,1.93,0,51722,1
2026-09-23T13,72,3,1.94,4801,4417,2
2026-09-23T13,72,3,1.95,8096,0,1
2026-09-23T13,72,8,3.75,0,4066,1
2026-09-23T13,72,8,3.8,0,5760,1
2026-09-23T13,72,9,3.85,0,400000,1
2026-09-23T14,72,0,1.68,0,7041,2
2026-09-23T14,72,0,1.69,8184,15694,4
2026-09-23T14,72,0,1.7,0,931,1
2026-09-23T14,72,0,1.71,0,10000,1
2026-09-23T14,72,0,1.72,0,20552,3
2026-09-23T14,72,0,1.73,5907,8373,2
2026-09-23T14,72,0,1.74,0,16600,2
2026-09-23T14,72,0,1.77,400,0,1
2026-09-23T14,72,0,1.79,0,13000,3
2026-09-23T14,72,0,1.8,0,18343,1
2026-09-23T14,72,0,1.81,8384,0,1
2026-09-23T14,72,1,1.73,0,2000,1
2026-09-23T14,72,1,1.74,0,28706,2
2026-09-23T14,72,1,1.75,0,19038,1
2026-09-23T14,72,1,1.8,0,11949,1
2026-09-23T14,72,1,1.81,0,39912,1
2026-09-23T14,72,4,2.05,100000,0,1
2026-09-23T14,72,6,4.4,0,6792,1
2026-09-23T14,72,10,4.5,47928,0,1
2026-09-23T15,72,0,1.72,54163,0,4
2026-09-23T15,72,0,1.75,0,10000,1
2026-09-23T15,72,0,1.76,0,1823,1
2026-09-23T15,72,0,1.77,0,600,1
2026-09-23T15,72,0,1.78,3177,6823,2
2026-09-23T15,72,1,1.75,1726,0,1
2026-09-23T15,72,2,1.92,0,25645,1
2026-09-23T15,72,2,1.94,0,215196,2
2026-09-23T15,72,2,1.95,0,8269,1
2026-09-23T15,72,3,1.93,0,1971,1
2026-09-23T15,72,3,1.94,0,3029,1
2026-09-23T15,72,3,1.95,0,185033,1
2026-09-23T15,72,3,1.96,73751,42152,4
2026-09-23T15,72,4,2.05,0,100000,1
2026-09-23T15,72,5,2.35,62000,0,1
2026-09-23T16,72,0,1.65,0,58944,1
2026-09-23T16,72,0,1.68,22070,0,1
2026-09-23T16,72,0,1.69,0,1226,1
2026-09-23T16,72,0,1.7,6734,0,2
2026-09-23T16,72,1,1.72,10,0,1
2026-09-23T16,72,1,1.73,28896,0,2
2026-09-23T16,72,2,1.94,7591,0,1
2026-09-23T16,72,3,1.95,0,200000,1
2026-09-23T17,72,0,1.61,0,4524,1
2026-09-23T17,72,0,1.62,0,1822,1
2026-09-23T17,72,0,1.63,0,12714,2
2026-09-23T17,72,0,1.64,982,1561,3
2026-09-23T17,72,0,1.65,0,6819,1
2026-09-23T17,72,0,1.66,0,12000,2
2026-09-23T17,72,0,1.67,1973,19427,5
2026-09-23T17,72,0,1.68,40000,0,1
2026-09-23T17,72,1,1.72,0,82990,1
2026-09-23T17,72,1,1.73,0,121104,1
2026-09-23T17,72,1,1.74,0,30032,1
2026-09-23T17,72,1,1.77,0,67880,1
2026-09-23T17,72,1,1.79,0,23643,2
2026-09-23T17,72,1,1.8,0,8197,1
2026-09-23T17,72,1,1.81,828,13174,2
2026-09-23T17,72,1,1.82,0,32828,2
2026-09-23T17,72,1,1.83,50092,0,3
2026-09-23T17,72,2,1.94,0,23784,1
2026-09-23T17,72,2,1.95,0,10000,1
2026-09-23T17,72,2,1.96,96430,0,1
2026-09-23T17,72,3,1.95,0,3100,1
2026-09-23T17,72,3,1.96,0,60304,2
2026-09-23T17,72,3,1.97,96521,139279,3
2026-09-23T17,72,4,2.05,150780,0,1
2026-09-23T18,72,0,1.66,0,11423,2
2026-09-23T18,72,0,1.67,5591,78144,5
2026-09-23T18,72,0,1.68,94310,0,4
2026-09-23T18,72,1,1.83,54656,40816,3
2026-09-23T18,72,2,1.94,0,11988,1
2026-09-23T18,72,2,1.95,38439,15673,3
2026-09-23T18,72,5,2.35,10000,0,1
2026-09-23T19,72,0,1.65,0,10033,1
2026-09-23T19,72,0,1.66,0,10000,1
2026-09-23T19,72,0,1.67,128051,13772,6
2026-09-23T19,72,0,1.68,6103,6054,3
2026-09-23T19,72,0,1.69,78,1255,2
2026-09-23T19,72,1,1.7,0,15000,1
2026-09-23T19,72,1,1.8,19995,18392,4
2026-09-23T19,72,1,1.81,11608,0,1
2026-09-23T19,72,3,1.96,299130,0,2
2026-09-23T19,72,3,1.97,0,9227,1
2026-09-23T19,72,3,1.98,2658,0,1
2026-09-23T20,72,0,1.69,0,6336,2
2026-09-23T20,72,0,1.7,10606,9514,3
2026-09-23T20,72,0,1.71,32386,0,2
2026-09-23T20,72,3,1.96,88934,0,1
2026-09-23T21,72,0,1.71,0,54842,2
2026-09-23T21,72,0,1.72,95435,210824,4
2026-09-23T21,72,0,1.73,0,279,1
2026-09-23T21,72,0,1.74,8622,12590,3
2026-09-23T21,72,0,1.77,4000,491,2
2026-09-23T21,72,0,1.78,27302,0,2
2026-09-23T21,72,2,1.87,0,9170,1
2026-09-23T21,72,2,1.88,6328,0,1
2026-09-23T21,72,2,1.9,14026,0,1
2026-09-23T21,72,3,1.94,0,11340,1
2026-09-23T21,72,3,1.95,0,6505,1
2026-09-23T21,72,3,1.96,0,201936,1
2026-09-23T21,72,4,2.0,93670,0,1
2026-09-23T21,72,5,2.35,0,195598,1
2026-09-23T21,72,5,2.45,0,194954,1
2026-09-23T21,72,5,2.5,15364,0,1
2026-09-23T22,72,0,1.73,0,1000,1
2026-09-23T22,72,0,1.74,2181,4298,3
2026-09-23T22,72,0,1.75,0,100,1
2026-09-23T22,72,0,1.76,574,41961,3
2026-09-23T22,72,0,1.77,0,312,1
2026-09-23T22,72,0,1.78,86977,13615,3
2026-09-23T22,72,1,1.78,0,53802,1
2026-09-23T22,72,1,1.79,0,12787,2
2026-09-23T22,72,1,1.8,20101,0,1
2026-09-23T23,72,0,1.58,0,9270,1
2026-09-23T23,72,0,1.59,0,2987,1
2026-09-23T23,72,0,1.7,0,4000,1
2026-09-23T23,72,0,1.71,0,10000,1
2026-09-23T23,72,0,1.72,2000,3142,2
2026-09-23T23,72,0,1.73,564,439,3
2026-09-23T23,72,0,1.74,41002,0,2
2026-09-23T23,72,1,1.6,26000,14000,2
2026-09-23T23,72,1,1.79,12890,237110,2
2026-09-23T23,72,1,1.8,29456,0,1
2026-09-23T23,72,2,1.86,7546,0,1
2026-09-24T00,72,0,1.72,8054,2370,2
2026-09-24T00,72,0,1.73,10,990,2
2026-09-24T00,72,0,1.74,0,7311,1
2026-09-24T00,72,0,1.76,0,6208,1
2026-09-24T00,72,0,1.77,6021,3108,2
2026-09-24T00,72,0,1.78,0,38502,1
2026-09-24T00,72,0,1.79,0,6051,1
2026-09-24T00,72,0,1.8,8287,51475,5
2026-09-24T00,72,0,1.81,2183,6560,4
2026-09-24T00,72,0,1.82,12209,12896,3
2026-09-24T00,72,0,1.83,13374,0,1
2026-09-24T00,72,1,1.79,0,6744,1
2026-09-24T00,72,1,1.8,0,82065,2
2026-09-24T00,72,1,1.81,0,20941,1
2026-09-24T00,72,1,1.82,0,70009,1
2026-09-24T00,72,1,1.83,0,26236,1
2026-09-24T00,72,1,1.84,11896,8564,2
2026-09-24T00,72,1,1.85,832,0,1
2026-09-24T00,72,2,1.86,0,59454,1
2026-09-24T00,72,2,1.87,0,8,1
2026-09-24T00,72,2,1.88,4074,0,1
2026-09-24T00,72,3,1.96,26644,0,1
2026-09-24T00,72,3,1.97,98000,2000,2
2026-09-24T01,72,0,1.8,0,498,1
2026-09-24T01,72,0,1.81,15077,82040,5
2026-09-24T01,72,0,1.82,91555,5307,5
2026-09-24T01,72,1,1.85,0,5051,1
2026-09-24T01,72,1,1.86,2949,0,1
2026-09-24T01,72,2,1.87,29536,0,2
2026-09-24T01,72,3,1.96,36904,136452,2
2026-09-24T01,72,3,1.97,0,118660,1
2026-09-24T01,72,3,1.98,42848,0,1
2026-09-24T02,72,0,1.8,0,4000,1
2026-09-24T02,72,0,1.81,0,10000,1
2026-09-24T02,72,0,1.82,1670,7168,5
2026-09-24T02,72,0,1.83,69399,7846,4
2026-09-24T02,72,0,1.84,0,52118,4
2026-09-24T02,72,1,1.85,23093,0,3
2026-09-24T03,72,0,1.81,0,1528,1
2026-09-24T03,72,0,1.82,17192,6709,5
2026-09-24T03,72,0,1.83,33552,84293,4
2026-09-24T03,72,0,1.84,67076,19000,4
2026-09-24T03,72,1,1.79,0,18737,1
2026-09-24T03,72,1,1.8,0,49464,1
2026-09-24T03,72,1,1.85,54460,2221,2
2026-09-24T03,72,1,1.86,35876,0,1
2026-09-24T03,72,2,1.86,0,20000,1
2026-09-24T03,72,2,1.87,0,34854,1
2026-09-24T03,72,2,1.88,0,115017,2
2026-09-24T04,72,0,1.76,0,605,1
2026-09-24T04,72,0,1.77,0,32033,1
2026-09-24T04,72,0,1.78,303,47557,2
2026-09-24T04,72,0,1.79,0,10000,1
2026-09-24T04,72,0,1.8,982,8958,2
2026-09-24T04,72,0,1.81,847,9094,2
2026-09-24T04,72,0,1.82,0,15106,2
2026-09-24T04,72,0,1.83,0,12849,3
2026-09-24T04,72,0,1.84,0,42348,1
2026-09-24T04,72,1,1.84,0,31639,2
2026-09-24T04,72,1,1.85,237887,0,7
2026-09-24T04,72,2,1.88,0,57851,1
2026-09-24T04,72,2,1.89,0,3,1
2026-09-24T04,72,2,1.9,0,19095,1
2026-09-24T04,72,2,1.91,0,68515,1
2026-09-24T04,72,2,1.92,0,70760,1
2026-09-24T04,72,2,1.93,0,50000,1
2026-09-24T04,72,2,1.94,0,20000,1
2026-09-24T04,72,2,1.95,40000,0,1
2026-09-24T04,72,3,1.98,88195,57476,3
2026-09-24T04,72,4,1.99,93906,0,1
2026-09-24T04,72,5,2.5,50000,0,1
2026-09-24T05,72,0,1.81,0,25156,1
2026-09-24T05,72,0,1.82,9837,27972,4
2026-09-24T05,72,0,1.83,25000,18256,3
2026-09-24T05,72,0,1.84,37040,0,3
2026-09-24T05,72,1,1.85,0,89073,1
2026-09-24T05,72,1,1.86,0,71957,2
2026-09-24T05,72,1,1.87,0,14550,1
2026-09-24T05,72,1,1.89,0,5884,2
2026-09-24T05,72,1,1.9,78474,15,3
2026-09-24T05,72,2,1.88,0,127,1
2026-09-24T05,72,2,1.89,0,598,1
2026-09-24T05,72,2,1.9,0,4448,1
2026-09-24T05,72,2,1.91,52639,46864,5
2026-09-24T05,72,2,1.92,60346,0,2
2026-09-24T05,72,4,1.99,0,906094,1
2026-09-24T05,72,5,2.5,17830,0,1
2026-09-24T06,72,0,1.59,0,8,1
2026-09-24T06,72,0,1.6,0,200,1
2026-09-24T06,72,0,1.8,0,8092,1
2026-09-24T06,72,0,1.81,0,33382,1
2026-09-24T06,72,0,1.82,5494,18199,5
2026-09-24T06,72,0,1.83,5132,20275,5
2026-09-24T06,72,0,1.84,5146,30067,4
2026-09-24T06,72,0,1.85,0,55019,2
2026-09-24T06,72,0,1.86,0,18003,2
2026-09-24T06,72,0,1.87,53730,0,2
2026-09-24T06,72,1,1.87,10463,10026,2
2026-09-24T06,72,2,1.91,0,557,1
2026-09-24T06,72,2,1.92,8746,0,1
2026-09-24T06,72,3,1.96,0,150000,1
2026-09-24T06,72,4,2.0,14000,0,1
2026-09-24T06,72,5,2.45,60108,0,1
