kind,quality,order_id,seller_id,price,qty,delta,depuis,passage
1,0,125000822,5805943,0.255,76099,-675.0,2026-09-15T22:31:53Z,2026-09-15T22:43:00Z
1,0,125000829,5813847,0.255,160723,,2026-09-15T22:32:07Z,2026-09-15T22:43:00Z
1,0,125000622,5640848,0.256,112074,,2026-09-15T22:25:39Z,2026-09-15T22:43:00Z
1,0,125000765,5628167,0.256,1979153,,2026-09-15T22:29:50Z,2026-09-15T22:43:00Z
1,0,125000443,5763055,0.257,44921,,2026-09-15T22:20:09Z,2026-09-15T22:43:00Z
1,0,125000724,5738803,0.257,30000,,2026-09-15T22:28:29Z,2026-09-15T22:43:00Z
1,0,124999230,5104847,0.258,172571,,2026-09-15T21:45:17Z,2026-09-15T22:43:00Z
1,0,124999235,5363253,0.258,1000000,,2026-09-15T21:45:26Z,2026-09-15T22:43:00Z
1,0,124999197,5805571,0.259,3290,,2026-09-15T21:44:15Z,2026-09-15T22:43:00Z
1,0,124996334,5524922,0.26,2165781,,2026-09-15T20:29:24Z,2026-09-15T22:43:00Z
1,0,124996459,5795808,0.26,15551,,2026-09-15T20:31:54Z,2026-09-15T22:43:00Z
1,0,124997229,5708192,0.26,112926,,2026-09-15T20:51:00Z,2026-09-15T22:43:00Z
1,0,124997880,5602587,0.26,10810,,2026-09-15T21:08:06Z,2026-09-15T22:43:00Z
1,0,124998044,5726352,0.26,100000,,2026-09-15T21:11:53Z,2026-09-15T22:43:00Z
1,0,124998513,5730472,0.26,1142871,,2026-09-15T21:24:53Z,2026-09-15T22:43:00Z
1,0,124998621,5576060,0.26,200000,,2026-09-15T21:27:40Z,2026-09-15T22:43:00Z
1,0,124998992,5817248,0.26,13627,,2026-09-15T21:38:10Z,2026-09-15T22:43:00Z
1,0,124954979,5681350,0.261,646298,,2026-09-15T02:48:05Z,2026-09-15T22:43:00Z
1,0,124955020,5645890,0.261,30000,,2026-09-15T02:49:25Z,2026-09-15T22:43:00Z
1,0,124962124,5612186,0.261,1769403,,2026-09-15T06:07:52Z,2026-09-15T22:43:00Z
1,0,124964811,5452843,0.261,5184422,,2026-09-15T07:26:05Z,2026-09-15T22:43:00Z
1,0,124986411,5775411,0.261,305640,,2026-09-15T16:46:06Z,2026-09-15T22:43:00Z
1,0,124986656,5763824,0.261,92057,,2026-09-15T16:51:50Z,2026-09-15T22:43:00Z
1,0,124997258,5791981,0.261,289570,,2026-09-15T20:51:45Z,2026-09-15T22:43:00Z
1,0,124750381,2286319,0.262,1167282,,2026-09-11T04:50:32Z,2026-09-15T22:43:00Z
1,0,124751224,5183189,0.262,405104,,2026-09-11T05:13:36Z,2026-09-15T22:43:00Z
1,0,124764721,5694857,0.262,300000,,2026-09-11T11:23:14Z,2026-09-15T22:43:00Z
1,0,124794032,5699226,0.262,1128308,,2026-09-12T00:26:53Z,2026-09-15T22:43:00Z
1,0,124807335,5830380,0.262,10000,,2026-09-12T07:33:46Z,2026-09-15T22:43:00Z
1,0,124846018,5661520,0.262,281507,,2026-09-13T01:38:12Z,2026-09-15T22:43:00Z
1,0,124954910,5795114,0.262,7321,,2026-09-15T02:44:29Z,2026-09-15T22:43:00Z
1,0,124955025,5645890,0.262,40000,,2026-09-15T02:49:37Z,2026-09-15T22:43:00Z
1,0,124963952,5795317,0.262,40000,,2026-09-15T07:01:11Z,2026-09-15T22:43:00Z
1,0,124480130,5576060,0.263,244000,,2026-09-05T22:46:43Z,2026-09-15T22:43:00Z
1,0,124713919,5135059,0.263,5036086,,2026-09-10T12:13:43Z,2026-09-15T22:43:00Z
1,0,124731210,5360478,0.263,100000,,2026-09-10T19:07:14Z,2026-09-15T22:43:00Z
1,0,124777635,3456495,0.263,45250,,2026-09-11T16:37:49Z,2026-09-15T22:43:00Z
1,0,124839098,5831883,0.263,10000,,2026-09-12T21:38:22Z,2026-09-15T22:43:00Z
1,0,124910058,5273548,0.263,1093996,,2026-09-14T07:07:21Z,2026-09-15T22:43:00Z
1,0,124955023,5688199,0.263,1611155,,2026-09-15T02:49:32Z,2026-09-15T22:43:00Z
1,0,124256268,5576060,0.264,355000,,2026-09-01T20:23:43Z,2026-09-15T22:43:00Z
1,0,124651967,5814290,0.264,7202,,2026-09-09T07:55:36Z,2026-09-15T22:43:00Z
1,0,124659731,5803755,0.264,34100,,2026-09-09T11:41:08Z,2026-09-15T22:43:00Z
1,0,124678593,4817057,0.264,38880,,2026-09-09T19:16:39Z,2026-09-15T22:43:00Z
1,0,124726555,5756976,0.264,59513,,2026-09-10T17:12:08Z,2026-09-15T22:43:00Z
1,0,124764875,5135059,0.264,1158575,,2026-09-11T11:26:28Z,2026-09-15T22:43:00Z
1,0,124796387,5790715,0.264,5000,,2026-09-12T02:00:26Z,2026-09-15T22:43:00Z
1,0,124876178,3803929,0.264,1000000,,2026-09-13T15:35:06Z,2026-09-15T22:43:00Z
1,0,124113673,5576060,0.265,370000,,2026-08-31T17:37:58Z,2026-09-15T22:43:00Z
1,0,124652702,5701573,0.265,60000,,2026-09-09T08:20:33Z,2026-09-15T22:43:00Z
1,0,124652864,5246487,0.265,1513384,,2026-09-09T08:25:31Z,2026-09-15T22:43:00Z
1,0,124660162,5758848,0.265,34245,,2026-09-09T11:53:44Z,2026-09-15T22:43:00Z
1,0,124660377,3437067,0.265,51036,,2026-09-09T11:59:11Z,2026-09-15T22:43:00Z
1,0,124669383,5763158,0.265,114785,,2026-09-09T15:33:24Z,2026-09-15T22:43:00Z
1,0,124672767,5290469,0.265,51399,,2026-09-09T16:57:31Z,2026-09-15T22:43:00Z
1,0,124676671,4741213,0.265,9494377,,2026-09-09T18:32:02Z,2026-09-15T22:43:00Z
1,0,124679672,5825005,0.265,5000,,2026-09-09T19:41:26Z,2026-09-15T22:43:00Z
1,0,124701410,5821204,0.265,1000,,2026-09-10T06:31:39Z,2026-09-15T22:43:00Z
1,0,124743737,5771591,0.265,66531,,2026-09-11T01:06:18Z,2026-09-15T22:43:00Z
1,0,124794797,2194937,0.265,4620496,,2026-09-12T00:56:19Z,2026-09-15T22:43:00Z
1,0,124816341,4936968,0.265,875000,,2026-09-12T11:48:02Z,2026-09-15T22:43:00Z
1,0,124830823,5817248,0.265,14880,,2026-09-12T18:03:06Z,2026-09-15T22:43:00Z
1,0,124864218,5594446,0.265,500000,,2026-09-13T10:46:46Z,2026-09-15T22:43:00Z
1,0,124885123,5038551,0.265,329560,,2026-09-13T19:03:13Z,2026-09-15T22:43:00Z
1,0,124901137,5716770,0.265,50000,,2026-09-14T03:01:46Z,2026-09-15T22:43:00Z
1,0,124662094,5764311,0.266,295313,,2026-09-09T12:42:20Z,2026-09-15T22:43:00Z
1,0,124776524,5829098,0.266,6000,,2026-09-11T16:12:12Z,2026-09-15T22:43:00Z
1,0,124879957,5738162,0.266,50000,,2026-09-13T17:01:34Z,2026-09-15T22:43:00Z
1,0,124949621,5827777,0.266,48000,,2026-09-14T23:40:19Z,2026-09-15T22:43:00Z
1,0,124194638,4935388,0.267,1114680,,2026-09-03T10:48:44Z,2026-09-15T22:43:00Z
1,0,124665364,2329758,0.267,273968,,2026-09-09T13:59:49Z,2026-09-15T22:43:00Z
1,0,124779999,5788169,0.267,20000,,2026-09-11T17:38:33Z,2026-09-15T22:43:00Z
1,0,124831892,5135059,0.267,46000,,2026-09-12T18:30:22Z,2026-09-15T22:43:00Z
1,0,124621742,4935388,0.268,279438,,2026-09-08T17:19:07Z,2026-09-15T22:43:00Z
1,0,124780371,5790715,0.268,10000,,2026-09-11T17:47:38Z,2026-09-15T22:43:00Z
1,0,124945496,5775411,0.268,528045,,2026-09-14T21:30:16Z,2026-09-15T22:43:00Z
1,0,124998548,5644095,0.268,1000000,,2026-09-15T21:25:36Z,2026-09-15T22:43:00Z
1,0,124687460,4635611,0.269,4744970,,2026-09-09T23:17:30Z,2026-09-15T22:43:00Z
1,0,124652720,5701573,0.27,5000,,2026-09-09T08:20:18Z,2026-09-15T22:43:00Z
1,0,124747934,5055167,0.27,1720623,,2026-09-11T03:35:55Z,2026-09-15T22:43:00Z
1,0,124781476,2199071,0.27,3614199,,2026-09-11T18:17:32Z,2026-09-15T22:43:00Z
1,0,124830967,5333925,0.27,620932,,2026-09-12T18:07:10Z,2026-09-15T22:43:00Z
1,0,124880820,5833563,0.27,100,,2026-09-13T17:22:26Z,2026-09-15T22:43:00Z
1,0,124980565,5709679,0.27,500000,,2026-09-15T14:29:17Z,2026-09-15T22:43:00Z
1,0,124746045,5716770,0.271,500000,,2026-09-11T02:29:48Z,2026-09-15T22:43:00Z
1,0,124896233,5833563,0.271,2000,,2026-09-14T00:16:23Z,2026-09-15T22:43:00Z
1,0,124759779,5333925,0.272,533885,,2026-09-11T09:15:01Z,2026-09-15T22:43:00Z
1,0,124771427,5716770,0.274,50000,,2026-09-11T14:17:03Z,2026-09-15T22:43:00Z
1,0,124903979,5768529,0.274,10000,,2026-09-14T04:26:55Z,2026-09-15T22:43:00Z
1,0,124919817,5835219,0.275,10000,,2026-09-14T11:38:16Z,2026-09-15T22:43:00Z
1,0,124800208,5825522,0.277,1000,,2026-09-12T04:20:00Z,2026-09-15T22:43:00Z
1,0,124833523,5716770,0.277,50000,,2026-09-12T19:12:56Z,2026-09-15T22:43:00Z
1,0,124792332,5790715,0.278,10869,,2026-09-11T23:25:25Z,2026-09-15T22:43:00Z
1,0,124892486,5333925,0.279,264569,,2026-09-13T22:06:06Z,2026-09-15T22:43:00Z
1,0,124633336,5771591,0.28,10000,,2026-09-08T22:01:39Z,2026-09-15T22:43:00Z
1,0,124661022,5135059,0.28,1258523,,2026-09-09T12:15:18Z,2026-09-15T22:43:00Z
1,0,124729750,5825008,0.28,2000,,2026-09-10T18:33:31Z,2026-09-15T22:43:00Z
1,0,124938471,5630741,0.28,100000,,2026-09-14T18:45:45Z,2026-09-15T22:43:00Z
1,0,124879934,5833563,0.281,1500,,2026-09-13T17:01:07Z,2026-09-15T22:43:00Z
1,0,124924753,5834289,0.281,5000,,2026-09-14T13:39:07Z,2026-09-15T22:43:00Z
1,0,124706706,5826125,0.282,10000,,2026-09-10T08:55:51Z,2026-09-15T22:43:00Z
1,0,124953954,5790715,0.283,108450,,2026-09-15T02:08:57Z,2026-09-15T22:43:00Z
1,0,124960926,5836753,0.284,10000,,2026-09-15T05:35:38Z,2026-09-15T22:43:00Z
1,0,124626085,5808707,0.285,1000,,2026-09-08T19:00:32Z,2026-09-15T22:43:00Z
1,0,124959527,5828031,0.288,10000,,2026-09-15T05:00:18Z,2026-09-15T22:43:00Z
1,0,124667247,5824188,0.29,10000,,2026-09-09T14:44:21Z,2026-09-15T22:43:00Z
1,0,124901661,5565388,0.29,901309,,2026-09-14T03:18:24Z,2026-09-15T22:43:00Z
1,0,124753103,5828109,0.291,10000,,2026-09-11T06:01:58Z,2026-09-15T22:43:00Z
1,0,124740436,5790715,0.293,1087,,2026-09-10T23:07:03Z,2026-09-15T22:43:00Z
1,0,124681268,5730344,0.294,3799,,2026-09-09T20:18:37Z,2026-09-15T22:43:00Z
1,0,124731309,5085262,0.295,720,,2026-09-10T19:09:38Z,2026-09-15T22:43:00Z
1,0,124764890,5825522,0.299,1000,,2026-09-11T11:26:47Z,2026-09-15T22:43:00Z
1,0,124659936,5115497,0.3,67701,,2026-09-09T11:46:44Z,2026-09-15T22:43:00Z
1,0,124701524,5825897,0.3,11000,,2026-09-10T06:34:05Z,2026-09-15T22:43:00Z
1,0,124705757,5825902,0.3,10000,,2026-09-10T08:29:32Z,2026-09-15T22:43:00Z
1,0,124706920,5826150,0.3,10000,,2026-09-10T09:03:08Z,2026-09-15T22:43:00Z
1,0,124713334,5825694,0.3,2000,,2026-09-10T11:58:12Z,2026-09-15T22:43:00Z
1,0,124715092,5822311,0.3,10000,,2026-09-10T12:39:45Z,2026-09-15T22:43:00Z
1,0,124770146,5810062,0.3,5000,,2026-09-11T13:42:21Z,2026-09-15T22:43:00Z
1,0,124774956,5829033,0.3,10000,,2026-09-11T15:37:25Z,2026-09-15T22:43:00Z
1,0,124795407,5829953,0.3,10000,,2026-09-12T01:22:13Z,2026-09-15T22:43:00Z
1,0,124817875,5562236,0.3,10000,,2026-09-12T12:31:38Z,2026-09-15T22:43:00Z
1,0,124828013,5831237,0.3,9500,,2026-09-12T16:49:52Z,2026-09-15T22:43:00Z
1,0,124831984,5831561,0.3,10000,,2026-09-12T18:32:22Z,2026-09-15T22:43:00Z
1,0,124843883,5612256,0.3,3608,,2026-09-13T00:19:14Z,2026-09-15T22:43:00Z
1,0,124845304,5832176,0.3,10000,,2026-09-13T01:14:23Z,2026-09-15T22:43:00Z
1,0,124862189,5333925,0.3,380765,,2026-09-13T09:49:08Z,2026-09-15T22:43:00Z
1,0,124862801,5832680,0.3,10000,,2026-09-13T10:06:55Z,2026-09-15T22:43:00Z
1,0,124920616,5834966,0.3,10000,,2026-09-14T11:55:41Z,2026-09-15T22:43:00Z
1,0,124925125,5835427,0.3,10000,,2026-09-14T13:46:24Z,2026-09-15T22:43:00Z
1,0,124938797,5836085,0.3,10000,,2026-09-14T18:53:58Z,2026-09-15T22:43:00Z
1,0,124942163,5825103,0.3,2500,,2026-09-14T20:06:36Z,2026-09-15T22:43:00Z
1,0,124948528,5827826,0.3,10000,,2026-09-14T23:04:41Z,2026-09-15T22:43:00Z
1,0,124977807,5480569,0.3,100,,2026-09-15T13:22:22Z,2026-09-15T22:43:00Z
1,0,125000780,2001899,0.3,10000000,,2026-09-15T22:30:33Z,2026-09-15T22:43:00Z
1,0,124979467,5761378,0.301,4000,,2026-09-15T14:01:48Z,2026-09-15T22:43:00Z
1,0,124699497,5825507,0.307,40,,2026-09-10T05:40:57Z,2026-09-15T22:43:00Z
1,0,124866344,5827600,0.307,500,,2026-09-13T11:42:11Z,2026-09-15T22:43:00Z
1,0,124729380,5824875,0.325,4000,,2026-09-10T18:23:41Z,2026-09-15T22:43:00Z
1,0,124984984,5837793,0.33,10000,,2026-09-15T16:12:13Z,2026-09-15T22:43:00Z
1,0,124743468,5756803,0.34,1000,,2026-09-11T00:56:58Z,2026-09-15T22:43:00Z
1,0,124840561,5831834,0.347,997,,2026-09-12T22:21:57Z,2026-09-15T22:43:00Z
1,0,124696363,5825677,0.35,5000,,2026-09-10T04:21:50Z,2026-09-15T22:43:00Z
1,0,124712532,5825184,0.35,1000,,2026-09-10T11:35:57Z,2026-09-15T22:43:00Z
1,0,124740198,5827590,0.35,10000,,2026-09-10T22:59:54Z,2026-09-15T22:43:00Z
1,0,124743424,5756803,0.35,600,,2026-09-11T00:55:08Z,2026-09-15T22:43:00Z
1,0,124924469,5834455,0.35,8000,,2026-09-14T13:32:46Z,2026-09-15T22:43:00Z
1,0,124903904,5834639,0.354,1000,,2026-09-14T04:24:34Z,2026-09-15T22:43:00Z
1,0,124776030,5828130,0.355,10000,,2026-09-11T16:00:43Z,2026-09-15T22:43:00Z
1,0,124688677,5809438,0.365,10000,,2026-09-10T00:02:31Z,2026-09-15T22:43:00Z
1,0,124747012,5751355,0.4,21000,,2026-09-11T03:05:43Z,2026-09-15T22:43:00Z
1,0,124924565,5834272,0.4,10000,,2026-09-14T13:35:03Z,2026-09-15T22:43:00Z
1,0,124664930,5221256,0.42,10000,,2026-09-09T13:50:38Z,2026-09-15T22:43:00Z
1,0,124671853,5673057,0.48,1126994,,2026-09-09T16:32:01Z,2026-09-15T22:43:00Z
1,1,125001064,5743968,0.259,33494,,2026-09-15T22:39:40Z,2026-09-15T22:43:00Z
1,1,124999332,5642178,0.26,217706,,2026-09-15T21:47:55Z,2026-09-15T22:43:00Z
1,1,124999466,5191985,0.26,411585,,2026-09-15T21:51:20Z,2026-09-15T22:43:00Z
1,1,125000045,5238892,0.26,1000000,,2026-09-15T22:07:38Z,2026-09-15T22:43:00Z
1,1,125000303,5529551,0.26,500000,,2026-09-15T22:16:29Z,2026-09-15T22:43:00Z
1,1,124956310,5679693,0.261,2530313,,2026-09-15T03:30:57Z,2026-09-15T22:43:00Z
1,1,124957207,5395473,0.261,396606,,2026-09-15T03:57:12Z,2026-09-15T22:43:00Z
1,1,124961243,2834394,0.261,500000,,2026-09-15T05:43:23Z,2026-09-15T22:43:00Z
1,1,124987624,5766115,0.261,1000000,,2026-09-15T17:15:29Z,2026-09-15T22:43:00Z
1,1,124995087,5752319,0.261,1000000,,2026-09-15T20:01:18Z,2026-09-15T22:43:00Z
1,1,124997791,5386579,0.261,5174196,,2026-09-15T21:06:06Z,2026-09-15T22:43:00Z
1,1,125000026,5238892,0.261,1297477,,2026-09-15T22:07:06Z,2026-09-15T22:43:00Z
1,1,124954889,5695563,0.262,239206,,2026-09-15T02:43:19Z,2026-09-15T22:43:00Z
1,1,124973630,5745451,0.262,2402439,,2026-09-15T11:36:44Z,2026-09-15T22:43:00Z
1,1,124987631,5766115,0.262,950183,,2026-09-15T17:15:36Z,2026-09-15T22:43:00Z
1,1,124995094,5752319,0.262,672854,,2026-09-15T20:01:27Z,2026-09-15T22:43:00Z
1,1,124734463,4034290,0.263,8891638,,2026-09-10T20:24:19Z,2026-09-15T22:43:00Z
1,1,124744950,4056233,0.263,542341,,2026-09-11T01:48:41Z,2026-09-15T22:43:00Z
1,1,124750344,4735374,0.263,77127,,2026-09-11T04:49:26Z,2026-09-15T22:43:00Z
1,1,124953819,5700389,0.264,739386,,2026-09-15T02:03:49Z,2026-09-15T22:43:00Z
1,1,124672191,5420574,0.265,170063,,2026-09-09T16:41:46Z,2026-09-15T22:43:00Z
1,1,124950318,5597313,0.265,190000,,2026-09-15T00:06:15Z,2026-09-15T22:43:00Z
1,1,124863802,4808883,0.266,2500,,2026-09-13T10:35:09Z,2026-09-15T22:43:00Z
1,1,124712186,5633618,0.267,200000,,2026-09-10T11:30:27Z,2026-09-15T22:43:00Z
1,1,124617827,5607777,0.27,69205,,2026-09-08T15:42:01Z,2026-09-15T22:43:00Z
1,1,124791407,5334745,0.27,298709,,2026-09-11T22:51:14Z,2026-09-15T22:43:00Z
1,1,124823817,5210388,0.27,1000000,,2026-09-12T15:05:23Z,2026-09-15T22:43:00Z
1,1,124706761,5662019,0.272,6825,,2026-09-10T08:58:23Z,2026-09-15T22:43:00Z
1,1,124701301,5809730,0.374,42,,2026-09-10T06:28:42Z,2026-09-15T22:43:00Z
1,2,125001066,5680353,0.259,2221570,,2026-09-15T22:39:43Z,2026-09-15T22:43:00Z
1,2,125001030,2279282,0.26,727482,,2026-09-15T22:38:38Z,2026-09-15T22:43:00Z
1,2,125001033,5811520,0.26,15961375,,2026-09-15T22:38:41Z,2026-09-15T22:43:00Z
1,2,125001136,5478611,0.26,450000,,2026-09-15T22:41:35Z,2026-09-15T22:43:00Z
1,2,124998710,3658964,0.261,1289566,,2026-09-15T21:30:15Z,2026-09-15T22:43:00Z
1,2,124955012,5490228,0.262,2041685,,2026-09-15T02:49:04Z,2026-09-15T22:43:00Z
1,2,124955089,5038417,0.262,2000000,,2026-09-15T02:51:09Z,2026-09-15T22:43:00Z
1,2,124955979,5774313,0.262,1247041,,2026-09-15T03:21:16Z,2026-09-15T22:43:00Z
1,2,124960352,4696643,0.262,2000000,,2026-09-15T05:19:39Z,2026-09-15T22:43:00Z
1,2,124986536,5619473,0.262,3800057,,2026-09-15T16:48:49Z,2026-09-15T22:43:00Z
1,2,124996721,5707625,0.262,1703160,,2026-09-15T20:37:59Z,2026-09-15T22:43:00Z
1,2,124998853,5660682,0.262,2000000,,2026-09-15T21:34:31Z,2026-09-15T22:43:00Z
1,2,124910000,5494769,0.263,1000000,,2026-09-14T07:05:47Z,2026-09-15T22:43:00Z
1,2,124933019,5651991,0.263,3817194,,2026-09-14T16:43:14Z,2026-09-15T22:43:00Z
1,2,124943293,5286646,0.263,746909,,2026-09-14T20:33:57Z,2026-09-15T22:43:00Z
1,2,124952451,5583997,0.263,121878,,2026-09-15T01:21:30Z,2026-09-15T22:43:00Z
1,2,124954912,5494772,0.263,500000,,2026-09-15T02:44:38Z,2026-09-15T22:43:00Z
1,2,124954982,5494778,0.263,500000,,2026-09-15T02:48:11Z,2026-09-15T22:43:00Z
1,2,124962195,5375771,0.263,1500000,,2026-09-15T06:09:50Z,2026-09-15T22:43:00Z
1,2,124605157,5447395,0.264,454048,,2026-09-08T10:18:22Z,2026-09-15T22:43:00Z
1,2,124748531,5651991,0.264,814486,,2026-09-11T03:56:36Z,2026-09-15T22:43:00Z
1,2,124821399,5691880,0.264,10450,,2026-09-12T14:00:33Z,2026-09-15T22:43:00Z
1,2,124952180,5702489,0.264,100000,,2026-09-15T01:13:21Z,2026-09-15T22:43:00Z
1,2,124955067,5038417,0.264,2000000,,2026-09-15T02:50:41Z,2026-09-15T22:43:00Z
1,2,124274879,5034312,0.265,4000000,,2026-09-03T15:02:08Z,2026-09-15T22:43:00Z
1,2,124465140,5583997,0.265,1697352,,2026-09-05T16:06:30Z,2026-09-15T22:43:00Z
1,2,124629453,852444,0.265,301982,,2026-09-08T20:15:02Z,2026-09-15T22:43:00Z
1,2,124635052,4689908,0.265,3128456,,2026-09-08T23:01:45Z,2026-09-15T22:43:00Z
1,2,124639303,5447395,0.265,235837,,2026-09-09T01:30:24Z,2026-09-15T22:43:00Z
1,2,124789791,5057313,0.265,350664,,2026-09-11T21:58:15Z,2026-09-15T22:43:00Z
1,2,124895628,5027659,0.265,65446376,,2026-09-13T23:54:15Z,2026-09-15T22:43:00Z
1,2,124896585,4903639,0.265,578028,,2026-09-14T00:29:37Z,2026-09-15T22:43:00Z
1,2,124928021,5625453,0.265,495117,,2026-09-14T14:54:18Z,2026-09-15T22:43:00Z
1,2,124710550,4286504,0.266,809321,,2026-09-10T10:42:50Z,2026-09-15T22:43:00Z
1,2,124789837,5057313,0.266,115410,,2026-09-11T21:59:07Z,2026-09-15T22:43:00Z
1,2,124886872,5792784,0.266,17748,,2026-09-13T19:41:58Z,2026-09-15T22:43:00Z
1,2,124912366,1926198,0.267,1000000,,2026-09-14T08:15:19Z,2026-09-15T22:43:00Z
1,2,124603723,5254452,0.268,510205,,2026-09-08T09:38:53Z,2026-09-15T22:43:00Z
1,2,124636962,4930059,0.27,9170799,,2026-09-09T00:08:44Z,2026-09-15T22:43:00Z
1,2,124725160,4635871,0.27,1737762,,2026-09-10T16:36:21Z,2026-09-15T22:43:00Z
1,2,124737601,4392621,0.27,3125548,,2026-09-10T21:39:36Z,2026-09-15T22:43:00Z
1,2,124761761,5186673,0.27,5084132,,2026-09-11T10:07:59Z,2026-09-15T22:43:00Z
1,2,124762871,1926198,0.27,1000000,,2026-09-11T10:36:11Z,2026-09-15T22:43:00Z
1,2,124788264,1110790,0.27,377183,,2026-09-11T21:14:17Z,2026-09-15T22:43:00Z
1,2,124901746,5780378,0.27,100000,,2026-09-14T03:20:59Z,2026-09-15T22:43:00Z
1,2,124965324,5812190,0.27,5966,,2026-09-15T07:40:42Z,2026-09-15T22:43:00Z
1,2,124727102,3512078,0.277,15072325,,2026-09-10T17:27:28Z,2026-09-15T22:43:00Z
1,2,123329658,4285536,0.28,1700000,,2026-09-03T23:37:13Z,2026-09-15T22:43:00Z
1,2,124932054,3843797,0.28,6500000,,2026-09-14T16:22:33Z,2026-09-15T22:43:00Z
1,2,124931521,904001,0.29,2638400,,2026-09-14T16:10:04Z,2026-09-15T22:43:00Z
1,2,124989553,3062297,0.293,5863081,,2026-09-15T17:58:43Z,2026-09-15T22:43:00Z
1,2,123988706,4285536,0.3,4500000,,2026-09-03T23:37:32Z,2026-09-15T22:43:00Z
1,2,124610099,5776634,0.3,20354,,2026-09-08T12:36:41Z,2026-09-15T22:43:00Z
1,3,124999511,4792635,0.261,2371180,,2026-09-15T21:52:33Z,2026-09-15T22:43:00Z
1,3,124999957,4370985,0.261,1000000,,2026-09-15T22:05:33Z,2026-09-15T22:43:00Z
1,3,124955182,4894997,0.262,869582,,2026-09-15T02:55:04Z,2026-09-15T22:43:00Z
1,3,124967046,5615176,0.262,3968252,,2026-09-15T10:02:08Z,2026-09-15T22:43:00Z
1,3,124974614,1105696,0.262,4447649,,2026-09-15T12:02:36Z,2026-09-15T22:43:00Z
1,3,124976256,5597338,0.262,1866429,,2026-09-15T12:45:07Z,2026-09-15T22:43:00Z
1,3,124984155,5410140,0.262,6836171,,2026-09-15T15:53:29Z,2026-09-15T22:43:00Z
1,3,124988908,3407379,0.262,1530754,,2026-09-15T17:43:55Z,2026-09-15T22:43:00Z
1,3,124998640,4801471,0.262,5003989,,2026-09-15T21:28:11Z,2026-09-15T22:43:00Z
1,3,125000361,3105986,0.262,8843590,,2026-09-15T22:17:57Z,2026-09-15T22:43:00Z
1,3,124954989,3179321,0.263,54771,,2026-09-15T02:48:20Z,2026-09-15T22:43:00Z
1,3,124954999,4816634,0.263,388000,,2026-09-15T02:48:37Z,2026-09-15T22:43:00Z
1,3,124955036,5519998,0.263,2727188,,2026-09-15T02:49:50Z,2026-09-15T22:43:00Z
1,3,124992714,3740586,0.263,180610,,2026-09-15T19:07:20Z,2026-09-15T22:43:00Z
1,3,125000058,4729488,0.263,2000000,,2026-09-15T22:08:04Z,2026-09-15T22:43:00Z
1,3,124779015,3585248,0.264,10123347,,2026-09-11T17:12:50Z,2026-09-15T22:43:00Z
1,3,124824012,3740586,0.264,1010071,,2026-09-12T15:09:17Z,2026-09-15T22:43:00Z
1,3,124846251,3637912,0.264,10000000,,2026-09-13T01:46:25Z,2026-09-15T22:43:00Z
1,3,124934215,5206533,0.264,2803112,,2026-09-14T17:10:29Z,2026-09-15T22:43:00Z
1,3,124937261,5155403,0.264,2332704,,2026-09-14T18:19:34Z,2026-09-15T22:43:00Z
1,3,124947857,5222781,0.264,11681485,,2026-09-14T22:41:34Z,2026-09-15T22:43:00Z
1,3,124439108,3740586,0.265,3616638,,2026-09-05T04:11:54Z,2026-09-15T22:43:00Z
1,3,124601813,4083720,0.265,3326233,,2026-09-08T08:43:21Z,2026-09-15T22:43:00Z
1,3,124698130,5494453,0.265,213895,,2026-09-10T05:08:35Z,2026-09-15T22:43:00Z
1,3,124745114,5130755,0.265,2746227,,2026-09-11T01:55:05Z,2026-09-15T22:43:00Z
1,3,124747198,4932847,0.265,7331696,,2026-09-11T03:12:30Z,2026-09-15T22:43:00Z
1,3,124630869,2636347,0.267,14865437,,2026-09-08T20:50:13Z,2026-09-15T22:43:00Z
1,3,124662596,4686761,0.267,890502,,2026-09-09T12:54:24Z,2026-09-15T22:43:00Z
1,3,124745297,3445951,0.267,4119325,,2026-09-11T02:02:17Z,2026-09-15T22:43:00Z
1,3,124773240,5475403,0.269,3715,,2026-09-11T15:01:11Z,2026-09-15T22:43:00Z
1,3,124997697,4843440,0.269,2331002,,2026-09-15T21:03:45Z,2026-09-15T22:43:00Z
1,3,124689281,4033568,0.27,11166192,,2026-09-10T00:22:31Z,2026-09-15T22:43:00Z
1,3,124908510,4146457,0.27,2175539,,2026-09-14T06:24:44Z,2026-09-15T22:43:00Z
1,3,124971087,4180840,0.27,369640,,2026-09-15T10:28:34Z,2026-09-15T22:43:00Z
1,3,124744395,5435611,0.271,582524,,2026-09-11T01:29:27Z,2026-09-15T22:43:00Z
1,3,124634401,4503080,0.275,16551506,,2026-09-08T22:40:33Z,2026-09-15T22:43:00Z
1,3,124964415,4036501,0.275,517204,,2026-09-15T07:13:29Z,2026-09-15T22:43:00Z
1,3,124956102,4150174,0.28,5559996,,2026-09-15T03:25:15Z,2026-09-15T22:43:00Z
1,3,124786470,3852249,0.3,38208144,,2026-09-11T20:25:28Z,2026-09-15T22:43:00Z
1,3,124964309,4022805,0.3,4000000,,2026-09-15T07:10:39Z,2026-09-15T22:43:00Z
1,3,124949875,3596255,0.4,204919,,2026-09-14T23:49:46Z,2026-09-15T22:43:00Z
1,4,125001039,3248574,0.26,1347613,,2026-09-15T22:38:53Z,2026-09-15T22:43:00Z
1,4,124999686,4583930,0.261,9996840,,2026-09-15T21:57:13Z,2026-09-15T22:43:00Z
1,4,124998749,4969728,0.262,13890652,,2026-09-15T21:30:55Z,2026-09-15T22:43:00Z
1,4,124957302,1221333,0.263,1847412,,2026-09-15T03:59:49Z,2026-09-15T22:43:00Z
1,4,124959202,1797022,0.263,4800000,,2026-09-15T04:51:29Z,2026-09-15T22:43:00Z
1,4,124963978,2480059,0.263,34069372,,2026-09-15T07:02:14Z,2026-09-15T22:43:00Z
1,4,124968252,3892455,0.263,13918868,,2026-09-15T09:09:54Z,2026-09-15T22:43:00Z
1,4,124972804,2887637,0.263,17877348,,2026-09-15T11:15:28Z,2026-09-15T22:43:00Z
1,4,124976735,5384481,0.263,300000,,2026-09-15T12:57:41Z,2026-09-15T22:43:00Z
1,4,124983052,4199474,0.263,1000000,,2026-09-15T15:27:21Z,2026-09-15T22:43:00Z
1,4,124995188,5234577,0.263,62850,,2026-09-15T20:03:36Z,2026-09-15T22:43:00Z
1,4,124841832,1107431,0.264,6599434,,2026-09-12T23:03:42Z,2026-09-15T22:43:00Z
1,4,124853104,5217853,0.264,5681875,,2026-09-14T00:35:01Z,2026-09-15T22:43:00Z
1,4,124854481,1839718,0.264,2709016,,2026-09-13T06:22:27Z,2026-09-15T22:43:00Z
1,4,124858066,4880908,0.264,500000,,2026-09-13T07:55:35Z,2026-09-15T22:43:00Z
1,4,124869308,5026048,0.264,15915053,,2026-09-13T12:51:44Z,2026-09-15T22:43:00Z
1,4,124893598,3448387,0.264,29652852,,2026-09-13T22:44:04Z,2026-09-15T22:43:00Z
1,4,124911044,1993316,0.264,342547,,2026-09-14T07:35:05Z,2026-09-15T22:43:00Z
1,4,124921677,5041048,0.264,3000000,,2026-09-14T12:23:01Z,2026-09-15T22:43:00Z
1,4,124947046,1464315,0.264,2153924,,2026-09-14T22:11:54Z,2026-09-15T22:43:00Z
1,4,124948108,3903233,0.264,5000000,,2026-09-14T22:49:38Z,2026-09-15T22:43:00Z
1,4,124952948,5011364,0.264,1000000,,2026-09-15T01:35:09Z,2026-09-15T22:43:00Z
1,4,124999228,3892455,0.264,7076581,,2026-09-15T21:45:13Z,2026-09-15T22:43:00Z
1,4,124706779,5041048,0.265,2200000,,2026-09-10T08:58:56Z,2026-09-15T22:43:00Z
1,4,124733195,4839329,0.265,146164,,2026-09-10T19:54:15Z,2026-09-15T22:43:00Z
1,4,124739296,3400657,0.265,16024298,,2026-09-10T22:30:05Z,2026-09-15T22:43:00Z
1,4,124740501,1608756,0.265,1141559,,2026-09-10T23:09:01Z,2026-09-15T22:43:00Z
1,4,124751669,1797022,0.265,5800000,,2026-09-11T05:24:17Z,2026-09-15T22:43:00Z
1,4,124754795,3527322,0.265,3361760,,2026-09-11T06:48:47Z,2026-09-15T22:43:00Z
1,4,124758058,3992145,0.265,5125,,2026-09-11T08:24:58Z,2026-09-15T22:43:00Z
1,4,124791806,1107431,0.265,2455566,,2026-09-11T23:03:50Z,2026-09-15T22:43:00Z
1,4,124805210,5425706,0.265,16540229,,2026-09-12T06:41:08Z,2026-09-15T22:43:00Z
1,4,124851758,3007992,0.265,2000000,,2026-09-13T05:06:33Z,2026-09-15T22:43:00Z
1,4,124854491,1839718,0.265,2709016,,2026-09-13T06:22:36Z,2026-09-15T22:43:00Z
1,4,124502313,1107431,0.266,5227476,,2026-09-06T10:44:04Z,2026-09-15T22:43:00Z
1,4,124854500,1839718,0.266,2709016,,2026-09-13T06:22:47Z,2026-09-15T22:43:00Z
1,4,124862928,1608756,0.266,2496664,,2026-09-13T10:10:06Z,2026-09-15T22:43:00Z
1,4,124402138,5041048,0.267,5800000,,2026-09-04T10:21:36Z,2026-09-15T22:43:00Z
1,4,124854505,1839718,0.267,2709016,,2026-09-13T06:22:55Z,2026-09-15T22:43:00Z
1,4,124770598,4441422,0.268,1000000,,2026-09-11T13:53:41Z,2026-09-15T22:43:00Z
1,4,124854515,1839718,0.268,2709016,,2026-09-13T06:23:07Z,2026-09-15T22:43:00Z
1,4,124706796,5041048,0.269,1000000,,2026-09-10T08:59:25Z,2026-09-15T22:43:00Z
1,4,124645579,4441422,0.27,1000000,,2026-09-09T04:57:56Z,2026-09-15T22:43:00Z
1,4,124975504,3179321,0.27,276836,,2026-09-15T12:26:22Z,2026-09-15T22:43:00Z
1,4,124598746,4036501,0.275,166525,,2026-09-08T07:07:27Z,2026-09-15T22:43:00Z
1,4,124762132,3007992,0.276,5000000,,2026-09-11T10:17:21Z,2026-09-15T22:43:00Z
1,4,124917476,2600249,0.277,77238207,,2026-09-14T10:40:02Z,2026-09-15T22:43:00Z
1,4,124578621,4178393,0.28,1777860,,2026-09-07T20:37:25Z,2026-09-15T22:43:00Z
1,4,124957234,5373489,0.28,20095966,,2026-09-15T03:57:43Z,2026-09-15T22:43:00Z
1,4,124715020,3169155,0.29,13591568,,2026-09-10T12:38:10Z,2026-09-15T22:43:00Z
1,4,124963739,3455880,0.294,19500000,,2026-09-15T06:54:52Z,2026-09-15T22:43:00Z
1,4,124991084,5406555,0.36,99999,,2026-09-15T18:32:58Z,2026-09-15T22:43:00Z
1,5,124965963,1926998,0.263,9108727,-2200000.0,2026-09-15T08:03:05Z,2026-09-15T22:43:00Z
1,5,124984225,5040512,0.263,10424988,,2026-09-15T15:54:55Z,2026-09-15T22:43:00Z
1,5,124994940,3709386,0.263,3979859,,2026-09-15T19:58:35Z,2026-09-15T22:43:00Z
1,5,124998531,4961642,0.263,4652407,,2026-09-15T21:25:16Z,2026-09-15T22:43:00Z
1,5,124970515,2457569,0.264,18520078,,2026-09-15T10:13:58Z,2026-09-15T22:43:00Z
1,5,124702796,5307912,0.265,44794989,,2026-09-10T07:07:56Z,2026-09-15T22:43:00Z
1,5,124733454,4614273,0.265,35908886,,2026-09-10T20:00:36Z,2026-09-15T22:43:00Z
1,5,124747529,1957411,0.265,6035081,,2026-09-11T03:22:43Z,2026-09-15T22:43:00Z
1,5,124830384,3523818,0.265,50000000,,2026-09-12T17:51:35Z,2026-09-15T22:43:00Z
1,5,124961620,2176095,0.265,10000000,,2026-09-15T05:54:03Z,2026-09-15T22:43:00Z
1,5,124833804,3709386,0.266,2716226,,2026-09-12T19:20:13Z,2026-09-15T22:43:00Z
1,5,124949142,1600905,0.266,5000000,,2026-09-14T23:22:58Z,2026-09-15T22:43:00Z
1,5,124951746,3426657,0.267,100000,,2026-09-15T00:57:41Z,2026-09-15T22:43:00Z
1,5,124809663,3117197,0.269,11836008,,2026-09-12T08:38:28Z,2026-09-15T22:43:00Z
1,5,124369530,3523818,0.273,20000000,,2026-09-03T18:01:38Z,2026-09-15T22:43:00Z
1,6,124771815,3357227,0.265,32587131,,2026-09-11T14:24:52Z,2026-09-15T22:43:00Z
1,6,124957278,5086946,0.265,1300000,,2026-09-15T03:59:02Z,2026-09-15T22:43:00Z
1,6,124894879,3179321,0.269,2668590,,2026-09-13T23:27:44Z,2026-09-15T22:43:00Z
1,7,124935159,1108032,0.265,6369370,,2026-09-14T17:32:55Z,2026-09-15T22:43:00Z
1,7,124757393,3910786,0.266,15671321,,2026-09-11T08:05:43Z,2026-09-15T22:43:00Z
1,8,124656391,4902609,0.267,4000000,,2026-09-09T10:10:07Z,2026-09-15T22:43:00Z
1,8,124630880,4902609,0.268,4000000,,2026-09-08T20:50:28Z,2026-09-15T22:43:00Z
1,8,124897126,5613693,0.27,2000000,,2026-09-14T00:46:39Z,2026-09-15T22:43:00Z
1,8,124946817,2119457,0.279,15668859,,2026-09-14T22:04:53Z,2026-09-15T22:43:00Z
1,8,124895919,5073324,0.28,128239418,,2026-09-14T00:04:57Z,2026-09-15T22:43:00Z
1,9,124999334,4249248,0.265,3721500,,2026-09-15T21:47:57Z,2026-09-15T22:43:00Z
1,9,124950964,3835738,0.266,1268345,,2026-09-15T00:31:25Z,2026-09-15T22:43:00Z
1,9,124998137,4053232,0.266,8000000,,2026-09-15T21:14:00Z,2026-09-15T22:43:00Z
1,9,124662102,2862974,0.267,3106284,,2026-09-09T12:42:31Z,2026-09-15T22:43:00Z
1,10,125000564,3447133,0.265,1774967,,2026-09-15T22:23:44Z,2026-09-15T22:43:00Z
1,10,124999804,3914927,0.266,1660138,,2026-09-15T22:01:22Z,2026-09-15T22:43:00Z
1,10,124664267,653992,0.267,7932310,,2026-09-09T13:34:57Z,2026-09-15T22:43:00Z
1,10,124780974,3584379,0.267,5654648,,2026-09-11T18:04:20Z,2026-09-15T22:43:00Z
1,10,124998453,2232750,0.267,5113656,,2026-09-15T21:22:44Z,2026-09-15T22:43:00Z
1,10,124675588,3584379,0.268,5992763,,2026-09-09T18:05:47Z,2026-09-15T22:43:00Z
1,10,124957194,1519137,0.268,25488525,,2026-09-15T03:56:44Z,2026-09-15T22:43:00Z
1,10,124647631,653992,0.27,10000000,,2026-09-09T05:51:57Z,2026-09-15T22:43:00Z
1,10,124654767,3389980,0.271,1012566,,2026-09-09T09:22:18Z,2026-09-15T22:43:00Z
1,10,124175611,3482993,0.279,3550000,,2026-08-30T23:11:32Z,2026-09-15T22:43:00Z
1,10,124790555,5815665,0.399,5000,,2026-09-11T22:20:52Z,2026-09-15T22:43:00Z
1,11,124739555,2637078,0.268,10378567,,2026-09-10T22:39:39Z,2026-09-15T22:43:00Z
1,12,125000927,2801157,0.267,9058890,,2026-09-15T22:35:44Z,2026-09-15T22:43:00Z
1,12,124992003,402971,0.268,345383,,2026-09-15T18:52:20Z,2026-09-15T22:43:00Z
1,12,124656483,2074132,0.269,2081172,,2026-09-09T10:12:49Z,2026-09-15T22:43:00Z
1,12,124717713,749658,0.269,6099729,,2026-09-10T13:40:26Z,2026-09-15T22:43:00Z
1,12,124700937,2790306,0.27,34735185,,2026-09-10T06:17:18Z,2026-09-15T22:43:00Z
1,12,124706933,2790306,0.271,7462374,,2026-09-10T09:03:28Z,2026-09-15T22:43:00Z
1,12,124644173,2790306,0.273,5555555,,2026-09-09T04:17:27Z,2026-09-15T22:43:00Z
1,12,124759448,2790306,0.276,7706732,,2026-09-11T09:05:53Z,2026-09-15T22:43:00Z
1,12,124794039,5699226,0.277,250000,,2026-09-12T00:27:12Z,2026-09-15T22:43:00Z
2,0,125001144,5454531,0.364,149825,,2026-09-15T22:41:51Z,2026-09-15T22:43:13Z
2,0,125001138,5454531,0.365,222043,,2026-09-15T22:41:42Z,2026-09-15T22:43:13Z
2,0,125000976,1873114,0.366,449879,-114377.0,2026-09-15T22:37:09Z,2026-09-15T22:43:13Z
2,0,125000418,5820544,0.367,671,,2026-09-15T22:19:25Z,2026-09-15T22:43:13Z
2,0,125000440,4769273,0.367,274006,,2026-09-15T22:19:54Z,2026-09-15T22:43:13Z
2,0,125000229,5449242,0.368,235768,,2026-09-15T22:13:20Z,2026-09-15T22:43:13Z
2,0,125001051,5702366,0.368,82000,,2026-09-15T22:39:16Z,2026-09-15T22:43:13Z
2,0,125000198,5505916,0.369,162105,,2026-09-15T22:12:12Z,2026-09-15T22:43:13Z
2,0,124999979,5555470,0.37,490671,,2026-09-15T22:06:08Z,2026-09-15T22:43:13Z
2,0,124999994,5806762,0.37,13600,,2026-09-15T22:06:26Z,2026-09-15T22:43:13Z
2,0,125000453,5811501,0.37,25000,,2026-09-15T22:20:22Z,2026-09-15T22:43:13Z
2,0,124999132,5307513,0.373,168664,,2026-09-15T21:42:24Z,2026-09-15T22:43:13Z
2,0,124999106,5752554,0.374,90226,,2026-09-15T21:41:30Z,2026-09-15T22:43:13Z
2,0,124999034,5760836,0.375,116773,,2026-09-15T21:39:19Z,2026-09-15T22:43:13Z
2,0,124999043,5780328,0.375,6000,,2026-09-15T21:39:31Z,2026-09-15T22:43:13Z
2,0,124999017,5707227,0.376,119854,,2026-09-15T21:38:52Z,2026-09-15T22:43:13Z
2,0,124999002,5722624,0.377,25000,,2026-09-15T21:38:30Z,2026-09-15T22:43:13Z
2,0,124998950,5768063,0.378,18142,,2026-09-15T21:37:19Z,2026-09-15T22:43:13Z
2,0,124973391,5695229,0.379,153617,,2026-09-15T11:30:40Z,2026-09-15T22:43:13Z
2,0,124964771,5571761,0.38,388164,,2026-09-15T07:23:26Z,2026-09-15T22:43:13Z
2,0,124964774,5676978,0.38,50000,,2026-09-15T07:23:31Z,2026-09-15T22:43:13Z
2,0,124966701,4637247,0.38,2040,,2026-09-15T08:22:40Z,2026-09-15T22:43:13Z
2,0,124970481,2457569,0.38,1379845,,2026-09-15T10:12:57Z,2026-09-15T22:43:13Z
2,0,124971195,5724139,0.38,25000,,2026-09-15T10:31:32Z,2026-09-15T22:43:13Z
2,0,124976672,5808015,0.38,10788,,2026-09-15T12:56:01Z,2026-09-15T22:43:13Z
2,0,124981995,5135059,0.38,773708,,2026-09-15T15:04:18Z,2026-09-15T22:43:13Z
2,0,124999018,5817248,0.38,39121,,2026-09-15T21:38:55Z,2026-09-15T22:43:13Z
2,0,124963704,3365788,0.381,1172641,,2026-09-15T06:53:42Z,2026-09-15T22:43:13Z
2,0,124963820,5789901,0.381,20000,,2026-09-15T06:57:14Z,2026-09-15T22:43:13Z
2,0,124998691,5576060,0.381,50000,,2026-09-15T21:29:31Z,2026-09-15T22:43:13Z
2,0,124963696,5692574,0.382,500000,,2026-09-15T06:53:20Z,2026-09-15T22:43:13Z
2,0,124944738,5619281,0.383,1590111,,2026-09-14T21:09:47Z,2026-09-15T22:43:13Z
2,0,124932370,5642009,0.384,51407,,2026-09-14T16:28:52Z,2026-09-15T22:43:13Z
2,0,124945744,5660682,0.384,214137,,2026-09-14T21:36:46Z,2026-09-15T22:43:13Z
2,0,124963422,3600948,0.384,254482,,2026-09-15T06:44:56Z,2026-09-15T22:43:13Z
2,0,124964922,5452843,0.384,185379,,2026-09-15T07:28:17Z,2026-09-15T22:43:13Z
2,0,124975791,5479131,0.384,1000000,,2026-09-15T12:33:08Z,2026-09-15T22:43:13Z
2,0,124993650,5808840,0.384,31010,,2026-09-15T19:29:02Z,2026-09-15T22:43:13Z
2,0,124811858,2548126,0.385,985631,,2026-09-12T09:42:11Z,2026-09-15T22:43:13Z
2,0,124937461,4138308,0.385,10326948,,2026-09-14T18:23:16Z,2026-09-15T22:43:13Z
2,0,124763359,5721205,0.386,3000,,2026-09-11T10:48:25Z,2026-09-15T22:43:13Z
2,0,124771472,5789871,0.386,679,,2026-09-11T14:17:54Z,2026-09-15T22:43:13Z
2,0,124832327,5817554,0.386,5000,,2026-09-12T18:41:24Z,2026-09-15T22:43:13Z
2,0,124835645,5333925,0.386,10345,,2026-09-12T20:08:11Z,2026-09-15T22:43:13Z
2,0,124931951,5602587,0.386,7382,,2026-09-14T16:20:05Z,2026-09-15T22:43:13Z
2,0,124932668,4741213,0.386,1590341,,2026-09-14T16:35:25Z,2026-09-15T22:43:13Z
2,0,124763214,5819973,0.388,6009,,2026-09-11T10:44:57Z,2026-09-15T22:43:13Z
2,0,124776462,5829098,0.388,2000,,2026-09-11T16:10:20Z,2026-09-15T22:43:13Z
2,0,124877405,4500394,0.388,12830,,2026-09-13T16:02:25Z,2026-09-15T22:43:13Z
2,0,124562144,5236092,0.39,600000,,2026-09-07T14:19:02Z,2026-09-15T22:43:13Z
2,0,124655585,5823797,0.39,5000,,2026-09-09T09:46:55Z,2026-09-15T22:43:13Z
2,0,124676677,4741213,0.39,1540720,,2026-09-09T18:32:22Z,2026-09-15T22:43:13Z
2,0,124750119,5806904,0.39,7764,,2026-09-11T04:42:20Z,2026-09-15T22:43:13Z
2,0,124952899,5833913,0.39,4002,,2026-09-15T01:34:05Z,2026-09-15T22:43:13Z
2,0,124764857,5135059,0.391,509114,,2026-09-11T11:26:10Z,2026-09-15T22:43:13Z
2,0,124776506,5819184,0.391,36077,,2026-09-11T16:11:20Z,2026-09-15T22:43:13Z
2,0,124784610,93728,0.391,194590,,2026-09-11T19:38:13Z,2026-09-15T22:43:13Z
2,0,124896320,5833563,0.391,3000,,2026-09-14T00:20:18Z,2026-09-15T22:43:13Z
2,0,124755397,5828136,0.392,5000,,2026-09-11T07:04:40Z,2026-09-15T22:43:13Z
2,0,124629606,5730344,0.393,10488,,2026-09-08T20:18:23Z,2026-09-15T22:43:13Z
2,0,124767865,5827135,0.394,2000,,2026-09-11T12:43:05Z,2026-09-15T22:43:13Z
2,0,124907033,5825992,0.396,10000,,2026-09-14T05:45:07Z,2026-09-15T22:43:13Z
2,0,124688038,5824200,0.397,882,,2026-09-09T23:38:26Z,2026-09-15T22:43:13Z
2,0,124764852,5825522,0.399,1000,,2026-09-11T11:26:04Z,2026-09-15T22:43:13Z
2,0,124880169,5825992,0.399,10000,,2026-09-13T17:06:38Z,2026-09-15T22:43:13Z
2,0,124483599,5583072,0.4,757,,2026-09-06T00:56:38Z,2026-09-15T22:43:13Z
2,0,124605003,5821429,0.4,1000,,2026-09-08T10:14:10Z,2026-09-15T22:43:13Z
2,0,124615157,5721205,0.4,5000,,2026-09-08T14:40:40Z,2026-09-15T22:43:13Z
2,0,124665056,5823876,0.4,800,,2026-09-09T13:53:25Z,2026-09-15T22:43:13Z
2,0,124680067,5825028,0.4,9467,,2026-09-09T19:51:48Z,2026-09-15T22:43:13Z
2,0,124681767,5825103,0.4,935,,2026-09-09T20:30:33Z,2026-09-15T22:43:13Z
2,0,124683015,5825106,0.4,1182,,2026-09-09T21:00:24Z,2026-09-15T22:43:13Z
2,0,124684811,5813370,0.4,15100,,2026-09-09T21:51:04Z,2026-09-15T22:43:13Z
2,0,124695710,5825677,0.4,1350,,2026-09-10T04:05:59Z,2026-09-15T22:43:13Z
2,0,124701185,5825903,0.4,9685,,2026-09-10T06:24:59Z,2026-09-15T22:43:13Z
2,0,124702012,5825879,0.4,100,,2026-09-10T06:47:12Z,2026-09-15T22:43:13Z
2,0,124702237,5825882,0.4,4000,,2026-09-10T06:52:41Z,2026-09-15T22:43:13Z
2,0,124750014,5827774,0.4,100,,2026-09-11T04:39:50Z,2026-09-15T22:43:13Z
2,0,124755307,5452843,0.4,400000,,2026-09-11T07:02:16Z,2026-09-15T22:43:13Z
2,0,124756623,5828233,0.4,2000,,2026-09-11T07:40:59Z,2026-09-15T22:43:13Z
2,0,124767030,5828129,0.4,5000,,2026-09-11T12:23:09Z,2026-09-15T22:43:13Z
2,0,124770735,5806794,0.4,5000,,2026-09-11T13:56:48Z,2026-09-15T22:43:13Z
2,0,124770815,3596255,0.4,2024,,2026-09-11T13:59:49Z,2026-09-15T22:43:13Z
2,0,124810703,5647677,0.4,10223,,2026-09-12T09:07:20Z,2026-09-15T22:43:13Z
2,0,124811332,5820381,0.4,3782,,2026-09-12T09:26:03Z,2026-09-15T22:43:13Z
2,0,124823135,5828025,0.4,13540,,2026-09-12T14:46:25Z,2026-09-15T22:43:13Z
2,0,124828201,5831237,0.4,13607,,2026-09-12T16:54:04Z,2026-09-15T22:43:13Z
2,0,124842345,5831993,0.4,12861,,2026-09-12T23:23:02Z,2026-09-15T22:43:13Z
2,0,124846605,5832259,0.4,9943,,2026-09-13T02:00:56Z,2026-09-15T22:43:13Z
2,0,124877749,5831364,0.4,9985,,2026-09-13T16:09:39Z,2026-09-15T22:43:13Z
2,0,124913700,5834911,0.4,4000,,2026-09-14T08:54:27Z,2026-09-15T22:43:13Z
2,0,124919827,5835219,0.4,9895,,2026-09-14T11:38:39Z,2026-09-15T22:43:13Z
2,0,124920621,5834966,0.4,8119,,2026-09-14T11:55:50Z,2026-09-15T22:43:13Z
2,0,124982629,786131,0.4,78797,,2026-09-15T15:18:21Z,2026-09-15T22:43:13Z
2,0,124990652,3197015,0.4,15000000,,2026-09-15T18:24:16Z,2026-09-15T22:43:13Z
2,0,124672272,5824527,0.401,13955,,2026-09-09T16:44:05Z,2026-09-15T22:43:13Z
2,0,124685993,5765652,0.401,22885,,2026-09-09T22:24:39Z,2026-09-15T22:43:13Z
2,0,124620331,5822314,0.402,3000,,2026-09-08T16:43:17Z,2026-09-15T22:43:13Z
2,0,124942071,5825103,0.405,2000,,2026-09-14T20:04:35Z,2026-09-15T22:43:13Z
2,0,124870869,5833109,0.409,500,,2026-09-13T13:29:11Z,2026-09-15T22:43:13Z
2,0,124852037,4379681,0.41,186096,,2026-09-13T05:13:12Z,2026-09-15T22:43:13Z
2,0,124776147,5829082,0.418,9655,,2026-09-11T16:03:23Z,2026-09-15T22:43:13Z
2,0,124986535,5837833,0.425,9655,,2026-09-15T16:48:47Z,2026-09-15T22:43:13Z
2,0,124774100,5806722,0.427,4684,,2026-09-11T15:19:32Z,2026-09-15T22:43:13Z
2,0,124731597,5085262,0.444,1458,,2026-09-10T19:15:49Z,2026-09-15T22:43:13Z
2,0,124814783,2457569,0.445,1286840,,2026-09-12T11:04:25Z,2026-09-15T22:43:13Z
2,0,124666824,5721010,0.45,15,,2026-09-09T14:33:56Z,2026-09-15T22:43:13Z
2,0,124746996,5751355,0.45,20000,,2026-09-11T03:05:21Z,2026-09-15T22:43:13Z
2,0,124905085,5756986,0.46,5000,,2026-09-14T04:58:22Z,2026-09-15T22:43:13Z
2,0,124645428,5756986,0.47,3000,,2026-09-09T04:52:31Z,2026-09-15T22:43:13Z
2,0,124657804,5822319,0.472,2000,,2026-09-09T10:50:01Z,2026-09-15T22:43:13Z
2,0,125000781,2001899,0.55,10000000,,2026-09-15T22:30:33Z,2026-09-15T22:43:13Z
2,1,124999911,5627455,0.388,555121,-44741.0,2026-09-15T22:04:40Z,2026-09-15T22:43:13Z
2,1,125000279,5237050,0.389,150458,,2026-09-15T22:15:30Z,2026-09-15T22:43:13Z
2,1,124999450,5299915,0.39,170494,,2026-09-15T21:50:56Z,2026-09-15T22:43:13Z
2,1,125000041,5682824,0.39,80000,,2026-09-15T22:07:28Z,2026-09-15T22:43:13Z
2,1,124999323,5791452,0.391,74388,,2026-09-15T21:47:35Z,2026-09-15T22:43:13Z
2,1,124999301,5340860,0.392,6044,,2026-09-15T21:47:10Z,2026-09-15T22:43:13Z
2,1,124998570,5289726,0.393,157023,,2026-09-15T21:26:16Z,2026-09-15T22:43:13Z
2,1,124999927,5238892,0.393,257970,,2026-09-15T22:04:59Z,2026-09-15T22:43:13Z
2,1,124998291,5359982,0.395,557086,,2026-09-15T21:18:26Z,2026-09-15T22:43:13Z
2,1,124998257,5748616,0.398,74190,,2026-09-15T21:17:31Z,2026-09-15T22:43:13Z
2,1,124997881,1535818,0.399,6186447,,2026-09-15T21:08:07Z,2026-09-15T22:43:13Z
2,1,124998654,5703134,0.399,32187,,2026-09-15T21:28:41Z,2026-09-15T22:43:13Z
2,1,124714100,5529551,0.4,39618,,2026-09-10T12:17:47Z,2026-09-15T22:43:13Z
2,1,124851649,1106644,0.4,135983,,2026-09-13T05:03:12Z,2026-09-15T22:43:13Z
2,1,124716184,5810094,0.401,53842,,2026-09-10T13:05:17Z,2026-09-15T22:43:13Z
2,1,124714020,5799620,0.404,2921,,2026-09-10T12:16:02Z,2026-09-15T22:43:13Z
2,1,124713915,5765601,0.406,152382,,2026-09-10T12:13:41Z,2026-09-15T22:43:13Z
2,2,125001021,2279282,0.398,179014,,2026-09-15T22:38:23Z,2026-09-15T22:43:13Z
2,2,125000991,4271393,0.399,300000,,2026-09-15T22:37:31Z,2026-09-15T22:43:13Z
2,2,125000504,5511693,0.4,1966814,,2026-09-15T22:21:46Z,2026-09-15T22:43:13Z
2,2,124999751,3528070,0.401,1426744,,2026-09-15T21:59:12Z,2026-09-15T22:43:13Z
2,2,124999384,5629200,0.406,158675,,2026-09-15T21:49:13Z,2026-09-15T22:43:13Z
2,2,124999214,4963450,0.407,963986,,2026-09-15T21:44:40Z,2026-09-15T22:43:13Z
2,2,124999121,5605718,0.408,10174,,2026-09-15T21:42:04Z,2026-09-15T22:43:13Z
2,2,124725167,4635871,0.41,190168,,2026-09-10T16:36:36Z,2026-09-15T22:43:13Z
2,2,124738517,4506322,0.41,1709274,,2026-09-10T22:06:53Z,2026-09-15T22:43:13Z
2,2,124851635,1106644,0.41,64580,,2026-09-13T05:02:28Z,2026-09-15T22:43:13Z
2,2,124999646,5549572,0.41,300000,,2026-09-15T21:55:59Z,2026-09-15T22:43:13Z
2,2,124706885,3417435,0.411,1518244,,2026-09-10T09:01:56Z,2026-09-15T22:43:13Z
2,2,124948999,4294922,0.413,1000000,,2026-09-14T23:18:45Z,2026-09-15T22:43:13Z
2,2,124928788,5221899,0.5,1510928,,2026-09-14T15:10:32Z,2026-09-15T22:43:13Z
2,3,125000725,5184806,0.407,146385,,2026-09-15T22:28:29Z,2026-09-15T22:43:13Z
2,3,125000739,5551557,0.407,200000,,2026-09-15T22:29:01Z,2026-09-15T22:43:13Z
2,3,125000520,5298032,0.408,324232,,2026-09-15T22:22:14Z,2026-09-15T22:43:13Z
2,3,125000493,5635797,0.409,82528,,2026-09-15T22:21:22Z,2026-09-15T22:43:13Z
2,3,125000125,5384481,0.41,30000,,2026-09-15T22:10:12Z,2026-09-15T22:43:13Z
2,3,125000733,5551557,0.41,200000,,2026-09-15T22:28:48Z,2026-09-15T22:43:13Z
2,3,124995846,836964,0.411,4451124,,2026-09-15T20:17:25Z,2026-09-15T22:43:13Z
2,3,124963692,3410056,0.412,13177054,,2026-09-15T06:53:16Z,2026-09-15T22:43:13Z
2,3,124976778,5384481,0.412,30000,,2026-09-15T12:58:51Z,2026-09-15T22:43:13Z
2,3,124948962,5254966,0.413,5000000,,2026-09-14T23:17:21Z,2026-09-15T22:43:13Z
2,3,124948504,5458450,0.414,2449780,,2026-09-14T23:03:57Z,2026-09-15T22:43:13Z
2,3,124948451,3483769,0.415,22659,,2026-09-14T23:02:15Z,2026-09-15T22:43:13Z
2,3,124840626,836964,0.416,8333121,,2026-09-12T22:24:50Z,2026-09-15T22:43:13Z
2,3,124893142,5384481,0.418,20000,,2026-09-13T22:27:49Z,2026-09-15T22:43:13Z
2,3,124749595,5298032,0.419,107027,,2026-09-11T04:28:40Z,2026-09-15T22:43:13Z
2,3,124749552,3336739,0.42,2372826,,2026-09-11T04:27:21Z,2026-09-15T22:43:13Z
2,3,124759442,4058885,0.42,2000000,,2026-09-11T09:05:34Z,2026-09-15T22:43:13Z
2,3,125000027,4729488,0.42,3000000,,2026-09-15T22:07:07Z,2026-09-15T22:43:13Z
2,3,124651301,4393885,0.421,478195,,2026-09-09T07:35:36Z,2026-09-15T22:43:13Z
2,3,124648839,5030660,0.422,3482496,,2026-09-09T06:27:24Z,2026-09-15T22:43:13Z
2,3,124634437,4503080,0.5,25268674,,2026-09-08T22:41:43Z,2026-09-15T22:43:13Z
2,3,124890710,3596255,0.5,219980,,2026-09-13T21:13:59Z,2026-09-15T22:43:13Z
2,4,125000738,2310766,0.445,2093091,,2026-09-15T22:29:01Z,2026-09-15T22:43:13Z
2,4,125000674,5305244,0.446,1072703,,2026-09-15T22:27:01Z,2026-09-15T22:43:13Z
2,4,125000215,5049482,0.447,635188,,2026-09-15T22:12:52Z,2026-09-15T22:43:13Z
2,4,124999516,1872499,0.448,415256,,2026-09-15T21:52:40Z,2026-09-15T22:43:13Z
2,4,124999130,4799992,0.449,119821,,2026-09-15T21:42:19Z,2026-09-15T22:43:13Z
2,4,124966887,2491069,0.45,10481324,,2026-09-15T08:27:27Z,2026-09-15T22:43:13Z
2,4,124962085,777322,0.451,3725261,,2026-09-15T06:06:36Z,2026-09-15T22:43:13Z
2,4,124961912,4383939,0.452,133815,,2026-09-15T06:02:26Z,2026-09-15T22:43:13Z
2,4,124959166,3473490,0.454,2393780,,2026-09-15T04:50:36Z,2026-09-15T22:43:13Z
2,4,124958632,5084099,0.455,942425,,2026-09-15T04:37:52Z,2026-09-15T22:43:13Z
2,4,124963776,3455880,0.455,6500000,,2026-09-15T06:55:47Z,2026-09-15T22:43:13Z
2,4,124958542,5305244,0.456,246805,,2026-09-15T04:35:42Z,2026-09-15T22:43:13Z
2,4,124961646,2176095,0.456,8000000,,2026-09-15T05:54:40Z,2026-09-15T22:43:13Z
2,4,124958382,4126571,0.457,1000000,,2026-09-15T04:31:13Z,2026-09-15T22:43:13Z
2,4,124956214,4382958,0.459,950000,,2026-09-15T03:29:01Z,2026-09-15T22:43:13Z
2,4,124955663,5305244,0.46,880318,,2026-09-15T03:10:48Z,2026-09-15T22:43:13Z
2,4,124948596,4383939,0.461,27423,,2026-09-14T23:06:52Z,2026-09-15T22:43:13Z
2,4,124951690,3426657,0.462,100000,,2026-09-15T00:55:36Z,2026-09-15T22:43:13Z
2,4,124947378,4085774,0.463,526065,,2026-09-14T22:24:22Z,2026-09-15T22:43:13Z
2,4,124945923,3750393,0.464,842275,,2026-09-14T21:41:17Z,2026-09-15T22:43:13Z
2,4,124945811,1872499,0.466,600000,,2026-09-14T21:38:16Z,2026-09-15T22:43:13Z
2,4,124938162,2204293,0.467,24339310,,2026-09-14T18:39:00Z,2026-09-15T22:43:13Z
2,4,124937681,2439128,0.468,4320000,,2026-09-14T18:28:38Z,2026-09-15T22:43:13Z
2,4,124929725,2204293,0.469,27018278,,2026-09-14T15:30:03Z,2026-09-15T22:43:13Z
2,4,124929095,4446348,0.47,2463342,,2026-09-14T15:17:16Z,2026-09-15T22:43:13Z
2,4,124928946,4681530,0.471,500000,,2026-09-14T15:14:14Z,2026-09-15T22:43:13Z
2,4,124907050,4792728,0.472,894442,,2026-09-14T05:45:35Z,2026-09-15T22:43:13Z
2,4,124906747,4382958,0.473,3000000,,2026-09-14T05:38:08Z,2026-09-15T22:43:13Z
2,4,124906521,4085774,0.475,824453,,2026-09-14T05:31:42Z,2026-09-15T22:43:13Z
2,4,124904554,2277012,0.477,370921,,2026-09-14T04:41:47Z,2026-09-15T22:43:13Z
2,4,124904815,4590040,0.477,3905900,,2026-09-14T04:49:21Z,2026-09-15T22:43:13Z
2,4,124903604,5084099,0.478,827084,,2026-09-14T04:16:28Z,2026-09-15T22:43:13Z
2,4,124904788,4945468,0.478,2500000,,2026-09-14T04:48:48Z,2026-09-15T22:43:13Z
2,4,124903354,3093472,0.479,200000,,2026-09-14T04:10:14Z,2026-09-15T22:43:13Z
2,4,124902981,4499932,0.48,2099413,,2026-09-14T03:59:42Z,2026-09-15T22:43:13Z
2,4,124901383,5305244,0.481,500000,,2026-09-14T03:08:57Z,2026-09-15T22:43:13Z
2,4,124899798,3994997,0.482,393652,,2026-09-14T02:16:44Z,2026-09-15T22:43:13Z
2,4,124899273,479656,0.484,720400,,2026-09-14T01:59:18Z,2026-09-15T22:43:13Z
2,4,124899138,5110425,0.486,7186,,2026-09-14T01:55:36Z,2026-09-15T22:43:13Z
2,4,124898882,3232656,0.487,211591,,2026-09-14T01:45:13Z,2026-09-15T22:43:13Z
2,5,124964431,1825694,0.495,756385,,2026-09-15T07:13:56Z,2026-09-15T22:43:13Z
2,5,124963028,3926818,0.496,814185,,2026-09-15T06:34:14Z,2026-09-15T22:43:13Z
2,5,124957100,3062297,0.497,1000000,,2026-09-15T03:53:12Z,2026-09-15T22:43:13Z
2,5,124950191,4839277,0.498,154751,,2026-09-15T00:02:31Z,2026-09-15T22:43:13Z
2,5,124989471,3062297,0.498,2842580,,2026-09-15T17:57:07Z,2026-09-15T22:43:13Z
2,5,124957111,3062297,0.499,1000000,,2026-09-15T03:53:34Z,2026-09-15T22:43:13Z
2,5,124067007,4278886,0.5,4000000,,2026-09-04T06:33:29Z,2026-09-15T22:43:13Z
2,6,124901737,3977135,0.51,971516,,2026-09-14T03:20:47Z,2026-09-15T22:43:13Z
2,6,124900042,3780950,0.52,5540159,,2026-09-14T02:24:36Z,2026-09-15T22:43:13Z
2,7,124860073,3381104,0.6,6773080,,2026-09-13T08:47:09Z,2026-09-15T22:43:13Z
2,9,124682501,339959,0.58,1400000,,2026-09-09T20:47:39Z,2026-09-15T22:43:13Z
2,9,124683418,688623,0.58,10000000,,2026-09-09T21:09:54Z,2026-09-15T22:43:13Z
2,10,125000932,1413834,0.53,500000,,2026-09-15T22:35:50Z,2026-09-15T22:43:13Z
2,10,124778832,226855,0.545,2232684,,2026-09-11T17:08:35Z,2026-09-15T22:43:13Z
2,10,124769297,5191183,0.56,400000,,2026-09-11T13:21:18Z,2026-09-15T22:43:13Z
2,10,124766268,4445244,0.565,3240282,,2026-09-11T12:03:13Z,2026-09-15T22:43:13Z
2,10,124765579,743219,0.57,1416794,,2026-09-11T11:44:45Z,2026-09-15T22:43:13Z
2,10,124934187,1238912,0.57,6612840,,2026-09-14T17:09:54Z,2026-09-15T22:43:13Z
2,10,124949387,4179716,0.575,1088720,,2026-09-14T23:32:24Z,2026-09-15T22:43:13Z
2,10,124710016,770106,0.58,4000000,,2026-09-10T10:29:07Z,2026-09-15T22:43:13Z
2,10,124751113,1800467,0.58,3738580,,2026-09-11T05:10:34Z,2026-09-15T22:43:13Z
2,11,124988123,4122971,0.58,9795268,,2026-09-15T17:27:38Z,2026-09-15T22:43:13Z
2,11,124691702,770106,0.585,3591844,,2026-09-10T01:53:31Z,2026-09-15T22:43:13Z
2,12,124693646,339959,0.725,1783259,,2026-09-10T03:00:32Z,2026-09-15T22:43:13Z
3,0,125000842,5721197,2.15,3927,-5008.0,2026-09-15T22:32:54Z,2026-09-15T22:43:16Z
3,0,125000457,5835466,2.2,576,,2026-09-15T22:20:32Z,2026-09-15T22:43:16Z
3,0,125000541,5836277,2.2,284,,2026-09-15T22:23:05Z,2026-09-15T22:43:16Z
3,0,125000840,5837262,2.25,4500,,2026-09-15T22:32:52Z,2026-09-15T22:43:16Z
3,0,125000224,5838439,2.35,35,,2026-09-15T22:13:07Z,2026-09-15T22:43:16Z
3,0,125000722,5755214,2.35,1794,,2026-09-15T22:28:24Z,2026-09-15T22:43:16Z
3,0,124996906,5656186,2.4,59935,,2026-09-15T20:42:09Z,2026-09-15T22:43:16Z
3,0,124997735,5747806,2.4,4000,,2026-09-15T21:04:48Z,2026-09-15T22:43:16Z
3,0,124997917,5783729,2.4,4000,,2026-09-15T21:08:56Z,2026-09-15T22:43:16Z
3,0,125000261,5449242,2.4,41312,,2026-09-15T22:14:49Z,2026-09-15T22:43:16Z
3,0,125000401,5838434,2.4,35,,2026-09-15T22:19:02Z,2026-09-15T22:43:16Z
3,0,124979878,4410588,2.45,94196,,2026-09-15T14:12:04Z,2026-09-15T22:43:16Z
3,0,124983260,5061818,2.45,35007,,2026-09-15T15:30:41Z,2026-09-15T22:43:16Z
3,0,124987802,5812446,2.45,3191,,2026-09-15T17:19:23Z,2026-09-15T22:43:16Z
3,0,124988116,5833820,2.45,200,,2026-09-15T17:27:34Z,2026-09-15T22:43:16Z
3,0,124990182,5838042,2.45,35,,2026-09-15T18:12:44Z,2026-09-15T22:43:16Z
3,0,124990657,5820223,2.45,1543,,2026-09-15T18:24:20Z,2026-09-15T22:43:16Z
3,0,124991036,5837270,2.45,1000,,2026-09-15T18:32:15Z,2026-09-15T22:43:16Z
3,0,124992386,5838137,2.45,35,,2026-09-15T19:01:12Z,2026-09-15T22:43:16Z
3,0,124994802,5838220,2.45,482,,2026-09-15T19:55:24Z,2026-09-15T22:43:16Z
3,0,124999998,4729488,2.45,443754,,2026-09-15T22:06:30Z,2026-09-15T22:43:16Z
3,0,124918866,5720696,2.5,8793,,2026-09-14T11:14:12Z,2026-09-15T22:43:16Z
3,0,124920515,5834966,2.5,125,,2026-09-14T11:53:45Z,2026-09-15T22:43:16Z
3,0,124920655,5463468,2.5,34,,2026-09-14T11:57:17Z,2026-09-15T22:43:16Z
3,0,124925506,5835225,2.5,35,,2026-09-14T13:53:48Z,2026-09-15T22:43:16Z
3,0,124926619,5835521,2.5,35,,2026-09-14T14:18:58Z,2026-09-15T22:43:16Z
3,0,124927744,5835107,2.5,150,,2026-09-14T14:46:48Z,2026-09-15T22:43:16Z
3,0,124928664,5835196,2.5,1204,,2026-09-14T15:07:44Z,2026-09-15T22:43:16Z
3,0,124930603,5835687,2.5,35,,2026-09-14T15:48:52Z,2026-09-15T22:43:16Z
3,0,124931355,5835730,2.5,35,,2026-09-14T16:05:59Z,2026-09-15T22:43:16Z
3,0,124931679,5835757,2.5,35,,2026-09-14T16:13:31Z,2026-09-15T22:43:16Z
3,0,124933320,5835843,2.5,35,,2026-09-14T16:49:39Z,2026-09-15T22:43:16Z
3,0,124933552,5602587,2.5,1745,,2026-09-14T16:55:01Z,2026-09-15T22:43:16Z
3,0,124933754,5834660,2.5,35,,2026-09-14T16:59:20Z,2026-09-15T22:43:16Z
3,0,124934010,5833717,2.5,900,,2026-09-14T17:05:35Z,2026-09-15T22:43:16Z
3,0,124934997,5835926,2.5,35,,2026-09-14T17:29:27Z,2026-09-15T22:43:16Z
3,0,124935299,5221256,2.5,3004,,2026-09-14T17:35:47Z,2026-09-15T22:43:16Z
3,0,124936095,5835968,2.5,35,,2026-09-14T17:55:37Z,2026-09-15T22:43:16Z
3,0,124937119,5836011,2.5,35,,2026-09-14T18:17:10Z,2026-09-15T22:43:16Z
3,0,124938693,5836081,2.5,55,,2026-09-14T18:51:49Z,2026-09-15T22:43:16Z
3,0,124940149,5836058,2.5,20,,2026-09-14T19:22:41Z,2026-09-15T22:43:16Z
3,0,124940622,5836147,2.5,35,,2026-09-14T19:32:54Z,2026-09-15T22:43:16Z
3,0,124940714,5827330,2.5,20,,2026-09-14T19:35:04Z,2026-09-15T22:43:16Z
3,0,124940717,5836141,2.5,50,,2026-09-14T19:35:06Z,2026-09-15T22:43:16Z
3,0,124945164,5825338,2.5,5,,2026-09-14T21:21:32Z,2026-09-15T22:43:16Z
3,0,124945852,5836339,2.5,35,,2026-09-14T21:39:16Z,2026-09-15T22:43:16Z
3,0,124947429,5836404,2.5,35,,2026-09-14T22:26:00Z,2026-09-15T22:43:16Z
3,0,124949599,5836472,2.5,35,,2026-09-14T23:39:19Z,2026-09-15T22:43:16Z
3,0,124951560,5836545,2.5,35,,2026-09-15T00:51:54Z,2026-09-15T22:43:16Z
3,0,124952836,5833913,2.5,2234,,2026-09-15T01:32:22Z,2026-09-15T22:43:16Z
3,0,124955284,5835565,2.5,1377,,2026-09-15T02:58:27Z,2026-09-15T22:43:16Z
3,0,124956929,5516932,2.5,137690,,2026-09-15T03:48:20Z,2026-09-15T22:43:16Z
3,0,124957118,5836536,2.5,600,,2026-09-15T03:57:16Z,2026-09-15T22:43:16Z
3,0,124957269,5836762,2.5,35,,2026-09-15T03:58:48Z,2026-09-15T22:43:16Z
3,0,124957948,5774641,2.5,10102,,2026-09-15T04:17:11Z,2026-09-15T22:43:16Z
3,0,124958585,5836796,2.5,35,,2026-09-15T04:36:45Z,2026-09-15T22:43:16Z
3,0,124961161,5823812,2.5,430,,2026-09-15T05:41:30Z,2026-09-15T22:43:16Z
3,0,124961272,5821304,2.5,6,,2026-09-15T05:44:18Z,2026-09-15T22:43:16Z
3,0,124961451,5836876,2.5,35,,2026-09-15T05:49:18Z,2026-09-15T22:43:16Z
3,0,124963489,5836895,2.5,35,,2026-09-15T06:47:01Z,2026-09-15T22:43:16Z
3,0,124965108,5837000,2.5,35,,2026-09-15T07:33:24Z,2026-09-15T22:43:16Z
3,0,124967285,5837083,2.5,35,,2026-09-15T08:39:30Z,2026-09-15T22:43:16Z
3,0,124969780,5837212,2.5,35,,2026-09-15T09:53:56Z,2026-09-15T22:43:16Z
3,0,124976913,5837463,2.5,35,,2026-09-15T13:02:26Z,2026-09-15T22:43:16Z
3,0,124978170,5837503,2.5,35,,2026-09-15T13:31:13Z,2026-09-15T22:43:16Z
3,0,124979698,5761427,2.5,4039,,2026-09-15T14:07:20Z,2026-09-15T22:43:16Z
3,0,124980116,5733712,2.5,34197,,2026-09-15T14:18:23Z,2026-09-15T22:43:16Z
3,0,124981055,5837655,2.5,35,,2026-09-15T14:41:34Z,2026-09-15T22:43:16Z
3,0,124981904,5837685,2.5,35,,2026-09-15T15:01:51Z,2026-09-15T22:43:16Z
3,0,124984277,5837581,2.5,35,,2026-09-15T15:56:03Z,2026-09-15T22:43:16Z
3,0,124986181,5837454,2.5,453,,2026-09-15T16:41:08Z,2026-09-15T22:43:16Z
3,0,124989298,5808894,2.5,1567,,2026-09-15T17:53:49Z,2026-09-15T22:43:16Z
3,0,124991705,5820037,2.5,24539,,2026-09-15T18:45:57Z,2026-09-15T22:43:16Z
3,0,124992074,5838089,2.5,35,,2026-09-15T18:54:03Z,2026-09-15T22:43:16Z
3,0,124993498,5838174,2.5,35,,2026-09-15T19:25:19Z,2026-09-15T22:43:16Z
3,0,124999494,5838412,2.5,35,,2026-09-15T21:52:17Z,2026-09-15T22:43:16Z
3,0,124999958,5838429,2.5,35,,2026-09-15T22:05:35Z,2026-09-15T22:43:16Z
3,0,124847433,5748168,2.55,9785,,2026-09-13T02:32:12Z,2026-09-15T22:43:16Z
3,0,124851243,5832441,2.55,35,,2026-09-13T04:49:16Z,2026-09-15T22:43:16Z
3,0,124860996,5506178,2.55,5000,,2026-09-13T09:15:03Z,2026-09-15T22:43:16Z
3,0,124872080,5833224,2.55,100,,2026-09-13T14:01:10Z,2026-09-15T22:43:16Z
3,0,124874297,5765702,2.55,2506,,2026-09-13T14:50:55Z,2026-09-15T22:43:16Z
3,0,124886478,5833870,2.55,35,,2026-09-13T19:32:11Z,2026-09-15T22:43:16Z
3,0,124897541,5834420,2.55,35,,2026-09-14T01:02:46Z,2026-09-15T22:43:16Z
3,0,124898060,5721205,2.55,1000,,2026-09-14T01:18:09Z,2026-09-15T22:43:16Z
3,0,124901403,5775777,2.55,786,,2026-09-14T03:09:45Z,2026-09-15T22:43:16Z
3,0,124924641,5833586,2.55,35,,2026-09-14T13:36:26Z,2026-09-15T22:43:16Z
3,0,124927224,5835541,2.55,35,,2026-09-14T14:31:59Z,2026-09-15T22:43:16Z
3,0,124935542,5835898,2.55,35,,2026-09-14T17:41:37Z,2026-09-15T22:43:16Z
3,0,124943255,5836245,2.55,70,,2026-09-14T20:33:07Z,2026-09-15T22:43:16Z
3,0,124959787,5836828,2.55,35,,2026-09-15T05:06:58Z,2026-09-15T22:43:16Z
3,0,124960515,5834779,2.55,50,,2026-09-15T05:23:32Z,2026-09-15T22:43:16Z
3,0,124979006,5828913,2.55,618,,2026-09-15T13:50:50Z,2026-09-15T22:43:16Z
3,0,124980121,5832099,2.55,2544,,2026-09-15T14:18:31Z,2026-09-15T22:43:16Z
3,0,124990034,5837157,2.55,35,,2026-09-15T18:08:44Z,2026-09-15T22:43:16Z
3,0,124990227,5837998,2.55,50,,2026-09-15T18:13:44Z,2026-09-15T22:43:16Z
3,0,124086984,4935388,2.6,651751,,2026-09-02T09:44:19Z,2026-09-15T22:43:16Z
3,0,124597862,5821314,2.6,150,,2026-09-08T06:43:05Z,2026-09-15T22:43:16Z
3,0,124615833,5822194,2.6,35,,2026-09-08T14:58:05Z,2026-09-15T22:43:16Z
3,0,124615913,5822193,2.6,35,,2026-09-08T15:00:15Z,2026-09-15T22:43:16Z
3,0,124620129,5820237,2.6,35,,2026-09-08T16:37:55Z,2026-09-15T22:43:16Z
3,0,124633790,5822960,2.6,100,,2026-09-08T22:17:23Z,2026-09-15T22:43:16Z
3,0,124636368,5823092,2.6,35,,2026-09-08T23:46:01Z,2026-09-15T22:43:16Z
3,0,124637194,5823143,2.6,35,,2026-09-09T00:18:23Z,2026-09-15T22:43:16Z
3,0,124639901,5821156,2.6,35,,2026-09-09T01:52:47Z,2026-09-15T22:43:16Z
3,0,124643637,5821810,2.6,215,,2026-09-09T04:03:11Z,2026-09-15T22:43:16Z
3,0,124644339,5772933,2.6,1000,,2026-09-09T04:22:08Z,2026-09-15T22:43:16Z
3,0,124669437,5812819,2.6,150,,2026-09-09T15:34:54Z,2026-09-15T22:43:16Z
3,0,124670947,5824583,2.6,35,,2026-09-09T16:10:31Z,2026-09-15T22:43:16Z
3,0,124672535,5824673,2.6,35,,2026-09-09T16:50:50Z,2026-09-15T22:43:16Z
3,0,124676390,5819952,2.6,40,,2026-09-09T18:26:01Z,2026-09-15T22:43:16Z
3,0,124680663,5816714,2.6,115,,2026-09-09T20:06:15Z,2026-09-15T22:43:16Z
3,0,124681209,5825085,2.6,35,,2026-09-09T20:17:35Z,2026-09-15T22:43:16Z
3,0,124695835,5825712,2.6,51,,2026-09-10T04:09:01Z,2026-09-15T22:43:16Z
3,0,124699230,5234060,2.6,1132,,2026-09-10T05:33:53Z,2026-09-15T22:43:16Z
3,0,124700831,5823684,2.6,700,,2026-09-10T06:15:00Z,2026-09-15T22:43:16Z
3,0,124703950,5825903,2.6,50,,2026-09-10T07:36:28Z,2026-09-15T22:43:16Z
3,0,124717336,5010375,2.6,20000,,2026-09-10T13:30:46Z,2026-09-15T22:43:16Z
3,0,124721534,5826686,2.6,64,,2026-09-10T15:09:29Z,2026-09-15T22:43:16Z
3,0,124722041,5826792,2.6,35,,2026-09-10T15:23:03Z,2026-09-15T22:43:16Z
3,0,124723126,5826841,2.6,35,,2026-09-10T15:47:16Z,2026-09-15T22:43:16Z
3,0,124723617,5826866,2.6,12,,2026-09-10T15:59:11Z,2026-09-15T22:43:16Z
3,0,124724315,5826869,2.6,109,,2026-09-10T16:15:48Z,2026-09-15T22:43:16Z
3,0,124724446,5826919,2.6,35,,2026-09-10T16:18:38Z,2026-09-15T22:43:16Z
3,0,124726474,5759100,2.6,180,,2026-09-10T17:10:19Z,2026-09-15T22:43:16Z
3,0,124727073,5826988,2.6,5,,2026-09-10T17:26:26Z,2026-09-15T22:43:16Z
3,0,124727792,5826867,2.6,35,,2026-09-10T17:46:26Z,2026-09-15T22:43:16Z
3,0,124728522,5827135,2.6,90,,2026-09-10T18:03:43Z,2026-09-15T22:43:16Z
3,0,124729582,5825008,2.6,50,,2026-09-10T18:28:17Z,2026-09-15T22:43:16Z
3,0,124740142,5827590,2.6,35,,2026-09-10T22:58:20Z,2026-09-15T22:43:16Z
3,0,124761959,5828477,2.6,35,,2026-09-11T10:13:20Z,2026-09-15T22:43:16Z
3,0,124765891,5402844,2.6,40437,,2026-09-11T11:52:55Z,2026-09-15T22:43:16Z
3,0,124767096,5826485,2.6,1000,,2026-09-11T12:24:31Z,2026-09-15T22:43:16Z
3,0,124770281,5828806,2.6,35,,2026-09-11T13:45:33Z,2026-09-15T22:43:16Z
3,0,124777739,5829166,2.6,35,,2026-09-11T16:40:18Z,2026-09-15T22:43:16Z
3,0,124783488,5829443,2.6,35,,2026-09-11T19:09:31Z,2026-09-15T22:43:16Z
3,0,124784875,5829512,2.6,35,,2026-09-11T19:45:46Z,2026-09-15T22:43:16Z
3,0,124785434,5829551,2.6,35,,2026-09-11T20:00:26Z,2026-09-15T22:43:16Z
3,0,124785644,5829558,2.6,35,,2026-09-11T20:05:16Z,2026-09-15T22:43:16Z
3,0,124785704,5724809,2.6,59000,,2026-09-11T20:06:39Z,2026-09-15T22:43:16Z
3,0,124789730,5800287,2.6,509,,2026-09-11T21:56:33Z,2026-09-15T22:43:16Z
3,0,124795274,5829921,2.6,10,,2026-09-12T01:16:41Z,2026-09-15T22:43:16Z
3,0,124808013,5830408,2.6,35,,2026-09-12T07:53:08Z,2026-09-15T22:43:16Z
3,0,124815735,5647677,2.6,1035,,2026-09-12T11:30:48Z,2026-09-15T22:43:16Z
3,0,124822777,5831131,2.6,35,,2026-09-12T14:37:14Z,2026-09-15T22:43:16Z
3,0,124822902,5831120,2.6,15,,2026-09-12T14:40:28Z,2026-09-15T22:43:16Z
3,0,124823026,5831133,2.6,30,,2026-09-12T14:43:17Z,2026-09-15T22:43:16Z
3,0,124828076,5831373,2.6,35,,2026-09-12T16:51:12Z,2026-09-15T22:43:16Z
3,0,124841349,5832019,2.6,35,,2026-09-12T22:48:10Z,2026-09-15T22:43:16Z
3,0,124841492,5831993,2.6,180,,2026-09-12T22:52:12Z,2026-09-15T22:43:16Z
3,0,124843754,5721205,2.6,5000,,2026-09-13T00:14:21Z,2026-09-15T22:43:16Z
3,0,124844602,5832153,2.6,2042,,2026-09-13T00:45:45Z,2026-09-15T22:43:16Z
3,0,124848236,5831831,2.6,2126,,2026-09-13T03:04:29Z,2026-09-15T22:43:16Z
3,0,124875709,5833338,2.6,35,,2026-09-13T15:23:38Z,2026-09-15T22:43:16Z
3,0,124877141,5833403,2.6,115,,2026-09-13T15:56:26Z,2026-09-15T22:43:16Z
3,0,124880597,5833638,2.6,150,,2026-09-13T17:16:55Z,2026-09-15T22:43:16Z
3,0,124888851,5382236,2.6,500,,2026-09-13T20:26:58Z,2026-09-15T22:43:16Z
3,0,124895645,5834128,2.6,217,,2026-09-13T23:54:50Z,2026-09-15T22:43:16Z
3,0,124897774,5827777,2.6,100,,2026-09-14T01:09:01Z,2026-09-15T22:43:16Z
3,0,124901196,5834559,2.6,35,,2026-09-14T03:03:13Z,2026-09-15T22:43:16Z
3,0,124915527,5834770,2.6,35,,2026-09-14T09:49:32Z,2026-09-15T22:43:16Z
3,0,124917160,5828189,2.6,71,,2026-09-14T10:32:00Z,2026-09-15T22:43:16Z
3,0,124922291,5835348,2.6,35,,2026-09-14T12:36:19Z,2026-09-15T22:43:16Z
3,0,124925168,5834289,2.6,35,,2026-09-14T13:47:07Z,2026-09-15T22:43:16Z
3,0,124927654,5805934,2.6,391,,2026-09-14T14:44:02Z,2026-09-15T22:43:16Z
3,0,124928794,5835614,2.6,35,,2026-09-14T15:10:45Z,2026-09-15T22:43:16Z
3,0,124933225,5835839,2.6,35,,2026-09-14T16:47:10Z,2026-09-15T22:43:16Z
3,0,124947180,5684836,2.6,13814,,2026-09-14T22:17:30Z,2026-09-15T22:43:16Z
3,0,124953912,5834314,2.6,5,,2026-09-15T02:07:30Z,2026-09-15T22:43:16Z
3,0,124955429,5836695,2.6,35,,2026-09-15T03:03:42Z,2026-09-15T22:43:16Z
3,0,124962450,5823574,2.6,100,,2026-09-15T06:16:59Z,2026-09-15T22:43:16Z
3,0,124969862,5837142,2.6,15,,2026-09-15T09:56:26Z,2026-09-15T22:43:16Z
3,0,124976607,5837453,2.6,35,,2026-09-15T12:54:20Z,2026-09-15T22:43:16Z
3,0,124617919,5806760,2.65,40,,2026-09-08T15:44:16Z,2026-09-15T22:43:16Z
3,0,124690156,5825460,2.65,35,,2026-09-10T00:56:26Z,2026-09-15T22:43:16Z
3,0,124692492,5823412,2.65,50,,2026-09-10T02:21:29Z,2026-09-15T22:43:16Z
3,0,124702225,5825909,2.65,10,,2026-09-10T06:52:23Z,2026-09-15T22:43:16Z
3,0,124706392,5826110,2.65,122,,2026-09-10T08:46:02Z,2026-09-15T22:43:16Z
3,0,124706614,5826144,2.65,150,,2026-09-10T08:52:09Z,2026-09-15T22:43:16Z
3,0,124709852,5826282,2.65,35,,2026-09-10T10:23:28Z,2026-09-15T22:43:16Z
3,0,124728286,4935388,2.65,88226,,2026-09-10T17:58:25Z,2026-09-15T22:43:16Z
3,0,124729326,5827177,2.65,35,,2026-09-10T18:22:51Z,2026-09-15T22:43:16Z
3,0,124730009,5827205,2.65,35,,2026-09-10T18:37:43Z,2026-09-15T22:43:16Z
3,0,124746942,5827877,2.65,20,,2026-09-11T03:03:38Z,2026-09-15T22:43:16Z
3,0,124774445,5829033,2.65,35,,2026-09-11T15:26:18Z,2026-09-15T22:43:16Z
3,0,124777492,5829156,2.65,35,,2026-09-11T16:33:43Z,2026-09-15T22:43:16Z
3,0,124779583,5827361,2.65,131,,2026-09-11T17:28:01Z,2026-09-15T22:43:16Z
3,0,124797278,5702366,2.65,882,,2026-09-12T02:33:23Z,2026-09-15T22:43:16Z
3,0,124798093,5830066,2.65,35,,2026-09-12T03:03:38Z,2026-09-15T22:43:16Z
3,0,124813879,5830406,2.65,2,,2026-09-12T10:37:55Z,2026-09-15T22:43:16Z
3,0,124817139,5830834,2.65,50,,2026-09-12T12:09:38Z,2026-09-15T22:43:16Z
3,0,124823154,5831148,2.65,35,,2026-09-12T14:47:17Z,2026-09-15T22:43:16Z
3,0,124834091,5817963,2.65,253,,2026-09-12T19:28:05Z,2026-09-15T22:43:16Z
3,0,124836883,5831789,2.65,35,,2026-09-12T20:38:52Z,2026-09-15T22:43:16Z
3,0,124847791,5832303,2.65,35,,2026-09-13T02:46:24Z,2026-09-15T22:43:16Z
3,0,124864045,5832920,2.65,35,,2026-09-13T10:41:58Z,2026-09-15T22:43:16Z
3,0,124876555,5833424,2.65,35,,2026-09-13T15:43:06Z,2026-09-15T22:43:16Z
3,0,124878102,5833553,2.65,35,,2026-09-13T16:18:48Z,2026-09-15T22:43:16Z
3,0,124881984,5833714,2.65,2000,,2026-09-13T17:47:55Z,2026-09-15T22:43:16Z
3,0,124883691,5830139,2.65,55,,2026-09-13T18:28:59Z,2026-09-15T22:43:16Z
3,0,124895770,5831950,2.65,1700,,2026-09-14T00:00:00Z,2026-09-15T22:43:16Z
3,0,124908077,5834692,2.65,100,,2026-09-14T06:11:35Z,2026-09-15T22:43:16Z
3,0,124908095,5834751,2.65,35,,2026-09-14T06:12:10Z,2026-09-15T22:43:16Z
3,0,124912367,5834924,2.65,35,,2026-09-14T08:15:20Z,2026-09-15T22:43:16Z
3,0,124914788,5835000,2.65,3,,2026-09-14T09:27:21Z,2026-09-15T22:43:16Z
3,0,124922944,5834551,2.65,250,,2026-09-14T12:53:15Z,2026-09-15T22:43:16Z
3,0,124932193,5833590,2.65,3093,,2026-09-14T16:25:19Z,2026-09-15T22:43:16Z
3,0,124938329,5836063,2.65,35,,2026-09-14T18:42:34Z,2026-09-15T22:43:16Z
3,0,124946443,5836366,2.65,35,,2026-09-14T21:55:25Z,2026-09-15T22:43:16Z
3,0,124957168,5836759,2.65,35,,2026-09-15T03:55:40Z,2026-09-15T22:43:16Z
3,0,124963613,5834743,2.65,35,,2026-09-15T06:50:17Z,2026-09-15T22:43:16Z
3,0,124967362,5837086,2.65,35,,2026-09-15T08:41:45Z,2026-09-15T22:43:16Z
3,0,124977609,5836690,2.65,900,,2026-09-15T13:18:20Z,2026-09-15T22:43:16Z
3,0,124992304,5838089,2.65,25,,2026-09-15T18:59:17Z,2026-09-15T22:43:16Z
3,0,124994935,5838220,2.65,3730,,2026-09-15T19:59:15Z,2026-09-15T22:43:16Z
3,0,124997616,5838339,2.65,35,,2026-09-15T21:01:38Z,2026-09-15T22:43:16Z
3,0,124999596,5838414,2.65,35,,2026-09-15T21:54:36Z,2026-09-15T22:43:16Z
3,0,124622466,5721010,2.7,1,,2026-09-08T17:34:15Z,2026-09-15T22:43:16Z
3,0,124655360,5814773,2.7,1600,,2026-09-09T09:39:49Z,2026-09-15T22:43:16Z
3,0,124675698,5756976,2.7,1000,,2026-09-09T18:08:36Z,2026-09-15T22:43:16Z
3,0,124679735,5782688,2.7,216,,2026-09-09T19:43:19Z,2026-09-15T22:43:16Z
3,0,124746161,5827774,2.7,50,,2026-09-11T02:33:23Z,2026-09-15T22:43:16Z
3,0,124751054,5828014,2.7,11,,2026-09-11T05:08:56Z,2026-09-15T22:43:16Z
3,0,124751609,5828026,2.7,115,,2026-09-11T05:22:55Z,2026-09-15T22:43:16Z
3,0,124753022,5828027,2.7,50,,2026-09-11T05:59:03Z,2026-09-15T22:43:16Z
3,0,124756250,5828229,2.7,10,,2026-09-11T07:30:14Z,2026-09-15T22:43:16Z
3,0,124762146,5828382,2.7,20,,2026-09-11T10:17:48Z,2026-09-15T22:43:16Z
3,0,124767978,5828663,2.7,50,,2026-09-11T12:45:55Z,2026-09-15T22:43:16Z
3,0,124774042,5829021,2.7,35,,2026-09-11T15:18:22Z,2026-09-15T22:43:16Z
3,0,124777397,5829153,2.7,35,,2026-09-11T16:31:03Z,2026-09-15T22:43:16Z
3,0,124778634,5829196,2.7,30,,2026-09-11T17:03:47Z,2026-09-15T22:43:16Z
3,0,124670308,5820325,2.75,2368,,2026-09-09T15:54:05Z,2026-09-15T22:43:16Z
3,0,124761575,5793344,2.75,2000,,2026-09-11T10:03:16Z,2026-09-15T22:43:16Z
3,0,124801507,5759106,2.75,955,,2026-09-12T05:03:53Z,2026-09-15T22:43:16Z
3,0,124803227,5716770,2.75,13291,,2026-09-12T05:52:41Z,2026-09-15T22:43:16Z
3,0,124811544,5814773,2.75,400,,2026-09-12T09:31:56Z,2026-09-15T22:43:16Z
3,0,124618892,5806760,2.8,15,,2026-09-08T16:07:18Z,2026-09-15T22:43:16Z
3,0,124720567,5810287,2.8,500,,2026-09-10T14:44:17Z,2026-09-15T22:43:16Z
3,0,124790120,5825220,2.8,1124,,2026-09-11T22:07:28Z,2026-09-15T22:43:16Z
3,0,124799404,5758863,2.8,500,,2026-09-12T03:50:12Z,2026-09-15T22:43:16Z
3,0,124833499,5716770,2.8,8261,,2026-09-12T19:12:33Z,2026-09-15T22:43:16Z
3,0,124930533,5820237,2.8,100,,2026-09-14T15:47:06Z,2026-09-15T22:43:16Z
3,0,124959331,5810159,2.8,673,,2026-09-15T04:55:26Z,2026-09-15T22:43:16Z
3,0,124965376,5823574,2.8,1146,,2026-09-15T07:42:38Z,2026-09-15T22:43:16Z
3,0,124930489,5820237,2.85,40,,2026-09-14T15:45:57Z,2026-09-15T22:43:16Z
3,0,124280907,5759136,2.9,1300,,2026-09-03T23:35:28Z,2026-09-15T22:43:16Z
3,0,124663642,5524895,2.9,1472,,2026-09-09T13:19:54Z,2026-09-15T22:43:16Z
3,0,124870855,5761437,2.9,439,,2026-09-14T00:26:34Z,2026-09-15T22:43:16Z
3,0,124997806,5831669,2.9,2500,,2026-09-15T21:06:32Z,2026-09-15T22:43:16Z
3,0,124668743,5812915,2.95,1060,,2026-09-09T15:19:51Z,2026-09-15T22:43:16Z
3,0,124687081,5824200,2.95,550,,2026-09-09T23:05:31Z,2026-09-15T22:43:16Z
3,0,124900779,5823412,2.95,5,,2026-09-14T02:49:59Z,2026-09-15T22:43:16Z
3,0,124952891,5834551,2.95,1900,,2026-09-15T01:33:53Z,2026-09-15T22:43:16Z
3,0,124970465,5834001,2.95,2062,,2026-09-15T10:12:34Z,2026-09-15T22:43:16Z
3,0,124259421,5759136,3.0,4450,,2026-09-02T23:17:13Z,2026-09-15T22:43:16Z
3,0,124497874,5583072,3.0,53,,2026-09-06T08:32:35Z,2026-09-15T22:43:16Z
3,0,124512797,5794039,3.0,1050,,2026-09-06T15:10:22Z,2026-09-15T22:43:16Z
3,0,124752489,5759106,3.0,7351,,2026-09-11T05:45:04Z,2026-09-15T22:43:16Z
3,0,124774520,5758823,3.0,2000,,2026-09-11T15:28:09Z,2026-09-15T22:43:16Z
3,0,124774732,5544630,3.0,154319,,2026-09-11T15:32:30Z,2026-09-15T22:43:16Z
3,0,124774816,5816479,3.0,1467,,2026-09-11T15:34:25Z,2026-09-15T22:43:16Z
3,0,124776829,5772936,3.0,200,,2026-09-11T16:19:35Z,2026-09-15T22:43:16Z
3,0,124810442,5821944,3.0,1500,,2026-09-12T08:59:19Z,2026-09-15T22:43:16Z
3,0,124830683,5061590,3.0,500,,2026-09-12T17:59:14Z,2026-09-15T22:43:16Z
3,0,124841420,5799143,3.0,6000,,2026-09-12T22:49:49Z,2026-09-15T22:43:16Z
3,0,124843042,5759134,3.0,1000,,2026-09-12T23:48:03Z,2026-09-15T22:43:16Z
3,0,124856951,5823255,3.0,1000,,2026-09-13T07:25:25Z,2026-09-15T22:43:16Z
3,0,124867301,5816134,3.0,10527,,2026-09-13T12:04:17Z,2026-09-15T22:43:16Z
3,0,124923711,5647677,3.0,100,,2026-09-14T13:10:03Z,2026-09-15T22:43:16Z
3,0,124954894,5806817,3.0,61,,2026-09-15T02:43:32Z,2026-09-15T22:43:16Z
3,0,124956983,5834039,3.0,300,,2026-09-15T03:50:07Z,2026-09-15T22:43:16Z
3,0,124970516,5826937,3.0,703,,2026-09-15T10:13:58Z,2026-09-15T22:43:16Z
3,0,124992876,5834966,3.0,100,,2026-09-15T19:10:38Z,2026-09-15T22:43:16Z
3,0,124993926,5835430,3.0,100,,2026-09-15T19:35:05Z,2026-09-15T22:43:16Z
3,1,124999497,5772203,2.45,23000,,2026-09-15T21:52:19Z,2026-09-15T22:43:16Z
3,1,124982642,5709292,2.5,22999,,2026-09-15T15:18:38Z,2026-09-15T22:43:16Z
3,1,124909987,3069649,2.55,76526,,2026-09-14T07:05:18Z,2026-09-15T22:43:16Z
3,1,124917927,5473914,2.55,90000,,2026-09-14T10:50:45Z,2026-09-15T22:43:16Z
3,1,124953929,5729495,2.55,464,,2026-09-15T02:08:16Z,2026-09-15T22:43:16Z
3,1,124835115,5405776,2.6,85977,,2026-09-12T19:54:23Z,2026-09-15T22:43:16Z
3,1,124846450,5644776,2.6,25336,,2026-09-13T01:53:41Z,2026-09-15T22:43:16Z
3,1,124861759,5832809,2.6,30,,2026-09-13T09:36:23Z,2026-09-15T22:43:16Z
3,1,124899479,5729495,2.6,436,,2026-09-14T02:05:54Z,2026-09-15T22:43:16Z
3,1,124909953,5758083,2.6,10000,,2026-09-14T07:04:32Z,2026-09-15T22:43:16Z
3,1,124689645,5623890,2.65,15192,,2026-09-10T00:38:02Z,2026-09-15T22:43:16Z
3,1,124850500,5645963,2.65,25000,,2026-09-13T04:24:40Z,2026-09-15T22:43:16Z
3,1,124709783,5796969,2.7,1597,,2026-09-10T10:21:19Z,2026-09-15T22:43:16Z
3,1,124833985,5828231,2.7,2078,,2026-09-12T19:24:50Z,2026-09-15T22:43:16Z
3,1,124714827,5826485,2.8,968,,2026-09-10T12:33:10Z,2026-09-15T22:43:16Z
3,1,124776230,5774534,2.8,8,,2026-09-11T16:05:26Z,2026-09-15T22:43:16Z
3,1,124848928,4541194,3.0,4,,2026-09-13T03:30:15Z,2026-09-15T22:43:16Z
3,1,124907393,5773018,3.0,2,,2026-09-14T05:55:24Z,2026-09-15T22:43:16Z
3,1,124960489,5826581,3.0,1000,,2026-09-15T05:22:54Z,2026-09-15T22:43:16Z
3,2,124998936,5267140,2.55,733237,,2026-09-15T21:36:55Z,2026-09-15T22:43:16Z
3,2,124900597,5414931,2.6,331632,,2026-09-14T02:43:22Z,2026-09-15T22:43:16Z
3,2,124920758,4078459,2.6,52128,,2026-09-14T11:59:15Z,2026-09-15T22:43:16Z
3,2,124999388,5761221,2.6,38589,,2026-09-15T21:49:23Z,2026-09-15T22:43:16Z
3,2,124685880,5423888,2.7,46395,,2026-09-09T22:21:14Z,2026-09-15T22:43:16Z
3,2,124762748,5828382,2.7,1000,,2026-09-11T10:33:26Z,2026-09-15T22:43:16Z
3,2,124770075,5028483,2.75,2000,,2026-09-11T13:40:27Z,2026-09-15T22:43:16Z
3,2,124969974,983110,2.75,25218,,2026-09-15T09:59:53Z,2026-09-15T22:43:16Z
3,2,124757208,5094881,2.85,40000,,2026-09-11T08:00:27Z,2026-09-15T22:43:16Z
3,2,124997483,5721934,2.9,10,,2026-09-15T20:57:31Z,2026-09-15T22:43:16Z
3,2,124848664,5583072,3.0,2,,2026-09-13T03:20:47Z,2026-09-15T22:43:16Z
3,3,125000956,5308551,2.6,36199,,2026-09-15T22:36:39Z,2026-09-15T22:43:16Z
3,3,124987720,4652370,2.65,10698,,2026-09-15T17:17:31Z,2026-09-15T22:43:16Z
3,3,124641454,3217343,2.7,261494,,2026-09-09T02:45:21Z,2026-09-15T22:43:16Z
3,3,124633377,3817600,2.75,49799,,2026-09-08T22:02:52Z,2026-09-15T22:43:16Z
3,3,124640980,4370985,2.75,74422,,2026-09-09T02:30:25Z,2026-09-15T22:43:16Z
3,3,124907195,4993031,2.75,200000,,2026-09-14T05:49:32Z,2026-09-15T22:43:16Z
3,3,124851535,2527141,2.8,67109,,2026-09-13T04:58:57Z,2026-09-15T22:43:16Z
3,3,124967397,1974815,3.25,83884,,2026-09-15T08:42:57Z,2026-09-15T22:43:16Z
3,3,124754342,3391447,3.4,200000,,2026-09-11T06:37:20Z,2026-09-15T22:43:16Z
3,3,124819421,4228246,3.4,172010,,2026-09-12T13:11:27Z,2026-09-15T22:43:16Z
3,4,124991430,5578870,3.05,613977,,2026-09-15T18:40:15Z,2026-09-15T22:43:16Z
3,4,124970265,4772849,3.1,90000,,2026-09-15T10:06:50Z,2026-09-15T22:43:16Z
3,4,124849566,1928332,3.15,17922,,2026-09-13T03:53:59Z,2026-09-15T22:43:16Z
3,4,124843911,4657336,3.2,68025,,2026-09-13T00:20:15Z,2026-09-15T22:43:16Z
3,4,124840270,4496392,3.25,6396,,2026-09-12T22:12:24Z,2026-09-15T22:43:16Z
3,4,124943827,4278886,3.25,39450,,2026-09-14T20:47:05Z,2026-09-15T22:43:16Z
3,4,124318210,4278886,3.4,302990,,2026-09-03T18:02:05Z,2026-09-15T22:43:16Z
3,4,124654913,3976637,3.7,200000,,2026-09-09T09:26:34Z,2026-09-15T22:43:16Z
3,4,123521384,4278886,3.8,308600,,2026-09-03T10:00:50Z,2026-09-15T22:43:16Z
3,5,124922542,1106171,3.2,30437,,2026-09-14T12:43:10Z,2026-09-15T22:43:16Z
3,5,124839184,543818,3.3,50,,2026-09-12T21:41:02Z,2026-09-15T22:43:16Z
3,5,124834365,1106171,3.35,69842,,2026-09-12T19:34:20Z,2026-09-15T22:43:16Z
3,5,124852060,4131105,3.4,2500000,,2026-09-13T05:14:00Z,2026-09-15T22:43:16Z
3,5,124704655,4458107,3.45,56683,,2026-09-10T07:56:35Z,2026-09-15T22:43:16Z
3,5,124665509,3041188,3.5,5986,,2026-09-09T14:02:45Z,2026-09-15T22:43:16Z
3,5,124776083,5812446,4.0,50,,2026-09-11T16:01:53Z,2026-09-15T22:43:16Z
3,6,124737836,4718915,3.5,1038848,,2026-09-10T21:46:37Z,2026-09-15T22:43:16Z
3,7,124941653,3697962,3.8,5094479,,2026-09-14T19:55:12Z,2026-09-15T22:43:16Z
3,8,124941674,3697962,3.95,6604855,,2026-09-14T19:55:40Z,2026-09-15T22:43:16Z
3,10,124859088,4876912,6.5,15981,,2026-09-13T08:21:03Z,2026-09-14T17:58:41Z
3,12,124076791,1699478,7.0,311180,,2026-08-29T01:11:45Z,2026-09-05T06:56:53Z
4,0,125000812,5809150,3.05,1240,-350.0,2026-09-15T22:31:20Z,2026-09-15T22:41:48Z
4,0,125000478,5835466,3.1,310,,2026-09-15T22:21:03Z,2026-09-15T22:41:48Z
4,0,125000220,5602587,3.2,1500,,2026-09-15T22:13:02Z,2026-09-15T22:41:48Z
4,0,124847503,5759088,3.25,600,,2026-09-13T02:34:16Z,2026-09-15T22:41:48Z
4,2,125000368,5631721,3.2,100000,,2026-09-15T22:18:10Z,2026-09-15T22:41:48Z
4,2,124967375,1974815,3.5,15448,,2026-09-15T08:42:20Z,2026-09-15T22:41:48Z
4,3,124885459,3699491,3.45,47745,,2026-09-13T19:10:24Z,2026-09-15T22:41:48Z
4,3,124754355,3391447,3.55,200000,,2026-09-11T06:37:42Z,2026-09-15T22:41:48Z
4,4,124629562,4801505,3.25,1452127,,2026-09-08T20:17:29Z,2026-09-15T22:41:48Z
4,4,124705679,3976637,3.75,180000,,2026-09-10T08:27:04Z,2026-09-15T22:41:48Z
4,5,124992672,4965608,3.3,37034,,2026-09-15T19:06:30Z,2026-09-15T22:41:48Z
4,5,124927113,4529122,3.35,465564,,2026-09-14T14:30:02Z,2026-09-15T22:41:48Z
4,5,124913794,4965608,3.4,21521,,2026-09-14T08:57:27Z,2026-09-15T22:41:48Z
4,5,124941968,3008978,3.4,100975,,2026-09-14T20:02:56Z,2026-09-15T22:41:48Z
4,5,124892940,1106171,3.45,22352,,2026-09-14T03:46:44Z,2026-09-15T22:41:48Z
4,5,124898603,4122741,3.45,489999,,2026-09-14T01:34:13Z,2026-09-15T22:41:48Z
4,5,124450568,3000815,3.5,848712,,2026-09-05T09:49:44Z,2026-09-15T22:41:48Z
4,5,124710734,3000815,3.55,200000,,2026-09-10T10:48:18Z,2026-09-15T22:41:48Z
4,5,124928416,3000815,3.6,200000,,2026-09-14T15:02:50Z,2026-09-15T22:41:48Z
4,6,125000132,5024423,4.05,50000,,2026-09-15T22:10:19Z,2026-09-15T22:41:48Z
4,6,124990567,4806484,4.1,5000,,2026-09-15T18:22:10Z,2026-09-15T22:41:48Z
4,6,124987132,4599417,4.2,1000000,,2026-09-15T17:03:56Z,2026-09-15T22:41:48Z
4,6,124980715,4806484,4.4,10000,,2026-09-15T14:33:13Z,2026-09-15T22:41:48Z
4,6,124991992,4199474,4.4,100000,,2026-09-15T18:52:12Z,2026-09-15T22:41:48Z
4,6,124978918,2996918,4.5,28500,,2026-09-15T13:48:43Z,2026-09-15T22:41:48Z
4,6,124977577,4458107,4.55,33333,,2026-09-15T13:17:30Z,2026-09-15T22:41:48Z
4,8,124865743,4749812,5.5,29999,,2026-09-13T11:26:34Z,2026-09-15T22:41:48Z
4,11,124870252,1553723,7.0,49777,,2026-09-13T13:14:43Z,2026-09-15T22:41:48Z
4,11,124922620,4968766,7.3,4,,2026-09-14T12:44:58Z,2026-09-15T22:41:48Z
5,0,124993702,5838039,3.1,436,,2026-09-15T19:29:56Z,2026-09-15T22:41:49Z
5,0,124994586,5602587,3.1,1344,,2026-09-15T19:49:54Z,2026-09-15T22:41:49Z
5,0,124995345,5613406,3.1,3738,,2026-09-15T20:06:51Z,2026-09-15T22:41:49Z
5,0,124996633,5812190,3.1,5000,,2026-09-15T20:35:35Z,2026-09-15T22:41:49Z
5,0,124996939,5645963,3.1,30000,,2026-09-15T20:43:25Z,2026-09-15T22:41:49Z
5,0,124997785,5747806,3.1,1979,,2026-09-15T21:06:00Z,2026-09-15T22:41:49Z
5,0,124979872,5836996,3.15,1253,,2026-09-15T14:12:00Z,2026-09-15T22:41:49Z
5,0,124980025,5645963,3.15,55000,,2026-09-15T14:17:18Z,2026-09-15T22:41:49Z
5,0,124985179,5812417,3.15,5800,,2026-09-15T16:17:23Z,2026-09-15T22:41:49Z
5,0,124993556,5833618,3.15,7103,,2026-09-15T19:26:53Z,2026-09-15T22:41:49Z
5,0,124951593,4947478,3.2,9168,,2026-09-15T00:52:45Z,2026-09-15T22:41:49Z
5,0,124954014,5819030,3.2,65,,2026-09-15T02:10:43Z,2026-09-15T22:41:49Z
5,0,124954084,5812446,3.2,153,,2026-09-15T02:13:41Z,2026-09-15T22:41:49Z
5,0,124954265,5795394,3.2,4040,,2026-09-15T02:20:48Z,2026-09-15T22:41:49Z
5,0,124955676,5756532,3.2,731,,2026-09-15T03:11:06Z,2026-09-15T22:41:49Z
5,0,124980526,5815853,3.2,4234,,2026-09-15T14:28:23Z,2026-09-15T22:41:49Z
5,0,124664768,5824006,3.25,39,,2026-09-09T13:47:38Z,2026-09-15T22:41:49Z
5,0,124681728,5825085,3.25,265,,2026-09-09T20:29:38Z,2026-09-15T22:41:49Z
5,0,124798240,5810287,3.25,1679,,2026-09-12T03:08:36Z,2026-09-15T22:41:49Z
5,0,124951527,5645963,3.25,25000,,2026-09-15T00:51:10Z,2026-09-15T22:41:49Z
5,0,124680041,5824999,3.3,220,,2026-09-09T19:50:55Z,2026-09-15T22:41:49Z
5,0,124698564,5825750,3.3,20,,2026-09-10T05:18:23Z,2026-09-15T22:41:49Z
5,0,124717183,5825890,3.3,30,,2026-09-10T13:28:49Z,2026-09-15T22:41:49Z
5,0,124721711,5826686,3.3,974,,2026-09-10T15:13:42Z,2026-09-15T22:41:49Z
5,0,124723695,5825629,3.3,1000,,2026-09-10T16:00:58Z,2026-09-15T22:41:49Z
5,0,124782571,5821544,3.3,3595,,2026-09-11T18:45:49Z,2026-09-15T22:41:49Z
5,0,124837137,5806739,3.3,1400,,2026-09-12T20:46:00Z,2026-09-15T22:41:49Z
5,0,124837657,5759325,3.3,14,,2026-09-12T20:59:38Z,2026-09-15T22:41:49Z
5,0,124853052,5824361,3.3,4122,,2026-09-13T05:41:26Z,2026-09-15T22:41:49Z
5,0,124862776,5828127,3.3,100,,2026-09-13T10:05:59Z,2026-09-15T22:41:49Z
5,0,124908637,5834717,3.3,2,,2026-09-14T06:28:16Z,2026-09-15T22:41:49Z
5,0,124954042,5823523,3.3,200,,2026-09-15T02:11:44Z,2026-09-15T22:41:49Z
5,0,124598623,5821314,3.35,23,,2026-09-08T07:06:31Z,2026-09-15T22:41:49Z
5,0,124702213,5825924,3.35,115,,2026-09-10T06:52:08Z,2026-09-15T22:41:49Z
5,0,124722157,5789584,3.35,601,,2026-09-10T15:25:38Z,2026-09-15T22:41:49Z
5,0,124754499,5828137,3.35,10,,2026-09-11T06:41:53Z,2026-09-15T22:41:49Z
5,0,124767811,5828654,3.35,218,,2026-09-11T12:41:38Z,2026-09-15T22:41:49Z
5,0,124449717,4499345,3.4,269338,,2026-09-05T09:24:49Z,2026-09-15T22:41:49Z
5,0,124594399,5821204,3.4,30,,2026-09-08T05:12:16Z,2026-09-15T22:41:49Z
5,0,124598009,5821314,3.4,102,,2026-09-08T06:46:09Z,2026-09-15T22:41:49Z
5,0,124605966,5819606,3.4,1165,,2026-09-08T10:40:11Z,2026-09-15T22:41:49Z
5,0,124675447,5789584,3.4,417,,2026-09-09T18:02:41Z,2026-09-15T22:41:49Z
5,0,124676327,5814773,3.4,400,,2026-09-09T18:24:22Z,2026-09-15T22:41:49Z
5,0,124677089,5821694,3.4,3500,,2026-09-09T18:42:23Z,2026-09-15T22:41:49Z
5,0,124702096,5823574,3.4,55,,2026-09-10T06:49:19Z,2026-09-15T22:41:49Z
5,0,124844652,5756766,3.4,600,,2026-09-13T00:47:49Z,2026-09-15T22:41:49Z
5,0,124866438,5832007,3.4,275,,2026-09-13T11:44:24Z,2026-09-15T22:41:49Z
5,0,124993635,5527359,3.4,835,,2026-09-15T19:28:32Z,2026-09-15T22:41:49Z
5,0,124625697,5821859,3.45,1500,,2026-09-08T18:52:14Z,2026-09-15T22:41:49Z
5,0,124753292,5821694,3.45,3000,,2026-09-11T06:07:54Z,2026-09-15T22:41:49Z
5,0,124952257,5836520,3.45,400,,2026-09-15T01:15:35Z,2026-09-15T22:41:49Z
5,0,124962146,5821326,3.45,1061,,2026-09-15T06:08:21Z,2026-09-15T22:41:49Z
5,0,124539283,5758823,3.5,7088,,2026-09-07T03:58:59Z,2026-09-15T22:41:49Z
5,0,124702909,5810287,3.5,926,,2026-09-10T07:10:35Z,2026-09-15T22:41:49Z
5,0,124760334,5825924,3.5,2941,,2026-09-11T09:29:45Z,2026-09-15T22:41:49Z
5,0,124796444,5822656,3.5,500,,2026-09-12T02:02:32Z,2026-09-15T22:41:49Z
5,0,124811893,4499345,3.5,329031,,2026-09-12T09:43:15Z,2026-09-15T22:41:49Z
5,0,124871084,5828123,3.5,1586,,2026-09-13T13:34:48Z,2026-09-15T22:41:49Z
5,0,124935582,5829994,3.5,754,,2026-09-14T17:42:24Z,2026-09-15T22:41:49Z
5,0,124952704,5761437,3.5,500,,2026-09-15T01:28:27Z,2026-09-15T22:41:49Z
5,0,124979689,5823899,3.5,1807,,2026-09-15T14:07:11Z,2026-09-15T22:41:49Z
5,0,124991362,5836996,3.5,3300,,2026-09-15T18:38:28Z,2026-09-15T22:41:49Z
5,0,124992889,5834966,3.5,250,,2026-09-15T19:10:57Z,2026-09-15T22:41:49Z
5,0,124721652,5759164,3.55,100,,2026-09-10T15:12:33Z,2026-09-15T22:41:49Z
5,0,124916253,5806739,3.55,2250,,2026-09-14T10:09:07Z,2026-09-15T22:41:49Z
5,0,124565727,5810287,3.6,929,,2026-09-07T15:41:38Z,2026-09-15T22:41:49Z
5,0,124686775,5824006,3.6,60,,2026-09-09T22:54:42Z,2026-09-15T22:41:49Z
5,0,124805213,5808281,3.6,1057,,2026-09-12T06:41:14Z,2026-09-15T22:41:49Z
5,0,124919659,5821944,3.6,500,,2026-09-14T11:33:44Z,2026-09-15T22:41:49Z
5,0,124668410,5789584,3.65,500,,2026-09-09T15:12:34Z,2026-09-15T22:41:49Z
5,0,124655503,5810287,3.7,326,,2026-09-09T09:44:40Z,2026-09-15T22:41:49Z
5,0,124802942,5825992,3.7,3471,,2026-09-12T05:44:00Z,2026-09-15T22:41:49Z
5,0,124952932,5834551,3.7,310,,2026-09-15T01:34:50Z,2026-09-15T22:41:49Z
5,0,124628482,5814325,3.8,2600,,2026-09-08T19:54:35Z,2026-09-15T22:41:49Z
5,0,124636903,5790355,3.8,3867,,2026-09-09T00:06:42Z,2026-09-15T22:41:49Z
5,0,124697441,5810287,3.8,354,,2026-09-10T04:50:45Z,2026-09-15T22:41:49Z
5,0,124761749,5793344,3.8,2000,,2026-09-11T10:07:42Z,2026-09-15T22:41:49Z
5,0,124764896,5825992,3.85,500,,2026-09-11T11:27:04Z,2026-09-15T22:41:49Z
5,0,124851722,5815645,3.85,200,,2026-09-13T05:05:43Z,2026-09-15T22:41:49Z
5,0,124670518,5810287,3.9,274,,2026-09-09T15:59:50Z,2026-09-15T22:41:49Z
5,0,124670767,5763175,3.9,1089,,2026-09-09T16:06:16Z,2026-09-15T22:41:49Z
5,0,124776316,5825184,3.9,826,,2026-09-11T16:07:45Z,2026-09-15T22:41:49Z
5,0,124802892,5816755,3.9,5927,,2026-09-12T05:42:31Z,2026-09-15T22:41:49Z
5,0,124967989,5828127,3.9,480,,2026-09-15T09:01:07Z,2026-09-15T22:41:49Z
5,0,124970863,5834551,3.9,580,,2026-09-15T10:22:55Z,2026-09-15T22:41:49Z
5,1,124762999,4486358,3.3,274973,,2026-09-11T10:39:37Z,2026-09-15T22:41:49Z
5,1,124803977,5028483,3.45,5000,,2026-09-12T06:11:21Z,2026-09-15T22:41:49Z
5,1,124940157,5022518,3.5,80000,,2026-09-14T19:22:50Z,2026-09-15T22:41:49Z
5,2,124979687,5514950,3.2,49469,,2026-09-15T14:07:09Z,2026-09-15T22:41:49Z
5,2,124805890,5826127,3.55,200,,2026-09-12T06:58:31Z,2026-09-15T22:41:49Z
5,2,124916006,5721010,3.65,1000,,2026-09-14T10:02:40Z,2026-09-15T22:41:49Z
5,3,124998369,4918625,3.2,26655,,2026-09-15T21:20:20Z,2026-09-15T22:41:49Z
5,3,124622810,4996712,3.25,66914,,2026-09-08T17:43:41Z,2026-09-15T22:41:49Z
5,3,124899239,4370985,3.25,78857,,2026-09-14T01:58:20Z,2026-09-15T22:41:49Z
5,3,124829257,5632074,3.4,90000,,2026-09-12T17:22:13Z,2026-09-15T22:41:49Z
5,3,124754370,3391447,3.95,300000,,2026-09-11T06:38:07Z,2026-09-15T22:41:49Z
5,4,124908372,4135459,3.35,30456,,2026-09-14T06:21:15Z,2026-09-15T22:41:49Z
5,4,124878723,4731102,3.4,17619,,2026-09-13T17:14:26Z,2026-09-15T22:41:49Z
5,5,124959528,4706303,3.35,156119,,2026-09-15T05:00:19Z,2026-09-15T22:41:49Z
5,5,124943178,3422787,3.4,100000,,2026-09-14T20:30:29Z,2026-09-15T22:41:49Z
5,5,124828200,4706303,3.45,121787,,2026-09-12T16:54:03Z,2026-09-15T22:41:49Z
5,5,124911239,4135459,3.55,50000,,2026-09-14T07:40:45Z,2026-09-15T22:41:49Z
5,6,124823735,4749812,4.8,99999,,2026-09-12T15:03:49Z,2026-09-15T22:41:49Z
6,0,124993484,4017699,0.69,40920,,2026-09-15T19:24:58Z,2026-09-15T22:44:47Z
6,0,124999216,5836993,0.69,1000,,2026-09-15T21:44:47Z,2026-09-15T22:44:47Z
6,0,124945721,5731860,0.695,406556,,2026-09-14T21:36:15Z,2026-09-15T22:44:47Z
6,0,124992437,5808022,0.695,59798,,2026-09-15T19:01:52Z,2026-09-15T22:44:47Z
6,0,124996218,5417089,0.695,152332,,2026-09-15T20:26:29Z,2026-09-15T22:44:47Z
6,0,124997367,5802045,0.695,15286,,2026-09-15T20:54:42Z,2026-09-15T22:44:47Z
6,0,124928539,5756532,0.7,8900,,2026-09-14T15:04:56Z,2026-09-15T22:44:47Z
6,0,124930275,5445166,0.7,298591,,2026-09-14T15:41:29Z,2026-09-15T22:44:47Z
6,0,124938301,5835421,0.7,7000,,2026-09-14T18:41:44Z,2026-09-15T22:44:47Z
6,0,124972163,5721010,0.7,200,,2026-09-15T10:58:14Z,2026-09-15T22:44:47Z
6,0,124978772,5834254,0.7,11022,,2026-09-15T13:45:07Z,2026-09-15T22:44:47Z
6,0,124989984,5825760,0.7,15984,,2026-09-15T18:07:26Z,2026-09-15T22:44:47Z
6,0,124885579,1709616,0.705,9000,,2026-09-13T19:12:33Z,2026-09-15T22:44:47Z
6,0,124885868,5797020,0.705,22222,,2026-09-13T19:18:22Z,2026-09-15T22:44:47Z
6,0,124918172,5834240,0.705,5554,,2026-09-14T10:57:04Z,2026-09-15T22:44:47Z
6,0,124920434,5828083,0.705,4618,,2026-09-14T11:51:53Z,2026-09-15T22:44:47Z
6,0,124952849,5821204,0.705,601,,2026-09-15T01:32:44Z,2026-09-15T22:44:47Z
6,0,124883126,5800994,0.71,28660,,2026-09-13T18:15:46Z,2026-09-15T22:44:47Z
6,0,124895460,5814867,0.71,5000,,2026-09-13T23:47:59Z,2026-09-15T22:44:47Z
6,0,124765535,5780092,0.715,7230,,2026-09-11T11:43:26Z,2026-09-15T22:44:47Z
6,0,124883418,5808489,0.715,16000,,2026-09-13T18:22:22Z,2026-09-15T22:44:47Z
6,0,124963112,5828071,0.715,4587,,2026-09-15T06:36:27Z,2026-09-15T22:44:47Z
6,0,124761879,5823786,0.72,1309,,2026-09-11T10:11:33Z,2026-09-15T22:44:47Z
6,0,124775006,5780558,0.72,24550,,2026-09-11T15:38:26Z,2026-09-15T22:44:47Z
6,0,124788672,5780092,0.72,28127,,2026-09-11T21:25:38Z,2026-09-15T22:44:47Z
6,0,124804843,5787232,0.72,120,,2026-09-12T06:31:50Z,2026-09-15T22:44:47Z
6,0,124845910,5830333,0.72,50,,2026-09-13T01:33:47Z,2026-09-15T22:44:47Z
6,0,124697671,5821069,0.73,4852,,2026-09-10T04:56:40Z,2026-09-15T22:44:47Z
6,0,124702446,5692574,0.73,920680,,2026-09-10T06:57:29Z,2026-09-15T22:44:47Z
6,0,124728330,5817621,0.73,25076,,2026-09-10T17:59:05Z,2026-09-15T22:44:47Z
6,0,124845590,5829022,0.73,100,,2026-09-13T01:24:16Z,2026-09-15T22:44:47Z
6,0,124864953,5721587,0.73,153485,,2026-09-13T11:05:25Z,2026-09-15T22:44:47Z
6,0,124924541,5825760,0.73,18503,,2026-09-14T13:34:33Z,2026-09-15T22:44:47Z
6,0,124927796,5834911,0.73,2000,,2026-09-14T14:48:24Z,2026-09-15T22:44:47Z
6,0,124697632,5798832,0.735,10000,,2026-09-10T04:55:34Z,2026-09-15T22:44:47Z
6,0,124697700,5820325,0.735,2494,,2026-09-10T04:57:43Z,2026-09-15T22:44:47Z
6,0,124698047,5825750,0.735,100,,2026-09-10T05:06:55Z,2026-09-15T22:44:47Z
6,0,124707128,5826116,0.74,12,,2026-09-10T09:08:18Z,2026-09-15T22:44:47Z
6,0,124766034,5823574,0.74,1000,,2026-09-11T11:56:38Z,2026-09-15T22:44:47Z
6,0,124817697,5825672,0.74,1547,,2026-09-12T12:26:44Z,2026-09-15T22:44:47Z
6,0,124653696,5820325,0.75,1407,,2026-09-09T08:49:55Z,2026-09-15T22:44:47Z
6,0,124662697,5809560,0.75,7000,,2026-09-09T12:57:00Z,2026-09-15T22:44:47Z
6,0,124690033,5825439,0.75,100,,2026-09-10T00:51:46Z,2026-09-15T22:44:47Z
6,0,124706887,5826150,0.75,114,,2026-09-10T09:02:00Z,2026-09-15T22:44:47Z
6,0,124719600,5818531,0.75,700,,2026-09-10T14:22:34Z,2026-09-15T22:44:47Z
6,0,124788797,5181054,0.75,300,,2026-09-11T21:29:40Z,2026-09-15T22:44:47Z
6,0,124819125,5647677,0.75,100,,2026-09-12T13:03:50Z,2026-09-15T22:44:47Z
6,0,124920601,5463468,0.75,3875,,2026-09-14T11:55:28Z,2026-09-15T22:44:47Z
6,0,124992897,5834966,0.75,104,,2026-09-15T19:11:10Z,2026-09-15T22:44:47Z
6,0,124726919,5826924,0.755,400,,2026-09-10T17:22:02Z,2026-09-15T22:44:47Z
6,0,124843066,5811676,0.755,300,,2026-09-12T23:49:20Z,2026-09-15T22:44:47Z
6,0,124887415,5772953,0.755,28,,2026-09-13T19:54:16Z,2026-09-15T22:44:47Z
6,0,124619129,5623125,0.76,130241,,2026-09-08T16:13:12Z,2026-09-15T22:44:47Z
6,0,124639650,5822649,0.76,500,,2026-09-09T01:44:24Z,2026-09-15T22:44:47Z
6,0,124824230,5830720,0.76,12,,2026-09-12T15:14:37Z,2026-09-15T22:44:47Z
6,0,124619000,5685242,0.765,16126,,2026-09-08T16:10:08Z,2026-09-15T22:44:47Z
6,0,124722083,5764031,0.765,99,,2026-09-10T15:24:04Z,2026-09-15T22:44:47Z
6,0,124611034,5821445,0.77,1102,,2026-09-08T13:01:24Z,2026-09-15T22:44:47Z
6,0,124716908,5812484,0.77,95,,2026-09-10T13:21:56Z,2026-09-15T22:44:47Z
6,0,124777727,5825776,0.77,4852,,2026-09-11T16:39:59Z,2026-09-15T22:44:47Z
6,0,124598573,4261339,0.78,1320456,,2026-09-08T07:02:13Z,2026-09-15T22:44:47Z
6,0,124856092,5647677,0.78,4700,,2026-09-13T07:03:16Z,2026-09-15T22:44:47Z
6,0,124916506,5831460,0.78,500,,2026-09-14T10:15:27Z,2026-09-15T22:44:47Z
6,0,124745599,5825839,0.795,100,,2026-09-11T02:12:47Z,2026-09-15T22:44:47Z
6,0,124636059,5812884,0.8,1000,,2026-09-08T23:33:31Z,2026-09-15T22:44:47Z
6,0,124639640,5821299,0.8,44,,2026-09-09T01:44:06Z,2026-09-15T22:44:47Z
6,0,124644375,5772933,0.8,4000,,2026-09-09T04:23:04Z,2026-09-15T22:44:47Z
6,0,124698283,5810020,0.8,20,,2026-09-10T05:11:20Z,2026-09-15T22:44:47Z
6,0,124754147,5828144,0.8,70,,2026-09-11T06:31:38Z,2026-09-15T22:44:47Z
6,0,124755012,5828136,0.8,100,,2026-09-11T06:54:55Z,2026-09-15T22:44:47Z
6,0,124759873,5721010,0.8,50,,2026-09-11T09:17:24Z,2026-09-15T22:44:47Z
6,0,124881854,5774617,0.8,20004,,2026-09-13T17:45:19Z,2026-09-15T22:44:47Z
6,0,124945373,5834911,0.8,3440,,2026-09-14T21:26:47Z,2026-09-15T22:44:47Z
6,0,124638088,5821922,0.805,970,,2026-09-09T00:50:12Z,2026-09-15T22:44:47Z
6,0,124835945,5772953,0.805,4,,2026-09-12T20:16:11Z,2026-09-15T22:44:47Z
6,0,124871371,5828011,0.805,1000,,2026-09-13T13:43:07Z,2026-09-15T22:44:47Z
6,0,124620371,5777285,0.85,6,,2026-09-08T16:44:36Z,2026-09-15T22:44:47Z
6,0,124670977,5759164,0.85,725,,2026-09-09T16:11:20Z,2026-09-15T22:44:47Z
6,0,124814196,5721010,0.85,410,,2026-09-12T10:48:08Z,2026-09-15T22:44:47Z
6,0,124860847,5721010,0.86,200,,2026-09-13T09:10:26Z,2026-09-15T22:44:47Z
6,0,124953545,5834551,0.86,200,,2026-09-15T01:55:51Z,2026-09-15T22:44:47Z
6,0,124981972,5826937,0.87,5366,,2026-09-15T15:03:44Z,2026-09-15T22:44:47Z
6,0,124636858,5790355,0.875,4126,,2026-09-09T00:05:12Z,2026-09-15T22:44:47Z
6,0,124825933,5808707,0.88,1859,,2026-09-12T15:57:55Z,2026-09-15T22:44:47Z
6,0,124827003,5721010,0.88,210,,2026-09-12T16:24:48Z,2026-09-15T22:44:47Z
6,0,124463099,5721010,0.89,89,,2026-09-05T15:14:35Z,2026-09-15T22:44:47Z
6,0,124813389,5827998,0.89,1000,,2026-09-12T10:24:15Z,2026-09-15T22:44:47Z
6,0,124743291,4373693,0.9,1000,,2026-09-11T00:49:11Z,2026-09-15T22:44:47Z
6,0,124681560,5761710,0.905,6000,,2026-09-09T20:25:52Z,2026-09-15T22:44:47Z
6,1,125000629,5824646,0.695,782,,2026-09-15T22:25:57Z,2026-09-15T22:44:47Z
6,1,124999626,5574315,0.7,313167,,2026-09-15T21:55:17Z,2026-09-15T22:44:47Z
6,1,124995635,5473264,0.705,50941,,2026-09-15T20:13:06Z,2026-09-15T22:44:47Z
6,1,124993786,4975440,0.71,26539,,2026-09-15T19:32:11Z,2026-09-15T22:44:47Z
6,1,124993017,5340664,0.715,41284,,2026-09-15T19:13:59Z,2026-09-15T22:44:47Z
6,1,124764957,5721587,0.725,196851,,2026-09-11T11:29:02Z,2026-09-15T22:44:47Z
6,1,124643606,5458588,0.755,99000,,2026-09-09T04:02:24Z,2026-09-15T22:44:47Z
6,1,124642798,5663081,0.76,50782,,2026-09-09T03:34:03Z,2026-09-15T22:44:47Z
6,1,124758089,5827211,0.76,1,,2026-09-11T08:25:37Z,2026-09-15T22:44:47Z
6,1,124774465,5812446,0.8,1900,,2026-09-11T15:26:48Z,2026-09-15T22:44:47Z
6,1,124638120,5821922,0.825,1000,,2026-09-09T00:51:05Z,2026-09-15T22:44:47Z
6,1,124667036,5812446,0.85,1000,,2026-09-09T14:38:46Z,2026-09-15T22:44:47Z
6,2,125000964,5308551,0.715,60969,,2026-09-15T22:36:51Z,2026-09-15T22:44:47Z
6,2,124997042,2185925,0.72,126289,,2026-09-15T20:46:22Z,2026-09-15T22:44:47Z
6,2,124981513,4722186,0.725,257640,,2026-09-15T14:53:06Z,2026-09-15T22:44:47Z
6,2,124994272,5231299,0.725,300000,,2026-09-15T19:42:14Z,2026-09-15T22:44:47Z
6,2,124845662,5416008,0.73,240124,,2026-09-13T01:26:17Z,2026-09-15T22:44:47Z
6,2,124865902,3740586,0.73,586628,,2026-09-13T18:09:28Z,2026-09-15T22:44:47Z
6,2,124870446,3041188,0.73,1008087,,2026-09-13T13:19:05Z,2026-09-15T22:44:47Z
6,2,124911514,2256892,0.73,1936285,,2026-09-14T07:48:17Z,2026-09-15T22:44:47Z
6,2,124841439,5214075,0.74,479367,,2026-09-12T22:50:50Z,2026-09-15T22:44:47Z
6,2,124839418,5136160,0.745,20000,,2026-09-12T21:48:39Z,2026-09-15T22:44:47Z
6,2,124838554,5283649,0.75,813143,,2026-09-12T21:23:12Z,2026-09-15T22:44:47Z
6,2,124985778,5462719,0.75,283992,,2026-09-15T16:32:05Z,2026-09-15T22:44:47Z
6,2,124645105,5181251,0.755,939262,,2026-09-09T04:43:00Z,2026-09-15T22:44:47Z
6,2,124661759,5455077,0.755,100000,,2026-09-09T12:34:25Z,2026-09-15T22:44:47Z
6,2,124643063,5435305,0.76,320164,,2026-09-09T03:43:28Z,2026-09-15T22:44:47Z
6,2,124691791,5455077,0.76,100000,,2026-09-10T01:56:19Z,2026-09-15T22:44:47Z
6,2,124538820,5283649,0.77,2313442,,2026-09-07T03:42:43Z,2026-09-15T22:44:47Z
6,2,124659245,5360895,0.795,2000000,,2026-09-09T11:29:30Z,2026-09-15T22:44:47Z
6,2,124855223,5221899,0.8,99908,,2026-09-13T06:40:47Z,2026-09-15T22:44:47Z
6,2,124638198,5065507,0.825,150000,,2026-09-09T00:53:25Z,2026-09-15T22:44:47Z
6,2,124859230,5772953,0.9,780,,2026-09-13T08:25:09Z,2026-09-15T22:44:47Z
6,3,124996879,5035536,0.76,100000,,2026-09-15T20:41:47Z,2026-09-15T22:44:47Z
6,3,125000796,5501441,0.76,500000,,2026-09-15T22:30:39Z,2026-09-15T22:44:47Z
6,3,124942615,4479163,0.765,492201,,2026-09-14T20:17:03Z,2026-09-15T22:44:47Z
6,3,124608907,5499641,0.78,210265,,2026-09-08T12:03:54Z,2026-09-15T22:44:47Z
6,3,124951759,3426657,0.78,1000000,,2026-09-15T00:58:12Z,2026-09-15T22:44:47Z
6,3,124868216,5801726,0.79,12045,,2026-09-13T12:24:27Z,2026-09-15T22:44:47Z
6,3,124804500,5499641,0.8,1859317,,2026-09-12T06:24:03Z,2026-09-15T22:44:47Z
6,3,124743271,4373693,0.9,4539661,,2026-09-11T00:48:10Z,2026-09-15T22:44:47Z
6,3,124813488,5827998,0.9,100,,2026-09-12T10:26:08Z,2026-09-15T22:44:47Z
6,4,124998031,3616875,0.795,10000,,2026-09-15T21:11:47Z,2026-09-15T22:44:47Z
6,4,124993892,1928332,0.8,74164,,2026-09-15T19:34:32Z,2026-09-15T22:44:47Z
6,4,124956816,1532747,0.81,315959,,2026-09-15T03:45:11Z,2026-09-15T22:44:47Z
6,4,124899240,2833742,0.815,359921,,2026-09-14T01:58:23Z,2026-09-15T22:44:47Z
6,4,124623874,4278886,0.82,1598680,,2026-09-08T18:10:13Z,2026-09-15T22:44:47Z
6,4,124612708,1532747,0.83,284084,,2026-09-08T13:42:46Z,2026-09-15T22:44:47Z
6,4,124578954,4278886,0.84,117000,,2026-09-07T20:46:09Z,2026-09-15T22:44:47Z
6,4,124588499,2833742,0.84,940359,,2026-09-08T02:05:27Z,2026-09-15T22:44:47Z
6,4,124017246,4278886,0.875,2043930,,2026-09-04T22:17:37Z,2026-09-15T22:44:47Z
6,4,124881418,3976637,1.0,145000,,2026-09-13T17:35:50Z,2026-09-15T22:44:47Z
6,5,124990611,5014348,0.92,1000000,,2026-09-15T18:23:17Z,2026-09-15T22:44:47Z
6,5,124836790,3395376,0.925,1679896,,2026-09-12T20:36:09Z,2026-09-15T22:44:47Z
6,5,124786634,5014348,0.935,791365,,2026-09-11T20:29:25Z,2026-09-15T22:44:47Z
6,5,124992050,3568155,1.05,14401,,2026-09-15T18:53:28Z,2026-09-15T22:44:47Z
6,5,124990127,3568155,1.06,686739,,2026-09-15T18:11:14Z,2026-09-15T22:44:47Z
6,6,124702317,735142,1.07,25256,,2026-09-10T06:54:28Z,2026-09-15T22:44:47Z
6,6,124800462,3682509,1.07,200000,,2026-09-12T04:28:57Z,2026-09-15T22:44:47Z
6,6,124693835,2964684,1.08,133360,,2026-09-10T03:07:20Z,2026-09-15T22:44:47Z
6,7,124926354,3461371,1.1,87730,,2026-09-14T14:13:40Z,2026-09-15T22:44:47Z
6,7,124872964,3461371,1.11,200000,,2026-09-13T14:20:35Z,2026-09-15T22:44:47Z
6,7,124652261,3682509,1.14,1400000,,2026-09-09T08:04:49Z,2026-09-15T22:44:47Z
6,7,124860278,1589767,1.2,320000,,2026-09-13T08:54:13Z,2026-09-15T22:44:47Z
6,7,124966096,4605942,1.22,758689,,2026-09-15T08:07:12Z,2026-09-15T22:44:47Z
6,7,124664452,3461371,1.3,200000,,2026-09-09T13:39:48Z,2026-09-15T22:44:47Z
6,7,124872950,3461371,1.5,400000,,2026-09-13T14:20:23Z,2026-09-15T22:44:47Z
6,8,124851177,3682509,1.57,2382595,,2026-09-13T04:46:54Z,2026-09-15T22:44:47Z
6,8,124660033,533714,1.58,540795,,2026-09-09T11:49:19Z,2026-09-15T22:44:47Z
6,8,124614430,1589767,1.59,326000,,2026-09-08T14:23:33Z,2026-09-15T22:44:47Z
6,9,124614399,1589767,1.86,240000,,2026-09-08T14:22:54Z,2026-09-15T22:44:47Z
6,10,124664545,3168309,1.99,100,,2026-09-09T13:41:42Z,2026-09-15T22:44:47Z
6,10,124613628,3682509,2.0,3900000,,2026-09-08T14:04:27Z,2026-09-15T22:44:47Z
6,11,124652192,3682509,2.5,700000,,2026-09-09T08:03:00Z,2026-09-15T22:44:47Z
6,12,124652208,3682509,2.5,297776,,2026-09-09T08:03:21Z,2026-09-15T22:44:47Z
7,0,124998924,5769328,37.5,779,,2026-09-15T21:36:36Z,2026-09-15T22:40:55Z
7,0,124998902,5769328,37.75,654,,2026-09-15T21:35:50Z,2026-09-15T22:40:55Z
7,0,124997731,5714384,38.0,1827,,2026-09-15T21:04:43Z,2026-09-15T22:40:55Z
7,0,124998762,5576060,38.25,564,,2026-09-15T21:31:17Z,2026-09-15T22:40:55Z
7,0,124998116,5783729,39.0,288,,2026-09-15T21:13:41Z,2026-09-15T22:40:55Z
7,0,124980884,5787482,39.75,670,,2026-09-15T14:37:05Z,2026-09-15T22:40:55Z
7,0,124793078,2474820,40.0,1646,,2026-09-11T23:51:03Z,2026-09-15T22:40:55Z
7,0,124809841,5100124,40.0,5000,,2026-09-12T08:44:05Z,2026-09-15T22:40:55Z
7,0,124810627,5647677,40.0,40,,2026-09-12T09:05:12Z,2026-09-15T22:40:55Z
7,0,124832459,5650752,40.0,249,,2026-09-12T18:44:55Z,2026-09-15T22:40:55Z
7,0,124901882,3311873,40.0,5000,,2026-09-14T03:26:27Z,2026-09-15T22:40:55Z
7,0,124919087,5747806,40.0,301,,2026-09-14T11:19:52Z,2026-09-15T22:40:55Z
7,0,124939758,5836059,40.0,50,,2026-09-14T19:14:15Z,2026-09-15T22:40:55Z
7,0,124989900,5349761,40.0,7812,,2026-09-15T18:05:45Z,2026-09-15T22:40:55Z
7,0,124996515,4870006,40.0,600,,2026-09-15T20:32:36Z,2026-09-15T22:40:55Z
7,0,124762625,5753349,40.25,290,,2026-09-11T10:30:20Z,2026-09-15T22:40:55Z
7,0,124769649,5772011,40.25,137,,2026-09-11T13:29:40Z,2026-09-15T22:40:55Z
7,0,124816094,5576060,40.25,618,,2026-09-12T11:41:13Z,2026-09-15T22:40:55Z
7,0,124765309,5747806,40.75,498,,2026-09-11T11:37:46Z,2026-09-15T22:40:55Z
7,0,124735920,5475633,41.0,1000,,2026-09-10T20:57:46Z,2026-09-15T22:40:55Z
7,0,124831690,5753753,41.0,1,,2026-09-12T18:25:52Z,2026-09-15T22:40:55Z
7,0,124736162,5763272,41.25,700,,2026-09-10T21:03:04Z,2026-09-15T22:40:55Z
7,0,124802086,5765658,41.25,24,,2026-09-12T05:20:05Z,2026-09-15T22:40:55Z
7,0,124688793,5771591,41.75,282,,2026-09-10T00:06:05Z,2026-09-15T22:40:55Z
7,0,124735841,5725158,41.75,197,,2026-09-10T20:55:44Z,2026-09-15T22:40:55Z
7,0,124748676,5188325,41.75,5847,,2026-09-11T04:01:05Z,2026-09-15T22:40:55Z
7,0,124602222,5821534,42.0,25,,2026-09-08T08:54:59Z,2026-09-15T22:40:55Z
7,0,124735731,4694576,42.0,13000,,2026-09-10T20:52:39Z,2026-09-15T22:40:55Z
7,0,124932592,4261472,42.0,55,,2026-09-14T16:33:47Z,2026-09-15T22:40:55Z
7,0,124734313,5827370,42.25,125,,2026-09-10T20:20:49Z,2026-09-15T22:40:55Z
7,0,124916730,5621826,42.25,12,,2026-09-14T10:21:19Z,2026-09-15T22:40:55Z
7,0,124706758,5826123,43.0,35,,2026-09-10T08:58:15Z,2026-09-15T22:40:55Z
7,0,124933676,5828083,43.25,183,,2026-09-14T16:57:29Z,2026-09-15T22:40:55Z
7,0,124602198,5821534,44.0,25,,2026-09-08T08:54:15Z,2026-09-15T22:40:55Z
7,0,124853458,5831561,45.0,20,,2026-09-13T05:53:53Z,2026-09-15T22:40:55Z
7,0,124856846,5814340,46.0,10,,2026-09-13T07:22:56Z,2026-09-15T22:40:55Z
7,0,124917701,5784073,48.0,158,,2026-09-14T10:45:16Z,2026-09-15T22:40:55Z
7,0,124699169,5821350,50.0,2,,2026-09-10T05:32:24Z,2026-09-15T22:40:55Z
7,0,124845217,5650752,50.0,45,,2026-09-13T01:10:07Z,2026-09-15T22:40:55Z
7,1,125000099,5694106,36.5,5035,,2026-09-15T22:09:11Z,2026-09-15T22:40:55Z
7,1,124999116,5728807,36.75,136,,2026-09-15T21:41:53Z,2026-09-15T22:40:55Z
7,1,124997067,4876518,39.25,270,,2026-09-15T20:46:52Z,2026-09-15T22:40:55Z
7,1,124982276,5656102,39.75,1167,,2026-09-15T15:10:18Z,2026-09-15T22:40:55Z
7,1,124982448,5585739,39.75,977,,2026-09-15T15:13:56Z,2026-09-15T22:40:55Z
7,1,124789133,3999996,40.25,16496,,2026-09-11T21:38:55Z,2026-09-15T22:40:55Z
7,1,124787839,5712000,40.5,3102,,2026-09-11T21:01:26Z,2026-09-15T22:40:55Z
7,1,124754023,5828119,45.0,92,,2026-09-11T06:29:00Z,2026-09-15T22:40:55Z
7,1,124990523,5829558,45.0,10,,2026-09-15T18:21:03Z,2026-09-15T22:40:55Z
7,2,124998952,5541823,37.0,1000,,2026-09-15T21:37:22Z,2026-09-15T22:40:55Z
7,2,124998471,5637124,38.0,456,,2026-09-15T21:23:13Z,2026-09-15T22:40:55Z
7,2,124997153,5623436,38.25,298,,2026-09-15T20:49:16Z,2026-09-15T22:40:55Z
7,2,124998224,4187723,39.0,1780,,2026-09-15T21:16:31Z,2026-09-15T22:40:55Z
7,2,124997023,5386291,39.5,4188,,2026-09-15T20:45:47Z,2026-09-15T22:40:55Z
7,2,124986441,5779234,39.75,2162,,2026-09-15T16:46:41Z,2026-09-15T22:40:55Z
7,2,124979745,5623436,40.0,332,,2026-09-15T14:08:33Z,2026-09-15T22:40:55Z
7,2,124977108,4670674,40.25,1845,,2026-09-15T13:08:11Z,2026-09-15T22:40:55Z
7,2,124789358,5620738,40.5,200,,2026-09-11T21:45:03Z,2026-09-15T22:40:55Z
7,2,124797099,5559229,40.5,5962,,2026-09-12T02:27:08Z,2026-09-15T22:40:55Z
7,2,124800879,4624373,40.5,9771,,2026-09-12T04:42:16Z,2026-09-15T22:40:55Z
7,2,124611058,4624373,41.75,9601,,2026-09-08T13:02:02Z,2026-09-15T22:40:55Z
7,3,124999852,3106306,39.5,17968,,2026-09-15T22:02:56Z,2026-09-15T22:40:55Z
7,3,124996613,5367075,39.75,1360,,2026-09-15T20:35:11Z,2026-09-15T22:40:55Z
7,3,124944212,5505301,41.0,10863,,2026-09-14T20:56:49Z,2026-09-15T22:40:55Z
7,3,124939054,4881618,41.25,1912,,2026-09-14T18:59:54Z,2026-09-15T22:40:55Z
7,3,124932689,5279818,41.5,3313,,2026-09-14T16:35:55Z,2026-09-15T22:40:55Z
7,3,124884862,5507114,41.75,220,,2026-09-13T18:57:17Z,2026-09-15T22:40:55Z
7,3,124817621,5579118,42.0,7810,,2026-09-12T12:24:31Z,2026-09-15T22:40:55Z
7,3,124818846,5356058,42.25,160,,2026-09-12T12:56:06Z,2026-09-15T22:40:55Z
7,3,124931602,5480150,42.5,856,,2026-09-14T16:12:00Z,2026-09-15T22:40:55Z
7,3,124825635,5310507,43.25,1892,,2026-09-12T15:50:55Z,2026-09-15T22:40:55Z
7,3,124902607,5291394,43.5,17657,,2026-09-14T03:47:30Z,2026-09-15T22:40:55Z
7,3,124788086,5310507,44.75,2991,,2026-09-11T21:08:27Z,2026-09-15T22:40:55Z
7,3,124643622,1878657,45.0,1900,,2026-09-09T04:02:56Z,2026-09-15T22:40:55Z
7,4,124998181,3459310,45.25,34055,,2026-09-15T21:15:13Z,2026-09-15T22:40:55Z
7,4,124986112,228022,45.5,44339,,2026-09-15T16:39:37Z,2026-09-15T22:40:55Z
7,4,124973995,5340664,45.75,2428,,2026-09-15T11:47:01Z,2026-09-15T22:40:55Z
7,4,124819286,1456556,47.25,6016,,2026-09-12T13:08:16Z,2026-09-15T22:40:55Z
7,5,124918213,4591937,46.0,23710,,2026-09-14T10:57:43Z,2026-09-15T22:40:55Z
7,5,124915294,4915716,46.75,7976,,2026-09-14T09:42:29Z,2026-09-15T22:40:55Z
7,5,124905707,4591937,47.0,50000,,2026-09-14T05:13:22Z,2026-09-15T22:40:55Z
7,5,124838432,4915716,48.5,20390,,2026-09-12T21:20:04Z,2026-09-15T22:40:55Z
7,6,124983137,4915716,52.0,5438,,2026-09-15T15:29:33Z,2026-09-15T22:40:55Z
7,6,124968817,5138409,52.5,113260,,2026-09-15T09:25:35Z,2026-09-15T22:40:55Z
7,6,124934565,4915716,53.0,2538,,2026-09-14T17:19:25Z,2026-09-15T22:40:55Z
7,7,124808018,3459310,55.5,24856,,2026-09-12T07:53:23Z,2026-09-15T22:40:55Z
7,8,124808009,3459310,59.0,22780,,2026-09-12T07:53:03Z,2026-09-15T22:40:55Z
7,11,124832312,1509725,70.0,1,,2026-09-12T18:41:02Z,2026-09-13T01:57:46Z
8,0,125000621,5816513,10.7,250,,2026-09-15T22:25:35Z,2026-09-15T22:43:45Z
8,0,125000623,5772357,10.7,2514,,2026-09-15T22:25:41Z,2026-09-15T22:43:45Z
8,0,125000856,5806042,10.7,2708,,2026-09-15T22:33:18Z,2026-09-15T22:43:45Z
8,0,124999037,5699226,10.8,506,,2026-09-15T21:39:22Z,2026-09-15T22:43:45Z
8,0,125000265,5759666,10.8,5000,,2026-09-15T22:14:54Z,2026-09-15T22:43:45Z
8,0,124996645,5661340,11.0,13298,,2026-09-15T20:35:53Z,2026-09-15T22:43:45Z
8,0,124821705,5264914,11.1,10919,,2026-09-12T14:08:24Z,2026-09-15T22:43:45Z
8,0,124825091,5738803,11.1,1600,,2026-09-12T15:35:03Z,2026-09-15T22:43:45Z
8,0,124832478,5387059,11.1,1700,,2026-09-12T18:45:35Z,2026-09-15T22:43:45Z
8,0,124940111,5747806,11.1,101,,2026-09-14T19:21:39Z,2026-09-15T22:43:45Z
8,0,124825311,5800994,11.2,32,,2026-09-12T15:41:56Z,2026-09-15T22:43:45Z
8,0,124832547,5791177,11.2,147,,2026-09-12T18:47:35Z,2026-09-15T22:43:45Z
8,0,124773470,5792589,11.3,385,,2026-09-11T15:06:05Z,2026-09-15T22:43:45Z
8,0,124775628,5755363,11.3,6307,,2026-09-11T15:51:57Z,2026-09-15T22:43:45Z
8,0,124779701,5776298,11.3,2000,,2026-09-11T17:30:38Z,2026-09-15T22:43:45Z
8,0,124771444,5744657,11.5,3444,,2026-09-11T14:17:20Z,2026-09-15T22:43:45Z
8,0,124804693,5272381,11.5,169712,,2026-09-12T06:28:46Z,2026-09-15T22:43:45Z
8,0,124853337,5737007,11.5,2000,,2026-09-13T05:50:09Z,2026-09-15T22:43:45Z
8,0,124771323,5765608,11.6,1000,,2026-09-11T14:14:01Z,2026-09-15T22:43:45Z
8,0,124771226,5699226,11.7,180,,2026-09-11T14:11:15Z,2026-09-15T22:43:45Z
8,0,124557097,5583072,12.0,7,,2026-09-07T12:23:26Z,2026-09-15T22:43:45Z
8,0,124673403,3383482,12.0,76784,,2026-09-09T17:11:58Z,2026-09-15T22:43:45Z
8,0,124722130,5826686,12.0,15,,2026-09-10T15:25:11Z,2026-09-15T22:43:45Z
8,0,124849201,5822301,12.1,320,,2026-09-13T03:40:09Z,2026-09-15T22:43:45Z
8,0,124618792,5812915,12.5,20,,2026-09-08T16:04:58Z,2026-09-15T22:43:45Z
8,0,124991478,5784073,13.6,341,,2026-09-15T18:41:12Z,2026-09-15T22:43:45Z
8,1,125000495,4854195,10.8,2020,,2026-09-15T22:21:24Z,2026-09-15T22:43:45Z
8,1,124996788,5688559,10.9,1270,,2026-09-15T20:39:48Z,2026-09-15T22:43:45Z
8,1,124919352,5705913,11.1,34509,,2026-09-14T11:27:27Z,2026-09-15T22:43:45Z
8,1,124801855,5788094,11.2,1480,,2026-09-12T05:13:40Z,2026-09-15T22:43:45Z
8,1,124881978,5460958,11.2,30000,,2026-09-13T17:47:51Z,2026-09-15T22:43:45Z
8,1,124778024,5478094,11.4,7104,,2026-09-11T16:47:06Z,2026-09-15T22:43:45Z
8,1,124796019,4208550,11.4,11671,,2026-09-12T01:44:25Z,2026-09-15T22:43:45Z
8,1,124773050,4233478,11.6,1112,,2026-09-11T14:56:12Z,2026-09-15T22:43:45Z
8,1,124674606,5777473,12.0,10,,2026-09-09T17:42:06Z,2026-09-15T22:43:45Z
8,2,124998985,5541823,10.9,4528,,2026-09-15T21:37:58Z,2026-09-15T22:43:45Z
8,2,124989848,5678975,11.1,1555,,2026-09-15T18:04:33Z,2026-09-15T22:43:45Z
8,2,124989878,5246249,11.1,20000,,2026-09-15T18:05:01Z,2026-09-15T22:43:45Z
8,2,125001109,5653880,11.1,89,,2026-09-15T22:40:44Z,2026-09-15T22:43:45Z
8,2,124917797,5341552,11.2,8463,,2026-09-14T10:48:17Z,2026-09-15T22:43:45Z
8,2,124919349,5705913,11.2,6860,,2026-09-14T11:27:16Z,2026-09-15T22:43:45Z
8,2,124795786,5510162,11.5,649,,2026-09-12T01:36:08Z,2026-09-15T22:43:45Z
8,2,124789598,5510162,11.9,726,,2026-09-11T21:52:40Z,2026-09-15T22:43:45Z
8,2,124786707,5286535,12.1,800,,2026-09-11T20:30:55Z,2026-09-15T22:43:45Z
8,3,124996697,5441949,11.0,14818,,2026-09-15T20:37:13Z,2026-09-15T22:43:45Z
8,3,124994051,4410288,11.1,448,,2026-09-15T19:37:08Z,2026-09-15T22:43:45Z
8,3,124985125,5021005,11.2,3657,,2026-09-15T16:16:04Z,2026-09-15T22:43:45Z
8,3,124987416,5165578,11.2,17703,,2026-09-15T17:10:46Z,2026-09-15T22:43:45Z
8,3,124976856,5441949,11.3,20000,,2026-09-15T13:00:37Z,2026-09-15T22:43:45Z
8,3,124841132,4124506,11.4,30759,,2026-09-12T22:40:06Z,2026-09-15T22:43:45Z
8,3,124976458,5341552,11.4,90000,,2026-09-15T12:50:31Z,2026-09-15T22:43:45Z
8,3,124975610,4410288,11.6,300,,2026-09-15T12:29:03Z,2026-09-15T22:43:45Z
8,3,124959735,4880908,11.7,12000,,2026-09-15T05:05:47Z,2026-09-15T22:43:45Z
8,3,124852365,4410288,11.8,300,,2026-09-13T05:21:39Z,2026-09-15T22:43:45Z
8,3,124919104,4989093,11.8,19421,,2026-09-14T11:20:10Z,2026-09-15T22:43:45Z
8,3,124841143,4124506,11.9,20000,,2026-09-12T22:40:24Z,2026-09-15T22:43:45Z
8,3,124788137,3133257,12.2,417553,,2026-09-11T21:10:06Z,2026-09-15T22:43:45Z
8,3,124785955,5394012,12.3,76138,,2026-09-11T20:12:20Z,2026-09-15T22:43:45Z
8,3,124811982,4880908,12.4,21000,,2026-09-12T09:44:57Z,2026-09-15T22:43:45Z
8,3,124783576,4410288,12.5,600,,2026-09-11T19:11:50Z,2026-09-15T22:43:45Z
8,3,124779467,4124506,12.8,15993,,2026-09-11T17:25:03Z,2026-09-15T22:43:45Z
8,3,124799396,1878657,13.3,33400,,2026-09-12T03:49:58Z,2026-09-15T22:43:45Z
8,3,124771208,4880908,13.9,10100,,2026-09-11T14:10:31Z,2026-09-15T22:43:45Z
8,4,124995880,5215818,11.7,50000,,2026-09-15T20:18:10Z,2026-09-15T22:43:45Z
8,4,124995885,5215818,11.8,50000,,2026-09-15T20:18:17Z,2026-09-15T22:43:45Z
8,4,124869953,3922464,12.2,119864,,2026-09-13T13:09:52Z,2026-09-15T22:43:45Z
8,4,124864971,4855779,12.3,23930,,2026-09-13T11:06:13Z,2026-09-15T22:43:45Z
8,4,124807800,1631660,13.0,2630,,2026-09-12T07:46:32Z,2026-09-15T22:43:45Z
8,4,124791739,5523222,13.3,8840,,2026-09-11T23:02:20Z,2026-09-15T22:43:45Z
8,4,124782529,3473873,13.6,10000,,2026-09-11T18:44:19Z,2026-09-15T22:43:45Z
8,4,124778892,5039494,13.8,241181,,2026-09-11T17:09:44Z,2026-09-15T22:43:45Z
8,4,124776686,2407459,13.9,25000,,2026-09-11T16:16:36Z,2026-09-15T22:43:45Z
8,4,124774335,1631660,14.9,7311,,2026-09-11T15:23:53Z,2026-09-15T22:43:45Z
8,5,124971936,5291068,13.9,54453,,2026-09-15T10:52:09Z,2026-09-15T22:43:45Z
8,5,124959697,5323018,14.0,1540,,2026-09-15T05:04:50Z,2026-09-15T22:43:45Z
8,7,124684843,299644,15.8,1604,,2026-09-09T21:50:55Z,2026-09-15T22:43:45Z
8,7,124624117,385552,15.9,3802457,,2026-09-08T18:16:18Z,2026-09-15T22:43:45Z
9,0,125000092,5828678,1.21,260,-727.0,2026-09-15T22:09:02Z,2026-09-15T22:42:58Z
9,0,125000878,5836840,1.21,516,,2026-09-15T22:33:57Z,2026-09-15T22:42:58Z
9,0,125001185,5809478,1.21,2920,,2026-09-15T22:42:52Z,2026-09-15T22:42:58Z
9,0,125000010,5740542,1.22,998,,2026-09-15T22:06:47Z,2026-09-15T22:42:58Z
9,0,125000686,5816104,1.22,7000,,2026-09-15T22:27:23Z,2026-09-15T22:42:58Z
9,0,124997957,5135059,1.24,242730,,2026-09-15T21:09:55Z,2026-09-15T22:42:58Z
9,0,124589673,5041551,1.25,384410,,2026-09-08T02:47:56Z,2026-09-15T22:42:58Z
9,0,124621128,5759130,1.25,2300,,2026-09-08T17:03:25Z,2026-09-15T22:42:58Z
9,0,124626240,5743617,1.25,9283,,2026-09-08T19:03:42Z,2026-09-15T22:42:58Z
9,0,124639742,5808707,1.25,2000,,2026-09-09T01:46:37Z,2026-09-15T22:42:58Z
9,0,124642048,5822431,1.25,2000,,2026-09-09T03:07:13Z,2026-09-15T22:42:58Z
9,0,124643946,5819565,1.25,1618,,2026-09-09T04:10:56Z,2026-09-15T22:42:58Z
9,0,124644604,5763145,1.25,100,,2026-09-09T04:30:02Z,2026-09-15T22:42:58Z
9,0,124644621,5809789,1.25,1080,,2026-09-09T04:30:25Z,2026-09-15T22:42:58Z
9,0,124661794,5820325,1.25,1590,,2026-09-09T12:35:15Z,2026-09-15T22:42:58Z
9,0,124680031,5664307,1.25,13834,,2026-09-09T19:50:41Z,2026-09-15T22:42:58Z
9,0,124680294,5602587,1.25,1520,,2026-09-09T19:57:24Z,2026-09-15T22:42:58Z
9,0,124681998,5758846,1.25,3392,,2026-09-09T20:36:13Z,2026-09-15T22:42:58Z
9,0,124691725,5597640,1.25,12234,,2026-09-10T01:54:15Z,2026-09-15T22:42:58Z
9,0,124699944,5824006,1.25,1010,,2026-09-10T05:52:42Z,2026-09-15T22:42:58Z
9,0,124699954,5418118,1.25,77466,,2026-09-10T05:53:01Z,2026-09-15T22:42:58Z
9,0,124701224,5563396,1.25,15000,,2026-09-10T06:25:55Z,2026-09-15T22:42:58Z
9,0,124716498,5759100,1.25,1000,,2026-09-10T13:12:37Z,2026-09-15T22:42:58Z
9,0,124736007,5826693,1.25,150,,2026-09-10T20:59:50Z,2026-09-15T22:42:58Z
9,0,124752794,5825879,1.25,390,,2026-09-11T05:52:49Z,2026-09-15T22:42:58Z
9,0,124754455,5794567,1.25,2000,,2026-09-11T06:40:41Z,2026-09-15T22:42:58Z
9,0,124759846,5823574,1.25,345,,2026-09-11T09:16:30Z,2026-09-15T22:42:58Z
9,0,124772775,5799143,1.25,10000,,2026-09-11T14:49:20Z,2026-09-15T22:42:58Z
9,0,124797440,5820366,1.25,650,,2026-09-12T02:38:54Z,2026-09-15T22:42:58Z
9,0,124811921,5647677,1.25,250,,2026-09-12T09:43:38Z,2026-09-15T22:42:58Z
9,0,124829965,5806177,1.25,2220,,2026-09-12T17:39:58Z,2026-09-15T22:42:58Z
9,0,124850594,5819952,1.25,103,,2026-09-13T04:27:49Z,2026-09-15T22:42:58Z
9,0,124860976,5831897,1.25,1203,,2026-09-13T09:14:22Z,2026-09-15T22:42:58Z
9,0,124917421,5834966,1.25,240,,2026-09-14T10:38:46Z,2026-09-15T22:42:58Z
9,0,124922214,5826857,1.25,500,,2026-09-14T12:34:21Z,2026-09-15T22:42:58Z
9,0,124927071,5832517,1.25,300,,2026-09-14T14:29:02Z,2026-09-15T22:42:58Z
9,0,124930332,5782025,1.25,200,,2026-09-14T15:42:39Z,2026-09-15T22:42:58Z
9,0,124991541,5821069,1.25,2248,,2026-09-15T18:42:26Z,2026-09-15T22:42:58Z
9,0,124991746,5820037,1.25,33579,,2026-09-15T18:46:51Z,2026-09-15T22:42:58Z
9,0,124992653,5668055,1.25,35758,,2026-09-15T19:06:08Z,2026-09-15T22:42:58Z
9,0,124993117,5683044,1.25,10000,,2026-09-15T19:15:53Z,2026-09-15T22:42:58Z
9,0,124994401,4357280,1.25,61374,,2026-09-15T19:45:10Z,2026-09-15T22:42:58Z
9,0,124995241,5836014,1.25,448,,2026-09-15T20:04:36Z,2026-09-15T22:42:58Z
9,0,124995506,5404044,1.26,25160,,2026-09-15T20:10:16Z,2026-09-15T22:42:58Z
9,0,124809603,5829296,1.27,500,,2026-09-12T08:37:03Z,2026-09-15T22:42:58Z
9,0,124892479,5135059,1.27,214170,,2026-09-13T22:05:57Z,2026-09-15T22:42:58Z
9,0,124895707,5831950,1.27,3750,,2026-09-13T23:57:10Z,2026-09-15T22:42:58Z
9,0,124901115,5716770,1.28,9329,,2026-09-14T03:01:19Z,2026-09-15T22:42:58Z
9,0,124618352,5221256,1.29,1419,,2026-09-08T15:55:14Z,2026-09-15T22:42:58Z
9,0,124852798,5825992,1.29,3250,,2026-09-13T05:33:24Z,2026-09-15T22:42:58Z
9,0,124916751,5621826,1.29,7670,,2026-09-14T10:21:46Z,2026-09-15T22:42:58Z
9,0,124985696,5831950,1.29,2900,,2026-09-15T16:30:24Z,2026-09-15T22:42:58Z
9,0,124645452,5822611,1.3,2996,,2026-09-09T04:53:32Z,2026-09-15T22:42:58Z
9,0,124700376,5824006,1.3,333,,2026-09-10T06:03:20Z,2026-09-15T22:42:58Z
9,0,124722595,5812590,1.3,2500,,2026-09-10T15:34:32Z,2026-09-15T22:42:58Z
9,0,124758985,5813248,1.3,10,,2026-09-11T08:51:32Z,2026-09-15T22:42:58Z
9,0,124765313,5826115,1.3,794,,2026-09-11T11:37:48Z,2026-09-15T22:42:58Z
9,0,124769995,5812446,1.3,833,,2026-09-11T13:38:22Z,2026-09-15T22:42:58Z
9,0,124803213,5716770,1.3,10060,,2026-09-12T05:52:24Z,2026-09-15T22:42:58Z
9,0,124820982,5827211,1.3,3880,,2026-09-12T13:48:03Z,2026-09-15T22:42:58Z
9,0,124832415,5650752,1.3,2650,,2026-09-12T18:43:47Z,2026-09-15T22:42:58Z
9,0,124891461,5828130,1.3,525,,2026-09-13T21:35:11Z,2026-09-15T22:42:58Z
9,0,124895066,5825839,1.3,100,,2026-09-13T23:33:33Z,2026-09-15T22:42:58Z
9,0,124930974,5835637,1.3,30,,2026-09-14T15:57:51Z,2026-09-15T22:42:58Z
9,0,124943871,5836248,1.3,3287,,2026-09-14T20:47:53Z,2026-09-15T22:42:58Z
9,0,124973436,5823916,1.3,2512,,2026-09-15T11:31:53Z,2026-09-15T22:42:58Z
9,0,124849610,5772011,1.31,498,,2026-09-13T03:55:01Z,2026-09-15T22:42:58Z
9,0,124772914,5827370,1.33,2076,,2026-09-11T14:53:06Z,2026-09-15T22:42:58Z
9,0,124845762,5759325,1.33,201,,2026-09-13T01:29:20Z,2026-09-15T22:42:58Z
9,0,124691355,5789584,1.34,2999,,2026-09-10T01:39:49Z,2026-09-15T22:42:58Z
9,0,124839117,5759325,1.34,110,,2026-09-12T21:38:53Z,2026-09-15T22:42:58Z
9,0,124746032,5825839,1.35,150,,2026-09-11T02:29:13Z,2026-09-15T22:42:58Z
9,0,124919894,5823916,1.35,888,,2026-09-14T11:39:33Z,2026-09-15T22:42:58Z
9,0,124979081,787634,1.35,3231981,,2026-09-15T13:52:39Z,2026-09-15T22:42:58Z
9,0,124626723,5817233,1.36,800,,2026-09-08T19:14:23Z,2026-09-15T22:42:58Z
9,0,124993605,5527359,1.38,6500,,2026-09-15T19:27:49Z,2026-09-15T22:42:58Z
9,0,124764655,5817704,1.39,7429,,2026-09-11T11:21:52Z,2026-09-15T22:42:58Z
9,0,124890328,5796194,1.39,15,,2026-09-13T21:04:08Z,2026-09-15T22:42:58Z
9,0,124594786,5756978,1.4,3000,,2026-09-08T05:23:12Z,2026-09-15T22:42:58Z
9,0,124745052,5758822,1.4,2000,,2026-09-11T01:52:10Z,2026-09-15T22:42:58Z
9,0,124920269,5828130,1.4,4475,,2026-09-14T11:48:09Z,2026-09-15T22:42:58Z
9,0,124924977,5812446,1.4,43,,2026-09-14T13:43:24Z,2026-09-15T22:42:58Z
9,0,124624720,5756563,1.41,5,,2026-09-08T18:30:11Z,2026-09-15T22:42:58Z
9,0,124839776,5763166,1.47,221,,2026-09-12T21:58:28Z,2026-09-15T22:42:58Z
9,0,124943483,5784073,1.48,390,,2026-09-14T20:38:16Z,2026-09-15T22:42:58Z
9,0,124396895,5810062,1.5,9970,,2026-09-04T07:35:25Z,2026-09-15T22:42:58Z
9,0,124442231,5756978,1.5,4600,,2026-09-05T05:52:14Z,2026-09-15T22:42:58Z
9,0,124607228,5756992,1.5,4311,,2026-09-08T11:15:53Z,2026-09-15T22:42:58Z
9,0,124663222,5806745,1.5,300,,2026-09-09T13:08:54Z,2026-09-15T22:42:58Z
9,0,124682652,5809560,1.5,950,,2026-09-09T20:50:56Z,2026-09-15T22:42:58Z
9,0,124726408,5820366,1.5,1502,,2026-09-10T17:08:54Z,2026-09-15T22:42:58Z
9,0,124774936,5556770,1.5,45074,,2026-09-11T15:37:04Z,2026-09-15T22:42:58Z
9,0,124784543,5828135,1.5,17492,,2026-09-11T19:36:12Z,2026-09-15T22:42:58Z
9,0,124858706,5821944,1.5,4700,,2026-09-13T15:12:08Z,2026-09-15T22:42:58Z
9,0,124922978,5700678,1.5,2001,,2026-09-14T12:54:08Z,2026-09-15T22:42:58Z
9,0,124961387,5821326,1.5,500,,2026-09-15T05:47:18Z,2026-09-15T22:42:58Z
9,0,124973636,5826485,1.5,200,,2026-09-15T11:36:55Z,2026-09-15T22:42:58Z
9,0,124975003,5759088,1.5,650,,2026-09-15T12:12:41Z,2026-09-15T22:42:58Z
9,0,124901886,5815645,1.52,500,,2026-09-14T03:26:33Z,2026-09-15T22:42:58Z
9,0,124917969,5784073,1.52,800,,2026-09-14T10:51:53Z,2026-09-15T22:42:58Z
9,0,124933275,5824192,1.53,20,,2026-09-14T16:48:24Z,2026-09-15T22:42:58Z
9,1,124996961,5136160,1.23,3900,,2026-09-15T20:44:06Z,2026-09-15T22:42:58Z
9,1,124958309,2929731,1.25,4018148,,2026-09-15T04:29:37Z,2026-09-15T22:42:58Z
9,1,124992712,5323018,1.25,36180,,2026-09-15T19:07:20Z,2026-09-15T22:42:58Z
9,1,124834092,5633962,1.26,9861,,2026-09-12T19:28:06Z,2026-09-15T22:42:58Z
9,1,124906637,4564235,1.26,3189,,2026-09-14T05:34:08Z,2026-09-15T22:42:58Z
9,1,124832525,5653880,1.27,1774,,2026-09-12T18:46:50Z,2026-09-15T22:42:58Z
9,1,124897196,5827658,1.36,3194,,2026-09-14T00:49:22Z,2026-09-15T22:42:58Z
9,1,124958516,5821326,1.47,100,,2026-09-15T04:34:40Z,2026-09-15T22:42:58Z
9,2,124999015,5541823,1.23,99326,,2026-09-15T21:38:51Z,2026-09-15T22:42:58Z
9,2,124995740,5566274,1.24,92982,,2026-09-15T20:14:58Z,2026-09-15T22:42:58Z
9,2,124995466,5660527,1.25,38017,,2026-09-15T20:09:14Z,2026-09-15T22:42:58Z
9,2,124951201,5364563,1.26,23676,,2026-09-15T00:40:06Z,2026-09-15T22:42:58Z
9,2,124975154,2445465,1.26,17296,,2026-09-15T12:17:01Z,2026-09-15T22:42:58Z
9,2,124982669,5535318,1.26,111731,,2026-09-15T15:19:27Z,2026-09-15T22:42:58Z
9,2,124983348,3740586,1.26,2624,,2026-09-15T15:33:16Z,2026-09-15T22:42:58Z
9,2,124945748,5535318,1.27,114820,,2026-09-14T21:36:52Z,2026-09-15T22:42:58Z
9,2,124957999,2445465,1.27,24472,,2026-09-15T04:19:11Z,2026-09-15T22:42:58Z
9,2,124960785,3740586,1.27,26721,,2026-09-15T05:31:32Z,2026-09-15T22:42:58Z
9,2,124936177,5675049,1.28,2063,,2026-09-14T17:57:50Z,2026-09-15T22:42:58Z
9,2,124888315,5507740,1.29,8868,,2026-09-13T20:13:33Z,2026-09-15T22:42:58Z
9,2,124899406,5007295,1.29,178594,,2026-09-14T02:03:37Z,2026-09-15T22:42:58Z
9,2,124830998,3740586,1.3,20319,,2026-09-12T18:08:24Z,2026-09-15T22:42:58Z
9,2,124893796,3398157,1.3,100000,,2026-09-13T22:50:38Z,2026-09-15T22:42:58Z
9,2,124878527,4504992,1.31,50000,,2026-09-13T16:28:03Z,2026-09-15T22:42:58Z
9,2,124626934,2445465,1.32,7718,,2026-09-08T19:18:36Z,2026-09-15T22:42:58Z
9,3,124960683,4957548,1.33,4180,,2026-09-15T05:29:03Z,2026-09-15T22:42:58Z
9,3,124939125,5281113,1.38,23078,,2026-09-14T19:01:25Z,2026-09-15T22:42:58Z
9,3,124936079,2355452,1.39,10000,,2026-09-14T17:55:12Z,2026-09-15T22:42:58Z
9,3,124932483,5281113,1.45,35000,,2026-09-14T16:31:43Z,2026-09-15T22:42:58Z
9,3,124927355,4880908,1.47,20000,,2026-09-14T14:35:48Z,2026-09-15T22:42:58Z
9,3,124923855,5281113,1.49,50000,,2026-09-14T13:13:14Z,2026-09-15T22:42:58Z
9,3,124914745,4880908,1.5,200000,,2026-09-14T09:26:23Z,2026-09-15T22:42:58Z
9,4,124998017,3616875,1.39,474908,,2026-09-15T21:11:21Z,2026-09-15T22:42:58Z
9,4,124991448,4079668,1.4,3980,,2026-09-15T18:40:37Z,2026-09-15T22:42:58Z
9,4,124981714,3632287,1.41,39091,,2026-09-15T14:57:25Z,2026-09-15T22:42:58Z
9,4,124967158,3859042,1.43,300000,,2026-09-15T08:36:31Z,2026-09-15T22:42:58Z
9,4,124962992,3926818,1.45,10520,,2026-09-15T06:32:55Z,2026-09-15T22:42:58Z
9,5,124961976,2343192,1.49,4229,,2026-09-15T06:04:18Z,2026-09-15T22:42:58Z
9,5,124968798,2015578,1.49,97442,,2026-09-15T09:25:07Z,2026-09-15T22:42:58Z
9,5,124937529,2015578,1.51,207206,,2026-09-14T18:24:50Z,2026-09-15T22:42:58Z
9,5,124932737,2015578,1.52,102025,,2026-09-14T16:36:46Z,2026-09-15T22:42:58Z
9,5,124958462,2833742,1.64,500000,,2026-09-15T04:33:45Z,2026-09-15T22:42:58Z
9,6,124959961,1172003,1.5,10000,,2026-09-15T05:10:23Z,2026-09-15T22:42:58Z
9,6,124911194,1172003,1.64,5247,,2026-09-14T07:39:31Z,2026-09-15T22:42:58Z
9,6,124909120,3843552,1.65,1250000,,2026-09-14T06:41:27Z,2026-09-15T22:42:58Z
9,6,124861431,1172003,1.7,15630,,2026-09-13T09:27:50Z,2026-09-15T22:42:58Z
9,6,124762058,5756990,1.71,1790,,2026-09-11T10:15:47Z,2026-09-15T22:42:58Z
9,7,124872706,505212,1.89,150000,,2026-09-13T14:14:30Z,2026-09-15T22:42:58Z
9,7,124850224,3709452,1.9,1687840,,2026-09-13T04:14:05Z,2026-09-15T22:42:58Z
9,7,124976822,5795178,2.0,1,,2026-09-15T12:59:50Z,2026-09-15T22:42:58Z
9,7,124913558,4693297,2.3,4828666,,2026-09-14T08:50:17Z,2026-09-15T22:42:58Z
9,7,124991513,5821069,2.3,1,,2026-09-15T18:41:51Z,2026-09-15T22:42:58Z
9,8,124120026,1509725,2.5,50422,,2026-08-29T21:16:01Z,2026-09-06T06:56:47Z
9,10,124851933,2261923,3.0,968182,,2026-09-13T05:10:47Z,2026-09-15T22:42:58Z
9,10,124624286,735142,3.55,195610,,2026-09-08T18:20:08Z,2026-09-15T22:42:58Z
10,0,125000596,5469825,28.75,1529,,2026-09-15T22:24:37Z,2026-09-15T22:43:14Z
10,0,124997301,5326151,29.0,3387,,2026-09-15T20:52:58Z,2026-09-15T22:43:14Z
10,0,124997498,5709059,29.0,940,,2026-09-15T20:58:16Z,2026-09-15T22:43:14Z
10,0,124998829,4885546,29.0,29852,,2026-09-15T21:33:51Z,2026-09-15T22:43:14Z
10,0,124999442,5711979,29.0,4492,,2026-09-15T21:50:47Z,2026-09-15T22:43:14Z
10,0,125000452,5725476,29.0,3227,,2026-09-15T22:20:20Z,2026-09-15T22:43:14Z
10,0,124997152,5663925,29.25,1343,,2026-09-15T20:49:15Z,2026-09-15T22:43:14Z
10,0,124906142,5183189,29.5,20124,,2026-09-14T05:23:00Z,2026-09-15T22:43:14Z
10,0,124925427,5671464,29.5,10000,,2026-09-14T13:52:28Z,2026-09-15T22:43:14Z
10,0,124786709,5782531,29.75,488,,2026-09-11T20:30:59Z,2026-09-15T22:43:14Z
10,0,124790352,5786476,29.75,2887,,2026-09-11T22:14:58Z,2026-09-15T22:43:14Z
10,0,124930389,5504877,29.75,5856,,2026-09-14T15:43:40Z,2026-09-15T22:43:14Z
10,0,124467947,5628783,30.0,13830,,2026-09-05T17:21:00Z,2026-09-15T22:43:14Z
10,0,124542463,5696000,30.0,3725,,2026-09-07T05:26:27Z,2026-09-15T22:43:14Z
10,0,124680100,5290469,30.0,436,,2026-09-09T19:52:35Z,2026-09-15T22:43:14Z
10,0,124722691,4453833,30.0,100000,,2026-09-10T15:37:02Z,2026-09-15T22:43:14Z
10,0,124764449,5736905,30.0,83,,2026-09-11T11:17:32Z,2026-09-15T22:43:14Z
10,0,124785537,5804456,30.0,37,,2026-09-11T20:02:45Z,2026-09-15T22:43:14Z
10,0,124838354,5300799,30.0,100000,,2026-09-12T21:17:31Z,2026-09-15T22:43:14Z
10,0,124881955,5765252,30.0,907,,2026-09-13T17:47:22Z,2026-09-15T22:43:14Z
10,0,124908078,5300819,30.0,4677,,2026-09-14T06:11:36Z,2026-09-15T22:43:14Z
10,0,124683486,5290469,30.25,291,,2026-09-09T21:11:09Z,2026-09-15T22:43:14Z
10,0,124634683,5696000,30.5,2833,,2026-09-08T22:50:24Z,2026-09-15T22:43:14Z
10,0,124942659,4896839,31.0,3000,,2026-09-14T20:18:09Z,2026-09-15T22:43:14Z
10,0,124989005,5829034,31.25,91,,2026-09-15T17:46:18Z,2026-09-15T22:43:14Z
10,0,124775940,5829034,31.5,56,,2026-09-11T15:58:33Z,2026-09-15T22:43:14Z
10,0,124965466,5821531,31.75,6,,2026-09-15T07:45:40Z,2026-09-15T22:43:14Z
10,0,124844273,787634,32.0,20000,,2026-09-13T00:33:29Z,2026-09-15T22:43:14Z
10,1,125000857,5185315,29.0,2300,,2026-09-15T22:33:19Z,2026-09-15T22:43:14Z
10,1,124997486,5796381,29.25,4000,,2026-09-15T20:57:43Z,2026-09-15T22:43:14Z
10,1,125000364,3105986,29.25,47229,,2026-09-15T22:18:04Z,2026-09-15T22:43:14Z
10,1,124997509,5436246,29.5,3460,,2026-09-15T20:58:34Z,2026-09-15T22:43:14Z
10,1,124430951,5489764,30.0,3075,,2026-09-04T22:58:04Z,2026-09-15T22:43:14Z
10,1,124608017,5230944,30.0,92193,,2026-09-08T11:38:39Z,2026-09-15T22:43:14Z
10,1,124616864,4288771,30.0,2849,,2026-09-08T15:20:43Z,2026-09-15T22:43:14Z
10,1,124649918,5638903,30.0,2000,,2026-09-09T06:55:17Z,2026-09-15T22:43:14Z
10,1,124686714,5153040,30.0,17000,,2026-09-09T22:51:48Z,2026-09-15T22:43:14Z
10,1,124741167,5436246,30.0,1911,,2026-09-10T23:34:32Z,2026-09-15T22:43:14Z
10,1,124807057,4669607,30.0,30615,,2026-09-12T07:26:53Z,2026-09-15T22:43:14Z
10,1,124823959,4941984,30.0,215702,,2026-09-12T15:08:07Z,2026-09-15T22:43:14Z
10,1,124791508,3978101,31.0,4128,,2026-09-11T22:54:30Z,2026-09-15T22:43:14Z
10,1,124646386,5362613,31.5,1000,,2026-09-09T05:20:17Z,2026-09-15T22:43:14Z
10,2,125000922,5705252,28.75,1554,-2096.0,2026-09-15T22:35:37Z,2026-09-15T22:43:14Z
10,2,125000696,4793213,29.0,1500,,2026-09-15T22:27:43Z,2026-09-15T22:43:14Z
10,2,124998418,5455309,29.25,46463,,2026-09-15T21:21:54Z,2026-09-15T22:43:14Z
10,2,124996842,2066989,29.5,13751,,2026-09-15T20:40:59Z,2026-09-15T22:43:14Z
10,2,124999604,5461954,29.5,33660,,2026-09-15T21:54:48Z,2026-09-15T22:43:14Z
10,2,124885904,5569932,29.75,65774,,2026-09-13T21:02:51Z,2026-09-15T22:43:14Z
10,2,124895818,4550398,29.75,26527,,2026-09-14T00:01:27Z,2026-09-15T22:43:14Z
10,2,124905195,5230837,29.75,18000,,2026-09-14T05:01:18Z,2026-09-15T22:43:14Z
10,2,124929589,3819018,29.75,46697,,2026-09-14T15:26:49Z,2026-09-15T22:43:14Z
10,2,124998083,2287649,29.75,20000,,2026-09-15T21:13:00Z,2026-09-15T22:43:14Z
10,2,124786852,5376896,30.0,30000,,2026-09-11T20:34:26Z,2026-09-15T22:43:14Z
10,2,124791994,5038383,30.0,77481,,2026-09-11T23:11:13Z,2026-09-15T22:43:14Z
10,2,124792866,5373895,30.0,38330,,2026-09-11T23:44:44Z,2026-09-15T22:43:14Z
10,2,124814818,5742545,30.0,9776,,2026-09-12T11:05:40Z,2026-09-15T22:43:14Z
10,2,124816665,5515138,30.0,27578,,2026-09-12T11:57:03Z,2026-09-15T22:43:14Z
10,2,124839937,5230837,30.0,18000,,2026-09-12T22:02:39Z,2026-09-15T22:43:14Z
10,2,124856081,5569932,30.0,115469,,2026-09-13T21:08:27Z,2026-09-15T22:43:14Z
10,2,124863540,5514522,30.0,2632,,2026-09-13T10:28:27Z,2026-09-15T22:43:14Z
10,2,124960763,4686761,30.0,6625,,2026-09-15T05:31:00Z,2026-09-15T22:43:14Z
10,2,124996170,1880853,30.0,80000,,2026-09-15T20:25:27Z,2026-09-15T22:43:14Z
10,2,124758859,4847246,30.25,9935,,2026-09-11T08:48:49Z,2026-09-15T22:43:14Z
10,2,124957240,4449202,30.25,10000,,2026-09-15T03:57:53Z,2026-09-15T22:43:14Z
10,2,124758576,4529071,30.5,82520,,2026-09-11T08:40:07Z,2026-09-15T22:43:14Z
10,2,124679034,3740586,31.5,20273,,2026-09-09T19:27:16Z,2026-09-15T22:43:14Z
10,2,124752049,3872794,32.0,14881,,2026-09-11T05:32:59Z,2026-09-15T22:43:14Z
10,2,124754474,5828163,33.0,40,,2026-09-11T06:41:15Z,2026-09-15T22:43:14Z
10,3,124997878,5575301,29.75,30000,,2026-09-15T21:08:03Z,2026-09-15T22:43:14Z
10,3,124999241,3422125,29.75,10000,,2026-09-15T21:45:40Z,2026-09-15T22:43:14Z
10,3,124843753,1533578,30.0,15000,,2026-09-13T00:14:20Z,2026-09-15T22:43:14Z
10,3,124867638,4922418,30.0,10675,,2026-09-13T12:11:49Z,2026-09-15T22:43:14Z
10,3,124890128,3099860,30.0,15000,,2026-09-13T20:59:15Z,2026-09-15T22:43:14Z
10,3,124895411,4288771,30.0,2481,,2026-09-13T23:46:22Z,2026-09-15T22:43:14Z
10,3,124895785,1278071,30.0,10000,,2026-09-14T00:00:21Z,2026-09-15T22:43:14Z
10,3,124922381,4090138,30.0,33164,,2026-09-14T12:38:43Z,2026-09-15T22:43:14Z
10,3,124934877,394146,30.0,100021,,2026-09-14T17:26:01Z,2026-09-15T22:43:14Z
10,3,124960788,3679432,30.0,48707,,2026-09-15T05:31:37Z,2026-09-15T22:43:14Z
10,3,124787517,4580917,30.25,100000,,2026-09-11T20:52:41Z,2026-09-15T22:43:14Z
10,3,124796886,4090138,30.25,295350,,2026-09-12T02:19:18Z,2026-09-15T22:43:14Z
10,3,124843747,1533578,30.25,21000,,2026-09-13T00:14:06Z,2026-09-15T22:43:14Z
10,3,124738886,1999762,30.5,35168,,2026-09-10T22:17:50Z,2026-09-15T22:43:14Z
10,3,124739023,1533578,30.5,57000,,2026-09-10T22:21:41Z,2026-09-15T22:43:14Z
10,3,124806158,5305468,30.5,170000,,2026-09-12T07:05:16Z,2026-09-15T22:43:14Z
10,3,124403211,1999762,30.75,59813,,2026-09-04T10:49:15Z,2026-09-15T22:43:14Z
10,3,124843736,1533578,30.75,25000,,2026-09-13T00:13:33Z,2026-09-15T22:43:14Z
10,3,124992071,5335081,31.0,641376,,2026-09-15T18:53:55Z,2026-09-15T22:43:14Z
10,3,124740936,547404,31.5,60000,,2026-09-10T23:25:38Z,2026-09-15T22:43:14Z
10,3,124781079,2445465,33.0,14235,,2026-09-11T18:07:04Z,2026-09-15T22:43:14Z
10,4,124998638,670231,29.75,47272,,2026-09-15T21:28:08Z,2026-09-15T22:43:14Z
10,4,124990982,3798540,30.0,462,,2026-09-15T18:31:17Z,2026-09-15T22:43:14Z
10,4,124992005,4022943,30.0,11976,,2026-09-15T18:52:21Z,2026-09-15T22:43:14Z
10,4,124998642,670231,30.0,46282,,2026-09-15T21:28:15Z,2026-09-15T22:43:14Z
10,4,125000471,1533578,30.0,21000,,2026-09-15T22:20:47Z,2026-09-15T22:43:14Z
10,4,124817142,3266591,30.25,14218,,2026-09-12T12:09:39Z,2026-09-15T22:43:14Z
10,4,124826152,4096622,30.25,213914,,2026-09-12T16:04:02Z,2026-09-15T22:43:14Z
10,4,124951396,670231,30.25,84844,,2026-09-15T00:46:25Z,2026-09-15T22:43:14Z
10,4,125000467,1533578,30.25,25000,,2026-09-15T22:20:42Z,2026-09-15T22:43:14Z
10,4,124501416,2213550,30.5,31368,,2026-09-06T10:18:18Z,2026-09-15T22:43:14Z
10,4,124758671,3473024,30.5,7900,,2026-09-11T08:42:45Z,2026-09-15T22:43:14Z
10,4,124783043,1533578,30.5,40000,,2026-09-11T18:59:02Z,2026-09-15T22:43:14Z
10,4,124914981,1712849,30.5,50000,,2026-09-14T09:32:19Z,2026-09-15T22:43:14Z
10,4,124783036,1533578,30.75,50000,,2026-09-11T18:58:53Z,2026-09-15T22:43:14Z
10,4,124626248,1533578,31.0,40000,,2026-09-08T19:03:54Z,2026-09-15T22:43:14Z
10,4,124626245,1533578,31.25,40000,,2026-09-08T19:03:47Z,2026-09-15T22:43:14Z
10,4,124626239,1533578,31.5,50000,,2026-09-08T19:03:40Z,2026-09-15T22:43:14Z
10,4,123105925,3282703,32.5,603000,,2026-09-03T07:59:53Z,2026-09-15T22:43:14Z
10,5,125000859,5329860,29.75,77015,,2026-09-15T22:33:23Z,2026-09-15T22:43:14Z
10,5,124999134,3991499,30.0,9820,,2026-09-15T21:42:27Z,2026-09-15T22:43:14Z
10,5,124999668,4335663,30.0,103263,,2026-09-15T21:56:47Z,2026-09-15T22:43:14Z
10,5,124934570,3250964,30.25,27915,,2026-09-14T17:19:30Z,2026-09-15T22:43:14Z
10,5,124948032,4204908,30.25,168814,,2026-09-14T22:47:24Z,2026-09-15T22:43:14Z
10,5,124975936,4947611,30.25,50000,,2026-09-15T12:37:26Z,2026-09-15T22:43:14Z
10,5,124703060,5012475,30.5,337970,,2026-09-10T07:15:16Z,2026-09-15T22:43:14Z
10,6,124982299,4556787,30.25,15000,,2026-09-15T15:10:49Z,2026-09-15T22:43:14Z
10,6,124983587,4192114,30.25,36000,,2026-09-15T15:39:25Z,2026-09-15T22:43:14Z
10,6,124922431,3446880,30.5,59488,,2026-09-14T12:40:17Z,2026-09-15T22:43:14Z
10,6,124730658,3846872,31.25,670497,,2026-09-10T18:53:49Z,2026-09-15T22:43:14Z
10,7,124999606,313321,30.0,50000,,2026-09-15T21:54:52Z,2026-09-15T22:43:14Z
10,7,124994633,3332878,30.25,130000,,2026-09-15T19:51:52Z,2026-09-15T22:43:14Z
10,7,124912254,3972013,30.5,103524,,2026-09-14T08:11:35Z,2026-09-15T22:43:14Z
10,7,124966250,300824,30.5,50000,,2026-09-15T08:11:42Z,2026-09-15T22:43:14Z
10,7,124895079,535820,30.75,64618,,2026-09-13T23:33:54Z,2026-09-15T22:43:14Z
10,7,124913623,1322018,31.25,49337,,2026-09-14T08:52:01Z,2026-09-15T22:43:14Z
10,7,124403168,300824,31.5,250000,,2026-09-04T10:47:56Z,2026-09-15T22:43:14Z
10,9,124769304,1328005,31.25,40000,,2026-09-11T13:21:27Z,2026-09-15T22:43:14Z
10,10,124922877,2128863,31.0,90809,,2026-09-14T12:51:47Z,2026-09-15T22:43:14Z
10,10,124781759,1783330,32.25,50000,,2026-09-11T18:25:16Z,2026-09-15T22:43:14Z
10,10,124773849,159828,32.5,28000,,2026-09-11T15:14:26Z,2026-09-15T22:43:14Z
10,10,124772002,1783330,32.75,50000,,2026-09-11T14:30:02Z,2026-09-15T22:43:14Z
10,10,124666691,1783330,33.75,36833,,2026-09-09T14:30:49Z,2026-09-15T22:43:14Z
10,10,124621787,1469384,34.0,30000,,2026-09-08T17:19:57Z,2026-09-15T22:43:14Z
10,10,124621773,1469384,34.5,50000,,2026-09-08T17:19:40Z,2026-09-15T22:43:14Z
10,11,124952723,3169792,30.75,33984,,2026-09-15T01:29:07Z,2026-09-15T22:43:14Z
10,11,124952713,3169792,31.0,129246,,2026-09-15T01:28:52Z,2026-09-15T22:43:14Z
10,11,124918909,2703709,31.25,9630,,2026-09-14T11:15:14Z,2026-09-15T22:43:14Z
10,11,124852812,2703709,31.75,10000,,2026-09-13T05:33:59Z,2026-09-15T22:43:14Z
10,11,124788444,2703709,32.25,20000,,2026-09-11T21:18:31Z,2026-09-15T22:43:14Z
10,11,124843256,1533578,34.0,12480,,2026-09-12T23:56:43Z,2026-09-15T22:43:14Z
10,11,124843250,1533578,34.5,12500,,2026-09-12T23:56:31Z,2026-09-15T22:43:14Z
10,11,124843243,1533578,35.0,25000,,2026-09-12T23:56:21Z,2026-09-15T22:43:14Z
10,11,124843241,1533578,35.5,25000,,2026-09-12T23:56:14Z,2026-09-15T22:43:14Z
10,11,124843239,1533578,36.0,25000,,2026-09-12T23:56:08Z,2026-09-15T22:43:14Z
10,12,124783112,1533578,36.0,6000,,2026-09-11T19:00:30Z,2026-09-15T22:43:14Z
10,12,124783103,1533578,37.5,7500,,2026-09-11T19:00:19Z,2026-09-15T22:43:14Z
10,12,124599561,2653738,38.5,12425,,2026-09-08T07:31:27Z,2026-09-15T22:43:14Z
11,0,124999688,5785900,38.5,1001,,2026-09-15T21:57:17Z,2026-09-15T22:41:35Z
11,0,124997676,5655081,38.75,12156,,2026-09-15T21:03:06Z,2026-09-15T22:41:35Z
11,0,124997430,5802698,39.0,1007,,2026-09-15T20:56:15Z,2026-09-15T22:41:35Z
11,0,124992172,4870630,39.25,29104,,2026-09-15T18:56:03Z,2026-09-15T22:41:35Z
11,0,124965838,5653625,39.75,11212,,2026-09-15T07:57:49Z,2026-09-15T22:41:35Z
11,0,124796869,5476587,40.0,1307,,2026-09-12T02:18:50Z,2026-09-15T22:41:35Z
11,0,124818506,4653635,40.0,2424,,2026-09-12T12:46:58Z,2026-09-15T22:41:35Z
11,0,124824520,5559001,40.0,6004,,2026-09-12T15:20:25Z,2026-09-15T22:41:35Z
11,0,124876851,5706219,40.0,420,,2026-09-13T15:50:07Z,2026-09-15T22:41:35Z
11,0,124881944,5765252,40.0,2000,,2026-09-13T17:47:14Z,2026-09-15T22:41:35Z
11,0,124922997,5834455,40.0,100,,2026-09-14T12:54:22Z,2026-09-15T22:41:35Z
11,0,124955749,5191477,40.0,2197,,2026-09-15T03:13:21Z,2026-09-15T22:41:35Z
11,0,125000431,3466962,40.0,12896,,2026-09-15T22:19:40Z,2026-09-15T22:41:35Z
11,0,124799231,5778218,40.25,300,,2026-09-12T03:42:08Z,2026-09-15T22:41:35Z
11,0,124749930,2403748,41.5,1835,,2026-09-11T04:37:54Z,2026-09-15T22:41:35Z
11,0,124740794,5765070,42.0,612,,2026-09-10T23:20:14Z,2026-09-15T22:41:35Z
11,0,124744742,4545026,42.0,64060,,2026-09-11T01:42:11Z,2026-09-15T22:41:35Z
11,0,124972041,2847021,42.0,13924,,2026-09-15T10:55:23Z,2026-09-15T22:41:35Z
11,0,124743095,5394564,42.25,500,,2026-09-11T00:42:28Z,2026-09-15T22:41:35Z
11,0,124876001,5808840,42.5,731,,2026-09-13T15:30:41Z,2026-09-15T22:41:35Z
11,0,124614558,5777473,44.0,15,,2026-09-08T14:27:04Z,2026-09-15T22:41:35Z
11,0,124694926,5731080,44.25,8,,2026-09-10T03:43:26Z,2026-09-15T22:41:35Z
11,0,124954489,5787232,44.5,1,,2026-09-15T02:29:37Z,2026-09-15T22:41:35Z
11,0,124605365,5821653,45.0,11,,2026-09-08T10:23:36Z,2026-09-15T22:41:35Z
11,0,124653575,5583072,45.0,2,,2026-09-09T08:46:25Z,2026-09-15T22:41:35Z
11,1,124998839,5664575,38.75,2735,,2026-09-15T21:34:08Z,2026-09-15T22:41:35Z
11,1,124997864,2356764,39.0,2763,,2026-09-15T21:07:44Z,2026-09-15T22:41:35Z
11,1,124992097,4027415,39.25,18367,,2026-09-15T18:54:27Z,2026-09-15T22:41:35Z
11,1,124981474,4038413,39.5,9111,,2026-09-15T14:52:10Z,2026-09-15T22:41:35Z
11,1,124986270,3179321,39.5,4388,,2026-09-15T16:43:10Z,2026-09-15T22:41:35Z
11,1,125001081,3179321,39.75,2833,,2026-09-15T22:40:05Z,2026-09-15T22:41:35Z
11,1,124956618,3153733,40.0,7940,,2026-09-15T03:39:49Z,2026-09-15T22:41:35Z
11,1,124800597,4744004,40.25,7646,,2026-09-12T04:33:22Z,2026-09-15T22:41:35Z
11,1,124864854,4941984,40.25,6719,,2026-09-13T11:03:10Z,2026-09-15T22:41:35Z
11,1,124872931,2109553,40.25,33163,,2026-09-13T14:19:55Z,2026-09-15T22:41:35Z
11,1,124978840,3179321,40.25,3244,,2026-09-15T13:46:41Z,2026-09-15T22:41:35Z
11,1,124813013,3179321,40.5,35525,,2026-09-12T10:14:13Z,2026-09-15T22:41:35Z
11,1,124928349,5828151,41.0,50,,2026-09-14T15:01:12Z,2026-09-15T22:41:35Z
11,1,124943476,3179321,41.0,48461,,2026-09-14T20:38:09Z,2026-09-15T22:41:35Z
11,1,124773720,4744004,41.25,11480,,2026-09-11T15:11:24Z,2026-09-15T22:41:35Z
11,1,124750312,3261489,41.5,31637,,2026-09-11T04:48:19Z,2026-09-15T22:41:35Z
11,1,124750542,268001,41.5,24463,,2026-09-11T04:55:17Z,2026-09-15T22:41:35Z
11,1,124606775,3634815,42.75,452,,2026-09-08T11:03:06Z,2026-09-15T22:41:35Z
11,1,124617672,5822225,44.75,10,,2026-09-08T15:38:26Z,2026-09-15T22:41:35Z
11,1,124873851,3650242,45.5,26144,,2026-09-13T14:40:58Z,2026-09-15T22:41:35Z
11,1,124723332,5812446,50.0,20,,2026-09-10T15:52:14Z,2026-09-15T22:41:35Z
11,2,124999445,5590122,39.0,5244,,2026-09-15T21:50:48Z,2026-09-15T22:41:35Z
11,2,125000703,5486769,39.0,7000,,2026-09-15T22:27:58Z,2026-09-15T22:41:35Z
11,2,124999051,2305289,39.25,5816,,2026-09-15T21:39:47Z,2026-09-15T22:41:35Z
11,2,124996770,5474670,39.5,6000,,2026-09-15T20:39:16Z,2026-09-15T22:41:35Z
11,2,124998276,5043707,39.5,4305,,2026-09-15T21:18:04Z,2026-09-15T22:41:35Z
11,2,124996212,5661280,39.75,148,,2026-09-15T20:26:22Z,2026-09-15T22:41:35Z
11,2,124959290,5568257,40.0,7006,,2026-09-15T04:54:14Z,2026-09-15T22:41:35Z
11,2,124969088,5612371,40.0,2284,,2026-09-15T09:34:51Z,2026-09-15T22:41:35Z
11,2,124895016,5043707,40.5,3298,,2026-09-14T00:42:44Z,2026-09-15T22:41:35Z
11,2,124981670,5033237,40.5,28752,,2026-09-15T14:56:09Z,2026-09-15T22:41:35Z
11,2,124864872,4941984,40.75,4472,,2026-09-13T11:03:21Z,2026-09-15T22:41:35Z
11,2,124773753,5568257,41.25,5278,,2026-09-11T15:12:03Z,2026-09-15T22:41:35Z
11,2,124772095,5695505,41.5,4000,,2026-09-11T14:32:19Z,2026-09-15T22:41:35Z
11,2,124749381,5568257,42.0,5641,,2026-09-11T04:22:24Z,2026-09-15T22:41:35Z
11,2,124752278,4783922,42.0,24800,,2026-09-11T05:38:31Z,2026-09-15T22:41:35Z
11,2,124748751,5695505,42.25,750,,2026-09-11T04:03:11Z,2026-09-15T22:41:35Z
11,2,124750512,268001,42.25,20000,,2026-09-11T04:54:32Z,2026-09-15T22:41:35Z
11,2,124487406,5494548,42.5,25296,,2026-09-06T03:16:48Z,2026-09-15T22:41:35Z
11,2,124608121,5066322,42.5,10498,,2026-09-08T11:40:57Z,2026-09-15T22:41:35Z
11,2,124963088,4491439,46.0,15000,,2026-09-15T06:35:53Z,2026-09-15T22:41:35Z
11,3,124956548,5340468,40.25,123875,,2026-09-15T03:37:20Z,2026-09-15T22:41:35Z
11,3,124899175,3261489,40.5,145645,,2026-09-14T01:56:33Z,2026-09-15T22:41:35Z
11,3,124894983,5505681,40.75,40000,,2026-09-13T23:30:54Z,2026-09-15T22:41:35Z
11,3,124802372,3763079,41.0,3979,,2026-09-12T05:28:17Z,2026-09-15T22:41:35Z
11,3,124980467,4316589,41.0,29300,,2026-09-15T14:26:48Z,2026-09-15T22:41:35Z
11,3,124802276,5454402,41.25,15664,,2026-09-12T05:25:29Z,2026-09-15T22:41:35Z
11,3,124771141,5243368,41.5,12262,,2026-09-11T14:08:45Z,2026-09-15T22:41:35Z
11,3,124767834,2320675,41.75,30000,,2026-09-11T12:42:16Z,2026-09-15T22:41:35Z
11,3,124765958,3568405,42.0,6646,,2026-09-11T11:54:43Z,2026-09-15T22:41:35Z
11,3,124792984,3026161,42.0,14040,,2026-09-11T23:48:06Z,2026-09-15T22:41:35Z
11,3,124752426,5243368,42.25,16831,,2026-09-11T05:43:05Z,2026-09-15T22:41:35Z
11,3,124266108,2320675,42.75,84060,,2026-09-04T14:09:18Z,2026-09-15T22:41:35Z
11,3,124844198,787634,44.0,73356,,2026-09-13T00:30:27Z,2026-09-15T22:41:35Z
11,4,124902042,5493160,40.75,13960,,2026-09-14T03:31:17Z,2026-09-15T22:41:35Z
11,4,124906545,3327033,40.75,52143,,2026-09-14T05:32:09Z,2026-09-15T22:41:35Z
11,4,124983892,3220595,40.75,12356,,2026-09-15T15:47:41Z,2026-09-15T22:41:35Z
11,4,124894432,3129175,41.25,15932,,2026-09-13T23:11:55Z,2026-09-15T22:41:35Z
11,4,124799861,4017784,41.5,2000,,2026-09-12T04:07:20Z,2026-09-15T22:41:35Z
11,4,124800938,3327033,41.5,122160,,2026-09-12T04:44:21Z,2026-09-15T22:41:35Z
11,4,124790342,3129175,41.75,88847,,2026-09-11T22:14:41Z,2026-09-15T22:41:35Z
11,4,124837775,4071137,41.75,65471,,2026-09-12T21:02:41Z,2026-09-15T22:41:35Z
11,4,124786814,4371723,42.25,20000,,2026-09-11T20:33:35Z,2026-09-15T22:41:35Z
11,4,124774158,4071137,42.5,47403,,2026-09-11T15:20:35Z,2026-09-15T22:41:35Z
11,4,124771546,5230105,42.75,95519,,2026-09-11T14:19:27Z,2026-09-15T22:41:35Z
11,4,124620213,3327033,43.25,25488,,2026-09-08T16:40:17Z,2026-09-15T22:41:35Z
11,5,124961880,1693230,41.5,10000,,2026-09-15T06:01:33Z,2026-09-15T22:41:35Z
11,5,124952522,3933232,41.75,900,,2026-09-15T01:23:41Z,2026-09-15T22:41:35Z
11,5,124951951,3232656,42.0,7581,,2026-09-15T01:04:38Z,2026-09-15T22:41:35Z
11,5,124960497,2451915,42.0,25000,,2026-09-15T05:23:03Z,2026-09-15T22:41:35Z
11,5,124924703,3282893,42.25,15992,,2026-09-14T13:38:09Z,2026-09-15T22:41:35Z
11,5,124866643,3232656,42.5,34224,,2026-09-13T11:49:44Z,2026-09-15T22:41:35Z
11,5,124840555,4117426,42.75,4000,,2026-09-12T22:21:42Z,2026-09-15T22:41:35Z
11,5,124796789,3232656,43.75,8645,,2026-09-12T02:15:41Z,2026-09-15T22:41:35Z
11,5,124779751,4117426,44.0,4250,,2026-09-11T17:31:46Z,2026-09-15T22:41:35Z
11,5,124793251,2451915,44.0,100000,,2026-09-11T23:56:13Z,2026-09-15T22:41:35Z
11,5,124745705,4704855,44.25,100000,,2026-09-11T02:17:20Z,2026-09-15T22:41:35Z
11,5,124744246,3232656,44.5,65198,,2026-09-11T01:24:36Z,2026-09-15T22:41:35Z
11,6,124804146,3525104,43.0,10000,,2026-09-12T06:14:38Z,2026-09-15T22:41:35Z
11,6,124821255,3318403,43.0,30000,,2026-09-12T13:55:45Z,2026-09-15T22:41:35Z
11,6,124808944,3318403,43.5,30000,,2026-09-12T08:18:11Z,2026-09-15T22:41:35Z
11,6,124756532,3318403,44.0,30000,,2026-09-11T07:37:49Z,2026-09-15T22:41:35Z
11,6,124842477,2465059,45.0,5000,,2026-09-12T23:27:52Z,2026-09-15T22:41:35Z
11,7,124933843,4008362,43.0,71200,,2026-09-14T17:01:21Z,2026-09-15T22:41:35Z
11,7,124784369,4113740,44.0,14854,,2026-09-11T19:32:03Z,2026-09-15T22:41:35Z
11,8,124791370,5566001,46.25,10000,,2026-09-11T22:49:58Z,2026-09-15T22:41:35Z
11,8,124778880,5566001,47.5,61181,,2026-09-11T17:09:30Z,2026-09-15T22:41:35Z
11,8,124657176,4684935,48.0,9000,,2026-09-09T10:33:51Z,2026-09-15T22:41:35Z
11,11,124955396,159828,45.0,24000,,2026-09-15T03:02:36Z,2026-09-15T22:41:35Z
11,11,124773903,159828,46.0,25000,,2026-09-11T15:15:16Z,2026-09-15T22:41:35Z
11,11,124711778,159828,47.5,19990,,2026-09-10T11:18:06Z,2026-09-15T22:41:35Z
11,11,124666470,159828,48.0,25000,,2026-09-09T14:25:13Z,2026-09-15T22:41:35Z
11,11,124664278,787634,55.0,223159,,2026-09-09T13:35:35Z,2026-09-15T22:41:35Z
12,0,125001162,5372096,38.75,30280,,2026-09-15T22:42:22Z,2026-09-15T22:43:48Z
12,0,124993976,5562098,39.0,7658,,2026-09-15T19:36:08Z,2026-09-15T22:43:48Z
12,0,124993640,4960720,39.25,717,,2026-09-15T19:28:51Z,2026-09-15T22:43:48Z
12,0,124993282,3179321,39.5,3925,,2026-09-15T19:19:52Z,2026-09-15T22:43:48Z
12,0,124943386,5338393,39.75,6830,,2026-09-14T20:36:01Z,2026-09-15T22:43:48Z
12,0,124996544,3179321,39.75,1866,,2026-09-15T20:33:22Z,2026-09-15T22:43:48Z
12,0,124943457,5677481,40.0,4168,,2026-09-14T20:37:40Z,2026-09-15T22:43:48Z
12,0,124957061,5204600,40.0,17080,,2026-09-15T03:52:11Z,2026-09-15T22:43:48Z
12,0,124978846,3179321,40.0,3652,,2026-09-15T13:46:50Z,2026-09-15T22:43:48Z
12,0,124814162,4655870,40.25,8810,,2026-09-12T10:47:00Z,2026-09-15T22:43:48Z
12,0,124994475,5784418,40.25,1000,,2026-09-15T19:46:36Z,2026-09-15T22:43:48Z
12,0,124776549,5677131,40.5,350,,2026-09-11T16:12:51Z,2026-09-15T22:43:48Z
12,0,124825372,5665889,40.5,2603,,2026-09-12T15:43:41Z,2026-09-15T22:43:48Z
12,0,124994436,5784418,40.5,1000,,2026-09-15T19:45:34Z,2026-09-15T22:43:48Z
12,0,124824740,3179321,40.75,7304,,2026-09-12T15:26:56Z,2026-09-15T22:43:48Z
12,0,124922171,5784418,40.75,1000,,2026-09-14T12:33:23Z,2026-09-15T22:43:48Z
12,0,124795742,5784418,41.0,2000,,2026-09-12T01:34:25Z,2026-09-15T22:43:48Z
12,0,124813947,5334394,41.0,15818,,2026-09-12T10:40:20Z,2026-09-15T22:43:48Z
12,0,124845695,5761121,41.0,2659,,2026-09-13T01:27:28Z,2026-09-15T22:43:48Z
12,0,124886045,2324949,41.0,42044,,2026-09-13T19:22:23Z,2026-09-15T22:43:48Z
12,0,124894762,4781965,41.0,28932,,2026-09-13T23:24:14Z,2026-09-15T22:43:48Z
12,0,124901650,4885219,41.0,29048,,2026-09-14T03:18:06Z,2026-09-15T22:43:48Z
12,0,124917295,1623153,41.0,17000,,2026-09-14T10:35:32Z,2026-09-15T22:43:48Z
12,0,124943487,3179321,41.0,29929,,2026-09-14T20:38:19Z,2026-09-15T22:43:48Z
12,0,124972063,2847021,41.0,14388,,2026-09-15T10:55:38Z,2026-09-15T22:43:48Z
12,0,124978999,5204600,41.0,15256,,2026-09-15T13:50:33Z,2026-09-15T22:43:48Z
12,0,124773513,4056233,41.25,14352,,2026-09-11T15:07:08Z,2026-09-15T22:43:48Z
12,0,124779185,5822089,41.25,1202,,2026-09-11T17:17:09Z,2026-09-15T22:43:48Z
12,0,124795721,5784418,41.25,1000,,2026-09-12T01:33:48Z,2026-09-15T22:43:48Z
12,0,124750606,1610751,41.5,156833,,2026-09-11T04:56:53Z,2026-09-15T22:43:48Z
12,0,124795711,5784418,41.5,1000,,2026-09-12T01:33:38Z,2026-09-15T22:43:48Z
12,0,124865616,1623153,41.5,20000,,2026-09-13T11:23:17Z,2026-09-15T22:43:48Z
12,0,124687161,1623153,41.75,16563,,2026-09-09T23:08:27Z,2026-09-15T22:43:48Z
12,0,124727257,3720817,41.75,121777,,2026-09-10T17:31:16Z,2026-09-15T22:43:48Z
12,0,124875934,5542032,41.75,376,,2026-09-13T15:29:33Z,2026-09-15T22:43:48Z
12,0,124264158,4970722,42.0,10000,,2026-09-01T16:52:51Z,2026-09-15T22:43:48Z
12,0,124559421,5034312,42.0,9500,,2026-09-07T13:20:09Z,2026-09-15T22:43:48Z
12,0,124560049,4545026,42.0,11000,,2026-09-07T13:32:56Z,2026-09-15T22:43:48Z
12,0,124675048,4935388,42.0,11056,,2026-09-09T17:52:40Z,2026-09-15T22:43:48Z
12,0,124728968,5770700,42.0,200,,2026-09-10T18:14:11Z,2026-09-15T22:43:48Z
12,0,124793806,491274,42.0,38354,,2026-09-12T00:17:28Z,2026-09-15T22:43:48Z
12,0,124876024,5808840,42.5,132,,2026-09-13T15:31:19Z,2026-09-15T22:43:48Z
12,0,124706519,5362613,42.75,1500,,2026-09-10T08:49:04Z,2026-09-15T22:43:48Z
12,0,124895937,4545026,43.0,1000,,2026-09-14T00:05:26Z,2026-09-15T22:43:48Z
12,1,124994415,5635445,39.0,7058,,2026-09-15T19:45:17Z,2026-09-15T22:43:48Z
12,1,124997929,2798700,39.0,8010,,2026-09-15T21:09:15Z,2026-09-15T22:43:48Z
12,1,124999039,4983939,39.0,47459,,2026-09-15T21:39:25Z,2026-09-15T22:43:48Z
12,1,125000849,5569907,39.0,7928,,2026-09-15T22:33:10Z,2026-09-15T22:43:48Z
12,1,124997225,5057839,39.25,5000,,2026-09-15T20:50:57Z,2026-09-15T22:43:48Z
12,1,124960267,5200651,39.5,16212,,2026-09-15T05:17:30Z,2026-09-15T22:43:48Z
12,1,124971246,4056233,39.5,59531,,2026-09-15T10:33:02Z,2026-09-15T22:43:48Z
12,1,124994397,5635445,39.5,9065,,2026-09-15T19:45:08Z,2026-09-15T22:43:48Z
12,1,124935741,5023153,40.0,28002,,2026-09-14T17:47:10Z,2026-09-15T22:43:48Z
12,1,124872916,2109553,40.25,59319,,2026-09-13T14:19:36Z,2026-09-15T22:43:48Z
12,1,124893822,276811,40.25,20000,,2026-09-13T22:51:37Z,2026-09-15T22:43:48Z
12,1,124781067,4417715,40.5,38226,,2026-09-11T18:06:44Z,2026-09-15T22:43:48Z
12,1,124813645,5439540,40.5,1376,,2026-09-12T10:31:03Z,2026-09-15T22:43:48Z
12,1,124833909,3709386,40.5,10141,,2026-09-12T19:23:02Z,2026-09-15T22:43:48Z
12,1,124846984,4755097,40.5,20000,,2026-09-13T02:15:54Z,2026-09-15T22:43:48Z
12,1,124776610,5745135,40.75,7000,,2026-09-11T16:14:46Z,2026-09-15T22:43:48Z
12,1,124773588,2109553,41.0,48493,,2026-09-11T15:08:40Z,2026-09-15T22:43:48Z
12,1,124924115,5834455,41.0,50,,2026-09-14T13:26:15Z,2026-09-15T22:43:48Z
12,1,124773425,3591056,41.5,15000,,2026-09-11T15:05:09Z,2026-09-15T22:43:48Z
12,1,124785643,5233704,41.5,2316,,2026-09-11T20:05:14Z,2026-09-15T22:43:48Z
12,1,124750478,268001,41.75,37773,,2026-09-11T04:53:47Z,2026-09-15T22:43:48Z
12,1,124611812,4735374,42.0,2201,,2026-09-08T13:20:23Z,2026-09-15T22:43:48Z
12,1,124628305,3780571,42.0,10000,,2026-09-08T19:50:10Z,2026-09-15T22:43:48Z
12,1,124710598,5245661,42.0,4366,,2026-09-10T10:44:37Z,2026-09-15T22:43:48Z
12,1,124857942,5828018,42.0,20,,2026-09-13T07:52:14Z,2026-09-15T22:43:48Z
12,2,124999741,5710565,39.0,9657,,2026-09-15T21:58:51Z,2026-09-15T22:43:48Z
12,2,124999249,4932717,39.5,45082,,2026-09-15T21:45:53Z,2026-09-15T22:43:48Z
12,2,124956059,5402503,39.75,231,,2026-09-15T03:23:36Z,2026-09-15T22:43:48Z
12,2,124956068,5622598,39.75,3470,,2026-09-15T03:23:50Z,2026-09-15T22:43:48Z
12,2,124960290,5758343,39.75,2000,,2026-09-15T05:18:07Z,2026-09-15T22:43:48Z
12,2,124966079,5612371,39.75,7277,,2026-09-15T08:06:45Z,2026-09-15T22:43:48Z
12,2,124977339,5286895,39.75,32000,,2026-09-15T13:12:55Z,2026-09-15T22:43:48Z
12,2,124938529,5622598,40.0,2152,,2026-09-14T18:47:04Z,2026-09-15T22:43:48Z
12,2,124940654,5758343,40.0,1500,,2026-09-14T19:33:36Z,2026-09-15T22:43:48Z
12,2,124942315,5349342,40.0,25031,,2026-09-14T20:10:04Z,2026-09-15T22:43:48Z
12,2,124966803,5684731,40.0,2406,,2026-09-15T08:25:00Z,2026-09-15T22:43:48Z
12,2,124905975,5635846,40.25,8707,,2026-09-14T05:19:26Z,2026-09-15T22:43:48Z
12,2,124964307,3160095,40.25,7106,,2026-09-15T07:10:34Z,2026-09-15T22:43:48Z
12,2,124778363,5494453,40.5,1709,,2026-09-11T16:56:01Z,2026-09-15T22:43:48Z
12,2,124805052,4662387,40.5,12500,,2026-09-12T06:36:46Z,2026-09-15T22:43:48Z
12,2,124808215,4533806,40.5,10498,,2026-09-12T07:58:23Z,2026-09-15T22:43:48Z
12,2,124837048,5286895,40.5,29056,,2026-09-12T20:43:17Z,2026-09-15T22:43:48Z
12,2,124944218,3160095,40.5,52253,,2026-09-14T20:57:04Z,2026-09-15T22:43:48Z
12,2,124747052,5192014,41.75,15098,,2026-09-11T03:07:11Z,2026-09-15T22:43:48Z
12,2,124751096,4662387,41.75,9000,,2026-09-11T05:10:11Z,2026-09-15T22:43:48Z
12,2,124664292,4951007,42.0,21866,,2026-09-09T13:35:45Z,2026-09-15T22:43:48Z
12,2,124784083,5666253,42.0,100,,2026-09-11T19:24:07Z,2026-09-15T22:43:48Z
12,2,124820933,5791141,42.0,800,,2026-09-12T13:46:47Z,2026-09-15T22:43:48Z
12,2,124695812,5825695,46.0,5,,2026-09-10T04:08:34Z,2026-09-15T22:43:48Z
12,3,125001173,5649822,39.5,44289,,2026-09-15T22:42:37Z,2026-09-15T22:43:48Z
12,3,124996001,1521573,39.75,10861,,2026-09-15T20:20:40Z,2026-09-15T22:43:48Z
12,3,125000894,2694792,39.75,55555,,2026-09-15T22:34:33Z,2026-09-15T22:43:48Z
12,3,124992308,1521573,40.0,29852,,2026-09-15T18:59:18Z,2026-09-15T22:43:48Z
12,3,124956154,4229409,40.25,9423,,2026-09-15T03:27:02Z,2026-09-15T22:43:48Z
12,3,124958060,2445465,40.25,6926,,2026-09-15T04:21:07Z,2026-09-15T22:43:48Z
12,3,124960719,3068066,40.25,2827,,2026-09-15T05:30:10Z,2026-09-15T22:43:48Z
12,3,124873961,5592981,40.5,9976,,2026-09-13T14:43:38Z,2026-09-15T22:43:48Z
12,3,124874197,5063060,40.5,26409,,2026-09-13T14:49:04Z,2026-09-15T22:43:48Z
12,3,124929476,1521573,40.5,38563,,2026-09-14T15:24:31Z,2026-09-15T22:43:48Z
12,3,124934128,5196130,40.5,50000,,2026-09-14T17:08:16Z,2026-09-15T22:43:48Z
12,3,124776634,4090311,40.75,421,,2026-09-11T16:15:25Z,2026-09-15T22:43:48Z
12,3,124776804,5248907,40.75,18041,,2026-09-11T16:19:11Z,2026-09-15T22:43:48Z
12,3,124826924,5006930,41.75,26955,,2026-09-12T16:22:56Z,2026-09-15T22:43:48Z
12,3,124637014,4222588,42.25,8346,,2026-09-09T00:11:07Z,2026-09-15T22:43:48Z
12,3,124660762,4067776,42.5,3000,,2026-09-09T12:08:20Z,2026-09-15T22:43:48Z
12,3,124958591,5521791,43.0,10000,,2026-09-15T04:36:55Z,2026-09-15T22:43:48Z
12,3,124778856,5566001,43.25,162464,,2026-09-11T17:09:00Z,2026-09-15T22:43:48Z
12,4,125001120,4528772,39.75,50642,,2026-09-15T22:41:09Z,2026-09-15T22:43:48Z
12,4,125000317,5455985,40.0,20000,,2026-09-15T22:16:51Z,2026-09-15T22:43:48Z
12,4,124999993,4358156,40.25,10191,,2026-09-15T22:06:26Z,2026-09-15T22:43:48Z
12,4,124998136,2334751,40.5,13533,,2026-09-15T21:13:59Z,2026-09-15T22:43:48Z
12,4,124905977,4290647,40.75,149465,,2026-09-14T05:19:27Z,2026-09-15T22:43:48Z
12,4,124932794,4552595,40.75,79867,,2026-09-14T16:38:09Z,2026-09-15T22:43:48Z
12,4,124939933,2213550,40.75,21652,,2026-09-14T19:18:10Z,2026-09-15T22:43:48Z
12,4,124873967,5455985,41.0,30000,,2026-09-13T14:43:42Z,2026-09-15T22:43:48Z
12,4,124876533,1249526,41.0,20000,,2026-09-13T15:44:20Z,2026-09-15T22:43:48Z
12,4,124813092,3741250,41.25,9608,,2026-09-12T10:16:47Z,2026-09-15T22:43:48Z
12,4,124873364,5039975,41.25,158758,,2026-09-13T14:29:17Z,2026-09-15T22:43:48Z
12,4,124830238,3965574,41.5,25000,,2026-09-12T17:46:56Z,2026-09-15T22:43:48Z
12,4,124831343,2213550,41.5,107484,,2026-09-12T18:17:49Z,2026-09-15T22:43:48Z
12,4,124873266,4552595,41.5,98969,,2026-09-13T14:26:52Z,2026-09-15T22:43:48Z
12,4,124774540,4358156,41.75,18702,,2026-09-11T15:28:30Z,2026-09-15T22:43:48Z
12,5,124995129,3299092,40.75,6201,,2026-09-15T20:02:03Z,2026-09-15T22:43:48Z
12,5,124914979,484772,41.0,27627,,2026-09-14T09:32:15Z,2026-09-15T22:43:48Z
12,5,124975918,4947611,41.0,50000,,2026-09-15T12:36:55Z,2026-09-15T22:43:48Z
12,5,124914524,3444691,41.25,35000,,2026-09-14T09:18:53Z,2026-09-15T22:43:48Z
12,5,124878970,4041990,41.5,46021,,2026-09-13T16:38:36Z,2026-09-15T22:43:48Z
12,5,124866658,3232656,41.75,24003,,2026-09-13T11:49:58Z,2026-09-15T22:43:48Z
12,5,124862215,3444691,42.0,50000,,2026-09-13T09:49:36Z,2026-09-15T22:43:48Z
12,5,124773878,5521791,42.25,29000,,2026-09-11T15:14:53Z,2026-09-15T22:43:48Z
12,5,124770237,2343878,43.25,79299,,2026-09-11T13:44:46Z,2026-09-15T22:43:48Z
12,5,124768988,3444691,43.5,40000,,2026-09-11T13:13:50Z,2026-09-15T22:43:48Z
12,5,124973264,3782570,53.0,45000,,2026-09-15T11:27:46Z,2026-09-15T22:43:48Z
12,6,124805483,3525104,43.5,3960,,2026-09-12T06:47:26Z,2026-09-15T22:43:48Z
12,6,124877704,2234346,43.5,20000,,2026-09-13T16:08:44Z,2026-09-15T22:43:48Z
12,6,124842480,2465059,45.0,5000,,2026-09-12T23:28:00Z,2026-09-15T22:43:48Z
12,6,124616589,4710368,45.75,5000,,2026-09-08T15:14:22Z,2026-09-15T22:43:48Z
12,7,124736373,1456556,50.5,3332,,2026-09-10T21:07:46Z,2026-09-15T22:43:48Z
12,7,124728796,1693424,51.0,9000,,2026-09-10T18:10:16Z,2026-09-15T22:43:48Z
12,8,124975192,337631,54.0,100000,,2026-09-15T12:18:00Z,2026-09-15T22:43:48Z
12,9,124861620,3782570,54.0,17999,,2026-09-13T09:32:39Z,2026-09-15T22:43:48Z
13,0,125001192,4115519,0.359,123000,,2026-09-15T22:43:02Z,2026-09-15T22:43:14Z
13,0,125001137,4528772,0.36,1999708,,2026-09-15T22:41:40Z,2026-09-15T22:43:14Z
13,0,125001119,5454531,0.361,516207,,2026-09-15T22:41:04Z,2026-09-15T22:43:14Z
13,0,125001100,5673595,0.362,49808,,2026-09-15T22:40:52Z,2026-09-15T22:43:14Z
13,0,125001047,3248574,0.363,214742,,2026-09-15T22:39:07Z,2026-09-15T22:43:14Z
13,0,125001014,2279282,0.364,153627,,2026-09-15T22:38:11Z,2026-09-15T22:43:14Z
13,0,125001055,5702366,0.364,148035,,2026-09-15T22:39:28Z,2026-09-15T22:43:14Z
13,0,125001068,5131841,0.364,26876,,2026-09-15T22:39:47Z,2026-09-15T22:43:14Z
13,0,125000921,4845510,0.366,13339363,,2026-09-15T22:35:34Z,2026-09-15T22:43:14Z
13,0,125000939,1873114,0.366,2371691,,2026-09-15T22:36:07Z,2026-09-15T22:43:14Z
13,0,125001050,5726352,0.366,150000,,2026-09-15T22:39:14Z,2026-09-15T22:43:14Z
13,0,125000167,5579868,0.367,1302741,,2026-09-15T22:11:10Z,2026-09-15T22:43:14Z
13,0,125000742,5473914,0.367,6168,,2026-09-15T22:29:08Z,2026-09-15T22:43:14Z
13,0,125000804,5626241,0.367,12061,,2026-09-15T22:30:54Z,2026-09-15T22:43:14Z
13,0,125000833,5806042,0.367,44806,,2026-09-15T22:32:24Z,2026-09-15T22:43:14Z
13,0,125000160,4463631,0.368,352622,,2026-09-15T22:10:59Z,2026-09-15T22:43:14Z
13,0,124980057,5309158,0.369,2797866,,2026-09-15T14:16:59Z,2026-09-15T22:43:14Z
13,0,124980200,5382170,0.369,183344,,2026-09-15T14:20:11Z,2026-09-15T22:43:14Z
13,0,124980480,2190574,0.369,700000,,2026-09-15T14:27:11Z,2026-09-15T22:43:14Z
13,0,124994167,5784418,0.369,100000,,2026-09-15T19:39:48Z,2026-09-15T22:43:14Z
13,0,124995013,5838220,0.369,788,,2026-09-15T20:00:00Z,2026-09-15T22:43:14Z
13,0,124978341,5362389,0.37,17619719,,2026-09-15T13:35:16Z,2026-09-15T22:43:14Z
13,0,124978842,4421879,0.37,100000,,2026-09-15T13:46:44Z,2026-09-15T22:43:14Z
13,0,124979288,2213550,0.37,2264579,,2026-09-15T13:57:29Z,2026-09-15T22:43:14Z
13,0,124979795,5556439,0.37,352851,,2026-09-15T14:09:43Z,2026-09-15T22:43:14Z
13,0,124991720,5837710,0.37,4500,,2026-09-15T18:46:23Z,2026-09-15T22:43:14Z
13,0,124991794,3740586,0.37,584801,,2026-09-15T18:47:47Z,2026-09-15T22:43:14Z
13,0,124993698,4897354,0.37,100000,,2026-09-15T19:29:54Z,2026-09-15T22:43:14Z
13,0,124994161,5784418,0.37,100000,,2026-09-15T19:39:34Z,2026-09-15T22:43:14Z
13,0,124999349,5642178,0.37,86506,,2026-09-15T21:48:20Z,2026-09-15T22:43:14Z
13,0,124660489,4732677,0.371,1132371,,2026-09-09T12:01:49Z,2026-09-15T22:43:14Z
13,0,124661598,3546269,0.371,49641891,,2026-09-09T12:29:52Z,2026-09-15T22:43:14Z
13,0,124689558,5030583,0.371,100000,,2026-09-10T00:34:28Z,2026-09-15T22:43:14Z
13,0,124728131,5818838,0.371,5000,,2026-09-10T17:54:40Z,2026-09-15T22:43:14Z
13,0,124728336,4935388,0.371,728609,,2026-09-10T17:59:14Z,2026-09-15T22:43:14Z
13,0,124819903,5784418,0.371,50000,,2026-09-12T13:24:56Z,2026-09-15T22:43:14Z
13,0,124831427,2213550,0.371,2079519,,2026-09-12T18:20:02Z,2026-09-15T22:43:14Z
13,0,124896220,5833563,0.371,1000,,2026-09-14T00:15:44Z,2026-09-15T22:43:14Z
13,0,124643737,4897354,0.372,100000,,2026-09-09T04:05:23Z,2026-09-15T22:43:14Z
13,0,124651934,4822535,0.372,2459000,,2026-09-09T07:54:08Z,2026-09-15T22:43:14Z
13,0,124653326,4612730,0.372,1365537,,2026-09-09T08:38:57Z,2026-09-15T22:43:14Z
13,0,124666275,2213550,0.372,2000000,,2026-09-09T14:20:40Z,2026-09-15T22:43:14Z
13,0,124666822,5698478,0.372,640179,,2026-09-09T14:33:53Z,2026-09-15T22:43:14Z
13,0,124667440,5824188,0.372,4946,,2026-09-09T14:48:46Z,2026-09-15T22:43:14Z
13,0,124697411,5825750,0.372,4953,,2026-09-10T04:49:44Z,2026-09-15T22:43:14Z
13,0,124748565,5645963,0.372,200000,,2026-09-11T03:57:45Z,2026-09-15T22:43:14Z
13,0,124970894,5736905,0.372,4803,,2026-09-15T10:23:39Z,2026-09-15T22:43:14Z
13,0,124975545,3179321,0.372,1949542,,2026-09-15T12:27:30Z,2026-09-15T22:43:14Z
13,0,124619689,2445465,0.373,195740,,2026-09-08T16:26:55Z,2026-09-15T22:43:14Z
13,0,124620149,4897354,0.373,100000,,2026-09-08T16:38:29Z,2026-09-15T22:43:14Z
13,0,124643119,5169297,0.373,15000,,2026-09-09T03:45:46Z,2026-09-15T22:43:14Z
13,0,124654766,3436979,0.373,500000,,2026-09-09T09:22:14Z,2026-09-15T22:43:14Z
13,0,124666735,5824380,0.373,5000,,2026-09-09T14:31:54Z,2026-09-15T22:43:14Z
13,0,124809657,4048326,0.373,350000,,2026-09-12T08:38:22Z,2026-09-15T22:43:14Z
13,0,124962131,5375771,0.373,2250000,,2026-09-15T06:08:00Z,2026-09-15T22:43:14Z
13,0,124970818,5736905,0.373,1145,,2026-09-15T10:21:49Z,2026-09-15T22:43:14Z
13,0,124674996,4935388,0.374,1537870,,2026-09-09T17:51:29Z,2026-09-15T22:43:14Z
13,0,124808159,1456107,0.374,138480,,2026-09-12T07:56:54Z,2026-09-15T22:43:14Z
13,0,124849158,5645963,0.374,250000,,2026-09-13T03:38:07Z,2026-09-15T22:43:14Z
13,0,124420569,3740586,0.375,377879,,2026-09-04T18:17:06Z,2026-09-15T22:43:14Z
13,0,124686140,5377334,0.375,257004,,2026-09-09T22:29:24Z,2026-09-15T22:43:14Z
13,0,124711242,2190574,0.375,1000000,,2026-09-10T11:03:46Z,2026-09-15T22:43:14Z
13,0,124722340,4223392,0.375,2696817,,2026-09-10T15:28:51Z,2026-09-15T22:43:14Z
13,0,124969695,5637964,0.375,61835,,2026-09-15T09:50:58Z,2026-09-15T22:43:14Z
13,0,124980976,5837652,0.375,4965,,2026-09-15T14:39:20Z,2026-09-15T22:43:14Z
13,0,124984990,5837794,0.375,6000,,2026-09-15T16:12:28Z,2026-09-15T22:43:14Z
13,0,124612051,4048326,0.376,1500000,,2026-09-08T13:26:29Z,2026-09-15T22:43:14Z
13,0,124646333,5362613,0.376,500000,,2026-09-09T05:18:38Z,2026-09-15T22:43:14Z
13,0,124953442,5452843,0.376,5000,,2026-09-15T01:52:17Z,2026-09-15T22:43:14Z
13,0,124920116,5835219,0.377,44,,2026-09-14T11:44:20Z,2026-09-15T22:43:14Z
13,0,124935993,5363622,0.377,317400,,2026-09-14T17:53:26Z,2026-09-15T22:43:14Z
13,0,124720160,5820355,0.378,635,,2026-09-10T14:34:07Z,2026-09-15T22:43:14Z
13,0,124726107,3206791,0.378,1080799,,2026-09-10T17:01:14Z,2026-09-15T22:43:14Z
13,0,124681098,5290469,0.379,1092990,,2026-09-09T20:15:04Z,2026-09-15T22:43:14Z
13,0,124719089,5825690,0.379,3000,,2026-09-10T14:10:50Z,2026-09-15T22:43:14Z
13,0,124953423,5452843,0.379,1000,,2026-09-15T01:51:48Z,2026-09-15T22:43:14Z
13,0,124375341,5637964,0.38,703039,,2026-09-04T21:17:08Z,2026-09-15T22:43:14Z
13,0,124603712,5254452,0.38,693454,,2026-09-08T09:38:35Z,2026-09-15T22:43:14Z
13,0,124621480,5822421,0.38,5000,,2026-09-08T17:11:19Z,2026-09-15T22:43:14Z
13,0,124644761,5787406,0.38,19075,,2026-09-09T04:33:59Z,2026-09-15T22:43:14Z
13,0,124808890,5607872,0.38,250,,2026-09-12T08:16:49Z,2026-09-15T22:43:14Z
13,0,124810131,4100522,0.38,13725762,,2026-09-12T08:50:54Z,2026-09-15T22:43:14Z
13,0,124842593,5811418,0.38,5000,,2026-09-12T23:31:37Z,2026-09-15T22:43:14Z
13,0,124865453,5812704,0.38,5409,,2026-09-13T11:18:41Z,2026-09-15T22:43:14Z
13,0,124866826,505212,0.38,34066829,,2026-09-13T11:53:52Z,2026-09-15T22:43:14Z
13,0,124880891,5833563,0.38,100,,2026-09-13T17:24:08Z,2026-09-15T22:43:14Z
13,0,124894144,5833589,0.38,1000,,2026-09-13T23:01:33Z,2026-09-15T22:43:14Z
13,0,124788099,5829637,0.381,5200,,2026-09-11T21:08:46Z,2026-09-15T22:43:14Z
13,0,124989111,5829034,0.381,263,,2026-09-15T17:49:07Z,2026-09-15T22:43:14Z
13,0,124997231,5837991,0.381,200,,2026-09-15T20:51:03Z,2026-09-15T22:43:14Z
13,0,124790374,2445465,0.382,197977,,2026-09-11T22:15:55Z,2026-09-15T22:43:14Z
13,0,124757124,5191210,0.383,100000,,2026-09-11T07:56:58Z,2026-09-15T22:43:14Z
13,0,124608785,5637964,0.385,338601,,2026-09-08T12:00:48Z,2026-09-15T22:43:14Z
13,0,124678133,3007992,0.385,510355,,2026-09-09T19:06:54Z,2026-09-15T22:43:14Z
13,0,124701440,1589767,0.385,1540000,,2026-09-10T06:32:25Z,2026-09-15T22:43:14Z
13,0,124753873,5828127,0.386,4953,,2026-09-11T06:24:25Z,2026-09-15T22:43:14Z
13,0,124833544,5716770,0.388,50000,,2026-09-12T19:13:19Z,2026-09-15T22:43:14Z
13,0,124954542,4812222,0.389,1858824,,2026-09-15T02:30:59Z,2026-09-15T22:43:14Z
13,0,124983911,5736905,0.389,75,,2026-09-15T15:48:12Z,2026-09-15T22:43:14Z
13,0,124503940,5637964,0.39,213939,,2026-09-06T11:33:38Z,2026-09-15T22:43:14Z
13,0,124705562,4675509,0.39,2000000,,2026-09-10T08:24:02Z,2026-09-15T22:43:14Z
13,0,124706568,5826117,0.39,4965,,2026-09-10T08:50:33Z,2026-09-15T22:43:14Z
13,0,124724909,5825759,0.39,100,,2026-09-10T16:29:46Z,2026-09-15T22:43:14Z
13,0,124991689,5837710,0.39,500,,2026-09-15T18:45:36Z,2026-09-15T22:43:14Z
13,0,124629659,5730344,0.391,12936,,2026-09-08T20:19:39Z,2026-09-15T22:43:14Z
13,0,124735108,5826693,0.392,833,,2026-09-10T20:39:01Z,2026-09-15T22:43:14Z
13,0,124968995,5836961,0.393,49,,2026-09-15T09:32:04Z,2026-09-15T22:43:14Z
13,0,124894086,5825388,0.394,5000,,2026-09-13T22:59:18Z,2026-09-15T22:43:14Z
13,0,124687101,5777924,0.396,5000,,2026-09-09T23:06:30Z,2026-09-15T22:43:14Z
13,0,124982727,3694369,0.396,1009058,,2026-09-15T15:20:49Z,2026-09-15T22:43:14Z
13,0,124985013,5837793,0.397,3999,,2026-09-15T16:13:26Z,2026-09-15T22:43:14Z
13,0,124818442,5828011,0.398,1000,,2026-09-12T12:45:40Z,2026-09-15T22:43:14Z
13,0,124999788,2108788,0.398,21093026,,2026-09-15T22:00:40Z,2026-09-15T22:43:14Z
13,0,124609337,5821829,0.399,1000,,2026-09-08T12:15:09Z,2026-09-15T22:43:14Z
13,0,124810183,5829206,0.399,4965,,2026-09-12T08:52:33Z,2026-09-15T22:43:14Z
13,0,124604331,5819606,0.4,1500,,2026-09-08T09:56:04Z,2026-09-15T22:43:14Z
13,0,124633769,5583072,0.4,53,,2026-09-08T22:16:30Z,2026-09-15T22:43:14Z
13,0,124659389,5806299,0.4,8045,,2026-09-09T11:32:23Z,2026-09-15T22:43:14Z
13,0,124673672,5821204,0.4,30,,2026-09-09T17:18:13Z,2026-09-15T22:43:14Z
13,0,124680172,5825028,0.4,1992,,2026-09-09T19:54:51Z,2026-09-15T22:43:14Z
13,0,124684039,5825203,0.4,100,,2026-09-09T21:26:57Z,2026-09-15T22:43:14Z
13,0,124704270,5825899,0.4,4589,,2026-09-10T07:45:22Z,2026-09-15T22:43:14Z
13,0,124706928,5826150,0.4,4953,,2026-09-10T09:03:23Z,2026-09-15T22:43:14Z
13,0,124735125,5827409,0.4,5000,,2026-09-10T20:39:38Z,2026-09-15T22:43:14Z
13,0,124754832,5828023,0.4,4946,,2026-09-11T06:49:49Z,2026-09-15T22:43:14Z
13,0,124809614,5647677,0.4,810,,2026-09-12T08:37:14Z,2026-09-15T22:43:14Z
13,0,124816767,5830780,0.4,800,,2026-09-12T11:59:39Z,2026-09-15T22:43:14Z
13,0,124896384,5671183,0.4,2000,,2026-09-14T00:22:26Z,2026-09-15T22:43:14Z
13,0,124920628,5834966,0.4,4575,,2026-09-14T11:56:00Z,2026-09-15T22:43:14Z
13,0,124950156,3272420,0.4,7500,,2026-09-15T00:01:33Z,2026-09-15T22:43:14Z
13,0,124986502,5837833,0.4,5000,,2026-09-15T16:47:54Z,2026-09-15T22:43:14Z
13,0,124989945,5834911,0.4,1000,,2026-09-15T18:06:45Z,2026-09-15T22:43:14Z
13,0,124770451,2726945,0.401,6000000,,2026-09-11T13:49:24Z,2026-09-15T22:43:14Z
13,0,124818384,5828011,0.411,1188,,2026-09-12T12:43:57Z,2026-09-15T22:43:14Z
13,0,124920156,5835219,0.418,200,,2026-09-14T11:45:14Z,2026-09-15T22:43:14Z
13,0,124668314,5824439,0.433,4953,,2026-09-09T15:10:30Z,2026-09-15T22:43:14Z
13,0,124677018,5823268,0.438,4995,,2026-09-09T18:40:36Z,2026-09-15T22:43:14Z
13,0,124923891,5835399,0.44,4988,,2026-09-14T13:13:49Z,2026-09-15T22:43:14Z
13,0,124959498,5828031,0.448,6200,,2026-09-15T04:59:40Z,2026-09-15T22:43:14Z
13,0,124919872,5835219,0.45,4957,,2026-09-14T11:39:10Z,2026-09-15T22:43:14Z
13,0,124989100,5829034,0.45,26,,2026-09-15T17:48:39Z,2026-09-15T22:43:14Z
13,0,124635271,5808374,0.458,1798,,2026-09-08T23:07:37Z,2026-09-15T22:43:14Z
13,0,124681326,5730344,0.458,11378,,2026-09-09T20:19:51Z,2026-09-15T22:43:14Z
13,0,124735503,5827406,0.459,500,,2026-09-10T20:47:08Z,2026-09-15T22:43:14Z
13,0,124692538,5825530,0.465,4965,,2026-09-10T02:23:05Z,2026-09-15T22:43:14Z
13,0,124807031,5830348,0.466,5,,2026-09-12T07:26:29Z,2026-09-15T22:43:14Z
13,0,124621332,5822400,0.5,4943,,2026-09-08T17:07:51Z,2026-09-15T22:43:14Z
13,0,124681566,5825106,0.5,965,,2026-09-09T20:26:03Z,2026-09-15T22:43:14Z
13,0,124682386,5824668,0.5,4978,,2026-09-09T20:45:05Z,2026-09-15T22:43:14Z
13,0,124682733,5809560,0.5,1000,,2026-09-09T20:53:47Z,2026-09-15T22:43:14Z
13,0,124696421,5825677,0.5,800,,2026-09-10T04:23:02Z,2026-09-15T22:43:14Z
13,0,124706697,5826117,0.5,6,,2026-09-10T08:55:28Z,2026-09-15T22:43:14Z
13,0,124732869,5827300,0.5,5000,,2026-09-10T19:46:08Z,2026-09-15T22:43:14Z
13,0,124746201,5827825,0.5,200,,2026-09-11T02:34:38Z,2026-09-15T22:43:14Z
13,0,124753690,5828138,0.5,1295,,2026-09-11T06:18:14Z,2026-09-15T22:43:14Z
13,0,124816371,5830780,0.5,5000,,2026-09-12T11:48:56Z,2026-09-15T22:43:14Z
13,0,124821654,4523008,0.5,1882,,2026-09-12T14:06:53Z,2026-09-15T22:43:14Z
13,0,124827968,5831237,0.5,3000,,2026-09-12T16:49:00Z,2026-09-15T22:43:14Z
13,0,124858582,5832312,0.5,3800,,2026-09-13T08:08:22Z,2026-09-15T22:43:14Z
13,0,124859365,5832725,0.5,2000,,2026-09-13T08:28:26Z,2026-09-15T22:43:14Z
13,0,124870395,5833151,0.5,5000,,2026-09-13T13:18:07Z,2026-09-15T22:43:14Z
13,0,124926091,5205480,0.5,25,,2026-09-14T14:07:12Z,2026-09-15T22:43:14Z
13,0,124933478,5835842,0.5,1000,,2026-09-14T16:52:57Z,2026-09-15T22:43:14Z
13,0,124940573,5836146,0.5,5000,,2026-09-14T19:31:45Z,2026-09-15T22:43:14Z
13,0,124966508,5836961,0.5,5000,,2026-09-15T08:18:18Z,2026-09-15T22:43:14Z
13,0,124966598,5829654,0.5,5000,,2026-09-15T08:20:32Z,2026-09-15T22:43:14Z
13,0,124805159,5825903,0.55,179,,2026-09-12T06:39:34Z,2026-09-15T22:43:14Z
13,0,124633721,5583072,0.6,3,,2026-09-08T22:14:42Z,2026-09-15T22:43:14Z
13,0,124852338,5470753,0.6,500,,2026-09-13T05:21:06Z,2026-09-15T22:43:14Z
13,0,124924590,5834272,0.6,1063,,2026-09-14T13:35:34Z,2026-09-15T22:43:14Z
13,0,125000783,2001899,0.6,25000000,,2026-09-15T22:30:33Z,2026-09-15T22:43:14Z
14,0,124989344,4832708,11.6,60473,-3779.0,2026-09-15T17:54:37Z,2026-09-15T22:40:58Z
14,0,124991782,5635912,11.6,1285,,2026-09-15T18:47:28Z,2026-09-15T22:40:58Z
14,0,124996927,5743732,11.6,2000,,2026-09-15T20:42:54Z,2026-09-15T22:40:58Z
14,0,124943415,5714115,11.9,3680,,2026-09-14T20:36:41Z,2026-09-15T22:40:58Z
14,0,124721360,5759624,12.0,194,,2026-09-10T15:04:58Z,2026-09-15T22:40:58Z
14,0,124817992,5821100,12.0,50,,2026-09-12T12:34:21Z,2026-09-15T22:40:58Z
14,0,124915787,5281779,12.0,14000,,2026-09-14T09:57:10Z,2026-09-15T22:40:58Z
14,0,124921023,5759088,12.0,260,,2026-09-14T12:07:08Z,2026-09-15T22:40:58Z
14,0,124981825,5761114,12.0,1784,,2026-09-15T15:00:12Z,2026-09-15T22:40:58Z
14,0,124731030,5085262,12.2,26,,2026-09-10T19:03:38Z,2026-09-15T22:40:58Z
14,0,124759377,5715940,12.3,9,,2026-09-11T09:03:40Z,2026-09-15T22:40:58Z
14,0,124685998,5789584,12.8,96,,2026-09-09T22:24:46Z,2026-09-15T22:40:58Z
14,0,124794445,5759088,12.8,9,,2026-09-12T00:42:22Z,2026-09-15T22:40:58Z
14,0,124916111,5750181,13.0,1000,,2026-09-14T10:05:02Z,2026-09-15T22:40:58Z
14,0,124985189,5764031,13.0,46,,2026-09-15T16:17:43Z,2026-09-15T22:40:58Z
14,0,124682508,5789584,13.1,83,,2026-09-09T20:47:44Z,2026-09-15T22:40:58Z
14,0,124620773,5790715,13.4,80,,2026-09-08T16:55:23Z,2026-09-15T22:40:58Z
14,0,125000756,5829618,14.0,58,,2026-09-15T22:29:28Z,2026-09-15T22:40:58Z
14,0,124636749,5790715,14.2,20,,2026-09-09T00:00:52Z,2026-09-15T22:40:58Z
14,0,124789425,5739507,14.2,1588,,2026-09-11T21:47:03Z,2026-09-15T22:40:58Z
14,0,124726571,5759088,14.4,536,,2026-09-10T17:12:24Z,2026-09-15T22:40:58Z
14,0,124986173,5759088,15.2,205,,2026-09-15T16:40:52Z,2026-09-15T22:40:58Z
14,0,124743120,5759088,15.3,197,,2026-09-11T00:43:19Z,2026-09-15T22:40:58Z
14,0,124746514,5759088,15.4,55,,2026-09-11T02:46:15Z,2026-09-15T22:40:58Z
14,1,124957937,4022489,11.8,152675,,2026-09-15T04:16:54Z,2026-09-15T22:40:58Z
14,1,124962816,4997984,11.8,24847,,2026-09-15T06:27:56Z,2026-09-15T22:40:58Z
14,1,125000843,5547903,11.8,30000,,2026-09-15T22:32:57Z,2026-09-15T22:40:58Z
14,1,124941982,5706251,11.9,26905,,2026-09-14T20:03:12Z,2026-09-15T22:40:58Z
14,1,124843012,1533578,12.0,50000,,2026-09-12T23:46:15Z,2026-09-15T22:40:58Z
14,1,124989017,5829034,12.6,21,,2026-09-15T17:46:37Z,2026-09-15T22:40:58Z
14,2,124979864,3755378,11.8,551000,,2026-09-15T14:11:38Z,2026-09-15T22:40:58Z
14,2,124920527,5555958,12.0,14490,,2026-09-14T11:53:54Z,2026-09-15T22:40:58Z
14,2,124976427,5660317,12.0,30885,,2026-09-15T12:49:44Z,2026-09-15T22:40:58Z
14,3,125000986,5336037,11.7,12000,,2026-09-15T22:37:24Z,2026-09-15T22:40:58Z
14,3,124998685,5293122,11.8,360784,,2026-09-15T21:29:24Z,2026-09-15T22:40:58Z
14,3,124994957,3679432,11.9,17298,,2026-09-15T19:58:56Z,2026-09-15T22:40:58Z
14,3,124998690,5293122,11.9,400000,,2026-09-15T21:29:31Z,2026-09-15T22:40:58Z
14,3,124842552,384576,12.0,291371,,2026-09-12T23:31:25Z,2026-09-15T22:40:58Z
14,3,124845602,5235373,12.0,15000,,2026-09-13T01:24:36Z,2026-09-15T22:40:58Z
14,3,124891238,3679432,12.0,378357,,2026-09-13T21:28:36Z,2026-09-15T22:40:58Z
14,3,124998697,5293122,12.0,400000,,2026-09-15T21:29:43Z,2026-09-15T22:40:58Z
14,3,124833648,5518537,12.1,74232,,2026-09-12T19:16:05Z,2026-09-15T22:40:58Z
14,3,124967420,1974815,12.1,31019,,2026-09-15T08:43:38Z,2026-09-15T22:40:58Z
14,3,124833424,5427254,12.2,17700,,2026-09-12T19:10:57Z,2026-09-15T22:40:58Z
14,3,124842664,4589191,12.4,50000,,2026-09-12T23:34:03Z,2026-09-15T22:40:58Z
14,3,124678594,4429574,12.5,196263,,2026-09-09T19:16:41Z,2026-09-15T22:40:58Z
14,3,124772803,4817057,12.5,2,,2026-09-11T14:49:51Z,2026-09-15T22:40:58Z
14,3,124911589,1974815,12.5,59893,,2026-09-14T07:50:19Z,2026-09-15T22:40:58Z
14,3,124702505,1974815,12.6,381071,,2026-09-10T06:59:43Z,2026-09-15T22:40:58Z
14,4,125000320,3090887,11.8,17820,,2026-09-15T22:16:56Z,2026-09-15T22:40:58Z
14,4,125001024,3820059,11.8,29252,,2026-09-15T22:38:28Z,2026-09-15T22:40:58Z
14,4,124979830,3191467,11.9,500000,,2026-09-15T14:10:52Z,2026-09-15T22:40:58Z
14,4,124851855,2553886,12.0,239013,,2026-09-13T05:09:09Z,2026-09-15T22:40:58Z
14,4,124978685,4516405,12.0,10000,,2026-09-15T13:42:54Z,2026-09-15T22:40:58Z
14,4,124842449,3820059,12.1,29662,,2026-09-12T23:27:07Z,2026-09-15T22:40:58Z
14,4,124838296,3191467,12.3,900000,,2026-09-12T21:15:39Z,2026-09-15T22:40:58Z
14,4,124691661,303272,13.0,1,,2026-09-10T01:52:15Z,2026-09-15T22:40:58Z
14,5,124980548,3836739,11.9,740402,,2026-09-15T14:28:53Z,2026-09-15T22:40:58Z
14,5,124979307,3340065,12.0,116291,,2026-09-15T13:57:47Z,2026-09-15T22:40:58Z
14,5,124977634,415937,12.1,300000,,2026-09-15T13:18:48Z,2026-09-15T22:40:58Z
14,5,124857547,1925439,12.2,787293,,2026-09-13T07:40:24Z,2026-09-15T22:40:58Z
14,5,124847488,3340065,12.3,210357,,2026-09-13T02:33:49Z,2026-09-15T22:40:58Z
14,5,124843699,3836739,12.4,830714,,2026-09-13T00:12:28Z,2026-09-15T22:40:58Z
14,6,124996789,4041123,12.3,542983,,2026-09-15T20:39:49Z,2026-09-15T22:40:58Z
14,6,124977092,3658318,12.4,70000,,2026-09-15T13:07:44Z,2026-09-15T22:40:58Z
14,6,124982650,3702244,12.4,100000,,2026-09-15T15:18:56Z,2026-09-15T22:40:58Z
14,6,124893343,3702244,12.6,100088,,2026-09-13T22:34:52Z,2026-09-15T22:40:58Z
14,6,124857032,3697859,14.5,300000,,2026-09-13T07:27:28Z,2026-09-15T22:40:58Z
14,7,124429720,3016133,14.7,70000,,2026-09-04T22:15:30Z,2026-09-12T06:58:04Z
14,7,124413647,3850873,14.8,32017,,2026-09-04T15:22:59Z,2026-09-12T06:58:04Z
14,8,124574231,3471466,15.0,997937,,2026-09-07T19:01:05Z,2026-09-15T06:34:39Z
14,10,124861873,1673056,12.5,555598,,2026-09-13T09:39:56Z,2026-09-15T22:40:58Z
14,11,124875991,3850873,14.5,11477,,2026-09-13T15:30:23Z,2026-09-15T22:40:58Z
14,11,124845764,3389432,14.6,510,,2026-09-13T01:29:29Z,2026-09-15T22:40:58Z
14,11,124775445,3850873,15.0,10748,,2026-09-11T15:48:11Z,2026-09-15T22:40:58Z
15,0,124995316,5629686,10.4,6326,,2026-09-15T20:06:12Z,2026-09-15T22:43:12Z
15,0,124995430,5813269,10.4,1000,,2026-09-15T20:08:39Z,2026-09-15T22:43:12Z
15,0,124999098,4100357,10.4,15651,,2026-09-15T21:41:13Z,2026-09-15T22:43:12Z
15,0,124972596,5786836,10.5,1330,,2026-09-15T11:10:10Z,2026-09-15T22:43:12Z
15,0,124972992,5557994,10.5,537,,2026-09-15T11:20:29Z,2026-09-15T22:43:12Z
15,0,124972311,4598365,10.6,78742,,2026-09-15T11:02:27Z,2026-09-15T22:43:12Z
15,0,124986493,5274160,10.6,200000,,2026-09-15T16:47:48Z,2026-09-15T22:43:12Z
15,0,124653863,5812921,10.7,65,,2026-09-09T08:54:41Z,2026-09-15T22:43:12Z
15,0,124771965,5633714,10.7,18732,,2026-09-11T14:28:43Z,2026-09-15T22:43:12Z
15,0,124831592,5274160,10.7,200000,,2026-09-12T18:23:24Z,2026-09-15T22:43:12Z
15,0,124841526,5771996,10.7,4373,,2026-09-12T22:53:04Z,2026-09-15T22:43:12Z
15,0,124972246,1199149,10.7,1341,,2026-09-15T11:00:57Z,2026-09-15T22:43:12Z
15,0,124556693,5274160,10.8,300000,,2026-09-07T12:13:49Z,2026-09-15T22:43:12Z
15,0,124803206,5716770,10.8,1370,,2026-09-12T05:52:08Z,2026-09-15T22:43:12Z
15,0,124818978,5715940,10.8,58,,2026-09-12T13:00:03Z,2026-09-15T22:43:12Z
15,0,124896900,5286646,10.8,27392,,2026-09-14T00:39:23Z,2026-09-15T22:43:12Z
15,0,124948099,5274160,10.9,300000,,2026-09-14T22:49:14Z,2026-09-15T22:43:12Z
15,0,124650792,5612398,11.0,11979,,2026-09-09T07:20:39Z,2026-09-15T22:43:12Z
15,0,124840158,5639878,11.0,17374,,2026-09-12T22:08:49Z,2026-09-15T22:43:12Z
15,0,124972483,4792276,11.0,61542,,2026-09-15T11:06:42Z,2026-09-15T22:43:12Z
15,0,124809888,4100357,11.4,659,,2026-09-12T08:44:55Z,2026-09-15T22:43:12Z
15,0,124948103,5274160,11.4,500000,,2026-09-14T22:49:29Z,2026-09-15T22:43:12Z
15,0,124798417,5759088,11.6,546,,2026-09-12T03:14:26Z,2026-09-15T22:43:12Z
15,0,124780621,3567717,12.0,25000,,2026-09-11T17:55:12Z,2026-09-15T22:43:12Z
15,0,124780072,5790715,13.1,225,,2026-09-11T17:40:00Z,2026-09-15T22:43:12Z
15,0,124672076,5750181,17.8,50,,2026-09-09T16:38:32Z,2026-09-15T22:43:12Z
15,1,124974545,3402473,10.4,6968,-27113.0,2026-09-15T12:00:58Z,2026-09-15T22:43:12Z
15,1,124997256,3402473,10.5,170000,,2026-09-15T20:51:41Z,2026-09-15T22:43:12Z
15,2,124965927,5477153,10.7,207246,-51.0,2026-09-15T10:33:24Z,2026-09-15T22:43:12Z
15,2,124973680,5457639,10.7,578,,2026-09-15T11:38:12Z,2026-09-15T22:43:12Z
15,2,124639220,4613200,10.8,9570,,2026-09-09T01:28:18Z,2026-09-15T22:43:12Z
15,2,124708801,1410369,10.8,800000,,2026-09-10T09:54:52Z,2026-09-15T22:43:12Z
15,2,124801693,5457639,10.8,3508,,2026-09-12T05:09:26Z,2026-09-15T22:43:12Z
15,2,124774915,1410369,11.0,800000,,2026-09-11T15:36:38Z,2026-09-15T22:43:12Z
15,2,124755851,5211170,11.3,3000,,2026-09-11T07:17:27Z,2026-09-15T22:43:12Z
15,2,124791614,5829811,15.1,511,,2026-09-11T22:58:14Z,2026-09-15T22:43:12Z
15,3,124988534,4525713,10.8,10000,,2026-09-15T17:36:25Z,2026-09-15T22:43:12Z
15,3,124983880,1990127,11.0,46180,,2026-09-15T15:47:24Z,2026-09-15T22:43:12Z
15,3,124708597,4589191,11.1,142866,,2026-09-10T09:48:32Z,2026-09-15T22:43:12Z
15,3,124976571,633322,11.1,280000,,2026-09-15T12:53:20Z,2026-09-15T22:43:12Z
15,3,124968014,1990127,14.4,7907,,2026-09-15T09:01:56Z,2026-09-15T22:43:12Z
15,3,124895498,2390965,14.5,30000,,2026-09-13T23:49:58Z,2026-09-15T22:43:12Z
15,3,124728498,633322,18.0,250000,,2026-09-10T18:03:07Z,2026-09-15T22:43:12Z
15,4,124970526,5264679,11.0,4389,,2026-09-15T10:14:10Z,2026-09-15T22:43:12Z
15,4,124726284,3654956,11.1,191903,,2026-09-10T17:05:09Z,2026-09-15T22:43:12Z
15,4,124994634,3535755,19.2,1624,,2026-09-15T19:51:22Z,2026-09-15T22:43:12Z
15,4,124623429,4766436,20.0,500000,,2026-09-08T17:59:15Z,2026-09-15T22:43:12Z
15,4,124623454,4766436,20.25,200000,,2026-09-08T18:00:00Z,2026-09-15T22:43:12Z
15,5,124976729,5336037,11.9,15116,,2026-09-15T12:57:31Z,2026-09-15T22:43:12Z
15,5,124949770,483643,12.0,22000,,2026-09-14T23:45:52Z,2026-09-15T22:43:12Z
15,5,124947434,5336037,13.0,39061,,2026-09-14T22:26:03Z,2026-09-15T22:43:12Z
15,5,124944530,4766436,20.25,300000,,2026-09-14T21:04:14Z,2026-09-15T22:43:12Z
15,5,124942736,1035499,20.5,100000,,2026-09-14T20:19:48Z,2026-09-15T22:43:12Z
15,5,124623486,4766436,20.75,1000000,,2026-09-08T18:00:40Z,2026-09-15T22:43:12Z
15,6,124951524,4579969,15.0,100000,,2026-09-15T00:50:53Z,2026-09-15T22:43:12Z
15,6,124949460,1410369,20.5,100000,,2026-09-14T23:34:52Z,2026-09-15T22:43:12Z
15,6,124941070,4766436,20.75,20000,,2026-09-14T19:42:31Z,2026-09-15T22:43:12Z
15,8,124945844,4749812,20.25,1299,,2026-09-14T21:39:06Z,2026-09-15T22:43:12Z
15,8,124941073,4766436,21.0,215254,,2026-09-14T19:42:38Z,2026-09-15T22:43:12Z
15,10,124945799,4749812,20.5,2999,,2026-09-14T21:38:04Z,2026-09-15T22:43:12Z
15,10,124941094,4766436,20.75,39419,,2026-09-14T19:42:58Z,2026-09-15T22:43:12Z
16,0,124998194,5805141,8.2,258,,2026-09-15T21:15:42Z,2026-09-15T22:41:34Z
16,0,124948664,5150465,8.4,24070,,2026-09-14T23:08:50Z,2026-09-15T22:41:34Z
16,0,124904242,4710557,8.5,73449,,2026-09-14T04:33:12Z,2026-09-15T22:41:34Z
16,0,124936541,5807956,8.5,12252,,2026-09-14T18:05:54Z,2026-09-15T22:41:34Z
16,0,124927457,5691335,8.6,4409,,2026-09-14T14:38:26Z,2026-09-15T22:41:34Z
16,0,124751750,5745988,8.7,44256,,2026-09-11T05:26:18Z,2026-09-15T22:41:34Z
16,0,124781599,5718321,8.7,22127,,2026-09-11T18:20:52Z,2026-09-15T22:41:34Z
16,0,124945477,5756776,8.7,6000,,2026-09-14T21:29:33Z,2026-09-15T22:41:34Z
16,0,124700538,4710557,8.8,35752,,2026-09-10T06:08:02Z,2026-09-15T22:41:34Z
16,0,124663920,5485776,9.2,800,,2026-09-09T13:26:58Z,2026-09-15T22:41:34Z
16,0,124750612,5475403,9.5,24012,,2026-09-11T04:57:06Z,2026-09-15T22:41:34Z
16,0,124795158,5818545,9.5,1289,,2026-09-12T01:11:10Z,2026-09-15T22:41:34Z
16,0,124723421,5812446,10.0,10,,2026-09-10T15:54:35Z,2026-09-15T22:41:34Z
16,1,124960994,5665473,8.4,46635,,2026-09-15T05:37:04Z,2026-09-15T22:41:34Z
16,1,124962309,5023153,8.4,51487,,2026-09-15T06:13:13Z,2026-09-15T22:41:34Z
16,1,124886410,5665473,8.5,64895,,2026-09-13T19:30:47Z,2026-09-15T22:41:34Z
16,1,124851015,5636381,8.6,3222,,2026-09-13T04:41:42Z,2026-09-15T22:41:34Z
16,1,124700418,5023153,8.8,8774,,2026-09-10T06:04:50Z,2026-09-15T22:41:34Z
16,1,124754310,3269401,9.9,10000,,2026-09-11T06:36:16Z,2026-09-15T22:41:34Z
16,2,125000740,4503652,8.2,4841,-12248.0,2026-09-15T22:29:04Z,2026-09-15T22:41:34Z
16,2,124995522,5739629,8.4,11681,,2026-09-15T20:10:53Z,2026-09-15T22:41:34Z
16,2,124873837,5212283,8.5,170508,,2026-09-13T14:40:41Z,2026-09-15T22:41:34Z
16,2,124834532,5557994,8.7,10011,,2026-09-12T19:38:22Z,2026-09-15T22:41:34Z
16,2,124834539,5742880,8.7,8500,,2026-09-12T19:38:30Z,2026-09-15T22:41:34Z
16,2,124751626,5612398,8.8,193227,,2026-09-11T05:23:17Z,2026-09-15T22:41:34Z
16,2,124755067,5602232,8.8,38578,,2026-09-11T06:56:03Z,2026-09-15T22:41:34Z
16,2,124833968,5157805,8.8,34523,,2026-09-12T19:24:31Z,2026-09-15T22:41:34Z
16,2,124707677,5602232,8.9,49340,,2026-09-10T09:24:16Z,2026-09-15T22:41:34Z
16,2,124702458,5530175,9.1,24000,,2026-09-10T06:57:51Z,2026-09-15T22:41:34Z
16,3,125000652,5783591,8.3,1631,,2026-09-15T22:26:30Z,2026-09-15T22:41:34Z
16,3,124963276,5612398,8.4,111266,,2026-09-15T06:40:59Z,2026-09-15T22:41:34Z
16,3,124965596,3838118,8.4,1000000,,2026-09-15T07:49:39Z,2026-09-15T22:41:34Z
16,3,124897597,4901595,8.5,23893,,2026-09-14T01:04:19Z,2026-09-15T22:41:34Z
16,3,124975707,5533700,8.5,11000,,2026-09-15T12:30:44Z,2026-09-15T22:41:34Z
16,3,124987336,404236,8.5,50000,,2026-09-15T17:08:42Z,2026-09-15T22:41:34Z
16,3,124874745,3264853,8.6,4948,,2026-09-13T15:00:56Z,2026-09-15T22:41:34Z
16,3,124839662,5533700,8.7,9000,,2026-09-12T21:55:49Z,2026-09-15T22:41:34Z
16,3,124841437,802632,8.7,813204,,2026-09-12T22:50:44Z,2026-09-15T22:41:34Z
16,3,124768494,3838118,8.8,61916,,2026-09-11T13:00:35Z,2026-09-15T22:41:34Z
16,3,124780376,2630954,8.8,47819,,2026-09-11T17:47:46Z,2026-09-15T22:41:34Z
16,3,124821594,4901595,8.8,25000,,2026-09-12T14:05:20Z,2026-09-15T22:41:34Z
16,3,124836748,5491171,8.8,50000,,2026-09-12T20:35:35Z,2026-09-15T22:41:34Z
16,3,124737440,4203120,8.9,100,,2026-09-10T21:35:27Z,2026-09-15T22:41:34Z
16,3,124821580,4901595,8.9,25000,,2026-09-12T14:05:08Z,2026-09-15T22:41:34Z
16,3,124825603,5024454,8.9,115264,,2026-09-12T15:50:07Z,2026-09-15T22:41:34Z
16,3,124684634,4901595,9.0,4953,,2026-09-09T21:44:08Z,2026-09-15T22:41:34Z
16,3,124685261,2630954,9.0,1604,,2026-09-09T22:03:10Z,2026-09-15T22:41:34Z
16,3,124678144,4919359,9.1,29968,,2026-09-09T19:07:12Z,2026-09-15T22:41:34Z
16,4,124997951,1965891,8.4,1336270,-26736.0,2026-09-15T21:09:39Z,2026-09-15T22:41:34Z
16,4,124963254,1986873,8.5,67361,,2026-09-15T06:40:10Z,2026-09-15T22:41:34Z
16,4,124874879,4281838,8.6,2231,,2026-09-13T15:03:50Z,2026-09-15T22:41:34Z
16,4,124879464,4315761,8.6,268468,,2026-09-13T16:51:20Z,2026-09-15T22:41:34Z
16,4,124963857,4326956,8.6,97809,,2026-09-15T06:58:08Z,2026-09-15T22:41:34Z
16,4,124963717,3455880,8.7,298189,,2026-09-15T06:54:00Z,2026-09-15T22:41:34Z
16,4,124843915,427775,8.8,50000,,2026-09-13T00:20:18Z,2026-09-15T22:41:34Z
16,4,124875418,2541714,8.8,613497,,2026-09-13T15:16:06Z,2026-09-15T22:41:34Z
16,4,124828279,4695952,8.9,7246,,2026-09-12T16:55:29Z,2026-09-15T22:41:34Z
16,4,124831589,5566830,8.9,168206,,2026-09-12T18:23:21Z,2026-09-15T22:41:34Z
16,4,124734193,1998547,9.0,56515,,2026-09-10T20:18:15Z,2026-09-15T22:41:34Z
16,4,124771542,5566830,9.0,200000,,2026-09-11T14:19:19Z,2026-09-15T22:41:34Z
16,4,124682004,1998547,9.1,127847,,2026-09-09T20:36:23Z,2026-09-15T22:41:34Z
16,5,124966476,4223122,8.5,183296,,2026-09-15T08:17:37Z,2026-09-15T22:41:34Z
16,5,124964447,1550037,8.6,50000,,2026-09-15T07:14:28Z,2026-09-15T22:41:34Z
16,5,124876876,372657,8.7,17930,,2026-09-13T15:50:50Z,2026-09-15T22:41:34Z
16,5,124966551,4223122,8.7,107924,,2026-09-15T08:19:12Z,2026-09-15T22:41:34Z
16,5,124837681,1011105,8.8,55049,,2026-09-12T21:00:09Z,2026-09-15T22:41:34Z
16,5,124836364,3117197,8.9,37616,,2026-09-12T20:27:34Z,2026-09-15T22:41:34Z
16,5,124754710,4700548,9.0,77975,,2026-09-11T06:46:49Z,2026-09-15T22:41:34Z
16,5,124758391,4223122,9.0,200000,,2026-09-11T08:34:30Z,2026-09-15T22:41:34Z
16,5,124783497,3901802,9.0,86379,,2026-09-11T19:09:53Z,2026-09-15T22:41:34Z
16,5,124828759,2173373,9.5,100000,,2026-09-12T17:09:25Z,2026-09-15T22:41:34Z
16,6,124989953,4278886,8.5,68678,,2026-09-15T18:06:54Z,2026-09-15T22:41:34Z
16,6,124965253,3901679,8.6,76361,,2026-09-15T07:38:01Z,2026-09-15T22:41:34Z
16,6,124966464,4223122,8.6,144900,,2026-09-15T08:17:21Z,2026-09-15T22:41:34Z
16,6,124880835,4278886,8.7,155360,,2026-09-13T17:59:25Z,2026-09-15T22:41:34Z
16,6,124912220,5295000,8.7,300000,,2026-09-14T08:10:36Z,2026-09-15T22:41:34Z
16,6,124844911,4573961,8.8,105783,,2026-09-13T00:58:51Z,2026-09-15T22:41:34Z
16,6,124855847,4278886,8.9,55750,,2026-09-13T06:57:23Z,2026-09-15T22:41:34Z
16,6,124780897,4278886,9.0,218210,,2026-09-11T18:02:13Z,2026-09-15T22:41:34Z
16,6,124833898,5295000,9.0,300000,,2026-09-12T19:22:41Z,2026-09-15T22:41:34Z
16,6,124682207,4536169,9.1,65943,,2026-09-09T20:40:24Z,2026-09-15T22:41:34Z
16,6,124683697,4278886,9.1,44780,,2026-09-09T21:16:17Z,2026-09-15T22:41:34Z
16,6,124594809,4278886,9.2,52000,,2026-09-08T05:23:48Z,2026-09-15T22:41:34Z
16,6,124599898,5295000,9.2,227913,,2026-09-08T07:42:49Z,2026-09-15T22:41:34Z
16,6,124448815,4278886,9.3,116270,,2026-09-05T08:58:19Z,2026-09-15T22:41:34Z
16,6,124429783,4278886,9.4,69200,,2026-09-04T22:18:02Z,2026-09-15T22:41:34Z
16,6,124446427,4278886,9.5,5500,,2026-09-05T07:46:04Z,2026-09-15T22:41:34Z
16,7,124992000,1088184,8.5,125933,,2026-09-15T18:52:31Z,2026-09-15T22:41:34Z
16,8,124986471,1961345,8.6,145000,,2026-09-15T16:47:24Z,2026-09-15T22:41:34Z
16,8,124908072,4355746,8.8,176019,,2026-09-14T06:11:30Z,2026-09-15T22:41:34Z
16,9,124993338,3644006,8.6,1010592,,2026-09-15T19:21:01Z,2026-09-15T22:41:34Z
16,9,124685503,3644006,9.1,631294,,2026-09-09T22:11:12Z,2026-09-15T22:41:34Z
16,11,124983594,2568683,8.7,138995,,2026-09-15T15:39:33Z,2026-09-15T22:41:34Z
16,11,124969314,2568683,8.8,176308,,2026-09-15T09:40:38Z,2026-09-15T22:41:34Z
16,11,124908064,4355746,8.9,1313344,,2026-09-14T06:11:22Z,2026-09-15T22:41:34Z
16,11,124863871,2568683,9.0,188000,,2026-09-13T10:37:07Z,2026-09-15T22:41:34Z
16,11,124759254,2568683,9.1,174184,,2026-09-11T09:00:24Z,2026-09-15T22:41:34Z
16,11,124647303,4355746,9.3,1140308,,2026-09-09T05:42:52Z,2026-09-15T22:41:34Z
16,12,124970683,1666095,8.8,440000,,2026-09-15T10:18:04Z,2026-09-15T22:41:34Z
16,12,124826071,1666095,9.0,4997,,2026-09-12T16:01:44Z,2026-09-15T22:41:34Z
16,12,124970441,951597,9.0,500000,,2026-09-15T10:11:45Z,2026-09-15T22:41:34Z
16,12,124751263,4781797,9.2,52403,,2026-09-11T05:14:18Z,2026-09-15T22:41:34Z
16,12,124663593,1666095,9.3,410000,,2026-09-09T13:18:15Z,2026-09-15T22:41:34Z
17,0,125001124,5227750,14.5,500,,2026-09-15T22:41:14Z,2026-09-15T22:43:13Z
17,0,125000662,5617600,14.6,1641,,2026-09-15T22:26:48Z,2026-09-15T22:43:13Z
17,0,125000861,5547903,14.6,20000,,2026-09-15T22:33:26Z,2026-09-15T22:43:13Z
17,0,125000375,5675739,14.7,1265,,2026-09-15T22:18:28Z,2026-09-15T22:43:13Z
17,0,125000168,5770204,14.8,966,,2026-09-15T22:11:12Z,2026-09-15T22:43:13Z
17,0,125000039,3538956,14.9,19552,,2026-09-15T22:07:24Z,2026-09-15T22:43:13Z
17,0,124878159,5804456,15.0,8960,,2026-09-13T17:24:13Z,2026-09-15T22:43:13Z
17,0,124880894,3681731,15.0,672803,,2026-09-13T17:24:13Z,2026-09-15T22:43:13Z
17,0,124887740,5756666,15.0,15000,,2026-09-13T20:01:41Z,2026-09-15T22:43:13Z
17,0,124960269,5329542,15.0,8280,,2026-09-15T05:17:34Z,2026-09-15T22:43:13Z
17,0,124961508,5774374,15.0,10894,,2026-09-15T05:51:02Z,2026-09-15T22:43:13Z
17,0,124839918,4717733,15.1,17295,,2026-09-12T22:02:19Z,2026-09-15T22:43:13Z
17,0,124943497,5782741,15.1,699,,2026-09-14T20:38:30Z,2026-09-15T22:43:13Z
17,0,124693126,4817057,15.2,788,,2026-09-10T02:43:23Z,2026-09-15T22:43:13Z
17,0,124704363,5738803,15.2,375,,2026-09-10T07:48:27Z,2026-09-15T22:43:13Z
17,0,124704720,3586046,15.2,21631,,2026-09-10T07:59:33Z,2026-09-15T22:43:13Z
17,0,124722475,5317277,15.2,49062,,2026-09-10T15:31:12Z,2026-09-15T22:43:13Z
17,0,124668368,5804456,15.3,880,,2026-09-09T15:11:36Z,2026-09-15T22:43:13Z
17,0,124663941,5485776,15.5,200,,2026-09-09T13:27:25Z,2026-09-15T22:43:13Z
17,0,124837157,5257262,15.5,5780,,2026-09-12T20:46:40Z,2026-09-15T22:43:13Z
17,0,124708638,4941984,15.6,47024,,2026-09-10T09:50:26Z,2026-09-15T22:43:13Z
17,0,124751998,4659125,16.0,3296,,2026-09-11T05:31:32Z,2026-09-15T22:43:13Z
17,0,124792186,5248921,16.0,904,,2026-09-11T23:19:32Z,2026-09-15T22:43:13Z
17,0,124984892,5764031,16.0,50,,2026-09-15T16:09:58Z,2026-09-15T22:43:13Z
17,0,124984264,5764031,16.1,50,,2026-09-15T15:55:48Z,2026-09-15T22:43:13Z
17,0,124789445,5739507,17.3,380,,2026-09-11T21:47:44Z,2026-09-15T22:43:13Z
17,0,124771956,3625142,18.0,13020,,2026-09-11T14:28:32Z,2026-09-15T22:43:13Z
17,0,124985046,5764031,18.0,800,,2026-09-15T16:14:25Z,2026-09-15T22:43:13Z
17,1,125001129,5227750,14.7,11829,,2026-09-15T22:41:25Z,2026-09-15T22:43:13Z
17,1,125001125,5227750,14.8,3432,,2026-09-15T22:41:17Z,2026-09-15T22:43:13Z
17,1,125000385,4976608,15.0,120166,,2026-09-15T22:18:39Z,2026-09-15T22:43:13Z
17,1,124704861,5518297,15.2,8636,,2026-09-10T08:02:40Z,2026-09-15T22:43:13Z
17,1,124723004,5769740,15.2,2000,,2026-09-10T15:44:01Z,2026-09-15T22:43:13Z
17,1,124691787,5769740,15.3,50,,2026-09-10T01:56:09Z,2026-09-15T22:43:13Z
17,1,124692958,5769740,15.5,50,,2026-09-10T02:36:38Z,2026-09-15T22:43:13Z
17,1,124643849,5206735,15.6,2001,,2026-09-09T04:08:04Z,2026-09-15T22:43:13Z
17,1,124665962,5269446,15.8,23212,,2026-09-09T14:14:01Z,2026-09-15T22:43:13Z
17,1,124670489,5611106,15.9,80,,2026-09-09T15:59:04Z,2026-09-15T22:43:13Z
17,1,124659039,4203120,16.0,5,,2026-09-09T11:24:05Z,2026-09-15T22:43:13Z
17,2,125000614,5495901,14.9,1494,,2026-09-15T22:25:48Z,2026-09-15T22:43:13Z
17,2,125000480,4563210,15.0,16000,,2026-09-15T22:21:04Z,2026-09-15T22:43:13Z
17,2,125000589,5291955,15.0,27703,,2026-09-15T22:24:26Z,2026-09-15T22:43:13Z
17,2,124971489,5572856,15.1,11462,,2026-09-15T10:40:08Z,2026-09-15T22:43:13Z
17,2,124748829,5503285,15.3,40000,,2026-09-11T04:05:22Z,2026-09-15T22:43:13Z
17,2,124952336,5224647,15.8,482,,2026-09-15T01:17:28Z,2026-09-15T22:43:13Z
17,2,124826492,4203120,15.9,185,,2026-09-12T16:12:35Z,2026-09-15T22:43:13Z
17,2,124794022,5699226,16.2,1056,,2026-09-12T00:26:19Z,2026-09-15T22:43:13Z
17,3,124972195,4840661,15.1,17904,,2026-09-15T10:59:00Z,2026-09-15T22:43:13Z
17,3,124972815,4228416,15.1,93638,,2026-09-15T11:15:49Z,2026-09-15T22:43:13Z
17,3,124971332,5405319,15.2,27253,,2026-09-15T10:35:46Z,2026-09-15T22:43:13Z
17,3,124703062,3422125,15.3,1636,,2026-09-10T07:15:18Z,2026-09-15T22:43:13Z
17,3,124732110,4172247,15.3,110000,,2026-09-10T19:27:23Z,2026-09-15T22:43:13Z
17,3,124902606,4613200,15.3,100000,,2026-09-14T03:47:29Z,2026-09-15T22:43:13Z
17,3,124971026,4617871,15.3,59076,,2026-09-15T10:26:59Z,2026-09-15T22:43:13Z
17,3,124599822,4172247,15.5,13820,,2026-09-08T07:40:25Z,2026-09-15T22:43:13Z
17,4,124982438,3818450,15.1,159355,,2026-09-15T15:13:48Z,2026-09-15T22:43:13Z
17,4,124972341,1006655,15.2,54400,,2026-09-15T11:03:39Z,2026-09-15T22:43:13Z
17,4,124974710,5276323,15.2,128573,,2026-09-15T12:04:51Z,2026-09-15T22:43:13Z
17,4,124755217,3677889,15.3,896544,,2026-09-11T07:00:26Z,2026-09-15T22:43:13Z
17,4,124947564,5276323,15.3,35987,,2026-09-14T22:31:39Z,2026-09-15T22:43:13Z
17,4,124706102,1550037,15.4,10835,,2026-09-10T08:37:00Z,2026-09-15T22:43:13Z
17,4,124709046,5028221,15.4,300000,,2026-09-10T10:01:44Z,2026-09-15T22:43:13Z
17,4,124708252,2390965,15.5,40000,,2026-09-10T09:38:55Z,2026-09-15T22:43:13Z
17,5,124981955,2013236,15.2,61601,-132694.0,2026-09-15T15:03:14Z,2026-09-15T22:43:13Z
17,5,124976111,3198486,15.3,308728,,2026-09-15T12:41:29Z,2026-09-15T22:43:13Z
17,5,124981946,2013236,15.3,200002,,2026-09-15T15:03:01Z,2026-09-15T22:43:13Z
17,5,124707174,270536,15.4,245839,,2026-09-10T09:09:33Z,2026-09-15T22:43:13Z
17,5,124812451,3717865,15.4,75001,,2026-09-12T09:57:36Z,2026-09-15T22:43:13Z
17,5,124973400,2013236,15.4,200002,,2026-09-15T11:32:36Z,2026-09-15T22:43:13Z
17,5,124671207,2013236,15.5,200002,,2026-09-09T16:16:59Z,2026-09-15T22:43:13Z
17,5,124671222,2013236,15.6,200002,,2026-09-09T16:17:19Z,2026-09-15T22:43:13Z
17,5,124694780,312988,15.6,75000,,2026-09-10T03:38:29Z,2026-09-15T22:43:13Z
17,5,124663023,4189824,16.3,195512,,2026-09-09T13:04:25Z,2026-09-15T22:43:13Z
17,6,124977639,415937,15.3,126379,,2026-09-15T13:18:57Z,2026-09-15T22:43:13Z
17,6,124848351,2826184,15.4,19959,,2026-09-13T03:09:56Z,2026-09-15T22:43:13Z
17,6,124979257,3340065,15.4,122292,,2026-09-15T13:56:49Z,2026-09-15T22:43:13Z
17,6,124847450,3340065,15.5,280774,,2026-09-13T02:32:41Z,2026-09-15T22:43:13Z
17,7,124998506,1330627,15.5,200000,,2026-09-15T21:24:39Z,2026-09-15T22:43:13Z
17,7,124866828,1961345,15.6,335810,,2026-09-13T11:53:56Z,2026-09-15T22:43:13Z
17,7,124715960,2577023,16.0,30000,,2026-09-10T12:59:34Z,2026-09-15T22:43:13Z
17,8,124918929,3177504,15.7,27777,,2026-09-14T11:15:41Z,2026-09-15T22:43:13Z
17,8,124986504,1961345,15.7,300000,,2026-09-15T16:47:54Z,2026-09-15T22:43:13Z
17,9,124990783,3922429,15.6,250000,,2026-09-15T18:27:00Z,2026-09-15T22:43:13Z
17,10,124995171,828413,15.6,74345,,2026-09-15T20:03:10Z,2026-09-15T22:43:13Z
17,10,124930356,1673056,15.7,248569,,2026-09-14T15:43:06Z,2026-09-15T22:43:13Z
17,10,124888207,828413,15.8,65747,,2026-09-13T21:47:26Z,2026-09-15T22:43:13Z
17,10,124859075,2107752,15.9,30000,,2026-09-13T08:20:44Z,2026-09-15T22:43:13Z
17,10,124859058,2107752,16.0,30000,,2026-09-13T08:20:22Z,2026-09-15T22:43:13Z
17,10,124859064,2107752,16.5,30000,,2026-09-13T08:20:36Z,2026-09-15T22:43:13Z
17,10,124927713,2107752,17.0,30000,,2026-09-14T14:45:50Z,2026-09-15T22:43:13Z
17,11,124817240,1651457,21.5,80000,,2026-09-12T12:12:32Z,2026-09-15T22:43:13Z
17,12,124845770,3389432,20.0,13999,,2026-09-13T01:29:41Z,2026-09-15T22:43:13Z
18,0,125001118,5227750,20.25,11858,,2026-09-15T22:41:03Z,2026-09-15T22:44:04Z
18,0,124999611,4145512,20.5,38259,-160.0,2026-09-15T21:54:59Z,2026-09-15T22:44:04Z
18,0,124999793,5774374,20.5,889,,2026-09-15T22:00:49Z,2026-09-15T22:44:04Z
18,0,125000798,5711061,20.5,1112,,2026-09-15T22:30:42Z,2026-09-15T22:44:04Z
18,0,124996350,5805197,20.75,2375,,2026-09-15T20:29:44Z,2026-09-15T22:44:04Z
18,0,124996914,5738618,20.75,10318,,2026-09-15T20:42:29Z,2026-09-15T22:44:04Z
18,0,124993540,5809578,21.0,2348,,2026-09-15T19:26:22Z,2026-09-15T22:44:04Z
18,0,124996368,5805141,21.0,765,,2026-09-15T20:30:07Z,2026-09-15T22:44:04Z
18,0,124991573,4210878,21.25,10,,2026-09-15T18:43:08Z,2026-09-15T22:44:04Z
18,0,124993606,4897354,21.25,1000,,2026-09-15T19:27:51Z,2026-09-15T22:44:04Z
18,0,124971938,4897354,21.5,1000,,2026-09-15T10:52:19Z,2026-09-15T22:44:04Z
18,0,124972657,5559732,21.5,3000,,2026-09-15T11:11:40Z,2026-09-15T22:44:04Z
18,0,124810274,5498122,21.75,11288,,2026-09-12T08:54:57Z,2026-09-15T22:44:04Z
18,0,124825701,5559732,21.75,3500,,2026-09-12T15:52:49Z,2026-09-15T22:44:04Z
18,0,124831307,4897354,21.75,1000,,2026-09-12T18:17:04Z,2026-09-15T22:44:04Z
18,0,124929071,5812921,21.75,240,,2026-09-14T15:16:42Z,2026-09-15T22:44:04Z
18,0,124936296,5643501,21.75,2739,,2026-09-14T18:00:56Z,2026-09-15T22:44:04Z
18,0,124961855,5745385,21.75,1677,,2026-09-15T06:00:40Z,2026-09-15T22:44:04Z
18,0,124809834,5559732,22.0,2000,,2026-09-12T08:44:10Z,2026-09-15T22:44:04Z
18,0,124831299,4897354,22.0,1000,,2026-09-12T18:16:53Z,2026-09-15T22:44:04Z
18,0,124996047,5824060,22.0,396,,2026-09-15T20:21:53Z,2026-09-15T22:44:04Z
18,0,124809828,5559732,22.25,2000,,2026-09-12T08:43:36Z,2026-09-15T22:44:04Z
18,0,124831291,4897354,22.25,1000,,2026-09-12T18:16:46Z,2026-09-15T22:44:04Z
18,0,124798910,5804456,22.5,647,,2026-09-12T03:30:14Z,2026-09-15T22:44:04Z
18,0,124809823,5559732,22.5,1000,,2026-09-12T08:43:26Z,2026-09-15T22:44:04Z
18,0,124816585,4897354,22.5,1000,,2026-09-12T11:54:52Z,2026-09-15T22:44:04Z
18,0,124631556,4457919,22.75,1000,,2026-09-08T21:09:21Z,2026-09-15T22:44:04Z
18,0,124638127,5727539,22.75,987,,2026-09-09T00:51:15Z,2026-09-15T22:44:04Z
18,0,124680476,5290469,22.75,8803,,2026-09-09T20:02:08Z,2026-09-15T22:44:04Z
18,0,124690349,5559732,22.75,1000,,2026-09-10T01:03:40Z,2026-09-15T22:44:04Z
18,0,124763785,4897354,22.75,200,,2026-09-11T11:00:41Z,2026-09-15T22:44:04Z
18,0,124624083,5557805,23.0,7458,,2026-09-08T18:15:40Z,2026-09-15T22:44:04Z
18,0,124661778,4445430,23.0,3336,,2026-09-09T12:34:53Z,2026-09-15T22:44:04Z
18,0,124763794,4897354,23.0,200,,2026-09-11T11:00:48Z,2026-09-15T22:44:04Z
18,0,124791394,5796584,23.0,1,,2026-09-11T22:50:53Z,2026-09-15T22:44:04Z
18,0,124623581,1117810,23.25,99694,,2026-09-08T18:02:36Z,2026-09-15T22:44:04Z
18,0,124763814,4897354,23.25,200,,2026-09-11T11:01:17Z,2026-09-15T22:44:04Z
18,0,124763818,4897354,23.5,200,,2026-09-11T11:01:24Z,2026-09-15T22:44:04Z
18,0,124763827,4897354,23.75,200,,2026-09-11T11:01:38Z,2026-09-15T22:44:04Z
18,0,124763833,4897354,24.0,200,,2026-09-11T11:01:44Z,2026-09-15T22:44:04Z
18,0,124763848,4897354,24.25,200,,2026-09-11T11:02:05Z,2026-09-15T22:44:04Z
18,0,124763858,4897354,24.5,200,,2026-09-11T11:02:16Z,2026-09-15T22:44:04Z
18,0,124726871,5559732,25.75,1000,,2026-09-10T17:20:36Z,2026-09-15T22:44:04Z
18,1,124997476,5204600,20.75,8301,,2026-09-15T20:57:19Z,2026-09-15T22:44:04Z
18,1,124994824,1444642,21.0,4615,,2026-09-15T19:56:01Z,2026-09-15T22:44:04Z
18,1,124962736,1677063,21.5,55447,,2026-09-15T06:25:20Z,2026-09-15T22:44:04Z
18,1,124967950,5574732,21.5,10412,,2026-09-15T09:00:08Z,2026-09-15T22:44:04Z
18,1,124962268,5454307,21.75,786,,2026-09-15T06:11:56Z,2026-09-15T22:44:04Z
18,1,124962326,5627126,21.75,14736,,2026-09-15T06:13:45Z,2026-09-15T22:44:04Z
18,1,124806442,2214090,22.0,76182,,2026-09-12T07:12:07Z,2026-09-15T22:44:04Z
18,1,124848574,5769740,22.0,1100,,2026-09-13T03:18:07Z,2026-09-15T22:44:04Z
18,1,124883305,4941984,22.0,26874,,2026-09-13T18:19:33Z,2026-09-15T22:44:04Z
18,1,124925339,5800220,22.0,1102,,2026-09-14T13:51:00Z,2026-09-15T22:44:04Z
18,1,124960105,5743671,22.0,6306,,2026-09-15T05:13:11Z,2026-09-15T22:44:04Z
18,1,124824362,5769740,22.25,115,,2026-09-12T15:17:20Z,2026-09-15T22:44:04Z
18,1,124799803,5688570,22.5,12008,,2026-09-12T04:04:56Z,2026-09-15T22:44:04Z
18,1,124800329,5769740,22.5,800,,2026-09-12T04:24:12Z,2026-09-15T22:44:04Z
18,1,124692213,5769740,22.75,1050,,2026-09-10T02:10:52Z,2026-09-15T22:44:04Z
18,1,124760745,5153040,22.75,5500,,2026-09-11T09:42:56Z,2026-09-15T22:44:04Z
18,1,124625431,2214090,23.0,80000,,2026-09-08T18:45:57Z,2026-09-15T22:44:04Z
18,1,124643036,5811804,23.0,20,,2026-09-09T03:42:08Z,2026-09-15T22:44:04Z
18,1,124712923,5153040,23.0,2000,,2026-09-10T11:47:19Z,2026-09-15T22:44:04Z
18,1,124917382,5754271,23.0,500,,2026-09-14T10:38:02Z,2026-09-15T22:44:04Z
18,1,124951125,3272420,23.0,6,,2026-09-15T00:38:06Z,2026-09-15T22:44:04Z
18,1,124681123,1117810,23.75,343331,,2026-09-09T20:15:33Z,2026-09-15T22:44:04Z
18,1,124673327,5765951,24.0,10,,2026-09-09T17:10:27Z,2026-09-15T22:44:04Z
18,1,124696509,4817057,24.0,2,,2026-09-10T04:25:26Z,2026-09-15T22:44:04Z
18,1,124621538,1337481,25.0,5000,,2026-09-08T17:13:13Z,2026-09-15T22:44:04Z
18,2,125001222,5499662,21.0,4168,,2026-09-15T22:43:58Z,2026-09-15T22:44:04Z
18,2,124972684,5527560,21.5,9742,,2026-09-15T11:12:29Z,2026-09-15T22:44:04Z
18,2,124976558,3973140,21.5,31051,,2026-09-15T12:53:10Z,2026-09-15T22:44:04Z
18,2,124977080,3658318,21.5,5798,,2026-09-15T13:07:23Z,2026-09-15T22:44:04Z
18,2,124983907,5707775,21.5,4000,,2026-09-15T15:48:04Z,2026-09-15T22:44:04Z
18,2,124969728,1092597,21.75,42177,,2026-09-15T09:51:57Z,2026-09-15T22:44:04Z
18,2,124961604,3407075,22.0,32105,,2026-09-15T05:53:42Z,2026-09-15T22:44:04Z
18,2,124981638,4786007,22.0,45517,,2026-09-15T14:55:28Z,2026-09-15T22:44:04Z
18,2,124800674,5203157,22.5,572,,2026-09-12T04:35:17Z,2026-09-15T22:44:04Z
18,2,124927252,2903693,22.5,38063,,2026-09-14T14:33:03Z,2026-09-15T22:44:04Z
18,2,124800260,5630998,22.75,5285,,2026-09-12T04:21:31Z,2026-09-15T22:44:04Z
18,2,124970676,1117810,23.75,1914054,,2026-09-15T10:17:58Z,2026-09-15T22:44:04Z
18,2,124892480,4170845,24.0,11989,,2026-09-13T22:05:59Z,2026-09-15T22:44:04Z
18,2,124732011,3224668,25.25,1203,,2026-09-10T19:25:13Z,2026-09-15T22:44:04Z
18,3,124997886,1571789,21.25,16202,-5000.0,2026-09-15T21:08:14Z,2026-09-15T22:44:04Z
18,3,125000115,5384481,21.25,900,,2026-09-15T22:09:53Z,2026-09-15T22:44:04Z
18,3,124982249,1692780,21.5,53865,,2026-09-15T15:09:48Z,2026-09-15T22:44:04Z
18,3,124982458,3818450,21.5,18426,,2026-09-15T15:14:09Z,2026-09-15T22:44:04Z
18,3,124986259,5061030,21.5,12336,,2026-09-15T16:42:47Z,2026-09-15T22:44:04Z
18,3,124986524,4732677,21.5,18564,,2026-09-15T16:48:24Z,2026-09-15T22:44:04Z
18,3,124987342,4529198,21.5,38207,,2026-09-15T17:08:51Z,2026-09-15T22:44:04Z
18,3,124988180,5533700,21.5,5000,,2026-09-15T17:28:37Z,2026-09-15T22:44:04Z
18,3,124990003,4545977,21.5,1000,,2026-09-15T18:07:58Z,2026-09-15T22:44:04Z
18,3,124972119,4202544,21.75,279034,,2026-09-15T10:57:14Z,2026-09-15T22:44:04Z
18,3,124972478,3965170,21.75,20306,,2026-09-15T11:06:40Z,2026-09-15T22:44:04Z
18,3,124981701,4545977,21.75,3000,,2026-09-15T14:57:07Z,2026-09-15T22:44:04Z
18,3,124987393,5164686,21.75,49010,,2026-09-15T17:10:14Z,2026-09-15T22:44:04Z
18,3,124959960,3224941,22.0,86912,,2026-09-15T05:10:23Z,2026-09-15T22:44:04Z
18,3,124962073,4545977,22.0,3000,,2026-09-15T06:06:22Z,2026-09-15T22:44:04Z
18,3,124966741,5530112,22.0,6345,,2026-09-15T08:23:38Z,2026-09-15T22:44:04Z
18,3,124981262,4277645,22.0,6513,,2026-09-15T14:46:32Z,2026-09-15T22:44:04Z
18,3,124812690,1692780,22.25,53580,,2026-09-12T10:04:06Z,2026-09-15T22:44:04Z
18,3,124813015,5410071,22.25,13013,,2026-09-12T10:14:16Z,2026-09-15T22:44:04Z
18,3,124824965,5061030,22.25,4995,,2026-09-12T15:31:54Z,2026-09-15T22:44:04Z
18,3,124900243,833633,22.25,15000,,2026-09-14T02:32:12Z,2026-09-15T22:44:04Z
18,3,124904985,4277645,22.25,752,,2026-09-14T04:55:07Z,2026-09-15T22:44:04Z
18,3,124801667,337631,22.5,37628,,2026-09-12T05:08:47Z,2026-09-15T22:44:04Z
18,3,124804611,5061030,22.5,12856,,2026-09-12T06:26:53Z,2026-09-15T22:44:04Z
18,3,124903208,2390965,22.5,15000,,2026-09-14T04:06:03Z,2026-09-15T22:44:04Z
18,3,124801509,4674870,22.75,66179,,2026-09-12T05:04:01Z,2026-09-15T22:44:04Z
18,3,124803256,5164686,22.75,7258,,2026-09-12T05:53:21Z,2026-09-15T22:44:04Z
18,3,124803592,4545977,22.75,3000,,2026-09-12T06:01:37Z,2026-09-15T22:44:04Z
18,3,124652685,3483921,23.0,18299,,2026-09-09T08:19:06Z,2026-09-15T22:44:04Z
18,3,124723428,5812446,23.0,10,,2026-09-10T15:54:48Z,2026-09-15T22:44:04Z
18,3,124961381,5039494,23.0,20664,,2026-09-15T05:47:07Z,2026-09-15T22:44:04Z
18,3,124652748,2390965,23.5,10000,,2026-09-09T08:21:23Z,2026-09-15T22:44:04Z
18,3,124636181,2390965,24.25,10000,,2026-09-08T23:38:15Z,2026-09-15T22:44:04Z
18,3,124625507,166823,25.0,4,,2026-09-08T18:47:54Z,2026-09-15T22:44:04Z
18,3,124970707,1117810,25.75,980235,,2026-09-15T10:18:48Z,2026-09-15T22:44:04Z
18,3,124636153,2390965,26.0,15000,,2026-09-08T23:37:53Z,2026-09-15T22:44:04Z
18,3,124636161,2390965,29.5,15000,,2026-09-08T23:37:35Z,2026-09-15T22:44:04Z
18,4,124990262,5079889,22.0,11386,,2026-09-15T18:14:33Z,2026-09-15T22:44:04Z
18,4,124996151,5041296,22.0,185776,,2026-09-15T20:24:46Z,2026-09-15T22:44:04Z
18,4,124997745,889500,22.0,100059,,2026-09-15T21:05:08Z,2026-09-15T22:44:04Z
18,4,124897504,1461603,22.75,450000,,2026-09-14T01:01:27Z,2026-09-15T22:44:04Z
18,4,124801600,2235264,23.25,69262,,2026-09-12T05:06:53Z,2026-09-15T22:44:04Z
18,4,124839953,1783728,23.25,29109,,2026-09-12T22:03:14Z,2026-09-15T22:44:04Z
18,4,124741193,4497753,23.5,77228,,2026-09-10T23:35:39Z,2026-09-15T22:44:04Z
18,4,124696378,4022489,24.0,25000,,2026-09-10T04:22:09Z,2026-09-15T22:44:04Z
18,4,124633260,1783728,24.25,10000,,2026-09-08T21:59:54Z,2026-09-15T22:44:04Z
18,4,124633244,1783728,25.5,10000,,2026-09-08T21:59:36Z,2026-09-15T22:44:04Z
18,4,124620956,2407459,28.0,100000,,2026-09-08T17:00:25Z,2026-09-15T22:44:04Z
18,4,124620993,2407459,30.0,50000,,2026-09-08T17:01:01Z,2026-09-15T22:44:04Z
18,5,125000409,3660810,22.0,120187,-6110.0,2026-09-15T22:19:15Z,2026-09-15T22:44:04Z
18,5,124985685,4464961,22.25,146793,,2026-09-15T16:30:09Z,2026-09-15T22:44:04Z
18,5,124985339,5090450,22.5,28593,,2026-09-15T16:21:07Z,2026-09-15T22:44:04Z
18,5,124961527,4794379,22.75,2582,,2026-09-15T05:51:31Z,2026-09-15T22:44:04Z
18,5,124983850,4212849,22.75,200000,,2026-09-15T15:46:33Z,2026-09-15T22:44:04Z
18,5,124914594,5410071,23.0,90759,,2026-09-14T09:21:42Z,2026-09-15T22:44:04Z
18,5,124940738,3144654,23.0,30000,,2026-09-14T19:35:31Z,2026-09-15T22:44:04Z
18,5,124951003,5352241,23.0,129607,,2026-09-15T00:33:06Z,2026-09-15T22:44:04Z
18,5,124953712,4022489,23.0,50000,,2026-09-15T02:00:25Z,2026-09-15T22:44:04Z
18,5,124853665,4022489,23.25,150000,,2026-09-13T05:59:34Z,2026-09-15T22:44:04Z
18,5,124907763,3660810,23.25,157034,,2026-09-14T06:04:27Z,2026-09-15T22:44:04Z
18,5,124808942,5410071,23.5,150000,,2026-09-12T08:18:10Z,2026-09-15T22:44:04Z
18,5,124903305,4022489,23.5,50000,,2026-09-14T04:08:40Z,2026-09-15T22:44:04Z
18,5,124760805,4371653,23.75,75000,,2026-09-11T09:44:28Z,2026-09-15T22:44:04Z
18,5,124780576,4212849,23.75,300000,,2026-09-11T17:53:59Z,2026-09-15T22:44:04Z
18,5,124794675,4022489,23.75,50000,,2026-09-12T00:51:11Z,2026-09-15T22:44:04Z
18,5,124743008,5352241,24.0,105202,,2026-09-11T00:38:34Z,2026-09-15T22:44:04Z
18,5,124632307,5410071,24.5,155980,,2026-09-08T21:31:47Z,2026-09-15T22:44:04Z
18,5,124821560,2658695,25.0,33411,,2026-09-12T14:04:41Z,2026-09-15T22:44:04Z
18,6,124992108,4766436,23.0,81225,,2026-09-15T18:54:37Z,2026-09-15T22:44:04Z
18,6,124969882,2335324,23.25,7533,,2026-09-15T09:57:11Z,2026-09-15T22:44:04Z
18,6,124945102,4766436,23.5,179866,,2026-09-14T21:19:29Z,2026-09-15T22:44:04Z
18,6,124941540,2335324,23.75,6468,,2026-09-14T19:52:50Z,2026-09-15T22:44:04Z
18,6,124885641,4766436,24.0,220385,,2026-09-13T19:13:40Z,2026-09-15T22:44:04Z
18,6,124870812,2335324,24.25,13647,,2026-09-13T16:26:01Z,2026-09-15T22:44:04Z
18,6,124753572,3047324,24.5,23766,,2026-09-11T06:15:02Z,2026-09-15T22:44:04Z
18,6,124786549,3387349,24.5,150000,,2026-09-11T20:27:19Z,2026-09-15T22:44:04Z
18,6,124794655,4022489,24.5,80000,,2026-09-12T00:50:23Z,2026-09-15T22:44:04Z
18,6,124709455,2335324,24.75,2948,,2026-09-10T10:11:28Z,2026-09-15T22:44:04Z
18,6,124699052,2335324,25.0,14649,,2026-09-10T05:29:58Z,2026-09-15T22:44:04Z
18,6,124625102,2517752,25.25,23800,,2026-09-08T18:39:04Z,2026-09-15T22:44:04Z
18,6,124674934,3732622,25.25,36701,,2026-09-09T17:49:56Z,2026-09-15T22:44:04Z
18,6,124614521,2335324,25.5,4518,,2026-09-08T14:25:56Z,2026-09-15T22:44:04Z
18,6,124605244,2517752,25.75,24638,,2026-09-08T10:20:34Z,2026-09-15T22:44:04Z
18,6,124603885,2335324,26.0,3791,,2026-09-08T09:43:00Z,2026-09-15T22:44:04Z
18,6,124684668,3422125,26.0,15263,,2026-09-09T21:45:29Z,2026-09-15T22:44:04Z
18,7,124985597,4579969,23.25,11333,,2026-09-15T16:27:47Z,2026-09-15T22:44:04Z
18,7,124743199,4579969,24.75,44281,,2026-09-11T00:45:48Z,2026-09-15T22:44:04Z
18,7,124700430,4579969,25.0,30126,,2026-09-10T06:05:08Z,2026-09-15T22:44:04Z
18,7,124710165,3422125,25.0,820,,2026-09-10T10:31:21Z,2026-09-15T22:44:04Z
18,7,124669743,4579969,25.25,20900,,2026-09-09T15:41:39Z,2026-09-15T22:44:04Z
18,7,124643194,1407443,26.0,52249,,2026-09-09T03:48:00Z,2026-09-15T22:44:04Z
18,8,124974975,378847,23.5,47975,,2026-09-15T12:11:41Z,2026-09-15T22:44:04Z
18,8,124613304,3230925,26.25,12612,,2026-09-08T13:56:27Z,2026-09-15T22:44:04Z
18,8,124873291,1623152,26.75,8000,,2026-09-13T14:27:37Z,2026-09-15T22:44:04Z
18,9,124942684,1699050,23.75,74902,,2026-09-14T20:18:36Z,2026-09-15T22:44:04Z
18,9,124912337,1699050,24.75,45880,,2026-09-14T08:14:38Z,2026-09-15T22:44:04Z
18,9,124661675,1444642,27.0,150000,,2026-09-09T12:31:45Z,2026-09-15T22:44:04Z
18,9,124694071,5459724,27.0,1030,,2026-09-10T03:14:43Z,2026-09-15T22:44:04Z
18,10,124629498,3473368,28.0,8929,,2026-09-08T20:16:13Z,2026-09-15T22:44:04Z
18,10,124654719,1699050,28.5,2000,,2026-09-09T09:20:38Z,2026-09-15T22:44:04Z
19,0,125001132,5740205,10.4,930,,2026-09-15T22:41:30Z,2026-09-15T22:43:47Z
19,0,125000043,3538956,10.5,7383,-600.0,2026-09-15T22:07:30Z,2026-09-15T22:43:47Z
19,0,124999564,5700893,10.6,5176,,2026-09-15T21:53:54Z,2026-09-15T22:43:47Z
19,0,124994549,5280219,10.7,20990,,2026-09-15T19:48:28Z,2026-09-15T22:43:47Z
19,0,124983254,3450449,10.8,41071,,2026-09-15T15:30:34Z,2026-09-15T22:43:47Z
19,0,124998519,5280219,10.8,6525,,2026-09-15T21:25:02Z,2026-09-15T22:43:47Z
19,0,124994508,5619922,10.9,15028,,2026-09-15T19:47:29Z,2026-09-15T22:43:47Z
19,0,124993800,5618636,11.0,36477,,2026-09-15T19:32:21Z,2026-09-15T22:43:47Z
19,0,124996656,5782186,11.0,1507,,2026-09-15T20:36:08Z,2026-09-15T22:43:47Z
19,0,124990731,5804456,11.1,1317,,2026-09-15T18:26:05Z,2026-09-15T22:43:47Z
19,0,124972442,4995326,11.2,476,,2026-09-15T11:05:52Z,2026-09-15T22:43:47Z
19,0,124993096,4193246,11.3,2936,,2026-09-15T19:15:18Z,2026-09-15T22:43:47Z
19,0,124944832,5703775,11.4,5098,,2026-09-14T21:12:47Z,2026-09-15T22:43:47Z
19,0,124911222,5649315,11.5,757,,2026-09-14T07:40:17Z,2026-09-15T22:43:47Z
19,0,124514720,5269446,11.7,43284,,2026-09-06T15:58:52Z,2026-09-15T22:43:47Z
19,0,124738456,4506322,11.7,30320,,2026-09-10T22:04:39Z,2026-09-15T22:43:47Z
19,0,124880864,5804456,11.7,150,,2026-09-13T17:23:31Z,2026-09-15T22:43:47Z
19,0,124634582,4966267,11.8,3896,,2026-09-08T22:46:15Z,2026-09-15T22:43:47Z
19,0,124764574,5828123,12.3,452,,2026-09-11T11:19:59Z,2026-09-15T22:43:47Z
19,0,124727376,5248921,13.0,1560,,2026-09-10T17:34:42Z,2026-09-15T22:43:47Z
19,0,124790972,5583072,13.0,11,,2026-09-11T22:34:55Z,2026-09-15T22:43:47Z
19,0,124831795,3272420,13.0,3938,,2026-09-12T18:28:08Z,2026-09-15T22:43:47Z
19,0,124844610,5756766,13.0,79,,2026-09-13T00:46:06Z,2026-09-15T22:43:47Z
19,0,124989965,1114931,13.3,270876,,2026-09-15T18:07:03Z,2026-09-15T22:43:47Z
19,0,124867887,4520132,13.5,6568,,2026-09-13T12:16:55Z,2026-09-15T22:43:47Z
19,0,124630017,1114931,13.8,8871,,2026-09-08T20:28:25Z,2026-09-15T22:43:47Z
19,0,124975611,5583072,14.0,90,,2026-09-15T12:29:12Z,2026-09-15T22:43:47Z
19,1,124999863,4576057,11.2,84609,,2026-09-15T22:03:12Z,2026-09-15T22:43:47Z
19,1,124999252,72619,11.3,5060,,2026-09-15T21:45:58Z,2026-09-15T22:43:47Z
19,1,124980752,1493334,11.4,75504,,2026-09-15T14:33:59Z,2026-09-15T22:43:47Z
19,1,124778687,5685894,11.8,199,,2026-09-11T17:05:12Z,2026-09-15T22:43:47Z
19,1,124690491,5583072,12.0,9,,2026-09-10T01:08:13Z,2026-09-15T22:43:47Z
19,1,124861769,1306086,12.0,6858,,2026-09-13T09:36:45Z,2026-09-15T22:43:47Z
19,1,124831871,3272420,13.0,1398,,2026-09-12T18:30:10Z,2026-09-15T22:43:47Z
19,2,124988132,1581069,11.5,653,,2026-09-15T17:27:51Z,2026-09-15T22:43:47Z
19,2,124996968,4783946,11.5,7290,,2026-09-15T20:44:13Z,2026-09-15T22:43:47Z
19,2,125000905,5675669,11.5,2818,,2026-09-15T22:34:57Z,2026-09-15T22:43:47Z
19,2,124945639,4766565,11.6,62245,,2026-09-14T21:34:13Z,2026-09-15T22:43:47Z
19,2,124951708,3426657,11.6,10000,,2026-09-15T00:56:15Z,2026-09-15T22:43:47Z
19,2,124911560,4381783,11.7,100000,,2026-09-14T07:49:20Z,2026-09-15T22:43:47Z
19,2,124623631,5465641,11.8,6600,,2026-09-08T18:04:09Z,2026-09-15T22:43:47Z
19,2,124756998,3426657,11.8,66450,,2026-09-11T07:52:30Z,2026-09-15T22:43:47Z
19,2,124779303,1581069,11.8,26355,,2026-09-11T17:20:33Z,2026-09-15T22:43:47Z
19,2,124622626,5016519,11.9,30808,,2026-09-08T17:38:29Z,2026-09-15T22:43:47Z
19,2,124702072,5825903,12.0,50,,2026-09-10T06:48:30Z,2026-09-15T22:43:47Z
19,3,124859159,3490283,11.8,24822,,2026-09-13T08:23:20Z,2026-09-15T22:43:47Z
19,3,125000516,5419265,11.8,10000,,2026-09-15T22:22:08Z,2026-09-15T22:43:47Z
19,3,124633815,4901595,12.0,100000,,2026-09-08T22:18:01Z,2026-09-15T22:43:47Z
19,3,124829519,4585238,12.0,112792,,2026-09-12T17:29:07Z,2026-09-15T22:43:47Z
19,3,124620709,5205016,12.1,75030,,2026-09-08T16:54:11Z,2026-09-15T22:43:47Z
19,3,124925853,5269129,12.2,41585,,2026-09-14T14:01:54Z,2026-09-15T22:43:47Z
19,4,124816667,4498283,11.9,95115,,2026-09-12T11:57:09Z,2026-09-15T22:43:47Z
19,4,124633550,2691035,12.0,976781,,2026-09-08T22:08:56Z,2026-09-15T22:43:47Z
19,5,124981778,1035499,11.9,95279,,2026-09-15T14:58:47Z,2026-09-15T22:43:47Z
19,5,124955633,4042301,12.0,523784,,2026-09-15T03:10:05Z,2026-09-15T22:43:47Z
19,5,124808142,1456107,12.1,238002,,2026-09-12T07:56:32Z,2026-09-15T22:43:47Z
19,5,124632843,4042301,12.2,268925,,2026-09-08T21:47:13Z,2026-09-15T22:43:47Z
19,6,125000454,4403361,11.8,103510,,2026-09-15T22:20:26Z,2026-09-15T22:43:47Z
19,6,124973771,1362820,12.1,353319,,2026-09-15T11:40:39Z,2026-09-15T22:43:47Z
19,6,124946499,3774430,12.3,127151,,2026-09-14T21:56:36Z,2026-09-15T22:43:47Z
19,6,124408605,3446880,12.4,53363,,2026-09-04T13:10:21Z,2026-09-15T22:43:47Z
19,6,124809204,3908122,12.4,22,,2026-09-12T08:24:43Z,2026-09-15T22:43:47Z
19,6,124809210,3908122,12.5,22,,2026-09-12T08:24:47Z,2026-09-15T22:43:47Z
19,6,124809215,3908122,12.6,22,,2026-09-12T08:24:50Z,2026-09-15T22:43:47Z
19,7,124763660,4574637,14.3,59138,,2026-09-11T10:57:04Z,2026-09-15T22:43:47Z
19,7,124948391,2465059,15.3,41169,,2026-09-14T22:59:43Z,2026-09-15T22:43:47Z
19,8,124990681,5105044,12.9,105229,,2026-09-15T18:25:04Z,2026-09-15T22:43:47Z
19,9,124950004,3816227,13.3,46567,,2026-09-14T23:54:42Z,2026-09-15T22:43:47Z
19,9,124930475,372657,13.4,50000,,2026-09-14T15:45:38Z,2026-09-15T22:43:47Z
19,9,124916925,3816227,13.5,50000,,2026-09-14T10:25:54Z,2026-09-15T22:43:47Z
19,9,124901587,372657,13.6,50000,,2026-09-14T03:15:10Z,2026-09-15T22:43:47Z
19,9,124895490,3816227,13.7,50000,,2026-09-13T23:49:23Z,2026-09-15T22:43:47Z
19,9,124876915,372657,13.8,50000,,2026-09-13T15:51:43Z,2026-09-15T22:43:47Z
19,9,124852882,3816227,13.9,50000,,2026-09-13T05:35:48Z,2026-09-15T22:43:47Z
19,9,124848680,372657,14.0,50000,,2026-09-13T03:21:14Z,2026-09-15T22:43:47Z
19,9,124848466,3816227,14.1,100000,,2026-09-13T03:13:35Z,2026-09-15T22:43:47Z
19,9,124802102,372657,14.2,50000,,2026-09-12T05:20:16Z,2026-09-15T22:43:47Z
19,9,124795178,4627053,14.3,250000,,2026-09-12T01:12:05Z,2026-09-15T22:43:47Z
19,9,124641038,372657,14.5,50000,,2026-09-09T02:32:05Z,2026-09-15T22:43:47Z
19,10,124931242,1693424,17.0,30999,,2026-09-14T16:03:30Z,2026-09-15T22:43:47Z
19,10,124930483,372657,18.5,50000,,2026-09-14T15:45:46Z,2026-09-15T22:43:47Z
19,11,124980851,4749812,18.3,999,,2026-09-15T14:36:17Z,2026-09-15T22:43:47Z
19,11,124953555,372657,18.4,9979,,2026-09-15T01:55:58Z,2026-09-15T22:43:47Z
19,11,124932185,4749812,18.5,979,,2026-09-14T16:25:04Z,2026-09-15T22:43:47Z
19,11,124930457,372657,18.6,9997,,2026-09-14T15:45:10Z,2026-09-15T22:43:47Z
19,11,124906598,4749812,18.7,997,,2026-09-14T05:33:13Z,2026-09-15T22:43:47Z
19,11,124876893,372657,18.8,9999,,2026-09-13T15:51:15Z,2026-09-15T22:43:47Z
19,11,124864928,4749812,18.9,999,,2026-09-13T11:04:19Z,2026-09-15T22:43:47Z
19,11,124848675,372657,19.0,9999,,2026-09-13T03:21:04Z,2026-09-15T22:43:47Z
19,11,124802085,372657,19.2,9999,,2026-09-12T05:20:03Z,2026-09-15T22:43:47Z
19,11,124739752,372657,19.4,9999,,2026-09-10T22:45:46Z,2026-09-15T22:43:47Z
19,11,124677894,4161496,19.6,1000,,2026-09-09T19:01:56Z,2026-09-15T22:43:47Z
19,11,124641032,372657,19.8,999,,2026-09-09T02:31:54Z,2026-09-15T22:43:47Z
20,0,125000064,5300819,116.0,905,,2026-09-15T22:08:10Z,2026-09-15T22:43:46Z
20,0,124999943,2050624,117.0,3352,,2026-09-15T22:05:14Z,2026-09-15T22:43:46Z
20,0,125000016,5476133,118.0,900,,2026-09-15T22:06:56Z,2026-09-15T22:43:46Z
20,0,124994976,5613513,119.0,2210,,2026-09-15T19:59:15Z,2026-09-15T22:43:46Z
20,0,124998479,4993435,119.0,693,,2026-09-15T21:23:20Z,2026-09-15T22:43:46Z
20,0,124972712,5320547,120.0,8898,,2026-09-15T11:13:10Z,2026-09-15T22:43:46Z
20,0,124999592,5777053,120.0,30,,2026-09-15T21:54:26Z,2026-09-15T22:43:46Z
20,0,124972592,1117810,121.0,123683,,2026-09-15T11:10:04Z,2026-09-15T22:43:46Z
20,0,124679847,5290469,122.0,3,,2026-09-09T19:46:49Z,2026-09-15T22:43:46Z
20,0,124809273,3567275,125.0,5509,,2026-09-12T08:26:13Z,2026-09-15T22:43:46Z
20,0,124632170,5248921,130.0,2000,,2026-09-08T21:28:01Z,2026-09-15T22:43:46Z
20,0,124756674,5828233,130.0,5,,2026-09-11T07:42:30Z,2026-09-15T22:43:46Z
20,0,124787732,5829367,130.0,40,,2026-09-11T20:58:35Z,2026-09-15T22:43:46Z
20,0,124826427,5797890,130.0,50,,2026-09-12T16:11:06Z,2026-09-15T22:43:46Z
20,1,124738561,2278522,123.0,13810,,2026-09-10T22:08:23Z,2026-09-15T22:43:46Z
20,1,124705497,4675509,125.0,5400,,2026-09-10T08:22:04Z,2026-09-15T22:43:46Z
20,1,124964700,5657136,131.0,612,,2026-09-15T07:21:45Z,2026-09-15T22:43:46Z
20,2,125000513,5523574,121.0,27,,2026-09-15T22:21:58Z,2026-09-15T22:43:46Z
20,2,125000150,5525541,122.0,558,,2026-09-15T22:10:44Z,2026-09-15T22:43:46Z
20,2,125000286,4193246,122.0,500,,2026-09-15T22:15:41Z,2026-09-15T22:43:46Z
20,2,124999649,5523574,123.0,405,,2026-09-15T21:56:01Z,2026-09-15T22:43:46Z
20,2,124703027,3422125,125.0,1364,,2026-09-10T07:14:14Z,2026-09-15T22:43:46Z
20,2,124609771,2943846,136.0,10235,,2026-09-08T12:28:17Z,2026-09-15T22:43:46Z
20,3,124997737,4848474,124.0,1529,,2026-09-15T21:04:55Z,2026-09-15T22:43:46Z
20,3,124999972,4370985,124.0,1996,,2026-09-15T22:05:57Z,2026-09-15T22:43:46Z
20,4,124961781,3702244,125.0,5000,,2026-09-15T05:58:44Z,2026-09-15T22:43:46Z
20,4,124976123,5409354,125.0,6435,,2026-09-15T12:41:49Z,2026-09-15T22:43:46Z
20,4,124979619,3078616,125.0,20000,,2026-09-15T14:05:51Z,2026-09-15T22:43:46Z
20,4,124919168,2308135,126.0,1000,,2026-09-14T11:21:44Z,2026-09-15T22:43:46Z
20,4,124908670,1456556,135.0,5005,,2026-09-14T06:29:44Z,2026-09-15T22:43:46Z
20,5,124988785,3373226,125.0,28569,,2026-09-15T17:41:21Z,2026-09-15T22:43:46Z
20,5,124924423,3155052,126.0,30000,,2026-09-14T13:31:57Z,2026-09-15T22:43:46Z
20,5,124652873,1456556,134.0,29441,,2026-09-09T08:25:50Z,2026-09-15T22:43:46Z
20,6,124956878,2116918,126.0,20691,,2026-09-15T03:46:33Z,2026-09-15T22:43:46Z
20,6,124765217,4478351,127.0,28998,,2026-09-11T11:35:28Z,2026-09-15T22:43:46Z
20,6,124764286,3135292,128.0,2448,,2026-09-11T11:13:23Z,2026-09-15T22:43:46Z
20,7,124911954,4141352,129.0,1000,,2026-09-14T08:03:21Z,2026-09-15T22:43:46Z
20,7,124820870,1450423,130.0,1000,,2026-09-12T13:45:07Z,2026-09-15T22:43:46Z
20,7,124951751,5138409,133.0,10000,,2026-09-15T00:57:50Z,2026-09-15T22:43:46Z
20,7,124803208,2204293,134.0,22222,,2026-09-12T05:52:14Z,2026-09-15T22:43:46Z
20,7,124951775,5138409,134.0,10000,,2026-09-15T00:58:43Z,2026-09-15T22:43:46Z
20,7,124799141,2053486,135.0,6193,,2026-09-12T03:38:41Z,2026-09-15T22:43:46Z
20,7,124951783,5138409,136.0,11722,,2026-09-15T00:58:51Z,2026-09-15T22:43:46Z
20,7,124964841,2204293,139.0,25000,,2026-09-15T07:25:39Z,2026-09-15T22:43:46Z
20,7,124763761,3017848,159.0,16466,,2026-09-11T11:00:04Z,2026-09-15T22:43:46Z
20,8,124970987,3148074,135.0,100000,,2026-09-15T10:25:58Z,2026-09-15T22:43:46Z
20,8,124964717,2253301,137.0,49998,,2026-09-15T07:22:07Z,2026-09-15T22:43:46Z
21,0,124997797,4780300,59.0,82,,2026-09-15T21:06:14Z,2026-09-15T22:43:47Z
21,0,125001110,5755012,59.0,110,,2026-09-15T22:40:44Z,2026-09-15T22:43:47Z
21,0,124955573,5276155,59.5,17732,,2026-09-15T03:08:04Z,2026-09-15T22:43:47Z
21,0,124646977,5290469,60.0,1535,,2026-09-09T05:34:20Z,2026-09-15T22:43:47Z
21,0,124727699,5276155,60.0,17500,,2026-09-10T17:43:37Z,2026-09-15T22:43:47Z
21,0,124881424,5782741,60.0,231,,2026-09-13T17:35:56Z,2026-09-15T22:43:47Z
21,0,124897222,5427707,60.5,201,,2026-09-14T00:50:30Z,2026-09-15T22:43:47Z
21,0,124705505,4675509,61.0,28975,,2026-09-10T08:22:19Z,2026-09-15T22:43:47Z
21,1,124450199,4090754,60.0,14002,,2026-09-05T09:40:49Z,2026-09-15T22:43:47Z
21,1,124932553,5835289,60.0,103,,2026-09-14T16:33:02Z,2026-09-15T22:43:47Z
21,1,124647001,5290469,61.0,181,,2026-09-09T05:34:25Z,2026-09-15T22:43:47Z
21,1,124881432,5782741,61.0,1162,,2026-09-13T17:36:08Z,2026-09-15T22:43:47Z
21,2,125001184,5748824,57.5,1200,,2026-09-15T22:42:51Z,2026-09-15T22:43:47Z
21,2,125001150,5414545,58.0,614,,2026-09-15T22:42:01Z,2026-09-15T22:43:47Z
21,2,125000993,4609079,58.5,6213,,2026-09-15T22:37:33Z,2026-09-15T22:43:47Z
21,2,124972111,5094325,59.5,15000,,2026-09-15T10:56:59Z,2026-09-15T22:43:47Z
21,2,124998211,5657136,59.5,4000,,2026-09-15T21:16:13Z,2026-09-15T22:43:47Z
21,2,124814810,4090754,60.0,45298,,2026-09-12T11:05:22Z,2026-09-15T22:43:47Z
21,2,124655086,1770751,61.5,2318,,2026-09-09T09:32:08Z,2026-09-15T22:43:47Z
21,2,124609783,2943846,64.0,8805,,2026-09-08T12:28:46Z,2026-09-15T22:43:47Z
21,3,125000491,3420881,59.0,62754,,2026-09-15T22:21:20Z,2026-09-15T22:43:47Z
21,3,124975155,4161496,59.5,23703,,2026-09-15T12:17:02Z,2026-09-15T22:43:47Z
21,3,124987438,5280102,59.5,10617,,2026-09-15T17:11:12Z,2026-09-15T22:43:47Z
21,3,124917742,3420881,60.0,1077,,2026-09-14T10:46:21Z,2026-09-15T22:43:47Z
21,3,124919520,1699270,60.0,9377,,2026-09-14T11:30:57Z,2026-09-15T22:43:47Z
21,3,124921613,3822102,60.0,19820,,2026-09-14T12:21:31Z,2026-09-15T22:43:47Z
21,3,124972765,2835459,60.0,50000,,2026-09-15T11:14:31Z,2026-09-15T22:43:47Z
21,3,124688607,3702686,60.5,1801,,2026-09-09T23:59:49Z,2026-09-15T22:43:47Z
21,3,124753163,3822102,60.5,15998,,2026-09-11T06:04:18Z,2026-09-15T22:43:47Z
21,3,124860030,4161496,60.5,100000,,2026-09-13T08:45:59Z,2026-09-15T22:43:47Z
21,3,124998379,1478052,60.5,60000,,2026-09-15T21:20:33Z,2026-09-15T22:43:47Z
21,3,124622510,5197374,61.0,40000,,2026-09-08T17:35:02Z,2026-09-15T22:43:47Z
21,3,124899054,4293139,62.0,58329,,2026-09-14T01:51:54Z,2026-09-15T22:43:47Z
21,3,124599227,5517995,63.0,29,,2026-09-08T07:21:09Z,2026-09-15T22:43:47Z
21,4,124966087,4809305,60.5,38034,,2026-09-15T08:06:59Z,2026-09-15T22:43:47Z
21,4,124967979,1633108,60.5,5766,,2026-09-15T09:00:53Z,2026-09-15T22:43:47Z
21,4,124972795,2434857,60.5,50000,,2026-09-15T11:15:13Z,2026-09-15T22:43:47Z
21,4,124897747,3202167,61.0,36657,,2026-09-14T01:08:02Z,2026-09-15T22:43:47Z
21,4,124960458,2126430,61.0,10000,,2026-09-15T05:21:57Z,2026-09-15T22:43:47Z
21,4,124680585,1527358,61.5,172904,,2026-09-09T20:04:36Z,2026-09-15T22:43:47Z
21,4,124896353,3702686,63.5,200000,,2026-09-14T00:21:08Z,2026-09-15T22:43:47Z
21,4,124985097,2308135,66.0,1000,,2026-09-15T16:15:30Z,2026-09-15T22:43:47Z
21,5,125000420,3660810,61.0,24530,,2026-09-15T22:19:27Z,2026-09-15T22:43:47Z
21,5,124911854,3045635,61.5,12553,,2026-09-14T08:00:08Z,2026-09-15T22:43:47Z
21,5,124908430,4784916,62.0,15000,,2026-09-14T06:23:00Z,2026-09-15T22:43:47Z
21,5,124894301,1088184,64.0,627,,2026-09-13T23:07:01Z,2026-09-15T22:43:47Z
21,5,124892208,1783728,65.5,10000,,2026-09-13T21:56:52Z,2026-09-15T22:43:47Z
21,5,124892200,1783728,66.0,10000,,2026-09-13T21:56:37Z,2026-09-15T22:43:47Z
21,5,124892194,1783728,66.5,10000,,2026-09-13T21:56:31Z,2026-09-15T22:43:47Z
21,5,124892214,1783728,67.0,10000,,2026-09-13T21:57:05Z,2026-09-15T22:43:47Z
21,5,124892217,1783728,67.5,10000,,2026-09-13T21:57:14Z,2026-09-15T22:43:47Z
21,5,124892221,1783728,68.0,10000,,2026-09-13T21:57:22Z,2026-09-15T22:43:47Z
21,5,124892232,1783728,69.0,10000,,2026-09-13T21:57:39Z,2026-09-15T22:43:47Z
21,6,124902568,4590033,62.5,54289,,2026-09-14T03:46:17Z,2026-09-15T22:43:47Z
21,6,124900896,4545330,63.0,20000,,2026-09-14T02:54:03Z,2026-09-15T22:43:47Z
21,6,124897212,4465742,65.0,50000,,2026-09-14T00:50:17Z,2026-09-15T22:43:47Z
21,6,124661383,2577023,69.0,150000,,2026-09-09T12:24:08Z,2026-09-15T22:43:47Z
21,6,124900891,4545330,73.0,20000,,2026-09-14T02:53:54Z,2026-09-15T22:43:47Z
21,7,124958540,2204293,65.0,90810,,2026-09-15T04:35:32Z,2026-09-15T22:43:47Z
21,7,124953947,98583,65.5,35000,,2026-09-15T02:08:47Z,2026-09-15T22:43:47Z
21,7,124944025,3713096,66.0,22051,,2026-09-14T20:51:54Z,2026-09-15T22:43:47Z
21,7,124673389,2204293,66.5,48835,,2026-09-09T17:11:42Z,2026-09-15T22:43:47Z
21,8,124710332,5648963,64.5,1,,2026-09-10T10:36:12Z,2026-09-10T19:57:28Z
21,11,124982634,4206521,66.0,40000,,2026-09-15T15:18:29Z,2026-09-15T22:43:47Z
21,11,124774125,4206521,68.0,7495,,2026-09-11T15:19:58Z,2026-09-15T22:43:47Z
22,0,124995548,5232201,90.0,4839,,2026-09-15T20:11:21Z,2026-09-15T22:44:46Z
22,0,124991596,5793859,90.5,200,,2026-09-15T18:43:40Z,2026-09-15T22:44:46Z
22,0,124993093,5702762,90.5,28,,2026-09-15T19:15:14Z,2026-09-15T22:44:46Z
22,0,124995106,5743859,90.5,664,,2026-09-15T20:01:38Z,2026-09-15T22:44:46Z
22,0,124990202,5789702,91.0,468,,2026-09-15T18:13:12Z,2026-09-15T22:44:46Z
22,0,124990064,5702762,91.5,56,,2026-09-15T18:09:31Z,2026-09-15T22:44:46Z
22,0,124775893,4993435,92.0,3359,,2026-09-11T15:57:36Z,2026-09-15T22:44:46Z
22,0,124972258,1199149,92.0,481,,2026-09-15T11:01:14Z,2026-09-15T22:44:46Z
22,0,124920040,3555521,92.5,30,,2026-09-14T11:42:43Z,2026-09-15T22:44:46Z
22,0,124850036,4836217,141.0,1,,2026-09-13T04:08:48Z,2026-09-15T22:44:46Z
22,1,124994351,5781152,90.0,89,,2026-09-15T19:44:09Z,2026-09-15T22:44:46Z
22,1,124998689,5578308,90.0,1113,,2026-09-15T21:29:28Z,2026-09-15T22:44:46Z
22,1,124990295,5749612,91.5,162,,2026-09-15T18:15:33Z,2026-09-15T22:44:46Z
22,1,124913525,5657136,95.5,605,,2026-09-14T08:49:00Z,2026-09-15T22:44:46Z
22,1,124725315,5726164,140.0,1,,2026-09-10T16:40:52Z,2026-09-15T22:44:46Z
22,1,124856425,5726164,142.0,1,,2026-09-13T07:12:05Z,2026-09-15T22:44:46Z
22,2,124997662,889500,90.0,15416,-1350.0,2026-09-15T21:02:43Z,2026-09-15T22:44:46Z
22,2,124994207,5369285,90.5,638,,2026-09-15T19:40:34Z,2026-09-15T22:44:46Z
22,2,124991241,5663648,91.5,499,,2026-09-15T18:35:45Z,2026-09-15T22:44:46Z
22,2,124999437,5564431,91.5,20100,,2026-09-15T21:50:45Z,2026-09-15T22:44:46Z
22,2,124980863,3700375,92.0,101279,,2026-09-15T14:36:33Z,2026-09-15T22:44:46Z
22,2,124609756,2943846,93.5,12214,,2026-09-08T12:27:46Z,2026-09-15T22:44:46Z
22,2,124988740,5829034,96.0,3,,2026-09-15T17:40:40Z,2026-09-15T22:44:46Z
22,3,124991047,1507866,92.0,169447,,2026-09-15T18:32:21Z,2026-09-15T22:44:46Z
22,3,124990201,2721726,93.0,3306,,2026-09-15T18:13:12Z,2026-09-15T22:44:46Z
22,5,124766925,3065826,94.0,6073,,2026-09-11T12:20:27Z,2026-09-15T22:44:46Z
22,5,124695920,4099614,95.0,20000,,2026-09-10T04:12:04Z,2026-09-15T22:44:46Z
22,5,124695935,4099614,96.0,20000,,2026-09-10T04:12:18Z,2026-09-15T22:44:46Z
22,5,124695941,4099614,97.0,20000,,2026-09-10T04:12:28Z,2026-09-15T22:44:46Z
22,6,124999379,4884160,96.0,50000,,2026-09-15T21:49:06Z,2026-09-15T22:44:46Z
22,7,125001164,5252653,94.0,10000,,2026-09-15T22:42:25Z,2026-09-15T22:44:46Z
22,7,124715994,2577023,95.0,5000,,2026-09-10T13:00:17Z,2026-09-15T22:44:46Z
22,8,124599920,2577023,98.0,5000,,2026-09-08T07:43:33Z,2026-09-15T22:44:46Z
22,9,124974947,378847,94.5,4786,,2026-09-15T12:10:47Z,2026-09-15T22:44:46Z
22,10,124738544,828413,106.0,9899,,2026-09-10T22:07:41Z,2026-09-15T22:44:46Z
22,11,124823858,3850873,110.0,47913,,2026-09-12T15:06:13Z,2026-09-15T22:44:46Z
23,0,124999546,4145512,118.0,6633,,2026-09-15T21:53:25Z,2026-09-15T22:42:03Z
23,0,124972984,5615455,120.0,2100,,2026-09-15T11:20:12Z,2026-09-15T22:42:03Z
23,0,124970760,5219471,121.0,2479,,2026-09-15T10:20:16Z,2026-09-15T22:42:03Z
23,0,124998997,5594438,121.0,719,,2026-09-15T21:38:17Z,2026-09-15T22:42:03Z
23,0,124955171,5657136,123.0,990,,2026-09-15T02:54:36Z,2026-09-15T22:42:03Z
23,0,124860454,5164746,124.0,5307,,2026-09-13T08:59:51Z,2026-09-15T22:42:03Z
23,0,124965714,5698478,125.0,525,,2026-09-15T07:54:14Z,2026-09-15T22:42:03Z
23,0,124973734,5594438,125.0,983,,2026-09-15T11:39:21Z,2026-09-15T22:42:03Z
23,0,124958091,5594438,126.0,1648,,2026-09-15T04:22:05Z,2026-09-15T22:42:03Z
23,0,124964721,5657136,126.0,678,,2026-09-15T07:22:09Z,2026-09-15T22:42:03Z
23,0,124813564,5034873,127.0,1564,,2026-09-12T10:29:09Z,2026-09-15T22:42:03Z
23,0,124873195,5594438,127.0,1218,,2026-09-13T14:25:33Z,2026-09-15T22:42:03Z
23,0,124764876,5522884,128.0,683,,2026-09-11T11:26:28Z,2026-09-15T22:42:03Z
23,0,124712346,5594438,129.0,1208,,2026-09-10T11:31:09Z,2026-09-15T22:42:03Z
23,0,124758386,5034873,129.0,1617,,2026-09-11T08:34:16Z,2026-09-15T22:42:03Z
23,0,124993219,5838155,130.0,2,,2026-09-15T19:18:33Z,2026-09-15T22:42:03Z
23,0,124694846,4817057,133.0,927,,2026-09-10T03:40:39Z,2026-09-15T22:42:03Z
23,1,124999424,5730883,119.0,208,,2026-09-15T21:50:28Z,2026-09-15T22:42:03Z
23,1,124996046,5677994,121.0,2027,,2026-09-15T20:21:51Z,2026-09-15T22:42:03Z
23,1,124861608,5589344,124.0,7108,,2026-09-13T16:56:21Z,2026-09-15T22:42:03Z
23,1,124848902,5044627,125.0,2936,,2026-09-13T03:29:08Z,2026-09-15T22:42:03Z
23,1,124849523,5522884,125.0,835,,2026-09-13T03:52:44Z,2026-09-15T22:42:03Z
23,1,124858773,4339011,125.0,2267,,2026-09-13T08:12:55Z,2026-09-15T22:42:03Z
23,1,124763537,5589344,130.0,631,,2026-09-11T10:53:12Z,2026-09-15T22:42:03Z
23,1,124761601,5828018,135.0,5,,2026-09-11T10:04:01Z,2026-09-15T22:42:03Z
23,2,124997778,3588181,120.0,1190,,2026-09-15T21:05:50Z,2026-09-15T22:42:03Z
23,2,125000304,5522884,120.0,675,,2026-09-15T22:16:30Z,2026-09-15T22:42:03Z
23,2,124923568,5219471,122.0,5526,,2026-09-14T13:06:39Z,2026-09-15T22:42:03Z
23,2,124933708,5002945,122.0,5269,,2026-09-14T16:58:18Z,2026-09-15T22:42:03Z
23,2,124918341,5452327,123.0,2386,,2026-09-14T11:01:22Z,2026-09-15T22:42:03Z
23,2,124920150,5589344,123.0,3441,,2026-09-14T11:45:06Z,2026-09-15T22:42:03Z
23,2,124921032,3454891,123.0,3978,,2026-09-14T12:07:14Z,2026-09-15T22:42:03Z
23,2,124936048,5522884,123.0,1665,,2026-09-14T17:54:29Z,2026-09-15T22:42:03Z
23,2,124995115,5761573,123.0,1000,,2026-09-15T20:01:47Z,2026-09-15T22:42:03Z
23,2,124864551,5522884,125.0,954,,2026-09-13T12:21:31Z,2026-09-15T22:42:03Z
23,2,124814419,1764446,126.0,15033,,2026-09-12T10:54:13Z,2026-09-15T22:42:03Z
23,2,124858791,4339011,126.0,5045,,2026-09-13T08:13:40Z,2026-09-15T22:42:03Z
23,2,124848048,5589344,128.0,4833,,2026-09-13T02:56:10Z,2026-09-15T22:42:03Z
23,2,124811535,5002945,129.0,1787,,2026-09-12T09:31:40Z,2026-09-15T22:42:03Z
23,2,124947743,5389875,129.0,36084,,2026-09-14T22:37:41Z,2026-09-15T22:42:03Z
23,2,124892568,5834181,130.0,10,,2026-09-13T22:08:34Z,2026-09-15T22:42:03Z
23,2,124689158,5299294,131.0,48225,,2026-09-10T00:17:54Z,2026-09-15T22:42:03Z
23,2,124691486,5096659,131.0,8000,,2026-09-10T01:44:55Z,2026-09-15T22:42:03Z
23,2,124716590,5826527,140.0,2,,2026-09-10T13:14:37Z,2026-09-15T22:42:03Z
23,3,125000645,3272600,118.0,7000,-1706.0,2026-09-15T22:26:22Z,2026-09-15T22:42:03Z
23,3,125001117,1556033,118.0,25000,,2026-09-15T22:41:02Z,2026-09-15T22:42:03Z
23,3,124999602,5458880,119.0,42477,,2026-09-15T21:54:47Z,2026-09-15T22:42:03Z
23,3,124998450,5115969,120.0,11541,,2026-09-15T21:22:38Z,2026-09-15T22:42:03Z
23,3,124997030,2225336,121.0,302,,2026-09-15T20:46:02Z,2026-09-15T22:42:03Z
23,3,124995723,4846768,122.0,941,,2026-09-15T20:14:44Z,2026-09-15T22:42:03Z
23,3,124919798,5335101,124.0,2970,,2026-09-14T11:37:48Z,2026-09-15T22:42:03Z
23,3,124871494,1556033,125.0,18993,,2026-09-13T13:47:39Z,2026-09-15T22:42:03Z
23,3,124862401,4916421,126.0,316,,2026-09-13T09:54:13Z,2026-09-15T22:42:03Z
23,3,124853394,4916421,127.0,2988,,2026-09-13T05:51:56Z,2026-09-15T22:42:03Z
23,3,124843056,4327631,128.0,2561,,2026-09-12T23:48:51Z,2026-09-15T22:42:03Z
23,3,124841917,5078694,129.0,1000,,2026-09-12T23:06:47Z,2026-09-15T22:42:03Z
23,3,124749738,3272600,131.0,186,,2026-09-11T04:32:57Z,2026-09-15T22:42:03Z
23,3,124749730,3272600,132.0,10000,,2026-09-11T04:32:52Z,2026-09-15T22:42:03Z
23,4,124919870,2194113,125.0,71330,,2026-09-14T11:39:09Z,2026-09-15T22:42:03Z
23,4,124889627,1458954,126.0,1459,,2026-09-13T20:47:32Z,2026-09-15T22:42:03Z
23,4,124999962,4809305,126.0,25000,,2026-09-15T22:05:42Z,2026-09-15T22:42:03Z
23,4,124884127,2691035,127.0,25649,,2026-09-13T18:39:59Z,2026-09-15T22:42:03Z
23,4,124851088,4005555,129.0,34591,,2026-09-13T04:44:18Z,2026-09-15T22:42:03Z
23,4,124834418,2302523,130.0,5998,,2026-09-12T19:35:49Z,2026-09-15T22:42:03Z
23,4,124834064,1785987,131.0,15000,,2026-09-12T19:27:29Z,2026-09-15T22:42:03Z
23,5,124931167,515465,126.0,12938,-3136.0,2026-09-14T16:01:38Z,2026-09-15T22:42:03Z
23,5,124929711,5081602,127.0,10827,,2026-09-14T15:29:49Z,2026-09-15T22:42:03Z
23,5,124917635,1292965,128.0,10000,,2026-09-14T10:43:59Z,2026-09-15T22:42:03Z
23,5,124865817,3045635,129.0,39068,,2026-09-13T11:28:49Z,2026-09-15T22:42:03Z
23,5,124860546,1292965,130.0,2060,,2026-09-13T09:02:41Z,2026-09-15T22:42:03Z
23,5,124809837,3045635,132.0,3129,,2026-09-12T08:43:57Z,2026-09-15T22:42:03Z
23,5,124791835,380608,133.0,46984,,2026-09-11T23:05:22Z,2026-09-15T22:42:03Z
23,5,124764675,1292965,137.0,8034,,2026-09-11T11:22:17Z,2026-09-15T22:42:03Z
23,5,124826797,3272420,141.0,118,,2026-09-12T16:19:48Z,2026-09-15T22:42:03Z
23,6,124999066,4795370,128.0,10000,,2026-09-15T21:43:22Z,2026-09-15T22:42:03Z
23,6,124985388,3195862,129.0,22678,,2026-09-15T16:22:36Z,2026-09-15T22:42:03Z
23,6,124969352,4795370,130.0,15000,,2026-09-15T11:35:45Z,2026-09-15T22:42:03Z
23,6,124880167,3195862,131.0,16144,,2026-09-13T17:06:37Z,2026-09-15T22:42:03Z
23,6,124847228,3908122,132.0,1,,2026-09-13T02:26:04Z,2026-09-15T22:42:03Z
23,6,124787278,4590033,134.0,48728,,2026-09-11T20:45:42Z,2026-09-15T22:42:03Z
23,7,124832904,1927495,132.0,4238,,2026-09-12T18:58:09Z,2026-09-15T22:42:03Z
23,7,124972916,4780300,133.0,3328,,2026-09-15T11:18:21Z,2026-09-15T22:42:03Z
23,7,124820886,1450423,135.0,4000,,2026-09-12T13:45:32Z,2026-09-15T22:42:03Z
23,8,124926288,3457774,139.0,6304,,2026-09-14T14:12:11Z,2026-09-15T22:42:03Z
23,9,124687390,7903,141.0,45123,,2026-09-09T23:15:50Z,2026-09-15T22:42:03Z
23,10,124982619,4206521,139.0,20000,,2026-09-15T15:18:07Z,2026-09-15T22:42:03Z
23,10,124982661,4206521,141.0,20000,,2026-09-15T15:19:16Z,2026-09-15T22:42:03Z
23,10,124980549,7903,159.0,1,,2026-09-15T14:28:53Z,2026-09-15T22:42:03Z
23,10,124926556,2518950,160.0,99999,,2026-09-14T14:17:45Z,2026-09-15T22:42:03Z
23,11,124548515,1939,144.0,19900,,2026-09-07T08:15:07Z,2026-09-14T17:56:37Z
24,0,124998651,5307937,610.0,770,,2026-09-15T21:28:39Z,2026-09-15T22:42:58Z
24,0,124958874,5816689,635.0,6,,2026-09-15T04:43:07Z,2026-09-15T22:42:58Z
24,0,124868406,5646426,640.0,9,,2026-09-13T12:29:05Z,2026-09-15T22:42:58Z
24,0,124907294,4436921,640.0,300,,2026-09-14T05:53:17Z,2026-09-15T22:42:58Z
24,0,124796273,5517474,645.0,6,,2026-09-12T01:55:32Z,2026-09-15T22:42:58Z
24,0,124907336,4436921,645.0,90,,2026-09-14T05:54:03Z,2026-09-15T22:42:58Z
24,0,124810280,4436921,650.0,799,,2026-09-12T08:55:11Z,2026-09-15T22:42:58Z
24,0,124748548,4499932,655.0,1194,,2026-09-11T03:57:07Z,2026-09-15T22:42:58Z
24,0,124748786,5701214,655.0,34,,2026-09-11T04:04:04Z,2026-09-15T22:42:58Z
24,0,124750339,4436921,655.0,400,,2026-09-11T04:49:20Z,2026-09-15T22:42:58Z
24,0,124758354,5817248,655.0,6,,2026-09-11T08:33:13Z,2026-09-15T22:42:58Z
24,0,124741832,5441799,660.0,2182,,2026-09-10T23:58:00Z,2026-09-15T22:42:58Z
24,0,124742160,4436921,660.0,300,,2026-09-11T00:09:44Z,2026-09-15T22:42:58Z
24,0,124735005,4436921,665.0,50,,2026-09-10T20:36:32Z,2026-09-15T22:42:58Z
24,0,124937450,5820181,670.0,6,,2026-09-14T18:23:02Z,2026-09-15T22:42:58Z
24,0,124812490,5812052,700.0,5,,2026-09-12T09:58:41Z,2026-09-15T22:42:58Z
24,0,124949514,5824060,700.0,6,,2026-09-14T23:36:39Z,2026-09-15T22:42:58Z
24,0,124707830,5701391,725.0,6,,2026-09-10T09:29:16Z,2026-09-15T22:42:58Z
24,0,124880107,5650287,1110.0,8,,2026-09-13T17:04:51Z,2026-09-15T22:42:58Z
24,1,125000413,5432218,620.0,100,,2026-09-15T22:19:19Z,2026-09-15T22:42:58Z
24,1,124997113,4741126,630.0,556,,2026-09-15T20:48:01Z,2026-09-15T22:42:58Z
24,1,124961798,5346004,635.0,200,,2026-09-15T05:59:12Z,2026-09-15T22:42:58Z
24,1,124952474,5084050,640.0,42,,2026-09-15T01:22:17Z,2026-09-15T22:42:58Z
24,1,124930694,3153733,645.0,109,,2026-09-14T15:51:14Z,2026-09-15T22:42:58Z
24,1,124934341,5465640,645.0,3227,,2026-09-14T17:13:26Z,2026-09-15T22:42:58Z
24,1,124952469,5084050,645.0,100,,2026-09-15T01:21:58Z,2026-09-15T22:42:58Z
24,1,124924129,2966041,650.0,835,,2026-09-14T13:26:30Z,2026-09-15T22:42:58Z
24,1,124926415,2278522,650.0,8530,,2026-09-14T14:15:52Z,2026-09-15T22:42:58Z
24,1,124943623,3975200,650.0,6454,,2026-09-14T20:41:25Z,2026-09-15T22:42:58Z
24,1,124804323,1080825,660.0,41,,2026-09-12T06:19:20Z,2026-09-15T22:42:58Z
24,2,124997461,5807926,630.0,73,,2026-09-15T20:57:02Z,2026-09-15T22:42:58Z
24,2,124999439,3148414,630.0,5000,,2026-09-15T21:50:46Z,2026-09-15T22:42:58Z
24,2,124969586,3741374,635.0,990,,2026-09-15T09:47:15Z,2026-09-15T22:42:58Z
24,2,124950017,4465782,640.0,385,,2026-09-14T23:55:23Z,2026-09-15T22:42:58Z
24,2,124931132,5054529,645.0,4410,,2026-09-14T16:00:46Z,2026-09-15T22:42:58Z
24,2,124924136,5309410,650.0,2062,,2026-09-14T13:26:40Z,2026-09-15T22:42:58Z
24,2,124934248,4841289,650.0,6141,,2026-09-14T17:11:13Z,2026-09-15T22:42:58Z
24,2,124785333,5764807,660.0,4,,2026-09-11T19:58:33Z,2026-09-15T22:42:58Z
24,2,124960962,5419480,660.0,1,,2026-09-15T05:36:24Z,2026-09-15T22:42:58Z
24,2,124752472,3148414,670.0,4014,,2026-09-11T05:44:24Z,2026-09-15T22:42:58Z
24,2,124926445,2278522,680.0,1484,,2026-09-14T14:15:15Z,2026-09-15T22:42:58Z
24,3,124999325,3388284,625.0,2490,,2026-09-15T21:47:36Z,2026-09-15T22:42:58Z
24,3,124998269,5451385,630.0,2370,,2026-09-15T21:17:52Z,2026-09-15T22:42:58Z
24,3,124989604,5443156,635.0,8,,2026-09-15T17:59:47Z,2026-09-15T22:42:58Z
24,3,124950101,5470948,640.0,1835,,2026-09-14T23:58:33Z,2026-09-15T22:42:58Z
24,3,124932982,4854771,645.0,102,,2026-09-14T16:42:26Z,2026-09-15T22:42:58Z
24,3,124943646,3975200,655.0,18434,,2026-09-14T20:42:08Z,2026-09-15T22:42:58Z
24,3,124752772,633322,670.0,3500,,2026-09-11T05:52:06Z,2026-09-15T22:42:58Z
24,3,124926454,2278522,680.0,2389,,2026-09-14T14:15:28Z,2026-09-15T22:42:58Z
24,3,124861336,2943846,710.0,1888,,2026-09-13T09:24:56Z,2026-09-15T22:42:58Z
24,4,124957963,3971287,640.0,5974,,2026-09-15T04:17:41Z,2026-09-15T22:42:58Z
24,4,124970050,1559548,640.0,3397,,2026-09-15T10:01:45Z,2026-09-15T22:42:58Z
24,4,124950546,5255299,645.0,580,,2026-09-15T00:15:42Z,2026-09-15T22:42:58Z
24,4,124925389,2575567,655.0,2223,,2026-09-14T13:51:56Z,2026-09-15T22:42:58Z
24,4,124932266,4536096,655.0,1000,,2026-09-14T16:26:45Z,2026-09-15T22:42:58Z
24,4,124759498,5417594,670.0,920,,2026-09-11T09:07:20Z,2026-09-15T22:42:58Z
24,4,124761692,1559548,670.0,5000,,2026-09-11T10:06:15Z,2026-09-15T22:42:58Z
24,4,124926459,2278522,690.0,7613,,2026-09-14T14:15:39Z,2026-09-15T22:42:58Z
24,5,124999659,3781391,635.0,3440,,2026-09-15T21:56:21Z,2026-09-15T22:42:58Z
24,5,124997631,4780300,640.0,1000,,2026-09-15T21:02:01Z,2026-09-15T22:42:58Z
24,5,124995602,1806324,645.0,1000,,2026-09-15T20:12:21Z,2026-09-15T22:42:58Z
24,5,124932820,3781391,650.0,4984,,2026-09-14T16:38:51Z,2026-09-15T22:42:58Z
24,5,124932619,4587204,655.0,218,,2026-09-14T16:34:15Z,2026-09-15T22:42:58Z
24,5,124983308,3878554,655.0,2000,,2026-09-15T15:32:26Z,2026-09-15T22:42:58Z
24,5,124804684,287180,665.0,500,,2026-09-12T06:28:35Z,2026-09-15T22:42:58Z
24,5,124780129,4587204,670.0,200,,2026-09-11T17:41:35Z,2026-09-15T22:42:58Z
24,5,124774895,3819356,675.0,4362,,2026-09-11T15:36:08Z,2026-09-15T22:42:58Z
24,5,124759179,1017897,680.0,686,,2026-09-11T08:57:44Z,2026-09-15T22:42:58Z
24,5,124769281,287180,680.0,1000,,2026-09-11T13:20:52Z,2026-09-15T22:42:58Z
24,5,124877549,2577023,750.0,500,,2026-09-13T16:05:13Z,2026-09-15T22:42:58Z
24,5,124877577,2577023,800.0,1000,,2026-09-13T16:05:59Z,2026-09-15T22:42:58Z
24,6,124997639,4780300,645.0,1000,,2026-09-15T21:02:09Z,2026-09-15T22:42:58Z
24,6,124981758,1035499,660.0,11314,,2026-09-15T14:58:19Z,2026-09-15T22:42:58Z
24,6,124954575,4730397,665.0,1000,,2026-09-15T02:31:57Z,2026-09-15T22:42:58Z
24,6,124931833,5634629,675.0,1000,,2026-09-14T16:17:19Z,2026-09-15T22:42:58Z
24,6,124730659,1035499,700.0,5340,,2026-09-10T18:53:50Z,2026-09-15T22:42:58Z
24,7,124994154,3689084,650.0,1628,-6.0,2026-09-15T19:39:21Z,2026-09-15T22:42:58Z
24,7,124989922,3689084,655.0,2989,,2026-09-15T18:06:12Z,2026-09-15T22:42:58Z
24,7,124978192,3689084,665.0,4000,,2026-09-15T13:31:51Z,2026-09-15T22:42:58Z
24,7,124773129,3689084,680.0,3529,,2026-09-11T14:58:05Z,2026-09-15T22:42:58Z
24,7,124934323,4052162,740.0,100,,2026-09-14T17:13:02Z,2026-09-15T22:42:58Z
24,8,124693414,1450423,760.0,88,,2026-09-10T02:52:01Z,2026-09-15T22:42:58Z
25,0,124998635,5630024,765.0,85,,2026-09-15T21:28:05Z,2026-09-15T22:44:45Z
25,0,124998485,5838083,770.0,3,,2026-09-15T21:23:36Z,2026-09-15T22:44:45Z
25,0,124994610,5825783,775.0,1,,2026-09-15T19:50:42Z,2026-09-15T22:44:45Z
25,0,124616697,5758852,800.0,3,,2026-09-08T15:17:04Z,2026-09-15T22:44:45Z
25,0,124741181,5825138,800.0,3,,2026-09-10T23:35:06Z,2026-09-15T22:44:45Z
25,0,124800441,5828070,800.0,2,,2026-09-12T04:27:52Z,2026-09-15T22:44:45Z
25,0,124968559,5836961,800.0,3,,2026-09-15T09:18:46Z,2026-09-15T22:44:45Z
25,0,124778798,5806722,805.0,3,,2026-09-11T17:07:53Z,2026-09-15T22:44:45Z
25,0,124749530,5825906,870.0,3,,2026-09-11T04:26:31Z,2026-09-15T22:44:45Z
25,0,124843060,5829367,870.0,3,,2026-09-12T23:49:00Z,2026-09-15T22:44:45Z
25,0,124945134,5834039,900.0,3,,2026-09-14T21:20:31Z,2026-09-15T22:44:45Z
25,0,124876758,5809689,1300.0,3,,2026-09-13T15:47:41Z,2026-09-15T22:44:45Z
25,0,124930107,5829531,1300.0,3,,2026-09-14T15:37:41Z,2026-09-15T22:44:45Z
25,1,125000567,5818233,770.0,17,,2026-09-15T22:23:44Z,2026-09-15T22:44:45Z
25,1,124994302,5541350,780.0,800,,2026-09-15T19:42:58Z,2026-09-15T22:44:45Z
25,1,124701867,5825922,805.0,2,,2026-09-10T06:43:15Z,2026-09-15T22:44:45Z
25,1,124964765,5657136,825.0,123,,2026-09-15T07:23:22Z,2026-09-15T22:44:45Z
25,2,125000732,4627500,730.0,1076,,2026-09-15T22:28:47Z,2026-09-15T22:44:45Z
25,2,124994753,3305119,775.0,690,,2026-09-15T19:54:15Z,2026-09-15T22:44:45Z
25,2,124936406,3148414,780.0,3000,,2026-09-14T18:03:29Z,2026-09-15T22:44:45Z
25,2,124795981,3148414,790.0,5760,,2026-09-12T01:43:29Z,2026-09-15T22:44:45Z
25,2,124871664,2871265,790.0,11768,,2026-09-13T13:50:02Z,2026-09-15T22:44:45Z
25,2,124780678,5352608,795.0,197,,2026-09-11T17:56:29Z,2026-09-15T22:44:45Z
25,2,124625687,4569215,805.0,244,,2026-09-08T18:52:05Z,2026-09-15T22:44:45Z
25,2,124688098,2871265,805.0,5243,,2026-09-09T23:40:26Z,2026-09-15T22:44:45Z
25,3,124989083,5373931,780.0,1635,,2026-09-15T17:48:23Z,2026-09-15T22:44:45Z
25,3,124953986,3700239,785.0,99,,2026-09-15T02:09:56Z,2026-09-15T22:44:45Z
25,3,124908519,5509572,790.0,2362,,2026-09-14T06:25:00Z,2026-09-15T22:44:45Z
25,3,124900482,3700239,795.0,2269,,2026-09-14T02:39:31Z,2026-09-15T22:44:45Z
25,3,124942197,5509572,795.0,1966,,2026-09-14T20:07:25Z,2026-09-15T22:44:45Z
25,3,124947273,5254698,795.0,1590,,2026-09-14T22:20:26Z,2026-09-15T22:44:45Z
25,3,124736410,2988587,800.0,677,,2026-09-10T21:08:44Z,2026-09-15T22:44:45Z
25,3,124891506,2704822,800.0,1278,,2026-09-13T21:36:45Z,2026-09-15T22:44:45Z
25,3,124927195,3803713,800.0,2000,,2026-09-14T14:31:23Z,2026-09-15T22:44:45Z
25,3,124502817,3761312,810.0,2167,,2026-09-06T10:58:00Z,2026-09-15T22:44:45Z
25,3,124614242,5784459,815.0,1,,2026-09-08T14:18:38Z,2026-09-15T22:44:45Z
25,4,124997290,3819356,800.0,4500,,2026-09-15T20:52:40Z,2026-09-15T22:44:45Z
25,4,124834805,4210874,805.0,4000,,2026-09-12T19:46:27Z,2026-09-15T22:44:45Z
25,4,124698098,3806868,810.0,6939,,2026-09-10T05:07:50Z,2026-09-15T22:44:45Z
25,4,124701191,2188345,810.0,2530,,2026-09-10T06:25:17Z,2026-09-15T22:44:45Z
25,4,124955265,2211621,810.0,5000,,2026-09-15T02:57:52Z,2026-09-15T22:44:45Z
25,4,124621840,3806868,815.0,2053,,2026-09-08T17:20:46Z,2026-09-15T22:44:45Z
25,4,124916463,4210874,815.0,4000,,2026-09-14T10:14:06Z,2026-09-15T22:44:45Z
25,4,124621384,4854771,820.0,1548,,2026-09-08T17:09:15Z,2026-09-15T22:44:45Z
25,4,124771890,4210874,820.0,3000,,2026-09-11T14:26:53Z,2026-09-15T22:44:45Z
25,4,124448863,4210874,835.0,6439,,2026-09-05T08:59:13Z,2026-09-15T22:44:45Z
25,5,124997653,4780300,805.0,1000,,2026-09-15T21:02:19Z,2026-09-15T22:44:45Z
25,5,124940790,4556634,810.0,5254,,2026-09-14T19:36:34Z,2026-09-15T22:44:45Z
25,5,124879532,4556634,815.0,9229,,2026-09-13T16:53:21Z,2026-09-15T22:44:45Z
25,5,124885221,5221321,815.0,240,,2026-09-13T19:05:44Z,2026-09-15T22:44:45Z
25,5,124924438,3982349,815.0,6518,,2026-09-14T13:32:11Z,2026-09-15T22:44:45Z
25,5,124724266,629879,825.0,5491,,2026-09-10T16:14:28Z,2026-09-15T22:44:45Z
25,5,124871028,3982349,825.0,5382,,2026-09-13T13:33:14Z,2026-09-15T22:44:45Z
25,6,124908046,806988,825.0,688,,2026-09-14T06:10:52Z,2026-09-15T22:44:45Z
25,6,124824752,3982349,830.0,14293,,2026-09-12T15:27:13Z,2026-09-15T22:44:45Z
25,6,124713928,3982349,840.0,8000,,2026-09-10T12:14:01Z,2026-09-15T22:44:45Z
25,7,124825403,4420777,840.0,5272,,2026-09-12T15:44:30Z,2026-09-15T22:44:45Z
25,7,124600001,3689084,845.0,4644,,2026-09-08T07:45:48Z,2026-09-15T22:44:45Z
25,7,124973267,2871265,850.0,19421,,2026-09-15T11:27:52Z,2026-09-15T22:44:45Z
25,10,124932340,5634629,990.0,10,,2026-09-14T16:28:12Z,2026-09-15T22:44:45Z
26,0,124998976,5644101,1170.0,232,,2026-09-15T21:37:49Z,2026-09-15T22:43:31Z
26,0,124983694,5659279,1210.0,200,,2026-09-15T15:42:47Z,2026-09-15T22:43:31Z
26,0,124954035,4959519,1220.0,309,,2026-09-15T02:11:21Z,2026-09-15T22:43:31Z
26,0,124999658,5831334,1250.0,1,,2026-09-15T21:56:19Z,2026-09-15T22:43:31Z
26,0,124963417,5821304,1270.0,20,,2026-09-15T06:44:46Z,2026-09-15T22:43:31Z
26,0,124653531,5823744,1280.0,5,,2026-09-09T08:44:53Z,2026-09-15T22:43:31Z
26,0,124861844,5657136,1300.0,66,,2026-09-13T09:39:15Z,2026-09-15T22:43:31Z
26,0,124897583,5756766,1300.0,5,,2026-09-14T01:04:02Z,2026-09-15T22:43:31Z
26,1,124997455,5518077,1180.0,156,,2026-09-15T20:56:55Z,2026-09-15T22:43:31Z
26,1,124996839,5518077,1190.0,1450,,2026-09-15T20:40:57Z,2026-09-15T22:43:31Z
26,1,124984846,3153733,1200.0,112,,2026-09-15T16:09:15Z,2026-09-15T22:43:31Z
26,1,124962769,5559902,1210.0,20,,2026-09-15T06:26:26Z,2026-09-15T22:43:31Z
26,1,124685087,5825236,1300.0,1,,2026-09-09T21:57:52Z,2026-09-15T22:43:31Z
26,2,124985410,5720376,1200.0,84,,2026-09-15T16:23:16Z,2026-09-15T22:43:31Z
26,2,124957442,4961494,1210.0,950,,2026-09-15T04:03:59Z,2026-09-15T22:43:31Z
26,2,124642062,4881618,1240.0,1000,,2026-09-09T03:07:38Z,2026-09-15T22:43:31Z
26,2,124751358,5828036,1300.0,5,,2026-09-11T05:16:47Z,2026-09-15T22:43:31Z
26,2,124756749,5828233,1300.0,1,,2026-09-11T07:45:03Z,2026-09-15T22:43:31Z
26,2,124763747,5828023,1300.0,5,,2026-09-11T10:59:30Z,2026-09-15T22:43:31Z
26,2,124751152,5828041,1350.0,2,,2026-09-11T05:11:52Z,2026-09-15T22:43:31Z
26,3,124997817,5262058,1200.0,362,,2026-09-15T21:06:47Z,2026-09-15T22:43:31Z
26,3,124971683,3619150,1210.0,2694,,2026-09-15T10:45:18Z,2026-09-15T22:43:31Z
26,3,124955473,4119349,1220.0,1318,,2026-09-15T03:04:53Z,2026-09-15T22:43:31Z
26,3,124961566,4795370,1220.0,1353,,2026-09-15T05:52:48Z,2026-09-15T22:43:31Z
26,3,124638816,4730397,1240.0,354,,2026-09-09T01:14:36Z,2026-09-15T22:43:31Z
26,3,124683151,3761312,1240.0,1234,,2026-09-09T21:03:48Z,2026-09-15T22:43:31Z
26,3,124688161,2871265,1280.0,23500,,2026-09-09T23:42:25Z,2026-09-15T22:43:31Z
26,4,124897664,2835459,1230.0,967,,2026-09-14T01:06:07Z,2026-09-15T22:43:31Z
26,4,124970089,1559548,1230.0,4753,,2026-09-15T10:02:42Z,2026-09-15T22:43:31Z
26,4,124761706,1559548,1240.0,1029,,2026-09-11T10:06:41Z,2026-09-15T22:43:31Z
26,4,124643773,1559548,1250.0,3986,,2026-09-09T04:06:08Z,2026-09-15T22:43:31Z
26,4,124647142,3819356,1260.0,1500,,2026-09-09T05:38:24Z,2026-09-15T22:43:31Z
26,4,124652364,5298557,1270.0,500,,2026-09-09T08:08:29Z,2026-09-15T22:43:31Z
26,5,124779314,3668274,1250.0,985,,2026-09-11T17:20:52Z,2026-09-15T22:43:31Z
26,5,124753308,3557227,1260.0,1900,,2026-09-11T06:08:27Z,2026-09-15T22:43:31Z
26,5,124671303,3668274,1270.0,875,,2026-09-09T16:19:16Z,2026-09-15T22:43:31Z
26,5,124676554,2188345,1270.0,709,,2026-09-09T18:29:43Z,2026-09-15T22:43:31Z
26,5,124601676,2016200,1280.0,5985,,2026-09-08T08:38:51Z,2026-09-15T22:43:31Z
26,6,124903577,2116918,1250.0,1033,,2026-09-14T04:15:32Z,2026-09-15T22:43:31Z
26,6,124874439,1683207,1300.0,5,,2026-09-13T14:54:38Z,2026-09-15T22:43:31Z
26,7,124252542,2239493,1360.0,867,,2026-09-01T12:06:06Z,2026-09-09T06:57:14Z
27,0,125000973,5812850,555.0,36,,2026-09-15T22:37:03Z,2026-09-15T22:44:08Z
27,0,124994041,5697515,560.0,111,,2026-09-15T19:36:59Z,2026-09-15T22:44:08Z
27,0,124943808,5575512,565.0,2966,,2026-09-14T20:46:45Z,2026-09-15T22:44:08Z
27,0,124994103,5825783,575.0,36,,2026-09-15T19:38:05Z,2026-09-15T22:44:08Z
27,0,124633932,5583072,590.0,7,,2026-09-08T22:22:48Z,2026-09-15T22:44:08Z
27,0,124708603,1410369,595.0,463,,2026-09-10T09:48:42Z,2026-09-15T22:44:08Z
27,0,124893150,5583072,600.0,1,,2026-09-13T22:28:09Z,2026-09-15T22:44:08Z
27,0,124705192,1389485,605.0,10,,2026-09-10T08:12:34Z,2026-09-15T22:44:08Z
27,0,124937142,5825704,605.0,8,,2026-09-14T18:17:31Z,2026-09-15T22:44:08Z
27,1,124996250,5769068,570.0,9,,2026-09-15T20:27:38Z,2026-09-15T22:44:08Z
27,1,124981561,4767602,575.0,250,,2026-09-15T14:53:53Z,2026-09-15T22:44:08Z
27,1,124633309,4730397,600.0,750,,2026-09-08T22:00:58Z,2026-09-15T22:44:08Z
27,2,124975942,5748824,580.0,114,,2026-09-15T12:37:36Z,2026-09-15T22:44:08Z
27,3,124998168,5533114,575.0,200,,2026-09-15T21:14:57Z,2026-09-15T22:44:08Z
27,3,124999775,2839049,575.0,163,,2026-09-15T22:00:15Z,2026-09-15T22:44:08Z
27,3,124996517,2839049,580.0,483,,2026-09-15T20:32:38Z,2026-09-15T22:44:08Z
27,3,124984512,2839049,585.0,216,,2026-09-15T16:02:14Z,2026-09-15T22:44:08Z
27,3,124983397,4781797,590.0,6157,,2026-09-15T15:34:43Z,2026-09-15T22:44:08Z
27,3,124984493,2839049,590.0,16,,2026-09-15T16:01:59Z,2026-09-15T22:44:08Z
27,3,124756787,5602480,595.0,1,,2026-09-11T07:46:27Z,2026-09-15T22:44:08Z
27,3,124775994,2839049,595.0,15,,2026-09-11T15:59:53Z,2026-09-15T22:44:08Z
27,3,124664439,4961494,600.0,1140,,2026-09-09T13:39:24Z,2026-09-15T22:44:08Z
27,3,124739056,1353712,600.0,1661,,2026-09-10T22:22:32Z,2026-09-15T22:44:08Z
27,3,124775983,2839049,600.0,10,,2026-09-11T15:59:30Z,2026-09-15T22:44:08Z
27,3,124598662,3761312,605.0,3585,,2026-09-08T07:04:45Z,2026-09-15T22:44:08Z
27,3,124818685,2839049,605.0,5,,2026-09-12T12:52:21Z,2026-09-15T22:44:08Z
27,4,124995761,5269403,590.0,4000,,2026-09-15T20:15:21Z,2026-09-15T22:44:08Z
27,4,124767267,3132511,595.0,735,,2026-09-11T12:28:31Z,2026-09-15T22:44:08Z
27,4,124917339,3074153,595.0,500,,2026-09-14T10:36:41Z,2026-09-15T22:44:08Z
27,4,124976336,3658318,595.0,257,,2026-09-15T12:47:49Z,2026-09-15T22:44:08Z
27,4,124761711,1559548,600.0,5000,,2026-09-11T10:06:51Z,2026-09-15T22:44:08Z
27,4,124581171,1559548,605.0,2514,,2026-09-07T21:47:08Z,2026-09-15T22:44:08Z
27,4,124745824,5269129,605.0,2000,,2026-09-11T02:21:09Z,2026-09-15T22:44:08Z
27,5,124915220,2691035,595.0,1000,,2026-09-14T09:40:26Z,2026-09-15T22:44:08Z
27,5,124815642,2691035,600.0,222,,2026-09-12T11:29:04Z,2026-09-15T22:44:08Z
27,5,124825556,4784906,600.0,1000,,2026-09-12T15:49:02Z,2026-09-15T22:44:08Z
27,5,124907866,1986873,600.0,2551,,2026-09-14T06:06:38Z,2026-09-15T22:44:08Z
27,5,124790518,2691035,605.0,1000,,2026-09-11T22:19:47Z,2026-09-15T22:44:08Z
27,5,124761337,2691035,610.0,1500,,2026-09-11T09:56:57Z,2026-09-15T22:44:08Z
27,6,124776427,5094135,620.0,4528,,2026-09-11T16:09:32Z,2026-09-15T22:44:08Z
27,6,124808390,4486251,620.0,5000,,2026-09-12T08:02:45Z,2026-09-15T22:44:08Z
27,6,124766414,4730397,630.0,200,,2026-09-11T12:07:19Z,2026-09-15T22:44:08Z
27,6,124750336,4343653,640.0,9858,,2026-09-11T04:49:16Z,2026-09-15T22:44:08Z
27,6,124605527,2204293,645.0,7899,,2026-09-08T10:27:31Z,2026-09-15T22:44:08Z
27,7,124936705,3173384,650.0,20000,,2026-09-14T18:09:07Z,2026-09-15T22:44:08Z
27,7,124665245,4486251,675.0,4978,,2026-09-09T13:57:30Z,2026-09-15T22:44:08Z
28,0,124995386,5825783,935.0,1,,2026-09-15T20:07:40Z,2026-09-15T22:42:27Z
28,0,124994028,5697515,940.0,50,,2026-09-15T19:36:49Z,2026-09-15T22:42:27Z
28,0,124998626,5761605,940.0,413,,2026-09-15T21:27:48Z,2026-09-15T22:42:27Z
28,0,124992989,1496277,945.0,400,,2026-09-15T19:13:21Z,2026-09-15T22:42:27Z
28,0,124962651,5528559,950.0,1,,2026-09-15T06:23:01Z,2026-09-15T22:42:27Z
28,0,124874370,4945750,965.0,533,,2026-09-13T14:52:42Z,2026-09-15T22:42:27Z
28,0,124945389,5657136,965.0,69,,2026-09-14T21:27:21Z,2026-09-15T22:42:27Z
28,0,124835595,4730397,970.0,467,,2026-09-12T20:06:52Z,2026-09-15T22:42:27Z
28,0,124959911,5657136,975.0,64,,2026-09-15T05:09:29Z,2026-09-15T22:42:27Z
28,0,124754359,5590162,980.0,122,,2026-09-11T06:37:50Z,2026-09-15T22:42:27Z
28,0,124739806,4730397,985.0,786,,2026-09-10T22:47:20Z,2026-09-15T22:42:27Z
28,0,124964792,5657136,995.0,270,,2026-09-15T07:23:56Z,2026-09-15T22:42:27Z
28,1,124999628,5807341,945.0,1,,2026-09-15T21:55:25Z,2026-09-15T22:42:27Z
28,1,124967095,5494845,950.0,125,,2026-09-15T08:34:10Z,2026-09-15T22:42:27Z
28,1,124943435,5494845,960.0,74,,2026-09-14T20:37:10Z,2026-09-15T22:42:27Z
28,1,124888141,5494845,965.0,100,,2026-09-13T20:09:48Z,2026-09-15T22:42:27Z
28,1,124945963,2130314,965.0,500,,2026-09-14T21:42:22Z,2026-09-15T22:42:27Z
28,2,124958303,4889781,955.0,973,,2026-09-15T04:29:17Z,2026-09-15T22:42:27Z
28,2,124968344,4889781,960.0,645,,2026-09-15T09:12:16Z,2026-09-15T22:42:27Z
28,2,124883375,4889781,970.0,600,,2026-09-13T18:21:22Z,2026-09-15T22:42:27Z
28,2,124851606,3534844,975.0,3,,2026-09-13T05:01:45Z,2026-09-15T22:42:27Z
28,2,124769715,3534844,985.0,189,,2026-09-11T13:30:43Z,2026-09-15T22:42:27Z
28,3,124990035,4958303,950.0,2512,,2026-09-15T18:08:44Z,2026-09-15T22:42:27Z
28,3,124949947,5254620,960.0,320,,2026-09-14T23:52:34Z,2026-09-15T22:42:27Z
28,3,124885357,4889781,970.0,1214,,2026-09-14T03:17:22Z,2026-09-15T22:42:27Z
28,3,124883383,4889781,975.0,1141,,2026-09-14T03:17:36Z,2026-09-15T22:42:27Z
28,3,124753681,3839184,990.0,73,,2026-09-11T06:17:56Z,2026-09-15T22:42:27Z
28,3,124739816,4730397,995.0,183,,2026-09-10T22:47:38Z,2026-09-15T22:42:27Z
28,4,124939902,2132239,975.0,3672,,2026-09-14T19:17:37Z,2026-09-15T22:42:27Z
28,4,124970185,1559548,975.0,5000,,2026-09-15T10:04:58Z,2026-09-15T22:42:27Z
28,4,124923459,3904422,980.0,2000,,2026-09-14T13:04:01Z,2026-09-15T22:42:27Z
28,4,124890533,5159349,985.0,1690,,2026-09-13T21:09:11Z,2026-09-15T22:42:27Z
28,4,124835178,4853307,990.0,1159,,2026-09-12T19:55:51Z,2026-09-15T22:42:27Z
28,4,124743190,5159349,995.0,1767,,2026-09-11T00:45:24Z,2026-09-15T22:42:27Z
28,4,124761721,1559548,995.0,5000,,2026-09-11T10:07:05Z,2026-09-15T22:42:27Z
28,4,124743076,3264353,1000.0,1000,,2026-09-11T00:41:30Z,2026-09-15T22:42:27Z
28,4,124744376,4953816,1000.0,1,,2026-09-11T01:28:55Z,2026-09-15T22:42:27Z
28,5,124974402,712611,995.0,752,,2026-09-15T11:57:44Z,2026-09-15T22:42:27Z
28,6,124943537,2188345,1000.0,1051,,2026-09-14T20:39:24Z,2026-09-15T22:42:27Z
28,6,124839309,3774430,1030.0,3794,,2026-09-12T21:45:15Z,2026-09-15T22:42:27Z
28,7,124924554,5671133,1030.0,760,,2026-09-14T13:34:45Z,2026-09-15T22:42:27Z
28,8,124920382,3457774,1040.0,5564,,2026-09-14T11:50:47Z,2026-09-15T22:42:27Z
28,9,124597707,4813308,950.0,2150,,2026-09-08T06:39:10Z,2026-09-08T06:56:21Z
29,0,125000568,5091039,100.0,2189,,2026-09-15T22:23:46Z,2026-09-15T22:44:42Z
29,0,124999865,5663906,101.0,1838,,2026-09-15T22:03:14Z,2026-09-15T22:44:42Z
29,0,124997319,4902781,102.0,18659,,2026-09-15T20:53:29Z,2026-09-15T22:44:42Z
29,0,124961956,3852441,103.0,28691,,2026-09-15T06:03:40Z,2026-09-15T22:44:42Z
29,0,124964114,3400815,103.0,5000,,2026-09-15T07:05:13Z,2026-09-15T22:44:42Z
29,0,124970303,1538507,103.0,35000,,2026-09-15T10:07:38Z,2026-09-15T22:44:42Z
29,0,124987893,5302734,103.0,40000,,2026-09-15T17:21:48Z,2026-09-15T22:44:42Z
29,0,124998987,4730676,103.0,5415,,2026-09-15T21:38:01Z,2026-09-15T22:44:42Z
29,0,124960108,5593870,104.0,2000,,2026-09-15T05:13:19Z,2026-09-15T22:44:42Z
29,0,124960292,2897890,104.0,3000,,2026-09-15T05:18:09Z,2026-09-15T22:44:42Z
29,0,124964112,3400815,104.0,5000,,2026-09-15T07:05:07Z,2026-09-15T22:44:42Z
29,0,124970524,1538507,104.0,35000,,2026-09-15T10:14:09Z,2026-09-15T22:44:42Z
29,0,124957366,3708299,105.0,8300,,2026-09-15T04:01:52Z,2026-09-15T22:44:42Z
29,0,124958422,5094325,105.0,7415,,2026-09-15T04:32:32Z,2026-09-15T22:44:42Z
29,0,124958931,2318463,105.0,6000,,2026-09-15T04:44:48Z,2026-09-15T22:44:42Z
29,0,124961327,5783339,105.0,500,,2026-09-15T05:45:49Z,2026-09-15T22:44:42Z
29,0,124964109,3400815,105.0,5000,,2026-09-15T07:04:59Z,2026-09-15T22:44:42Z
29,0,124971804,4948773,105.0,11434,,2026-09-15T10:49:07Z,2026-09-15T22:44:42Z
29,0,124899945,5046527,106.0,46400,,2026-09-14T02:21:27Z,2026-09-15T22:44:42Z
29,0,124903051,5284085,106.0,1582,,2026-09-14T04:01:32Z,2026-09-15T22:44:42Z
29,0,124907650,3400815,106.0,5000,,2026-09-14T06:01:48Z,2026-09-15T22:44:42Z
29,0,124910112,4948773,106.0,1323,,2026-09-14T07:09:02Z,2026-09-15T22:44:42Z
29,0,124910300,1839718,106.0,2400,,2026-09-14T07:13:56Z,2026-09-15T22:44:42Z
29,0,124910817,4331164,106.0,50000,,2026-09-14T07:29:00Z,2026-09-15T22:44:42Z
29,0,124897534,4852724,107.0,14928,,2026-09-14T01:02:30Z,2026-09-15T22:44:42Z
29,0,124907646,3400815,107.0,5000,,2026-09-14T06:01:42Z,2026-09-15T22:44:42Z
29,0,124926081,4948773,107.0,7833,,2026-09-14T14:07:01Z,2026-09-15T22:44:42Z
29,0,124896819,5773768,108.0,72,,2026-09-14T00:36:37Z,2026-09-15T22:44:42Z
29,0,124896975,5094325,108.0,6706,,2026-09-14T00:41:21Z,2026-09-15T22:44:42Z
29,0,124907641,3400815,108.0,5000,,2026-09-14T06:01:34Z,2026-09-15T22:44:42Z
29,0,124918669,5235032,108.0,50000,,2026-09-14T11:09:10Z,2026-09-15T22:44:42Z
29,0,124952558,4502613,108.0,31458,,2026-09-15T01:24:20Z,2026-09-15T22:44:42Z
29,0,124896598,1267705,109.0,7698,,2026-09-14T00:30:15Z,2026-09-15T22:44:42Z
29,0,124907636,3400815,109.0,5000,,2026-09-14T06:01:27Z,2026-09-15T22:44:42Z
29,0,124893625,5091039,110.0,2701,,2026-09-13T22:45:02Z,2026-09-15T22:44:42Z
29,0,124896130,2352050,110.0,25149,,2026-09-14T00:12:24Z,2026-09-15T22:44:42Z
29,0,124907632,3400815,110.0,5000,,2026-09-14T06:01:18Z,2026-09-15T22:44:42Z
29,0,124923876,4486358,110.0,4996,,2026-09-14T13:13:31Z,2026-09-15T22:44:42Z
29,0,124892220,4458107,111.0,1304,,2026-09-13T21:57:20Z,2026-09-15T22:44:42Z
29,0,124892513,1461423,111.0,2200,,2026-09-13T22:06:44Z,2026-09-15T22:44:42Z
29,0,124893472,2000254,111.0,4660,,2026-09-13T22:40:13Z,2026-09-15T22:44:42Z
29,0,124907621,3400815,111.0,5000,,2026-09-14T06:01:04Z,2026-09-15T22:44:42Z
29,0,124743141,4496277,112.0,10845,,2026-09-11T00:43:46Z,2026-09-15T22:44:42Z
29,0,124747468,4531524,112.0,20000,,2026-09-11T03:20:59Z,2026-09-15T22:44:42Z
29,0,124765500,4948773,112.0,6818,,2026-09-11T11:42:25Z,2026-09-15T22:44:42Z
29,0,124785943,5360895,112.0,6000,,2026-09-11T20:12:06Z,2026-09-15T22:44:42Z
29,0,124810912,3400815,112.0,5000,,2026-09-12T09:13:42Z,2026-09-15T22:44:42Z
29,0,124891808,4371088,112.0,100,,2026-09-13T21:46:38Z,2026-09-15T22:44:42Z
29,0,124662512,4948773,113.0,3170,,2026-09-09T12:52:11Z,2026-09-15T22:44:42Z
29,0,124731543,4916478,113.0,24373,,2026-09-10T19:14:42Z,2026-09-15T22:44:42Z
29,0,124738298,3099860,113.0,490,,2026-09-10T22:00:46Z,2026-09-15T22:44:42Z
29,0,124810916,3400815,113.0,5000,,2026-09-12T09:13:46Z,2026-09-15T22:44:42Z
29,0,124891820,4371088,113.0,100,,2026-09-13T21:46:58Z,2026-09-15T22:44:42Z
29,0,124757635,4954337,114.0,2000,,2026-09-11T08:12:46Z,2026-09-15T22:44:42Z
29,0,124810919,3400815,114.0,5000,,2026-09-12T09:13:49Z,2026-09-15T22:44:42Z
29,0,124760262,5298618,115.0,55000,,2026-09-11T09:28:12Z,2026-09-15T22:44:42Z
29,0,124810925,3400815,115.0,5000,,2026-09-12T09:13:54Z,2026-09-15T22:44:42Z
29,0,124890859,2398725,115.0,14801,,2026-09-13T21:18:34Z,2026-09-15T22:44:42Z
29,0,124810930,3400815,116.0,5000,,2026-09-12T09:13:57Z,2026-09-15T22:44:42Z
29,0,124810934,3400815,117.0,5000,,2026-09-12T09:14:01Z,2026-09-15T22:44:42Z
29,0,124810937,3400815,118.0,5000,,2026-09-12T09:14:05Z,2026-09-15T22:44:42Z
29,0,124810940,3400815,119.0,5000,,2026-09-12T09:14:10Z,2026-09-15T22:44:42Z
29,0,124810943,3400815,120.0,5000,,2026-09-12T09:14:15Z,2026-09-15T22:44:42Z
29,0,124674679,1750533,128.0,124359,,2026-09-09T17:44:10Z,2026-09-15T22:44:42Z
29,0,124607721,2528047,133.0,270387,,2026-09-08T11:30:13Z,2026-09-15T22:44:42Z
30,0,125001078,4883141,148.0,15000,,2026-09-15T22:40:02Z,2026-09-15T22:40:38Z
30,0,124999898,612380,149.0,96920,,2026-09-15T22:04:17Z,2026-09-15T22:40:38Z
30,0,124999436,4887614,150.0,27685,,2026-09-15T21:50:44Z,2026-09-15T22:40:38Z
30,0,124982046,2643490,151.0,53244,,2026-09-15T15:05:43Z,2026-09-15T22:40:38Z
30,0,124982066,2000254,151.0,4000,,2026-09-15T15:06:02Z,2026-09-15T22:40:38Z
30,0,124985009,429704,151.0,5000,,2026-09-15T16:12:50Z,2026-09-15T22:40:38Z
30,0,124987569,5534097,151.0,63,,2026-09-15T17:14:16Z,2026-09-15T22:40:38Z
30,0,124998610,1061556,151.0,9297,,2026-09-15T21:27:24Z,2026-09-15T22:40:38Z
30,0,124982028,5662421,152.0,2004,,2026-09-15T15:04:55Z,2026-09-15T22:40:38Z
30,0,124982359,2480059,152.0,199201,,2026-09-15T15:12:06Z,2026-09-15T22:40:38Z
30,0,124984618,2728808,152.0,379,,2026-09-15T16:04:27Z,2026-09-15T22:40:38Z
30,0,124999919,5663733,152.0,3753,,2026-09-15T22:04:49Z,2026-09-15T22:40:38Z
30,0,124981403,1946552,153.0,2319,,2026-09-15T14:50:00Z,2026-09-15T22:40:38Z
30,0,124981060,4948337,154.0,1110,,2026-09-15T14:41:57Z,2026-09-15T22:40:38Z
30,0,124981038,3024442,155.0,1180,,2026-09-15T14:40:41Z,2026-09-15T22:40:38Z
30,0,124981271,4044191,156.0,530,,2026-09-15T14:46:48Z,2026-09-15T22:40:38Z
30,0,124973167,4020432,157.0,20078,,2026-09-15T11:25:13Z,2026-09-15T22:40:38Z
30,0,124910446,4020432,158.0,1549,,2026-09-14T07:17:54Z,2026-09-15T22:40:38Z
30,0,124914529,5561082,158.0,500,,2026-09-14T09:19:09Z,2026-09-15T22:40:38Z
30,0,124949632,4494320,158.0,120,,2026-09-14T23:40:57Z,2026-09-15T22:40:38Z
30,0,124950443,1693424,158.0,3475,,2026-09-15T00:10:44Z,2026-09-15T22:40:38Z
30,0,124967662,5094325,158.0,13552,,2026-09-15T08:51:24Z,2026-09-15T22:40:38Z
30,0,124999708,4948773,158.0,5559,,2026-09-15T21:57:45Z,2026-09-15T22:40:38Z
30,0,124768325,5142957,159.0,30552,,2026-09-11T12:55:47Z,2026-09-15T22:40:38Z
30,0,124910356,1839718,159.0,2280,,2026-09-14T07:15:19Z,2026-09-15T22:40:38Z
30,0,124971819,4948773,159.0,2458,,2026-09-15T10:49:22Z,2026-09-15T22:40:38Z
30,0,124787434,3948202,160.0,1211,,2026-09-11T20:50:00Z,2026-09-15T22:40:38Z
30,0,124802650,614739,160.0,5000,,2026-09-12T05:35:11Z,2026-09-15T22:40:38Z
30,0,124869638,5800994,160.0,50,,2026-09-13T13:00:38Z,2026-09-15T22:40:38Z
30,0,124871931,4948773,160.0,1239,,2026-09-13T13:57:11Z,2026-09-15T22:40:38Z
30,0,124886039,5829367,160.0,20,,2026-09-13T19:22:16Z,2026-09-15T22:40:38Z
30,0,124910358,1839718,160.0,2280,,2026-09-14T07:15:23Z,2026-09-15T22:40:38Z
30,0,124852331,2790306,162.0,1777,,2026-09-13T05:20:58Z,2026-09-15T22:40:38Z
30,0,124766535,2728808,163.0,1808,,2026-09-11T12:10:01Z,2026-09-15T22:40:38Z
30,0,124765370,5142957,164.0,10000,,2026-09-11T11:39:15Z,2026-09-15T22:40:38Z
30,0,124755980,1909138,166.0,17876,,2026-09-11T07:21:27Z,2026-09-15T22:40:38Z
30,0,124759473,2790306,166.0,2065,,2026-09-11T09:06:32Z,2026-09-15T22:40:38Z
30,0,124755887,5133334,167.0,399,,2026-09-11T07:18:52Z,2026-09-15T22:40:38Z
30,0,124755933,3709564,167.0,9999,,2026-09-11T07:20:26Z,2026-09-15T22:40:38Z
30,0,124755506,1669738,168.0,129,,2026-09-11T07:07:37Z,2026-09-15T22:40:38Z
30,0,124755533,5372092,168.0,6593,,2026-09-11T07:08:16Z,2026-09-15T22:40:38Z
30,0,124759271,3948202,168.0,7258,,2026-09-11T09:00:57Z,2026-09-15T22:40:38Z
30,0,124946218,5666253,170.0,10,,2026-09-14T21:49:32Z,2026-09-15T22:40:38Z
30,0,124752683,3688628,172.0,9948,,2026-09-11T05:50:04Z,2026-09-15T22:40:38Z
30,0,124751710,4263999,174.0,16990,,2026-09-11T05:25:12Z,2026-09-15T22:40:38Z
30,0,124751653,5823521,175.0,15,,2026-09-11T05:23:58Z,2026-09-15T22:40:38Z
30,0,124751129,5273064,176.0,1444,,2026-09-11T05:11:04Z,2026-09-15T22:40:38Z
30,0,124750671,5324133,177.0,17586,,2026-09-11T04:59:03Z,2026-09-15T22:40:38Z
30,0,124749349,4945828,178.0,26352,,2026-09-11T04:21:35Z,2026-09-15T22:40:38Z
30,0,124724482,5302734,181.0,20000,,2026-09-10T16:19:33Z,2026-09-15T22:40:38Z
30,0,124724105,4044191,183.0,350,,2026-09-10T16:10:27Z,2026-09-15T22:40:38Z
30,0,124724108,5584734,183.0,575,,2026-09-10T16:10:34Z,2026-09-15T22:40:38Z
30,0,124724078,5360895,184.0,17000,,2026-09-10T16:09:42Z,2026-09-15T22:40:38Z
30,0,124723786,4044191,187.0,350,,2026-09-10T16:02:44Z,2026-09-15T22:40:38Z
30,0,124723743,4677673,188.0,972,,2026-09-10T16:02:00Z,2026-09-15T22:40:38Z
30,0,124723050,4044191,191.0,350,,2026-09-10T15:45:08Z,2026-09-15T22:40:38Z
30,0,124722782,2771334,192.0,6600,,2026-09-10T15:39:12Z,2026-09-15T22:40:38Z
30,0,124723334,4809305,192.0,3000,,2026-09-10T15:52:18Z,2026-09-15T22:40:38Z
30,0,124722622,4416029,193.0,32817,,2026-09-10T15:35:12Z,2026-09-15T22:40:38Z
30,0,124722548,4044191,194.0,350,,2026-09-10T15:33:27Z,2026-09-15T22:40:38Z
30,0,124722442,5610583,195.0,56,,2026-09-10T15:30:26Z,2026-09-15T22:40:38Z
30,0,124722366,4044191,196.0,350,,2026-09-10T15:29:16Z,2026-09-15T22:40:38Z
30,0,124722258,260774,198.0,2190,,2026-09-10T15:27:39Z,2026-09-15T22:40:38Z
30,0,124650195,3065826,200.0,9206,,2026-09-09T07:02:55Z,2026-09-15T22:40:38Z
30,0,124650823,2723820,200.0,39348,,2026-09-09T07:21:22Z,2026-09-15T22:40:38Z
30,0,124835605,5333925,200.0,158,,2026-09-12T20:07:09Z,2026-09-15T22:40:38Z
30,0,124882598,1184964,200.0,23000,,2026-09-13T18:01:55Z,2026-09-15T22:40:38Z
31,0,124997574,3852752,216.0,22815,-3185.0,2026-09-15T21:00:41Z,2026-09-15T22:43:11Z
31,0,124982946,4210048,218.0,9777,,2026-09-15T15:25:32Z,2026-09-15T22:43:11Z
31,0,124994761,4224418,218.0,15000,,2026-09-15T19:54:25Z,2026-09-15T22:43:11Z
31,0,124981747,4044191,220.0,548,,2026-09-15T14:58:02Z,2026-09-15T22:43:11Z
31,0,124982524,509821,220.0,5000,,2026-09-15T15:15:42Z,2026-09-15T22:43:11Z
31,0,124634092,2726582,222.0,27439,,2026-09-08T22:29:18Z,2026-09-15T22:43:11Z
31,0,124724960,3839184,222.0,7000,,2026-09-10T16:30:43Z,2026-09-15T22:43:11Z
31,0,124786835,2647121,222.0,61602,,2026-09-11T20:33:57Z,2026-09-15T22:43:11Z
31,0,124926016,3596029,222.0,3942,,2026-09-14T14:06:03Z,2026-09-15T22:43:11Z
31,0,124929848,5324961,222.0,66,,2026-09-14T15:32:36Z,2026-09-15T22:43:11Z
31,0,124962850,4253110,222.0,20000,,2026-09-15T06:29:02Z,2026-09-15T22:43:11Z
31,0,124966875,5360895,222.0,2222,,2026-09-15T08:27:04Z,2026-09-15T22:43:11Z
31,0,124967752,1839718,222.0,880,,2026-09-15T08:54:22Z,2026-09-15T22:43:11Z
31,0,124634095,2726582,224.0,50000,,2026-09-08T22:29:24Z,2026-09-15T22:43:11Z
31,0,124721144,2647121,224.0,54163,,2026-09-10T15:00:02Z,2026-09-15T22:43:11Z
31,0,124958922,2318463,224.0,20000,,2026-09-15T04:44:31Z,2026-09-15T22:43:11Z
31,0,124966879,5360895,224.0,2222,,2026-09-15T08:27:10Z,2026-09-15T22:43:11Z
31,0,124967757,1839718,224.0,880,,2026-09-15T08:54:26Z,2026-09-15T22:43:11Z
31,0,124634098,2726582,226.0,50000,,2026-09-08T22:29:30Z,2026-09-15T22:43:11Z
31,0,124721150,2647121,226.0,53548,,2026-09-10T15:00:15Z,2026-09-15T22:43:11Z
31,0,124967760,1839718,226.0,880,,2026-09-15T08:54:29Z,2026-09-15T22:43:11Z
31,0,124634099,2726582,228.0,50000,,2026-09-08T22:29:40Z,2026-09-15T22:43:11Z
31,0,124721153,2647121,228.0,11856,,2026-09-10T15:00:21Z,2026-09-15T22:43:11Z
31,0,124771194,5164686,228.0,5863,,2026-09-11T14:10:07Z,2026-09-15T22:43:11Z
31,0,124909656,2372395,228.0,50000,,2026-09-14T06:57:08Z,2026-09-15T22:43:11Z
31,0,124967762,1839718,228.0,880,,2026-09-15T08:54:32Z,2026-09-15T22:43:11Z
31,0,124634104,2726582,230.0,50000,,2026-09-08T22:29:47Z,2026-09-15T22:43:11Z
31,0,124650789,2723820,230.0,36707,,2026-09-09T07:20:30Z,2026-09-15T22:43:11Z
31,0,124737920,5764705,230.0,50,,2026-09-10T21:49:32Z,2026-09-15T22:43:11Z
31,0,124892571,5831002,230.0,20,,2026-09-13T22:08:38Z,2026-09-15T22:43:11Z
31,0,124967770,1839718,230.0,880,,2026-09-15T08:54:39Z,2026-09-15T22:43:11Z
31,0,124634110,2726582,232.0,50000,,2026-09-08T22:29:53Z,2026-09-15T22:43:11Z
31,0,124759325,2790306,234.0,50,,2026-09-11T09:02:24Z,2026-09-15T22:43:11Z
31,0,124891598,2726582,234.0,5000,,2026-09-13T21:39:53Z,2026-09-15T22:43:11Z
31,0,124807610,1199149,260.0,743,,2026-09-12T07:40:26Z,2026-09-15T22:43:11Z
32,0,125000928,5636421,202.0,755,,2026-09-15T22:35:44Z,2026-09-15T22:41:16Z
32,0,125000980,3158227,202.0,25000,,2026-09-15T22:37:12Z,2026-09-15T22:41:16Z
32,0,124999918,612380,204.0,33999,,2026-09-15T22:04:46Z,2026-09-15T22:41:16Z
32,0,124999531,3158227,206.0,17696,,2026-09-15T21:53:02Z,2026-09-15T22:41:16Z
32,0,124999256,4932717,208.0,6880,,2026-09-15T21:46:06Z,2026-09-15T22:41:16Z
32,0,124998834,3604942,210.0,1140,,2026-09-15T21:34:00Z,2026-09-15T22:41:16Z
32,0,124998361,4044191,212.0,800,,2026-09-15T21:20:09Z,2026-09-15T22:41:16Z
32,0,124998442,394533,212.0,6494,,2026-09-15T21:22:22Z,2026-09-15T22:41:16Z
32,0,124901532,1732638,214.0,29582,,2026-09-14T03:13:52Z,2026-09-15T22:41:16Z
32,0,124926028,3596029,214.0,4130,,2026-09-14T14:06:14Z,2026-09-15T22:41:16Z
32,0,124939709,2442799,214.0,5000,,2026-09-14T19:13:17Z,2026-09-15T22:41:16Z
32,0,124999675,4948773,214.0,1326,,2026-09-15T21:57:06Z,2026-09-15T22:41:16Z
32,0,124899400,3552984,216.0,266,,2026-09-14T02:03:24Z,2026-09-15T22:41:16Z
32,0,124899649,5592766,216.0,20,,2026-09-14T02:12:28Z,2026-09-15T22:41:16Z
32,0,124899994,5465588,216.0,42540,,2026-09-14T02:22:57Z,2026-09-15T22:41:16Z
32,0,124971860,4948773,216.0,1747,,2026-09-15T10:50:18Z,2026-09-15T22:41:16Z
32,0,124750272,1732638,218.0,30177,,2026-09-11T04:47:20Z,2026-09-15T22:41:16Z
32,0,124765504,4948773,218.0,3881,,2026-09-11T11:42:39Z,2026-09-15T22:41:16Z
32,0,124771566,3596029,218.0,3774,,2026-09-11T14:19:57Z,2026-09-15T22:41:16Z
32,0,124738067,4604808,220.0,5000,,2026-09-10T21:54:24Z,2026-09-15T22:41:16Z
32,0,124738705,3099860,220.0,197,,2026-09-10T22:13:17Z,2026-09-15T22:41:16Z
32,0,124741385,4948773,220.0,3767,,2026-09-10T23:42:29Z,2026-09-15T22:41:16Z
32,0,124746238,1617255,220.0,2502,,2026-09-11T02:35:57Z,2026-09-15T22:41:16Z
32,0,124761139,274156,220.0,6398,,2026-09-11T09:52:08Z,2026-09-15T22:41:16Z
32,0,124807570,2647121,220.0,5050,,2026-09-12T07:39:24Z,2026-09-15T22:41:16Z
32,0,124713645,4948773,222.0,2682,,2026-09-10T12:07:26Z,2026-09-15T22:41:16Z
32,0,124719523,4362225,222.0,36040,,2026-09-10T14:21:01Z,2026-09-15T22:41:16Z
32,0,124786947,2647121,222.0,9503,,2026-09-11T20:37:07Z,2026-09-15T22:41:16Z
32,0,124807159,3490000,222.0,1000,,2026-09-12T07:29:13Z,2026-09-15T22:41:16Z
32,0,124649288,4809305,224.0,6285,,2026-09-09T06:38:09Z,2026-09-15T22:41:16Z
32,0,124650511,4948773,224.0,2008,,2026-09-09T07:11:14Z,2026-09-15T22:41:16Z
32,0,124669214,982989,224.0,58822,,2026-09-09T15:30:15Z,2026-09-15T22:41:16Z
32,0,124785967,5360895,224.0,5000,,2026-09-11T20:12:47Z,2026-09-15T22:41:16Z
32,0,124786804,2647121,224.0,763,,2026-09-11T20:33:24Z,2026-09-15T22:41:16Z
32,0,124787655,3490000,224.0,1000,,2026-09-11T20:55:53Z,2026-09-15T22:41:16Z
32,0,124640188,3552984,226.0,831,,2026-09-09T02:02:52Z,2026-09-15T22:41:16Z
32,0,124731279,2647121,226.0,3472,,2026-09-10T19:08:52Z,2026-09-15T22:41:16Z
32,0,124785964,5360895,226.0,5000,,2026-09-11T20:12:41Z,2026-09-15T22:41:16Z
32,0,124945669,4948773,226.0,1135,,2026-09-14T21:34:55Z,2026-09-15T22:41:16Z
32,0,124681122,5360895,228.0,6000,,2026-09-09T20:15:33Z,2026-09-15T22:41:16Z
32,0,124722778,2647121,228.0,10366,,2026-09-10T15:39:04Z,2026-09-15T22:41:16Z
32,0,124873351,3458978,228.0,10000,,2026-09-13T14:28:56Z,2026-09-15T22:41:16Z
32,0,124551504,5360895,230.0,10958,,2026-09-07T09:48:52Z,2026-09-15T22:41:16Z
32,0,124660705,3458978,230.0,10000,,2026-09-09T12:10:01Z,2026-09-15T22:41:16Z
32,0,124721177,2647121,230.0,50000,,2026-09-10T15:01:09Z,2026-09-15T22:41:16Z
32,0,124721184,2647121,232.0,24207,,2026-09-10T15:01:20Z,2026-09-15T22:41:16Z
32,0,124881922,4320658,236.0,20001,,2026-09-13T17:46:50Z,2026-09-15T22:41:16Z
32,0,124650150,3065826,240.0,1500,,2026-09-09T07:01:38Z,2026-09-15T22:41:16Z
32,0,124759464,2790306,240.0,1480,,2026-09-11T09:06:14Z,2026-09-15T22:41:16Z
32,0,124987838,5812446,244.0,1,,2026-09-15T17:20:06Z,2026-09-15T22:41:16Z
32,0,124681149,5360895,246.0,7000,,2026-09-09T20:16:09Z,2026-09-15T22:41:16Z
32,0,124601285,1526273,248.0,53031,,2026-09-08T08:27:44Z,2026-09-15T22:41:16Z
32,0,124681111,5360895,248.0,10000,,2026-09-09T20:15:21Z,2026-09-15T22:41:16Z
32,0,124951699,5834184,250.0,20,,2026-09-15T00:55:56Z,2026-09-15T22:41:16Z
32,0,124707205,2723820,280.0,33158,,2026-09-10T09:10:25Z,2026-09-15T22:41:16Z
33,0,125001052,3969779,105.0,100,,2026-09-15T22:39:17Z,2026-09-15T22:41:00Z
33,0,124998439,394533,106.0,9052,,2026-09-15T21:22:17Z,2026-09-15T22:41:00Z
33,0,125000895,4495643,106.0,3545,,2026-09-15T22:34:35Z,2026-09-15T22:41:00Z
33,0,124997515,2393248,107.0,7000,,2026-09-15T20:58:42Z,2026-09-15T22:41:00Z
33,0,124991181,3687282,108.0,40000,,2026-09-15T18:36:57Z,2026-09-15T22:41:00Z
33,0,124975559,4914273,109.0,481,,2026-09-15T12:27:45Z,2026-09-15T22:41:00Z
33,0,124977176,4919466,109.0,2898,,2026-09-15T13:09:22Z,2026-09-15T22:41:00Z
33,0,124987418,5540706,109.0,190,,2026-09-15T17:10:49Z,2026-09-15T22:41:00Z
33,0,124997298,4902781,109.0,23000,,2026-09-15T20:52:57Z,2026-09-15T22:41:00Z
33,0,124962595,5071802,110.0,10679,,2026-09-15T06:21:25Z,2026-09-15T22:41:00Z
33,0,124989459,3137963,110.0,2452,,2026-09-15T17:56:57Z,2026-09-15T22:41:00Z
33,0,124995387,2191128,110.0,10000,,2026-09-15T20:07:43Z,2026-09-15T22:41:00Z
33,0,124950322,5789167,111.0,20,,2026-09-15T00:06:28Z,2026-09-15T22:41:00Z
33,0,124959774,2836176,111.0,883,,2026-09-15T05:06:46Z,2026-09-15T22:41:00Z
33,0,124960476,3687282,111.0,17420,,2026-09-15T05:22:19Z,2026-09-15T22:41:00Z
33,0,124977130,5670013,111.0,1018,,2026-09-15T13:08:33Z,2026-09-15T22:41:00Z
33,0,124999717,4948773,111.0,1821,,2026-09-15T21:58:01Z,2026-09-15T22:41:00Z
33,0,124949646,5829668,112.0,20,,2026-09-14T23:41:30Z,2026-09-15T22:41:00Z
33,0,124956639,5071802,112.0,8943,,2026-09-15T03:40:22Z,2026-09-15T22:41:00Z
33,0,124958255,1662078,112.0,5000,,2026-09-15T04:27:41Z,2026-09-15T22:41:00Z
33,0,124971888,4948773,112.0,2170,,2026-09-15T10:50:58Z,2026-09-15T22:41:00Z
33,0,124986982,5518984,112.0,10000,,2026-09-15T17:00:06Z,2026-09-15T22:41:00Z
33,0,124900168,5185526,113.0,24868,,2026-09-14T02:30:15Z,2026-09-15T22:41:00Z
33,0,124897087,4405795,114.0,49200,,2026-09-14T00:44:54Z,2026-09-15T22:41:00Z
33,0,124890890,2398725,116.0,49022,,2026-09-13T21:19:16Z,2026-09-15T22:41:00Z
33,0,124910310,3137963,116.0,6442,,2026-09-14T07:14:15Z,2026-09-15T22:41:00Z
33,0,124989383,3137963,117.0,59400,,2026-09-15T17:55:24Z,2026-09-15T22:41:00Z
33,0,124681177,5360895,119.0,10000,,2026-09-09T20:16:56Z,2026-09-15T22:41:00Z
33,0,124756164,3137963,120.0,16807,,2026-09-11T07:27:33Z,2026-09-15T22:41:00Z
33,0,124870585,5830755,127.0,20,,2026-09-13T13:22:37Z,2026-09-15T22:41:00Z
33,0,124919723,3156381,129.0,69080,,2026-09-14T11:35:23Z,2026-09-15T22:41:00Z
33,0,124890898,2398725,130.0,44120,,2026-09-13T21:19:35Z,2026-09-15T22:41:00Z
33,0,124950702,5834551,131.0,20,,2026-09-15T00:22:12Z,2026-09-15T22:41:00Z
33,0,124762780,3381104,132.0,408,,2026-09-11T10:33:53Z,2026-09-15T22:41:00Z
33,0,124918104,5283612,135.0,20000,,2026-09-14T10:55:32Z,2026-09-15T22:41:00Z
33,0,124918065,5283612,136.0,20000,,2026-09-14T10:55:04Z,2026-09-15T22:41:00Z
33,0,124884687,5283612,137.0,20000,,2026-09-13T18:52:59Z,2026-09-15T22:41:00Z
33,0,124681188,5360895,138.0,40000,,2026-09-09T20:17:13Z,2026-09-15T22:41:00Z
33,0,124884676,5283612,138.0,20000,,2026-09-13T18:53:05Z,2026-09-15T22:41:00Z
33,0,124813743,4948773,140.0,59478,,2026-09-12T10:34:17Z,2026-09-15T22:41:00Z
34,0,124958821,4032038,92.5,16690,-70.0,2026-09-15T04:42:12Z,2026-09-15T22:44:23Z
34,0,124951799,5142957,93.0,11289,,2026-09-15T00:59:16Z,2026-09-15T22:44:23Z
34,0,124951502,1928842,93.5,12860,,2026-09-15T00:50:07Z,2026-09-15T22:44:23Z
34,0,124999722,4948773,93.5,2344,,2026-09-15T21:58:16Z,2026-09-15T22:44:23Z
34,0,124951450,4044191,94.0,530,,2026-09-15T00:48:27Z,2026-09-15T22:44:23Z
34,0,124971871,4948773,94.0,4384,,2026-09-15T10:50:33Z,2026-09-15T22:44:23Z
34,0,124719636,1526273,94.5,59482,,2026-09-10T14:23:20Z,2026-09-15T22:44:23Z
34,0,124765509,4948773,94.5,2236,,2026-09-11T11:42:51Z,2026-09-15T22:44:23Z
34,0,124951416,5830490,94.5,20,,2026-09-15T00:47:11Z,2026-09-15T22:44:23Z
34,0,124694675,2728808,95.0,851,,2026-09-10T03:34:48Z,2026-09-15T22:44:23Z
34,0,124741391,4948773,95.0,2162,,2026-09-10T23:42:46Z,2026-09-15T22:44:23Z
34,0,124948408,2361857,95.0,504,,2026-09-14T23:00:24Z,2026-09-15T22:44:23Z
34,0,124703874,4809305,95.5,5000,,2026-09-10T07:34:22Z,2026-09-15T22:44:23Z
34,0,124592957,4946101,96.0,2352,,2026-09-08T04:33:03Z,2026-09-15T22:44:23Z
34,0,124681314,5360895,96.0,9102,,2026-09-09T20:19:36Z,2026-09-15T22:44:23Z
34,0,124713656,4948773,96.0,2327,,2026-09-10T12:07:41Z,2026-09-15T22:44:23Z
34,0,124865211,5583072,96.0,1,,2026-09-13T11:12:09Z,2026-09-15T22:44:23Z
34,0,124632998,4948773,96.5,2117,,2026-09-08T21:52:20Z,2026-09-15T22:44:23Z
34,0,124950137,5755681,96.5,29,,2026-09-15T00:00:35Z,2026-09-15T22:44:23Z
34,0,124607151,4948773,97.0,6673,,2026-09-08T11:13:25Z,2026-09-15T22:44:23Z
34,0,124681308,5360895,97.0,8000,,2026-09-09T20:19:32Z,2026-09-15T22:44:23Z
34,0,124890910,2398725,100.0,46978,,2026-09-13T21:19:56Z,2026-09-15T22:44:23Z
34,0,124194800,4278886,104.0,620,,2026-08-31T21:03:06Z,2026-09-15T22:44:23Z
35,0,124998435,394533,84.5,20450,,2026-09-15T21:22:14Z,2026-09-15T22:42:26Z
35,0,124999012,4730676,84.5,2431,,2026-09-15T21:38:48Z,2026-09-15T22:42:26Z
35,0,124988743,5094135,85.0,7067,,2026-09-15T17:40:43Z,2026-09-15T22:42:26Z
35,0,124992315,2728808,85.0,112,,2026-09-15T18:59:24Z,2026-09-15T22:42:26Z
35,0,124993996,3788487,85.0,5445,,2026-09-15T19:36:24Z,2026-09-15T22:42:26Z
35,0,124998220,4187723,85.0,529,,2026-09-15T21:16:23Z,2026-09-15T22:42:26Z
35,0,124984978,429704,85.5,5000,,2026-09-15T16:12:03Z,2026-09-15T22:42:26Z
35,0,124935830,3995398,86.0,23666,,2026-09-14T17:49:38Z,2026-09-15T22:42:26Z
35,0,124936133,4870630,86.0,5705,,2026-09-14T17:56:42Z,2026-09-15T22:42:26Z
35,0,124935469,5539875,86.5,164,,2026-09-14T17:40:05Z,2026-09-15T22:42:26Z
35,0,124952695,4029811,86.5,7848,,2026-09-15T01:28:09Z,2026-09-15T22:42:26Z
35,0,124995396,2191128,86.5,10000,,2026-09-15T20:08:02Z,2026-09-15T22:42:26Z
35,0,124934861,5561082,87.0,1000,,2026-09-14T17:25:33Z,2026-09-15T22:42:26Z
35,0,124895201,4981870,87.5,14772,,2026-09-13T23:39:27Z,2026-09-15T22:42:26Z
35,0,124935364,2191128,87.5,10000,,2026-09-14T17:37:05Z,2026-09-15T22:42:26Z
35,0,124936081,2728808,87.5,171,,2026-09-14T17:55:15Z,2026-09-15T22:42:26Z
35,0,124894998,4279434,88.0,62312,,2026-09-13T23:31:41Z,2026-09-15T22:42:26Z
35,0,124899413,2728808,88.0,116,,2026-09-14T02:03:48Z,2026-09-15T22:42:26Z
35,0,124991536,1708381,88.0,33877,,2026-09-15T18:42:15Z,2026-09-15T22:42:26Z
35,0,124999729,4948773,88.0,2790,,2026-09-15T21:58:31Z,2026-09-15T22:42:26Z
35,0,124894038,4670651,88.5,17361,,2026-09-13T22:57:30Z,2026-09-15T22:42:26Z
35,0,124971898,4948773,88.5,3324,,2026-09-15T10:51:12Z,2026-09-15T22:42:26Z
35,0,124893999,260774,89.0,463,,2026-09-13T22:56:15Z,2026-09-15T22:42:26Z
35,0,124926149,4948773,89.0,2253,,2026-09-14T14:08:25Z,2026-09-15T22:42:26Z
35,0,124893880,5197389,89.5,2884,,2026-09-13T22:53:24Z,2026-09-15T22:42:26Z
35,0,124894699,3788487,89.5,5088,,2026-09-13T23:22:01Z,2026-09-15T22:42:26Z
35,0,124905257,4948773,89.5,4433,,2026-09-14T05:02:45Z,2026-09-15T22:42:26Z
35,0,124796670,4418465,90.0,32558,,2026-09-12T02:11:21Z,2026-09-15T22:42:26Z
35,0,124829529,5360895,90.0,7000,,2026-09-12T17:29:29Z,2026-09-15T22:42:26Z
35,0,124866793,3788487,90.0,16238,,2026-09-13T11:53:04Z,2026-09-15T22:42:26Z
35,0,124894110,2728808,90.0,307,,2026-09-13T23:00:34Z,2026-09-15T22:42:26Z
35,0,124934832,4710557,90.0,18796,,2026-09-14T17:24:54Z,2026-09-15T22:42:26Z
35,0,124761321,3959107,90.5,11205,,2026-09-11T09:56:27Z,2026-09-15T22:42:26Z
35,0,124761334,3773481,90.5,27922,,2026-09-11T09:56:49Z,2026-09-15T22:42:26Z
35,0,124742877,3073119,91.0,2413,,2026-09-11T00:34:03Z,2026-09-15T22:42:26Z
35,0,124829557,5360895,91.0,6000,,2026-09-12T17:30:19Z,2026-09-15T22:42:26Z
35,0,124829703,5360895,92.0,9121,,2026-09-12T17:33:37Z,2026-09-15T22:42:26Z
35,0,124738438,1328338,92.5,18858,,2026-09-10T22:04:03Z,2026-09-15T22:42:26Z
35,0,124707207,5540706,93.0,89,,2026-09-10T09:10:27Z,2026-09-15T22:42:26Z
35,0,124737934,5619019,93.0,544,,2026-09-10T21:50:01Z,2026-09-15T22:42:26Z
35,0,124740149,2728808,93.0,66,,2026-09-10T22:58:33Z,2026-09-15T22:42:26Z
35,0,124703879,4809305,93.5,9000,,2026-09-10T07:34:40Z,2026-09-15T22:42:26Z
35,0,124737496,5020323,94.0,6659,,2026-09-10T21:36:39Z,2026-09-15T22:42:26Z
35,0,124860510,2647121,94.0,1130,,2026-09-13T11:22:09Z,2026-09-15T22:42:26Z
35,0,124682089,5328441,94.5,3096,,2026-09-09T20:38:08Z,2026-09-15T22:42:26Z
35,0,124763593,5828123,94.5,100,,2026-09-11T10:54:52Z,2026-09-15T22:42:26Z
35,0,124681063,5360895,95.0,12000,,2026-09-09T20:14:20Z,2026-09-15T22:42:26Z
35,0,124704559,4364689,95.0,79594,,2026-09-10T07:53:59Z,2026-09-15T22:42:26Z
35,0,124737500,5020323,95.0,12458,,2026-09-10T21:36:49Z,2026-09-15T22:42:26Z
35,0,124836346,5831757,95.0,12,,2026-09-12T20:27:18Z,2026-09-15T22:42:26Z
35,0,124678517,1662078,95.5,2000,,2026-09-09T19:15:09Z,2026-09-15T22:42:26Z
35,0,124678092,2191128,96.0,21930,,2026-09-09T19:06:00Z,2026-09-15T22:42:26Z
35,0,124836123,5020323,96.0,16587,,2026-09-12T20:21:03Z,2026-09-15T22:42:26Z
35,0,124873321,3458978,96.0,20000,,2026-09-13T14:28:14Z,2026-09-15T22:42:26Z
35,0,124677785,5225418,96.5,660,,2026-09-09T19:00:15Z,2026-09-15T22:42:26Z
35,0,124730458,5806933,96.5,10,,2026-09-10T18:48:38Z,2026-09-15T22:42:26Z
35,0,124674897,1750533,97.0,23999,,2026-09-09T17:48:46Z,2026-09-15T22:42:26Z
35,0,124805377,4948773,97.0,4293,,2026-09-12T06:44:49Z,2026-09-15T22:42:26Z
35,0,124836131,5020323,97.0,8562,,2026-09-12T20:21:16Z,2026-09-15T22:42:26Z
35,0,124891190,4577521,97.0,20000,,2026-09-13T21:27:10Z,2026-09-15T22:42:26Z
35,0,124674183,3995398,98.0,33400,,2026-09-09T17:31:50Z,2026-09-15T22:42:26Z
35,0,124737964,5020323,98.0,4678,,2026-09-10T21:50:42Z,2026-09-15T22:42:26Z
35,0,124741399,4948773,98.0,2633,,2026-09-10T23:43:01Z,2026-09-15T22:42:26Z
35,0,124672880,4044191,98.5,210,,2026-09-09T17:00:15Z,2026-09-15T22:42:26Z
35,0,124670991,2430431,99.0,7947,,2026-09-09T16:11:32Z,2026-09-15T22:42:26Z
35,0,124713667,4948773,99.0,2808,,2026-09-10T12:07:54Z,2026-09-15T22:42:26Z
35,0,124719606,1526273,99.5,19545,,2026-09-10T14:22:39Z,2026-09-15T22:42:26Z
35,0,124670157,4044191,100.0,350,,2026-09-09T15:51:07Z,2026-09-15T22:42:26Z
35,0,124687991,4948773,100.0,2419,,2026-09-09T23:36:24Z,2026-09-15T22:42:26Z
35,0,124842831,3788487,100.0,2499,,2026-09-12T23:39:30Z,2026-09-15T22:42:26Z
35,0,124890920,2398725,100.0,54238,,2026-09-13T21:20:15Z,2026-09-15T22:42:26Z
35,0,124944338,5829282,100.0,20,,2026-09-14T20:59:43Z,2026-09-15T22:42:26Z
35,0,124669825,1859431,101.0,5240,,2026-09-09T15:43:30Z,2026-09-15T22:42:26Z
35,0,124670136,3888063,101.0,13181,,2026-09-09T15:50:42Z,2026-09-15T22:42:26Z
35,0,124668833,4044191,103.0,350,,2026-09-09T15:21:55Z,2026-09-15T22:42:26Z
35,0,124669224,2728808,104.0,84,,2026-09-09T15:30:24Z,2026-09-15T22:42:26Z
35,0,124668508,4162103,105.0,44,,2026-09-09T15:14:41Z,2026-09-15T22:42:26Z
35,0,124668695,3909331,105.0,145035,,2026-09-09T15:18:42Z,2026-09-15T22:42:26Z
35,0,124668475,4044191,106.0,350,,2026-09-09T15:14:01Z,2026-09-15T22:42:26Z
35,0,124668435,3850873,107.0,7654,,2026-09-09T15:13:21Z,2026-09-15T22:42:26Z
35,0,124668259,4044191,108.0,530,,2026-09-09T15:09:11Z,2026-09-15T22:42:26Z
35,0,124667770,5020323,110.0,52587,,2026-09-09T14:57:12Z,2026-09-15T22:42:26Z
35,0,124861066,2803037,110.0,674277,,2026-09-13T09:17:28Z,2026-09-15T22:42:26Z
35,0,124707162,5020323,111.0,45826,,2026-09-10T09:09:13Z,2026-09-15T22:42:26Z
35,0,124707168,5020323,112.0,64578,,2026-09-10T09:09:20Z,2026-09-15T22:42:26Z
35,0,124718119,5020323,113.0,36582,,2026-09-10T13:48:59Z,2026-09-15T22:42:26Z
40,0,124998507,5214748,1.43,48485,-30000.0,2026-09-15T21:24:41Z,2026-09-15T22:43:12Z
40,0,124998525,5737695,1.43,200,,2026-09-15T21:25:07Z,2026-09-15T22:43:12Z
40,0,124999005,5824768,1.43,20000,,2026-09-15T21:38:35Z,2026-09-15T22:43:12Z
40,0,124996098,5821897,1.45,1000,,2026-09-15T20:23:11Z,2026-09-15T22:43:12Z
40,0,124997278,5821236,1.45,5930,,2026-09-15T20:52:17Z,2026-09-15T22:43:12Z
40,0,124996040,5834845,1.46,828,,2026-09-15T20:21:47Z,2026-09-15T22:43:12Z
40,0,124995978,5826957,1.47,241,,2026-09-15T20:20:13Z,2026-09-15T22:43:12Z
40,0,124995817,5818086,1.48,319,,2026-09-15T20:16:42Z,2026-09-15T22:43:12Z
40,0,124996134,5837803,1.48,15,,2026-09-15T20:24:23Z,2026-09-15T22:43:12Z
40,0,124995246,5426618,1.49,8784,,2026-09-15T20:04:46Z,2026-09-15T22:43:12Z
40,0,124994693,5818086,1.5,400,,2026-09-15T19:52:44Z,2026-09-15T22:43:12Z
40,0,124991954,5371388,1.51,324296,,2026-09-15T18:51:20Z,2026-09-15T22:43:12Z
40,0,124991729,5603258,1.53,5000,,2026-09-15T18:46:36Z,2026-09-15T22:43:12Z
40,0,124991383,5694627,1.54,342,,2026-09-15T18:39:03Z,2026-09-15T22:43:12Z
40,0,124991360,5808407,1.55,500,,2026-09-15T18:38:26Z,2026-09-15T22:43:12Z
40,0,124991160,5465535,1.56,4458,,2026-09-15T18:34:23Z,2026-09-15T22:43:12Z
40,0,124991095,5826957,1.57,176,,2026-09-15T18:33:08Z,2026-09-15T22:43:12Z
40,0,124991005,3131466,1.58,340394,,2026-09-15T18:31:39Z,2026-09-15T22:43:12Z
40,0,124990889,2256892,1.59,1028184,,2026-09-15T18:29:28Z,2026-09-15T22:43:12Z
40,0,124982767,5797020,1.6,28381,,2026-09-15T15:21:46Z,2026-09-15T22:43:12Z
40,0,124983809,5576104,1.6,1,,2026-09-15T15:45:16Z,2026-09-15T22:43:12Z
40,0,124776190,5821069,1.61,4119,,2026-09-11T16:04:12Z,2026-09-15T22:43:12Z
40,0,124778654,5818815,1.61,1367,,2026-09-11T17:04:21Z,2026-09-15T22:43:12Z
40,0,124847454,5819952,1.61,517,,2026-09-13T02:32:53Z,2026-09-15T22:43:12Z
40,0,124728068,5806933,1.62,115,,2026-09-10T17:53:26Z,2026-09-15T22:43:12Z
40,0,124729926,5790715,1.62,256,,2026-09-10T18:36:21Z,2026-09-15T22:43:12Z
40,0,124915014,5833145,1.62,200,,2026-09-14T09:33:20Z,2026-09-15T22:43:12Z
40,0,124931109,5812065,1.62,320,,2026-09-14T16:00:24Z,2026-09-15T22:43:12Z
40,0,124658282,4863487,1.63,25000,,2026-09-09T11:02:54Z,2026-09-15T22:43:12Z
40,0,124705477,4675509,1.63,253723,,2026-09-10T08:21:25Z,2026-09-15T22:43:12Z
40,0,124639771,5808707,1.65,500,,2026-09-09T01:47:39Z,2026-09-15T22:43:12Z
40,0,124759917,5721010,1.65,20,,2026-09-11T09:18:49Z,2026-09-15T22:43:12Z
40,0,124853067,5828011,1.65,100,,2026-09-13T05:41:47Z,2026-09-15T22:43:12Z
40,0,124751567,5828013,1.67,10,,2026-09-11T05:22:00Z,2026-09-15T22:43:12Z
40,0,124807001,5812065,1.67,4,,2026-09-12T07:25:37Z,2026-09-15T22:43:12Z
40,0,124933532,5828083,1.67,50,,2026-09-14T16:54:35Z,2026-09-15T22:43:12Z
40,0,124942120,5835220,1.67,170,,2026-09-14T20:05:30Z,2026-09-15T22:43:12Z
40,0,124984083,5821311,1.67,2250,,2026-09-15T15:52:01Z,2026-09-15T22:43:12Z
40,0,124890068,5796194,1.69,10,,2026-09-13T20:57:39Z,2026-09-15T22:43:12Z
40,0,124611289,5821445,1.7,165,,2026-09-08T13:07:05Z,2026-09-15T22:43:12Z
40,0,124721517,5826686,1.7,747,,2026-09-10T15:09:02Z,2026-09-15T22:43:12Z
40,0,124771854,5792403,1.7,10,,2026-09-11T14:25:57Z,2026-09-15T22:43:12Z
40,0,124819169,5647677,1.7,100,,2026-09-12T13:05:10Z,2026-09-15T22:43:12Z
40,0,124610671,5700678,1.75,4000,,2026-09-08T12:51:42Z,2026-09-15T22:43:12Z
40,0,124265451,5237956,1.77,1274264,,2026-09-02T18:08:41Z,2026-09-15T22:43:12Z
40,0,124607031,5621826,1.8,10422,,2026-09-08T11:10:18Z,2026-09-15T22:43:12Z
40,0,124635363,5821823,1.8,358,,2026-09-08T23:10:22Z,2026-09-15T22:43:12Z
40,0,124878404,5814325,1.8,400,,2026-09-13T16:25:20Z,2026-09-15T22:43:12Z
40,0,124900867,5830761,1.85,500,,2026-09-14T02:53:19Z,2026-09-15T22:43:12Z
40,0,124569708,5756978,1.9,14000,,2026-09-07T17:12:34Z,2026-09-15T22:43:12Z
40,0,124660402,5815107,1.9,261,,2026-09-09T11:59:51Z,2026-09-15T22:43:12Z
40,0,124832700,5825796,1.9,1445,,2026-09-12T18:52:26Z,2026-09-15T22:43:12Z
40,0,124902296,5830761,1.9,500,,2026-09-14T03:38:31Z,2026-09-15T22:43:12Z
40,0,124982067,5826937,1.9,2619,,2026-09-15T15:06:02Z,2026-09-15T22:43:12Z
40,1,125000759,3247205,1.55,23839,,2026-09-15T22:29:40Z,2026-09-15T22:43:12Z
40,1,124995102,5782361,1.56,88333,,2026-09-15T20:01:35Z,2026-09-15T22:43:12Z
40,1,124995933,5671420,1.56,34859,,2026-09-15T20:19:07Z,2026-09-15T22:43:12Z
40,1,124991848,5621208,1.57,139142,,2026-09-15T18:48:51Z,2026-09-15T22:43:12Z
40,1,124991280,3597145,1.58,401632,,2026-09-15T18:36:40Z,2026-09-15T22:43:12Z
40,1,124986428,5236650,1.61,60493,,2026-09-15T16:46:27Z,2026-09-15T22:43:12Z
40,1,124947197,3550147,1.62,225019,,2026-09-14T22:17:57Z,2026-09-15T22:43:12Z
40,1,124953914,5671420,1.62,11294,,2026-09-15T02:07:37Z,2026-09-15T22:43:12Z
40,1,124641900,5286646,1.64,74757,,2026-09-09T03:01:34Z,2026-09-15T22:43:12Z
40,1,124776049,5392851,1.8,100,,2026-09-11T16:01:04Z,2026-09-15T22:43:12Z
40,1,124909864,5643944,1.88,307,,2026-09-14T07:02:29Z,2026-09-15T22:43:12Z
40,2,125000981,5308551,1.57,4877,,2026-09-15T22:37:13Z,2026-09-15T22:43:12Z
40,2,125000825,3247205,1.58,55853,,2026-09-15T22:32:02Z,2026-09-15T22:43:12Z
40,2,125000357,5193023,1.59,16918,,2026-09-15T22:17:51Z,2026-09-15T22:43:12Z
40,2,124993989,4410288,1.6,2000,,2026-09-15T19:36:19Z,2026-09-15T22:43:12Z
40,2,124992884,4322280,1.61,412,,2026-09-15T19:10:49Z,2026-09-15T22:43:12Z
40,2,124996661,5671420,1.61,29717,,2026-09-15T20:36:12Z,2026-09-15T22:43:12Z
40,2,124989917,5320427,1.62,9636,,2026-09-15T18:06:05Z,2026-09-15T22:43:12Z
40,2,124991286,3525108,1.62,220764,,2026-09-15T18:36:48Z,2026-09-15T22:43:12Z
40,2,124989242,5193023,1.63,20628,,2026-09-15T17:51:55Z,2026-09-15T22:43:12Z
40,2,124987357,3911173,1.64,105000,,2026-09-15T17:09:17Z,2026-09-15T22:43:12Z
40,2,124987655,5141377,1.68,80727,,2026-09-15T17:16:04Z,2026-09-15T22:43:12Z
40,2,124985857,3817600,1.69,19569,,2026-09-15T16:33:37Z,2026-09-15T22:43:12Z
40,2,124988691,1936994,1.69,50291,,2026-09-15T17:39:49Z,2026-09-15T22:43:12Z
40,2,124982750,4776968,1.7,50891,,2026-09-15T15:21:24Z,2026-09-15T22:43:12Z
40,2,124982867,2061528,1.7,60000,,2026-09-15T15:23:50Z,2026-09-15T22:43:12Z
40,2,124984515,3493696,1.7,163662,,2026-09-15T16:02:16Z,2026-09-15T22:43:12Z
40,2,124924357,4702772,1.71,462693,,2026-09-14T13:30:42Z,2026-09-15T22:43:12Z
40,2,124924274,4792276,1.8,843199,,2026-09-14T13:29:20Z,2026-09-15T22:43:12Z
40,3,124974131,4545417,1.75,14493,,2026-09-15T11:50:14Z,2026-09-15T22:43:12Z
40,3,124696661,4721347,1.77,171484,,2026-09-10T04:29:25Z,2026-09-15T22:43:12Z
40,3,124624020,2201633,1.82,95000,,2026-09-08T18:14:15Z,2026-09-15T22:43:12Z
40,3,124500822,4789702,2.0,564478,,2026-09-06T10:01:02Z,2026-09-15T22:43:12Z
40,4,124809965,725571,1.84,143149,,2026-09-12T08:46:46Z,2026-09-15T22:43:12Z
40,4,124837414,2087870,1.84,702390,,2026-09-12T20:53:37Z,2026-09-15T22:43:12Z
40,4,124804450,4141260,1.86,218000,,2026-09-12T06:22:50Z,2026-09-15T22:43:12Z
40,4,124631015,2087870,1.87,854237,,2026-09-08T20:54:06Z,2026-09-15T22:43:12Z
40,4,124628557,2890959,1.88,1074576,,2026-09-08T19:56:41Z,2026-09-15T22:43:12Z
40,5,124940884,3555521,2.1,212590,,2026-09-14T19:38:33Z,2026-09-15T22:43:12Z
40,6,124318217,4278886,2.15,379000,,2026-09-04T22:17:52Z,2026-09-15T22:43:12Z
40,7,124773462,477007,2.1,500071,,2026-09-11T15:05:54Z,2026-09-13T04:03:09Z
40,7,124465341,4301927,2.45,197209,,2026-09-05T16:11:24Z,2026-09-13T04:03:09Z
40,8,124913960,4192899,2.6,500000,,2026-09-14T09:02:24Z,2026-09-15T22:43:12Z
41,0,125000851,5793791,4.7,36759,,2026-09-15T22:33:13Z,2026-09-15T22:40:37Z
41,0,124996498,5800212,4.75,1000,,2026-09-15T20:32:18Z,2026-09-15T22:40:37Z
41,0,124969996,5714786,4.8,27705,,2026-09-15T10:00:35Z,2026-09-15T22:40:37Z
41,0,124936262,5779033,4.85,70417,,2026-09-14T17:59:53Z,2026-09-15T22:40:37Z
41,0,124962928,5699135,4.85,30848,,2026-09-15T06:31:33Z,2026-09-15T22:40:37Z
41,0,124984718,5746636,4.85,10374,,2026-09-15T16:06:24Z,2026-09-15T22:40:37Z
41,0,124925058,5691335,4.9,44036,,2026-09-14T13:45:02Z,2026-09-15T22:40:37Z
41,0,124982389,5297966,4.95,14719,,2026-09-15T15:12:49Z,2026-09-15T22:40:37Z
41,0,124908677,5706887,5.0,108384,,2026-09-14T06:29:50Z,2026-09-15T22:40:37Z
41,0,124971959,5828025,5.0,75,,2026-09-15T10:52:53Z,2026-09-15T22:40:37Z
41,0,124990793,5828123,5.0,450,,2026-09-15T18:27:11Z,2026-09-15T22:40:37Z
41,0,124989545,5691335,5.2,25900,,2026-09-15T17:58:38Z,2026-09-15T22:40:37Z
41,0,124984615,5759088,5.7,750,,2026-09-15T16:04:26Z,2026-09-15T22:40:37Z
41,0,124544389,5759088,6.0,5209,,2026-09-07T06:21:02Z,2026-09-15T22:40:37Z
41,0,124642738,5756978,6.1,1000,,2026-09-09T03:32:27Z,2026-09-15T22:40:37Z
41,0,124695197,5759088,6.1,300,,2026-09-10T03:52:36Z,2026-09-15T22:40:37Z
41,1,125000060,5519113,4.75,15029,,2026-09-15T22:08:07Z,2026-09-15T22:40:37Z
41,1,124926271,3481016,4.85,17500,,2026-09-14T14:11:35Z,2026-09-15T22:40:37Z
41,1,124919265,438910,4.9,36776,,2026-09-14T11:23:56Z,2026-09-15T22:40:37Z
41,1,124986382,5788492,4.9,20000,,2026-09-15T16:45:37Z,2026-09-15T22:40:37Z
41,1,124989558,5691335,5.2,10259,,2026-09-15T17:58:47Z,2026-09-15T22:40:37Z
41,2,124999519,5735660,4.75,14618,,2026-09-15T21:52:50Z,2026-09-15T22:40:37Z
41,2,124987202,5544887,4.8,54969,,2026-09-15T17:05:49Z,2026-09-15T22:40:37Z
41,2,124989416,2666769,4.8,315224,,2026-09-15T17:56:01Z,2026-09-15T22:40:37Z
41,2,124997995,4682826,4.8,50000,,2026-09-15T21:10:36Z,2026-09-15T22:40:37Z
41,2,124971363,5551646,4.95,296923,,2026-09-15T10:36:42Z,2026-09-15T22:40:37Z
41,2,124908333,5196295,5.0,9736,,2026-09-14T06:19:59Z,2026-09-15T22:40:37Z
41,2,124856817,4008619,5.1,17780,,2026-09-13T07:21:57Z,2026-09-15T22:40:37Z
41,2,124653754,5083057,5.2,560356,,2026-09-09T08:51:36Z,2026-09-15T22:40:37Z
41,2,124742226,5286646,5.2,14444,,2026-09-11T00:10:40Z,2026-09-15T22:40:37Z
41,2,124614431,5777473,5.5,15,,2026-09-08T14:23:37Z,2026-09-15T22:40:37Z
41,3,125000051,5519113,4.8,62765,,2026-09-15T22:07:52Z,2026-09-15T22:40:37Z
41,3,124985644,4989346,4.85,15116,,2026-09-15T16:29:23Z,2026-09-15T22:40:37Z
41,3,124984214,3946909,4.9,29701,,2026-09-15T15:54:48Z,2026-09-15T22:40:37Z
41,3,124941499,1149137,4.95,10504,,2026-09-14T19:52:02Z,2026-09-15T22:40:37Z
41,3,124960579,5581501,4.95,78721,,2026-09-15T05:25:31Z,2026-09-15T22:40:37Z
41,3,124908795,3560561,5.0,269260,,2026-09-14T06:32:27Z,2026-09-15T22:40:37Z
41,3,124911953,4989346,5.0,234710,,2026-09-14T08:03:20Z,2026-09-15T22:40:37Z
41,3,124860944,4918625,5.1,51570,,2026-09-13T09:13:26Z,2026-09-15T22:40:37Z
41,3,124859536,3794717,5.2,93631,,2026-09-13T08:32:38Z,2026-09-15T22:40:37Z
41,3,124756529,4828199,5.3,250000,,2026-09-11T07:37:43Z,2026-09-15T22:40:37Z
41,4,124916163,3783523,5.2,167519,,2026-09-14T10:06:37Z,2026-09-15T22:40:37Z
41,4,124801659,1434116,5.3,170479,,2026-09-12T05:08:37Z,2026-09-15T22:40:37Z
41,4,124840783,3415064,5.3,316795,,2026-09-12T22:30:03Z,2026-09-15T22:40:37Z
41,4,124527252,1535818,5.4,719126,,2026-09-06T21:03:52Z,2026-09-15T22:40:37Z
41,4,124811660,3415064,5.6,175749,,2026-09-12T09:35:58Z,2026-09-15T22:40:37Z
41,4,124626076,3997371,6.0,3281,,2026-09-08T19:00:20Z,2026-09-15T22:40:37Z
41,5,124419976,3398157,5.8,200000,,2026-09-04T18:02:39Z,2026-09-15T22:40:37Z
41,5,124870757,3008978,5.8,258258,,2026-09-13T13:26:51Z,2026-09-15T22:40:37Z
41,5,124988505,3008978,6.5,353535,,2026-09-15T17:35:42Z,2026-09-15T22:40:37Z
41,5,124987072,3747322,6.9,482852,,2026-09-15T17:02:22Z,2026-09-15T22:40:37Z
41,6,124719858,3080306,7.1,436033,,2026-09-10T14:27:46Z,2026-09-15T22:40:37Z
41,7,124956577,3017816,7.0,143505,,2026-09-15T03:38:28Z,2026-09-15T22:40:37Z
41,7,124993015,3801170,7.4,133207,,2026-09-15T19:13:55Z,2026-09-15T22:40:37Z
41,7,124727081,3801170,7.5,100000,,2026-09-10T17:26:53Z,2026-09-15T22:40:37Z
41,8,124773451,477007,7.7,300000,,2026-09-11T15:05:38Z,2026-09-15T22:40:37Z
41,8,124646251,2026216,7.8,99,,2026-09-09T05:16:28Z,2026-09-15T22:40:37Z
41,9,124920929,3305299,10.0,86933,,2026-09-14T12:04:32Z,2026-09-15T22:40:37Z
41,10,124723441,4749812,9.8,977,,2026-09-10T15:55:11Z,2026-09-15T22:40:37Z
41,11,124456750,5809709,9.9,6460,,2026-09-05T12:38:51Z,2026-09-13T04:06:17Z
42,0,125000736,5381640,4.95,45806,,2026-09-15T22:28:58Z,2026-09-15T22:41:49Z
42,0,124994580,5722717,5.0,5958,,2026-09-15T19:49:44Z,2026-09-15T22:41:49Z
42,0,124995239,4769834,5.0,17089,,2026-09-15T20:04:32Z,2026-09-15T22:41:49Z
42,0,124998433,5813411,5.0,4061,,2026-09-15T21:22:12Z,2026-09-15T22:41:49Z
42,0,125000324,5681679,5.0,605,,2026-09-15T22:17:10Z,2026-09-15T22:41:49Z
42,0,125000681,5822717,5.0,134,,2026-09-15T22:27:12Z,2026-09-15T22:41:49Z
42,0,124990086,5681245,5.1,12091,,2026-09-15T18:10:08Z,2026-09-15T22:41:49Z
42,0,124979710,5771996,5.2,12458,,2026-09-15T14:07:41Z,2026-09-15T22:41:49Z
42,0,124986472,5274160,5.2,200000,,2026-09-15T16:47:26Z,2026-09-15T22:41:49Z
42,0,124974276,5684542,5.3,29455,,2026-09-15T11:54:41Z,2026-09-15T22:41:49Z
42,0,124921774,5722717,5.4,6483,,2026-09-14T12:25:01Z,2026-09-15T22:41:49Z
42,0,124923029,5769740,5.4,3500,,2026-09-14T12:54:58Z,2026-09-15T22:41:49Z
42,0,124948072,5274160,5.4,200000,,2026-09-14T22:48:29Z,2026-09-15T22:41:49Z
42,0,124048468,5736275,5.5,44649,,2026-09-04T00:25:16Z,2026-09-15T22:41:49Z
42,0,124124816,5636903,5.5,206255,,2026-09-03T07:01:10Z,2026-09-15T22:41:49Z
42,0,124668609,5300330,5.5,674973,,2026-09-09T15:17:08Z,2026-09-15T22:41:49Z
42,0,124690421,5790715,5.5,200,,2026-09-10T01:06:04Z,2026-09-15T22:41:49Z
42,0,124790027,5786186,5.5,2537,,2026-09-11T22:04:32Z,2026-09-15T22:41:49Z
42,0,124824537,4161182,5.5,26136,,2026-09-12T15:20:53Z,2026-09-15T22:41:49Z
42,0,124725479,5790715,5.6,200,,2026-09-10T16:44:39Z,2026-09-15T22:41:49Z
42,0,124795269,4664997,5.6,362389,,2026-09-12T01:16:07Z,2026-09-15T22:41:49Z
42,0,124831566,5274160,5.6,300000,,2026-09-12T18:22:57Z,2026-09-15T22:41:49Z
42,0,124729893,5790715,5.7,280,,2026-09-10T18:35:56Z,2026-09-15T22:41:49Z
42,0,124794015,5699226,5.7,10560,,2026-09-12T00:26:06Z,2026-09-15T22:41:49Z
42,0,124831553,5274160,5.7,500000,,2026-09-12T18:22:37Z,2026-09-15T22:41:49Z
42,0,124672443,5661560,5.8,34174,,2026-09-09T16:48:27Z,2026-09-15T22:41:49Z
42,0,124734010,5790715,5.8,268,,2026-09-10T20:13:28Z,2026-09-15T22:41:49Z
42,0,124682613,5790715,5.9,1134,,2026-09-09T20:49:58Z,2026-09-15T22:41:49Z
42,0,124866501,5274160,5.9,500000,,2026-09-13T11:45:59Z,2026-09-15T22:41:49Z
42,0,124632131,5790715,6.0,100,,2026-09-08T21:27:09Z,2026-09-15T22:41:49Z
42,0,124839426,3596255,6.0,1096,,2026-09-12T21:48:52Z,2026-09-15T22:41:49Z
42,0,124969964,5281779,6.0,5000,,2026-09-15T09:59:42Z,2026-09-15T22:41:49Z
42,0,124694837,5789584,6.2,111,,2026-09-10T03:40:24Z,2026-09-15T22:41:49Z
42,0,124721749,5789584,6.3,1535,,2026-09-10T15:14:47Z,2026-09-15T22:41:49Z
42,0,124697404,5789584,6.4,170,,2026-09-10T04:49:31Z,2026-09-15T22:41:49Z
42,0,124866510,5274160,6.4,500000,,2026-09-13T11:46:20Z,2026-09-15T22:41:49Z
42,0,124363552,5759088,6.5,680,,2026-09-03T15:31:28Z,2026-09-15T22:41:49Z
42,1,125000455,5628844,5.0,11140,,2026-09-15T22:20:29Z,2026-09-15T22:41:49Z
42,1,124998870,5299915,5.1,25687,,2026-09-15T21:34:55Z,2026-09-15T22:41:49Z
42,1,124997582,5706251,5.2,11924,,2026-09-15T21:00:55Z,2026-09-15T22:41:49Z
42,1,124998662,5578308,5.2,16396,,2026-09-15T21:28:50Z,2026-09-15T22:41:49Z
42,1,124829151,5666256,5.6,1000,,2026-09-12T17:19:30Z,2026-09-15T22:41:49Z
42,1,124972853,1533578,5.8,100000,,2026-09-15T11:16:47Z,2026-09-15T22:41:49Z
42,1,124972844,1533578,5.9,100000,,2026-09-15T11:16:42Z,2026-09-15T22:41:49Z
42,2,125000609,4829489,5.1,3348,,2026-09-15T22:25:08Z,2026-09-15T22:41:49Z
42,2,124980035,3726242,5.2,83213,,2026-09-15T14:16:32Z,2026-09-15T22:41:49Z
42,2,124984514,5586001,5.2,42563,,2026-09-15T16:02:16Z,2026-09-15T22:41:49Z
42,2,124978262,3380410,5.3,1568665,,2026-09-15T13:33:40Z,2026-09-15T22:41:49Z
42,2,124922416,4943477,5.4,50000,,2026-09-14T12:39:47Z,2026-09-15T22:41:49Z
42,2,124911113,5612733,5.5,20053,,2026-09-14T07:37:03Z,2026-09-15T22:41:49Z
42,2,124855648,5153562,5.6,200000,,2026-09-13T06:51:51Z,2026-09-15T22:41:49Z
42,2,124908493,3465798,5.6,36851,,2026-09-14T06:24:22Z,2026-09-15T22:41:49Z
42,3,124932857,3389407,5.6,39905,,2026-09-14T16:39:55Z,2026-09-15T22:41:49Z
42,3,124829179,4086749,5.7,99850,,2026-09-12T17:20:10Z,2026-09-15T22:41:49Z
42,3,124696251,3389407,5.8,100000,,2026-09-10T04:19:28Z,2026-09-15T22:41:49Z
42,3,123699180,4278886,6.0,124000,,2026-09-02T02:53:02Z,2026-09-15T22:41:49Z
42,4,124995771,3878554,5.6,300000,,2026-09-15T20:15:36Z,2026-09-15T22:41:49Z
42,4,124830640,3950408,5.7,157000,,2026-09-12T17:58:18Z,2026-09-15T22:41:49Z
42,4,124802736,3878554,5.8,500000,,2026-09-12T05:37:44Z,2026-09-15T22:41:49Z
42,4,124775174,2743835,5.9,100000,,2026-09-11T15:42:21Z,2026-09-15T22:41:49Z
42,4,124782602,2094511,5.9,60000,,2026-09-11T18:46:41Z,2026-09-15T22:41:49Z
42,4,124742033,3701045,6.5,39974,,2026-09-11T00:05:59Z,2026-09-15T22:41:49Z
42,4,124775159,2743835,6.9,202547,,2026-09-11T15:41:56Z,2026-09-15T22:41:49Z
42,5,124913307,1063626,5.8,200000,,2026-09-14T08:42:47Z,2026-09-15T22:41:49Z
42,5,124841518,3660810,6.0,1000000,,2026-09-12T22:52:55Z,2026-09-15T22:41:49Z
42,5,124768695,3950408,6.6,400000,,2026-09-11T13:05:47Z,2026-09-15T22:41:49Z
42,5,124727171,3950408,6.7,300000,,2026-09-10T17:29:13Z,2026-09-15T22:41:49Z
42,5,124754036,2738297,6.7,1000000,,2026-09-11T06:29:15Z,2026-09-15T22:41:49Z
42,5,124993748,2738297,6.8,1000000,,2026-09-15T19:30:51Z,2026-09-15T22:41:49Z
42,5,124993758,2738297,7.0,1000000,,2026-09-15T19:31:01Z,2026-09-15T22:41:49Z
42,5,124736915,2738297,7.2,1000000,,2026-09-10T21:22:35Z,2026-09-15T22:41:49Z
42,6,124786560,110061,5.9,448569,,2026-09-11T20:27:41Z,2026-09-15T22:41:49Z
42,7,124742028,3701045,7.0,89189,,2026-09-11T00:05:53Z,2026-09-15T22:41:49Z
43,0,124989058,5782021,11.6,230,,2026-09-15T17:47:56Z,2026-09-15T22:44:03Z
43,0,124991135,5465535,11.6,3819,,2026-09-15T18:33:56Z,2026-09-15T22:44:03Z
43,0,124989046,5533680,11.7,44808,,2026-09-15T17:47:34Z,2026-09-15T22:44:03Z
43,0,124989098,5784456,11.7,5000,,2026-09-15T17:48:36Z,2026-09-15T22:44:03Z
43,0,124960525,5608591,11.8,542,,2026-09-15T05:23:46Z,2026-09-15T22:44:03Z
43,0,124965800,5465535,11.8,5302,,2026-09-15T07:56:52Z,2026-09-15T22:44:03Z
43,0,124960488,5686069,11.9,2371,,2026-09-15T05:22:53Z,2026-09-15T22:44:03Z
43,0,124876311,5824333,12.0,180,,2026-09-13T15:37:25Z,2026-09-15T22:44:03Z
43,0,124918301,5368075,12.0,600,,2026-09-14T11:00:25Z,2026-09-15T22:44:03Z
43,0,124976539,5465535,12.0,656,,2026-09-15T12:52:46Z,2026-09-15T22:44:03Z
43,0,124945183,4717733,12.1,1920,,2026-09-14T21:22:14Z,2026-09-15T22:44:03Z
43,0,124679019,3740586,14.2,7290,,2026-09-09T19:26:53Z,2026-09-15T22:44:03Z
43,1,124989454,4637388,11.6,75845,-4302.0,2026-09-15T17:56:44Z,2026-09-15T22:44:03Z
43,1,124994471,4997303,11.6,72700,,2026-09-15T19:46:31Z,2026-09-15T22:44:03Z
43,1,125000977,4974993,11.6,10309,,2026-09-15T22:37:09Z,2026-09-15T22:44:03Z
43,1,124990445,5099335,11.7,700,,2026-09-15T18:19:07Z,2026-09-15T22:44:03Z
43,1,124992997,5472753,11.7,21370,,2026-09-15T19:13:33Z,2026-09-15T22:44:03Z
43,1,124962735,5562956,11.8,39833,,2026-09-15T06:25:20Z,2026-09-15T22:44:03Z
43,1,124961860,5702762,11.9,285,,2026-09-15T06:00:58Z,2026-09-15T22:44:03Z
43,1,124876316,5647506,12.0,11790,,2026-09-13T15:37:31Z,2026-09-15T22:44:03Z
43,1,124876501,5769740,12.0,690,,2026-09-13T15:41:48Z,2026-09-15T22:44:03Z
43,1,124938438,4022943,12.0,5020,,2026-09-14T18:44:50Z,2026-09-15T22:44:03Z
43,1,124722493,5688570,12.1,20180,,2026-09-10T15:31:30Z,2026-09-15T22:44:03Z
43,1,124838338,5153040,12.1,20000,,2026-09-12T21:16:59Z,2026-09-15T22:44:03Z
43,1,124871631,5150465,12.1,100000,,2026-09-13T13:49:06Z,2026-09-15T22:44:03Z
43,1,124876130,5769740,12.1,500,,2026-09-13T15:33:54Z,2026-09-15T22:44:03Z
43,2,124994646,5590967,11.7,6710,,2026-09-15T19:51:43Z,2026-09-15T22:44:03Z
43,2,124994113,5523947,11.8,63980,,2026-09-15T19:38:14Z,2026-09-15T22:44:03Z
43,2,124962497,5577324,11.9,20000,,2026-09-15T06:18:11Z,2026-09-15T22:44:03Z
43,2,124876425,5590967,12.0,16998,,2026-09-13T15:40:09Z,2026-09-15T22:44:03Z
43,2,124919648,1699270,12.0,46499,,2026-09-14T11:33:28Z,2026-09-15T22:44:03Z
43,2,124960017,2186137,12.0,20000,,2026-09-15T05:11:24Z,2026-09-15T22:44:03Z
43,2,124723747,4030387,12.1,66176,,2026-09-10T16:02:02Z,2026-09-15T22:44:03Z
43,2,124992152,3839184,12.3,4000,,2026-09-15T18:55:35Z,2026-09-15T22:44:03Z
43,2,124808239,3839184,12.5,1000,,2026-09-12T07:58:57Z,2026-09-15T22:44:03Z
43,2,124728164,5827056,12.9,10,,2026-09-10T17:55:24Z,2026-09-15T22:44:03Z
43,3,125000462,4563210,11.8,87854,,2026-09-15T22:20:39Z,2026-09-15T22:44:03Z
43,3,124962649,1407443,11.9,707734,,2026-09-15T06:22:51Z,2026-09-15T22:44:03Z
43,3,124904716,3452278,12.0,146892,,2026-09-14T04:46:32Z,2026-09-15T22:44:03Z
43,3,124906345,5124878,12.0,30000,,2026-09-14T05:27:27Z,2026-09-15T22:44:03Z
43,3,124958000,4142270,12.0,186598,,2026-09-15T04:19:14Z,2026-09-15T22:44:03Z
43,3,124762864,4142270,12.1,137221,,2026-09-11T10:36:01Z,2026-09-15T22:44:03Z
43,3,124719893,4854151,12.2,44797,,2026-09-10T14:28:49Z,2026-09-15T22:44:03Z
43,3,124740169,1872499,12.3,50000,,2026-09-10T22:59:03Z,2026-09-15T22:44:03Z
43,3,124736971,4498283,12.4,50000,,2026-09-10T21:23:55Z,2026-09-15T22:44:03Z
43,3,124720576,5124878,12.5,30000,,2026-09-10T14:44:29Z,2026-09-15T22:44:03Z
43,3,124731201,5242461,12.7,100000,,2026-09-10T19:07:01Z,2026-09-15T22:44:03Z
43,3,124614286,2658695,13.0,34121,,2026-09-08T14:20:01Z,2026-09-15T22:44:03Z
43,3,124901707,4885219,13.0,3402,,2026-09-14T03:19:46Z,2026-09-15T22:44:03Z
43,3,124619624,2658695,15.0,8279,,2026-09-08T16:25:21Z,2026-09-15T22:44:03Z
43,4,124955756,445549,12.7,7215,,2026-09-15T03:13:34Z,2026-09-15T22:44:03Z
43,4,124952974,4416949,12.8,173155,,2026-09-15T01:35:41Z,2026-09-15T22:44:03Z
43,4,124734293,5331431,12.9,85914,,2026-09-10T20:20:36Z,2026-09-15T22:44:03Z
43,4,124707822,3900048,13.0,55341,,2026-09-10T09:29:04Z,2026-09-15T22:44:03Z
43,4,124706661,4281838,13.1,14584,,2026-09-10T08:54:17Z,2026-09-15T22:44:03Z
43,4,124641415,4238439,13.4,3,,2026-09-09T02:43:53Z,2026-09-15T22:44:03Z
43,5,124962645,1407443,12.8,46225,,2026-09-15T06:22:42Z,2026-09-15T22:44:03Z
43,5,124907292,476116,12.9,231147,,2026-09-14T05:51:57Z,2026-09-15T22:44:03Z
43,5,124712608,3537815,13.0,344883,,2026-09-10T11:38:09Z,2026-09-15T22:44:03Z
43,5,124917521,433242,13.0,100000,,2026-09-14T10:40:59Z,2026-09-15T22:44:03Z
43,5,124667731,3819356,13.4,103585,,2026-09-09T14:56:31Z,2026-09-15T22:44:03Z
43,5,124644899,2189833,13.5,40503,,2026-09-09T04:37:57Z,2026-09-15T22:44:03Z
43,5,124643102,1407443,13.6,232186,,2026-09-09T03:45:20Z,2026-09-15T22:44:03Z
43,5,124911624,1456556,14.9,173702,,2026-09-14T07:51:16Z,2026-09-15T22:44:03Z
43,6,124946066,5252653,13.2,47526,,2026-09-14T21:45:23Z,2026-09-15T22:44:03Z
43,6,124940270,3950408,13.3,50000,,2026-09-14T19:25:12Z,2026-09-15T22:44:03Z
43,6,124915727,5252653,13.4,91226,,2026-09-14T09:54:48Z,2026-09-15T22:44:03Z
43,6,124913502,3950408,13.5,48515,,2026-09-14T08:48:35Z,2026-09-15T22:44:03Z
43,6,124907788,3660810,13.6,195718,,2026-09-14T06:04:59Z,2026-09-15T22:44:03Z
43,6,124893504,5252653,13.7,96901,,2026-09-13T22:41:17Z,2026-09-15T22:44:03Z
43,6,124841464,3660810,13.8,143121,,2026-09-12T22:51:21Z,2026-09-15T22:44:03Z
43,6,124830621,3950408,13.9,92390,,2026-09-12T17:57:53Z,2026-09-15T22:44:03Z
43,6,124825168,5252653,14.0,99410,,2026-09-12T15:38:03Z,2026-09-15T22:44:03Z
43,6,124690891,3660810,14.1,76150,,2026-09-10T01:22:51Z,2026-09-15T22:44:03Z
43,6,124686306,3950408,14.2,58287,,2026-09-09T22:34:08Z,2026-09-15T22:44:03Z
43,6,124684653,5252653,14.3,84095,,2026-09-09T21:44:41Z,2026-09-15T22:44:03Z
43,8,124976062,378847,18.1,30000,,2026-09-15T12:40:19Z,2026-09-15T22:44:03Z
43,8,124907459,4764355,18.2,844,,2026-09-14T05:57:29Z,2026-09-15T22:44:03Z
43,8,124861062,823835,18.3,1405,,2026-09-13T09:17:16Z,2026-09-15T22:44:03Z
44,0,124997671,5233558,1.25,979812,-64400.0,2026-09-15T21:02:56Z,2026-09-15T22:40:56Z
44,0,124999199,4071507,1.25,58770,,2026-09-15T21:44:15Z,2026-09-15T22:40:56Z
44,0,124997652,5233558,1.26,200000,,2026-09-15T21:02:18Z,2026-09-15T22:40:56Z
44,0,124997284,4098254,1.28,28997,,2026-09-15T20:52:27Z,2026-09-15T22:40:56Z
44,0,124999536,5813588,1.28,54437,,2026-09-15T21:53:10Z,2026-09-15T22:40:56Z
44,0,124995243,5165578,1.29,147046,,2026-09-15T20:04:37Z,2026-09-15T22:40:56Z
44,0,124999084,5830533,1.29,1,,2026-09-15T21:40:52Z,2026-09-15T22:40:56Z
44,0,124995211,5748870,1.3,62732,,2026-09-15T20:03:57Z,2026-09-15T22:40:56Z
44,0,124999102,4100357,1.3,94152,,2026-09-15T21:41:23Z,2026-09-15T22:40:56Z
44,0,124970677,5601554,1.31,41773,,2026-09-15T10:18:00Z,2026-09-15T22:40:56Z
44,0,124997545,5103310,1.31,2100000,,2026-09-15T20:59:32Z,2026-09-15T22:40:56Z
44,0,124965372,5629518,1.32,1779,,2026-09-15T07:42:32Z,2026-09-15T22:40:56Z
44,0,124834168,4100357,1.35,39,,2026-09-12T19:30:03Z,2026-09-15T22:40:56Z
44,0,124967191,4100357,1.4,509685,,2026-09-15T08:37:24Z,2026-09-15T22:40:56Z
44,0,124723146,4100357,1.44,188100,,2026-09-10T15:47:39Z,2026-09-15T22:40:56Z
44,0,124678360,5629518,1.5,2493,,2026-09-09T19:11:44Z,2026-09-15T22:40:56Z
44,0,124679335,3740586,2.0,33422,,2026-09-09T19:33:08Z,2026-09-15T22:40:56Z
44,1,124907389,5739629,1.34,50000,,2026-09-14T05:55:17Z,2026-09-15T22:40:56Z
44,2,125000335,3445951,1.3,62212,,2026-09-15T22:17:30Z,2026-09-15T22:40:56Z
44,2,124981467,5368815,1.32,637147,,2026-09-15T14:51:42Z,2026-09-15T22:40:56Z
44,2,124999321,2130314,1.32,540951,,2026-09-15T21:47:34Z,2026-09-15T22:40:56Z
44,2,124981305,5523574,1.33,2168,,2026-09-15T14:47:30Z,2026-09-15T22:40:56Z
44,2,124997853,2944032,1.33,1050213,,2026-09-15T21:07:26Z,2026-09-15T22:40:56Z
44,2,124911541,1581069,1.34,200000,,2026-09-14T07:48:56Z,2026-09-15T22:40:56Z
44,2,124780655,1639496,1.35,200000,,2026-09-11T17:55:54Z,2026-09-15T22:40:56Z
44,2,124780662,1639496,1.36,200000,,2026-09-11T17:56:05Z,2026-09-15T22:40:56Z
44,2,124780670,1639496,1.37,200000,,2026-09-11T17:56:20Z,2026-09-15T22:40:56Z
44,2,124780696,1639496,1.38,200000,,2026-09-11T17:56:45Z,2026-09-15T22:40:56Z
44,2,124780706,1639496,1.39,200000,,2026-09-11T17:56:55Z,2026-09-15T22:40:56Z
44,2,124957251,4449202,1.53,100000,,2026-09-15T03:58:24Z,2026-09-15T22:40:56Z
44,2,124992962,5804135,1.54,1000,,2026-09-15T19:12:42Z,2026-09-15T22:40:56Z
44,3,124972504,5162652,1.34,848957,-82540.0,2026-09-15T11:07:14Z,2026-09-15T22:40:56Z
44,3,124884066,3852176,1.35,560432,,2026-09-13T18:38:16Z,2026-09-15T22:40:56Z
44,4,124928256,3760101,1.35,392047,,2026-09-14T14:59:28Z,2026-09-15T22:40:56Z
44,4,124884209,3878554,1.36,59062,,2026-09-13T18:41:41Z,2026-09-15T22:40:56Z
44,4,124693788,4017784,1.38,50000,,2026-09-10T03:05:30Z,2026-09-15T22:40:56Z
44,4,125000143,3774430,1.39,1000000,,2026-09-15T22:10:41Z,2026-09-15T22:40:56Z
44,4,124654148,3455880,1.4,5840319,,2026-09-09T09:03:15Z,2026-09-15T22:40:56Z
44,4,124778229,3455880,1.48,2564656,,2026-09-11T16:52:34Z,2026-09-15T22:40:56Z
44,5,124918636,4034627,1.36,706500,,2026-09-14T11:08:34Z,2026-09-15T22:40:56Z
44,5,124740316,4573961,1.37,1486604,,2026-09-10T23:03:15Z,2026-09-15T22:40:56Z
44,5,124659493,427775,1.39,300000,,2026-09-09T11:34:52Z,2026-09-15T22:40:56Z
44,5,124630432,484202,1.4,157667,,2026-09-08T20:38:49Z,2026-09-15T22:40:56Z
44,5,124656387,484202,1.5,303654,,2026-09-09T10:09:58Z,2026-09-15T22:40:56Z
44,6,124805752,110061,1.38,632000,,2026-09-12T06:54:36Z,2026-09-15T22:40:56Z
44,6,124905011,3549446,1.46,1000000,,2026-09-14T04:55:53Z,2026-09-15T22:40:56Z
44,6,124658344,4034627,1.67,234567,,2026-09-09T11:04:14Z,2026-09-15T22:40:56Z
44,6,124598609,4150879,1.68,411765,,2026-09-08T07:03:06Z,2026-09-15T22:40:56Z
44,7,124864232,3365824,1.47,1000000,,2026-09-13T10:47:02Z,2026-09-15T22:40:56Z
44,7,124713747,3365824,2.1,6234567,,2026-09-10T12:10:27Z,2026-09-15T22:40:56Z
44,9,124802156,127825,1.48,421207,,2026-09-12T05:21:35Z,2026-09-13T04:06:15Z
44,10,124999895,2568683,1.5,100000,,2026-09-15T22:04:10Z,2026-09-15T22:40:56Z
44,10,124991204,4034627,1.8,100000,,2026-09-15T18:35:11Z,2026-09-15T22:40:56Z
45,0,125000987,4974993,13.4,924,-280.0,2026-09-15T22:37:25Z,2026-09-15T22:42:43Z
45,0,125000054,3538956,13.5,6370,,2026-09-15T22:07:56Z,2026-09-15T22:42:43Z
45,0,124999248,5814176,13.6,915,,2026-09-15T21:45:52Z,2026-09-15T22:42:43Z
45,0,124999221,72619,13.7,6655,,2026-09-15T21:45:01Z,2026-09-15T22:42:43Z
45,0,124999572,5697254,13.7,1933,,2026-09-15T21:54:03Z,2026-09-15T22:42:43Z
45,0,124999143,5444107,13.8,4368,,2026-09-15T21:42:39Z,2026-09-15T22:42:43Z
45,0,124986103,5814176,13.9,1500,,2026-09-15T16:39:24Z,2026-09-15T22:42:43Z
45,0,124972082,5751205,14.0,124,,2026-09-15T10:56:03Z,2026-09-15T22:42:43Z
45,0,124974772,5817082,14.0,2000,,2026-09-15T12:06:04Z,2026-09-15T22:42:43Z
45,0,124975460,4653635,14.0,2712,,2026-09-15T12:25:02Z,2026-09-15T22:42:43Z
45,0,124969993,5775422,14.1,542,,2026-09-15T10:00:31Z,2026-09-15T22:42:43Z
45,0,124970263,5770554,14.1,156,,2026-09-15T10:06:47Z,2026-09-15T22:42:43Z
45,0,124970593,3625142,14.1,221,,2026-09-15T10:15:37Z,2026-09-15T22:42:43Z
45,0,124978096,5800427,14.1,9406,,2026-09-15T13:29:43Z,2026-09-15T22:42:43Z
45,0,124906619,2855270,14.3,63515,,2026-09-14T05:34:06Z,2026-09-15T22:42:43Z
45,0,124934759,5777264,14.3,336,,2026-09-14T17:23:25Z,2026-09-15T22:42:43Z
45,0,124930030,5269446,14.4,12125,,2026-09-14T15:36:29Z,2026-09-15T22:42:43Z
45,0,124930814,5727539,14.4,760,,2026-09-14T15:54:03Z,2026-09-15T22:42:43Z
45,0,124905432,5591337,14.5,6262,,2026-09-14T05:06:55Z,2026-09-15T22:42:43Z
45,0,124899540,5727539,14.7,1000,,2026-09-14T02:07:54Z,2026-09-15T22:42:43Z
45,0,124646536,902563,14.9,10000,,2026-09-09T05:23:53Z,2026-09-15T22:42:43Z
45,0,124784473,5687439,14.9,12444,,2026-09-11T19:34:08Z,2026-09-15T22:42:43Z
45,1,125001070,5643501,13.5,1216,,2026-09-15T22:39:50Z,2026-09-15T22:42:43Z
45,1,124999809,5730124,13.8,1087,,2026-09-15T22:01:28Z,2026-09-15T22:42:43Z
45,1,125000008,5124878,13.8,5809,,2026-09-15T22:06:46Z,2026-09-15T22:42:43Z
45,1,124998213,4187723,13.9,5000,,2026-09-15T21:16:14Z,2026-09-15T22:42:43Z
45,1,124983118,5627897,14.0,800,,2026-09-15T15:29:00Z,2026-09-15T22:42:43Z
45,1,124970178,5730124,14.1,213,,2026-09-15T10:04:50Z,2026-09-15T22:42:43Z
45,1,124969792,5747761,14.2,9802,,2026-09-15T09:54:29Z,2026-09-15T22:42:43Z
45,1,124907475,5529202,14.5,5,,2026-09-14T05:57:54Z,2026-09-15T22:42:43Z
45,1,124906886,5222822,14.6,1756,,2026-09-14T05:41:02Z,2026-09-15T22:42:43Z
45,2,125000600,5291955,13.5,12996,,2026-09-15T22:24:49Z,2026-09-15T22:42:43Z
45,2,124988450,4090311,13.9,12731,,2026-09-15T17:34:26Z,2026-09-15T22:42:43Z
45,2,124977172,1727452,14.1,39958,,2026-09-15T13:09:19Z,2026-09-15T22:42:43Z
45,2,124988148,1581069,14.2,71919,,2026-09-15T17:28:08Z,2026-09-15T22:42:43Z
45,2,124959844,5395019,14.3,19408,,2026-09-15T05:08:12Z,2026-09-15T22:42:43Z
45,2,124958844,5715143,14.4,12030,,2026-09-15T04:42:37Z,2026-09-15T22:42:43Z
45,2,124913280,2773387,14.5,4000,,2026-09-14T08:41:54Z,2026-09-15T22:42:43Z
45,2,124911506,1581069,14.7,17935,,2026-09-14T07:48:10Z,2026-09-15T22:42:43Z
45,2,124906532,4523956,14.8,596,,2026-09-14T05:31:51Z,2026-09-15T22:42:43Z
45,2,124907170,5291955,14.8,30000,,2026-09-14T05:48:55Z,2026-09-15T22:42:43Z
45,2,124663270,4967798,14.9,20532,,2026-09-09T13:09:59Z,2026-09-15T22:42:43Z
45,2,124905358,4904109,14.9,68367,,2026-09-14T05:05:12Z,2026-09-15T22:42:43Z
45,2,124634907,3820704,15.0,24000,,2026-09-08T22:58:16Z,2026-09-15T22:42:43Z
45,2,124935105,5787194,15.6,5,,2026-09-14T17:31:50Z,2026-09-15T22:42:43Z
45,3,124999882,5291939,13.6,1340,,2026-09-15T22:03:44Z,2026-09-15T22:42:43Z
45,3,124973815,4817057,14.2,14585,,2026-09-15T11:42:24Z,2026-09-15T22:42:43Z
45,3,124970364,5297339,14.3,49729,,2026-09-15T10:09:27Z,2026-09-15T22:42:43Z
45,3,124964184,4210235,14.4,37837,,2026-09-15T07:07:03Z,2026-09-15T22:42:43Z
45,3,124981268,4277645,14.5,29340,,2026-09-15T14:46:40Z,2026-09-15T22:42:43Z
45,3,124909175,1485052,14.6,2311,,2026-09-14T06:43:06Z,2026-09-15T22:42:43Z
45,3,124904502,4070158,14.9,138,,2026-09-14T04:40:13Z,2026-09-15T22:42:43Z
45,3,124634964,3140588,15.0,105717,,2026-09-08T22:59:43Z,2026-09-15T22:42:43Z
45,3,124736283,4277645,15.0,25364,,2026-09-10T21:05:44Z,2026-09-15T22:42:43Z
45,3,124614660,4277645,15.2,13541,,2026-09-08T14:29:10Z,2026-09-15T22:42:43Z
45,4,124998837,1511757,14.0,314715,,2026-09-15T21:34:04Z,2026-09-15T22:42:43Z
45,4,124991118,655053,14.3,9639,,2026-09-15T18:33:42Z,2026-09-15T22:42:43Z
45,4,124970484,796911,15.2,700000,,2026-09-15T10:12:59Z,2026-09-15T22:42:43Z
45,4,124906699,655053,15.3,25092,,2026-09-14T05:36:27Z,2026-09-15T22:42:43Z
45,4,124897470,3224232,15.4,25000,,2026-09-14T01:00:06Z,2026-09-15T22:42:43Z
45,4,124893187,3518709,15.5,323064,,2026-09-13T22:29:25Z,2026-09-15T22:42:43Z
45,4,124572103,655053,15.6,8898,,2026-09-07T18:11:39Z,2026-09-15T22:42:43Z
45,4,124857721,4920262,15.7,40000,,2026-09-13T07:46:08Z,2026-09-15T22:42:43Z
45,5,124974053,4836329,14.4,8530,,2026-09-15T11:48:35Z,2026-09-15T22:42:43Z
45,5,124888033,3616363,15.7,22222,,2026-09-13T20:07:22Z,2026-09-15T22:42:43Z
45,5,124849783,3482993,15.8,24666,,2026-09-13T04:00:57Z,2026-09-15T22:42:43Z
45,5,124771810,3616363,16.8,11111,,2026-09-11T14:24:48Z,2026-09-15T22:42:43Z
45,6,124469328,3746561,16.9,98998,,2026-09-05T17:57:28Z,2026-09-13T04:04:22Z
45,7,124907487,2782409,14.5,135623,,2026-09-14T05:58:11Z,2026-09-15T22:42:43Z
45,7,124884228,3051880,15.9,1205,,2026-09-13T18:42:02Z,2026-09-15T22:42:43Z
45,9,124975048,380608,15.8,100,,2026-09-15T12:13:57Z,2026-09-15T22:42:43Z
45,11,124551385,380608,23.75,10000,,2026-09-07T09:45:14Z,2026-09-15T06:34:25Z
45,12,124975074,380608,15.9,10000,,2026-09-15T12:14:42Z,2026-09-15T22:42:43Z
45,12,124758943,1713591,16.0,97517,,2026-09-11T08:50:33Z,2026-09-15T22:42:43Z
46,0,125000597,5750992,27.0,1099,,2026-09-15T22:24:38Z,2026-09-15T22:42:41Z
46,0,125000514,5803051,27.25,1607,,2026-09-15T22:22:04Z,2026-09-15T22:42:41Z
46,0,124994345,3764318,27.5,8108,,2026-09-15T19:43:57Z,2026-09-15T22:42:41Z
46,0,124998080,5726352,27.5,1843,,2026-09-15T21:12:51Z,2026-09-15T22:42:41Z
46,0,124982810,5388735,27.75,12184,,2026-09-15T15:22:35Z,2026-09-15T22:42:41Z
46,0,124984526,5806815,27.75,24,,2026-09-15T16:02:30Z,2026-09-15T22:42:41Z
46,0,124990065,5602587,27.75,150,,2026-09-15T18:09:32Z,2026-09-15T22:42:41Z
46,0,124996628,5540239,27.75,1917,,2026-09-15T20:35:25Z,2026-09-15T22:42:41Z
46,0,124996706,5831834,27.75,16,,2026-09-15T20:37:38Z,2026-09-15T22:42:41Z
46,0,124982806,5837551,28.0,115,,2026-09-15T15:22:33Z,2026-09-15T22:42:41Z
46,0,124985773,4974625,28.0,1033,,2026-09-15T16:32:00Z,2026-09-15T22:42:41Z
46,0,124988860,5771218,28.0,943,,2026-09-15T17:42:53Z,2026-09-15T22:42:41Z
46,0,124993879,4520017,28.0,1243,,2026-09-15T19:34:10Z,2026-09-15T22:42:41Z
46,0,124997747,5520887,28.0,18216,,2026-09-15T21:05:12Z,2026-09-15T22:42:41Z
46,0,124999087,4100357,28.0,2059,,2026-09-15T21:41:00Z,2026-09-15T22:42:41Z
46,0,124982707,5837329,28.25,69,,2026-09-15T15:20:28Z,2026-09-15T22:42:41Z
46,0,124984890,5804462,28.25,24,,2026-09-15T16:09:56Z,2026-09-15T22:42:41Z
46,0,124979902,5832336,28.5,114,,2026-09-15T14:12:44Z,2026-09-15T22:42:41Z
46,0,124982614,5643526,28.5,1985,,2026-09-15T15:17:57Z,2026-09-15T22:42:41Z
46,0,124896318,5777072,28.75,1000,,2026-09-14T00:20:16Z,2026-09-15T22:42:41Z
46,0,124896346,5826867,28.75,15,,2026-09-14T00:20:55Z,2026-09-15T22:42:41Z
46,0,124971566,5751897,28.75,230,,2026-09-15T10:41:53Z,2026-09-15T22:42:41Z
46,0,124860657,5300330,29.0,26851,,2026-09-13T16:48:10Z,2026-09-15T22:42:41Z
46,0,124883011,4100357,29.0,1939,,2026-09-13T18:13:13Z,2026-09-15T22:42:41Z
46,0,124980039,5802498,29.0,128,,2026-09-15T14:16:34Z,2026-09-15T22:42:41Z
46,0,124816151,5763272,29.25,155,,2026-09-12T11:43:16Z,2026-09-15T22:42:41Z
46,0,124816553,4664997,29.25,5395,,2026-09-12T11:54:15Z,2026-09-15T22:42:41Z
46,0,124737734,4684904,30.0,3668,,2026-09-10T21:42:31Z,2026-09-15T22:42:41Z
46,0,124738113,5811228,30.0,5,,2026-09-10T21:55:39Z,2026-09-15T22:42:41Z
46,0,124766942,5828133,30.0,7,,2026-09-11T12:20:52Z,2026-09-15T22:42:41Z
46,0,124820931,5827211,30.0,20,,2026-09-12T13:46:45Z,2026-09-15T22:42:41Z
46,0,124873655,4976598,30.0,50,,2026-09-13T14:35:56Z,2026-09-15T22:42:41Z
46,0,124877019,5809689,30.0,8,,2026-09-13T15:53:38Z,2026-09-15T22:42:41Z
46,0,124957396,5281808,30.0,72996,,2026-09-15T04:02:57Z,2026-09-15T22:42:41Z
46,0,124966008,5801850,30.0,784,,2026-09-15T08:04:56Z,2026-09-15T22:42:41Z
46,0,124995853,5234060,30.0,208,,2026-09-15T20:17:29Z,2026-09-15T22:42:41Z
46,0,124737312,5584223,30.25,2707,,2026-09-10T21:32:46Z,2026-09-15T22:42:41Z
46,0,124784156,5828135,30.25,80,,2026-09-11T19:26:20Z,2026-09-15T22:42:41Z
46,0,124806450,5737007,30.25,576,,2026-09-12T07:12:07Z,2026-09-15T22:42:41Z
46,0,125000750,5764519,30.25,40,,2026-09-15T22:29:16Z,2026-09-15T22:42:41Z
46,0,124737676,5520887,30.5,12758,,2026-09-10T21:41:16Z,2026-09-15T22:42:41Z
46,0,124737757,2543202,30.5,3366,,2026-09-10T21:43:20Z,2026-09-15T22:42:41Z
46,0,124736910,4498283,31.0,17728,,2026-09-10T21:22:29Z,2026-09-15T22:42:41Z
46,0,124800697,3326933,31.0,1,,2026-09-12T04:36:15Z,2026-09-15T22:42:41Z
46,0,124800949,5821944,31.0,10,,2026-09-12T04:44:40Z,2026-09-15T22:42:41Z
46,0,124908758,5833221,31.0,10,,2026-09-14T06:31:42Z,2026-09-15T22:42:41Z
46,0,124902818,5827027,31.25,256,,2026-09-14T03:54:40Z,2026-09-15T22:42:41Z
46,0,124736711,1709616,31.5,269,,2026-09-10T21:16:52Z,2026-09-15T22:42:41Z
46,0,124945297,5834911,32.0,20,,2026-09-14T21:25:22Z,2026-09-15T22:42:41Z
46,0,124895373,5826867,32.25,15,,2026-09-13T23:44:56Z,2026-09-15T22:42:41Z
46,0,124664752,5793465,33.0,100,,2026-09-09T13:47:16Z,2026-09-15T22:42:41Z
46,0,124825811,5808707,35.0,116,,2026-09-12T15:54:55Z,2026-09-15T22:42:41Z
46,0,124911495,5730344,35.0,20,,2026-09-14T07:47:44Z,2026-09-15T22:42:41Z
46,0,124992081,5784073,35.0,200,,2026-09-15T18:54:07Z,2026-09-15T22:42:41Z
46,0,124789404,5739507,35.25,8,,2026-09-11T21:46:27Z,2026-09-15T22:42:41Z
46,0,124922534,5784073,35.75,100,,2026-09-14T12:43:04Z,2026-09-15T22:42:41Z
46,1,124999815,5695407,27.75,805,,2026-09-15T22:01:39Z,2026-09-15T22:42:41Z
46,1,124992764,4706155,28.0,2714,,2026-09-15T19:08:14Z,2026-09-15T22:42:41Z
46,1,124998629,4843256,28.0,1653,,2026-09-15T21:27:51Z,2026-09-15T22:42:41Z
46,1,124991461,4242875,28.25,1500,,2026-09-15T18:40:50Z,2026-09-15T22:42:41Z
46,1,124998043,5172277,28.25,2944,,2026-09-15T21:11:51Z,2026-09-15T22:42:41Z
46,1,124990139,4975440,28.5,1597,,2026-09-15T18:11:33Z,2026-09-15T22:42:41Z
46,1,124992589,4843256,28.5,17599,,2026-09-15T19:05:02Z,2026-09-15T22:42:41Z
46,1,124986765,5743910,28.75,826,,2026-09-15T16:54:53Z,2026-09-15T22:42:41Z
46,1,124989117,4832708,28.75,25000,,2026-09-15T17:49:15Z,2026-09-15T22:42:41Z
46,1,124898760,4635679,29.0,16992,,2026-09-14T01:41:01Z,2026-09-15T22:42:41Z
46,1,124908642,5578969,29.0,3276,,2026-09-14T06:28:29Z,2026-09-15T22:42:41Z
46,1,124915016,4966267,29.0,12520,,2026-09-14T09:33:21Z,2026-09-15T22:42:41Z
46,1,124811751,4296110,29.75,3184,,2026-09-12T09:39:06Z,2026-09-15T22:42:41Z
46,1,124815957,5609909,29.75,3461,,2026-09-12T11:37:16Z,2026-09-15T22:42:41Z
46,1,124737131,4843256,30.5,1585,,2026-09-10T21:28:31Z,2026-09-15T22:42:41Z
46,1,124737107,5695407,30.75,216,,2026-09-10T21:27:40Z,2026-09-15T22:42:41Z
46,1,124761779,5609909,30.75,3048,,2026-09-11T10:08:48Z,2026-09-15T22:42:41Z
46,2,124999824,5730124,27.75,279,,2026-09-15T22:01:58Z,2026-09-15T22:42:41Z
46,2,124998148,4384449,28.0,1693,,2026-09-15T21:14:19Z,2026-09-15T22:42:41Z
46,2,124997936,5676064,28.25,72,,2026-09-15T21:09:24Z,2026-09-15T22:42:41Z
46,2,124997072,4876518,28.5,605,,2026-09-15T20:46:56Z,2026-09-15T22:42:41Z
46,2,124997534,5676064,28.5,337,,2026-09-15T20:59:09Z,2026-09-15T22:42:41Z
46,2,124998487,5478301,28.5,3883,,2026-09-15T21:23:39Z,2026-09-15T22:42:41Z
46,2,124996676,5730124,28.75,210,,2026-09-15T20:36:32Z,2026-09-15T22:42:41Z
46,2,124996430,5835466,29.0,20,,2026-09-15T20:31:10Z,2026-09-15T22:42:41Z
46,2,124997129,5651853,29.0,9468,,2026-09-15T20:48:39Z,2026-09-15T22:42:41Z
46,2,124997619,5559229,29.0,1502,,2026-09-15T21:01:43Z,2026-09-15T22:42:41Z
46,2,124997049,4989093,29.5,5000,,2026-09-15T20:46:27Z,2026-09-15T22:42:41Z
46,2,124899168,4927977,29.75,3700,,2026-09-14T01:56:21Z,2026-09-15T22:42:41Z
46,2,124908297,5676064,29.75,3060,,2026-09-14T06:18:21Z,2026-09-15T22:42:41Z
46,2,124869130,5509659,30.0,11319,,2026-09-13T12:47:31Z,2026-09-15T22:42:41Z
46,2,124912002,5670013,30.0,10000,,2026-09-14T08:04:32Z,2026-09-15T22:42:41Z
46,2,124916174,5609909,30.0,1816,,2026-09-14T10:06:48Z,2026-09-15T22:42:41Z
46,2,124924257,5651853,30.0,21304,,2026-09-14T13:28:59Z,2026-09-15T22:42:41Z
46,2,124757693,2543202,30.25,1302,,2026-09-11T08:14:39Z,2026-09-15T22:42:41Z
46,2,124888614,4989093,30.25,5000,,2026-09-13T20:20:43Z,2026-09-15T22:42:41Z
46,2,124739079,4610467,30.5,1778,,2026-09-10T22:23:14Z,2026-09-15T22:42:41Z
46,2,124737487,5651853,30.75,6079,,2026-09-10T21:36:28Z,2026-09-15T22:42:41Z
46,2,124736877,1996638,31.0,1250,,2026-09-10T21:21:11Z,2026-09-15T22:42:41Z
46,2,124737231,2713482,31.0,7392,,2026-09-10T21:30:52Z,2026-09-15T22:42:41Z
46,2,124737762,2543202,31.5,2029,,2026-09-10T21:43:31Z,2026-09-15T22:42:41Z
46,3,124999011,5438647,29.25,5000,,2026-09-15T21:38:46Z,2026-09-15T22:42:41Z
46,3,124998750,5091742,29.5,3853,,2026-09-15T21:30:55Z,2026-09-15T22:42:41Z
46,3,124997896,5501944,29.75,3108,,2026-09-15T21:08:34Z,2026-09-15T22:42:41Z
46,3,124965542,1996638,30.0,17197,,2026-09-15T07:47:54Z,2026-09-15T22:42:41Z
46,3,124999135,5064188,30.0,65954,,2026-09-15T21:42:44Z,2026-09-15T22:42:41Z
46,3,124954323,5273689,30.25,10000,,2026-09-15T02:23:19Z,2026-09-15T22:42:41Z
46,3,124871163,4422631,30.5,17652,,2026-09-13T13:36:59Z,2026-09-15T22:42:41Z
46,3,124890646,5356058,30.5,6776,,2026-09-13T21:12:21Z,2026-09-15T22:42:41Z
46,3,124954330,5273689,30.5,10000,,2026-09-15T02:23:28Z,2026-09-15T22:42:41Z
46,3,124912483,3877918,30.75,20000,,2026-09-14T08:19:12Z,2026-09-15T22:42:41Z
46,3,124918108,4822099,30.75,10676,,2026-09-14T10:55:36Z,2026-09-15T22:42:41Z
46,3,124774982,516845,31.0,29017,,2026-09-11T15:37:54Z,2026-09-15T22:42:41Z
46,3,124784502,4315335,31.0,45000,,2026-09-11T19:35:08Z,2026-09-15T22:42:41Z
46,3,124774492,5501944,31.25,1303,,2026-09-11T15:27:21Z,2026-09-15T22:42:41Z
46,3,124774171,1996638,31.5,4158,,2026-09-11T15:20:52Z,2026-09-15T22:42:41Z
46,3,124763449,4422631,31.75,4083,,2026-09-11T10:50:56Z,2026-09-15T22:42:41Z
46,3,124762221,4315335,32.0,30000,,2026-09-11T10:19:41Z,2026-09-15T22:42:41Z
46,3,124643664,1878657,32.5,50468,,2026-09-09T04:03:44Z,2026-09-15T22:42:41Z
46,4,125000104,2561644,30.0,1087,,2026-09-15T22:09:19Z,2026-09-15T22:42:41Z
46,4,125001002,4532123,30.0,70506,,2026-09-15T22:37:49Z,2026-09-15T22:42:41Z
46,4,124941528,4254668,30.25,108889,,2026-09-14T19:52:38Z,2026-09-15T22:42:41Z
46,4,124938097,3922464,30.5,3566,,2026-09-14T18:38:08Z,2026-09-15T22:42:41Z
46,4,124912331,3721748,30.75,9593,,2026-09-14T08:14:28Z,2026-09-15T22:42:41Z
46,4,124910006,3922464,31.0,1354,,2026-09-14T07:05:55Z,2026-09-15T22:42:41Z
46,4,124911562,1996638,31.0,14955,,2026-09-14T07:49:24Z,2026-09-15T22:42:41Z
46,4,124918040,4029132,31.0,12617,,2026-09-14T10:54:03Z,2026-09-15T22:42:41Z
46,4,124883956,4254668,31.25,44159,,2026-09-13T18:35:39Z,2026-09-15T22:42:41Z
46,4,124895987,4495643,31.25,21330,,2026-09-14T00:07:24Z,2026-09-15T22:42:41Z
46,4,124883487,4769252,31.5,33614,,2026-09-13T18:23:42Z,2026-09-15T22:42:41Z
46,4,124896006,4495643,31.5,15000,,2026-09-14T00:07:49Z,2026-09-15T22:42:41Z
46,4,124783288,4532123,31.75,84587,,2026-09-11T19:04:59Z,2026-09-15T22:42:41Z
46,4,124779730,4148745,32.0,4550,,2026-09-11T17:31:25Z,2026-09-15T22:42:41Z
46,4,124778957,4657413,32.25,833,,2026-09-11T17:11:23Z,2026-09-15T22:42:41Z
46,4,124777740,1996638,32.5,10000,,2026-09-11T16:40:18Z,2026-09-15T22:42:41Z
46,4,124766365,2218276,32.75,12000,,2026-09-11T12:06:10Z,2026-09-15T22:42:41Z
46,4,124763234,3922464,33.75,1752,,2026-09-11T10:45:21Z,2026-09-15T22:42:41Z
46,4,124762855,1220628,34.0,20000,,2026-09-11T10:35:43Z,2026-09-15T22:42:41Z
46,5,124965167,4525713,31.0,20000,,2026-09-15T07:35:13Z,2026-09-15T22:42:41Z
46,5,124965591,1996638,31.0,28666,,2026-09-15T11:04:09Z,2026-09-15T22:42:41Z
46,5,124963005,3926818,31.25,3640,,2026-09-15T06:33:34Z,2026-09-15T22:42:41Z
46,5,124952206,4450542,31.5,10000,,2026-09-15T01:14:15Z,2026-09-15T22:42:41Z
46,5,124885706,1220628,31.75,1485,,2026-09-13T19:14:58Z,2026-09-15T22:42:41Z
46,5,124784582,1996638,32.0,5418,,2026-09-11T19:37:27Z,2026-09-15T22:42:41Z
46,5,124845502,4450542,32.0,5032,,2026-09-13T01:21:07Z,2026-09-15T22:42:41Z
46,5,124779526,2954798,32.5,10000,,2026-09-11T17:26:36Z,2026-09-15T22:42:41Z
46,5,124774201,1996638,32.75,3443,,2026-09-11T15:21:22Z,2026-09-15T22:42:41Z
46,5,124781360,3249100,32.75,64581,,2026-09-11T18:14:25Z,2026-09-15T22:42:41Z
46,5,124764241,4450542,34.25,8896,,2026-09-11T11:12:17Z,2026-09-15T22:42:41Z
46,6,124998120,4040491,32.75,26429,,2026-09-15T21:13:45Z,2026-09-15T22:42:41Z
46,6,124965777,4202905,33.0,55420,,2026-09-15T07:56:08Z,2026-09-15T22:42:41Z
46,7,124911241,4040491,34.25,93439,,2026-09-14T07:40:45Z,2026-09-15T22:42:41Z
46,7,124889949,1996638,34.5,22674,,2026-09-13T20:54:36Z,2026-09-15T22:42:41Z
46,9,124475903,4517905,50.0,9899,,2026-09-05T20:43:18Z,2026-09-13T04:05:58Z
47,0,125000153,3918338,440.0,210,,2026-09-15T22:10:47Z,2026-09-15T22:44:22Z
47,0,124999288,72619,442.0,220,,2026-09-15T21:46:44Z,2026-09-15T22:44:22Z
47,0,124991364,5633249,444.0,342,,2026-09-15T18:38:29Z,2026-09-15T22:44:22Z
47,0,124991008,5380271,446.0,279,,2026-09-15T18:31:41Z,2026-09-15T22:44:22Z
47,0,124986403,5799434,448.0,68,,2026-09-15T16:46:01Z,2026-09-15T22:44:22Z
47,0,124985058,5743746,450.0,117,,2026-09-15T16:14:39Z,2026-09-15T22:44:22Z
47,0,124987384,1998547,454.0,500,,2026-09-15T17:09:54Z,2026-09-15T22:44:22Z
47,0,124989497,5770695,454.0,821,,2026-09-15T17:57:32Z,2026-09-15T22:44:22Z
47,0,124966356,5698942,456.0,997,129.0,2026-09-15T11:40:38Z,2026-09-15T22:44:22Z
47,0,124971494,5538065,456.0,2124,,2026-09-15T10:40:20Z,2026-09-15T22:44:22Z
47,0,124972620,1998547,456.0,500,,2026-09-15T11:10:52Z,2026-09-15T22:44:22Z
47,0,124760436,3456253,458.0,24992,,2026-09-11T09:32:44Z,2026-09-15T22:44:22Z
47,0,124202240,5538065,460.0,15906,,2026-09-01T11:36:35Z,2026-09-15T22:44:22Z
47,0,124748017,5454624,460.0,789,,2026-09-11T03:38:54Z,2026-09-15T22:44:22Z
47,0,124973855,5407627,460.0,1010,,2026-09-15T11:43:17Z,2026-09-15T22:44:22Z
47,0,124734242,1998547,462.0,500,,2026-09-10T20:19:19Z,2026-09-15T22:44:22Z
47,0,124934878,3555521,462.0,2,,2026-09-14T17:26:03Z,2026-09-15T22:44:22Z
47,0,124964849,5657136,492.0,173,,2026-09-15T07:25:53Z,2026-09-15T22:44:22Z
47,0,124817238,1998547,500.0,452,,2026-09-12T12:12:29Z,2026-09-15T22:44:22Z
47,1,125000963,4974993,456.0,103,,2026-09-15T22:36:50Z,2026-09-15T22:44:22Z
47,1,124996118,5663933,458.0,396,,2026-09-15T20:23:52Z,2026-09-15T22:44:22Z
47,1,124996373,5680671,458.0,35,,2026-09-15T20:30:12Z,2026-09-15T22:44:22Z
47,2,125001156,5212263,458.0,122,,2026-09-15T22:42:19Z,2026-09-15T22:44:22Z
47,2,124994938,5566415,460.0,1338,,2026-09-15T19:58:32Z,2026-09-15T22:44:22Z
47,2,124991367,5515584,462.0,100,,2026-09-15T18:38:36Z,2026-09-15T22:44:22Z
47,2,124958943,3308537,464.0,9040,,2026-09-15T04:45:18Z,2026-09-15T22:44:22Z
47,2,124959382,3495845,464.0,16450,,2026-09-15T04:56:27Z,2026-09-15T22:44:22Z
47,2,124786036,4890232,466.0,708,,2026-09-11T20:14:29Z,2026-09-15T22:44:22Z
47,2,124827090,3272420,470.0,70,,2026-09-12T16:27:17Z,2026-09-15T22:44:22Z
47,3,124997726,380608,460.0,17753,-990.0,2026-09-15T21:04:36Z,2026-09-15T22:44:22Z
47,3,124991375,4516405,462.0,705,,2026-09-15T18:38:50Z,2026-09-15T22:44:22Z
47,3,124985947,2835459,464.0,168,,2026-09-15T16:35:42Z,2026-09-15T22:44:22Z
47,3,124959874,5395019,466.0,880,,2026-09-15T05:08:43Z,2026-09-15T22:44:22Z
47,3,124971321,4363236,466.0,130,,2026-09-15T10:35:27Z,2026-09-15T22:44:22Z
47,3,124973772,2835459,466.0,87,,2026-09-15T11:40:40Z,2026-09-15T22:44:22Z
47,3,124970964,2835459,468.0,5337,,2026-09-15T11:12:43Z,2026-09-15T22:44:22Z
47,3,124644152,4946259,470.0,5000,,2026-09-09T04:16:47Z,2026-09-15T22:44:22Z
47,4,124992344,1017897,462.0,106,,2026-09-15T19:00:04Z,2026-09-15T22:44:22Z
47,4,125000081,1017897,464.0,2000,,2026-09-15T22:08:46Z,2026-09-15T22:44:22Z
47,4,124971073,295208,468.0,47,,2026-09-15T10:28:21Z,2026-09-15T22:44:22Z
47,4,124970029,1559548,470.0,10000,,2026-09-15T10:01:25Z,2026-09-15T22:44:22Z
47,4,124643728,1559548,472.0,10000,,2026-09-09T04:05:16Z,2026-09-15T22:44:22Z
47,5,124918144,108399,470.0,22886,,2026-09-14T10:56:30Z,2026-09-15T22:44:22Z
47,5,124757605,1777284,472.0,3496,,2026-09-11T08:11:40Z,2026-09-15T22:44:22Z
47,5,124924059,4705184,476.0,2727,,2026-09-14T13:25:12Z,2026-09-15T22:44:22Z
47,5,124600717,1777284,480.0,2279,,2026-09-08T08:09:59Z,2026-09-15T22:44:22Z
47,5,124859478,2308135,500.0,1000,,2026-09-13T08:31:16Z,2026-09-15T22:44:22Z
47,6,124681223,3699868,498.0,24011,,2026-09-09T20:17:53Z,2026-09-15T22:44:22Z
47,6,124483269,3843543,500.0,21319,,2026-09-06T00:44:35Z,2026-09-15T22:44:22Z
47,6,124732248,898506,500.0,25000,,2026-09-10T19:30:36Z,2026-09-15T22:44:22Z
47,6,124993161,4141352,515.0,1600,,2026-09-15T19:16:45Z,2026-09-15T22:44:22Z
47,6,124762621,2577023,600.0,5000,,2026-09-11T10:30:12Z,2026-09-15T22:44:22Z
47,7,124826546,3135292,520.0,8173,,2026-09-12T16:13:43Z,2026-09-15T22:44:22Z
47,7,124727954,3852176,530.0,2000,,2026-09-10T17:50:39Z,2026-09-15T22:44:22Z
47,8,124953951,98583,525.0,5000,,2026-09-15T02:08:54Z,2026-09-15T22:44:22Z
47,8,124826537,3135292,530.0,8434,,2026-09-12T16:13:33Z,2026-09-15T22:44:22Z
47,8,124747000,98583,535.0,25000,,2026-09-11T03:05:23Z,2026-09-15T22:44:22Z
47,9,124538694,499818,650.0,2500,,2026-09-07T03:38:08Z,2026-09-14T06:59:32Z
48,0,124983695,4396399,228.0,484,,2026-09-15T15:42:48Z,2026-09-15T22:42:04Z
48,0,124955436,5395438,230.0,4024,,2026-09-15T03:03:47Z,2026-09-15T22:42:04Z
48,0,124997494,5777050,230.0,4,,2026-09-15T20:58:07Z,2026-09-15T22:42:04Z
48,0,124969762,5179935,232.0,100,,2026-09-15T09:53:20Z,2026-09-15T22:42:04Z
48,0,124951642,5531425,300.0,858,,2026-09-15T00:54:04Z,2026-09-15T22:42:04Z
48,1,124663037,2691524,238.0,1000,,2026-09-09T13:04:47Z,2026-09-15T22:42:04Z
48,2,124997699,1784801,226.0,19,,2026-09-15T21:03:45Z,2026-09-15T22:42:04Z
48,2,124775902,5426839,230.0,95,,2026-09-11T15:57:52Z,2026-09-15T22:42:04Z
48,2,124779150,5153040,230.0,504,,2026-09-11T17:16:04Z,2026-09-15T22:42:04Z
48,2,124778895,5153040,232.0,1524,,2026-09-11T17:09:47Z,2026-09-15T22:42:04Z
48,2,124698699,4967038,234.0,1211,,2026-09-10T05:21:24Z,2026-09-15T22:42:04Z
48,2,124703451,3839184,240.0,1000,,2026-09-10T07:26:20Z,2026-09-15T22:42:04Z
48,3,124997712,1784801,226.0,2095,,2026-09-15T21:04:11Z,2026-09-15T22:42:04Z
48,3,124997577,3314207,228.0,5322,,2026-09-15T21:00:48Z,2026-09-15T22:42:04Z
48,3,124993032,2721726,230.0,353,,2026-09-15T19:14:18Z,2026-09-15T22:42:04Z
48,3,124775878,5426839,232.0,4653,,2026-09-11T15:57:24Z,2026-09-15T22:42:04Z
48,3,124985371,2721726,232.0,1632,,2026-09-15T16:21:57Z,2026-09-15T22:42:04Z
48,3,124540775,4227043,236.0,3153,,2026-09-07T04:41:14Z,2026-09-15T22:42:04Z
48,3,124623403,4856067,236.0,11111,,2026-09-08T17:58:45Z,2026-09-15T22:42:04Z
48,4,124980718,5426839,234.0,12041,,2026-09-15T14:33:20Z,2026-09-15T22:42:04Z
48,4,124863378,5039494,242.0,30845,,2026-09-13T10:23:52Z,2026-09-15T22:42:04Z
48,5,124998207,3322261,234.0,7308,,2026-09-15T21:16:01Z,2026-09-15T22:42:04Z
48,5,124964380,4188304,236.0,12309,,2026-09-15T07:12:19Z,2026-09-15T22:42:04Z
48,5,124958647,1456107,238.0,4940,,2026-09-15T04:38:13Z,2026-09-15T22:42:04Z
48,5,124944713,3322261,240.0,1212,,2026-09-14T21:08:57Z,2026-09-15T22:42:04Z
48,5,124808137,1456107,242.0,877,,2026-09-12T07:56:24Z,2026-09-15T22:42:04Z
48,5,124863492,4188304,244.0,7454,,2026-09-13T10:26:32Z,2026-09-15T22:42:04Z
48,5,124704088,669261,246.0,3924,,2026-09-10T07:40:36Z,2026-09-15T22:42:04Z
48,5,124697516,1456107,248.0,2830,,2026-09-10T04:52:31Z,2026-09-15T22:42:04Z
48,5,124681124,1812876,250.0,1356,,2026-09-09T20:15:34Z,2026-09-15T22:42:04Z
48,5,124631915,3322261,252.0,20,,2026-09-08T21:19:46Z,2026-09-15T22:42:04Z
48,6,124998352,3322261,294.0,500,,2026-09-15T21:19:55Z,2026-09-15T22:42:04Z
48,6,124775764,3419938,296.0,3175,,2026-09-11T15:54:34Z,2026-09-15T22:42:04Z
48,7,124918953,3419938,310.0,4999,,2026-09-14T11:16:32Z,2026-09-15T22:42:04Z
48,8,124826790,823835,320.0,1944,,2026-09-12T16:19:33Z,2026-09-15T22:42:04Z
49,0,124993179,5560350,960.0,139,,2026-09-15T19:17:05Z,2026-09-15T22:43:29Z
49,0,124768072,5172822,965.0,700,,2026-09-11T12:48:22Z,2026-09-15T22:43:29Z
49,0,124602971,1456556,970.0,154,,2026-09-08T09:17:51Z,2026-09-15T22:43:29Z
49,0,124970657,665927,970.0,50,,2026-09-15T10:17:23Z,2026-09-15T22:43:29Z
49,0,124783616,5727539,1030.0,66,,2026-09-11T19:12:42Z,2026-09-15T22:43:29Z
49,0,124771321,5727539,1040.0,34,,2026-09-11T14:13:53Z,2026-09-15T22:43:29Z
49,0,124767143,5727539,1070.0,100,,2026-09-11T12:25:45Z,2026-09-15T22:43:29Z
49,1,124986620,4890232,965.0,75,,2026-09-15T16:50:42Z,2026-09-15T22:43:29Z
49,1,124812375,3153733,1010.0,1,,2026-09-12T09:55:12Z,2026-09-15T22:43:29Z
49,1,124711325,5541350,1020.0,132,,2026-09-10T11:05:51Z,2026-09-15T22:43:29Z
49,1,124684976,3535679,1030.0,254,,2026-09-09T21:53:57Z,2026-09-15T22:43:29Z
49,1,124848010,3308537,1030.0,7128,,2026-09-13T02:55:18Z,2026-09-15T22:43:29Z
49,1,124651749,3224668,1070.0,100,,2026-09-09T07:48:27Z,2026-09-15T22:43:29Z
49,1,124648441,1620550,1080.0,101,,2026-09-09T06:15:32Z,2026-09-15T22:43:29Z
49,2,124992120,5593697,965.0,200,,2026-09-15T18:54:49Z,2026-09-15T22:43:29Z
49,2,124857976,3753943,990.0,105,,2026-09-13T07:53:01Z,2026-09-15T22:43:29Z
49,2,124848325,4350029,995.0,197,,2026-09-13T03:08:47Z,2026-09-15T22:43:29Z
49,2,124925299,4856067,1010.0,1922,,2026-09-14T13:50:08Z,2026-09-15T22:43:29Z
49,2,124836386,4856067,1040.0,300,,2026-09-12T20:27:53Z,2026-09-15T22:43:29Z
49,2,124704811,4229378,1110.0,110,,2026-09-10T08:01:06Z,2026-09-15T22:43:29Z
49,2,124705759,4856067,1130.0,312,,2026-09-10T08:29:36Z,2026-09-15T22:43:29Z
49,3,124925084,2788346,975.0,2199,,2026-09-14T13:45:42Z,2026-09-15T22:43:29Z
49,3,124846699,3238705,1040.0,691,,2026-09-13T02:05:10Z,2026-09-15T22:43:29Z
49,3,124679254,1625465,1130.0,671,,2026-09-09T19:31:39Z,2026-09-15T22:43:29Z
49,4,124943831,4064427,970.0,622,,2026-09-14T20:47:06Z,2026-09-15T22:43:29Z
49,4,124923186,1688623,980.0,295,,2026-09-14T12:58:11Z,2026-09-15T22:43:29Z
49,4,124870744,2854764,990.0,172,,2026-09-13T13:26:44Z,2026-09-15T22:43:29Z
49,4,124886057,4064427,1000.0,449,,2026-09-13T19:22:35Z,2026-09-15T22:43:29Z
49,4,124869400,4064427,1020.0,480,,2026-09-13T12:53:50Z,2026-09-15T22:43:29Z
49,4,124847717,5413432,1040.0,518,,2026-09-13T02:43:04Z,2026-09-15T22:43:29Z
49,4,124814165,1688623,1050.0,250,,2026-09-12T10:47:06Z,2026-09-15T22:43:29Z
49,5,124947074,2788346,970.0,7937,,2026-09-14T22:13:13Z,2026-09-15T22:43:29Z
49,5,124942651,4363236,975.0,790,,2026-09-14T20:17:59Z,2026-09-15T22:43:29Z
49,5,124925049,2788346,980.0,12765,,2026-09-14T13:45:32Z,2026-09-15T22:43:29Z
49,5,124874428,2050267,995.0,1884,,2026-09-13T14:54:32Z,2026-09-15T22:43:29Z
49,5,124861588,2788346,1000.0,5125,,2026-09-13T12:26:13Z,2026-09-15T22:43:29Z
49,5,124947089,2788346,1050.0,3531,,2026-09-14T22:13:55Z,2026-09-15T22:43:29Z
49,6,124789371,1783728,1150.0,82,,2026-09-11T21:45:33Z,2026-09-15T22:43:29Z
49,6,124760799,2788346,1160.0,239,,2026-09-11T09:44:25Z,2026-09-15T22:43:29Z
49,7,124971763,2996600,1130.0,9486,,2026-09-15T10:48:03Z,2026-09-15T22:43:29Z
50,0,124992699,2108124,318.0,1166,,2026-09-15T19:07:05Z,2026-09-15T22:43:46Z
50,0,124964993,5083290,320.0,180,,2026-09-15T07:30:12Z,2026-09-15T22:43:46Z
50,0,124898619,2094046,326.0,84,,2026-09-14T01:34:57Z,2026-09-15T22:43:46Z
50,0,124899195,5262278,326.0,1,,2026-09-14T01:57:14Z,2026-09-15T22:43:46Z
50,0,124812333,3153733,328.0,2369,,2026-09-12T09:53:57Z,2026-09-15T22:43:46Z
50,0,124901891,5777050,328.0,20,,2026-09-14T03:26:40Z,2026-09-15T22:43:46Z
50,0,124759839,313575,330.0,5986,,2026-09-11T09:16:23Z,2026-09-15T22:43:46Z
50,0,124769119,4064427,334.0,554,,2026-09-11T13:16:44Z,2026-09-15T22:43:46Z
50,0,124757050,5678166,336.0,79,,2026-09-11T07:54:19Z,2026-09-15T22:43:46Z
50,0,124723870,5118884,340.0,2425,,2026-09-10T16:05:02Z,2026-09-15T22:43:46Z
50,0,124714446,4167688,346.0,1178,,2026-09-10T12:26:24Z,2026-09-15T22:43:46Z
50,1,124936448,3651999,320.0,3930,,2026-09-14T18:04:26Z,2026-09-15T22:43:46Z
50,1,124905487,3495845,322.0,4444,,2026-09-14T05:08:16Z,2026-09-15T22:43:46Z
50,1,124955332,1267280,330.0,255,,2026-09-15T03:00:29Z,2026-09-15T22:43:46Z
50,1,124797543,3495845,336.0,11973,,2026-09-12T02:43:35Z,2026-09-15T22:43:46Z
50,2,124983731,3219357,320.0,4634,,2026-09-15T15:43:44Z,2026-09-15T22:43:46Z
50,2,124980728,5156161,322.0,2586,,2026-09-15T14:33:39Z,2026-09-15T22:43:46Z
50,2,125000551,1533578,324.0,1234,,2026-09-15T22:23:31Z,2026-09-15T22:43:46Z
50,2,125000547,1533578,326.0,1234,,2026-09-15T22:23:23Z,2026-09-15T22:43:46Z
50,2,125000543,1533578,328.0,1234,,2026-09-15T22:23:16Z,2026-09-15T22:43:46Z
50,2,124773665,4954554,338.0,360,,2026-09-11T15:10:21Z,2026-09-15T22:43:46Z
50,2,124748055,5354226,342.0,1105,,2026-09-11T03:40:21Z,2026-09-15T22:43:46Z
50,2,124680532,3224668,344.0,400,,2026-09-09T20:03:19Z,2026-09-15T22:43:46Z
50,2,124642520,5108840,348.0,20,,2026-09-09T03:24:59Z,2026-09-15T22:43:46Z
50,3,124977014,5457769,328.0,2380,,2026-09-15T13:05:49Z,2026-09-15T22:43:46Z
50,3,124904500,3309944,330.0,3052,,2026-09-14T04:40:11Z,2026-09-15T22:43:46Z
50,3,124905735,5712853,332.0,327,,2026-09-14T05:14:09Z,2026-09-15T22:43:46Z
50,3,124846899,5457769,334.0,2787,,2026-09-13T02:12:25Z,2026-09-15T22:43:46Z
50,3,124797856,5457769,338.0,2873,,2026-09-12T02:55:08Z,2026-09-15T22:43:46Z
50,3,124753033,3495746,340.0,402,,2026-09-11T05:59:26Z,2026-09-15T22:43:46Z
50,3,124803875,5576829,340.0,1869,,2026-09-12T06:09:01Z,2026-09-15T22:43:46Z
50,3,124709984,5593697,344.0,1000,,2026-09-10T10:27:47Z,2026-09-15T22:43:46Z
50,3,124725473,3473948,346.0,450,,2026-09-10T16:44:34Z,2026-09-15T22:43:46Z
50,3,124640318,5457769,348.0,991,,2026-09-09T02:07:05Z,2026-09-15T22:43:46Z
50,4,124916841,2539982,330.0,2035,,2026-09-14T10:24:13Z,2026-09-15T22:43:46Z
50,4,124973970,3761312,330.0,11264,,2026-09-15T11:46:27Z,2026-09-15T22:43:46Z
50,4,124907703,2854764,332.0,3388,,2026-09-14T06:02:52Z,2026-09-15T22:43:46Z
50,4,124903271,4363236,334.0,3513,,2026-09-14T04:07:26Z,2026-09-15T22:43:46Z
50,4,124868702,3761312,336.0,8272,,2026-09-13T21:09:34Z,2026-09-15T22:43:46Z
50,4,124873510,1732312,338.0,10000,,2026-09-13T14:31:56Z,2026-09-15T22:43:46Z
50,4,124758574,2539982,342.0,19401,,2026-09-11T08:40:05Z,2026-09-15T22:43:46Z
50,4,124641945,2539982,348.0,9650,,2026-09-09T03:03:45Z,2026-09-15T22:43:46Z
50,5,125001104,4728045,332.0,3312,,2026-09-15T22:40:35Z,2026-09-15T22:43:46Z
50,5,124887087,4188304,338.0,11281,,2026-09-13T19:47:04Z,2026-09-15T22:43:46Z
50,5,124806162,2761056,342.0,1945,,2026-09-12T07:05:20Z,2026-09-15T22:43:46Z
50,5,124772594,4188304,344.0,10271,,2026-09-11T14:44:19Z,2026-09-15T22:43:46Z
50,5,124653371,3068446,350.0,13899,,2026-09-09T08:40:09Z,2026-09-15T22:43:46Z
50,6,124964688,2050267,334.0,24561,,2026-09-15T07:21:30Z,2026-09-15T22:43:46Z
50,6,124886224,4930012,340.0,1555,,2026-09-13T19:26:49Z,2026-09-15T22:43:46Z
50,6,124778484,3639622,344.0,307,,2026-09-11T16:59:11Z,2026-09-15T22:43:46Z
50,6,124709871,2050267,346.0,50722,,2026-09-10T10:24:02Z,2026-09-15T22:43:46Z
50,7,124708281,1890962,348.0,1038,,2026-09-10T09:39:21Z,2026-09-15T22:43:46Z
50,7,124648302,479596,352.0,7000,,2026-09-09T06:11:24Z,2026-09-15T22:43:46Z
50,7,124687364,7903,360.0,32149,,2026-09-09T23:15:05Z,2026-09-15T22:43:46Z
50,7,124949634,1783728,360.0,500,,2026-09-14T23:41:02Z,2026-09-15T22:43:46Z
50,7,124892261,1783728,390.0,500,,2026-09-13T21:58:27Z,2026-09-15T22:43:46Z
50,7,124652751,5092522,398.0,17,,2026-09-09T08:21:24Z,2026-09-15T22:43:46Z
50,8,124687325,7903,398.0,12600,,2026-09-09T23:14:16Z,2026-09-15T22:43:46Z
50,9,124514273,345558,412.0,1,,2026-09-06T15:47:27Z,2026-09-14T06:57:15Z
50,10,124687256,7903,430.0,10857,,2026-09-09T23:11:44Z,2026-09-15T22:43:46Z
50,11,124993679,848285,398.0,5000,,2026-09-15T19:29:27Z,2026-09-15T22:43:46Z
50,11,124736553,848285,416.0,4998,,2026-09-10T21:12:50Z,2026-09-15T22:43:46Z
51,0,124942329,5379109,780.0,365,,2026-09-14T20:10:36Z,2026-09-15T22:41:15Z
51,0,124935697,5757504,785.0,155,,2026-09-14T17:45:49Z,2026-09-15T22:41:15Z
51,0,124972641,5083290,785.0,69,,2026-09-15T11:11:20Z,2026-09-15T22:41:15Z
51,0,124909708,5634700,790.0,80,,2026-09-14T06:58:48Z,2026-09-15T22:41:15Z
51,0,124813933,5757504,805.0,100,,2026-09-12T10:39:47Z,2026-09-15T22:41:15Z
51,1,124999346,5333101,775.0,64,,2026-09-15T21:48:12Z,2026-09-15T22:41:15Z
51,1,124813780,1689752,795.0,144,,2026-09-12T10:35:18Z,2026-09-15T22:41:15Z
51,1,124782542,1533578,825.0,175,,2026-09-11T18:44:46Z,2026-09-15T22:41:15Z
51,1,124782144,4790964,830.0,570,,2026-09-11T18:35:05Z,2026-09-15T22:41:15Z
51,1,124782540,1533578,830.0,404,,2026-09-11T18:44:39Z,2026-09-15T22:41:15Z
51,1,124779347,1121961,835.0,600,,2026-09-11T17:21:46Z,2026-09-15T22:41:15Z
51,1,124782537,1533578,835.0,741,,2026-09-11T18:44:33Z,2026-09-15T22:41:15Z
51,2,125000250,5223813,770.0,300,,2026-09-15T22:14:23Z,2026-09-15T22:41:15Z
51,2,124997759,2944032,780.0,3461,,2026-09-15T21:05:27Z,2026-09-15T22:41:15Z
51,2,124988317,4090311,795.0,225,,2026-09-15T17:30:57Z,2026-09-15T22:41:15Z
51,2,124986990,5162881,800.0,38,,2026-09-15T17:00:30Z,2026-09-15T22:41:15Z
51,2,124959211,5011981,805.0,485,,2026-09-15T04:51:40Z,2026-09-15T22:41:15Z
51,2,124965442,3224668,810.0,500,,2026-09-15T07:44:43Z,2026-09-15T22:41:15Z
51,2,124776870,5576829,855.0,1325,,2026-09-11T16:20:21Z,2026-09-15T22:41:15Z
51,3,124997777,4668023,795.0,1172,,2026-09-15T21:05:48Z,2026-09-15T22:41:15Z
51,3,124995143,4619694,800.0,4000,,2026-09-15T20:02:24Z,2026-09-15T22:41:15Z
51,3,124994048,4281838,805.0,130,,2026-09-15T19:37:06Z,2026-09-15T22:41:15Z
51,3,124939253,4588707,810.0,790,,2026-09-14T19:03:48Z,2026-09-15T22:41:15Z
51,3,124807827,4619694,815.0,1304,,2026-09-12T07:48:00Z,2026-09-15T22:41:15Z
51,3,124789314,3555521,835.0,3000,,2026-09-11T21:43:42Z,2026-09-15T22:41:15Z
51,3,124775457,5560008,855.0,138,,2026-09-11T15:48:23Z,2026-09-15T22:41:15Z
51,4,124982321,1347616,820.0,2823,,2026-09-15T15:11:14Z,2026-09-15T22:41:15Z
51,4,124981572,677191,825.0,1100,,2026-09-15T14:54:02Z,2026-09-15T22:41:15Z
51,4,124977445,1026346,830.0,384,,2026-09-15T13:14:41Z,2026-09-15T22:41:15Z
51,4,124976055,2728926,835.0,4155,,2026-09-15T12:40:07Z,2026-09-15T22:41:15Z
51,4,124786412,288379,840.0,3038,,2026-09-11T20:23:58Z,2026-09-15T22:41:15Z
51,4,124779219,2728926,850.0,1530,,2026-09-11T17:17:50Z,2026-09-15T22:41:15Z
51,4,124777543,1026346,855.0,145,,2026-09-11T16:35:36Z,2026-09-15T22:41:15Z
51,4,124659977,2728926,860.0,1112,,2026-09-09T11:47:51Z,2026-09-15T22:41:15Z
51,4,124659267,4322149,865.0,50,,2026-09-09T11:30:19Z,2026-09-15T22:41:15Z
51,4,124659981,2728926,865.0,1200,,2026-09-09T11:47:58Z,2026-09-15T22:41:15Z
51,4,124657182,1468055,870.0,500,,2026-09-09T10:34:00Z,2026-09-15T22:41:15Z
51,4,124659274,4322149,870.0,50,,2026-09-09T11:30:28Z,2026-09-15T22:41:15Z
51,4,124659280,4322149,875.0,50,,2026-09-09T11:30:35Z,2026-09-15T22:41:15Z
51,4,124659300,4322149,880.0,50,,2026-09-09T11:30:44Z,2026-09-15T22:41:15Z
51,5,124998900,4180382,865.0,1000,,2026-09-15T21:35:47Z,2026-09-15T22:41:15Z
51,5,124907603,433630,900.0,1250,,2026-09-14T06:00:42Z,2026-09-15T22:41:15Z
51,5,124971776,2996600,900.0,368,,2026-09-15T10:48:20Z,2026-09-15T22:41:15Z
51,6,124941869,3627998,860.0,2923,,2026-09-14T20:00:31Z,2026-09-15T22:41:15Z
51,6,124784248,1699050,865.0,229,,2026-09-11T19:29:08Z,2026-09-15T22:41:15Z
51,6,124651476,4180382,885.0,1163,,2026-09-09T07:40:05Z,2026-09-15T22:41:15Z
51,6,124624779,503937,905.0,2000,,2026-09-08T18:31:35Z,2026-09-15T22:41:15Z
51,7,124954137,345558,935.0,50,,2026-09-15T02:15:36Z,2026-09-15T22:41:15Z
51,7,124602083,1150061,940.0,500,,2026-09-08T08:50:34Z,2026-09-15T22:41:15Z
51,8,124864735,4749812,990.0,23,,2026-09-13T10:59:54Z,2026-09-15T22:41:15Z
51,8,124831393,1699050,995.0,1000,,2026-09-12T18:19:07Z,2026-09-15T22:41:15Z
52,0,124999273,72619,585.0,224,,2026-09-15T21:46:33Z,2026-09-15T22:41:19Z
52,0,124998881,5727107,590.0,9,,2026-09-15T21:35:11Z,2026-09-15T22:41:19Z
52,0,124862011,5395699,595.0,897,,2026-09-13T09:44:04Z,2026-09-15T22:41:19Z
52,0,124862173,4188304,595.0,600,,2026-09-13T09:48:43Z,2026-09-15T22:41:19Z
52,0,124866701,4897354,595.0,259,,2026-09-13T23:05:01Z,2026-09-15T22:41:19Z
52,0,124837882,4897354,600.0,138,,2026-09-12T21:05:31Z,2026-09-15T22:41:19Z
52,0,124831942,4897354,605.0,6,,2026-09-12T18:31:16Z,2026-09-15T22:41:19Z
52,0,124831242,4897354,610.0,69,,2026-09-12T18:15:20Z,2026-09-15T22:41:19Z
52,0,124823040,4897354,615.0,56,,2026-09-12T14:43:41Z,2026-09-15T22:41:19Z
52,0,125000763,5838312,615.0,2,,2026-09-15T22:29:49Z,2026-09-15T22:41:19Z
52,0,124798374,4897354,620.0,23,,2026-09-12T03:13:19Z,2026-09-15T22:41:19Z
52,0,124798371,4897354,625.0,100,,2026-09-12T03:13:13Z,2026-09-15T22:41:19Z
52,0,124709266,5172116,630.0,33,,2026-09-10T10:07:04Z,2026-09-15T22:41:19Z
52,0,124730499,4897354,630.0,5,,2026-09-10T18:49:48Z,2026-09-15T22:41:19Z
52,0,124729896,4897354,635.0,93,,2026-09-10T18:35:59Z,2026-09-15T22:41:19Z
52,0,124703401,3839184,640.0,100,,2026-09-10T07:24:37Z,2026-09-15T22:41:19Z
52,0,124716555,4897354,640.0,18,,2026-09-10T13:13:42Z,2026-09-15T22:41:19Z
52,0,124713788,4897354,645.0,5,,2026-09-10T12:10:38Z,2026-09-15T22:41:19Z
52,0,124713471,4897354,650.0,5,,2026-09-10T12:02:39Z,2026-09-15T22:41:19Z
52,0,124712533,4897354,660.0,65,,2026-09-10T11:36:00Z,2026-09-15T22:41:19Z
52,0,124695931,5825674,700.0,1,,2026-09-10T04:12:14Z,2026-09-15T22:41:19Z
52,1,124999887,5486806,590.0,208,,2026-09-15T22:03:50Z,2026-09-15T22:41:19Z
52,1,124989018,4915716,595.0,1210,,2026-09-15T17:46:39Z,2026-09-15T22:41:19Z
52,1,124998102,5784456,595.0,21,,2026-09-15T21:13:24Z,2026-09-15T22:41:19Z
52,1,124822994,5425195,600.0,100,,2026-09-12T14:42:29Z,2026-09-15T22:41:19Z
52,1,124724218,5682464,630.0,305,,2026-09-10T16:13:15Z,2026-09-15T22:41:19Z
52,2,124996411,3638849,595.0,5207,,2026-09-15T20:30:43Z,2026-09-15T22:41:19Z
52,2,124853438,5586413,600.0,2100,,2026-09-13T05:53:16Z,2026-09-15T22:41:19Z
52,2,124819960,3132324,615.0,926,,2026-09-12T13:26:02Z,2026-09-15T22:41:19Z
52,2,124787568,3042650,620.0,1333,,2026-09-11T20:53:57Z,2026-09-15T22:41:19Z
52,2,124787197,3638849,625.0,4993,,2026-09-11T20:43:37Z,2026-09-15T22:41:19Z
52,2,124787259,1267280,625.0,77,,2026-09-11T20:44:58Z,2026-09-15T22:41:19Z
52,2,124817341,2477275,625.0,4065,,2026-09-12T12:16:06Z,2026-09-15T22:41:19Z
52,2,124733289,2477275,630.0,5167,,2026-09-10T19:56:43Z,2026-09-15T22:41:19Z
52,2,124739514,5586413,630.0,1800,,2026-09-10T22:37:56Z,2026-09-15T22:41:19Z
52,3,124998841,5299915,595.0,1505,,2026-09-15T21:34:11Z,2026-09-15T22:41:19Z
52,3,124968326,4958096,600.0,1421,,2026-09-15T09:11:52Z,2026-09-15T22:41:19Z
52,3,124866346,4569385,605.0,500,,2026-09-13T11:42:12Z,2026-09-15T22:41:19Z
52,3,124790717,1286341,620.0,1265,,2026-09-11T22:27:28Z,2026-09-15T22:41:19Z
52,3,124784693,2240507,630.0,3000,,2026-09-11T19:40:56Z,2026-09-15T22:41:19Z
52,3,124788844,2240507,635.0,3000,,2026-09-11T21:30:34Z,2026-09-15T22:41:19Z
52,3,124690946,4697559,640.0,637,,2026-09-10T01:24:25Z,2026-09-15T22:41:19Z
52,3,124700434,4470657,640.0,824,,2026-09-10T06:05:13Z,2026-09-15T22:41:19Z
52,3,124685441,1631923,645.0,657,,2026-09-09T22:09:37Z,2026-09-15T22:41:19Z
52,3,124826787,3272420,700.0,26,,2026-09-12T16:19:31Z,2026-09-15T22:41:19Z
52,4,124994886,2761056,610.0,970,,2026-09-15T19:57:31Z,2026-09-15T22:41:19Z
52,4,124815463,669261,620.0,2190,,2026-09-12T11:23:43Z,2026-09-15T22:41:19Z
52,4,124791177,453222,625.0,4708,,2026-09-11T22:42:24Z,2026-09-15T22:41:19Z
52,4,124895241,910264,630.0,3666,,2026-09-13T23:40:55Z,2026-09-15T22:41:19Z
52,4,124747813,4181614,635.0,62,,2026-09-11T03:31:57Z,2026-09-15T22:41:19Z
52,4,124698635,2761056,640.0,500,,2026-09-10T05:19:57Z,2026-09-15T22:41:19Z
52,5,124996476,3386479,615.0,850,,2026-09-15T20:32:04Z,2026-09-15T22:41:19Z
52,5,124985457,3075661,625.0,6387,,2026-09-15T16:24:17Z,2026-09-15T22:41:19Z
52,5,124927431,669261,630.0,4417,,2026-09-14T14:37:40Z,2026-09-15T22:41:19Z
52,5,124892654,399093,635.0,1386,,2026-09-13T22:11:15Z,2026-09-15T22:41:19Z
52,5,124715125,3387349,640.0,13954,,2026-09-10T12:40:29Z,2026-09-15T22:41:19Z
52,5,124693235,4090100,645.0,3156,,2026-09-10T02:46:28Z,2026-09-15T22:41:19Z
52,5,124704100,669261,645.0,2000,,2026-09-10T07:40:46Z,2026-09-15T22:41:19Z
52,5,124673867,4144288,675.0,10000,,2026-09-09T17:23:17Z,2026-09-15T22:41:19Z
52,6,124991109,5478015,655.0,100,,2026-09-15T18:33:29Z,2026-09-15T22:41:19Z
52,6,124981599,677191,660.0,1663,,2026-09-15T14:54:36Z,2026-09-15T22:41:19Z
52,6,124963975,3465798,665.0,7010,,2026-09-15T07:02:10Z,2026-09-15T22:41:19Z
52,6,124957049,677191,670.0,1200,,2026-09-15T03:51:58Z,2026-09-15T22:41:19Z
52,6,124953463,2691524,675.0,1000,,2026-09-15T01:52:43Z,2026-09-15T22:41:19Z
52,6,124815916,3465798,680.0,3765,,2026-09-12T11:36:05Z,2026-09-15T22:41:19Z
52,6,124846448,677191,680.0,2603,,2026-09-13T01:53:39Z,2026-09-15T22:41:19Z
52,6,124972380,2647121,685.0,17572,,2026-09-15T11:04:25Z,2026-09-15T22:41:19Z
52,7,124995944,479596,990.0,800,,2026-09-15T20:19:30Z,2026-09-15T22:41:19Z
52,9,124538719,499818,990.0,1000,,2026-09-07T03:39:01Z,2026-09-14T06:58:57Z
52,10,124402222,499818,1240.0,1000,,2026-09-04T10:23:53Z,2026-09-12T06:58:19Z
53,0,124997250,5777051,3230.0,1,,2026-09-15T20:51:31Z,2026-09-15T22:43:29Z
53,0,124963838,3558716,3250.0,1034,,2026-09-15T06:57:46Z,2026-09-15T22:43:29Z
53,0,124963826,3558716,3260.0,1146,,2026-09-15T06:57:29Z,2026-09-15T22:43:29Z
53,0,124927230,5763047,3300.0,5,,2026-09-14T14:32:08Z,2026-09-15T22:43:29Z
53,0,124948270,5821192,3300.0,1,,2026-09-14T22:54:57Z,2026-09-15T22:43:29Z
53,0,124788818,5775836,3310.0,1,,2026-09-11T21:30:16Z,2026-09-15T22:43:29Z
53,0,124788293,5755945,3320.0,32,,2026-09-11T21:15:04Z,2026-09-15T22:43:29Z
53,0,124780959,5277014,3340.0,1,,2026-09-11T18:04:05Z,2026-09-15T22:43:29Z
53,0,124864303,5811867,3400.0,1,,2026-09-13T10:48:53Z,2026-09-15T22:43:29Z
53,1,124992512,4789216,3250.0,313,,2026-09-15T19:03:22Z,2026-09-15T22:43:29Z
53,1,124955887,5245043,3280.0,57,,2026-09-15T03:18:02Z,2026-09-15T22:43:29Z
53,1,124726623,3305119,3400.0,282,,2026-09-10T17:13:46Z,2026-09-15T22:43:29Z
53,2,124995691,5636903,3240.0,160,,2026-09-15T20:14:07Z,2026-09-15T22:43:29Z
53,2,124962583,5593697,3270.0,90,,2026-09-15T06:21:05Z,2026-09-15T22:43:29Z
53,2,124958775,3143633,3280.0,300,,2026-09-15T04:41:23Z,2026-09-15T22:43:29Z
53,2,124955093,1306650,3290.0,200,,2026-09-15T02:51:17Z,2026-09-15T22:43:29Z
53,2,124746277,1306650,3440.0,200,,2026-09-11T02:37:32Z,2026-09-15T22:43:29Z
53,2,124751620,3224668,3440.0,309,,2026-09-11T05:23:08Z,2026-09-15T22:43:29Z
53,2,124735899,5810385,3450.0,5,,2026-09-10T20:57:17Z,2026-09-15T22:43:29Z
53,2,124731985,5593697,3490.0,134,,2026-09-10T19:24:30Z,2026-09-15T22:43:29Z
53,2,124641588,1306650,3510.0,200,,2026-09-09T02:49:30Z,2026-09-15T22:43:29Z
53,2,124623237,3224668,3520.0,1250,,2026-09-08T17:54:43Z,2026-09-15T22:43:29Z
53,2,124996810,5837983,3620.0,1,,2026-09-15T20:40:15Z,2026-09-15T22:43:29Z
53,3,124940859,5302373,3400.0,800,,2026-09-14T19:37:53Z,2026-09-15T22:43:29Z
53,3,124672503,3473948,3570.0,400,,2026-09-09T16:50:02Z,2026-09-15T22:43:29Z
53,4,124965996,4519661,3520.0,75,,2026-09-15T08:04:23Z,2026-09-15T22:43:29Z
53,4,124944845,4856067,3530.0,107,,2026-09-14T21:13:04Z,2026-09-15T22:43:29Z
53,4,124925409,4856067,3600.0,7,,2026-09-14T13:52:15Z,2026-09-15T22:43:29Z
53,4,124931166,4856067,3610.0,222,,2026-09-14T16:01:35Z,2026-09-15T22:43:29Z
53,4,124998535,4856067,3680.0,64,,2026-09-15T21:25:17Z,2026-09-15T22:43:29Z
53,5,124943502,3484587,3560.0,100,,2026-09-14T20:38:37Z,2026-09-15T22:43:29Z
53,5,124779411,1639246,3570.0,400,,2026-09-11T17:23:18Z,2026-09-15T22:43:29Z
53,5,124374008,2003756,3580.0,10164,,2026-09-04T21:26:45Z,2026-09-15T22:43:29Z
53,5,124944826,4856067,3660.0,300,,2026-09-14T21:12:42Z,2026-09-15T22:43:29Z
53,6,124836274,2547167,3650.0,3986,,2026-09-12T20:25:31Z,2026-09-15T22:43:29Z
53,9,124190788,1088314,3800.0,4,,2026-08-31T07:32:44Z,2026-09-08T06:55:14Z
54,0,124962715,2225258,6000.0,185,-13.0,2026-09-15T06:24:48Z,2026-09-15T22:41:17Z
54,0,124845156,4494256,6100.0,1898,,2026-09-13T01:07:44Z,2026-09-15T22:41:17Z
54,0,124836248,5671188,6125.0,2,,2026-09-12T20:24:40Z,2026-09-15T22:41:17Z
54,0,124825802,5622094,6175.0,1,,2026-09-12T15:54:33Z,2026-09-15T22:41:17Z
54,0,124825098,5060663,6200.0,88,,2026-09-12T15:35:18Z,2026-09-15T22:41:17Z
54,0,124796319,3627087,6250.0,9,,2026-09-12T01:58:01Z,2026-09-15T22:41:17Z
54,0,124679030,5606646,6475.0,8,,2026-09-09T19:27:12Z,2026-09-15T22:41:17Z
54,0,124711742,5351023,6675.0,39,,2026-09-10T11:17:08Z,2026-09-15T22:41:17Z
54,0,124960635,5765607,8050.0,2,,2026-09-15T05:27:20Z,2026-09-15T22:41:17Z
54,1,124976279,5446517,6150.0,80,,2026-09-15T12:45:38Z,2026-09-15T22:41:17Z
54,1,124875762,1731515,6175.0,588,,2026-09-13T15:25:02Z,2026-09-15T22:41:17Z
54,1,124856654,5145453,6200.0,1,,2026-09-13T07:16:58Z,2026-09-15T22:41:17Z
54,1,124858837,2225258,6225.0,189,,2026-09-13T08:14:38Z,2026-09-15T22:41:17Z
54,1,124818984,1297526,6250.0,818,,2026-09-12T13:00:17Z,2026-09-15T22:41:17Z
54,1,124784562,5541350,6300.0,76,,2026-09-11T19:36:43Z,2026-09-15T22:41:17Z
54,1,124784552,5541350,6350.0,100,,2026-09-11T19:36:21Z,2026-09-15T22:41:17Z
54,1,124752581,5560350,6450.0,22,,2026-09-11T05:46:59Z,2026-09-15T22:41:17Z
54,1,124836314,5785857,6450.0,2,,2026-09-12T20:26:42Z,2026-09-15T22:41:17Z
54,1,124708867,1868917,6475.0,306,,2026-09-10T09:56:25Z,2026-09-15T22:41:17Z
54,1,124604151,5541350,6550.0,20,,2026-09-08T09:51:08Z,2026-09-15T22:41:17Z
54,1,124751970,5809730,6725.0,1,,2026-09-11T05:30:48Z,2026-09-15T22:41:17Z
54,2,124952184,279625,6375.0,900,,2026-09-15T01:13:29Z,2026-09-15T22:41:17Z
54,2,124913260,5684542,6400.0,50,,2026-09-14T08:41:20Z,2026-09-15T22:41:17Z
54,2,124917050,3555521,6475.0,217,,2026-09-14T10:29:04Z,2026-09-15T22:41:17Z
54,2,124904113,4258320,6500.0,1148,,2026-09-14T04:30:23Z,2026-09-15T22:41:17Z
54,2,124656395,4229378,6525.0,55,,2026-09-09T10:10:14Z,2026-09-15T22:41:17Z
54,2,124897900,279625,6525.0,500,,2026-09-14T01:13:15Z,2026-09-15T22:41:17Z
54,2,124653943,4229378,6550.0,66,,2026-09-09T08:57:02Z,2026-09-15T22:41:17Z
54,2,124897894,279625,6550.0,500,,2026-09-14T01:13:07Z,2026-09-15T22:41:17Z
54,3,124968395,4258320,6450.0,150,,2026-09-15T09:13:50Z,2026-09-15T22:41:17Z
54,3,124957884,4229378,6475.0,97,,2026-09-15T04:15:53Z,2026-09-15T22:41:17Z
54,4,124998543,3314207,6500.0,16,,2026-09-15T21:25:30Z,2026-09-15T22:41:17Z
54,4,124991644,5413432,6525.0,80,,2026-09-15T18:44:48Z,2026-09-15T22:41:17Z
54,4,124991355,4147668,6550.0,87,,2026-09-15T18:38:21Z,2026-09-15T22:41:17Z
54,4,124979887,5413432,6575.0,106,,2026-09-15T14:12:16Z,2026-09-15T22:41:17Z
54,4,124896016,4037254,6600.0,427,,2026-09-14T00:08:10Z,2026-09-15T22:41:17Z
54,4,124779490,2642491,6675.0,368,,2026-09-11T17:25:37Z,2026-09-15T22:41:17Z
54,4,124769476,4147668,6750.0,150,,2026-09-11T13:25:21Z,2026-09-15T22:41:17Z
54,4,124765089,4037254,6775.0,260,,2026-09-11T11:32:27Z,2026-09-15T22:41:17Z
54,4,124601705,4709623,6800.0,7,,2026-09-08T08:39:18Z,2026-09-15T22:41:17Z
54,4,124748110,5180001,6850.0,1,,2026-09-11T03:42:24Z,2026-09-15T22:41:17Z
54,4,124847168,1027425,6850.0,16,,2026-09-13T02:23:40Z,2026-09-15T22:41:17Z
54,5,124999769,4405004,6525.0,100,,2026-09-15T21:59:58Z,2026-09-15T22:41:17Z
54,5,124996464,46412,6550.0,494,,2026-09-15T20:31:58Z,2026-09-15T22:41:17Z
54,5,124994703,3591830,6575.0,200,,2026-09-15T19:53:05Z,2026-09-15T22:41:17Z
54,5,124897245,3999123,6600.0,48,,2026-09-14T00:51:48Z,2026-09-15T22:41:17Z
54,5,124790011,46412,6675.0,200,,2026-09-11T22:04:17Z,2026-09-15T22:41:17Z
54,5,124830273,3827796,6700.0,1000,,2026-09-12T17:47:59Z,2026-09-15T22:41:17Z
54,5,124768939,270536,6775.0,1352,,2026-09-11T13:11:37Z,2026-09-15T22:41:17Z
54,5,124697162,5206735,6950.0,1,,2026-09-10T04:42:01Z,2026-09-15T22:41:17Z
54,6,124866541,108399,6675.0,1746,,2026-09-13T11:47:06Z,2026-09-15T22:41:17Z
54,6,124763817,108399,6800.0,344,,2026-09-11T11:01:24Z,2026-09-15T22:41:17Z
54,6,124992371,2079904,6850.0,13,,2026-09-15T19:00:47Z,2026-09-15T22:41:17Z
54,7,124860865,404735,6800.0,299,,2026-09-13T09:10:50Z,2026-09-15T22:41:17Z
54,12,124913862,848285,15000.0,5,,2026-09-14T08:59:33Z,2026-09-15T22:41:17Z
54,12,124992951,848285,20000.0,1,,2026-09-15T19:12:27Z,2026-09-15T22:41:17Z
54,12,124992955,848285,25000.0,1,,2026-09-15T19:12:33Z,2026-09-15T22:41:17Z
54,12,124992961,848285,30000.0,1,,2026-09-15T19:12:40Z,2026-09-15T22:41:17Z
54,12,124992965,848285,35000.0,1,,2026-09-15T19:12:46Z,2026-09-15T22:41:17Z
54,12,124992970,848285,40000.0,1,,2026-09-15T19:12:55Z,2026-09-15T22:41:17Z
54,12,124992981,848285,42500.0,10,,2026-09-15T19:13:22Z,2026-09-15T22:41:17Z
55,0,124994175,5765882,2140.0,35,,2026-09-15T19:39:54Z,2026-09-15T22:41:35Z
55,0,124992233,4790964,2150.0,347,,2026-09-15T18:57:31Z,2026-09-15T22:41:35Z
55,0,124994672,5838217,2160.0,1,,2026-09-15T19:52:18Z,2026-09-15T22:41:35Z
55,0,124983702,3219357,2170.0,1000,,2026-09-15T15:43:02Z,2026-09-15T22:41:35Z
55,0,124983144,5266276,2180.0,1,,2026-09-15T15:29:41Z,2026-09-15T22:41:35Z
55,0,124968882,4853479,2190.0,95,,2026-09-15T09:28:01Z,2026-09-15T22:41:35Z
55,0,124978814,5701214,2200.0,13,,2026-09-15T13:46:09Z,2026-09-15T22:41:35Z
55,0,124931896,5571088,2210.0,165,,2026-09-14T16:18:51Z,2026-09-15T22:41:35Z
55,0,124930116,4853479,2220.0,200,,2026-09-14T15:37:55Z,2026-09-15T22:41:35Z
55,0,124926527,3028723,2230.0,1000,,2026-09-14T14:16:58Z,2026-09-15T22:41:35Z
55,0,124709386,3219357,2350.0,1000,,2026-09-10T10:10:05Z,2026-09-15T22:41:35Z
55,1,124994733,3305119,2150.0,280,,2026-09-15T19:53:42Z,2026-09-15T22:41:35Z
55,1,124991605,4210878,2180.0,196,,2026-09-15T18:45:32Z,2026-09-15T22:41:35Z
55,1,124976901,5635603,2190.0,702,,2026-09-15T13:01:50Z,2026-09-15T22:41:35Z
55,1,124981052,5806021,2190.0,1,,2026-09-15T14:41:25Z,2026-09-15T22:41:35Z
55,1,124957942,5642668,2200.0,111,,2026-09-15T04:17:02Z,2026-09-15T22:41:35Z
55,1,124939762,4224851,2210.0,250,,2026-09-14T19:14:17Z,2026-09-15T22:41:35Z
55,1,124787893,5456318,2300.0,21,,2026-09-11T21:03:10Z,2026-09-15T22:41:35Z
55,2,124966630,5128583,2200.0,1650,,2026-09-15T11:25:11Z,2026-09-15T22:41:35Z
55,2,124958240,5336823,2210.0,333,,2026-09-15T04:26:53Z,2026-09-15T22:41:35Z
55,2,124934498,5128583,2220.0,280,,2026-09-14T17:17:58Z,2026-09-15T22:41:35Z
55,2,124924921,5128583,2230.0,631,,2026-09-14T13:42:17Z,2026-09-15T22:41:35Z
55,2,124829952,5128583,2270.0,21,,2026-09-12T17:39:44Z,2026-09-15T22:41:35Z
55,2,124778168,5128583,2290.0,170,,2026-09-11T16:50:56Z,2026-09-15T22:41:35Z
55,2,124710581,4950724,2340.0,200,,2026-09-10T10:43:48Z,2026-09-15T22:41:35Z
55,3,124948587,2389336,2220.0,6,,2026-09-14T23:06:38Z,2026-09-15T22:41:35Z
55,3,124947600,5344663,2230.0,100,,2026-09-14T22:33:08Z,2026-09-15T22:41:35Z
55,3,125000768,5299345,2230.0,372,,2026-09-15T22:29:59Z,2026-09-15T22:41:35Z
55,3,124916141,5345963,2240.0,374,,2026-09-14T10:05:51Z,2026-09-15T22:41:35Z
55,3,124865143,5162881,2250.0,333,,2026-09-13T11:10:33Z,2026-09-15T22:41:35Z
55,3,124863173,1478052,2260.0,2500,,2026-09-13T10:16:31Z,2026-09-15T22:41:35Z
55,3,124800841,2389336,2290.0,41,,2026-09-12T04:40:52Z,2026-09-15T22:41:35Z
55,3,124723139,5162881,2340.0,253,,2026-09-10T15:47:30Z,2026-09-15T22:41:35Z
55,4,124978769,2614363,2240.0,100,,2026-09-15T13:45:05Z,2026-09-15T22:41:35Z
55,4,124962670,1026346,2250.0,500,,2026-09-15T06:23:27Z,2026-09-15T22:41:35Z
55,4,124867867,2614363,2260.0,135,,2026-09-13T12:16:30Z,2026-09-15T22:41:35Z
55,4,124855024,2761056,2270.0,200,,2026-09-13T06:35:24Z,2026-09-15T22:41:35Z
55,4,124831997,1026346,2280.0,412,,2026-09-12T18:32:45Z,2026-09-15T22:41:35Z
55,4,124765870,1026346,2360.0,228,,2026-09-11T11:52:29Z,2026-09-15T22:41:35Z
55,4,124751099,2614363,2370.0,200,,2026-09-11T05:10:15Z,2026-09-15T22:41:35Z
55,4,124752046,2761056,2380.0,500,,2026-09-11T05:32:55Z,2026-09-15T22:41:35Z
55,4,124739488,1026346,2400.0,101,,2026-09-10T22:37:17Z,2026-09-15T22:41:35Z
55,5,124923190,419429,2280.0,795,,2026-09-14T12:58:15Z,2026-09-15T22:41:35Z
55,5,124713630,1150061,2410.0,784,,2026-09-10T12:07:13Z,2026-09-15T22:41:35Z
55,6,124833100,246762,2310.0,400,,2026-09-12T19:03:18Z,2026-09-15T22:41:35Z
55,6,124959148,2096547,2330.0,550,,2026-09-15T04:50:13Z,2026-09-15T22:41:35Z
55,6,124791580,246762,2340.0,401,,2026-09-11T22:56:52Z,2026-09-15T22:41:35Z
55,6,124791405,246762,2350.0,445,,2026-09-11T22:51:11Z,2026-09-15T22:41:35Z
55,6,124791402,246762,2360.0,495,,2026-09-11T22:51:07Z,2026-09-15T22:41:35Z
55,6,124791398,246762,2370.0,550,,2026-09-11T22:51:01Z,2026-09-15T22:41:35Z
55,6,124791396,246762,2380.0,611,,2026-09-11T22:50:56Z,2026-09-15T22:41:35Z
55,6,124791392,246762,2390.0,679,,2026-09-11T22:50:52Z,2026-09-15T22:41:35Z
55,6,124791213,246762,2400.0,754,,2026-09-11T22:43:57Z,2026-09-15T22:41:35Z
55,6,124640399,2096547,2420.0,350,,2026-09-09T02:09:56Z,2026-09-15T22:41:35Z
55,7,124999448,425724,2390.0,10,,2026-09-15T21:50:55Z,2026-09-15T22:41:35Z
55,7,124955881,5245043,2400.0,63,,2026-09-15T03:17:43Z,2026-09-15T22:41:35Z
56,0,124992364,5799271,4150.0,8,,2026-09-15T19:00:39Z,2026-09-15T22:42:59Z
56,0,124970005,4570440,4160.0,13,,2026-09-15T10:00:58Z,2026-09-15T22:42:59Z
56,0,124975193,5809721,4160.0,17,,2026-09-15T12:18:00Z,2026-09-15T22:42:59Z
56,0,124883240,5372105,4190.0,25,,2026-09-13T18:18:12Z,2026-09-15T22:42:59Z
56,0,124953902,5602212,4190.0,2,,2026-09-15T02:06:55Z,2026-09-15T22:42:59Z
56,0,124869450,4570440,4200.0,410,,2026-09-13T12:55:11Z,2026-09-15T22:42:59Z
56,0,124846011,313575,4210.0,334,,2026-09-13T01:38:02Z,2026-09-15T22:42:59Z
56,0,124844705,5199459,4220.0,2,,2026-09-13T00:50:09Z,2026-09-15T22:42:59Z
56,0,124840354,5653752,4230.0,37,,2026-09-12T22:14:59Z,2026-09-15T22:42:59Z
56,0,124825745,5372105,4240.0,22,,2026-09-12T15:53:44Z,2026-09-15T22:42:59Z
56,0,124824005,3323648,4250.0,49,,2026-09-12T15:08:59Z,2026-09-15T22:42:59Z
56,0,124820461,313575,4260.0,500,,2026-09-12T13:35:53Z,2026-09-15T22:42:59Z
56,0,124822364,4785137,4260.0,48,,2026-09-12T14:25:42Z,2026-09-15T22:42:59Z
56,0,124820007,5199459,4280.0,8,,2026-09-12T13:26:54Z,2026-09-15T22:42:59Z
56,0,124818857,5380271,4290.0,48,,2026-09-12T12:56:24Z,2026-09-15T22:42:59Z
56,0,124818309,5761622,4300.0,10,,2026-09-12T12:41:34Z,2026-09-15T22:42:59Z
56,0,124818250,5809721,4310.0,13,,2026-09-12T12:40:33Z,2026-09-15T22:42:59Z
56,0,124790630,5615674,4360.0,27,,2026-09-11T22:24:14Z,2026-09-15T22:42:59Z
56,0,124784629,5372105,4370.0,30,,2026-09-11T19:38:43Z,2026-09-15T22:42:59Z
56,0,124778623,4570440,4380.0,365,,2026-09-11T17:03:28Z,2026-09-15T22:42:59Z
56,0,124766871,5672444,4400.0,50,,2026-09-11T12:19:11Z,2026-09-15T22:42:59Z
56,0,124750347,3153733,4450.0,98,,2026-09-11T04:49:28Z,2026-09-15T22:42:59Z
56,0,124656251,5609909,4460.0,49,,2026-09-09T10:06:16Z,2026-09-15T22:42:59Z
56,0,124667810,5819116,4460.0,1,,2026-09-09T14:58:11Z,2026-09-15T22:42:59Z
56,0,124832002,3272420,4600.0,8,,2026-09-12T18:32:49Z,2026-09-15T22:42:59Z
56,1,124904514,3726884,4190.0,31,,2026-09-14T04:40:53Z,2026-09-15T22:42:59Z
56,1,124933065,2108124,4190.0,157,,2026-09-14T16:43:59Z,2026-09-15T22:42:59Z
56,1,124915270,4915716,4240.0,27,,2026-09-14T09:41:50Z,2026-09-15T22:42:59Z
56,1,124853546,4918625,4260.0,19,,2026-09-13T05:56:30Z,2026-09-15T22:42:59Z
56,1,124820350,5366354,4270.0,150,,2026-09-12T13:33:22Z,2026-09-15T22:42:59Z
56,1,124827101,2108124,4270.0,123,,2026-09-12T16:27:31Z,2026-09-15T22:42:59Z
56,1,124863795,5277014,4350.0,3,,2026-09-13T10:35:00Z,2026-09-15T22:42:59Z
56,1,124754655,5277014,4430.0,26,,2026-09-11T06:45:37Z,2026-09-15T22:42:59Z
56,1,124775115,4918625,4430.0,28,,2026-09-11T15:40:45Z,2026-09-15T22:42:59Z
56,1,124815996,5609909,4430.0,49,,2026-09-12T11:38:16Z,2026-09-15T22:42:59Z
56,2,125001147,5308706,4160.0,99,,2026-09-15T22:41:56Z,2026-09-15T22:42:59Z
56,2,125000512,5623447,4190.0,100,,2026-09-15T22:21:57Z,2026-09-15T22:42:59Z
56,2,124998891,1867431,4200.0,418,,2026-09-15T21:35:31Z,2026-09-15T22:42:59Z
56,2,124992990,5277014,4210.0,6,,2026-09-15T19:13:23Z,2026-09-15T22:42:59Z
56,2,124973096,1811200,4220.0,32,,2026-09-15T11:23:21Z,2026-09-15T22:42:59Z
56,2,124971852,4239180,4230.0,50,,2026-09-15T10:50:08Z,2026-09-15T22:42:59Z
56,2,124955860,5245043,4240.0,181,,2026-09-15T03:17:08Z,2026-09-15T22:42:59Z
56,2,124914952,5308706,4250.0,53,,2026-09-14T09:31:29Z,2026-09-15T22:42:59Z
56,2,124906663,1811200,4260.0,50,,2026-09-14T05:34:57Z,2026-09-15T22:42:59Z
56,2,124881000,1904472,4270.0,905,,2026-09-13T17:26:34Z,2026-09-15T22:42:59Z
56,2,124878173,5824221,4280.0,1,,2026-09-13T16:20:10Z,2026-09-15T22:42:59Z
56,2,124832129,1904472,4290.0,1427,,2026-09-12T18:36:42Z,2026-09-15T22:42:59Z
56,2,124828289,5277014,4310.0,1,,2026-09-12T16:55:40Z,2026-09-15T22:42:59Z
56,2,124795775,5277014,4420.0,18,,2026-09-12T01:35:47Z,2026-09-15T22:42:59Z
56,3,124998055,1521574,4260.0,19,-6.0,2026-09-15T21:12:03Z,2026-09-15T22:42:59Z
56,3,124973874,4470879,4270.0,16,,2026-09-15T11:43:45Z,2026-09-15T22:42:59Z
56,3,124964898,1521574,4280.0,25,,2026-09-15T07:27:19Z,2026-09-15T22:42:59Z
56,3,124964746,5560174,4290.0,200,,2026-09-15T07:22:43Z,2026-09-15T22:42:59Z
56,3,124960953,1521574,4300.0,25,,2026-09-15T05:36:10Z,2026-09-15T22:42:59Z
56,3,124963702,3820704,4300.0,480,,2026-09-15T06:53:38Z,2026-09-15T22:42:59Z
56,3,124954632,3458012,4310.0,191,,2026-09-15T02:34:14Z,2026-09-15T22:42:59Z
56,3,124944186,1521574,4320.0,13,,2026-09-14T20:56:13Z,2026-09-15T22:42:59Z
56,3,124941950,5423252,4330.0,9,,2026-09-14T20:02:40Z,2026-09-15T22:42:59Z
56,3,124941864,1521574,4340.0,25,,2026-09-14T20:00:27Z,2026-09-15T22:42:59Z
56,3,124941609,5423252,4350.0,3,,2026-09-14T19:54:17Z,2026-09-15T22:42:59Z
56,3,124936632,4760249,4360.0,20,,2026-09-14T18:07:48Z,2026-09-15T22:42:59Z
56,3,124896078,3937689,4370.0,79,,2026-09-14T00:10:14Z,2026-09-15T22:42:59Z
56,3,124891021,1521574,4380.0,25,,2026-09-13T21:22:49Z,2026-09-15T22:42:59Z
56,3,124850131,5765224,4420.0,1,,2026-09-13T04:12:11Z,2026-09-15T22:42:59Z
56,3,124858289,3820704,4420.0,433,,2026-09-13T08:01:29Z,2026-09-15T22:42:59Z
56,3,124835151,3820704,4470.0,686,,2026-09-12T19:55:17Z,2026-09-15T22:42:59Z
56,3,124764683,1521574,4520.0,25,,2026-09-11T11:22:28Z,2026-09-15T22:42:59Z
56,3,124772389,3820704,4520.0,400,,2026-09-11T14:39:26Z,2026-09-15T22:42:59Z
56,3,124734926,3820704,4550.0,400,,2026-09-10T20:34:48Z,2026-09-15T22:42:59Z
56,3,124734537,1521574,4560.0,24,,2026-09-10T20:26:07Z,2026-09-15T22:42:59Z
56,4,124992379,2420502,4320.0,586,,2026-09-15T19:00:52Z,2026-09-15T22:42:59Z
56,4,124990087,4434476,4330.0,1500,,2026-09-15T18:10:08Z,2026-09-15T22:42:59Z
56,4,124979428,4239180,4340.0,806,,2026-09-15T14:00:57Z,2026-09-15T22:42:59Z
56,4,124974885,1966906,4350.0,400,,2026-09-15T12:09:02Z,2026-09-15T22:42:59Z
56,4,124972878,2420502,4360.0,135,,2026-09-15T11:17:24Z,2026-09-15T22:42:59Z
56,4,124965277,2420502,4370.0,361,,2026-09-15T07:39:04Z,2026-09-15T22:42:59Z
56,4,124963031,5568373,4380.0,88,,2026-09-15T06:34:18Z,2026-09-15T22:42:59Z
56,4,124957243,677191,4390.0,350,,2026-09-15T03:58:06Z,2026-09-15T22:42:59Z
56,4,124934176,419429,4400.0,471,,2026-09-14T17:09:37Z,2026-09-15T22:42:59Z
56,4,124888004,2420502,4410.0,582,,2026-09-13T20:06:50Z,2026-09-15T22:42:59Z
56,4,124865147,1966906,4420.0,600,,2026-09-13T11:10:44Z,2026-09-15T22:42:59Z
56,4,124841873,4553307,4450.0,296,,2026-09-12T23:05:15Z,2026-09-15T22:42:59Z
56,4,124765861,1966906,4550.0,763,,2026-09-11T11:52:17Z,2026-09-15T22:42:59Z
56,4,124779846,5566001,4600.0,60,,2026-09-11T17:34:16Z,2026-09-15T22:42:59Z
56,5,124978823,1124001,4400.0,19477,,2026-09-15T13:46:19Z,2026-09-15T22:42:59Z
56,5,124983075,4240078,4500.0,1046,,2026-09-15T15:27:51Z,2026-09-15T22:42:59Z
56,5,124926836,4240078,4530.0,461,,2026-09-14T14:23:52Z,2026-09-15T22:42:59Z
56,5,124899760,516845,4540.0,64,,2026-09-14T02:15:53Z,2026-09-15T22:42:59Z
56,5,124893260,4433204,4550.0,80,,2026-09-13T22:31:56Z,2026-09-15T22:42:59Z
56,5,124855273,3764625,4580.0,200,,2026-09-13T06:42:17Z,2026-09-15T22:42:59Z
56,6,124998788,3605129,4680.0,50,,2026-09-15T21:32:38Z,2026-09-15T22:42:59Z
56,6,124996738,2944678,4690.0,120,,2026-09-15T20:38:20Z,2026-09-15T22:42:59Z
56,6,124995438,1959908,4730.0,4,,2026-09-15T20:08:46Z,2026-09-15T22:42:59Z
56,6,124971751,2996600,4750.0,1000,,2026-09-15T10:47:36Z,2026-09-15T22:42:59Z
56,6,124918956,2944678,4760.0,150,,2026-09-14T11:16:28Z,2026-09-15T22:42:59Z
56,7,124987820,4354769,4740.0,10,,2026-09-15T17:19:45Z,2026-09-15T22:42:59Z
56,7,124987382,425724,4750.0,10,,2026-09-15T17:09:49Z,2026-09-15T22:42:59Z
56,7,124945994,425724,4760.0,4,,2026-09-14T21:43:24Z,2026-09-15T22:42:59Z
56,7,124944939,1453136,4770.0,1,,2026-09-14T21:15:38Z,2026-09-15T22:42:59Z
56,7,124936209,3605129,4780.0,20,,2026-09-14T17:58:31Z,2026-09-15T22:42:59Z
56,7,124856327,4354769,4790.0,10,,2026-09-13T07:09:21Z,2026-09-15T22:42:59Z
56,7,124763246,1150061,4800.0,500,,2026-09-11T10:45:35Z,2026-09-15T22:42:59Z
56,7,124730190,4354769,5025.0,10,,2026-09-10T18:42:20Z,2026-09-15T22:42:59Z
56,8,124970944,1950408,4880.0,1,,2026-09-15T10:24:42Z,2026-09-15T22:42:59Z
56,8,124936214,3605129,4890.0,46,,2026-09-14T17:58:44Z,2026-09-15T22:42:59Z
56,8,124763257,1150061,4900.0,499,,2026-09-11T10:45:48Z,2026-09-15T22:42:59Z
56,9,124722617,5422546,7250.0,1,,2026-09-10T15:35:01Z,2026-09-12T12:54:00Z
56,12,124913850,848285,7300.0,4,,2026-09-14T08:59:14Z,2026-09-15T22:42:59Z
56,12,124992928,848285,9000.0,1,,2026-09-15T19:11:59Z,2026-09-15T22:42:59Z
56,12,124992938,848285,9500.0,10,,2026-09-15T19:12:18Z,2026-09-15T22:42:59Z
57,0,124999265,72619,5275.0,199,,2026-09-15T21:46:17Z,2026-09-15T22:41:34Z
57,0,124977956,4016001,5400.0,98,,2026-09-15T13:26:15Z,2026-09-15T22:41:34Z
57,0,124902335,5038579,5425.0,26,,2026-09-14T03:39:32Z,2026-09-15T22:41:34Z
57,0,124894309,5140189,5475.0,30,,2026-09-13T23:07:13Z,2026-09-15T22:41:34Z
57,0,124767876,4016001,5625.0,84,,2026-09-11T12:43:32Z,2026-09-15T22:41:34Z
57,0,124747949,5038579,5675.0,6,,2026-09-11T03:36:14Z,2026-09-15T22:41:34Z
57,0,124564024,3654411,5700.0,129,,2026-09-07T15:02:07Z,2026-09-15T22:41:34Z
57,0,124735927,4092434,5750.0,423,,2026-09-10T20:57:55Z,2026-09-15T22:41:34Z
57,0,124988333,5829033,5925.0,1,,2026-09-15T17:31:29Z,2026-09-15T22:41:34Z
57,0,124843352,5155492,6000.0,65,,2026-09-13T00:00:50Z,2026-09-15T22:41:34Z
57,0,124598957,3654411,6200.0,58,,2026-09-08T07:12:55Z,2026-09-15T22:41:34Z
57,0,124704336,5801718,7000.0,1,,2026-09-10T07:47:51Z,2026-09-15T22:41:34Z
57,1,124998789,5507157,5300.0,407,,2026-09-15T21:32:38Z,2026-09-15T22:41:34Z
57,1,124989446,5623976,5375.0,78,,2026-09-15T17:56:36Z,2026-09-15T22:41:34Z
57,1,124783702,5806040,5550.0,5,,2026-09-11T19:14:53Z,2026-09-15T22:41:34Z
57,1,124751799,3654411,5650.0,170,,2026-09-11T05:27:04Z,2026-09-15T22:41:34Z
57,1,124749933,3638849,5675.0,305,,2026-09-11T04:37:58Z,2026-09-15T22:41:34Z
57,1,124744484,3654411,5700.0,768,,2026-09-11T01:32:27Z,2026-09-15T22:41:34Z
57,1,124648763,5823554,5850.0,1,,2026-09-09T06:24:58Z,2026-09-15T22:41:34Z
57,2,124996262,1811200,5325.0,100,,2026-09-15T20:27:54Z,2026-09-15T22:41:34Z
57,2,124994400,3735493,5350.0,98,,2026-09-15T19:45:10Z,2026-09-15T22:41:34Z
57,2,124989868,1811200,5375.0,94,,2026-09-15T18:04:53Z,2026-09-15T22:41:34Z
57,2,124988325,1811200,5400.0,49,,2026-09-15T17:31:13Z,2026-09-15T22:41:34Z
57,2,124944851,1811200,5425.0,43,,2026-09-14T21:13:14Z,2026-09-15T22:41:34Z
57,2,124765802,1117810,5675.0,74,,2026-09-11T11:50:54Z,2026-09-15T22:41:34Z
57,2,124763048,3761312,5700.0,406,,2026-09-11T10:40:55Z,2026-09-15T22:41:34Z
57,2,124729453,1117810,5725.0,271,,2026-09-10T18:25:23Z,2026-09-15T22:41:34Z
57,2,124725381,5151774,5750.0,1,,2026-09-10T16:42:22Z,2026-09-15T22:41:34Z
57,3,124924235,5560174,5575.0,50,,2026-09-14T13:28:27Z,2026-09-15T22:41:34Z
57,3,124864319,3219357,5600.0,85,,2026-09-13T10:49:25Z,2026-09-15T22:41:34Z
57,3,124937809,3770078,5700.0,1300,,2026-09-14T18:31:38Z,2026-09-15T22:41:34Z
57,3,124879756,3654411,5900.0,765,,2026-09-13T16:56:58Z,2026-09-15T22:41:34Z
57,3,124709369,3219357,5950.0,200,,2026-09-10T10:09:39Z,2026-09-15T22:41:34Z
57,3,124655923,3654411,6275.0,111,,2026-09-09T09:56:33Z,2026-09-15T22:41:34Z
57,4,124963016,5568373,5525.0,618,,2026-09-15T06:33:58Z,2026-09-15T22:41:34Z
57,4,124955515,5568373,5550.0,400,,2026-09-15T03:06:24Z,2026-09-15T22:41:34Z
57,4,124878604,3877545,5650.0,26,,2026-09-13T16:29:59Z,2026-09-15T22:41:34Z
57,5,124966190,3764625,5525.0,400,,2026-09-15T08:10:08Z,2026-09-15T22:41:34Z
57,5,124774460,3764625,5750.0,193,,2026-09-11T15:26:41Z,2026-09-15T22:41:34Z
57,5,124779458,1639246,5825.0,200,,2026-09-11T17:24:42Z,2026-09-15T22:41:34Z
57,6,124933877,1240407,5575.0,439,,2026-09-14T17:02:01Z,2026-09-15T22:41:34Z
57,6,124929615,677191,5600.0,1000,,2026-09-14T15:27:17Z,2026-09-15T22:41:34Z
57,6,124927174,1240407,5650.0,1000,,2026-09-14T14:30:46Z,2026-09-15T22:41:34Z
57,6,124874529,677191,5700.0,500,,2026-09-13T14:56:33Z,2026-09-15T22:41:34Z
57,6,124775197,677191,5850.0,588,,2026-09-11T15:42:56Z,2026-09-15T22:41:34Z
57,6,124719925,1639246,6000.0,100,,2026-09-10T14:29:38Z,2026-09-15T22:41:34Z
57,6,124758640,3535679,6050.0,94,,2026-09-11T08:41:47Z,2026-09-15T22:41:34Z
57,7,124987426,425724,5750.0,10,,2026-09-15T17:10:57Z,2026-09-15T22:41:34Z
57,7,124874821,425724,5800.0,10,,2026-09-13T15:02:22Z,2026-09-15T22:41:34Z
57,7,124874828,425724,5900.0,10,,2026-09-13T15:02:33Z,2026-09-15T22:41:34Z
57,7,124874836,425724,6000.0,10,,2026-09-13T15:02:50Z,2026-09-15T22:41:34Z
57,8,124817965,1088314,6900.0,50,,2026-09-12T12:33:42Z,2026-09-15T22:41:34Z
57,10,124660684,5809264,9175.0,3,,2026-09-09T12:06:46Z,2026-09-15T22:41:34Z
57,12,124913860,848285,9200.0,5,,2026-09-14T08:59:24Z,2026-09-15T22:41:34Z
57,12,124992890,848285,9250.0,1,,2026-09-15T19:10:59Z,2026-09-15T22:41:34Z
57,12,124992892,848285,9300.0,1,,2026-09-15T19:11:05Z,2026-09-15T22:41:34Z
57,12,124992899,848285,9450.0,1,,2026-09-15T19:11:11Z,2026-09-15T22:41:34Z
57,12,124992903,848285,9500.0,1,,2026-09-15T19:11:18Z,2026-09-15T22:41:34Z
57,12,124992908,848285,10000.0,1,,2026-09-15T19:11:24Z,2026-09-15T22:41:34Z
57,12,124992919,848285,11000.0,10,,2026-09-15T19:11:51Z,2026-09-15T22:41:34Z
58,0,124914500,5561082,128.0,500,,2026-09-14T09:17:51Z,2026-09-15T22:40:57Z
58,0,124956078,4948773,128.0,1411,,2026-09-15T03:24:25Z,2026-09-15T22:40:57Z
58,0,124776490,4322237,129.0,546,,2026-09-11T16:10:53Z,2026-09-15T22:40:57Z
58,0,124829043,4948773,129.0,1113,,2026-09-12T17:16:22Z,2026-09-15T22:40:57Z
58,0,124838965,3709564,129.0,7472,,2026-09-12T21:34:16Z,2026-09-15T22:40:57Z
58,0,124768347,1351872,130.0,17633,,2026-09-11T12:56:00Z,2026-09-15T22:40:57Z
58,0,124776736,2728808,130.0,76,,2026-09-11T16:17:40Z,2026-09-15T22:40:57Z
58,0,124805399,4948773,130.0,4204,,2026-09-12T06:45:23Z,2026-09-15T22:40:57Z
58,0,124767802,318149,131.0,2966,,2026-09-11T12:41:29Z,2026-09-15T22:40:57Z
58,0,124840346,4902781,131.0,19000,,2026-09-12T22:14:38Z,2026-09-15T22:40:57Z
58,0,124940804,3839184,131.0,500,,2026-09-14T19:36:50Z,2026-09-15T22:40:57Z
58,0,124945719,4948773,131.0,1844,,2026-09-14T21:36:12Z,2026-09-15T22:40:57Z
58,0,124765031,1351872,132.0,14000,,2026-09-11T11:30:36Z,2026-09-15T22:40:57Z
58,0,124769218,4032038,133.0,3855,,2026-09-11T13:18:59Z,2026-09-15T22:40:57Z
58,0,124762558,4189824,134.0,4297,,2026-09-11T10:28:25Z,2026-09-15T22:40:57Z
58,0,124762110,1626653,135.0,5720,,2026-09-11T10:16:57Z,2026-09-15T22:40:57Z
58,0,124766570,2728808,135.0,324,,2026-09-11T12:10:39Z,2026-09-15T22:40:57Z
58,0,124731222,2647121,136.0,8220,,2026-09-10T19:07:26Z,2026-09-15T22:40:57Z
58,0,124765528,4948773,137.0,2654,,2026-09-11T11:43:16Z,2026-09-15T22:40:57Z
58,0,124806682,4978709,137.0,4,,2026-09-12T07:17:50Z,2026-09-15T22:40:57Z
58,0,124807527,2647121,137.0,5166,,2026-09-12T07:38:16Z,2026-09-15T22:40:57Z
58,0,124721220,2647121,138.0,25797,,2026-09-10T15:01:55Z,2026-09-15T22:40:57Z
58,0,124747493,4531524,140.0,20000,,2026-09-11T03:21:45Z,2026-09-15T22:40:57Z
58,0,124904252,5826581,140.0,20,,2026-09-14T04:33:40Z,2026-09-15T22:40:57Z
58,0,124890937,2398725,145.0,26337,,2026-09-13T21:20:35Z,2026-09-15T22:40:57Z
58,0,124766221,5825992,146.0,20,,2026-09-11T12:02:01Z,2026-09-15T22:40:57Z
58,0,124599590,2653738,148.0,72482,,2026-09-08T07:32:59Z,2026-09-15T22:40:57Z
58,0,124719720,1526273,148.0,117331,,2026-09-10T14:24:44Z,2026-09-15T22:40:57Z
58,0,124952635,5834039,150.0,20,,2026-09-15T01:25:46Z,2026-09-15T22:40:57Z
59,0,125000376,5540706,67.5,267,,2026-09-15T22:18:28Z,2026-09-15T22:41:47Z
59,0,124704142,1839718,68.0,2896,,2026-09-10T07:41:44Z,2026-09-15T22:41:47Z
59,0,124997265,3709564,68.0,4455,,2026-09-15T20:51:51Z,2026-09-15T22:41:47Z
59,0,124997425,3946418,68.0,31289,,2026-09-15T20:56:11Z,2026-09-15T22:41:47Z
59,0,124999746,4948773,68.0,4929,,2026-09-15T21:59:03Z,2026-09-15T22:41:47Z
59,0,124999923,5836544,68.0,20,,2026-09-15T22:04:54Z,2026-09-15T22:41:47Z
59,0,124632785,5360895,68.5,11111,,2026-09-08T21:45:10Z,2026-09-15T22:41:47Z
59,0,124704145,1839718,68.5,4459,,2026-09-10T07:41:55Z,2026-09-15T22:41:47Z
59,0,124926179,4948773,68.5,3034,,2026-09-14T14:09:01Z,2026-09-15T22:41:47Z
59,0,124995422,2191128,68.5,10000,,2026-09-15T20:08:33Z,2026-09-15T22:41:47Z
59,0,124617308,5324133,69.0,17613,,2026-09-08T15:30:13Z,2026-09-15T22:41:47Z
59,0,124632784,5360895,69.0,20000,,2026-09-08T21:45:03Z,2026-09-15T22:41:47Z
59,0,124704150,1839718,69.0,4459,,2026-09-10T07:42:01Z,2026-09-15T22:41:47Z
59,0,124637297,4948773,69.5,1023,,2026-09-09T00:21:15Z,2026-09-15T22:41:47Z
59,0,124649641,1526273,69.5,56584,,2026-09-09T06:48:23Z,2026-09-15T22:41:47Z
59,0,124704153,1839718,69.5,4459,,2026-09-10T07:42:07Z,2026-09-15T22:41:47Z
59,0,124704156,1839718,70.0,4459,,2026-09-10T07:42:15Z,2026-09-15T22:41:47Z
59,0,124922230,3632287,71.0,147323,,2026-09-14T12:34:47Z,2026-09-15T22:41:47Z
59,0,124615802,3788487,71.5,83300,,2026-09-08T14:57:01Z,2026-09-15T22:41:47Z
59,0,124878484,3788487,72.0,417982,,2026-09-13T16:26:49Z,2026-09-15T22:41:47Z
59,0,124890947,2398725,74.0,67893,,2026-09-13T21:20:58Z,2026-09-15T22:41:47Z
59,0,124632794,5360895,74.5,45000,,2026-09-08T21:45:31Z,2026-09-15T22:41:47Z
59,0,124806665,4978709,75.0,214,,2026-09-12T07:17:34Z,2026-09-15T22:41:47Z
59,0,124921325,5833888,80.0,20,,2026-09-14T12:13:50Z,2026-09-15T22:41:47Z
59,0,124992591,5776162,80.0,20,,2026-09-15T19:05:05Z,2026-09-15T22:41:47Z
59,0,124928504,5834369,80.5,20,,2026-09-14T15:04:23Z,2026-09-15T22:41:47Z
59,0,124805295,5828129,83.5,20,,2026-09-12T06:43:18Z,2026-09-15T22:41:47Z
60,0,124995890,5194073,6.4,81422,-3633.0,2026-09-15T20:18:22Z,2026-09-15T22:43:11Z
60,0,124999119,5824768,6.4,1064,,2026-09-15T21:42:02Z,2026-09-15T22:43:11Z
60,0,124995839,5836268,6.5,880,,2026-09-15T20:17:08Z,2026-09-15T22:43:11Z
60,0,124998221,5789323,6.5,1357,,2026-09-15T21:16:23Z,2026-09-15T22:43:11Z
60,0,124995793,5820631,6.6,223,,2026-09-15T20:16:00Z,2026-09-15T22:43:11Z
60,0,124343009,5756770,7.0,10216,,2026-09-04T04:36:31Z,2026-09-15T22:43:11Z
60,0,124538232,5738803,7.0,420,,2026-09-07T03:20:52Z,2026-09-15T22:43:11Z
60,0,124609102,4100522,7.0,309988,,2026-09-08T12:09:15Z,2026-09-15T22:43:11Z
60,0,124681706,5747806,7.0,5000,,2026-09-09T20:29:12Z,2026-09-15T22:43:11Z
60,0,124723262,5727539,7.0,4271,,2026-09-10T15:50:29Z,2026-09-15T22:43:11Z
60,0,124741372,5732822,7.0,11716,,2026-09-10T23:42:01Z,2026-09-15T22:43:11Z
60,0,124838363,5818057,7.0,3564,,2026-09-12T21:17:47Z,2026-09-15T22:43:11Z
60,0,124874547,5830438,7.0,10,,2026-09-13T14:56:51Z,2026-09-15T22:43:11Z
60,0,124889824,5702366,7.0,1500,,2026-09-13T20:52:12Z,2026-09-15T22:43:11Z
60,0,124918768,5823916,7.0,365,,2026-09-14T11:11:16Z,2026-09-15T22:43:11Z
60,0,124953794,5834977,7.0,100,,2026-09-15T02:02:52Z,2026-09-15T22:43:11Z
60,0,124664800,5821922,7.1,20,,2026-09-09T13:48:17Z,2026-09-15T22:43:11Z
60,0,124745794,5822772,7.1,224,,2026-09-11T02:20:16Z,2026-09-15T22:43:11Z
60,0,124668986,5809816,7.2,46,,2026-09-09T15:25:28Z,2026-09-15T22:43:11Z
60,0,124611136,5759088,7.5,201,,2026-09-08T13:03:47Z,2026-09-15T22:43:11Z
60,0,124717470,5784699,7.9,103,,2026-09-10T13:34:11Z,2026-09-15T22:43:11Z
60,0,124746938,5319470,8.0,2,,2026-09-11T03:03:30Z,2026-09-15T22:43:11Z
60,1,124983514,5578066,6.9,30202,,2026-09-15T15:37:39Z,2026-09-15T22:43:11Z
60,1,124885047,5435178,7.0,1390,,2026-09-13T19:01:52Z,2026-09-15T22:43:11Z
60,1,124942514,5192711,7.0,133,,2026-09-14T20:14:40Z,2026-09-15T22:43:11Z
60,1,124656245,5702489,7.1,367,,2026-09-09T10:06:08Z,2026-09-15T22:43:11Z
60,2,124996952,5739257,6.6,3367,,2026-09-15T20:43:47Z,2026-09-15T22:43:11Z
60,2,124996983,5425143,6.6,14029,,2026-09-15T20:45:02Z,2026-09-15T22:43:11Z
60,2,125001062,5267621,6.6,21265,,2026-09-15T22:39:39Z,2026-09-15T22:43:11Z
60,2,124991908,5286582,6.7,10000,,2026-09-15T18:49:56Z,2026-09-15T22:43:11Z
60,2,124996022,5788492,6.7,437,,2026-09-15T20:21:19Z,2026-09-15T22:43:11Z
60,2,124953219,1080825,6.9,20603,,2026-09-15T01:44:00Z,2026-09-15T22:43:11Z
60,2,124989502,5061365,6.9,161628,,2026-09-15T17:57:38Z,2026-09-15T22:43:11Z
60,2,124990135,5560212,7.0,25000,,2026-09-15T18:11:24Z,2026-09-15T22:43:11Z
60,2,124528632,4013895,7.1,258800,,2026-09-06T21:39:03Z,2026-09-15T22:43:11Z
60,2,124927058,5551646,7.1,13461,,2026-09-14T14:28:42Z,2026-09-15T22:43:11Z
60,2,124865613,5551646,7.2,4984,,2026-09-13T11:23:14Z,2026-09-15T22:43:11Z
60,3,124992609,5430488,6.7,9023,,2026-09-15T19:05:26Z,2026-09-15T22:43:11Z
60,3,124990417,4278208,6.8,135070,,2026-09-15T18:18:35Z,2026-09-15T22:43:11Z
60,3,124960640,4145700,6.9,127872,,2026-09-15T05:27:29Z,2026-09-15T22:43:11Z
60,3,124983645,3408402,6.9,20000,,2026-09-15T15:41:13Z,2026-09-15T22:43:11Z
60,3,124991048,720734,6.9,500000,,2026-09-15T18:32:22Z,2026-09-15T22:43:11Z
60,3,124940474,4466647,7.0,396665,,2026-09-14T19:30:01Z,2026-09-15T22:43:11Z
60,3,124941161,5430488,7.0,36194,,2026-09-14T19:44:43Z,2026-09-15T22:43:11Z
60,3,124941332,5093625,7.0,200000,,2026-09-14T19:48:35Z,2026-09-15T22:43:11Z
60,3,124855515,672769,7.2,810467,,2026-09-13T06:48:37Z,2026-09-15T22:43:11Z
60,4,124997064,2329758,6.7,4477,,2026-09-15T20:46:50Z,2026-09-15T22:43:11Z
60,4,124996678,1747577,6.8,24646,,2026-09-15T20:36:36Z,2026-09-15T22:43:11Z
60,4,124981865,5187208,6.9,70746,,2026-09-15T15:01:12Z,2026-09-15T22:43:11Z
60,4,124945168,3611322,7.0,826779,,2026-09-14T21:21:39Z,2026-09-15T22:43:11Z
60,4,124949712,1605436,7.0,3000000,,2026-09-14T23:43:38Z,2026-09-15T22:43:11Z
60,4,124544231,4696796,7.1,5802022,,2026-09-07T06:15:35Z,2026-09-15T22:43:11Z
60,4,124967710,4696796,7.2,1112665,,2026-09-15T08:53:01Z,2026-09-15T22:43:11Z
60,4,124949726,1605436,7.4,3000000,,2026-09-14T23:44:07Z,2026-09-15T22:43:11Z
60,4,124949757,1605436,7.8,3000000,,2026-09-14T23:45:08Z,2026-09-15T22:43:11Z
60,4,124706208,5693207,8.3,1,,2026-09-10T08:40:10Z,2026-09-15T22:43:11Z
60,5,124999613,3782051,6.9,300000,,2026-09-15T21:55:01Z,2026-09-15T22:43:11Z
60,5,124947643,3959722,7.0,124013,,2026-09-14T22:34:47Z,2026-09-15T22:43:11Z
60,5,124965682,3783523,7.0,147115,,2026-09-15T07:52:52Z,2026-09-15T22:43:11Z
60,5,124972817,436936,7.0,162914,,2026-09-15T11:15:53Z,2026-09-15T22:43:11Z
60,5,124983785,3337212,7.0,136226,,2026-09-15T15:44:58Z,2026-09-15T22:43:11Z
60,5,124936236,5126318,7.1,136378,,2026-09-14T17:59:17Z,2026-09-15T22:43:11Z
60,5,124952568,3337212,7.1,30092,,2026-09-15T01:24:28Z,2026-09-15T22:43:11Z
60,5,124902723,3650242,7.2,59321,,2026-09-14T03:51:10Z,2026-09-15T22:43:11Z
60,5,124933299,5234176,7.2,40368,,2026-09-14T16:49:00Z,2026-09-15T22:43:11Z
60,5,124886101,3337212,7.3,66308,,2026-09-14T01:37:10Z,2026-09-15T22:43:11Z
60,5,124920798,436936,7.3,128262,,2026-09-14T12:00:02Z,2026-09-15T22:43:11Z
60,5,124951801,3426657,7.3,1000000,,2026-09-15T00:59:17Z,2026-09-15T22:43:11Z
60,5,124833471,3892272,7.4,78219,,2026-09-12T19:11:58Z,2026-09-15T22:43:11Z
60,5,124840386,5234176,7.4,19137,,2026-09-12T22:16:11Z,2026-09-15T22:43:11Z
60,5,124788841,3650242,7.5,100000,,2026-09-11T21:30:26Z,2026-09-15T22:43:11Z
60,5,124788819,3650242,8.0,50000,,2026-09-11T21:30:16Z,2026-09-15T22:43:11Z
60,6,124994724,3008978,7.5,711681,,2026-09-15T19:53:32Z,2026-09-15T22:43:11Z
60,6,124865987,3305299,7.6,200000,,2026-09-13T11:33:08Z,2026-09-15T22:43:11Z
60,7,124728322,4304388,8.9,52199,,2026-09-10T17:59:00Z,2026-09-15T22:43:11Z
60,8,124739338,4749812,8.2,999,,2026-09-10T22:32:04Z,2026-09-15T22:43:11Z
60,8,124737562,2468181,8.3,5077,,2026-09-10T21:38:44Z,2026-09-15T22:43:11Z
60,8,124800913,5576284,8.4,100000,,2026-09-12T04:43:40Z,2026-09-15T22:43:11Z
60,8,124720075,4749812,8.6,1999,,2026-09-10T14:32:14Z,2026-09-15T22:43:11Z
60,8,124630639,428650,8.7,200000,,2026-09-08T20:44:19Z,2026-09-15T22:43:11Z
60,9,124949170,669165,9.9,2,,2026-09-14T23:24:00Z,2026-09-15T22:43:11Z
60,10,124779497,3305299,10.0,99986,,2026-09-11T17:25:56Z,2026-09-15T22:43:11Z
61,0,124997962,5529206,19.1,8405,,2026-09-15T21:10:02Z,2026-09-15T22:42:08Z
61,0,124997308,4278208,19.2,6402,,2026-09-15T20:53:08Z,2026-09-15T22:42:08Z
61,0,124996675,5826957,19.3,40,,2026-09-15T20:36:30Z,2026-09-15T22:42:08Z
61,0,124992105,5247972,19.4,10000,,2026-09-15T18:54:33Z,2026-09-15T22:42:08Z
61,0,124981866,5827711,19.5,1523,,2026-09-15T15:01:13Z,2026-09-15T22:42:08Z
61,0,124996584,5790337,19.5,574,,2026-09-15T20:34:24Z,2026-09-15T22:42:08Z
61,0,124746298,5699135,19.6,1148,,2026-09-11T02:38:17Z,2026-09-15T22:42:08Z
61,0,124901309,5754317,19.6,1343,,2026-09-14T03:06:08Z,2026-09-15T22:42:08Z
61,0,124919137,5747806,19.6,2193,,2026-09-14T11:21:02Z,2026-09-15T22:42:08Z
61,0,124956083,5795611,19.6,300,,2026-09-15T03:24:37Z,2026-09-15T22:42:08Z
61,0,124960754,5789323,19.6,1002,,2026-09-15T05:30:51Z,2026-09-15T22:42:08Z
61,0,124914527,5789323,19.7,482,,2026-09-14T09:19:01Z,2026-09-15T22:42:08Z
61,0,123723118,4100522,20.0,98800,,2026-09-02T21:30:12Z,2026-09-15T22:42:08Z
61,0,124606912,5795013,20.0,300,,2026-09-08T11:06:48Z,2026-09-15T22:42:08Z
61,0,124886361,4885271,20.0,100,,2026-09-13T19:30:01Z,2026-09-15T22:42:08Z
61,0,124995975,5765607,24.0,210,,2026-09-15T20:20:11Z,2026-09-15T22:42:08Z
61,0,124992621,4885271,25.0,2400,,2026-09-15T19:05:38Z,2026-09-15T22:42:08Z
61,1,125000806,5684540,18.8,26929,-700.0,2026-09-15T22:31:08Z,2026-09-15T22:42:08Z
61,1,125000632,5701448,18.9,2000,,2026-09-15T22:26:03Z,2026-09-15T22:42:08Z
61,1,124979132,5687176,19.4,30996,,2026-09-15T13:53:52Z,2026-09-15T22:42:08Z
61,1,124813479,4558574,19.6,380610,,2026-09-12T10:25:52Z,2026-09-15T22:42:08Z
61,2,125001112,3122051,19.4,3351,,2026-09-15T22:40:47Z,2026-09-15T22:42:08Z
61,2,124983641,5171800,19.5,3000,,2026-09-15T15:41:06Z,2026-09-15T22:42:08Z
61,2,124981828,3122051,19.6,2461,,2026-09-15T15:00:18Z,2026-09-15T22:42:08Z
61,2,124983323,4886539,19.6,29149,,2026-09-15T15:32:39Z,2026-09-15T22:42:08Z
61,2,124993567,5752474,19.6,10000,,2026-09-15T19:27:09Z,2026-09-15T22:42:08Z
61,2,124936669,5133691,19.7,60000,,2026-09-14T18:08:13Z,2026-09-15T22:42:08Z
61,2,124941702,5752474,19.7,10000,,2026-09-14T19:56:17Z,2026-09-15T22:42:08Z
61,2,124961634,5057377,19.7,50000,,2026-09-15T05:54:23Z,2026-09-15T22:42:08Z
61,2,124821483,4558574,19.8,312163,,2026-09-12T14:02:37Z,2026-09-15T22:42:08Z
61,2,124535439,5551646,19.9,75170,,2026-09-07T01:40:42Z,2026-09-15T22:42:08Z
61,2,124556550,5551646,20.0,2546,,2026-09-07T12:09:48Z,2026-09-15T22:42:08Z
61,3,124993769,3839184,19.8,10000,,2026-09-15T19:31:27Z,2026-09-15T22:42:08Z
61,3,124983472,5342765,19.9,20000,,2026-09-15T15:36:27Z,2026-09-15T22:42:08Z
61,3,124955216,4481858,20.0,49241,,2026-09-15T02:56:07Z,2026-09-15T22:42:08Z
61,3,124836223,3918703,20.25,15445,,2026-09-12T20:23:44Z,2026-09-15T22:42:08Z
61,3,124840160,5424145,20.25,4728,,2026-09-12T22:08:52Z,2026-09-15T22:42:08Z
61,3,124856250,3783523,20.25,1000,,2026-09-13T07:07:33Z,2026-09-15T22:42:08Z
61,3,124934954,4558574,20.25,500000,,2026-09-14T17:28:20Z,2026-09-15T22:42:08Z
61,3,124654303,4013895,20.5,60000,,2026-09-09T09:08:39Z,2026-09-15T22:42:08Z
61,3,124836096,5057377,20.5,50000,,2026-09-12T20:20:04Z,2026-09-15T22:42:08Z
61,3,124409508,4013895,21.0,229000,,2026-09-04T13:32:21Z,2026-09-15T22:42:08Z
61,3,124815315,4013895,21.5,136800,,2026-09-12T11:18:59Z,2026-09-15T22:42:08Z
61,3,124815311,4013895,22.0,285000,,2026-09-12T11:18:50Z,2026-09-15T22:42:08Z
61,4,124941913,3388758,20.25,301799,,2026-09-14T20:01:54Z,2026-09-15T22:42:08Z
61,4,124959766,4558574,20.25,1000000,,2026-09-15T05:06:38Z,2026-09-15T22:42:08Z
61,4,124931135,4149463,20.5,89264,,2026-09-14T16:00:49Z,2026-09-15T22:42:08Z
61,4,124762131,5057377,20.75,72518,,2026-09-11T10:17:19Z,2026-09-15T22:42:08Z
61,5,124961616,5057377,20.75,50000,,2026-09-15T05:53:59Z,2026-09-15T22:42:08Z
61,5,124937875,725571,21.0,14340,,2026-09-14T18:33:26Z,2026-09-15T22:42:08Z
61,5,124981760,4558574,21.0,200000,,2026-09-15T14:58:23Z,2026-09-15T22:42:08Z
61,5,124852094,4102245,21.25,30000,,2026-09-13T05:14:48Z,2026-09-15T22:42:08Z
61,5,124750146,4470667,21.5,100000,,2026-09-11T04:42:57Z,2026-09-15T22:42:08Z
61,5,124873898,3650242,21.5,100000,,2026-09-13T14:41:58Z,2026-09-15T22:42:08Z
61,5,124725607,5057377,21.75,50000,,2026-09-10T16:47:22Z,2026-09-15T22:42:08Z
61,6,124569783,4833137,22.5,76896,,2026-09-07T17:14:10Z,2026-09-15T06:34:57Z
61,7,124965695,4202905,22.5,252789,,2026-09-15T07:53:25Z,2026-09-15T22:42:08Z
61,7,124918610,4202905,23.0,54503,,2026-09-14T11:07:58Z,2026-09-15T22:42:08Z
62,0,124994169,4782313,22.25,1820,,2026-09-15T19:39:51Z,2026-09-15T22:40:20Z
62,0,124995538,5811418,22.25,166,,2026-09-15T20:11:08Z,2026-09-15T22:40:20Z
62,0,124735867,5133727,22.5,26585,,2026-09-10T20:56:30Z,2026-09-15T22:40:20Z
62,0,124736821,4459349,22.5,3070,,2026-09-10T21:19:43Z,2026-09-15T22:40:20Z
62,0,124870901,5747806,22.5,2000,,2026-09-13T13:29:46Z,2026-09-15T22:40:20Z
62,0,124892598,5828123,22.5,500,,2026-09-13T22:09:43Z,2026-09-15T22:40:20Z
62,0,124998226,5789323,22.5,458,,2026-09-15T21:16:35Z,2026-09-15T22:40:20Z
62,0,124728860,5623072,22.75,16361,,2026-09-10T18:11:34Z,2026-09-15T22:40:20Z
62,0,124818171,5651853,22.75,1843,,2026-09-12T12:38:53Z,2026-09-15T22:40:20Z
62,0,124062647,4885271,25.0,740,,2026-09-04T18:56:03Z,2026-09-15T22:40:20Z
62,0,124701761,5825897,25.0,25,,2026-09-10T06:40:03Z,2026-09-15T22:40:20Z
62,0,124621034,5790715,27.0,25,,2026-09-08T17:01:47Z,2026-09-15T22:40:20Z
62,1,125000989,5521123,22.0,10000,,2026-09-15T22:37:26Z,2026-09-15T22:40:20Z
62,1,124949681,4132403,22.5,14129,,2026-09-14T23:42:25Z,2026-09-15T22:40:20Z
62,1,124668107,5128583,23.0,9852,,2026-09-09T15:05:51Z,2026-09-15T22:40:20Z
62,2,124998782,5595175,22.25,49861,,2026-09-15T21:32:11Z,2026-09-15T22:40:20Z
62,2,124878726,5439969,23.25,78474,,2026-09-13T16:32:40Z,2026-09-15T22:40:20Z
62,2,124888393,2891106,23.25,20000,,2026-09-13T20:15:23Z,2026-09-15T22:40:20Z
62,2,124867748,2891106,23.75,109959,,2026-09-13T19:03:43Z,2026-09-15T22:40:20Z
62,3,124998476,5414545,23.0,13992,,2026-09-15T21:23:18Z,2026-09-15T22:40:20Z
62,3,124997768,5563569,23.25,10000,,2026-09-15T21:05:38Z,2026-09-15T22:40:20Z
62,3,124951823,3426657,23.5,10000,,2026-09-15T01:00:00Z,2026-09-15T22:40:20Z
62,3,124873931,3650242,23.75,100000,,2026-09-13T14:42:57Z,2026-09-15T22:40:20Z
62,3,124996163,672769,23.75,11427,,2026-09-15T20:25:14Z,2026-09-15T22:40:20Z
62,3,124519535,2891106,24.0,60593,,2026-09-06T17:56:50Z,2026-09-15T22:40:20Z
62,3,124788963,3650242,24.0,100000,,2026-09-11T21:33:28Z,2026-09-15T22:40:20Z
62,3,124846935,5573320,24.0,1,,2026-09-13T02:13:40Z,2026-09-15T22:40:20Z
62,4,124928577,5397693,23.75,60000,,2026-09-14T15:05:50Z,2026-09-15T22:40:20Z
62,5,124938691,3493216,23.75,929,,2026-09-14T18:51:49Z,2026-09-15T22:40:20Z
62,5,124839250,3986759,24.5,100000,,2026-09-12T21:42:59Z,2026-09-15T22:40:20Z
62,5,124994739,3008978,25.0,677241,,2026-09-15T19:53:49Z,2026-09-15T22:40:20Z
62,6,124868669,4257195,24.0,60000,,2026-09-13T12:35:55Z,2026-09-15T22:40:20Z
62,7,124922328,2385512,29.0,8000,,2026-09-14T12:37:29Z,2026-09-15T22:40:20Z
62,8,124975649,2146717,35.0,435543,,2026-09-15T12:29:53Z,2026-09-15T22:40:20Z
62,9,124842494,4749812,38.5,977,,2026-09-12T23:28:31Z,2026-09-15T22:40:20Z
63,0,125000469,5521123,34.0,1586,,2026-09-15T22:20:45Z,2026-09-15T22:42:40Z
63,0,124917265,5713593,34.25,3799,,2026-09-14T10:34:48Z,2026-09-15T22:42:40Z
63,0,124914320,4064427,34.5,2308,,2026-09-14T09:11:59Z,2026-09-15T22:42:40Z
63,0,124949137,5789323,34.75,830,,2026-09-14T23:22:39Z,2026-09-15T22:42:40Z
63,0,124832098,5713593,35.0,1856,,2026-09-12T18:35:52Z,2026-09-15T22:42:40Z
63,0,124830333,5585187,35.25,5000,,2026-09-12T17:49:57Z,2026-09-15T22:42:40Z
63,0,124790046,5583072,40.0,2,,2026-09-11T22:05:53Z,2026-09-15T22:42:40Z
63,0,124620677,5790715,40.25,15,,2026-09-08T16:53:28Z,2026-09-15T22:42:40Z
63,0,124799658,5759134,47.25,5,,2026-09-12T03:59:40Z,2026-09-15T22:42:40Z
63,1,124974985,5721169,34.5,2533,,2026-09-15T12:12:06Z,2026-09-15T22:42:40Z
63,1,124940706,5434636,34.75,3525,,2026-09-14T19:34:56Z,2026-09-15T22:42:40Z
63,1,124878753,3168813,35.0,6071,,2026-09-13T16:33:14Z,2026-09-15T22:42:40Z
63,1,124704845,2891106,35.75,19583,,2026-09-10T08:02:08Z,2026-09-15T22:42:40Z
63,1,124705498,4013895,35.75,20122,,2026-09-10T08:22:06Z,2026-09-15T22:42:40Z
63,2,124983828,1237534,35.0,175,,2026-09-15T15:45:35Z,2026-09-15T22:42:40Z
63,2,124983823,5453675,35.25,407,,2026-09-15T15:45:29Z,2026-09-15T22:42:40Z
63,2,124924640,5453675,35.5,4243,,2026-09-14T13:36:25Z,2026-09-15T22:42:40Z
63,2,124862757,4519044,35.75,64107,,2026-09-13T10:05:11Z,2026-09-15T22:42:40Z
63,2,124867770,2891106,35.75,70000,,2026-09-13T19:03:56Z,2026-09-15T22:42:40Z
63,2,124978679,3398157,35.75,5000,,2026-09-15T13:42:47Z,2026-09-15T22:42:40Z
63,2,124654323,4013895,36.0,75000,,2026-09-09T09:09:11Z,2026-09-15T22:42:40Z
63,2,124705513,4013895,37.0,25000,,2026-09-10T08:22:36Z,2026-09-15T22:42:40Z
63,2,124705520,4013895,37.5,25230,,2026-09-10T08:22:45Z,2026-09-15T22:42:40Z
63,3,124986025,3839184,35.25,10000,,2026-09-15T16:37:47Z,2026-09-15T22:42:40Z
63,3,124918152,2329758,35.75,12841,,2026-09-14T10:56:38Z,2026-09-15T22:42:40Z
63,3,124962695,2891106,35.75,20397,,2026-09-15T06:24:10Z,2026-09-15T22:42:40Z
63,3,124869764,4037254,36.0,4921,,2026-09-13T13:03:41Z,2026-09-15T22:42:40Z
63,3,124875599,2329758,36.0,3879,,2026-09-14T01:05:36Z,2026-09-15T22:42:40Z
63,3,124903709,2891106,36.0,10000,,2026-09-14T04:19:23Z,2026-09-15T22:42:40Z
63,3,124907045,5057377,36.0,20415,,2026-09-14T05:45:27Z,2026-09-15T22:42:40Z
63,3,124649164,2891106,36.5,20396,,2026-09-09T06:35:22Z,2026-09-15T22:42:40Z
63,3,124658733,4419803,36.5,99427,,2026-09-09T11:15:09Z,2026-09-15T22:42:40Z
63,3,124635663,2329758,36.75,23000,,2026-09-08T23:20:06Z,2026-09-15T22:42:40Z
63,3,124632204,5057377,37.0,20000,,2026-09-08T21:28:59Z,2026-09-15T22:42:40Z
63,3,124599805,5057377,37.25,20000,,2026-09-08T07:39:54Z,2026-09-15T22:42:40Z
63,3,124616721,2891106,37.25,15000,,2026-09-08T15:17:44Z,2026-09-15T22:42:40Z
63,3,124846939,5573320,37.5,1,,2026-09-13T02:13:50Z,2026-09-15T22:42:40Z
63,4,124967454,4511000,35.75,45160,,2026-09-15T08:45:08Z,2026-09-15T22:42:40Z
63,4,124956393,4511000,36.25,11690,,2026-09-15T03:32:51Z,2026-09-15T22:42:40Z
63,4,124945130,4511000,36.5,26564,,2026-09-14T21:20:19Z,2026-09-15T22:42:40Z
63,4,124760861,4511000,36.75,35877,,2026-09-11T09:45:45Z,2026-09-15T22:42:40Z
63,4,124649445,4963611,37.0,2500,,2026-09-09T06:43:08Z,2026-09-15T22:42:40Z
63,4,124604505,4045027,37.25,30000,,2026-09-08T10:00:54Z,2026-09-15T22:42:40Z
63,5,124982291,5567766,35.75,1,,2026-09-15T15:10:35Z,2026-09-15T22:42:40Z
63,5,124960798,3851450,36.0,95000,,2026-09-15T05:31:51Z,2026-09-15T22:42:40Z
63,6,124811549,3986759,37.5,214401,,2026-09-12T09:32:00Z,2026-09-15T22:42:40Z
63,7,124978858,3238705,37.25,96959,,2026-09-15T13:47:10Z,2026-09-15T22:42:40Z
64,0,124998510,5637124,45.25,56,,2026-09-15T21:24:46Z,2026-09-15T22:42:04Z
64,0,124996593,5790337,45.5,120,,2026-09-15T20:34:45Z,2026-09-15T22:42:04Z
64,0,124999828,5822717,45.5,59,,2026-09-15T22:02:07Z,2026-09-15T22:42:04Z
64,0,124992726,5634589,45.75,351,,2026-09-15T19:07:30Z,2026-09-15T22:42:04Z
64,0,124994450,5619671,46.0,500,,2026-09-15T19:45:56Z,2026-09-15T22:42:04Z
64,0,124995149,5822717,46.0,96,,2026-09-15T20:02:37Z,2026-09-15T22:42:04Z
64,0,124966683,5694627,46.25,86,,2026-09-15T08:22:21Z,2026-09-15T22:42:04Z
64,0,124963934,5790337,46.5,250,,2026-09-15T07:00:34Z,2026-09-15T22:42:04Z
64,0,124966414,5822717,46.5,46,,2026-09-15T08:15:59Z,2026-09-15T22:42:04Z
64,0,124960895,5634589,46.75,210,,2026-09-15T05:34:54Z,2026-09-15T22:42:04Z
64,0,124938760,5461274,47.25,3033,,2026-09-14T18:53:17Z,2026-09-15T22:42:04Z
64,0,124939859,5771201,47.25,656,,2026-09-14T19:16:33Z,2026-09-15T22:42:04Z
64,0,124937466,5464547,47.75,20000,,2026-09-14T18:23:19Z,2026-09-15T22:42:04Z
64,0,124935116,5634589,48.0,282,,2026-09-14T17:32:06Z,2026-09-15T22:42:04Z
64,0,124936353,5619671,48.0,1000,,2026-09-14T18:02:10Z,2026-09-15T22:42:04Z
64,0,124937849,5816206,48.0,932,,2026-09-14T18:32:41Z,2026-09-15T22:42:04Z
64,0,124799225,5811418,48.25,254,,2026-09-12T03:41:57Z,2026-09-15T22:42:04Z
64,0,124796067,3940061,48.75,1600,,2026-09-12T01:46:46Z,2026-09-15T22:42:04Z
64,0,124633150,3398157,49.0,10000,,2026-09-08T21:56:40Z,2026-09-15T22:42:04Z
64,0,124976005,5821100,50.0,50,,2026-09-15T12:38:56Z,2026-09-15T22:42:04Z
64,0,124598505,5821358,50.5,80,,2026-09-08T07:00:28Z,2026-09-15T22:42:04Z
64,1,124998694,5673917,45.75,1538,,2026-09-15T21:29:32Z,2026-09-15T22:42:04Z
64,1,124936529,5196295,48.0,2522,,2026-09-14T18:05:41Z,2026-09-15T22:42:04Z
64,1,124671587,2575474,48.5,2172,,2026-09-09T16:25:37Z,2026-09-15T22:42:04Z
64,1,124623150,2575474,48.75,236,,2026-09-08T17:52:41Z,2026-09-15T22:42:04Z
64,2,124994358,5706082,46.0,802,,2026-09-15T19:44:19Z,2026-09-15T22:42:04Z
64,2,124989381,5580598,46.25,6409,,2026-09-15T17:55:23Z,2026-09-15T22:42:04Z
64,2,124966579,5541823,46.5,1990,,2026-09-15T08:19:54Z,2026-09-15T22:42:04Z
64,2,124963899,4706155,46.75,8000,,2026-09-15T06:59:19Z,2026-09-15T22:42:04Z
64,2,124941351,5391543,47.25,1315,,2026-09-14T19:48:58Z,2026-09-15T22:42:04Z
64,2,125000811,3398157,47.25,5000,,2026-09-15T22:31:20Z,2026-09-15T22:42:04Z
64,2,124938628,5285213,47.5,11523,,2026-09-14T18:49:59Z,2026-09-15T22:42:04Z
64,2,124954133,5707092,47.5,1783,,2026-09-15T02:15:19Z,2026-09-15T22:42:04Z
64,2,124942380,5104228,48.0,11962,,2026-09-14T20:11:45Z,2026-09-15T22:42:04Z
64,2,124843355,5133370,48.25,5866,,2026-09-13T00:00:53Z,2026-09-15T22:42:04Z
64,2,124783476,5430488,48.5,10793,,2026-09-11T19:09:04Z,2026-09-15T22:42:04Z
64,2,124633778,4766565,48.75,1338,,2026-09-08T22:16:58Z,2026-09-15T22:42:04Z
64,2,124781464,5133370,49.0,5000,,2026-09-11T18:17:02Z,2026-09-15T22:42:04Z
64,3,124946702,3326933,47.5,5283,,2026-09-14T22:02:05Z,2026-09-15T22:42:04Z
64,3,124943102,5597415,47.75,1243,,2026-09-14T20:29:03Z,2026-09-15T22:42:04Z
64,3,124916408,1980475,48.25,1985,,2026-09-14T10:13:02Z,2026-09-15T22:42:04Z
64,3,124840755,4706155,48.5,1691,,2026-09-12T22:29:15Z,2026-09-15T22:42:04Z
64,3,124797664,3326933,48.75,5838,,2026-09-12T02:47:45Z,2026-09-15T22:42:04Z
64,3,124646188,3326933,49.25,4575,,2026-09-09T05:14:48Z,2026-09-15T22:42:04Z
64,3,124599265,1980475,49.75,8129,,2026-09-08T07:22:19Z,2026-09-15T22:42:04Z
64,3,124904774,2441895,50.0,10712,,2026-09-14T04:48:24Z,2026-09-15T22:42:04Z
64,4,124979645,4446388,47.5,45000,,2026-09-15T14:06:27Z,2026-09-15T22:42:04Z
64,4,124950524,5179284,47.75,24000,,2026-09-15T00:14:47Z,2026-09-15T22:42:04Z
64,4,124942631,5400925,48.0,893,,2026-09-14T20:17:23Z,2026-09-15T22:42:04Z
64,4,124939917,5141377,48.25,5360,,2026-09-14T19:17:49Z,2026-09-15T22:42:04Z
64,4,124907424,5400925,48.5,9117,,2026-09-14T05:56:30Z,2026-09-15T22:42:04Z
64,4,124882263,5266916,48.75,44521,,2026-09-13T17:53:52Z,2026-09-15T22:42:04Z
64,4,124838230,4446388,49.0,64693,,2026-09-12T21:13:38Z,2026-09-15T22:42:04Z
64,4,124829842,2299582,49.25,4965,,2026-09-12T17:36:55Z,2026-09-15T22:42:04Z
64,4,124787915,4446388,51.0,74088,,2026-09-11T21:03:39Z,2026-09-15T22:42:04Z
64,4,124791474,3978101,51.0,12330,,2026-09-11T22:53:29Z,2026-09-15T22:42:04Z
64,4,124904779,2441895,52.0,10000,,2026-09-14T04:48:32Z,2026-09-15T22:42:04Z
64,5,124808721,4470667,51.0,100000,,2026-09-12T08:11:38Z,2026-09-15T22:42:04Z
64,5,125000318,4337427,51.0,153246,,2026-09-15T22:16:51Z,2026-09-15T22:42:04Z
64,5,124599354,4470667,52.0,100000,,2026-09-08T07:25:30Z,2026-09-15T22:42:04Z
64,6,124911453,4736800,50.0,9941,,2026-09-14T07:46:30Z,2026-09-15T22:42:04Z
64,6,124904053,5138371,50.5,5224,,2026-09-14T04:28:55Z,2026-09-15T22:42:04Z
64,6,124812717,2784875,51.0,7905,,2026-09-12T10:05:17Z,2026-09-15T22:42:04Z
64,6,124796538,4037254,51.5,8443,,2026-09-12T02:06:11Z,2026-09-15T22:42:04Z
64,6,124784292,5138371,52.0,8007,,2026-09-11T19:30:11Z,2026-09-15T22:42:04Z
64,6,124682423,4686801,52.5,65039,,2026-09-09T20:46:02Z,2026-09-15T22:42:04Z
64,7,124904789,2441895,59.5,4996,,2026-09-14T04:48:48Z,2026-09-15T22:42:04Z
64,7,124823456,4517905,60.0,999,,2026-09-12T14:55:32Z,2026-09-15T22:42:04Z
64,8,124830447,228022,68.0,9981,,2026-09-12T17:53:02Z,2026-09-15T22:42:04Z
64,8,124727373,3801170,78.5,799,,2026-09-10T17:34:37Z,2026-09-15T22:42:04Z
64,10,124918309,4517905,80.0,999,,2026-09-14T11:00:37Z,2026-09-15T22:42:04Z
65,0,125000672,5822717,12.9,74,,2026-09-15T22:26:59Z,2026-09-15T22:40:35Z
65,0,124993385,5694627,13.0,1000,,2026-09-15T19:22:19Z,2026-09-15T22:40:35Z
65,0,124921847,5815146,13.1,67,,2026-09-14T12:26:30Z,2026-09-15T22:40:35Z
65,0,124912043,5625696,13.2,21685,,2026-09-14T08:05:32Z,2026-09-15T22:40:35Z
65,0,124911245,5649315,13.3,4371,,2026-09-14T07:40:50Z,2026-09-15T22:40:35Z
65,0,124911496,5811418,13.3,105,,2026-09-14T07:47:45Z,2026-09-15T22:40:35Z
65,0,124910789,5573058,13.4,1493,,2026-09-14T07:28:19Z,2026-09-15T22:40:35Z
65,0,124948214,5675335,13.4,3000,,2026-09-14T22:53:11Z,2026-09-15T22:40:35Z
65,0,124989516,5061365,13.4,23528,,2026-09-15T17:57:52Z,2026-09-15T22:40:35Z
65,0,124815280,5807501,13.5,10400,,2026-09-12T11:17:51Z,2026-09-15T22:40:35Z
65,0,124818265,5061365,13.5,41157,,2026-09-12T12:40:48Z,2026-09-15T22:40:35Z
65,0,124659575,5061365,13.6,51978,,2026-09-09T11:36:35Z,2026-09-15T22:40:35Z
65,0,124806729,5754317,13.6,476,,2026-09-12T07:18:28Z,2026-09-15T22:40:35Z
65,0,124938815,5653684,13.7,2246,,2026-09-14T18:54:19Z,2026-09-15T22:40:35Z
65,0,124840051,4962643,13.9,10000,,2026-09-12T22:05:43Z,2026-09-15T22:40:35Z
65,0,124614487,5777473,14.5,10,,2026-09-08T14:25:11Z,2026-09-15T22:40:35Z
65,0,124776016,5392851,15.0,300,,2026-09-11T16:00:28Z,2026-09-15T22:40:35Z
65,0,124986534,5837217,15.0,500,,2026-09-15T16:48:45Z,2026-09-15T22:40:35Z
65,1,124993423,5674940,12.9,8817,,2026-09-15T19:23:19Z,2026-09-15T22:40:35Z
65,1,124658942,5613088,14.0,5005,,2026-09-09T11:21:20Z,2026-09-15T22:40:35Z
65,2,125000663,5536656,12.9,51755,,2026-09-15T22:26:51Z,2026-09-15T22:40:35Z
65,2,124976538,1237534,13.1,741,,2026-09-15T12:52:46Z,2026-09-15T22:40:35Z
65,2,124924241,5651853,13.4,110309,,2026-09-14T13:28:34Z,2026-09-15T22:40:35Z
65,2,124890167,5651853,13.5,41433,,2026-09-13T21:00:13Z,2026-09-15T22:40:35Z
65,2,124906278,5535162,13.5,10000,,2026-09-14T05:25:33Z,2026-09-15T22:40:35Z
65,2,124912008,5670013,13.5,21961,,2026-09-14T08:04:42Z,2026-09-15T22:40:35Z
65,2,124951817,3426657,13.5,10000,,2026-09-15T00:59:47Z,2026-09-15T22:40:35Z
65,2,124814129,5651853,13.6,47144,,2026-09-12T10:46:01Z,2026-09-15T22:40:35Z
65,2,124840146,5670013,13.6,23561,,2026-09-12T22:08:26Z,2026-09-15T22:40:35Z
65,2,124610450,5651853,13.7,21360,,2026-09-08T12:45:46Z,2026-09-15T22:40:35Z
65,2,124907435,4132403,14.0,176140,,2026-09-14T05:56:52Z,2026-09-15T22:40:35Z
65,2,124972538,5315213,14.0,5733,,2026-09-15T11:08:18Z,2026-09-15T22:40:35Z
65,3,125000070,5519113,13.0,9508,,2026-09-15T22:08:22Z,2026-09-15T22:40:35Z
65,3,124984511,1421989,13.1,36324,,2026-09-15T16:02:12Z,2026-09-15T22:40:35Z
65,3,124976627,5587191,13.4,33651,,2026-09-15T12:55:00Z,2026-09-15T22:40:35Z
65,3,124969878,3719011,13.5,4859461,,2026-09-15T09:57:05Z,2026-09-15T22:40:35Z
65,3,124917500,1726151,13.6,110031,,2026-09-14T10:40:34Z,2026-09-15T22:40:35Z
65,3,124993804,3839184,13.7,920,,2026-09-15T19:32:25Z,2026-09-15T22:40:35Z
65,3,124723561,5465641,13.8,8000,,2026-09-10T15:57:55Z,2026-09-15T22:40:35Z
65,4,124926144,238170,13.6,13413,,2026-09-14T14:08:17Z,2026-09-15T22:40:35Z
65,4,124827977,1741021,13.7,584362,,2026-09-12T16:49:07Z,2026-09-15T22:40:35Z
65,4,124810739,5622325,13.8,8087,,2026-09-12T09:08:49Z,2026-09-15T22:40:35Z
65,4,124905655,3937938,13.8,100000,,2026-09-14T05:12:13Z,2026-09-15T22:40:35Z
65,4,124996139,672769,14.1,18657,,2026-09-15T20:24:26Z,2026-09-15T22:40:35Z
65,4,124615248,4400688,14.2,50000,,2026-09-08T14:43:05Z,2026-09-15T22:40:35Z
65,4,124855469,672769,14.2,157843,,2026-09-13T06:47:36Z,2026-09-15T22:40:35Z
65,4,124756942,672769,14.3,108000,,2026-09-11T07:50:38Z,2026-09-15T22:40:35Z
65,4,124957223,4449202,14.5,11087,,2026-09-15T03:57:30Z,2026-09-15T22:40:35Z
65,5,124986968,5723958,14.1,9700,,2026-09-15T16:59:37Z,2026-09-15T22:40:35Z
65,5,124970177,1605436,14.2,363000,,2026-09-15T10:05:27Z,2026-09-15T22:40:35Z
65,5,124794980,3780950,14.3,150464,,2026-09-12T01:03:52Z,2026-09-15T22:40:35Z
65,6,124975811,1106171,14.2,22434,,2026-09-15T12:33:45Z,2026-09-15T22:40:35Z
65,6,124800213,2579447,14.3,1437162,,2026-09-12T04:20:07Z,2026-09-15T22:40:35Z
65,6,124660970,1106171,14.4,37892,,2026-09-09T12:14:02Z,2026-09-15T22:40:35Z
65,7,124817997,4400688,14.6,8220,,2026-09-12T12:34:27Z,2026-09-15T22:40:35Z
65,7,124880650,4257195,14.7,50000,,2026-09-13T17:18:20Z,2026-09-15T22:40:35Z
65,7,124802059,372657,14.9,40976,,2026-09-12T05:19:22Z,2026-09-15T22:40:35Z
65,7,124691936,372657,15.1,10000,,2026-09-10T02:02:20Z,2026-09-15T22:40:35Z
65,8,124890497,372657,15.1,5000,,2026-09-13T21:08:27Z,2026-09-15T22:40:35Z
65,8,124802050,372657,15.4,999,,2026-09-12T05:19:14Z,2026-09-15T22:40:35Z
65,9,124848644,372657,15.3,50000,,2026-09-13T03:20:14Z,2026-09-15T22:40:35Z
65,9,124802045,372657,15.5,999,,2026-09-12T05:19:04Z,2026-09-15T22:40:35Z
65,10,124848641,372657,15.4,50000,,2026-09-13T03:20:06Z,2026-09-15T22:40:35Z
65,11,124848636,372657,15.5,48318,,2026-09-13T03:19:58Z,2026-09-15T22:40:35Z
65,12,124811209,4574637,15.7,18810,,2026-09-12T09:22:35Z,2026-09-15T22:40:35Z
66,0,124988649,5715220,0.269,195117,,2026-09-15T17:38:58Z,2026-09-15T22:40:20Z
66,0,124988683,5830183,0.269,33024,,2026-09-15T17:39:39Z,2026-09-15T22:40:20Z
66,0,124988620,5731023,0.27,40000,,2026-09-15T17:38:24Z,2026-09-15T22:40:20Z
66,0,124988782,5825752,0.27,45615,,2026-09-15T17:41:19Z,2026-09-15T22:40:20Z
66,0,124990069,5835421,0.27,2000,,2026-09-15T18:09:40Z,2026-09-15T22:40:20Z
66,0,124993790,5299289,0.27,5419798,,2026-09-15T19:32:12Z,2026-09-15T22:40:20Z
66,0,124993877,5802162,0.27,40000,,2026-09-15T19:34:08Z,2026-09-15T22:40:20Z
66,0,124988560,5818529,0.272,8687,,2026-09-15T17:36:58Z,2026-09-15T22:40:20Z
66,0,124998649,5576060,0.274,50000,,2026-09-15T21:28:31Z,2026-09-15T22:40:20Z
66,0,124988272,4305094,0.275,5284,,2026-09-15T17:30:28Z,2026-09-15T22:40:20Z
66,0,124988256,5828020,0.276,1133,,2026-09-15T17:30:17Z,2026-09-15T22:40:20Z
66,0,124988169,5763779,0.277,284386,,2026-09-15T17:28:27Z,2026-09-15T22:40:20Z
66,0,124987853,5797928,0.278,40328,,2026-09-15T17:20:36Z,2026-09-15T22:40:20Z
66,0,124987635,5821166,0.279,25415,,2026-09-15T17:15:39Z,2026-09-15T22:40:20Z
66,0,124988177,5722725,0.279,117214,,2026-09-15T17:28:33Z,2026-09-15T22:40:20Z
66,0,124988217,5833820,0.279,10000,,2026-09-15T17:29:19Z,2026-09-15T22:40:20Z
66,0,124993902,5724139,0.279,100100,,2026-09-15T19:34:40Z,2026-09-15T22:40:20Z
66,0,124935405,5715220,0.28,203751,,2026-09-14T17:38:26Z,2026-09-15T22:40:20Z
66,0,124982368,5763188,0.28,300000,,2026-09-15T15:12:17Z,2026-09-15T22:40:20Z
66,0,124989631,5823412,0.28,8896,,2026-09-15T18:00:40Z,2026-09-15T22:40:20Z
66,0,124935386,5806299,0.281,5326,,2026-09-14T17:37:47Z,2026-09-15T22:40:20Z
66,0,124935745,5023153,0.281,147642,,2026-09-14T17:47:18Z,2026-09-15T22:40:20Z
66,0,124957324,5821326,0.281,6013,,2026-09-15T04:00:24Z,2026-09-15T22:40:20Z
66,0,124965255,5834977,0.281,7699,,2026-09-15T07:38:06Z,2026-09-15T22:40:20Z
66,0,124979102,5765159,0.281,20000,,2026-09-15T13:53:01Z,2026-09-15T22:40:20Z
66,0,124982248,5809478,0.281,9036,,2026-09-15T15:09:38Z,2026-09-15T22:40:20Z
66,0,124987557,5534097,0.281,50000,,2026-09-15T17:13:59Z,2026-09-15T22:40:20Z
66,0,124879908,3958416,0.283,35367131,,2026-09-13T17:00:42Z,2026-09-15T22:40:20Z
66,0,124963962,5825766,0.283,372,,2026-09-15T07:01:45Z,2026-09-15T22:40:20Z
66,0,124622230,5588676,0.284,5286568,,2026-09-08T17:28:53Z,2026-09-15T22:40:20Z
66,0,124755358,5828136,0.284,1119,,2026-09-11T07:03:48Z,2026-09-15T22:40:20Z
66,0,124864031,5831561,0.284,30261,,2026-09-13T10:41:34Z,2026-09-15T22:40:20Z
66,0,124947243,5836245,0.284,45,,2026-09-14T22:19:18Z,2026-09-15T22:40:20Z
66,0,124988324,5829034,0.284,62,,2026-09-15T17:31:12Z,2026-09-15T22:40:20Z
66,0,124609797,5817433,0.285,25001,,2026-09-08T12:29:03Z,2026-09-15T22:40:20Z
66,0,124706298,5826110,0.285,115,,2026-09-10T08:42:45Z,2026-09-15T22:40:20Z
66,0,124748621,5800373,0.285,10357,,2026-09-11T03:59:43Z,2026-09-15T22:40:20Z
66,0,124765612,5816229,0.285,13000,,2026-09-11T11:45:43Z,2026-09-15T22:40:20Z
66,0,124901146,5716770,0.285,50000,,2026-09-14T03:02:04Z,2026-09-15T22:40:20Z
66,0,124907173,5825760,0.285,17026,,2026-09-14T05:48:56Z,2026-09-15T22:40:20Z
66,0,124976095,5834911,0.285,20000,,2026-09-15T12:41:10Z,2026-09-15T22:40:20Z
66,0,124766248,3898758,0.286,15390,,2026-09-11T12:02:50Z,2026-09-15T22:40:20Z
66,0,124769989,5828136,0.286,1000,,2026-09-11T13:38:14Z,2026-09-15T22:40:20Z
66,0,124924702,5834289,0.286,2709,,2026-09-14T13:38:09Z,2026-09-15T22:40:20Z
66,0,124753228,5824006,0.287,2814,,2026-09-11T06:05:54Z,2026-09-15T22:40:20Z
66,0,124739379,5800373,0.288,4000,,2026-09-10T22:33:27Z,2026-09-15T22:40:20Z
66,0,124746774,5824006,0.289,4712,,2026-09-11T02:56:58Z,2026-09-15T22:40:20Z
66,0,124919831,5835217,0.289,209,,2026-09-14T11:38:40Z,2026-09-15T22:40:20Z
66,0,124942038,5825103,0.289,135,,2026-09-14T20:04:00Z,2026-09-15T22:40:20Z
66,0,124607075,5621826,0.29,33327,,2026-09-08T11:11:35Z,2026-09-15T22:40:20Z
66,0,124698112,5825766,0.29,769,,2026-09-10T05:08:11Z,2026-09-15T22:40:20Z
66,0,124701404,5825906,0.29,55,,2026-09-10T06:31:25Z,2026-09-15T22:40:20Z
66,0,124702418,5825897,0.29,1000,,2026-09-10T06:56:27Z,2026-09-15T22:40:20Z
66,0,124731650,5827281,0.29,15,,2026-09-10T19:17:14Z,2026-09-15T22:40:20Z
66,0,124739624,5819864,0.29,5445,,2026-09-10T22:41:48Z,2026-09-15T22:40:20Z
66,0,124752604,5827877,0.29,5000,,2026-09-11T05:47:50Z,2026-09-15T22:40:20Z
66,0,124769551,5828136,0.29,1000,,2026-09-11T13:27:05Z,2026-09-15T22:40:20Z
66,0,124793918,5829892,0.29,50,,2026-09-12T00:22:05Z,2026-09-15T22:40:20Z
66,0,124871436,5833195,0.29,494,,2026-09-13T13:44:32Z,2026-09-15T22:40:20Z
66,0,124901098,5823412,0.29,100,,2026-09-14T03:00:52Z,2026-09-15T22:40:20Z
66,0,124912486,5721010,0.29,200,,2026-09-14T08:19:14Z,2026-09-15T22:40:20Z
66,0,124957628,5836248,0.29,1483,,2026-09-15T04:09:39Z,2026-09-15T22:40:20Z
66,0,124977170,5837465,0.29,65,,2026-09-15T13:09:18Z,2026-09-15T22:40:20Z
66,0,124761823,5828325,0.291,56,,2026-09-11T10:10:06Z,2026-09-15T22:40:20Z
66,0,124896195,5833563,0.291,1000,,2026-09-14T00:15:10Z,2026-09-15T22:40:20Z
66,0,124769291,5828136,0.293,5000,,2026-09-11T13:21:06Z,2026-09-15T22:40:20Z
66,0,124833560,5716770,0.293,50000,,2026-09-12T19:13:39Z,2026-09-15T22:40:20Z
66,0,124871047,5716652,0.293,294888,,2026-09-13T13:33:52Z,2026-09-15T22:40:20Z
66,0,124911707,5834851,0.295,50,,2026-09-14T07:54:33Z,2026-09-15T22:40:20Z
66,0,124983033,5824145,0.295,2000,,2026-09-15T15:26:57Z,2026-09-15T22:40:20Z
66,0,124992329,5838089,0.295,45,,2026-09-15T18:59:42Z,2026-09-15T22:40:20Z
66,0,124648813,5823580,0.296,115,,2026-09-09T06:26:35Z,2026-09-15T22:40:20Z
66,0,124633644,5821823,0.297,250,,2026-09-08T22:11:53Z,2026-09-15T22:40:20Z
66,0,124893910,5823412,0.298,100,,2026-09-13T22:54:03Z,2026-09-15T22:40:20Z
66,0,124969760,5835267,0.298,2835,,2026-09-15T09:53:14Z,2026-09-15T22:40:20Z
66,0,124634365,5821823,0.299,400,,2026-09-08T22:39:03Z,2026-09-15T22:40:20Z
66,0,124716862,5812484,0.299,9293,,2026-09-10T13:20:25Z,2026-09-15T22:40:20Z
66,0,124755294,5828164,0.299,265,,2026-09-11T07:02:00Z,2026-09-15T22:40:20Z
66,0,124880261,5823412,0.299,500,,2026-09-13T17:08:36Z,2026-09-15T22:40:20Z
66,0,124998249,5831509,0.299,22000,,2026-09-15T21:17:11Z,2026-09-15T22:40:20Z
66,0,124412918,5812446,0.3,2000,,2026-09-04T15:04:59Z,2026-09-15T22:40:20Z
66,0,124565665,5819952,0.3,2660,,2026-09-07T15:40:10Z,2026-09-15T22:40:20Z
66,0,124570473,5772936,0.3,5000,,2026-09-07T17:31:56Z,2026-09-15T22:40:20Z
66,0,124597449,5821300,0.3,5056,,2026-09-08T06:32:47Z,2026-09-15T22:40:20Z
66,0,124605070,5821429,0.3,4000,,2026-09-08T10:16:05Z,2026-09-15T22:40:20Z
66,0,124605723,5821630,0.3,1570,,2026-09-08T10:32:10Z,2026-09-15T22:40:20Z
66,0,124612092,5821986,0.3,67,,2026-09-08T13:27:48Z,2026-09-15T22:40:20Z
66,0,124627378,5822681,0.3,115,,2026-09-08T19:29:53Z,2026-09-15T22:40:20Z
66,0,124627948,5822728,0.3,60,,2026-09-08T19:40:59Z,2026-09-15T22:40:20Z
66,0,124634727,5559999,0.3,3142,,2026-09-08T22:51:57Z,2026-09-15T22:40:20Z
66,0,124654003,5823766,0.3,115,,2026-09-09T08:59:03Z,2026-09-15T22:40:20Z
66,0,124656429,5823850,0.3,115,,2026-09-09T10:11:26Z,2026-09-15T22:40:20Z
66,0,124670604,5824549,0.3,1828,,2026-09-09T16:02:07Z,2026-09-15T22:40:20Z
66,0,124672426,5641351,0.3,40,,2026-09-09T16:48:07Z,2026-09-15T22:40:20Z
66,0,124680155,5825028,0.3,75,,2026-09-09T19:54:15Z,2026-09-15T22:40:20Z
66,0,124683985,5825203,0.3,115,,2026-09-09T21:25:26Z,2026-09-15T22:40:20Z
66,0,124688655,5809438,0.3,24774,,2026-09-10T00:01:42Z,2026-09-15T22:40:20Z
66,0,124689889,5823412,0.3,2966,,2026-09-10T00:46:42Z,2026-09-15T22:40:20Z
66,0,124690227,5825448,0.3,103,,2026-09-10T00:59:55Z,2026-09-15T22:40:20Z
66,0,124696172,5825677,0.3,40,,2026-09-10T04:17:25Z,2026-09-15T22:40:20Z
66,0,124701518,5825839,0.3,38,,2026-09-10T06:34:00Z,2026-09-15T22:40:20Z
66,0,124702182,5825879,0.3,69,,2026-09-10T06:51:30Z,2026-09-15T22:40:20Z
66,0,124703392,5825902,0.3,5101,,2026-09-10T07:24:05Z,2026-09-15T22:40:20Z
66,0,124705493,5825695,0.3,115,,2026-09-10T08:22:01Z,2026-09-15T22:40:20Z
66,0,124709391,5762679,0.3,24000,,2026-09-10T10:10:12Z,2026-09-15T22:40:20Z
66,0,124711812,5826350,0.3,1040,,2026-09-10T11:18:50Z,2026-09-15T22:40:20Z
66,0,124713210,5825694,0.3,40,,2026-09-10T11:55:00Z,2026-09-15T22:40:20Z
66,0,124714226,5823786,0.3,5330,,2026-09-10T12:21:09Z,2026-09-15T22:40:20Z
66,0,124714890,5826489,0.3,115,,2026-09-10T12:34:50Z,2026-09-15T22:40:20Z
66,0,124724002,5826889,0.3,115,,2026-09-10T16:07:35Z,2026-09-15T22:40:20Z
66,0,124725344,5826953,0.3,105,,2026-09-10T16:41:41Z,2026-09-15T22:40:20Z
66,0,124726944,5826924,0.3,20,,2026-09-10T17:23:04Z,2026-09-15T22:40:20Z
66,0,124732341,5827321,0.3,115,,2026-09-10T19:33:18Z,2026-09-15T22:40:20Z
66,0,124740100,5827590,0.3,115,,2026-09-10T22:57:05Z,2026-09-15T22:40:20Z
66,0,124752962,5828094,0.3,45,,2026-09-11T05:56:58Z,2026-09-15T22:40:20Z
66,0,124754087,5828135,0.3,19852,,2026-09-11T06:30:32Z,2026-09-15T22:40:20Z
66,0,124754339,5828161,0.3,900,,2026-09-11T06:37:14Z,2026-09-15T22:40:20Z
66,0,124755251,5828206,0.3,115,,2026-09-11T07:01:11Z,2026-09-15T22:40:20Z
66,0,124755438,5828191,0.3,85,,2026-09-11T07:05:41Z,2026-09-15T22:40:20Z
66,0,124755843,5828231,0.3,20,,2026-09-11T07:17:08Z,2026-09-15T22:40:20Z
66,0,124756605,5827911,0.3,4229,,2026-09-11T07:40:22Z,2026-09-15T22:40:20Z
66,0,124756772,5828136,0.3,1626,,2026-09-11T07:45:55Z,2026-09-15T22:40:20Z
66,0,124762477,5826485,0.3,2000,,2026-09-11T10:25:59Z,2026-09-15T22:40:20Z
66,0,124763096,5721010,0.3,20,,2026-09-11T10:42:17Z,2026-09-15T22:40:20Z
66,0,124763708,5827211,0.3,5000,,2026-09-11T10:58:16Z,2026-09-15T22:40:20Z
66,0,124771761,5828814,0.3,90,,2026-09-11T14:23:35Z,2026-09-15T22:40:20Z
66,0,124783717,5829464,0.3,115,,2026-09-11T19:15:12Z,2026-09-15T22:40:20Z
66,0,124813288,5647677,0.3,6162,,2026-09-12T10:22:10Z,2026-09-15T22:40:20Z
66,0,124824379,5831176,0.3,34553,,2026-09-12T15:17:44Z,2026-09-15T22:40:20Z
66,0,124828312,5831237,0.3,129,,2026-09-12T16:56:19Z,2026-09-15T22:40:20Z
66,0,124835676,5830959,0.3,3093,,2026-09-12T20:08:53Z,2026-09-15T22:40:20Z
66,0,124859136,5822637,0.3,6543,,2026-09-13T08:22:41Z,2026-09-15T22:40:20Z
66,0,124859330,5832725,0.3,115,,2026-09-13T08:27:45Z,2026-09-15T22:40:20Z
66,0,124864104,5419774,0.3,23849,,2026-09-13T10:43:58Z,2026-09-15T22:40:20Z
66,0,124873030,5832047,0.3,3623,,2026-09-13T14:21:53Z,2026-09-15T22:40:20Z
66,0,124879534,5828159,0.3,4180,,2026-09-13T17:20:08Z,2026-09-15T22:40:20Z
66,0,124905024,5834272,0.3,21355,,2026-09-14T04:56:27Z,2026-09-15T22:40:20Z
66,0,124909132,5834777,0.3,115,,2026-09-14T06:41:56Z,2026-09-15T22:40:20Z
66,0,124917929,5828188,0.3,9073,,2026-09-14T10:50:50Z,2026-09-15T22:40:20Z
66,0,124923817,5826937,0.3,1000,,2026-09-14T13:12:31Z,2026-09-15T22:40:20Z
66,0,124924542,5812915,0.3,81769,,2026-09-14T13:34:34Z,2026-09-15T22:40:20Z
66,0,124933312,5835821,0.3,50,,2026-09-14T16:49:28Z,2026-09-15T22:40:20Z
66,0,124940785,5836147,0.3,60,,2026-09-14T19:36:31Z,2026-09-15T22:40:20Z
66,0,124951545,5835225,0.3,2440,,2026-09-15T00:51:33Z,2026-09-15T22:40:20Z
66,0,124952261,5836562,0.3,50,,2026-09-15T01:15:39Z,2026-09-15T22:40:20Z
66,0,124957661,5835788,0.3,2928,,2026-09-15T04:10:27Z,2026-09-15T22:40:20Z
66,0,124958027,5836739,0.3,1839,,2026-09-15T04:20:08Z,2026-09-15T22:40:20Z
66,0,124958118,5809919,0.3,5050,,2026-09-15T04:22:48Z,2026-09-15T22:40:20Z
66,0,124971854,5835389,0.3,10000,,2026-09-15T10:50:08Z,2026-09-15T22:40:20Z
66,0,124976935,5822312,0.3,1,,2026-09-15T13:03:06Z,2026-09-15T22:40:20Z
66,0,124981764,5835237,0.3,5440,,2026-09-15T14:58:26Z,2026-09-15T22:40:20Z
66,0,124984967,5837793,0.3,115,,2026-09-15T16:11:43Z,2026-09-15T22:40:20Z
66,0,124997693,5814867,0.3,37840,,2026-09-15T21:03:37Z,2026-09-15T22:40:20Z
66,0,124734756,5827361,0.301,300,,2026-09-10T20:30:25Z,2026-09-15T22:40:20Z
66,0,124794221,5829908,0.301,115,,2026-09-12T00:33:17Z,2026-09-15T22:40:20Z
66,0,124797134,5828011,0.301,22000,,2026-09-12T02:28:39Z,2026-09-15T22:40:20Z
66,0,124892573,5834192,0.302,792,,2026-09-13T22:08:45Z,2026-09-15T22:40:20Z
66,0,124954061,5759136,0.302,2990,,2026-09-15T02:12:27Z,2026-09-15T22:40:20Z
66,0,124958430,5821326,0.302,1059,,2026-09-15T04:32:45Z,2026-09-15T22:40:20Z
66,0,124960907,5836753,0.302,115,,2026-09-15T05:35:09Z,2026-09-15T22:40:20Z
66,0,124636921,5790355,0.303,14530,,2026-09-09T00:07:12Z,2026-09-15T22:40:20Z
66,0,124762242,5828036,0.304,47,,2026-09-11T10:20:31Z,2026-09-15T22:40:20Z
66,0,124817409,5830860,0.304,115,,2026-09-12T12:18:55Z,2026-09-15T22:40:20Z
66,0,124899216,5834481,0.306,618,,2026-09-14T01:57:48Z,2026-09-15T22:40:20Z
66,0,124969290,5837162,0.306,115,,2026-09-15T09:40:05Z,2026-09-15T22:40:20Z
66,0,124696175,5825694,0.307,100,,2026-09-10T04:17:31Z,2026-09-15T22:40:20Z
66,0,124844980,5832176,0.307,115,,2026-09-13T01:01:38Z,2026-09-15T22:40:20Z
66,0,124980751,5806774,0.307,20,,2026-09-15T14:33:58Z,2026-09-15T22:40:20Z
66,0,124634380,5821823,0.309,5000,,2026-09-08T22:39:33Z,2026-09-15T22:40:20Z
66,0,124818367,5828011,0.309,2000,,2026-09-12T12:43:23Z,2026-09-15T22:40:20Z
66,0,124764603,5828035,0.31,515,,2026-09-11T11:20:26Z,2026-09-15T22:40:20Z
66,0,124783415,5825879,0.31,1000,,2026-09-11T19:07:36Z,2026-09-15T22:40:20Z
66,0,124819729,5721010,0.31,200,,2026-09-12T13:20:28Z,2026-09-15T22:40:20Z
66,0,124687995,5825364,0.312,1115,,2026-09-09T23:36:35Z,2026-09-15T22:40:20Z
66,0,124990800,5818233,0.312,3466,,2026-09-15T18:27:17Z,2026-09-15T22:40:20Z
66,0,124822729,5820237,0.313,2000,,2026-09-12T14:35:58Z,2026-09-15T22:40:20Z
66,0,124679891,5825023,0.314,470,,2026-09-09T19:47:32Z,2026-09-15T22:40:20Z
66,0,124746501,5825839,0.314,1000,,2026-09-11T02:45:33Z,2026-09-15T22:40:20Z
66,0,124667079,5824188,0.315,115,,2026-09-09T14:39:50Z,2026-09-15T22:40:20Z
66,0,124765687,5717005,0.316,20200,,2026-09-11T11:47:16Z,2026-09-15T22:40:20Z
66,0,124791465,5692409,0.32,1133,,2026-09-11T22:53:19Z,2026-09-15T22:40:20Z
66,0,124937164,5823412,0.32,1200,,2026-09-14T18:17:58Z,2026-09-15T22:40:20Z
66,0,124667268,5763166,0.324,1000,,2026-09-09T14:44:41Z,2026-09-15T22:40:20Z
66,0,124980664,5806774,0.326,12525,,2026-09-15T14:31:46Z,2026-09-15T22:40:20Z
66,0,124633000,5817457,0.33,517,,2026-09-08T21:52:24Z,2026-09-15T22:40:20Z
66,0,124638450,5763166,0.333,2000,,2026-09-09T01:01:55Z,2026-09-15T22:40:20Z
66,0,124638257,5756960,0.34,20000,,2026-09-09T00:55:07Z,2026-09-15T22:40:20Z
66,0,124666889,5721010,0.34,20,,2026-09-09T14:35:28Z,2026-09-15T22:40:20Z
66,0,124626064,5808707,0.345,1226,,2026-09-08T18:59:58Z,2026-09-15T22:40:20Z
66,0,124670357,5763166,0.35,800,,2026-09-09T15:55:37Z,2026-09-15T22:40:20Z
66,0,124835031,5620738,0.35,41449,,2026-09-12T19:52:04Z,2026-09-15T22:40:20Z
66,0,124859133,5812704,0.35,247,,2026-09-13T08:22:36Z,2026-09-15T22:40:20Z
66,0,124876468,5809560,0.35,1500,,2026-09-13T15:40:58Z,2026-09-15T22:40:20Z
66,0,124951672,5823412,0.35,100,,2026-09-15T00:54:56Z,2026-09-15T22:40:20Z
66,0,124952884,5834039,0.35,8000,,2026-09-15T01:33:41Z,2026-09-15T22:40:20Z
66,0,124930648,5820237,0.352,1801,,2026-09-14T15:50:08Z,2026-09-15T22:40:20Z
66,0,124729913,5772936,0.354,1000,,2026-09-10T18:36:08Z,2026-09-15T22:40:20Z
66,0,125000782,2001899,0.45,4000000,,2026-09-15T22:30:33Z,2026-09-15T22:40:20Z
66,1,125001059,5800373,0.268,2060,,2026-09-15T22:39:33Z,2026-09-15T22:40:20Z
66,1,124996586,5596865,0.269,1616015,-107008.0,2026-09-15T20:34:31Z,2026-09-15T22:40:20Z
66,1,124996194,5661280,0.27,117903,,2026-09-15T20:26:00Z,2026-09-15T22:40:20Z
66,1,124996109,3950749,0.271,199643,,2026-09-15T20:23:33Z,2026-09-15T22:40:20Z
66,1,124996205,5092654,0.275,1351901,,2026-09-15T20:26:15Z,2026-09-15T22:40:20Z
66,1,124995547,5798812,0.277,58184,,2026-09-15T20:11:20Z,2026-09-15T22:40:20Z
66,1,124995491,725571,0.278,224788,,2026-09-15T20:09:52Z,2026-09-15T22:40:20Z
66,1,124995050,5699853,0.279,770313,,2026-09-15T20:00:41Z,2026-09-15T22:40:20Z
66,1,124987649,5633618,0.29,156503,,2026-09-15T17:15:57Z,2026-09-15T22:40:20Z
66,1,124987549,5801707,0.291,53459,,2026-09-15T17:13:49Z,2026-09-15T22:40:20Z
66,1,124986900,5807911,0.292,34516,,2026-09-15T16:57:55Z,2026-09-15T22:40:20Z
66,1,124986528,5376800,0.293,10000000,,2026-09-15T16:48:34Z,2026-09-15T22:40:20Z
66,1,124986585,5376800,0.294,10000,,2026-09-15T16:49:50Z,2026-09-15T22:40:20Z
66,1,124986579,5376800,0.295,10000,,2026-09-15T16:49:39Z,2026-09-15T22:40:20Z
66,1,124984691,5386729,0.296,84156,,2026-09-15T16:05:50Z,2026-09-15T22:40:20Z
66,1,124983502,4523139,0.297,163150,,2026-09-15T15:37:16Z,2026-09-15T22:40:20Z
66,1,124724607,5416008,0.298,192124,,2026-09-10T16:22:15Z,2026-09-15T22:40:20Z
66,1,124724462,4523139,0.299,153629,,2026-09-10T16:18:58Z,2026-09-15T22:40:20Z
66,1,124981520,5800373,0.3,2797,,2026-09-15T14:53:16Z,2026-09-15T22:40:20Z
66,1,124721845,5670174,0.314,32346,,2026-09-10T15:18:03Z,2026-09-15T22:40:20Z
66,1,124721623,5596865,0.331,212932,,2026-09-10T15:11:48Z,2026-09-15T22:40:20Z
66,1,124794056,5699226,0.331,139018,,2026-09-12T00:27:55Z,2026-09-15T22:40:20Z
66,1,124712867,5496444,0.332,50000,,2026-09-10T11:46:08Z,2026-09-15T22:40:20Z
66,2,124999926,5696064,0.285,19594,,2026-09-15T22:04:56Z,2026-09-15T22:40:20Z
66,2,125000650,5792047,0.285,89855,,2026-09-15T22:26:29Z,2026-09-15T22:40:20Z
66,2,124999908,5627455,0.286,1081257,,2026-09-15T22:04:34Z,2026-09-15T22:40:20Z
66,2,124999601,5174826,0.287,825630,,2026-09-15T21:54:47Z,2026-09-15T22:40:20Z
66,2,124997405,4766565,0.288,72286,,2026-09-15T20:55:35Z,2026-09-15T22:40:20Z
66,2,124996461,3122051,0.289,173393,,2026-09-15T20:31:55Z,2026-09-15T22:40:20Z
66,2,124996381,5351239,0.29,70128,,2026-09-15T20:30:25Z,2026-09-15T22:40:20Z
66,2,124994011,5353699,0.291,60760,,2026-09-15T19:36:39Z,2026-09-15T22:40:20Z
66,2,124993533,5153910,0.292,200000,,2026-09-15T19:26:15Z,2026-09-15T22:40:20Z
66,2,124991113,5415795,0.293,294868,,2026-09-15T18:33:36Z,2026-09-15T22:40:20Z
66,2,124989489,5741123,0.294,134741,,2026-09-15T17:57:23Z,2026-09-15T22:40:20Z
66,2,124987780,5730432,0.295,266505,,2026-09-15T17:18:54Z,2026-09-15T22:40:20Z
66,2,124989395,3084668,0.295,715930,,2026-09-15T17:55:31Z,2026-09-15T22:40:20Z
66,2,124987455,5013285,0.296,684193,,2026-09-15T17:11:32Z,2026-09-15T22:40:20Z
66,2,124985096,5703238,0.297,1008737,,2026-09-15T16:15:30Z,2026-09-15T22:40:20Z
66,2,124987135,3035897,0.297,1000000,,2026-09-15T17:04:01Z,2026-09-15T22:40:20Z
66,2,124984231,5418118,0.298,200000,,2026-09-15T15:55:03Z,2026-09-15T22:40:20Z
66,2,124984675,5635338,0.298,65000,,2026-09-15T16:05:38Z,2026-09-15T22:40:20Z
66,2,124982480,4412065,0.299,1059286,,2026-09-15T15:14:37Z,2026-09-15T22:40:20Z
66,2,124871968,5153562,0.3,271002,,2026-09-13T18:39:40Z,2026-09-15T22:40:20Z
66,2,124790883,5451930,0.301,108501,,2026-09-11T22:32:24Z,2026-09-15T22:40:20Z
66,2,124789276,5415795,0.302,80532,,2026-09-11T21:42:37Z,2026-09-15T22:40:20Z
66,2,124855607,5153562,0.302,452391,,2026-09-13T06:50:39Z,2026-09-15T22:40:20Z
66,2,124759518,5455077,0.303,300000,,2026-09-11T09:07:55Z,2026-09-15T22:40:20Z
66,2,124758410,5451930,0.308,33455,,2026-09-11T08:35:19Z,2026-09-15T22:40:20Z
66,2,124758364,5799620,0.309,4308,,2026-09-11T08:33:29Z,2026-09-15T22:40:20Z
66,2,124898239,4294922,0.311,40000,,2026-09-14T01:23:59Z,2026-09-15T22:40:20Z
66,2,124772120,5153562,0.312,378006,,2026-09-11T14:32:53Z,2026-09-15T22:40:20Z
66,2,124898543,4294922,0.312,30000,,2026-09-14T01:32:32Z,2026-09-15T22:40:20Z
66,2,124755418,5067588,0.316,27965,,2026-09-11T07:05:12Z,2026-09-15T22:40:20Z
66,2,124948983,4294922,0.317,2000,,2026-09-14T23:17:58Z,2026-09-15T22:40:20Z
66,2,124754658,4737198,0.318,73546,,2026-09-11T06:45:39Z,2026-09-15T22:40:20Z
66,2,124728655,2644339,0.319,7467252,,2026-09-10T18:06:49Z,2026-09-15T22:40:20Z
66,2,124726940,3647838,0.32,95813,,2026-09-10T17:22:58Z,2026-09-15T22:40:20Z
66,2,124726798,3103193,0.328,227855,,2026-09-10T17:18:42Z,2026-09-15T22:40:20Z
66,2,124843953,4792276,0.33,380260,,2026-09-13T00:21:48Z,2026-09-15T22:40:20Z
66,2,124725620,4027993,0.331,3164027,,2026-09-10T16:47:47Z,2026-09-15T22:40:20Z
66,2,124722819,5627455,0.332,341887,,2026-09-10T15:39:56Z,2026-09-15T22:40:20Z
66,2,124719423,5094325,0.333,1962292,,2026-09-10T14:18:39Z,2026-09-15T22:40:20Z
66,2,124723752,4499345,0.334,547896,,2026-09-10T16:02:06Z,2026-09-15T22:40:20Z
66,2,124731895,4792276,0.334,158214,,2026-09-10T19:22:23Z,2026-09-15T22:40:20Z
66,2,124712693,743219,0.335,23340,,2026-09-10T11:40:24Z,2026-09-15T22:40:20Z
66,2,124723780,4499345,0.335,613526,,2026-09-10T16:03:01Z,2026-09-15T22:40:20Z
66,2,124723808,4499345,0.336,385124,,2026-09-10T16:03:17Z,2026-09-15T22:40:20Z
66,2,124723816,4499345,0.338,1000000,,2026-09-10T16:03:28Z,2026-09-15T22:40:20Z
66,2,124712682,5746168,0.339,378231,,2026-09-10T11:40:13Z,2026-09-15T22:40:20Z
66,2,124712567,3647838,0.34,50000,,2026-09-10T11:36:53Z,2026-09-15T22:40:20Z
66,2,124711303,3122051,0.347,9088,,2026-09-10T11:05:24Z,2026-09-15T22:40:20Z
66,2,124712392,5741123,0.347,71542,,2026-09-10T11:32:12Z,2026-09-15T22:40:20Z
66,3,124934525,5467544,0.306,1462765,-107757.0,2026-09-14T17:18:29Z,2026-09-15T22:40:20Z
66,3,124934268,5376800,0.307,74576,,2026-09-14T17:11:39Z,2026-09-15T22:40:20Z
66,3,124905354,3625688,0.308,840315,,2026-09-14T05:05:08Z,2026-09-15T22:40:20Z
66,3,124915281,5376800,0.309,887392,,2026-09-14T09:42:09Z,2026-09-15T22:40:20Z
66,3,124903827,3250964,0.31,1339945,,2026-09-14T04:22:42Z,2026-09-15T22:40:20Z
66,3,124915267,5376800,0.31,500000,,2026-09-14T09:41:48Z,2026-09-15T22:40:20Z
66,3,124902532,5657466,0.311,44538,,2026-09-14T03:45:20Z,2026-09-15T22:40:20Z
66,3,124892662,910651,0.312,335807,,2026-09-13T22:11:31Z,2026-09-15T22:40:20Z
66,3,124832416,2334751,0.313,149542,,2026-09-12T18:43:48Z,2026-09-15T22:40:20Z
66,3,124891894,4371088,0.313,50000,,2026-09-13T21:49:18Z,2026-09-15T22:40:20Z
66,3,124831548,4894991,0.314,442760,,2026-09-12T18:22:28Z,2026-09-15T22:40:20Z
66,3,124809700,5652292,0.315,612121,,2026-09-12T08:39:27Z,2026-09-15T22:40:20Z
66,3,124891903,4371088,0.315,50000,,2026-09-13T21:49:29Z,2026-09-15T22:40:20Z
66,3,124809608,5376800,0.316,569992,,2026-09-12T08:37:09Z,2026-09-15T22:40:20Z
66,3,124809599,5376800,0.317,500000,,2026-09-12T08:36:59Z,2026-09-15T22:40:20Z
66,3,124891911,4371088,0.317,50000,,2026-09-13T21:49:47Z,2026-09-15T22:40:20Z
66,3,124807177,5467544,0.318,1642378,,2026-09-12T07:30:01Z,2026-09-15T22:40:20Z
66,3,124817378,3415064,0.32,920741,,2026-09-12T12:17:41Z,2026-09-15T22:40:20Z
66,3,124753946,3250964,0.321,2055567,,2026-09-11T06:26:36Z,2026-09-15T22:40:20Z
66,3,124753437,3802877,0.322,1072016,,2026-09-11T06:11:58Z,2026-09-15T22:40:20Z
66,3,124753405,2334751,0.323,138422,,2026-09-11T06:11:04Z,2026-09-15T22:40:20Z
66,3,124749702,5467544,0.324,929158,,2026-09-11T04:32:02Z,2026-09-15T22:40:20Z
66,3,124747617,5446842,0.325,34700,,2026-09-11T03:26:16Z,2026-09-15T22:40:20Z
66,3,124747267,3456495,0.328,492690,,2026-09-11T03:15:12Z,2026-09-15T22:40:20Z
66,3,124746242,5657466,0.329,144796,,2026-09-11T02:36:09Z,2026-09-15T22:40:20Z
66,3,124757144,2833742,0.329,2000000,,2026-09-11T07:57:44Z,2026-09-15T22:40:20Z
66,3,124743438,910651,0.331,314139,,2026-09-11T00:55:50Z,2026-09-15T22:40:20Z
66,3,124741440,4692495,0.333,4426,,2026-09-10T23:44:15Z,2026-09-15T22:40:20Z
66,3,124740874,5652292,0.334,264326,,2026-09-10T23:22:56Z,2026-09-15T22:40:20Z
66,3,124738377,4692495,0.336,193674,,2026-09-10T22:02:13Z,2026-09-15T22:40:20Z
66,3,124733313,1110790,0.34,145864,,2026-09-10T19:57:17Z,2026-09-15T22:40:20Z
66,3,124732488,4894991,0.341,376066,,2026-09-10T19:36:25Z,2026-09-15T22:40:20Z
66,3,124726377,5079377,0.344,6428821,,2026-09-10T17:08:12Z,2026-09-15T22:40:20Z
66,3,124724649,5467544,0.347,3614719,,2026-09-10T16:23:10Z,2026-09-15T22:40:20Z
66,3,124731921,4792276,0.36,100000,,2026-09-10T19:23:11Z,2026-09-15T22:40:20Z
66,3,124990032,571707,0.36,1144950,,2026-09-15T18:08:40Z,2026-09-15T22:40:20Z
66,3,124762903,3717865,0.367,3164600,,2026-09-11T10:37:09Z,2026-09-15T22:40:20Z
66,3,124718140,2886591,0.368,28765,,2026-09-10T13:49:36Z,2026-09-15T22:40:20Z
66,3,124710827,4862457,0.371,12300,,2026-09-10T10:51:14Z,2026-09-15T22:40:20Z
66,3,124619215,5328195,0.38,100,,2026-09-08T16:15:38Z,2026-09-15T22:40:20Z
66,3,124619234,5328195,0.381,100,,2026-09-08T16:16:22Z,2026-09-15T22:40:20Z
66,3,124619243,5328195,0.382,100,,2026-09-08T16:16:39Z,2026-09-15T22:40:20Z
66,3,124619255,5328195,0.383,100,,2026-09-08T16:16:52Z,2026-09-15T22:40:20Z
66,3,124619258,5328195,0.384,100,,2026-09-08T16:17:01Z,2026-09-15T22:40:20Z
66,3,124619263,5328195,0.385,100,,2026-09-08T16:17:10Z,2026-09-15T22:40:20Z
66,3,124619284,5328195,0.386,100,,2026-09-08T16:17:35Z,2026-09-15T22:40:20Z
66,3,124619365,5328195,0.387,100,,2026-09-08T16:19:17Z,2026-09-15T22:40:20Z
66,3,124619379,5328195,0.388,100,,2026-09-08T16:19:29Z,2026-09-15T22:40:20Z
66,3,124619389,5328195,0.389,100,,2026-09-08T16:19:39Z,2026-09-15T22:40:20Z
66,3,124619221,5328195,0.39,100,,2026-09-08T16:15:53Z,2026-09-15T22:40:20Z
66,3,124634455,4503080,0.39,634167,,2026-09-08T22:42:29Z,2026-09-15T22:40:20Z
66,4,125000009,3634572,0.327,250000,,2026-09-15T22:06:47Z,2026-09-15T22:40:20Z
66,4,124999328,2860874,0.328,300000,,2026-09-15T21:47:50Z,2026-09-15T22:40:20Z
66,4,124999309,3575457,0.33,150000,,2026-09-15T21:47:21Z,2026-09-15T22:40:20Z
66,4,124963525,3391447,0.331,128132,,2026-09-15T06:48:05Z,2026-09-15T22:40:20Z
66,4,124949013,4301927,0.333,168837,,2026-09-14T23:19:33Z,2026-09-15T22:40:20Z
66,4,124951754,3426657,0.333,100000,,2026-09-15T00:57:59Z,2026-09-15T22:40:20Z
66,4,124954337,3918629,0.333,444888,,2026-09-15T02:24:00Z,2026-09-15T22:40:20Z
66,4,124944561,2860874,0.335,300000,,2026-09-14T21:04:53Z,2026-09-15T22:40:20Z
66,4,124943748,4707005,0.336,610273,,2026-09-14T20:45:10Z,2026-09-15T22:40:20Z
66,4,124942189,4937946,0.337,2405175,,2026-09-14T20:07:16Z,2026-09-15T22:40:20Z
66,4,124940848,2572012,0.338,140047,,2026-09-14T19:37:47Z,2026-09-15T22:40:20Z
66,4,124938493,4894991,0.339,442760,,2026-09-14T18:46:19Z,2026-09-15T22:40:20Z
66,4,124934955,3456495,0.34,265606,,2026-09-14T17:28:21Z,2026-09-15T22:40:20Z
66,4,124933636,2572012,0.341,135268,,2026-09-14T16:56:49Z,2026-09-15T22:40:20Z
66,4,124935167,5355200,0.341,1333028,,2026-09-14T17:33:03Z,2026-09-15T22:40:20Z
66,4,124932957,3421604,0.342,522715,,2026-09-14T16:41:38Z,2026-09-15T22:40:20Z
66,4,124932319,5034226,0.343,118902,,2026-09-14T16:27:43Z,2026-09-15T22:40:20Z
66,4,124924918,3616875,0.344,102060,,2026-09-14T13:42:33Z,2026-09-15T22:40:20Z
66,4,124910010,4660300,0.345,10946270,,2026-09-14T07:06:00Z,2026-09-15T22:40:20Z
66,4,124909083,3391447,0.346,118900,,2026-09-14T06:40:11Z,2026-09-15T22:40:20Z
66,4,124924908,1963870,0.346,933258,,2026-09-14T13:42:05Z,2026-09-15T22:40:20Z
66,4,124908610,2860874,0.347,300000,,2026-09-14T06:27:24Z,2026-09-15T22:40:20Z
66,4,124901138,5034226,0.349,500000,,2026-09-14T03:01:48Z,2026-09-15T22:40:20Z
66,4,124899049,719841,0.356,1106460,,2026-09-14T01:51:44Z,2026-09-15T22:40:20Z
66,4,124893295,3575457,0.357,376271,,2026-09-13T22:32:50Z,2026-09-15T22:40:20Z
66,4,124753467,4301927,0.358,1094584,,2026-09-11T06:12:47Z,2026-09-15T22:40:20Z
66,4,124891973,3918629,0.358,444888,,2026-09-13T21:51:25Z,2026-09-15T22:40:20Z
66,4,124751462,4079668,0.363,12636,,2026-09-11T05:19:08Z,2026-09-15T22:40:20Z
66,4,124750726,3391447,0.364,1114517,,2026-09-11T05:00:39Z,2026-09-15T22:40:20Z
66,4,124664561,787634,0.4,32815320,,2026-09-09T13:42:10Z,2026-09-15T22:40:20Z
66,5,124982421,4738479,0.353,935603,,2026-09-15T15:13:28Z,2026-09-15T22:40:20Z
66,5,125000562,2287480,0.353,429168,,2026-09-15T22:23:40Z,2026-09-15T22:40:20Z
66,5,124973893,3702231,0.354,2047556,,2026-09-15T11:44:18Z,2026-09-15T22:40:20Z
66,5,124959487,4706303,0.355,4261862,,2026-09-15T04:59:22Z,2026-09-15T22:40:20Z
66,5,124961791,3322121,0.355,2932061,,2026-09-15T05:58:58Z,2026-09-15T22:40:20Z
66,5,124955845,2964684,0.356,25289,,2026-09-15T03:16:53Z,2026-09-15T22:40:20Z
66,5,124954901,4959470,0.357,3862815,,2026-09-15T02:43:40Z,2026-09-15T22:40:20Z
66,5,124929277,3702231,0.358,2544598,,2026-09-14T15:21:04Z,2026-09-15T22:40:20Z
66,5,124906790,4278886,0.359,2000000,,2026-09-14T05:39:06Z,2026-09-15T22:40:20Z
66,5,124753035,649747,0.36,446022,,2026-09-11T05:59:29Z,2026-09-15T22:40:20Z
66,5,124893633,2287480,0.36,1570413,,2026-09-13T22:45:10Z,2026-09-15T22:40:20Z
66,5,124840152,4278886,0.363,1100000,,2026-09-12T22:08:42Z,2026-09-15T22:40:20Z
66,5,124749996,3702231,0.365,1302966,,2026-09-11T04:39:24Z,2026-09-15T22:40:20Z
66,5,124737769,4922418,0.371,855268,,2026-09-10T21:43:42Z,2026-09-15T22:40:20Z
66,5,124727653,3702231,0.372,1027540,,2026-09-10T17:42:20Z,2026-09-15T22:40:20Z
66,5,124724147,5147847,0.373,361446,,2026-09-10T16:12:03Z,2026-09-15T22:40:20Z
66,5,124726186,4278886,0.383,800000,,2026-09-10T17:02:46Z,2026-09-15T22:40:20Z
66,5,124714520,3702231,0.384,567313,,2026-09-10T12:28:31Z,2026-09-15T22:40:20Z
66,5,124860080,3381104,0.392,143,,2026-09-13T08:47:31Z,2026-09-15T22:40:20Z
66,5,123824697,4278886,0.396,1100000,,2026-09-04T06:36:32Z,2026-09-15T22:40:20Z
66,6,124915917,1368043,0.377,3105653,,2026-09-14T10:00:49Z,2026-09-15T22:40:20Z
66,6,124762222,1368043,0.378,3987438,,2026-09-11T10:19:41Z,2026-09-15T22:40:20Z
66,6,124758661,3303602,0.379,1000000,,2026-09-11T08:42:20Z,2026-09-15T22:40:20Z
66,6,124915926,1368043,0.379,3200000,,2026-09-14T10:00:59Z,2026-09-15T22:40:20Z
66,7,124461913,1267705,0.449,5302864,,2026-09-05T14:45:29Z,2026-09-15T22:40:20Z
66,8,124994079,4458107,0.58,611311,,2026-09-15T19:37:36Z,2026-09-15T22:40:20Z
66,8,124992139,3388623,0.615,1044848,,2026-09-15T18:55:11Z,2026-09-15T22:40:20Z
66,8,124879037,3552970,0.62,11510,,2026-09-13T16:40:56Z,2026-09-15T22:40:20Z
66,8,124870471,3313364,0.625,327650,,2026-09-13T13:19:49Z,2026-09-15T22:40:20Z
66,8,124857647,3313364,0.65,614005,,2026-09-13T07:43:53Z,2026-09-15T22:40:20Z
66,8,124886349,2540469,0.65,11111111,,2026-09-13T19:29:49Z,2026-09-15T22:40:20Z
66,9,124901937,4672564,0.62,692413,,2026-09-14T03:28:04Z,2026-09-15T22:40:20Z
66,10,124950567,3644856,0.66,1034163,,2026-09-15T00:16:41Z,2026-09-15T22:40:20Z
66,10,124614375,1589767,0.79,320000,,2026-09-08T14:22:26Z,2026-09-15T22:40:20Z
66,12,125000559,5091039,0.645,134169,,2026-09-15T22:23:38Z,2026-09-15T22:40:20Z
66,12,124972149,5091039,0.65,215481,,2026-09-15T10:58:01Z,2026-09-15T22:40:20Z
66,12,124966984,5091039,0.655,224662,,2026-09-15T08:30:26Z,2026-09-15T22:40:20Z
66,12,124961722,5091039,0.66,881443,,2026-09-15T05:57:04Z,2026-09-15T22:40:20Z
66,12,124941614,5091039,0.665,658138,,2026-09-14T19:54:31Z,2026-09-15T22:40:20Z
66,12,124889171,5091039,0.67,249041,,2026-09-13T20:34:14Z,2026-09-15T22:40:20Z
67,0,124998956,5257262,11.7,20130,,2026-09-15T21:37:25Z,2026-09-15T22:43:30Z
67,0,124989616,5828610,11.8,1,,2026-09-15T18:00:17Z,2026-09-15T22:43:30Z
67,0,124751566,5181496,11.9,1791,,2026-09-11T05:21:59Z,2026-09-15T22:43:30Z
67,0,124778030,3538956,11.9,9500,,2026-09-11T16:47:23Z,2026-09-15T22:43:30Z
67,0,124746884,5706448,12.0,500,,2026-09-11T03:01:07Z,2026-09-15T22:43:30Z
67,0,124699754,5181496,12.2,725,,2026-09-10T05:47:51Z,2026-09-15T22:43:30Z
67,0,124687577,3753050,12.3,263,,2026-09-09T23:21:20Z,2026-09-15T22:43:30Z
67,0,124686942,1709616,12.4,100,,2026-09-09T23:00:26Z,2026-09-15T22:43:30Z
67,0,124676801,1795891,12.5,9,,2026-09-09T18:35:42Z,2026-09-15T22:43:30Z
67,0,124652260,5181496,12.6,15000,,2026-09-09T08:04:48Z,2026-09-15T22:43:30Z
67,0,124647901,5633552,12.7,10000,,2026-09-09T05:59:09Z,2026-09-15T22:43:30Z
67,0,124647456,5181496,12.8,5000,,2026-09-09T05:46:37Z,2026-09-15T22:43:30Z
67,0,124619214,1709616,13.0,484,,2026-09-08T16:15:37Z,2026-09-15T22:43:30Z
67,1,124906062,5371573,12.7,1,,2026-09-14T05:21:25Z,2026-09-15T22:43:30Z
67,1,124946491,3978101,12.7,84300,,2026-09-14T21:56:28Z,2026-09-15T22:43:30Z
67,1,124836392,4802764,12.8,43999,,2026-09-12T20:27:59Z,2026-09-15T22:43:30Z
67,1,124792014,5257262,12.9,5330,,2026-09-11T23:12:07Z,2026-09-15T22:43:30Z
67,1,124760685,3004538,13.0,64000,,2026-09-11T09:40:46Z,2026-09-15T22:43:30Z
67,1,124687568,3753050,13.1,469,,2026-09-09T23:20:59Z,2026-09-15T22:43:30Z
67,2,124906015,5371573,13.7,1,,2026-09-14T05:20:19Z,2026-09-15T22:43:30Z
67,2,124836010,5818396,13.8,999,,2026-09-12T20:17:41Z,2026-09-15T22:43:30Z
67,2,124832745,5044627,13.9,10,,2026-09-12T18:53:26Z,2026-09-15T22:43:30Z
67,2,124641465,4238439,15.1,156896,,2026-09-09T02:45:50Z,2026-09-15T22:43:30Z
67,3,124801665,3877545,14.0,11500,,2026-09-12T05:08:47Z,2026-09-15T22:43:30Z
67,4,124869813,3922464,17.9,48140,,2026-09-13T13:04:46Z,2026-09-15T22:43:30Z
67,4,124866018,4265970,18.0,200,,2026-09-13T11:33:40Z,2026-09-15T22:43:30Z
67,4,124866015,4265970,18.1,200,,2026-09-13T11:33:36Z,2026-09-15T22:43:30Z
67,4,124866010,4265970,18.2,200,,2026-09-13T11:33:33Z,2026-09-15T22:43:30Z
67,4,124866008,4265970,18.3,200,,2026-09-13T11:33:29Z,2026-09-15T22:43:30Z
67,4,124866004,4265970,18.4,200,,2026-09-13T11:33:25Z,2026-09-15T22:43:30Z
67,4,124865999,4265970,18.5,200,,2026-09-13T11:33:20Z,2026-09-15T22:43:30Z
67,4,124865995,4265970,18.6,200,,2026-09-13T11:33:16Z,2026-09-15T22:43:30Z
67,4,124865993,4265970,18.7,200,,2026-09-13T11:33:12Z,2026-09-15T22:43:30Z
67,4,124865986,4265970,18.8,200,,2026-09-13T11:33:07Z,2026-09-15T22:43:30Z
67,4,124865984,4265970,18.9,200,,2026-09-13T11:33:02Z,2026-09-15T22:43:30Z
67,4,124865981,4265970,19.0,200,,2026-09-13T11:32:58Z,2026-09-15T22:43:30Z
67,4,124865968,4265970,19.1,200,,2026-09-13T11:32:44Z,2026-09-15T22:43:30Z
67,4,124865966,4265970,19.2,200,,2026-09-13T11:32:37Z,2026-09-15T22:43:30Z
67,4,124865963,4265970,19.3,200,,2026-09-13T11:32:32Z,2026-09-15T22:43:30Z
67,4,124865955,4265970,19.4,200,,2026-09-13T11:32:20Z,2026-09-15T22:43:30Z
67,7,124972830,1693424,19.5,14912,,2026-09-15T11:16:30Z,2026-09-15T22:43:30Z
68,0,125000607,5836144,31.5,58,,2026-09-15T22:25:05Z,2026-09-15T22:40:55Z
68,0,125000701,5473914,31.5,95,,2026-09-15T22:27:50Z,2026-09-15T22:40:55Z
68,0,125000815,5805943,31.5,1666,,2026-09-15T22:31:28Z,2026-09-15T22:40:55Z
68,0,124992690,5563254,31.75,12692,,2026-09-15T19:06:52Z,2026-09-15T22:40:55Z
68,0,124999131,5794129,31.75,1179,,2026-09-15T21:42:22Z,2026-09-15T22:40:55Z
68,0,124992390,5802678,32.0,402,,2026-09-15T19:01:14Z,2026-09-15T22:40:55Z
68,0,124998673,5753802,32.0,429,,2026-09-15T21:29:06Z,2026-09-15T22:40:55Z
68,0,125000678,5738803,32.0,300,,2026-09-15T22:27:09Z,2026-09-15T22:40:55Z
68,0,124992336,5790208,32.25,479,,2026-09-15T18:59:55Z,2026-09-15T22:40:55Z
68,0,124991773,5549769,32.75,1272,,2026-09-15T18:47:19Z,2026-09-15T22:40:55Z
68,0,124802024,5368553,33.0,24658,,2026-09-12T05:18:29Z,2026-09-15T22:40:55Z
68,0,124808879,5738803,33.0,2206,,2026-09-12T08:16:28Z,2026-09-15T22:40:55Z
68,0,124809488,5237050,33.0,20246,,2026-09-12T08:33:42Z,2026-09-15T22:40:55Z
68,0,124919032,5806299,33.0,45,,2026-09-14T11:18:36Z,2026-09-15T22:40:55Z
68,0,124476092,4005086,33.5,11750,,2026-09-05T20:48:11Z,2026-09-15T22:40:55Z
68,0,124773197,5821100,35.0,29,,2026-09-11T15:00:14Z,2026-09-15T22:40:55Z
68,0,124915770,5281779,35.0,1000,,2026-09-14T09:56:34Z,2026-09-15T22:40:55Z
68,0,124839431,3596255,38.0,185,,2026-09-12T21:49:01Z,2026-09-15T22:40:55Z
68,0,124789437,5739507,38.25,1,,2026-09-11T21:47:25Z,2026-09-15T22:40:55Z
68,0,124678072,5790715,38.5,400,,2026-09-09T19:05:24Z,2026-09-15T22:40:55Z
68,0,124750599,5815107,40.0,900,,2026-09-11T04:56:40Z,2026-09-15T22:40:55Z
68,0,124810484,5629518,40.0,184,,2026-09-12T09:00:31Z,2026-09-15T22:40:55Z
68,0,124783420,5629518,40.75,175,,2026-09-11T19:07:43Z,2026-09-15T22:40:55Z
68,1,124950790,5577571,33.0,2907,,2026-09-15T00:25:30Z,2026-09-15T22:40:55Z
68,1,124912733,5750233,33.25,323,,2026-09-14T08:25:50Z,2026-09-15T22:40:55Z
68,1,124950063,5665196,33.25,58,,2026-09-14T23:57:03Z,2026-09-15T22:40:55Z
68,1,124992937,5277014,33.25,2476,,2026-09-15T19:12:10Z,2026-09-15T22:40:55Z
68,1,124473576,5212614,33.5,45074,,2026-09-05T19:44:39Z,2026-09-15T22:40:55Z
68,1,124618781,3278463,35.0,139,,2026-09-08T16:04:46Z,2026-09-15T22:40:55Z
68,2,124995267,4739816,33.5,62,,2026-09-15T20:05:11Z,2026-09-15T22:40:55Z
68,2,123965035,4277645,34.0,13974,,2026-09-04T23:00:03Z,2026-09-15T22:40:55Z
68,2,124099101,5490184,34.0,23210,,2026-09-03T19:44:17Z,2026-09-15T22:40:55Z
68,2,124841969,5474810,34.0,63,,2026-09-12T23:08:44Z,2026-09-15T22:40:55Z
68,2,124910153,983110,34.75,5678,,2026-09-14T07:10:18Z,2026-09-15T22:40:55Z
68,3,124999700,3651999,33.25,3,,2026-09-15T21:57:35Z,2026-09-15T22:40:55Z
68,3,124999258,3333168,33.5,23575,,2026-09-15T21:46:07Z,2026-09-15T22:40:55Z
68,3,124994880,4551359,33.75,6204,,2026-09-15T19:57:23Z,2026-09-15T22:40:55Z
68,3,124924367,5384481,34.25,1000,,2026-09-14T13:30:52Z,2026-09-15T22:40:55Z
68,3,124848033,5384481,34.5,2000,,2026-09-13T02:55:47Z,2026-09-15T22:40:55Z
68,3,124919589,1699270,34.5,98,,2026-09-14T11:32:28Z,2026-09-15T22:40:55Z
68,3,124847552,4817057,34.75,4903,,2026-09-13T02:35:59Z,2026-09-15T22:40:55Z
68,3,123011321,3990798,35.0,241511,,2026-09-04T20:21:18Z,2026-09-15T22:40:55Z
68,3,124817136,4792276,35.0,2000,,2026-09-12T12:09:36Z,2026-09-15T22:40:55Z
68,3,122546674,2213550,35.5,160573,,2026-09-03T13:38:46Z,2026-09-15T22:40:55Z
68,4,124994241,4086479,34.0,43179,,2026-09-15T19:41:26Z,2026-09-15T22:40:55Z
68,4,124931045,2815584,34.25,7603,,2026-09-14T15:59:10Z,2026-09-15T22:40:55Z
68,4,124861500,4425236,34.5,48455,,2026-09-13T09:29:46Z,2026-09-15T22:40:55Z
68,4,124851961,4017784,34.75,500,,2026-09-13T05:11:27Z,2026-09-15T22:40:55Z
68,4,124723336,2815584,35.0,843,,2026-09-10T15:52:21Z,2026-09-15T22:40:55Z
68,4,124620678,3654956,35.25,4998,,2026-09-08T16:53:28Z,2026-09-15T22:40:55Z
68,4,124750109,2986718,38.25,1017350,,2026-09-11T04:42:06Z,2026-09-15T22:40:55Z
68,5,124856166,1063626,35.5,57022,,2026-09-13T07:05:29Z,2026-09-15T22:40:55Z
68,6,124987413,5164686,35.25,150000,,2026-09-15T17:10:41Z,2026-09-15T22:40:55Z
68,6,124865864,4749812,35.5,99,,2026-09-13T11:30:07Z,2026-09-15T22:40:55Z
68,6,124879522,5164686,35.5,110000,,2026-09-13T16:52:33Z,2026-09-15T22:40:55Z
68,6,124734947,1149137,36.0,1000,,2026-09-10T20:35:29Z,2026-09-15T22:40:55Z
68,8,124807734,828413,35.5,10732,,2026-09-12T07:44:30Z,2026-09-13T04:06:35Z
68,10,124990983,4086479,35.0,80000,,2026-09-15T18:31:19Z,2026-09-15T22:40:55Z
68,10,124901524,372657,35.5,250169,,2026-09-14T03:13:15Z,2026-09-15T22:40:55Z
68,10,124876947,372657,47.25,9999,,2026-09-13T15:52:12Z,2026-09-15T22:40:55Z
68,10,124865859,4749812,47.5,99,,2026-09-13T11:30:00Z,2026-09-15T22:40:55Z
68,10,124802140,372657,47.75,250000,,2026-09-12T05:21:11Z,2026-09-15T22:40:55Z
69,0,125000995,5770891,6250.0,3,,2026-09-15T22:37:34Z,2026-09-15T22:42:57Z
69,0,125000836,5573905,6275.0,36,,2026-09-15T22:32:41Z,2026-09-15T22:42:57Z
69,0,124985935,4570440,6300.0,43,,2026-09-15T16:35:16Z,2026-09-15T22:42:57Z
69,0,124990441,4635789,6300.0,23,,2026-09-15T18:19:01Z,2026-09-15T22:42:57Z
69,0,125000030,5476133,6300.0,10,,2026-09-15T22:07:12Z,2026-09-15T22:42:57Z
69,0,125000310,5778218,6300.0,2,,2026-09-15T22:16:43Z,2026-09-15T22:42:57Z
69,0,125000415,5563975,6300.0,3,,2026-09-15T22:19:20Z,2026-09-15T22:42:57Z
69,0,124980667,5758783,6325.0,5,,2026-09-15T14:31:53Z,2026-09-15T22:42:57Z
69,0,124980356,5805761,6350.0,2,,2026-09-15T14:24:17Z,2026-09-15T22:42:57Z
69,0,124910484,2193065,6375.0,2763,,2026-09-14T07:19:15Z,2026-09-15T22:42:57Z
69,0,124961724,5796050,6375.0,1,,2026-09-15T05:57:05Z,2026-09-15T22:42:57Z
69,0,124978377,5622094,6375.0,80,,2026-09-15T13:36:08Z,2026-09-15T22:42:57Z
69,0,124910014,5344290,6400.0,23,,2026-09-14T07:06:09Z,2026-09-15T22:42:57Z
69,0,124911721,5476133,6400.0,15,,2026-09-14T07:55:03Z,2026-09-15T22:42:57Z
69,0,124913915,1964036,6400.0,231,,2026-09-14T09:00:57Z,2026-09-15T22:42:57Z
69,0,124938300,4635789,6400.0,6,,2026-09-14T18:41:43Z,2026-09-15T22:42:57Z
69,0,124956970,5317306,6400.0,306,,2026-09-15T03:49:50Z,2026-09-15T22:42:57Z
69,0,124961918,5641991,6400.0,70,,2026-09-15T06:02:35Z,2026-09-15T22:42:57Z
69,0,124991828,5764519,6400.0,2,,2026-09-15T18:48:31Z,2026-09-15T22:42:57Z
69,0,124909634,2841203,6425.0,27,,2026-09-14T06:56:21Z,2026-09-15T22:42:57Z
69,0,124909016,5559732,6450.0,1,,2026-09-14T06:38:34Z,2026-09-15T22:42:57Z
69,0,124909552,5796050,6450.0,9,,2026-09-14T06:53:13Z,2026-09-15T22:42:57Z
69,0,124915806,5317306,6450.0,259,,2026-09-14T09:57:32Z,2026-09-15T22:42:57Z
69,0,124860048,5548885,6475.0,21,,2026-09-13T08:46:28Z,2026-09-15T22:42:57Z
69,0,124866676,4635789,6475.0,126,,2026-09-13T11:50:21Z,2026-09-15T22:42:57Z
69,0,124909026,5559732,6475.0,10,,2026-09-14T06:38:46Z,2026-09-15T22:42:57Z
69,0,124859190,2548126,6500.0,106,,2026-09-13T08:24:07Z,2026-09-15T22:42:57Z
69,0,124907240,5130755,6500.0,408,,2026-09-14T05:50:26Z,2026-09-15T22:42:57Z
69,0,124909663,5499114,6500.0,12,,2026-09-14T06:57:24Z,2026-09-15T22:42:57Z
69,0,124999139,4641373,6500.0,57,,2026-09-15T21:42:37Z,2026-09-15T22:42:57Z
69,0,124855806,5828035,6525.0,1,,2026-09-13T06:56:23Z,2026-09-15T22:42:57Z
69,0,124619536,4641373,6550.0,323,,2026-09-08T16:23:10Z,2026-09-15T22:42:57Z
69,0,124855187,4050988,6550.0,447,,2026-09-13T06:39:38Z,2026-09-15T22:42:57Z
69,0,124690755,5699127,6575.0,86,,2026-09-10T01:17:58Z,2026-09-15T22:42:57Z
69,0,124998769,3562312,6575.0,29,,2026-09-15T21:31:33Z,2026-09-15T22:42:57Z
69,0,124628658,4966267,6600.0,7,,2026-09-08T19:58:02Z,2026-09-15T22:42:57Z
69,0,124713526,5680307,6600.0,20,,2026-09-10T12:03:55Z,2026-09-15T22:42:57Z
69,0,124896499,3562312,6600.0,93,,2026-09-14T00:27:09Z,2026-09-15T22:42:57Z
69,0,124520536,4733042,6650.0,115,,2026-09-06T18:20:27Z,2026-09-15T22:42:57Z
69,0,124950819,5823412,7100.0,1,,2026-09-15T00:26:41Z,2026-09-15T22:42:57Z
69,0,124753318,5591402,7175.0,10,,2026-09-11T06:08:49Z,2026-09-15T22:42:57Z
69,0,124839440,3596255,7200.0,1,,2026-09-12T21:49:22Z,2026-09-15T22:42:57Z
69,1,124886247,4966267,6675.0,3,,2026-09-13T19:27:25Z,2026-09-15T22:42:57Z
69,1,124448504,3278463,6700.0,288,,2026-09-05T08:47:35Z,2026-09-15T22:42:57Z
69,1,124867550,5489990,6700.0,52,,2026-09-13T12:09:41Z,2026-09-15T22:42:57Z
69,1,124679965,3946909,6875.0,10,,2026-09-09T19:49:03Z,2026-09-15T22:42:57Z
69,1,124720934,2794822,6900.0,25,,2026-09-10T14:54:46Z,2026-09-15T22:42:57Z
69,1,124927707,4358156,6975.0,2,,2026-09-14T14:45:38Z,2026-09-15T22:42:57Z
69,1,124997448,2711607,8000.0,6,,2026-09-15T20:56:44Z,2026-09-15T22:42:57Z
69,2,124924827,2401801,6675.0,19,,2026-09-14T13:40:43Z,2026-09-15T22:42:57Z
69,2,124993767,5477102,6675.0,424,,2026-09-15T19:31:21Z,2026-09-15T22:42:57Z
69,2,124995025,4941984,6675.0,55,,2026-09-15T20:00:13Z,2026-09-15T22:42:57Z
69,2,124836513,5474810,6700.0,44,,2026-09-12T20:30:33Z,2026-09-15T22:42:57Z
69,2,124882436,3944343,6700.0,533,,2026-09-13T17:57:49Z,2026-09-15T22:42:57Z
69,2,124921630,5643810,6700.0,50,,2026-09-14T12:22:07Z,2026-09-15T22:42:57Z
69,2,124965455,3740586,6750.0,122,,2026-09-15T07:45:22Z,2026-09-15T22:42:57Z
69,2,124347031,4881618,6800.0,700,,2026-09-03T08:11:21Z,2026-09-15T22:42:57Z
69,2,124990894,4881618,6875.0,200,,2026-09-15T18:29:31Z,2026-09-15T22:42:57Z
69,2,124831850,5831531,7500.0,1,,2026-09-12T18:29:31Z,2026-09-15T22:42:57Z
69,3,125000393,5473911,6650.0,11,,2026-09-15T22:18:49Z,2026-09-15T22:42:57Z
69,3,124998759,5387123,6675.0,133,,2026-09-15T21:31:13Z,2026-09-15T22:42:57Z
69,3,124998624,4516405,6700.0,47,,2026-09-15T21:27:44Z,2026-09-15T22:42:57Z
69,3,124960779,3740586,6725.0,3,,2026-09-15T05:31:26Z,2026-09-15T22:42:57Z
69,3,124992500,4669242,6725.0,150,,2026-09-15T19:03:12Z,2026-09-15T22:42:57Z
69,3,124925112,3914635,6750.0,409,,2026-09-14T13:46:10Z,2026-09-15T22:42:57Z
69,3,124987872,3740586,6750.0,42,,2026-09-15T17:21:14Z,2026-09-15T22:42:57Z
69,3,124924879,4941246,6775.0,395,,2026-09-14T13:41:40Z,2026-09-15T22:42:57Z
69,3,124913409,936172,6800.0,294,,2026-09-14T08:45:58Z,2026-09-15T22:42:57Z
69,3,124992796,3740586,6800.0,8,,2026-09-15T19:08:50Z,2026-09-15T22:42:57Z
69,3,124914589,1999762,6825.0,162,,2026-09-14T09:21:22Z,2026-09-15T22:42:57Z
69,3,124955737,5191477,6900.0,96,,2026-09-15T03:12:57Z,2026-09-15T22:42:57Z
69,4,124999126,5202353,6725.0,50,,2026-09-15T21:42:11Z,2026-09-15T22:42:57Z
69,4,124999057,4067123,6750.0,353,,2026-09-15T21:40:06Z,2026-09-15T22:42:57Z
69,4,124924881,3719011,6775.0,1011,,2026-09-14T13:42:14Z,2026-09-15T22:42:57Z
69,4,124923932,1006655,6800.0,460,,2026-09-14T13:14:31Z,2026-09-15T22:42:57Z
69,4,124917083,4039401,6825.0,369,,2026-09-14T10:30:07Z,2026-09-15T22:42:57Z
69,4,124909471,5015425,6850.0,117,,2026-09-14T06:50:52Z,2026-09-15T22:42:57Z
69,4,124880460,3307110,6875.0,211,,2026-09-13T17:13:17Z,2026-09-15T22:42:57Z
69,4,124881517,4169185,6875.0,100,,2026-09-13T17:38:10Z,2026-09-15T22:42:57Z
69,4,124897963,2658695,7000.0,377,,2026-09-14T01:15:17Z,2026-09-15T22:42:57Z
69,4,124910349,491274,7300.0,718,,2026-09-14T07:15:15Z,2026-09-15T22:42:57Z
69,4,124756590,491274,7400.0,797,,2026-09-11T07:39:59Z,2026-09-15T22:42:57Z
69,4,124970805,491274,7450.0,775,,2026-09-15T10:21:32Z,2026-09-15T22:42:57Z
69,4,124824057,491274,7500.0,572,,2026-09-12T15:10:35Z,2026-09-15T22:42:57Z
69,4,124879519,491274,7600.0,630,,2026-09-13T16:52:31Z,2026-09-15T22:42:57Z
69,5,124999089,3120801,6750.0,59,,2026-09-15T21:41:03Z,2026-09-15T22:42:57Z
69,5,124987991,3202228,6850.0,6,,2026-09-15T17:24:22Z,2026-09-15T22:42:57Z
69,5,124997585,1876614,6850.0,173,,2026-09-15T21:01:04Z,2026-09-15T22:42:57Z
69,5,124926547,413442,6875.0,103,,2026-09-14T14:17:36Z,2026-09-15T22:42:57Z
69,5,124923488,3198486,6900.0,350,,2026-09-14T13:04:42Z,2026-09-15T22:42:57Z
69,5,124922504,3202228,6925.0,299,,2026-09-14T12:41:58Z,2026-09-15T22:42:57Z
69,5,124837861,1617255,6950.0,384,,2026-09-12T21:04:59Z,2026-09-15T22:42:57Z
69,5,124864014,2368434,7000.0,500,,2026-09-13T10:40:55Z,2026-09-15T22:42:57Z
69,5,124831200,1617255,7050.0,126,,2026-09-12T18:14:02Z,2026-09-15T22:42:57Z
69,5,124823587,479073,7075.0,243,,2026-09-12T14:59:50Z,2026-09-15T22:42:57Z
69,5,124821505,1237534,7100.0,250,,2026-09-12T14:03:01Z,2026-09-15T22:42:57Z
69,5,124820272,3878554,7150.0,109,,2026-09-12T13:31:56Z,2026-09-15T22:42:57Z
69,5,124818927,5202241,7200.0,629,,2026-09-12T12:58:43Z,2026-09-15T22:42:57Z
69,5,125000831,3120801,7600.0,15,,2026-09-15T22:32:21Z,2026-09-15T22:42:57Z
69,6,124991293,3684082,7225.0,500,,2026-09-15T18:36:49Z,2026-09-15T22:42:57Z
69,6,124980978,3387119,7250.0,15,,2026-09-15T14:39:22Z,2026-09-15T22:42:57Z
69,6,124870644,2735498,7275.0,24,,2026-09-13T13:24:17Z,2026-09-15T22:42:57Z
69,7,124994792,3476723,7325.0,58,,2026-09-15T19:55:11Z,2026-09-15T22:42:57Z
69,7,124504153,274156,7350.0,1000,,2026-09-06T11:39:52Z,2026-09-15T22:42:57Z
69,7,124830282,1856141,7350.0,39,,2026-09-12T17:48:26Z,2026-09-15T22:42:57Z
69,8,124994800,3476723,7625.0,11,,2026-09-15T19:55:22Z,2026-09-15T22:42:57Z
69,8,124939900,372657,7650.0,84,,2026-09-14T19:17:33Z,2026-09-15T22:42:57Z
69,8,124937617,614444,7675.0,150,,2026-09-14T18:27:10Z,2026-09-15T22:42:57Z
69,8,124888109,614444,7725.0,150,,2026-09-13T20:09:01Z,2026-09-15T22:42:57Z
69,8,124699717,3476723,7750.0,70,,2026-09-10T05:46:50Z,2026-09-15T22:42:57Z
69,8,124677326,3476723,7775.0,100,,2026-09-09T18:48:09Z,2026-09-15T22:42:57Z
69,8,124642017,372657,7825.0,100,,2026-09-09T03:06:20Z,2026-09-15T22:42:57Z
69,8,124648514,3643355,7825.0,100,,2026-09-09T06:17:29Z,2026-09-15T22:42:57Z
69,9,124756382,3476723,7950.0,56,,2026-09-11T07:33:44Z,2026-09-15T22:42:57Z
69,9,124742209,372657,7975.0,100,,2026-09-11T00:10:23Z,2026-09-15T22:42:57Z
69,9,124680376,3643355,8000.0,100,,2026-09-09T19:59:40Z,2026-09-15T22:42:57Z
69,10,124787493,3476723,8000.0,100,,2026-09-11T20:51:55Z,2026-09-15T22:42:57Z
69,10,124742196,372657,8025.0,100,,2026-09-11T00:10:07Z,2026-09-15T22:42:57Z
69,10,124740952,415937,8050.0,200,,2026-09-10T23:26:35Z,2026-09-15T22:42:57Z
69,10,124966077,4605942,9000.0,94,,2026-09-15T08:06:44Z,2026-09-15T22:42:57Z
69,11,124953590,372657,9750.0,100,,2026-09-15T01:56:47Z,2026-09-15T22:42:57Z
69,11,124947207,4749812,9775.0,10,,2026-09-14T22:18:09Z,2026-09-15T22:42:57Z
69,11,124930519,372657,9800.0,100,,2026-09-14T15:46:52Z,2026-09-15T22:42:57Z
69,11,124915209,3901300,9825.0,1,,2026-09-14T09:40:03Z,2026-09-15T22:42:57Z
69,11,124893526,4293139,9850.0,20,,2026-09-13T22:42:01Z,2026-09-15T22:42:57Z
69,11,124890539,372657,9875.0,100,,2026-09-13T21:09:17Z,2026-09-15T22:42:57Z
69,11,124878940,4749812,9900.0,5,,2026-09-13T16:38:04Z,2026-09-15T22:42:57Z
69,11,124865034,4855779,9925.0,9,,2026-09-13T11:07:53Z,2026-09-15T22:42:57Z
69,11,124848561,372657,9950.0,100,,2026-09-13T03:17:48Z,2026-09-15T22:42:57Z
69,11,124829430,4293139,9975.0,10,,2026-09-12T17:26:56Z,2026-09-15T22:42:57Z
69,11,124802187,372657,10000.0,100,,2026-09-12T05:22:20Z,2026-09-15T22:42:57Z
69,12,124890527,372657,11800.0,54,,2026-09-13T21:09:08Z,2026-09-15T22:42:57Z
69,12,124848549,372657,12000.0,43,,2026-09-13T03:17:13Z,2026-09-15T22:42:57Z
69,12,124802163,372657,12200.0,50,,2026-09-12T05:21:42Z,2026-09-15T22:42:57Z
69,12,124774247,5774352,12300.0,1,,2026-09-11T15:22:14Z,2026-09-15T22:42:57Z
69,12,124742183,372657,12500.0,53,,2026-09-11T00:09:52Z,2026-09-15T22:42:57Z
70,0,124996784,4497966,765.0,174,,2026-09-15T20:39:44Z,2026-09-15T22:40:35Z
70,0,124992343,5576362,770.0,337,,2026-09-15T19:00:03Z,2026-09-15T22:40:35Z
70,0,124991553,5344290,775.0,8,,2026-09-15T18:42:38Z,2026-09-15T22:40:35Z
70,0,124919084,5461094,780.0,20,,2026-09-14T11:19:49Z,2026-09-15T22:40:35Z
70,0,124791894,5576362,800.0,340,,2026-09-11T23:07:40Z,2026-09-15T22:40:35Z
70,0,124801100,5461094,800.0,100,,2026-09-12T04:51:13Z,2026-09-15T22:40:35Z
70,0,124598873,5417353,810.0,1757,,2026-09-08T07:10:24Z,2026-09-15T22:40:35Z
70,0,124708445,5506836,810.0,980,,2026-09-10T09:43:14Z,2026-09-15T22:40:35Z
70,0,124692755,5613088,815.0,200,,2026-09-10T02:29:57Z,2026-09-15T22:40:35Z
70,0,124709299,5461094,815.0,280,,2026-09-10T10:08:07Z,2026-09-15T22:40:35Z
70,1,124995818,5786482,770.0,20,,2026-09-15T20:16:43Z,2026-09-15T22:40:35Z
70,1,124992682,5193783,775.0,8,,2026-09-15T19:06:46Z,2026-09-15T22:40:35Z
70,1,124982910,5128583,780.0,871,,2026-09-15T15:24:48Z,2026-09-15T22:40:35Z
70,1,124795462,2389431,805.0,1276,,2026-09-12T01:23:47Z,2026-09-15T22:40:35Z
70,1,124708456,5506836,810.0,14,,2026-09-10T09:43:40Z,2026-09-15T22:40:35Z
70,1,124653193,5392979,820.0,408,,2026-09-09T08:35:21Z,2026-09-15T22:40:35Z
70,1,124772241,5815156,900.0,10,,2026-09-11T14:36:08Z,2026-09-15T22:40:35Z
70,2,124997977,5517905,770.0,2041,,2026-09-15T21:10:15Z,2026-09-15T22:40:35Z
70,2,124997557,5103310,780.0,500,,2026-09-15T20:59:55Z,2026-09-15T22:40:35Z
70,2,124977118,5756389,785.0,1,,2026-09-15T13:08:19Z,2026-09-15T22:40:35Z
70,2,124972689,4793402,790.0,500,,2026-09-15T11:12:31Z,2026-09-15T22:40:35Z
70,2,124799425,4841938,800.0,481,,2026-09-12T03:50:55Z,2026-09-15T22:40:35Z
70,2,124770253,5533700,805.0,101,,2026-09-11T13:45:04Z,2026-09-15T22:40:35Z
70,2,124781102,5704106,805.0,94,,2026-09-11T18:07:34Z,2026-09-15T22:40:35Z
70,2,124708466,5506836,810.0,191,,2026-09-10T09:44:01Z,2026-09-15T22:40:35Z
70,2,124602105,5533700,815.0,250,,2026-09-08T08:51:08Z,2026-09-15T22:40:35Z
70,3,124975672,5533700,790.0,200,,2026-09-15T12:30:24Z,2026-09-15T22:40:35Z
70,3,124876834,5533700,795.0,414,,2026-09-13T19:18:01Z,2026-09-15T22:40:35Z
70,3,124806008,3375935,800.0,149,,2026-09-12T07:02:01Z,2026-09-15T22:40:35Z
70,3,124795546,5533700,805.0,240,,2026-09-12T01:26:24Z,2026-09-15T22:40:35Z
70,3,124740932,4441381,810.0,65,,2026-09-10T23:25:28Z,2026-09-15T22:40:35Z
70,3,124993861,3839184,810.0,107,,2026-09-15T19:33:46Z,2026-09-15T22:40:35Z
70,3,124849908,2037958,815.0,18,,2026-09-13T04:04:40Z,2026-09-15T22:40:35Z
70,4,124991145,4878556,785.0,800,,2026-09-15T18:34:10Z,2026-09-15T22:40:35Z
70,4,124975845,1687424,790.0,607,,2026-09-15T12:35:05Z,2026-09-15T22:40:35Z
70,4,124998359,5072754,790.0,32,,2026-09-15T21:20:05Z,2026-09-15T22:40:35Z
70,4,124964325,1237534,795.0,1000,,2026-09-15T07:49:39Z,2026-09-15T22:40:35Z
70,4,124963606,1687424,800.0,1000,,2026-09-15T06:50:13Z,2026-09-15T22:40:35Z
70,4,124795714,4037254,805.0,558,,2026-09-12T01:33:41Z,2026-09-15T22:40:35Z
70,4,124802815,1237534,805.0,1000,,2026-09-12T05:39:57Z,2026-09-15T22:40:35Z
70,4,124776326,1237534,810.0,301,,2026-09-11T16:07:54Z,2026-09-15T22:40:35Z
70,4,124752348,1237534,815.0,1000,,2026-09-11T05:40:30Z,2026-09-15T22:40:35Z
70,4,124661354,1237534,820.0,500,,2026-09-09T12:23:29Z,2026-09-15T22:40:35Z
70,4,124649047,1237534,825.0,750,,2026-09-09T06:32:00Z,2026-09-15T22:40:35Z
70,4,124627462,1237534,830.0,250,,2026-09-08T19:31:28Z,2026-09-15T22:40:35Z
70,4,124920888,1687424,830.0,1000,,2026-09-14T12:03:22Z,2026-09-15T22:40:35Z
70,4,124963539,1687424,840.0,1000,,2026-09-15T06:48:19Z,2026-09-15T22:40:35Z
70,4,124963528,1687424,845.0,1000,,2026-09-15T06:48:07Z,2026-09-15T22:40:35Z
70,4,124963512,1687424,850.0,5000,,2026-09-15T06:47:42Z,2026-09-15T22:40:35Z
70,4,124739257,3162830,855.0,1000,,2026-09-10T22:28:50Z,2026-09-15T22:40:35Z
70,4,124963638,1687424,855.0,2500,,2026-09-15T06:51:58Z,2026-09-15T22:40:35Z
70,4,124472315,681555,895.0,2500,,2026-09-05T19:11:27Z,2026-09-15T22:40:35Z
70,4,124739330,3162830,900.0,10000,,2026-09-10T22:31:34Z,2026-09-15T22:40:35Z
70,5,124985138,4232368,790.0,910,,2026-09-15T16:16:25Z,2026-09-15T22:40:35Z
70,5,124986704,3688094,790.0,2007,,2026-09-15T16:56:05Z,2026-09-15T22:40:35Z
70,5,124977436,3688094,795.0,2007,,2026-09-15T13:14:32Z,2026-09-15T22:40:35Z
70,5,124968417,5832709,800.0,1,,2026-09-15T09:14:26Z,2026-09-15T22:40:35Z
70,5,124970479,5827658,800.0,1,,2026-09-15T10:12:55Z,2026-09-15T22:40:35Z
70,5,124976092,5832554,800.0,1,,2026-09-15T12:41:09Z,2026-09-15T22:40:35Z
70,5,124977347,3688094,800.0,2007,,2026-09-15T13:13:06Z,2026-09-15T22:40:35Z
70,5,124983885,5833090,800.0,1,,2026-09-15T15:47:31Z,2026-09-15T22:40:35Z
70,5,124988968,5832466,800.0,1,,2026-09-15T17:45:13Z,2026-09-15T22:40:35Z
70,5,124808521,3688094,805.0,2007,,2026-09-12T08:07:36Z,2026-09-15T22:40:35Z
70,5,124961570,5821315,805.0,1,,2026-09-15T05:52:50Z,2026-09-15T22:40:35Z
70,5,124828189,5828070,810.0,1,,2026-09-12T16:53:51Z,2026-09-15T22:40:35Z
70,5,124986836,3688094,810.0,107,,2026-09-15T16:56:43Z,2026-09-15T22:40:35Z
70,5,124776534,5824333,815.0,1,,2026-09-11T16:12:23Z,2026-09-15T22:40:35Z
70,5,124777809,5782883,815.0,1,,2026-09-11T16:42:03Z,2026-09-15T22:40:35Z
70,5,124813510,5822691,815.0,1,,2026-09-12T10:27:03Z,2026-09-15T22:40:35Z
70,5,124875467,5825589,815.0,1,,2026-09-13T15:17:22Z,2026-09-15T22:40:35Z
70,5,124986755,3688094,815.0,107,,2026-09-15T16:54:38Z,2026-09-15T22:40:35Z
70,5,124799908,5794129,820.0,1,,2026-09-12T04:08:46Z,2026-09-15T22:40:35Z
70,5,124817653,5827211,820.0,1,,2026-09-12T12:25:25Z,2026-09-15T22:40:35Z
70,5,124977400,3688094,820.0,107,,2026-09-15T13:14:01Z,2026-09-15T22:40:35Z
70,5,124963024,3688094,825.0,107,,2026-09-15T06:34:04Z,2026-09-15T22:40:35Z
70,5,124963037,3688094,830.0,107,,2026-09-15T06:34:34Z,2026-09-15T22:40:35Z
70,5,124655462,5794150,835.0,1,,2026-09-09T09:43:30Z,2026-09-15T22:40:35Z
70,5,124679496,5823405,835.0,1,,2026-09-09T19:37:22Z,2026-09-15T22:40:35Z
70,5,124914288,5808098,835.0,1,,2026-09-14T09:11:05Z,2026-09-15T22:40:35Z
70,5,124963041,3688094,835.0,107,,2026-09-15T06:34:45Z,2026-09-15T22:40:35Z
70,5,124997379,5813722,835.0,1,,2026-09-15T20:54:58Z,2026-09-15T22:40:35Z
70,5,124646265,5821331,840.0,1,,2026-09-09T05:16:49Z,2026-09-15T22:40:35Z
70,5,124908092,5832906,840.0,1,,2026-09-14T06:12:06Z,2026-09-15T22:40:35Z
70,5,124638015,5805762,845.0,1,,2026-09-09T00:47:29Z,2026-09-15T22:40:35Z
70,5,124711030,5821694,845.0,1,,2026-09-10T10:57:46Z,2026-09-15T22:40:35Z
70,5,124799435,5758863,845.0,1,,2026-09-12T03:51:21Z,2026-09-15T22:40:35Z
70,5,124856784,5823716,845.0,3,,2026-09-13T07:21:06Z,2026-09-15T22:40:35Z
70,5,124745968,5775933,850.0,1,,2026-09-11T02:26:20Z,2026-09-15T22:40:35Z
70,5,124649556,5798812,860.0,1,,2026-09-09T06:46:19Z,2026-09-15T22:40:35Z
70,5,124893184,5391928,865.0,1,,2026-09-13T22:29:20Z,2026-09-15T22:40:35Z
70,5,124975567,5832634,870.0,1,,2026-09-15T12:27:56Z,2026-09-15T22:40:35Z
70,5,124758916,5821507,900.0,1,,2026-09-11T08:49:56Z,2026-09-15T22:40:35Z
70,5,124945202,5834039,900.0,1,,2026-09-14T21:22:55Z,2026-09-15T22:40:35Z
70,5,124946096,5826867,905.0,1,,2026-09-14T21:46:14Z,2026-09-15T22:40:35Z
70,5,124889607,5831002,930.0,1,,2026-09-13T20:46:56Z,2026-09-15T22:40:35Z
70,5,124664553,5822898,950.0,1,,2026-09-09T13:41:53Z,2026-09-15T22:40:35Z
70,5,124617609,5758862,955.0,1,,2026-09-08T15:36:41Z,2026-09-15T22:40:35Z
70,5,124673611,5804679,1000.0,1,,2026-09-09T17:16:53Z,2026-09-15T22:40:35Z
70,5,124697466,5776162,1000.0,1,,2026-09-10T04:51:32Z,2026-09-15T22:40:35Z
70,5,124709152,5775330,1000.0,1,,2026-09-10T10:04:35Z,2026-09-15T22:40:35Z
70,5,124810016,5824085,1000.0,1,,2026-09-12T08:48:05Z,2026-09-15T22:40:35Z
70,5,124838072,5818838,1000.0,1,,2026-09-12T21:09:48Z,2026-09-15T22:40:35Z
70,5,124930041,5829531,1000.0,1,,2026-09-14T15:36:47Z,2026-09-15T22:40:35Z
70,5,124974750,5788361,1000.0,1,,2026-09-15T12:05:39Z,2026-09-15T22:40:35Z
70,5,124976175,5835268,1000.0,1,,2026-09-15T12:43:19Z,2026-09-15T22:40:35Z
70,5,124994486,5804933,1000.0,1,,2026-09-15T19:46:56Z,2026-09-15T22:40:35Z
70,5,124621096,5818151,1020.0,1,,2026-09-08T17:02:33Z,2026-09-15T22:40:35Z
70,5,124780105,5820631,1060.0,1,,2026-09-11T17:40:56Z,2026-09-15T22:40:35Z
70,6,124941539,3703204,980.0,100,,2026-09-14T19:52:49Z,2026-09-15T22:40:35Z
70,6,124919578,1350271,985.0,450,,2026-09-14T11:32:08Z,2026-09-15T22:40:35Z
70,6,124636845,1350271,995.0,100,,2026-09-09T00:04:47Z,2026-09-15T22:40:35Z
70,7,124970986,4307535,1250.0,60,,2026-09-15T10:25:58Z,2026-09-15T22:40:35Z
70,7,124702696,2385452,1260.0,55,,2026-09-10T07:04:44Z,2026-09-15T22:40:35Z
70,10,124860406,3305299,1470.0,1419,,2026-09-13T08:58:33Z,2026-09-15T22:40:35Z
70,10,124854647,5497303,1480.0,1,,2026-09-13T06:25:56Z,2026-09-15T22:40:35Z
70,10,124849638,5727102,1490.0,1,,2026-09-13T03:55:52Z,2026-09-15T22:40:35Z
70,10,124807109,5621574,1500.0,1,,2026-09-12T07:28:02Z,2026-09-15T22:40:35Z
71,0,124999172,5015868,1490.0,780,,2026-09-15T21:43:50Z,2026-09-15T22:41:36Z
71,0,124996871,5468754,1500.0,442,,2026-09-15T20:41:38Z,2026-09-15T22:41:36Z
71,0,124993063,5468754,1510.0,130,,2026-09-15T19:14:49Z,2026-09-15T22:41:36Z
71,0,124881373,5053960,1520.0,370,,2026-09-13T22:14:30Z,2026-09-15T22:41:36Z
71,0,124810388,5616560,1540.0,4,,2026-09-12T08:57:44Z,2026-09-15T22:41:36Z
71,0,124829723,2562628,1540.0,436,,2026-09-12T17:34:00Z,2026-09-15T22:41:36Z
71,0,124864553,5716091,1550.0,80,,2026-09-13T10:54:51Z,2026-09-15T22:41:36Z
71,0,124867210,5444107,1550.0,168,,2026-09-13T12:02:16Z,2026-09-15T22:41:36Z
71,0,124720638,5593803,1580.0,95,,2026-09-10T14:46:08Z,2026-09-15T22:41:36Z
71,0,124608939,5637438,1600.0,40,,2026-09-08T12:04:53Z,2026-09-15T22:41:36Z
71,0,124721055,2562628,1600.0,2124,,2026-09-10T14:58:05Z,2026-09-15T22:41:36Z
71,0,124646158,5821356,1610.0,5,,2026-09-09T05:14:02Z,2026-09-15T22:41:36Z
71,0,124698677,5637438,1610.0,200,,2026-09-10T05:20:49Z,2026-09-15T22:41:36Z
71,0,124604887,5444107,1620.0,80,,2026-09-08T10:11:19Z,2026-09-15T22:41:36Z
71,0,124842235,5832051,1650.0,2,,2026-09-12T23:18:30Z,2026-09-15T22:41:36Z
71,1,124908256,5499361,1520.0,44,,2026-09-14T06:17:14Z,2026-09-15T22:41:36Z
71,1,124984388,3688094,1520.0,257,,2026-09-15T15:59:21Z,2026-09-15T22:41:36Z
71,1,124984380,3688094,1530.0,157,,2026-09-15T15:59:03Z,2026-09-15T22:41:36Z
71,1,124819650,5515252,1540.0,98,,2026-09-12T13:18:04Z,2026-09-15T22:41:36Z
71,1,124908803,3688094,1540.0,157,,2026-09-14T06:32:41Z,2026-09-15T22:41:36Z
71,1,124856412,3688094,1550.0,157,,2026-09-13T07:11:50Z,2026-09-15T22:41:36Z
71,1,124763801,5515252,1570.0,64,,2026-09-11T11:01:01Z,2026-09-15T22:41:36Z
71,2,124984954,3688094,1520.0,40,,2026-09-15T16:11:22Z,2026-09-15T22:41:36Z
71,2,124878517,2220583,1530.0,367,,2026-09-13T16:27:52Z,2026-09-15T22:41:36Z
71,2,124908739,3688094,1530.0,1047,,2026-09-14T06:31:03Z,2026-09-15T22:41:36Z
71,2,124915107,5508802,1530.0,892,,2026-09-14T09:36:25Z,2026-09-15T22:41:36Z
71,2,124875417,4497966,1540.0,200,,2026-09-13T15:16:05Z,2026-09-15T22:41:36Z
71,2,124908725,3688094,1540.0,1047,,2026-09-14T06:30:32Z,2026-09-15T22:41:36Z
71,2,124803285,3688094,1550.0,3047,,2026-09-12T05:54:10Z,2026-09-15T22:41:36Z
71,2,124777758,3688094,1560.0,1047,,2026-09-11T16:40:46Z,2026-09-15T22:41:36Z
71,2,124741813,5528571,1570.0,778,,2026-09-10T23:57:32Z,2026-09-15T22:41:36Z
71,3,124984349,3688094,1530.0,1337,,2026-09-15T15:57:48Z,2026-09-15T22:41:36Z
71,3,124883578,2586242,1540.0,904,,2026-09-13T18:25:53Z,2026-09-15T22:41:36Z
71,3,124908511,3688094,1540.0,1037,,2026-09-14T06:24:44Z,2026-09-15T22:41:36Z
71,3,124865001,4855779,1550.0,73,,2026-09-13T11:06:55Z,2026-09-15T22:41:36Z
71,3,124869190,3688094,1550.0,4837,,2026-09-13T15:25:42Z,2026-09-15T22:41:36Z
71,3,124905785,5206735,1550.0,408,,2026-09-14T05:15:07Z,2026-09-15T22:41:36Z
71,3,124828178,3688094,1560.0,1037,,2026-09-12T16:53:30Z,2026-09-15T22:41:36Z
71,3,124778352,3688094,1570.0,3037,,2026-09-11T16:58:17Z,2026-09-15T22:41:36Z
71,3,124769726,3534844,1580.0,500,,2026-09-11T13:30:58Z,2026-09-15T22:41:36Z
71,3,124731447,4931104,1600.0,792,,2026-09-10T19:12:33Z,2026-09-15T22:41:36Z
71,3,124960328,5237050,1630.0,34,,2026-09-15T05:18:50Z,2026-09-15T22:41:36Z
71,4,124957841,93728,1540.0,3632,,2026-09-15T04:14:43Z,2026-09-15T22:41:36Z
71,4,124961960,3688094,1540.0,3027,,2026-09-15T06:03:49Z,2026-09-15T22:41:36Z
71,4,124937324,3688094,1550.0,2727,,2026-09-14T18:21:02Z,2026-09-15T22:41:36Z
71,4,124940931,93728,1550.0,10000,,2026-09-14T19:39:32Z,2026-09-15T22:41:36Z
71,4,124903018,93728,1560.0,14045,,2026-09-14T04:00:41Z,2026-09-15T22:41:36Z
71,4,124908425,3688094,1560.0,1027,,2026-09-14T06:22:52Z,2026-09-15T22:41:36Z
71,4,124845367,5329926,1570.0,129,,2026-09-13T01:16:50Z,2026-09-15T22:41:36Z
71,4,124854950,3688094,1570.0,1027,,2026-09-13T14:34:37Z,2026-09-15T22:41:36Z
71,4,124855062,93728,1570.0,2300,,2026-09-13T06:36:30Z,2026-09-15T22:41:36Z
71,4,124836139,93728,1580.0,2250,,2026-09-12T20:21:29Z,2026-09-15T22:41:36Z
71,4,124965257,3688094,1580.0,1027,,2026-09-15T07:38:11Z,2026-09-15T22:41:36Z
71,4,124803322,3688094,1590.0,1027,,2026-09-12T05:54:56Z,2026-09-15T22:41:36Z
71,4,124754052,3688094,1600.0,1027,,2026-09-11T06:29:40Z,2026-09-15T22:41:36Z
71,4,124816608,3688094,1610.0,127,,2026-09-12T11:55:34Z,2026-09-15T22:41:36Z
71,4,124816565,3688094,1620.0,127,,2026-09-12T11:54:31Z,2026-09-15T22:41:36Z
71,4,124816548,3688094,1630.0,127,,2026-09-12T11:54:08Z,2026-09-15T22:41:36Z
71,4,124816525,3688094,1640.0,127,,2026-09-12T11:53:28Z,2026-09-15T22:41:36Z
71,4,124646327,3688094,1660.0,339,,2026-09-09T05:18:30Z,2026-09-15T22:41:36Z
71,4,124646337,3688094,1670.0,127,,2026-09-09T05:18:45Z,2026-09-15T22:41:36Z
71,5,124970204,3900801,1640.0,2408,,2026-09-15T10:05:25Z,2026-09-15T22:41:36Z
71,5,124889343,5445113,1650.0,1787,,2026-09-13T20:38:22Z,2026-09-15T22:41:36Z
71,6,124806134,3688094,1680.0,506,,2026-09-12T07:04:48Z,2026-09-15T22:41:36Z
71,6,124806122,3688094,1690.0,1007,,2026-09-12T07:04:30Z,2026-09-15T22:41:36Z
71,6,124225367,3688094,1700.0,2007,,2026-09-03T06:19:55Z,2026-09-15T22:41:36Z
71,6,124602336,3688094,1720.0,1007,,2026-09-08T08:59:10Z,2026-09-15T22:41:36Z
71,6,124552608,3688094,1730.0,507,,2026-09-07T10:22:43Z,2026-09-15T22:41:36Z
71,6,124602351,3688094,1740.0,107,,2026-09-08T08:59:24Z,2026-09-15T22:41:36Z
71,6,124709866,3688094,1750.0,102,,2026-09-10T10:23:52Z,2026-09-15T22:41:36Z
71,7,124994910,4562209,1990.0,100,,2026-09-15T19:58:01Z,2026-09-15T22:41:36Z
71,7,124911986,4421154,2000.0,100,,2026-09-14T08:04:04Z,2026-09-15T22:41:36Z
71,7,124969765,3292355,2000.0,100,,2026-09-15T09:53:24Z,2026-09-15T22:41:36Z
71,7,124911991,4421154,2010.0,100,,2026-09-14T08:04:13Z,2026-09-15T22:41:36Z
71,7,124911993,4421154,2020.0,100,,2026-09-14T08:04:24Z,2026-09-15T22:41:36Z
71,7,124912003,4421154,2030.0,100,,2026-09-14T08:04:32Z,2026-09-15T22:41:36Z
71,7,124912007,4421154,2040.0,100,,2026-09-14T08:04:40Z,2026-09-15T22:41:36Z
71,7,124912011,4421154,2050.0,100,,2026-09-14T08:04:48Z,2026-09-15T22:41:36Z
71,7,124912014,4421154,2060.0,100,,2026-09-14T08:04:56Z,2026-09-15T22:41:36Z
71,7,124912020,4421154,2070.0,100,,2026-09-14T08:05:05Z,2026-09-15T22:41:36Z
71,7,124912026,4421154,2080.0,100,,2026-09-14T08:05:12Z,2026-09-15T22:41:36Z
71,7,124856136,4421154,2090.0,100,,2026-09-13T07:04:41Z,2026-09-15T22:41:36Z
71,7,124856147,4421154,2100.0,2100,,2026-09-13T07:04:53Z,2026-09-15T22:41:36Z
71,10,124593964,4096495,2990.0,1,,2026-09-08T05:01:59Z,2026-09-13T04:02:05Z
72,0,125001126,5833589,1.77,500,,2026-09-15T22:41:19Z,2026-09-15T22:41:48Z
72,0,125001036,5181054,1.78,467,,2026-09-15T22:38:47Z,2026-09-15T22:41:48Z
72,0,125001019,5800373,1.79,3568,,2026-09-15T22:38:21Z,2026-09-15T22:41:48Z
72,0,125001048,5702366,1.79,19361,,2026-09-15T22:39:08Z,2026-09-15T22:41:48Z
72,0,125000967,5837702,1.8,202,,2026-09-15T22:36:54Z,2026-09-15T22:41:48Z
72,0,125000971,5800131,1.8,3252,,2026-09-15T22:37:02Z,2026-09-15T22:41:48Z
72,0,124864862,5821694,1.81,340,,2026-09-13T11:03:16Z,2026-09-15T22:41:48Z
72,0,124878946,5420574,1.82,88067,,2026-09-13T16:38:08Z,2026-09-15T22:41:48Z
72,0,124856864,5814340,1.83,6,,2026-09-13T07:23:24Z,2026-09-15T22:41:48Z
72,0,124993609,5527359,1.84,1000,,2026-09-15T19:27:58Z,2026-09-15T22:41:48Z
72,0,124702761,5825903,1.85,230,,2026-09-10T07:07:05Z,2026-09-15T22:41:48Z
72,0,124789372,5739507,1.86,1000,,2026-09-11T21:45:38Z,2026-09-15T22:41:48Z
72,0,124843079,5811676,1.86,19,,2026-09-12T23:49:57Z,2026-09-15T22:41:48Z
72,0,124807360,5830083,1.89,531,,2026-09-12T07:34:22Z,2026-09-15T22:41:48Z
72,0,124610985,5756992,1.9,300,,2026-09-08T12:59:49Z,2026-09-15T22:41:48Z
72,0,124666988,5823167,1.9,2000,,2026-09-09T14:37:51Z,2026-09-15T22:41:48Z
72,0,124690059,5825439,1.9,100,,2026-09-10T00:52:27Z,2026-09-15T22:41:48Z
72,0,124715035,5763166,1.9,200,,2026-09-10T12:38:31Z,2026-09-15T22:41:48Z
72,0,124758438,5721010,1.9,10,,2026-09-11T08:36:06Z,2026-09-15T22:41:48Z
72,0,124814518,5828161,1.9,1000,,2026-09-12T10:56:47Z,2026-09-15T22:41:48Z
72,0,124819139,5647677,1.9,100,,2026-09-12T13:04:18Z,2026-09-15T22:41:48Z
72,0,124904627,5830761,1.9,550,,2026-09-14T04:43:34Z,2026-09-15T22:41:48Z
72,0,124809255,5828125,1.91,50,,2026-09-12T08:25:47Z,2026-09-15T22:41:48Z
72,0,124720642,5808840,1.92,500,,2026-09-10T14:46:20Z,2026-09-15T22:41:48Z
72,0,124768724,5828123,1.95,80,,2026-09-11T13:06:38Z,2026-09-15T22:41:48Z
72,0,124825913,5808707,1.95,300,,2026-09-12T15:57:30Z,2026-09-15T22:41:48Z
72,0,124990973,5834551,1.98,100,,2026-09-15T18:31:08Z,2026-09-15T22:41:48Z
72,0,124635277,5821823,1.99,900,,2026-09-08T23:07:44Z,2026-09-15T22:41:48Z
72,0,124777877,5815645,1.99,100,,2026-09-11T16:43:24Z,2026-09-15T22:41:48Z
72,0,124900885,5830761,1.99,500,,2026-09-14T02:53:49Z,2026-09-15T22:41:48Z
72,0,124636865,5790355,2.0,3333,,2026-09-09T00:05:28Z,2026-09-15T22:41:48Z
72,0,124674171,5806762,2.0,500,,2026-09-09T17:31:31Z,2026-09-15T22:41:48Z
72,0,124682711,5809560,2.0,1500,,2026-09-09T20:52:54Z,2026-09-15T22:41:48Z
72,0,124691933,5759134,2.0,1000,,2026-09-10T02:02:16Z,2026-09-15T22:41:48Z
72,0,124708749,5810287,2.0,700,,2026-09-10T09:53:25Z,2026-09-15T22:41:48Z
72,0,124784167,5828135,2.0,500,,2026-09-11T19:26:42Z,2026-09-15T22:41:48Z
72,0,124794460,5759088,2.0,85,,2026-09-12T00:42:56Z,2026-09-15T22:41:48Z
72,0,124808161,5821944,2.0,500,,2026-09-12T07:56:56Z,2026-09-15T22:41:48Z
72,0,124906245,5828011,2.0,200,,2026-09-14T05:24:54Z,2026-09-15T22:41:48Z
72,0,124906382,5789871,2.0,200,,2026-09-14T05:28:36Z,2026-09-15T22:41:48Z
72,0,124771287,5808840,2.05,500,,2026-09-11T14:13:07Z,2026-09-15T22:41:48Z
72,0,124692352,5759134,2.1,100,,2026-09-10T02:15:46Z,2026-09-15T22:41:48Z
72,0,124728895,5806794,2.15,1000,,2026-09-10T18:12:33Z,2026-09-15T22:41:48Z
72,1,124996182,5661280,1.81,6263,,2026-09-15T20:25:51Z,2026-09-15T22:41:48Z
72,1,124993928,5812940,1.82,26361,,2026-09-15T19:35:06Z,2026-09-15T22:41:48Z
72,1,124993346,5486951,1.83,9360,,2026-09-15T19:21:24Z,2026-09-15T22:41:48Z
72,1,124993444,5771305,1.83,42661,,2026-09-15T19:23:48Z,2026-09-15T22:41:48Z
72,1,124992777,5419750,1.84,62945,,2026-09-15T19:08:30Z,2026-09-15T22:41:48Z
72,1,124964154,5643944,1.9,2134,,2026-09-15T07:06:17Z,2026-09-15T22:41:48Z
72,2,125000969,5308551,1.8,12194,,2026-09-15T22:37:01Z,2026-09-15T22:41:48Z
72,2,124998862,3813514,1.81,78272,,2026-09-15T21:34:45Z,2026-09-15T22:41:48Z
72,2,124998454,5414545,1.82,150000,,2026-09-15T21:22:44Z,2026-09-15T22:41:48Z
72,2,124994777,5648427,1.83,3211,,2026-09-15T19:54:50Z,2026-09-15T22:41:48Z
72,2,124993163,4744106,1.84,674686,,2026-09-15T19:16:48Z,2026-09-15T22:41:48Z
72,2,124776519,5473264,1.85,30565,,2026-09-11T16:12:05Z,2026-09-15T22:41:48Z
72,2,124987556,3815652,1.85,100523,,2026-09-15T17:13:57Z,2026-09-15T22:41:48Z
72,2,124609803,4499345,1.9,125478,,2026-09-08T12:29:12Z,2026-09-15T22:41:48Z
72,3,124998360,3604817,1.83,200000,,2026-09-15T21:20:07Z,2026-09-15T22:41:48Z
72,3,124997663,5028483,1.84,236146,,2026-09-15T21:02:43Z,2026-09-15T22:41:48Z
72,3,124996957,4421821,1.85,100000,,2026-09-15T20:43:56Z,2026-09-15T22:41:48Z
72,3,124764101,3604817,1.86,148186,,2026-09-11T11:09:02Z,2026-09-15T22:41:48Z
72,3,124694797,5351239,1.88,19000,,2026-09-10T03:39:00Z,2026-09-15T22:41:48Z
72,3,124692668,3232656,1.89,17400,,2026-09-10T02:26:58Z,2026-09-15T22:41:48Z
72,3,124681317,5303585,1.91,276740,,2026-09-09T20:19:41Z,2026-09-15T22:41:48Z
72,3,124684516,5147701,1.95,60365,,2026-09-09T21:40:42Z,2026-09-15T22:41:48Z
72,4,124964989,5416711,1.88,91289,,2026-09-15T07:30:02Z,2026-09-15T22:41:48Z
72,4,124981199,3992073,1.88,1000000,,2026-09-15T14:44:59Z,2026-09-15T22:41:48Z
72,4,124702732,4041990,1.89,1301677,,2026-09-10T07:05:59Z,2026-09-15T22:41:48Z
72,4,124699323,4799663,1.9,100000,,2026-09-10T05:36:18Z,2026-09-15T22:41:48Z
72,4,124698132,3726884,1.91,178620,,2026-09-10T05:08:40Z,2026-09-15T22:41:48Z
72,4,124816435,3976637,2.4,320000,,2026-09-12T11:50:56Z,2026-09-15T22:41:48Z
72,5,124998026,4192899,2.4,300000,,2026-09-15T21:11:33Z,2026-09-15T22:41:48Z
72,5,124907566,4371452,2.45,264849,,2026-09-14T05:59:59Z,2026-09-15T22:41:48Z
72,5,124866483,4192899,2.55,553361,,2026-09-13T19:33:34Z,2026-09-15T22:41:48Z
72,5,124827315,4605852,2.65,314888,,2026-09-12T16:32:20Z,2026-09-15T22:41:48Z
72,5,124814341,4192899,2.7,220472,,2026-09-12T10:52:01Z,2026-09-15T22:41:48Z
72,5,124814159,3553330,2.75,300000,,2026-09-12T10:46:57Z,2026-09-15T22:41:48Z
72,5,124764034,1741695,2.85,8012,,2026-09-11T11:07:05Z,2026-09-15T22:41:48Z
72,5,124753055,4371452,2.95,400000,,2026-09-11T06:00:27Z,2026-09-15T22:41:48Z
72,5,124729724,4192899,3.0,500000,,2026-09-10T18:31:55Z,2026-09-15T22:41:48Z
72,5,124722013,4968766,3.05,289892,,2026-09-10T15:23:01Z,2026-09-15T22:41:48Z
72,6,124906834,280587,2.5,752068,,2026-09-14T05:40:19Z,2026-09-15T22:41:48Z
72,6,124801548,337631,3.65,52075,,2026-09-12T05:05:21Z,2026-09-15T22:41:48Z
72,6,124783121,823835,3.7,19000,,2026-09-11T19:00:34Z,2026-09-15T22:41:48Z
72,6,124732259,4749812,3.95,9999,,2026-09-10T19:30:55Z,2026-09-15T22:41:48Z
72,8,124971891,2128863,2.6,30292,,2026-09-15T10:51:00Z,2026-09-15T22:41:48Z
72,8,124820204,2726945,2.8,299640,,2026-09-12T13:30:45Z,2026-09-15T22:41:48Z
72,8,124788582,1471267,3.75,178765,,2026-09-11T21:23:09Z,2026-09-15T22:41:48Z
72,9,124757232,3388623,3.85,313207,,2026-09-11T08:01:13Z,2026-09-15T22:41:48Z
72,9,124865057,4968766,4.05,50000,,2026-09-13T11:08:34Z,2026-09-15T22:41:48Z
72,10,124943241,1456846,3.5,434313,,2026-09-14T20:32:27Z,2026-09-15T22:41:48Z
73,0,125001182,5227750,27.25,2645,,2026-09-15T22:42:49Z,2026-09-15T22:43:14Z
73,0,124998465,5696249,27.5,1920,-1766.0,2026-09-15T21:23:03Z,2026-09-15T22:43:14Z
73,0,124993398,5338393,27.75,3028,,2026-09-15T19:22:35Z,2026-09-15T22:43:14Z
73,0,124993379,5099335,28.0,849,,2026-09-15T19:22:10Z,2026-09-15T22:43:14Z
73,0,124998147,5783729,28.0,773,,2026-09-15T21:14:18Z,2026-09-15T22:43:14Z
73,0,124993313,3918406,28.25,9000,,2026-09-15T19:20:36Z,2026-09-15T22:43:14Z
73,0,124993301,681555,28.5,2000,,2026-09-15T19:20:19Z,2026-09-15T22:43:14Z
73,0,124990753,3179321,28.75,17806,,2026-09-15T18:26:23Z,2026-09-15T22:43:14Z
73,0,124993272,5449354,28.75,6500,,2026-09-15T19:19:42Z,2026-09-15T22:43:14Z
73,0,124686537,5756563,29.0,5,,2026-09-09T22:43:26Z,2026-09-15T22:43:14Z
73,0,124702586,5825903,29.0,120,,2026-09-10T07:01:57Z,2026-09-15T22:43:14Z
73,0,124706537,5362613,29.0,500,,2026-09-10T08:49:34Z,2026-09-15T22:43:14Z
73,0,124780529,5810287,29.0,65,,2026-09-11T17:52:02Z,2026-09-15T22:43:14Z
73,0,124826042,5821161,29.0,67,,2026-09-12T16:00:53Z,2026-09-15T22:43:14Z
73,0,124890127,5330001,29.0,2068,,2026-09-13T20:59:13Z,2026-09-15T22:43:14Z
73,0,124926730,5828161,29.0,10,,2026-09-14T14:21:18Z,2026-09-15T22:43:14Z
73,0,124982588,5827833,29.0,40,,2026-09-15T15:17:11Z,2026-09-15T22:43:14Z
73,0,124989035,5723485,29.0,3035,,2026-09-15T17:47:14Z,2026-09-15T22:43:14Z
73,0,124646375,5362613,29.25,1000,,2026-09-09T05:19:51Z,2026-09-15T22:43:14Z
73,0,124668932,5756557,29.75,350,,2026-09-09T15:24:12Z,2026-09-15T22:43:14Z
73,0,124605485,5821653,30.0,4,,2026-09-08T10:26:14Z,2026-09-15T22:43:14Z
73,0,124634496,5759134,30.0,41,,2026-09-08T22:43:39Z,2026-09-15T22:43:14Z
73,0,124643344,5806762,30.0,30,,2026-09-09T03:52:52Z,2026-09-15T22:43:14Z
73,0,124655309,5796365,30.0,20,,2026-09-09T09:38:36Z,2026-09-15T22:43:14Z
73,0,124662529,166823,30.0,11830,,2026-09-09T12:52:37Z,2026-09-15T22:43:14Z
73,0,124679225,5330001,30.0,14000,,2026-09-09T19:31:05Z,2026-09-15T22:43:14Z
73,0,124702463,5825897,30.0,10,,2026-09-10T06:57:59Z,2026-09-15T22:43:14Z
73,0,124729770,5809560,30.0,100,,2026-09-10T18:32:53Z,2026-09-15T22:43:14Z
73,0,124771793,5585626,30.0,5,,2026-09-11T14:24:23Z,2026-09-15T22:43:14Z
73,0,124786343,5817963,30.0,5,,2026-09-11T20:22:30Z,2026-09-15T22:43:14Z
73,0,124798636,5828678,30.0,100,,2026-09-12T03:20:19Z,2026-09-15T22:43:14Z
73,0,124874270,5828163,30.0,191,,2026-09-13T14:50:28Z,2026-09-15T22:43:14Z
73,0,124900964,5821100,30.0,10,,2026-09-14T02:56:03Z,2026-09-15T22:43:14Z
73,0,124973561,5784073,30.0,200,,2026-09-15T11:35:23Z,2026-09-15T22:43:14Z
73,0,124976185,5836213,30.0,47,,2026-09-15T12:43:31Z,2026-09-15T22:43:14Z
73,0,124984008,5828161,30.0,10,,2026-09-15T15:50:02Z,2026-09-15T22:43:14Z
73,0,124851093,5774014,30.5,100,,2026-09-13T04:44:24Z,2026-09-15T22:43:14Z
73,0,124667518,5793465,34.0,525,,2026-09-09T14:50:54Z,2026-09-15T22:43:14Z
73,0,124947055,5809560,34.0,75,,2026-09-14T22:12:21Z,2026-09-15T22:43:14Z
73,0,124637131,5739830,34.25,100,,2026-09-09T00:16:01Z,2026-09-15T22:43:14Z
73,1,125000925,1873114,27.75,19464,,2026-09-15T22:35:40Z,2026-09-15T22:43:14Z
73,1,124999065,5078328,28.0,5169,,2026-09-15T21:40:19Z,2026-09-15T22:43:14Z
73,1,124997563,5543440,28.25,9386,,2026-09-15T21:00:14Z,2026-09-15T22:43:14Z
73,1,124998051,5741245,28.25,333,,2026-09-15T21:11:58Z,2026-09-15T22:43:14Z
73,1,124997382,5558390,28.5,4700,,2026-09-15T20:55:00Z,2026-09-15T22:43:14Z
73,1,124996222,5661280,28.75,356,,2026-09-15T20:26:38Z,2026-09-15T22:43:14Z
73,1,124930058,5269446,29.0,24603,,2026-09-14T15:36:58Z,2026-09-15T22:43:14Z
73,1,124989199,4832708,29.0,50000,,2026-09-15T17:50:45Z,2026-09-15T22:43:14Z
73,1,124640705,5504877,29.5,18388,,2026-09-09T02:21:09Z,2026-09-15T22:43:14Z
73,1,124883421,4941984,29.5,128670,,2026-09-13T18:22:26Z,2026-09-15T22:43:14Z
73,1,124910369,4739816,29.75,5850,,2026-09-14T07:15:40Z,2026-09-15T22:43:14Z
73,1,124963467,4739816,30.0,1316,,2026-09-15T06:46:04Z,2026-09-15T22:43:14Z
73,2,125000958,5750937,27.75,287,-1427.0,2026-09-15T22:36:41Z,2026-09-15T22:43:14Z
73,2,125000391,2442893,28.0,89,,2026-09-15T22:18:44Z,2026-09-15T22:43:14Z
73,2,125000845,5569907,28.0,10000,,2026-09-15T22:33:02Z,2026-09-15T22:43:14Z
73,2,125000901,5675669,28.0,1603,,2026-09-15T22:34:47Z,2026-09-15T22:43:14Z
73,2,124998901,5071278,28.25,1112,,2026-09-15T21:35:50Z,2026-09-15T22:43:14Z
73,2,124998210,5044597,28.5,2948,,2026-09-15T21:16:10Z,2026-09-15T22:43:14Z
73,2,124997416,5171800,28.75,116,,2026-09-15T20:55:56Z,2026-09-15T22:43:14Z
73,2,124998918,4776308,28.75,4362,,2026-09-15T21:36:25Z,2026-09-15T22:43:14Z
73,2,124997111,5283324,29.0,11920,,2026-09-15T20:47:59Z,2026-09-15T22:43:14Z
73,2,124992583,5635846,29.25,1798,,2026-09-15T19:04:58Z,2026-09-15T22:43:14Z
73,2,124996172,4702852,29.25,34668,,2026-09-15T20:25:32Z,2026-09-15T22:43:14Z
73,2,124990647,2897890,29.5,888,,2026-09-15T18:24:05Z,2026-09-15T22:43:14Z
73,2,124990741,3179321,29.5,6000,,2026-09-15T18:26:13Z,2026-09-15T22:43:14Z
73,2,124995850,5276430,29.5,11638,,2026-09-15T20:17:28Z,2026-09-15T22:43:14Z
73,2,124646346,4885219,29.75,37795,,2026-09-09T05:19:08Z,2026-09-15T22:43:14Z
73,2,124792248,5103446,29.75,10000,,2026-09-11T23:22:20Z,2026-09-15T22:43:14Z
73,2,124891567,4639889,29.75,41150,,2026-09-13T21:38:31Z,2026-09-15T22:43:14Z
73,2,124988080,5631092,29.75,14771,,2026-09-15T17:26:27Z,2026-09-15T22:43:14Z
73,2,124636611,4721628,30.0,57458,,2026-09-08T23:55:00Z,2026-09-15T22:43:14Z
73,2,124650639,2526980,30.0,25960,,2026-09-09T07:15:21Z,2026-09-15T22:43:14Z
73,2,124911752,4698358,30.5,8328,,2026-09-14T07:55:57Z,2026-09-15T22:43:14Z
73,2,124742708,4721628,31.0,2096,,2026-09-11T00:29:01Z,2026-09-15T22:43:14Z
73,3,125001127,4528772,29.25,27570,,2026-09-15T22:41:22Z,2026-09-15T22:43:14Z
73,3,125000557,5082242,29.5,1496,,2026-09-15T22:23:37Z,2026-09-15T22:43:14Z
73,3,125000659,5486769,29.5,10000,,2026-09-15T22:26:40Z,2026-09-15T22:43:14Z
73,3,124983603,1959834,29.75,104301,,2026-09-15T15:39:55Z,2026-09-15T22:43:14Z
73,3,124997062,3281394,29.75,222222,,2026-09-15T20:46:49Z,2026-09-15T22:43:14Z
73,3,124631480,4277645,30.0,30309,,2026-09-08T21:07:01Z,2026-09-15T22:43:14Z
73,3,124922614,4920839,30.0,48331,,2026-09-14T12:44:48Z,2026-09-15T22:43:14Z
73,3,124940110,2213550,30.0,2857,,2026-09-14T19:21:39Z,2026-09-15T22:43:14Z
73,3,124941086,3068066,30.0,14460,,2026-09-14T19:42:51Z,2026-09-15T22:43:14Z
73,3,124633688,4300446,30.25,11668,,2026-09-08T22:13:34Z,2026-09-15T22:43:14Z
73,3,124981255,4277645,30.25,6926,,2026-09-15T14:46:19Z,2026-09-15T22:43:14Z
73,3,124983169,4504992,30.25,10000,,2026-09-15T15:30:11Z,2026-09-15T22:43:14Z
73,3,124679163,2213550,30.5,8979,,2026-09-09T19:30:04Z,2026-09-15T22:43:14Z
73,3,124897874,5580817,30.5,10000,,2026-09-14T01:12:24Z,2026-09-15T22:43:14Z
73,3,123543138,3464780,31.5,292058,,2026-09-03T16:34:02Z,2026-09-15T22:43:14Z
73,3,124748545,1878657,32.0,18,,2026-09-11T03:56:59Z,2026-09-15T22:43:14Z
73,3,124729399,1117810,33.5,538335,,2026-09-10T18:24:09Z,2026-09-15T22:43:14Z
73,3,124899458,2711607,38.0,76809,,2026-09-14T02:05:06Z,2026-09-15T22:43:14Z
73,4,124989568,5312364,30.0,10500,,2026-09-15T17:58:55Z,2026-09-15T22:43:14Z
73,4,124904507,3726884,30.5,11194,,2026-09-14T04:40:22Z,2026-09-15T22:43:14Z
73,4,124574118,5180839,30.75,72985,,2026-09-07T18:58:28Z,2026-09-15T22:43:14Z
73,4,124950608,4684935,31.0,8061,,2026-09-15T00:18:48Z,2026-09-15T22:43:14Z
73,5,124996188,3546531,30.0,7225,,2026-09-15T20:25:55Z,2026-09-15T22:43:14Z
73,5,124987128,4718561,30.25,10313,,2026-09-15T17:03:51Z,2026-09-15T22:43:14Z
73,5,124973481,4718561,30.5,5699,,2026-09-15T11:33:40Z,2026-09-15T22:43:14Z
73,5,124992922,5127123,30.5,23031,,2026-09-15T19:11:46Z,2026-09-15T22:43:14Z
73,5,124938964,4718561,30.75,3466,,2026-09-14T18:58:21Z,2026-09-15T22:43:14Z
73,5,124953203,3593054,30.75,11134,,2026-09-15T01:42:52Z,2026-09-15T22:43:14Z
73,5,124988393,5188736,30.75,100000,,2026-09-15T17:32:55Z,2026-09-15T22:43:14Z
73,5,124774988,3071339,31.0,58804,,2026-09-11T15:38:02Z,2026-09-15T22:43:14Z
73,5,124453834,3638137,31.5,102335,,2026-09-05T11:25:20Z,2026-09-15T22:43:14Z
73,6,124802380,2318463,33.25,82000,,2026-09-12T05:28:31Z,2026-09-15T22:43:14Z
73,7,124999715,1804751,33.0,25000,,2026-09-15T21:57:55Z,2026-09-15T22:43:14Z
73,7,124953779,1804751,33.25,50000,,2026-09-15T02:02:23Z,2026-09-15T22:43:14Z
73,7,124798945,1804751,33.5,50000,,2026-09-12T03:30:49Z,2026-09-15T22:43:14Z
73,7,124758760,1804751,33.75,48418,,2026-09-11T08:45:26Z,2026-09-15T22:43:14Z
73,7,124646920,1804751,34.0,50000,,2026-09-09T05:32:53Z,2026-09-15T22:43:14Z
73,10,124968332,159828,33.25,310,,2026-09-15T09:11:58Z,2026-09-15T22:43:14Z
73,10,124832480,159828,33.5,22195,,2026-09-12T18:45:36Z,2026-09-15T22:43:14Z
73,10,124795196,159828,33.75,25000,,2026-09-12T01:12:44Z,2026-09-15T22:43:14Z
73,10,124658422,159828,34.0,23000,,2026-09-09T11:06:18Z,2026-09-15T22:43:14Z
74,0,125000892,5745923,19.9,478,,2026-09-15T22:34:29Z,2026-09-15T22:40:18Z
74,0,125000193,2541488,20.0,6419,,2026-09-15T22:11:55Z,2026-09-15T22:40:18Z
74,0,125000203,5638742,20.0,10116,,2026-09-15T22:12:24Z,2026-09-15T22:40:18Z
74,0,125000747,5806048,20.0,1281,,2026-09-15T22:29:14Z,2026-09-15T22:40:18Z
74,0,125000860,4520132,20.0,5318,,2026-09-15T22:33:24Z,2026-09-15T22:40:18Z
74,0,124997772,4567154,20.25,1176,,2026-09-15T21:05:44Z,2026-09-15T22:40:18Z
74,0,125001026,5702366,20.25,3789,,2026-09-15T22:38:32Z,2026-09-15T22:40:18Z
74,0,124997223,5476775,20.5,1560,,2026-09-15T20:50:53Z,2026-09-15T22:40:18Z
74,0,124996872,5241372,20.75,1580,,2026-09-15T20:41:38Z,2026-09-15T22:40:18Z
74,0,124996415,5386632,21.0,5737,,2026-09-15T20:30:49Z,2026-09-15T22:40:18Z
74,0,124996458,5081428,21.0,112,,2026-09-15T20:31:53Z,2026-09-15T22:40:18Z
74,0,124955816,5631183,21.25,3169,,2026-09-15T03:15:37Z,2026-09-15T22:40:18Z
74,0,124955783,5824117,21.5,1516,,2026-09-15T03:14:28Z,2026-09-15T22:40:18Z
74,0,124972636,5559732,21.5,1000,,2026-09-15T11:11:15Z,2026-09-15T22:40:18Z
74,0,124955435,5827781,21.75,246,,2026-09-15T03:03:47Z,2026-09-15T22:40:18Z
74,0,124972629,5559732,21.75,1000,,2026-09-15T11:11:04Z,2026-09-15T22:40:18Z
74,0,124955384,5241372,22.0,6005,,2026-09-15T03:02:14Z,2026-09-15T22:40:18Z
74,0,124972617,5559732,22.0,1000,,2026-09-15T11:10:47Z,2026-09-15T22:40:18Z
74,0,124948914,5682339,22.25,863,,2026-09-14T23:16:13Z,2026-09-15T22:40:18Z
74,0,124953987,5817074,22.25,177,,2026-09-15T02:09:58Z,2026-09-15T22:40:18Z
74,0,124948919,5147835,22.5,751,,2026-09-14T23:16:20Z,2026-09-15T22:40:18Z
74,0,124950624,5702366,22.5,2296,,2026-09-15T00:19:19Z,2026-09-15T22:40:18Z
74,0,124948197,5766637,22.75,611,,2026-09-14T22:52:47Z,2026-09-15T22:40:18Z
74,0,124948136,5535220,23.0,468,,2026-09-14T22:50:29Z,2026-09-15T22:40:18Z
74,0,124891586,5784790,23.25,5583,,2026-09-13T21:39:16Z,2026-09-15T22:40:18Z
74,0,124891419,3815652,23.5,7951,,2026-09-13T21:34:18Z,2026-09-15T22:40:18Z
74,0,124932884,4999201,23.5,1636,,2026-09-14T16:40:28Z,2026-09-15T22:40:18Z
74,0,124948192,5465535,23.5,1318,,2026-09-14T22:52:35Z,2026-09-15T22:40:18Z
74,0,124784887,5633471,24.0,348,,2026-09-11T19:46:08Z,2026-09-15T22:40:18Z
74,0,124910070,5362613,24.0,1000,,2026-09-14T07:07:35Z,2026-09-15T22:40:18Z
74,0,124723365,5812446,25.0,5,,2026-09-10T15:52:54Z,2026-09-15T22:40:18Z
74,0,124811894,5288231,25.0,159,,2026-09-12T09:43:15Z,2026-09-15T22:40:18Z
74,0,124914604,1999762,25.5,9998,,2026-09-14T09:22:03Z,2026-09-15T22:40:18Z
74,1,125000926,5705252,21.5,7609,,2026-09-15T22:35:43Z,2026-09-15T22:40:18Z
74,1,125000624,5690365,21.75,367,,2026-09-15T22:25:44Z,2026-09-15T22:40:18Z
74,1,124997438,5796381,22.0,4474,,2026-09-15T20:56:34Z,2026-09-15T22:40:18Z
74,1,124991722,373844,22.5,5772,,2026-09-15T18:46:28Z,2026-09-15T22:40:18Z
74,1,124975660,5356588,22.75,4549,,2026-09-15T12:30:10Z,2026-09-15T22:40:18Z
74,1,124986619,4996712,22.75,14763,,2026-09-15T16:50:39Z,2026-09-15T22:40:18Z
74,1,124995009,3709386,22.75,21002,,2026-09-15T19:59:57Z,2026-09-15T22:40:18Z
74,1,124948610,3606965,23.25,3720,,2026-09-14T23:07:26Z,2026-09-15T22:40:18Z
74,1,124948834,5145731,23.5,3376,,2026-09-14T23:13:36Z,2026-09-15T22:40:18Z
74,1,124928030,3036034,23.75,14386,,2026-09-14T14:54:35Z,2026-09-15T22:40:18Z
74,2,125001082,5458305,24.25,5000,,2026-09-15T22:40:07Z,2026-09-15T22:40:18Z
74,2,124998779,4070158,24.5,928,,2026-09-15T21:32:01Z,2026-09-15T22:40:18Z
74,2,125000898,2694792,24.5,222222,,2026-09-15T22:34:44Z,2026-09-15T22:40:18Z
74,2,124945271,5670958,24.75,207,,2026-09-14T21:24:55Z,2026-09-15T22:40:18Z
74,2,124944932,3568405,25.0,128,,2026-09-14T21:15:28Z,2026-09-15T22:40:18Z
74,2,124945035,4847246,25.0,5291,,2026-09-14T21:17:37Z,2026-09-15T22:40:18Z
74,3,124945226,5586001,25.0,4937,,2026-09-14T21:23:29Z,2026-09-15T22:40:18Z
74,3,125000915,1037915,25.0,79649,,2026-09-15T22:35:19Z,2026-09-15T22:40:18Z
74,3,124716803,394146,25.25,74789,,2026-09-10T13:18:52Z,2026-09-15T22:40:18Z
74,3,124934881,394146,25.75,88194,,2026-09-14T17:26:11Z,2026-09-15T22:40:18Z
74,3,124821582,2658695,26.0,5519,,2026-09-12T14:05:10Z,2026-09-15T22:40:18Z
74,3,124943594,4429574,26.75,12221,,2026-09-14T20:40:37Z,2026-09-15T22:40:18Z
74,4,124945604,5039983,24.75,10904,,2026-09-14T21:33:35Z,2026-09-15T22:40:18Z
74,4,124909246,5058781,25.25,36981,,2026-09-14T06:44:27Z,2026-09-15T22:40:18Z
74,4,124893301,710761,25.5,64789,,2026-09-13T22:33:04Z,2026-09-15T22:40:18Z
74,4,125000494,1533578,26.0,26000,,2026-09-15T22:21:23Z,2026-09-15T22:40:18Z
74,4,124890132,1533578,26.5,15000,,2026-09-13T20:59:24Z,2026-09-15T22:40:18Z
74,4,125000488,1533578,27.0,27000,,2026-09-15T22:21:18Z,2026-09-15T22:40:18Z
74,4,125000483,1533578,27.5,27500,,2026-09-15T22:21:08Z,2026-09-15T22:40:18Z
74,5,124887437,3250964,26.75,16555,,2026-09-13T19:54:56Z,2026-09-15T22:40:18Z
74,6,124448867,4914812,24.25,2195,,2026-09-05T08:59:23Z,2026-09-06T08:59:50Z
74,8,124571496,451964,27.0,11740,,2026-09-07T17:56:25Z,2026-09-15T06:32:26Z
74,10,124995556,1340545,28.0,1000000,,2026-09-15T20:11:29Z,2026-09-15T22:40:18Z
74,10,124995439,1340545,29.0,1000000,,2026-09-15T20:08:47Z,2026-09-15T22:40:18Z
74,10,124995416,1340545,30.0,1000000,,2026-09-15T20:08:28Z,2026-09-15T22:40:18Z
74,10,124995368,1340545,31.0,1000000,,2026-09-15T20:07:21Z,2026-09-15T22:40:18Z
74,10,124995312,1340545,32.0,1000000,,2026-09-15T20:06:04Z,2026-09-15T22:40:18Z
74,12,124621426,4749812,36.0,497,,2026-09-08T17:10:08Z,2026-09-15T22:40:18Z
75,0,125000913,5465535,5.8,3273,,2026-09-15T22:35:09Z,2026-09-15T22:44:07Z
75,0,125000419,3466962,5.9,363434,,2026-09-15T22:19:25Z,2026-09-15T22:44:07Z
75,0,124999916,2541488,6.0,18528,,2026-09-15T22:06:20Z,2026-09-15T22:44:07Z
75,0,125000411,5820544,6.0,342,,2026-09-15T22:19:17Z,2026-09-15T22:44:07Z
75,0,124989860,5775262,6.1,1266,,2026-09-15T18:04:47Z,2026-09-15T22:44:07Z
75,0,124984580,5767190,6.2,27331,,2026-09-15T16:03:33Z,2026-09-15T22:44:07Z
75,0,124985847,5534260,6.2,4105,,2026-09-15T16:33:25Z,2026-09-15T22:44:07Z
75,0,124982012,5804811,6.3,1521,,2026-09-15T15:04:37Z,2026-09-15T22:44:07Z
75,0,124994700,5764705,6.3,2250,,2026-09-15T19:52:59Z,2026-09-15T22:44:07Z
75,0,124854766,3600948,6.4,12848,,2026-09-13T06:28:37Z,2026-09-15T22:44:07Z
75,0,124856881,5474697,6.4,116493,,2026-09-13T07:23:53Z,2026-09-15T22:44:07Z
75,0,124884166,5817082,6.4,3145,,2026-09-13T18:40:42Z,2026-09-15T22:44:07Z
75,0,124921700,3904031,6.5,67366,,2026-09-14T12:23:36Z,2026-09-15T22:44:07Z
75,0,124979488,5465535,6.5,1482,,2026-09-15T14:02:18Z,2026-09-15T22:44:07Z
75,0,123935144,5569932,6.7,137062,,2026-09-03T20:44:20Z,2026-09-15T22:44:07Z
75,0,124229715,5569932,6.8,190367,,2026-09-04T02:23:42Z,2026-09-15T22:44:07Z
75,0,124608079,4131710,7.2,768650,,2026-09-08T11:40:06Z,2026-09-15T22:44:07Z
75,1,124870034,3406125,6.4,1737765,,2026-09-13T13:10:14Z,2026-09-15T22:44:07Z
75,1,124997580,5796381,6.4,31617,,2026-09-15T21:00:51Z,2026-09-15T22:44:07Z
75,1,124798094,5664969,6.5,15000,,2026-09-12T03:03:39Z,2026-09-15T22:44:07Z
75,1,124605212,1272630,6.6,49020,,2026-09-08T10:19:38Z,2026-09-15T22:44:07Z
75,1,124608084,4131710,7.3,300480,,2026-09-08T11:40:17Z,2026-09-15T22:44:07Z
75,2,124993288,3179321,6.4,11113,,2026-09-15T19:20:08Z,2026-09-15T22:44:07Z
75,2,124996110,5368644,6.4,149780,,2026-09-15T20:23:34Z,2026-09-15T22:44:07Z
75,2,124866120,5257156,6.5,738495,,2026-09-13T11:36:46Z,2026-09-15T22:44:07Z
75,2,124881081,5188436,6.5,9021,,2026-09-13T17:28:07Z,2026-09-15T22:44:07Z
75,2,124928965,3904031,6.5,100,,2026-09-14T15:14:41Z,2026-09-15T22:44:07Z
75,2,124937713,1937269,6.5,400000,,2026-09-14T18:29:31Z,2026-09-15T22:44:07Z
75,2,124488470,5257156,6.6,291091,,2026-09-06T03:55:44Z,2026-09-15T22:44:07Z
75,2,124490935,1924430,6.6,97976,,2026-09-06T05:17:36Z,2026-09-15T22:44:07Z
75,2,124654370,1937269,6.6,200000,,2026-09-09T09:10:29Z,2026-09-15T22:44:07Z
75,2,124680690,5188436,6.6,3413,,2026-09-09T20:06:47Z,2026-09-15T22:44:07Z
75,2,124735669,4722863,6.6,171420,,2026-09-10T20:50:56Z,2026-09-15T22:44:07Z
75,2,124744193,5569932,6.8,48711,,2026-09-11T01:22:55Z,2026-09-15T22:44:07Z
75,2,124757014,3426657,6.8,49580,,2026-09-11T07:53:17Z,2026-09-15T22:44:07Z
75,2,124991603,5569932,6.9,25874,,2026-09-15T18:43:51Z,2026-09-15T22:44:07Z
75,2,124671367,5569932,7.0,4207,,2026-09-09T16:20:44Z,2026-09-15T22:44:07Z
75,2,124715604,2329758,7.3,7992,,2026-09-10T12:50:12Z,2026-09-15T22:44:07Z
75,2,124608089,4131710,7.5,528480,,2026-09-08T11:40:25Z,2026-09-15T22:44:07Z
75,3,124796220,2161471,6.6,76739,,2026-09-12T01:52:57Z,2026-09-15T22:44:07Z
75,3,124850046,1232397,6.6,7581,,2026-09-13T04:09:02Z,2026-09-15T22:44:07Z
75,3,124862780,1965416,6.6,300000,,2026-09-13T10:06:07Z,2026-09-15T22:44:07Z
75,3,124651397,4392236,6.7,85417,,2026-09-09T07:38:15Z,2026-09-15T22:44:07Z
75,3,124853925,3874353,6.9,300000,,2026-09-13T06:07:10Z,2026-09-15T22:44:07Z
75,4,125001098,3179321,6.7,44058,,2026-09-15T22:40:27Z,2026-09-15T22:44:07Z
75,4,125001090,4755426,6.8,404576,,2026-09-15T22:40:19Z,2026-09-15T22:44:07Z
75,4,124615574,451773,6.9,31067,,2026-09-08T14:51:03Z,2026-09-15T22:44:07Z
75,4,124635868,41091,6.9,80000,,2026-09-08T23:27:59Z,2026-09-15T22:44:07Z
75,4,124849391,1533578,6.9,11111,,2026-09-13T03:47:58Z,2026-09-15T22:44:07Z
75,4,124615580,451773,7.0,99999,,2026-09-08T14:51:11Z,2026-09-15T22:44:07Z
75,4,124630439,1456556,7.1,12035,,2026-09-08T20:39:03Z,2026-09-15T22:44:07Z
75,5,125001088,4755426,6.8,74666,,2026-09-15T22:40:14Z,2026-09-15T22:44:07Z
75,5,125000902,3596658,6.9,70947,,2026-09-15T22:34:48Z,2026-09-15T22:44:07Z
75,5,124843808,1533578,7.5,75000,,2026-09-13T00:16:27Z,2026-09-15T22:44:07Z
75,5,124843798,1533578,7.7,100000,,2026-09-13T00:15:58Z,2026-09-15T22:44:07Z
75,5,124843794,1533578,7.8,200000,,2026-09-13T00:15:49Z,2026-09-15T22:44:07Z
75,5,124843792,1533578,7.9,300000,,2026-09-13T00:15:43Z,2026-09-15T22:44:07Z
75,5,124843788,1533578,8.0,400000,,2026-09-13T00:15:35Z,2026-09-15T22:44:07Z
75,5,124843784,1533578,8.2,400000,,2026-09-13T00:15:29Z,2026-09-15T22:44:07Z
75,7,124866979,2095230,6.9,95472,,2026-09-13T11:57:29Z,2026-09-15T21:57:26Z
75,8,124734696,3082984,7.0,5691580,,2026-09-10T20:29:17Z,2026-09-15T22:44:07Z
75,8,124708331,456751,7.1,600000,,2026-09-10T09:40:38Z,2026-09-15T22:44:07Z
75,8,124698438,337631,7.3,300000,,2026-09-10T05:15:16Z,2026-09-15T22:44:07Z
75,9,124664239,1637577,7.6,421854,,2026-09-09T13:34:17Z,2026-09-15T22:44:07Z
75,10,124866821,1637577,8.0,1521619,,2026-09-13T11:53:43Z,2026-09-15T22:44:07Z
75,11,124756550,1693424,8.8,122814,,2026-09-11T07:38:28Z,2026-09-15T22:44:07Z
76,0,125000699,5798578,58.0,5743,,2026-09-15T22:27:48Z,2026-09-15T22:43:45Z
76,0,124999870,5692005,58.5,104,,2026-09-15T22:03:24Z,2026-09-15T22:43:45Z
76,0,124998743,5787378,59.0,3033,,2026-09-15T21:30:41Z,2026-09-15T22:43:45Z
76,0,124999808,4450083,59.0,9802,,2026-09-15T22:01:28Z,2026-09-15T22:43:45Z
76,0,124859668,5823581,60.0,594,,2026-09-13T17:59:05Z,2026-09-15T22:43:45Z
76,0,124939898,2940478,60.0,4371,,2026-09-14T19:17:32Z,2026-09-15T22:43:45Z
76,0,124969928,352461,60.0,27289,,2026-09-15T09:58:28Z,2026-09-15T22:43:45Z
76,0,124834283,5714115,60.5,560,,2026-09-12T19:32:27Z,2026-09-15T22:43:45Z
76,0,124834308,5725039,60.5,3021,,2026-09-12T19:33:01Z,2026-09-15T22:43:45Z
76,0,124689244,4735374,61.0,1250,,2026-09-10T00:21:14Z,2026-09-15T22:43:45Z
76,0,124897511,5664699,61.0,3719,,2026-09-14T01:01:38Z,2026-09-15T22:43:45Z
76,0,124679856,5290469,61.5,9326,,2026-09-09T19:47:01Z,2026-09-15T22:43:45Z
76,0,124880669,5664699,61.5,1630,,2026-09-13T17:18:59Z,2026-09-15T22:43:45Z
76,0,124628336,5290469,63.0,17420,,2026-09-08T19:50:55Z,2026-09-15T22:43:45Z
76,0,124680490,5290469,63.5,345,,2026-09-09T20:02:29Z,2026-09-15T22:43:45Z
76,1,124999184,5377342,59.0,9192,,2026-09-15T21:44:01Z,2026-09-15T22:43:45Z
76,1,124993258,1818678,60.0,138,,2026-09-15T19:19:30Z,2026-09-15T22:43:45Z
76,1,124728360,978792,61.5,18660,,2026-09-10T17:59:37Z,2026-09-15T22:43:45Z
76,1,124603781,4971456,62.0,1267,,2026-09-08T09:40:39Z,2026-09-15T22:43:45Z
76,1,124605751,5088236,62.0,4516,,2026-09-08T10:33:03Z,2026-09-15T22:43:45Z
76,2,124997471,1671069,59.5,9454,,2026-09-15T20:57:44Z,2026-09-15T22:43:45Z
76,2,124994685,4755458,60.0,51780,,2026-09-15T19:52:33Z,2026-09-15T22:43:45Z
76,2,124999415,5634761,60.5,1200,,2026-09-15T21:50:11Z,2026-09-15T22:43:45Z
76,2,124982959,5418106,61.0,7072,,2026-09-15T15:25:44Z,2026-09-15T22:43:45Z
76,2,124991998,5634761,61.0,5529,,2026-09-15T18:52:15Z,2026-09-15T22:43:45Z
76,2,124953079,4097662,61.5,11647,,2026-09-15T01:39:06Z,2026-09-15T22:43:45Z
76,2,124970306,3740586,61.5,909,,2026-09-15T10:07:40Z,2026-09-15T22:43:45Z
76,2,124973770,5634761,62.0,1900,,2026-09-15T11:40:38Z,2026-09-15T22:43:45Z
76,2,124977431,5166034,62.0,2250,,2026-09-15T13:14:30Z,2026-09-15T22:43:45Z
76,2,124737310,5602400,62.5,10000,,2026-09-10T21:32:45Z,2026-09-15T22:43:45Z
76,2,124779857,3740586,62.5,55,,2026-09-11T17:34:35Z,2026-09-15T22:43:45Z
76,2,124708790,3740586,63.0,1583,,2026-09-10T09:54:35Z,2026-09-15T22:43:45Z
76,2,124748817,5166034,63.0,2000,,2026-09-11T04:05:02Z,2026-09-15T22:43:45Z
76,2,124993287,1267280,63.0,1875,,2026-09-15T19:20:08Z,2026-09-15T22:43:45Z
76,2,124814949,3740586,63.5,305,,2026-09-12T11:09:06Z,2026-09-15T22:43:45Z
76,2,124454361,3740586,64.0,1922,,2026-09-05T11:37:53Z,2026-09-15T22:43:45Z
76,2,124786727,4203120,64.0,1,,2026-09-11T20:31:23Z,2026-09-15T22:43:45Z
76,2,124955373,1267280,65.5,5250,,2026-09-15T03:01:59Z,2026-09-15T22:43:45Z
76,3,125000903,5609601,61.5,346,,2026-09-15T22:34:53Z,2026-09-15T22:43:45Z
76,3,124983822,5609601,62.0,554,,2026-09-15T15:45:29Z,2026-09-15T22:43:45Z
76,3,124990157,4707924,62.0,50000,,2026-09-15T18:12:10Z,2026-09-15T22:43:45Z
76,3,124953811,3052194,62.5,14861,,2026-09-15T02:03:34Z,2026-09-15T22:43:45Z
76,3,124718392,4707924,63.0,50000,,2026-09-10T13:55:24Z,2026-09-15T22:43:45Z
76,3,124736275,4277645,63.0,865,,2026-09-10T21:05:34Z,2026-09-15T22:43:45Z
76,3,124931697,4152379,63.0,9683,,2026-09-14T16:14:01Z,2026-09-15T22:43:45Z
76,3,124731371,5296187,64.0,51227,,2026-09-10T19:11:00Z,2026-09-15T22:43:45Z
76,3,124652701,3483921,65.0,14816,,2026-09-09T08:19:42Z,2026-09-15T22:43:45Z
76,3,124970791,1117810,67.0,148567,,2026-09-15T10:21:16Z,2026-09-15T22:43:45Z
76,4,125001097,5683426,61.5,2445,,2026-09-15T22:40:26Z,2026-09-15T22:43:45Z
76,4,124997383,3516367,62.0,59889,,2026-09-15T20:55:02Z,2026-09-15T22:43:45Z
76,4,124974431,3022228,62.5,93000,,2026-09-15T11:58:22Z,2026-09-15T22:43:45Z
76,4,124982157,5537094,62.5,1696,,2026-09-15T15:07:59Z,2026-09-15T22:43:45Z
76,4,124991860,5573130,62.5,4092,,2026-09-15T18:49:02Z,2026-09-15T22:43:45Z
76,4,124977373,5703311,63.0,23,,2026-09-15T13:13:37Z,2026-09-15T22:43:45Z
76,4,124711153,2287649,64.0,35759,,2026-09-10T11:01:07Z,2026-09-15T22:43:45Z
76,4,124625163,2347399,64.5,12623,,2026-09-08T18:40:35Z,2026-09-15T22:43:45Z
76,4,124653425,4926356,65.0,9,,2026-09-09T08:41:51Z,2026-09-15T22:43:45Z
76,4,124951016,1712849,65.0,50000,,2026-09-15T00:33:38Z,2026-09-15T22:43:45Z
76,4,124653424,4926356,65.5,9,,2026-09-09T08:42:04Z,2026-09-15T22:43:45Z
76,4,124653422,4926356,66.0,9,,2026-09-09T08:41:39Z,2026-09-15T22:43:45Z
76,4,124653420,4926356,66.5,9,,2026-09-09T08:41:34Z,2026-09-15T22:43:45Z
76,5,124987160,4556792,63.0,4760,,2026-09-15T17:04:45Z,2026-09-15T22:43:45Z
76,5,124986268,631794,63.5,33309,,2026-09-15T16:43:09Z,2026-09-15T22:43:45Z
76,5,124997353,4358128,63.5,21829,,2026-09-15T20:54:21Z,2026-09-15T22:43:45Z
76,5,124982257,3082694,64.0,150000,,2026-09-15T15:09:58Z,2026-09-15T22:43:45Z
76,5,124647832,1849035,65.0,80448,,2026-09-09T05:57:17Z,2026-09-15T22:43:45Z
76,5,124764509,631794,65.0,11343,,2026-09-11T11:18:33Z,2026-09-15T22:43:45Z
76,5,124639310,3908122,65.5,1,,2026-09-09T01:30:36Z,2026-09-15T22:43:45Z
76,5,124557352,1477491,66.5,51117,,2026-09-07T12:30:28Z,2026-09-15T22:43:45Z
76,5,124630344,4358128,66.5,20457,,2026-09-08T20:36:42Z,2026-09-15T22:43:45Z
76,5,124900911,1477491,67.0,22424,,2026-09-14T02:54:29Z,2026-09-15T22:43:45Z
76,6,124993944,3160690,63.5,11016,,2026-09-15T19:35:21Z,2026-09-15T22:43:45Z
76,6,124983056,3647948,64.0,71345,,2026-09-15T15:27:28Z,2026-09-15T22:43:45Z
76,6,124981564,3596658,64.5,57328,,2026-09-15T14:55:34Z,2026-09-15T22:43:45Z
76,6,124894320,3596658,65.0,100000,,2026-09-13T23:07:31Z,2026-09-15T22:43:45Z
76,6,124858721,3596658,65.5,30000,,2026-09-13T08:11:34Z,2026-09-15T22:43:45Z
76,6,124736062,3596658,68.0,100000,,2026-09-10T21:00:57Z,2026-09-15T22:43:45Z
76,6,124580478,3596658,70.0,52220,,2026-09-07T21:29:14Z,2026-09-15T22:43:45Z
76,6,124625942,1456556,73.0,45788,,2026-09-08T18:57:09Z,2026-09-15T22:43:45Z
76,7,124888807,3314161,65.0,75817,,2026-09-13T20:26:02Z,2026-09-15T22:43:45Z
76,7,124895331,651814,65.0,1,,2026-09-13T23:43:33Z,2026-09-15T22:43:45Z
76,7,124765039,651814,66.0,1,,2026-09-11T11:30:47Z,2026-09-15T22:43:45Z
76,7,124765046,651814,68.5,1,,2026-09-11T11:31:00Z,2026-09-15T22:43:45Z
76,7,124765033,651814,69.0,1,,2026-09-11T11:30:39Z,2026-09-15T22:43:45Z
76,7,124731691,651814,69.5,1,,2026-09-10T19:18:05Z,2026-09-15T22:43:45Z
76,7,124731688,651814,70.0,1,,2026-09-10T19:18:01Z,2026-09-15T22:43:45Z
76,7,124998377,3314161,70.0,100000,,2026-09-15T21:20:29Z,2026-09-15T22:43:45Z
76,7,124644240,372821,70.5,25585,,2026-09-09T04:19:29Z,2026-09-15T22:43:45Z
76,7,124617329,651814,71.0,1,,2026-09-08T15:30:39Z,2026-09-15T22:43:45Z
76,7,124617325,651814,71.5,1,,2026-09-08T15:30:34Z,2026-09-15T22:43:45Z
76,7,124602493,651814,72.0,1,,2026-09-08T09:03:05Z,2026-09-15T22:43:45Z
76,7,124602486,651814,72.5,1,,2026-09-08T09:03:00Z,2026-09-15T22:43:45Z
76,8,124966706,651814,74.0,1,,2026-09-15T08:22:46Z,2026-09-15T22:43:45Z
76,8,124966703,651814,74.5,1,,2026-09-15T08:22:40Z,2026-09-15T22:43:45Z
76,8,124966699,651814,75.0,1,,2026-09-15T08:22:34Z,2026-09-15T22:43:45Z
76,8,124976224,3656779,75.0,200000,,2026-09-15T12:44:26Z,2026-09-15T22:43:45Z
76,8,124895352,651814,79.5,1000,,2026-09-13T23:44:23Z,2026-09-15T22:43:45Z
76,9,124965351,1331281,75.0,15127,,2026-09-15T07:41:32Z,2026-09-15T22:43:45Z
76,9,124864160,3040805,80.0,100000,,2026-09-13T10:45:09Z,2026-09-15T22:43:45Z
76,9,124895362,651814,80.0,1000,,2026-09-13T23:44:37Z,2026-09-15T22:43:45Z
76,9,124943306,1456556,81.0,77777,,2026-09-14T20:34:23Z,2026-09-15T22:43:45Z
76,9,124603055,1456556,88.5,77777,,2026-09-08T09:21:32Z,2026-09-15T22:43:45Z
76,10,124989409,451964,81.5,10000,,2026-09-15T17:55:56Z,2026-09-15T22:43:45Z
76,10,124840326,2320682,82.0,8000,,2026-09-12T22:13:47Z,2026-09-15T22:43:45Z
76,10,124653115,1456556,89.0,2222,,2026-09-09T08:32:26Z,2026-09-15T22:43:45Z
76,10,124630132,2181976,90.0,10000,,2026-09-08T20:30:59Z,2026-09-15T22:43:45Z
76,11,124864749,4749812,120.0,999,,2026-09-13T11:00:26Z,2026-09-15T22:43:45Z
76,12,124924375,4749812,123.0,199,,2026-09-14T13:31:01Z,2026-09-15T22:43:45Z
76,12,124896551,505212,124.0,6577,,2026-09-14T00:28:24Z,2026-09-15T22:43:45Z
76,12,124658068,4749812,125.0,124,,2026-09-09T10:58:10Z,2026-09-15T22:43:45Z
77,0,125000560,5786432,2600.0,84,,2026-09-15T22:23:39Z,2026-09-15T22:44:06Z
77,0,124998128,5625401,2610.0,102,,2026-09-15T21:13:49Z,2026-09-15T22:44:06Z
77,0,124997771,4636960,2620.0,9,,2026-09-15T21:05:43Z,2026-09-15T22:44:06Z
77,0,124941776,744217,2630.0,111,,2026-09-14T19:57:58Z,2026-09-15T22:44:06Z
77,0,124980248,5681120,2630.0,37,,2026-09-15T14:21:37Z,2026-09-15T22:44:06Z
77,0,124940798,5704106,2640.0,21,,2026-09-14T19:36:42Z,2026-09-15T22:44:06Z
77,0,124941716,5030896,2650.0,80,,2026-09-14T19:56:39Z,2026-09-15T22:44:06Z
77,0,124920347,5771804,2670.0,4,,2026-09-14T11:50:02Z,2026-09-15T22:44:06Z
77,0,124909322,5624536,2680.0,2,,2026-09-14T06:46:37Z,2026-09-15T22:44:06Z
77,0,124977464,5294956,2680.0,1715,,2026-09-15T13:15:01Z,2026-09-15T22:44:06Z
77,0,124821621,5425615,2690.0,172,,2026-09-12T14:06:04Z,2026-09-15T22:44:06Z
77,0,124819228,5619532,2710.0,12,,2026-09-12T13:06:27Z,2026-09-15T22:44:06Z
77,0,124793098,5218395,2720.0,305,,2026-09-11T23:51:40Z,2026-09-15T22:44:06Z
77,0,124790897,5619532,2730.0,1,,2026-09-11T22:32:55Z,2026-09-15T22:44:06Z
77,0,124751853,5828018,2780.0,2,,2026-09-11T05:28:28Z,2026-09-15T22:44:06Z
77,0,124611839,3704599,2800.0,500,,2026-09-08T13:20:56Z,2026-09-15T22:44:06Z
77,0,124475776,5571705,2840.0,581,,2026-09-05T20:40:08Z,2026-09-15T22:44:06Z
77,0,124639264,5212778,2850.0,400,,2026-09-09T01:29:35Z,2026-09-15T22:44:06Z
77,0,124920401,5463468,3000.0,80,,2026-09-14T11:51:09Z,2026-09-15T22:44:06Z
77,1,125001186,4115519,2660.0,140,,2026-09-15T22:42:56Z,2026-09-15T22:44:06Z
77,1,124999696,1106644,2670.0,55,,2026-09-15T21:57:29Z,2026-09-15T22:44:06Z
77,1,124998704,5787378,2680.0,104,,2026-09-15T21:29:54Z,2026-09-15T22:44:06Z
77,1,124949279,5507980,2690.0,15,,2026-09-14T23:29:12Z,2026-09-15T22:44:06Z
77,1,124899747,5707092,2700.0,34,,2026-09-14T02:15:31Z,2026-09-15T22:44:06Z
77,1,124900214,1106644,2710.0,75,,2026-09-14T02:31:19Z,2026-09-15T22:44:06Z
77,1,124895977,4512777,2730.0,255,,2026-09-14T00:06:51Z,2026-09-15T22:44:06Z
77,1,124895730,3688168,2740.0,100,,2026-09-13T23:58:09Z,2026-09-15T22:44:06Z
77,1,124894730,4115519,2750.0,79,,2026-09-13T23:23:03Z,2026-09-15T22:44:06Z
77,1,124894422,5351540,2780.0,22,,2026-09-13T23:11:30Z,2026-09-15T22:44:06Z
77,1,124665725,5067466,2820.0,3586,,2026-09-09T14:08:00Z,2026-09-15T22:44:06Z
77,1,124676063,4117027,2820.0,249,,2026-09-09T18:17:46Z,2026-09-15T22:44:06Z
77,1,124632769,5585703,2890.0,262,,2026-09-08T21:44:42Z,2026-09-15T22:44:06Z
77,1,124623248,4117027,2900.0,12,,2026-09-08T17:55:02Z,2026-09-15T22:44:06Z
77,2,124997179,4739447,2670.0,100,,2026-09-15T20:49:48Z,2026-09-15T22:44:06Z
77,2,124973817,4512777,2680.0,362,,2026-09-15T11:42:26Z,2026-09-15T22:44:06Z
77,2,124979701,5781091,2680.0,15,,2026-09-15T14:07:23Z,2026-09-15T22:44:06Z
77,2,124956470,5615236,2690.0,34,,2026-09-15T03:34:21Z,2026-09-15T22:44:06Z
77,2,124959614,5476586,2690.0,212,,2026-09-15T05:02:40Z,2026-09-15T22:44:06Z
77,2,124943239,5729128,2700.0,853,,2026-09-14T20:32:24Z,2026-09-15T22:44:06Z
77,2,124942437,4541622,2710.0,180,,2026-09-14T20:12:50Z,2026-09-15T22:44:06Z
77,2,124906105,5781091,2720.0,3,,2026-09-14T05:22:26Z,2026-09-15T22:44:06Z
77,2,124904837,5476775,2730.0,181,,2026-09-14T04:49:52Z,2026-09-15T22:44:06Z
77,2,124903049,5460633,2740.0,265,,2026-09-14T04:01:30Z,2026-09-15T22:44:06Z
77,2,124904881,5781091,2740.0,46,,2026-09-14T04:51:19Z,2026-09-15T22:44:06Z
77,2,124901930,4541622,2750.0,61,,2026-09-14T03:27:47Z,2026-09-15T22:44:06Z
77,2,124896135,505212,2760.0,484,,2026-09-14T00:12:29Z,2026-09-15T22:44:06Z
77,2,124895971,4512777,2770.0,622,,2026-09-14T00:06:37Z,2026-09-15T22:44:06Z
77,2,124895896,1612770,2780.0,100,,2026-09-14T00:04:06Z,2026-09-15T22:44:06Z
77,2,124868719,1937269,2830.0,558,,2026-09-13T12:36:55Z,2026-09-15T22:44:06Z
77,2,124893604,1334071,2830.0,181,,2026-09-13T22:44:19Z,2026-09-15T22:44:06Z
77,2,124892255,5634761,2900.0,70,,2026-09-13T21:58:12Z,2026-09-15T22:44:06Z
77,3,125000642,4441546,2670.0,8,,2026-09-15T22:26:19Z,2026-09-15T22:44:06Z
77,3,124999862,2541488,2680.0,110,,2026-09-15T22:03:12Z,2026-09-15T22:44:06Z
77,3,124999714,5021408,2690.0,42,,2026-09-15T21:57:51Z,2026-09-15T22:44:06Z
77,3,124999477,5418106,2700.0,105,,2026-09-15T21:51:38Z,2026-09-15T22:44:06Z
77,3,124997978,2287649,2710.0,1751,,2026-09-15T21:10:19Z,2026-09-15T22:44:06Z
77,3,124963119,5453043,2720.0,226,,2026-09-15T09:40:11Z,2026-09-15T22:44:06Z
77,3,124968460,5418106,2720.0,132,,2026-09-15T09:15:55Z,2026-09-15T22:44:06Z
77,3,124965349,5453043,2740.0,41,,2026-09-15T07:41:25Z,2026-09-15T22:44:06Z
77,3,124977221,1356443,2740.0,69,,2026-09-15T13:10:18Z,2026-09-15T22:44:06Z
77,3,124960902,4653355,2750.0,693,,2026-09-15T05:35:01Z,2026-09-15T22:44:06Z
77,3,124959829,5643029,2760.0,28,,2026-09-15T05:08:00Z,2026-09-15T22:44:06Z
77,3,124990720,5711862,2760.0,183,,2026-09-15T18:25:51Z,2026-09-15T22:44:06Z
77,3,124957498,4222648,2770.0,58,,2026-09-15T04:05:09Z,2026-09-15T22:44:06Z
77,3,124898924,4441546,2780.0,150,,2026-09-14T01:46:53Z,2026-09-15T22:44:06Z
77,3,124895298,3404489,2790.0,503,,2026-09-13T23:42:38Z,2026-09-15T22:44:06Z
77,3,124880398,5489990,2830.0,19,,2026-09-13T17:11:57Z,2026-09-15T22:44:06Z
77,3,124688239,4564041,2910.0,46,,2026-09-09T23:45:09Z,2026-09-15T22:44:06Z
77,3,124763486,3894436,3100.0,2141,,2026-09-11T10:52:01Z,2026-09-15T22:44:06Z
77,4,124992387,3741250,2760.0,11,,2026-09-15T19:01:12Z,2026-09-15T22:44:06Z
77,4,124975102,5301828,2770.0,295,,2026-09-15T12:15:21Z,2026-09-15T22:44:06Z
77,4,124959870,5431445,2780.0,672,,2026-09-15T05:08:37Z,2026-09-15T22:44:06Z
77,4,124961887,309696,2780.0,264,,2026-09-15T06:01:46Z,2026-09-15T22:44:06Z
77,4,124904908,5431445,2790.0,883,,2026-09-14T04:52:37Z,2026-09-15T22:44:06Z
77,4,124925532,2476378,2800.0,1136,,2026-09-14T13:54:10Z,2026-09-15T22:44:06Z
77,4,124982021,4838827,2800.0,1592,,2026-09-15T15:04:50Z,2026-09-15T22:44:06Z
77,4,124904098,4491265,2810.0,206,,2026-09-14T04:30:02Z,2026-09-15T22:44:06Z
77,4,124902629,2411755,2820.0,833,,2026-09-14T03:48:26Z,2026-09-15T22:44:06Z
77,4,124882968,4435010,2830.0,280,,2026-09-13T18:12:07Z,2026-09-15T22:44:06Z
77,4,124891384,3803515,2830.0,359,,2026-09-13T21:33:15Z,2026-09-15T22:44:06Z
77,4,124879951,309696,2840.0,181,,2026-09-13T17:01:27Z,2026-09-15T22:44:06Z
77,4,124879573,5301828,2850.0,102,,2026-09-13T16:53:33Z,2026-09-15T22:44:06Z
77,4,124876882,2476378,2860.0,237,,2026-09-13T18:26:05Z,2026-09-15T22:44:06Z
77,4,124873352,3554502,2880.0,140,,2026-09-13T14:28:56Z,2026-09-15T22:44:06Z
77,4,124802633,4036341,2890.0,2000,,2026-09-12T05:34:39Z,2026-09-15T22:44:06Z
77,4,124800149,309696,2910.0,101,,2026-09-12T04:17:22Z,2026-09-15T22:44:06Z
77,4,124778546,5301828,2950.0,429,,2026-09-11T17:01:35Z,2026-09-15T22:44:06Z
77,5,124989865,798221,2800.0,126,,2026-09-15T18:04:50Z,2026-09-15T22:44:06Z
77,5,124911358,1727208,2810.0,801,,2026-09-14T07:43:46Z,2026-09-15T22:44:06Z
77,5,124909695,4459861,2820.0,601,,2026-09-14T06:58:27Z,2026-09-15T22:44:06Z
77,5,124908618,3405447,2830.0,500,,2026-09-14T06:27:41Z,2026-09-15T22:44:06Z
77,5,124900384,1617255,2840.0,3843,,2026-09-14T02:36:34Z,2026-09-15T22:44:06Z
77,5,124897422,798221,2860.0,454,,2026-09-14T00:58:31Z,2026-09-15T22:44:06Z
77,5,124883237,4036341,2870.0,816,,2026-09-13T18:18:04Z,2026-09-15T22:44:06Z
77,5,124883220,4459861,2880.0,2823,,2026-09-13T18:17:45Z,2026-09-15T22:44:06Z
77,5,124826232,3451637,2890.0,1049,,2026-09-12T16:06:12Z,2026-09-15T22:44:06Z
77,5,124812985,1065944,2900.0,93,,2026-09-12T10:13:35Z,2026-09-15T22:44:06Z
77,5,124802647,4036341,2950.0,1000,,2026-09-12T05:34:58Z,2026-09-15T22:44:06Z
77,5,124741148,1617255,2990.0,638,,2026-09-10T23:33:52Z,2026-09-15T22:44:06Z
77,6,124993982,5145271,2820.0,62,,2026-09-15T19:36:14Z,2026-09-15T22:44:06Z
77,6,124939025,1728054,2830.0,474,,2026-09-14T18:59:27Z,2026-09-15T22:44:06Z
77,6,124919456,5145271,2880.0,306,,2026-09-14T11:30:09Z,2026-09-15T22:44:06Z
77,6,124917901,275870,2890.0,173,,2026-09-14T10:50:17Z,2026-09-15T22:44:06Z
77,6,124919089,5060785,2900.0,1000,,2026-09-14T11:19:55Z,2026-09-15T22:44:06Z
77,6,124860570,1728054,2910.0,367,,2026-09-13T09:03:23Z,2026-09-15T22:44:06Z
77,6,124859952,1564527,2920.0,475,,2026-09-13T08:43:42Z,2026-09-15T22:44:06Z
77,6,124853170,5145271,2930.0,265,,2026-09-13T08:20:00Z,2026-09-15T22:44:06Z
77,6,124808029,998793,2950.0,2300,,2026-09-12T07:53:44Z,2026-09-15T22:44:06Z
77,7,124962503,3806060,2900.0,1783,,2026-09-15T06:18:18Z,2026-09-15T22:44:06Z
77,7,124909701,4459861,2910.0,1820,,2026-09-14T06:58:36Z,2026-09-15T22:44:06Z
77,7,124896571,505212,2920.0,500,,2026-09-14T00:29:09Z,2026-09-15T22:44:06Z
77,7,124863915,3645950,2940.0,200,,2026-09-13T10:38:27Z,2026-09-15T22:44:06Z
77,7,124957968,3806060,2940.0,2000,,2026-09-15T04:17:50Z,2026-09-15T22:44:06Z
77,7,124796865,4481007,2960.0,200,,2026-09-12T02:18:42Z,2026-09-15T22:44:06Z
77,7,124963843,2014755,2960.0,66,,2026-09-15T06:57:57Z,2026-09-15T22:44:06Z
77,7,124795270,3645950,2970.0,200,,2026-09-12T01:16:13Z,2026-09-15T22:44:06Z
77,7,124774285,4481007,2990.0,100,,2026-09-11T15:22:53Z,2026-09-15T22:44:06Z
77,7,124807257,3806060,2990.0,2000,,2026-09-12T07:31:50Z,2026-09-15T22:44:06Z
77,7,124722945,1230860,3000.0,200,,2026-09-10T15:42:39Z,2026-09-15T22:44:06Z
77,7,124787487,350629,3010.0,3278,,2026-09-11T20:51:40Z,2026-09-15T22:44:06Z
77,7,124625441,4481007,3120.0,122,,2026-09-08T18:46:11Z,2026-09-15T22:44:06Z
77,7,124702875,3806060,3140.0,2000,,2026-09-10T07:09:46Z,2026-09-15T22:44:06Z
77,7,124683525,2014755,3190.0,50,,2026-09-09T21:11:56Z,2026-09-15T22:44:06Z
77,7,124665344,3948202,3900.0,50,,2026-09-09T13:59:30Z,2026-09-15T22:44:06Z
77,8,124984991,4429745,2960.0,494,,2026-09-15T16:12:29Z,2026-09-15T22:44:06Z
77,8,124943840,3314161,2970.0,2560,,2026-09-14T20:47:15Z,2026-09-15T22:44:06Z
77,8,124936670,90154,2980.0,1000,,2026-09-14T18:08:14Z,2026-09-15T22:44:06Z
77,8,124780026,2826184,2990.0,1720,,2026-09-11T17:39:04Z,2026-09-15T22:44:06Z
77,8,124664185,3069989,3000.0,3732,,2026-09-09T13:33:19Z,2026-09-15T22:44:06Z
77,8,124643861,372821,3100.0,342,,2026-09-09T04:08:23Z,2026-09-15T22:44:06Z
77,9,124962028,3242697,3050.0,1000,,2026-09-15T06:05:28Z,2026-09-15T22:44:06Z
77,9,124936662,90154,3090.0,1000,,2026-09-14T18:08:07Z,2026-09-15T22:44:06Z
77,9,124908130,3242697,3100.0,3000,,2026-09-14T06:13:16Z,2026-09-15T22:44:06Z
77,9,124851602,3242697,3250.0,1000,,2026-09-13T05:01:39Z,2026-09-15T22:44:06Z
77,9,124837284,1074143,3290.0,200,,2026-09-12T20:50:00Z,2026-09-15T22:44:06Z
77,9,124731404,1456556,3430.0,1111,,2026-09-10T19:11:48Z,2026-09-15T22:44:06Z
77,9,124637271,1370987,3450.0,99,,2026-09-09T00:20:28Z,2026-09-15T22:44:06Z
77,9,124652897,1456556,3500.0,4444,,2026-09-09T08:26:40Z,2026-09-15T22:44:06Z
77,10,124962854,2691524,3330.0,55,,2026-09-15T06:29:23Z,2026-09-15T22:44:06Z
77,10,124954118,345558,3430.0,8,,2026-09-15T02:14:34Z,2026-09-15T22:44:06Z
77,10,124638493,3298588,3650.0,5,,2026-09-09T01:03:32Z,2026-09-15T22:44:06Z
77,11,124709071,3575845,3440.0,1000,,2026-09-10T10:02:34Z,2026-09-15T22:44:06Z
77,11,124729927,1456556,3800.0,222,,2026-09-10T18:36:22Z,2026-09-15T22:44:06Z
77,12,124864814,4749812,4750.0,98,,2026-09-13T11:02:22Z,2026-09-15T22:44:06Z
78,0,124990903,744217,1930.0,64,,2026-09-15T18:29:40Z,2026-09-15T22:42:28Z
78,0,124989994,5735553,1940.0,29,,2026-09-15T18:07:43Z,2026-09-15T22:42:28Z
78,0,124985392,5047953,1950.0,83,,2026-09-15T16:22:42Z,2026-09-15T22:42:28Z
78,0,124998709,5787378,1950.0,16,,2026-09-15T21:30:09Z,2026-09-15T22:42:28Z
78,0,124821781,744217,1960.0,477,,2026-09-12T14:10:53Z,2026-09-15T22:42:28Z
78,0,124794590,5218395,1970.0,309,,2026-09-12T00:47:38Z,2026-09-15T22:42:28Z
78,0,124775318,4481007,1990.0,208,,2026-09-11T15:45:30Z,2026-09-15T22:42:28Z
78,0,124878322,5699756,2000.0,6,,2026-09-13T16:23:34Z,2026-09-15T22:42:28Z
78,0,124714479,4167688,2040.0,143,,2026-09-10T12:27:22Z,2026-09-15T22:42:28Z
78,0,124593972,5212778,2070.0,1500,,2026-09-08T05:02:09Z,2026-09-15T22:42:28Z
78,0,124684693,1389485,2090.0,1000,,2026-09-09T21:46:08Z,2026-09-15T22:42:28Z
78,0,124684676,1389485,2100.0,2503,,2026-09-09T21:45:42Z,2026-09-15T22:42:28Z
78,1,124840744,5518442,2010.0,163,,2026-09-12T22:28:56Z,2026-09-15T22:42:28Z
78,1,124573268,4127240,2020.0,819,,2026-09-07T18:38:41Z,2026-09-15T22:42:28Z
78,1,124779002,1306086,2050.0,411,,2026-09-11T17:12:32Z,2026-09-15T22:42:28Z
78,1,124810965,4112772,2060.0,180,,2026-09-12T09:14:44Z,2026-09-15T22:42:28Z
78,2,124998394,4937472,2000.0,145,,2026-09-15T21:21:07Z,2026-09-15T22:42:28Z
78,2,124997184,4739447,2020.0,125,,2026-09-15T20:49:55Z,2026-09-15T22:42:28Z
78,2,124996445,5719959,2030.0,36,,2026-09-15T20:32:01Z,2026-09-15T22:42:28Z
78,2,124877770,5593697,2040.0,25,,2026-09-13T16:10:24Z,2026-09-15T22:42:28Z
78,2,124993348,1818678,2040.0,167,,2026-09-15T19:21:28Z,2026-09-15T22:42:28Z
78,2,124874810,5593697,2060.0,150,,2026-09-13T15:02:05Z,2026-09-15T22:42:28Z
78,2,124874442,5426355,2070.0,60,,2026-09-13T14:55:26Z,2026-09-15T22:42:28Z
78,2,124997470,2711607,2500.0,1,,2026-09-15T20:57:11Z,2026-09-15T22:42:28Z
78,3,124979382,4775453,2080.0,16,,2026-09-15T13:59:33Z,2026-09-15T22:42:28Z
78,3,124851346,3089309,2090.0,60,,2026-09-13T04:53:38Z,2026-09-15T22:42:28Z
78,3,124790646,1356443,2100.0,7845,,2026-09-11T22:24:44Z,2026-09-15T22:42:28Z
78,3,124786446,3461081,2150.0,539,,2026-09-11T20:24:50Z,2026-09-15T22:42:28Z
78,3,124783985,4924746,2160.0,39,,2026-09-11T19:21:31Z,2026-09-15T22:42:28Z
78,4,124990315,5149310,2080.0,294,,2026-09-15T18:15:55Z,2026-09-15T22:42:28Z
78,4,124961227,4496732,2090.0,267,,2026-09-15T05:42:59Z,2026-09-15T22:42:28Z
78,4,124792602,4690693,2100.0,1598,,2026-09-11T23:34:20Z,2026-09-15T22:42:28Z
78,4,124677135,2367727,2180.0,16,,2026-09-09T18:43:29Z,2026-09-15T22:42:28Z
78,4,124688356,3449515,2180.0,220,,2026-09-09T23:49:20Z,2026-09-15T22:42:28Z
78,4,124614762,3449515,2210.0,20,,2026-09-08T14:31:07Z,2026-09-15T22:42:28Z
78,5,124975554,3476311,2280.0,1798,,2026-09-15T12:27:37Z,2026-09-15T22:42:28Z
78,5,124974847,4690693,2290.0,371,,2026-09-15T12:08:19Z,2026-09-15T22:42:28Z
78,5,124948282,4690693,2310.0,699,,2026-09-14T22:55:43Z,2026-09-15T22:42:28Z
78,5,124947633,4452420,2320.0,1000,,2026-09-14T22:34:15Z,2026-09-15T22:42:28Z
78,5,124937830,4191588,2330.0,200,,2026-09-14T18:32:21Z,2026-09-15T22:42:28Z
78,5,124925171,4690693,2350.0,107,,2026-09-14T13:47:10Z,2026-09-15T22:42:28Z
78,5,124877834,4690693,2370.0,271,,2026-09-14T01:33:20Z,2026-09-15T22:42:28Z
78,5,124797549,4690693,2380.0,448,,2026-09-12T02:43:47Z,2026-09-15T22:42:28Z
78,5,124826201,3451637,2380.0,2723,,2026-09-12T16:05:26Z,2026-09-15T22:42:28Z
78,6,124901486,3388623,2370.0,784,,2026-09-14T03:12:11Z,2026-09-15T22:42:28Z
78,6,124941077,651814,2370.0,1,,2026-09-14T19:42:44Z,2026-09-15T22:42:28Z
78,6,124895324,651814,2380.0,1,,2026-09-13T23:43:16Z,2026-09-15T22:42:28Z
78,6,124646662,3419938,2390.0,1390,,2026-09-09T05:27:26Z,2026-09-15T22:42:28Z
78,6,124833178,651814,2390.0,2,,2026-09-12T19:04:50Z,2026-09-15T22:42:28Z
78,7,124966640,651814,2520.0,100,,2026-09-15T08:21:38Z,2026-09-15T22:42:28Z
78,7,124833137,651814,2530.0,100,,2026-09-12T19:04:06Z,2026-09-15T22:42:28Z
78,7,124833133,651814,2540.0,100,,2026-09-12T19:04:01Z,2026-09-15T22:42:28Z
78,8,124764974,651814,2540.0,100,,2026-09-11T11:29:26Z,2026-09-15T22:42:28Z
78,8,124764966,651814,2550.0,100,,2026-09-11T11:29:16Z,2026-09-15T22:42:28Z
78,8,124764958,651814,2560.0,100,,2026-09-11T11:29:03Z,2026-09-15T22:42:28Z
78,8,124764961,651814,2570.0,100,,2026-09-11T11:29:09Z,2026-09-15T22:42:28Z
78,8,124833214,651814,2580.0,100,,2026-09-12T19:05:36Z,2026-09-15T22:42:28Z
78,8,124833212,651814,2590.0,100,,2026-09-12T19:05:30Z,2026-09-15T22:42:28Z
78,8,124833208,651814,2600.0,100,,2026-09-12T19:05:23Z,2026-09-15T22:42:28Z
78,8,124833116,651814,2610.0,100,,2026-09-12T19:03:35Z,2026-09-15T22:42:28Z
78,8,124833108,651814,2620.0,100,,2026-09-12T19:03:29Z,2026-09-15T22:42:28Z
78,8,124833099,651814,2630.0,100,,2026-09-12T19:03:16Z,2026-09-15T22:42:28Z
78,9,124833239,651814,2600.0,40,,2026-09-12T19:06:17Z,2026-09-15T22:42:28Z
78,9,124833088,651814,2610.0,80,,2026-09-12T19:06:10Z,2026-09-15T22:42:28Z
78,9,124833085,651814,2620.0,90,,2026-09-12T19:06:00Z,2026-09-15T22:42:28Z
78,9,124833078,651814,2630.0,100,,2026-09-12T19:05:55Z,2026-09-15T22:42:28Z
78,9,124833073,651814,2640.0,100,,2026-09-12T19:02:44Z,2026-09-15T22:42:28Z
78,10,124833057,651814,2640.0,1,,2026-09-12T19:02:19Z,2026-09-15T22:42:28Z
78,10,124805261,2691524,2650.0,500,,2026-09-12T06:42:38Z,2026-09-15T22:42:28Z
78,10,124833053,651814,2650.0,1,,2026-09-12T19:02:15Z,2026-09-15T22:42:28Z
78,10,124833265,651814,2680.0,1,,2026-09-12T19:06:46Z,2026-09-15T22:42:28Z
78,10,124833256,651814,2690.0,1,,2026-09-12T19:06:36Z,2026-09-15T22:42:28Z
78,10,124786933,505212,2760.0,500,,2026-09-11T20:36:41Z,2026-09-15T22:42:28Z
78,10,124602455,651814,2970.0,500,,2026-09-08T09:02:15Z,2026-09-15T22:42:28Z
78,10,124602440,651814,2990.0,1000,,2026-09-08T09:02:02Z,2026-09-15T22:42:28Z
78,11,124805368,2691524,2700.0,198,,2026-09-12T06:44:40Z,2026-09-15T22:42:28Z
78,11,124833042,651814,2700.0,1,,2026-09-12T19:02:00Z,2026-09-15T22:42:28Z
78,11,124833045,651814,2800.0,1,,2026-09-12T19:02:07Z,2026-09-15T22:42:28Z
78,11,124617217,651814,3010.0,100,,2026-09-08T15:28:33Z,2026-09-15T22:42:28Z
78,11,124617209,651814,3050.0,100,,2026-09-08T15:28:24Z,2026-09-15T22:42:28Z
79,0,125000044,5476133,880.0,102,-98.0,2026-09-15T22:07:34Z,2026-09-15T22:41:49Z
79,0,124995963,5721315,885.0,39,,2026-09-15T20:19:59Z,2026-09-15T22:41:49Z
79,0,124995363,4952441,890.0,64,,2026-09-15T20:07:16Z,2026-09-15T22:41:49Z
79,0,124999915,5718390,890.0,15,,2026-09-15T22:04:44Z,2026-09-15T22:41:49Z
79,0,124993530,5749364,900.0,73,,2026-09-15T19:26:13Z,2026-09-15T22:41:49Z
79,0,124944185,5818233,910.0,8,,2026-09-14T20:56:12Z,2026-09-15T22:41:49Z
79,0,124853168,1008157,915.0,498,,2026-09-13T05:44:43Z,2026-09-15T22:41:49Z
79,0,124937779,5504816,915.0,170,,2026-09-14T18:30:40Z,2026-09-15T22:41:49Z
79,0,124964802,5657136,915.0,242,,2026-09-15T07:24:18Z,2026-09-15T22:41:49Z
79,0,124740160,5770204,920.0,8,,2026-09-10T22:58:50Z,2026-09-15T22:41:49Z
79,0,124943918,4653635,920.0,41,,2026-09-14T20:48:50Z,2026-09-15T22:41:49Z
79,0,124844227,787634,935.0,1108,,2026-09-13T00:31:40Z,2026-09-15T22:41:49Z
79,0,124898944,5756766,1070.0,1,,2026-09-14T01:47:30Z,2026-09-15T22:41:49Z
79,1,124997375,5717104,885.0,26,,2026-09-15T20:54:50Z,2026-09-15T22:41:49Z
79,1,124999129,5632850,885.0,144,,2026-09-15T21:42:19Z,2026-09-15T22:41:49Z
79,1,124999860,5598982,885.0,100,,2026-09-15T22:03:08Z,2026-09-15T22:41:49Z
79,1,124997253,5184561,890.0,590,,2026-09-15T20:51:38Z,2026-09-15T22:41:49Z
79,1,124997074,5609601,895.0,13,,2026-09-15T20:46:57Z,2026-09-15T22:41:49Z
79,1,124999825,5598982,895.0,100,,2026-09-15T22:02:00Z,2026-09-15T22:41:49Z
79,1,124993557,5552336,900.0,713,,2026-09-15T19:26:53Z,2026-09-15T22:41:49Z
79,1,124997835,5296505,900.0,264,,2026-09-15T21:07:07Z,2026-09-15T22:41:49Z
79,1,124992886,5633207,905.0,387,,2026-09-15T19:10:51Z,2026-09-15T22:41:49Z
79,1,124950982,5776350,910.0,302,,2026-09-15T00:32:08Z,2026-09-15T22:41:49Z
79,1,124988305,5296505,910.0,1944,,2026-09-15T17:30:45Z,2026-09-15T22:41:49Z
79,1,124941840,5717104,915.0,403,,2026-09-14T20:00:43Z,2026-09-15T22:41:49Z
79,1,124937765,5504816,920.0,1429,,2026-09-14T18:30:27Z,2026-09-15T22:41:49Z
79,1,124943732,5296505,920.0,127,,2026-09-14T20:44:47Z,2026-09-15T22:41:49Z
79,1,124943911,5296505,925.0,2080,,2026-09-14T20:48:41Z,2026-09-15T22:41:49Z
79,1,124692224,2715057,935.0,284,,2026-09-10T02:11:07Z,2026-09-15T22:41:49Z
79,2,124998804,4972678,900.0,616,,2026-09-15T21:33:15Z,2026-09-15T22:41:49Z
79,2,124998692,5782390,905.0,38,,2026-09-15T21:29:31Z,2026-09-15T22:41:49Z
79,2,124998563,5617228,910.0,10,,2026-09-15T21:26:07Z,2026-09-15T22:41:49Z
79,2,124964052,2365463,915.0,2670,,2026-09-15T07:03:53Z,2026-09-15T22:41:49Z
79,2,124980072,5232076,915.0,450,,2026-09-15T14:17:17Z,2026-09-15T22:41:49Z
79,2,124845856,495923,925.0,447,,2026-09-13T01:32:02Z,2026-09-15T22:41:49Z
79,2,124953167,495923,935.0,4184,,2026-09-15T01:41:23Z,2026-09-15T22:41:49Z
79,3,124979469,1249833,915.0,342,,2026-09-15T14:01:51Z,2026-09-15T22:41:49Z
79,3,124980097,5271514,915.0,5222,,2026-09-15T14:17:58Z,2026-09-15T22:41:49Z
79,3,124987445,5280102,915.0,123,,2026-09-15T17:11:19Z,2026-09-15T22:41:49Z
79,3,124962797,5224647,920.0,19,,2026-09-15T06:27:23Z,2026-09-15T22:41:49Z
79,3,124965252,3714126,920.0,34,,2026-09-15T07:37:56Z,2026-09-15T22:41:49Z
79,3,124953377,5429308,925.0,92,,2026-09-15T01:50:10Z,2026-09-15T22:41:49Z
79,3,124743890,5124266,930.0,285,,2026-09-11T01:12:36Z,2026-09-15T22:41:49Z
79,3,124657775,5488942,940.0,1597,,2026-09-09T10:49:13Z,2026-09-15T22:41:49Z
79,3,124675185,4856067,940.0,115,,2026-09-09T17:56:07Z,2026-09-15T22:41:49Z
79,3,124676657,5280102,940.0,138,,2026-09-09T18:31:49Z,2026-09-15T22:41:49Z
79,3,124694582,4191142,940.0,2377,,2026-09-10T03:31:38Z,2026-09-15T22:41:49Z
79,3,124952104,2943846,955.0,2704,,2026-09-15T01:10:22Z,2026-09-15T22:41:49Z
79,4,124999846,4346695,925.0,2431,,2026-09-15T22:02:45Z,2026-09-15T22:41:49Z
79,4,124998801,1198893,930.0,751,,2026-09-15T21:33:08Z,2026-09-15T22:41:49Z
79,4,124999149,5078694,930.0,2000,,2026-09-15T21:42:55Z,2026-09-15T22:41:49Z
79,4,124763321,3394465,935.0,9665,,2026-09-11T10:47:16Z,2026-09-15T22:41:49Z
79,4,124693322,2497605,940.0,6608,,2026-09-10T02:49:27Z,2026-09-15T22:41:49Z
79,4,124910318,3418188,940.0,500,,2026-09-14T07:14:32Z,2026-09-15T22:41:49Z
79,4,124728557,2324517,1000.0,890,,2026-09-10T18:04:30Z,2026-09-15T22:41:49Z
79,5,125000103,1017897,945.0,2000,,2026-09-15T22:09:19Z,2026-09-15T22:41:49Z
79,5,124999800,2764742,970.0,3374,,2026-09-15T22:01:15Z,2026-09-15T22:41:49Z
79,5,124984033,3787764,975.0,458,,2026-09-15T15:50:45Z,2026-09-15T22:41:49Z
79,5,124978093,1685134,980.0,7047,,2026-09-15T13:29:39Z,2026-09-15T22:41:49Z
79,5,124976825,3489803,985.0,14096,,2026-09-15T12:59:56Z,2026-09-15T22:41:49Z
79,5,124973146,941276,990.0,580,,2026-09-15T11:24:26Z,2026-09-15T22:41:49Z
79,5,124844592,1373408,1000.0,11458,,2026-09-13T00:45:25Z,2026-09-15T22:41:49Z
79,6,124956255,3643419,1000.0,3744,,2026-09-15T03:30:10Z,2026-09-15T22:41:49Z
79,6,124998330,1445211,1000.0,4690,,2026-09-15T21:19:18Z,2026-09-15T22:41:49Z
79,6,124954444,404725,1010.0,2100,,2026-09-15T02:28:00Z,2026-09-15T22:41:49Z
79,7,124991269,1814964,1000.0,3283,,2026-09-15T18:36:27Z,2026-09-15T22:41:49Z
79,7,124959748,1063626,1010.0,2778,,2026-09-15T05:06:05Z,2026-09-15T22:41:49Z
79,7,124952492,2765819,1020.0,5000,,2026-09-15T01:22:47Z,2026-09-15T22:41:49Z
79,7,124943079,1434116,1040.0,500,,2026-09-14T20:28:24Z,2026-09-15T22:41:49Z
79,7,124902647,2765819,1050.0,4823,,2026-09-14T03:49:01Z,2026-09-15T22:41:49Z
79,7,124890615,1434116,1060.0,1000,,2026-09-13T21:11:32Z,2026-09-15T22:41:49Z
79,7,124868563,2765819,1090.0,5000,,2026-09-13T12:33:06Z,2026-09-15T22:41:49Z
79,7,124867282,2518950,1100.0,5000,,2026-09-13T12:03:38Z,2026-09-15T22:41:49Z
79,7,124857276,1434116,1140.0,100,,2026-09-13T07:33:33Z,2026-09-15T22:41:49Z
79,7,124856811,4465742,1150.0,5000,,2026-09-13T07:21:49Z,2026-09-15T22:41:49Z
79,7,124856404,1434116,1160.0,200,,2026-09-13T07:11:35Z,2026-09-15T22:41:49Z
79,7,124854020,1434116,1180.0,500,,2026-09-13T06:09:59Z,2026-09-15T22:41:49Z
79,7,124705060,851008,1200.0,1000,,2026-09-10T08:07:54Z,2026-09-15T22:41:49Z
79,8,124949262,827508,1030.0,4212,,2026-09-14T23:28:22Z,2026-09-15T22:41:49Z
79,8,124943978,2140647,1040.0,1801,,2026-09-14T20:51:06Z,2026-09-15T22:41:49Z
79,8,124926483,2518950,1050.0,6922,,2026-09-14T14:16:03Z,2026-09-15T22:41:49Z
79,8,124867254,2518950,1140.0,10000,,2026-09-13T12:03:05Z,2026-09-15T22:41:49Z
79,8,124858059,3898887,1170.0,10000,,2026-09-13T07:55:18Z,2026-09-15T22:41:49Z
79,8,124705067,851008,1250.0,1000,,2026-09-10T08:08:05Z,2026-09-15T22:41:49Z
79,9,124926510,2518950,1060.0,10000,,2026-09-14T14:16:36Z,2026-09-15T22:41:49Z
79,9,124867229,2518950,1250.0,10000,,2026-09-13T12:02:34Z,2026-09-15T22:41:49Z
79,9,124854516,2656847,1290.0,1,,2026-09-13T06:23:09Z,2026-09-15T22:41:49Z
79,9,124858067,3898887,1290.0,5000,,2026-09-13T07:55:35Z,2026-09-15T22:41:49Z
79,9,124705073,851008,1300.0,1000,,2026-09-10T08:08:18Z,2026-09-15T22:41:49Z
79,10,124980843,4749812,1040.0,25,,2026-09-15T14:36:09Z,2026-09-15T22:41:49Z
79,10,124953585,372657,1050.0,1000,,2026-09-15T01:56:31Z,2026-09-15T22:41:49Z
79,10,124924285,4749812,1060.0,25,,2026-09-14T13:29:33Z,2026-09-15T22:41:49Z
79,10,124890397,372657,1070.0,1000,,2026-09-13T21:05:46Z,2026-09-15T22:41:49Z
79,10,124884403,4027065,1080.0,1104,,2026-09-13T18:47:05Z,2026-09-15T22:41:49Z
79,10,124876786,372657,1130.0,1000,,2026-09-13T15:48:32Z,2026-09-15T22:41:49Z
79,10,124868373,4027065,1140.0,1673,,2026-09-13T12:28:25Z,2026-09-15T22:41:49Z
79,10,124867198,2518950,1260.0,4000,,2026-09-13T12:02:08Z,2026-09-15T22:41:49Z
79,10,124864668,4749812,1270.0,25,,2026-09-13T10:58:01Z,2026-09-15T22:41:49Z
79,10,124860472,828413,1290.0,500,,2026-09-13T09:00:16Z,2026-09-15T22:41:49Z
79,10,124705080,851008,1340.0,1000,,2026-09-10T08:08:37Z,2026-09-15T22:41:49Z
79,11,124907412,1160927,1100.0,500,,2026-09-14T05:56:07Z,2026-09-15T22:41:49Z
79,11,124864664,4749812,1290.0,25,,2026-09-13T10:57:49Z,2026-09-15T22:41:49Z
79,11,124872168,851008,1400.0,1000,,2026-09-13T14:03:05Z,2026-09-15T22:41:49Z
79,12,124733451,4749812,1580.0,27,,2026-09-10T20:00:35Z,2026-09-15T22:41:49Z
79,12,124705108,851008,1590.0,100,,2026-09-10T08:09:52Z,2026-09-15T22:41:49Z
80,0,124996581,3741374,4960.0,288,,2026-09-15T20:34:21Z,2026-09-15T22:44:05Z
80,0,124977585,5756395,4980.0,10,,2026-09-15T13:17:43Z,2026-09-15T22:44:05Z
80,0,124976688,5533766,4990.0,56,,2026-09-15T12:56:35Z,2026-09-15T22:44:05Z
80,0,124962517,4034802,5050.0,20,,2026-09-15T06:19:00Z,2026-09-15T22:44:05Z
80,0,124938829,3616363,5100.0,5,,2026-09-14T18:54:42Z,2026-09-15T22:44:05Z
80,0,124608814,5583072,5300.0,2,,2026-09-08T12:01:41Z,2026-09-15T22:44:05Z
80,0,124937910,3414006,5300.0,102,,2026-09-14T18:34:13Z,2026-09-15T22:44:05Z
80,0,124890974,5583072,5500.0,1,,2026-09-13T21:21:55Z,2026-09-15T22:44:05Z
80,1,124979997,5697152,4970.0,14,,2026-09-15T14:15:47Z,2026-09-15T22:44:05Z
80,1,124977813,4064427,4980.0,5,,2026-09-15T13:22:34Z,2026-09-15T22:44:05Z
80,1,124968296,4064427,5000.0,307,,2026-09-15T11:17:00Z,2026-09-15T22:44:05Z
80,1,124989082,5702762,5000.0,20,,2026-09-15T17:48:22Z,2026-09-15T22:44:05Z
80,1,124941431,4620358,5075.0,81,,2026-09-14T19:50:46Z,2026-09-15T22:44:05Z
80,2,124950484,5351540,5175.0,126,,2026-09-15T00:12:39Z,2026-09-15T22:44:05Z
80,2,124930209,5659799,5275.0,260,,2026-09-14T15:40:12Z,2026-09-15T22:44:05Z
80,2,124796994,5462608,5350.0,23,,2026-09-12T02:23:07Z,2026-09-15T22:44:05Z
80,2,124796882,4793566,5375.0,97,,2026-09-12T02:19:15Z,2026-09-15T22:44:05Z
80,2,124722473,3766762,5500.0,3119,,2026-09-10T15:31:07Z,2026-09-15T22:44:05Z
80,3,124957437,2350557,5150.0,65,,2026-09-15T04:03:52Z,2026-09-15T22:44:05Z
80,3,124955385,4227043,5175.0,50,,2026-09-15T03:02:17Z,2026-09-15T22:44:05Z
80,3,124938129,5425615,5225.0,14,,2026-09-14T18:38:37Z,2026-09-15T22:44:05Z
80,3,124937100,848285,5250.0,170,,2026-09-14T18:16:56Z,2026-09-15T22:44:05Z
80,3,124817710,5354063,5350.0,1835,,2026-09-12T12:27:14Z,2026-09-15T22:44:05Z
80,3,124748648,2350557,5425.0,220,,2026-09-11T04:00:18Z,2026-09-15T22:44:05Z
80,3,124741452,3508540,5450.0,14,,2026-09-10T23:44:57Z,2026-09-15T22:44:05Z
80,3,124736560,1917163,5500.0,7,,2026-09-10T21:12:54Z,2026-09-15T22:44:05Z
80,3,124655812,834272,5525.0,20,,2026-09-09T09:53:17Z,2026-09-15T22:44:05Z
80,4,124997831,5021502,5225.0,136,,2026-09-15T21:07:02Z,2026-09-15T22:44:05Z
80,4,124973548,5021502,5250.0,76,,2026-09-15T11:35:09Z,2026-09-15T22:44:05Z
80,4,124984263,3852750,5250.0,695,,2026-09-15T15:55:47Z,2026-09-15T22:44:05Z
80,4,124944274,5021502,5300.0,289,,2026-09-14T20:58:15Z,2026-09-15T22:44:05Z
80,4,124923205,3313034,5325.0,104,,2026-09-14T12:58:29Z,2026-09-15T22:44:05Z
80,4,124844816,3313034,5375.0,170,,2026-09-13T00:54:45Z,2026-09-15T22:44:05Z
80,4,124819877,2766209,5400.0,176,,2026-09-12T13:24:21Z,2026-09-15T22:44:05Z
80,4,124736977,5021502,5475.0,36,,2026-09-10T21:23:59Z,2026-09-15T22:44:05Z
80,4,124667780,3819356,5500.0,410,,2026-09-09T14:57:26Z,2026-09-15T22:44:05Z
80,4,124639323,5496468,5550.0,81,,2026-09-09T01:30:57Z,2026-09-15T22:44:05Z
80,4,124741401,4856067,5700.0,1,,2026-09-10T23:43:06Z,2026-09-15T22:44:05Z
80,5,125001115,4858565,5225.0,632,,2026-09-15T22:40:49Z,2026-09-15T22:44:05Z
80,5,124984393,4433306,5250.0,81,,2026-09-15T15:59:25Z,2026-09-15T22:44:05Z
80,5,124972930,4858565,5275.0,744,,2026-09-15T11:18:45Z,2026-09-15T22:44:05Z
80,5,124966282,4362580,5300.0,76,,2026-09-15T09:49:44Z,2026-09-15T22:44:05Z
80,5,124964911,1218847,5325.0,150,,2026-09-15T07:27:59Z,2026-09-15T22:44:05Z
80,5,124962874,4362580,5350.0,99,,2026-09-15T06:30:05Z,2026-09-15T22:44:05Z
80,5,124946539,4858565,5375.0,255,,2026-09-14T21:57:42Z,2026-09-15T22:44:05Z
80,5,124844666,2707882,5400.0,99,,2026-09-13T00:48:32Z,2026-09-15T22:44:05Z
80,5,124877575,3315663,5400.0,140,,2026-09-13T16:05:56Z,2026-09-15T22:44:05Z
80,5,124841565,4858565,5425.0,456,,2026-09-12T22:54:18Z,2026-09-15T22:44:05Z
80,5,124712621,3537815,5500.0,1027,,2026-09-10T11:38:29Z,2026-09-15T22:44:05Z
80,5,124659608,4858565,5525.0,404,,2026-09-09T11:37:20Z,2026-09-15T22:44:05Z
80,5,124607156,4858565,5575.0,672,,2026-09-08T11:13:33Z,2026-09-15T22:44:05Z
80,6,124973153,941276,5450.0,185,,2026-09-15T11:24:45Z,2026-09-15T22:44:05Z
80,6,124919273,941276,5475.0,235,,2026-09-14T11:24:08Z,2026-09-15T22:44:05Z
80,6,124918861,2173373,5500.0,1000,,2026-09-14T11:14:06Z,2026-09-15T22:44:05Z
80,6,124775178,1975691,5525.0,85,,2026-09-11T15:42:25Z,2026-09-15T22:44:05Z
80,6,124641545,4238439,5750.0,2,,2026-09-09T02:48:12Z,2026-09-15T22:44:05Z
80,6,124641538,4238439,5775.0,2,,2026-09-09T02:47:58Z,2026-09-15T22:44:05Z
80,6,124603423,2594623,5975.0,2000,,2026-09-08T09:31:11Z,2026-09-15T22:44:05Z
80,7,124995699,4493931,5525.0,100,,2026-09-15T20:14:16Z,2026-09-15T22:44:05Z
80,7,124937112,848285,5550.0,43,,2026-09-14T18:17:05Z,2026-09-15T22:44:05Z
80,7,124772048,3419938,5575.0,491,,2026-09-11T14:30:32Z,2026-09-15T22:44:05Z
80,7,124910071,2173373,5850.0,55,,2026-09-14T07:07:36Z,2026-09-15T22:44:05Z
80,7,124860749,2017155,5900.0,500,,2026-09-13T09:08:02Z,2026-09-15T22:44:05Z
80,8,124879371,2594623,7450.0,98,,2026-09-13T16:49:16Z,2026-09-15T22:44:05Z
80,9,124973943,2721726,7225.0,81,,2026-09-15T11:45:42Z,2026-09-15T22:44:05Z
80,9,124963426,505212,7250.0,107,,2026-09-15T06:45:01Z,2026-09-15T22:44:05Z
80,9,124948833,2721726,7425.0,93,,2026-09-14T23:13:35Z,2026-09-15T22:44:05Z
80,9,124932126,4749812,7450.0,4,,2026-09-14T16:24:14Z,2026-09-15T22:44:05Z
80,10,124849725,4161286,8900.0,80,,2026-09-13T03:59:00Z,2026-09-15T22:44:05Z
81,0,124938993,5678166,5100.0,2,,2026-09-14T18:58:50Z,2026-09-15T22:42:06Z
81,0,124933951,5577895,5125.0,13,,2026-09-14T17:04:03Z,2026-09-15T22:42:06Z
81,0,124876128,5021778,5150.0,88,,2026-09-13T15:33:51Z,2026-09-15T22:42:06Z
81,0,124918123,5707206,5150.0,22,,2026-09-14T10:55:51Z,2026-09-15T22:42:06Z
81,0,124742529,5644101,5575.0,11,,2026-09-11T00:21:37Z,2026-09-15T22:42:06Z
81,1,124978776,4620358,5075.0,167,,2026-09-15T13:45:11Z,2026-09-15T22:42:06Z
81,1,124941514,4620358,5100.0,66,,2026-09-14T19:52:19Z,2026-09-15T22:42:06Z
81,1,124941421,4620358,5125.0,131,,2026-09-14T19:50:34Z,2026-09-15T22:42:06Z
81,1,124890180,5707206,5175.0,7,,2026-09-13T21:00:44Z,2026-09-15T22:42:06Z
81,1,124846195,5707206,5250.0,16,,2026-09-13T01:44:22Z,2026-09-15T22:42:06Z
81,1,124761198,4296969,5275.0,162,,2026-09-11T09:53:27Z,2026-09-15T22:42:06Z
81,1,124681873,4620358,5300.0,35,,2026-09-09T20:32:50Z,2026-09-15T22:42:06Z
81,2,124948838,5430444,5125.0,329,,2026-09-14T23:13:55Z,2026-09-15T22:42:06Z
81,2,124959456,5009722,5125.0,22,,2026-09-15T04:58:27Z,2026-09-15T22:42:06Z
81,2,124958029,5009722,5150.0,21,,2026-09-15T04:20:09Z,2026-09-15T22:42:06Z
81,2,124883650,5009722,5200.0,10,,2026-09-13T19:11:00Z,2026-09-15T22:42:06Z
81,2,124881140,5009722,5225.0,3,,2026-09-13T17:37:18Z,2026-09-15T22:42:06Z
81,2,124881244,5009722,5250.0,12,,2026-09-13T17:31:38Z,2026-09-15T22:42:06Z
81,2,124848524,5009722,5275.0,14,,2026-09-13T03:16:02Z,2026-09-15T22:42:06Z
81,2,124835746,4434262,5300.0,146,,2026-09-12T20:10:49Z,2026-09-15T22:42:06Z
81,2,124759883,5009722,5325.0,11,,2026-09-11T09:17:40Z,2026-09-15T22:42:06Z
81,2,124786774,4434262,5350.0,104,,2026-09-11T20:32:32Z,2026-09-15T22:42:06Z
81,2,124733503,4434262,5375.0,132,,2026-09-10T20:01:44Z,2026-09-15T22:42:06Z
81,2,124686729,4434262,5400.0,138,,2026-09-09T22:52:26Z,2026-09-15T22:42:06Z
81,2,124721586,1442365,5400.0,600,,2026-09-10T15:10:47Z,2026-09-15T22:42:06Z
81,2,124861752,1306086,5400.0,72,,2026-09-13T09:36:11Z,2026-09-15T22:42:06Z
81,2,124656521,4434262,5450.0,120,,2026-09-09T10:13:31Z,2026-09-15T22:42:06Z
81,2,124624203,1306086,5475.0,44,,2026-09-08T18:18:34Z,2026-09-15T22:42:06Z
81,2,124779016,1306086,5650.0,60,,2026-09-11T17:12:55Z,2026-09-15T22:42:06Z
81,3,124990311,5627002,5175.0,69,-2.0,2026-09-15T18:15:51Z,2026-09-15T22:42:06Z
81,3,124888199,4913413,5200.0,154,,2026-09-13T20:11:02Z,2026-09-15T22:42:06Z
81,3,124881731,5627002,5225.0,127,,2026-09-13T17:42:33Z,2026-09-15T22:42:06Z
81,3,124863248,4368173,5250.0,100,,2026-09-13T10:19:36Z,2026-09-15T22:42:06Z
81,3,124852349,5627002,5375.0,250,,2026-09-13T05:21:20Z,2026-09-15T22:42:06Z
81,3,124844214,4227043,5400.0,300,,2026-09-13T00:30:55Z,2026-09-15T22:42:06Z
81,3,124839668,3444911,5450.0,1,,2026-09-12T21:56:00Z,2026-09-15T22:42:06Z
81,3,124634233,3444911,5500.0,123,,2026-09-08T22:34:17Z,2026-09-15T22:42:06Z
81,3,124626054,4841938,5550.0,84,,2026-09-08T18:59:57Z,2026-09-15T22:42:06Z
81,3,124625446,4310856,5600.0,740,,2026-09-08T18:46:26Z,2026-09-15T22:42:06Z
81,4,124996095,4327631,5250.0,124,,2026-09-15T20:23:06Z,2026-09-15T22:42:06Z
81,4,124934304,4254368,5275.0,267,,2026-09-14T17:12:38Z,2026-09-15T22:42:06Z
81,4,124865641,3819356,5300.0,240,,2026-09-13T11:23:48Z,2026-09-15T22:42:06Z
81,4,124860908,5444129,5350.0,916,,2026-09-13T09:11:55Z,2026-09-15T22:42:06Z
81,4,124901491,4327631,5400.0,679,,2026-09-14T03:12:15Z,2026-09-15T22:42:06Z
81,4,124663131,2626259,5475.0,31,,2026-09-09T13:06:48Z,2026-09-15T22:42:06Z
81,5,124860873,1536319,5425.0,83,,2026-09-13T09:10:57Z,2026-09-15T22:42:06Z
81,5,124858139,2773249,5450.0,27,,2026-09-13T07:57:14Z,2026-09-15T22:42:06Z
81,5,124858136,2773249,5475.0,145,,2026-09-13T07:57:07Z,2026-09-15T22:42:06Z
81,5,124858131,2773249,5500.0,250,,2026-09-13T07:57:00Z,2026-09-15T22:42:06Z
81,5,124833615,3567991,5525.0,87,,2026-09-12T19:15:08Z,2026-09-15T22:42:06Z
81,5,124810107,1536319,5550.0,169,,2026-09-12T08:50:13Z,2026-09-15T22:42:06Z
81,5,124826193,3451637,5550.0,1258,,2026-09-12T16:05:05Z,2026-09-15T22:42:06Z
81,5,124808485,3567991,5575.0,100,,2026-09-12T08:05:32Z,2026-09-15T22:42:06Z
81,5,124706166,1536319,5600.0,96,,2026-09-10T08:38:46Z,2026-09-15T22:42:06Z
81,5,124507989,1617255,5650.0,876,,2026-09-06T13:15:32Z,2026-09-15T22:42:06Z
81,5,124605815,1536319,5675.0,100,,2026-09-08T10:35:24Z,2026-09-15T22:42:06Z
81,6,124996956,3908122,5675.0,1,,2026-09-15T20:43:52Z,2026-09-15T22:42:06Z
81,6,124960407,2182260,5700.0,457,,2026-09-15T05:21:04Z,2026-09-15T22:42:06Z
81,6,124958209,3085103,5725.0,500,,2026-09-15T04:26:00Z,2026-09-15T22:42:06Z
81,6,124675489,289131,5750.0,108,,2026-09-09T18:03:35Z,2026-09-15T22:42:06Z
81,6,124675144,604363,5775.0,75,,2026-09-09T17:55:10Z,2026-09-15T22:42:06Z
81,7,124975067,1913238,5700.0,161,,2026-09-15T12:14:40Z,2026-09-15T22:42:06Z
81,7,124975062,1913238,5775.0,100,,2026-09-15T12:14:15Z,2026-09-15T22:42:06Z
81,7,124975026,1913238,5800.0,100,,2026-09-15T12:13:31Z,2026-09-15T22:42:06Z
81,7,124995811,4493931,5800.0,100,,2026-09-15T20:16:31Z,2026-09-15T22:42:06Z
81,7,124867174,2518950,5825.0,500,,2026-09-13T12:01:39Z,2026-09-15T22:42:06Z
81,7,124806864,4418465,6000.0,1000,,2026-09-12T07:22:15Z,2026-09-15T22:42:06Z
81,8,124928550,1074143,6375.0,170,,2026-09-14T15:05:13Z,2026-09-15T22:42:06Z
81,8,124985799,4493931,6375.0,100,,2026-09-15T16:32:25Z,2026-09-15T22:42:06Z
81,8,124926408,2518950,6400.0,1000,,2026-09-14T14:14:47Z,2026-09-15T22:42:06Z
81,8,124922498,1878258,6450.0,356,,2026-09-14T12:41:49Z,2026-09-15T22:42:06Z
81,8,124801144,1074143,6475.0,168,,2026-09-12T04:52:43Z,2026-09-15T22:42:06Z
81,8,124779524,2518950,6500.0,1000,,2026-09-11T17:26:33Z,2026-09-15T22:42:06Z
81,8,124734127,1074143,6550.0,200,,2026-09-10T20:16:25Z,2026-09-15T22:42:06Z
81,8,124702030,1878258,6575.0,135,,2026-09-10T06:47:35Z,2026-09-15T22:42:06Z
81,9,124866533,2403067,6750.0,1,,2026-09-13T11:46:58Z,2026-09-15T22:42:06Z
81,9,124800470,345558,6775.0,2,,2026-09-12T04:29:22Z,2026-09-15T22:42:06Z
81,9,124985776,4493931,6775.0,100,,2026-09-15T16:32:02Z,2026-09-15T22:42:06Z
81,9,124779515,2518950,6800.0,1000,,2026-09-11T17:26:16Z,2026-09-15T22:42:06Z
81,9,124693794,345558,6825.0,8,,2026-09-10T03:05:47Z,2026-09-15T22:42:06Z
81,10,124985760,4493931,6850.0,100,,2026-09-15T16:31:41Z,2026-09-15T22:42:06Z
81,10,124832595,2518950,6875.0,930,,2026-09-12T18:48:44Z,2026-09-15T22:42:06Z
81,10,124617271,1444642,6900.0,290,,2026-09-08T15:29:47Z,2026-09-15T22:42:06Z
81,11,124985748,4493931,6925.0,100,,2026-09-15T16:31:16Z,2026-09-15T22:42:06Z
81,11,124779493,2518950,6950.0,1000,,2026-09-11T17:25:42Z,2026-09-15T22:42:06Z
81,11,124625853,168422,7000.0,100,,2026-09-08T18:55:34Z,2026-09-15T22:42:06Z
82,0,124990509,5796669,1600.0,92,,2026-09-15T18:20:39Z,2026-09-15T22:44:22Z
82,0,124976228,5533766,1610.0,27,,2026-09-15T12:44:34Z,2026-09-15T22:44:22Z
82,2,124904247,4258320,1640.0,3385,,2026-09-14T04:33:27Z,2026-09-15T22:44:22Z
82,3,125000595,4227043,1640.0,282,,2026-09-15T22:24:37Z,2026-09-15T22:44:22Z
82,3,124973839,2721726,1650.0,294,,2026-09-15T11:42:57Z,2026-09-15T22:44:22Z
82,3,124867914,4227043,1670.0,300,,2026-09-13T12:17:22Z,2026-09-15T22:44:22Z
82,4,124994349,3227817,1650.0,285,,2026-09-15T19:44:06Z,2026-09-15T22:44:22Z
82,4,124970483,3227817,1660.0,456,,2026-09-15T10:12:59Z,2026-09-15T22:44:22Z
82,4,124953983,4697559,1670.0,738,,2026-09-15T02:09:47Z,2026-09-15T22:44:22Z
82,4,124970498,3227817,1670.0,855,,2026-09-15T10:13:20Z,2026-09-15T22:44:22Z
82,4,124908189,3227817,1680.0,688,,2026-09-14T06:14:39Z,2026-09-15T22:44:22Z
82,5,124970517,3227817,1680.0,788,,2026-09-15T10:14:01Z,2026-09-15T22:44:22Z
82,5,124649767,3823735,1690.0,4956,,2026-09-09T06:51:30Z,2026-09-15T22:44:22Z
82,5,124993958,1984105,1930.0,2222,,2026-09-15T19:35:48Z,2026-09-15T22:44:22Z
82,6,124967791,2597160,1660.0,418,,2026-09-15T08:55:41Z,2026-09-15T22:44:22Z
82,7,124759339,3948202,2400.0,250,,2026-09-11T09:02:40Z,2026-09-15T22:44:22Z
82,8,124874548,3419938,1950.0,763,,2026-09-13T14:56:52Z,2026-09-15T22:44:22Z
82,8,124736895,1839647,1970.0,521,,2026-09-10T21:21:50Z,2026-09-15T22:44:22Z
82,9,124452996,1393998,2040.0,992,,2026-09-05T11:03:17Z,2026-09-13T04:01:24Z
82,10,124865813,4749812,2990.0,14,,2026-09-13T11:28:48Z,2026-09-15T22:44:22Z
83,0,124686871,5771210,34.75,2250,,2026-09-09T22:58:02Z,2026-09-15T22:41:17Z
83,0,124672577,5290469,35.0,3698,,2026-09-09T16:51:55Z,2026-09-15T22:41:17Z
83,0,124685508,5591026,35.0,1949,,2026-09-09T22:11:20Z,2026-09-15T22:41:17Z
83,0,124686808,5735820,35.0,259,,2026-09-09T22:55:45Z,2026-09-15T22:41:17Z
83,0,124936643,3948202,40.0,7900,,2026-09-14T18:07:54Z,2026-09-15T22:41:17Z
83,1,125000931,5705252,34.25,2529,,2026-09-15T22:35:48Z,2026-09-15T22:41:17Z
83,1,125000880,5742391,34.5,1000,,2026-09-15T22:33:59Z,2026-09-15T22:41:17Z
83,1,124999984,4407835,34.75,39809,,2026-09-15T22:06:17Z,2026-09-15T22:41:17Z
83,1,124808697,4988799,35.0,51853,,2026-09-12T08:10:58Z,2026-09-15T22:41:17Z
83,1,124843520,5142729,35.0,2000,,2026-09-13T00:06:17Z,2026-09-15T22:41:17Z
83,1,124807539,4045167,35.25,6000,,2026-09-12T07:38:29Z,2026-09-15T22:41:17Z
83,1,124760434,5622473,35.5,3320,,2026-09-11T09:32:30Z,2026-09-15T22:41:17Z
83,1,124772911,5705252,35.5,3176,,2026-09-11T14:53:01Z,2026-09-15T22:41:17Z
83,2,125000951,4271393,34.75,2137,,2026-09-15T22:36:31Z,2026-09-15T22:41:17Z
83,2,124999064,5043707,35.0,385,,2026-09-15T21:40:46Z,2026-09-15T22:41:17Z
83,2,124901399,5429807,35.25,6241,,2026-09-14T03:09:38Z,2026-09-15T22:41:17Z
83,2,124933955,5764705,35.25,3788,,2026-09-14T17:04:10Z,2026-09-15T22:41:17Z
83,2,124901407,5429807,35.5,10000,,2026-09-14T03:09:54Z,2026-09-15T22:41:17Z
83,2,124824358,553541,35.75,4126,,2026-09-12T15:17:09Z,2026-09-15T22:41:17Z
83,2,124901416,5429807,35.75,100,,2026-09-14T03:10:12Z,2026-09-15T22:41:17Z
83,2,124808519,3972013,36.0,29841,,2026-09-12T08:06:12Z,2026-09-15T22:41:17Z
83,2,124813025,5608895,36.0,394,,2026-09-12T10:14:37Z,2026-09-15T22:41:17Z
83,2,124901422,5429807,36.0,100,,2026-09-14T03:10:17Z,2026-09-15T22:41:17Z
83,2,124759020,5420400,37.25,20568,,2026-09-11T08:52:26Z,2026-09-15T22:41:17Z
83,2,124757270,4271393,37.75,1,,2026-09-11T08:02:27Z,2026-09-15T22:41:17Z
83,2,124757562,3612280,37.75,35000,,2026-09-11T08:10:34Z,2026-09-15T22:41:17Z
83,3,125001123,5458305,36.25,10000,,2026-09-15T22:41:14Z,2026-09-15T22:41:17Z
83,3,124806869,5458892,36.5,486,,2026-09-12T07:22:28Z,2026-09-15T22:41:17Z
83,3,124786430,4872754,36.75,2774,,2026-09-11T20:24:27Z,2026-09-15T22:41:17Z
83,3,124786202,4475042,37.0,10732,,2026-09-11T20:18:09Z,2026-09-15T22:41:17Z
83,3,124798605,2959175,37.0,48826,,2026-09-12T03:19:36Z,2026-09-15T22:41:17Z
83,3,124938865,1457035,37.0,9600,,2026-09-14T18:55:34Z,2026-09-15T22:41:17Z
83,3,124782536,4499530,37.25,1969,,2026-09-11T18:44:33Z,2026-09-15T22:41:17Z
83,3,124782051,133753,37.5,11497,,2026-09-11T18:32:40Z,2026-09-15T22:41:17Z
83,3,124715240,5098122,38.5,100000,,2026-09-10T12:42:44Z,2026-09-15T22:41:17Z
83,3,124713675,3564173,38.75,1000,,2026-09-10T12:08:07Z,2026-09-15T22:41:17Z
83,4,124995782,3986759,36.5,42006,-13973.0,2026-09-15T20:15:48Z,2026-09-15T22:41:17Z
83,4,124804023,4083062,36.75,40892,,2026-09-12T06:12:05Z,2026-09-15T22:41:17Z
83,4,124803494,5230959,37.0,79502,,2026-09-12T05:59:20Z,2026-09-15T22:41:17Z
83,4,124968496,2984741,37.0,73540,,2026-09-15T09:17:00Z,2026-09-15T22:41:17Z
83,4,124802998,3250964,37.25,30000,,2026-09-12T05:45:34Z,2026-09-15T22:41:17Z
83,4,124798123,5116852,37.75,10283,,2026-09-12T03:05:10Z,2026-09-15T22:41:17Z
83,4,124798110,5116852,38.0,18000,,2026-09-12T03:04:41Z,2026-09-15T22:41:17Z
83,4,124794364,4704819,38.5,11676,,2026-09-12T00:38:34Z,2026-09-15T22:41:17Z
83,4,124784399,67606,39.25,692,,2026-09-11T19:32:46Z,2026-09-15T22:41:17Z
83,4,124785391,5230959,39.25,9046,,2026-09-11T19:59:31Z,2026-09-15T22:41:17Z
83,4,124899443,2711607,45.0,210000,,2026-09-14T02:04:45Z,2026-09-15T22:41:17Z
83,5,124996232,2185393,38.25,46161,,2026-09-15T20:26:57Z,2026-09-15T22:41:17Z
83,5,124971447,1727502,38.5,97400,,2026-09-15T10:39:01Z,2026-09-15T22:41:17Z
83,5,124961165,3088785,38.75,45933,,2026-09-15T05:41:36Z,2026-09-15T22:41:17Z
83,5,124965766,3751106,38.75,100000,,2026-09-15T07:55:50Z,2026-09-15T22:41:17Z
83,5,124689219,1727502,39.5,143507,,2026-09-10T00:20:30Z,2026-09-15T22:41:17Z
83,5,124948410,2465059,42.0,5000,,2026-09-14T23:00:26Z,2026-09-15T22:41:17Z
83,6,124943023,3525104,39.0,4523,,2026-09-14T20:27:01Z,2026-09-15T22:41:17Z
83,6,124758170,4463969,39.5,243377,,2026-09-11T08:28:14Z,2026-09-15T22:41:17Z
83,6,124948412,2465059,45.0,5000,,2026-09-14T23:00:30Z,2026-09-15T22:41:17Z
83,7,124627867,315128,39.75,31743,,2026-09-08T19:39:41Z,2026-09-15T22:41:17Z
83,8,124962775,2517125,39.0,6000,,2026-09-15T06:26:33Z,2026-09-15T22:41:17Z
83,8,124857003,3327033,39.75,42000,,2026-09-13T07:26:40Z,2026-09-15T22:41:17Z
83,8,124756747,2517125,40.25,554,,2026-09-11T07:45:00Z,2026-09-15T22:41:17Z
83,9,124519477,451964,40.75,10000,,2026-09-06T17:54:50Z,2026-09-14T06:59:12Z
83,11,124808699,4366770,44.0,34898,,2026-09-12T08:11:02Z,2026-09-15T22:41:17Z
84,0,125000094,4820472,9525.0,249,,2026-09-15T22:09:03Z,2026-09-15T22:44:22Z
84,0,124998599,5717996,9550.0,4,,2026-09-15T21:27:15Z,2026-09-15T22:44:22Z
84,0,124663606,5350027,9575.0,95,,2026-09-09T13:18:48Z,2026-09-15T22:44:22Z
84,0,124937685,5681120,9600.0,17,,2026-09-14T18:28:41Z,2026-09-15T22:44:22Z
84,0,124991527,1106644,9600.0,9,,2026-09-15T18:42:02Z,2026-09-15T22:44:22Z
84,0,124937904,5050259,9775.0,10,,2026-09-14T18:34:06Z,2026-09-15T22:44:22Z
84,1,124987365,5658280,9750.0,61,,2026-09-15T17:09:31Z,2026-09-15T22:44:22Z
84,1,124998403,4570591,9750.0,56,,2026-09-15T21:21:26Z,2026-09-15T22:44:22Z
84,1,124985821,5168243,9775.0,46,,2026-09-15T16:32:55Z,2026-09-15T22:44:22Z
84,1,124971637,4885077,9825.0,37,,2026-09-15T10:43:38Z,2026-09-15T22:44:22Z
84,1,124990837,327117,9850.0,38,,2026-09-15T18:28:21Z,2026-09-15T22:44:22Z
84,1,124966829,5656108,9875.0,1,,2026-09-15T08:25:43Z,2026-09-15T22:44:22Z
84,1,124952315,5168243,9900.0,92,,2026-09-15T01:16:57Z,2026-09-15T22:44:22Z
84,1,124918268,1370987,9950.0,3,,2026-09-14T10:59:19Z,2026-09-15T22:44:22Z
84,2,124989183,5535620,9875.0,11,,2026-09-15T17:50:25Z,2026-09-15T22:44:22Z
84,2,124966301,4954427,9900.0,105,,2026-09-15T08:13:12Z,2026-09-15T22:44:22Z
84,2,124960162,5535620,9950.0,18,,2026-09-15T05:14:56Z,2026-09-15T22:44:22Z
84,2,124941686,4015266,9975.0,246,,2026-09-14T19:55:57Z,2026-09-15T22:44:22Z
84,2,124918570,4954427,10000.0,148,,2026-09-14T11:07:05Z,2026-09-15T22:44:22Z
84,2,124990841,1356443,10000.0,31,,2026-09-15T18:28:29Z,2026-09-15T22:44:22Z
84,2,124798489,3919981,10300.0,169,,2026-09-12T03:16:29Z,2026-09-15T22:44:22Z
84,2,124831420,1356443,10300.0,61,,2026-09-12T18:19:47Z,2026-09-15T22:44:22Z
84,2,124704437,1917163,10400.0,221,,2026-09-10T07:50:34Z,2026-09-15T22:44:22Z
84,2,124796605,3048924,10400.0,12,,2026-09-12T02:08:48Z,2026-09-15T22:44:22Z
84,3,124953945,4217215,10400.0,109,,2026-09-15T02:08:43Z,2026-09-15T22:44:22Z
84,4,124999594,5529202,10400.0,34,,2026-09-15T21:54:30Z,2026-09-15T22:44:22Z
84,4,124507944,3780399,10500.0,1663,,2026-09-06T13:14:29Z,2026-09-15T22:44:22Z
84,4,124875783,5447512,10500.0,106,,2026-09-13T15:25:31Z,2026-09-15T22:44:22Z
84,4,124742455,3780399,10800.0,229,,2026-09-11T00:18:43Z,2026-09-15T22:44:22Z
84,4,124641307,2534061,10900.0,621,,2026-09-09T02:40:53Z,2026-09-15T22:44:22Z
84,5,124995573,3695492,10700.0,38,,2026-09-15T20:11:44Z,2026-09-15T22:44:22Z
84,5,124806788,3387910,10800.0,634,,2026-09-12T07:19:53Z,2026-09-15T22:44:22Z
84,5,124781595,3405447,10900.0,106,,2026-09-11T18:20:46Z,2026-09-15T22:44:22Z
84,5,124737948,4914813,11100.0,29,,2026-09-10T21:50:26Z,2026-09-15T22:44:22Z
84,5,124778191,3695492,11100.0,90,,2026-09-11T16:51:28Z,2026-09-15T22:44:22Z
84,5,124734375,4432580,11200.0,115,,2026-09-10T20:22:15Z,2026-09-15T22:44:22Z
84,6,124994796,4914813,10900.0,40,,2026-09-15T19:55:16Z,2026-09-15T22:44:22Z
84,6,124996211,4371653,10900.0,250,,2026-09-15T20:26:21Z,2026-09-15T22:44:22Z
84,6,124942876,2500940,11000.0,32,,2026-09-14T20:23:00Z,2026-09-15T22:44:22Z
84,6,124977287,3491978,11200.0,100,,2026-09-15T13:11:49Z,2026-09-15T22:44:22Z
84,6,124973115,4371653,11300.0,350,,2026-09-15T11:23:41Z,2026-09-15T22:44:22Z
84,6,124822628,2500940,11400.0,100,,2026-09-12T14:33:02Z,2026-09-15T22:44:22Z
84,6,124739198,4371653,11500.0,37,,2026-09-10T22:27:07Z,2026-09-15T22:44:22Z
84,6,124815017,2500940,11500.0,100,,2026-09-12T11:11:15Z,2026-09-15T22:44:22Z
84,6,124736942,2500940,11600.0,100,,2026-09-10T21:23:07Z,2026-09-15T22:44:22Z
84,7,124896442,505212,11300.0,19,,2026-09-14T00:24:30Z,2026-09-15T22:44:22Z
84,7,124876838,2351342,11400.0,3,,2026-09-13T15:49:45Z,2026-09-15T22:44:22Z
84,7,124954242,3491978,11500.0,100,,2026-09-15T02:20:17Z,2026-09-15T22:44:22Z
84,7,124954237,3491978,11600.0,100,,2026-09-15T02:20:10Z,2026-09-15T22:44:22Z
84,7,124606427,3491978,12100.0,100,,2026-09-08T10:52:57Z,2026-09-15T22:44:22Z
84,8,124995501,315128,11500.0,150,,2026-09-15T20:10:08Z,2026-09-15T22:44:22Z
84,8,124994939,802763,11600.0,200,,2026-09-15T19:58:34Z,2026-09-15T22:44:22Z
84,8,124938099,315128,11700.0,150,,2026-09-14T18:38:10Z,2026-09-15T22:44:22Z
84,8,124896454,505212,11800.0,25,,2026-09-14T00:24:51Z,2026-09-15T22:44:22Z
84,8,124682598,2691524,12500.0,104,,2026-09-09T20:49:38Z,2026-09-15T22:44:22Z
84,8,124665296,3948202,16800.0,1586,,2026-09-09T13:58:38Z,2026-09-15T22:44:22Z
84,9,124281537,3397590,12500.0,830,,2026-09-02T00:44:25Z,2026-09-09T06:58:58Z
84,10,124875870,2691524,13000.0,49,,2026-09-13T15:27:45Z,2026-09-15T22:44:22Z
84,10,124864762,4749812,20000.0,25,,2026-09-13T11:00:49Z,2026-09-15T22:44:22Z
85,0,124980397,5215597,7700.0,6,,2026-09-15T14:25:00Z,2026-09-15T22:42:43Z
85,0,124979128,4583313,7725.0,1,,2026-09-15T13:53:42Z,2026-09-15T22:42:43Z
85,0,124976053,5133478,7750.0,81,,2026-09-15T12:40:06Z,2026-09-15T22:42:43Z
85,0,124966593,5686842,7775.0,2,,2026-09-15T08:20:28Z,2026-09-15T22:42:43Z
85,0,124878349,5699756,7800.0,2,,2026-09-13T16:24:11Z,2026-09-15T22:42:43Z
85,0,124807281,3948202,7850.0,7,,2026-09-12T07:32:38Z,2026-09-15T22:42:43Z
85,0,124786902,5624536,7975.0,1,,2026-09-11T20:35:48Z,2026-09-15T22:42:43Z
85,0,124783089,5133478,8000.0,12,,2026-09-11T19:00:05Z,2026-09-15T22:42:43Z
85,0,124924942,5426355,8000.0,6,,2026-09-14T13:42:45Z,2026-09-15T22:42:43Z
85,0,124800159,5532049,8075.0,5,,2026-09-12T04:17:48Z,2026-09-15T22:42:43Z
85,0,124986251,3839184,8100.0,10,,2026-09-15T16:42:37Z,2026-09-15T22:42:43Z
85,0,124765150,5216529,8125.0,1,,2026-09-11T11:33:58Z,2026-09-15T22:42:43Z
85,0,124789701,4131710,8150.0,1351,,2026-09-11T21:55:33Z,2026-09-15T22:42:43Z
85,0,124650240,3065826,8600.0,61,,2026-09-09T07:04:07Z,2026-09-15T22:42:43Z
85,1,125000942,5083885,7850.0,2,,2026-09-15T22:36:11Z,2026-09-15T22:42:43Z
85,1,124955360,1267280,7875.0,22,,2026-09-15T03:01:34Z,2026-09-15T22:42:43Z
85,1,124983698,5086186,7875.0,1,,2026-09-15T15:42:58Z,2026-09-15T22:42:43Z
85,1,124866859,5298615,7900.0,5,,2026-09-13T17:18:22Z,2026-09-15T22:42:43Z
85,1,124850044,5622473,7925.0,14,,2026-09-13T04:08:59Z,2026-09-15T22:42:43Z
85,1,124847881,608945,7950.0,9,,2026-09-13T02:49:33Z,2026-09-15T22:42:43Z
85,1,124817428,4820472,7975.0,78,,2026-09-12T12:19:20Z,2026-09-15T22:42:43Z
85,1,124815753,5622473,8000.0,7,,2026-09-12T11:31:15Z,2026-09-15T22:42:43Z
85,1,124807557,5637695,8025.0,2,,2026-09-12T07:39:02Z,2026-09-15T22:42:43Z
85,1,124765835,1117810,8050.0,122,,2026-09-11T11:51:34Z,2026-09-15T22:42:43Z
85,1,124789704,4131710,8175.0,51,,2026-09-11T21:55:40Z,2026-09-15T22:42:43Z
85,2,124896380,505212,8250.0,54,,2026-09-14T00:22:17Z,2026-09-15T22:42:43Z
85,2,124896154,1612770,8275.0,37,,2026-09-14T00:13:31Z,2026-09-15T22:42:43Z
85,2,124896421,505212,8275.0,125,,2026-09-14T00:23:42Z,2026-09-15T22:42:43Z
85,3,124947803,4991511,8250.0,43,,2026-09-14T22:39:28Z,2026-09-15T22:42:43Z
85,3,124943806,4064427,8275.0,4,,2026-09-14T20:46:41Z,2026-09-15T22:42:43Z
85,3,124939736,3537970,8300.0,4,,2026-09-14T19:13:51Z,2026-09-15T22:42:43Z
85,3,124896386,505212,8325.0,35,,2026-09-14T00:22:33Z,2026-09-15T22:42:43Z
85,3,124876134,3537970,8350.0,61,,2026-09-13T15:33:59Z,2026-09-15T22:42:43Z
85,3,124667469,1677063,8375.0,800,,2026-09-09T14:49:39Z,2026-09-15T22:42:43Z
85,3,124635489,524291,8675.0,86,,2026-09-08T23:14:28Z,2026-09-15T22:42:43Z
85,3,124625644,4064427,8875.0,4,,2026-09-08T18:50:55Z,2026-09-15T22:42:43Z
85,3,124612534,3567991,9150.0,20,,2026-09-08T13:38:19Z,2026-09-15T22:42:43Z
85,3,124609266,1370987,9250.0,8,,2026-09-08T12:13:20Z,2026-09-15T22:42:43Z
85,3,124608679,3780399,9300.0,22,,2026-09-08T11:58:01Z,2026-09-15T22:42:43Z
85,3,124605216,3396622,9350.0,17,,2026-09-08T10:19:44Z,2026-09-15T22:42:43Z
85,3,124603496,433630,9375.0,20,,2026-09-08T09:32:56Z,2026-09-15T22:42:43Z
85,3,124601568,3537970,9400.0,58,,2026-09-08T08:36:01Z,2026-09-15T22:42:43Z
85,4,124998019,823683,8525.0,8,,2026-09-15T21:11:20Z,2026-09-15T22:42:43Z
85,4,124976105,4397248,8550.0,574,,2026-09-15T12:41:21Z,2026-09-15T22:42:43Z
85,4,124959989,823683,8575.0,5,,2026-09-15T05:10:50Z,2026-09-15T22:42:43Z
85,4,124950248,5198907,8600.0,150,,2026-09-15T00:04:14Z,2026-09-15T22:42:43Z
85,4,124920244,669261,8625.0,601,,2026-09-14T11:47:34Z,2026-09-15T22:42:43Z
85,4,124913266,759796,8650.0,15,,2026-09-14T08:41:28Z,2026-09-15T22:42:43Z
85,4,124913176,823683,8675.0,5,,2026-09-14T08:38:32Z,2026-09-15T22:42:43Z
85,4,124912296,3568203,8700.0,10,,2026-09-14T08:13:06Z,2026-09-15T22:42:43Z
85,4,124912212,669261,8875.0,1036,,2026-09-14T08:10:23Z,2026-09-15T22:42:43Z
85,4,124907638,823683,8900.0,5,,2026-09-14T06:01:31Z,2026-09-15T22:42:43Z
85,4,124901042,1245578,8925.0,20,,2026-09-14T02:58:39Z,2026-09-15T22:42:43Z
85,4,124896392,505212,8950.0,40,,2026-09-14T00:22:42Z,2026-09-15T22:42:43Z
85,4,124723949,669261,8975.0,156,,2026-09-10T16:06:33Z,2026-09-15T22:42:43Z
85,4,124692889,3780399,9150.0,12,,2026-09-10T02:33:47Z,2026-09-15T22:42:43Z
85,4,124653151,3072510,9200.0,190,,2026-09-09T08:33:56Z,2026-09-15T22:42:43Z
85,4,124988094,4462630,9250.0,98,,2026-09-15T17:26:51Z,2026-09-15T22:42:43Z
85,4,124819241,4462630,9300.0,136,,2026-09-12T13:06:59Z,2026-09-15T22:42:43Z
85,4,124641407,5198907,9375.0,10,,2026-09-09T02:43:40Z,2026-09-15T22:42:43Z
85,4,124628626,2015578,9400.0,131,,2026-09-08T19:57:33Z,2026-09-15T22:42:43Z
85,5,124954381,3564173,9625.0,154,,2026-09-15T02:25:16Z,2026-09-15T22:42:43Z
85,5,124822881,1457035,9650.0,59,,2026-09-12T14:39:55Z,2026-09-15T22:42:43Z
85,5,124742846,1783728,9675.0,17,,2026-09-11T00:32:56Z,2026-09-15T22:42:43Z
85,6,124997060,848285,9650.0,32,,2026-09-15T20:46:47Z,2026-09-15T22:42:43Z
85,6,124604516,3948202,9700.0,1144,,2026-09-08T10:01:17Z,2026-09-15T22:42:43Z
85,6,124664852,3948202,9750.0,137,,2026-09-09T13:48:59Z,2026-09-15T22:42:43Z
85,6,124411369,3948202,9800.0,930,,2026-09-04T14:23:41Z,2026-09-15T22:42:43Z
85,6,124372008,3948202,9900.0,148,,2026-09-03T19:02:56Z,2026-09-15T22:42:43Z
85,6,124620547,3948202,10100.0,31,,2026-09-08T16:49:17Z,2026-09-15T22:42:43Z
85,7,124935424,4395483,10000.0,674,,2026-09-14T17:38:55Z,2026-09-15T22:42:43Z
85,7,124709570,972601,11300.0,75,,2026-09-10T10:14:25Z,2026-09-15T22:42:43Z
85,7,124915700,3948202,15000.0,2,,2026-09-14T09:54:17Z,2026-09-15T22:42:43Z
85,8,124709578,972601,13500.0,31,,2026-09-10T10:14:42Z,2026-09-15T22:42:43Z
85,9,124709586,972601,15000.0,33,,2026-09-10T10:14:55Z,2026-09-15T22:42:43Z
85,10,124833949,4749812,20000.0,8,,2026-09-12T19:24:04Z,2026-09-15T22:42:43Z
86,0,124917841,5748485,10300.0,1,,2026-09-14T10:49:06Z,2026-09-15T22:40:18Z
86,0,124617204,4869137,10400.0,21,,2026-09-08T15:28:17Z,2026-09-15T22:40:18Z
86,0,124626126,5324961,10500.0,55,,2026-09-08T19:01:56Z,2026-09-15T22:40:18Z
86,0,124742536,5644101,10500.0,4,,2026-09-11T00:21:53Z,2026-09-15T22:40:18Z
86,0,124829011,5298615,10500.0,22,,2026-09-12T17:15:40Z,2026-09-15T22:40:18Z
86,1,124997421,1669058,10000.0,19,,2026-09-15T20:56:07Z,2026-09-15T22:40:18Z
86,1,124973783,1669058,10300.0,22,,2026-09-15T11:40:53Z,2026-09-15T22:40:18Z
86,1,124994131,5523947,10300.0,19,,2026-09-15T19:38:34Z,2026-09-15T22:40:18Z
86,1,124918305,4664306,10400.0,299,,2026-09-14T11:00:30Z,2026-09-15T22:40:18Z
86,1,124739260,1669058,10700.0,68,,2026-09-10T22:28:56Z,2026-09-15T22:40:18Z
86,1,124960411,5641371,11000.0,17,,2026-09-15T05:21:09Z,2026-09-15T22:40:18Z
86,2,125000525,3450753,9925.0,1,,2026-09-15T22:22:19Z,2026-09-15T22:40:18Z
86,2,124999850,5720435,9950.0,13,,2026-09-15T22:02:52Z,2026-09-15T22:40:18Z
86,2,124996963,5425615,10300.0,348,,2026-09-15T20:44:08Z,2026-09-15T22:40:18Z
86,2,124918508,4969788,10400.0,7,,2026-09-14T11:05:11Z,2026-09-15T22:40:18Z
86,2,124750265,5560923,10600.0,6,,2026-09-11T04:46:53Z,2026-09-15T22:40:18Z
86,2,124748469,1612770,10700.0,21,,2026-09-11T03:54:46Z,2026-09-15T22:40:18Z
86,2,124657191,4202704,10900.0,40,,2026-09-09T10:34:18Z,2026-09-15T22:40:18Z
86,3,125000106,3229231,9975.0,100,,2026-09-15T22:09:31Z,2026-09-15T22:40:18Z
86,3,124999761,1557071,10000.0,4,,2026-09-15T21:59:36Z,2026-09-15T22:40:18Z
86,3,124926894,4917201,10400.0,428,,2026-09-14T14:24:52Z,2026-09-15T22:40:18Z
86,3,124837815,5115578,10500.0,37,,2026-09-12T21:03:46Z,2026-09-15T22:40:18Z
86,3,124857735,2773249,10500.0,369,,2026-09-13T07:46:26Z,2026-09-15T22:40:18Z
86,3,124788998,5115578,10700.0,44,,2026-09-11T21:34:25Z,2026-09-15T22:40:18Z
86,3,124531792,5115578,11000.0,92,,2026-09-06T23:25:31Z,2026-09-15T22:40:18Z
86,3,124660153,2278522,11200.0,1000,,2026-09-09T11:53:10Z,2026-09-15T22:40:18Z
86,4,124911354,3874352,10500.0,137,,2026-09-14T07:43:37Z,2026-09-15T22:40:18Z
86,4,124952402,2089606,10500.0,735,,2026-09-15T01:19:49Z,2026-09-15T22:40:18Z
86,4,124905179,3919981,10600.0,228,,2026-09-14T05:00:41Z,2026-09-15T22:40:18Z
86,4,124766117,3874352,10800.0,29,,2026-09-11T11:59:22Z,2026-09-15T22:40:18Z
86,4,124943450,3156381,10800.0,358,,2026-09-14T20:37:26Z,2026-09-15T22:40:18Z
86,4,124766953,3065826,12000.0,69,,2026-09-11T12:21:07Z,2026-09-15T22:40:18Z
86,5,124952042,2455851,10500.0,382,,2026-09-15T01:07:32Z,2026-09-15T22:40:18Z
86,5,124920230,669261,10600.0,485,,2026-09-14T11:47:14Z,2026-09-15T22:40:18Z
86,5,124811731,6049,10700.0,864,,2026-09-12T09:38:24Z,2026-09-15T22:40:18Z
86,5,124773500,505212,10800.0,242,,2026-09-11T15:06:44Z,2026-09-15T22:40:18Z
86,5,124943437,3156381,10800.0,53,,2026-09-14T20:37:13Z,2026-09-15T22:40:18Z
86,5,124748262,3503428,11000.0,1405,,2026-09-11T03:47:41Z,2026-09-15T22:40:18Z
86,5,124757259,1088314,11000.0,80,,2026-09-11T08:02:04Z,2026-09-15T22:40:18Z
86,5,124704113,669261,11200.0,100,,2026-09-10T07:40:59Z,2026-09-15T22:40:18Z
86,5,124660701,6049,11300.0,500,,2026-09-09T12:07:01Z,2026-09-15T22:40:18Z
86,5,124660709,6049,11400.0,500,,2026-09-09T12:07:06Z,2026-09-15T22:40:18Z
86,6,124960755,4021706,10800.0,100,,2026-09-15T05:30:56Z,2026-09-15T22:40:18Z
86,6,124914018,1697587,11000.0,328,,2026-09-14T09:04:04Z,2026-09-15T22:40:18Z
86,6,124857755,2773249,11100.0,297,,2026-09-13T07:47:02Z,2026-09-15T22:40:18Z
86,6,124676581,637654,11300.0,34,,2026-09-09T18:30:32Z,2026-09-15T22:40:18Z
86,6,124648845,2773249,11600.0,100,,2026-09-09T06:27:35Z,2026-09-15T22:40:18Z
86,7,124901152,378847,12800.0,50,,2026-09-14T03:02:11Z,2026-09-15T22:40:18Z
86,7,124648850,2773249,12900.0,150,,2026-09-09T06:27:44Z,2026-09-15T22:40:18Z
86,8,124648858,2773249,13400.0,100,,2026-09-09T06:27:57Z,2026-09-15T22:40:18Z
86,9,124946924,644339,12800.0,41,,2026-09-14T22:07:58Z,2026-09-15T22:40:18Z
86,9,124896287,505212,13600.0,142,,2026-09-14T00:19:26Z,2026-09-15T22:40:18Z
86,9,124864844,4749812,13700.0,5,,2026-09-13T11:03:00Z,2026-09-15T22:40:18Z
86,9,124680079,1544701,13800.0,56,,2026-09-09T19:52:07Z,2026-09-15T22:40:18Z
86,9,124657061,827508,13900.0,27,,2026-09-09T10:30:26Z,2026-09-15T22:40:18Z
86,9,124967721,499818,13900.0,100,,2026-09-15T08:53:24Z,2026-09-15T22:40:18Z
86,9,124651183,4146512,14200.0,10,,2026-09-09T07:31:39Z,2026-09-15T22:40:18Z
86,9,124648875,2773249,14300.0,45,,2026-09-09T06:28:16Z,2026-09-15T22:40:18Z
86,9,124599788,4141352,14400.0,20,,2026-09-08T07:39:33Z,2026-09-15T22:40:18Z
86,10,124896292,505212,29000.0,10,,2026-09-14T00:19:37Z,2026-09-15T22:40:18Z
86,10,124698835,3397590,29500.0,10,,2026-09-10T05:24:57Z,2026-09-15T22:40:18Z
86,10,124648882,2773249,30000.0,10,,2026-09-09T06:28:25Z,2026-09-15T22:40:18Z
87,0,124826876,270536,482.0,118,,2026-09-12T16:21:35Z,2026-09-15T22:42:27Z
87,0,124816256,4107914,484.0,590,,2026-09-12T11:45:54Z,2026-09-15T22:42:27Z
87,0,124786980,505212,486.0,284,,2026-09-11T20:38:08Z,2026-09-15T22:42:27Z
87,0,124746814,5744735,488.0,151,,2026-09-11T02:58:10Z,2026-09-15T22:42:27Z
87,0,124634200,5666256,490.0,20,,2026-09-08T22:33:11Z,2026-09-15T22:42:27Z
87,0,124801258,5104428,500.0,43,,2026-09-12T04:55:56Z,2026-09-15T22:42:27Z
87,1,124679854,3041697,500.0,1246,,2026-09-09T19:46:58Z,2026-09-15T22:42:27Z
87,1,124633477,3550650,510.0,834,,2026-09-08T22:06:13Z,2026-09-15T22:42:27Z
87,1,124868027,5426355,515.0,80,,2026-09-13T12:20:28Z,2026-09-15T22:42:27Z
87,1,124943375,1456556,585.0,1710,,2026-09-14T20:35:44Z,2026-09-15T22:42:27Z
87,2,125000247,3058694,605.0,50,,2026-09-15T22:14:07Z,2026-09-15T22:42:27Z
87,2,124993550,5666256,610.0,1,,2026-09-15T19:26:39Z,2026-09-15T22:42:27Z
87,2,124914240,270536,615.0,351,,2026-09-14T09:09:33Z,2026-09-15T22:42:27Z
87,2,124913863,5426355,620.0,29,,2026-09-14T08:59:33Z,2026-09-15T22:42:27Z
87,2,124908703,5425615,625.0,300,,2026-09-14T06:30:22Z,2026-09-15T22:42:27Z
87,2,124825826,716993,630.0,16336,,2026-09-12T15:55:14Z,2026-09-15T22:42:27Z
87,2,124821887,5666256,635.0,2,,2026-09-12T14:13:14Z,2026-09-15T22:42:27Z
87,2,124786990,505212,665.0,172,,2026-09-11T20:38:18Z,2026-09-15T22:42:27Z
87,2,124775734,4397248,670.0,2357,,2026-09-11T15:53:55Z,2026-09-15T22:42:27Z
87,2,124772825,5666256,675.0,1,,2026-09-11T14:50:19Z,2026-09-15T22:42:27Z
87,2,124759851,270536,690.0,26,,2026-09-11T09:16:41Z,2026-09-15T22:42:27Z
87,2,124756173,289670,695.0,1000,,2026-09-11T07:27:50Z,2026-09-15T22:42:27Z
87,2,124754677,5666256,700.0,1,,2026-09-11T06:45:59Z,2026-09-15T22:42:27Z
87,2,124742184,4227043,725.0,794,,2026-09-11T00:09:53Z,2026-09-15T22:42:27Z
87,2,124736728,5666256,750.0,2,,2026-09-10T21:17:21Z,2026-09-15T22:42:27Z
87,3,125000164,5525541,650.0,1688,,2026-09-15T22:11:05Z,2026-09-15T22:42:27Z
87,3,124998023,823683,655.0,20,,2026-09-15T21:11:28Z,2026-09-15T22:42:27Z
87,3,124997002,5535620,660.0,100,,2026-09-15T20:45:07Z,2026-09-15T22:42:27Z
87,3,124986452,823683,665.0,20,,2026-09-15T16:46:56Z,2026-09-15T22:42:27Z
87,3,124786992,505212,705.0,5211,,2026-09-11T20:38:25Z,2026-09-15T22:42:27Z
87,3,124767925,4777670,730.0,134,,2026-09-11T12:44:55Z,2026-09-15T22:42:27Z
87,3,124763789,4777670,750.0,60,,2026-09-11T11:00:43Z,2026-09-15T22:42:27Z
87,4,124976932,3227817,670.0,346,,2026-09-15T13:03:00Z,2026-09-15T22:42:27Z
87,4,124871297,4519825,680.0,244,,2026-09-13T13:40:56Z,2026-09-15T22:42:27Z
87,4,124867738,1370987,690.0,999,,2026-09-13T12:13:58Z,2026-09-15T22:42:27Z
87,4,124779482,1370987,715.0,478,,2026-09-11T17:25:28Z,2026-09-15T22:42:27Z
87,4,124775955,4519825,740.0,2980,,2026-09-11T15:58:49Z,2026-09-15T22:42:27Z
87,4,124764448,1370987,750.0,31,,2026-09-11T11:17:32Z,2026-09-15T22:42:27Z
87,5,124958218,3085103,675.0,2299,,2026-09-15T04:26:13Z,2026-09-15T22:42:27Z
87,5,124914213,270536,680.0,660,,2026-09-14T09:09:01Z,2026-09-15T22:42:27Z
87,5,124759813,270536,765.0,3271,,2026-09-11T09:15:51Z,2026-09-15T22:42:27Z
87,5,124753131,3085103,770.0,1850,,2026-09-11T06:03:04Z,2026-09-15T22:42:27Z
87,5,124724357,270536,775.0,5000,,2026-09-10T16:17:03Z,2026-09-15T22:42:27Z
87,6,124675501,289131,780.0,1214,,2026-09-09T18:03:49Z,2026-09-15T22:42:27Z
87,7,124879794,4764355,775.0,50,,2026-09-13T16:58:05Z,2026-09-15T22:42:27Z
87,7,124865874,4749812,780.0,25,,2026-09-13T11:30:17Z,2026-09-15T22:42:27Z
87,7,124654621,4764355,785.0,50,,2026-09-09T09:17:30Z,2026-09-15T22:42:27Z
87,9,124879924,4764355,850.0,96,,2026-09-13T17:00:58Z,2026-09-15T22:42:27Z
87,9,124964966,4764355,900.0,100,,2026-09-15T07:29:37Z,2026-09-15T22:42:27Z
87,10,124441161,972601,1100.0,39,,2026-09-05T05:22:04Z,2026-09-12T06:57:14Z
88,0,124726154,5269831,11600.0,29,,2026-09-10T17:02:11Z,2026-09-15T22:42:57Z
88,0,124807587,792615,11600.0,50,,2026-09-12T07:39:50Z,2026-09-15T22:42:57Z
88,0,125000475,5305828,11600.0,38,,2026-09-15T22:20:50Z,2026-09-15T22:42:57Z
88,0,124695503,1648530,11700.0,19,,2026-09-10T04:00:39Z,2026-09-15T22:42:57Z
88,0,124696304,5181741,11700.0,48,,2026-09-10T04:20:27Z,2026-09-15T22:42:57Z
88,0,124708334,3616363,11700.0,21,,2026-09-10T09:40:43Z,2026-09-15T22:42:57Z
88,0,124807172,792615,11700.0,50,,2026-09-12T07:29:43Z,2026-09-15T22:42:57Z
88,0,124807165,792615,11800.0,50,,2026-09-12T07:29:29Z,2026-09-15T22:42:57Z
88,0,124807158,792615,11900.0,50,,2026-09-12T07:29:10Z,2026-09-15T22:42:57Z
88,0,124807075,792615,12000.0,50,,2026-09-12T07:27:15Z,2026-09-15T22:42:57Z
88,0,124807065,792615,12100.0,50,,2026-09-12T07:27:01Z,2026-09-15T22:42:57Z
88,0,124742542,5644101,12200.0,9,,2026-09-11T00:22:02Z,2026-09-15T22:42:57Z
88,0,124807059,792615,12200.0,50,,2026-09-12T07:26:55Z,2026-09-15T22:42:57Z
88,0,124807047,792615,12300.0,50,,2026-09-12T07:26:44Z,2026-09-15T22:42:57Z
88,0,124807033,792615,12400.0,50,,2026-09-12T07:26:31Z,2026-09-15T22:42:57Z
88,0,124806999,792615,12500.0,50,,2026-09-12T07:25:32Z,2026-09-15T22:42:57Z
88,0,124806991,792615,12600.0,50,,2026-09-12T07:25:20Z,2026-09-15T22:42:57Z
88,0,124806985,792615,12700.0,50,,2026-09-12T07:25:13Z,2026-09-15T22:42:57Z
88,0,124806981,792615,12800.0,50,,2026-09-12T07:25:06Z,2026-09-15T22:42:57Z
88,0,124806963,792615,12900.0,50,,2026-09-12T07:24:49Z,2026-09-15T22:42:57Z
88,0,124759303,3948202,13000.0,18,,2026-09-11T09:01:52Z,2026-09-15T22:42:57Z
88,0,124806952,792615,13000.0,50,,2026-09-12T07:24:34Z,2026-09-15T22:42:57Z
88,1,124824040,5641371,11900.0,24,,2026-09-12T15:10:11Z,2026-09-15T22:42:57Z
88,1,124684010,2337660,12000.0,378,,2026-09-09T21:26:16Z,2026-09-15T22:42:57Z
88,1,124673550,4202704,12200.0,2,,2026-09-09T17:15:32Z,2026-09-15T22:42:57Z
88,2,124905045,5609601,11700.0,28,,2026-09-14T04:57:05Z,2026-09-15T22:42:57Z
88,2,124972559,5548370,11800.0,100,,2026-09-15T11:08:59Z,2026-09-15T22:42:57Z
88,2,124808535,5609601,12000.0,2,,2026-09-12T08:06:30Z,2026-09-15T22:42:57Z
88,2,124809465,4584567,12000.0,60,,2026-09-12T08:32:34Z,2026-09-15T22:42:57Z
88,2,124805054,5609601,12100.0,13,,2026-09-12T06:36:46Z,2026-09-15T22:42:57Z
88,2,124796157,4202704,12200.0,13,,2026-09-12T01:50:32Z,2026-09-15T22:42:57Z
88,3,124955220,1295957,11700.0,57,,2026-09-15T02:56:14Z,2026-09-15T22:42:57Z
88,3,124885872,5420756,11900.0,26,,2026-09-14T01:10:13Z,2026-09-15T22:42:57Z
88,3,124899611,5351729,11900.0,9,,2026-09-14T02:10:43Z,2026-09-15T22:42:57Z
88,3,124920173,2721726,11900.0,99,,2026-09-14T11:45:48Z,2026-09-15T22:42:57Z
88,3,124819273,3721867,12000.0,41,,2026-09-12T13:07:58Z,2026-09-15T22:42:57Z
88,3,124739813,2367727,12300.0,10,,2026-09-10T22:47:33Z,2026-09-15T22:42:57Z
88,4,124926033,4849177,11900.0,256,,2026-09-14T14:06:19Z,2026-09-15T22:42:57Z
88,4,124907013,4491265,12000.0,59,,2026-09-14T05:44:22Z,2026-09-15T22:42:57Z
88,4,124922429,1732312,12000.0,100,,2026-09-14T12:40:14Z,2026-09-15T22:42:57Z
88,4,124798686,2707882,12300.0,25,,2026-09-12T03:22:15Z,2026-09-15T22:42:57Z
88,4,124692378,2707882,12400.0,31,,2026-09-10T02:16:28Z,2026-09-15T22:42:57Z
88,4,124926007,4493931,12900.0,42,,2026-09-14T14:05:53Z,2026-09-15T22:42:57Z
88,5,124934071,3427050,12000.0,242,,2026-09-14T17:06:59Z,2026-09-15T22:42:57Z
88,5,124997115,2186137,12000.0,100,,2026-09-15T20:48:07Z,2026-09-15T22:42:57Z
88,5,124922700,445549,12100.0,202,,2026-09-14T12:46:45Z,2026-09-15T22:42:57Z
88,5,124908359,3787764,12200.0,500,,2026-09-14T06:20:54Z,2026-09-15T22:42:57Z
88,5,124887823,2186137,12300.0,100,,2026-09-13T20:03:44Z,2026-09-15T22:42:57Z
88,5,124697716,3922429,12400.0,416,,2026-09-10T04:58:06Z,2026-09-15T22:42:57Z
88,5,124887694,77822,12400.0,300,,2026-09-13T20:00:48Z,2026-09-15T22:42:57Z
88,5,124593659,2186137,12500.0,116,,2026-09-08T04:52:19Z,2026-09-15T22:42:57Z
88,5,124604552,1088314,12500.0,30,,2026-09-08T10:02:40Z,2026-09-15T22:42:57Z
88,6,124932268,1685134,12700.0,21,,2026-09-14T16:26:46Z,2026-09-15T22:42:57Z
88,6,124879211,247265,12800.0,21,,2026-09-13T16:45:18Z,2026-09-15T22:42:57Z
88,6,124799853,77822,13000.0,305,,2026-09-12T04:06:59Z,2026-09-15T22:42:57Z
88,6,124751123,4465742,13300.0,244,,2026-09-11T05:10:55Z,2026-09-15T22:42:57Z
88,6,124689208,1975691,13400.0,34,,2026-09-10T00:20:07Z,2026-09-15T22:42:57Z
88,6,124636961,27876,13500.0,200,,2026-09-09T00:08:43Z,2026-09-15T22:42:57Z
88,7,124996564,302609,12600.0,389,,2026-09-15T20:33:53Z,2026-09-15T22:42:57Z
88,7,124901133,378847,13300.0,50,,2026-09-14T03:01:43Z,2026-09-15T22:42:57Z
88,8,124665371,3948202,16000.0,500,,2026-09-09T13:59:59Z,2026-09-15T22:42:57Z
88,9,124978388,4021706,13100.0,13,,2026-09-15T13:36:46Z,2026-09-15T22:42:57Z
88,9,124780907,345558,13400.0,4,,2026-09-11T18:02:24Z,2026-09-15T22:42:57Z
88,9,124665363,3948202,17300.0,250,,2026-09-09T13:59:49Z,2026-09-15T22:42:57Z
88,10,124995757,828413,12700.0,300,,2026-09-15T20:15:17Z,2026-09-15T22:42:57Z
88,10,124774971,828413,13600.0,243,,2026-09-11T15:37:44Z,2026-09-15T22:42:57Z
89,0,124996570,5669486,4830.0,58,,2026-09-15T20:34:04Z,2026-09-15T22:41:16Z
89,0,124994499,5749010,4840.0,4,,2026-09-15T19:47:16Z,2026-09-15T22:41:16Z
89,0,124994260,4583313,4850.0,3,,2026-09-15T19:41:50Z,2026-09-15T22:41:16Z
89,0,124986735,5754742,4880.0,2,,2026-09-15T16:54:06Z,2026-09-15T22:41:16Z
89,0,124772147,5181741,4900.0,100,,2026-09-11T14:33:36Z,2026-09-15T22:41:16Z
89,0,124656936,5354063,4910.0,250,,2026-09-09T10:26:35Z,2026-09-15T22:41:16Z
89,0,124662850,4034627,5100.0,249,,2026-09-09T13:00:46Z,2026-09-15T22:41:16Z
89,1,124992226,4790964,4880.0,42,,2026-09-15T18:57:21Z,2026-09-15T22:41:16Z
89,1,124861755,1306086,4920.0,69,,2026-09-13T09:36:18Z,2026-09-15T22:41:16Z
89,1,124811555,3332594,4950.0,169,,2026-09-12T09:32:10Z,2026-09-15T22:41:16Z
89,1,124739998,2406202,4980.0,63,,2026-09-10T22:54:05Z,2026-09-15T22:41:16Z
89,1,124779030,1306086,5075.0,58,,2026-09-11T17:13:09Z,2026-09-15T22:41:16Z
89,2,124984897,5368451,4890.0,95,,2026-09-15T16:10:08Z,2026-09-15T22:41:16Z
89,2,124917105,5765629,4900.0,32,,2026-09-14T10:30:35Z,2026-09-15T22:41:16Z
89,2,124816091,4107914,4950.0,10,,2026-09-12T11:41:07Z,2026-09-15T22:41:16Z
89,2,124806421,4866544,4970.0,8,,2026-09-12T07:11:23Z,2026-09-15T22:41:16Z
89,2,124726883,5415607,4990.0,13,,2026-09-10T17:21:02Z,2026-09-15T22:41:16Z
89,2,124718309,5719959,5000.0,4,,2026-09-10T13:53:17Z,2026-09-15T22:41:16Z
89,2,124709778,4202704,5200.0,75,,2026-09-10T10:21:07Z,2026-09-15T22:41:16Z
89,3,124978082,3508540,4920.0,11,-4.0,2026-09-15T13:29:26Z,2026-09-15T22:41:16Z
89,3,124979879,5189792,4920.0,334,,2026-09-15T14:12:09Z,2026-09-15T22:41:16Z
89,3,124999194,5429308,4920.0,19,,2026-09-15T21:44:13Z,2026-09-15T22:41:16Z
89,3,124922746,445549,4930.0,34,,2026-09-14T12:47:48Z,2026-09-15T22:41:16Z
89,3,124850684,4841938,4950.0,86,,2026-09-13T04:31:01Z,2026-09-15T22:41:16Z
89,3,124918668,3905048,4950.0,149,,2026-09-14T11:09:09Z,2026-09-15T22:41:16Z
89,3,124926912,3559887,4950.0,600,,2026-09-14T14:25:15Z,2026-09-15T22:41:16Z
89,3,124810910,4321589,4960.0,15,,2026-09-12T09:13:41Z,2026-09-15T22:41:16Z
89,3,124814251,2673065,4960.0,100,,2026-09-12T10:49:43Z,2026-09-15T22:41:16Z
89,3,124806574,1986873,4970.0,138,,2026-09-12T07:15:34Z,2026-09-15T22:41:16Z
89,3,124773228,4841938,5000.0,87,,2026-09-11T15:00:58Z,2026-09-15T22:41:16Z
89,3,124701570,4321589,5050.0,500,,2026-09-10T06:35:16Z,2026-09-15T22:41:16Z
89,3,124733389,4856067,5050.0,11,,2026-09-10T19:59:16Z,2026-09-15T22:41:16Z
89,3,124733396,4856067,5100.0,11,,2026-09-10T19:59:26Z,2026-09-15T22:41:16Z
89,3,124733400,4856067,5150.0,11,,2026-09-10T19:59:31Z,2026-09-15T22:41:16Z
89,3,124733406,4856067,5200.0,11,,2026-09-10T19:59:35Z,2026-09-15T22:41:16Z
89,3,124733409,4856067,5250.0,11,,2026-09-10T19:59:40Z,2026-09-15T22:41:16Z
89,3,124772885,2773249,5275.0,500,,2026-09-11T14:52:30Z,2026-09-15T22:41:16Z
89,3,124733411,4856067,5300.0,11,,2026-09-10T19:59:44Z,2026-09-15T22:41:16Z
89,3,124733416,4856067,5350.0,11,,2026-09-10T19:59:48Z,2026-09-15T22:41:16Z
89,3,124733421,4856067,5400.0,11,,2026-09-10T19:59:52Z,2026-09-15T22:41:16Z
89,3,124733425,4856067,5450.0,11,,2026-09-10T19:59:57Z,2026-09-15T22:41:16Z
89,3,124733426,4856067,5500.0,11,,2026-09-10T20:00:00Z,2026-09-15T22:41:16Z
89,3,124733432,4856067,5550.0,11,,2026-09-10T20:00:05Z,2026-09-15T22:41:16Z
89,4,124870065,425939,5125.0,150,,2026-09-13T13:10:56Z,2026-09-15T22:41:16Z
89,4,124774372,2773249,5150.0,440,,2026-09-11T15:24:42Z,2026-09-15T22:41:16Z
89,4,124743855,247265,5175.0,42,,2026-09-11T01:10:50Z,2026-09-15T22:41:16Z
89,4,124728109,4566523,5200.0,199,,2026-09-10T17:54:12Z,2026-09-15T22:41:16Z
89,4,124720163,4396747,5225.0,14,,2026-09-10T14:34:08Z,2026-09-15T22:41:16Z
89,4,124683992,3164964,5300.0,802,,2026-09-09T21:25:39Z,2026-09-15T22:41:16Z
89,4,124993888,1984105,5300.0,193,,2026-09-15T19:34:25Z,2026-09-15T22:41:16Z
89,4,124657595,3580629,5350.0,300,,2026-09-09T10:44:23Z,2026-09-15T22:41:16Z
89,5,124981220,1463009,5450.0,72,,2026-09-15T14:45:28Z,2026-09-15T22:41:16Z
89,5,124896707,5198907,5475.0,400,,2026-09-14T02:09:57Z,2026-09-15T22:41:16Z
89,5,124877754,1463009,5500.0,50,,2026-09-13T16:09:52Z,2026-09-15T22:41:16Z
89,5,124870770,5198907,5600.0,400,,2026-09-13T15:19:00Z,2026-09-15T22:41:16Z
89,5,124808776,2728156,5800.0,100,,2026-09-12T08:13:22Z,2026-09-15T22:41:16Z
89,5,124772923,2773249,8000.0,42,,2026-09-11T14:53:25Z,2026-09-15T22:41:16Z
89,6,124986923,2691524,5625.0,150,,2026-09-15T16:58:39Z,2026-09-15T22:41:16Z
89,6,124833358,289670,5650.0,75,,2026-09-12T19:09:29Z,2026-09-15T22:41:16Z
89,6,124809701,567722,5675.0,97,,2026-09-12T08:39:29Z,2026-09-15T22:41:16Z
89,6,124806146,1754402,7000.0,100,,2026-09-12T07:05:02Z,2026-09-15T22:41:16Z
89,6,124791468,2773249,7200.0,158,,2026-09-11T22:53:21Z,2026-09-15T22:41:16Z
89,6,124776214,567722,7900.0,234,,2026-09-11T16:04:51Z,2026-09-15T22:41:16Z
89,6,124772937,2773249,8300.0,101,,2026-09-11T14:53:35Z,2026-09-15T22:41:16Z
89,7,124970873,1878258,5650.0,209,,2026-09-15T10:23:09Z,2026-09-15T22:41:16Z
89,7,124974967,378847,5650.0,100,,2026-09-15T12:11:24Z,2026-09-15T22:41:16Z
89,7,124857764,2773249,5675.0,139,,2026-09-13T07:47:28Z,2026-09-15T22:41:16Z
89,7,124788565,378847,8475.0,50,,2026-09-11T21:22:16Z,2026-09-15T22:41:16Z
89,7,124772950,2773249,8500.0,102,,2026-09-11T14:53:49Z,2026-09-15T22:41:16Z
89,8,124809212,3473368,5700.0,940,,2026-09-12T08:24:50Z,2026-09-15T22:41:16Z
89,8,124772955,2773249,8700.0,99,,2026-09-11T14:53:58Z,2026-09-15T22:41:16Z
89,9,124995763,4493931,5850.0,100,,2026-09-15T20:15:23Z,2026-09-15T22:41:16Z
89,9,124800088,345558,5900.0,2,,2026-09-12T04:14:54Z,2026-09-15T22:41:16Z
89,9,124772962,2773249,8800.0,75,,2026-09-11T14:54:07Z,2026-09-15T22:41:16Z
89,10,124995737,4493931,6100.0,100,,2026-09-15T20:14:56Z,2026-09-15T22:41:16Z
89,10,124857774,2773249,6150.0,25,,2026-09-13T07:47:42Z,2026-09-15T22:41:16Z
89,10,124800091,345558,6200.0,2,,2026-09-12T04:15:09Z,2026-09-15T22:41:16Z
89,10,124772971,2773249,8950.0,500,,2026-09-11T14:54:23Z,2026-09-15T22:41:16Z
89,11,124800084,345558,7000.0,2,,2026-09-12T04:14:41Z,2026-09-15T06:33:00Z
98,0,124999781,5796669,835.0,315,,2026-09-15T22:00:29Z,2026-09-15T22:44:41Z
98,0,124999640,5807341,840.0,1,,2026-09-15T21:55:45Z,2026-09-15T22:44:41Z
98,0,124999443,5761504,845.0,602,,2026-09-15T21:50:47Z,2026-09-15T22:44:41Z
98,0,124999331,5333101,850.0,200,,2026-09-15T21:47:54Z,2026-09-15T22:44:41Z
98,0,124927799,5796669,885.0,58,,2026-09-14T14:48:29Z,2026-09-15T22:44:41Z
98,0,124877746,3542266,910.0,600,,2026-09-13T16:09:36Z,2026-09-15T22:44:41Z
98,1,125000221,5818233,850.0,11,,2026-09-15T22:13:03Z,2026-09-15T22:44:41Z
98,1,124998679,5668780,855.0,119,,2026-09-15T21:29:17Z,2026-09-15T22:44:41Z
98,1,124992213,5599837,880.0,1030,,2026-09-15T18:57:06Z,2026-09-15T22:44:41Z
98,1,124928706,3856190,885.0,571,,2026-09-14T15:08:49Z,2026-09-15T22:44:41Z
98,1,124922132,5599837,890.0,621,,2026-09-14T12:32:35Z,2026-09-15T22:44:41Z
98,1,124868885,5741944,895.0,13,,2026-09-13T12:41:00Z,2026-09-15T22:44:41Z
98,1,124867124,5741944,900.0,21,,2026-09-13T12:00:23Z,2026-09-15T22:44:41Z
98,1,124877795,3542266,910.0,2,,2026-09-13T16:11:05Z,2026-09-15T22:44:41Z
98,1,124642971,5489764,930.0,50,,2026-09-09T03:39:33Z,2026-09-15T22:44:41Z
98,1,124761365,5203157,940.0,1093,,2026-09-11T09:57:32Z,2026-09-15T22:44:41Z
98,2,124997695,5314726,860.0,169,,2026-09-15T21:03:40Z,2026-09-15T22:44:41Z
98,2,124999672,3148414,870.0,2000,,2026-09-15T21:57:00Z,2026-09-15T22:44:41Z
98,2,124774483,3449515,910.0,500,,2026-09-11T15:27:11Z,2026-09-15T22:44:41Z
98,2,124683948,4229378,920.0,1080,,2026-09-09T21:23:51Z,2026-09-15T22:44:41Z
98,2,124680805,5127740,925.0,50,,2026-09-09T20:09:36Z,2026-09-15T22:44:41Z
98,2,124736310,2988587,930.0,3000,,2026-09-10T21:06:19Z,2026-09-15T22:44:41Z
98,2,124684003,4131710,935.0,1571,,2026-09-09T21:26:02Z,2026-09-15T22:44:41Z
98,3,125000519,5827658,845.0,1,,2026-09-15T22:22:13Z,2026-09-15T22:44:41Z
98,3,125000293,4561405,860.0,1221,,2026-09-15T22:15:50Z,2026-09-15T22:44:41Z
98,3,124997374,2707882,865.0,337,,2026-09-15T20:54:49Z,2026-09-15T22:44:41Z
98,3,124996091,5397027,870.0,103,,2026-09-15T20:22:54Z,2026-09-15T22:44:41Z
98,3,124995315,5551309,885.0,500,,2026-09-15T20:06:10Z,2026-09-15T22:44:41Z
98,3,124993055,5740716,890.0,1,,2026-09-15T19:14:41Z,2026-09-15T22:44:41Z
98,3,124986894,2096547,895.0,460,,2026-09-15T16:57:51Z,2026-09-15T22:44:41Z
98,3,124803092,3787764,905.0,5000,,2026-09-12T05:48:01Z,2026-09-15T22:44:41Z
98,3,124838190,5127740,905.0,2,,2026-09-12T21:12:42Z,2026-09-15T22:44:41Z
98,3,124868448,5828569,905.0,1,,2026-09-13T12:30:25Z,2026-09-15T22:44:41Z
98,3,124808065,5825701,910.0,1,,2026-09-12T07:54:46Z,2026-09-15T22:44:41Z
98,3,124923815,4799938,910.0,6086,,2026-09-14T13:12:30Z,2026-09-15T22:44:41Z
98,3,124701263,4608516,920.0,72,,2026-09-10T06:27:29Z,2026-09-15T22:44:41Z
98,3,124717000,5814773,920.0,1,,2026-09-10T13:24:00Z,2026-09-15T22:44:41Z
98,3,124767597,5824778,920.0,1,,2026-09-11T12:35:57Z,2026-09-15T22:44:41Z
98,3,124968162,5784073,1040.0,1,,2026-09-15T09:07:24Z,2026-09-15T22:44:41Z
98,3,124621107,5818151,1070.0,1,,2026-09-08T17:02:55Z,2026-09-15T22:44:41Z
98,3,124946284,5829282,1400.0,1,,2026-09-14T21:51:23Z,2026-09-15T22:44:41Z
98,4,124994671,823683,895.0,50,,2026-09-15T19:52:17Z,2026-09-15T22:44:41Z
98,4,124879844,1483723,900.0,3231,,2026-09-13T16:59:08Z,2026-09-15T22:44:41Z
98,4,124979797,2770761,900.0,500,,2026-09-15T14:09:49Z,2026-09-15T22:44:41Z
98,4,124842521,4395483,905.0,5446,,2026-09-12T23:29:38Z,2026-09-15T22:44:41Z
98,4,124876549,4161496,905.0,50,,2026-09-13T15:42:59Z,2026-09-15T22:44:41Z
98,4,124774935,3819356,910.0,4363,,2026-09-11T15:37:03Z,2026-09-15T22:44:41Z
98,4,124876537,4161496,910.0,50,,2026-09-13T15:42:39Z,2026-09-15T22:44:41Z
98,4,124774462,505212,915.0,1250,,2026-09-11T15:26:44Z,2026-09-15T22:44:41Z
98,4,124773760,5607941,920.0,2930,,2026-09-11T15:12:10Z,2026-09-15T22:44:41Z
98,4,124687398,3819356,925.0,2270,,2026-09-09T23:16:04Z,2026-09-15T22:44:41Z
98,4,124671414,3787764,930.0,1726,,2026-09-09T16:21:49Z,2026-09-15T22:44:41Z
98,4,124727008,4852724,930.0,384,,2026-09-10T17:24:44Z,2026-09-15T22:44:41Z
98,4,124648952,505212,935.0,890,,2026-09-09T06:30:07Z,2026-09-15T22:44:41Z
98,4,124648946,505212,940.0,1002,,2026-09-09T06:29:58Z,2026-09-15T22:44:41Z
98,4,124628446,1662078,945.0,2000,,2026-09-08T19:53:40Z,2026-09-15T22:44:41Z
98,5,124997681,3454139,915.0,5023,,2026-09-15T21:03:17Z,2026-09-15T22:44:41Z
98,5,124842411,4395483,920.0,3000,,2026-09-12T23:25:54Z,2026-09-15T22:44:41Z
98,5,124839047,4362580,925.0,399,,2026-09-12T21:36:55Z,2026-09-15T22:44:41Z
98,5,124782557,3485786,930.0,1099,,2026-09-11T18:45:23Z,2026-09-15T22:44:41Z
98,5,124766462,4730397,935.0,100,,2026-09-11T12:08:09Z,2026-09-15T22:44:41Z
98,5,124760322,2182260,940.0,863,,2026-09-11T09:29:25Z,2026-09-15T22:44:41Z
98,5,124739829,4730397,945.0,200,,2026-09-10T22:48:04Z,2026-09-15T22:44:41Z
98,5,124737288,3772857,950.0,862,,2026-09-10T21:32:16Z,2026-09-15T22:44:41Z
98,6,124984881,3951595,940.0,50,,2026-09-15T16:09:49Z,2026-09-15T22:44:41Z
98,6,124831464,3951595,950.0,50,,2026-09-12T18:20:38Z,2026-09-15T22:44:41Z
98,6,124831459,3951595,960.0,50,,2026-09-12T18:20:31Z,2026-09-15T22:44:41Z
98,6,124994047,5141615,965.0,1,,2026-09-15T19:37:04Z,2026-09-15T22:44:41Z
98,6,124831451,3951595,970.0,50,,2026-09-12T18:20:24Z,2026-09-15T22:44:41Z
98,6,124723969,3951595,980.0,50,,2026-09-10T16:06:53Z,2026-09-15T22:44:41Z
98,7,124964996,4418465,945.0,5000,,2026-09-15T07:30:16Z,2026-09-15T22:44:41Z
98,7,124786183,4250710,975.0,3000,,2026-09-11T20:17:40Z,2026-09-15T22:44:41Z
98,8,124646932,3419938,1000.0,1820,,2026-09-09T05:33:05Z,2026-09-15T22:44:41Z
100,0,124998905,5425757,110.0,30000,,2026-09-15T21:35:53Z,2026-09-15T22:41:15Z
100,0,124951073,3261489,111.0,373820,,2026-09-15T00:35:47Z,2026-09-15T22:41:15Z
100,0,124953400,5094325,111.0,120000,,2026-09-15T01:50:37Z,2026-09-15T22:41:15Z
100,0,124993919,4917201,111.0,1,,2026-09-15T19:35:01Z,2026-09-15T22:41:15Z
100,0,124847984,4576173,112.0,153859,,2026-09-13T02:54:15Z,2026-09-15T22:41:15Z
100,0,124993931,4917201,112.0,1,,2026-09-15T19:35:08Z,2026-09-15T22:41:15Z
100,0,124798393,5094325,113.0,176518,,2026-09-12T03:13:42Z,2026-09-15T22:41:15Z
100,0,124842845,4917201,113.0,1,,2026-09-12T23:39:51Z,2026-09-15T22:41:15Z
100,0,124795504,4481007,114.0,100000,,2026-09-12T01:25:15Z,2026-09-15T22:41:15Z
100,0,124796901,5583072,114.0,1,,2026-09-12T02:20:03Z,2026-09-15T22:41:15Z
100,0,124842847,4917201,114.0,1,,2026-09-12T23:40:01Z,2026-09-15T22:41:15Z
100,0,124774205,3227817,115.0,5750,,2026-09-11T15:21:26Z,2026-09-15T22:41:15Z
100,0,124773526,4772661,116.0,20000,,2026-09-11T15:07:23Z,2026-09-15T22:41:15Z
100,0,124774168,3227817,116.0,50000,,2026-09-11T15:20:50Z,2026-09-15T22:41:15Z
100,0,124805442,5825906,120.0,20,,2026-09-12T06:46:35Z,2026-09-15T22:41:15Z
100,0,124866515,5583072,120.0,8,,2026-09-14T01:03:30Z,2026-09-15T22:41:15Z
100,0,124875402,5833338,120.0,1,,2026-09-13T15:15:35Z,2026-09-15T22:41:15Z
100,0,124981694,4786007,120.0,52180,,2026-09-15T14:56:58Z,2026-09-15T22:41:15Z
100,0,124679732,4365818,121.0,82000,,2026-09-09T19:43:14Z,2026-09-15T22:41:15Z
100,0,124747447,5759164,125.0,20,,2026-09-11T03:20:20Z,2026-09-15T22:41:15Z
100,0,124681513,3007733,130.0,200000,,2026-09-09T20:23:58Z,2026-09-15T22:41:15Z
100,0,124830911,1935061,130.0,7042,,2026-09-12T18:05:32Z,2026-09-15T22:41:15Z
100,0,124911154,3113204,130.0,100000,,2026-09-14T07:38:14Z,2026-09-15T22:41:15Z
100,0,124893986,3632287,150.0,130239,,2026-09-13T22:55:52Z,2026-09-15T22:41:15Z
100,0,124897646,5583072,150.0,3,,2026-09-14T01:09:53Z,2026-09-15T22:41:15Z
101,0,125001199,5601554,192.0,124,,2026-09-15T22:43:19Z,2026-09-15T22:43:32Z
101,0,124997875,5685399,194.0,273,,2026-09-15T21:08:01Z,2026-09-15T22:43:32Z
101,0,124999584,4145512,194.0,2377,,2026-09-15T21:54:11Z,2026-09-15T22:43:32Z
101,0,125000096,5745712,194.0,1000,,2026-09-15T22:09:07Z,2026-09-15T22:43:32Z
101,0,124997038,5466924,195.0,2212,,2026-09-15T20:46:13Z,2026-09-15T22:43:32Z
101,0,124997061,3858476,195.0,9000,,2026-09-15T20:46:48Z,2026-09-15T22:43:32Z
101,0,124931919,5035169,196.0,1176,,2026-09-14T16:19:21Z,2026-09-15T22:43:32Z
101,0,124938164,4966267,196.0,272,,2026-09-14T18:39:01Z,2026-09-15T22:43:32Z
101,0,124939921,5797272,196.0,76,,2026-09-14T19:17:57Z,2026-09-15T22:43:32Z
101,0,124985262,5790715,196.0,28,,2026-09-15T16:19:10Z,2026-09-15T22:43:32Z
101,0,124995160,4454672,196.0,3087,,2026-09-15T20:02:58Z,2026-09-15T22:43:32Z
101,0,124694722,3640675,197.0,36018,,2026-09-10T03:36:34Z,2026-09-15T22:43:32Z
101,0,124697206,5103246,197.0,5000,,2026-09-10T04:43:41Z,2026-09-15T22:43:32Z
101,0,124731906,5630358,197.0,2000,,2026-09-10T19:22:46Z,2026-09-15T22:43:32Z
101,0,124748132,4454672,197.0,3521,,2026-09-11T03:43:06Z,2026-09-15T22:43:32Z
101,0,124804845,5474294,197.0,88,,2026-09-12T06:31:54Z,2026-09-15T22:43:32Z
101,0,124904271,5655175,197.0,180,,2026-09-14T04:34:20Z,2026-09-15T22:43:32Z
101,0,124792772,5794150,198.0,24,,2026-09-11T23:40:47Z,2026-09-15T22:43:32Z
101,0,124643920,4697185,199.0,1000,,2026-09-09T04:09:51Z,2026-09-15T22:43:32Z
101,0,124645037,5714911,199.0,100,,2026-09-09T04:41:22Z,2026-09-15T22:43:32Z
101,0,124648678,5165578,199.0,260,,2026-09-09T06:22:14Z,2026-09-15T22:43:32Z
101,0,124729968,5825903,200.0,8,,2026-09-10T18:37:09Z,2026-09-15T22:43:32Z
101,0,124784565,5828615,200.0,4,,2026-09-11T19:36:51Z,2026-09-15T22:43:32Z
101,0,124786116,4714023,200.0,5000,,2026-09-11T20:16:09Z,2026-09-15T22:43:32Z
101,0,124998719,5655224,200.0,779,,2026-09-15T21:30:30Z,2026-09-15T22:43:32Z
101,0,124922701,5655175,202.0,120,,2026-09-14T12:46:46Z,2026-09-15T22:43:32Z
101,0,124946492,4153288,206.0,2000,,2026-09-14T21:56:29Z,2026-09-15T22:43:32Z
101,0,124674976,4935388,222.0,13676,,2026-09-09T17:50:56Z,2026-09-15T22:43:32Z
101,0,124809308,5808840,252.0,8,,2026-09-12T08:27:23Z,2026-09-15T22:43:32Z
101,0,125000784,2001899,320.0,5000,,2026-09-15T22:30:33Z,2026-09-15T22:43:32Z
101,1,124999639,3634815,194.0,9232,,2026-09-15T21:55:43Z,2026-09-15T22:43:32Z
101,1,124948175,5651721,196.0,600,,2026-09-14T22:52:02Z,2026-09-15T22:43:32Z
101,1,124959583,5024454,196.0,1008,,2026-09-15T05:01:58Z,2026-09-15T22:43:32Z
101,1,124806485,3634815,197.0,15000,,2026-09-12T07:13:14Z,2026-09-15T22:43:32Z
101,1,124918084,4984084,197.0,2919,,2026-09-14T10:55:06Z,2026-09-15T22:43:32Z
101,1,124983649,5329542,197.0,2529,,2026-09-15T15:41:19Z,2026-09-15T22:43:32Z
101,1,124667516,5721010,198.0,8,,2026-09-09T14:50:51Z,2026-09-15T22:43:32Z
101,1,124726137,5549769,198.0,1700,,2026-09-10T17:01:50Z,2026-09-15T22:43:32Z
101,1,124192542,5329542,200.0,15520,,2026-08-31T08:27:03Z,2026-09-15T22:43:32Z
101,1,124538612,4984084,200.0,22269,,2026-09-07T03:35:29Z,2026-09-15T22:43:32Z
101,1,124814477,5647677,200.0,8,,2026-09-12T10:55:33Z,2026-09-15T22:43:32Z
101,1,124909679,5834782,200.0,32,,2026-09-14T06:57:52Z,2026-09-15T22:43:32Z
101,1,124715413,4984084,202.0,14375,,2026-09-10T12:46:13Z,2026-09-15T22:43:32Z
101,1,125000748,303272,202.0,423,,2026-09-15T22:29:15Z,2026-09-15T22:43:32Z
101,1,124888886,5382236,210.0,12,,2026-09-13T20:27:49Z,2026-09-15T22:43:32Z
101,1,124602369,3168813,214.0,960,,2026-09-08T09:00:00Z,2026-09-15T22:43:32Z
101,1,124689604,4085774,214.0,30356,,2026-09-10T00:36:10Z,2026-09-15T22:43:32Z
101,1,124804522,5830287,216.0,8,,2026-09-12T06:24:41Z,2026-09-15T22:43:32Z
101,1,124667551,5824416,220.0,12,,2026-09-09T14:51:59Z,2026-09-15T22:43:32Z
101,1,124736826,5825918,220.0,12,,2026-09-10T21:19:55Z,2026-09-15T22:43:32Z
101,1,124935307,5221256,220.0,8,,2026-09-14T17:36:00Z,2026-09-15T22:43:32Z
101,2,125001012,5653107,193.0,141,-752.0,2026-09-15T22:38:04Z,2026-09-15T22:43:32Z
101,2,124937777,5072336,196.0,10000,,2026-09-14T18:30:37Z,2026-09-15T22:43:32Z
101,2,124948325,5044460,196.0,2000,,2026-09-14T22:56:59Z,2026-09-15T22:43:32Z
101,2,124959397,5223239,196.0,5000,,2026-09-15T04:56:46Z,2026-09-15T22:43:32Z
101,2,124697128,5500715,197.0,1150,,2026-09-10T04:41:16Z,2026-09-15T22:43:32Z
101,2,124738573,5280963,197.0,12000,,2026-09-10T22:09:03Z,2026-09-15T22:43:32Z
101,2,124800065,5103946,197.0,14030,,2026-09-12T04:14:03Z,2026-09-15T22:43:32Z
101,2,124672895,5280963,198.0,8233,,2026-09-09T17:00:37Z,2026-09-15T22:43:32Z
101,2,124721076,5103946,198.0,8663,,2026-09-10T14:58:28Z,2026-09-15T22:43:32Z
101,2,124768840,5223239,198.0,5649,,2026-09-11T13:09:04Z,2026-09-15T22:43:32Z
101,2,124787047,2080052,198.0,6854,,2026-09-11T20:39:49Z,2026-09-15T22:43:32Z
101,2,124722272,2063861,199.0,2000,,2026-09-10T15:27:53Z,2026-09-15T22:43:32Z
101,2,124744608,5223239,199.0,12472,,2026-09-11T01:36:56Z,2026-09-15T22:43:32Z
101,2,124971358,5736905,199.0,24,,2026-09-15T10:36:34Z,2026-09-15T22:43:32Z
101,2,124730508,5806933,204.0,12,,2026-09-10T18:50:11Z,2026-09-15T22:43:32Z
101,2,124757148,5191210,208.0,100,,2026-09-11T07:57:52Z,2026-09-15T22:43:32Z
101,2,124875149,5808840,212.0,12,,2026-09-13T15:09:09Z,2026-09-15T22:43:32Z
101,2,124949993,3272420,212.0,40,,2026-09-14T23:54:19Z,2026-09-15T22:43:32Z
101,2,124748003,1887155,214.0,900,,2026-09-11T03:38:01Z,2026-09-15T22:43:32Z
101,2,124841443,5831925,218.0,12,,2026-09-12T22:50:53Z,2026-09-15T22:43:32Z
101,2,124857814,5828018,250.0,8,,2026-09-13T07:48:57Z,2026-09-15T22:43:32Z
101,3,124999864,5252616,194.0,10782,,2026-09-15T22:03:14Z,2026-09-15T22:43:32Z
101,3,125000538,4227043,194.0,3000,,2026-09-15T22:22:55Z,2026-09-15T22:43:32Z
101,3,124996206,5178481,195.0,4870,,2026-09-15T20:26:15Z,2026-09-15T22:43:32Z
101,3,124996773,4227043,195.0,5000,,2026-09-15T20:39:24Z,2026-09-15T22:43:32Z
101,3,124997036,4505917,195.0,3000,,2026-09-15T20:46:12Z,2026-09-15T22:43:32Z
101,3,124948166,4227043,196.0,3965,,2026-09-14T22:51:19Z,2026-09-15T22:43:32Z
101,3,124980432,5124878,196.0,3000,,2026-09-15T14:26:05Z,2026-09-15T22:43:32Z
101,3,124698990,4790969,197.0,2752,,2026-09-10T05:28:21Z,2026-09-15T22:43:32Z
101,3,124699064,2501786,197.0,19281,,2026-09-10T05:30:15Z,2026-09-15T22:43:32Z
101,3,124699363,5124878,197.0,3000,,2026-09-10T05:37:44Z,2026-09-15T22:43:32Z
101,3,124702443,5825916,197.0,8,,2026-09-10T06:57:08Z,2026-09-15T22:43:32Z
101,3,124721059,5002945,197.0,6254,,2026-09-10T14:58:11Z,2026-09-15T22:43:32Z
101,3,124818920,4227043,197.0,3000,,2026-09-12T12:58:24Z,2026-09-15T22:43:32Z
101,3,124911050,5030660,197.0,18077,,2026-09-14T07:35:18Z,2026-09-15T22:43:32Z
101,3,124664310,5178481,198.0,6765,,2026-09-09T13:36:14Z,2026-09-15T22:43:32Z
101,3,124697214,4227043,198.0,5000,,2026-09-10T04:44:04Z,2026-09-15T22:43:32Z
101,3,124821043,5583072,198.0,6,,2026-09-12T13:49:58Z,2026-09-15T22:43:32Z
101,3,124663609,3436979,199.0,800,,2026-09-09T13:18:50Z,2026-09-15T22:43:32Z
101,3,124670135,3591011,199.0,25000,,2026-09-09T15:50:42Z,2026-09-15T22:43:32Z
101,3,124672878,5280963,199.0,12000,,2026-09-09T17:00:11Z,2026-09-15T22:43:32Z
101,3,124744611,5223239,199.0,53,,2026-09-11T01:37:02Z,2026-09-15T22:43:32Z
101,3,124651968,5178481,200.0,20000,,2026-09-09T07:55:36Z,2026-09-15T22:43:32Z
101,3,124689592,4085774,216.0,3045,,2026-09-10T00:35:51Z,2026-09-15T22:43:32Z
101,3,124721994,5812446,250.0,10,,2026-09-10T15:22:08Z,2026-09-15T22:43:32Z
101,3,124816598,5583072,250.0,1,,2026-09-12T11:55:11Z,2026-09-15T22:43:32Z
101,4,124999893,5116681,194.0,504,,2026-09-15T22:04:00Z,2026-09-15T22:43:32Z
101,4,124932778,2036082,196.0,16059,,2026-09-14T16:37:49Z,2026-09-15T22:43:32Z
101,4,124976397,3987059,196.0,14000,,2026-09-15T12:49:06Z,2026-09-15T22:43:32Z
101,4,124994479,5024454,196.0,7881,,2026-09-15T19:46:40Z,2026-09-15T22:43:32Z
101,4,124995101,4877329,196.0,20000,,2026-09-15T20:01:34Z,2026-09-15T22:43:32Z
101,4,124839525,4877329,197.0,27849,,2026-09-12T21:52:29Z,2026-09-15T22:43:32Z
101,4,124880904,3987059,197.0,14000,,2026-09-13T17:24:28Z,2026-09-15T22:43:32Z
101,4,124906761,5024454,197.0,7412,,2026-09-14T05:38:22Z,2026-09-15T22:43:32Z
101,4,124702271,2839049,198.0,16,,2026-09-10T06:53:25Z,2026-09-15T22:43:32Z
101,4,124779382,3987059,198.0,14000,,2026-09-11T17:22:31Z,2026-09-15T22:43:32Z
101,4,124835975,1159584,198.0,12000,,2026-09-12T20:16:51Z,2026-09-15T22:43:32Z
101,4,124663973,2839049,199.0,970,,2026-09-09T13:28:15Z,2026-09-15T22:43:32Z
101,4,124663977,3987059,199.0,14000,,2026-09-09T13:28:22Z,2026-09-15T22:43:32Z
101,4,124749422,5084050,199.0,2000,,2026-09-11T04:24:03Z,2026-09-15T22:43:32Z
101,4,124641950,5819346,200.0,4,,2026-09-09T03:03:56Z,2026-09-15T22:43:32Z
101,4,124749401,5084050,200.0,1000,,2026-09-11T04:22:55Z,2026-09-15T22:43:32Z
101,4,124849332,5832358,202.0,8,,2026-09-13T03:44:53Z,2026-09-15T22:43:32Z
101,5,124999616,3388528,195.0,28351,,2026-09-15T21:55:09Z,2026-09-15T22:43:32Z
101,5,124889242,3975200,197.0,3722,,2026-09-13T20:35:49Z,2026-09-15T22:43:32Z
101,5,124925732,2839049,197.0,49,,2026-09-14T13:58:44Z,2026-09-15T22:43:32Z
101,5,124722728,2839049,198.0,32,,2026-09-10T15:37:57Z,2026-09-15T22:43:32Z
101,5,124874000,3975200,198.0,20000,,2026-09-13T14:44:25Z,2026-09-15T22:43:32Z
101,5,124925302,5800220,198.0,192,,2026-09-14T13:50:10Z,2026-09-15T22:43:32Z
101,5,124663954,2839049,199.0,12,,2026-09-09T13:27:46Z,2026-09-15T22:43:32Z
101,5,124656472,5721010,200.0,16,,2026-09-09T10:12:39Z,2026-09-15T22:43:32Z
102,0,124990349,4570440,2.65,7616,,2026-09-15T18:17:08Z,2026-09-15T22:43:33Z
102,0,124993639,4897354,2.65,10000,,2026-09-15T19:28:48Z,2026-09-15T22:43:33Z
102,0,124888877,5227382,2.7,77899,,2026-09-13T20:27:31Z,2026-09-15T22:43:33Z
102,0,124895029,5702489,2.7,551,,2026-09-13T23:32:37Z,2026-09-15T22:43:33Z
102,0,124897355,5698478,2.7,58424,,2026-09-14T00:56:14Z,2026-09-15T22:43:33Z
102,0,124904275,5655175,2.7,2475,,2026-09-14T04:34:26Z,2026-09-15T22:43:33Z
102,0,124918304,4897354,2.7,10000,,2026-09-14T11:00:30Z,2026-09-15T22:43:33Z
102,0,124947673,5700315,2.7,15000,,2026-09-14T22:35:39Z,2026-09-15T22:43:33Z
102,0,124948791,4689908,2.7,605,,2026-09-14T23:12:05Z,2026-09-15T22:43:33Z
102,0,124949244,1607416,2.7,3410,,2026-09-14T23:26:57Z,2026-09-15T22:43:33Z
102,0,124950127,3272420,2.7,4235,,2026-09-15T00:00:04Z,2026-09-15T22:43:33Z
102,0,124954210,5734111,2.7,4329,,2026-09-15T02:19:02Z,2026-09-15T22:43:33Z
102,0,124956400,5474294,2.7,1320,,2026-09-15T03:33:01Z,2026-09-15T22:43:33Z
102,0,124792333,3645394,2.75,842469,,2026-09-11T23:25:27Z,2026-09-15T22:43:33Z
102,0,124795059,5718321,2.75,67153,,2026-09-12T01:07:20Z,2026-09-15T22:43:33Z
102,0,124808106,5635317,2.75,100000,,2026-09-12T07:55:41Z,2026-09-15T22:43:33Z
102,0,124837265,5787751,2.75,1970,,2026-09-12T20:49:30Z,2026-09-15T22:43:33Z
102,0,124837919,4897354,2.75,10000,,2026-09-12T21:06:28Z,2026-09-15T22:43:33Z
102,0,124842025,4208550,2.75,42360,,2026-09-12T23:10:37Z,2026-09-15T22:43:33Z
102,0,124901300,5834556,2.75,110,,2026-09-14T03:05:54Z,2026-09-15T22:43:33Z
102,0,124944724,5703775,2.75,18200,,2026-09-14T21:09:15Z,2026-09-15T22:43:33Z
102,0,124945702,5608981,2.75,104326,,2026-09-14T21:35:34Z,2026-09-15T22:43:33Z
102,0,124426155,5703775,2.8,57033,,2026-09-04T20:37:12Z,2026-09-15T22:43:33Z
102,0,124808175,5635317,2.8,100000,,2026-09-12T07:57:19Z,2026-09-15T22:43:33Z
102,0,124872840,4153288,2.8,16640,,2026-09-13T14:17:42Z,2026-09-15T22:43:33Z
102,0,124915059,4863487,2.8,458829,,2026-09-14T09:34:51Z,2026-09-15T22:43:33Z
102,0,124929952,5820237,2.8,5,,2026-09-14T15:34:46Z,2026-09-15T22:43:33Z
102,0,124705487,4675509,2.95,52271,,2026-09-10T08:21:45Z,2026-09-15T22:43:33Z
102,0,124659840,5115497,3.0,220,,2026-09-09T11:44:42Z,2026-09-15T22:43:33Z
102,0,124720001,5721010,3.0,110,,2026-09-10T14:30:59Z,2026-09-15T22:43:33Z
102,0,124740114,5391699,3.0,55,,2026-09-10T22:57:29Z,2026-09-15T22:43:33Z
102,0,124768818,5806299,3.0,55,,2026-09-11T13:08:47Z,2026-09-15T22:43:33Z
102,0,124876811,5489977,3.0,110,,2026-09-13T15:49:12Z,2026-09-15T22:43:33Z
102,0,124985253,5790715,3.0,385,,2026-09-15T16:18:55Z,2026-09-15T22:43:33Z
102,0,124620720,5790715,3.05,1100,,2026-09-08T16:54:24Z,2026-09-15T22:43:33Z
102,0,124971364,5736905,3.05,330,,2026-09-15T10:36:42Z,2026-09-15T22:43:33Z
102,0,124602397,3168813,3.15,5225,,2026-09-08T09:00:52Z,2026-09-15T22:43:33Z
102,0,125000785,2001899,5.5,50000,,2026-09-15T22:30:33Z,2026-09-15T22:43:33Z
102,1,124999291,4607975,2.65,500000,,2026-09-15T21:46:52Z,2026-09-15T22:43:33Z
102,1,124901687,4950334,2.7,20008,,2026-09-14T03:19:26Z,2026-09-15T22:43:33Z
102,1,124909909,4950724,2.7,100000,,2026-09-14T07:03:34Z,2026-09-15T22:43:33Z
102,1,124921120,5552329,2.7,229573,,2026-09-14T12:09:02Z,2026-09-15T22:43:33Z
102,1,124483790,5783911,2.8,115000,,2026-09-06T01:05:17Z,2026-09-15T22:43:33Z
102,1,124793114,3486610,2.8,500000,,2026-09-11T23:52:05Z,2026-09-15T22:43:33Z
102,1,124796836,5583072,3.0,100,,2026-09-12T02:17:26Z,2026-09-15T22:43:33Z
102,1,124602396,3168813,3.15,52480,,2026-09-08T09:00:46Z,2026-09-15T22:43:33Z
102,2,124992043,4941984,2.65,1437454,-11012.0,2026-09-15T18:53:55Z,2026-09-15T22:43:33Z
102,2,124906013,5124878,2.7,183,,2026-09-14T05:20:11Z,2026-09-15T22:43:33Z
102,2,124912308,3877918,2.7,100000,,2026-09-14T08:13:30Z,2026-09-15T22:43:33Z
102,2,124919467,1699270,2.7,95830,,2026-09-14T11:30:18Z,2026-09-15T22:43:33Z
102,2,124939690,4941984,2.7,1000000,,2026-09-14T19:12:49Z,2026-09-15T22:43:33Z
102,2,124939572,4941984,2.75,1000000,,2026-09-14T19:10:10Z,2026-09-15T22:43:33Z
102,2,124614027,5721010,2.8,110,,2026-09-08T14:12:50Z,2026-09-15T22:43:33Z
102,2,124729981,5825903,2.8,110,,2026-09-10T18:37:23Z,2026-09-15T22:43:33Z
102,2,124883394,4941984,2.8,500000,,2026-09-13T18:21:48Z,2026-09-15T22:43:33Z
102,2,124456266,4941984,2.85,550000,,2026-09-05T12:26:17Z,2026-09-15T22:43:33Z
102,2,124752056,5828036,3.0,5,,2026-09-11T05:33:04Z,2026-09-15T22:43:33Z
102,2,124935318,5221256,3.0,110,,2026-09-14T17:36:12Z,2026-09-15T22:43:33Z
102,3,124991223,5162950,2.7,106078,,2026-09-15T18:35:29Z,2026-09-15T22:43:33Z
102,3,124991678,5707984,2.7,180578,,2026-09-15T18:45:24Z,2026-09-15T22:43:33Z
102,3,124865015,4843381,2.75,833528,,2026-09-13T11:07:29Z,2026-09-15T22:43:33Z
102,3,124872126,2839049,2.75,97385,,2026-09-13T15:28:32Z,2026-09-15T22:43:33Z
102,3,124878705,2835459,2.75,149936,,2026-09-14T01:05:41Z,2026-09-15T22:43:33Z
102,3,124801403,2839049,2.8,12369,,2026-09-12T05:00:33Z,2026-09-15T22:43:33Z
102,3,124806253,4065450,2.8,407211,,2026-09-12T07:07:19Z,2026-09-15T22:43:33Z
102,3,124902229,5830761,2.9,50,,2026-09-14T03:36:24Z,2026-09-15T22:43:33Z
102,3,124857845,5828018,3.0,110,,2026-09-13T07:49:33Z,2026-09-15T22:43:33Z
102,3,124917353,5828225,3.05,110,,2026-09-14T10:37:13Z,2026-09-15T22:43:33Z
102,3,124875168,5808840,3.45,165,,2026-09-13T15:09:39Z,2026-09-15T22:43:33Z
102,4,124902856,5421555,2.8,320736,,2026-09-14T03:56:08Z,2026-09-15T22:43:33Z
102,4,124898911,4441546,2.85,224839,,2026-09-14T01:46:15Z,2026-09-15T22:43:33Z
102,4,124905921,4695952,2.85,560191,,2026-09-14T05:18:39Z,2026-09-15T22:43:33Z
102,4,124946703,4025923,2.9,1000000,,2026-09-14T22:02:07Z,2026-09-15T22:43:33Z
102,4,124659995,4437515,2.95,1494430,,2026-09-09T11:48:22Z,2026-09-15T22:43:33Z
102,4,124764383,4025923,2.95,2000000,,2026-09-11T11:16:21Z,2026-09-15T22:43:33Z
102,4,124648988,5823542,3.05,55,,2026-09-09T06:30:31Z,2026-09-15T22:43:33Z
102,4,124732600,4025923,3.05,100000,,2026-09-10T19:39:11Z,2026-09-15T22:43:33Z
102,4,124678165,4025923,3.1,700000,,2026-09-09T19:07:50Z,2026-09-15T22:43:33Z
102,4,124990975,4436449,3.5,239449,,2026-09-15T18:31:10Z,2026-09-15T22:43:33Z
102,5,124984530,110061,2.8,181333,,2026-09-15T16:02:36Z,2026-09-15T22:43:33Z
102,5,124922628,3591011,2.85,1000000,,2026-09-14T12:45:05Z,2026-09-15T22:43:33Z
102,5,124882568,4117289,2.9,159869,,2026-09-13T18:01:12Z,2026-09-15T22:43:33Z
102,5,124887750,4083902,2.9,1000000,,2026-09-13T20:02:00Z,2026-09-15T22:43:33Z
102,5,124780831,4117289,2.95,161820,,2026-09-11T18:00:05Z,2026-09-15T22:43:33Z
102,5,124699233,4065582,3.0,2000000,,2026-09-10T05:33:55Z,2026-09-15T22:43:33Z
102,6,124978771,5172417,2.9,348845,,2026-09-15T13:45:07Z,2026-09-15T22:43:33Z
102,6,124834160,5217369,2.95,1463435,,2026-09-12T19:29:50Z,2026-09-15T22:43:33Z
102,6,124782671,4044149,3.0,1000000,,2026-09-11T18:49:11Z,2026-09-15T22:43:33Z
102,11,124940468,4288723,4.0,50000,,2026-09-14T19:29:39Z,2026-09-15T22:43:33Z
102,12,124996690,4119888,3.2,480000,-20000.0,2026-09-15T20:37:05Z,2026-09-15T22:43:33Z
102,12,124738548,4385897,5.0,2080562,,2026-09-10T22:07:51Z,2026-09-15T22:43:33Z
103,0,124996278,5206486,6.4,29231,-2300.0,2026-09-15T20:28:12Z,2026-09-15T22:43:44Z
103,0,124949225,1607416,6.7,147982,,2026-09-14T23:26:34Z,2026-09-15T22:43:44Z
103,0,124879148,5226736,6.8,126074,,2026-09-13T16:43:34Z,2026-09-15T22:43:44Z
103,0,124996424,5227382,6.8,100000,,2026-09-15T20:31:01Z,2026-09-15T22:43:44Z
103,0,124806130,3991539,6.9,174674,,2026-09-12T07:04:44Z,2026-09-15T22:43:44Z
103,0,124914903,4153288,6.9,15000,,2026-09-14T09:30:25Z,2026-09-15T22:43:44Z
103,0,124568237,5761442,7.0,8185,,2026-09-07T16:40:30Z,2026-09-15T22:43:44Z
103,0,124674979,4935388,7.0,66666,,2026-09-09T17:51:05Z,2026-09-15T22:43:44Z
103,0,124621730,4935388,7.1,39181,,2026-09-08T17:18:49Z,2026-09-15T22:43:44Z
103,0,124627636,5761442,7.3,503,,2026-09-08T19:34:54Z,2026-09-15T22:43:44Z
103,0,124814929,3740586,7.3,10239,,2026-09-12T11:08:48Z,2026-09-15T22:43:44Z
103,0,124917359,5828225,7.4,200,,2026-09-14T10:37:27Z,2026-09-15T22:43:44Z
103,0,124967768,4935388,7.4,5327,,2026-09-15T08:54:37Z,2026-09-15T22:43:44Z
103,0,124728292,4935388,7.5,9821,,2026-09-10T17:58:32Z,2026-09-15T22:43:44Z
103,0,124729727,5827183,7.5,500,,2026-09-10T18:31:57Z,2026-09-15T22:43:44Z
103,0,124409189,4935388,7.6,21705,,2026-09-04T13:24:35Z,2026-09-15T22:43:44Z
103,1,124995168,5245570,6.5,1504,,2026-09-15T20:03:06Z,2026-09-15T22:43:44Z
103,1,124982403,5552329,6.7,23569,,2026-09-15T15:13:09Z,2026-09-15T22:43:44Z
103,1,124812219,5522884,6.9,53932,,2026-09-12T09:51:23Z,2026-09-15T22:43:44Z
103,1,124620304,5612120,7.0,22922,,2026-09-08T16:42:35Z,2026-09-15T22:43:44Z
103,1,124886688,4294922,8.0,88977,,2026-09-13T19:37:02Z,2026-09-15T22:43:44Z
103,2,125000309,5522884,6.7,220,,2026-09-15T22:16:41Z,2026-09-15T22:43:44Z
103,2,125000854,2185925,6.7,5000,,2026-09-15T22:33:17Z,2026-09-15T22:43:44Z
103,2,124980657,4612736,6.8,75927,,2026-09-15T14:31:31Z,2026-09-15T22:43:44Z
103,2,124808691,5493822,6.9,18162,,2026-09-12T08:10:44Z,2026-09-15T22:43:44Z
103,2,124913840,5522884,6.9,8558,,2026-09-14T08:58:55Z,2026-09-15T22:43:44Z
103,2,124914493,4400737,6.9,161310,,2026-09-14T09:17:38Z,2026-09-15T22:43:44Z
103,2,124918770,5743223,7.0,27909,,2026-09-14T11:11:19Z,2026-09-15T22:43:44Z
103,3,124991543,4712842,6.9,171822,,2026-09-15T18:42:29Z,2026-09-15T22:43:44Z
103,3,124995731,4593459,6.9,103696,,2026-09-15T20:14:50Z,2026-09-15T22:43:44Z
103,3,124840553,4593459,7.0,1183063,,2026-09-12T22:21:41Z,2026-09-15T22:43:44Z
103,3,124705011,5743223,7.1,7486,,2026-09-10T08:06:46Z,2026-09-15T22:43:44Z
103,3,124774330,5280963,7.1,183358,,2026-09-11T15:23:46Z,2026-09-15T22:43:44Z
103,3,124648453,5776425,7.2,3014,,2026-09-09T06:15:51Z,2026-09-15T22:43:44Z
103,5,124964473,1912451,7.2,45869,,2026-09-15T07:15:05Z,2026-09-15T22:43:44Z
103,5,124784010,1352459,7.3,1386742,,2026-09-11T19:22:04Z,2026-09-15T22:43:44Z
103,5,124917090,2190574,7.3,100000,,2026-09-14T10:30:13Z,2026-09-15T22:43:44Z
103,5,124711253,2190574,7.4,150000,,2026-09-10T11:04:03Z,2026-09-15T22:43:44Z
103,5,124711276,2190574,7.5,150000,,2026-09-10T11:04:36Z,2026-09-15T22:43:44Z
103,5,124499075,1912451,7.6,179565,,2026-09-06T09:07:16Z,2026-09-15T22:43:44Z
103,6,124063035,3333168,7.8,684075,,2026-09-02T13:43:32Z,2026-09-15T22:43:44Z
103,7,124974751,4942310,7.9,250000,,2026-09-15T12:05:39Z,2026-09-15T22:43:44Z
103,8,124864559,4749812,8.4,2999,,2026-09-13T10:54:58Z,2026-09-15T22:43:44Z
103,8,124740457,4612736,8.5,66171,,2026-09-10T23:07:46Z,2026-09-15T22:43:44Z
103,9,124974766,4942310,9.5,324273,,2026-09-15T12:05:56Z,2026-09-15T22:43:44Z
103,9,124906270,4749812,9.6,3999,,2026-09-14T05:25:16Z,2026-09-15T22:43:44Z
103,9,124882134,4085811,9.7,250000,,2026-09-13T17:50:51Z,2026-09-15T22:43:44Z
103,9,124847188,4839608,9.8,30079,,2026-09-13T02:24:52Z,2026-09-15T22:43:44Z
103,9,124830523,4436449,9.9,350000,,2026-09-12T17:54:52Z,2026-09-15T22:43:44Z
103,10,124901895,4839608,9.7,10000,,2026-09-14T03:26:47Z,2026-09-15T22:43:44Z
103,10,124666511,4839608,10.0,11044,,2026-09-09T14:26:37Z,2026-09-15T22:43:44Z
103,10,124882160,4085811,10.0,250000,,2026-09-13T17:51:35Z,2026-09-15T22:43:44Z
103,11,124833455,4916478,10.0,250000,,2026-09-12T19:11:43Z,2026-09-15T22:43:44Z
103,11,124644511,2930837,11.5,10000,,2026-09-09T04:27:10Z,2026-09-15T22:43:44Z
104,0,124944135,5760804,0.975,22701,,2026-09-14T20:54:57Z,2026-09-15T22:42:59Z
104,0,124944136,5793601,0.975,1506,,2026-09-14T20:54:58Z,2026-09-15T22:42:59Z
104,0,124943229,5786601,0.98,19133,,2026-09-14T20:32:14Z,2026-09-15T22:42:59Z
104,0,124944572,5813355,0.98,3504,,2026-09-14T21:05:14Z,2026-09-15T22:42:59Z
104,0,124943072,5212294,0.985,500000,,2026-09-14T20:28:12Z,2026-09-15T22:42:59Z
104,0,124944590,5813513,0.99,9509,,2026-09-14T21:05:38Z,2026-09-15T22:42:59Z
104,0,124937057,5643501,0.995,61726,,2026-09-14T18:17:28Z,2026-09-15T22:42:59Z
104,0,124939401,1608907,0.995,26193,,2026-09-14T19:07:02Z,2026-09-15T22:42:59Z
104,0,124800384,4714023,1.0,306223,,2026-09-12T04:26:09Z,2026-09-15T22:42:59Z
104,0,124817090,5642414,1.0,2500,,2026-09-12T12:08:35Z,2026-09-15T22:42:59Z
104,0,124884898,5802530,1.0,782,,2026-09-13T18:58:06Z,2026-09-15T22:42:59Z
104,0,124960308,5237050,1.0,78019,,2026-09-15T05:18:29Z,2026-09-15T22:42:59Z
104,0,124780092,5101876,1.01,23403,,2026-09-11T17:40:45Z,2026-09-15T22:42:59Z
104,0,124785141,5714115,1.01,3322,,2026-09-11T19:53:10Z,2026-09-15T22:42:59Z
104,0,124809474,5237050,1.01,134682,,2026-09-12T08:33:14Z,2026-09-15T22:42:59Z
104,0,124772884,5419302,1.03,5000,,2026-09-11T14:52:29Z,2026-09-15T22:42:59Z
104,0,124773024,5714206,1.03,300,,2026-09-11T14:55:38Z,2026-09-15T22:42:59Z
104,0,124774880,5813355,1.03,1385,,2026-09-11T15:35:37Z,2026-09-15T22:42:59Z
104,0,124775444,5755363,1.03,30000,,2026-09-11T15:48:10Z,2026-09-15T22:42:59Z
104,0,124771636,5717154,1.04,6678,,2026-09-11T14:21:14Z,2026-09-15T22:42:59Z
104,0,124711913,4657997,1.09,12000,,2026-09-10T11:22:11Z,2026-09-15T22:42:59Z
104,1,124971557,4950334,0.98,30120,,2026-09-15T10:41:50Z,2026-09-15T22:42:59Z
104,1,124976588,5615176,0.98,30426,,2026-09-15T12:53:50Z,2026-09-15T22:42:59Z
104,1,124970169,5615176,0.985,60663,,2026-09-15T10:04:36Z,2026-09-15T22:42:59Z
104,1,124966951,5615176,0.99,200000,,2026-09-15T08:29:28Z,2026-09-15T22:42:59Z
104,1,124951557,5601120,1.0,184076,,2026-09-15T00:51:50Z,2026-09-15T22:42:59Z
104,1,124943843,5534571,1.02,536123,,2026-09-14T20:47:17Z,2026-09-15T22:42:59Z
104,1,124954547,5612120,1.03,131191,,2026-09-15T02:31:12Z,2026-09-15T22:42:59Z
104,1,124942067,5525793,1.04,552613,,2026-09-14T20:04:33Z,2026-09-15T22:42:59Z
104,1,124861539,4589191,1.07,1091336,,2026-09-13T09:30:26Z,2026-09-15T22:42:59Z
104,2,124823921,4941984,1.04,752492,,2026-09-12T15:07:24Z,2026-09-15T22:42:59Z
104,2,124840200,1660744,1.05,500000,,2026-09-12T22:09:59Z,2026-09-15T22:42:59Z
104,2,124757787,4017784,1.06,10000,,2026-09-11T08:17:00Z,2026-09-15T22:42:59Z
104,2,124702180,4941984,1.08,200000,,2026-09-10T06:51:26Z,2026-09-15T22:42:59Z
104,2,124864832,4117426,1.11,1108851,,2026-09-13T11:02:41Z,2026-09-15T22:42:59Z
104,3,124940119,2445465,1.05,31922,,2026-09-14T19:21:49Z,2026-09-15T22:42:59Z
104,3,124972912,4148361,1.05,176500,,2026-09-15T11:18:17Z,2026-09-15T22:42:59Z
104,3,124759478,4843381,1.06,4462303,,2026-09-11T09:06:47Z,2026-09-15T22:42:59Z
104,3,124851885,4277645,1.06,104066,,2026-09-14T00:23:21Z,2026-09-15T22:42:59Z
104,3,124917377,2445465,1.06,10556,,2026-09-14T10:37:57Z,2026-09-15T22:42:59Z
104,3,124701623,2445465,1.07,133989,,2026-09-10T06:36:50Z,2026-09-15T22:42:59Z
104,3,124857008,4277645,1.07,13283,,2026-09-13T17:31:04Z,2026-09-15T22:42:59Z
104,3,124697530,4277645,1.08,90739,,2026-09-10T04:53:00Z,2026-09-15T22:42:59Z
104,3,124619141,4277645,1.09,24070,,2026-09-08T16:13:29Z,2026-09-15T22:42:59Z
104,3,124646964,2445465,1.09,99385,,2026-09-09T05:33:40Z,2026-09-15T22:42:59Z
104,3,124614640,4277645,1.1,47000,,2026-09-08T14:28:40Z,2026-09-15T22:42:59Z
104,4,124946560,4362209,1.59,184601,,2026-09-14T21:58:18Z,2026-09-15T22:42:59Z
104,4,124928607,4436449,1.6,100000,,2026-09-14T15:06:32Z,2026-09-15T22:42:59Z
104,5,124998608,1249526,1.61,400000,,2026-09-15T21:28:33Z,2026-09-15T22:42:59Z
105,0,125001085,5572348,1.46,12116,,2026-09-15T22:40:11Z,2026-09-15T22:40:36Z
105,0,124997561,5700430,1.47,89842,,2026-09-15T21:00:10Z,2026-09-15T22:40:36Z
105,0,124997385,5663814,1.48,62993,,2026-09-15T20:55:03Z,2026-09-15T22:40:36Z
105,0,124997243,5769019,1.49,10,,2026-09-15T20:51:22Z,2026-09-15T22:40:36Z
105,0,124997146,5663925,1.5,15543,,2026-09-15T20:49:05Z,2026-09-15T22:40:36Z
105,0,124999113,5794129,1.5,6506,,2026-09-15T21:41:43Z,2026-09-15T22:40:36Z
105,0,124997084,5706359,1.51,59300,,2026-09-15T20:47:14Z,2026-09-15T22:40:36Z
105,0,124993417,2108124,1.52,7779,,2026-09-15T19:23:10Z,2026-09-15T22:40:36Z
105,0,124969407,4811532,1.53,36964,,2026-09-15T09:42:53Z,2026-09-15T22:40:36Z
105,0,124956644,5618785,1.54,90278,,2026-09-15T03:40:38Z,2026-09-15T22:40:36Z
105,0,124965437,5813355,1.54,15800,,2026-09-15T07:44:39Z,2026-09-15T22:40:36Z
105,0,124971846,5761442,1.54,5000,,2026-09-15T10:49:57Z,2026-09-15T22:40:36Z
105,0,124942877,265230,1.55,121804,,2026-09-14T20:23:01Z,2026-09-15T22:40:36Z
105,0,124919343,5761442,1.56,20000,,2026-09-14T11:26:57Z,2026-09-15T22:40:36Z
105,0,124940498,5751007,1.56,72708,,2026-09-14T19:30:24Z,2026-09-15T22:40:36Z
105,0,124844831,5566023,1.57,25258,,2026-09-13T00:55:28Z,2026-09-15T22:40:36Z
105,0,124843957,5794129,1.58,4494,,2026-09-13T00:21:57Z,2026-09-15T22:40:36Z
105,0,124798058,4938487,1.59,728921,,2026-09-12T03:02:22Z,2026-09-15T22:40:36Z
105,0,124814803,5794129,1.59,9134,,2026-09-12T11:05:09Z,2026-09-15T22:40:36Z
105,0,124766770,5700430,1.61,47031,,2026-09-11T12:16:03Z,2026-09-15T22:40:36Z
105,0,124892492,5135059,1.61,161686,,2026-09-13T22:06:09Z,2026-09-15T22:40:36Z
105,0,124661556,4056882,1.62,37194,,2026-09-09T12:28:52Z,2026-09-15T22:40:36Z
105,0,124782548,5810932,1.63,1500,,2026-09-11T18:45:01Z,2026-09-15T22:40:36Z
105,0,124661007,5135059,1.64,74919,,2026-09-09T12:14:55Z,2026-09-15T22:40:36Z
105,0,124646570,5657466,1.65,3831,,2026-09-09T05:24:56Z,2026-09-15T22:40:36Z
105,0,124647039,1608756,1.65,520644,,2026-09-09T05:35:23Z,2026-09-15T22:40:36Z
105,0,124643487,5730344,1.69,2011,,2026-09-09T03:57:50Z,2026-09-15T22:40:36Z
105,0,124622472,5730344,1.72,702,,2026-09-08T17:34:23Z,2026-09-15T22:40:36Z
105,0,124621535,5657466,1.73,7317,,2026-09-08T17:13:10Z,2026-09-15T22:40:36Z
105,0,124621367,5724737,1.74,5678,,2026-09-08T17:08:54Z,2026-09-15T22:40:36Z
105,0,124614038,5809253,1.79,1822,,2026-09-08T14:13:10Z,2026-09-15T22:40:36Z
105,0,124681255,5730344,1.9,3478,,2026-09-09T20:18:24Z,2026-09-15T22:40:36Z
105,0,124948463,5811676,2.0,6000,,2026-09-14T23:02:45Z,2026-09-15T22:40:36Z
105,1,124999451,5700463,1.53,9925,,2026-09-15T21:50:57Z,2026-09-15T22:40:36Z
105,1,124967314,5402733,1.54,2138117,,2026-09-15T08:40:22Z,2026-09-15T22:40:36Z
105,1,124979110,5237050,1.54,6074,,2026-09-15T13:53:09Z,2026-09-15T22:40:36Z
105,1,125000253,5237050,1.57,12883,,2026-09-15T22:14:39Z,2026-09-15T22:40:36Z
105,1,124899758,5310507,1.58,1364,,2026-09-14T02:15:50Z,2026-09-15T22:40:36Z
105,1,124783493,5619056,1.61,74092,,2026-09-11T19:09:43Z,2026-09-15T22:40:36Z
105,1,124674265,5365854,1.65,6521,,2026-09-09T17:34:07Z,2026-09-15T22:40:36Z
105,2,124994305,5537242,1.58,56651,,2026-09-15T19:43:00Z,2026-09-15T22:40:36Z
105,2,124943829,4251856,1.6,1,,2026-09-14T20:47:06Z,2026-09-15T22:40:36Z
105,2,124846815,983110,1.61,547,,2026-09-13T02:09:29Z,2026-09-15T22:40:36Z
105,2,124819111,983110,1.62,60223,,2026-09-12T13:03:28Z,2026-09-15T22:40:36Z
105,2,124992554,4983407,1.62,1926613,,2026-09-15T19:04:16Z,2026-09-15T22:40:36Z
105,2,124741987,983110,1.63,119695,,2026-09-11T00:04:03Z,2026-09-15T22:40:36Z
105,2,124834242,4882794,1.63,513009,,2026-09-12T19:31:09Z,2026-09-15T22:40:36Z
105,2,124642712,5147935,1.66,92381,,2026-09-09T03:31:32Z,2026-09-15T22:40:36Z
105,2,124642698,5147935,1.67,100000,,2026-09-09T03:31:10Z,2026-09-15T22:40:36Z
105,2,124623534,569737,1.68,2231852,,2026-09-08T18:01:34Z,2026-09-15T22:40:36Z
105,2,124612957,4792276,1.92,553554,,2026-09-08T13:48:56Z,2026-09-15T22:40:36Z
105,3,124992845,4632671,1.62,100000,,2026-09-15T19:09:54Z,2026-09-15T22:40:36Z
105,3,124991615,4642528,1.64,1,,2026-09-15T18:44:13Z,2026-09-15T22:40:36Z
105,3,124908783,3665286,1.65,173344,,2026-09-14T06:32:07Z,2026-09-15T22:40:36Z
105,3,124881604,5384333,1.66,1697593,,2026-09-13T17:40:16Z,2026-09-15T22:40:36Z
105,3,124814039,5384333,1.67,264575,,2026-09-12T10:43:27Z,2026-09-15T22:40:36Z
105,3,124710676,5384333,1.68,892499,,2026-09-10T10:46:53Z,2026-09-15T22:40:36Z
105,3,124654983,5384333,1.69,1246730,,2026-09-09T09:29:26Z,2026-09-15T22:40:36Z
105,3,124634509,3436341,1.7,16029,,2026-09-08T22:44:21Z,2026-09-15T22:40:36Z
105,3,124633551,5150532,1.74,12286,,2026-09-08T22:08:59Z,2026-09-15T22:40:36Z
105,4,124900969,4592302,1.73,262793,,2026-09-14T02:56:13Z,2026-09-15T22:40:36Z
105,4,124867290,4680211,1.76,961253,,2026-09-13T12:03:59Z,2026-09-15T22:40:36Z
105,4,124642010,4592302,1.78,193968,,2026-09-09T03:06:11Z,2026-09-15T22:40:36Z
105,4,124605313,4660591,1.79,100,,2026-09-08T10:22:09Z,2026-09-15T22:40:36Z
105,5,124993939,1044086,1.62,267460,,2026-09-15T19:35:17Z,2026-09-15T22:40:36Z
105,5,124933112,1044086,1.65,252135,,2026-09-14T16:44:58Z,2026-09-15T22:40:36Z
105,5,124698885,3567717,1.75,139188,,2026-09-10T05:25:57Z,2026-09-15T22:40:36Z
105,5,124713453,1352459,1.77,1303600,,2026-09-10T12:02:06Z,2026-09-15T22:40:36Z
105,6,124909803,4733386,2.0,24550,,2026-09-14T07:01:12Z,2026-09-15T22:40:36Z
105,6,124839397,4749812,2.05,29999,,2026-09-12T21:47:58Z,2026-09-15T22:40:36Z
105,7,124906301,4749812,2.5,4004,,2026-09-14T05:25:59Z,2026-09-15T22:40:36Z
105,7,124839393,4749812,2.75,4999,,2026-09-12T21:47:50Z,2026-09-15T22:40:36Z
105,7,124881594,4085811,2.75,500000,,2026-09-13T17:40:04Z,2026-09-15T22:40:36Z
105,9,124545470,4839608,2.8,50000,,2026-09-07T06:50:35Z,2026-09-14T06:57:36Z
105,10,124922537,4436449,2.5,24778,,2026-09-14T12:43:05Z,2026-09-15T22:40:36Z
105,10,124901960,4852724,2.55,221491,,2026-09-14T03:28:44Z,2026-09-15T22:40:36Z
105,10,124900084,4436449,2.6,26695,,2026-09-14T02:26:05Z,2026-09-15T22:40:36Z
105,10,124899586,4852724,2.65,1000000,,2026-09-14T02:09:53Z,2026-09-15T22:40:36Z
105,10,124898290,4436449,2.7,213531,,2026-09-14T01:25:35Z,2026-09-15T22:40:36Z
105,10,124882034,4852724,2.75,1000000,,2026-09-13T17:48:41Z,2026-09-15T22:40:36Z
105,10,124881719,4852724,2.8,1000000,,2026-09-13T17:42:13Z,2026-09-15T22:40:36Z
105,10,124834822,4436449,3.2,552000,,2026-09-12T19:46:48Z,2026-09-15T22:40:36Z
105,10,124731859,2251772,3.25,2,,2026-09-10T19:21:42Z,2026-09-15T22:40:36Z
106,0,125000959,4271393,3.85,7700,-2300.0,2026-09-15T22:36:41Z,2026-09-15T22:42:59Z
106,0,124998886,3580155,3.9,57623,,2026-09-15T21:35:20Z,2026-09-15T22:42:59Z
106,0,124998931,5832336,3.9,291,,2026-09-15T21:36:46Z,2026-09-15T22:42:59Z
106,0,124998968,5838278,3.9,4,,2026-09-15T21:37:40Z,2026-09-15T22:42:59Z
106,0,125001005,5702366,3.9,3500,,2026-09-15T22:37:51Z,2026-09-15T22:42:59Z
106,0,124930001,5763267,3.95,4753,,2026-09-14T15:35:42Z,2026-09-15T22:42:59Z
106,0,124934344,5825704,3.95,500,,2026-09-14T17:13:29Z,2026-09-15T22:42:59Z
106,0,124935394,5835741,3.95,350,,2026-09-14T17:38:03Z,2026-09-15T22:42:59Z
106,0,124935562,5834971,3.95,30,,2026-09-14T17:42:06Z,2026-09-15T22:42:59Z
106,0,124969844,5240930,3.95,2000,,2026-09-15T09:55:57Z,2026-09-15T22:42:59Z
106,0,124978466,4504992,3.95,9153,,2026-09-15T13:38:18Z,2026-09-15T22:42:59Z
106,0,124993876,5825758,3.95,152,,2026-09-15T19:34:06Z,2026-09-15T22:42:59Z
106,0,124929844,5809161,4.0,9198,,2026-09-14T15:32:31Z,2026-09-15T22:42:59Z
106,0,124930128,5644154,4.0,19727,,2026-09-14T15:38:10Z,2026-09-15T22:42:59Z
106,0,124930218,4100357,4.0,20030,,2026-09-14T15:40:21Z,2026-09-15T22:42:59Z
106,0,124934431,5772936,4.0,180,,2026-09-14T17:15:50Z,2026-09-15T22:42:59Z
106,0,124936485,5835741,4.0,104,,2026-09-14T18:04:59Z,2026-09-15T22:42:59Z
106,0,124952955,5834796,4.0,1446,,2026-09-15T01:35:17Z,2026-09-15T22:42:59Z
106,0,124981037,5837217,4.0,450,,2026-09-15T14:40:40Z,2026-09-15T22:42:59Z
106,0,124992225,5816134,4.0,4752,,2026-09-15T18:57:21Z,2026-09-15T22:42:59Z
106,0,124993811,5299289,4.0,603604,,2026-09-15T19:32:30Z,2026-09-15T22:42:59Z
106,0,124995263,5836014,4.0,134,,2026-09-15T20:05:05Z,2026-09-15T22:42:59Z
106,0,125001028,5695016,4.0,15000,,2026-09-15T22:38:36Z,2026-09-15T22:42:59Z
106,0,124893191,5830006,4.05,265,,2026-09-13T22:29:52Z,2026-09-15T22:42:59Z
106,0,124985436,5837773,4.05,8,,2026-09-15T16:23:53Z,2026-09-15T22:42:59Z
106,0,124863473,5787393,4.1,1233,,2026-09-13T10:25:55Z,2026-09-15T22:42:59Z
106,0,124863604,3719011,4.1,7011,,2026-09-13T10:30:20Z,2026-09-15T22:42:59Z
106,0,124863918,5752532,4.1,15000,,2026-09-13T10:38:34Z,2026-09-15T22:42:59Z
106,0,124954333,5835311,4.1,350,,2026-09-15T02:23:51Z,2026-09-15T22:42:59Z
106,0,124969673,5650223,4.1,12422,,2026-09-15T09:50:19Z,2026-09-15T22:42:59Z
106,0,124996002,5837297,4.1,4,,2026-09-15T20:20:41Z,2026-09-15T22:42:59Z
106,0,124938082,5835741,4.15,124,,2026-09-14T18:37:49Z,2026-09-15T22:42:59Z
106,0,124641957,5821309,4.2,290,,2026-09-09T03:04:10Z,2026-09-15T22:42:59Z
106,0,124642524,5756778,4.2,1513,,2026-09-09T03:25:03Z,2026-09-15T22:42:59Z
106,0,124658130,5737007,4.2,3400,,2026-09-09T10:59:48Z,2026-09-15T22:42:59Z
106,0,124685351,5702366,4.2,3339,,2026-09-09T22:06:14Z,2026-09-15T22:42:59Z
106,0,124691308,5801832,4.2,10000,,2026-09-10T01:38:46Z,2026-09-15T22:42:59Z
106,0,124721108,5826686,4.2,10,,2026-09-10T14:59:00Z,2026-09-15T22:42:59Z
106,0,124737475,5745621,4.2,8513,,2026-09-10T21:36:18Z,2026-09-15T22:42:59Z
106,0,124754354,5828163,4.2,100,,2026-09-11T06:37:41Z,2026-09-15T22:42:59Z
106,0,124781999,5810548,4.2,250,,2026-09-11T18:31:09Z,2026-09-15T22:42:59Z
106,0,124829090,5796413,4.2,93,,2026-09-12T17:17:44Z,2026-09-15T22:42:59Z
106,0,124843903,4153288,4.2,15022,,2026-09-13T00:20:01Z,2026-09-15T22:42:59Z
106,0,124858183,5830083,4.2,232,,2026-09-13T07:58:39Z,2026-09-15T22:42:59Z
106,0,124878386,5833306,4.2,100,,2026-09-13T16:24:59Z,2026-09-15T22:42:59Z
106,0,124890474,5810062,4.2,2313,,2026-09-13T21:08:01Z,2026-09-15T22:42:59Z
106,0,124904997,5834272,4.2,595,,2026-09-14T04:55:26Z,2026-09-15T22:42:59Z
106,0,124905568,4100357,4.2,27828,,2026-09-14T05:10:12Z,2026-09-15T22:42:59Z
106,0,124815694,4153288,4.25,18719,,2026-09-12T11:30:15Z,2026-09-15T22:42:59Z
106,0,124823270,5830720,4.25,8,,2026-09-12T14:50:39Z,2026-09-15T22:42:59Z
106,0,124640122,5821309,4.3,300,,2026-09-09T02:01:09Z,2026-09-15T22:42:59Z
106,0,124640211,5810331,4.3,767,,2026-09-09T02:03:31Z,2026-09-15T22:42:59Z
106,0,124652001,1804804,4.3,14525,,2026-09-09T07:56:30Z,2026-09-15T22:42:59Z
106,0,124675802,5820594,4.3,400,,2026-09-09T18:10:55Z,2026-09-15T22:42:59Z
106,0,124910001,1779549,4.3,5000,,2026-09-14T07:05:48Z,2026-09-15T22:42:59Z
106,0,124937399,5825704,4.3,417,,2026-09-14T18:22:06Z,2026-09-15T22:42:59Z
106,0,124601884,1804804,4.35,1106,,2026-09-08T08:45:25Z,2026-09-15T22:42:59Z
106,0,124617815,5363622,4.35,111897,,2026-09-08T15:41:37Z,2026-09-15T22:42:59Z
106,0,124650977,5820033,4.35,8019,,2026-09-09T07:26:27Z,2026-09-15T22:42:59Z
106,0,124969422,1779549,4.35,10000,,2026-09-15T09:43:05Z,2026-09-15T22:42:59Z
106,0,124613682,5803281,4.4,2940,,2026-09-08T14:05:29Z,2026-09-15T22:42:59Z
106,0,124628984,5735275,4.4,7000,,2026-09-08T20:04:25Z,2026-09-15T22:42:59Z
106,0,124790596,3617488,4.4,139090,,2026-09-11T22:22:50Z,2026-09-15T22:42:59Z
106,0,124825851,5808707,4.4,310,,2026-09-12T15:55:49Z,2026-09-15T22:42:59Z
106,0,124854436,1779549,4.45,8000,,2026-09-13T06:21:05Z,2026-09-15T22:42:59Z
106,0,124974403,5784073,4.45,585,,2026-09-15T11:57:44Z,2026-09-15T22:42:59Z
106,0,124611664,5812915,4.5,43,,2026-09-08T13:16:51Z,2026-09-15T22:42:59Z
106,0,124614641,5809560,4.5,206,,2026-09-08T14:28:41Z,2026-09-15T22:42:59Z
106,0,124629377,5820548,4.5,116,,2026-09-08T20:13:20Z,2026-09-15T22:42:59Z
106,0,124632086,5822690,4.5,200,,2026-09-08T21:25:54Z,2026-09-15T22:42:59Z
106,0,124664741,5783729,4.5,500,,2026-09-09T13:47:04Z,2026-09-15T22:42:59Z
106,0,124671061,5821100,4.5,119,,2026-09-09T16:13:17Z,2026-09-15T22:42:59Z
106,0,124689932,5796413,4.5,220,,2026-09-10T00:48:02Z,2026-09-15T22:42:59Z
106,0,124695191,5759088,4.5,408,,2026-09-10T03:52:23Z,2026-09-15T22:42:59Z
106,0,124711369,5825807,4.5,5,,2026-09-10T11:07:02Z,2026-09-15T22:42:59Z
106,0,124741583,5770283,4.5,36,,2026-09-10T23:49:24Z,2026-09-15T22:42:59Z
106,0,124749107,5810287,4.5,300,,2026-09-11T04:13:48Z,2026-09-15T22:42:59Z
106,0,124784438,5828135,4.5,536,,2026-09-11T19:33:24Z,2026-09-15T22:42:59Z
106,0,124857097,5766773,4.5,2483,,2026-09-13T07:29:17Z,2026-09-15T22:42:59Z
106,0,124901908,5815645,4.5,14,,2026-09-14T03:27:04Z,2026-09-15T22:42:59Z
106,0,124924518,5834272,4.5,231,,2026-09-14T13:34:03Z,2026-09-15T22:42:59Z
106,0,124964151,665927,4.5,473,,2026-09-15T07:06:15Z,2026-09-15T22:42:59Z
106,0,124613548,5812915,4.6,43,,2026-09-08T14:02:43Z,2026-09-15T22:42:59Z
106,0,124636258,5756778,4.6,400,,2026-09-08T23:40:51Z,2026-09-15T22:42:59Z
106,0,124643924,5789728,4.6,1000,,2026-09-09T04:09:59Z,2026-09-15T22:42:59Z
106,0,124702259,5825909,4.6,20,,2026-09-10T06:53:07Z,2026-09-15T22:42:59Z
106,0,124934425,5827731,4.65,153,,2026-09-14T17:15:37Z,2026-09-15T22:42:59Z
106,0,124967829,5821300,4.7,1252,,2026-09-15T08:56:45Z,2026-09-15T22:42:59Z
106,0,124648797,5789584,4.75,349,,2026-09-09T06:26:10Z,2026-09-15T22:42:59Z
106,0,124687072,5824200,4.75,570,,2026-09-09T23:05:07Z,2026-09-15T22:42:59Z
106,0,124909942,5820572,4.75,279,,2026-09-14T07:04:18Z,2026-09-15T22:42:59Z
106,0,124800748,1779549,4.9,5000,,2026-09-12T04:37:36Z,2026-09-15T22:42:59Z
106,0,124570499,5772936,5.0,300,,2026-09-07T17:32:27Z,2026-09-15T22:42:59Z
106,0,124636020,5725930,5.0,1152,,2026-09-08T23:32:15Z,2026-09-15T22:42:59Z
106,0,124650404,5809135,5.0,572,,2026-09-09T07:08:15Z,2026-09-15T22:42:59Z
106,0,124698338,5806745,5.0,8,,2026-09-10T05:13:00Z,2026-09-15T22:42:59Z
106,0,124710236,5585626,5.0,10,,2026-09-10T10:33:27Z,2026-09-15T22:42:59Z
106,0,124721970,5812446,5.0,110,,2026-09-10T15:21:40Z,2026-09-15T22:42:59Z
106,0,124729815,5825897,5.0,1417,,2026-09-10T18:34:07Z,2026-09-15T22:42:59Z
106,0,124734464,5817596,5.0,909,,2026-09-10T20:24:19Z,2026-09-15T22:42:59Z
106,0,124734530,5809689,5.0,181,,2026-09-10T20:26:00Z,2026-09-15T22:42:59Z
106,0,124636942,5790355,5.1,399,,2026-09-09T00:07:47Z,2026-09-15T22:42:59Z
106,0,124688019,5824200,5.1,349,,2026-09-09T23:37:49Z,2026-09-15T22:42:59Z
106,0,124720294,5812451,5.1,70,,2026-09-10T14:37:42Z,2026-09-15T22:42:59Z
106,1,124947002,5767735,4.0,45500,,2026-09-14T22:10:42Z,2026-09-15T22:42:59Z
106,1,124995266,5527312,4.0,23467,,2026-09-15T20:05:09Z,2026-09-15T22:42:59Z
106,1,124945709,5626770,4.1,908,,2026-09-14T21:35:47Z,2026-09-15T22:42:59Z
106,1,124945413,5527312,4.15,103207,,2026-09-14T21:27:59Z,2026-09-15T22:42:59Z
106,1,124756391,5527312,4.2,119819,,2026-09-11T07:33:54Z,2026-09-15T22:42:59Z
106,1,124865071,5789735,4.2,21488,,2026-09-13T11:08:49Z,2026-09-15T22:42:59Z
106,1,124724136,5175067,4.25,36743,,2026-09-10T16:11:39Z,2026-09-15T22:42:59Z
106,1,124721123,5527312,4.3,67478,,2026-09-10T14:59:17Z,2026-09-15T22:42:59Z
106,1,124847815,5789735,4.35,4324,,2026-09-13T02:47:13Z,2026-09-15T22:42:59Z
106,1,124731200,5458588,4.4,486,,2026-09-10T19:06:59Z,2026-09-15T22:42:59Z
106,1,124598557,5094325,5.0,1453192,,2026-09-08T07:01:49Z,2026-09-15T22:42:59Z
106,1,124909887,5643944,5.1,109,,2026-09-14T07:02:59Z,2026-09-15T22:42:59Z
106,2,124995650,5680632,4.15,56692,,2026-09-15T20:13:22Z,2026-09-15T22:42:59Z
106,2,124994504,5545814,4.2,27719,,2026-09-15T19:47:22Z,2026-09-15T22:42:59Z
106,2,124960130,5629030,4.25,41850,,2026-09-15T05:13:58Z,2026-09-15T22:42:59Z
106,2,124959197,2324122,4.3,7500,,2026-09-15T04:51:23Z,2026-09-15T22:42:59Z
106,2,124990428,5599769,4.3,37116,,2026-09-15T18:18:44Z,2026-09-15T22:42:59Z
106,2,124958538,4121787,4.35,404451,,2026-09-15T04:35:30Z,2026-09-15T22:42:59Z
106,2,124873825,5212283,4.4,169143,,2026-09-13T14:40:28Z,2026-09-15T22:42:59Z
106,2,124739533,4856954,4.45,25069,,2026-09-10T22:38:34Z,2026-09-15T22:42:59Z
106,2,124958015,2445465,4.45,18070,,2026-09-15T04:19:49Z,2026-09-15T22:42:59Z
106,2,124701642,2445465,4.5,8427,,2026-09-10T06:37:23Z,2026-09-15T22:42:59Z
106,2,124738442,3116700,4.5,27039,,2026-09-10T22:04:11Z,2026-09-15T22:42:59Z
106,2,124685487,3978101,4.6,8989,,2026-09-09T22:10:54Z,2026-09-15T22:42:59Z
106,2,124929087,1456556,4.6,69205,,2026-09-14T15:17:06Z,2026-09-15T22:42:59Z
106,2,124637688,4215306,4.65,50000,,2026-09-09T00:35:22Z,2026-09-15T22:42:59Z
106,2,124646980,2445465,4.65,5805,,2026-09-09T05:33:56Z,2026-09-15T22:42:59Z
106,2,124535249,1008259,4.7,27707,,2026-09-07T01:32:40Z,2026-09-15T22:42:59Z
106,2,124648537,3978101,4.7,17304,,2026-09-09T06:18:13Z,2026-09-15T22:42:59Z
106,3,125001092,4372324,4.65,111304,,2026-09-15T22:40:20Z,2026-09-15T22:42:59Z
106,3,124997065,3810336,4.7,159915,,2026-09-15T20:46:50Z,2026-09-15T22:42:59Z
106,3,124993450,5458588,4.75,20000,,2026-09-15T19:23:53Z,2026-09-15T22:42:59Z
106,3,124955810,4372324,4.8,70979,,2026-09-15T03:15:26Z,2026-09-15T22:42:59Z
106,3,124955181,1330352,4.85,40000,,2026-09-15T02:55:04Z,2026-09-15T22:42:59Z
106,3,124833439,3992145,4.9,8773,,2026-09-12T19:11:13Z,2026-09-15T22:42:59Z
106,3,124955186,1330352,4.9,42403,,2026-09-15T02:55:13Z,2026-09-15T22:42:59Z
106,3,124844516,3459261,5.0,100000,,2026-09-13T00:42:39Z,2026-09-15T22:42:59Z
106,3,124800033,5458588,5.1,585,,2026-09-12T04:13:03Z,2026-09-15T22:42:59Z
106,3,124798349,1330352,5.2,26780,,2026-09-12T03:12:25Z,2026-09-15T22:42:59Z
106,3,124796339,5619669,5.4,20000,,2026-09-12T01:58:41Z,2026-09-15T22:42:59Z
106,4,124997371,4495425,4.8,24000,,2026-09-15T20:54:49Z,2026-09-15T22:42:59Z
106,4,124945211,1928332,4.95,33487,,2026-09-14T21:23:14Z,2026-09-15T22:42:59Z
106,4,124954344,3918629,4.95,32341,,2026-09-15T02:24:27Z,2026-09-15T22:42:59Z
106,4,124919512,1699270,5.0,45249,,2026-09-14T11:30:46Z,2026-09-15T22:42:59Z
106,4,124812223,3726884,5.2,55794,,2026-09-12T09:50:56Z,2026-09-15T22:42:59Z
106,4,124802956,3090259,5.3,20000,,2026-09-12T05:44:28Z,2026-09-15T22:42:59Z
106,4,124802875,4025649,5.4,7100,,2026-09-12T05:41:47Z,2026-09-15T22:42:59Z
106,4,124797813,3922464,5.5,10000,,2026-09-12T02:54:02Z,2026-09-15T22:42:59Z
106,4,124695572,4860246,5.8,93011,,2026-09-10T04:02:22Z,2026-09-15T22:42:59Z
106,4,124654442,3922464,6.1,21300,,2026-09-09T09:12:17Z,2026-09-15T22:42:59Z
106,4,124653985,433630,6.2,16415,,2026-09-09T08:58:18Z,2026-09-15T22:42:59Z
106,5,124949792,4939473,5.0,80498,,2026-09-14T23:46:45Z,2026-09-15T22:42:59Z
106,5,124623554,4192899,7.9,28987,,2026-09-08T18:02:09Z,2026-09-15T22:42:59Z
106,6,124816349,4825718,5.1,42830,,2026-09-12T11:48:16Z,2026-09-15T22:42:59Z
106,6,124816344,4825718,5.2,100000,,2026-09-12T11:48:07Z,2026-09-15T22:42:59Z
106,6,124816338,4825718,5.3,100000,,2026-09-12T11:47:58Z,2026-09-15T22:42:59Z
106,6,124816330,4825718,5.4,100000,,2026-09-12T11:47:53Z,2026-09-15T22:42:59Z
106,6,124816324,4825718,5.5,100000,,2026-09-12T11:47:42Z,2026-09-15T22:42:59Z
106,6,124696579,4825718,5.6,84135,,2026-09-10T04:27:07Z,2026-09-15T22:42:59Z
106,6,124696573,4825718,5.7,100000,,2026-09-10T04:26:59Z,2026-09-15T22:42:59Z
106,6,124696567,4825718,5.8,100000,,2026-09-10T04:26:54Z,2026-09-15T22:42:59Z
106,6,124696564,4825718,5.9,100000,,2026-09-10T04:26:48Z,2026-09-15T22:42:59Z
106,6,124696561,4825718,6.0,100000,,2026-09-10T04:26:38Z,2026-09-15T22:42:59Z
106,12,124631986,836964,10.0,82870,,2026-09-08T21:22:19Z,2026-09-15T22:42:59Z
107,0,124999591,1709616,20.5,222,,2026-09-15T21:54:25Z,2026-09-15T22:43:44Z
107,0,124998693,5525793,21.0,2690,,2026-09-15T21:29:32Z,2026-09-15T22:43:44Z
107,0,124995726,5654842,21.5,53308,,2026-09-15T20:14:46Z,2026-09-15T22:43:44Z
107,0,124781950,5829300,23.0,20,,2026-09-11T18:30:03Z,2026-09-15T22:43:44Z
107,0,124927242,5597396,24.5,15042,,2026-09-14T14:32:20Z,2026-09-15T22:43:44Z
107,0,124841162,5583072,25.0,4,,2026-09-12T22:41:07Z,2026-09-15T22:43:44Z
107,1,124999577,5491343,20.75,14479,,2026-09-15T21:54:06Z,2026-09-15T22:43:44Z
107,1,124997333,5204600,21.25,13082,,2026-09-15T20:53:51Z,2026-09-15T22:43:44Z
107,1,124917387,5828225,23.0,120,,2026-09-14T10:38:10Z,2026-09-15T22:43:44Z
107,2,124999487,5453926,21.0,17291,,2026-09-15T21:51:57Z,2026-09-15T22:43:44Z
107,2,124661183,4338021,21.75,331442,,2026-09-09T12:19:04Z,2026-09-15T22:43:44Z
107,2,124988330,4150879,21.75,64811,,2026-09-15T17:31:23Z,2026-09-15T22:43:44Z
107,2,124865004,5695900,24.0,6300,,2026-09-13T11:07:04Z,2026-09-15T22:43:44Z
107,3,125000430,4563210,20.5,1003,-1024.0,2026-09-15T22:19:40Z,2026-09-15T22:43:44Z
107,3,124997540,1643237,21.25,49936,,2026-09-15T20:59:28Z,2026-09-15T22:43:44Z
107,3,124833076,3559129,22.0,199587,,2026-09-12T19:03:08Z,2026-09-15T22:43:44Z
107,3,124935987,3559129,22.25,200000,,2026-09-14T17:53:20Z,2026-09-15T22:43:44Z
107,3,124624220,3559129,22.5,200000,,2026-09-08T18:18:53Z,2026-09-15T22:43:44Z
107,3,124865017,5695900,24.0,1000,,2026-09-13T11:07:31Z,2026-09-15T22:43:44Z
107,3,124927245,5597396,24.75,15042,,2026-09-14T14:32:52Z,2026-09-15T22:43:44Z
107,4,124996831,2323275,21.5,3653,,2026-09-15T20:40:47Z,2026-09-15T22:43:44Z
107,4,124615345,5779537,22.25,2,,2026-09-08T14:45:21Z,2026-09-15T22:43:44Z
107,5,124216067,3047923,40.0,3306,,2026-08-31T18:12:49Z,2026-09-08T06:59:08Z
107,6,125000835,3201016,21.0,79635,,2026-09-15T22:32:40Z,2026-09-15T22:43:44Z
107,6,124999674,5807341,22.0,1,,2026-09-15T21:57:04Z,2026-09-15T22:43:44Z
107,6,124989903,1856141,22.75,49500,,2026-09-15T18:05:52Z,2026-09-15T22:43:44Z
107,6,124700894,4772937,23.0,67706,,2026-09-10T06:16:15Z,2026-09-15T22:43:44Z
108,0,124999877,5313787,9.6,107721,-22239.0,2026-09-15T22:03:35Z,2026-09-15T22:42:07Z
108,0,125000775,303272,9.6,336,,2026-09-15T22:30:15Z,2026-09-15T22:42:07Z
108,0,125000934,5793811,9.6,1436,,2026-09-15T22:35:58Z,2026-09-15T22:42:07Z
108,0,124984492,3493696,9.7,26822,,2026-09-15T16:01:57Z,2026-09-15T22:42:07Z
108,0,124986478,5764705,9.7,3630,,2026-09-15T16:47:37Z,2026-09-15T22:42:07Z
108,0,124964162,5598362,9.8,23503,,2026-09-15T07:06:30Z,2026-09-15T22:42:07Z
108,0,124973021,5654219,9.8,25385,,2026-09-15T11:21:27Z,2026-09-15T22:42:07Z
108,0,124977858,5480433,9.8,6252,,2026-09-15T13:23:31Z,2026-09-15T22:42:07Z
108,0,124979194,5541017,9.8,92529,,2026-09-15T13:55:15Z,2026-09-15T22:42:07Z
108,0,124986494,5707092,9.8,496,,2026-09-15T16:47:49Z,2026-09-15T22:42:07Z
108,0,124937248,5769706,9.9,61525,,2026-09-14T18:19:23Z,2026-09-15T22:42:07Z
108,0,124950610,3272420,9.9,160,,2026-09-15T00:18:52Z,2026-09-15T22:42:07Z
108,0,124983576,5542032,9.9,240,,2026-09-15T15:39:04Z,2026-09-15T22:42:07Z
108,0,124777092,5313787,10.0,43370,,2026-09-11T16:24:48Z,2026-09-15T22:42:07Z
108,0,124796805,5465921,10.0,400149,,2026-09-12T02:16:17Z,2026-09-15T22:42:07Z
108,0,124804835,5474294,10.0,352,,2026-09-12T06:31:39Z,2026-09-15T22:42:07Z
108,0,124826111,5812704,10.0,32,,2026-09-12T16:03:00Z,2026-09-15T22:42:07Z
108,0,124839512,4836523,10.0,76338,,2026-09-12T21:52:07Z,2026-09-15T22:42:07Z
108,0,124866216,5702933,10.0,16432,,2026-09-13T11:39:04Z,2026-09-15T22:42:07Z
108,0,124876839,5489977,10.0,32,,2026-09-13T15:49:45Z,2026-09-15T22:42:07Z
108,0,124990815,5767735,10.0,4000,,2026-09-15T18:27:38Z,2026-09-15T22:42:07Z
108,0,124710254,5623337,10.1,47,,2026-09-10T10:34:01Z,2026-09-15T22:42:07Z
108,0,124754337,5823053,10.1,208,,2026-09-11T06:37:07Z,2026-09-15T22:42:07Z
108,0,124911351,5304514,10.1,31034,,2026-09-14T07:43:31Z,2026-09-15T22:42:07Z
108,0,124711344,4885219,10.2,30000,,2026-09-10T11:06:23Z,2026-09-15T22:42:07Z
108,0,124682227,5035169,10.3,47175,,2026-09-09T20:40:55Z,2026-09-15T22:42:07Z
108,0,124780083,5790715,10.6,64,,2026-09-11T17:40:25Z,2026-09-15T22:42:07Z
108,0,124604319,5821604,10.8,50,,2026-09-08T09:55:35Z,2026-09-15T22:42:07Z
108,0,124893735,5777924,10.9,32,,2026-09-13T22:48:33Z,2026-09-15T22:42:07Z
108,0,124659867,5115497,11.0,64,,2026-09-09T11:45:13Z,2026-09-15T22:42:07Z
108,0,124747414,5827911,11.0,11,,2026-09-11T03:19:18Z,2026-09-15T22:42:07Z
108,0,124767130,5828163,11.1,16,,2026-09-11T12:25:25Z,2026-09-15T22:42:07Z
108,0,124985276,5790715,11.2,112,,2026-09-15T16:19:26Z,2026-09-15T22:42:07Z
108,0,124809372,5808840,11.5,48,,2026-09-12T08:29:41Z,2026-09-15T22:42:07Z
108,0,125000786,2001899,20.0,20000,,2026-09-15T22:30:33Z,2026-09-15T22:42:07Z
108,1,124984744,5746822,9.7,2848,,2026-09-15T16:07:04Z,2026-09-15T22:42:07Z
108,1,124929110,5561169,9.9,8013,,2026-09-14T15:17:42Z,2026-09-15T22:42:07Z
108,1,124986777,5819040,9.9,55692,,2026-09-15T16:55:12Z,2026-09-15T22:42:07Z
108,1,124812036,3719372,10.0,76571,,2026-09-12T09:46:26Z,2026-09-15T22:42:07Z
108,1,124822397,5022518,10.0,11382,,2026-09-12T14:26:47Z,2026-09-15T22:42:07Z
108,1,124845223,5193023,10.0,20000,,2026-09-13T01:10:11Z,2026-09-15T22:42:07Z
108,1,124861658,5220280,10.0,27211,,2026-09-13T09:33:44Z,2026-09-15T22:42:07Z
108,1,124864202,5783911,10.0,15000,,2026-09-13T10:46:13Z,2026-09-15T22:42:07Z
108,1,124008917,5022518,11.0,217792,,2026-09-02T15:53:26Z,2026-09-15T22:42:07Z
108,1,124656461,5721010,11.0,84,,2026-09-09T10:12:26Z,2026-09-15T22:42:07Z
108,2,124995692,5328144,9.7,170227,,2026-09-15T20:14:08Z,2026-09-15T22:42:07Z
108,2,125001074,5267621,9.7,57712,,2026-09-15T22:39:57Z,2026-09-15T22:42:07Z
108,2,124927874,5514023,9.9,108985,,2026-09-14T14:49:58Z,2026-09-15T22:42:07Z
108,2,124930159,1398887,9.9,9608,,2026-09-14T15:38:55Z,2026-09-15T22:42:07Z
108,2,124909773,2445465,10.0,4404,,2026-09-14T07:00:34Z,2026-09-15T22:42:07Z
108,2,124780452,2445465,10.1,6069,,2026-09-11T17:49:39Z,2026-09-15T22:42:07Z
108,2,124760465,2445465,10.2,10010,,2026-09-11T09:33:45Z,2026-09-15T22:42:07Z
108,2,124767321,5328144,10.2,619565,,2026-09-11T12:30:06Z,2026-09-15T22:42:07Z
108,2,124781002,5510533,10.6,712,,2026-09-11T18:04:52Z,2026-09-15T22:42:07Z
108,2,124917401,5828225,10.7,110,,2026-09-14T10:38:26Z,2026-09-15T22:42:07Z
108,2,124989034,5829034,10.7,307,,2026-09-15T17:47:10Z,2026-09-15T22:42:07Z
108,2,124730006,5825903,11.0,32,,2026-09-10T18:37:40Z,2026-09-15T22:42:07Z
108,2,124777456,5823786,11.0,500,,2026-09-11T16:32:38Z,2026-09-15T22:42:07Z
108,2,124710217,3123670,12.5,1000000,,2026-09-10T10:32:49Z,2026-09-15T22:42:07Z
108,3,124999378,2130314,9.7,26641,,2026-09-15T21:49:06Z,2026-09-15T22:42:07Z
108,3,124987535,3559129,9.8,200000,,2026-09-15T17:13:28Z,2026-09-15T22:42:07Z
108,3,124935716,3559129,9.9,200000,,2026-09-14T17:46:23Z,2026-09-15T22:42:07Z
108,3,124966610,4637247,9.9,496,,2026-09-15T11:00:22Z,2026-09-15T22:42:07Z
108,3,124833054,3559129,10.0,200000,,2026-09-12T19:02:16Z,2026-09-15T22:42:07Z
108,3,124835744,3499507,10.0,269035,,2026-09-12T20:10:47Z,2026-09-15T22:42:07Z
108,3,124768348,1692826,10.1,453474,,2026-09-11T12:56:00Z,2026-09-15T22:42:07Z
108,3,124856405,3960020,10.5,338576,,2026-09-13T07:11:35Z,2026-09-15T22:42:07Z
108,3,124667501,5721010,11.0,32,,2026-09-09T14:50:37Z,2026-09-15T22:42:07Z
108,3,124875187,5808840,11.0,48,,2026-09-13T15:10:00Z,2026-09-15T22:42:07Z
108,3,124857864,5828018,12.0,32,,2026-09-13T07:50:00Z,2026-09-15T22:42:07Z
108,4,124932398,5428015,9.9,198493,,2026-09-14T16:30:05Z,2026-09-15T22:42:07Z
108,4,124870319,2257587,10.0,395339,,2026-09-13T13:16:23Z,2026-09-15T22:42:07Z
108,4,124935786,3559129,10.0,200000,,2026-09-14T17:48:59Z,2026-09-15T22:42:07Z
108,4,124781178,4945799,10.1,149910,,2026-09-11T18:09:24Z,2026-09-15T22:42:07Z
108,4,124935794,3559129,10.1,200000,,2026-09-14T17:48:49Z,2026-09-15T22:42:07Z
108,4,124935806,3559129,10.2,200000,,2026-09-14T17:49:03Z,2026-09-15T22:42:07Z
108,4,124726532,3559129,10.3,200000,,2026-09-10T17:11:42Z,2026-09-15T22:42:07Z
108,4,124697513,4017784,10.4,1000,,2026-09-10T04:52:30Z,2026-09-15T22:42:07Z
108,4,124935924,3559129,10.4,200000,,2026-09-14T17:51:36Z,2026-09-15T22:42:07Z
108,5,124929507,3090259,10.0,87194,,2026-09-14T15:25:07Z,2026-09-15T22:42:07Z
108,5,124907141,2292505,10.3,299466,,2026-09-14T05:48:20Z,2026-09-15T22:42:07Z
108,5,124695586,4860246,10.5,70000,,2026-09-10T04:02:43Z,2026-09-15T22:42:07Z
108,6,124720643,4245596,11.0,199666,,2026-09-10T14:46:32Z,2026-09-15T22:42:07Z
109,0,124961067,5181741,108.0,37,,2026-09-15T05:38:36Z,2026-09-15T22:44:04Z
109,0,124994432,4357280,108.0,6482,,2026-09-15T19:45:32Z,2026-09-15T22:44:04Z
109,0,124842875,4117027,109.0,2000,,2026-09-12T23:41:00Z,2026-09-15T22:44:04Z
109,0,124855600,5552743,109.0,5000,,2026-09-13T06:50:36Z,2026-09-15T22:44:04Z
109,0,124816505,5707775,110.0,1836,,2026-09-12T11:52:48Z,2026-09-15T22:44:04Z
109,0,124827391,4890341,110.0,9920,,2026-09-12T16:34:04Z,2026-09-15T22:44:04Z
109,0,124901620,5834498,110.0,3,,2026-09-14T03:16:43Z,2026-09-15T22:44:04Z
109,0,124766616,5707775,111.0,185,,2026-09-11T12:12:06Z,2026-09-15T22:44:04Z
109,0,124744933,4890341,112.0,24750,,2026-09-11T01:48:17Z,2026-09-15T22:44:04Z
109,0,124673642,5317277,113.0,2480,,2026-09-09T17:17:31Z,2026-09-15T22:44:04Z
109,0,124631492,5181054,115.0,64,,2026-09-08T21:07:17Z,2026-09-15T22:44:04Z
109,0,124656611,5701214,116.0,236,,2026-09-09T10:15:33Z,2026-09-15T22:44:04Z
109,0,124627095,1117810,123.0,9999,,2026-09-08T19:22:40Z,2026-09-15T22:44:04Z
109,0,124628343,4766565,123.0,332,,2026-09-08T19:51:10Z,2026-09-15T22:44:04Z
109,0,124625473,1117810,124.0,5863,,2026-09-08T18:49:04Z,2026-09-15T22:44:04Z
109,0,124955312,1267280,126.0,700,,2026-09-15T02:59:39Z,2026-09-15T22:44:04Z
109,0,124625286,1117810,127.0,1999,,2026-09-08T18:45:28Z,2026-09-15T22:44:04Z
109,0,124787213,5829597,135.0,13,,2026-09-11T20:43:55Z,2026-09-15T22:44:04Z
109,0,124787303,5829597,140.0,55,,2026-09-11T20:46:26Z,2026-09-15T22:44:04Z
109,0,124787154,5829597,145.0,10,,2026-09-11T20:42:33Z,2026-09-15T22:44:04Z
109,0,124787243,5829597,150.0,10,,2026-09-11T20:44:36Z,2026-09-15T22:44:04Z
109,1,124996618,4981589,107.0,6036,,2026-09-15T20:35:16Z,2026-09-15T22:44:04Z
109,1,124998300,5838302,107.0,3,,2026-09-15T21:18:35Z,2026-09-15T22:44:04Z
109,1,124958061,4675214,108.0,13989,,2026-09-15T04:21:09Z,2026-09-15T22:44:04Z
109,1,124958873,3591056,108.0,19364,,2026-09-15T04:43:06Z,2026-09-15T22:44:04Z
109,1,124994741,5192711,108.0,1000,,2026-09-15T19:53:55Z,2026-09-15T22:44:04Z
109,1,124820969,4951841,109.0,16752,,2026-09-12T13:47:40Z,2026-09-15T22:44:04Z
109,1,124805050,5192711,110.0,750,,2026-09-12T06:36:43Z,2026-09-15T22:44:04Z
109,1,124996691,5838271,110.0,6,,2026-09-15T20:37:07Z,2026-09-15T22:44:04Z
109,1,124942982,5192711,111.0,200,,2026-09-14T20:25:57Z,2026-09-15T22:44:04Z
109,1,124726373,5192711,113.0,577,,2026-09-10T17:08:04Z,2026-09-15T22:44:04Z
109,1,124634643,2773354,115.0,18701,,2026-09-08T22:48:50Z,2026-09-15T22:44:04Z
109,1,124630793,5818086,119.0,6,,2026-09-08T20:48:23Z,2026-09-15T22:44:04Z
109,1,124908402,4675214,130.0,105620,,2026-09-14T06:22:03Z,2026-09-15T22:44:04Z
109,2,124969603,5479133,108.0,11760,,2026-09-15T09:47:41Z,2026-09-15T22:44:04Z
109,2,124957648,3402473,109.0,2734,,2026-09-15T04:10:10Z,2026-09-15T22:44:04Z
109,2,124631787,5617721,116.0,4092,,2026-09-08T21:16:35Z,2026-09-15T22:44:04Z
109,2,124630806,1468055,118.0,1680,,2026-09-08T20:48:37Z,2026-09-15T22:44:04Z
109,2,124936678,5835741,120.0,61,,2026-09-14T18:08:28Z,2026-09-15T22:44:04Z
109,3,124998262,3960020,107.0,8249,,2026-09-15T21:17:40Z,2026-09-15T22:44:04Z
109,3,124997233,3402473,108.0,8070,,2026-09-15T20:51:05Z,2026-09-15T22:44:04Z
109,3,124957651,3402473,109.0,15756,,2026-09-15T04:10:14Z,2026-09-15T22:44:04Z
109,3,124974416,4612730,109.0,2500,,2026-09-15T11:57:57Z,2026-09-15T22:44:04Z
109,3,124810646,4613200,110.0,5000,,2026-09-12T09:05:49Z,2026-09-15T22:44:04Z
109,3,124818874,5124878,110.0,2000,,2026-09-12T12:56:55Z,2026-09-15T22:44:04Z
109,3,124936089,3559129,110.0,40000,,2026-09-14T17:55:24Z,2026-09-15T22:44:04Z
109,3,124773370,3527860,111.0,32616,,2026-09-11T15:04:02Z,2026-09-15T22:44:04Z
109,3,124788528,3810336,111.0,9333,,2026-09-11T21:20:57Z,2026-09-15T22:44:04Z
109,3,124928903,5832913,111.0,7,,2026-09-14T15:13:20Z,2026-09-15T22:44:04Z
109,3,124763944,5124878,112.0,2000,,2026-09-11T11:04:34Z,2026-09-15T22:44:04Z
109,3,124765149,5410683,113.0,1105,,2026-09-11T11:33:58Z,2026-09-15T22:44:04Z
109,3,124666160,5420752,114.0,6801,,2026-09-09T14:17:50Z,2026-09-15T22:44:04Z
109,3,124740136,1872499,114.0,6000,,2026-09-10T22:58:10Z,2026-09-15T22:44:04Z
109,3,124641149,3527860,115.0,8896,,2026-09-09T02:35:34Z,2026-09-15T22:44:04Z
109,3,124638407,548972,116.0,4,,2026-09-09T01:00:03Z,2026-09-15T22:44:04Z
109,3,124633398,1872499,118.0,12000,,2026-09-08T22:03:21Z,2026-09-15T22:44:04Z
109,3,124630781,4976004,119.0,9761,,2026-09-08T20:48:09Z,2026-09-15T22:44:04Z
109,3,124630678,1117810,120.0,49999,,2026-09-08T20:45:14Z,2026-09-15T22:44:04Z
109,3,124630484,4976004,121.0,9456,,2026-09-08T20:40:12Z,2026-09-15T22:44:04Z
109,3,124625972,1533578,130.0,3000,,2026-09-08T18:57:40Z,2026-09-15T22:44:04Z
109,3,124625967,1533578,135.0,2500,,2026-09-08T18:57:35Z,2026-09-15T22:44:04Z
109,3,124625958,1533578,140.0,2500,,2026-09-08T18:57:31Z,2026-09-15T22:44:04Z
109,3,124625954,1533578,147.0,2500,,2026-09-08T18:57:25Z,2026-09-15T22:44:04Z
109,4,124990857,2015578,109.0,6989,,2026-09-15T18:28:58Z,2026-09-15T22:44:04Z
109,4,124830426,4608481,110.0,69071,,2026-09-12T17:52:23Z,2026-09-15T22:44:04Z
109,4,124791043,4629569,111.0,25000,,2026-09-11T22:37:47Z,2026-09-15T22:44:04Z
109,4,124775193,1965416,112.0,7000,,2026-09-11T15:42:50Z,2026-09-15T22:44:04Z
109,4,124656880,4976004,114.0,6551,,2026-09-09T10:24:19Z,2026-09-15T22:44:04Z
109,4,124625948,1533578,140.0,1000,,2026-09-08T18:57:19Z,2026-09-15T22:44:04Z
109,4,124625881,1098187,148.0,500,,2026-09-08T18:56:04Z,2026-09-15T22:44:04Z
109,5,124999060,5175239,106.0,15609,-512.0,2026-09-15T21:40:11Z,2026-09-15T22:44:04Z
109,5,124936892,4461091,115.0,4499,,2026-09-14T18:13:04Z,2026-09-15T22:44:04Z
109,5,124864965,4749812,128.0,999,,2026-09-13T11:05:55Z,2026-09-15T22:44:04Z
109,5,124732456,4784420,142.0,20000,,2026-09-10T19:35:44Z,2026-09-15T22:44:04Z
109,5,124631619,1249526,149.0,1000,,2026-09-08T21:11:01Z,2026-09-15T22:44:04Z
109,6,124973897,3386267,110.0,16431,,2026-09-15T11:44:28Z,2026-09-15T22:44:04Z
109,6,124929201,3386267,120.0,6268,,2026-09-14T15:19:31Z,2026-09-15T22:44:04Z
109,6,124864961,4749812,129.0,999,,2026-09-13T11:05:47Z,2026-09-15T22:44:04Z
109,6,124653431,1677063,145.0,396,,2026-09-09T08:41:55Z,2026-09-15T22:44:04Z
109,7,124864955,4749812,147.0,999,,2026-09-13T11:05:36Z,2026-09-15T22:44:04Z
109,8,124842538,4749812,148.0,9977,,2026-09-12T23:30:06Z,2026-09-15T22:44:04Z
109,8,124625302,1117810,149.0,20000,,2026-09-08T18:43:19Z,2026-09-15T22:44:04Z
110,0,124999644,3662532,195.0,298,,2026-09-15T21:55:55Z,2026-09-15T22:42:44Z
110,0,124992231,5103246,197.0,8845,,2026-09-15T18:57:30Z,2026-09-15T22:42:44Z
110,0,124997846,5813880,197.0,53,,2026-09-15T21:07:21Z,2026-09-15T22:42:44Z
110,0,124952305,5737309,198.0,1376,,2026-09-15T01:16:43Z,2026-09-15T22:42:44Z
110,0,124969868,5813880,198.0,8,,2026-09-15T09:56:46Z,2026-09-15T22:42:44Z
110,0,124971807,4897354,198.0,500,,2026-09-15T10:49:12Z,2026-09-15T22:42:44Z
110,0,124994177,5369285,198.0,1000,,2026-09-15T19:39:57Z,2026-09-15T22:42:44Z
110,0,124947984,4897354,199.0,200,,2026-09-14T22:45:56Z,2026-09-15T22:42:44Z
110,0,124972788,5813880,199.0,23,,2026-09-15T11:15:02Z,2026-09-15T22:42:44Z
110,0,124993721,5764705,199.0,1473,,2026-09-15T19:30:32Z,2026-09-15T22:42:44Z
110,0,124941180,5792097,200.0,1390,,2026-09-14T19:45:04Z,2026-09-15T22:42:44Z
110,0,124943855,5813880,200.0,142,,2026-09-14T20:47:26Z,2026-09-15T22:42:44Z
110,0,124947983,4897354,200.0,200,,2026-09-14T22:45:49Z,2026-09-15T22:42:44Z
110,0,124947977,4897354,202.0,200,,2026-09-14T22:45:40Z,2026-09-15T22:42:44Z
110,0,124816469,4897354,204.0,400,,2026-09-12T11:52:14Z,2026-09-15T22:42:44Z
110,0,124729882,4897354,206.0,200,,2026-09-10T18:35:39Z,2026-09-15T22:42:44Z
110,0,124861600,4897354,208.0,200,,2026-09-13T09:31:48Z,2026-09-15T22:42:44Z
110,0,124716531,4897354,212.0,170,,2026-09-10T13:13:15Z,2026-09-15T22:42:44Z
110,0,124727926,1677063,216.0,453,,2026-09-10T17:49:51Z,2026-09-15T22:42:44Z
110,1,125001149,5740052,194.0,301,,2026-09-15T22:41:59Z,2026-09-15T22:42:44Z
110,1,124957917,5446794,198.0,2000,,2026-09-15T04:16:36Z,2026-09-15T22:42:44Z
110,1,124964570,5705764,199.0,719,,2026-09-15T07:17:46Z,2026-09-15T22:42:44Z
110,1,124941490,505212,200.0,135,,2026-09-14T19:51:53Z,2026-09-15T22:42:44Z
110,1,124848233,4538285,204.0,3972,,2026-09-13T03:06:18Z,2026-09-15T22:42:44Z
110,1,124940026,4538285,206.0,8100,,2026-09-14T19:20:27Z,2026-09-15T22:42:44Z
110,1,124805557,4916478,208.0,5000,,2026-09-12T06:49:09Z,2026-09-15T22:42:44Z
110,1,124727897,1677063,216.0,4351,,2026-09-10T17:49:03Z,2026-09-15T22:42:44Z
110,2,125000082,5740052,195.0,57,,2026-09-15T22:08:48Z,2026-09-15T22:42:44Z
110,2,124996780,4356596,196.0,5109,,2026-09-15T20:39:35Z,2026-09-15T22:42:44Z
110,2,124953181,5386162,198.0,3661,,2026-09-15T01:41:48Z,2026-09-15T22:42:44Z
110,2,124943116,5439569,199.0,734,,2026-09-14T20:29:18Z,2026-09-15T22:42:44Z
110,2,124940541,5401547,206.0,5000,,2026-09-14T19:30:57Z,2026-09-15T22:42:44Z
110,2,124940561,5401547,208.0,5000,,2026-09-14T19:31:27Z,2026-09-15T22:42:44Z
110,2,124778272,5828071,214.0,20,,2026-09-11T16:53:43Z,2026-09-15T22:42:44Z
110,2,124704743,1410369,228.0,10340,,2026-09-10T07:59:17Z,2026-09-15T22:42:44Z
110,3,125000073,3263141,195.0,2964,,2026-09-15T22:08:29Z,2026-09-15T22:42:44Z
110,3,124952310,5110046,198.0,565,,2026-09-15T01:17:35Z,2026-09-15T22:42:44Z
110,3,124945099,4923382,199.0,2500,,2026-09-14T21:19:27Z,2026-09-15T22:42:44Z
110,3,124941496,505212,202.0,202,,2026-09-14T19:52:00Z,2026-09-15T22:42:44Z
110,3,124729848,4535503,206.0,11494,,2026-09-10T18:34:57Z,2026-09-15T22:42:44Z
110,4,124996651,1299183,197.0,27318,,2026-09-15T20:36:00Z,2026-09-15T22:42:44Z
110,4,124959169,3760101,198.0,2500,,2026-09-15T04:50:41Z,2026-09-15T22:42:44Z
110,4,124997276,4358128,198.0,7086,,2026-09-15T20:52:13Z,2026-09-15T22:42:44Z
110,4,124949029,4301927,199.0,5445,,2026-09-14T23:19:56Z,2026-09-15T22:42:44Z
110,4,124941370,5404714,204.0,1062,,2026-09-14T19:49:23Z,2026-09-15T22:42:44Z
110,4,124803290,4301927,206.0,904,,2026-09-12T05:54:16Z,2026-09-15T22:42:44Z
110,4,124944043,4358128,206.0,7064,,2026-09-14T20:52:21Z,2026-09-15T22:42:44Z
110,4,124734859,5136160,208.0,500,,2026-09-10T20:33:19Z,2026-09-15T22:42:44Z
110,4,124837928,4358128,208.0,7035,,2026-09-12T21:06:50Z,2026-09-15T22:42:44Z
110,4,124728889,4461091,210.0,5000,,2026-09-10T18:12:22Z,2026-09-15T22:42:44Z
110,4,124736921,4358128,212.0,6416,,2026-09-10T21:22:40Z,2026-09-15T22:42:44Z
110,4,124805369,4916478,212.0,11877,,2026-09-12T06:44:42Z,2026-09-15T22:42:44Z
110,4,124722297,2015578,220.0,4391,,2026-09-10T15:28:21Z,2026-09-15T22:42:44Z
110,4,124721901,1677063,242.0,967,,2026-09-10T15:19:40Z,2026-09-15T22:42:44Z
110,5,124960209,695441,198.0,35278,,2026-09-15T05:16:09Z,2026-09-15T22:42:44Z
110,5,124957594,4417229,199.0,7000,,2026-09-15T04:08:40Z,2026-09-15T22:42:44Z
110,5,124941520,1438588,200.0,55101,,2026-09-14T19:52:26Z,2026-09-15T22:42:44Z
110,5,124925672,5663633,226.0,2655,,2026-09-14T13:57:05Z,2026-09-15T22:42:44Z
110,5,124924038,4131710,228.0,16033,,2026-09-14T13:24:52Z,2026-09-15T22:42:44Z
110,5,124917271,4358125,230.0,10000,,2026-09-14T10:34:56Z,2026-09-15T22:42:44Z
110,5,124880206,1088102,232.0,20000,,2026-09-13T17:07:40Z,2026-09-15T22:42:44Z
110,5,124913708,3580629,232.0,7489,,2026-09-14T08:54:34Z,2026-09-15T22:42:44Z
110,5,124858422,695441,234.0,40000,,2026-09-13T08:04:31Z,2026-09-15T22:42:44Z
110,5,124808881,4358125,236.0,20000,,2026-09-12T08:16:30Z,2026-09-15T22:42:44Z
110,5,124807434,695441,238.0,50000,,2026-09-12T07:35:57Z,2026-09-15T22:42:44Z
110,5,124728768,4358125,240.0,50000,,2026-09-10T18:09:31Z,2026-09-15T22:42:44Z
110,5,124727180,4269599,248.0,150,,2026-09-10T17:29:41Z,2026-09-15T22:42:44Z
110,5,124777303,3580629,248.0,4000,,2026-09-11T16:29:20Z,2026-09-15T22:42:44Z
110,5,124197139,1088102,250.0,167660,,2026-08-31T10:40:37Z,2026-09-15T22:42:44Z
110,6,125001016,3408527,200.0,2000,,2026-09-15T22:38:17Z,2026-09-15T22:42:44Z
110,6,124727169,4269599,300.0,367,,2026-09-10T17:29:12Z,2026-09-15T22:42:44Z
111,0,125001218,4438550,2570.0,593,,2026-09-15T22:43:49Z,2026-09-15T22:44:02Z
111,0,125001155,3967322,2580.0,194,,2026-09-15T22:42:17Z,2026-09-15T22:44:02Z
111,0,125001160,2397578,2580.0,390,,2026-09-15T22:42:20Z,2026-09-15T22:44:02Z
111,0,125001170,5673595,2580.0,6,,2026-09-15T22:42:33Z,2026-09-15T22:44:02Z
111,0,125001190,5601554,2580.0,27,,2026-09-15T22:43:00Z,2026-09-15T22:44:02Z
111,0,124987771,5280680,2590.0,379,,2026-09-15T17:18:39Z,2026-09-15T22:44:02Z
111,0,124994678,3007733,2590.0,4008,-42.0,2026-09-15T19:52:27Z,2026-09-15T22:44:02Z
111,0,124995633,1771205,2590.0,312,,2026-09-15T20:13:05Z,2026-09-15T22:44:02Z
111,0,124996187,2185393,2590.0,1840,,2026-09-15T20:25:53Z,2026-09-15T22:44:02Z
111,0,124996626,1997278,2590.0,3000,,2026-09-15T20:35:22Z,2026-09-15T22:44:02Z
111,0,124996895,5357279,2590.0,832,,2026-09-15T20:41:58Z,2026-09-15T22:44:02Z
111,0,125001095,3590970,2590.0,1859,,2026-09-15T22:40:23Z,2026-09-15T22:44:02Z
111,0,124934803,5058425,2600.0,1829,,2026-09-14T17:24:21Z,2026-09-15T22:44:02Z
111,0,124942866,2803037,2600.0,287,,2026-09-14T20:22:50Z,2026-09-15T22:44:02Z
111,0,124944335,5150897,2600.0,21,,2026-09-14T20:59:40Z,2026-09-15T22:44:02Z
111,0,124944628,1771205,2600.0,653,,2026-09-14T21:06:50Z,2026-09-15T22:44:02Z
111,0,124947329,4046657,2600.0,1000,,2026-09-14T22:22:37Z,2026-09-15T22:44:02Z
111,0,124949417,1885300,2600.0,400,,2026-09-14T23:33:41Z,2026-09-15T22:44:02Z
111,0,124953362,5714463,2600.0,75,,2026-09-15T01:49:44Z,2026-09-15T22:44:02Z
111,0,124959695,2868461,2600.0,1592,,2026-09-15T05:04:47Z,2026-09-15T22:44:02Z
111,0,124961821,4915221,2600.0,300,,2026-09-15T05:59:57Z,2026-09-15T22:44:02Z
111,0,124962833,2735301,2600.0,157,,2026-09-15T06:28:29Z,2026-09-15T22:44:02Z
111,0,124964141,5653961,2600.0,114,,2026-09-15T11:04:14Z,2026-09-15T22:44:02Z
111,0,124964936,4612730,2600.0,392,,2026-09-15T07:28:53Z,2026-09-15T22:44:02Z
111,0,124966129,3560194,2600.0,800,,2026-09-15T08:08:05Z,2026-09-15T22:44:02Z
111,0,124970295,3958208,2600.0,500,,2026-09-15T10:07:26Z,2026-09-15T22:44:02Z
111,0,124972810,2887637,2600.0,995,,2026-09-15T11:15:42Z,2026-09-15T22:44:02Z
111,0,124978196,5837448,2600.0,6,,2026-09-15T13:31:57Z,2026-09-15T22:44:02Z
111,0,124980138,287787,2600.0,2138,,2026-09-15T14:18:50Z,2026-09-15T22:44:02Z
111,0,124982591,1098187,2600.0,400,,2026-09-15T15:17:15Z,2026-09-15T22:44:02Z
111,0,124983812,5837732,2600.0,4,,2026-09-15T15:45:18Z,2026-09-15T22:44:02Z
111,0,124985476,3029802,2600.0,319,,2026-09-15T16:24:47Z,2026-09-15T22:44:02Z
111,0,124985960,5645890,2600.0,4,,2026-09-15T16:36:05Z,2026-09-15T22:44:02Z
111,0,124985972,5837793,2600.0,3,,2026-09-15T16:36:28Z,2026-09-15T22:44:02Z
111,0,124987023,5185315,2600.0,35,,2026-09-15T17:01:12Z,2026-09-15T22:44:02Z
111,0,124987339,5628072,2600.0,800,,2026-09-15T17:08:47Z,2026-09-15T22:44:02Z
111,0,124987764,4937283,2600.0,500,,2026-09-15T17:18:33Z,2026-09-15T22:44:02Z
111,0,124991178,3068066,2600.0,163,,2026-09-15T18:34:44Z,2026-09-15T22:44:02Z
111,0,124996268,5424230,2600.0,3478,,2026-09-15T20:27:59Z,2026-09-15T22:44:02Z
111,0,124996621,1997278,2600.0,4008,,2026-09-15T20:35:17Z,2026-09-15T22:44:02Z
111,0,125001178,1533578,2600.0,750,,2026-09-15T22:42:44Z,2026-09-15T22:44:02Z
111,0,124922284,5170745,2610.0,24,,2026-09-14T12:36:10Z,2026-09-15T22:44:02Z
111,0,124923434,5800220,2610.0,13,,2026-09-14T13:03:26Z,2026-09-15T22:44:02Z
111,0,124926156,4951644,2610.0,934,,2026-09-14T14:08:32Z,2026-09-15T22:44:02Z
111,0,124927328,1997278,2610.0,3124,,2026-09-14T14:35:16Z,2026-09-15T22:44:02Z
111,0,124932594,5090450,2610.0,14,,2026-09-14T16:33:48Z,2026-09-15T22:44:02Z
111,0,124934380,5628072,2610.0,800,,2026-09-14T17:14:35Z,2026-09-15T22:44:02Z
111,0,124934842,1447027,2610.0,1000,,2026-09-14T17:25:14Z,2026-09-15T22:44:02Z
111,0,124934843,5298615,2610.0,100,,2026-09-14T17:25:16Z,2026-09-15T22:44:02Z
111,0,124938944,5645890,2610.0,5,,2026-09-14T18:57:36Z,2026-09-15T22:44:02Z
111,0,124942374,2887637,2610.0,179,,2026-09-14T20:11:38Z,2026-09-15T22:44:02Z
111,0,124947362,3116700,2610.0,26,,2026-09-14T22:23:33Z,2026-09-15T22:44:02Z
111,0,124983929,5675949,2610.0,173,,2026-09-15T15:48:35Z,2026-09-15T22:44:02Z
111,0,124986482,5707092,2610.0,31,,2026-09-15T16:47:40Z,2026-09-15T22:44:02Z
111,0,124987776,287787,2610.0,1069,,2026-09-15T17:18:47Z,2026-09-15T22:44:02Z
111,0,125001177,1533578,2610.0,1000,,2026-09-15T22:42:39Z,2026-09-15T22:44:02Z
111,0,124640611,331679,2620.0,104,,2026-09-09T02:17:33Z,2026-09-15T22:44:02Z
111,0,124759368,3108794,2620.0,884,,2026-09-11T09:03:17Z,2026-09-15T22:44:02Z
111,0,124762008,1997278,2620.0,3221,,2026-09-11T10:14:34Z,2026-09-15T22:44:02Z
111,0,124797926,5742790,2620.0,5,,2026-09-12T02:58:03Z,2026-09-15T22:44:02Z
111,0,124883867,5786083,2620.0,21,,2026-09-13T18:33:29Z,2026-09-15T22:44:02Z
111,0,124890714,2611195,2620.0,30,,2026-09-14T01:10:48Z,2026-09-15T22:44:02Z
111,0,124896132,1534216,2620.0,13050,,2026-09-14T00:12:25Z,2026-09-15T22:44:02Z
111,0,124896590,4903639,2620.0,47,,2026-09-14T00:29:50Z,2026-09-15T22:44:02Z
111,0,124911764,4951644,2620.0,502,,2026-09-14T07:56:16Z,2026-09-15T22:44:02Z
111,0,124919239,2887637,2620.0,73,,2026-09-14T11:23:24Z,2026-09-15T22:44:02Z
111,0,124922249,5170745,2620.0,1,,2026-09-14T12:35:22Z,2026-09-15T22:44:02Z
111,0,124922719,5655175,2620.0,30,,2026-09-14T12:47:11Z,2026-09-15T22:44:02Z
111,0,124989866,5834911,2620.0,3,,2026-09-15T18:04:51Z,2026-09-15T22:44:02Z
111,0,124490009,287787,2630.0,2138,,2026-09-06T04:49:54Z,2026-09-15T22:44:02Z
111,0,124515725,2067123,2630.0,5719,,2026-09-06T16:22:40Z,2026-09-15T22:44:02Z
111,0,124612780,1997278,2630.0,3754,,2026-09-08T13:44:18Z,2026-09-15T22:44:02Z
111,0,124625855,1098187,2630.0,300,,2026-09-08T18:55:36Z,2026-09-15T22:44:02Z
111,0,124674984,4935388,2630.0,55,,2026-09-09T17:51:15Z,2026-09-15T22:44:02Z
111,0,124738989,1533578,2630.0,750,,2026-09-10T22:20:29Z,2026-09-15T22:44:02Z
111,0,124758200,331679,2630.0,8,,2026-09-11T08:29:20Z,2026-09-15T22:44:02Z
111,0,124807137,1962884,2630.0,220,,2026-09-12T07:28:40Z,2026-09-15T22:44:02Z
111,0,124893441,2611195,2630.0,10,,2026-09-14T01:10:54Z,2026-09-15T22:44:02Z
111,0,124950638,3272420,2630.0,10,,2026-09-15T00:19:52Z,2026-09-15T22:44:02Z
111,0,124612787,1997278,2640.0,3000,,2026-09-08T13:44:22Z,2026-09-15T22:44:02Z
111,0,124819854,5830942,2640.0,3,,2026-09-12T13:23:49Z,2026-09-15T22:44:02Z
111,0,124640617,331679,2650.0,1,,2026-09-09T02:17:40Z,2026-09-15T22:44:02Z
111,0,124730026,5825903,2650.0,2,,2026-09-10T18:38:08Z,2026-09-15T22:44:02Z
111,0,124769769,3850873,2650.0,1000,,2026-09-11T13:32:23Z,2026-09-15T22:44:02Z
111,0,124917013,5259217,2650.0,66,,2026-09-14T10:28:02Z,2026-09-15T22:44:02Z
111,0,124962521,5202560,2650.0,1738,,2026-09-15T06:19:10Z,2026-09-15T22:44:02Z
111,0,124621737,4935388,2660.0,40,,2026-09-08T17:18:57Z,2026-09-15T22:44:02Z
111,0,124729562,5806933,2680.0,3,,2026-09-10T18:27:53Z,2026-09-15T22:44:02Z
111,0,124738984,1533578,2680.0,1000,,2026-09-10T22:20:24Z,2026-09-15T22:44:02Z
111,0,124780645,3381104,2680.0,112,,2026-09-11T17:55:41Z,2026-09-15T22:44:02Z
111,0,124893716,5777924,2680.0,2,,2026-09-13T22:47:54Z,2026-09-15T22:44:02Z
111,0,124672423,5661560,2690.0,417,,2026-09-09T16:48:05Z,2026-09-15T22:44:02Z
111,0,124738974,1533578,2690.0,1000,,2026-09-10T22:20:11Z,2026-09-15T22:44:02Z
111,0,124751884,5828036,2690.0,5,,2026-09-11T05:29:24Z,2026-09-15T22:44:02Z
111,0,124659887,5115497,2700.0,4,,2026-09-09T11:45:30Z,2026-09-15T22:44:02Z
111,0,124667565,5824416,2700.0,3,,2026-09-09T14:52:24Z,2026-09-15T22:44:02Z
111,0,124702179,5825903,2700.0,3,,2026-09-10T06:51:26Z,2026-09-15T22:44:02Z
111,0,124738973,1533578,2700.0,1000,,2026-09-10T22:20:08Z,2026-09-15T22:44:02Z
111,0,124768957,3850873,2700.0,1000,,2026-09-11T13:12:42Z,2026-09-15T22:44:02Z
111,0,124857895,5828018,2700.0,2,,2026-09-13T07:50:45Z,2026-09-15T22:44:02Z
111,0,124877258,5458703,2700.0,5,,2026-09-13T15:59:16Z,2026-09-15T22:44:02Z
111,0,124935328,5221256,2700.0,2,,2026-09-14T17:36:25Z,2026-09-15T22:44:02Z
111,0,124738971,1533578,2710.0,1000,,2026-09-10T22:20:04Z,2026-09-15T22:44:02Z
111,0,124724855,5759164,2720.0,4,,2026-09-10T16:28:45Z,2026-09-15T22:44:02Z
111,0,124738962,1533578,2720.0,2500,,2026-09-10T22:19:52Z,2026-09-15T22:44:02Z
111,0,124798599,5742790,2720.0,9,,2026-09-12T03:19:22Z,2026-09-15T22:44:02Z
111,0,124664687,5824203,2740.0,3,,2026-09-09T13:45:56Z,2026-09-15T22:44:02Z
111,0,124683946,5824662,2740.0,1,,2026-09-09T21:23:49Z,2026-09-15T22:44:02Z
111,0,124689063,5811503,2740.0,1,,2026-09-10T00:15:07Z,2026-09-15T22:44:02Z
111,0,124613625,5820778,2750.0,4,,2026-09-08T14:04:22Z,2026-09-15T22:44:02Z
111,0,124662934,5824082,2750.0,3,,2026-09-09T13:02:53Z,2026-09-15T22:44:02Z
111,0,124826690,3272420,2750.0,57,,2026-09-12T16:17:06Z,2026-09-15T22:44:02Z
111,0,124847461,5759088,2750.0,3,,2026-09-13T02:33:06Z,2026-09-15T22:44:02Z
111,0,124924550,5834272,2750.0,3,,2026-09-14T13:34:42Z,2026-09-15T22:44:02Z
111,0,124701788,5825891,2760.0,1,,2026-09-10T06:40:41Z,2026-09-15T22:44:02Z
111,0,124771049,5808840,2760.0,3,,2026-09-11T14:05:32Z,2026-09-15T22:44:02Z
111,0,124699615,5825703,2770.0,3,,2026-09-10T05:44:09Z,2026-09-15T22:44:02Z
111,0,124784497,5230861,2770.0,2380,,2026-09-11T19:34:52Z,2026-09-15T22:44:02Z
111,0,124600950,5819153,2780.0,1,,2026-09-08T08:16:46Z,2026-09-15T22:44:02Z
111,0,124688967,5811503,2780.0,1,,2026-09-10T00:10:59Z,2026-09-15T22:44:02Z
111,0,124657989,5815645,2980.0,1,,2026-09-09T10:55:37Z,2026-09-15T22:44:02Z
111,0,125000787,2001899,3750.0,1000,,2026-09-15T22:30:33Z,2026-09-15T22:44:02Z
112,0,125001201,5824221,2170.0,26,,2026-09-15T22:43:23Z,2026-09-15T22:44:24Z
112,0,125000354,5714919,2190.0,122,,2026-09-15T22:17:48Z,2026-09-15T22:44:24Z
112,0,124995877,5421688,2200.0,142,,2026-09-15T20:18:06Z,2026-09-15T22:44:24Z
112,0,124994248,4178314,2210.0,943,,2026-09-15T19:41:36Z,2026-09-15T22:44:24Z
112,0,124958687,3465798,2220.0,1172,,2026-09-15T04:39:22Z,2026-09-15T22:44:24Z
112,0,124961818,3389149,2220.0,2195,,2026-09-15T05:59:50Z,2026-09-15T22:44:24Z
112,0,124967334,5150897,2220.0,300,,2026-09-15T11:16:15Z,2026-09-15T22:44:24Z
112,0,124988572,5727539,2220.0,20,,2026-09-15T17:37:19Z,2026-09-15T22:44:24Z
112,0,124990728,5701214,2220.0,10,,2026-09-15T18:26:02Z,2026-09-15T22:44:24Z
112,0,124922998,2947521,2230.0,106,,2026-09-14T12:54:23Z,2026-09-15T22:44:24Z
112,0,124858579,3465798,2240.0,4158,,2026-09-13T08:08:17Z,2026-09-15T22:44:24Z
112,0,124876038,5150897,2240.0,350,,2026-09-13T18:42:32Z,2026-09-15T22:44:24Z
112,0,124882380,5727539,2240.0,110,,2026-09-13T17:56:40Z,2026-09-15T22:44:24Z
112,0,124804869,5474294,2250.0,10,,2026-09-12T06:32:17Z,2026-09-15T22:44:24Z
112,0,124868235,5727539,2250.0,20,,2026-09-13T12:24:58Z,2026-09-15T22:44:24Z
112,0,124745199,5727539,2260.0,20,,2026-09-11T01:58:29Z,2026-09-15T22:44:24Z
112,0,124750791,5150897,2260.0,100,,2026-09-11T05:02:20Z,2026-09-15T22:44:24Z
112,1,124994324,5349400,2220.0,100,,2026-09-15T19:43:37Z,2026-09-15T22:44:24Z
112,1,124950984,5349400,2230.0,100,,2026-09-15T00:32:11Z,2026-09-15T22:44:24Z
112,1,124817520,3654411,2250.0,1600,,2026-09-12T12:21:52Z,2026-09-15T22:44:24Z
112,1,124626294,3694369,2310.0,2617,,2026-09-08T19:04:29Z,2026-09-15T22:44:24Z
112,2,125000906,2214090,2180.0,1709,-16.0,2026-09-15T22:35:01Z,2026-09-15T22:44:24Z
112,2,125000399,4950724,2190.0,100,,2026-09-15T22:18:59Z,2026-09-15T22:44:24Z
112,2,124997773,2944032,2200.0,2297,,2026-09-15T21:05:44Z,2026-09-15T22:44:24Z
112,2,124994628,4784916,2210.0,589,,2026-09-15T19:51:12Z,2026-09-15T22:44:24Z
112,2,124923554,2214090,2230.0,33,,2026-09-14T13:06:18Z,2026-09-15T22:44:24Z
112,2,124887451,3404468,2240.0,1110,,2026-09-13T19:55:28Z,2026-09-15T22:44:24Z
112,2,124957592,5808069,2240.0,1,,2026-09-15T04:08:37Z,2026-09-15T22:44:24Z
112,2,124676991,5823268,2430.0,1,,2026-09-09T18:39:45Z,2026-09-15T22:44:24Z
112,3,124993661,4915221,2220.0,218,,2026-09-15T19:29:11Z,2026-09-15T22:44:24Z
112,3,124955998,5182557,2230.0,616,,2026-09-15T03:21:40Z,2026-09-15T22:44:24Z
112,3,124956450,4915221,2230.0,1000,,2026-09-15T03:33:58Z,2026-09-15T22:44:24Z
112,3,124927820,4394197,2240.0,243,,2026-09-14T14:48:51Z,2026-09-15T22:44:24Z
112,3,124760719,4556723,2250.0,1516,,2026-09-11T09:41:49Z,2026-09-15T22:44:24Z
112,3,124756549,2094511,2260.0,4446,,2026-09-11T07:38:25Z,2026-09-15T22:44:24Z
112,3,124200096,4739816,2300.0,807,,2026-09-04T05:19:36Z,2026-09-15T22:44:24Z
112,3,124938699,4461091,2300.0,500,,2026-09-14T18:51:56Z,2026-09-15T22:44:24Z
112,4,124994550,3387313,2460.0,300,,2026-09-15T19:48:30Z,2026-09-15T22:44:24Z
113,0,124998406,394533,123.0,7262,,2026-09-15T21:21:32Z,2026-09-15T22:43:32Z
113,0,124998880,1662078,123.0,3000,,2026-09-15T21:35:07Z,2026-09-15T22:43:32Z
113,0,124987050,3852441,124.0,35988,,2026-09-15T17:01:45Z,2026-09-15T22:43:32Z
113,0,124978504,4943477,125.0,1738,,2026-09-15T13:38:58Z,2026-09-15T22:43:32Z
113,0,124978507,4044191,125.0,800,,2026-09-15T13:39:01Z,2026-09-15T22:43:32Z
113,0,124980052,3596029,125.0,8619,,2026-09-15T14:16:54Z,2026-09-15T22:43:32Z
113,0,124980889,388512,125.0,15000,,2026-09-15T14:37:13Z,2026-09-15T22:43:32Z
113,0,124987997,5302734,125.0,50000,,2026-09-15T17:24:26Z,2026-09-15T22:43:32Z
113,0,124977279,4919466,126.0,2547,,2026-09-15T13:11:37Z,2026-09-15T22:43:32Z
113,0,124977402,4058536,126.0,737,,2026-09-15T13:14:04Z,2026-09-15T22:43:32Z
113,0,124980573,5191183,126.0,22327,,2026-09-15T14:29:33Z,2026-09-15T22:43:32Z
113,0,124931472,427775,129.0,2900,,2026-09-14T16:08:41Z,2026-09-15T22:43:32Z
113,0,124926082,4044191,130.0,790,,2026-09-14T14:07:04Z,2026-09-15T22:43:32Z
113,0,124926327,4809305,130.0,3000,,2026-09-14T14:13:00Z,2026-09-15T22:43:32Z
113,0,124928874,4176829,130.0,10000,,2026-09-14T15:12:38Z,2026-09-15T22:43:32Z
113,0,124999753,4948773,130.0,1622,,2026-09-15T21:59:22Z,2026-09-15T22:43:32Z
113,0,124731563,4916478,131.0,8445,,2026-09-10T19:15:03Z,2026-09-15T22:43:32Z
113,0,124754457,1839718,131.0,1510,,2026-09-11T06:40:44Z,2026-09-15T22:43:32Z
113,0,124758993,4531524,131.0,20000,,2026-09-11T08:51:44Z,2026-09-15T22:43:32Z
113,0,124601346,1526273,132.0,28325,,2026-09-08T08:29:23Z,2026-09-15T22:43:32Z
113,0,124754461,1839718,132.0,1510,,2026-09-11T06:40:49Z,2026-09-15T22:43:32Z
113,0,124926050,3596029,132.0,8541,,2026-09-14T14:06:34Z,2026-09-15T22:43:32Z
113,0,124681290,5360895,133.0,3334,,2026-09-09T20:19:05Z,2026-09-15T22:43:32Z
113,0,124754464,1839718,133.0,1510,,2026-09-11T06:40:53Z,2026-09-15T22:43:32Z
113,0,124681291,5360895,135.0,4600,,2026-09-09T20:19:09Z,2026-09-15T22:43:32Z
113,0,124786882,2647121,135.0,11742,,2026-09-11T20:35:18Z,2026-09-15T22:43:32Z
113,0,124905448,5039494,135.0,101150,,2026-09-14T05:07:12Z,2026-09-15T22:43:32Z
113,0,124731159,2647121,136.0,417,,2026-09-10T19:06:22Z,2026-09-15T22:43:32Z
113,0,124890977,2398725,136.0,21813,,2026-09-13T21:21:56Z,2026-09-15T22:43:32Z
113,0,124926189,4948773,136.0,1405,,2026-09-14T14:09:21Z,2026-09-15T22:43:32Z
113,0,124731179,2647121,137.0,4212,,2026-09-10T19:06:43Z,2026-09-15T22:43:32Z
113,0,124876459,5677312,137.0,800,,2026-09-13T15:40:49Z,2026-09-15T22:43:32Z
113,0,124722747,2647121,138.0,15588,,2026-09-10T15:38:17Z,2026-09-15T22:43:32Z
113,0,124721256,2647121,139.0,13502,,2026-09-10T15:02:40Z,2026-09-15T22:43:32Z
113,0,124767293,1069321,145.0,50000,,2026-09-11T12:29:27Z,2026-09-15T22:43:32Z
113,0,124767472,1069321,146.0,15000,,2026-09-11T12:33:06Z,2026-09-15T22:43:32Z
113,0,124767363,1069321,148.0,50000,,2026-09-11T12:30:47Z,2026-09-15T22:43:32Z
113,0,124767272,1069321,150.0,50000,,2026-09-11T12:28:38Z,2026-09-15T22:43:32Z
113,0,124767388,1069321,152.0,50000,,2026-09-11T12:31:20Z,2026-09-15T22:43:32Z
113,0,124767311,1069321,155.0,50000,,2026-09-11T12:29:55Z,2026-09-15T22:43:32Z
113,0,124767283,1069321,160.0,50000,,2026-09-11T12:28:53Z,2026-09-15T22:43:32Z
114,0,124999813,3835696,605.0,93,,2026-09-15T22:01:36Z,2026-09-15T22:42:25Z
114,0,124995582,5685342,610.0,2,,2026-09-15T20:11:57Z,2026-09-15T22:42:25Z
114,0,124996928,1472807,610.0,99,,2026-09-15T20:42:54Z,2026-09-15T22:42:25Z
114,0,124998112,4187723,610.0,75,,2026-09-15T21:13:34Z,2026-09-15T22:42:25Z
114,0,124999047,4786408,610.0,55,,2026-09-15T21:39:41Z,2026-09-15T22:42:25Z
114,0,124995358,5415773,615.0,18,,2026-09-15T20:07:03Z,2026-09-15T22:42:25Z
114,0,124994937,5367075,620.0,44,,2026-09-15T19:58:31Z,2026-09-15T22:42:25Z
114,0,124992423,4620358,625.0,27,,2026-09-15T19:01:42Z,2026-09-15T22:42:25Z
114,0,124990769,4105381,630.0,196,,2026-09-15T18:26:45Z,2026-09-15T22:42:25Z
114,0,124994571,5813722,630.0,1,,2026-09-15T19:49:12Z,2026-09-15T22:42:25Z
114,0,124987317,639326,635.0,7873,,2026-09-15T17:08:14Z,2026-09-15T22:42:25Z
114,0,124990704,5303762,635.0,7,,2026-09-15T18:25:35Z,2026-09-15T22:42:25Z
114,0,124986929,4646807,640.0,10,,2026-09-15T16:58:52Z,2026-09-15T22:42:25Z
114,0,124986770,5562211,645.0,20,,2026-09-15T16:55:04Z,2026-09-15T22:42:25Z
114,0,124987246,2013236,645.0,76,,2026-09-15T17:06:43Z,2026-09-15T22:42:25Z
114,0,124981947,5679340,650.0,35,,2026-09-15T15:03:04Z,2026-09-15T22:42:25Z
114,0,124986703,2983269,650.0,286,,2026-09-15T16:53:26Z,2026-09-15T22:42:25Z
114,0,124746401,4485769,655.0,45,,2026-09-11T02:41:50Z,2026-09-15T22:42:25Z
114,0,124964807,5657136,655.0,25,,2026-09-15T07:24:35Z,2026-09-15T22:42:25Z
114,0,124969070,3164485,660.0,1650,,2026-09-15T09:34:13Z,2026-09-15T22:42:25Z
114,0,124609284,5045185,665.0,570,,2026-09-08T12:13:48Z,2026-09-15T22:42:25Z
114,0,124794175,5699226,665.0,3,,2026-09-12T00:31:41Z,2026-09-15T22:42:25Z
114,0,124671912,5777473,670.0,1,,2026-09-09T16:33:42Z,2026-09-15T22:42:25Z
114,0,124713576,5757315,670.0,6,,2026-09-10T12:05:43Z,2026-09-15T22:42:25Z
114,0,124972714,5518984,670.0,2000,,2026-09-15T11:13:14Z,2026-09-15T22:42:25Z
114,0,124744760,4372372,675.0,935,,2026-09-11T01:42:57Z,2026-09-15T22:42:25Z
114,0,124757643,428650,675.0,4128,,2026-09-11T08:13:08Z,2026-09-15T22:42:25Z
114,0,124823492,4767182,675.0,23,,2026-09-12T14:56:35Z,2026-09-15T22:42:25Z
114,0,124607104,5595821,680.0,3,,2026-09-08T11:12:25Z,2026-09-15T22:42:25Z
114,0,124627904,5797272,680.0,7,,2026-09-08T19:40:18Z,2026-09-15T22:42:25Z
114,0,124862249,5823716,680.0,1,,2026-09-13T09:50:21Z,2026-09-15T22:42:25Z
114,0,124692891,4372372,685.0,992,,2026-09-10T02:34:00Z,2026-09-15T22:42:25Z
114,0,124542714,4372372,690.0,1027,,2026-09-07T05:33:30Z,2026-09-15T22:42:25Z
114,0,124840167,5025716,690.0,28,,2026-09-12T22:09:10Z,2026-09-15T22:42:25Z
114,0,124771467,5808840,695.0,5,,2026-09-11T14:17:49Z,2026-09-15T22:42:25Z
114,0,124779552,5580792,700.0,11,,2026-09-11T17:27:03Z,2026-09-15T22:42:25Z
114,0,124814177,5827211,700.0,1,,2026-09-12T10:47:29Z,2026-09-15T22:42:25Z
114,0,124931492,3228329,710.0,100,,2026-09-14T16:09:10Z,2026-09-15T22:42:25Z
114,0,124649696,4612730,720.0,100,,2026-09-09T06:49:32Z,2026-09-15T22:42:25Z
114,0,124917170,5828189,720.0,1,,2026-09-14T10:32:20Z,2026-09-15T22:42:25Z
114,0,124737855,5418328,740.0,204,,2026-09-10T21:47:18Z,2026-09-15T22:42:25Z
114,0,124789386,5739507,780.0,2,,2026-09-11T21:46:02Z,2026-09-15T22:42:25Z
114,0,124611934,5100162,800.0,269,,2026-09-08T13:23:03Z,2026-09-15T22:42:25Z
114,0,124829713,5736839,800.0,120,,2026-09-12T17:33:50Z,2026-09-15T22:42:25Z
114,0,124729458,5806933,815.0,1,,2026-09-10T18:25:40Z,2026-09-15T22:42:25Z
114,0,124819456,5470753,830.0,2,,2026-09-12T13:12:45Z,2026-09-15T22:42:25Z
114,0,124807298,1741695,900.0,172,,2026-09-12T07:33:02Z,2026-09-15T22:42:25Z
114,0,124652435,4470657,915.0,1460,,2026-09-09T08:10:44Z,2026-09-15T22:42:25Z
114,0,124897410,4470657,920.0,680,,2026-09-14T00:58:11Z,2026-09-15T22:42:25Z
114,0,124807601,4470657,925.0,1860,,2026-09-12T07:40:14Z,2026-09-15T22:42:25Z
114,0,124661868,4470657,930.0,580,,2026-09-09T12:36:50Z,2026-09-15T22:42:25Z
114,0,124760562,4470657,935.0,280,,2026-09-11T09:36:14Z,2026-09-15T22:42:25Z
114,0,124780542,5510397,935.0,70,,2026-09-11T17:52:42Z,2026-09-15T22:42:25Z
114,0,124821471,4470657,945.0,1860,,2026-09-12T14:02:15Z,2026-09-15T22:42:25Z
114,0,124997487,2711607,950.0,1212,,2026-09-15T20:57:48Z,2026-09-15T22:42:25Z
114,1,124999851,4576057,905.0,917,,2026-09-15T22:03:43Z,2026-09-15T22:42:25Z
114,1,124999904,4809305,905.0,250,,2026-09-15T22:04:30Z,2026-09-15T22:42:25Z
114,1,124943799,4064427,920.0,368,,2026-09-14T20:46:28Z,2026-09-15T22:42:25Z
114,1,124956488,5020244,920.0,116,,2026-09-15T03:34:43Z,2026-09-15T22:42:25Z
114,1,124936954,3820406,925.0,458,,2026-09-14T18:14:14Z,2026-09-15T22:42:25Z
114,1,124724277,5020244,930.0,186,,2026-09-10T16:14:42Z,2026-09-15T22:42:25Z
114,1,124759764,5020244,935.0,500,,2026-09-11T09:14:44Z,2026-09-15T22:42:25Z
114,1,124861807,5657136,950.0,15,,2026-09-13T10:27:49Z,2026-09-15T22:42:25Z
114,1,124964817,5657136,975.0,152,,2026-09-15T07:24:59Z,2026-09-15T22:42:25Z
114,2,124724970,5489764,950.0,42,,2026-09-10T16:31:01Z,2026-09-15T22:42:25Z
114,2,124760713,5153040,970.0,50,,2026-09-11T09:41:37Z,2026-09-15T22:42:25Z
114,3,124848266,4293046,935.0,1051,,2026-09-13T03:06:03Z,2026-09-15T22:42:25Z
114,3,124624856,4322149,950.0,78,,2026-09-08T18:33:15Z,2026-09-15T22:42:25Z
114,3,124672030,4036491,950.0,1000,,2026-09-09T16:37:16Z,2026-09-15T22:42:25Z
114,4,124997646,479656,915.0,145,,2026-09-15T21:02:14Z,2026-09-15T22:42:25Z
114,4,124997359,3819356,925.0,1500,,2026-09-15T20:54:27Z,2026-09-15T22:42:25Z
114,4,124992612,681555,930.0,588,,2026-09-15T19:05:30Z,2026-09-15T22:42:25Z
114,4,124996186,2015578,930.0,410,,2026-09-15T20:25:53Z,2026-09-15T22:42:25Z
114,4,124855539,2419300,935.0,3035,,2026-09-13T06:49:12Z,2026-09-15T22:42:25Z
114,4,124849241,2677815,940.0,502,,2026-09-13T03:41:38Z,2026-09-15T22:42:25Z
114,4,124732077,3567991,945.0,420,,2026-09-10T19:26:45Z,2026-09-15T22:42:25Z
114,4,124754328,4915221,945.0,500,,2026-09-11T06:36:55Z,2026-09-15T22:42:25Z
114,4,124726015,4191588,950.0,268,,2026-09-10T16:59:04Z,2026-09-15T22:42:25Z
114,4,124448742,4322149,955.0,265,,2026-09-05T08:56:31Z,2026-09-15T22:42:25Z
114,4,124448751,4322149,960.0,265,,2026-09-05T08:56:39Z,2026-09-15T22:42:25Z
114,4,124678441,681555,960.0,500,,2026-09-09T19:13:33Z,2026-09-15T22:42:25Z
114,4,124448770,4322149,970.0,165,,2026-09-05T08:56:59Z,2026-09-15T22:42:25Z
114,4,124448784,4322149,980.0,115,,2026-09-05T08:57:18Z,2026-09-15T22:42:25Z
114,4,124448796,4322149,990.0,65,,2026-09-05T08:57:41Z,2026-09-15T22:42:25Z
114,4,124448807,4322149,1000.0,77,,2026-09-05T08:58:06Z,2026-09-15T22:42:25Z
114,4,124721392,4691255,1050.0,1945,,2026-09-10T15:05:40Z,2026-09-15T22:42:25Z
114,5,124950759,1589045,935.0,816,,2026-09-15T00:24:20Z,2026-09-15T22:42:25Z
114,5,124855534,2419300,940.0,2460,,2026-09-13T21:10:45Z,2026-09-15T22:42:25Z
114,5,124765169,1589045,945.0,912,,2026-09-11T11:34:29Z,2026-09-15T22:42:25Z
114,5,124764746,1998563,950.0,537,,2026-09-11T11:23:41Z,2026-09-15T22:42:25Z
114,5,124750580,1456107,955.0,538,,2026-09-11T04:56:09Z,2026-09-15T22:42:25Z
114,5,124736022,2419300,960.0,670,,2026-09-10T21:00:15Z,2026-09-15T22:42:25Z
114,6,124855529,2419300,985.0,1500,,2026-09-13T21:10:30Z,2026-09-15T22:42:25Z
114,6,124803269,2204293,990.0,25883,,2026-09-12T05:53:39Z,2026-09-15T22:42:25Z
114,6,124930042,2788346,1580.0,800,,2026-09-14T15:36:47Z,2026-09-15T22:42:25Z
114,6,124792785,3367484,1610.0,1500,,2026-09-11T23:41:17Z,2026-09-15T22:42:25Z
114,6,124791036,4619149,1620.0,500,,2026-09-11T22:37:27Z,2026-09-15T22:42:25Z
114,7,124957444,4749812,1590.0,22,,2026-09-15T04:04:04Z,2026-09-15T22:42:25Z
114,7,124953619,3820406,1600.0,500,,2026-09-15T01:57:37Z,2026-09-15T22:42:25Z
114,7,124947105,4749812,1610.0,50,,2026-09-14T22:14:53Z,2026-09-15T22:42:25Z
114,7,124946780,2419300,1620.0,500,,2026-09-14T22:04:13Z,2026-09-15T22:42:25Z
114,7,124943896,3820406,1630.0,500,,2026-09-14T20:48:21Z,2026-09-15T22:42:25Z
114,7,124924266,4749812,1650.0,25,,2026-09-14T13:29:11Z,2026-09-15T22:42:25Z
114,7,124913759,3820406,1660.0,500,,2026-09-14T08:56:04Z,2026-09-15T22:42:25Z
114,7,124905680,4749812,1670.0,25,,2026-09-14T05:12:46Z,2026-09-15T22:42:25Z
114,7,124899122,3820406,1680.0,500,,2026-09-14T01:54:50Z,2026-09-15T22:42:25Z
114,7,124890582,2419300,1690.0,500,,2026-09-13T21:10:15Z,2026-09-15T22:42:25Z
114,7,124871286,4749812,1710.0,75,,2026-09-13T13:40:35Z,2026-09-15T22:42:25Z
114,7,124863976,4749812,1730.0,75,,2026-09-13T10:40:00Z,2026-09-15T22:42:25Z
114,7,124789118,2419300,1750.0,500,,2026-09-11T21:38:37Z,2026-09-15T22:42:25Z
114,8,124981227,3820406,1640.0,500,,2026-09-15T14:45:36Z,2026-09-15T22:42:25Z
114,8,124935431,3017848,1650.0,800,,2026-09-14T17:39:05Z,2026-09-15T22:42:25Z
114,8,124935419,3017848,1740.0,1000,,2026-09-14T17:38:46Z,2026-09-15T22:42:25Z
114,8,124899127,3820406,1750.0,500,,2026-09-14T01:55:08Z,2026-09-15T22:42:25Z
114,8,124814794,3017848,1760.0,691,,2026-09-12T11:04:47Z,2026-09-15T22:42:25Z
114,8,124785091,3017848,1780.0,392,,2026-09-11T19:51:51Z,2026-09-15T22:42:25Z
114,8,124763729,3017848,1800.0,533,,2026-09-11T10:58:53Z,2026-09-15T22:42:25Z
114,9,124905675,4749812,1950.0,25,,2026-09-14T05:12:39Z,2026-09-15T22:42:25Z
114,9,124888879,3820406,1960.0,500,,2026-09-13T20:27:32Z,2026-09-15T22:42:25Z
114,9,124871285,4749812,1970.0,50,,2026-09-13T13:40:27Z,2026-09-15T22:42:25Z
114,9,124866668,3820406,1980.0,500,,2026-09-13T11:50:13Z,2026-09-15T22:42:25Z
114,9,124839500,4749812,1990.0,50,,2026-09-12T21:51:47Z,2026-09-15T22:42:25Z
114,9,124739486,5124563,2000.0,64,,2026-09-10T22:37:09Z,2026-09-15T22:42:25Z
115,0,125000911,5772854,123.0,628,,2026-09-15T22:35:07Z,2026-09-15T22:41:33Z
115,0,125000550,5706801,124.0,959,,2026-09-15T22:23:28Z,2026-09-15T22:41:33Z
115,0,125000499,5826391,125.0,23,,2026-09-15T22:21:33Z,2026-09-15T22:41:33Z
115,0,125000264,5717962,126.0,903,,2026-09-15T22:14:52Z,2026-09-15T22:41:33Z
115,0,124995006,5387238,127.0,21968,,2026-09-15T19:59:52Z,2026-09-15T22:41:33Z
115,0,124998975,5774622,127.0,200,,2026-09-15T21:37:48Z,2026-09-15T22:41:33Z
115,0,124946599,5695481,128.0,400,,2026-09-14T21:59:04Z,2026-09-15T22:41:33Z
115,0,124949018,5159752,128.0,16086,,2026-09-14T23:19:41Z,2026-09-15T22:41:33Z
115,0,124662221,5766224,129.0,1190,,2026-09-09T12:45:27Z,2026-09-15T22:41:33Z
115,0,124856420,5364198,129.0,1441,,2026-09-13T07:11:58Z,2026-09-15T22:41:33Z
115,0,124858977,5340209,129.0,2570,,2026-09-13T08:18:20Z,2026-09-15T22:41:33Z
115,0,124931340,5826492,129.0,50,,2026-09-14T16:05:34Z,2026-09-15T22:41:33Z
115,0,124945264,5478611,129.0,32,,2026-09-14T21:24:46Z,2026-09-15T22:41:33Z
115,0,124980957,5205480,129.0,6,,2026-09-15T14:38:59Z,2026-09-15T22:41:33Z
115,0,124991631,5821069,129.0,12,,2026-09-15T18:44:30Z,2026-09-15T22:41:33Z
115,0,124993440,4017699,129.0,1465,,2026-09-15T19:23:40Z,2026-09-15T22:41:33Z
115,0,124602250,5821534,130.0,10,,2026-09-08T08:56:15Z,2026-09-15T22:41:33Z
115,0,124616876,5803326,130.0,5,,2026-09-08T15:20:59Z,2026-09-15T22:41:33Z
115,0,124619208,5821922,130.0,5,,2026-09-08T16:15:15Z,2026-09-15T22:41:33Z
115,0,124631420,5818780,130.0,1,,2026-09-08T21:05:27Z,2026-09-15T22:41:33Z
115,0,124642282,5821161,130.0,9,,2026-09-09T03:17:01Z,2026-09-15T22:41:33Z
115,0,124660415,5815107,130.0,37,,2026-09-09T12:00:09Z,2026-09-15T22:41:33Z
115,0,124665873,5814113,130.0,10,,2026-09-09T14:11:51Z,2026-09-15T22:41:33Z
115,0,124666048,5360478,130.0,435,,2026-09-09T14:15:47Z,2026-09-15T22:41:33Z
115,0,124680586,5721829,130.0,1000,,2026-09-09T20:04:36Z,2026-09-15T22:41:33Z
115,0,124681677,5578308,130.0,1443,,2026-09-09T20:28:43Z,2026-09-15T22:41:33Z
115,0,124688275,5632938,130.0,552,,2026-09-09T23:46:06Z,2026-09-15T22:41:33Z
115,0,124729984,5085262,130.0,50,,2026-09-10T18:37:26Z,2026-09-15T22:41:33Z
115,0,124742569,5817953,130.0,10,,2026-09-11T00:23:08Z,2026-09-15T22:41:33Z
115,0,124746319,5699135,130.0,599,,2026-09-11T02:39:12Z,2026-09-15T22:41:33Z
115,0,124751963,5828023,130.0,10,,2026-09-11T05:30:30Z,2026-09-15T22:41:33Z
115,0,124758264,5769328,130.0,500,,2026-09-11T08:30:44Z,2026-09-15T22:41:33Z
115,0,124763122,5721010,130.0,45,,2026-09-11T10:43:03Z,2026-09-15T22:41:33Z
115,0,124819179,5647677,130.0,2,,2026-09-12T13:05:23Z,2026-09-15T22:41:33Z
115,0,124842774,4694576,130.0,5000,,2026-09-12T23:37:37Z,2026-09-15T22:41:33Z
115,0,124908701,5834717,130.0,5,,2026-09-14T06:30:21Z,2026-09-15T22:41:33Z
115,0,124915630,5824793,130.0,150,,2026-09-14T09:52:29Z,2026-09-15T22:41:33Z
115,0,124916624,5828189,130.0,10,,2026-09-14T10:18:47Z,2026-09-15T22:41:33Z
115,0,124922345,5835333,130.0,5,,2026-09-14T12:37:46Z,2026-09-15T22:41:33Z
115,0,124939433,5836065,130.0,50,,2026-09-14T19:07:40Z,2026-09-15T22:41:33Z
115,0,124907029,5519784,131.0,20,,2026-09-14T05:44:57Z,2026-09-15T22:41:33Z
115,0,124988210,5829034,131.0,35,,2026-09-15T17:29:08Z,2026-09-15T22:41:33Z
115,0,124641698,5771591,132.0,75,,2026-09-09T02:53:25Z,2026-09-15T22:41:33Z
115,0,124901941,5834538,132.0,8,,2026-09-14T03:28:10Z,2026-09-15T22:41:33Z
115,0,124834844,5831668,133.0,1,,2026-09-12T19:47:12Z,2026-09-15T22:41:33Z
115,0,124637772,5821922,134.0,30,,2026-09-09T00:38:46Z,2026-09-15T22:41:33Z
115,0,124776822,5270213,134.0,20044,,2026-09-11T16:19:28Z,2026-09-15T22:41:33Z
115,0,124789360,5739507,134.0,29,,2026-09-11T21:45:08Z,2026-09-15T22:41:33Z
115,0,124945879,5825292,134.0,4,,2026-09-14T21:40:03Z,2026-09-15T22:41:33Z
115,0,124630360,5822807,135.0,50,,2026-09-08T20:37:04Z,2026-09-15T22:41:33Z
115,0,124671050,5806722,135.0,7,,2026-09-09T16:12:54Z,2026-09-15T22:41:33Z
115,0,124783959,5760348,135.0,2,,2026-09-11T19:20:43Z,2026-09-15T22:41:33Z
115,0,124814959,5825879,135.0,10,,2026-09-12T11:09:30Z,2026-09-15T22:41:33Z
115,0,124912825,5726629,135.0,83,,2026-09-14T08:28:42Z,2026-09-15T22:41:33Z
115,0,124922587,5835333,135.0,90,,2026-09-14T12:44:10Z,2026-09-15T22:41:33Z
115,0,124935084,5824793,135.0,45,,2026-09-14T17:31:17Z,2026-09-15T22:41:33Z
115,0,124954036,5819030,135.0,1,,2026-09-15T02:11:24Z,2026-09-15T22:41:33Z
115,0,124955468,5829461,135.0,1,,2026-09-15T03:04:44Z,2026-09-15T22:41:33Z
115,0,124967514,5835344,135.0,15,,2026-09-15T08:46:53Z,2026-09-15T22:41:33Z
115,0,124988503,4869137,136.0,282,,2026-09-15T17:35:36Z,2026-09-15T22:41:33Z
115,0,124788390,5822207,137.0,153,,2026-09-11T21:17:17Z,2026-09-15T22:41:33Z
115,0,124835944,5819942,137.0,2,,2026-09-12T20:16:11Z,2026-09-15T22:41:33Z
115,0,124985252,5806745,137.0,2,,2026-09-15T16:18:55Z,2026-09-15T22:41:33Z
115,0,124608698,5647826,139.0,1,,2026-09-08T11:58:35Z,2026-09-15T22:41:33Z
115,0,124760164,5583072,139.0,1,,2026-09-11T09:25:33Z,2026-09-15T22:41:33Z
115,0,124383866,5811531,140.0,11,,2026-09-04T00:42:58Z,2026-09-15T22:41:33Z
115,0,124618394,5813936,140.0,10,,2026-09-08T15:56:08Z,2026-09-15T22:41:33Z
115,0,124620779,5790713,140.0,1,,2026-09-08T16:55:37Z,2026-09-15T22:41:33Z
115,0,124660929,5824006,140.0,22,,2026-09-09T12:12:57Z,2026-09-15T22:41:33Z
115,0,124672521,5504985,140.0,4,,2026-09-09T16:50:25Z,2026-09-15T22:41:33Z
115,0,124672835,5820223,140.0,9,,2026-09-09T16:59:01Z,2026-09-15T22:41:33Z
115,0,124679370,5813248,140.0,30,,2026-09-09T19:34:14Z,2026-09-15T22:41:33Z
115,0,124689776,5809438,140.0,14,,2026-09-10T00:42:21Z,2026-09-15T22:41:33Z
115,0,124760160,5583072,140.0,1,,2026-09-11T09:25:22Z,2026-09-15T22:41:33Z
115,0,124787262,5818080,140.0,1,,2026-09-11T20:45:00Z,2026-09-15T22:41:33Z
115,0,124864453,5832705,140.0,10,,2026-09-13T10:52:31Z,2026-09-15T22:41:33Z
115,0,124888772,5830319,140.0,10,,2026-09-13T20:25:12Z,2026-09-15T22:41:33Z
115,0,124894018,5823412,140.0,1,,2026-09-13T22:56:51Z,2026-09-15T22:41:33Z
115,0,124917162,5828225,140.0,15,,2026-09-14T10:32:05Z,2026-09-15T22:41:33Z
115,0,124936657,5813197,140.0,1,,2026-09-14T18:08:05Z,2026-09-15T22:41:33Z
115,0,124972192,5834588,140.0,1,,2026-09-15T10:58:53Z,2026-09-15T22:41:33Z
115,0,124815614,5825699,141.0,5,,2026-09-12T11:28:16Z,2026-09-15T22:41:33Z
115,0,124834877,3653640,141.0,315,,2026-09-12T19:47:59Z,2026-09-15T22:41:33Z
115,0,124847501,5819952,141.0,5,,2026-09-13T02:34:12Z,2026-09-15T22:41:33Z
115,0,124917300,5828189,142.0,6,,2026-09-14T10:35:35Z,2026-09-15T22:41:33Z
115,0,124677366,5819952,143.0,12,,2026-09-09T18:48:55Z,2026-09-15T22:41:33Z
115,0,124997434,5835268,144.0,10,,2026-09-15T20:56:27Z,2026-09-15T22:41:33Z
115,0,124559243,5818080,145.0,4,,2026-09-07T13:15:58Z,2026-09-15T22:41:33Z
115,0,124610596,5700678,145.0,100,,2026-09-08T12:49:17Z,2026-09-15T22:41:33Z
115,0,124792108,5828022,145.0,9,,2026-09-11T23:16:05Z,2026-09-15T22:41:33Z
115,0,124876217,5823412,145.0,4,,2026-09-13T22:15:03Z,2026-09-15T22:41:33Z
115,0,124919436,5726629,145.0,67,,2026-09-14T11:29:43Z,2026-09-15T22:41:33Z
115,0,124856928,5715940,146.0,12,,2026-09-13T07:24:51Z,2026-09-15T22:41:33Z
115,0,124509973,5463468,150.0,622,,2026-09-06T14:04:08Z,2026-09-15T22:41:33Z
115,0,124638353,5790715,150.0,16,,2026-09-09T00:58:01Z,2026-09-15T22:41:33Z
115,0,124647241,5809894,150.0,83,,2026-09-09T05:41:28Z,2026-09-15T22:41:33Z
115,0,124648948,5820223,150.0,3,,2026-09-09T06:29:59Z,2026-09-15T22:41:33Z
115,0,124722947,5759088,150.0,21,,2026-09-10T15:42:42Z,2026-09-15T22:41:33Z
115,0,124768625,5782688,150.0,8,,2026-09-11T13:03:52Z,2026-09-15T22:41:33Z
115,0,124778498,4885271,150.0,30,,2026-09-11T17:00:24Z,2026-09-15T22:41:33Z
115,0,124814179,5826064,150.0,67,,2026-09-12T10:47:32Z,2026-09-15T22:41:33Z
115,0,124856880,5814340,150.0,22,,2026-09-13T07:23:51Z,2026-09-15T22:41:33Z
115,0,124892303,5828130,150.0,5,,2026-09-13T22:00:16Z,2026-09-15T22:41:33Z
115,0,124901970,5815645,150.0,1,,2026-09-14T03:29:09Z,2026-09-15T22:41:33Z
115,0,124930742,5812915,150.0,8,,2026-09-14T15:52:25Z,2026-09-15T22:41:33Z
115,0,124935288,5221256,150.0,75,,2026-09-14T17:35:37Z,2026-09-15T22:41:33Z
115,0,124965997,5801850,150.0,2,,2026-09-15T08:04:29Z,2026-09-15T22:41:33Z
115,0,124976138,5835268,150.0,50,,2026-09-15T12:42:10Z,2026-09-15T22:41:33Z
115,0,124814496,5821507,153.0,9,,2026-09-12T10:56:10Z,2026-09-15T22:41:33Z
115,0,124624807,5756563,155.0,1,,2026-09-08T18:32:18Z,2026-09-15T22:41:33Z
115,0,124704668,3653640,155.0,1125,,2026-09-10T07:57:11Z,2026-09-15T22:41:33Z
115,0,124717807,5821630,155.0,1,,2026-09-10T13:43:09Z,2026-09-15T22:41:33Z
115,0,124759849,5721010,155.0,55,,2026-09-11T09:16:39Z,2026-09-15T22:41:33Z
115,0,124825742,5808707,155.0,3,,2026-09-12T15:53:43Z,2026-09-15T22:41:33Z
115,0,124606976,5621826,160.0,143,,2026-09-08T11:08:51Z,2026-09-15T22:41:33Z
115,0,124726475,5823268,160.0,10,,2026-09-10T17:10:19Z,2026-09-15T22:41:33Z
115,0,124753050,5784311,160.0,50,,2026-09-11T06:00:15Z,2026-09-15T22:41:33Z
115,0,124859931,4628637,180.0,895,,2026-09-13T08:43:18Z,2026-09-15T22:41:33Z
115,1,125001093,5757923,123.0,25,,2026-09-15T22:40:22Z,2026-09-15T22:41:33Z
115,1,125000997,5779853,129.0,201,,2026-09-15T22:37:36Z,2026-09-15T22:41:33Z
115,1,125000245,5521856,130.0,250,,2026-09-15T22:13:58Z,2026-09-15T22:41:33Z
115,1,124995748,3969779,132.0,1000,,2026-09-15T20:15:08Z,2026-09-15T22:41:33Z
115,1,124914246,5317686,133.0,5271,,2026-09-14T09:09:43Z,2026-09-15T22:41:33Z
115,1,124930582,5521318,133.0,758,,2026-09-14T15:48:09Z,2026-09-15T22:41:33Z
115,1,124969566,5714305,133.0,964,,2026-09-15T09:46:44Z,2026-09-15T22:41:33Z
115,1,124837543,5347713,134.0,96,,2026-09-12T20:56:50Z,2026-09-15T22:41:33Z
115,1,124971455,4832708,134.0,10000,,2026-09-15T10:39:20Z,2026-09-15T22:41:33Z
115,1,124608823,5030414,135.0,5480,,2026-09-08T12:02:00Z,2026-09-15T22:41:33Z
115,1,124610165,5662210,135.0,956,,2026-09-08T12:38:34Z,2026-09-15T22:41:33Z
115,1,124651298,5317686,135.0,19438,,2026-09-09T07:35:33Z,2026-09-15T22:41:33Z
115,1,124772442,5300705,135.0,10000,,2026-09-11T14:40:39Z,2026-09-15T22:41:33Z
115,1,124809867,5714305,135.0,262,,2026-09-12T08:44:37Z,2026-09-15T22:41:33Z
115,1,124810213,4960824,135.0,1000,,2026-09-12T08:53:29Z,2026-09-15T22:41:33Z
115,1,124869675,3112658,135.0,8790,,2026-09-13T13:01:37Z,2026-09-15T22:41:33Z
115,1,124960940,4079661,138.0,10000,,2026-09-15T05:35:53Z,2026-09-15T22:41:33Z
115,1,124960894,4079661,139.0,10000,,2026-09-15T05:34:53Z,2026-09-15T22:41:33Z
115,1,124639711,5823248,140.0,1,,2026-09-09T01:45:48Z,2026-09-15T22:41:33Z
115,1,124858811,5462719,140.0,8983,,2026-09-13T08:14:09Z,2026-09-15T22:41:33Z
115,1,124887763,4079661,140.0,10068,,2026-09-13T20:02:21Z,2026-09-15T22:41:33Z
115,1,124887789,4079661,141.0,10000,,2026-09-13T20:02:52Z,2026-09-15T22:41:33Z
115,2,125001034,5500871,131.0,374,,2026-09-15T22:38:42Z,2026-09-15T22:41:33Z
115,2,124997536,4495425,132.0,7876,,2026-09-15T20:59:10Z,2026-09-15T22:41:33Z
115,2,124997403,5662751,134.0,1152,,2026-09-15T20:55:29Z,2026-09-15T22:41:33Z
115,2,124925384,5221564,135.0,3118,,2026-09-14T13:51:48Z,2026-09-15T22:41:33Z
115,2,124954341,5273689,135.0,5002,,2026-09-15T02:24:05Z,2026-09-15T22:41:33Z
115,2,124989363,5119081,135.0,1290,,2026-09-15T17:55:03Z,2026-09-15T22:41:33Z
115,2,124868266,4961066,136.0,3058,,2026-09-13T12:25:38Z,2026-09-15T22:41:33Z
115,2,124694902,5221564,138.0,329,,2026-09-10T03:42:44Z,2026-09-15T22:41:33Z
115,2,124687750,4187723,139.0,833,,2026-09-09T23:27:38Z,2026-09-15T22:41:33Z
115,2,124695658,5634001,139.0,336,,2026-09-10T04:04:48Z,2026-09-15T22:41:33Z
115,2,124600153,5651853,140.0,349,,2026-09-08T07:49:54Z,2026-09-15T22:41:33Z
115,2,124718242,5670013,140.0,708,,2026-09-10T13:51:54Z,2026-09-15T22:41:33Z
115,2,124987969,4048464,140.0,5000,,2026-09-15T17:23:57Z,2026-09-15T22:41:33Z
115,3,124999075,5593870,135.0,1000,,2026-09-15T21:40:38Z,2026-09-15T22:41:33Z
115,3,124972342,5642900,136.0,3352,,2026-09-15T11:03:40Z,2026-09-15T22:41:33Z
115,3,124978012,5544304,136.0,4553,,2026-09-15T13:27:42Z,2026-09-15T22:41:33Z
115,3,124981321,5443820,136.0,2442,,2026-09-15T14:47:47Z,2026-09-15T22:41:33Z
115,3,124986516,4871553,136.0,3000,,2026-09-15T16:48:17Z,2026-09-15T22:41:33Z
115,3,124995359,5057164,136.0,2080,,2026-09-15T20:07:04Z,2026-09-15T22:41:33Z
115,3,124969292,3529291,137.0,3376,,2026-09-15T09:40:10Z,2026-09-15T22:41:33Z
115,3,124971399,4763413,137.0,16683,,2026-09-15T10:37:31Z,2026-09-15T22:41:33Z
115,3,124984800,4614346,137.0,638,,2026-09-15T16:08:14Z,2026-09-15T22:41:33Z
115,3,124968641,4670674,138.0,400,,2026-09-15T09:20:51Z,2026-09-15T22:41:33Z
115,3,124970590,4902878,138.0,5438,,2026-09-15T11:01:54Z,2026-09-15T22:41:33Z
115,3,124823784,5210388,139.0,3241,,2026-09-12T15:04:49Z,2026-09-15T22:41:33Z
115,3,124856746,3731395,139.0,10000,,2026-09-13T07:19:59Z,2026-09-15T22:41:33Z
115,3,124535251,5210388,140.0,10000,,2026-09-07T01:32:46Z,2026-09-15T22:41:33Z
115,3,124917926,4374092,140.0,10000,,2026-09-14T10:50:44Z,2026-09-15T22:41:33Z
115,3,124951770,3426657,141.0,1000,,2026-09-15T00:58:29Z,2026-09-15T22:41:33Z
115,3,124712673,1532747,147.0,3555,,2026-09-10T11:39:53Z,2026-09-15T22:41:33Z
115,4,124879779,3998152,148.0,2548,,2026-09-13T16:57:40Z,2026-09-15T22:41:33Z
115,4,124950701,5116971,160.0,1000,,2026-09-15T00:22:08Z,2026-09-15T22:41:33Z
115,4,124555341,5116971,165.0,9000,,2026-09-07T11:35:38Z,2026-09-15T22:41:33Z
115,4,124868561,5272320,170.0,65,,2026-09-13T12:33:02Z,2026-09-15T22:41:33Z
115,5,124728798,1170393,190.0,18000,,2026-09-10T18:10:17Z,2026-09-15T22:41:33Z
115,6,124786667,4016902,150.0,27403,,2026-09-11T20:30:17Z,2026-09-15T22:41:33Z
115,6,124949328,669165,150.0,5,,2026-09-14T23:30:25Z,2026-09-15T22:41:33Z
115,6,124676430,4016902,151.0,47956,,2026-09-09T18:26:55Z,2026-09-15T22:41:33Z
115,6,124728818,1170393,195.0,505,,2026-09-10T18:10:49Z,2026-09-15T22:41:33Z
115,7,124990024,4272595,150.0,27344,,2026-09-15T18:09:12Z,2026-09-15T22:41:33Z
115,7,124633739,4272595,170.0,5800,,2026-09-08T22:15:17Z,2026-09-15T22:41:33Z
116,0,124999319,5763121,40.5,49,,2026-09-15T21:47:31Z,2026-09-15T22:40:34Z
116,0,125000914,5836840,40.5,25,,2026-09-15T22:35:15Z,2026-09-15T22:40:34Z
116,0,124990790,5819184,40.75,73,,2026-09-15T18:27:08Z,2026-09-15T22:40:34Z
116,0,124993190,5549572,40.75,1000,,2026-09-15T19:17:42Z,2026-09-15T22:40:34Z
116,0,124988197,5719783,41.0,2076,,2026-09-15T17:28:52Z,2026-09-15T22:40:34Z
116,0,124987943,5730821,41.25,3410,,2026-09-15T17:23:00Z,2026-09-15T22:40:34Z
116,0,124988001,5791459,41.25,40,,2026-09-15T17:24:32Z,2026-09-15T22:40:34Z
116,0,124893947,4069415,41.5,228340,,2026-09-13T22:55:00Z,2026-09-15T22:40:34Z
116,0,124903239,5825918,41.5,275,,2026-09-14T04:06:47Z,2026-09-15T22:40:34Z
116,0,124910174,5834730,41.5,10,,2026-09-14T07:10:43Z,2026-09-15T22:40:34Z
116,0,124972569,5549572,41.5,1000,,2026-09-15T11:09:20Z,2026-09-15T22:40:34Z
116,0,124796359,5498029,41.75,1287,,2026-09-12T01:59:17Z,2026-09-15T22:40:34Z
116,0,124837977,5822891,41.75,624,,2026-09-12T21:07:50Z,2026-09-15T22:40:34Z
116,0,124839257,5782025,41.75,10,,2026-09-12T21:43:23Z,2026-09-15T22:40:34Z
116,0,124902991,5695481,41.75,200,,2026-09-14T03:59:54Z,2026-09-15T22:40:34Z
116,0,124789760,5499766,42.0,64,,2026-09-11T21:57:18Z,2026-09-15T22:40:34Z
116,0,124794289,5695481,42.0,200,,2026-09-12T00:35:57Z,2026-09-15T22:40:34Z
116,0,124797059,5822666,42.0,41,,2026-09-12T02:25:19Z,2026-09-15T22:40:34Z
116,0,124862689,5832690,42.0,75,,2026-09-13T11:11:01Z,2026-09-15T22:40:34Z
116,0,124884192,5832427,42.0,120,,2026-09-13T18:41:23Z,2026-09-15T22:40:34Z
116,0,124962663,5821304,42.0,1,,2026-09-15T06:23:15Z,2026-09-15T22:40:34Z
116,0,124789698,5695481,42.25,300,,2026-09-11T21:55:31Z,2026-09-15T22:40:34Z
116,0,124665494,5404044,42.5,682,,2026-09-09T14:02:28Z,2026-09-15T22:40:34Z
116,0,124750217,5806745,42.5,2,,2026-09-11T04:44:53Z,2026-09-15T22:40:34Z
116,0,124757304,5785929,42.5,200,,2026-09-11T08:03:16Z,2026-09-15T22:40:34Z
116,0,124783019,5823053,42.5,37,,2026-09-11T18:58:35Z,2026-09-15T22:40:34Z
116,0,124766204,4849155,42.75,76156,,2026-09-11T12:01:40Z,2026-09-15T22:40:34Z
116,0,124604589,5819973,43.0,100,,2026-09-08T10:03:31Z,2026-09-15T22:40:34Z
116,0,124605181,5821653,43.0,6,,2026-09-08T10:18:56Z,2026-09-15T22:40:34Z
116,0,124665991,5360478,43.0,801,,2026-09-09T14:14:40Z,2026-09-15T22:40:34Z
116,0,124730907,5824192,43.0,5,,2026-09-10T19:00:10Z,2026-09-15T22:40:34Z
116,0,124734203,5813370,43.0,1,,2026-09-10T20:18:26Z,2026-09-15T22:40:34Z
116,0,124673091,5528403,43.25,2829,,2026-09-09T17:05:26Z,2026-09-15T22:40:34Z
116,0,124664487,5821922,43.75,10,,2026-09-09T13:40:30Z,2026-09-15T22:40:34Z
116,0,124837394,5806739,44.0,2,,2026-09-12T20:52:49Z,2026-09-15T22:40:34Z
116,0,124842316,5811410,44.75,84,,2026-09-12T23:21:45Z,2026-09-15T22:40:34Z
116,0,124997022,5819030,44.75,14,,2026-09-15T20:45:47Z,2026-09-15T22:40:34Z
116,0,124645910,5822611,45.0,4,,2026-09-09T05:07:30Z,2026-09-15T22:40:34Z
116,0,124668870,5822301,45.0,20,,2026-09-09T15:22:51Z,2026-09-15T22:40:34Z
116,0,124674492,5824712,45.0,20,,2026-09-09T17:39:16Z,2026-09-15T22:40:34Z
116,0,124787516,5829367,45.0,20,,2026-09-11T20:52:40Z,2026-09-15T22:40:34Z
116,0,124811905,5647677,45.0,10,,2026-09-12T09:43:26Z,2026-09-15T22:40:34Z
116,0,124886687,5831819,45.0,22,,2026-09-13T19:37:00Z,2026-09-15T22:40:34Z
116,0,124938531,5825184,45.0,15,,2026-09-14T18:47:05Z,2026-09-15T22:40:34Z
116,0,124945589,5836259,45.0,43,,2026-09-14T21:32:55Z,2026-09-15T22:40:34Z
116,0,124963935,5836690,45.0,10,,2026-09-15T07:00:38Z,2026-09-15T22:40:34Z
116,0,124967607,5835344,45.0,15,,2026-09-15T08:49:40Z,2026-09-15T22:40:34Z
116,0,124664234,5824006,45.25,6,,2026-09-09T13:34:12Z,2026-09-15T22:40:34Z
116,0,124676339,5819952,45.5,40,,2026-09-09T18:24:42Z,2026-09-15T22:40:34Z
116,0,124700587,5774014,45.5,154,,2026-09-10T06:08:38Z,2026-09-15T22:40:34Z
116,0,124914457,5834851,45.5,12,,2026-09-14T09:16:15Z,2026-09-15T22:40:34Z
116,0,124972177,5834588,46.0,10,,2026-09-15T10:58:31Z,2026-09-15T22:40:34Z
116,0,124980974,3653640,46.0,6986,,2026-09-15T14:39:16Z,2026-09-15T22:40:34Z
116,0,124673494,5789584,46.5,21,,2026-09-09T17:14:20Z,2026-09-15T22:40:34Z
116,0,124997419,5835268,46.5,10,,2026-09-15T20:56:01Z,2026-09-15T22:40:34Z
116,0,124747378,5795013,47.0,213,,2026-09-11T03:18:16Z,2026-09-15T22:40:34Z
116,0,124819197,5647677,47.0,2,,2026-09-12T13:05:47Z,2026-09-15T22:40:34Z
116,0,124859805,5823326,47.0,25,,2026-09-13T08:39:45Z,2026-09-15T22:40:34Z
116,0,124839364,5808843,47.25,3,,2026-09-12T21:46:46Z,2026-09-15T22:40:34Z
116,0,124728692,5777473,47.5,32,,2026-09-10T18:07:33Z,2026-09-15T22:40:34Z
116,0,124617107,5806760,48.0,8,,2026-09-08T15:26:07Z,2026-09-15T22:40:34Z
116,0,124782102,5806591,48.0,220,,2026-09-11T18:33:58Z,2026-09-15T22:40:34Z
116,0,124780762,5763539,49.0,625,,2026-09-11T17:58:16Z,2026-09-15T22:40:34Z
116,0,124726554,5823268,49.75,15,,2026-09-10T17:12:04Z,2026-09-15T22:40:34Z
116,0,124608788,5700678,50.0,13,,2026-09-08T12:00:50Z,2026-09-15T22:40:34Z
116,0,124641643,5756766,50.0,10,,2026-09-09T02:51:45Z,2026-09-15T22:40:34Z
116,0,124825731,5808707,50.0,63,,2026-09-12T15:53:26Z,2026-09-15T22:40:34Z
116,0,124838143,4699262,50.0,50,,2026-09-12T21:11:38Z,2026-09-15T22:40:34Z
116,0,124942290,5835084,50.0,110,,2026-09-14T20:09:34Z,2026-09-15T22:40:34Z
116,0,124994948,5827281,50.0,6,,2026-09-15T19:58:47Z,2026-09-15T22:40:34Z
116,0,124997459,2711607,50.0,1,,2026-09-15T20:56:58Z,2026-09-15T22:40:34Z
116,0,124993664,5527359,52.5,150,,2026-09-15T19:29:13Z,2026-09-15T22:40:34Z
116,1,124999338,5786847,40.0,131,,2026-09-15T21:48:04Z,2026-09-15T22:40:34Z
116,1,124961923,5285015,42.0,6244,,2026-09-15T06:02:39Z,2026-09-15T22:40:34Z
116,1,124934316,5656603,42.5,12970,,2026-09-14T17:12:50Z,2026-09-15T22:40:34Z
116,1,124917817,5341552,42.75,1364,,2026-09-14T10:48:41Z,2026-09-15T22:40:34Z
116,1,124917313,5747453,43.25,1890,,2026-09-14T10:36:08Z,2026-09-15T22:40:34Z
116,1,124914136,5407595,43.5,6807,,2026-09-14T09:07:04Z,2026-09-15T22:40:34Z
116,1,124911812,5532156,43.75,1000,,2026-09-14T07:58:34Z,2026-09-15T22:40:34Z
116,1,124749926,4699983,44.0,27838,,2026-09-11T04:37:52Z,2026-09-15T22:40:34Z
116,1,124746601,5358624,44.5,4385,,2026-09-11T02:49:44Z,2026-09-15T22:40:34Z
116,2,124999900,5571694,44.25,8291,,2026-09-15T22:04:23Z,2026-09-15T22:40:34Z
116,2,124721386,4871316,45.0,22373,,2026-09-10T15:05:31Z,2026-09-15T22:40:34Z
116,2,124839157,5254452,45.0,8469,,2026-09-12T21:40:07Z,2026-09-15T22:40:34Z
116,2,124619402,5394301,45.25,174,,2026-09-08T16:19:53Z,2026-09-15T22:40:34Z
116,2,124843480,5480842,45.25,22430,,2026-09-13T00:05:31Z,2026-09-15T22:40:34Z
116,2,124783563,4410288,45.75,100,,2026-09-11T19:11:22Z,2026-09-15T22:40:34Z
116,2,124987956,4048464,45.75,1000,,2026-09-15T17:23:33Z,2026-09-15T22:40:34Z
116,2,124732912,4410288,46.0,352,,2026-09-10T19:47:06Z,2026-09-15T22:40:34Z
116,2,124807144,2185925,46.0,4535,,2026-09-12T07:28:47Z,2026-09-15T22:40:34Z
116,2,124609531,4410288,46.5,100,,2026-09-08T12:21:13Z,2026-09-15T22:40:34Z
116,3,124995807,5215818,45.75,20000,,2026-09-15T20:16:23Z,2026-09-15T22:40:34Z
116,3,124976670,4947193,46.0,9628,,2026-09-15T12:55:59Z,2026-09-15T22:40:34Z
116,3,124761207,4753096,46.25,23952,,2026-09-11T09:53:40Z,2026-09-15T22:40:34Z
116,3,124917411,5291068,46.5,38670,,2026-09-14T10:38:34Z,2026-09-15T22:40:34Z
116,3,124761214,4753096,47.0,25000,,2026-09-11T09:53:49Z,2026-09-15T22:40:34Z
116,4,124981540,3922464,51.5,9765,,2026-09-15T14:53:33Z,2026-09-15T22:40:34Z
116,4,124942409,3163440,52.0,2211,,2026-09-14T20:12:23Z,2026-09-15T22:40:34Z
116,4,124917458,5291068,53.5,9840,,2026-09-14T10:39:30Z,2026-09-15T22:40:34Z
116,5,124960019,1172003,52.0,10000,,2026-09-15T05:11:25Z,2026-09-15T22:40:34Z
116,5,124920394,1172003,53.5,10000,,2026-09-14T11:51:03Z,2026-09-15T22:40:34Z
116,5,124701284,4852724,54.0,66286,,2026-09-10T06:28:10Z,2026-09-15T22:40:34Z
116,5,124691906,4092140,54.5,3936,,2026-09-10T02:01:41Z,2026-09-15T22:40:34Z
116,5,124971949,5291068,55.0,19517,,2026-09-15T10:52:38Z,2026-09-15T22:40:34Z
116,6,124833353,4749812,64.5,997,,2026-09-12T19:09:24Z,2026-09-15T22:40:34Z
116,6,124789214,3163440,65.0,1000,,2026-09-11T21:40:52Z,2026-09-15T22:40:34Z
117,0,124999380,5413090,7.1,18669,-331.0,2026-09-15T21:49:06Z,2026-09-15T22:43:31Z
117,0,124999454,5784841,7.1,1390,,2026-09-15T21:51:01Z,2026-09-15T22:43:31Z
117,0,125000252,5759666,7.1,5000,,2026-09-15T22:14:36Z,2026-09-15T22:43:31Z
117,0,124993139,5721475,7.2,2959,,2026-09-15T19:16:20Z,2026-09-15T22:43:31Z
117,0,124993200,5544089,7.2,13920,,2026-09-15T19:18:01Z,2026-09-15T22:43:31Z
117,0,124995674,5596833,7.2,10000,,2026-09-15T20:13:46Z,2026-09-15T22:43:31Z
117,0,124997528,5777473,7.2,15,,2026-09-15T20:59:00Z,2026-09-15T22:43:31Z
117,0,124998056,5616513,7.2,5611,,2026-09-15T21:12:05Z,2026-09-15T22:43:31Z
117,0,124983951,4849155,7.3,23409,,2026-09-15T15:48:59Z,2026-09-15T22:43:31Z
117,0,124986395,5803431,7.3,982,,2026-09-15T16:45:54Z,2026-09-15T22:43:31Z
117,0,124986985,5810166,7.3,168,,2026-09-15T17:00:11Z,2026-09-15T22:43:31Z
117,0,124990644,5542602,7.3,8000,,2026-09-15T18:24:00Z,2026-09-15T22:43:31Z
117,0,124993144,5683044,7.3,14090,,2026-09-15T19:16:25Z,2026-09-15T22:43:31Z
117,0,124935359,5544089,7.4,2872,,2026-09-14T17:37:02Z,2026-09-15T22:43:31Z
117,0,124940924,5784841,7.4,300,,2026-09-14T19:39:23Z,2026-09-15T22:43:31Z
117,0,124943028,5619683,7.4,15000,,2026-09-14T20:27:10Z,2026-09-15T22:43:31Z
117,0,124950923,5821309,7.4,500,,2026-09-15T00:30:19Z,2026-09-15T22:43:31Z
117,0,124954888,5804462,7.4,10,,2026-09-15T02:43:10Z,2026-09-15T22:43:31Z
117,0,124979249,5528403,7.4,21428,,2026-09-15T13:57:37Z,2026-09-15T22:43:31Z
117,0,124981329,5810166,7.4,1128,,2026-09-15T14:48:02Z,2026-09-15T22:43:31Z
117,0,124985516,5834538,7.4,400,,2026-09-15T16:25:45Z,2026-09-15T22:43:31Z
117,0,124985687,5737577,7.4,2000,,2026-09-15T16:30:10Z,2026-09-15T22:43:31Z
117,0,124995669,5596833,7.4,24291,,2026-09-15T20:13:36Z,2026-09-15T22:43:31Z
117,0,124462727,5528403,7.5,28846,,2026-09-05T15:05:54Z,2026-09-15T22:43:31Z
117,0,124925767,5831049,7.5,20,,2026-09-14T13:59:44Z,2026-09-15T22:43:31Z
117,0,124939337,5773620,7.5,15000,,2026-09-14T19:05:30Z,2026-09-15T22:43:31Z
117,0,124982715,5809135,7.5,1326,,2026-09-15T15:20:39Z,2026-09-15T22:43:31Z
117,0,124992166,5837998,7.5,35,,2026-09-15T18:55:58Z,2026-09-15T22:43:31Z
117,0,124663847,5824203,7.6,40,,2026-09-09T13:25:08Z,2026-09-15T22:43:31Z
117,0,124677374,5766333,7.6,1000,,2026-09-09T18:49:06Z,2026-09-15T22:43:31Z
117,0,124688368,5822106,7.6,325,,2026-09-09T23:50:09Z,2026-09-15T22:43:31Z
117,0,124721318,5764551,7.6,1450,,2026-09-10T15:04:04Z,2026-09-15T22:43:31Z
117,0,124756491,5796969,7.6,3500,,2026-09-11T07:36:35Z,2026-09-15T22:43:31Z
117,0,124818684,5828965,7.6,415,,2026-09-12T12:52:20Z,2026-09-15T22:43:31Z
117,0,124866749,5783729,7.6,100,,2026-09-13T11:52:04Z,2026-09-15T22:43:31Z
117,0,124879086,5620987,7.6,2922,,2026-09-13T16:42:16Z,2026-09-15T22:43:31Z
117,0,124880287,5759913,7.6,16,,2026-09-13T17:09:37Z,2026-09-15T22:43:31Z
117,0,124880834,5528403,7.6,12530,,2026-09-13T17:22:43Z,2026-09-15T22:43:31Z
117,0,124909748,5821301,7.6,1100,,2026-09-14T06:59:54Z,2026-09-15T22:43:31Z
117,0,124967299,5834588,7.6,202,,2026-09-15T08:40:06Z,2026-09-15T22:43:31Z
117,0,124978637,4932401,7.6,692,,2026-09-15T13:41:55Z,2026-09-15T22:43:31Z
117,0,124997404,5835268,7.6,70,,2026-09-15T20:55:34Z,2026-09-15T22:43:31Z
117,0,124654747,5799555,7.7,16,,2026-09-09T09:21:35Z,2026-09-15T22:43:31Z
117,0,124742564,5811531,7.7,161,,2026-09-11T00:22:54Z,2026-09-15T22:43:31Z
117,0,124842815,5771201,7.7,715,,2026-09-12T23:39:06Z,2026-09-15T22:43:31Z
117,0,124852076,5811485,7.7,502,,2026-09-13T05:14:21Z,2026-09-15T22:43:31Z
117,0,124876719,5831897,7.7,12,,2026-09-13T15:46:41Z,2026-09-15T22:43:31Z
117,0,124906609,5827658,7.7,200,,2026-09-14T05:33:30Z,2026-09-15T22:43:31Z
117,0,124953813,5819030,7.7,10,,2026-09-15T02:03:37Z,2026-09-15T22:43:31Z
117,0,124983138,5224946,7.7,2603,,2026-09-15T15:29:35Z,2026-09-15T22:43:31Z
117,0,124983380,5714786,7.7,50000,,2026-09-15T15:34:14Z,2026-09-15T22:43:31Z
117,0,124604022,5821358,7.8,10,,2026-09-08T09:47:21Z,2026-09-15T22:43:31Z
117,0,124611397,5820223,7.8,249,,2026-09-08T13:09:41Z,2026-09-15T22:43:31Z
117,0,124663901,5824006,7.8,44,,2026-09-09T13:26:28Z,2026-09-15T22:43:31Z
117,0,124788157,5826693,7.8,60,,2026-09-11T21:10:36Z,2026-09-15T22:43:31Z
117,0,124825777,5808707,7.8,140,,2026-09-12T15:54:12Z,2026-09-15T22:43:31Z
117,0,124884168,5826553,7.8,100,,2026-09-13T18:40:46Z,2026-09-15T22:43:31Z
117,0,124927205,5822214,7.8,12,,2026-09-14T14:31:32Z,2026-09-15T22:43:31Z
117,0,124740465,5813866,7.9,108,,2026-09-10T23:07:59Z,2026-09-15T22:43:31Z
117,0,124850634,5819952,7.9,32,,2026-09-13T04:29:38Z,2026-09-15T22:43:31Z
117,0,124913594,5743795,7.9,4303,,2026-09-14T08:51:19Z,2026-09-15T22:43:31Z
117,0,124955852,5834538,7.9,208,,2026-09-15T03:17:00Z,2026-09-15T22:43:31Z
117,0,124961488,5821324,7.9,10,,2026-09-15T05:50:25Z,2026-09-15T22:43:31Z
117,0,124988561,5721010,7.9,50,,2026-09-15T17:37:00Z,2026-09-15T22:43:31Z
117,0,124631722,5822207,8.0,723,,2026-09-08T21:14:07Z,2026-09-15T22:43:31Z
117,0,124645992,5736839,8.0,3560,,2026-09-09T05:09:30Z,2026-09-15T22:43:31Z
117,0,124685569,5820505,8.0,340,,2026-09-09T22:12:41Z,2026-09-15T22:43:31Z
117,0,124698614,5825766,8.0,75,,2026-09-10T05:19:32Z,2026-09-15T22:43:31Z
117,0,124712530,5826350,8.0,62,,2026-09-10T11:35:56Z,2026-09-15T22:43:31Z
117,0,124715274,5824192,8.0,50,,2026-09-10T12:43:26Z,2026-09-15T22:43:31Z
117,0,124724233,5759100,8.0,1,,2026-09-10T16:13:43Z,2026-09-15T22:43:31Z
117,0,124740387,5826451,8.0,730,,2026-09-10T23:05:33Z,2026-09-15T22:43:31Z
117,0,124776357,5772953,8.0,8,,2026-09-11T16:08:25Z,2026-09-15T22:43:31Z
117,0,124801768,5811862,8.0,232,,2026-09-12T05:11:31Z,2026-09-15T22:43:31Z
117,0,124817190,5488333,8.0,17536,,2026-09-12T12:10:55Z,2026-09-15T22:43:31Z
117,0,124825165,5821100,8.0,400,,2026-09-12T15:37:52Z,2026-09-15T22:43:31Z
117,0,124872493,5781482,8.0,750,,2026-09-13T14:10:22Z,2026-09-15T22:43:31Z
117,0,124878813,5833306,8.0,30,,2026-09-13T16:34:35Z,2026-09-15T22:43:31Z
117,0,124882782,5828139,8.0,200,,2026-09-13T18:06:32Z,2026-09-15T22:43:31Z
117,0,124890526,5796194,8.0,15,,2026-09-13T21:09:06Z,2026-09-15T22:43:31Z
117,0,124896182,5833563,8.0,10,,2026-09-14T00:14:36Z,2026-09-15T22:43:31Z
117,0,124917758,5828189,8.0,13,,2026-09-14T10:47:04Z,2026-09-15T22:43:31Z
117,0,124927077,5787232,8.0,35,,2026-09-14T14:29:16Z,2026-09-15T22:43:31Z
117,0,124970121,5834588,8.0,174,,2026-09-15T10:03:14Z,2026-09-15T22:43:31Z
117,0,124642557,5809703,8.1,399,,2026-09-09T03:26:00Z,2026-09-15T22:43:31Z
117,0,124895830,5786962,8.1,714,,2026-09-14T00:01:39Z,2026-09-15T22:43:31Z
117,0,124991374,5808407,8.1,16,,2026-09-15T18:38:50Z,2026-09-15T22:43:31Z
117,0,124721799,5756563,8.2,8,,2026-09-10T15:16:39Z,2026-09-15T22:43:31Z
117,0,124997861,5835202,8.2,20,,2026-09-15T21:07:38Z,2026-09-15T22:43:31Z
117,0,124690801,5788995,8.4,1840,,2026-09-10T01:19:27Z,2026-09-15T22:43:31Z
117,0,124806108,5758863,8.4,50,,2026-09-12T07:04:11Z,2026-09-15T22:43:31Z
117,0,124526421,5621826,8.5,1342,,2026-09-06T20:41:18Z,2026-09-15T22:43:31Z
117,0,124616303,5758959,8.5,125,,2026-09-08T15:09:14Z,2026-09-15T22:43:31Z
117,0,124616875,5806760,8.5,15,,2026-09-08T15:20:59Z,2026-09-15T22:43:31Z
117,0,124940115,5678097,8.5,25,,2026-09-14T19:21:46Z,2026-09-15T22:43:31Z
117,0,124890884,5784073,8.6,400,,2026-09-13T21:19:05Z,2026-09-15T22:43:31Z
117,0,124919236,5784073,8.7,301,,2026-09-14T11:23:18Z,2026-09-15T22:43:31Z
117,0,124613972,5761989,8.8,1800,,2026-09-08T14:11:55Z,2026-09-15T22:43:31Z
117,0,124829992,5763035,8.8,300,,2026-09-12T17:40:40Z,2026-09-15T22:43:31Z
117,0,124966371,5833221,8.8,200,,2026-09-15T08:14:54Z,2026-09-15T22:43:31Z
117,0,124675462,5789584,8.9,200,,2026-09-09T18:03:08Z,2026-09-15T22:43:31Z
117,0,124901922,5815645,8.9,50,,2026-09-14T03:27:30Z,2026-09-15T22:43:31Z
117,0,124765505,5547309,9.0,5450,,2026-09-11T11:42:45Z,2026-09-15T22:43:31Z
117,0,124799612,5759134,9.0,30,,2026-09-12T03:58:10Z,2026-09-15T22:43:31Z
117,1,124996347,5717110,7.6,10935,,2026-09-15T20:29:37Z,2026-09-15T22:43:31Z
117,1,124892238,5714435,7.7,15551,,2026-09-13T21:57:49Z,2026-09-15T22:43:31Z
117,1,124895207,276811,7.8,6718,,2026-09-13T23:39:37Z,2026-09-15T22:43:31Z
117,1,124968094,5335171,7.8,41439,,2026-09-15T09:04:55Z,2026-09-15T22:43:31Z
117,1,124930224,5464952,7.9,30000,,2026-09-14T15:40:28Z,2026-09-15T22:43:31Z
117,1,124605056,1779549,8.0,2000,,2026-09-08T10:15:39Z,2026-09-15T22:43:31Z
117,1,124930235,5464952,8.0,30000,,2026-09-14T15:40:42Z,2026-09-15T22:43:31Z
117,1,124955219,5632362,8.0,17998,,2026-09-15T02:56:26Z,2026-09-15T22:43:31Z
117,1,124863797,4853119,8.2,4392,,2026-09-13T10:35:02Z,2026-09-15T22:43:31Z
117,1,124888500,3817600,8.3,2531,,2026-09-13T20:17:51Z,2026-09-15T22:43:31Z
117,1,124877857,5415795,8.4,33719,,2026-09-13T16:12:23Z,2026-09-15T22:43:31Z
117,1,124862749,5479665,9.0,125000,,2026-09-13T10:04:52Z,2026-09-15T22:43:31Z
117,1,124843642,5759134,9.2,10,,2026-09-13T00:10:15Z,2026-09-15T22:43:31Z
117,2,124969599,5249813,7.9,14940,,2026-09-15T09:47:36Z,2026-09-15T22:43:31Z
117,2,124968809,5156232,8.0,28796,,2026-09-15T09:25:20Z,2026-09-15T22:43:31Z
117,2,124970783,5720006,8.0,31928,,2026-09-15T10:21:11Z,2026-09-15T22:43:31Z
117,2,124966639,5562245,8.1,1800,,2026-09-15T08:21:55Z,2026-09-15T22:43:31Z
117,2,124944791,5653880,8.2,1500,,2026-09-14T21:11:22Z,2026-09-15T22:43:31Z
117,2,124945162,5464952,8.2,2178,,2026-09-14T21:21:28Z,2026-09-15T22:43:31Z
117,2,124944766,2215209,8.3,40000,,2026-09-14T21:10:33Z,2026-09-15T22:43:31Z
117,2,124646659,5483457,8.4,8472,,2026-09-09T05:27:19Z,2026-09-15T22:43:31Z
117,2,124467680,5483457,8.5,73980,,2026-09-05T17:13:51Z,2026-09-15T22:43:31Z
117,2,124994953,4933788,9.1,153510,,2026-09-15T19:58:54Z,2026-09-15T22:43:31Z
117,3,124995921,5640497,8.5,6416,,2026-09-15T20:18:51Z,2026-09-15T22:43:31Z
117,3,124995733,5566274,8.6,73036,,2026-09-15T20:14:52Z,2026-09-15T22:43:31Z
117,3,124994277,5096382,8.7,1036,,2026-09-15T19:42:18Z,2026-09-15T22:43:31Z
117,3,124993422,2008363,8.8,14243,,2026-09-15T19:23:19Z,2026-09-15T22:43:31Z
117,3,124981066,5100365,8.9,160821,,2026-09-15T14:42:16Z,2026-09-15T22:43:31Z
117,3,124992339,2562354,8.9,10000,,2026-09-15T19:00:00Z,2026-09-15T22:43:31Z
117,3,124960792,5626770,9.0,26551,,2026-09-15T05:31:40Z,2026-09-15T22:43:31Z
117,3,124931511,5670174,9.2,3763,,2026-09-14T16:09:53Z,2026-09-15T22:43:31Z
117,3,124960236,3492842,9.7,100000,,2026-09-15T05:16:50Z,2026-09-15T22:43:31Z
117,3,124659376,2646878,9.8,170000,,2026-09-09T11:31:58Z,2026-09-15T22:43:31Z
117,3,124697899,1363742,9.9,29592,,2026-09-10T05:03:18Z,2026-09-15T22:43:31Z
117,3,124657121,4470657,10.5,1396,,2026-09-09T10:32:05Z,2026-09-15T22:43:31Z
117,3,124994936,4933788,11.2,9639,,2026-09-15T19:58:31Z,2026-09-15T22:43:31Z
117,4,124984646,5057938,9.9,19238,,2026-09-15T16:04:58Z,2026-09-15T22:43:31Z
117,4,124983598,3768610,10.0,10000,,2026-09-15T15:39:43Z,2026-09-15T22:43:31Z
117,4,124983301,5578482,10.1,26551,,2026-09-15T15:32:12Z,2026-09-15T22:43:31Z
117,4,124994264,4552846,10.1,85000,,2026-09-15T19:41:56Z,2026-09-15T22:43:31Z
117,4,124979336,5176040,10.3,56780,,2026-09-15T13:58:25Z,2026-09-15T22:43:31Z
117,4,124913389,4977315,10.5,710000,,2026-09-14T08:45:09Z,2026-09-15T22:43:31Z
117,4,124685887,1105231,10.6,196448,,2026-09-09T22:21:33Z,2026-09-15T22:43:31Z
117,4,124658675,4481216,10.7,152935,,2026-09-09T11:13:24Z,2026-09-15T22:43:31Z
117,4,124724201,3783523,10.8,150240,,2026-09-10T16:13:00Z,2026-09-15T22:43:31Z
117,5,124996089,3263224,11.8,86367,,2026-09-15T20:22:54Z,2026-09-15T22:43:31Z
117,5,124989443,3313644,11.9,112532,,2026-09-15T17:56:35Z,2026-09-15T22:43:31Z
117,5,124812657,3041188,12.0,113102,,2026-09-12T10:03:05Z,2026-09-15T22:43:31Z
117,5,124803062,2839630,12.1,75021,,2026-09-12T05:47:18Z,2026-09-15T22:43:31Z
117,6,124962590,2010826,12.2,17037,,2026-09-15T06:21:13Z,2026-09-15T22:43:31Z
117,6,124959976,1172003,12.4,2000,,2026-09-15T05:10:38Z,2026-09-15T22:43:31Z
117,6,124954863,4751588,12.5,100000,,2026-09-15T02:42:13Z,2026-09-15T22:43:31Z
117,6,124911185,1172003,12.6,11777,,2026-09-14T07:39:07Z,2026-09-15T22:43:31Z
117,7,124928171,596410,12.7,491574,,2026-09-14T14:57:49Z,2026-09-15T22:43:31Z
117,7,124751830,3625607,12.8,451427,,2026-09-11T05:27:49Z,2026-09-15T22:43:31Z
117,7,124712853,1992121,13.2,478867,,2026-09-10T11:45:33Z,2026-09-15T22:43:31Z
117,8,124846481,2048728,13.3,699920,,2026-09-13T01:55:05Z,2026-09-15T22:43:31Z
117,8,124621221,2843553,13.4,1720382,,2026-09-08T17:05:46Z,2026-09-15T22:43:31Z
117,9,124650839,3954553,14.6,54038,,2026-09-09T07:22:07Z,2026-09-15T22:43:31Z
117,9,124692517,1401956,14.6,500000,,2026-09-10T02:22:26Z,2026-09-15T22:43:31Z
117,10,124699903,533714,16.9,98185,,2026-09-10T05:51:23Z,2026-09-15T22:43:31Z
117,10,124968472,383752,17.0,40000,,2026-09-15T09:16:23Z,2026-09-15T22:43:31Z
117,10,124692510,1401956,17.1,500000,,2026-09-10T02:22:11Z,2026-09-15T22:43:31Z
117,10,124651551,383752,17.3,40000,,2026-09-09T07:42:24Z,2026-09-15T22:43:31Z
117,11,124994642,936881,17.3,2500,,2026-09-15T19:51:38Z,2026-09-15T22:43:31Z
117,11,124987795,4749812,17.4,183,,2026-09-15T17:19:11Z,2026-09-15T22:43:31Z
117,11,124942770,1687521,17.5,3739,,2026-09-14T20:20:42Z,2026-09-15T22:43:31Z
117,11,124925184,936881,18.0,2152,,2026-09-14T13:47:18Z,2026-09-15T22:43:31Z
117,11,124878883,4749812,18.1,499,,2026-09-13T16:36:37Z,2026-09-15T22:43:31Z
117,12,124898435,2261923,24.0,3594,,2026-09-14T01:29:47Z,2026-09-15T22:43:31Z
117,12,124834029,4749812,25.0,203,,2026-09-12T19:26:30Z,2026-09-15T22:43:31Z
118,0,124984218,5769910,0.74,10359,-11368.0,2026-09-15T15:54:49Z,2026-09-15T22:42:07Z
118,0,124986882,5810331,0.74,2418,,2026-09-15T16:57:34Z,2026-09-15T22:42:07Z
118,0,124995276,5801699,0.74,15000,,2026-09-15T20:05:22Z,2026-09-15T22:42:07Z
118,0,124998550,5737695,0.74,400,,2026-09-15T21:25:37Z,2026-09-15T22:42:07Z
118,0,124876030,5797534,0.745,7000,,2026-09-13T15:31:25Z,2026-09-15T22:42:07Z
118,0,124958473,5821326,0.745,200,,2026-09-15T04:33:53Z,2026-09-15T22:42:07Z
118,0,124875574,5827688,0.75,770,,2026-09-13T15:19:48Z,2026-09-15T22:42:07Z
118,0,124903078,5809689,0.75,852,,2026-09-14T04:02:31Z,2026-09-15T22:42:07Z
118,0,124907043,5828129,0.75,20000,,2026-09-14T05:45:25Z,2026-09-15T22:42:07Z
118,0,124908080,5664307,0.75,83534,,2026-09-14T06:11:37Z,2026-09-15T22:42:07Z
118,0,124975882,5836355,0.75,213,,2026-09-15T12:35:58Z,2026-09-15T22:42:07Z
118,0,124984617,5674465,0.75,1000,,2026-09-15T16:04:27Z,2026-09-15T22:42:07Z
118,0,124999398,5427308,0.75,122460,,2026-09-15T21:49:41Z,2026-09-15T22:42:07Z
118,0,124874045,5595961,0.755,89865,,2026-09-13T14:45:30Z,2026-09-15T22:42:07Z
118,0,124986949,5836932,0.755,227,,2026-09-15T16:59:18Z,2026-09-15T22:42:07Z
118,0,124873888,5765159,0.76,20000,,2026-09-13T14:41:45Z,2026-09-15T22:42:07Z
118,0,124882011,5744654,0.76,20202,,2026-09-13T17:48:20Z,2026-09-15T22:42:07Z
118,0,125000769,5829618,0.76,1413,,2026-09-15T22:30:01Z,2026-09-15T22:42:07Z
118,0,124860855,5737695,0.765,1000,,2026-09-13T09:10:36Z,2026-09-15T22:42:07Z
118,0,124864333,5763272,0.765,5000,,2026-09-13T10:49:41Z,2026-09-15T22:42:07Z
118,0,124857682,4974010,0.77,15782,,2026-09-13T07:45:12Z,2026-09-15T22:42:07Z
118,0,124921065,5759088,0.77,30,,2026-09-14T12:07:52Z,2026-09-15T22:42:07Z
118,0,124857156,5816142,0.775,2036,,2026-09-13T07:30:42Z,2026-09-15T22:42:07Z
118,0,124974197,5836297,0.775,100,,2026-09-15T11:51:49Z,2026-09-15T22:42:07Z
118,0,124929680,5797534,0.78,6668,,2026-09-14T15:28:53Z,2026-09-15T22:42:07Z
118,0,124860981,5506178,0.79,5000,,2026-09-13T09:14:34Z,2026-09-15T22:42:07Z
118,0,124973801,5836297,0.79,11043,,2026-09-15T11:41:37Z,2026-09-15T22:42:07Z
118,0,124986631,5829618,0.79,1828,,2026-09-15T16:51:06Z,2026-09-15T22:42:07Z
118,0,124858154,5659628,0.8,139986,,2026-09-13T07:57:35Z,2026-09-15T22:42:07Z
118,0,124858496,5829492,0.8,88,,2026-09-13T08:06:20Z,2026-09-15T22:42:07Z
118,0,124884966,5833810,0.8,20,,2026-09-13T18:59:36Z,2026-09-15T22:42:07Z
118,0,124886183,5818177,0.8,10098,,2026-09-13T19:25:42Z,2026-09-15T22:42:07Z
118,0,124928043,5828163,0.8,100,,2026-09-14T14:54:58Z,2026-09-15T22:42:07Z
118,0,124929592,5828018,0.8,650,,2026-09-14T15:26:58Z,2026-09-15T22:42:07Z
118,0,124933228,5834455,0.8,50,,2026-09-14T16:47:17Z,2026-09-15T22:42:07Z
118,0,124987220,5831002,0.8,10726,,2026-09-15T17:06:11Z,2026-09-15T22:42:07Z
118,0,124988428,5836178,0.8,20,,2026-09-15T17:33:46Z,2026-09-15T22:42:07Z
118,0,124808943,5560245,0.805,799706,,2026-09-12T08:18:10Z,2026-09-15T22:42:07Z
118,0,124957901,5821324,0.81,130,,2026-09-15T04:16:10Z,2026-09-15T22:42:07Z
118,0,124986272,5836932,0.81,6634,,2026-09-15T16:43:14Z,2026-09-15T22:42:07Z
118,0,124852759,5821242,0.815,420,,2026-09-13T05:32:29Z,2026-09-15T22:42:07Z
118,0,124793812,5650120,0.82,44046,,2026-09-12T00:17:38Z,2026-09-15T22:42:07Z
118,0,124794057,5702366,0.825,735,,2026-09-12T00:28:03Z,2026-09-15T22:42:07Z
118,0,124793226,2474820,0.83,8,,2026-09-11T23:55:04Z,2026-09-15T22:42:07Z
118,0,124830085,5621826,0.83,1546,,2026-09-12T17:43:02Z,2026-09-15T22:42:07Z
118,0,124976797,5836297,0.83,1000,,2026-09-15T12:59:21Z,2026-09-15T22:42:07Z
118,0,124791014,5768900,0.835,3276,,2026-09-11T22:36:29Z,2026-09-15T22:42:07Z
118,0,124790542,5825138,0.84,1000,,2026-09-11T22:20:30Z,2026-09-15T22:42:07Z
118,0,124791375,5822315,0.84,2000,,2026-09-11T22:50:01Z,2026-09-15T22:42:07Z
118,0,124793026,5702366,0.84,28028,,2026-09-11T23:49:39Z,2026-09-15T22:42:07Z
118,0,124789612,5802139,0.845,4899,,2026-09-11T21:52:55Z,2026-09-15T22:42:07Z
118,0,124790570,5794422,0.845,1000,,2026-09-11T22:21:50Z,2026-09-15T22:42:07Z
118,0,124753876,5828138,0.85,8000,,2026-09-11T06:24:33Z,2026-09-15T22:42:07Z
118,0,124758643,5402844,0.85,231080,,2026-09-11T08:41:51Z,2026-09-15T22:42:07Z
118,0,124825697,5808707,0.85,2100,,2026-09-12T15:52:40Z,2026-09-15T22:42:07Z
118,0,124834174,5821242,0.85,100,,2026-09-12T19:30:17Z,2026-09-15T22:42:07Z
118,0,124909569,5834782,0.85,114,,2026-09-14T06:54:17Z,2026-09-15T22:42:07Z
118,0,124743908,5819865,0.855,433,,2026-09-11T01:13:15Z,2026-09-15T22:42:07Z
118,0,124744233,5702366,0.86,1233,,2026-09-11T01:24:12Z,2026-09-15T22:42:07Z
118,0,124869952,5828017,0.86,21,,2026-09-13T13:08:00Z,2026-09-15T22:42:07Z
118,0,124601317,5819606,0.865,7208,,2026-09-08T08:28:45Z,2026-09-15T22:42:07Z
118,0,124786555,5763167,0.865,600,,2026-09-11T20:27:29Z,2026-09-15T22:42:07Z
118,0,124749448,5823786,0.88,824,,2026-09-11T04:24:24Z,2026-09-15T22:42:07Z
118,0,124753456,5739830,0.88,160,,2026-09-11T06:12:32Z,2026-09-15T22:42:07Z
118,0,124784865,4699262,0.885,10000,,2026-09-11T19:45:29Z,2026-09-15T22:42:07Z
118,0,124729960,5825897,0.89,7174,,2026-09-10T18:37:00Z,2026-09-15T22:42:07Z
118,0,124982015,5826937,0.89,4318,,2026-09-15T15:04:41Z,2026-09-15T22:42:07Z
118,0,124988969,5829618,0.89,389,,2026-09-15T17:45:14Z,2026-09-15T22:42:07Z
118,0,124803836,5825368,0.895,168708,,2026-09-12T06:08:08Z,2026-09-15T22:42:07Z
118,0,124613980,5721010,0.9,30,,2026-09-08T14:12:04Z,2026-09-15T22:42:07Z
118,0,124653252,5797144,0.9,200,,2026-09-09T08:37:00Z,2026-09-15T22:42:07Z
118,0,124668885,5812915,0.9,593,,2026-09-09T15:23:26Z,2026-09-15T22:42:07Z
118,0,124726434,5823268,0.9,114,,2026-09-10T17:09:28Z,2026-09-15T22:42:07Z
118,0,124784052,3518440,0.9,3623,,2026-09-11T19:23:15Z,2026-09-15T22:42:07Z
118,0,124943436,5788138,0.905,9892,,2026-09-14T20:37:12Z,2026-09-15T22:42:07Z
118,0,124973526,5784073,0.94,989,,2026-09-15T11:34:48Z,2026-09-15T22:42:07Z
118,0,124934229,5784073,0.97,400,,2026-09-14T17:10:45Z,2026-09-15T22:42:07Z
118,0,124799666,5759134,1.0,10,,2026-09-12T04:00:03Z,2026-09-15T22:42:07Z
118,1,124999677,5700463,0.805,5738,,2026-09-15T21:57:06Z,2026-09-15T22:42:07Z
118,1,124993215,5641023,0.81,95746,,2026-09-15T19:18:27Z,2026-09-15T22:42:07Z
118,1,124993792,5435178,0.81,29924,,2026-09-15T19:32:14Z,2026-09-15T22:42:07Z
118,1,124989633,5700463,0.815,26411,,2026-09-15T18:00:43Z,2026-09-15T22:42:07Z
118,1,124978265,5684810,0.82,124774,,2026-09-15T13:33:47Z,2026-09-15T22:42:07Z
118,1,124974528,5433094,0.825,1000,,2026-09-15T12:00:38Z,2026-09-15T22:42:07Z
118,1,124865672,5684810,0.83,53390,,2026-09-13T11:24:35Z,2026-09-15T22:42:07Z
118,1,124828889,5298615,0.835,58324,,2026-09-12T17:12:30Z,2026-09-15T22:42:07Z
118,1,124795708,5559732,0.84,5393,,2026-09-12T01:33:31Z,2026-09-15T22:42:07Z
118,1,124795716,5559732,0.845,10000,,2026-09-12T01:33:41Z,2026-09-15T22:42:07Z
118,1,124795723,5559732,0.85,10000,,2026-09-12T01:33:51Z,2026-09-15T22:42:07Z
118,1,124651762,5053942,0.905,45000,,2026-09-09T07:48:46Z,2026-09-15T22:42:07Z
118,1,124642103,5433094,0.91,2000,,2026-09-09T03:09:41Z,2026-09-15T22:42:07Z
118,1,124650661,5435178,0.91,26547,,2026-09-09T07:16:17Z,2026-09-15T22:42:07Z
118,1,124599632,4141352,0.925,100000,,2026-09-08T07:34:24Z,2026-09-15T22:42:07Z
118,2,124999936,5696064,0.815,56736,,2026-09-15T22:05:06Z,2026-09-15T22:42:07Z
118,2,124995361,5216636,0.82,8280,,2026-09-15T20:07:16Z,2026-09-15T22:42:07Z
118,2,124994235,5698627,0.825,59244,,2026-09-15T19:41:21Z,2026-09-15T22:42:07Z
118,2,124987065,5570266,0.83,123774,,2026-09-15T17:02:14Z,2026-09-15T22:42:07Z
118,2,124982507,5216636,0.84,1822,,2026-09-15T15:15:27Z,2026-09-15T22:42:07Z
118,2,124969446,3277874,0.845,19866,,2026-09-15T09:43:33Z,2026-09-15T22:42:07Z
118,2,124965796,4670674,0.85,4000,,2026-09-15T07:56:47Z,2026-09-15T22:42:07Z
118,2,124927371,5715030,0.855,11653,,2026-09-14T14:36:18Z,2026-09-15T22:42:07Z
118,2,124926436,5308551,0.86,4897,,2026-09-14T14:15:10Z,2026-09-15T22:42:07Z
118,2,124920386,5414118,0.865,166898,,2026-09-14T11:50:51Z,2026-09-15T22:42:07Z
118,2,124917779,5308551,0.875,440,,2026-09-14T10:47:47Z,2026-09-15T22:42:07Z
118,2,124917394,5715030,0.88,12960,,2026-09-14T10:38:19Z,2026-09-15T22:42:07Z
118,2,124915860,5308551,0.885,2810,,2026-09-14T09:59:17Z,2026-09-15T22:42:07Z
118,2,124938838,4880908,0.885,220000,,2026-09-14T18:54:53Z,2026-09-15T22:42:07Z
118,2,124904602,5519784,0.89,60000,,2026-09-14T04:42:47Z,2026-09-15T22:42:07Z
118,2,124903183,5703238,0.895,300048,,2026-09-14T04:05:19Z,2026-09-15T22:42:07Z
118,2,124767418,5394398,0.9,505134,,2026-09-11T12:32:02Z,2026-09-15T22:42:07Z
118,2,124858334,3892272,0.9,67838,,2026-09-13T08:02:35Z,2026-09-15T22:42:07Z
118,2,124892430,5696064,0.9,56736,,2026-09-13T22:04:08Z,2026-09-15T22:42:07Z
118,2,124767127,5284417,0.905,57932,,2026-09-11T12:25:17Z,2026-09-15T22:42:07Z
118,2,124835820,3791098,0.905,40000,,2026-09-12T20:12:52Z,2026-09-15T22:42:07Z
118,2,124891990,4371088,0.905,10000,,2026-09-13T21:51:49Z,2026-09-15T22:42:07Z
118,2,124763497,5308551,0.91,7933,,2026-09-11T10:52:13Z,2026-09-15T22:42:07Z
118,2,124777376,4371088,0.915,5000,,2026-09-11T16:30:36Z,2026-09-15T22:42:07Z
118,2,124760114,5308551,0.92,952355,,2026-09-11T09:24:05Z,2026-09-15T22:42:07Z
118,2,124756143,5310507,0.93,55202,,2026-09-11T07:26:36Z,2026-09-15T22:42:07Z
118,2,124909844,5643944,1.16,604,,2026-09-14T07:02:11Z,2026-09-15T22:42:07Z
118,3,124960758,5143259,0.93,1797948,,2026-09-15T05:30:58Z,2026-09-15T22:42:07Z
118,3,124875258,5117067,0.94,4954708,,2026-09-13T15:11:42Z,2026-09-15T22:42:07Z
118,3,124760732,5256619,0.965,698237,,2026-09-11T09:42:22Z,2026-09-15T22:42:07Z
118,3,124712844,5169965,0.97,305195,,2026-09-10T11:45:06Z,2026-09-15T22:42:07Z
118,3,124702339,3500951,0.995,95670,,2026-09-10T06:54:51Z,2026-09-15T22:42:07Z
118,4,124966959,5064276,0.955,157448,,2026-09-15T08:29:41Z,2026-09-15T22:42:07Z
118,4,124901991,5064276,0.985,185612,,2026-09-14T03:29:59Z,2026-09-15T22:42:07Z
118,4,124908877,4141260,1.04,176000,,2026-09-14T06:34:50Z,2026-09-15T22:42:07Z
118,4,124908748,3926818,1.05,75922,,2026-09-14T06:31:27Z,2026-09-15T22:42:07Z
118,4,124899494,5228888,1.06,14807,,2026-09-14T02:06:20Z,2026-09-15T22:42:07Z
118,4,124863734,2886591,1.07,72580,,2026-09-13T10:33:20Z,2026-09-15T22:42:07Z
118,4,124854849,3926818,1.08,71748,,2026-09-13T06:30:35Z,2026-09-15T22:42:07Z
118,4,124662404,3682478,1.1,33475974,,2026-09-09T12:50:06Z,2026-09-15T22:42:07Z
118,4,124649257,3926818,1.12,75916,,2026-09-09T06:37:38Z,2026-09-15T22:42:07Z
118,5,124993752,5147847,1.19,360000,,2026-09-15T19:30:57Z,2026-09-15T22:42:07Z
118,5,124974917,3436341,1.2,287132,,2026-09-15T12:09:50Z,2026-09-15T22:42:07Z
118,5,124922272,5147847,1.21,380874,,2026-09-14T12:35:47Z,2026-09-15T22:42:07Z
118,5,124878809,3926818,1.24,506249,,2026-09-13T16:34:29Z,2026-09-15T22:42:07Z
118,5,124815336,5402786,1.26,627075,,2026-09-12T11:19:38Z,2026-09-15T22:42:07Z
118,6,124696901,3626714,1.3,2668794,,2026-09-10T04:35:36Z,2026-09-15T22:42:07Z
118,6,124565781,1157538,1.38,400000,,2026-09-07T15:42:38Z,2026-09-15T22:42:07Z
118,8,124766789,3132511,1.89,32936,,2026-09-11T12:16:46Z,2026-09-15T22:42:07Z
118,9,124980778,4749812,2.6,5006,,2026-09-15T14:34:40Z,2026-09-15T22:42:07Z
118,9,124876329,4315657,2.65,3500000,,2026-09-13T15:37:52Z,2026-09-15T22:42:07Z
118,9,124863947,4749812,2.7,9999,,2026-09-13T10:39:23Z,2026-09-15T22:42:07Z
118,9,124823487,1987908,2.75,5827028,,2026-09-12T14:56:20Z,2026-09-15T22:42:07Z
118,10,124731145,3168309,2.9,30000,,2026-09-10T19:06:08Z,2026-09-15T22:42:07Z
118,12,124621462,4749812,3.0,28774,,2026-09-08T17:10:52Z,2026-09-15T22:42:07Z
119,0,124997787,5419403,34.0,1493,-424.0,2026-09-15T21:06:01Z,2026-09-15T22:42:42Z
119,0,125000240,5237050,34.0,305,,2026-09-15T22:13:42Z,2026-09-15T22:42:42Z
119,0,124995626,5703123,34.25,101,,2026-09-15T20:12:59Z,2026-09-15T22:42:42Z
119,0,124965161,5458806,34.5,1913,,2026-09-15T08:49:12Z,2026-09-15T22:42:42Z
119,0,124981081,5237050,34.5,33,,2026-09-15T14:42:50Z,2026-09-15T22:42:42Z
119,0,124964932,5203337,34.75,1206,,2026-09-15T07:28:41Z,2026-09-15T22:42:42Z
119,0,124964825,5676978,35.0,208,,2026-09-15T07:25:10Z,2026-09-15T22:42:42Z
119,0,124967099,5506178,35.0,500,,2026-09-15T08:34:18Z,2026-09-15T22:42:42Z
119,0,124918548,5816260,35.5,100,,2026-09-14T11:06:25Z,2026-09-15T22:42:42Z
119,0,124717434,5041551,36.0,3516,,2026-09-10T13:33:00Z,2026-09-15T22:42:42Z
119,0,124919197,5702329,36.0,240,,2026-09-14T11:22:24Z,2026-09-15T22:42:42Z
119,0,124967450,5816260,36.0,1602,,2026-09-15T08:44:53Z,2026-09-15T22:42:42Z
119,0,124786077,5190321,37.0,4310,,2026-09-11T20:15:12Z,2026-09-15T22:42:42Z
119,0,124846897,5573320,37.0,1,,2026-09-13T02:12:16Z,2026-09-15T22:42:42Z
119,0,124816840,5699410,37.5,721,,2026-09-12T12:01:39Z,2026-09-15T22:42:42Z
119,0,124808927,5560245,37.75,8801,,2026-09-12T08:17:46Z,2026-09-15T22:42:42Z
119,0,124728160,2004200,38.0,111,,2026-09-10T17:55:20Z,2026-09-15T22:42:42Z
119,0,124753995,5828119,38.0,89,,2026-09-11T06:28:16Z,2026-09-15T22:42:42Z
119,0,124779308,5822772,38.0,20,,2026-09-11T17:20:40Z,2026-09-15T22:42:42Z
119,0,124826221,5817963,38.0,15,,2026-09-12T16:05:55Z,2026-09-15T22:42:42Z
119,0,124935080,5825704,38.0,90,,2026-09-14T17:30:55Z,2026-09-15T22:42:42Z
119,0,124643908,5700678,40.0,20,,2026-09-09T04:09:34Z,2026-09-15T22:42:42Z
119,0,124701275,5563396,40.0,318,,2026-09-10T06:27:56Z,2026-09-15T22:42:42Z
119,0,124765924,5812446,40.0,10,,2026-09-11T11:53:40Z,2026-09-15T22:42:42Z
119,0,124920503,5463468,40.0,106,,2026-09-14T11:53:31Z,2026-09-15T22:42:42Z
119,1,124999689,5700463,34.5,32,,2026-09-15T21:57:20Z,2026-09-15T22:42:42Z
119,1,124993291,5735286,34.75,1925,,2026-09-15T19:20:09Z,2026-09-15T22:42:42Z
119,1,124993815,5435178,34.75,341,,2026-09-15T19:32:35Z,2026-09-15T22:42:42Z
119,1,124989648,5700463,35.0,269,,2026-09-15T18:01:10Z,2026-09-15T22:42:42Z
119,1,124973763,5763085,35.25,544,,2026-09-15T11:40:25Z,2026-09-15T22:42:42Z
119,1,124814156,5323018,35.5,3070,,2026-09-12T10:46:53Z,2026-09-15T22:42:42Z
119,1,124734944,5709886,35.75,2013,,2026-09-10T20:35:22Z,2026-09-15T22:42:42Z
119,1,124714790,5058037,36.0,2125,,2026-09-10T12:32:33Z,2026-09-15T22:42:42Z
119,1,124717035,5435178,36.0,1033,,2026-09-10T13:25:07Z,2026-09-15T22:42:42Z
119,1,124998414,5323018,36.0,3214,,2026-09-15T21:21:46Z,2026-09-15T22:42:42Z
119,1,124793907,5827583,37.0,2,,2026-09-12T00:21:43Z,2026-09-15T22:42:42Z
119,1,124839445,3550147,39.0,200000,,2026-09-12T21:49:34Z,2026-09-15T22:42:42Z
119,2,124955415,3261489,36.25,145610,,2026-09-15T03:03:19Z,2026-09-15T22:42:42Z
119,2,124954582,5374279,36.5,2499,,2026-09-15T02:32:14Z,2026-09-15T22:42:42Z
119,2,124947080,3512227,36.75,8986,,2026-09-14T22:13:33Z,2026-09-15T22:42:42Z
119,2,124940904,5334661,37.0,4961,,2026-09-14T19:38:42Z,2026-09-15T22:42:42Z
119,2,124935455,5374279,37.75,6032,,2026-09-14T17:39:43Z,2026-09-15T22:42:42Z
119,2,124912109,5520589,38.0,23585,,2026-09-14T08:07:19Z,2026-09-15T22:42:42Z
119,2,124969540,5684810,38.0,2500,,2026-09-15T09:45:58Z,2026-09-15T22:42:42Z
119,2,124940369,4574546,38.5,3098,,2026-09-14T19:27:19Z,2026-09-15T22:42:42Z
119,2,124942692,5783339,39.75,100,,2026-09-14T20:18:48Z,2026-09-15T22:42:42Z
119,2,124411515,5022518,40.0,43691,,2026-09-04T14:26:53Z,2026-09-15T22:42:42Z
119,2,124914850,4153288,42.5,6341,,2026-09-14T09:28:52Z,2026-09-15T22:42:42Z
119,2,124774159,5022518,45.0,7715,,2026-09-11T15:20:38Z,2026-09-15T22:42:42Z
119,3,124997506,5696064,42.25,3400,,2026-09-15T20:58:25Z,2026-09-15T22:42:42Z
119,3,124996413,3946616,42.5,457,,2026-09-15T20:30:45Z,2026-09-15T22:42:42Z
119,3,124993967,5698627,42.75,5671,,2026-09-15T19:35:57Z,2026-09-15T22:42:42Z
119,3,124974643,5256619,43.0,6924,,2026-09-15T12:03:13Z,2026-09-15T22:42:42Z
119,3,124974698,3232247,43.0,5352,,2026-09-15T12:04:33Z,2026-09-15T22:42:42Z
119,3,124983359,5247847,43.0,5634,,2026-09-15T15:33:30Z,2026-09-15T22:42:42Z
119,3,124652867,1456556,43.25,12051,,2026-09-09T08:25:33Z,2026-09-15T22:42:42Z
119,3,124916966,5256619,43.25,2439,,2026-09-14T10:26:51Z,2026-09-15T22:42:42Z
119,3,124987511,3232247,43.25,8736,,2026-09-15T17:13:06Z,2026-09-15T22:42:42Z
119,3,124974681,3232247,43.5,11284,,2026-09-15T12:04:09Z,2026-09-15T22:42:42Z
119,3,124974674,3232247,43.75,11284,,2026-09-15T12:03:58Z,2026-09-15T22:42:42Z
119,3,124614882,3232247,44.0,3822,,2026-09-08T14:33:35Z,2026-09-15T22:42:42Z
119,3,124903630,4022489,44.25,6071,,2026-09-14T04:17:20Z,2026-09-15T22:42:42Z
119,3,124879767,5689313,44.75,10990,,2026-09-13T20:34:46Z,2026-09-15T22:42:42Z
119,3,124807985,1456107,45.0,2300,,2026-09-12T07:52:06Z,2026-09-15T22:42:42Z
119,4,125000340,5195072,50.0,988,,2026-09-15T22:17:34Z,2026-09-15T22:42:42Z
119,4,124998277,5195072,50.5,4838,,2026-09-15T21:18:05Z,2026-09-15T22:42:42Z
119,4,124974787,5414118,51.0,6079,,2026-09-15T12:06:32Z,2026-09-15T22:42:42Z
119,4,124957886,4073380,51.5,13857,,2026-09-15T04:15:53Z,2026-09-15T22:42:42Z
119,4,124956026,3977135,52.0,12670,,2026-09-15T03:22:44Z,2026-09-15T22:42:42Z
119,4,124989043,1464315,52.0,8300,,2026-09-15T17:47:29Z,2026-09-15T22:42:42Z
119,4,124951892,5195072,52.5,11092,,2026-09-15T01:02:35Z,2026-09-15T22:42:42Z
119,4,124903940,5414118,53.0,7318,,2026-09-14T04:25:41Z,2026-09-15T22:42:42Z
119,4,124901873,3977135,53.5,5018,,2026-09-14T03:26:13Z,2026-09-15T22:42:42Z
119,4,124896422,1379990,54.5,6600,,2026-09-14T00:23:43Z,2026-09-15T22:42:42Z
119,4,124894106,1464315,55.0,1080,,2026-09-13T23:00:26Z,2026-09-15T22:42:42Z
119,5,124996017,294834,53.0,585,,2026-09-15T20:21:10Z,2026-09-15T22:42:42Z
119,5,124996005,5402786,53.5,7478,,2026-09-15T20:20:45Z,2026-09-15T22:42:42Z
119,5,124995179,4819247,54.0,5000,,2026-09-15T20:03:25Z,2026-09-15T22:42:42Z
119,5,124994721,4719494,54.5,4205,,2026-09-15T19:53:30Z,2026-09-15T22:42:42Z
119,5,124994490,1907444,55.0,873,,2026-09-15T19:47:09Z,2026-09-15T22:42:42Z
119,5,124978389,5225452,56.0,70000,,2026-09-15T13:36:47Z,2026-09-15T22:42:42Z
119,5,124978268,4729638,56.5,104,,2026-09-15T13:33:49Z,2026-09-15T22:42:42Z
119,5,124973718,1907444,57.0,3534,,2026-09-15T11:38:57Z,2026-09-15T22:42:42Z
119,5,124850147,2213830,61.0,8130,,2026-09-13T04:12:33Z,2026-09-15T22:42:42Z
119,5,124836542,4819247,61.5,9462,,2026-09-12T20:30:57Z,2026-09-15T22:42:42Z
119,6,124993862,3027199,59.5,6600,,2026-09-15T19:33:49Z,2026-09-15T22:42:42Z
119,6,124974882,3436341,60.0,1409,,2026-09-15T12:09:01Z,2026-09-15T22:42:42Z
119,6,124973528,3277573,60.5,1024,,2026-09-15T11:34:52Z,2026-09-15T22:42:42Z
119,6,124933133,3027199,61.0,12048,,2026-09-14T16:45:23Z,2026-09-15T22:42:42Z
119,6,124910922,3277573,61.5,15043,,2026-09-14T07:31:42Z,2026-09-15T22:42:42Z
119,6,124862508,3436341,62.0,1800,,2026-09-13T09:57:19Z,2026-09-15T22:42:42Z
119,6,124858882,5309842,62.5,15203,,2026-09-13T08:16:12Z,2026-09-15T22:42:42Z
119,6,124851756,3027199,63.0,5950,,2026-09-13T05:06:26Z,2026-09-15T22:42:42Z
119,6,124923713,1741695,63.5,1000,,2026-09-14T13:10:04Z,2026-09-15T22:42:42Z
119,7,124993665,4485832,64.5,1035,,2026-09-15T19:29:14Z,2026-09-15T22:42:42Z
119,7,124701647,2149060,65.0,92,,2026-09-10T06:37:30Z,2026-09-15T22:42:42Z
119,9,124985552,3416800,65.0,10000,,2026-09-15T16:26:23Z,2026-09-15T22:42:42Z
119,9,124937980,3416800,65.5,9000,,2026-09-14T18:35:53Z,2026-09-15T22:42:42Z
119,10,124868370,2803037,69.0,252118,,2026-09-13T12:28:23Z,2026-09-15T22:42:42Z
119,11,124861470,1172003,75.0,25000,,2026-09-13T09:28:48Z,2026-09-15T22:42:42Z
119,12,124996068,3381104,69.0,5000,,2026-09-15T20:22:24Z,2026-09-15T22:42:42Z
119,12,124912188,3381104,69.5,5000,,2026-09-14T08:09:44Z,2026-09-15T22:42:42Z
119,12,124929881,2427343,69.5,4998,,2026-09-14T15:33:14Z,2026-09-15T22:42:42Z
119,12,124881589,2427343,70.0,4903,,2026-09-13T17:39:54Z,2026-09-15T22:42:42Z
119,12,124875850,3381104,74.5,5000,,2026-09-13T15:27:24Z,2026-09-15T22:42:42Z
119,12,124871547,2427343,75.0,5000,,2026-09-13T13:47:05Z,2026-09-15T22:42:42Z
119,12,124860659,3381104,79.5,5000,,2026-09-13T09:05:42Z,2026-09-15T22:42:42Z
119,12,124860208,2427343,80.0,5000,,2026-09-13T08:52:11Z,2026-09-15T22:42:42Z
119,12,124860047,3381104,84.5,5000,,2026-09-13T08:46:25Z,2026-09-15T22:42:42Z
120,0,125000935,5757923,2.55,701,-299.0,2026-09-15T22:35:59Z,2026-09-15T22:44:23Z
120,0,125000439,5695106,2.6,2300,,2026-09-15T22:19:52Z,2026-09-15T22:44:23Z
120,0,124999930,5323018,2.65,17241,,2026-09-15T22:05:00Z,2026-09-15T22:44:23Z
120,0,124999514,5784841,2.7,2983,,2026-09-15T21:52:40Z,2026-09-15T22:44:23Z
120,0,124995147,5725055,2.75,26000,,2026-09-15T20:02:34Z,2026-09-15T22:44:23Z
120,0,124995348,5794688,2.75,10716,,2026-09-15T20:06:52Z,2026-09-15T22:44:23Z
120,0,124997268,5342596,2.75,20781,,2026-09-15T20:51:59Z,2026-09-15T22:44:23Z
120,0,124998565,5737695,2.75,1000,,2026-09-15T21:26:11Z,2026-09-15T22:44:23Z
120,0,124998706,5576060,2.75,10000,,2026-09-15T21:30:01Z,2026-09-15T22:44:23Z
120,0,124834907,3653640,2.8,25734,,2026-09-12T19:48:46Z,2026-09-15T22:44:23Z
120,0,124991346,5835051,2.8,298,,2026-09-15T18:38:04Z,2026-09-15T22:44:23Z
120,0,124993467,4017699,2.8,2046,,2026-09-15T19:24:21Z,2026-09-15T22:44:23Z
120,0,124778299,5828071,2.85,500,,2026-09-11T16:54:37Z,2026-09-15T22:44:23Z
120,0,124806923,5825702,2.85,200,,2026-09-12T07:23:51Z,2026-09-15T22:44:23Z
120,0,124821642,5827977,2.85,1877,,2026-09-12T14:06:29Z,2026-09-15T22:44:23Z
120,0,124921189,5787232,2.85,60,,2026-09-14T12:10:54Z,2026-09-15T22:44:23Z
120,0,124772805,5633349,2.9,20787,,2026-09-11T14:49:52Z,2026-09-15T22:44:23Z
120,0,124774986,5780558,2.9,8757,,2026-09-11T15:38:00Z,2026-09-15T22:44:23Z
120,0,124776745,5759086,2.9,646,,2026-09-11T16:17:56Z,2026-09-15T22:44:23Z
120,0,124790770,5758848,2.9,1000,,2026-09-11T22:29:24Z,2026-09-15T22:44:23Z
120,0,124806298,5825679,2.9,400,,2026-09-12T07:08:06Z,2026-09-15T22:44:23Z
120,0,124820970,5827211,2.9,500,,2026-09-12T13:47:40Z,2026-09-15T22:44:23Z
120,0,124825685,5830720,2.9,3,,2026-09-12T15:52:16Z,2026-09-15T22:44:23Z
120,0,124897859,5834039,2.9,270,,2026-09-14T01:11:53Z,2026-09-15T22:44:23Z
120,0,124900953,5830761,2.9,1,,2026-09-14T02:55:37Z,2026-09-15T22:44:23Z
120,0,124992278,5834538,2.9,906,,2026-09-15T18:58:32Z,2026-09-15T22:44:23Z
120,0,124755317,5828184,2.95,15,,2026-09-11T07:02:38Z,2026-09-15T22:44:23Z
120,0,124765522,5547309,2.95,3007,,2026-09-11T11:43:04Z,2026-09-15T22:44:23Z
120,0,124928058,5828163,2.95,150,,2026-09-14T14:55:11Z,2026-09-15T22:44:23Z
120,0,124976157,5835268,2.95,100,,2026-09-15T12:42:41Z,2026-09-15T22:44:23Z
120,0,124458048,5809894,3.0,5037,,2026-09-05T13:11:37Z,2026-09-15T22:44:23Z
120,0,124558657,5772936,3.0,800,,2026-09-07T13:02:27Z,2026-09-15T22:44:23Z
120,0,124604157,5821358,3.0,12,,2026-09-08T09:51:15Z,2026-09-15T22:44:23Z
120,0,124607267,5821241,3.0,1314,,2026-09-08T11:16:53Z,2026-09-15T22:44:23Z
120,0,124618831,5821906,3.0,544,,2026-09-08T16:05:52Z,2026-09-15T22:44:23Z
120,0,124626107,5808707,3.0,156,,2026-09-08T19:01:11Z,2026-09-15T22:44:23Z
120,0,124655537,5810287,3.0,400,,2026-09-09T09:45:50Z,2026-09-15T22:44:23Z
120,0,124670860,5405970,3.0,3000,,2026-09-09T16:07:54Z,2026-09-15T22:44:23Z
120,0,124698506,5824006,3.0,1000,,2026-09-10T05:17:09Z,2026-09-15T22:44:23Z
120,0,124701746,5825879,3.0,1189,,2026-09-10T06:39:43Z,2026-09-15T22:44:23Z
120,0,124702081,5825903,3.0,30,,2026-09-10T06:48:53Z,2026-09-15T22:44:23Z
120,0,124715000,5826485,3.0,275,,2026-09-10T12:37:25Z,2026-09-15T22:44:23Z
120,0,124715475,5815107,3.0,274,,2026-09-10T12:47:23Z,2026-09-15T22:44:23Z
120,0,124720556,5824192,3.0,90,,2026-09-10T14:44:01Z,2026-09-15T22:44:23Z
120,0,124723224,5813197,3.0,80,,2026-09-10T15:49:16Z,2026-09-15T22:44:23Z
120,0,124750829,5827911,3.0,376,,2026-09-11T05:03:04Z,2026-09-15T22:44:23Z
120,0,124761831,5823786,3.0,1469,,2026-09-11T10:10:26Z,2026-09-15T22:44:23Z
120,0,124772212,5153562,3.0,44652,,2026-09-11T14:35:17Z,2026-09-15T22:44:23Z
120,0,124775836,5828015,3.0,500,,2026-09-11T15:56:18Z,2026-09-15T22:44:23Z
120,0,124776690,5828814,3.0,155,,2026-09-11T16:16:43Z,2026-09-15T22:44:23Z
120,0,124794400,5829637,3.0,1023,,2026-09-12T00:40:24Z,2026-09-15T22:44:23Z
120,0,124864620,5823899,3.0,283,,2026-09-13T10:56:35Z,2026-09-15T22:44:23Z
120,0,124869918,5833100,3.0,23,,2026-09-13T13:07:13Z,2026-09-15T22:44:23Z
120,0,124897374,5832010,3.0,1181,,2026-09-14T00:56:39Z,2026-09-15T22:44:23Z
120,0,124898761,5820272,3.0,60,,2026-09-14T01:41:05Z,2026-09-15T22:44:23Z
120,0,124907086,5821204,3.0,1200,,2026-09-14T05:46:41Z,2026-09-15T22:44:23Z
120,0,124912370,5822843,3.0,2000,,2026-09-14T08:15:24Z,2026-09-15T22:44:23Z
120,0,124923969,5828163,3.0,150,,2026-09-14T13:22:29Z,2026-09-15T22:44:23Z
120,0,124980030,5837394,3.0,10,,2026-09-15T14:16:27Z,2026-09-15T22:44:23Z
120,0,124764904,5825992,3.05,500,,2026-09-11T11:27:28Z,2026-09-15T22:44:23Z
120,0,124697330,5719059,3.1,2000,,2026-09-10T04:47:12Z,2026-09-15T22:44:23Z
120,0,124747767,5825748,3.1,2,,2026-09-11T03:30:43Z,2026-09-15T22:44:23Z
120,0,124762162,5828036,3.1,100,,2026-09-11T10:18:08Z,2026-09-15T22:44:23Z
120,0,124847509,5759088,3.1,66,,2026-09-13T02:34:27Z,2026-09-15T22:44:23Z
120,0,124852914,5828011,3.1,200,,2026-09-13T05:36:29Z,2026-09-15T22:44:23Z
120,0,124668762,5812915,3.15,405,,2026-09-09T15:20:16Z,2026-09-15T22:44:23Z
120,0,124835840,5828011,3.15,200,,2026-09-12T20:13:14Z,2026-09-15T22:44:23Z
120,0,124953526,5834551,3.2,50,,2026-09-15T01:55:16Z,2026-09-15T22:44:23Z
120,0,124634371,4503080,3.25,750337,,2026-09-08T22:39:13Z,2026-09-15T22:44:23Z
120,0,124636897,5790355,3.25,1444,,2026-09-09T00:06:30Z,2026-09-15T22:44:23Z
120,0,124835928,5772953,3.35,30,,2026-09-12T20:15:50Z,2026-09-15T22:44:23Z
120,0,124921036,5759088,3.35,100,,2026-09-14T12:07:17Z,2026-09-15T22:44:23Z
120,0,124611131,5759088,3.4,16,,2026-09-08T13:03:36Z,2026-09-15T22:44:23Z
120,0,124913470,5721010,3.4,3,,2026-09-14T08:47:52Z,2026-09-15T22:44:23Z
120,0,124779257,5392017,3.5,300,,2026-09-11T17:19:24Z,2026-09-15T22:44:23Z
120,0,124847530,5721010,3.5,3,,2026-09-13T02:35:11Z,2026-09-15T22:44:23Z
120,0,124859163,5772953,3.5,5,,2026-09-13T08:23:23Z,2026-09-15T22:44:23Z
120,0,124890626,5796194,3.5,25,,2026-09-13T21:11:46Z,2026-09-15T22:44:23Z
120,0,124891242,5824839,3.5,3,,2026-09-13T21:28:58Z,2026-09-15T22:44:23Z
120,0,124803628,5739507,3.55,500,,2026-09-12T06:02:14Z,2026-09-15T22:44:23Z
120,1,124992824,5749711,2.75,2257,,2026-09-15T19:09:24Z,2026-09-15T22:44:23Z
120,1,124992748,5772525,2.8,16631,,2026-09-15T19:07:58Z,2026-09-15T22:44:23Z
120,1,124993652,3817600,2.8,4000,,2026-09-15T19:29:03Z,2026-09-15T22:44:23Z
120,1,124960554,3573088,2.85,200049,,2026-09-15T05:24:53Z,2026-09-15T22:44:23Z
120,1,124955911,5050962,2.95,65717,,2026-09-15T03:18:56Z,2026-09-15T22:44:23Z
120,1,124734645,5761873,3.05,1185,,2026-09-10T20:28:18Z,2026-09-15T22:44:23Z
120,1,124519481,5462719,3.1,151034,,2026-09-06T17:54:55Z,2026-09-15T22:44:23Z
120,1,124695321,5234189,3.1,30000,,2026-09-10T03:56:20Z,2026-09-15T22:44:23Z
120,2,124998131,4187723,2.75,265108,-100.0,2026-09-15T21:13:52Z,2026-09-15T22:44:23Z
120,2,124994218,5416586,2.8,113814,,2026-09-15T19:40:45Z,2026-09-15T22:44:23Z
120,2,124981132,4963259,2.85,574952,,2026-09-15T14:43:49Z,2026-09-15T22:44:23Z
120,2,124979559,5618931,2.95,12236,,2026-09-15T14:04:13Z,2026-09-15T22:44:23Z
120,2,124979456,5260237,3.0,1579,,2026-09-15T14:01:33Z,2026-09-15T22:44:23Z
120,2,124996028,5837297,3.0,10,,2026-09-15T20:21:32Z,2026-09-15T22:44:23Z
120,2,124977524,5688593,3.05,5928,,2026-09-15T13:16:13Z,2026-09-15T22:44:23Z
120,2,124977354,5693621,3.1,57405,,2026-09-15T13:13:12Z,2026-09-15T22:44:23Z
120,2,124712444,4922415,3.15,331329,,2026-09-10T11:33:39Z,2026-09-15T22:44:23Z
120,2,124702919,5283649,3.25,55686,,2026-09-10T07:10:51Z,2026-09-15T22:44:23Z
120,3,124995551,5666502,3.15,106782,,2026-09-15T20:11:23Z,2026-09-15T22:44:23Z
120,3,124995508,725571,3.2,22459,,2026-09-15T20:10:21Z,2026-09-15T22:44:23Z
120,3,124960578,1483872,3.25,263517,,2026-09-15T05:25:30Z,2026-09-15T22:44:23Z
120,3,124960599,3492842,3.25,581068,,2026-09-15T05:26:06Z,2026-09-15T22:44:23Z
120,3,124917704,5091080,3.3,300000,,2026-09-14T10:45:20Z,2026-09-15T22:44:23Z
120,3,124969481,4153288,3.3,250000,,2026-09-15T09:44:20Z,2026-09-15T22:44:23Z
120,3,124915026,4153288,3.4,120000,,2026-09-14T09:33:45Z,2026-09-15T22:44:23Z
120,4,124975851,743219,3.3,1093370,,2026-09-15T12:35:13Z,2026-09-15T22:44:23Z
120,4,124924254,4843495,3.35,162380,,2026-09-14T13:28:54Z,2026-09-15T22:44:23Z
120,4,124881795,4652370,3.45,137267,,2026-09-13T17:44:04Z,2026-09-15T22:44:23Z
120,4,124881540,1532747,3.5,11477,,2026-09-13T17:38:43Z,2026-09-15T22:44:23Z
120,4,124839817,4751588,4.3,244750,,2026-09-12T21:59:36Z,2026-09-15T22:44:23Z
120,4,124839836,1110790,4.3,14754,,2026-09-12T22:00:31Z,2026-09-15T22:44:23Z
120,5,124982638,1106171,3.5,32316,,2026-09-15T15:18:35Z,2026-09-15T22:44:23Z
120,6,124998653,743219,3.5,1718733,,2026-09-15T21:28:41Z,2026-09-15T22:44:23Z
120,6,124876818,2409057,3.55,849738,,2026-09-13T15:49:18Z,2026-09-15T22:44:23Z
120,6,124847816,743219,3.75,790620,,2026-09-13T02:47:14Z,2026-09-15T22:44:23Z
120,7,124937493,4945717,4.45,300000,,2026-09-14T18:23:54Z,2026-09-15T22:44:23Z
120,7,124829691,743219,4.5,61680,,2026-09-12T17:33:23Z,2026-09-15T22:44:23Z
120,7,124756860,383752,4.55,100000,,2026-09-11T07:48:12Z,2026-09-15T22:44:23Z
120,7,124796251,1589767,4.55,50000,,2026-09-12T01:54:21Z,2026-09-15T22:44:23Z
120,8,124998644,743219,6.5,101780,,2026-09-15T21:28:24Z,2026-09-15T22:44:23Z
120,10,124641055,3126578,7.0,20000,,2026-09-09T02:32:41Z,2026-09-15T22:44:23Z
120,11,124656288,1800467,7.0,71519,,2026-09-09T10:07:12Z,2026-09-15T22:44:23Z
121,0,124990658,2713482,145.0,374,-10.0,2026-09-15T18:24:24Z,2026-09-15T22:41:48Z
121,0,124991021,5479708,145.0,457,,2026-09-15T18:31:58Z,2026-09-15T22:41:48Z
121,0,124971966,4960411,146.0,154,,2026-09-15T10:53:06Z,2026-09-15T22:41:48Z
121,0,124948093,5572747,147.0,2091,,2026-09-14T22:49:04Z,2026-09-15T22:41:48Z
121,0,124957766,5591572,147.0,147,,2026-09-15T04:12:58Z,2026-09-15T22:41:48Z
121,0,124911860,5572796,148.0,606,,2026-09-14T08:00:15Z,2026-09-15T22:41:48Z
121,0,124928198,5644294,148.0,280,,2026-09-14T14:58:25Z,2026-09-15T22:41:48Z
121,0,124934496,5591572,148.0,12,,2026-09-14T17:17:51Z,2026-09-15T22:41:48Z
121,0,124911564,5616513,149.0,166,,2026-09-14T07:49:29Z,2026-09-15T22:41:48Z
121,0,124914586,5824379,149.0,60,,2026-09-14T09:21:13Z,2026-09-15T22:41:48Z
121,0,124927584,3530263,149.0,1097,,2026-09-14T14:42:21Z,2026-09-15T22:41:48Z
121,0,124932109,5591572,149.0,69,,2026-09-14T16:23:54Z,2026-09-15T22:41:48Z
121,0,124870389,4662295,150.0,496,,2026-09-13T13:17:59Z,2026-09-15T22:41:48Z
121,0,124910462,5591572,150.0,23,,2026-09-14T07:18:17Z,2026-09-15T22:41:48Z
121,0,124982703,5360478,150.0,298,,2026-09-15T15:20:24Z,2026-09-15T22:41:48Z
121,0,124870104,4789932,151.0,27,,2026-09-13T13:11:37Z,2026-09-15T22:41:48Z
121,0,124696805,4022489,152.0,2736,,2026-09-10T04:32:36Z,2026-09-15T22:41:48Z
121,0,124807248,5360478,152.0,700,,2026-09-12T07:31:35Z,2026-09-15T22:41:48Z
121,0,124767012,5828163,155.0,2,,2026-09-11T12:22:55Z,2026-09-15T22:41:48Z
121,0,124772793,2562354,161.0,100,,2026-09-11T14:49:42Z,2026-09-15T22:41:48Z
121,0,124623762,2562354,162.0,200,,2026-09-08T18:07:18Z,2026-09-15T22:41:48Z
121,0,124610524,5821487,169.0,30,,2026-09-08T12:47:35Z,2026-09-15T22:41:48Z
121,0,124800699,1779549,170.0,20,,2026-09-12T04:36:16Z,2026-09-15T22:41:48Z
121,0,124605088,1779549,171.0,320,,2026-09-08T10:16:37Z,2026-09-15T22:41:48Z
121,0,124702067,5756532,172.0,11,,2026-09-10T06:48:19Z,2026-09-15T22:41:48Z
121,1,124987048,5395250,159.0,350,,2026-09-15T17:01:42Z,2026-09-15T22:41:48Z
121,1,124962408,4097907,164.0,337,,2026-09-15T06:15:56Z,2026-09-15T22:41:48Z
121,1,124814134,5721575,165.0,823,,2026-09-12T10:46:14Z,2026-09-15T22:41:48Z
121,1,124786728,5286535,167.0,557,,2026-09-11T20:31:26Z,2026-09-15T22:41:48Z
121,1,123181388,5135059,171.0,19512,,2026-09-04T19:40:10Z,2026-09-15T22:41:48Z
121,1,124619910,5135059,175.0,900,,2026-09-08T16:32:07Z,2026-09-15T22:41:48Z
121,2,124963423,5613671,163.0,270,,2026-09-15T06:44:57Z,2026-09-15T22:41:48Z
121,2,124971052,4923061,164.0,1000,,2026-09-15T10:27:40Z,2026-09-15T22:41:48Z
121,2,124866312,4564415,165.0,4483,,2026-09-13T11:41:38Z,2026-09-15T22:41:48Z
121,2,124961596,5055879,172.0,2000,,2026-09-15T05:53:28Z,2026-09-15T22:41:48Z
121,2,124764403,4400688,173.0,6513,,2026-09-11T11:16:43Z,2026-09-15T22:41:48Z
121,2,124759047,4352113,174.0,259,,2026-09-11T08:53:05Z,2026-09-15T22:41:48Z
121,2,124632774,5055879,176.0,2004,,2026-09-08T21:44:46Z,2026-09-15T22:41:48Z
121,2,124505391,5055879,179.0,4017,,2026-09-06T12:12:32Z,2026-09-15T22:41:48Z
121,3,124626302,2858147,180.0,40620,,2026-09-08T19:04:38Z,2026-09-15T22:41:48Z
121,3,124960233,3854991,180.0,359,,2026-09-15T05:16:46Z,2026-09-15T22:41:48Z
121,3,124544013,4791344,182.0,14796,813.0,2026-09-07T06:09:59Z,2026-09-15T22:41:48Z
121,3,124879947,5246249,183.0,617,,2026-09-13T17:01:23Z,2026-09-15T22:41:48Z
121,3,124910920,5246249,186.0,617,,2026-09-14T07:31:38Z,2026-09-15T22:41:48Z
121,4,124996096,3263224,218.0,3777,,2026-09-15T20:23:07Z,2026-09-15T22:41:48Z
121,4,124980289,4446480,220.0,1389,,2026-09-15T14:22:50Z,2026-09-15T22:41:48Z
121,4,124878459,3263224,226.0,4692,,2026-09-13T16:26:24Z,2026-09-15T22:41:48Z
121,5,124996391,3270736,220.0,9664,,2026-09-15T20:30:39Z,2026-09-15T22:41:48Z
121,5,124958878,2495923,226.0,6492,,2026-09-15T04:43:20Z,2026-09-15T22:41:48Z
121,5,124952100,5224351,228.0,5409,,2026-09-15T01:10:12Z,2026-09-15T22:41:48Z
121,5,124696377,247160,230.0,1213,,2026-09-10T04:22:09Z,2026-09-15T22:41:48Z
121,5,124980902,1741695,230.0,1000,,2026-09-15T14:37:37Z,2026-09-15T22:41:48Z
121,6,124977596,1820824,234.0,9977,,2026-09-15T13:18:02Z,2026-09-15T22:41:48Z
121,6,124643192,3261489,236.0,24299,,2026-09-09T03:47:58Z,2026-09-15T22:41:48Z
121,6,124959532,3845340,240.0,2000,,2026-09-15T05:00:20Z,2026-09-15T22:41:48Z
121,7,124986357,886595,240.0,67310,,2026-09-15T16:45:13Z,2026-09-15T22:41:48Z
121,7,124844367,3969539,242.0,11527,,2026-09-13T00:36:52Z,2026-09-15T22:41:48Z
121,8,124982975,3758040,250.0,6011,,2026-09-15T15:26:07Z,2026-09-15T22:41:48Z
121,8,124508906,3399095,262.0,10209,,2026-09-06T13:36:10Z,2026-09-15T22:41:48Z
121,8,124685632,5010375,262.0,166,,2026-09-09T22:14:08Z,2026-09-15T22:41:48Z
121,9,124983004,3758040,256.0,5508,,2026-09-15T15:26:33Z,2026-09-15T22:41:48Z
121,10,124852807,5094751,264.0,1177,,2026-09-13T05:33:51Z,2026-09-15T22:41:48Z
121,11,124847934,4503172,270.0,191,,2026-09-13T02:51:40Z,2026-09-15T22:41:48Z
121,12,124869977,1405672,264.0,3880,,2026-09-13T13:08:36Z,2026-09-15T22:41:48Z
122,0,124995023,5227420,118.0,354,,2026-09-15T20:00:12Z,2026-09-15T22:42:45Z
122,0,124999128,5508593,118.0,276,,2026-09-15T21:42:14Z,2026-09-15T22:42:45Z
122,0,124976988,5227420,119.0,548,,2026-09-15T13:05:09Z,2026-09-15T22:42:45Z
122,0,124784360,5746604,120.0,1224,,2026-09-11T19:31:54Z,2026-09-15T22:42:45Z
122,0,124802705,5466249,120.0,100,,2026-09-12T05:36:44Z,2026-09-15T22:42:45Z
122,0,124880913,5372682,120.0,1500,,2026-09-13T17:24:41Z,2026-09-15T22:42:45Z
122,0,124778812,5783544,124.0,5,,2026-09-11T17:08:03Z,2026-09-15T22:42:45Z
122,0,124778797,5287317,125.0,6596,,2026-09-11T17:07:51Z,2026-09-15T22:42:45Z
122,0,124909926,5617900,125.0,1000,,2026-09-14T07:03:57Z,2026-09-15T22:42:45Z
122,0,124917533,5828187,125.0,4,,2026-09-14T10:41:21Z,2026-09-15T22:42:45Z
122,0,124778258,5639698,126.0,30,,2026-09-11T16:53:23Z,2026-09-15T22:42:45Z
122,0,124744740,5224647,127.0,136,,2026-09-11T01:41:59Z,2026-09-15T22:42:45Z
122,0,124746462,5594509,127.0,82,,2026-09-11T02:44:03Z,2026-09-15T22:42:45Z
122,0,124765304,5480842,127.0,1290,,2026-09-11T11:37:39Z,2026-09-15T22:42:45Z
122,0,124810572,1795891,127.0,1306,,2026-09-12T09:03:30Z,2026-09-15T22:42:45Z
122,0,124815652,5797890,127.0,169,,2026-09-12T11:29:20Z,2026-09-15T22:42:45Z
122,0,124727485,5699641,128.0,81,,2026-09-10T17:38:00Z,2026-09-15T22:42:45Z
122,0,124768235,5224647,128.0,378,,2026-09-11T12:53:20Z,2026-09-15T22:42:45Z
122,0,124979493,5698942,128.0,3407,,2026-09-15T14:02:32Z,2026-09-15T22:42:45Z
122,0,124695088,5699641,129.0,99,,2026-09-10T03:48:24Z,2026-09-15T22:42:45Z
122,0,124722408,5823786,130.0,40,,2026-09-10T15:30:07Z,2026-09-15T22:42:45Z
122,0,124771936,5815156,130.0,1,,2026-09-11T14:28:07Z,2026-09-15T22:42:45Z
122,0,124638119,5821358,133.0,1,,2026-09-09T00:51:03Z,2026-09-15T22:42:45Z
122,0,124657533,5721010,136.0,10,,2026-09-09T10:43:08Z,2026-09-15T22:42:45Z
122,0,124771961,5815156,139.0,8,,2026-09-11T14:28:38Z,2026-09-15T22:42:45Z
122,0,124716405,5826527,140.0,10,,2026-09-10T13:10:41Z,2026-09-15T22:42:45Z
122,0,124842588,5759134,140.0,1,,2026-09-12T23:31:29Z,2026-09-15T22:42:45Z
122,0,124856920,5814340,140.0,5,,2026-09-13T07:24:40Z,2026-09-15T22:42:45Z
122,0,124639395,5821310,160.0,2,,2026-09-09T01:34:15Z,2026-09-15T22:42:45Z
122,1,124977631,5681827,119.0,154,,2026-09-15T13:18:45Z,2026-09-15T22:42:45Z
122,1,124993820,5435178,119.0,394,,2026-09-15T19:32:43Z,2026-09-15T22:42:45Z
122,1,124932104,5189110,120.0,193,,2026-09-14T16:23:39Z,2026-09-15T22:42:45Z
122,1,124935499,4524155,120.0,1000,,2026-09-14T17:40:45Z,2026-09-15T22:42:45Z
122,1,124978665,3398157,120.0,741,,2026-09-15T13:42:22Z,2026-09-15T22:42:45Z
122,1,124806255,5464805,121.0,968,,2026-09-12T07:07:20Z,2026-09-15T22:42:45Z
122,1,124802410,5189110,123.0,125,,2026-09-12T05:29:25Z,2026-09-15T22:42:45Z
122,1,124778467,4664050,126.0,119,,2026-09-11T16:58:40Z,2026-09-15T22:42:45Z
122,1,124697504,3398157,129.0,688,,2026-09-10T04:52:20Z,2026-09-15T22:42:45Z
122,1,124716521,5826527,130.0,5,,2026-09-10T13:13:05Z,2026-09-15T22:42:45Z
122,1,124853445,5830761,130.0,2,,2026-09-13T05:53:29Z,2026-09-15T22:42:45Z
122,1,124908961,1456556,130.0,231,,2026-09-14T06:37:14Z,2026-09-15T22:42:45Z
122,1,124614292,5806774,138.0,11,,2026-09-08T14:20:12Z,2026-09-15T22:42:45Z
122,1,124696380,5825692,140.0,30,,2026-09-10T04:22:09Z,2026-09-15T22:42:45Z
122,1,124757573,5825879,140.0,15,,2026-09-11T08:10:43Z,2026-09-15T22:42:45Z
122,1,124777942,5759088,140.0,8,,2026-09-11T16:44:37Z,2026-09-15T22:42:45Z
122,1,124955712,5759134,140.0,1,,2026-09-15T03:12:08Z,2026-09-15T22:42:45Z
122,2,125000994,4791344,117.0,1671,-179.0,2026-09-15T22:37:34Z,2026-09-15T22:42:45Z
122,2,125000503,4854195,118.0,166,,2026-09-15T22:21:45Z,2026-09-15T22:42:45Z
122,2,124994242,5759987,119.0,272,,2026-09-15T19:41:27Z,2026-09-15T22:42:45Z
122,2,124994383,5705057,119.0,1130,,2026-09-15T19:44:51Z,2026-09-15T22:42:45Z
122,2,124989341,5691625,120.0,2361,,2026-09-15T17:54:34Z,2026-09-15T22:42:45Z
122,2,124988923,4197903,121.0,256,,2026-09-15T17:44:14Z,2026-09-15T22:42:45Z
122,2,124983432,5775392,122.0,151,,2026-09-15T15:35:40Z,2026-09-15T22:42:45Z
122,2,124983331,5035353,123.0,1000,,2026-09-15T15:32:49Z,2026-09-15T22:42:45Z
122,2,124983313,5660527,125.0,1669,,2026-09-15T15:32:29Z,2026-09-15T22:42:45Z
122,2,124983066,5750144,126.0,75,,2026-09-15T15:27:45Z,2026-09-15T22:42:45Z
122,2,124982704,5375271,127.0,1275,,2026-09-15T15:20:24Z,2026-09-15T22:42:45Z
122,2,124981987,5713516,128.0,242,,2026-09-15T15:04:01Z,2026-09-15T22:42:45Z
122,2,124982519,5705057,128.0,1369,,2026-09-15T15:15:38Z,2026-09-15T22:42:45Z
122,2,124981594,411711,129.0,6184,,2026-09-15T14:54:32Z,2026-09-15T22:42:45Z
122,2,124693710,5375271,130.0,1489,,2026-09-10T03:03:39Z,2026-09-15T22:42:45Z
122,2,124693870,5627538,130.0,3508,,2026-09-10T03:07:55Z,2026-09-15T22:42:45Z
122,2,124729518,5814867,130.0,50,,2026-09-10T18:26:54Z,2026-09-15T22:42:45Z
122,2,124742552,5387807,130.0,4000,,2026-09-11T00:22:33Z,2026-09-15T22:42:45Z
122,2,124754641,4997984,130.0,5000,,2026-09-11T06:45:18Z,2026-09-15T22:42:45Z
122,2,124696689,5691625,131.0,300,,2026-09-10T04:30:09Z,2026-09-15T22:42:45Z
122,2,124908818,1456556,131.0,1596,,2026-09-14T06:33:16Z,2026-09-15T22:42:45Z
122,2,124618932,4997984,132.0,10000,,2026-09-08T16:08:09Z,2026-09-15T22:42:45Z
122,2,124599620,4997984,133.0,5000,,2026-09-08T07:34:00Z,2026-09-15T22:42:45Z
122,2,124822249,5471290,145.0,163,,2026-09-12T14:22:31Z,2026-09-15T22:42:45Z
122,3,125000890,5532614,133.0,1043,,2026-09-15T22:34:40Z,2026-09-15T22:42:45Z
122,3,125000197,5480150,134.0,18046,,2026-09-15T22:12:11Z,2026-09-15T22:42:45Z
122,4,125000182,4442362,137.0,1495,,2026-09-15T22:11:35Z,2026-09-15T22:42:45Z
122,4,124993840,4442362,138.0,6637,,2026-09-15T19:33:58Z,2026-09-15T22:42:45Z
122,4,124918491,4927977,139.0,10920,,2026-09-14T11:04:47Z,2026-09-15T22:42:45Z
122,4,124283308,4927977,140.0,83486,,2026-09-04T17:25:50Z,2026-09-15T22:42:45Z
122,4,124740761,4451759,153.0,5000,,2026-09-10T23:18:41Z,2026-09-15T22:42:45Z
122,5,124995183,1937744,138.0,22183,,2026-09-15T20:03:30Z,2026-09-15T22:42:45Z
122,5,124993761,4680392,139.0,15850,,2026-09-15T19:31:05Z,2026-09-15T22:42:45Z
122,5,124991951,4795386,140.0,12095,,2026-09-15T18:51:19Z,2026-09-15T22:42:45Z
122,5,124975031,5363005,141.0,4012,,2026-09-15T12:13:39Z,2026-09-15T22:42:45Z
122,5,124922959,53480,142.0,5000,,2026-09-14T12:53:41Z,2026-09-15T22:42:45Z
122,5,124922800,5363005,145.0,12048,,2026-09-14T12:49:21Z,2026-09-15T22:42:45Z
122,5,124865246,1888755,146.0,1500,,2026-09-13T11:13:00Z,2026-09-15T22:42:45Z
122,5,124804905,3969539,147.0,10780,,2026-09-12T06:33:08Z,2026-09-15T22:42:45Z
122,5,124759103,1907444,148.0,3954,,2026-09-11T08:54:48Z,2026-09-15T22:42:45Z
122,5,124655522,735142,149.0,31446,,2026-09-09T09:45:28Z,2026-09-15T22:42:45Z
122,5,124606097,3969539,154.0,11634,,2026-09-08T10:44:42Z,2026-09-15T22:42:45Z
122,5,124599662,1907444,155.0,5589,,2026-09-08T07:35:39Z,2026-09-15T22:42:45Z
122,5,124601378,558508,168.0,50000,,2026-09-08T08:30:31Z,2026-09-15T22:42:45Z
122,6,124996293,5433167,143.0,1000,,2026-09-15T20:28:30Z,2026-09-15T22:42:45Z
122,6,124998106,4591065,143.0,1699,,2026-09-15T21:13:27Z,2026-09-15T22:42:45Z
122,6,124958937,3416830,144.0,3275,,2026-09-15T04:44:57Z,2026-09-15T22:42:45Z
122,6,124960558,5433167,145.0,1000,,2026-09-15T05:24:58Z,2026-09-15T22:42:45Z
122,6,124940828,4591065,146.0,2619,,2026-09-14T19:37:25Z,2026-09-15T22:42:45Z
122,6,124878492,5092464,147.0,24464,,2026-09-13T16:27:10Z,2026-09-15T22:42:45Z
122,6,124845428,4591065,149.0,788,,2026-09-13T01:18:42Z,2026-09-15T22:42:45Z
122,6,124718088,4405905,157.0,5000,,2026-09-10T13:48:04Z,2026-09-15T22:42:45Z
122,6,124931719,2199752,173.0,91470,,2026-09-14T16:14:36Z,2026-09-15T22:42:45Z
122,8,124991734,2335324,167.0,180,,2026-09-15T18:46:40Z,2026-09-15T22:42:45Z
122,8,124940985,4591065,168.0,1433,,2026-09-14T19:40:20Z,2026-09-15T22:42:45Z
122,9,124994954,3527420,184.0,13971,,2026-09-15T19:58:56Z,2026-09-15T22:42:45Z
122,9,124891453,3758040,195.0,1623,,2026-09-13T21:35:03Z,2026-09-15T22:42:45Z
122,10,124897258,427773,185.0,1529,,2026-09-14T00:52:25Z,2026-09-15T22:42:45Z
122,10,124766828,3132511,197.0,2709,,2026-09-11T12:17:54Z,2026-09-15T22:42:45Z
122,10,124737565,1420693,198.0,60,,2026-09-10T21:38:46Z,2026-09-15T22:42:45Z
122,11,124968553,383752,197.0,384,,2026-09-15T09:18:43Z,2026-09-15T22:42:45Z
122,11,124776474,2793840,212.0,1500,,2026-09-11T16:10:42Z,2026-09-15T22:42:45Z
122,12,124685646,4038562,214.0,4489,,2026-09-09T22:14:36Z,2026-09-15T22:42:45Z
123,0,125000916,5772854,278.0,60,-49.0,2026-09-15T22:35:20Z,2026-09-15T22:40:37Z
123,0,124999127,5807341,280.0,1,,2026-09-15T21:42:11Z,2026-09-15T22:40:37Z
123,0,124995953,5699226,282.0,103,,2026-09-15T20:19:47Z,2026-09-15T22:40:37Z
123,0,124998945,5832336,282.0,24,,2026-09-15T21:37:15Z,2026-09-15T22:40:37Z
123,0,124995614,5703123,284.0,37,,2026-09-15T20:12:46Z,2026-09-15T22:40:37Z
123,0,124775613,5661885,286.0,116,,2026-09-11T15:51:33Z,2026-09-15T22:40:37Z
123,0,124821971,5573320,286.0,1,,2026-09-12T14:15:14Z,2026-09-15T22:40:37Z
123,0,124974220,3803929,286.0,6869,,2026-09-15T11:52:25Z,2026-09-15T22:40:37Z
123,0,124774249,5689028,290.0,254,,2026-09-11T15:22:17Z,2026-09-15T22:40:37Z
123,0,124832644,5520341,290.0,304,,2026-09-12T18:50:28Z,2026-09-15T22:40:37Z
123,0,124848691,3803929,290.0,4800,,2026-09-13T03:21:44Z,2026-09-15T22:40:37Z
123,0,124633515,3803929,296.0,5648,,2026-09-08T22:07:32Z,2026-09-15T22:40:37Z
123,0,124961083,5687495,296.0,202,,2026-09-15T05:38:59Z,2026-09-15T22:40:37Z
123,0,124618095,5661520,300.0,40,,2026-09-08T15:49:15Z,2026-09-15T22:40:37Z
123,0,124856910,5814340,310.0,1,,2026-09-13T07:24:29Z,2026-09-15T22:40:37Z
123,0,124821146,787634,320.0,7495,,2026-09-12T13:52:45Z,2026-09-15T22:40:37Z
123,0,124920561,5463468,350.0,19,,2026-09-14T11:54:23Z,2026-09-15T22:40:37Z
123,1,124931383,5617856,286.0,1977,,2026-09-14T16:06:34Z,2026-09-15T22:40:37Z
123,1,124755956,5293861,298.0,100,,2026-09-11T07:20:58Z,2026-09-15T22:40:37Z
123,1,124454749,5617856,300.0,5000,,2026-09-05T11:46:08Z,2026-09-15T22:40:37Z
123,1,124821135,787634,308.0,1364,,2026-09-12T13:52:26Z,2026-09-15T22:40:37Z
123,2,124999867,5735907,280.0,85,,2026-09-15T22:03:18Z,2026-09-15T22:40:37Z
123,2,124996152,5089252,282.0,508,,2026-09-15T20:24:50Z,2026-09-15T22:40:37Z
123,2,124994066,4574546,290.0,1500,,2026-09-15T19:37:25Z,2026-09-15T22:40:37Z
123,2,124770612,5089252,294.0,1862,,2026-09-11T13:53:54Z,2026-09-15T22:40:37Z
123,2,124768859,4602529,296.0,365,,2026-09-11T13:09:24Z,2026-09-15T22:40:37Z
123,2,124733252,4602529,300.0,1298,,2026-09-10T19:55:50Z,2026-09-15T22:40:37Z
123,2,124934836,2738739,300.0,10880,,2026-09-14T17:25:01Z,2026-09-15T22:40:37Z
123,3,124998555,5359878,300.0,1000,,2026-09-15T21:25:48Z,2026-09-15T22:40:37Z
123,3,124990318,2561644,302.0,457,,2026-09-15T18:16:04Z,2026-09-15T22:40:37Z
123,3,124848837,5182905,304.0,40,,2026-09-13T03:26:56Z,2026-09-15T22:40:37Z
123,3,124989690,4884037,304.0,1000,,2026-09-15T18:01:55Z,2026-09-15T22:40:37Z
123,3,124846081,2561644,306.0,783,,2026-09-13T01:40:47Z,2026-09-15T22:40:37Z
123,3,124989703,4884037,306.0,500,,2026-09-15T18:02:08Z,2026-09-15T22:40:37Z
123,3,124835742,4884037,308.0,600,,2026-09-12T20:10:41Z,2026-09-15T22:40:37Z
123,3,124796162,5217090,316.0,3560,,2026-09-12T01:50:53Z,2026-09-15T22:40:37Z
123,4,124992453,5012837,306.0,1266,,2026-09-15T19:02:15Z,2026-09-15T22:40:37Z
123,4,124987499,3688094,308.0,484,,2026-09-15T17:12:49Z,2026-09-15T22:40:37Z
123,4,124987488,3688094,310.0,500,,2026-09-15T17:12:36Z,2026-09-15T22:40:37Z
123,4,124994529,2204293,310.0,6533,,2026-09-15T19:47:55Z,2026-09-15T22:40:37Z
123,4,124912914,1009616,312.0,1000,,2026-09-14T08:30:54Z,2026-09-15T22:40:37Z
123,4,124914065,3688094,312.0,500,,2026-09-14T09:05:08Z,2026-09-15T22:40:37Z
123,4,124908944,3688094,314.0,500,,2026-09-14T06:36:50Z,2026-09-15T22:40:37Z
123,4,124903862,2204293,316.0,3648,,2026-09-14T04:23:31Z,2026-09-15T22:40:37Z
123,4,124905852,3688094,316.0,500,,2026-09-14T05:17:07Z,2026-09-15T22:40:37Z
123,4,124892733,4112845,318.0,1984,,2026-09-13T22:14:07Z,2026-09-15T22:40:37Z
123,4,124908934,3688094,318.0,500,,2026-09-14T06:36:25Z,2026-09-15T22:40:37Z
123,4,124777107,5715623,320.0,500,,2026-09-11T16:25:07Z,2026-09-15T22:40:37Z
123,4,124796143,5217090,322.0,2058,,2026-09-12T01:49:50Z,2026-09-15T22:40:37Z
123,4,124668017,3074153,324.0,2000,,2026-09-09T15:03:17Z,2026-09-15T22:40:37Z
123,5,124995480,5149337,310.0,141,,2026-09-15T20:09:36Z,2026-09-15T22:40:37Z
123,5,124996392,4792353,310.0,10000,,2026-09-15T20:30:40Z,2026-09-15T22:40:37Z
123,5,124939687,1674023,312.0,6704,,2026-09-14T19:12:45Z,2026-09-15T22:40:37Z
123,5,124949060,669165,312.0,960,,2026-09-14T23:20:41Z,2026-09-15T22:40:37Z
123,5,124996383,4792353,312.0,10000,,2026-09-15T20:30:28Z,2026-09-15T22:40:37Z
123,5,124937381,5012837,314.0,1400,,2026-09-14T18:21:56Z,2026-09-15T22:40:37Z
123,5,124917946,4792353,316.0,10000,,2026-09-14T10:51:16Z,2026-09-15T22:40:37Z
123,5,124903218,2213830,318.0,825,,2026-09-14T04:06:16Z,2026-09-15T22:40:37Z
123,5,124891863,4792353,320.0,10000,,2026-09-13T21:48:15Z,2026-09-15T22:40:37Z
123,5,124903107,1878657,320.0,3976,,2026-09-14T04:03:19Z,2026-09-15T22:40:37Z
123,5,124889866,5012837,322.0,589,,2026-09-13T20:52:58Z,2026-09-15T22:40:37Z
123,5,124850934,3808562,324.0,9005,,2026-09-13T04:38:59Z,2026-09-15T22:40:37Z
123,5,124848307,4634298,328.0,10000,,2026-09-13T03:08:14Z,2026-09-15T22:40:37Z
123,5,124679792,4792353,330.0,5000,,2026-09-09T19:45:37Z,2026-09-15T22:40:37Z
123,5,124669226,5149337,332.0,644,,2026-09-09T15:30:25Z,2026-09-15T22:40:37Z
123,5,124666421,4792353,334.0,10000,,2026-09-09T14:24:01Z,2026-09-15T22:40:37Z
123,6,124885462,3553330,326.0,15919,,2026-09-13T19:10:28Z,2026-09-15T22:40:37Z
123,6,124902064,5024454,336.0,1651,,2026-09-14T03:32:13Z,2026-09-15T22:40:37Z
123,6,124872284,1820824,338.0,15000,,2026-09-13T14:05:56Z,2026-09-15T22:40:37Z
123,6,124614187,4301859,352.0,2857,,2026-09-08T14:17:31Z,2026-09-15T22:40:37Z
123,7,124650312,3416800,388.0,5562,,2026-09-09T07:06:02Z,2026-09-15T22:40:37Z
123,8,124998423,1782301,326.0,1754,,2026-09-15T21:22:03Z,2026-09-15T22:40:37Z
123,8,124893685,1782301,338.0,4972,,2026-09-13T22:46:53Z,2026-09-15T22:40:37Z
123,8,124705157,1782301,340.0,3339,,2026-09-10T08:11:22Z,2026-09-15T22:40:37Z
123,8,124682840,4709855,388.0,18177,,2026-09-09T20:56:19Z,2026-09-15T22:40:37Z
123,9,124996453,4707475,386.0,2394,,2026-09-15T20:31:43Z,2026-09-15T22:40:37Z
123,9,124779599,4141352,388.0,286,,2026-09-11T17:28:20Z,2026-09-15T22:40:37Z
123,12,124954726,1296278,400.0,1858,,2026-09-15T02:37:20Z,2026-09-15T22:40:37Z
124,0,124999859,5797263,34.0,1100,,2026-09-15T22:03:06Z,2026-09-15T22:44:21Z
124,0,124999621,5826553,34.25,95,,2026-09-15T21:55:15Z,2026-09-15T22:44:21Z
124,0,124999721,5555329,34.25,9000,,2026-09-15T21:58:11Z,2026-09-15T22:44:21Z
124,0,124998761,5793456,34.5,160,,2026-09-15T21:31:16Z,2026-09-15T22:44:21Z
124,0,124999091,5742073,34.5,7500,,2026-09-15T21:41:04Z,2026-09-15T22:44:21Z
124,0,124997719,5820584,34.75,340,,2026-09-15T21:04:24Z,2026-09-15T22:44:21Z
124,0,124997789,5644282,34.75,222,,2026-09-15T21:06:04Z,2026-09-15T22:44:21Z
124,0,124982437,5010375,35.0,36849,,2026-09-15T15:13:46Z,2026-09-15T22:44:21Z
124,0,124986460,5200117,35.0,38542,,2026-09-15T16:47:06Z,2026-09-15T22:44:21Z
124,0,124992478,5801699,35.0,100,,2026-09-15T19:02:47Z,2026-09-15T22:44:21Z
124,0,124996716,5824789,35.0,554,,2026-09-15T20:37:51Z,2026-09-15T22:44:21Z
124,0,124912916,5653684,35.25,2736,,2026-09-14T08:30:59Z,2026-09-15T22:44:21Z
124,0,124916953,5609407,35.25,1100,,2026-09-14T10:26:32Z,2026-09-15T22:44:21Z
124,0,124917124,5820584,35.25,160,,2026-09-14T10:30:38Z,2026-09-15T22:44:21Z
124,0,124939143,5801699,35.25,500,,2026-09-14T19:01:48Z,2026-09-15T22:44:21Z
124,0,124970231,5786759,35.25,30,,2026-09-15T10:06:00Z,2026-09-15T22:44:21Z
124,0,124876848,5820584,35.5,165,,2026-09-13T16:53:50Z,2026-09-15T22:44:21Z
124,0,124880401,5791482,35.5,700,,2026-09-13T17:11:58Z,2026-09-15T22:44:21Z
124,0,124971294,5669030,35.5,3500,,2026-09-15T10:34:31Z,2026-09-15T22:44:21Z
124,0,124914588,5826401,36.0,77,,2026-09-14T09:21:17Z,2026-09-15T22:44:21Z
124,0,124915417,5713912,36.0,149,,2026-09-14T09:46:01Z,2026-09-15T22:44:21Z
124,0,124935117,5756764,36.0,300,,2026-09-14T17:32:07Z,2026-09-15T22:44:21Z
124,0,124961669,5828163,36.0,50,,2026-09-15T05:55:18Z,2026-09-15T22:44:21Z
124,0,124964613,5296619,36.0,791,,2026-09-15T07:19:18Z,2026-09-15T22:44:21Z
124,0,124967410,5396632,36.0,168000,,2026-09-15T08:43:19Z,2026-09-15T22:44:21Z
124,0,124969045,5834588,36.0,60,,2026-09-15T09:33:20Z,2026-09-15T22:44:21Z
124,0,124857109,5822488,36.25,10,,2026-09-13T07:29:39Z,2026-09-15T22:44:21Z
124,0,124867231,5555807,36.5,10854,,2026-09-13T12:02:35Z,2026-09-15T22:44:21Z
124,0,124846900,5573320,36.75,1,,2026-09-13T02:12:28Z,2026-09-15T22:44:21Z
124,0,124796874,5555807,37.0,5308,,2026-09-12T02:19:01Z,2026-09-15T22:44:21Z
124,0,124829420,5296619,37.0,33548,,2026-09-12T17:26:35Z,2026-09-15T22:44:21Z
124,0,124712384,5539400,37.25,829,,2026-09-10T11:31:59Z,2026-09-15T22:44:21Z
124,0,124757228,5609407,37.25,900,,2026-09-11T08:01:01Z,2026-09-15T22:44:21Z
124,0,124819727,4724615,37.25,4000,,2026-09-12T13:20:27Z,2026-09-15T22:44:21Z
124,0,124916540,5784073,37.25,50,,2026-09-14T10:16:28Z,2026-09-15T22:44:21Z
124,0,124705468,5609407,37.5,1349,,2026-09-10T08:21:12Z,2026-09-15T22:44:21Z
124,0,124909506,5796969,37.75,100,,2026-09-14T06:52:08Z,2026-09-15T22:44:21Z
124,0,124679750,5824999,38.0,81,,2026-09-09T19:43:51Z,2026-09-15T22:44:21Z
124,0,124864468,5721010,38.0,20,,2026-09-13T10:52:46Z,2026-09-15T22:44:21Z
124,0,124893247,5583072,38.0,1,,2026-09-13T22:31:30Z,2026-09-15T22:44:21Z
124,0,124819676,5721010,39.0,20,,2026-09-12T13:19:02Z,2026-09-15T22:44:21Z
124,0,124859484,5583072,39.0,3,,2026-09-13T08:32:38Z,2026-09-15T22:44:21Z
124,0,124635241,5821823,39.25,15,,2026-09-08T23:06:25Z,2026-09-15T22:44:21Z
124,0,124784843,4699262,39.25,98,,2026-09-11T19:45:01Z,2026-09-15T22:44:21Z
124,0,124755195,5828164,39.5,10,,2026-09-11T06:59:51Z,2026-09-15T22:44:21Z
124,0,124909280,5828127,39.75,191,,2026-09-14T06:45:10Z,2026-09-15T22:44:21Z
124,0,124637736,5756764,40.0,200,,2026-09-09T00:37:10Z,2026-09-15T22:44:21Z
124,0,124726796,5759134,40.0,130,,2026-09-10T17:18:42Z,2026-09-15T22:44:21Z
124,0,124826700,5817963,40.0,3,,2026-09-12T16:17:24Z,2026-09-15T22:44:21Z
124,0,124741982,5756803,40.25,100,,2026-09-11T00:03:48Z,2026-09-15T22:44:21Z
124,0,124993580,5527359,41.0,1350,,2026-09-15T19:27:25Z,2026-09-15T22:44:21Z
124,0,124943432,5784073,44.25,49,,2026-09-14T20:37:08Z,2026-09-15T22:44:21Z
124,0,124941183,5784073,44.5,32,,2026-09-14T19:45:06Z,2026-09-15T22:44:21Z
124,0,124842555,5759134,45.0,15,,2026-09-12T23:30:29Z,2026-09-15T22:44:21Z
124,0,124721612,5759164,45.25,180,,2026-09-10T15:11:29Z,2026-09-15T22:44:21Z
124,1,124999905,5571694,33.75,11356,-664.0,2026-09-15T22:04:32Z,2026-09-15T22:44:21Z
124,1,124998921,5241489,34.75,31180,,2026-09-15T21:36:32Z,2026-09-15T22:44:21Z
124,1,124958068,5411970,35.25,24925,,2026-09-15T04:21:14Z,2026-09-15T22:44:21Z
124,1,124918404,5022518,35.5,7288,,2026-09-14T11:02:55Z,2026-09-15T22:44:21Z
124,1,124915654,5569474,35.75,3244,,2026-09-14T09:53:07Z,2026-09-15T22:44:21Z
124,1,124914657,5748616,36.0,5969,,2026-09-14T09:23:26Z,2026-09-15T22:44:21Z
124,1,124915191,5791126,36.0,509,,2026-09-14T09:39:33Z,2026-09-15T22:44:21Z
124,1,124915197,5589678,36.0,1958,,2026-09-14T09:39:46Z,2026-09-15T22:44:21Z
124,1,124733187,5062128,37.0,1609,,2026-09-10T19:54:05Z,2026-09-15T22:44:21Z
124,1,124711897,5762480,37.25,1000,,2026-09-10T11:21:35Z,2026-09-15T22:44:21Z
124,1,124709985,5273093,37.5,10659,,2026-09-10T10:27:47Z,2026-09-15T22:44:21Z
124,1,124709797,5555189,37.75,1543,,2026-09-10T10:21:42Z,2026-09-15T22:44:21Z
124,1,124716378,5537746,38.0,20000,,2026-09-10T13:10:08Z,2026-09-15T22:44:21Z
124,1,124733220,5583072,38.0,1,,2026-09-10T19:54:53Z,2026-09-15T22:44:21Z
124,1,124708841,5616560,38.5,121,,2026-09-10T09:55:47Z,2026-09-15T22:44:21Z
124,1,124705739,5643686,39.25,1095,,2026-09-10T08:28:46Z,2026-09-15T22:44:21Z
124,1,124731537,1880853,45.0,400,,2026-09-10T19:14:34Z,2026-09-15T22:44:21Z
124,2,124999224,3202448,34.5,1350,,2026-09-15T21:45:06Z,2026-09-15T22:44:21Z
124,2,124998838,5649315,34.75,2658,,2026-09-15T21:34:08Z,2026-09-15T22:44:21Z
124,2,124998237,5661786,35.0,266,,2026-09-15T21:16:50Z,2026-09-15T22:44:21Z
124,2,124994511,5579824,35.75,2509,,2026-09-15T19:47:33Z,2026-09-15T22:44:21Z
124,2,124992663,5792388,36.0,2799,,2026-09-15T19:06:21Z,2026-09-15T22:44:21Z
124,2,124993577,5115698,36.0,3109,,2026-09-15T19:27:23Z,2026-09-15T22:44:21Z
124,2,125001008,4699707,36.0,3717,,2026-09-15T22:37:55Z,2026-09-15T22:44:21Z
124,2,124992984,5643686,36.25,1442,,2026-09-15T19:13:18Z,2026-09-15T22:44:21Z
124,2,124937674,5280082,36.5,4262,,2026-09-14T18:28:28Z,2026-09-15T22:44:21Z
124,2,124973949,4699707,36.5,11352,,2026-09-15T11:45:48Z,2026-09-15T22:44:21Z
124,2,124976933,5673926,36.5,3584,,2026-09-15T13:03:02Z,2026-09-15T22:44:21Z
124,2,124977046,5173208,36.5,44444,,2026-09-15T13:06:42Z,2026-09-15T22:44:21Z
124,2,124936161,5649315,36.75,928,,2026-09-14T17:57:21Z,2026-09-15T22:44:21Z
124,2,124932290,4699707,37.0,8355,,2026-09-14T16:27:07Z,2026-09-15T22:44:21Z
124,2,124931298,4950724,37.25,19862,,2026-09-14T16:04:39Z,2026-09-15T22:44:21Z
124,2,124727195,4699707,37.5,3796,,2026-09-10T17:30:03Z,2026-09-15T22:44:21Z
124,2,124765920,5173208,37.5,44300,,2026-09-11T11:53:33Z,2026-09-15T22:44:21Z
124,2,124787595,2777873,37.5,500,,2026-09-11T20:54:33Z,2026-09-15T22:44:21Z
124,2,124719583,4699707,37.75,40319,,2026-09-10T14:22:13Z,2026-09-15T22:44:21Z
124,2,124712137,5173208,38.0,55555,,2026-09-10T11:29:11Z,2026-09-15T22:44:21Z
124,2,124721723,5306076,38.75,20000,,2026-09-10T15:13:54Z,2026-09-15T22:44:21Z
124,2,124707724,5583548,39.5,5000,,2026-09-10T09:25:44Z,2026-09-15T22:44:21Z
124,2,124731557,1880853,47.0,500,,2026-09-10T19:14:57Z,2026-09-15T22:44:21Z
124,3,125000034,5012925,38.5,10000,,2026-09-15T22:07:20Z,2026-09-15T22:44:21Z
124,3,124998236,3486186,38.75,5677,,2026-09-15T21:16:49Z,2026-09-15T22:44:21Z
124,3,124986872,4285536,39.0,1500,,2026-09-15T16:57:24Z,2026-09-15T22:44:21Z
124,3,124982547,3486186,39.25,5928,,2026-09-15T15:16:18Z,2026-09-15T22:44:21Z
124,3,124992284,5573900,39.25,5955,,2026-09-15T18:58:44Z,2026-09-15T22:44:21Z
124,3,124971172,5477466,39.5,1881,,2026-09-15T10:30:36Z,2026-09-15T22:44:21Z
124,3,124985487,4635871,39.5,19022,,2026-09-15T16:25:02Z,2026-09-15T22:44:21Z
124,3,124995597,5626770,39.5,927,,2026-09-15T20:12:17Z,2026-09-15T22:44:21Z
124,3,124932872,5573900,39.75,9152,,2026-09-14T16:40:09Z,2026-09-15T22:44:21Z
124,3,124934393,4936789,39.75,10000,,2026-09-14T17:14:50Z,2026-09-15T22:44:21Z
124,3,124945687,5012925,39.75,10000,,2026-09-14T21:35:16Z,2026-09-15T22:44:21Z
124,3,124945651,5012925,40.0,10000,,2026-09-14T21:34:30Z,2026-09-15T22:44:21Z
124,3,124660863,4736724,41.0,74654,,2026-09-09T12:10:57Z,2026-09-15T22:44:21Z
124,3,124966029,5012925,41.0,20000,,2026-09-15T08:05:34Z,2026-09-15T22:44:21Z
124,3,124987850,4956202,41.0,123812,,2026-09-15T17:20:32Z,2026-09-15T22:44:21Z
124,3,124966043,5012925,41.5,20000,,2026-09-15T08:05:51Z,2026-09-15T22:44:21Z
124,3,124815982,4736724,42.0,7530,,2026-09-12T11:37:55Z,2026-09-15T22:44:21Z
124,3,124966038,5012925,42.0,20000,,2026-09-15T08:05:43Z,2026-09-15T22:44:21Z
124,3,124966048,5012925,42.5,20000,,2026-09-15T08:05:59Z,2026-09-15T22:44:21Z
124,3,124731542,1880853,50.0,300,,2026-09-10T19:14:41Z,2026-09-15T22:44:21Z
124,4,124991608,3872794,41.0,16600,,2026-09-15T18:44:00Z,2026-09-15T22:44:21Z
124,4,124990273,5517923,41.25,8000,,2026-09-15T18:14:53Z,2026-09-15T22:44:21Z
124,4,124977019,5517923,41.5,9712,,2026-09-15T13:05:52Z,2026-09-15T22:44:21Z
124,4,124968574,5277123,41.75,4219,,2026-09-15T09:19:07Z,2026-09-15T22:44:21Z
124,4,124972077,5276596,41.75,20456,,2026-09-15T11:37:23Z,2026-09-15T22:44:21Z
124,4,124964356,4972169,42.0,95000,,2026-09-15T07:11:32Z,2026-09-15T22:44:21Z
124,4,124907359,5276596,42.25,9935,,2026-09-14T05:54:16Z,2026-09-15T22:44:21Z
124,4,124490239,3978101,42.5,121034,,2026-09-06T04:56:43Z,2026-09-15T22:44:21Z
124,4,124793712,4972169,42.5,14362,,2026-09-12T00:14:06Z,2026-09-15T22:44:21Z
124,4,124871974,5020323,42.5,14647,,2026-09-13T13:58:30Z,2026-09-15T22:44:21Z
124,4,124996253,5020323,42.75,50072,,2026-09-15T20:27:42Z,2026-09-15T22:44:21Z
124,4,124750003,5020323,43.0,18027,,2026-09-11T04:39:31Z,2026-09-15T22:44:21Z
124,4,124769927,5020323,43.5,24137,,2026-09-11T13:36:40Z,2026-09-15T22:44:21Z
124,4,124828414,5020323,44.5,60442,,2026-09-12T16:59:18Z,2026-09-15T22:44:21Z
124,4,124849487,5020323,45.0,18186,,2026-09-13T03:51:23Z,2026-09-15T22:44:21Z
124,4,124776982,4451759,48.0,61330,,2026-09-11T16:22:53Z,2026-09-15T22:44:21Z
124,5,124997903,4210027,46.25,55000,,2026-09-15T21:08:42Z,2026-09-15T22:44:21Z
124,5,124960047,1506939,46.5,19298,,2026-09-15T05:11:59Z,2026-09-15T22:44:21Z
124,5,124815434,5279872,46.75,37124,,2026-09-12T11:22:45Z,2026-09-15T22:44:21Z
124,5,124811920,247160,47.0,10000,,2026-09-12T09:43:38Z,2026-09-15T22:44:21Z
124,5,124956362,4451759,47.25,9347,,2026-09-15T03:32:08Z,2026-09-15T22:44:21Z
124,5,124799504,1602865,47.5,147796,,2026-09-12T03:53:24Z,2026-09-15T22:44:21Z
124,5,124791694,4507557,47.75,8387,,2026-09-11T23:01:11Z,2026-09-15T22:44:21Z
124,5,124781916,4778274,48.0,35598,,2026-09-11T18:29:01Z,2026-09-15T22:44:21Z
124,5,124781840,1117810,48.25,250729,,2026-09-11T18:27:07Z,2026-09-15T22:44:21Z
124,5,124706097,4451759,48.75,4698,,2026-09-10T08:36:47Z,2026-09-15T22:44:21Z
124,5,124696392,247160,49.0,6946,,2026-09-10T04:22:22Z,2026-09-15T22:44:21Z
124,5,124767208,3952888,49.0,12500,,2026-09-11T12:27:08Z,2026-09-15T22:44:21Z
124,5,124702910,4451759,49.25,25644,,2026-09-10T07:10:37Z,2026-09-15T22:44:21Z
124,5,124847678,3952888,49.25,150000,,2026-09-13T02:41:58Z,2026-09-15T22:44:21Z
124,5,124691124,5444082,49.5,17316,,2026-09-10T01:31:03Z,2026-09-15T22:44:21Z
124,6,124983980,1439892,54.0,2215366,,2026-09-15T15:49:28Z,2026-09-15T22:44:21Z
124,6,124927676,4914243,54.5,9887,,2026-09-14T14:44:38Z,2026-09-15T22:44:21Z
124,6,124933377,4199474,54.5,15000,,2026-09-14T16:50:44Z,2026-09-15T22:44:21Z
124,6,124912908,4155074,55.0,36650,,2026-09-14T08:30:41Z,2026-09-15T22:44:21Z
124,6,124912044,1430147,55.5,10000,,2026-09-14T08:05:33Z,2026-09-15T22:44:21Z
124,6,124911748,4199474,56.0,5000,,2026-09-14T07:55:40Z,2026-09-15T22:44:21Z
124,6,124911227,5225452,56.5,119582,,2026-09-14T07:40:27Z,2026-09-15T22:44:21Z
124,6,124909475,4924317,57.0,8000,,2026-09-14T06:50:54Z,2026-09-15T22:44:21Z
124,6,124906668,4112311,57.5,50000,,2026-09-14T05:35:03Z,2026-09-15T22:44:21Z
124,7,124974753,2755488,54.5,316737,,2026-09-15T12:05:40Z,2026-09-15T22:44:21Z
124,7,124656776,577045,58.0,223460,,2026-09-09T10:21:26Z,2026-09-15T22:44:21Z
124,7,124971721,1950408,62.0,10000,,2026-09-15T10:46:45Z,2026-09-15T22:44:21Z
124,7,124636276,3416800,63.5,29560,,2026-09-08T23:41:26Z,2026-09-15T22:44:21Z
124,7,124655158,4968766,64.0,30000,,2026-09-09T09:34:00Z,2026-09-15T22:44:21Z
124,8,124996154,4707475,64.5,76539,,2026-09-15T20:24:51Z,2026-09-15T22:44:21Z
124,8,124836825,4968766,65.0,32032,,2026-09-12T20:37:26Z,2026-09-15T22:44:21Z
124,8,124695313,2482163,65.5,15000,,2026-09-10T03:56:04Z,2026-09-15T22:44:21Z
124,8,124599660,4141352,66.5,3300,,2026-09-08T07:35:33Z,2026-09-15T22:44:21Z
124,9,124996493,4707475,64.5,112840,,2026-09-15T20:32:15Z,2026-09-15T22:44:21Z
124,9,124917515,2482163,65.5,5000,,2026-09-14T10:40:50Z,2026-09-15T22:44:21Z
124,10,124996467,4707475,65.0,90000,,2026-09-15T20:32:00Z,2026-09-15T22:44:21Z
124,10,124988966,1858783,65.5,20000,,2026-09-15T17:45:08Z,2026-09-15T22:44:21Z
124,10,124902789,3261489,66.0,46660,,2026-09-14T03:53:23Z,2026-09-15T22:44:21Z
124,10,124808431,1858783,67.0,8920,,2026-09-12T08:04:02Z,2026-09-15T22:44:21Z
124,10,124790904,3508540,67.5,26,,2026-09-11T22:33:13Z,2026-09-15T22:44:21Z
124,10,124737458,1420693,68.0,1900,,2026-09-10T21:35:54Z,2026-09-15T22:44:21Z
124,11,124957672,3126578,80.0,10000,,2026-09-15T04:10:42Z,2026-09-15T22:44:21Z
124,11,124892543,3622477,92.5,1,,2026-09-13T22:07:40Z,2026-09-15T22:44:21Z
124,12,124975963,5086186,90.0,1000,,2026-09-15T12:38:00Z,2026-09-15T22:44:21Z
124,12,124974548,2482163,90.5,500,,2026-09-15T12:01:01Z,2026-09-15T22:44:21Z
124,12,124926310,5086186,91.0,596,,2026-09-14T14:12:35Z,2026-09-15T22:44:21Z
124,12,124926303,5086186,91.5,1000,,2026-09-14T14:12:25Z,2026-09-15T22:44:21Z
124,12,124926267,5086186,92.0,1000,,2026-09-14T14:11:28Z,2026-09-15T22:44:21Z
124,12,124922952,2482163,92.5,998,,2026-09-14T12:53:27Z,2026-09-15T22:44:21Z
124,12,124856391,5698403,94.5,1000,,2026-09-13T07:11:13Z,2026-09-15T22:44:21Z
124,12,124608967,1639246,95.0,1000,,2026-09-08T12:05:37Z,2026-09-15T22:44:21Z
125,0,125001189,5834586,26.25,3,,2026-09-15T22:42:58Z,2026-09-15T22:44:24Z
125,0,125000248,5449242,26.5,4556,,2026-09-15T22:14:08Z,2026-09-15T22:44:24Z
125,0,125000884,5806306,26.5,500,,2026-09-15T22:34:08Z,2026-09-15T22:44:24Z
125,0,125000205,5418118,26.75,12361,,2026-09-15T22:12:26Z,2026-09-15T22:44:24Z
125,0,125000154,5744347,27.0,421,,2026-09-15T22:10:50Z,2026-09-15T22:44:24Z
125,0,124999839,5764251,27.5,60,,2026-09-15T22:02:29Z,2026-09-15T22:44:24Z
125,0,125000061,5555329,27.5,1800,,2026-09-15T22:08:07Z,2026-09-15T22:44:24Z
125,0,124999734,5796729,27.75,500,,2026-09-15T21:58:44Z,2026-09-15T22:44:24Z
125,0,124999522,5503893,28.0,5634,,2026-09-15T21:52:52Z,2026-09-15T22:44:24Z
125,0,124999608,5826553,28.0,198,,2026-09-15T21:54:57Z,2026-09-15T22:44:24Z
125,0,124999499,5814430,28.25,993,,2026-09-15T21:52:20Z,2026-09-15T22:44:24Z
125,0,124999530,5655881,28.25,159480,,2026-09-15T21:53:01Z,2026-09-15T22:44:24Z
125,0,124999933,4729488,28.25,3656,,2026-09-15T22:05:04Z,2026-09-15T22:44:24Z
125,0,124909004,5617938,28.5,16308,,2026-09-14T06:38:14Z,2026-09-15T22:44:24Z
125,0,125000217,5821340,28.5,945,,2026-09-15T22:12:56Z,2026-09-15T22:44:24Z
125,0,124836224,4461802,28.75,14467,,2026-09-12T20:23:46Z,2026-09-15T22:44:24Z
125,0,124647294,5817963,29.0,3,,2026-09-09T05:42:40Z,2026-09-15T22:44:24Z
125,0,124718460,5707838,29.0,27098,,2026-09-10T13:57:14Z,2026-09-15T22:44:24Z
125,0,124786936,5048824,29.0,5318,,2026-09-11T20:36:47Z,2026-09-15T22:44:24Z
125,0,124614037,5624229,29.25,833,,2026-09-08T14:13:05Z,2026-09-15T22:44:24Z
125,0,124685933,5765652,29.5,411,,2026-09-09T22:22:59Z,2026-09-15T22:44:24Z
125,0,124713056,5556479,29.5,30000,,2026-09-10T11:51:06Z,2026-09-15T22:44:24Z
125,0,124836250,4950183,29.5,4699,,2026-09-12T20:24:45Z,2026-09-15T22:44:24Z
125,0,124608900,5562743,29.75,7918,,2026-09-08T12:03:46Z,2026-09-15T22:44:24Z
125,0,124832711,5759164,29.75,300,,2026-09-12T18:52:35Z,2026-09-15T22:44:24Z
125,0,124634767,5330001,30.0,8399,,2026-09-08T22:53:14Z,2026-09-15T22:44:24Z
125,0,124660824,5544630,30.0,6938,,2026-09-09T12:09:22Z,2026-09-15T22:44:24Z
125,0,124842533,5759134,30.0,40,,2026-09-12T23:29:58Z,2026-09-15T22:44:24Z
125,0,124875073,5822638,30.0,16,,2026-09-13T15:07:36Z,2026-09-15T22:44:24Z
125,0,124949448,5835800,30.0,101,,2026-09-14T23:34:31Z,2026-09-15T22:44:24Z
125,0,124636755,5790715,30.5,350,,2026-09-09T00:01:08Z,2026-09-15T22:44:24Z
125,0,124985404,5790715,32.25,300,,2026-09-15T16:23:08Z,2026-09-15T22:44:24Z
125,0,124767989,5759164,32.5,550,,2026-09-11T12:46:08Z,2026-09-15T22:44:24Z
125,0,124941123,5784073,32.5,102,,2026-09-14T19:43:44Z,2026-09-15T22:44:24Z
125,0,124993596,5527359,32.5,450,,2026-09-15T19:27:39Z,2026-09-15T22:44:24Z
125,0,124843593,5759134,33.5,10,,2026-09-13T00:08:27Z,2026-09-15T22:44:24Z
125,1,125000668,5755214,26.75,169,,2026-09-15T22:26:56Z,2026-09-15T22:44:24Z
125,1,124999977,5648036,27.25,693,,2026-09-15T22:06:06Z,2026-09-15T22:44:24Z
125,1,124852483,5678647,28.75,1492,,2026-09-13T05:24:25Z,2026-09-15T22:44:24Z
125,1,124851775,5222822,29.0,519,,2026-09-13T05:07:11Z,2026-09-15T22:44:24Z
125,1,124614891,5738524,29.25,860,,2026-09-08T14:33:55Z,2026-09-15T22:44:24Z
125,1,124614802,5678647,29.5,646,,2026-09-08T14:32:11Z,2026-09-15T22:44:24Z
125,1,124622263,5306076,29.75,20000,,2026-09-08T17:29:54Z,2026-09-15T22:44:24Z
125,1,124626320,5022518,30.0,16242,,2026-09-08T19:04:49Z,2026-09-15T22:44:24Z
125,1,125000208,3550147,30.5,75000,,2026-09-15T22:12:31Z,2026-09-15T22:44:24Z
125,1,124541259,5022518,31.0,35269,,2026-09-07T04:54:08Z,2026-09-15T22:44:24Z
125,2,125000573,5783076,28.25,3000,,2026-09-15T22:23:56Z,2026-09-15T22:44:24Z
125,2,124999872,5464435,28.5,2339,,2026-09-15T22:03:27Z,2026-09-15T22:44:24Z
125,2,124923636,5496444,28.75,15000,,2026-09-14T13:08:11Z,2026-09-15T22:44:24Z
125,2,124923486,5626770,29.0,324,,2026-09-14T13:04:40Z,2026-09-15T22:44:24Z
125,2,124921935,5022573,29.25,1275,,2026-09-14T12:28:48Z,2026-09-15T22:44:24Z
125,2,124919384,5510162,29.5,56,,2026-09-14T11:28:19Z,2026-09-15T22:44:24Z
125,2,124922808,5698231,29.5,4762,,2026-09-14T12:49:28Z,2026-09-15T22:44:24Z
125,2,124950793,5622934,29.5,2434,,2026-09-15T00:25:36Z,2026-09-15T22:44:24Z
125,2,124915827,5701481,29.75,1086,,2026-09-14T09:58:06Z,2026-09-15T22:44:24Z
125,2,124923175,5395250,29.75,3000,,2026-09-14T12:58:00Z,2026-09-15T22:44:24Z
125,2,124910065,5729857,30.0,1000,,2026-09-14T07:07:33Z,2026-09-15T22:44:24Z
125,2,124913550,5594283,30.0,20000,,2026-09-14T08:50:01Z,2026-09-15T22:44:24Z
125,2,124610370,5496444,30.25,1000,,2026-09-08T12:43:53Z,2026-09-15T22:44:24Z
125,2,124259048,5498726,31.0,59567,,2026-09-02T18:08:02Z,2026-09-15T22:44:24Z
125,2,124967405,1974815,35.75,1809,,2026-09-15T08:43:15Z,2026-09-15T22:44:24Z
125,3,125000277,5642414,34.5,4000,,2026-09-15T22:15:29Z,2026-09-15T22:44:24Z
125,3,125000119,5067651,34.75,17204,,2026-09-15T22:10:00Z,2026-09-15T22:44:24Z
125,3,124998598,5236028,35.0,2880,,2026-09-15T21:27:14Z,2026-09-15T22:44:24Z
125,3,124996389,3946616,35.25,1775,,2026-09-15T20:30:38Z,2026-09-15T22:44:24Z
125,3,124997315,5608570,35.25,4072,,2026-09-15T20:53:21Z,2026-09-15T22:44:24Z
125,3,124993311,1343585,35.5,7283,,2026-09-15T19:20:33Z,2026-09-15T22:44:24Z
125,3,124993166,5634049,35.75,2419,,2026-09-15T19:16:51Z,2026-09-15T22:44:24Z
125,3,124991169,5480524,36.0,11163,,2026-09-15T18:34:37Z,2026-09-15T22:44:24Z
125,3,124996976,5425143,36.0,9475,,2026-09-15T20:45:33Z,2026-09-15T22:44:24Z
125,3,124994075,4410288,36.5,500,,2026-09-15T19:37:33Z,2026-09-15T22:44:24Z
125,3,124987775,5280680,36.75,6922,,2026-09-15T17:18:46Z,2026-09-15T22:44:24Z
125,3,124979243,5597169,37.0,4500,,2026-09-15T13:56:23Z,2026-09-15T22:44:24Z
125,3,124992223,5247972,37.0,2000,,2026-09-15T18:57:20Z,2026-09-15T22:44:24Z
125,3,124968557,5277123,37.25,548,,2026-09-15T09:18:46Z,2026-09-15T22:44:24Z
125,3,124979088,5175067,37.25,2787,,2026-09-15T13:52:48Z,2026-09-15T22:44:24Z
125,3,124961628,5280680,37.5,784,,2026-09-15T05:54:15Z,2026-09-15T22:44:24Z
125,3,124980127,4782965,37.5,31264,,2026-09-15T14:18:35Z,2026-09-15T22:44:24Z
125,3,124983511,5277123,37.5,1728,,2026-09-15T15:37:32Z,2026-09-15T22:44:24Z
125,3,124961511,4458107,37.75,5848,,2026-09-15T05:51:06Z,2026-09-15T22:44:24Z
125,3,124969848,4117426,37.75,6513,,2026-09-15T09:56:00Z,2026-09-15T22:44:24Z
125,3,124961399,5236028,38.0,1164,,2026-09-15T05:47:43Z,2026-09-15T22:44:24Z
125,3,124959555,5608570,38.25,3500,,2026-09-15T05:00:47Z,2026-09-15T22:44:24Z
125,3,124957225,5280680,38.5,5569,,2026-09-15T03:57:32Z,2026-09-15T22:44:24Z
125,3,124964822,5224647,38.5,30789,,2026-09-15T07:25:07Z,2026-09-15T22:44:24Z
125,3,124955777,5237325,38.75,3800,,2026-09-15T03:14:22Z,2026-09-15T22:44:24Z
125,3,124877100,5406017,39.0,39271,,2026-09-13T15:55:23Z,2026-09-15T22:44:24Z
125,3,124920267,5224647,39.0,8284,,2026-09-14T11:48:07Z,2026-09-15T22:44:24Z
125,3,124920926,1535818,39.0,7765,,2026-09-14T12:04:26Z,2026-09-15T22:44:24Z
125,3,124877040,4906581,39.25,58130,,2026-09-13T15:54:03Z,2026-09-15T22:44:24Z
125,3,124876730,5573900,41.25,1027,,2026-09-13T15:47:00Z,2026-09-15T22:44:24Z
125,4,124949557,5416792,43.75,41168,,2026-09-14T23:37:52Z,2026-09-15T22:44:24Z
125,4,124926766,2852611,44.0,41440,,2026-09-14T14:22:08Z,2026-09-15T22:44:24Z
125,4,124919139,3726884,44.25,1691,,2026-09-14T11:21:05Z,2026-09-15T22:44:24Z
125,4,124904495,3726884,44.5,2630,,2026-09-14T04:40:03Z,2026-09-15T22:44:24Z
125,4,124925233,3226183,44.5,8000,,2026-09-14T13:48:23Z,2026-09-15T22:44:24Z
125,4,124900888,4893400,44.75,1338,,2026-09-14T02:53:50Z,2026-09-15T22:44:24Z
125,4,124909023,4451759,44.75,15242,,2026-09-14T06:38:44Z,2026-09-15T22:44:24Z
125,4,124900551,4816634,45.0,9092,,2026-09-14T02:41:33Z,2026-09-15T22:44:24Z
125,4,124903115,1878657,45.0,9000,,2026-09-14T04:03:32Z,2026-09-15T22:44:24Z
125,4,124898901,4893400,45.25,1561,,2026-09-14T01:45:47Z,2026-09-15T22:44:24Z
125,4,124897312,4893400,45.5,2125,,2026-09-14T00:54:31Z,2026-09-15T22:44:24Z
125,4,124894732,4893400,45.75,670,,2026-09-13T23:23:05Z,2026-09-15T22:44:24Z
125,4,124896437,3226183,45.75,8000,,2026-09-14T00:24:17Z,2026-09-15T22:44:24Z
125,4,124886902,5223844,46.0,20000,,2026-09-13T19:42:30Z,2026-09-15T22:44:24Z
125,4,124917804,5224647,47.0,3880,,2026-09-14T10:48:21Z,2026-09-15T22:44:24Z
125,5,124996024,294834,46.0,6609,,2026-09-15T20:21:22Z,2026-09-15T22:44:24Z
125,5,124997934,4210027,46.0,20000,,2026-09-15T21:09:23Z,2026-09-15T22:44:24Z
125,5,124988268,5176278,46.25,8410,,2026-09-15T17:30:25Z,2026-09-15T22:44:24Z
125,5,124961571,2304129,46.5,20000,,2026-09-15T05:52:50Z,2026-09-15T22:44:24Z
125,5,124960996,5135966,46.75,13929,,2026-09-15T05:37:06Z,2026-09-15T22:44:24Z
125,5,124960506,5176278,47.0,16175,,2026-09-15T05:23:15Z,2026-09-15T22:44:24Z
125,5,124960353,4770675,47.25,23223,,2026-09-15T05:19:45Z,2026-09-15T22:44:24Z
125,5,124955838,294834,47.5,9006,,2026-09-15T03:16:39Z,2026-09-15T22:44:24Z
125,5,124962930,3226183,47.5,8000,,2026-09-15T06:31:35Z,2026-09-15T22:44:24Z
125,5,124951279,3527865,47.75,298200,,2026-09-15T00:42:55Z,2026-09-15T22:44:24Z
125,5,124805621,1809907,48.0,245651,,2026-09-12T06:50:46Z,2026-09-15T22:44:24Z
125,5,124804312,3226183,48.75,8000,,2026-09-12T06:18:57Z,2026-09-15T22:44:24Z
125,5,124703591,1809907,49.0,173942,,2026-09-10T07:29:55Z,2026-09-15T22:44:24Z
125,5,124699952,5176278,49.25,10013,,2026-09-10T05:52:58Z,2026-09-15T22:44:24Z
125,6,124964227,2799049,48.5,358192,,2026-09-15T07:08:08Z,2026-09-15T22:44:24Z
125,6,124995770,1647546,49.0,5328,,2026-09-15T20:15:34Z,2026-09-15T22:44:24Z
125,6,124905984,649747,49.75,14760,,2026-09-14T05:19:31Z,2026-09-15T22:44:24Z
125,6,124910275,1178866,49.75,25000,,2026-09-14T07:13:23Z,2026-09-15T22:44:24Z
125,6,124860239,1647546,50.0,2755,,2026-09-13T08:53:03Z,2026-09-15T22:44:24Z
125,6,124854432,649747,50.5,14844,,2026-09-13T06:20:57Z,2026-09-15T22:44:24Z
125,6,124852136,1741695,51.0,10000,,2026-09-13T05:15:53Z,2026-09-15T22:44:24Z
125,6,124378411,1741695,52.0,19683,,2026-09-03T21:39:59Z,2026-09-15T22:44:24Z
125,6,124739035,5225452,52.0,72773,,2026-09-10T22:21:49Z,2026-09-15T22:44:24Z
125,7,124993343,1543510,48.5,10000,,2026-09-15T19:21:18Z,2026-09-15T22:44:24Z
125,7,124946657,1564644,49.25,102386,,2026-09-14T22:00:40Z,2026-09-15T22:44:24Z
125,7,124938252,327117,49.5,102748,,2026-09-14T18:40:35Z,2026-09-15T22:44:24Z
125,7,124928878,1564644,49.75,8675,,2026-09-14T15:12:45Z,2026-09-15T22:44:24Z
125,7,124865915,4876912,50.0,33618,,2026-09-14T03:07:22Z,2026-09-15T22:44:24Z
125,7,124854517,1564644,51.5,50000,,2026-09-13T06:23:11Z,2026-09-15T22:44:24Z
125,7,124832016,327117,52.0,206469,,2026-09-12T18:33:13Z,2026-09-15T22:44:24Z
125,7,124739045,5225452,52.5,100000,,2026-09-10T22:22:07Z,2026-09-15T22:44:24Z
125,7,124854555,1564644,53.5,50000,,2026-09-13T06:24:06Z,2026-09-15T22:44:24Z
125,7,124718129,5020323,54.5,75000,,2026-09-10T13:49:21Z,2026-09-15T22:44:24Z
125,8,124991322,327117,54.0,78386,,2026-09-15T18:37:26Z,2026-09-15T22:44:24Z
125,8,124975832,4116752,54.5,36000,,2026-09-15T12:34:39Z,2026-09-15T22:44:24Z
125,8,124942724,5020323,65.0,386220,,2026-09-14T20:19:33Z,2026-09-15T22:44:24Z
125,9,124854711,4607441,55.0,12084,,2026-09-13T06:27:13Z,2026-09-15T22:44:24Z
125,9,124685612,5010375,56.0,83,,2026-09-09T22:13:37Z,2026-09-15T22:44:24Z
125,9,124854572,1564644,59.0,25000,,2026-09-13T06:24:31Z,2026-09-15T22:44:24Z
125,9,124942731,5020323,67.5,191701,,2026-09-14T20:19:41Z,2026-09-15T22:44:24Z
125,10,124826397,4745306,58.0,99941,,2026-09-12T16:10:19Z,2026-09-15T22:44:24Z
125,10,124825015,4672564,60.0,4742,,2026-09-12T15:33:05Z,2026-09-15T22:44:24Z
125,10,124798600,226855,62.0,25000,,2026-09-12T03:19:25Z,2026-09-15T22:44:24Z
125,10,124942735,5020323,70.0,9889,,2026-09-14T20:19:48Z,2026-09-15T22:44:24Z
125,11,124862620,1636970,64.5,24564,,2026-09-13T10:00:51Z,2026-09-15T22:44:24Z
125,12,124996534,4707475,69.0,84953,,2026-09-15T20:33:02Z,2026-09-15T22:44:24Z
125,12,124808017,4191804,70.0,9014,,2026-09-12T07:53:22Z,2026-09-15T22:44:24Z
125,12,124662226,1339164,77.0,4932,,2026-09-09T12:45:38Z,2026-09-15T22:44:24Z
125,12,124618373,1553723,79.5,885,,2026-09-08T15:55:44Z,2026-09-15T22:44:24Z
126,0,124997952,5762561,51.5,410,,2026-09-15T21:09:40Z,2026-09-15T22:41:47Z
126,0,125000175,5555329,52.0,6000,,2026-09-15T22:11:26Z,2026-09-15T22:41:47Z
126,0,124986737,5778298,52.5,691,,2026-09-15T16:54:11Z,2026-09-15T22:41:47Z
126,0,124983551,5686963,53.0,384,,2026-09-15T15:38:33Z,2026-09-15T22:41:47Z
126,0,124984221,5806078,53.0,334,,2026-09-15T15:54:51Z,2026-09-15T22:41:47Z
126,0,124957700,5813526,54.0,1443,,2026-09-15T04:11:27Z,2026-09-15T22:41:47Z
126,0,124963285,5817017,54.0,53,,2026-09-15T06:41:19Z,2026-09-15T22:41:47Z
126,0,124969178,4724152,54.0,2500,,2026-09-15T09:37:00Z,2026-09-15T22:41:47Z
126,0,124922527,5816876,54.5,164,,2026-09-14T12:42:50Z,2026-09-15T22:41:47Z
126,0,124922162,4458761,55.0,8302,,2026-09-14T12:33:09Z,2026-09-15T22:41:47Z
126,0,124792263,4830236,55.5,18,,2026-09-11T23:22:58Z,2026-09-15T22:41:47Z
126,0,124859592,5583072,56.0,2,,2026-09-13T08:34:10Z,2026-09-15T22:41:47Z
126,0,124915535,5784073,57.0,61,,2026-09-14T09:49:48Z,2026-09-15T22:41:47Z
126,0,124693678,5654587,57.5,6000,,2026-09-10T03:02:02Z,2026-09-15T22:41:47Z
126,0,124846904,5573320,57.5,1,,2026-09-13T02:12:39Z,2026-09-15T22:41:47Z
126,0,124568778,5563396,58.0,2000,,2026-09-07T16:51:27Z,2026-09-15T22:41:47Z
126,0,124682043,5763194,58.0,1600,,2026-09-09T20:37:18Z,2026-09-15T22:41:47Z
126,0,124622905,4694576,59.0,14000,,2026-09-08T17:46:09Z,2026-09-15T22:41:47Z
126,0,124859603,5583072,59.0,1,,2026-09-13T08:34:39Z,2026-09-15T22:41:47Z
126,0,124941145,5784073,59.0,55,,2026-09-14T19:44:23Z,2026-09-15T22:41:47Z
126,0,124671541,5823972,60.0,70,,2026-09-09T16:24:32Z,2026-09-15T22:41:47Z
126,0,124696203,5825677,60.0,50,,2026-09-10T04:18:14Z,2026-09-15T22:41:47Z
126,0,124755047,5799946,60.0,22,,2026-09-11T06:55:36Z,2026-09-15T22:41:47Z
126,0,124993494,5784073,61.0,90,,2026-09-15T19:25:13Z,2026-09-15T22:41:47Z
126,1,124998271,4384449,51.5,3303,-502.0,2026-09-15T21:17:54Z,2026-09-15T22:41:47Z
126,1,125000910,5770554,51.5,1727,,2026-09-15T22:35:05Z,2026-09-15T22:41:47Z
126,1,124998095,5704084,52.0,2816,,2026-09-15T21:13:11Z,2026-09-15T22:41:47Z
126,1,124998094,4384449,52.5,3510,,2026-09-15T21:13:11Z,2026-09-15T22:41:47Z
126,1,124999843,5818157,52.5,414,,2026-09-15T22:02:31Z,2026-09-15T22:41:47Z
126,1,124986715,4384449,53.0,2861,,2026-09-15T16:53:42Z,2026-09-15T22:41:47Z
126,1,124988586,5361320,53.0,500,,2026-09-15T17:37:42Z,2026-09-15T22:41:47Z
126,1,124986231,5818157,53.5,1978,,2026-09-15T16:42:14Z,2026-09-15T22:41:47Z
126,1,124953066,4410288,54.5,100,,2026-09-15T01:38:33Z,2026-09-15T22:41:47Z
126,1,124922219,5704908,55.0,1893,,2026-09-14T12:34:27Z,2026-09-15T22:41:47Z
126,1,124846435,5738428,55.5,3009,,2026-09-13T01:53:05Z,2026-09-15T22:41:47Z
126,1,124791251,5497882,57.0,5759,,2026-09-11T22:45:27Z,2026-09-15T22:41:47Z
126,1,124842384,5583072,60.0,7,,2026-09-12T23:24:46Z,2026-09-15T22:41:47Z
126,2,124988692,2646878,53.0,5600,,2026-09-15T17:39:50Z,2026-09-15T22:41:47Z
126,2,124998072,5605797,53.0,1500,,2026-09-15T21:12:27Z,2026-09-15T22:41:47Z
126,2,124999142,5464952,53.0,231,,2026-09-15T21:42:38Z,2026-09-15T22:41:47Z
126,2,124988108,5783339,53.5,681,,2026-09-15T17:27:20Z,2026-09-15T22:41:47Z
126,2,124995899,5273125,53.5,10958,,2026-09-15T20:18:29Z,2026-09-15T22:41:47Z
126,2,124981754,5640963,54.0,679,,2026-09-15T14:58:14Z,2026-09-15T22:41:47Z
126,2,124982263,5615178,54.0,2754,,2026-09-15T15:10:07Z,2026-09-15T22:41:47Z
126,2,124986954,4902878,54.0,4209,,2026-09-15T16:59:25Z,2026-09-15T22:41:47Z
126,2,124988208,5624631,54.0,2442,,2026-09-15T17:29:05Z,2026-09-15T22:41:47Z
126,2,124995863,5464952,54.0,2625,,2026-09-15T20:17:44Z,2026-09-15T22:41:47Z
126,2,124996223,5605797,54.0,1700,,2026-09-15T20:26:42Z,2026-09-15T22:41:47Z
126,2,124979504,5605797,54.5,560,,2026-09-15T14:02:41Z,2026-09-15T22:41:47Z
126,2,124985446,5464952,54.5,4242,,2026-09-15T16:24:05Z,2026-09-15T22:41:47Z
126,2,124987672,5141377,54.5,2000,,2026-09-15T17:16:28Z,2026-09-15T22:41:47Z
126,2,124955136,5624631,55.0,3606,,2026-09-15T02:53:19Z,2026-09-15T22:41:47Z
126,2,124955311,5141377,55.0,5000,,2026-09-15T02:59:38Z,2026-09-15T22:41:47Z
126,2,124902515,5688179,55.5,1846,,2026-09-14T03:45:01Z,2026-09-15T22:41:47Z
126,2,124919729,5783339,55.5,730,,2026-09-14T11:35:29Z,2026-09-15T22:41:47Z
126,2,124791821,2148860,56.5,2747,,2026-09-11T23:04:37Z,2026-09-15T22:41:47Z
126,2,124962060,5375771,57.0,12500,,2026-09-15T06:06:09Z,2026-09-15T22:41:47Z
126,3,125000955,4482030,57.0,15066,,2026-09-15T22:36:39Z,2026-09-15T22:41:47Z
126,3,124993303,1343585,57.5,8322,,2026-09-15T19:20:20Z,2026-09-15T22:41:47Z
126,3,124991168,3070724,58.0,29838,,2026-09-15T18:34:34Z,2026-09-15T22:41:47Z
126,3,124988047,4214606,58.5,14395,,2026-09-15T17:25:52Z,2026-09-15T22:41:47Z
126,3,124942281,1535818,59.0,21776,,2026-09-14T20:09:25Z,2026-09-15T22:41:47Z
126,3,124936196,4214606,59.5,18239,,2026-09-14T17:58:16Z,2026-09-15T22:41:47Z
126,3,124935862,5127740,60.0,1500,,2026-09-14T17:50:27Z,2026-09-15T22:41:47Z
126,3,124880436,5305488,61.5,1930,,2026-09-13T17:12:44Z,2026-09-15T22:41:47Z
126,3,124879262,4804738,64.0,56729,,2026-09-13T16:46:42Z,2026-09-15T22:41:47Z
126,4,124992217,3568155,59.0,909,,2026-09-15T18:57:10Z,2026-09-15T22:41:47Z
126,4,124977987,4203763,59.5,38164,,2026-09-15T13:27:11Z,2026-09-15T22:41:47Z
126,4,124988154,4153288,59.5,20000,,2026-09-15T17:28:12Z,2026-09-15T22:41:47Z
126,4,124960359,4770675,62.5,6982,,2026-09-15T05:19:57Z,2026-09-15T22:41:47Z
126,4,124954418,3568155,63.0,1114,,2026-09-15T02:26:38Z,2026-09-15T22:41:47Z
126,5,124992895,4112311,61.0,50000,,2026-09-15T19:11:09Z,2026-09-15T22:41:47Z
126,5,124962796,4139961,62.5,5000,,2026-09-15T06:27:19Z,2026-09-15T22:41:47Z
126,5,124955297,396222,63.0,39886,,2026-09-15T02:59:07Z,2026-09-15T22:41:47Z
126,5,124878804,4112311,63.5,85503,,2026-09-13T16:34:24Z,2026-09-15T22:41:47Z
126,5,124914893,1105231,64.0,43406,,2026-09-14T09:30:05Z,2026-09-15T22:41:47Z
126,6,124948804,4565490,63.5,37502,,2026-09-14T23:12:36Z,2026-09-15T22:41:47Z
126,6,124926664,4840001,64.0,44874,,2026-09-14T14:19:44Z,2026-09-15T22:41:47Z
126,6,124649434,2697843,64.5,84000,,2026-09-09T06:42:46Z,2026-09-15T22:41:47Z
126,6,124646286,4565490,65.0,49850,,2026-09-09T05:17:31Z,2026-09-15T22:41:47Z
126,6,124606931,4840001,65.5,28122,,2026-09-08T11:07:18Z,2026-09-15T22:41:47Z
126,7,124958129,1741695,63.5,5000,,2026-09-15T04:23:08Z,2026-09-15T22:41:47Z
126,7,124957522,3651242,64.0,1373,,2026-09-15T04:06:08Z,2026-09-15T22:41:47Z
126,7,124958124,1741695,64.0,5000,,2026-09-15T04:22:58Z,2026-09-15T22:41:47Z
126,7,124923625,1741695,64.5,9908,,2026-09-14T13:08:00Z,2026-09-15T22:41:47Z
126,7,124864586,1741695,65.0,10000,,2026-09-13T10:55:38Z,2026-09-15T22:41:47Z
126,7,124841044,3832299,65.5,4200,,2026-09-12T22:37:31Z,2026-09-15T22:41:47Z
126,8,124942748,1950408,75.0,1954,,2026-09-14T20:20:06Z,2026-09-15T22:41:47Z
126,8,124869969,1405672,75.5,3078,,2026-09-13T13:08:31Z,2026-09-15T22:41:47Z
126,8,124942754,1950408,75.5,2000,,2026-09-14T20:20:18Z,2026-09-15T22:41:47Z
126,8,124721224,1950408,76.0,9128,,2026-09-10T15:02:01Z,2026-09-15T22:41:47Z
126,8,124827744,1263758,76.0,90467,,2026-09-12T16:43:49Z,2026-09-15T22:41:47Z
126,9,124697454,530430,77.0,20000,,2026-09-10T04:51:11Z,2026-09-15T22:41:47Z
126,9,124611677,1263758,78.0,94980,,2026-09-08T13:17:07Z,2026-09-15T22:41:47Z
126,10,124737502,1420693,83.0,2292,,2026-09-10T21:36:57Z,2026-09-15T22:41:47Z
126,11,124747899,5268121,96.5,49,,2026-09-11T03:34:28Z,2026-09-15T22:41:47Z
126,12,124900775,376253,100.0,1342,,2026-09-14T02:49:52Z,2026-09-15T22:41:47Z
126,12,124814673,1553723,120.0,3000,,2026-09-12T11:01:24Z,2026-09-15T22:41:47Z
126,12,124825905,1553723,125.0,3000,,2026-09-12T15:57:14Z,2026-09-15T22:41:47Z
127,0,124996374,5479191,452.0,55,,2026-09-15T20:30:14Z,2026-09-15T22:44:40Z
127,0,124973108,5244796,454.0,1000,,2026-09-15T11:23:36Z,2026-09-15T22:44:40Z
127,0,124812707,4050644,458.0,8414,,2026-09-12T10:04:56Z,2026-09-15T22:44:40Z
127,0,124951128,5786759,458.0,4,,2026-09-15T00:38:10Z,2026-09-15T22:44:40Z
127,0,124952188,5404084,462.0,1000,,2026-09-15T01:13:36Z,2026-09-15T22:44:40Z
127,0,124792858,5819355,466.0,1,,2026-09-11T23:44:13Z,2026-09-15T22:44:40Z
127,0,124769990,4050644,478.0,2915,,2026-09-11T13:38:16Z,2026-09-15T22:44:40Z
127,0,124764953,4754282,480.0,195,,2026-09-11T11:28:56Z,2026-09-15T22:44:40Z
127,0,124704367,5583072,482.0,1,,2026-09-10T07:48:30Z,2026-09-15T22:44:40Z
127,0,124740991,5795900,486.0,14,,2026-09-10T23:27:53Z,2026-09-15T22:44:40Z
127,0,124849532,5830761,490.0,5,,2026-09-13T03:53:03Z,2026-09-15T22:44:40Z
127,0,124623128,5806745,500.0,10,,2026-09-08T17:52:01Z,2026-09-15T22:44:40Z
127,0,124696237,5825677,500.0,1,,2026-09-10T04:19:07Z,2026-09-15T22:44:40Z
127,0,124853430,5830761,500.0,2,,2026-09-13T05:53:04Z,2026-09-15T22:44:40Z
127,0,124963671,5583072,500.0,1,,2026-09-15T06:52:29Z,2026-09-15T22:44:40Z
127,0,124699891,5803415,520.0,10,,2026-09-10T05:50:59Z,2026-09-15T22:44:40Z
127,0,124993619,5527359,520.0,2,,2026-09-15T19:28:13Z,2026-09-15T22:44:40Z
127,1,124973576,4854195,454.0,89,,2026-09-15T11:35:39Z,2026-09-15T22:44:40Z
127,1,124996801,5688559,454.0,388,,2026-09-15T20:40:06Z,2026-09-15T22:44:40Z
127,1,124963994,5688559,456.0,89,,2026-09-15T07:02:40Z,2026-09-15T22:44:40Z
127,1,124783376,5754494,476.0,1,,2026-09-11T19:06:46Z,2026-09-15T22:44:40Z
127,1,124950417,3272420,525.0,10,,2026-09-15T00:09:35Z,2026-09-15T22:44:40Z
127,2,124998238,4670674,460.0,200,,2026-09-15T21:16:51Z,2026-09-15T22:44:40Z
127,2,124956631,5822748,462.0,21,,2026-09-15T03:40:07Z,2026-09-15T22:44:40Z
127,2,124965828,4670674,462.0,200,,2026-09-15T07:57:27Z,2026-09-15T22:44:40Z
127,2,124951290,5372960,464.0,166,,2026-09-15T00:43:15Z,2026-09-15T22:44:40Z
127,2,124805855,4798990,476.0,3000,,2026-09-12T06:57:22Z,2026-09-15T22:44:40Z
127,2,124787574,5605994,478.0,2163,,2026-09-11T20:54:05Z,2026-09-15T22:44:40Z
127,2,124759263,4798990,482.0,3000,,2026-09-11T09:00:50Z,2026-09-15T22:44:40Z
127,2,124661112,3211429,490.0,1000,,2026-09-09T12:17:17Z,2026-09-15T22:44:40Z
127,3,124971598,5359878,462.0,216,,2026-09-15T10:42:32Z,2026-09-15T22:44:40Z
127,3,124955029,4816634,464.0,702,,2026-09-15T02:49:40Z,2026-09-15T22:44:40Z
127,3,124941618,5055879,466.0,1020,,2026-09-14T19:54:37Z,2026-09-15T22:44:40Z
127,3,124869695,5285015,468.0,444,,2026-09-13T13:02:01Z,2026-09-15T22:44:40Z
127,3,124857101,5055879,470.0,200,,2026-09-13T07:29:21Z,2026-09-15T22:44:40Z
127,3,124813937,5359878,480.0,208,,2026-09-12T10:40:06Z,2026-09-15T22:44:40Z
127,3,124792533,5055879,482.0,500,,2026-09-11T23:31:48Z,2026-09-15T22:44:40Z
127,3,124731496,5055879,492.0,960,,2026-09-10T19:13:27Z,2026-09-15T22:44:40Z
127,3,124701681,5191483,498.0,500,,2026-09-10T06:38:07Z,2026-09-15T22:44:40Z
127,3,124606430,5359878,505.0,200,,2026-09-08T10:53:00Z,2026-09-15T22:44:40Z
127,4,124782869,3263224,484.0,3501,,2026-09-11T18:54:03Z,2026-09-15T22:44:40Z
127,4,124749911,3386524,486.0,3509,,2026-09-11T04:37:31Z,2026-09-15T22:44:40Z
127,4,124711815,3263224,498.0,52,,2026-09-10T11:18:56Z,2026-09-15T22:44:40Z
127,4,124957481,1878657,500.0,2388,,2026-09-15T04:04:45Z,2026-09-15T22:44:40Z
127,5,124933898,4409774,490.0,4998,,2026-09-14T17:02:50Z,2026-09-15T22:44:40Z
127,5,124864976,4855779,496.0,1,,2026-09-13T11:06:21Z,2026-09-15T22:44:40Z
127,5,124843323,1747165,498.0,50,,2026-09-12T23:59:05Z,2026-09-15T22:44:40Z
127,5,124599575,4451759,650.0,9702,,2026-09-08T07:31:52Z,2026-09-15T22:44:40Z
127,5,124671963,4451759,750.0,10000,,2026-09-09T16:35:07Z,2026-09-15T22:44:40Z
127,6,124880253,5824667,498.0,9,,2026-09-13T17:08:29Z,2026-09-15T22:44:40Z
127,6,124568776,4310821,500.0,1379,,2026-09-07T16:51:25Z,2026-09-15T22:44:40Z
128,0,125000473,4769273,49.5,1645,,2026-09-15T22:20:48Z,2026-09-15T22:42:42Z
128,0,124996378,5479191,49.75,896,,2026-09-15T20:30:20Z,2026-09-15T22:42:42Z
128,0,124990140,5702551,50.0,2221,,2026-09-15T18:11:33Z,2026-09-15T22:42:42Z
128,0,124989498,5796791,50.5,17,,2026-09-15T17:57:33Z,2026-09-15T22:42:42Z
128,0,124972481,4769273,51.0,171,,2026-09-15T11:06:41Z,2026-09-15T22:42:42Z
128,0,124971825,4624814,51.5,850,,2026-09-15T10:49:28Z,2026-09-15T22:42:42Z
128,0,124967779,5574469,52.0,1000,,2026-09-15T08:55:04Z,2026-09-15T22:42:42Z
128,0,124963063,4769273,52.5,1569,,2026-09-15T06:35:22Z,2026-09-15T22:42:42Z
128,0,124943929,5753085,53.0,116,,2026-09-14T20:49:13Z,2026-09-15T22:42:42Z
128,0,124947135,5789746,53.0,385,,2026-09-14T22:15:58Z,2026-09-15T22:42:42Z
128,0,124940901,4769273,53.5,1555,,2026-09-14T19:38:39Z,2026-09-15T22:42:42Z
128,0,124931774,5742864,54.0,280,,2026-09-14T16:15:48Z,2026-09-15T22:42:42Z
128,0,124947098,5789746,54.0,200,,2026-09-14T22:14:33Z,2026-09-15T22:42:42Z
128,0,124939571,5789746,54.5,202,,2026-09-14T19:10:09Z,2026-09-15T22:42:42Z
128,0,124822448,5616513,55.0,3000,,2026-09-12T14:28:36Z,2026-09-15T22:42:42Z
128,0,124945749,4964275,55.0,250,,2026-09-14T21:36:55Z,2026-09-15T22:42:42Z
128,0,124878261,5789746,57.0,592,,2026-09-13T16:22:01Z,2026-09-15T22:42:42Z
128,0,124943574,3843024,57.0,300,,2026-09-14T20:40:07Z,2026-09-15T22:42:42Z
128,0,124708017,3241346,58.0,225,,2026-09-10T09:32:05Z,2026-09-15T22:42:42Z
128,0,124746682,4990561,58.0,1817,,2026-09-11T02:53:28Z,2026-09-15T22:42:42Z
128,0,124860721,5644096,58.0,200,,2026-09-13T09:07:21Z,2026-09-15T22:42:42Z
128,0,124859139,4769273,60.0,700,,2026-09-13T08:22:49Z,2026-09-15T22:42:42Z
128,1,124977511,5518124,58.5,1465,,2026-09-15T13:16:00Z,2026-09-15T22:42:42Z
128,1,124913216,5518124,59.0,1131,,2026-09-14T08:39:52Z,2026-09-15T22:42:42Z
128,1,124878403,4749812,59.5,247,,2026-09-13T16:25:20Z,2026-09-15T22:42:42Z
128,1,124866669,5651001,60.0,16,,2026-09-13T11:50:13Z,2026-09-15T22:42:42Z
128,1,124865604,4749812,60.5,299,,2026-09-13T11:23:02Z,2026-09-15T22:42:42Z
128,1,124826737,4141352,61.0,702,,2026-09-12T16:18:18Z,2026-09-15T22:42:42Z
128,1,124778475,5651001,62.0,206,,2026-09-11T16:58:57Z,2026-09-15T22:42:42Z
128,1,124772842,5298615,62.5,1244,,2026-09-11T14:51:08Z,2026-09-15T22:42:42Z
128,1,124672293,4776308,64.0,776,,2026-09-09T16:44:25Z,2026-09-15T22:42:42Z
128,1,124797351,5550943,65.0,813,,2026-09-12T02:36:26Z,2026-09-15T22:42:42Z
128,1,124598973,5497591,66.0,3328,,2026-09-08T07:13:27Z,2026-09-15T22:42:42Z
128,2,124970997,4307535,71.5,1,,2026-09-15T10:26:13Z,2026-09-15T22:42:42Z
128,2,124934055,4753096,72.0,816,,2026-09-14T17:06:42Z,2026-09-15T22:42:42Z
128,2,124785817,5721665,72.5,10446,,2026-09-11T20:09:23Z,2026-09-15T22:42:42Z
128,2,124761187,4753096,73.0,960,,2026-09-11T09:53:15Z,2026-09-15T22:42:42Z
128,2,124715444,4859613,73.5,4900,,2026-09-10T12:46:45Z,2026-09-15T22:42:42Z
128,2,124714956,1623152,74.0,3000,,2026-09-10T12:36:25Z,2026-09-15T22:42:42Z
128,2,124694054,278829,74.5,7450,,2026-09-10T03:13:56Z,2026-09-15T22:42:42Z
128,2,124598841,1026346,75.0,171,,2026-09-08T07:09:41Z,2026-09-15T22:42:42Z
128,3,124987665,4749812,82.5,999,,2026-09-15T17:16:19Z,2026-09-15T22:42:42Z
128,3,124915263,3277943,83.0,50000,,2026-09-14T09:41:41Z,2026-09-15T22:42:42Z
128,3,124908785,1456556,87.0,23248,,2026-09-14T06:32:11Z,2026-09-15T22:42:42Z
128,4,124827336,5213748,93.5,7705,,2026-09-12T16:32:48Z,2026-09-15T22:42:42Z
128,4,124705704,3976637,97.5,10000,,2026-09-10T08:27:47Z,2026-09-15T22:42:42Z
128,5,124999819,479656,92.0,1000,,2026-09-15T22:01:47Z,2026-09-15T22:42:42Z
128,5,124937460,1543510,95.0,10000,,2026-09-14T18:23:14Z,2026-09-15T22:42:42Z
128,5,124621139,2407459,98.0,90010,,2026-09-08T17:03:36Z,2026-09-15T22:42:42Z
128,6,124961993,2343192,98.0,91,,2026-09-15T06:04:37Z,2026-09-15T22:42:42Z
128,6,124772069,4988210,98.5,1449,,2026-09-11T14:31:27Z,2026-09-15T22:42:42Z
128,8,124839546,4749812,98.5,200,,2026-09-12T21:53:08Z,2026-09-15T22:42:42Z
128,9,124645885,3549846,100.0,41701,,2026-09-09T05:06:52Z,2026-09-15T22:42:42Z
128,10,124645890,3549846,110.0,977,,2026-09-09T05:07:01Z,2026-09-15T22:42:42Z
129,0,124990722,5694031,2610.0,4,,2026-09-15T18:25:54Z,2026-09-15T22:43:00Z
129,0,124986023,5240930,2620.0,14,,2026-09-15T16:37:45Z,2026-09-15T22:43:00Z
129,0,125000387,5790715,2620.0,1,,2026-09-15T22:18:41Z,2026-09-15T22:43:00Z
129,0,124983871,5774934,2630.0,1,,2026-09-15T15:47:09Z,2026-09-15T22:43:00Z
129,0,124969818,5240930,2640.0,16,,2026-09-15T09:55:15Z,2026-09-15T22:43:00Z
129,0,124979045,787634,2640.0,8,,2026-09-15T13:51:47Z,2026-09-15T22:43:00Z
129,0,124969055,4093928,2650.0,1,,2026-09-15T09:33:48Z,2026-09-15T22:43:00Z
129,1,124979021,787634,2640.0,1717,,2026-09-15T13:51:27Z,2026-09-15T22:43:00Z
129,1,124969375,1779549,2650.0,20,,2026-09-15T09:41:59Z,2026-09-15T22:43:00Z
129,1,124953068,4410288,2660.0,9,,2026-09-15T01:38:45Z,2026-09-15T22:43:00Z
129,1,124951999,4626910,2670.0,33,,2026-09-15T01:06:09Z,2026-09-15T22:43:00Z
129,2,124998336,5634766,2650.0,2,,2026-09-15T21:19:29Z,2026-09-15T22:43:00Z
129,2,124983906,4428301,2660.0,12,,2026-09-15T15:47:59Z,2026-09-15T22:43:00Z
129,2,124979030,787634,2670.0,31,,2026-09-15T13:51:30Z,2026-09-15T22:43:00Z
129,2,124935610,4428301,2680.0,19,,2026-09-14T17:43:08Z,2026-09-15T22:43:00Z
129,2,124929879,5386291,2690.0,111,,2026-09-14T15:33:11Z,2026-09-15T22:43:00Z
129,2,124664114,1623152,2740.0,321,,2026-09-09T13:32:02Z,2026-09-15T22:43:00Z
129,3,124988930,4197903,2790.0,17,,2026-09-15T17:44:24Z,2026-09-15T22:43:00Z
129,3,124913462,1980475,2800.0,39,,2026-09-14T08:47:36Z,2026-09-15T22:43:00Z
129,3,124908614,4197903,2810.0,15,,2026-09-14T06:27:36Z,2026-09-15T22:43:00Z
129,3,124903232,2213830,2820.0,87,,2026-09-14T04:06:34Z,2026-09-15T22:43:00Z
129,3,124895262,4789022,2830.0,313,,2026-09-13T23:41:26Z,2026-09-15T22:43:00Z
129,3,124892998,5234480,2840.0,30,,2026-09-13T22:23:08Z,2026-09-15T22:43:00Z
129,3,124891825,4183564,2850.0,148,,2026-09-13T21:47:06Z,2026-09-15T22:43:00Z
129,3,124886625,4197903,2910.0,8,,2026-09-13T19:35:33Z,2026-09-15T22:43:00Z
129,4,124960203,3263224,2870.0,126,,2026-09-15T05:15:53Z,2026-09-15T22:43:00Z
129,4,124909232,4739650,2880.0,100,,2026-09-14T06:44:15Z,2026-09-15T22:43:00Z
129,4,124909229,4739650,2890.0,100,,2026-09-14T06:44:11Z,2026-09-15T22:43:00Z
129,4,124909219,4739650,2900.0,100,,2026-09-14T06:44:06Z,2026-09-15T22:43:00Z
129,4,124909213,4739650,2910.0,100,,2026-09-14T06:44:02Z,2026-09-15T22:43:00Z
129,5,124918991,3976637,3000.0,520,,2026-09-14T11:17:24Z,2026-09-15T22:43:00Z
129,6,124984906,1741695,3010.0,200,,2026-09-15T16:10:28Z,2026-09-15T22:43:00Z
129,6,124955308,533714,3030.0,995,,2026-09-15T02:59:31Z,2026-09-15T22:43:00Z
129,6,124938636,5191456,3040.0,85,,2026-09-14T18:50:24Z,2026-09-15T22:43:00Z
129,6,124930708,3845340,3050.0,100,,2026-09-14T15:51:30Z,2026-09-15T22:43:00Z
129,6,124890286,5191456,3060.0,180,,2026-09-13T21:03:00Z,2026-09-15T22:43:00Z
129,6,124847987,533714,3070.0,126,,2026-09-13T02:54:25Z,2026-09-15T22:43:00Z
129,6,124891095,2135037,3070.0,900,,2026-09-13T21:24:28Z,2026-09-15T22:43:00Z
129,6,124842088,5191456,3080.0,310,,2026-09-12T23:13:51Z,2026-09-15T22:43:00Z
129,6,124736884,2135037,3090.0,1800,,2026-09-10T21:21:25Z,2026-09-15T22:43:00Z
129,6,124688138,3233830,3100.0,1474,,2026-09-09T23:41:37Z,2026-09-15T22:43:00Z
129,6,124683531,2135037,3110.0,900,,2026-09-09T21:12:00Z,2026-09-15T22:43:00Z
129,6,124653100,3845340,3120.0,492,,2026-09-09T08:31:49Z,2026-09-15T22:43:00Z
129,6,124646721,4141352,3130.0,50,,2026-09-09T05:28:59Z,2026-09-15T22:43:00Z
129,6,124598769,533714,3140.0,129,,2026-09-08T07:07:55Z,2026-09-15T22:43:00Z
129,6,124598773,533714,3190.0,1000,,2026-09-08T07:08:04Z,2026-09-15T22:43:00Z
129,7,124439571,3634074,3220.0,2254,,2026-09-05T04:27:28Z,2026-09-12T06:56:59Z
129,8,124725170,5138409,3210.0,417,,2026-09-10T16:36:43Z,2026-09-15T22:43:00Z
129,8,124725244,5138409,3220.0,14,,2026-09-10T16:39:06Z,2026-09-15T22:43:00Z
129,11,124708993,1288051,3780.0,4783,,2026-09-10T10:00:25Z,2026-09-15T22:43:00Z
129,12,124452433,4802216,4120.0,6,,2026-09-05T10:46:06Z,2026-09-13T04:02:18Z
130,0,124986146,5349410,2010.0,6,,2026-09-15T16:40:24Z,2026-09-15T22:42:25Z
130,0,124977104,5587857,2020.0,36,,2026-09-15T13:08:06Z,2026-09-15T22:42:25Z
130,0,124969768,5754186,2030.0,6,,2026-09-15T09:53:27Z,2026-09-15T22:42:25Z
130,0,124968715,5774934,2040.0,2,,2026-09-15T09:23:07Z,2026-09-15T22:42:25Z
130,0,124919397,5479708,2050.0,160,,2026-09-14T11:28:37Z,2026-09-15T22:42:25Z
130,0,124953428,4778681,2050.0,76,,2026-09-15T01:51:52Z,2026-09-15T22:42:25Z
130,0,124902658,5587857,2060.0,134,,2026-09-14T03:49:23Z,2026-09-15T22:42:25Z
130,0,124870373,4662295,2070.0,70,,2026-09-13T13:17:43Z,2026-09-15T22:42:25Z
130,0,124869404,5754186,2080.0,2,,2026-09-13T12:53:53Z,2026-09-15T22:42:25Z
130,0,124856509,5754186,2100.0,5,,2026-09-13T07:14:13Z,2026-09-15T22:42:25Z
130,0,124864142,5479708,2100.0,76,,2026-09-13T12:04:18Z,2026-09-15T22:42:25Z
130,0,124867481,5687014,2100.0,36,,2026-09-13T12:08:10Z,2026-09-15T22:42:25Z
130,0,124794240,4800739,2110.0,242,,2026-09-12T00:34:16Z,2026-09-15T22:42:25Z
130,0,124793668,5766952,2120.0,10,,2026-09-12T00:12:48Z,2026-09-15T22:42:25Z
130,0,124788983,5766952,2130.0,4,,2026-09-11T21:34:06Z,2026-09-15T22:42:25Z
130,0,124788900,4662295,2140.0,56,,2026-09-11T21:32:00Z,2026-09-15T22:42:25Z
130,0,124777321,5779909,2170.0,2,,2026-09-11T16:29:41Z,2026-09-15T22:42:25Z
130,0,124779557,4845048,2170.0,288,,2026-09-11T17:27:10Z,2026-09-15T22:42:25Z
130,0,124723855,4629847,2190.0,114,,2026-09-10T16:04:40Z,2026-09-15T22:42:25Z
130,0,124722683,5181496,2210.0,10,,2026-09-10T15:36:49Z,2026-09-15T22:42:25Z
130,0,124722650,1592526,2220.0,5,,2026-09-10T15:35:52Z,2026-09-15T22:42:25Z
130,0,124713157,5181496,2230.0,20,,2026-09-10T11:53:20Z,2026-09-15T22:42:25Z
130,1,124987901,5634766,2040.0,76,-18.0,2026-09-15T17:21:59Z,2026-09-15T22:42:25Z
130,1,124975663,4410288,2050.0,10,,2026-09-15T12:30:11Z,2026-09-15T22:42:25Z
130,1,124972169,5634766,2060.0,30,,2026-09-15T10:58:22Z,2026-09-15T22:42:25Z
130,1,124968386,5745124,2070.0,6,,2026-09-15T09:13:39Z,2026-09-15T22:42:25Z
130,1,124903598,5455400,2080.0,304,,2026-09-14T04:16:07Z,2026-09-15T22:42:25Z
130,1,124868708,5282794,2090.0,9,,2026-09-13T12:36:40Z,2026-09-15T22:42:25Z
130,1,124864325,5670255,2110.0,57,,2026-09-13T10:49:33Z,2026-09-15T22:42:25Z
130,1,124780922,3554502,2150.0,988,,2026-09-11T18:02:50Z,2026-09-15T22:42:25Z
130,1,124783628,4410288,2180.0,10,,2026-09-11T19:13:01Z,2026-09-15T22:42:25Z
130,1,124788654,4261472,2180.0,27,,2026-09-11T21:25:17Z,2026-09-15T22:42:25Z
130,1,124777007,5745124,2190.0,28,,2026-09-11T16:23:28Z,2026-09-15T22:42:25Z
130,1,124779563,4845048,2190.0,62,,2026-09-11T17:27:23Z,2026-09-15T22:42:25Z
130,1,124759584,4261472,2230.0,49,,2026-09-11T09:09:47Z,2026-09-15T22:42:25Z
130,1,124732972,4410288,2240.0,10,,2026-09-10T19:48:33Z,2026-09-15T22:42:25Z
130,1,124566426,4261472,2250.0,90,,2026-09-07T15:57:20Z,2026-09-15T22:42:25Z
130,1,124705780,5825902,2300.0,1,,2026-09-10T08:30:08Z,2026-09-15T22:42:25Z
130,1,124714243,4410288,2320.0,12,,2026-09-10T12:21:27Z,2026-09-15T22:42:25Z
130,2,124759129,4352113,2250.0,22,,2026-09-11T08:55:32Z,2026-09-15T22:42:25Z
130,2,124821890,5573320,2250.0,151,,2026-09-12T14:13:17Z,2026-09-15T22:42:25Z
130,2,124865711,1623152,2390.0,32,,2026-09-13T11:25:43Z,2026-09-15T22:42:25Z
130,3,124997248,5171800,2330.0,40,,2026-09-15T20:51:30Z,2026-09-15T22:42:25Z
130,3,124968537,4789022,2340.0,448,,2026-09-15T09:18:11Z,2026-09-15T22:42:25Z
130,3,124960065,5171800,2350.0,35,,2026-09-15T05:12:19Z,2026-09-15T22:42:25Z
130,3,124912695,4779614,2360.0,218,,2026-09-14T08:25:11Z,2026-09-15T22:42:25Z
130,3,124897922,5171800,2370.0,35,,2026-09-14T01:14:00Z,2026-09-15T22:42:25Z
130,3,124892991,5234480,2380.0,93,,2026-09-13T22:23:01Z,2026-09-15T22:42:25Z
130,3,124889091,5171800,2390.0,35,,2026-09-13T20:32:48Z,2026-09-15T22:42:25Z
130,3,124811377,1980475,2400.0,177,,2026-09-12T09:27:15Z,2026-09-15T22:42:25Z
130,3,124808917,4789022,2410.0,1426,,2026-09-12T08:17:24Z,2026-09-15T22:42:25Z
130,3,124807225,3232247,2420.0,500,,2026-09-12T07:30:51Z,2026-09-15T22:42:25Z
130,4,124994961,3527420,2350.0,33,,2026-09-15T19:59:00Z,2026-09-15T22:42:25Z
130,4,124965763,53480,2360.0,138,,2026-09-15T07:55:44Z,2026-09-15T22:42:25Z
130,4,124934974,3263224,2390.0,93,,2026-09-14T17:28:47Z,2026-09-15T22:42:25Z
130,4,124928432,53480,2400.0,150,,2026-09-14T15:03:05Z,2026-09-15T22:42:25Z
130,4,124929027,3263224,2420.0,407,,2026-09-14T15:15:34Z,2026-09-15T22:42:25Z
130,4,124927006,1304787,2430.0,69,,2026-09-14T14:27:32Z,2026-09-15T22:42:25Z
130,4,124923004,53480,2440.0,200,,2026-09-14T12:54:30Z,2026-09-15T22:42:25Z
130,4,124916407,53480,2470.0,200,,2026-09-14T10:12:59Z,2026-09-15T22:42:25Z
130,4,124912663,53480,2500.0,200,,2026-09-14T08:24:13Z,2026-09-15T22:42:25Z
130,4,124874150,279215,2530.0,206,,2026-09-13T14:48:12Z,2026-09-15T22:42:25Z
130,4,124868590,4097907,2540.0,100,,2026-09-13T12:33:56Z,2026-09-15T22:42:25Z
130,4,124849197,4112845,2550.0,96,,2026-09-13T03:40:04Z,2026-09-15T22:42:25Z
130,4,124840071,1009922,2590.0,75,,2026-09-12T22:06:15Z,2026-09-15T22:42:25Z
130,4,124837844,3263224,2600.0,28,,2026-09-12T21:04:31Z,2026-09-15T22:42:25Z
130,4,124840025,1631660,2600.0,189,,2026-09-12T22:04:52Z,2026-09-15T22:42:25Z
130,5,124947821,3978623,2780.0,1988,,2026-09-14T22:40:11Z,2026-09-15T22:42:25Z
130,5,124947827,3978623,2790.0,2000,,2026-09-14T22:40:17Z,2026-09-15T22:42:25Z
130,5,124947830,3978623,2810.0,2000,,2026-09-14T22:40:27Z,2026-09-15T22:42:25Z
130,6,124910351,1178866,2800.0,1995,,2026-09-14T07:15:16Z,2026-09-15T22:42:25Z
130,7,124773338,3261489,3000.0,486,,2026-09-11T15:03:29Z,2026-09-15T22:42:25Z
130,9,124852406,2261923,2900.0,2708,,2026-09-13T05:22:31Z,2026-09-15T22:42:25Z
130,9,124698222,3416800,3180.0,447,,2026-09-10T05:10:19Z,2026-09-15T22:42:25Z
130,9,124651917,3416800,3190.0,500,,2026-09-09T07:53:13Z,2026-09-15T22:42:25Z
130,10,124665219,4891055,3190.0,1176,,2026-09-09T13:57:06Z,2026-09-15T22:42:25Z
130,11,124801912,3549846,3050.0,1760,,2026-09-12T05:15:21Z,2026-09-15T22:42:25Z
130,11,124445171,3549846,3200.0,1797,,2026-09-05T07:12:34Z,2026-09-15T22:42:25Z
131,0,124999150,5700120,2310.0,7,,2026-09-15T21:42:57Z,2026-09-15T22:42:27Z
131,0,124980856,5264914,2320.0,8,,2026-09-15T14:36:26Z,2026-09-15T22:42:27Z
131,0,124967536,5700120,2360.0,11,,2026-09-15T08:47:33Z,2026-09-15T22:42:27Z
131,0,124677856,5464805,2380.0,2,,2026-09-09T19:01:28Z,2026-09-15T22:42:27Z
131,0,124626337,1289056,2390.0,1,,2026-09-08T19:05:11Z,2026-09-15T22:42:27Z
131,0,124617096,5445788,2410.0,74,,2026-09-08T15:25:51Z,2026-09-15T22:42:27Z
131,0,124761780,4851772,2430.0,290,,2026-09-11T10:08:51Z,2026-09-15T22:42:27Z
131,0,124856943,5814340,2560.0,1,,2026-09-13T07:25:08Z,2026-09-15T22:42:27Z
131,1,124979431,5455400,2330.0,7,,2026-09-15T14:01:03Z,2026-09-15T22:42:27Z
131,1,124975666,4410288,2340.0,8,,2026-09-15T12:30:21Z,2026-09-15T22:42:27Z
131,1,124970843,5455400,2350.0,10,,2026-09-15T11:07:21Z,2026-09-15T22:42:27Z
131,1,124974744,5465535,2350.0,33,,2026-09-15T12:05:35Z,2026-09-15T22:42:27Z
131,1,124969030,4093928,2360.0,2,,2026-09-15T09:32:50Z,2026-09-15T22:42:27Z
131,1,124976577,5465535,2360.0,3,,2026-09-15T12:53:28Z,2026-09-15T22:42:27Z
131,1,124966433,5455400,2370.0,10,,2026-09-15T08:16:40Z,2026-09-15T22:42:27Z
131,1,124962800,1881385,2380.0,7,,2026-09-15T06:27:26Z,2026-09-15T22:42:27Z
131,1,124961056,5455400,2390.0,45,,2026-09-15T05:38:19Z,2026-09-15T22:42:27Z
131,1,124955061,5465535,2400.0,14,,2026-09-15T02:50:25Z,2026-09-15T22:42:27Z
131,1,124927846,5455400,2410.0,38,,2026-09-14T14:49:22Z,2026-09-15T22:42:27Z
131,1,124911859,4093928,2420.0,3,,2026-09-14T08:00:14Z,2026-09-15T22:42:27Z
131,1,124611123,5455400,2440.0,416,,2026-09-08T13:03:22Z,2026-09-15T22:42:27Z
131,1,124628632,4410288,2480.0,13,,2026-09-08T19:57:36Z,2026-09-15T22:42:27Z
131,1,124850708,4941399,2490.0,476,,2026-09-13T04:31:44Z,2026-09-15T22:42:27Z
131,1,124909939,1779549,2630.0,10,,2026-09-14T07:04:15Z,2026-09-15T22:42:27Z
131,1,124605361,1779549,2640.0,10,,2026-09-08T10:23:34Z,2026-09-15T22:42:27Z
131,1,124969393,1779549,2650.0,5,,2026-09-15T09:42:35Z,2026-09-15T22:42:27Z
131,1,124855310,4880908,2750.0,65,,2026-09-13T06:43:08Z,2026-09-15T22:42:27Z
131,2,124824603,5634766,2490.0,132,,2026-09-12T15:23:00Z,2026-09-15T22:42:27Z
131,2,124808231,4564415,2500.0,90,,2026-09-12T07:58:46Z,2026-09-15T22:42:27Z
131,2,124759137,4352113,2830.0,6,,2026-09-11T08:55:59Z,2026-09-15T22:42:27Z
131,3,124970190,1980475,2760.0,121,,2026-09-15T10:05:06Z,2026-09-15T22:42:27Z
131,3,124818232,5234480,2820.0,85,,2026-09-12T12:40:14Z,2026-09-15T22:42:27Z
131,3,124761135,4753096,2830.0,152,,2026-09-11T09:52:03Z,2026-09-15T22:42:27Z
131,4,124916415,53480,2770.0,200,,2026-09-14T10:13:13Z,2026-09-15T22:42:27Z
131,4,124912670,53480,2800.0,161,,2026-09-14T08:24:28Z,2026-09-15T22:42:27Z
131,4,124961277,4242034,2810.0,100,,2026-09-15T05:44:27Z,2026-09-15T22:42:27Z
131,5,124985864,3032034,2920.0,246,,2026-09-15T16:33:52Z,2026-09-15T22:42:27Z
131,5,124905396,1506939,2950.0,65,,2026-09-14T05:05:53Z,2026-09-15T22:42:27Z
131,5,124907014,5024454,2960.0,700,,2026-09-14T05:44:27Z,2026-09-15T22:42:27Z
131,5,124875728,3032034,2970.0,238,,2026-09-13T15:24:11Z,2026-09-15T22:42:27Z
131,5,124839809,1741695,2980.0,68,,2026-09-12T21:59:20Z,2026-09-15T22:42:27Z
131,5,124635839,2407459,2990.0,4975,,2026-09-08T23:27:01Z,2026-09-15T22:42:27Z
131,6,124960048,1809380,2930.0,1128,,2026-09-15T05:12:00Z,2026-09-15T22:42:27Z
131,7,124943970,299644,2980.0,229,,2026-09-14T20:50:19Z,2026-09-15T22:42:27Z
131,7,124909285,3261489,3100.0,429,,2026-09-14T06:45:18Z,2026-09-15T22:42:27Z
131,8,124477138,3017848,4100.0,2432,,2026-09-05T21:17:38Z,2026-09-13T04:05:56Z
131,9,124929808,385552,2990.0,3856,,2026-09-14T15:31:40Z,2026-09-15T22:42:27Z
132,0,124925368,4629847,1990.0,15,,2026-09-14T13:51:33Z,2026-09-15T22:44:21Z
132,0,125000476,5305828,1990.0,8,,2026-09-15T22:20:56Z,2026-09-15T22:44:21Z
132,0,124923439,5758027,2000.0,13,,2026-09-14T13:03:36Z,2026-09-15T22:44:21Z
132,0,124921138,5172752,2010.0,19,,2026-09-14T12:09:34Z,2026-09-15T22:44:21Z
132,0,124913156,5172752,2020.0,68,,2026-09-14T08:37:51Z,2026-09-15T22:44:21Z
132,0,124842842,5354900,2050.0,1,,2026-09-12T23:39:45Z,2026-09-15T22:44:21Z
132,0,124871745,5708328,2050.0,47,,2026-09-13T13:52:22Z,2026-09-15T22:44:21Z
132,0,124916952,5540286,2050.0,12,,2026-09-14T10:26:31Z,2026-09-15T22:44:21Z
132,0,124835679,5225688,2070.0,10,,2026-09-12T20:08:58Z,2026-09-15T22:44:21Z
132,0,124834571,5306076,2080.0,100,,2026-09-12T19:39:48Z,2026-09-15T22:44:21Z
132,0,124828766,5638753,2090.0,44,,2026-09-12T17:09:31Z,2026-09-15T22:44:21Z
132,0,124818725,5354900,2100.0,18,,2026-09-12T12:53:17Z,2026-09-15T22:44:21Z
132,0,124798352,5172752,2110.0,16,,2026-09-12T03:12:32Z,2026-09-15T22:44:21Z
132,0,124788889,4662295,2130.0,2,,2026-09-11T21:31:44Z,2026-09-15T22:44:21Z
132,0,124788269,5354900,2140.0,20,,2026-09-11T21:14:24Z,2026-09-15T22:44:21Z
132,0,124784519,5737851,2150.0,21,,2026-09-11T19:35:35Z,2026-09-15T22:44:21Z
132,0,124963649,5479708,2150.0,30,,2026-09-15T06:51:39Z,2026-09-15T22:44:21Z
132,0,124997441,1456556,2160.0,289,,2026-09-15T20:56:36Z,2026-09-15T22:44:21Z
132,0,124781777,5172752,2170.0,80,,2026-09-11T18:25:40Z,2026-09-15T22:44:21Z
132,0,124781004,5425365,2180.0,19,,2026-09-11T18:04:56Z,2026-09-15T22:44:21Z
132,0,124744438,5172752,2190.0,37,,2026-09-11T01:30:35Z,2026-09-15T22:44:21Z
132,0,124750397,5465535,2190.0,5,,2026-09-11T04:51:07Z,2026-09-15T22:44:21Z
132,0,124742961,5762650,2200.0,6,,2026-09-11T00:36:40Z,2026-09-15T22:44:21Z
132,0,124741265,5354900,2250.0,20,,2026-09-10T23:37:52Z,2026-09-15T22:44:21Z
132,0,124723861,4629847,2260.0,43,,2026-09-10T16:04:49Z,2026-09-15T22:44:21Z
132,0,124720724,5762650,2290.0,1,,2026-09-10T14:48:53Z,2026-09-15T22:44:21Z
132,0,124721797,5306076,2300.0,100,,2026-09-10T15:16:36Z,2026-09-15T22:44:21Z
132,0,124704621,4739816,2340.0,598,,2026-09-10T07:55:15Z,2026-09-15T22:44:21Z
132,0,124749435,5825910,2500.0,1,,2026-09-11T04:24:05Z,2026-09-15T22:44:21Z
132,0,124825444,5830761,2500.0,2,,2026-09-12T15:45:56Z,2026-09-15T22:44:21Z
132,1,124951993,4626910,2030.0,20,,2026-09-15T01:05:57Z,2026-09-15T22:44:21Z
132,1,124911873,4093928,2040.0,4,,2026-09-14T08:00:43Z,2026-09-15T22:44:21Z
132,1,124911123,5801699,2050.0,14,,2026-09-14T07:37:22Z,2026-09-15T22:44:21Z
132,1,124997453,1456556,2180.0,155,,2026-09-15T20:56:53Z,2026-09-15T22:44:21Z
132,1,124824508,4410288,2290.0,30,,2026-09-12T15:20:13Z,2026-09-15T22:44:21Z
132,1,124822634,4626910,2300.0,154,,2026-09-12T14:33:07Z,2026-09-15T22:44:21Z
132,1,124729084,5618417,2310.0,14,,2026-09-10T18:17:34Z,2026-09-15T22:44:21Z
132,1,124759147,4352113,2310.0,118,,2026-09-11T08:56:24Z,2026-09-15T22:44:21Z
132,1,124626359,1289056,2320.0,44,,2026-09-08T19:05:30Z,2026-09-15T22:44:21Z
132,1,124604813,1779549,2330.0,10,,2026-09-08T10:09:17Z,2026-09-15T22:44:21Z
132,1,124668470,2562354,2330.0,74,,2026-09-09T15:13:56Z,2026-09-15T22:44:21Z
132,1,124603510,4739816,2340.0,117,,2026-09-08T09:33:25Z,2026-09-15T22:44:21Z
132,1,124617155,2562354,2340.0,17,,2026-09-08T15:27:11Z,2026-09-15T22:44:21Z
132,1,124272354,5022518,2620.0,770,,2026-09-03T04:56:53Z,2026-09-15T22:44:21Z
132,1,124969385,1779549,2740.0,5,,2026-09-15T09:42:17Z,2026-09-15T22:44:21Z
132,1,124909964,1779549,2750.0,10,,2026-09-14T07:04:45Z,2026-09-15T22:44:21Z
132,1,124517057,5022518,2780.0,187,,2026-09-06T16:55:11Z,2026-09-15T22:44:21Z
132,2,124977810,4183564,2500.0,147,,2026-09-15T13:22:29Z,2026-09-15T22:44:21Z
132,2,124832220,4238522,2640.0,198,,2026-09-12T18:38:59Z,2026-09-15T22:44:21Z
132,2,124692796,4238522,2740.0,400,,2026-09-10T02:30:39Z,2026-09-15T22:44:21Z
132,3,124929362,5234480,2660.0,105,,2026-09-14T15:22:46Z,2026-09-15T22:44:21Z
132,3,124838774,5356162,2670.0,483,,2026-09-12T21:29:20Z,2026-09-15T22:44:21Z
132,3,124837480,5171800,2680.0,30,,2026-09-12T20:55:10Z,2026-09-15T22:44:21Z
132,3,124920008,5328195,2690.0,316,,2026-09-14T11:42:11Z,2026-09-15T22:44:21Z
132,3,124811659,5171800,2770.0,30,,2026-09-12T09:35:54Z,2026-09-15T22:44:21Z
132,3,124806491,5328195,2780.0,140,,2026-09-12T07:13:25Z,2026-09-15T22:44:21Z
132,3,124833643,5127740,2790.0,50,,2026-09-12T19:15:59Z,2026-09-15T22:44:21Z
132,3,124796225,3751810,2800.0,64,,2026-09-12T01:53:04Z,2026-09-15T22:44:21Z
132,3,124600049,3074153,2840.0,200,,2026-09-08T07:47:20Z,2026-09-15T22:44:21Z
132,3,124786941,5127740,2860.0,50,,2026-09-11T20:36:57Z,2026-09-15T22:44:21Z
132,3,124786937,5127740,2880.0,50,,2026-09-11T20:36:47Z,2026-09-15T22:44:21Z
132,4,124931029,2815584,2690.0,131,,2026-09-14T15:58:52Z,2026-09-15T22:44:21Z
132,4,124919005,3976637,2770.0,510,,2026-09-14T11:17:43Z,2026-09-15T22:44:21Z
132,4,124904037,2815584,2780.0,51,,2026-09-14T04:28:29Z,2026-09-15T22:44:21Z
132,4,124870674,2815584,2800.0,185,,2026-09-13T13:25:03Z,2026-09-15T22:44:21Z
132,4,124695291,1878657,2920.0,109,,2026-09-10T03:55:37Z,2026-09-15T22:44:21Z
132,4,124680363,2815584,2930.0,111,,2026-09-09T19:59:24Z,2026-09-15T22:44:21Z
132,4,124643655,1878657,2990.0,108,,2026-09-09T04:03:35Z,2026-09-15T22:44:21Z
132,5,124950358,247160,2700.0,404,,2026-09-15T00:07:31Z,2026-09-15T22:44:21Z
132,5,124948855,4274869,2790.0,57,,2026-09-14T23:14:26Z,2026-09-15T22:44:21Z
132,5,124861087,247160,2800.0,346,,2026-09-13T09:18:05Z,2026-09-15T22:44:21Z
132,6,124971103,1782301,2840.0,295,,2026-09-15T10:28:58Z,2026-09-15T22:44:21Z
132,6,124960560,649747,2850.0,750,,2026-09-15T05:24:59Z,2026-09-15T22:44:21Z
132,6,124918810,1782301,2860.0,312,,2026-09-14T11:12:25Z,2026-09-15T22:44:21Z
132,6,124906068,649747,2870.0,750,,2026-09-14T05:21:30Z,2026-09-15T22:44:21Z
132,6,124893681,1782301,2880.0,477,,2026-09-13T22:46:45Z,2026-09-15T22:44:21Z
132,6,124854473,649747,2890.0,744,,2026-09-13T06:22:13Z,2026-09-15T22:44:21Z
132,6,124705151,1782301,2930.0,185,,2026-09-10T08:11:09Z,2026-09-15T22:44:21Z
132,6,124699838,649747,2940.0,800,,2026-09-10T05:49:44Z,2026-09-15T22:44:21Z
132,6,124664509,1782301,2950.0,27,,2026-09-09T13:40:53Z,2026-09-15T22:44:21Z
132,6,124661158,3959474,2960.0,92,,2026-09-09T12:18:22Z,2026-09-15T22:44:21Z
132,6,124658379,649747,2970.0,800,,2026-09-09T11:05:00Z,2026-09-15T22:44:21Z
132,6,124652231,1782301,2980.0,136,,2026-09-09T08:03:56Z,2026-09-15T22:44:21Z
132,6,124647109,649747,2990.0,800,,2026-09-09T05:37:32Z,2026-09-15T22:44:21Z
132,6,124634368,1782301,3010.0,298,,2026-09-08T22:39:08Z,2026-09-15T22:44:21Z
132,7,124910409,1178866,3050.0,1992,,2026-09-14T07:17:03Z,2026-09-15T22:44:21Z
132,7,124768778,1950408,3190.0,100,,2026-09-11T13:07:46Z,2026-09-15T22:44:21Z
132,8,124742203,1950408,3370.0,500,,2026-09-11T00:10:15Z,2026-09-15T22:44:21Z
132,10,124791972,3618039,3100.0,110,,2026-09-11T23:10:16Z,2026-09-15T22:44:21Z
132,10,124982383,5653452,3240.0,15,,2026-09-15T15:12:41Z,2026-09-15T22:44:21Z
132,12,124990880,5638577,4280.0,21,,2026-09-15T18:29:22Z,2026-09-15T22:44:21Z
132,12,124603488,1064809,4290.0,41,,2026-09-08T09:32:46Z,2026-09-15T22:44:21Z
132,12,124622016,1064809,4490.0,100,,2026-09-08T17:23:46Z,2026-09-15T22:44:21Z
132,12,124673746,1064809,4690.0,200,,2026-09-09T17:19:49Z,2026-09-15T22:44:21Z
132,12,124603480,1064809,4790.0,1000,,2026-09-08T09:32:35Z,2026-09-15T22:44:21Z
132,12,124621998,1064809,4850.0,500,,2026-09-08T17:23:32Z,2026-09-15T22:44:21Z
132,12,124673717,1064809,4890.0,500,,2026-09-09T17:19:19Z,2026-09-15T22:44:21Z
133,0,125001038,5743968,13.2,4392,,2026-09-15T22:38:50Z,2026-09-15T22:42:12Z
133,0,124999968,5648036,13.3,824,,2026-09-15T22:05:52Z,2026-09-15T22:42:12Z
133,0,125000907,5660284,13.3,5472,,2026-09-15T22:35:02Z,2026-09-15T22:42:12Z
133,0,124999833,5764251,13.9,304,,2026-09-15T22:02:22Z,2026-09-15T22:42:12Z
133,0,124999732,5796729,14.0,590,,2026-09-15T21:58:36Z,2026-09-15T22:42:12Z
133,0,124999421,5785894,14.1,547,,2026-09-15T21:50:19Z,2026-09-15T22:42:12Z
133,0,124999146,5725719,14.2,931,,2026-09-15T21:42:46Z,2026-09-15T22:42:12Z
133,0,124996933,5742923,14.3,689,,2026-09-15T20:43:10Z,2026-09-15T22:42:12Z
133,0,124996490,5764251,14.4,36,,2026-09-15T20:32:12Z,2026-09-15T22:42:12Z
133,0,124949683,4127240,14.5,18278,,2026-09-14T23:42:27Z,2026-09-15T22:42:12Z
133,0,124963288,5779303,14.5,1035,,2026-09-15T06:41:25Z,2026-09-15T22:42:12Z
133,0,124968741,5730918,14.5,753,,2026-09-15T09:23:38Z,2026-09-15T22:42:12Z
133,0,124946660,5655790,14.6,204,,2026-09-14T22:00:47Z,2026-09-15T22:42:12Z
133,0,124946587,5656551,14.7,2123,,2026-09-14T21:58:49Z,2026-09-15T22:42:12Z
133,0,124946202,5738516,14.8,168,,2026-09-14T21:49:12Z,2026-09-15T22:42:12Z
133,0,124945476,4564301,14.9,16469,,2026-09-14T21:29:30Z,2026-09-15T22:42:12Z
133,0,124893858,5190321,15.0,11538,,2026-09-13T22:52:47Z,2026-09-15T22:42:12Z
133,0,124941907,5763272,15.0,53,,2026-09-14T20:01:40Z,2026-09-15T22:42:12Z
133,0,124790312,4564301,15.1,9954,,2026-09-11T22:13:46Z,2026-09-15T22:42:12Z
133,0,124801256,5489213,15.1,5000,,2026-09-12T04:55:49Z,2026-09-15T22:42:12Z
133,0,124805546,5829300,15.1,19,,2026-09-12T06:48:59Z,2026-09-15T22:42:12Z
133,0,124823408,5676064,15.1,2063,,2026-09-12T14:53:45Z,2026-09-15T22:42:12Z
133,0,124863791,4853119,15.1,45786,,2026-09-13T10:34:52Z,2026-09-15T22:42:12Z
133,0,124898959,5823326,15.1,1000,,2026-09-14T01:47:57Z,2026-09-15T22:42:12Z
133,0,124790229,5738516,15.2,366,,2026-09-11T22:11:19Z,2026-09-15T22:42:12Z
133,0,124855705,5633618,15.2,5970,,2026-09-13T22:04:59Z,2026-09-15T22:42:12Z
133,0,124789452,5542173,15.3,8090,,2026-09-11T21:47:54Z,2026-09-15T22:42:12Z
133,0,124790761,5738803,15.3,1200,,2026-09-11T22:29:13Z,2026-09-15T22:42:12Z
133,0,124909109,5418118,15.3,55734,,2026-09-14T06:40:55Z,2026-09-15T22:42:12Z
133,0,124789140,5780416,15.4,483,,2026-09-11T21:39:08Z,2026-09-15T22:42:12Z
133,0,124981725,1456556,15.4,15316,,2026-09-15T14:57:36Z,2026-09-15T22:42:12Z
133,0,124773439,5748873,15.6,2872,,2026-09-11T15:05:25Z,2026-09-15T22:42:12Z
133,0,124773692,5720006,15.6,5611,,2026-09-11T15:10:44Z,2026-09-15T22:42:12Z
133,0,124802438,5526264,15.6,4448,,2026-09-12T05:30:10Z,2026-09-15T22:42:12Z
133,0,124808720,5472285,15.6,30000,,2026-09-12T08:11:36Z,2026-09-15T22:42:12Z
133,0,124773280,5738491,15.7,4316,,2026-09-11T15:02:12Z,2026-09-15T22:42:12Z
133,0,124906374,5762498,15.7,1100,,2026-09-14T05:28:20Z,2026-09-15T22:42:12Z
133,0,124787921,5699226,15.9,3087,,2026-09-11T21:03:50Z,2026-09-15T22:42:12Z
133,0,124802539,5825368,15.9,3798,,2026-09-12T05:32:36Z,2026-09-15T22:42:12Z
133,0,124938461,5472285,15.9,50000,,2026-09-14T18:45:33Z,2026-09-15T22:42:12Z
133,0,124759548,5691270,16.0,600,,2026-09-11T09:08:52Z,2026-09-15T22:42:12Z
133,0,124792895,5818545,16.0,2404,,2026-09-11T23:45:51Z,2026-09-15T22:42:12Z
133,0,124815358,3817600,16.0,5,,2026-09-12T11:20:48Z,2026-09-15T22:42:12Z
133,0,124979112,5494978,16.0,50,,2026-09-15T13:53:11Z,2026-09-15T22:42:12Z
133,0,124867813,3817600,16.1,3160,,2026-09-13T12:15:20Z,2026-09-15T22:42:12Z
133,0,124722108,5748873,16.2,764,,2026-09-10T15:24:47Z,2026-09-15T22:42:12Z
133,0,124721971,5796729,16.3,128,,2026-09-10T15:21:41Z,2026-09-15T22:42:12Z
133,0,124971304,3817600,16.3,4226,,2026-09-15T10:34:52Z,2026-09-15T22:42:12Z
133,0,124724726,5048824,16.4,7583,,2026-09-10T16:24:54Z,2026-09-15T22:42:12Z
133,0,124721129,5761114,16.5,82,,2026-09-10T14:59:27Z,2026-09-15T22:42:12Z
133,0,124721287,5738803,16.5,67,,2026-09-10T15:03:14Z,2026-09-15T22:42:12Z
133,0,124822553,5363622,16.5,16499,,2026-09-12T14:31:17Z,2026-09-15T22:42:12Z
133,0,124719054,4769273,16.6,11417,,2026-09-10T14:09:52Z,2026-09-15T22:42:12Z
133,0,124719633,5738803,16.6,1215,,2026-09-10T14:23:15Z,2026-09-15T22:42:12Z
133,0,124774710,5363622,16.6,16088,,2026-09-11T15:32:00Z,2026-09-15T22:42:12Z
133,0,124720405,5738803,16.7,36,,2026-09-10T14:40:47Z,2026-09-15T22:42:12Z
133,0,124726720,3978623,16.7,16739,,2026-09-10T17:16:34Z,2026-09-15T22:42:12Z
133,0,124717185,5784859,17.0,62,,2026-09-10T13:28:50Z,2026-09-15T22:42:12Z
133,0,124786663,5048824,17.0,6607,,2026-09-11T20:30:12Z,2026-09-15T22:42:12Z
133,0,124846257,5459626,17.0,9633,,2026-09-13T01:46:41Z,2026-09-15T22:42:12Z
133,0,124905012,5783922,17.0,608,,2026-09-14T04:55:56Z,2026-09-15T22:42:12Z
133,0,124917644,5494978,17.0,4191,,2026-09-14T10:44:07Z,2026-09-15T22:42:12Z
133,0,124985694,5363622,17.0,17604,,2026-09-15T16:30:23Z,2026-09-15T22:42:12Z
133,0,124718207,5563291,17.2,2192,,2026-09-10T13:51:00Z,2026-09-15T22:42:12Z
133,0,124718095,3560194,17.3,5433,,2026-09-10T13:48:08Z,2026-09-15T22:42:12Z
133,0,124726393,5363622,17.3,16658,,2026-09-10T17:08:35Z,2026-09-15T22:42:12Z
133,0,124715925,5720322,17.5,88,,2026-09-10T12:58:40Z,2026-09-15T22:42:12Z
133,0,124715159,5593550,17.6,3041,,2026-09-10T12:41:02Z,2026-09-15T22:42:12Z
133,0,124715060,5720322,17.7,333,,2026-09-10T12:38:52Z,2026-09-15T22:42:12Z
133,0,124713340,5418118,17.9,2812,,2026-09-10T11:58:34Z,2026-09-15T22:42:12Z
133,0,124713821,4798371,17.9,1507,,2026-09-10T12:11:18Z,2026-09-15T22:42:12Z
133,0,124713426,5811930,18.0,864,,2026-09-10T12:01:20Z,2026-09-15T22:42:12Z
133,0,124755769,5633618,18.0,18964,,2026-09-11T07:15:03Z,2026-09-15T22:42:12Z
133,0,124712975,5743968,18.1,1347,,2026-09-10T11:48:56Z,2026-09-15T22:42:12Z
133,0,124712959,5489213,18.2,3486,,2026-09-10T11:48:36Z,2026-09-15T22:42:12Z
133,0,124712871,2457423,18.3,21771,,2026-09-10T11:46:11Z,2026-09-15T22:42:12Z
133,0,124717649,5761442,18.3,18730,,2026-09-10T13:38:27Z,2026-09-15T22:42:12Z
133,0,124713556,5745152,18.4,2217,,2026-09-10T12:05:01Z,2026-09-15T22:42:12Z
133,0,124713244,5761442,18.5,835,,2026-09-10T11:56:08Z,2026-09-15T22:42:12Z
133,0,124701143,5472285,20.0,19820,,2026-09-10T06:23:11Z,2026-09-15T22:42:12Z
133,0,124739539,3839259,20.0,49675,,2026-09-10T22:39:00Z,2026-09-15T22:42:12Z
133,0,124786286,5817963,20.0,21,,2026-09-11T20:20:54Z,2026-09-15T22:42:12Z
133,0,124700701,5711572,20.75,142,,2026-09-10T06:12:00Z,2026-09-15T22:42:12Z
133,0,124699815,5738803,22.0,268,,2026-09-10T05:49:17Z,2026-09-15T22:42:12Z
133,0,124774457,5820505,22.0,50,,2026-09-11T15:26:37Z,2026-09-15T22:42:12Z
133,1,124999569,5471597,15.9,620,-80.0,2026-09-15T21:53:57Z,2026-09-15T22:42:12Z
133,1,124997655,5722721,16.0,16219,,2026-09-15T21:02:25Z,2026-09-15T22:42:12Z
133,1,124988903,5510621,16.1,2014,,2026-09-15T17:43:50Z,2026-09-15T22:42:12Z
133,1,124991205,5465535,16.1,2000,,2026-09-15T18:35:11Z,2026-09-15T22:42:12Z
133,1,124981741,1456556,16.2,12136,,2026-09-15T14:57:54Z,2026-09-15T22:42:12Z
133,1,124894739,5521161,16.3,10802,,2026-09-13T23:23:21Z,2026-09-15T22:42:12Z
133,1,124955049,5465535,16.3,2000,,2026-09-15T02:50:05Z,2026-09-15T22:42:12Z
133,1,124834603,4881618,16.6,148,,2026-09-12T19:40:46Z,2026-09-15T22:42:12Z
133,1,124819956,2148860,16.7,8606,,2026-09-12T13:25:58Z,2026-09-15T22:42:12Z
133,1,124819569,5666814,16.8,7030,,2026-09-12T13:15:24Z,2026-09-15T22:42:12Z
133,1,124820732,5732347,16.8,190,,2026-09-12T13:42:10Z,2026-09-15T22:42:12Z
133,1,124885205,5684810,16.8,6092,,2026-09-13T20:51:44Z,2026-09-15T22:42:12Z
133,1,124819227,1456556,16.9,2350,,2026-09-12T13:06:26Z,2026-09-15T22:42:12Z
133,1,124815937,5732347,17.0,499,,2026-09-12T11:36:47Z,2026-09-15T22:42:12Z
133,1,124815917,4478409,17.1,41,,2026-09-12T11:36:06Z,2026-09-15T22:42:12Z
133,1,124815682,5286535,17.3,2000,,2026-09-12T11:30:02Z,2026-09-15T22:42:12Z
133,1,124815095,5525979,17.4,7418,,2026-09-12T11:13:21Z,2026-09-15T22:42:12Z
133,1,124814406,5711572,17.5,219,,2026-09-12T10:53:54Z,2026-09-15T22:42:12Z
133,1,124832483,5591696,17.5,11341,,2026-09-12T18:45:37Z,2026-09-15T22:42:12Z
133,1,124812505,5732347,17.6,540,,2026-09-12T09:58:57Z,2026-09-15T22:42:12Z
133,1,124799821,4817057,17.7,45236,,2026-09-12T04:05:28Z,2026-09-15T22:42:12Z
133,1,124716094,5753130,17.8,70,,2026-09-10T13:03:16Z,2026-09-15T22:42:12Z
133,1,124715455,5732347,17.9,691,,2026-09-10T12:47:05Z,2026-09-15T22:42:12Z
133,1,124773041,3278463,18.0,5154,,2026-09-11T14:55:58Z,2026-09-15T22:42:12Z
133,1,124798197,5591696,18.0,32359,,2026-09-12T03:07:33Z,2026-09-15T22:42:12Z
133,1,124714748,2215769,18.4,1762,,2026-09-10T12:31:17Z,2026-09-15T22:42:12Z
133,1,124713008,2457423,19.7,17159,,2026-09-10T11:49:58Z,2026-09-15T22:42:12Z
133,1,124710644,3278463,20.0,4684,,2026-09-10T10:45:56Z,2026-09-15T22:42:12Z
133,1,124700563,3278463,21.25,2036,,2026-09-10T06:08:14Z,2026-09-15T22:42:12Z
133,1,124662723,776454,21.75,26463,,2026-09-09T12:57:33Z,2026-09-15T22:42:12Z
133,1,124662625,5360895,22.0,100,,2026-09-09T12:55:16Z,2026-09-15T22:42:12Z
133,2,124991924,5065507,16.2,6541,,2026-09-15T18:50:23Z,2026-09-15T22:42:12Z
133,2,124993572,5115698,16.2,10690,,2026-09-15T19:27:16Z,2026-09-15T22:42:12Z
133,2,124990955,4698358,16.3,2052,,2026-09-15T18:30:41Z,2026-09-15T22:42:12Z
133,2,124988726,294834,16.4,1,,2026-09-15T17:40:27Z,2026-09-15T22:42:12Z
133,2,124989007,5588327,16.4,4226,,2026-09-15T17:46:21Z,2026-09-15T22:42:12Z
133,2,124987543,5518124,16.5,4349,,2026-09-15T17:13:37Z,2026-09-15T22:42:12Z
133,2,124984682,5738428,16.6,1346,,2026-09-15T16:05:42Z,2026-09-15T22:42:12Z
133,2,124984289,5290729,16.7,5000,,2026-09-15T15:56:17Z,2026-09-15T22:42:12Z
133,2,124983931,5136160,16.8,2000,,2026-09-15T15:48:38Z,2026-09-15T22:42:12Z
133,2,124982011,5290729,16.9,5000,,2026-09-15T15:04:37Z,2026-09-15T22:42:12Z
133,2,124998466,5478301,16.9,13740,,2026-09-15T21:23:09Z,2026-09-15T22:42:12Z
133,2,124981853,5687251,17.0,8607,,2026-09-15T15:00:55Z,2026-09-15T22:42:12Z
133,2,124981543,5738428,17.1,4365,,2026-09-15T14:53:35Z,2026-09-15T22:42:12Z
133,2,124979365,5290729,17.4,5000,,2026-09-15T13:59:13Z,2026-09-15T22:42:12Z
133,2,124972020,5667751,17.5,3094,,2026-09-15T10:54:51Z,2026-09-15T22:42:12Z
133,2,124858150,4880908,17.6,20000,,2026-09-13T07:57:22Z,2026-09-15T22:42:12Z
133,2,124795606,5207535,18.0,15000,,2026-09-12T01:30:08Z,2026-09-15T22:42:12Z
133,2,124814371,3278463,18.0,24822,,2026-09-12T10:52:47Z,2026-09-15T22:42:12Z
133,2,124795173,4880908,18.1,10000,,2026-09-12T01:11:52Z,2026-09-15T22:42:12Z
133,2,124788642,5588327,18.2,2313,,2026-09-11T21:24:56Z,2026-09-15T22:42:12Z
133,2,124819870,5667751,18.5,16292,,2026-09-12T13:24:12Z,2026-09-15T22:42:12Z
133,2,124769445,2107752,18.6,25951,,2026-09-11T13:24:40Z,2026-09-15T22:42:12Z
133,2,124757607,5115698,18.9,4754,,2026-09-11T08:11:44Z,2026-09-15T22:42:12Z
133,2,124755441,5687251,19.0,2731,,2026-09-11T07:05:56Z,2026-09-15T22:42:12Z
133,2,124751840,1464315,19.2,31632,,2026-09-11T05:28:03Z,2026-09-15T22:42:12Z
133,2,124738531,5487822,19.3,124,,2026-09-10T22:07:16Z,2026-09-15T22:42:12Z
133,2,124748680,4880908,19.3,2000,,2026-09-11T04:01:09Z,2026-09-15T22:42:12Z
133,2,124736375,4880908,19.7,5000,,2026-09-10T21:07:48Z,2026-09-15T22:42:12Z
133,2,124741451,5162007,19.8,25000,,2026-09-10T23:44:50Z,2026-09-15T22:42:12Z
133,2,124713019,2457423,19.9,56767,,2026-09-10T11:50:15Z,2026-09-15T22:42:12Z
133,2,124714794,3843797,20.0,32893,,2026-09-10T12:32:37Z,2026-09-15T22:42:12Z
133,2,124701316,5758146,21.0,5694,,2026-09-10T06:29:05Z,2026-09-15T22:42:12Z
133,3,125000177,4744106,19.5,40699,,2026-09-15T22:11:28Z,2026-09-15T22:42:12Z
133,3,124997291,4564415,19.6,11248,,2026-09-15T20:52:44Z,2026-09-15T22:42:12Z
133,3,124996472,5703258,19.7,10578,,2026-09-15T20:32:03Z,2026-09-15T22:42:12Z
133,3,124967787,5169965,19.8,24802,,2026-09-15T08:55:32Z,2026-09-15T22:42:12Z
133,3,124964456,3414953,19.9,9305,,2026-09-15T07:14:38Z,2026-09-15T22:42:12Z
133,3,124965550,3922464,20.0,30000,,2026-09-15T07:48:16Z,2026-09-15T22:42:12Z
133,3,124952156,4744106,20.25,41375,,2026-09-15T01:12:17Z,2026-09-15T22:42:12Z
133,3,124926159,4721628,20.5,15158,,2026-09-14T14:08:37Z,2026-09-15T22:42:12Z
133,3,124895873,4372747,20.75,5900,,2026-09-14T00:03:19Z,2026-09-15T22:42:12Z
133,3,124713751,3322121,21.0,61142,,2026-09-10T12:09:59Z,2026-09-15T22:42:12Z
133,3,124712741,5169965,21.25,16315,,2026-09-10T11:41:22Z,2026-09-15T22:42:12Z
133,3,124701170,5422827,22.0,25000,,2026-09-10T06:24:28Z,2026-09-15T22:42:12Z
133,4,124999728,4132362,19.9,15000,,2026-09-15T21:58:30Z,2026-09-15T22:42:12Z
133,4,124996438,3270736,20.0,251640,,2026-09-15T20:31:20Z,2026-09-15T22:42:12Z
133,4,124995073,3851074,20.5,20000,,2026-09-15T20:01:06Z,2026-09-15T22:42:12Z
133,4,124913014,3922464,20.75,2550,,2026-09-14T08:33:49Z,2026-09-15T22:42:12Z
133,4,124900269,5269695,21.0,90000,,2026-09-14T02:33:15Z,2026-09-15T22:42:12Z
133,4,124895493,4132362,21.25,10000,,2026-09-13T23:49:33Z,2026-09-15T22:42:12Z
133,4,124701864,3926818,22.0,11192,,2026-09-10T06:43:07Z,2026-09-15T22:42:12Z
133,4,124697589,3922464,22.25,8924,,2026-09-10T04:54:18Z,2026-09-15T22:42:12Z
133,4,124649284,3926818,23.25,35034,,2026-09-09T06:38:07Z,2026-09-15T22:42:12Z
133,4,124633734,3922464,23.75,33738,,2026-09-08T22:15:09Z,2026-09-15T22:42:12Z
133,5,124988863,1066251,22.5,24380,,2026-09-15T17:42:58Z,2026-09-15T22:42:12Z
133,5,124986419,886595,22.75,20000,,2026-09-15T16:46:20Z,2026-09-15T22:42:12Z
133,5,124986005,3032034,23.0,25000,,2026-09-15T16:37:13Z,2026-09-15T22:42:12Z
133,5,124981641,3632287,23.25,80028,,2026-09-15T14:55:30Z,2026-09-15T22:42:12Z
133,5,124971099,1066251,23.5,8155,,2026-09-15T10:28:50Z,2026-09-15T22:42:12Z
133,5,124968458,1066251,23.75,115543,,2026-09-15T09:15:53Z,2026-09-15T22:42:12Z
133,5,124955631,3768610,24.0,11800,,2026-09-15T03:09:58Z,2026-09-15T22:42:12Z
133,5,124604141,4997984,24.25,71639,,2026-09-08T09:50:51Z,2026-09-15T22:42:12Z
133,6,124991337,4156336,29.0,25869,,2026-09-15T18:37:44Z,2026-09-15T22:42:12Z
133,7,124989883,2451842,33.5,19992,,2026-09-15T18:05:07Z,2026-09-15T22:42:12Z
133,7,124979483,596410,33.75,150000,,2026-09-15T14:02:12Z,2026-09-15T22:42:12Z
133,7,124943606,2142370,34.0,34866,,2026-09-14T20:40:56Z,2026-09-15T22:42:12Z
133,7,124870236,2142370,34.75,196870,,2026-09-13T13:14:15Z,2026-09-15T22:42:12Z
133,7,124831692,2451842,35.0,21825,,2026-09-12T18:25:54Z,2026-09-15T22:42:12Z
133,7,124824820,3557813,35.25,3921,,2026-09-12T15:28:23Z,2026-09-15T22:42:12Z
133,7,124759479,4384639,35.5,95377,,2026-09-11T09:06:50Z,2026-09-15T22:42:12Z
133,7,124708488,2142370,35.75,71882,,2026-09-10T09:44:43Z,2026-09-15T22:42:12Z
133,7,124633785,2142370,36.0,77516,,2026-09-08T22:17:14Z,2026-09-15T22:42:12Z
133,8,124964880,833439,35.0,818,,2026-09-15T07:26:48Z,2026-09-15T22:42:12Z
133,8,124797043,4384639,38.5,65876,,2026-09-12T02:24:48Z,2026-09-15T22:42:12Z
133,9,124971400,4749812,36.75,999,,2026-09-15T10:37:33Z,2026-09-15T22:42:12Z
133,9,124964872,833439,37.0,1053,,2026-09-15T07:26:34Z,2026-09-15T22:42:12Z
133,9,124945856,4749812,39.5,999,,2026-09-14T21:39:21Z,2026-09-15T22:42:12Z
133,9,124646456,3549846,39.75,1657,,2026-09-09T05:21:54Z,2026-09-15T22:42:12Z
134,0,124993528,3414953,53.0,3593,,2026-09-15T19:26:11Z,2026-09-15T22:42:05Z
134,0,124988905,4915716,53.5,5000,,2026-09-15T17:44:26Z,2026-09-15T22:42:05Z
134,0,125000887,5699641,54.0,718,,2026-09-15T22:34:10Z,2026-09-15T22:42:05Z
134,0,124695982,5825677,55.0,40,,2026-09-10T04:13:30Z,2026-09-15T22:42:05Z
134,1,124998941,4478409,52.5,1506,-856.0,2026-09-15T21:37:03Z,2026-09-15T22:42:05Z
134,1,124998756,5648532,53.0,129,,2026-09-15T21:31:07Z,2026-09-15T22:42:05Z
134,1,124976757,5648532,54.5,116,,2026-09-15T12:58:15Z,2026-09-15T22:42:05Z
134,1,124978729,5141545,54.5,640,,2026-09-15T13:43:48Z,2026-09-15T22:42:05Z
134,1,124913788,3612280,56.5,8304,,2026-09-14T08:57:10Z,2026-09-15T22:42:05Z
134,1,124909087,4478409,59.5,1095,,2026-09-14T06:40:26Z,2026-09-15T22:42:05Z
134,2,124996966,5085119,53.5,200,,2026-09-15T20:44:12Z,2026-09-15T22:42:05Z
134,2,124995916,5640497,54.0,83,,2026-09-15T20:18:45Z,2026-09-15T22:42:05Z
134,2,124979079,3041188,54.5,99609,,2026-09-15T13:52:38Z,2026-09-15T22:42:05Z
134,2,124978607,5640497,55.0,165,,2026-09-15T13:41:27Z,2026-09-15T22:42:05Z
134,2,124911998,5182905,57.5,1000,,2026-09-14T08:04:27Z,2026-09-15T22:42:05Z
134,2,124910523,5681827,58.0,495,,2026-09-14T07:20:11Z,2026-09-15T22:42:05Z
134,2,124908848,4141260,60.0,960,,2026-09-14T06:34:07Z,2026-09-15T22:42:05Z
134,2,124908765,4293139,60.5,3621,,2026-09-14T06:31:52Z,2026-09-15T22:42:05Z
134,3,124998375,3322261,54.0,405,,2026-09-15T21:20:28Z,2026-09-15T22:42:05Z
134,3,124995927,5640497,54.5,1975,,2026-09-15T20:18:58Z,2026-09-15T22:42:05Z
134,3,124993466,3414953,55.0,3800,,2026-09-15T19:24:21Z,2026-09-15T22:42:05Z
134,3,124996890,4520026,55.0,1029,,2026-09-15T20:41:56Z,2026-09-15T22:42:05Z
134,3,124914111,4520026,55.5,7909,,2026-09-14T09:06:07Z,2026-09-15T22:42:05Z
134,3,124897826,3851074,61.0,1000,,2026-09-14T01:10:46Z,2026-09-15T22:42:05Z
134,4,124984911,4660514,58.0,2450,,2026-09-15T16:10:34Z,2026-09-15T22:42:05Z
134,4,124981285,3133560,58.5,1512,,2026-09-15T14:47:08Z,2026-09-15T22:42:05Z
134,4,124962033,4727937,59.0,65186,,2026-09-15T06:05:33Z,2026-09-15T22:42:05Z
134,4,124954396,3133560,59.5,9298,,2026-09-15T02:25:43Z,2026-09-15T22:42:05Z
134,4,124949794,479656,60.0,2318,,2026-09-14T23:46:49Z,2026-09-15T22:42:05Z
134,4,124960803,1516636,60.0,3000,,2026-09-15T05:32:00Z,2026-09-15T22:42:05Z
134,4,124949166,2544326,61.0,60793,,2026-09-14T23:23:55Z,2026-09-15T22:42:05Z
134,4,124949017,4301927,61.5,12371,,2026-09-14T23:19:37Z,2026-09-15T22:42:05Z
134,4,124850182,2213830,63.0,23113,,2026-09-13T04:13:17Z,2026-09-15T22:42:05Z
134,5,124981007,4451759,62.5,16509,,2026-09-15T14:39:57Z,2026-09-15T22:42:05Z
134,5,124909272,2800739,63.0,19666,,2026-09-14T06:44:58Z,2026-09-15T22:42:05Z
134,5,124908996,4451759,63.5,4160,,2026-09-14T06:38:07Z,2026-09-15T22:42:05Z
134,5,124933904,5170907,63.5,25000,,2026-09-14T17:03:00Z,2026-09-15T22:42:05Z
134,5,124881174,4552846,64.0,4230,,2026-09-13T17:30:25Z,2026-09-15T22:42:05Z
134,5,124965393,4451759,64.5,20000,,2026-09-15T07:43:09Z,2026-09-15T22:42:05Z
134,5,124817804,5170907,65.0,28489,,2026-09-12T12:29:57Z,2026-09-15T22:42:05Z
134,5,124809827,4451759,67.0,10697,,2026-09-12T08:43:36Z,2026-09-15T22:42:05Z
134,5,124803320,4552846,67.5,2500,,2026-09-12T05:54:54Z,2026-09-15T22:42:05Z
134,5,124805125,2800739,67.5,20000,,2026-09-12T06:38:45Z,2026-09-15T22:42:05Z
134,5,124802675,4451759,68.0,1144,,2026-09-12T05:36:02Z,2026-09-15T22:42:05Z
134,5,124797997,4451759,69.0,4226,,2026-09-12T03:00:20Z,2026-09-15T22:42:05Z
134,5,124668272,4594260,74.0,5000,,2026-09-09T15:09:27Z,2026-09-15T22:42:05Z
134,6,124992068,4232742,62.0,292783,,2026-09-15T18:53:53Z,2026-09-15T22:42:05Z
134,6,124812189,4753096,69.5,1998,,2026-09-12T09:50:14Z,2026-09-15T22:42:05Z
134,7,124997942,2726945,80.0,4226,,2026-09-15T21:09:30Z,2026-09-15T22:42:05Z
134,7,124991727,2335324,83.0,4418,,2026-09-15T18:46:35Z,2026-09-15T22:42:05Z
134,7,124807828,2335324,84.5,9260,,2026-09-12T07:48:01Z,2026-09-15T22:42:05Z
134,7,124754802,2335324,89.0,6457,,2026-09-11T06:49:00Z,2026-09-15T22:42:05Z
134,8,124927182,4833243,83.5,478,,2026-09-14T14:30:59Z,2026-09-15T22:42:05Z
134,8,124910461,3434399,84.0,7126,,2026-09-14T07:18:16Z,2026-09-15T22:42:05Z
134,8,124754060,3434399,90.0,19764,,2026-09-11T06:29:56Z,2026-09-15T22:42:05Z
134,10,124966744,1420693,87.5,2500,,2026-09-15T08:23:47Z,2026-09-15T22:42:05Z
134,10,124927192,4833243,88.0,713,,2026-09-14T14:31:18Z,2026-09-15T22:42:05Z
134,10,124833477,533714,89.0,4647,,2026-09-12T19:12:07Z,2026-09-15T22:42:05Z
134,10,124813430,5217369,93.5,840,,2026-09-12T10:24:57Z,2026-09-15T22:42:05Z
134,10,124771036,1553723,94.0,5000,,2026-09-11T14:05:08Z,2026-09-15T22:42:05Z
134,11,124987840,4749812,117.0,299,,2026-09-15T17:20:08Z,2026-09-15T22:42:05Z
134,11,124968539,383752,118.0,400,,2026-09-15T09:18:13Z,2026-09-15T22:42:05Z
134,11,124909284,4749812,119.0,997,,2026-09-14T06:45:18Z,2026-09-15T22:42:05Z
134,12,124997244,3149713,111.0,1000,,2026-09-15T20:51:25Z,2026-09-15T22:42:05Z
134,12,124909282,4749812,120.0,435,,2026-09-14T06:45:11Z,2026-09-15T22:42:05Z
135,0,125000974,5783918,18.1,270,,2026-09-15T22:37:04Z,2026-09-15T22:44:07Z
135,0,125000232,4481302,18.2,197326,,2026-09-15T22:13:25Z,2026-09-15T22:44:07Z
135,0,124994901,5327711,18.3,58081,,2026-09-15T19:57:51Z,2026-09-15T22:44:07Z
135,0,124993525,5389703,18.4,13819,,2026-09-15T19:26:10Z,2026-09-15T22:44:07Z
135,0,124993263,5544089,18.5,13995,,2026-09-15T19:19:34Z,2026-09-15T22:44:07Z
135,0,124997164,3961473,18.5,19743,,2026-09-15T20:49:28Z,2026-09-15T22:44:07Z
135,0,124823833,5061818,18.6,5772,,2026-09-12T15:05:45Z,2026-09-15T22:44:07Z
135,0,124824158,5684432,18.6,1149,,2026-09-12T15:12:51Z,2026-09-15T22:44:07Z
135,0,124855971,3617488,18.6,5535,,2026-09-13T13:12:26Z,2026-09-15T22:44:07Z
135,0,124853676,5437785,18.7,11352,,2026-09-13T13:20:01Z,2026-09-15T22:44:07Z
135,0,124873150,5828163,18.7,100,,2026-09-13T14:24:46Z,2026-09-15T22:44:07Z
135,0,124803791,4481302,18.9,370000,,2026-09-12T06:07:07Z,2026-09-15T22:44:07Z
135,0,124789348,5739507,19.4,1002,,2026-09-11T21:44:46Z,2026-09-15T22:44:07Z
135,0,124730035,5825903,19.5,2,,2026-09-10T18:38:19Z,2026-09-15T22:44:07Z
135,0,124818173,5738476,19.6,126,,2026-09-12T12:38:57Z,2026-09-15T22:44:07Z
135,0,124794066,5699226,19.7,8748,,2026-09-12T00:28:27Z,2026-09-15T22:44:07Z
135,0,124730242,5723184,19.8,250,,2026-09-10T18:43:39Z,2026-09-15T22:44:07Z
135,0,124630384,5756764,20.0,20,,2026-09-08T20:37:36Z,2026-09-15T22:44:07Z
135,0,124773319,5828982,20.0,92,,2026-09-11T15:03:02Z,2026-09-15T22:44:07Z
135,0,123779206,5528287,21.0,46000,,2026-09-04T12:03:49Z,2026-09-15T22:44:07Z
135,0,124781829,5829372,21.0,1,,2026-09-11T18:26:51Z,2026-09-15T22:44:07Z
135,0,124830411,5650752,21.0,37,,2026-09-12T17:52:07Z,2026-09-15T22:44:07Z
135,0,123850590,5606645,22.0,10532,,2026-09-01T19:57:55Z,2026-09-15T22:44:07Z
135,0,124949789,5583072,23.0,1,,2026-09-14T23:46:38Z,2026-09-15T22:44:07Z
135,1,124995425,1924430,18.5,5533,,2026-09-15T20:08:34Z,2026-09-15T22:44:07Z
135,1,124958738,1924430,18.6,10885,,2026-09-15T04:40:41Z,2026-09-15T22:44:07Z
135,1,124965617,5700204,18.6,4875,,2026-09-15T07:50:26Z,2026-09-15T22:44:07Z
135,1,124982410,4470907,18.6,292752,,2026-09-15T15:13:17Z,2026-09-15T22:44:07Z
135,1,125000183,3550147,18.6,30000,,2026-09-15T22:11:36Z,2026-09-15T22:44:07Z
135,1,124904547,1924430,18.7,25424,,2026-09-14T04:41:37Z,2026-09-15T22:44:07Z
135,1,124839504,3550147,18.9,18782,,2026-09-12T21:51:54Z,2026-09-15T22:44:07Z
135,1,124757107,1924430,19.0,37545,,2026-09-11T07:56:26Z,2026-09-15T22:44:07Z
135,1,124728139,2215209,19.1,2580,,2026-09-10T17:54:55Z,2026-09-15T22:44:07Z
135,1,124782823,5193023,19.1,6471,,2026-09-11T18:52:44Z,2026-09-15T22:44:07Z
135,1,124738385,3550147,19.2,28000,,2026-09-10T22:02:30Z,2026-09-15T22:44:07Z
135,1,124733931,1924430,19.3,29000,,2026-09-10T20:11:46Z,2026-09-15T22:44:07Z
135,1,124711772,1924430,19.6,39000,,2026-09-10T11:17:52Z,2026-09-15T22:44:07Z
135,1,124771195,5683385,19.6,1700,,2026-09-11T14:10:07Z,2026-09-15T22:44:07Z
135,1,124626997,1924430,19.8,95000,,2026-09-08T19:20:00Z,2026-09-15T22:44:07Z
135,1,124782441,5791544,20.0,99,,2026-09-11T18:42:08Z,2026-09-15T22:44:07Z
135,1,124706111,5825902,21.0,100,,2026-09-10T08:37:14Z,2026-09-15T22:44:07Z
135,1,124663656,5524895,21.25,96,,2026-09-09T13:20:18Z,2026-09-15T22:44:07Z
135,2,124999740,5745630,18.6,1256,,2026-09-15T21:58:51Z,2026-09-15T22:44:07Z
135,2,125000896,5675669,18.6,558,,2026-09-15T22:34:37Z,2026-09-15T22:44:07Z
135,2,124957748,5305488,18.7,50763,,2026-09-15T04:12:37Z,2026-09-15T22:44:07Z
135,2,124958863,5675669,18.7,984,,2026-09-15T04:42:58Z,2026-09-15T22:44:07Z
135,2,124984568,5653613,18.7,20270,,2026-09-15T16:03:20Z,2026-09-15T22:44:07Z
135,2,124945176,5639395,18.8,4988,,2026-09-14T21:22:10Z,2026-09-15T22:44:07Z
135,2,124944189,5219935,18.9,12000,,2026-09-14T20:56:15Z,2026-09-15T22:44:07Z
135,2,124942055,2439010,19.0,7,,2026-09-14T20:04:16Z,2026-09-15T22:44:07Z
135,2,124797757,5454808,19.2,5387,,2026-09-12T02:51:32Z,2026-09-15T22:44:07Z
135,2,124684945,1379990,19.4,23155,,2026-09-09T21:53:16Z,2026-09-15T22:44:07Z
135,2,124699098,3573088,19.4,19606,,2026-09-10T05:30:41Z,2026-09-15T22:44:07Z
135,2,124930833,4300446,20.0,9844,,2026-09-14T15:54:32Z,2026-09-15T22:44:07Z
135,2,124995030,4933788,20.5,22183,,2026-09-15T20:00:22Z,2026-09-15T22:44:07Z
135,3,124999997,5047342,18.9,1108,,2026-09-15T22:06:30Z,2026-09-15T22:44:07Z
135,3,124998481,5643273,19.0,8932,,2026-09-15T21:23:24Z,2026-09-15T22:44:07Z
135,3,125000256,5055879,19.0,14317,,2026-09-15T22:14:45Z,2026-09-15T22:44:07Z
135,3,124994237,5047342,19.1,638,,2026-09-15T19:41:22Z,2026-09-15T22:44:07Z
135,3,124993044,5012837,19.2,2484,,2026-09-15T19:14:30Z,2026-09-15T22:44:07Z
135,3,124991728,5047342,19.3,1107,,2026-09-15T18:46:35Z,2026-09-15T22:44:07Z
135,3,124991123,4881618,19.4,5000,,2026-09-15T18:33:44Z,2026-09-15T22:44:07Z
135,3,124881150,5417304,19.5,19435,,2026-09-13T17:29:52Z,2026-09-15T22:44:07Z
135,3,124815731,5055879,19.6,20939,,2026-09-12T11:30:41Z,2026-09-15T22:44:07Z
135,3,124652207,3272415,19.7,97708,,2026-09-09T08:03:20Z,2026-09-15T22:44:07Z
135,3,124650497,5319371,20.0,10000,,2026-09-09T07:10:47Z,2026-09-15T22:44:07Z
135,3,124650652,2526980,20.0,12804,,2026-09-09T07:15:48Z,2026-09-15T22:44:07Z
135,3,124995005,4933788,23.0,54753,,2026-09-15T19:59:51Z,2026-09-15T22:44:07Z
135,4,125000201,4753096,21.25,20000,,2026-09-15T22:12:17Z,2026-09-15T22:44:07Z
135,4,125000019,3634572,21.5,4000,,2026-09-15T22:07:01Z,2026-09-15T22:44:07Z
135,4,124833495,4753096,21.75,3821,,2026-09-12T19:12:31Z,2026-09-15T22:44:07Z
135,4,124998512,5227420,21.75,50000,,2026-09-15T21:24:49Z,2026-09-15T22:44:07Z
135,4,124711085,5100162,22.25,10000,,2026-09-10T10:59:26Z,2026-09-15T22:44:07Z
135,4,124659669,5082651,22.75,37920,,2026-09-09T11:39:18Z,2026-09-15T22:44:07Z
135,4,124661163,5100162,22.75,25000,,2026-09-09T12:18:32Z,2026-09-15T22:44:07Z
135,5,124838784,3451799,22.0,190163,,2026-09-12T21:29:32Z,2026-09-15T22:44:07Z
135,5,124736918,4565490,22.25,100000,,2026-09-10T21:22:37Z,2026-09-15T22:44:07Z
135,5,124735212,1835472,22.5,99500,,2026-09-10T20:41:06Z,2026-09-15T22:44:07Z
135,5,124669918,5523065,23.25,1224,,2026-09-09T15:45:35Z,2026-09-15T22:44:07Z
135,5,124646310,4565490,23.75,200000,,2026-09-09T05:18:07Z,2026-09-15T22:44:07Z
135,6,124739383,2726582,22.25,142584,,2026-09-10T22:33:34Z,2026-09-15T22:44:07Z
135,6,124671145,280587,23.0,42845,,2026-09-09T16:15:38Z,2026-09-15T22:44:07Z
135,6,124669085,2047893,23.5,20000,,2026-09-09T15:27:23Z,2026-09-15T22:44:07Z
135,6,124644936,4371452,24.0,86629,,2026-09-09T04:38:29Z,2026-09-15T22:44:07Z
135,6,124632554,1835472,24.5,34549,,2026-09-08T21:38:41Z,2026-09-15T22:44:07Z
135,7,124992041,3345765,25.0,10000,,2026-09-15T18:53:16Z,2026-09-15T22:44:07Z
135,7,124933943,3345765,25.25,10000,,2026-09-14T17:03:51Z,2026-09-15T22:44:07Z
135,7,124749924,3345765,26.75,18000,,2026-09-11T04:37:51Z,2026-09-15T22:44:07Z
135,8,124991744,2335324,25.25,6138,,2026-09-15T18:46:49Z,2026-09-15T22:44:07Z
135,8,124920549,2335324,25.5,16265,,2026-09-14T11:54:08Z,2026-09-15T22:44:07Z
135,8,124906842,2335324,26.0,15906,,2026-09-14T05:40:26Z,2026-09-15T22:44:07Z
135,8,124878430,2335324,26.5,5106,,2026-09-13T16:25:54Z,2026-09-15T22:44:07Z
135,8,124668160,2335324,27.0,18396,,2026-09-09T15:07:28Z,2026-09-15T22:44:07Z
135,8,124735240,1835472,27.5,35568,,2026-09-10T20:41:39Z,2026-09-15T22:44:07Z
135,9,124973660,2726945,26.0,57523,,2026-09-15T11:37:44Z,2026-09-15T22:44:07Z
135,9,124788708,1471267,33.0,10000,,2026-09-11T21:26:56Z,2026-09-15T22:44:07Z
135,10,124906455,833439,33.0,25080,,2026-09-14T05:30:24Z,2026-09-15T22:44:07Z
135,11,124918774,1800467,30.0,101949,,2026-09-14T11:11:36Z,2026-09-15T22:44:07Z
136,0,125000985,5837702,1.47,200,,2026-09-15T22:37:23Z,2026-09-15T22:40:21Z
136,0,124998666,5793848,1.48,7613,,2026-09-15T21:28:56Z,2026-09-15T22:40:21Z
136,0,124994528,3478266,1.49,18718,,2026-09-15T19:47:54Z,2026-09-15T22:40:21Z
136,0,124994424,5837394,1.5,20,,2026-09-15T19:45:23Z,2026-09-15T22:40:21Z
136,0,124995107,5725055,1.5,21000,,2026-09-15T20:01:41Z,2026-09-15T22:40:21Z
136,0,124994406,5837394,1.51,10,,2026-09-15T19:45:13Z,2026-09-15T22:40:21Z
136,0,124991752,5757434,1.52,3215,,2026-09-15T18:46:59Z,2026-09-15T22:40:21Z
136,0,124991761,5754658,1.52,3500,,2026-09-15T18:47:06Z,2026-09-15T22:40:21Z
136,0,124991700,5267236,1.53,18283,,2026-09-15T18:45:52Z,2026-09-15T22:40:21Z
136,0,124991521,5808407,1.54,400,,2026-09-15T18:41:59Z,2026-09-15T22:40:21Z
136,0,124991342,5835051,1.55,350,,2026-09-15T18:37:53Z,2026-09-15T22:40:21Z
136,0,124969514,4153288,1.56,28781,,2026-09-15T09:45:14Z,2026-09-15T22:40:21Z
136,0,124987821,5812446,1.56,705,,2026-09-15T17:19:47Z,2026-09-15T22:40:21Z
136,0,124957844,5821324,1.57,120,,2026-09-15T04:14:44Z,2026-09-15T22:40:21Z
136,0,124959437,5550285,1.57,6163,,2026-09-15T04:57:50Z,2026-09-15T22:40:21Z
136,0,124991688,5821069,1.57,135,,2026-09-15T18:45:36Z,2026-09-15T22:40:21Z
136,0,124955241,5784709,1.58,4280,,2026-09-15T02:57:06Z,2026-09-15T22:40:21Z
136,0,124987079,5481519,1.58,60000,,2026-09-15T17:02:32Z,2026-09-15T22:40:21Z
136,0,124999369,5427308,1.58,109252,,2026-09-15T21:48:52Z,2026-09-15T22:40:21Z
136,0,124955145,5834616,1.59,1558,,2026-09-15T02:53:37Z,2026-09-15T22:40:21Z
136,0,124989808,5834911,1.6,955,,2026-09-15T18:03:58Z,2026-09-15T22:40:21Z
136,0,124953172,5706538,1.62,2686,,2026-09-15T01:41:29Z,2026-09-15T22:40:21Z
136,0,124952973,5743795,1.63,3002,,2026-09-15T01:35:38Z,2026-09-15T22:40:21Z
136,0,124954094,5812446,1.63,81,,2026-09-15T02:13:55Z,2026-09-15T22:40:21Z
136,0,124951796,5826867,1.64,1000,,2026-09-15T00:59:10Z,2026-09-15T22:40:21Z
136,0,124953009,5834796,1.64,173,,2026-09-15T01:36:44Z,2026-09-15T22:40:21Z
136,0,124950922,5812446,1.65,61,,2026-09-15T00:30:19Z,2026-09-15T22:40:21Z
136,0,124950766,5812446,1.66,414,,2026-09-15T00:24:40Z,2026-09-15T22:40:21Z
136,0,124952856,5821204,1.66,500,,2026-09-15T01:33:01Z,2026-09-15T22:40:21Z
136,0,124950555,5836355,1.67,1039,,2026-09-15T00:16:11Z,2026-09-15T22:40:21Z
136,0,124942201,5812446,1.7,50,,2026-09-14T20:07:29Z,2026-09-15T22:40:21Z
136,0,124945375,5835037,1.7,3409,,2026-09-14T21:26:51Z,2026-09-15T22:40:21Z
136,0,124954617,5828163,1.7,1300,,2026-09-15T02:33:38Z,2026-09-15T22:40:21Z
136,0,124957373,5826465,1.7,4045,,2026-09-15T04:02:11Z,2026-09-15T22:40:21Z
136,0,124977852,4500394,1.7,200000,,2026-09-15T13:23:21Z,2026-09-15T22:40:21Z
136,0,124936072,5711862,1.71,86889,,2026-09-14T17:55:01Z,2026-09-15T22:40:21Z
136,0,124940713,5822301,1.71,500,,2026-09-14T19:35:04Z,2026-09-15T22:40:21Z
136,0,124941336,5617639,1.71,29000,,2026-09-14T19:48:41Z,2026-09-15T22:40:21Z
136,0,124970604,1117810,1.71,124950,,2026-09-15T10:15:51Z,2026-09-15T22:40:21Z
136,0,124935930,5833222,1.72,98,,2026-09-14T17:51:49Z,2026-09-15T22:40:21Z
136,0,124933912,5684432,1.73,14765,,2026-09-14T17:03:12Z,2026-09-15T22:40:21Z
136,0,124935385,5805141,1.73,114,,2026-09-14T17:37:42Z,2026-09-15T22:40:21Z
136,0,124990370,5835037,1.73,2707,,2026-09-15T18:17:37Z,2026-09-15T22:40:21Z
136,0,124933271,5834717,1.74,869,,2026-09-14T16:48:17Z,2026-09-15T22:40:21Z
136,0,124931165,5801865,1.75,4381,,2026-09-14T16:01:33Z,2026-09-15T22:40:21Z
136,0,124930759,5796969,1.76,349,,2026-09-14T15:52:44Z,2026-09-15T22:40:21Z
136,0,124930685,5826465,1.77,2422,,2026-09-14T15:51:04Z,2026-09-15T22:40:21Z
136,0,124932434,5805141,1.77,502,,2026-09-14T16:30:57Z,2026-09-15T22:40:21Z
136,0,124930092,5530522,1.78,1689,,2026-09-14T15:37:26Z,2026-09-15T22:40:21Z
136,0,124914988,4153288,1.79,60376,,2026-09-14T09:32:39Z,2026-09-15T22:40:21Z
136,0,124879752,4714065,1.8,268155,,2026-09-13T16:56:50Z,2026-09-15T22:40:21Z
136,0,124899768,5826465,1.8,4266,,2026-09-14T02:16:00Z,2026-09-15T22:40:21Z
136,0,124910788,5819116,1.8,210,,2026-09-14T07:28:18Z,2026-09-15T22:40:21Z
136,0,124933209,5834455,1.8,50,,2026-09-14T16:46:55Z,2026-09-15T22:40:21Z
136,0,124935126,5828163,1.8,50,,2026-09-14T17:32:21Z,2026-09-15T22:40:21Z
136,0,124939950,5836059,1.8,1092,,2026-09-14T19:18:23Z,2026-09-15T22:40:21Z
136,0,124902329,5830761,1.85,10,,2026-09-14T03:39:21Z,2026-09-15T22:40:21Z
136,0,124948517,5827826,1.86,6793,,2026-09-14T23:04:23Z,2026-09-15T22:40:21Z
136,0,124878671,5706538,1.87,14177,,2026-09-13T16:31:27Z,2026-09-15T22:40:21Z
136,0,124889071,5827977,1.9,850,,2026-09-13T22:21:59Z,2026-09-15T22:40:21Z
136,0,124912248,5832955,1.9,1000,,2026-09-14T08:11:31Z,2026-09-15T22:40:21Z
136,0,124976150,5835268,1.9,100,,2026-09-15T12:42:28Z,2026-09-15T22:40:21Z
136,0,124877236,5833107,1.91,50,,2026-09-13T15:58:37Z,2026-09-15T22:40:21Z
136,0,124878132,5298615,1.91,109914,,2026-09-13T16:19:21Z,2026-09-15T22:40:21Z
136,0,124868620,1992926,1.92,45508,,2026-09-13T12:34:39Z,2026-09-15T22:40:21Z
136,0,124868192,4462630,1.94,2001628,,2026-09-13T12:24:01Z,2026-09-15T22:40:21Z
136,0,124867695,5723337,1.97,10868,,2026-09-13T12:13:16Z,2026-09-15T22:40:21Z
136,0,124860815,4462630,2.0,342443,,2026-09-13T09:09:43Z,2026-09-15T22:40:21Z
136,0,124873907,5783942,2.0,100,,2026-09-13T14:42:12Z,2026-09-15T22:40:21Z
136,0,124911051,5772936,2.0,1000,,2026-09-14T07:35:22Z,2026-09-15T22:40:21Z
136,0,124967962,5823404,2.0,100,,2026-09-15T09:00:34Z,2026-09-15T22:40:21Z
136,0,124982033,5044637,2.0,1000,,2026-09-15T15:05:09Z,2026-09-15T22:40:21Z
136,1,124986058,5365589,1.6,25324,,2026-09-15T16:38:34Z,2026-09-15T22:40:21Z
136,1,124993623,3817600,1.66,20195,,2026-09-15T19:28:20Z,2026-09-15T22:40:21Z
136,1,124985899,3817600,1.71,15000,,2026-09-15T16:34:33Z,2026-09-15T22:40:21Z
136,1,124972893,5479665,1.72,20380,,2026-09-15T11:17:45Z,2026-09-15T22:40:21Z
136,1,124970565,1117810,1.74,2980,,2026-09-15T10:15:07Z,2026-09-15T22:40:21Z
136,1,124937653,5365589,1.75,440,,2026-09-14T18:27:58Z,2026-09-15T22:40:21Z
136,1,124940494,3817600,1.75,3000,,2026-09-14T19:30:21Z,2026-09-15T22:40:21Z
136,1,124957865,5458588,1.75,25000,,2026-09-15T04:15:27Z,2026-09-15T22:40:21Z
136,1,124957067,4798371,1.8,14903,,2026-09-15T03:52:23Z,2026-09-15T22:40:21Z
136,1,124879768,4714065,1.83,51700,,2026-09-13T16:57:15Z,2026-09-15T22:40:21Z
136,1,124942373,5458588,1.88,99000,,2026-09-14T20:11:36Z,2026-09-15T22:40:21Z
136,1,124860825,4462630,2.0,363476,,2026-09-13T09:09:56Z,2026-09-15T22:40:21Z
136,2,125000990,5308551,1.81,3201,,2026-09-15T22:37:29Z,2026-09-15T22:40:21Z
136,2,124998765,5661982,1.82,238,,2026-09-15T21:31:28Z,2026-09-15T22:40:21Z
136,2,124986607,5438554,1.83,43970,,2026-09-15T16:50:15Z,2026-09-15T22:40:21Z
136,2,124983046,5661982,1.84,2562,,2026-09-15T15:27:14Z,2026-09-15T22:40:21Z
136,2,124982665,5744889,1.85,4000,,2026-09-15T15:19:22Z,2026-09-15T22:40:21Z
136,2,124955544,5644064,1.88,73654,,2026-09-15T03:07:19Z,2026-09-15T22:40:21Z
136,2,124994981,4933788,1.88,169797,,2026-09-15T19:59:18Z,2026-09-15T22:40:21Z
136,2,124954259,5308551,1.89,128,,2026-09-15T02:20:33Z,2026-09-15T22:40:21Z
136,2,124928063,5438554,1.9,11643,,2026-09-14T14:55:19Z,2026-09-15T22:40:21Z
136,2,124942333,5458588,1.9,10000,,2026-09-14T20:10:41Z,2026-09-15T22:40:21Z
136,2,124893611,1535818,1.91,2662785,,2026-09-13T22:44:35Z,2026-09-15T22:40:21Z
136,2,124886589,5661982,1.92,4620,,2026-09-13T19:34:50Z,2026-09-15T22:40:21Z
136,2,124945194,3611322,1.92,375182,,2026-09-14T21:22:43Z,2026-09-15T22:40:21Z
136,2,124883313,5477040,1.93,3240,,2026-09-13T18:19:47Z,2026-09-15T22:40:21Z
136,2,124877944,5298615,1.94,2225,,2026-09-13T16:14:33Z,2026-09-15T22:40:21Z
136,2,124860832,4462630,1.99,515673,,2026-09-13T09:10:04Z,2026-09-15T22:40:21Z
136,3,124962599,4994860,1.89,134000,,2026-09-15T06:21:35Z,2026-09-15T22:40:21Z
136,3,124949742,4891494,1.93,886120,,2026-09-14T23:44:34Z,2026-09-15T22:40:21Z
136,3,124891188,2646878,1.94,31355,,2026-09-13T21:27:07Z,2026-09-15T22:40:21Z
136,3,124871810,2860874,1.95,240544,,2026-09-13T13:53:52Z,2026-09-15T22:40:21Z
136,3,124870049,3922464,1.97,93148,,2026-09-13T13:10:31Z,2026-09-15T22:40:21Z
136,3,124897204,4891494,1.97,1026905,,2026-09-14T00:49:53Z,2026-09-15T22:40:21Z
136,3,124860841,4462630,1.98,1861643,,2026-09-13T09:10:21Z,2026-09-15T22:40:21Z
136,4,124957212,2201633,2.05,95000,,2026-09-15T03:57:17Z,2026-09-15T22:40:21Z
136,4,124860862,4462630,2.1,690486,,2026-09-13T09:10:43Z,2026-09-15T22:40:21Z
136,6,124864000,4749812,2.7,19976,,2026-09-13T10:40:35Z,2026-09-15T22:40:21Z
136,6,124860882,4462630,2.75,19999,,2026-09-13T09:11:17Z,2026-09-15T22:40:21Z
136,7,124191064,4343846,3.0,1000000,,2026-08-31T07:40:31Z,2026-09-08T06:56:23Z
137,0,125000437,5702422,120.0,116,,2026-09-15T22:19:50Z,2026-09-15T22:43:45Z
137,0,124946138,5404055,121.0,1462,,2026-09-14T21:47:18Z,2026-09-15T22:43:45Z
137,0,124982686,5360478,121.0,800,,2026-09-15T15:19:53Z,2026-09-15T22:43:45Z
137,0,124943597,5404084,122.0,2088,,2026-09-14T20:40:39Z,2026-09-15T22:43:45Z
137,0,124993018,5684836,122.0,482,,2026-09-15T19:13:59Z,2026-09-15T22:43:45Z
137,0,124882993,4100357,123.0,477,,2026-09-13T18:12:51Z,2026-09-15T22:43:45Z
137,0,124905717,5520341,123.0,448,,2026-09-14T05:13:36Z,2026-09-15T22:43:45Z
137,0,124912528,5686490,123.0,450,,2026-09-14T08:20:41Z,2026-09-15T22:43:45Z
137,0,124805538,4100357,124.0,1747,,2026-09-12T06:48:56Z,2026-09-15T22:43:45Z
137,0,124921215,5360611,124.0,1000,,2026-09-14T12:11:23Z,2026-09-15T22:43:45Z
137,0,124795886,5763823,127.0,47,,2026-09-12T01:40:02Z,2026-09-15T22:43:45Z
137,0,124795063,5763823,128.0,93,,2026-09-12T01:07:31Z,2026-09-15T22:43:45Z
137,0,124790291,1709616,129.0,224,,2026-09-11T22:12:57Z,2026-09-15T22:43:45Z
137,0,124967162,4100357,129.0,61,,2026-09-15T08:36:48Z,2026-09-15T22:43:45Z
137,0,124786405,5418118,130.0,445,,2026-09-11T20:23:49Z,2026-09-15T22:43:45Z
137,0,124788538,4827633,130.0,396,,2026-09-11T21:21:12Z,2026-09-15T22:43:45Z
137,0,124667681,4100357,132.0,9549,,2026-09-09T14:55:35Z,2026-09-15T22:43:45Z
137,0,124660209,4131710,133.0,1163,,2026-09-09T11:54:54Z,2026-09-15T22:43:45Z
137,0,124648165,5418118,134.0,414,,2026-09-09T06:07:11Z,2026-09-15T22:43:45Z
137,1,124993579,3414953,122.0,552,,2026-09-15T19:27:24Z,2026-09-15T22:43:45Z
137,1,124921997,5310507,123.0,6720,,2026-09-14T12:30:14Z,2026-09-15T22:43:45Z
137,1,124949899,5392635,123.0,1000,,2026-09-14T23:50:22Z,2026-09-15T22:43:45Z
137,1,124882941,5464805,124.0,409,,2026-09-13T18:11:28Z,2026-09-15T22:43:45Z
137,1,124906369,1008259,124.0,349,,2026-09-14T05:28:12Z,2026-09-15T22:43:45Z
137,1,124879493,3369647,125.0,4880,,2026-09-13T16:52:00Z,2026-09-15T22:43:45Z
137,1,124873330,5471597,126.0,305,,2026-09-13T14:28:26Z,2026-09-15T22:43:45Z
137,1,124777210,1008259,132.0,529,,2026-09-11T16:27:05Z,2026-09-15T22:43:45Z
137,1,124793163,2474820,132.0,138,,2026-09-11T23:53:27Z,2026-09-15T22:43:45Z
137,1,124803959,5388538,132.0,582,,2026-09-12T06:10:59Z,2026-09-15T22:43:45Z
137,1,124775896,3369647,134.0,4880,,2026-09-11T15:57:41Z,2026-09-15T22:43:45Z
137,1,124660217,4131710,135.0,1418,,2026-09-09T11:55:00Z,2026-09-15T22:43:45Z
137,1,124650335,4455837,138.0,23623,,2026-09-09T07:06:32Z,2026-09-15T22:43:45Z
137,2,124988665,5510621,121.0,1576,,2026-09-15T17:39:19Z,2026-09-15T22:43:45Z
137,2,124980603,5650525,122.0,200,,2026-09-15T14:30:21Z,2026-09-15T22:43:45Z
137,2,124929916,4776968,123.0,7807,,2026-09-14T15:33:55Z,2026-09-15T22:43:45Z
137,2,124880959,5650525,125.0,300,,2026-09-13T17:25:50Z,2026-09-15T22:43:45Z
137,2,124880568,5396397,126.0,1092,,2026-09-13T17:16:05Z,2026-09-15T22:43:45Z
137,2,124837147,4776968,127.0,9314,,2026-09-12T20:46:26Z,2026-09-15T22:43:45Z
137,2,124815899,4478409,129.0,1652,,2026-09-12T11:35:40Z,2026-09-15T22:43:45Z
137,2,124815483,5650525,130.0,150,,2026-09-12T11:24:11Z,2026-09-15T22:43:45Z
137,2,124776362,4884037,134.0,1500,,2026-09-11T16:08:29Z,2026-09-15T22:43:45Z
137,2,124791710,5257262,140.0,10754,,2026-09-11T23:01:46Z,2026-09-15T22:43:45Z
137,3,124983479,5469485,133.0,80,,2026-09-15T15:36:35Z,2026-09-15T22:43:45Z
137,3,124996531,4127240,133.0,12000,,2026-09-15T20:32:59Z,2026-09-15T22:43:45Z
137,3,124980284,4446480,134.0,1473,,2026-09-15T14:22:40Z,2026-09-15T22:43:45Z
137,3,124991314,4574546,134.0,2750,,2026-09-15T18:37:15Z,2026-09-15T22:43:45Z
137,3,124896887,5469485,135.0,3177,,2026-09-14T00:38:55Z,2026-09-15T22:43:45Z
137,3,124978540,3398157,135.0,20000,,2026-09-15T13:39:55Z,2026-09-15T22:43:45Z
137,3,124884590,4127240,136.0,6881,,2026-09-13T18:51:13Z,2026-09-15T22:43:45Z
137,3,124799390,5046695,137.0,5455,,2026-09-12T03:49:43Z,2026-09-15T22:43:45Z
137,3,124059594,3398157,139.0,16618,,2026-09-01T23:03:24Z,2026-09-15T22:43:45Z
137,3,124672014,4027993,158.0,30220,,2026-09-09T16:36:52Z,2026-09-15T22:43:45Z
137,4,124916887,4576157,135.0,11869,,2026-09-14T10:25:12Z,2026-09-15T22:43:45Z
137,4,124783940,5012837,139.0,11516,,2026-09-11T19:20:16Z,2026-09-15T22:43:45Z
137,5,124991996,4473502,138.0,10000,,2026-09-15T18:52:14Z,2026-09-15T22:43:45Z
137,5,124521123,4473502,141.0,8756,,2026-09-06T18:34:16Z,2026-09-15T22:43:45Z
137,5,124893956,3632287,154.0,13980,,2026-09-13T22:55:19Z,2026-09-15T22:43:45Z
137,6,124912662,2773249,147.0,933,,2026-09-14T08:24:06Z,2026-09-15T22:43:45Z
137,6,124912653,2773249,148.0,1022,,2026-09-14T08:23:53Z,2026-09-15T22:43:45Z
137,6,124912631,2773249,149.0,1044,,2026-09-14T08:23:26Z,2026-09-15T22:43:45Z
137,6,124912609,2773249,150.0,1356,,2026-09-14T08:22:59Z,2026-09-15T22:43:45Z
137,6,124912602,2773249,151.0,5644,,2026-09-14T08:22:44Z,2026-09-15T22:43:45Z
137,6,124912595,2773249,152.0,11589,,2026-09-14T08:22:37Z,2026-09-15T22:43:45Z
137,6,124910204,5271093,153.0,1532,,2026-09-14T07:11:47Z,2026-09-15T22:43:45Z
137,6,124904809,4749812,154.0,149,,2026-09-14T04:49:13Z,2026-09-15T22:43:45Z
137,6,124870480,2142370,155.0,6556,,2026-09-13T13:20:00Z,2026-09-15T22:43:45Z
137,6,124863921,4749812,156.0,399,,2026-09-13T10:38:39Z,2026-09-15T22:43:45Z
137,6,124708380,2142370,157.0,1622,,2026-09-10T09:42:00Z,2026-09-15T22:43:45Z
137,6,124679082,4141352,158.0,500,,2026-09-09T19:28:14Z,2026-09-15T22:43:45Z
137,6,124659817,2142370,160.0,3114,,2026-09-09T11:44:02Z,2026-09-15T22:43:45Z
137,6,124633771,2142370,162.0,5881,,2026-09-08T22:16:34Z,2026-09-15T22:43:45Z
137,6,124619853,4141352,164.0,300,,2026-09-08T16:31:01Z,2026-09-15T22:43:45Z
137,7,124895578,3872089,165.0,16382,,2026-09-13T23:52:48Z,2026-09-15T22:43:45Z
137,8,124676849,3311442,170.0,46748,,2026-09-09T18:36:36Z,2026-09-15T22:43:45Z
137,8,124694513,5459724,185.0,250,,2026-09-10T03:29:53Z,2026-09-15T22:43:45Z
138,0,124989376,5796791,1230.0,5,,2026-09-15T17:55:17Z,2026-09-15T22:43:31Z
138,0,124990991,5479708,1230.0,36,,2026-09-15T18:31:29Z,2026-09-15T22:43:31Z
138,0,124964429,3414953,1240.0,82,,2026-09-15T07:13:53Z,2026-09-15T22:43:31Z
138,0,124713337,5709420,1260.0,5,,2026-09-10T11:58:25Z,2026-09-15T22:43:31Z
138,0,124716731,5010099,1280.0,10,,2026-09-10T13:17:28Z,2026-09-15T22:43:31Z
138,0,124696023,5188325,1330.0,252,,2026-09-10T04:14:24Z,2026-09-15T22:43:31Z
138,0,124966091,4605942,1420.0,777,,2026-09-15T08:07:03Z,2026-09-15T22:43:31Z
138,1,124988172,5709420,1240.0,9,,2026-09-15T17:28:29Z,2026-09-15T22:43:31Z
138,1,124964438,3414953,1250.0,214,,2026-09-15T07:14:10Z,2026-09-15T22:43:31Z
138,1,124987666,5709420,1250.0,1,,2026-09-15T17:16:20Z,2026-09-15T22:43:31Z
138,1,124774407,5022518,1450.0,87,,2026-09-11T15:25:31Z,2026-09-15T22:43:31Z
138,1,124288981,5022518,1780.0,820,,2026-09-04T14:23:38Z,2026-09-15T22:43:31Z
138,1,124650851,5817233,2000.0,5,,2026-09-09T07:22:15Z,2026-09-15T22:43:31Z
138,2,124837724,4619600,1250.0,207,,2026-09-12T21:01:36Z,2026-09-15T22:43:31Z
138,2,124846566,5657628,1250.0,107,,2026-09-13T01:58:44Z,2026-09-15T22:43:31Z
138,2,124788726,5274704,1270.0,38,,2026-09-11T21:27:24Z,2026-09-15T22:43:31Z
138,2,124785830,5721665,1280.0,2066,,2026-09-11T20:09:37Z,2026-09-15T22:43:31Z
138,2,124417500,5657628,1290.0,229,,2026-09-04T16:56:44Z,2026-09-15T22:43:31Z
138,3,124863747,5212778,1430.0,90,,2026-09-13T10:33:45Z,2026-09-15T22:43:31Z
138,3,124970284,1980475,1490.0,51,,2026-09-15T10:07:15Z,2026-09-15T22:43:31Z
138,3,124587401,5212778,1500.0,500,,2026-09-08T01:22:59Z,2026-09-15T22:43:31Z
138,3,124639329,5212778,1550.0,400,,2026-09-09T01:31:22Z,2026-09-15T22:43:31Z
138,3,124712869,4029132,2000.0,1206,,2026-09-10T11:46:10Z,2026-09-15T22:43:31Z
138,4,124755029,413537,1570.0,75,,2026-09-11T06:55:13Z,2026-09-15T22:43:31Z
138,4,124737416,3342139,1580.0,318,,2026-09-10T21:34:59Z,2026-09-15T22:43:31Z
138,4,124676320,413537,1590.0,4,,2026-09-09T18:24:07Z,2026-09-15T22:43:31Z
138,4,124397725,4847244,1600.0,1465,,2026-09-04T08:04:03Z,2026-09-15T22:43:31Z
138,5,124931195,3032034,1890.0,250,,2026-09-14T16:02:28Z,2026-09-15T22:43:31Z
138,5,124910454,1178866,1900.0,1000,,2026-09-14T07:18:02Z,2026-09-15T22:43:31Z
138,5,124876817,3032034,2090.0,250,,2026-09-13T15:49:16Z,2026-09-15T22:43:31Z
138,6,124523899,662263,2390.0,76,,2026-09-06T19:37:36Z,2026-09-14T06:56:51Z
138,8,124852295,2261923,2100.0,1347,,2026-09-13T05:20:12Z,2026-09-15T22:43:31Z
138,10,124905721,3549846,2400.0,48,,2026-09-14T05:13:41Z,2026-09-15T22:43:31Z
139,0,124998607,5625494,9.9,211,-437.0,2026-09-15T21:27:20Z,2026-09-15T22:44:43Z
139,0,124998614,5767500,9.9,1719,,2026-09-15T21:27:27Z,2026-09-15T22:44:43Z
139,0,124998421,5818607,10.0,2902,,2026-09-15T21:22:01Z,2026-09-15T22:44:43Z
139,0,124991682,4017699,10.1,160531,,2026-09-15T18:45:28Z,2026-09-15T22:44:43Z
139,0,125000127,5777542,10.1,16276,,2026-09-15T22:10:14Z,2026-09-15T22:44:43Z
139,0,124862856,5696000,10.2,11204,,2026-09-13T10:08:08Z,2026-09-15T22:44:43Z
139,0,124882330,5777542,10.2,24862,,2026-09-13T17:55:11Z,2026-09-15T22:44:43Z
139,0,124930781,5030414,10.2,25642,,2026-09-14T15:53:13Z,2026-09-15T22:44:43Z
139,0,124939887,5726352,10.2,16445,,2026-09-14T19:17:18Z,2026-09-15T22:44:43Z
139,0,124942739,5836134,10.2,313,,2026-09-14T20:19:52Z,2026-09-15T22:44:43Z
139,0,124853850,5726437,10.3,1097,,2026-09-13T06:05:18Z,2026-09-15T22:44:43Z
139,0,124780967,5425365,10.4,36116,,2026-09-11T18:04:13Z,2026-09-15T22:44:43Z
139,0,124784495,5823053,10.4,4,,2026-09-11T19:34:49Z,2026-09-15T22:44:43Z
139,0,124648311,5425365,10.5,96563,,2026-09-09T06:11:40Z,2026-09-15T22:44:43Z
139,0,124690362,5465535,10.5,1000,,2026-09-10T01:04:00Z,2026-09-15T22:44:43Z
139,0,124803646,5739507,10.5,1,,2026-09-12T06:02:45Z,2026-09-15T22:44:43Z
139,0,124909279,4970722,10.5,38180,,2026-09-14T06:45:09Z,2026-09-15T22:44:43Z
139,0,124709036,5746604,10.7,6000,,2026-09-10T10:01:34Z,2026-09-15T22:44:43Z
139,0,124569430,5237956,11.0,147286,,2026-09-07T17:06:47Z,2026-09-15T22:44:43Z
139,0,124738593,5803318,11.0,20,,2026-09-10T22:09:50Z,2026-09-15T22:44:43Z
139,0,124739059,5827542,11.0,428,,2026-09-10T22:22:38Z,2026-09-15T22:44:43Z
139,0,124755814,5684810,11.0,1000,,2026-09-11T07:16:24Z,2026-09-15T22:44:43Z
139,0,124768242,5811531,11.0,20,,2026-09-11T12:53:28Z,2026-09-15T22:44:43Z
139,0,124784106,5666253,11.0,96,,2026-09-11T19:24:54Z,2026-09-15T22:44:43Z
139,0,124834943,3653640,11.0,29656,,2026-09-12T19:49:58Z,2026-09-15T22:44:43Z
139,0,124947444,5820598,11.0,105,,2026-09-14T22:26:40Z,2026-09-15T22:44:43Z
139,0,124758274,5828019,11.4,25,,2026-09-11T08:31:04Z,2026-09-15T22:44:43Z
139,0,124742311,5756563,11.5,40,,2026-09-11T00:13:47Z,2026-09-15T22:44:43Z
139,0,124740023,4631314,12.0,7694,,2026-09-10T22:54:38Z,2026-09-15T22:44:43Z
139,0,124761902,5822214,12.0,2,,2026-09-11T10:12:01Z,2026-09-15T22:44:43Z
139,0,124686904,5759164,12.4,80,,2026-09-09T22:59:20Z,2026-09-15T22:44:43Z
139,0,124890654,5796194,12.5,20,,2026-09-13T21:12:30Z,2026-09-15T22:44:43Z
139,0,124991585,5784073,12.5,382,,2026-09-15T18:43:24Z,2026-09-15T22:44:43Z
139,1,125001240,5800483,9.7,2034,,2026-09-15T22:44:38Z,2026-09-15T22:44:43Z
139,1,124863176,5478611,10.3,10317,,2026-09-13T10:16:42Z,2026-09-15T22:44:43Z
139,1,124913904,5303762,10.3,30000,,2026-09-14T09:00:44Z,2026-09-15T22:44:43Z
139,1,124927647,3817600,10.3,852,,2026-09-14T14:43:55Z,2026-09-15T22:44:43Z
139,1,124966511,5144487,10.3,116232,,2026-09-15T08:18:22Z,2026-09-15T22:44:43Z
139,1,124968867,5703107,10.3,17242,,2026-09-15T09:27:38Z,2026-09-15T22:44:43Z
139,1,124855545,5824221,10.4,12,,2026-09-13T06:49:17Z,2026-09-15T22:44:43Z
139,1,124679852,5517153,10.7,157821,,2026-09-09T19:46:57Z,2026-09-15T22:44:43Z
139,1,124600119,4914472,10.8,28048,,2026-09-08T07:48:57Z,2026-09-15T22:44:43Z
139,1,124608541,5821809,11.0,4,,2026-09-08T11:54:01Z,2026-09-15T22:44:43Z
139,1,124834964,3653640,11.0,5732,,2026-09-12T19:50:38Z,2026-09-15T22:44:43Z
139,1,124608948,5691880,11.2,102,,2026-09-08T12:05:14Z,2026-09-15T22:44:43Z
139,1,124852927,5811867,11.5,2,,2026-09-13T05:36:56Z,2026-09-15T22:44:43Z
139,2,124999963,5653335,10.0,1811,,2026-09-15T22:05:42Z,2026-09-15T22:44:43Z
139,2,124999179,4664439,10.1,10000,,2026-09-15T21:43:55Z,2026-09-15T22:44:43Z
139,2,124997170,4876518,10.2,20850,,2026-09-15T20:49:32Z,2026-09-15T22:44:43Z
139,2,124999206,4664439,10.2,10000,,2026-09-15T21:44:30Z,2026-09-15T22:44:43Z
139,2,124961578,5055879,10.3,74772,,2026-09-15T05:53:07Z,2026-09-15T22:44:43Z
139,2,124966379,5550898,10.3,80654,,2026-09-15T08:15:03Z,2026-09-15T22:44:43Z
139,2,124998101,4187723,10.3,38694,,2026-09-15T21:13:22Z,2026-09-15T22:44:43Z
139,2,124999215,4664439,10.3,10000,,2026-09-15T21:44:43Z,2026-09-15T22:44:43Z
139,2,124876824,5653335,10.4,46908,,2026-09-13T17:16:39Z,2026-09-15T22:44:43Z
139,2,124895081,5260237,10.4,21648,,2026-09-13T23:33:57Z,2026-09-15T22:44:43Z
139,2,124929378,4664439,10.4,18454,,2026-09-14T15:23:05Z,2026-09-15T22:44:43Z
139,2,124859913,5260237,10.5,12945,,2026-09-14T01:29:11Z,2026-09-15T22:44:43Z
139,2,124874556,3994667,10.5,6000,,2026-09-13T14:56:59Z,2026-09-15T22:44:43Z
139,2,124859179,5449573,10.6,28523,,2026-09-13T08:23:48Z,2026-09-15T22:44:43Z
139,2,124951776,3426657,10.6,100000,,2026-09-15T00:58:43Z,2026-09-15T22:44:43Z
139,2,124626609,3994667,10.7,7807,,2026-09-08T19:12:01Z,2026-09-15T22:44:43Z
139,2,124629458,4187723,10.7,11670,,2026-09-08T20:15:05Z,2026-09-15T22:44:43Z
139,2,124688295,5656551,10.7,3350,,2026-09-09T23:46:49Z,2026-09-15T22:44:43Z
139,2,124702952,5415795,10.7,132150,,2026-09-10T07:11:47Z,2026-09-15T22:44:43Z
139,2,124755297,1993316,10.7,40341,,2026-09-11T07:02:02Z,2026-09-15T22:44:43Z
139,2,124757096,3426657,10.7,100000,,2026-09-11T07:55:53Z,2026-09-15T22:44:43Z
139,2,124945555,4766565,10.7,85292,,2026-09-14T21:31:53Z,2026-09-15T22:44:43Z
139,2,124625310,5415795,10.8,42656,,2026-09-08T18:43:25Z,2026-09-15T22:44:43Z
139,2,124636650,4721628,11.0,57670,,2026-09-08T23:56:05Z,2026-09-15T22:44:43Z
139,2,124733899,5781432,12.0,1,,2026-09-10T20:10:59Z,2026-09-15T22:44:43Z
139,3,124845004,3799526,10.7,38047,-10311.0,2026-09-13T01:02:38Z,2026-09-15T22:44:43Z
139,3,124819718,5311264,10.8,35143,,2026-09-12T13:20:06Z,2026-09-15T22:44:43Z
139,3,124960750,4968871,10.8,100000,,2026-09-15T05:30:45Z,2026-09-15T22:44:43Z
139,3,124582969,4917705,11.0,4779,,2026-09-07T22:40:20Z,2026-09-15T22:44:43Z
139,3,124752690,3425830,11.0,50000,,2026-09-11T05:50:15Z,2026-09-15T22:44:43Z
139,3,124756056,4454342,11.0,30000,,2026-09-11T07:23:30Z,2026-09-15T22:44:43Z
139,3,124604711,4045027,11.1,100000,,2026-09-08T10:06:43Z,2026-09-15T22:44:43Z
139,4,124866675,5138371,11.0,150750,,2026-09-13T11:50:20Z,2026-09-15T22:44:43Z
139,4,124863169,4917705,11.2,75522,,2026-09-13T10:16:18Z,2026-09-15T22:44:43Z
139,4,124845495,4450542,11.3,75000,,2026-09-13T01:20:40Z,2026-09-15T22:44:43Z
139,4,124855418,4141260,11.3,75000,,2026-09-13T06:46:35Z,2026-09-15T22:44:43Z
139,4,124835730,4917705,11.4,125946,,2026-09-12T20:10:25Z,2026-09-15T22:44:43Z
139,4,124648951,3994997,11.5,115179,,2026-09-09T06:30:06Z,2026-09-15T22:44:43Z
139,4,124650384,3777902,11.5,182307,,2026-09-09T07:07:52Z,2026-09-15T22:44:43Z
139,4,124845514,4450542,11.5,150000,,2026-09-13T01:21:27Z,2026-09-15T22:44:43Z
139,4,124587428,4450542,11.6,75000,,2026-09-08T01:23:55Z,2026-09-15T22:44:43Z
139,4,124612684,1532747,11.9,23088,,2026-09-08T13:42:15Z,2026-09-15T22:44:43Z
139,4,124983107,5224946,13.2,2962,,2026-09-15T15:28:41Z,2026-09-15T22:44:43Z
139,5,124702810,735142,13.2,69344,,2026-09-10T07:08:04Z,2026-09-15T22:44:43Z
139,5,124702798,735142,13.3,86368,,2026-09-10T07:07:59Z,2026-09-15T22:44:43Z
139,5,124702795,735142,13.4,95965,,2026-09-10T07:07:54Z,2026-09-15T22:44:43Z
139,5,124702793,735142,13.5,106626,,2026-09-10T07:07:46Z,2026-09-15T22:44:43Z
139,5,124702787,735142,13.6,118475,,2026-09-10T07:07:36Z,2026-09-15T22:44:43Z
139,5,124702784,735142,13.7,131639,,2026-09-10T07:07:30Z,2026-09-15T22:44:43Z
139,5,124702783,735142,13.8,146260,,2026-09-10T07:07:26Z,2026-09-15T22:44:43Z
139,5,124702780,735142,13.9,162516,,2026-09-10T07:07:21Z,2026-09-15T22:44:43Z
139,5,124702776,735142,14.0,180573,,2026-09-10T07:07:16Z,2026-09-15T22:44:43Z
139,5,124702769,735142,14.1,200637,,2026-09-10T07:07:11Z,2026-09-15T22:44:43Z
139,5,124702765,735142,14.2,222930,,2026-09-10T07:07:07Z,2026-09-15T22:44:43Z
139,5,124697232,1172003,14.3,25000,,2026-09-10T04:44:37Z,2026-09-15T22:44:43Z
139,5,124678674,4505581,14.4,100000,,2026-09-09T19:18:40Z,2026-09-15T22:44:43Z
139,6,124958905,4505581,15.8,100000,,2026-09-15T04:44:00Z,2026-09-15T22:44:43Z
139,6,124935450,596410,15.9,500000,,2026-09-14T17:39:41Z,2026-09-15T22:44:43Z
139,6,124628969,4505581,17.5,4275,,2026-09-08T20:04:09Z,2026-09-15T22:44:43Z
139,6,124628939,4505581,19.6,100000,,2026-09-08T20:03:43Z,2026-09-15T22:44:43Z
139,7,124991973,4253048,14.0,150000,,2026-09-15T18:51:51Z,2026-09-15T22:44:43Z
139,7,124945133,1758424,15.0,3000,,2026-09-14T21:20:27Z,2026-09-15T22:44:43Z
139,7,124864165,3973241,16.0,25000,,2026-09-13T10:45:18Z,2026-09-15T22:44:43Z
139,7,124927912,4253048,17.0,100000,,2026-09-14T14:50:52Z,2026-09-15T22:44:43Z
139,7,124729283,1741695,18.0,10000,,2026-09-10T18:22:07Z,2026-09-15T22:44:43Z
139,7,124693310,1758424,18.9,2000,,2026-09-10T02:49:06Z,2026-09-15T22:44:43Z
139,7,124659149,1444642,19.0,69994,,2026-09-09T11:27:14Z,2026-09-15T22:44:43Z
139,8,124756881,383752,19.6,20000,,2026-09-11T07:48:42Z,2026-09-15T22:44:43Z
139,8,124623443,1662771,19.7,50000,,2026-09-08T17:59:40Z,2026-09-15T22:44:43Z
139,10,124784988,936881,23.0,2500,,2026-09-11T19:49:08Z,2026-09-15T22:44:43Z
139,10,124699919,533714,24.5,24999,,2026-09-10T05:51:51Z,2026-09-15T22:44:43Z
140,0,124997912,4357322,244.0,533,,2026-09-15T21:08:51Z,2026-09-15T22:41:46Z
140,0,124862646,5192711,246.0,25,,2026-09-13T10:01:55Z,2026-09-15T22:41:46Z
140,0,124832720,5823412,248.0,15,,2026-09-12T18:52:47Z,2026-09-15T22:41:46Z
140,0,124917156,5828187,250.0,6,,2026-09-14T10:31:53Z,2026-09-15T22:41:46Z
140,0,124920600,5832793,250.0,50,,2026-09-14T11:55:24Z,2026-09-15T22:41:46Z
140,0,124828262,5699641,252.0,48,,2026-09-12T16:55:07Z,2026-09-15T22:41:46Z
140,0,124846919,5573320,252.0,1,,2026-09-13T02:13:07Z,2026-09-15T22:41:46Z
140,0,124737099,4655870,256.0,500,,2026-09-10T21:27:28Z,2026-09-15T22:41:46Z
140,0,124803532,5664699,256.0,89,,2026-09-12T06:00:06Z,2026-09-15T22:41:46Z
140,0,124837670,5804432,256.0,30,,2026-09-12T20:59:56Z,2026-09-15T22:41:46Z
140,0,124722995,5713912,258.0,149,,2026-09-10T15:43:46Z,2026-09-15T22:41:46Z
140,0,124744970,5664699,258.0,163,,2026-09-11T01:49:15Z,2026-09-15T22:41:46Z
140,0,124819215,5830942,258.0,16,,2026-09-12T13:06:11Z,2026-09-15T22:41:46Z
140,0,124816731,5830733,260.0,4,,2026-09-12T11:58:45Z,2026-09-15T22:41:46Z
140,0,124600806,5699641,262.0,23,,2026-09-08T08:12:42Z,2026-09-15T22:41:46Z
140,0,124591926,5699641,264.0,73,,2026-09-08T04:03:02Z,2026-09-15T22:41:46Z
140,0,124760387,5828136,268.0,4,,2026-09-11T09:31:04Z,2026-09-15T22:41:46Z
140,0,124602727,5805720,270.0,2,,2026-09-08T09:10:51Z,2026-09-15T22:41:46Z
140,0,124686657,5825265,270.0,2,,2026-09-09T22:49:27Z,2026-09-15T22:41:46Z
140,0,124911609,5828025,274.0,50,,2026-09-14T07:50:54Z,2026-09-15T22:41:46Z
140,0,124867722,5823412,278.0,17,,2026-09-13T12:13:41Z,2026-09-15T22:41:46Z
140,0,124719264,5524895,280.0,1000,,2026-09-10T14:15:26Z,2026-09-15T22:41:46Z
140,0,124606163,5730918,290.0,5,,2026-09-08T10:46:28Z,2026-09-15T22:41:46Z
140,0,124702457,5825899,290.0,5,,2026-09-10T06:57:49Z,2026-09-15T22:41:46Z
140,0,124818465,5830914,290.0,30,,2026-09-12T12:46:03Z,2026-09-15T22:41:46Z
140,1,124993585,5115698,246.0,360,,2026-09-15T19:27:29Z,2026-09-15T22:41:46Z
140,1,124831561,1965416,248.0,2000,,2026-09-12T18:22:52Z,2026-09-15T22:41:46Z
140,1,124812365,5127746,250.0,97,,2026-09-12T09:54:42Z,2026-09-15T22:41:46Z
140,1,124775092,1965416,254.0,3000,,2026-09-11T15:40:17Z,2026-09-15T22:41:46Z
140,1,124837653,5804432,256.0,69,,2026-09-12T20:59:31Z,2026-09-15T22:41:46Z
140,1,124985159,5837773,264.0,5,,2026-09-15T16:16:51Z,2026-09-15T22:41:46Z
140,1,124728932,5823412,290.0,27,,2026-09-10T18:13:22Z,2026-09-15T22:41:46Z
140,1,124889853,5796194,290.0,30,,2026-09-13T20:52:48Z,2026-09-15T22:41:46Z
140,2,125000938,5666364,238.0,286,-5.0,2026-09-15T22:36:05Z,2026-09-15T22:41:46Z
140,2,124998617,5236028,244.0,72,,2026-09-15T21:27:32Z,2026-09-15T22:41:46Z
140,2,124993495,4717829,246.0,7839,,2026-09-15T19:25:15Z,2026-09-15T22:41:46Z
140,2,124832542,4343798,248.0,341,,2026-09-12T18:47:21Z,2026-09-15T22:41:46Z
140,2,124802007,5741404,252.0,1016,,2026-09-12T05:17:49Z,2026-09-15T22:41:46Z
140,2,124837596,4891494,252.0,440,,2026-09-12T20:58:22Z,2026-09-15T22:41:46Z
140,2,124772414,5311703,254.0,1935,,2026-09-11T14:40:02Z,2026-09-15T22:41:46Z
140,2,124776145,5741404,254.0,601,,2026-09-11T16:03:19Z,2026-09-15T22:41:46Z
140,2,124842580,5455845,254.0,6683,,2026-09-12T23:31:05Z,2026-09-15T22:41:46Z
140,2,124761116,4343798,256.0,1376,,2026-09-11T09:51:37Z,2026-09-15T22:41:46Z
140,2,124673538,1639246,260.0,801,,2026-09-09T17:15:13Z,2026-09-15T22:41:46Z
140,2,124777948,5759088,288.0,7,,2026-09-11T16:44:48Z,2026-09-15T22:41:46Z
140,2,124673276,5575071,300.0,250,,2026-09-09T17:09:22Z,2026-09-15T22:41:46Z
140,3,124940390,5055879,246.0,1999,,2026-09-14T19:27:43Z,2026-09-15T22:41:46Z
140,3,124843336,4816634,248.0,140,,2026-09-12T23:59:52Z,2026-09-15T22:41:46Z
140,3,124837083,3322261,250.0,271,,2026-09-12T20:44:21Z,2026-09-15T22:41:46Z
140,3,124839412,5055879,250.0,6800,,2026-09-12T21:48:29Z,2026-09-15T22:41:46Z
140,3,124778960,4924573,254.0,11206,,2026-09-11T17:11:28Z,2026-09-15T22:41:46Z
140,3,124778958,5359878,256.0,391,,2026-09-11T17:11:25Z,2026-09-15T22:41:46Z
140,3,124729530,5055879,258.0,1750,,2026-09-10T18:27:08Z,2026-09-15T22:41:46Z
140,3,124711686,2858147,260.0,6400,,2026-09-10T11:15:22Z,2026-09-15T22:41:46Z
140,3,124654891,5055879,262.0,2595,,2026-09-09T09:26:01Z,2026-09-15T22:41:46Z
140,3,124710977,4924573,262.0,4212,,2026-09-10T10:55:55Z,2026-09-15T22:41:46Z
140,3,124603971,5055879,264.0,2000,,2026-09-08T09:45:50Z,2026-09-15T22:41:46Z
140,3,124854113,5831561,280.0,12,,2026-09-13T06:12:26Z,2026-09-15T22:41:46Z
140,4,124912650,53480,248.0,1878,,2026-09-14T08:23:50Z,2026-09-15T22:41:46Z
140,4,124852371,2261923,254.0,908,,2026-09-13T05:21:49Z,2026-09-15T22:41:46Z
140,4,124928007,1685837,254.0,7063,,2026-09-14T14:53:45Z,2026-09-15T22:41:46Z
140,4,124851569,2881378,256.0,239,,2026-09-13T05:00:27Z,2026-09-15T22:41:46Z
140,4,124863761,2221020,256.0,3000,,2026-09-13T10:34:09Z,2026-09-15T22:41:46Z
140,4,124881925,1685837,256.0,45099,,2026-09-13T17:46:52Z,2026-09-15T22:41:46Z
140,4,124724565,5500556,260.0,634,,2026-09-10T16:21:13Z,2026-09-15T22:41:46Z
140,4,124650002,2221020,264.0,2804,,2026-09-09T06:57:35Z,2026-09-15T22:41:46Z
140,4,124599775,53480,266.0,4000,,2026-09-08T07:39:06Z,2026-09-15T22:41:46Z
140,4,124926177,5576060,284.0,201,,2026-09-14T14:08:56Z,2026-09-15T22:41:46Z
140,5,124852367,2261923,268.0,130,,2026-09-13T05:21:42Z,2026-09-15T22:41:46Z
140,5,124643907,1506663,270.0,199,,2026-09-09T04:09:33Z,2026-09-15T22:41:46Z
140,5,124634950,1506663,272.0,431,,2026-09-08T22:59:21Z,2026-09-15T22:41:46Z
140,5,124606787,1506663,276.0,236,,2026-09-08T11:03:31Z,2026-09-15T22:41:46Z
140,6,124864982,4855779,298.0,79,,2026-09-13T11:06:33Z,2026-09-15T22:41:46Z
140,9,124766851,3132511,300.0,197,,2026-09-11T12:18:26Z,2026-09-15T22:41:46Z
140,12,124845709,3389432,350.0,1222,,2026-09-13T01:27:47Z,2026-09-15T22:41:46Z
141,0,124999540,1709616,34.25,170,,2026-09-15T21:53:19Z,2026-09-15T22:41:15Z
141,0,124992210,5428966,34.5,1071,,2026-09-15T18:57:06Z,2026-09-15T22:41:15Z
141,0,124986746,5742536,34.75,100,,2026-09-15T16:54:21Z,2026-09-15T22:41:15Z
141,0,124991033,5479708,34.75,1195,,2026-09-15T18:32:12Z,2026-09-15T22:41:15Z
141,0,124978312,5358624,35.0,958,,2026-09-15T13:34:43Z,2026-09-15T22:41:15Z
141,0,124978286,4729638,35.25,31,,2026-09-15T13:34:12Z,2026-09-15T22:41:15Z
141,0,124948850,5618072,35.5,4469,,2026-09-14T23:14:16Z,2026-09-15T22:41:15Z
141,0,124969149,4724152,35.5,7951,,2026-09-15T09:36:19Z,2026-09-15T22:41:15Z
141,0,124920160,5634902,35.75,2401,,2026-09-14T11:45:20Z,2026-09-15T22:41:15Z
141,0,124886031,5743910,36.0,47,,2026-09-13T19:22:08Z,2026-09-15T22:41:15Z
141,0,124886337,5428966,36.0,267,,2026-09-13T19:29:37Z,2026-09-15T22:41:15Z
141,0,124887587,5764807,36.0,50,,2026-09-13T19:58:18Z,2026-09-15T22:41:15Z
141,0,124875561,5713384,36.25,887,,2026-09-13T15:19:32Z,2026-09-15T22:41:15Z
141,0,124853488,5652054,36.75,537,,2026-09-13T05:54:33Z,2026-09-15T22:41:15Z
141,0,124775312,5404044,37.0,1634,,2026-09-11T15:45:23Z,2026-09-15T22:41:15Z
141,0,124853121,5428966,37.0,200,,2026-09-13T05:43:28Z,2026-09-15T22:41:15Z
141,0,124863824,4853119,37.0,13865,,2026-09-13T10:35:39Z,2026-09-15T22:41:15Z
141,0,124808660,4769273,38.0,1000,,2026-09-12T08:09:55Z,2026-09-15T22:41:15Z
141,0,124701744,5555189,38.25,899,,2026-09-10T06:39:39Z,2026-09-15T22:41:15Z
141,0,124810949,5192711,38.5,625,,2026-09-12T09:14:24Z,2026-09-15T22:41:15Z
141,0,124853548,4022489,39.0,44610,,2026-09-13T05:56:33Z,2026-09-15T22:41:15Z
141,0,124880644,5624668,42.75,4649,,2026-09-14T02:17:37Z,2026-09-15T22:41:15Z
141,0,124828292,5326108,45.0,1000,,2026-09-12T16:55:41Z,2026-09-15T22:41:15Z
141,1,124852426,2261923,45.0,127967,-20.0,2026-09-13T05:23:04Z,2026-09-15T22:41:15Z
141,1,124694075,278829,46.25,2760,,2026-09-10T03:14:28Z,2026-09-15T22:41:15Z
141,1,124693919,5459724,46.5,566,,2026-09-10T03:09:35Z,2026-09-15T22:41:15Z
141,1,124666123,5651001,46.75,274,,2026-09-09T14:17:17Z,2026-09-15T22:41:15Z
141,1,124625785,5651001,47.75,616,,2026-09-08T18:54:09Z,2026-09-15T22:41:15Z
141,1,124643769,1602477,47.75,7380,,2026-09-09T04:06:01Z,2026-09-15T22:41:15Z
141,2,124616660,5422827,49.25,10334,,2026-09-08T15:16:19Z,2026-09-15T22:41:15Z
141,2,124928691,4997984,49.25,2315,,2026-09-14T15:08:25Z,2026-09-15T22:41:15Z
141,2,124609412,4029132,51.0,3283,,2026-09-08T12:17:35Z,2026-09-15T22:41:15Z
141,3,125000186,4753096,48.75,2000,,2026-09-15T22:11:39Z,2026-09-15T22:41:15Z
141,3,125000065,5449855,49.0,6050,,2026-09-15T22:08:10Z,2026-09-15T22:41:15Z
141,3,124995112,3851074,49.25,4932,,2026-09-15T20:01:44Z,2026-09-15T22:41:15Z
141,3,124812126,2858147,49.5,18293,,2026-09-12T09:48:20Z,2026-09-15T22:41:15Z
141,3,124775098,5280082,50.0,5070,,2026-09-11T15:40:24Z,2026-09-15T22:41:15Z
141,3,124768410,5449855,50.5,5148,,2026-09-11T12:58:28Z,2026-09-15T22:41:15Z
141,3,124763060,5280082,51.0,7242,,2026-09-11T10:41:13Z,2026-09-15T22:41:15Z
141,3,124761227,4753096,51.5,5000,,2026-09-11T09:54:13Z,2026-09-15T22:41:15Z
141,3,124761221,4753096,52.0,5000,,2026-09-11T09:54:05Z,2026-09-15T22:41:15Z
141,3,124741944,4222588,52.5,3356,,2026-09-11T00:02:11Z,2026-09-15T22:41:15Z
141,3,124761237,4753096,53.0,5000,,2026-09-11T09:54:23Z,2026-09-15T22:41:15Z
141,3,124761242,4753096,54.0,5000,,2026-09-11T09:54:32Z,2026-09-15T22:41:15Z
141,3,124981753,1456556,55.0,9183,,2026-09-15T14:58:13Z,2026-09-15T22:41:15Z
141,3,124754676,4997984,55.5,36790,,2026-09-11T06:45:58Z,2026-09-15T22:41:15Z
141,3,124929171,1456556,56.0,1392,,2026-09-14T15:18:59Z,2026-09-15T22:41:15Z
141,3,124718686,3978623,56.5,8000,,2026-09-10T14:02:34Z,2026-09-15T22:41:15Z
141,3,124713553,3408402,57.5,500,,2026-09-10T12:04:54Z,2026-09-15T22:41:15Z
141,3,124827643,5617900,57.5,750,,2026-09-12T16:40:54Z,2026-09-15T22:41:15Z
141,3,124704400,2803486,58.0,313,,2026-09-10T07:49:22Z,2026-09-15T22:41:15Z
141,3,124721806,5617900,58.0,3377,,2026-09-10T15:16:59Z,2026-09-15T22:41:15Z
141,3,124712915,2457423,58.5,11981,,2026-09-10T11:49:17Z,2026-09-15T22:41:15Z
141,3,124914396,4843788,59.0,107049,,2026-09-14T09:14:09Z,2026-09-15T22:41:15Z
141,3,124700474,4222588,60.5,1144,,2026-09-10T06:06:14Z,2026-09-15T22:41:15Z
141,3,124708619,4997984,60.5,6638,,2026-09-10T09:49:27Z,2026-09-15T22:41:15Z
141,4,124973484,4718561,58.5,2739,,2026-09-15T11:33:48Z,2026-09-15T22:41:15Z
141,4,124910182,3554338,59.0,32235,,2026-09-14T07:11:05Z,2026-09-15T22:41:15Z
141,4,124905793,4718561,59.5,2437,,2026-09-14T05:15:18Z,2026-09-15T22:41:15Z
141,4,124976018,4907737,60.0,15000,,2026-09-15T12:39:13Z,2026-09-15T22:41:15Z
141,4,124711871,3870026,60.5,3,,2026-09-10T11:20:38Z,2026-09-15T22:41:15Z
141,4,124796628,4029811,61.0,1150,,2026-09-12T02:09:50Z,2026-09-15T22:41:15Z
141,4,124714087,3554338,61.5,6074,,2026-09-10T12:17:33Z,2026-09-15T22:41:15Z
141,5,124933241,4371452,67.5,1114,,2026-09-14T16:47:36Z,2026-09-15T22:41:15Z
141,5,124921262,4907737,68.0,15000,,2026-09-14T12:12:29Z,2026-09-15T22:41:15Z
141,5,124916348,1741695,69.0,5000,,2026-09-14T10:11:35Z,2026-09-15T22:41:15Z
141,5,124919053,3976637,69.0,15700,,2026-09-14T11:19:10Z,2026-09-15T22:41:15Z
141,6,124999212,4481216,67.0,13917,,2026-09-15T21:44:38Z,2026-09-15T22:41:15Z
141,6,124979935,5103793,67.5,8835,,2026-09-15T14:14:03Z,2026-09-15T22:41:15Z
141,6,124977052,1543510,68.0,10000,,2026-09-15T13:06:48Z,2026-09-15T22:41:15Z
141,6,124980000,2048728,69.0,50000,,2026-09-15T14:15:51Z,2026-09-15T22:41:15Z
141,6,124977954,4907737,69.5,15000,,2026-09-15T13:26:15Z,2026-09-15T22:41:15Z
141,6,124932363,4907737,70.0,21127,,2026-09-14T16:28:38Z,2026-09-15T22:41:15Z
141,6,124861143,4025649,70.5,1660,,2026-09-13T09:20:08Z,2026-09-15T22:41:15Z
141,6,124931797,2199752,77.5,65376,,2026-09-14T16:16:29Z,2026-09-15T22:41:15Z
141,7,124976679,1575453,70.0,37015,,2026-09-15T12:56:15Z,2026-09-15T22:41:15Z
141,7,124948832,3806311,70.5,10820,,2026-09-14T23:13:34Z,2026-09-15T22:41:15Z
141,7,124753476,4384639,71.0,62438,,2026-09-11T06:13:02Z,2026-09-15T22:41:15Z
141,7,124952816,216318,75.0,9999,,2026-09-15T01:31:57Z,2026-09-15T22:41:15Z
141,7,124974254,1553723,86.0,5000,,2026-09-15T11:53:58Z,2026-09-15T22:41:15Z
141,7,124669978,1553723,87.5,5000,,2026-09-09T15:47:00Z,2026-09-15T22:41:15Z
141,8,124976673,1575453,86.5,7906,,2026-09-15T12:56:03Z,2026-09-15T22:41:15Z
141,8,124751008,3345765,87.0,2567,,2026-09-11T05:07:37Z,2026-09-15T22:41:15Z
141,8,124713967,2482163,87.5,2872,,2026-09-10T12:14:56Z,2026-09-15T22:41:15Z
141,8,124649069,702319,88.0,54000,,2026-09-09T06:32:52Z,2026-09-15T22:41:15Z
141,8,124610424,2482163,88.5,4366,,2026-09-08T12:45:08Z,2026-09-15T22:41:15Z
141,8,124931808,2199752,95.0,11866,,2026-09-14T16:16:45Z,2026-09-15T22:41:15Z
141,10,124620410,3345765,96.0,10289,,2026-09-08T16:45:38Z,2026-09-15T22:41:15Z
141,10,124984434,1553723,110.0,2000,,2026-09-15T16:00:25Z,2026-09-15T22:41:15Z
141,11,124965514,2272856,117.0,15000,,2026-09-15T07:46:50Z,2026-09-15T22:41:15Z
141,11,124853605,836964,135.0,6881,,2026-09-13T05:57:49Z,2026-09-15T22:41:15Z
141,12,124647319,383752,159.0,77,,2026-09-09T05:43:15Z,2026-09-15T22:41:15Z
142,0,124994403,4635678,700.0,18,,2026-09-15T19:45:12Z,2026-09-15T22:42:26Z
142,0,124990965,5387059,705.0,7,,2026-09-15T18:30:59Z,2026-09-15T22:42:26Z
142,0,124984139,4635678,710.0,6,,2026-09-15T15:53:01Z,2026-09-15T22:42:26Z
142,0,124982482,4064427,720.0,5,,2026-09-15T15:14:41Z,2026-09-15T22:42:26Z
142,0,124984457,5265709,720.0,250,,2026-09-15T16:01:04Z,2026-09-15T22:42:26Z
142,0,124957031,5054625,730.0,69,,2026-09-15T03:51:40Z,2026-09-15T22:42:26Z
142,0,124951969,5651001,735.0,58,,2026-09-15T01:05:11Z,2026-09-15T22:42:26Z
142,0,124933753,2562354,740.0,10,,2026-09-14T16:59:20Z,2026-09-15T22:42:26Z
142,0,124869376,4064427,750.0,52,,2026-09-13T12:53:22Z,2026-09-15T22:42:26Z
142,0,124979491,5306076,750.0,50,,2026-09-15T14:02:23Z,2026-09-15T22:42:26Z
142,0,124859298,5665889,755.0,45,,2026-09-13T08:27:02Z,2026-09-15T22:42:26Z
142,0,124845139,5651001,765.0,38,,2026-09-13T01:07:10Z,2026-09-15T22:42:26Z
142,0,124843816,5721095,770.0,24,,2026-09-13T00:16:38Z,2026-09-15T22:42:26Z
142,0,124830044,5464805,795.0,41,,2026-09-12T17:41:57Z,2026-09-15T22:42:26Z
142,0,124834589,5306076,795.0,200,,2026-09-12T19:40:20Z,2026-09-15T22:42:26Z
142,0,124979529,5698942,800.0,826,126.0,2026-09-15T14:03:20Z,2026-09-15T22:42:26Z
142,0,124979541,5698942,810.0,500,,2026-09-15T14:03:44Z,2026-09-15T22:42:26Z
142,0,124825316,5172062,815.0,508,,2026-09-12T15:42:05Z,2026-09-15T22:42:26Z
142,0,124979546,5698942,820.0,189,,2026-09-15T14:03:54Z,2026-09-15T22:42:26Z
142,0,124668503,2562354,825.0,266,,2026-09-09T15:14:37Z,2026-09-15T22:42:26Z
142,0,124721829,5306076,825.0,100,,2026-09-10T15:17:37Z,2026-09-15T22:42:26Z
142,0,124650033,4064427,835.0,27,,2026-09-09T06:58:22Z,2026-09-15T22:42:26Z
142,1,124991654,5464805,715.0,60,,2026-09-15T18:45:02Z,2026-09-15T22:42:26Z
142,1,124984746,5455400,720.0,58,,2026-09-15T16:07:10Z,2026-09-15T22:42:26Z
142,1,124980656,5455400,725.0,65,,2026-09-15T14:31:26Z,2026-09-15T22:42:26Z
142,1,124970852,5455400,730.0,45,,2026-09-15T11:07:11Z,2026-09-15T22:42:26Z
142,1,124969403,1779549,735.0,40,,2026-09-15T09:42:47Z,2026-09-15T22:42:26Z
142,1,124966428,5455400,740.0,52,,2026-09-15T08:16:31Z,2026-09-15T22:42:26Z
142,1,124962768,5464805,745.0,50,,2026-09-15T06:26:24Z,2026-09-15T22:42:26Z
142,1,124914007,5455400,750.0,217,,2026-09-14T09:03:39Z,2026-09-15T22:42:26Z
142,1,124899877,5199069,755.0,8,,2026-09-14T02:19:12Z,2026-09-15T22:42:26Z
142,1,124909980,1779549,755.0,60,,2026-09-14T07:05:12Z,2026-09-15T22:42:26Z
142,1,124890502,3490905,760.0,41,,2026-09-13T21:08:34Z,2026-09-15T22:42:26Z
142,1,124956763,4984711,760.0,4530,,2026-09-15T03:44:19Z,2026-09-15T22:42:26Z
142,1,124854371,1779549,765.0,20,,2026-09-13T06:19:25Z,2026-09-15T22:42:26Z
142,1,124850307,5291666,770.0,442,,2026-09-13T04:17:22Z,2026-09-15T22:42:26Z
142,1,124825319,5172062,815.0,62,,2026-09-12T15:42:11Z,2026-09-15T22:42:26Z
142,1,124733212,5062128,820.0,155,,2026-09-10T19:54:43Z,2026-09-15T22:42:26Z
142,1,124682488,3490905,825.0,228,,2026-09-09T20:47:23Z,2026-09-15T22:42:26Z
142,1,124652862,5446366,835.0,86,,2026-09-09T08:25:29Z,2026-09-15T22:42:26Z
142,2,124999501,5282794,755.0,82,,2026-09-15T21:52:21Z,2026-09-15T22:42:26Z
142,2,124977893,4619600,760.0,104,,2026-09-15T13:24:28Z,2026-09-15T22:42:26Z
142,2,124975710,4410288,765.0,30,,2026-09-15T12:30:49Z,2026-09-15T22:42:26Z
142,2,124971316,5282794,770.0,143,,2026-09-15T10:35:14Z,2026-09-15T22:42:26Z
142,2,124966588,5214013,775.0,94,,2026-09-15T08:20:11Z,2026-09-15T22:42:26Z
142,2,124963141,5386729,780.0,100,,2026-09-15T06:37:14Z,2026-09-15T22:42:26Z
142,2,124966602,5214013,780.0,100,,2026-09-15T08:20:36Z,2026-09-15T22:42:26Z
142,2,124966595,5214013,785.0,100,,2026-09-15T08:20:29Z,2026-09-15T22:42:26Z
142,2,124966585,5214013,790.0,100,,2026-09-15T08:20:04Z,2026-09-15T22:42:26Z
142,2,124962018,4619600,795.0,150,,2026-09-15T06:05:18Z,2026-09-15T22:42:26Z
142,2,124966577,5214013,795.0,100,,2026-09-15T08:19:51Z,2026-09-15T22:42:26Z
142,2,124966563,5214013,800.0,100,,2026-09-15T08:19:34Z,2026-09-15T22:42:26Z
142,2,124894856,5214013,805.0,259,,2026-09-13T23:27:13Z,2026-09-15T22:42:26Z
142,2,124852477,4410288,815.0,14,,2026-09-13T05:24:14Z,2026-09-15T22:42:26Z
142,2,124838655,5127740,820.0,7,,2026-09-12T21:25:41Z,2026-09-15T22:42:26Z
142,2,124845135,5214013,820.0,162,,2026-09-13T01:07:02Z,2026-09-15T22:42:26Z
142,2,124850638,4941399,820.0,483,,2026-09-13T04:29:47Z,2026-09-15T22:42:26Z
142,2,124740672,5214013,835.0,146,,2026-09-10T23:15:13Z,2026-09-15T22:42:26Z
142,2,124724916,5234480,840.0,4,,2026-09-10T16:29:57Z,2026-09-15T22:42:26Z
142,2,124695819,5214013,845.0,192,,2026-09-10T04:08:41Z,2026-09-15T22:42:26Z
142,2,124685994,4941399,850.0,88,,2026-09-09T22:24:40Z,2026-09-15T22:42:26Z
142,2,124921608,2572012,860.0,734,,2026-09-14T12:21:18Z,2026-09-15T22:42:26Z
142,2,124671130,5234480,865.0,90,,2026-09-09T16:15:04Z,2026-09-15T22:42:26Z
142,2,124665323,4410288,870.0,10,,2026-09-09T13:59:04Z,2026-09-15T22:42:26Z
142,2,124656487,5214013,875.0,108,,2026-09-09T10:12:54Z,2026-09-15T22:42:26Z
142,3,125000022,4626383,930.0,119,,2026-09-15T22:07:04Z,2026-09-15T22:42:26Z
142,3,124990302,2561644,935.0,298,,2026-09-15T18:15:43Z,2026-09-15T22:42:26Z
142,3,124986218,4097907,940.0,10,,2026-09-15T16:42:02Z,2026-09-15T22:42:26Z
142,3,124980574,4626383,945.0,600,,2026-09-15T14:29:34Z,2026-09-15T22:42:26Z
142,3,124959925,983040,950.0,35,,2026-09-15T05:09:40Z,2026-09-15T22:42:26Z
142,3,124985490,5328195,955.0,155,,2026-09-15T16:25:06Z,2026-09-15T22:42:26Z
142,3,124957104,5328195,960.0,228,,2026-09-15T03:53:22Z,2026-09-15T22:42:26Z
142,3,124935182,4626383,965.0,696,,2026-09-14T17:33:23Z,2026-09-15T22:42:26Z
142,3,124943839,2416973,965.0,182,,2026-09-14T20:47:14Z,2026-09-15T22:42:26Z
142,3,124935402,5328195,970.0,149,,2026-09-14T17:38:21Z,2026-09-15T22:42:26Z
142,3,124962805,4997984,970.0,549,,2026-09-15T06:27:33Z,2026-09-15T22:42:26Z
142,3,124934588,5359878,980.0,102,,2026-09-14T17:19:47Z,2026-09-15T22:42:26Z
142,3,124844736,5328195,985.0,465,,2026-09-13T00:51:33Z,2026-09-15T22:42:26Z
142,3,124852791,5359878,1000.0,100,,2026-09-13T05:33:13Z,2026-09-15T22:42:26Z
142,3,124919946,904001,1000.0,288,,2026-09-14T11:40:42Z,2026-09-15T22:42:26Z
142,4,125000195,4753096,960.0,500,,2026-09-15T22:12:05Z,2026-09-15T22:42:26Z
142,4,124992147,3976637,965.0,895,,2026-09-15T18:55:31Z,2026-09-15T22:42:26Z
142,4,124939751,1674023,975.0,9076,,2026-09-14T19:14:08Z,2026-09-15T22:42:26Z
142,4,124963547,5557329,980.0,2436,,2026-09-15T06:48:31Z,2026-09-15T22:42:26Z
142,4,124927680,5557329,995.0,1044,,2026-09-14T14:44:56Z,2026-09-15T22:42:26Z
142,4,124918968,3976637,1000.0,900,,2026-09-14T11:16:46Z,2026-09-15T22:42:26Z
142,4,124927520,3854991,1000.0,608,,2026-09-14T14:40:27Z,2026-09-15T22:42:26Z
142,4,124864529,4749812,1040.0,75,,2026-09-13T10:54:19Z,2026-09-15T22:42:26Z
142,5,124994611,5433167,990.0,106,,2026-09-15T19:50:46Z,2026-09-15T22:42:26Z
142,5,124996115,3263224,990.0,461,,2026-09-15T20:23:45Z,2026-09-15T22:42:26Z
142,5,124992697,5034786,995.0,14995,,2026-09-15T19:07:02Z,2026-09-15T22:42:26Z
142,5,124928273,5647045,1000.0,1320,,2026-09-14T14:59:51Z,2026-09-15T22:42:26Z
142,5,124966745,5116120,1020.0,2000,,2026-09-15T08:23:48Z,2026-09-15T22:42:26Z
142,5,124892346,5034786,1030.0,14499,,2026-09-13T22:01:37Z,2026-09-15T22:42:26Z
142,5,124868974,4311358,1040.0,1582,,2026-09-13T12:43:38Z,2026-09-15T22:42:26Z
142,5,124635845,2407459,1190.0,25000,,2026-09-08T23:27:26Z,2026-09-15T22:42:26Z
142,6,124987517,5150824,1020.0,1400,,2026-09-15T17:13:09Z,2026-09-15T22:42:26Z
142,6,124982348,5314844,1030.0,2988,,2026-09-15T15:11:49Z,2026-09-15T22:42:26Z
142,6,124969948,4952766,1040.0,3265,,2026-09-15T09:59:08Z,2026-09-15T22:42:26Z
142,6,124945942,5314844,1050.0,373,,2026-09-14T21:41:47Z,2026-09-15T22:42:26Z
142,6,124925053,4952766,1060.0,3438,,2026-09-14T13:44:56Z,2026-09-15T22:42:26Z
142,6,124964301,1741695,1060.0,300,,2026-09-15T07:10:23Z,2026-09-15T22:42:26Z
142,6,124915112,1741695,1070.0,300,,2026-09-14T09:36:44Z,2026-09-15T22:42:26Z
142,6,124908164,1888755,1080.0,532,,2026-09-14T06:13:56Z,2026-09-15T22:42:26Z
142,6,124915117,1741695,1080.0,200,,2026-09-14T09:36:54Z,2026-09-15T22:42:26Z
142,6,124916575,1571972,1080.0,1000,,2026-09-14T10:17:19Z,2026-09-15T22:42:26Z
142,7,124937532,3342139,1090.0,10000,,2026-09-14T18:24:51Z,2026-09-15T22:42:26Z
142,7,124804871,4182233,1100.0,198,,2026-09-12T06:32:21Z,2026-09-15T22:42:26Z
142,7,124937565,3342139,1110.0,20000,,2026-09-14T18:25:37Z,2026-09-15T22:42:26Z
142,8,124779803,5150824,1120.0,234,,2026-09-11T17:33:09Z,2026-09-15T22:42:26Z
142,9,124879192,5150824,1260.0,555,,2026-09-13T16:44:53Z,2026-09-15T22:42:26Z
142,9,124861162,2803037,1270.0,2504,,2026-09-13T09:20:42Z,2026-09-15T22:42:26Z
142,9,124779809,5150824,1280.0,918,,2026-09-11T17:33:22Z,2026-09-15T22:42:26Z
142,10,124993500,1452431,1200.0,12000,,2026-09-15T19:25:25Z,2026-09-15T22:42:26Z
142,10,124737614,1420693,1300.0,24,,2026-09-10T21:39:57Z,2026-09-15T22:42:26Z
142,10,124984401,1553723,1320.0,500,,2026-09-15T15:59:44Z,2026-09-15T22:42:26Z
142,11,124934941,1469384,1320.0,400,,2026-09-14T17:27:51Z,2026-09-15T22:42:26Z
142,11,124867601,2333522,1330.0,6709,,2026-09-13T12:11:08Z,2026-09-15T22:42:26Z
142,11,124654318,1469384,1350.0,251,,2026-09-09T09:09:04Z,2026-09-15T22:42:26Z
142,12,124888961,1342386,1400.0,957,,2026-09-13T20:29:55Z,2026-09-15T22:42:26Z
142,12,124877129,3419938,1450.0,100,,2026-09-13T15:56:08Z,2026-09-15T22:42:26Z
142,12,124660856,383752,1460.0,591,,2026-09-09T12:10:36Z,2026-09-15T22:42:26Z
142,12,124654327,1469384,1470.0,500,,2026-09-09T09:09:17Z,2026-09-15T22:42:26Z
142,12,124875800,3896893,1500.0,500,,2026-09-13T15:25:53Z,2026-09-15T22:42:26Z
143,0,124994209,5416586,620.0,175,,2026-09-15T19:40:36Z,2026-09-15T22:44:48Z
143,0,124988535,4290562,625.0,90,,2026-09-15T17:36:25Z,2026-09-15T22:44:48Z
143,0,124984149,4635678,630.0,5,,2026-09-15T15:53:25Z,2026-09-15T22:44:48Z
143,0,124986252,5054625,640.0,21,,2026-09-15T16:42:37Z,2026-09-15T22:44:48Z
143,0,124991259,5803397,640.0,15,,2026-09-15T18:36:08Z,2026-09-15T22:44:48Z
143,0,124983174,5823409,650.0,1,,2026-09-15T15:30:22Z,2026-09-15T22:44:48Z
143,0,124937601,5181496,655.0,10,,2026-09-14T18:26:39Z,2026-09-15T22:44:48Z
143,0,124957911,5700637,660.0,100,,2026-09-15T04:16:27Z,2026-09-15T22:44:48Z
143,0,124937311,5181496,665.0,25,,2026-09-14T18:20:24Z,2026-09-15T22:44:48Z
143,0,124919270,4290562,670.0,5,,2026-09-14T11:24:03Z,2026-09-15T22:44:48Z
143,0,124875264,5713384,685.0,85,,2026-09-13T15:11:47Z,2026-09-15T22:44:48Z
143,0,124858135,1567608,690.0,4,,2026-09-13T07:57:07Z,2026-09-15T22:44:48Z
143,0,124981766,1456556,690.0,193,,2026-09-15T14:58:29Z,2026-09-15T22:44:48Z
143,0,124856168,5713384,695.0,125,,2026-09-13T07:05:32Z,2026-09-15T22:44:48Z
143,0,124807489,5713384,710.0,59,,2026-09-12T07:37:23Z,2026-09-15T22:44:48Z
143,0,124806285,5464805,715.0,22,,2026-09-12T07:07:47Z,2026-09-15T22:44:48Z
143,0,124789960,5713384,740.0,120,,2026-09-11T22:02:57Z,2026-09-15T22:44:48Z
143,0,124788875,4662295,745.0,5,,2026-09-11T21:31:19Z,2026-09-15T22:44:48Z
143,0,124779608,4845048,760.0,58,,2026-09-11T17:28:27Z,2026-09-15T22:44:48Z
143,0,124772598,5181496,780.0,25,,2026-09-11T14:44:24Z,2026-09-15T22:44:48Z
143,0,124764118,5181496,795.0,10,,2026-09-11T11:09:23Z,2026-09-15T22:44:48Z
143,0,124766701,5464805,795.0,13,,2026-09-11T12:14:24Z,2026-09-15T22:44:48Z
143,0,124668419,5181496,810.0,25,,2026-09-09T15:12:45Z,2026-09-15T22:44:48Z
143,0,124662969,5762237,815.0,90,,2026-09-09T13:03:29Z,2026-09-15T22:44:48Z
143,0,124662207,5450885,820.0,13,,2026-09-09T12:44:57Z,2026-09-15T22:44:48Z
143,0,124659639,1592526,825.0,13,,2026-09-09T11:38:20Z,2026-09-15T22:44:48Z
143,0,124658498,5181496,830.0,100,,2026-09-09T11:08:11Z,2026-09-15T22:44:48Z
143,0,124654656,5698865,835.0,52,,2026-09-09T09:18:43Z,2026-09-15T22:44:48Z
143,0,124652097,5181496,840.0,250,,2026-09-09T08:00:12Z,2026-09-15T22:44:48Z
143,1,125001102,5810412,610.0,3,,2026-09-15T22:40:31Z,2026-09-15T22:44:48Z
143,1,124984755,5455400,665.0,26,,2026-09-15T16:07:18Z,2026-09-15T22:44:48Z
143,1,124960989,5455400,670.0,16,,2026-09-15T05:36:56Z,2026-09-15T22:44:48Z
143,1,124991228,5465535,670.0,60,,2026-09-15T18:35:33Z,2026-09-15T22:44:48Z
143,1,124923710,5465535,680.0,43,,2026-09-14T13:10:01Z,2026-09-15T22:44:48Z
143,1,124999826,5172277,695.0,160,,2026-09-15T22:02:00Z,2026-09-15T22:44:48Z
143,1,124910347,5691804,700.0,96,,2026-09-14T07:15:13Z,2026-09-15T22:44:48Z
143,1,124906605,5806272,705.0,36,,2026-09-14T05:33:21Z,2026-09-15T22:44:48Z
143,1,124903585,5455400,710.0,89,,2026-09-14T04:15:40Z,2026-09-15T22:44:48Z
143,1,124981776,1456556,710.0,487,,2026-09-15T14:58:44Z,2026-09-15T22:44:48Z
143,1,124858132,1567608,730.0,44,,2026-09-13T07:57:03Z,2026-09-15T22:44:48Z
143,1,124856078,5647403,735.0,96,,2026-09-13T07:02:44Z,2026-09-15T22:44:48Z
143,1,124853119,5465535,750.0,10,,2026-09-13T05:43:23Z,2026-09-15T22:44:48Z
143,1,124788082,5465535,755.0,36,,2026-09-11T21:08:21Z,2026-09-15T22:44:48Z
143,1,124848318,5465535,760.0,57,,2026-09-13T03:08:43Z,2026-09-15T22:44:48Z
143,1,124775701,5691804,790.0,63,,2026-09-11T15:53:21Z,2026-09-15T22:44:48Z
143,1,124670454,5669842,800.0,29,,2026-09-09T15:58:10Z,2026-09-15T22:44:48Z
143,1,124650109,5647403,895.0,80,,2026-09-09T07:00:36Z,2026-09-15T22:44:48Z
143,2,124978177,4141352,760.0,13,,2026-09-15T13:31:27Z,2026-09-15T22:44:48Z
143,2,124987664,5141377,760.0,27,,2026-09-15T17:16:13Z,2026-09-15T22:44:48Z
143,2,124998682,5359878,760.0,132,,2026-09-15T21:29:21Z,2026-09-15T22:44:48Z
143,2,124953088,4410288,765.0,5,,2026-09-15T01:39:21Z,2026-09-15T22:44:48Z
143,2,124933239,5657628,770.0,61,,2026-09-14T16:47:32Z,2026-09-15T22:44:48Z
143,2,124800137,5141377,775.0,16,,2026-09-12T04:16:44Z,2026-09-15T22:44:48Z
143,2,124818221,5234480,775.0,234,,2026-09-12T12:40:07Z,2026-09-15T22:44:48Z
143,2,124786921,5127740,780.0,50,,2026-09-11T20:36:21Z,2026-09-15T22:44:48Z
143,2,124870592,5359878,800.0,125,,2026-09-13T13:22:45Z,2026-09-15T22:44:48Z
143,2,124984170,5422827,820.0,7,,2026-09-15T15:53:48Z,2026-09-15T22:44:48Z
143,2,124934659,5359878,850.0,118,,2026-09-14T17:21:26Z,2026-09-15T22:44:48Z
143,2,124783648,4410288,870.0,10,,2026-09-11T19:13:36Z,2026-09-15T22:44:48Z
143,2,124747504,5657628,890.0,73,,2026-09-11T03:22:06Z,2026-09-15T22:44:48Z
143,2,124744357,4410288,895.0,10,,2026-09-11T01:28:29Z,2026-09-15T22:44:48Z
143,3,124921955,4932331,900.0,1330,,2026-09-14T12:29:10Z,2026-09-15T22:44:48Z
143,3,124991798,5422827,900.0,1500,,2026-09-15T18:47:53Z,2026-09-15T22:44:48Z
143,3,124834957,5422827,915.0,131,,2026-09-12T19:50:16Z,2026-09-15T22:44:48Z
143,4,125000213,4753096,905.0,500,,2026-09-15T22:12:47Z,2026-09-15T22:44:48Z
143,4,124942750,4310540,910.0,200,,2026-09-14T20:20:09Z,2026-09-15T22:44:48Z
143,4,124903936,4310540,915.0,491,,2026-09-14T04:25:36Z,2026-09-15T22:44:48Z
143,4,124887993,2208469,920.0,3174,,2026-09-13T20:06:38Z,2026-09-15T22:44:48Z
143,4,124616111,4310540,925.0,200,,2026-09-08T15:05:00Z,2026-09-15T22:44:48Z
143,4,124826398,4310540,930.0,100,,2026-09-12T16:10:19Z,2026-09-15T22:44:48Z
143,4,124859857,5094384,930.0,100,,2026-09-13T08:41:11Z,2026-09-15T22:44:48Z
143,4,124903132,1878657,1000.0,864,,2026-09-14T04:03:47Z,2026-09-15T22:44:48Z
143,5,124995787,1647546,910.0,61,,2026-09-15T20:15:54Z,2026-09-15T22:44:48Z
143,5,124935272,5328195,920.0,516,,2026-09-14T17:35:06Z,2026-09-15T22:44:48Z
143,6,124791521,3786091,940.0,11894,,2026-09-11T22:55:06Z,2026-09-15T22:44:48Z
143,6,124786193,3651242,945.0,236,,2026-09-11T20:17:51Z,2026-09-15T22:44:48Z
143,7,124820244,3786091,970.0,16204,,2026-09-12T13:31:33Z,2026-09-15T22:44:48Z
143,7,124730120,1117810,975.0,4578,,2026-09-10T18:40:15Z,2026-09-15T22:44:48Z
143,7,124724928,4490726,990.0,7102,,2026-09-10T16:30:09Z,2026-09-15T22:44:48Z
143,7,124688928,758594,995.0,9,,2026-09-10T00:09:51Z,2026-09-15T22:44:48Z
143,7,124700696,558508,1170.0,3420,,2026-09-10T06:11:57Z,2026-09-15T22:44:48Z
143,8,124864824,2272856,1110.0,415,,2026-09-13T11:02:29Z,2026-09-15T22:44:48Z
143,8,124952805,216318,1190.0,999,,2026-09-15T01:31:39Z,2026-09-15T22:44:48Z
143,9,124959913,3549846,1100.0,968,,2026-09-15T05:10:02Z,2026-09-15T22:44:48Z
143,9,124762210,3549846,1120.0,100,,2026-09-11T10:19:21Z,2026-09-15T22:44:48Z
143,9,124762214,3549846,1130.0,100,,2026-09-11T10:19:28Z,2026-09-15T22:44:48Z
143,9,124762217,3549846,1140.0,100,,2026-09-11T10:19:34Z,2026-09-15T22:44:48Z
143,9,124752466,3549846,1150.0,100,,2026-09-11T05:44:03Z,2026-09-15T22:44:48Z
143,9,124762171,3549846,1160.0,100,,2026-09-11T10:18:21Z,2026-09-15T22:44:48Z
143,9,124762175,3549846,1170.0,100,,2026-09-11T10:18:27Z,2026-09-15T22:44:48Z
143,10,124964352,4384639,1180.0,2000,,2026-09-15T07:11:29Z,2026-09-15T22:44:48Z
143,10,124964349,4384639,1190.0,2000,,2026-09-15T07:11:23Z,2026-09-15T22:44:48Z
143,10,124791985,3416800,1200.0,828,,2026-09-11T23:10:58Z,2026-09-15T22:44:48Z
143,10,124748619,4384639,1210.0,655,,2026-09-11T03:59:39Z,2026-09-15T22:44:48Z
143,11,124963503,2272856,1230.0,1058,,2026-09-15T06:47:30Z,2026-09-15T22:44:48Z
143,11,124962657,1342386,1240.0,2000,,2026-09-15T06:23:10Z,2026-09-15T22:44:48Z
143,11,124720667,3416800,1290.0,674,,2026-09-10T14:47:14Z,2026-09-15T22:44:48Z
143,12,124819057,2272856,1420.0,2075,,2026-09-12T13:02:02Z,2026-09-15T22:44:48Z
143,12,124802596,2272856,1440.0,1265,,2026-09-12T05:33:47Z,2026-09-15T22:44:48Z
144,0,124998925,5257262,16.7,8032,,2026-09-15T21:36:36Z,2026-09-15T22:42:25Z
144,0,124982269,1777619,16.8,23554,,2026-09-15T15:10:11Z,2026-09-15T22:42:25Z
144,0,124968366,5181496,16.9,9900,,2026-09-15T09:12:59Z,2026-09-15T22:42:25Z
144,0,124958964,5751678,17.0,354,,2026-09-15T04:46:05Z,2026-09-15T22:42:25Z
144,0,124900816,1777619,17.1,22076,,2026-09-14T02:51:27Z,2026-09-15T22:42:25Z
144,0,124887279,3329840,17.2,53981,,2026-09-13T19:50:54Z,2026-09-15T22:42:25Z
144,0,124695810,4296035,17.3,4245,,2026-09-10T04:08:33Z,2026-09-15T22:42:25Z
144,0,124647470,5181496,17.4,2490,,2026-09-09T05:47:06Z,2026-09-15T22:42:25Z
144,0,124632457,1709616,17.5,905,,2026-09-08T21:36:15Z,2026-09-15T22:42:25Z
144,0,124599678,5181496,17.6,9600,,2026-09-08T07:36:08Z,2026-09-15T22:42:25Z
144,1,124960566,2037958,17.5,4647,,2026-09-15T05:25:13Z,2026-09-15T22:42:25Z
144,1,124892515,5702654,17.6,4,,2026-09-13T22:06:45Z,2026-09-15T22:42:25Z
144,1,124884279,5427254,17.7,1600,,2026-09-13T18:43:56Z,2026-09-15T22:42:25Z
144,1,124884477,5643501,17.7,6253,,2026-09-13T20:09:19Z,2026-09-15T22:42:25Z
144,1,124792024,5257262,18.3,3568,,2026-09-11T23:12:35Z,2026-09-15T22:42:25Z
144,1,124998812,5190321,22.0,993,,2026-09-15T21:33:26Z,2026-09-15T22:42:25Z
144,2,124901946,4114881,17.7,500,,2026-09-14T03:28:17Z,2026-09-15T22:42:25Z
144,2,124866009,4704043,17.8,39192,,2026-09-13T11:33:30Z,2026-09-15T22:42:25Z
144,2,124845782,3389432,17.9,100,,2026-09-13T01:30:05Z,2026-09-15T22:42:25Z
144,2,124616048,5257262,18.4,3976,,2026-09-08T15:03:57Z,2026-09-15T22:42:25Z
144,3,124649492,5060223,18.4,9990,,2026-09-09T06:44:46Z,2026-09-15T22:42:25Z
144,4,124845785,3389432,18.1,1089,,2026-09-13T01:30:18Z,2026-09-15T22:42:25Z
144,4,124707042,5102409,19.0,10000,,2026-09-10T09:06:04Z,2026-09-15T22:42:25Z
144,5,124839858,543818,18.4,1,,2026-09-12T22:00:55Z,2026-09-15T22:42:25Z
144,5,124609541,3922464,22.75,50000,,2026-09-08T12:21:22Z,2026-09-15T22:42:25Z
144,6,124614955,5115735,18.5,499800,,2026-09-08T14:36:15Z,2026-09-15T22:42:25Z
144,7,124662804,811947,24.75,18,,2026-09-09T12:59:48Z,2026-09-15T22:42:25Z
144,7,124652735,5102409,25.0,5000,,2026-09-09T08:20:55Z,2026-09-15T22:42:25Z
144,9,124845793,3389432,30.0,1,,2026-09-13T01:30:32Z,2026-09-15T22:42:25Z
144,9,124839875,543818,100.0,1,,2026-09-12T22:01:15Z,2026-09-15T22:42:25Z
145,0,124998907,1662078,134.0,3500,-400.0,2026-09-15T21:35:55Z,2026-09-15T22:44:23Z
145,0,124933058,2827510,135.0,214226,,2026-09-14T16:43:50Z,2026-09-15T22:44:23Z
145,0,124930969,4044191,136.0,270,,2026-09-14T15:57:45Z,2026-09-15T22:44:23Z
145,0,124931842,2986070,136.0,308,,2026-09-14T16:17:40Z,2026-09-15T22:44:23Z
145,0,124932427,469171,136.0,7019,,2026-09-14T16:30:50Z,2026-09-15T22:44:23Z
145,0,124946963,1464315,136.0,324,,2026-09-14T22:09:07Z,2026-09-15T22:44:23Z
145,0,124957953,1199149,136.0,7488,,2026-09-15T04:17:25Z,2026-09-15T22:44:23Z
145,0,124958882,4032038,136.0,9715,,2026-09-15T04:43:25Z,2026-09-15T22:44:23Z
145,0,124960630,5247972,136.0,674,,2026-09-15T05:27:10Z,2026-09-15T22:44:23Z
145,0,124997288,4902781,136.0,20000,,2026-09-15T20:52:36Z,2026-09-15T22:44:23Z
145,0,124997807,1174277,136.0,2542,,2026-09-15T21:06:32Z,2026-09-15T22:44:23Z
145,0,124930678,3845340,137.0,13840,,2026-09-14T15:50:50Z,2026-09-15T22:44:23Z
145,0,124931587,3852441,137.0,80000,,2026-09-14T16:11:38Z,2026-09-15T22:44:23Z
145,0,124932207,3709564,137.0,9999,,2026-09-14T16:25:32Z,2026-09-15T22:44:23Z
145,0,124954902,1296278,137.0,19747,,2026-09-15T02:43:44Z,2026-09-15T22:44:23Z
145,0,124965896,4800759,137.0,14828,,2026-09-15T08:26:55Z,2026-09-15T22:44:23Z
145,0,124821016,5500348,138.0,45643,,2026-09-12T13:49:13Z,2026-09-15T22:44:23Z
145,0,124891358,4709894,138.0,29818,,2026-09-13T21:32:22Z,2026-09-15T22:44:23Z
145,0,124900749,1296278,138.0,54345,,2026-09-14T02:48:49Z,2026-09-15T22:44:23Z
145,0,124908575,4800759,138.0,14947,,2026-09-14T06:26:26Z,2026-09-15T22:44:23Z
145,0,124926038,3596029,138.0,8557,,2026-09-14T14:06:24Z,2026-09-15T22:44:23Z
145,0,124750033,3644856,139.0,23253,,2026-09-11T04:40:11Z,2026-09-15T22:44:23Z
145,0,124769251,4032038,139.0,4352,,2026-09-11T13:20:04Z,2026-09-15T22:44:23Z
145,0,124773047,4816346,139.0,12000,,2026-09-11T14:56:08Z,2026-09-15T22:44:23Z
145,0,124882953,4800759,139.0,103352,,2026-09-13T18:11:43Z,2026-09-15T22:44:23Z
145,0,124962058,5783339,139.0,1000,,2026-09-15T06:06:05Z,2026-09-15T22:44:23Z
145,0,124772861,3458152,140.0,6582,,2026-09-11T14:51:54Z,2026-09-15T22:44:23Z
145,0,124775284,4481007,140.0,30096,,2026-09-11T15:44:53Z,2026-09-15T22:44:23Z
145,0,124797101,3520384,140.0,25447,,2026-09-12T02:27:14Z,2026-09-15T22:44:23Z
145,0,124813112,5785406,140.0,20,,2026-09-12T10:17:18Z,2026-09-15T22:44:23Z
145,0,124816500,5583072,140.0,1,,2026-09-12T11:52:40Z,2026-09-15T22:44:23Z
145,0,124852493,5470753,140.0,1,,2026-09-13T05:24:51Z,2026-09-15T22:44:23Z
145,0,124744265,4044191,141.0,530,,2026-09-11T01:25:03Z,2026-09-15T22:44:23Z
145,0,124754254,3852441,141.0,40000,,2026-09-11T06:34:47Z,2026-09-15T22:44:23Z
145,0,124653837,3261489,142.0,26106,,2026-09-09T08:53:51Z,2026-09-15T22:44:23Z
145,0,124765440,3673679,142.0,31216,,2026-09-11T11:40:48Z,2026-09-15T22:44:23Z
145,0,124813260,5682390,142.0,2850,,2026-09-12T10:21:17Z,2026-09-15T22:44:23Z
145,0,124646552,533714,145.0,5000,,2026-09-09T05:24:16Z,2026-09-15T22:44:23Z
145,0,124748675,2871265,145.0,60766,,2026-09-11T04:01:03Z,2026-09-15T22:44:23Z
145,0,124800359,5682390,145.0,4683,,2026-09-12T04:25:18Z,2026-09-15T22:44:23Z
145,0,124641923,521149,147.0,12799,,2026-09-09T03:02:26Z,2026-09-15T22:44:23Z
145,0,124642336,5583072,147.0,1,,2026-09-09T03:19:00Z,2026-09-15T22:44:23Z
145,0,124646034,3870026,147.0,20000,,2026-09-09T05:10:33Z,2026-09-15T22:44:23Z
145,0,124649667,1526273,147.0,5315,,2026-09-09T06:48:50Z,2026-09-15T22:44:23Z
145,0,124650953,2782690,147.0,40000,,2026-09-09T07:25:31Z,2026-09-15T22:44:23Z
145,0,124997380,5709679,147.0,350,,2026-09-15T20:54:59Z,2026-09-15T22:44:23Z
145,0,124640626,1296278,148.0,30000,,2026-09-09T02:18:04Z,2026-09-15T22:44:23Z
145,0,124632881,4709894,149.0,25000,,2026-09-08T21:48:33Z,2026-09-15T22:44:23Z
145,0,124648188,5171557,149.0,40000,,2026-09-09T06:07:48Z,2026-09-15T22:44:23Z
145,0,124646704,5816990,150.0,20,,2026-09-09T05:28:22Z,2026-09-15T22:44:23Z
145,0,125000059,5583072,150.0,1,,2026-09-15T22:08:04Z,2026-09-15T22:44:23Z
145,0,124632894,4709894,151.0,25000,,2026-09-08T21:48:53Z,2026-09-15T22:44:23Z
145,0,124632933,4709894,158.0,25000,,2026-09-08T21:50:10Z,2026-09-15T22:44:23Z
145,0,124632914,4709894,160.0,50000,,2026-09-08T21:49:34Z,2026-09-15T22:44:23Z
145,0,124885959,5709679,160.0,509,,2026-09-13T19:20:32Z,2026-09-15T22:44:23Z
145,0,124951670,5283612,173.0,10000,,2026-09-15T00:54:56Z,2026-09-15T22:44:23Z
145,0,124906080,5283612,174.0,10000,,2026-09-14T05:21:40Z,2026-09-15T22:44:23Z
145,0,124867372,5283612,175.0,10000,,2026-09-13T12:05:44Z,2026-09-15T22:44:23Z
145,0,124815590,5283612,177.0,10000,,2026-09-12T11:27:21Z,2026-09-15T22:44:23Z
146,0,124998321,5744773,5.9,10235,-89.0,2026-09-15T21:19:06Z,2026-09-15T22:41:18Z
146,0,125000867,5647826,5.9,2178,,2026-09-15T22:33:35Z,2026-09-15T22:41:18Z
146,0,124997956,5650872,6.0,2764,,2026-09-15T21:09:52Z,2026-09-15T22:41:18Z
146,0,124991911,5826358,6.1,284,,2026-09-15T18:50:03Z,2026-09-15T22:41:18Z
146,0,124993284,5806314,6.1,5000,,2026-09-15T19:19:59Z,2026-09-15T22:41:18Z
146,0,124991581,5828071,6.2,4122,,2026-09-15T18:43:20Z,2026-09-15T22:41:18Z
146,0,124991816,5828137,6.2,1500,,2026-09-15T18:48:15Z,2026-09-15T22:41:18Z
146,0,125000329,5605797,6.2,48775,,2026-09-15T22:17:22Z,2026-09-15T22:41:18Z
146,0,124933578,5806314,6.3,8000,,2026-09-14T16:55:28Z,2026-09-15T22:41:18Z
146,0,124936025,5828921,6.3,292,,2026-09-14T17:54:01Z,2026-09-15T22:41:18Z
146,0,124957365,5821304,6.3,6252,,2026-09-15T04:01:49Z,2026-09-15T22:41:18Z
146,0,124957825,5825813,6.3,1559,,2026-09-15T04:14:20Z,2026-09-15T22:41:18Z
146,0,124957912,5834847,6.3,46,,2026-09-15T04:16:31Z,2026-09-15T22:41:18Z
146,0,124959099,5078050,6.3,75000,,2026-09-15T04:48:48Z,2026-09-15T22:41:18Z
146,0,124916055,5723337,6.4,41263,,2026-09-14T10:03:57Z,2026-09-15T22:41:18Z
146,0,124923779,5828163,6.4,917,,2026-09-14T13:11:35Z,2026-09-15T22:41:18Z
146,0,124912502,4591850,6.5,260655,,2026-09-14T08:19:43Z,2026-09-15T22:41:18Z
146,0,124913509,5828163,6.5,1059,,2026-09-14T08:48:44Z,2026-09-15T22:41:18Z
146,0,124932775,5806303,6.5,44,,2026-09-14T16:37:47Z,2026-09-15T22:41:18Z
146,0,124979602,5698942,6.5,50000,,2026-09-15T14:05:37Z,2026-09-15T22:41:18Z
146,0,124827923,5821309,6.6,488,,2026-09-12T16:48:21Z,2026-09-15T22:41:18Z
146,0,124833176,5761891,6.6,13000,,2026-09-12T19:04:49Z,2026-09-15T22:41:18Z
146,0,124838203,4699262,6.6,391,,2026-09-12T21:13:07Z,2026-09-15T22:41:18Z
146,0,124791980,5723337,6.7,42064,,2026-09-11T23:10:33Z,2026-09-15T22:41:18Z
146,0,124933854,5716770,6.7,1019,,2026-09-14T17:01:35Z,2026-09-15T22:41:18Z
146,0,124979633,5698942,6.7,30000,,2026-09-15T14:06:13Z,2026-09-15T22:41:18Z
146,0,124636154,4478875,6.8,8,,2026-09-08T23:37:08Z,2026-09-15T22:41:18Z
146,0,124698597,5825750,6.8,463,,2026-09-10T05:19:08Z,2026-09-15T22:41:18Z
146,0,124776658,5828814,6.8,33,,2026-09-11T16:15:59Z,2026-09-15T22:41:18Z
146,0,124822396,5813798,6.8,264,,2026-09-12T14:26:45Z,2026-09-15T22:41:18Z
146,0,124620006,5820366,6.9,141,,2026-09-08T16:34:42Z,2026-09-15T22:41:18Z
146,0,124695660,5810287,6.9,183,,2026-09-10T04:04:53Z,2026-09-15T22:41:18Z
146,0,124611394,5700678,7.0,610,,2026-09-08T13:09:38Z,2026-09-15T22:41:18Z
146,0,124669191,5772943,7.0,32,,2026-09-09T15:29:48Z,2026-09-15T22:41:18Z
146,0,124699197,5825750,7.0,92,,2026-09-10T05:33:03Z,2026-09-15T22:41:18Z
146,0,124710160,5825747,7.0,34,,2026-09-10T10:30:59Z,2026-09-15T22:41:18Z
146,0,124729650,5772936,7.0,600,,2026-09-10T18:30:05Z,2026-09-15T22:41:18Z
146,0,124920353,5828130,7.0,676,,2026-09-14T11:50:09Z,2026-09-15T22:41:18Z
146,0,124979663,5698942,7.0,18906,,2026-09-15T14:06:46Z,2026-09-15T22:41:18Z
146,0,124698855,5825750,7.1,33,,2026-09-10T05:25:20Z,2026-09-15T22:41:18Z
146,0,124901936,5815645,7.5,102,,2026-09-14T03:28:03Z,2026-09-15T22:41:18Z
146,0,124943566,5784073,7.5,166,,2026-09-14T20:40:00Z,2026-09-15T22:41:18Z
146,0,124773261,5788911,7.6,100,,2026-09-11T15:01:36Z,2026-09-15T22:41:18Z
146,0,124723407,5812446,8.0,40,,2026-09-10T15:54:09Z,2026-09-15T22:41:18Z
146,0,124825832,5808707,8.0,39,,2026-09-12T15:55:22Z,2026-09-15T22:41:18Z
146,0,124877037,5809689,8.0,3,,2026-09-13T15:54:01Z,2026-09-15T22:41:18Z
146,0,124948312,5692409,8.0,8712,,2026-09-14T22:56:32Z,2026-09-15T22:41:18Z
146,1,124992370,5770145,6.2,8610,,2026-09-15T19:00:46Z,2026-09-15T22:41:18Z
146,1,124934405,5563265,6.3,279347,,2026-09-14T17:15:02Z,2026-09-15T22:41:18Z
146,1,124923964,5773768,6.4,14190,,2026-09-14T13:22:20Z,2026-09-15T22:41:18Z
146,1,124915004,5661814,6.5,98938,,2026-09-14T09:33:06Z,2026-09-15T22:41:18Z
146,1,124987498,5651562,6.6,11441,,2026-09-15T17:12:46Z,2026-09-15T22:41:18Z
146,1,124723400,5812446,8.0,100,,2026-09-10T15:53:59Z,2026-09-15T22:41:18Z
146,2,125000272,5642414,6.3,38560,,2026-09-15T22:15:13Z,2026-09-15T22:41:18Z
146,2,124998438,5414545,6.4,39379,,2026-09-15T21:22:16Z,2026-09-15T22:41:18Z
146,2,124974668,3892033,6.5,25417,,2026-09-15T12:03:51Z,2026-09-15T22:41:18Z
146,2,124975177,5065075,6.5,70000,,2026-09-15T12:17:35Z,2026-09-15T22:41:18Z
146,2,124914955,4823760,6.6,146981,,2026-09-14T09:31:33Z,2026-09-15T22:41:18Z
146,2,124962430,5573161,6.6,12000,,2026-09-15T06:16:27Z,2026-09-15T22:41:18Z
146,2,124901662,5720006,6.7,34042,,2026-09-14T03:18:27Z,2026-09-15T22:41:18Z
146,2,124905552,4438543,6.7,107746,,2026-09-14T05:09:33Z,2026-09-15T22:41:18Z
146,2,124726318,5795113,6.9,3007,,2026-09-10T17:06:07Z,2026-09-15T22:41:18Z
146,2,124867196,5642414,6.9,20980,,2026-09-13T12:02:07Z,2026-09-15T22:41:18Z
146,3,124992394,4857722,6.6,44580,,2026-09-15T19:01:15Z,2026-09-15T22:41:18Z
146,3,124990612,3802877,6.7,202552,,2026-09-15T18:23:18Z,2026-09-15T22:41:18Z
146,3,124981562,4438543,6.8,91381,,2026-09-15T14:53:54Z,2026-09-15T22:41:18Z
146,3,124983600,5447721,6.8,200000,,2026-09-15T15:39:46Z,2026-09-15T22:41:18Z
146,3,124977913,5540435,6.9,75285,,2026-09-15T13:25:10Z,2026-09-15T22:41:18Z
146,3,124981533,4438543,6.9,300000,,2026-09-15T14:53:29Z,2026-09-15T22:41:18Z
146,3,124854486,4438543,7.0,181675,,2026-09-13T06:22:30Z,2026-09-15T22:41:18Z
146,3,124866621,4968766,7.0,50000,,2026-09-13T11:49:13Z,2026-09-15T22:41:18Z
146,3,124883241,5501166,7.0,30659,,2026-09-13T18:18:13Z,2026-09-15T22:41:18Z
146,3,124615406,5497429,7.1,43269,,2026-09-08T14:46:53Z,2026-09-15T22:41:18Z
146,3,124655198,4968766,7.2,100000,,2026-09-09T09:35:19Z,2026-09-15T22:41:18Z
146,3,124951935,3646366,7.9,6059723,,2026-09-15T01:03:45Z,2026-09-15T22:41:18Z
146,3,124951898,3646366,8.0,10000000,,2026-09-15T01:02:30Z,2026-09-15T22:41:18Z
146,4,124998477,5643273,6.8,12193,,2026-09-15T21:23:18Z,2026-09-15T22:41:18Z
146,4,124992992,4340971,6.9,119527,,2026-09-15T19:13:29Z,2026-09-15T22:41:18Z
146,4,124972749,4945717,7.0,489360,,2026-09-15T11:14:08Z,2026-09-15T22:41:18Z
146,4,124641387,5269129,7.3,14217,,2026-09-09T02:43:21Z,2026-09-15T22:41:18Z
146,5,124897882,2238895,7.1,1559677,,2026-09-14T03:27:38Z,2026-09-15T22:41:18Z
146,5,124812227,4715189,7.3,600000,,2026-09-12T09:51:01Z,2026-09-15T22:41:18Z
146,5,124752513,4371452,7.4,400000,,2026-09-11T05:45:44Z,2026-09-15T22:41:18Z
146,5,124706563,4371452,8.3,300000,,2026-09-10T08:50:30Z,2026-09-15T22:41:18Z
146,6,124538709,4672564,9.4,520015,,2026-09-07T03:38:47Z,2026-09-14T06:57:50Z
146,7,124937369,4945717,8.7,549620,,2026-09-14T18:21:41Z,2026-09-15T22:41:18Z
146,8,124970947,4945717,9.0,700000,,2026-09-15T10:24:52Z,2026-09-15T22:41:18Z
146,9,124961171,4672564,9.3,611038,,2026-09-15T05:41:47Z,2026-09-15T22:41:18Z
146,9,124957361,4672564,9.6,108707,,2026-09-15T04:01:44Z,2026-09-15T22:41:18Z
146,9,124930229,4672564,9.8,378676,,2026-09-14T15:40:38Z,2026-09-15T22:41:18Z
146,9,124824964,4672564,10.7,423828,,2026-09-12T15:31:54Z,2026-09-15T22:41:18Z
146,9,124747950,4672564,11.6,314310,,2026-09-11T03:36:17Z,2026-09-15T22:41:18Z
146,9,124694609,4672564,11.9,202051,,2026-09-10T03:32:37Z,2026-09-15T22:41:18Z
146,9,124642651,4672564,13.4,33666,,2026-09-09T03:29:55Z,2026-09-15T22:41:18Z
146,10,124983570,3434399,17.8,93863,,2026-09-15T15:38:57Z,2026-09-15T22:41:18Z
146,10,124626141,1456846,17.9,89864,,2026-09-08T19:01:58Z,2026-09-15T22:41:18Z
147,0,125000718,5780253,35.5,1480,,2026-09-15T22:28:23Z,2026-09-15T22:40:57Z
147,0,124989946,4889781,36.0,30869,,2026-09-15T18:06:45Z,2026-09-15T22:40:57Z
147,0,124937129,5092010,36.25,10436,,2026-09-14T18:17:17Z,2026-09-15T22:40:57Z
147,0,124938437,5777499,36.25,125,,2026-09-14T18:44:50Z,2026-09-15T22:40:57Z
147,0,124935878,5777499,36.5,226,,2026-09-14T17:50:49Z,2026-09-15T22:40:57Z
147,0,124934544,5777499,37.0,711,,2026-09-14T17:18:53Z,2026-09-15T22:40:57Z
147,0,124916960,5439148,37.75,2000,,2026-09-14T10:26:40Z,2026-09-15T22:40:57Z
147,0,124903437,5801898,38.0,976,,2026-09-14T04:12:22Z,2026-09-15T22:40:57Z
147,0,124826080,5826328,39.25,72,,2026-09-12T16:02:14Z,2026-09-15T22:40:57Z
147,1,124989774,5072336,36.25,67016,,2026-09-15T18:03:20Z,2026-09-15T22:40:57Z
147,1,124978672,5748824,36.5,1955,,2026-09-15T13:42:34Z,2026-09-15T22:40:57Z
147,1,124935263,5671401,36.75,32141,,2026-09-14T17:34:51Z,2026-09-15T22:40:57Z
147,1,124922158,5811188,37.5,3124,,2026-09-14T12:33:06Z,2026-09-15T22:40:57Z
147,1,124856246,5641371,38.75,10010,,2026-09-13T07:07:23Z,2026-09-15T22:40:57Z
147,1,124851777,5101876,39.0,3000,,2026-09-13T05:07:13Z,2026-09-15T22:40:57Z
147,2,124992873,4889781,38.5,7461,,2026-09-15T19:10:30Z,2026-09-15T22:40:57Z
147,2,124989456,5748824,38.75,377,,2026-09-15T17:56:49Z,2026-09-15T22:40:57Z
147,2,124985732,5748824,39.0,381,,2026-09-15T16:30:48Z,2026-09-15T22:40:57Z
147,2,124989792,5072336,39.0,47348,,2026-09-15T18:03:44Z,2026-09-15T22:40:57Z
147,2,124860142,1974789,39.25,112680,,2026-09-13T08:49:55Z,2026-09-15T22:40:57Z
147,2,124968958,4455837,39.25,2279,,2026-09-15T09:30:48Z,2026-09-15T22:40:57Z
147,2,124823890,5666614,39.5,2000,,2026-09-12T15:06:52Z,2026-09-15T22:40:57Z
147,2,124989967,4889781,39.75,128096,,2026-09-15T18:07:07Z,2026-09-15T22:40:57Z
147,3,124929648,4053232,40.5,1,,2026-09-14T15:28:08Z,2026-09-15T22:40:57Z
147,3,124917352,5349400,40.75,1000,,2026-09-14T10:37:11Z,2026-09-15T22:40:57Z
147,3,124839973,1783728,42.5,5038,,2026-09-12T22:03:38Z,2026-09-15T22:40:57Z
147,3,124815120,5349400,42.75,1000,,2026-09-12T11:13:42Z,2026-09-15T22:40:57Z
147,3,124739850,4821329,43.0,94,,2026-09-10T22:49:00Z,2026-09-15T22:40:57Z
147,3,124806024,4034627,43.0,11234,,2026-09-12T07:02:22Z,2026-09-15T22:40:57Z
147,3,124607086,3109573,43.5,10638,,2026-09-08T11:11:57Z,2026-09-15T22:40:57Z
147,3,124694521,5223239,44.0,25000,,2026-09-10T03:30:10Z,2026-09-15T22:40:57Z
147,3,124694545,5223239,50.0,25000,,2026-09-10T03:30:32Z,2026-09-15T22:40:57Z
147,4,124951431,3156381,45.25,1,,2026-09-15T00:47:48Z,2026-09-15T22:40:57Z
147,4,124662818,4034627,45.5,23455,,2026-09-09T12:59:59Z,2026-09-15T22:40:57Z
147,5,124884255,2304129,50.5,500,,2026-09-13T18:43:15Z,2026-09-15T22:40:57Z
147,5,124843345,2440386,51.0,137,,2026-09-13T00:00:36Z,2026-09-15T22:40:57Z
148,0,124917602,5573058,34.5,810,,2026-09-14T10:43:09Z,2026-09-15T22:41:33Z
148,0,124940290,5811418,34.5,130,,2026-09-14T19:25:37Z,2026-09-15T22:41:33Z
148,0,124979808,5720006,34.5,7647,,2026-09-15T14:10:12Z,2026-09-15T22:41:33Z
148,0,124984678,5481600,34.5,520,,2026-09-15T16:05:39Z,2026-09-15T22:41:33Z
148,0,124762681,5585187,35.5,6000,,2026-09-11T10:31:38Z,2026-09-15T22:41:33Z
148,0,124678463,5790715,36.25,2,,2026-09-09T19:13:50Z,2026-09-15T22:41:33Z
148,0,124729836,5790715,37.5,50,,2026-09-10T18:34:39Z,2026-09-15T22:41:33Z
148,0,124796568,5758824,38.0,1,,2026-09-12T02:07:25Z,2026-09-15T22:41:33Z
148,1,124987806,5193783,35.5,1000,,2026-09-15T17:19:31Z,2026-09-15T22:41:33Z
148,1,124620309,5654104,35.75,2000,,2026-09-08T16:42:40Z,2026-09-15T22:41:33Z
148,1,124632116,5759913,36.75,7,,2026-09-08T21:26:48Z,2026-09-15T22:41:33Z
148,2,124912015,4352113,36.25,18386,,2026-09-14T08:04:57Z,2026-09-15T22:41:33Z
148,3,124949210,669165,36.25,400,,2026-09-14T23:25:25Z,2026-09-15T22:41:33Z
148,3,124712880,4334770,36.5,27530,,2026-09-10T11:46:21Z,2026-09-15T22:41:33Z
148,3,124722407,5294201,36.5,1600,,2026-09-10T15:30:06Z,2026-09-15T22:41:33Z
148,3,124770372,1535818,42.0,97623,,2026-09-11T13:47:26Z,2026-09-15T22:41:33Z
148,4,124866195,4265970,37.0,100,,2026-09-13T11:38:29Z,2026-09-15T22:41:33Z
148,4,124866189,4265970,37.25,100,,2026-09-13T11:38:26Z,2026-09-15T22:41:33Z
148,4,124866186,4265970,37.5,100,,2026-09-13T11:38:22Z,2026-09-15T22:41:33Z
148,4,124866184,4265970,37.75,100,,2026-09-13T11:38:18Z,2026-09-15T22:41:33Z
148,4,124866172,4265970,38.0,100,,2026-09-13T11:38:02Z,2026-09-15T22:41:33Z
148,4,124866168,4265970,38.25,100,,2026-09-13T11:37:58Z,2026-09-15T22:41:33Z
148,4,124866165,4265970,38.5,100,,2026-09-13T11:37:54Z,2026-09-15T22:41:33Z
148,4,124866163,4265970,38.75,100,,2026-09-13T11:37:50Z,2026-09-15T22:41:33Z
148,4,124866161,4265970,39.0,100,,2026-09-13T11:37:47Z,2026-09-15T22:41:33Z
148,4,124866157,4265970,39.25,100,,2026-09-13T11:37:43Z,2026-09-15T22:41:33Z
148,4,124866154,4265970,39.5,100,,2026-09-13T11:37:39Z,2026-09-15T22:41:33Z
148,4,124866153,4265970,39.75,100,,2026-09-13T11:37:35Z,2026-09-15T22:41:33Z
148,4,124939694,681555,39.75,1000,,2026-09-14T19:12:52Z,2026-09-15T22:41:33Z
148,4,124818825,4405527,40.0,99999,,2026-09-12T12:55:39Z,2026-09-15T22:41:33Z
148,4,124834343,3555521,41.0,48923,,2026-09-12T19:33:46Z,2026-09-15T22:41:33Z
148,4,124818828,4405527,42.0,100000,,2026-09-12T12:55:45Z,2026-09-15T22:41:33Z
148,4,124818818,4405527,44.0,66218,,2026-09-12T12:55:27Z,2026-09-15T22:41:33Z
148,4,124777109,3168813,45.5,3000,,2026-09-11T16:25:09Z,2026-09-15T22:41:33Z
148,5,124869739,3922464,45.5,33087,,2026-09-13T13:03:05Z,2026-09-15T22:41:33Z
148,5,124810882,4380934,52.0,100000,,2026-09-12T09:12:58Z,2026-09-15T22:41:33Z
148,5,124837295,4441381,58.5,10000,,2026-09-12T20:50:16Z,2026-09-15T22:41:33Z
148,6,124803688,3922464,53.0,72,,2026-09-12T06:04:05Z,2026-09-15T22:41:33Z
148,10,124689946,3305299,59.0,9878,,2026-09-10T00:48:33Z,2026-09-15T22:41:33Z
149,0,124998579,5761622,775.0,6,,2026-09-15T21:26:39Z,2026-09-15T22:41:35Z
149,0,124998357,5634766,780.0,3,,2026-09-15T21:20:01Z,2026-09-15T22:41:35Z
149,0,124993953,5634766,785.0,15,,2026-09-15T19:35:37Z,2026-09-15T22:41:35Z
149,0,124993278,5761622,790.0,6,,2026-09-15T19:19:51Z,2026-09-15T22:41:35Z
149,0,124991637,5761622,795.0,34,,2026-09-15T18:44:40Z,2026-09-15T22:41:35Z
149,0,124990764,5181496,800.0,10,,2026-09-15T18:26:38Z,2026-09-15T22:41:35Z
149,0,124977896,4619600,805.0,10,,2026-09-15T13:24:33Z,2026-09-15T22:41:35Z
149,0,124977236,5761622,810.0,14,,2026-09-15T13:10:33Z,2026-09-15T22:41:35Z
149,0,124974909,5181496,815.0,95,,2026-09-15T12:09:42Z,2026-09-15T22:41:35Z
149,0,124985121,5629686,815.0,51,,2026-09-15T16:16:00Z,2026-09-15T22:41:35Z
149,0,124973788,5761622,820.0,24,,2026-09-15T11:40:58Z,2026-09-15T22:41:35Z
149,0,124973845,5781210,820.0,27,,2026-09-15T11:43:03Z,2026-09-15T22:41:35Z
149,0,124979298,5293861,820.0,50,,2026-09-15T13:57:39Z,2026-09-15T22:41:35Z
149,0,124973515,5690432,825.0,9,,2026-09-15T11:34:24Z,2026-09-15T22:41:35Z
149,0,124968608,5761622,830.0,15,,2026-09-15T09:19:58Z,2026-09-15T22:41:35Z
149,0,124968269,5629686,835.0,85,,2026-09-15T09:10:30Z,2026-09-15T22:41:35Z
149,0,124968210,5181496,840.0,100,,2026-09-15T09:08:40Z,2026-09-15T22:41:35Z
149,0,124962622,5425365,845.0,54,,2026-09-15T06:22:19Z,2026-09-15T22:41:35Z
149,0,124961738,5761622,850.0,6,,2026-09-15T05:57:33Z,2026-09-15T22:41:35Z
149,0,124960175,5761622,855.0,14,,2026-09-15T05:15:15Z,2026-09-15T22:41:35Z
149,0,124950576,5781210,860.0,22,,2026-09-15T00:17:05Z,2026-09-15T22:41:35Z
149,0,124949702,5761622,865.0,12,,2026-09-14T23:43:11Z,2026-09-15T22:41:35Z
149,0,124658507,5181496,870.0,47,,2026-09-09T11:08:25Z,2026-09-15T22:41:35Z
149,0,124655506,5761622,875.0,24,,2026-09-09T09:44:47Z,2026-09-15T22:41:35Z
149,0,124647267,5181496,880.0,125,,2026-09-09T05:42:05Z,2026-09-15T22:41:35Z
149,0,124631105,5787097,915.0,20,,2026-09-08T20:57:03Z,2026-09-15T22:41:35Z
149,0,124626143,1289056,920.0,6,,2026-09-08T19:02:00Z,2026-09-15T22:41:35Z
149,0,124626175,5761622,920.0,2,,2026-09-08T19:02:23Z,2026-09-15T22:41:35Z
149,0,124624091,5761622,925.0,6,,2026-09-08T18:15:49Z,2026-09-15T22:41:35Z
149,0,124623836,5181496,930.0,50,,2026-09-08T18:09:07Z,2026-09-15T22:41:35Z
149,1,124843761,3072780,870.0,10,,2026-09-13T00:14:44Z,2026-09-15T22:41:35Z
149,1,124765411,5406241,885.0,10,,2026-09-11T11:40:18Z,2026-09-15T22:41:35Z
149,1,124633488,5522869,895.0,187,,2026-09-08T22:06:31Z,2026-09-15T22:41:35Z
149,2,124988220,5766952,890.0,27,,2026-09-15T17:29:21Z,2026-09-15T22:41:35Z
149,2,124974006,5766952,930.0,55,,2026-09-15T11:47:19Z,2026-09-15T22:41:35Z
149,2,124759166,4352113,960.0,14,,2026-09-11T08:57:17Z,2026-09-15T22:41:35Z
149,2,124719815,904001,1010.0,1280,,2026-09-10T14:26:41Z,2026-09-15T22:41:35Z
149,3,124992604,3851074,880.0,63,,2026-09-15T19:05:23Z,2026-09-15T22:41:35Z
149,3,124992521,983040,885.0,66,,2026-09-15T19:03:32Z,2026-09-15T22:41:35Z
149,3,124982039,3851074,930.0,203,,2026-09-15T15:05:21Z,2026-09-15T22:41:35Z
149,3,124952791,216318,935.0,253,,2026-09-15T01:31:17Z,2026-09-15T22:41:35Z
149,3,124879185,3851074,940.0,430,,2026-09-14T01:10:59Z,2026-09-15T22:41:35Z
149,3,124819901,5328195,945.0,972,,2026-09-12T13:24:54Z,2026-09-15T22:41:35Z
149,3,124798862,5328195,950.0,635,,2026-09-12T03:28:44Z,2026-09-15T22:41:35Z
149,3,124749005,5328195,970.0,190,,2026-09-11T04:11:02Z,2026-09-15T22:41:35Z
149,3,124650189,4997984,975.0,949,,2026-09-09T07:02:41Z,2026-09-15T22:41:35Z
149,3,124694012,1363742,1080.0,1828,,2026-09-10T03:12:41Z,2026-09-15T22:41:35Z
149,4,124985266,4097907,895.0,270,,2026-09-15T16:19:17Z,2026-09-15T22:41:35Z
149,4,124983988,4121349,900.0,1100,,2026-09-15T15:49:36Z,2026-09-15T22:41:35Z
149,4,124933183,4753096,940.0,500,,2026-09-14T16:46:31Z,2026-09-15T22:41:35Z
149,4,124964322,1741695,940.0,100,,2026-09-15T07:11:01Z,2026-09-15T22:41:35Z
149,4,124911659,4097907,945.0,400,,2026-09-14T07:52:35Z,2026-09-15T22:41:35Z
149,4,124964334,1741695,945.0,100,,2026-09-15T07:11:12Z,2026-09-15T22:41:35Z
149,4,124802234,4753096,950.0,410,,2026-09-12T05:24:09Z,2026-09-15T22:41:35Z
149,4,124838678,3978623,950.0,1500,,2026-09-12T21:26:26Z,2026-09-15T22:41:35Z
149,4,124964346,1741695,950.0,100,,2026-09-15T07:11:22Z,2026-09-15T22:41:35Z
149,4,124777847,4753096,960.0,500,,2026-09-11T16:42:52Z,2026-09-15T22:41:35Z
149,4,124761045,4753096,985.0,485,,2026-09-11T09:50:04Z,2026-09-15T22:41:35Z
149,4,124764078,1741695,985.0,50,,2026-09-11T11:08:24Z,2026-09-15T22:41:35Z
149,4,124701399,383752,990.0,360,,2026-09-10T06:31:16Z,2026-09-15T22:41:35Z
149,4,124759888,1741695,990.0,50,,2026-09-11T09:17:51Z,2026-09-15T22:41:35Z
149,4,124761055,4753096,990.0,500,,2026-09-11T09:50:14Z,2026-09-15T22:41:35Z
149,4,124727968,1741695,995.0,500,,2026-09-10T17:51:01Z,2026-09-15T22:41:35Z
149,4,124718410,3978623,1020.0,2000,,2026-09-10T13:55:57Z,2026-09-15T22:41:35Z
149,4,124694024,1363742,1150.0,578,,2026-09-10T03:12:55Z,2026-09-15T22:41:35Z
149,5,124972601,5347952,945.0,256,,2026-09-15T11:10:23Z,2026-09-15T22:41:35Z
149,5,124961052,247160,950.0,810,,2026-09-15T05:38:16Z,2026-09-15T22:41:35Z
149,5,124945629,5354063,995.0,992,,2026-09-14T21:34:05Z,2026-09-15T22:41:35Z
149,5,124811639,4873310,1000.0,1000,,2026-09-12T09:35:18Z,2026-09-15T22:41:35Z
149,5,124919015,3976637,1020.0,1300,,2026-09-14T11:17:57Z,2026-09-15T22:41:35Z
149,5,124707435,247160,1030.0,585,,2026-09-10T09:16:47Z,2026-09-15T22:41:35Z
149,7,124963479,4475386,1090.0,119,,2026-09-15T06:46:28Z,2026-09-15T22:41:35Z
149,8,124824793,3557813,1100.0,175,,2026-09-12T15:28:03Z,2026-09-15T22:41:35Z
149,8,124849739,4605942,1100.0,1400,,2026-09-13T03:59:31Z,2026-09-15T22:41:35Z
149,8,124763779,3017848,1110.0,2277,,2026-09-11T11:00:31Z,2026-09-15T22:41:35Z
149,8,124737486,3557813,1120.0,1834,,2026-09-10T21:36:27Z,2026-09-15T22:41:35Z
149,8,124732064,5039494,1150.0,1930,,2026-09-10T19:26:28Z,2026-09-15T22:41:35Z
149,8,124712904,3239870,1350.0,10000,,2026-09-10T11:46:51Z,2026-09-15T22:41:35Z
149,8,124912847,5201438,1420.0,7166,,2026-09-14T08:29:19Z,2026-09-15T22:41:35Z
149,11,124809902,383752,1700.0,71,,2026-09-12T08:45:11Z,2026-09-15T22:41:35Z
149,11,124968602,383752,1750.0,60,,2026-09-15T09:19:49Z,2026-09-15T22:41:35Z
150,0,124996224,5797820,370.0,40,,2026-09-15T20:26:42Z,2026-09-15T22:44:44Z
150,0,124994652,5760621,372.0,66,,2026-09-15T19:51:53Z,2026-09-15T22:44:44Z
150,0,124997120,5407036,372.0,2,,2026-09-15T20:48:17Z,2026-09-15T22:44:44Z
150,0,124992745,5144510,374.0,144,,2026-09-15T19:07:57Z,2026-09-15T22:44:44Z
150,0,124991888,5796986,376.0,1,,2026-09-15T18:49:36Z,2026-09-15T22:44:44Z
150,0,124990450,4178393,378.0,110,,2026-09-15T18:19:14Z,2026-09-15T22:44:44Z
150,0,124991164,5048824,378.0,9,,2026-09-15T18:34:28Z,2026-09-15T22:44:44Z
150,0,124909073,2575474,380.0,224,,2026-09-14T06:40:01Z,2026-09-15T22:44:44Z
150,0,124904460,5805629,382.0,81,,2026-09-14T04:39:08Z,2026-09-15T22:44:44Z
150,0,124903645,2891106,384.0,20,,2026-09-14T04:17:46Z,2026-09-15T22:44:44Z
150,0,124789551,4128817,386.0,374,,2026-09-11T21:51:12Z,2026-09-15T22:44:44Z
150,0,124804565,1974815,388.0,56,,2026-09-12T06:25:34Z,2026-09-15T22:44:44Z
150,0,124740292,4708404,390.0,200,,2026-09-10T23:02:41Z,2026-09-15T22:44:44Z
150,0,124747110,5576104,392.0,781,,2026-09-11T03:09:51Z,2026-09-15T22:44:44Z
150,0,124737817,3922464,394.0,5969,,2026-09-10T21:45:43Z,2026-09-15T22:44:44Z
150,0,124736179,5762067,396.0,1,,2026-09-10T21:03:19Z,2026-09-15T22:44:44Z
150,0,124965232,5834977,400.0,1,,2026-09-15T07:37:14Z,2026-09-15T22:44:44Z
150,0,124932810,5699112,424.0,389,,2026-09-14T16:38:38Z,2026-09-15T22:44:44Z
150,0,124734179,5802045,426.0,2,,2026-09-10T20:17:46Z,2026-09-15T22:44:44Z
150,0,123793684,5699127,430.0,3487,,2026-09-04T05:07:52Z,2026-09-15T22:44:44Z
150,0,123948712,5612120,432.0,3626,,2026-09-03T01:00:51Z,2026-09-15T22:44:44Z
150,0,124354686,5612186,434.0,4121,,2026-09-03T11:55:55Z,2026-09-15T22:44:44Z
150,1,124998982,4606919,725.0,10,,2026-09-15T21:37:56Z,2026-09-15T22:44:44Z
150,1,124996880,983040,730.0,13,,2026-09-15T20:41:47Z,2026-09-15T22:44:44Z
150,1,124992958,5805629,740.0,45,,2026-09-15T19:12:36Z,2026-09-15T22:44:44Z
150,1,124990095,983040,745.0,13,,2026-09-15T18:10:16Z,2026-09-15T22:44:44Z
150,1,124852542,5377779,755.0,1,,2026-09-13T05:26:25Z,2026-09-15T22:44:44Z
150,1,124846876,4696796,760.0,1,,2026-09-13T02:11:31Z,2026-09-15T22:44:44Z
150,1,124830798,5692409,765.0,1,,2026-09-12T18:02:43Z,2026-09-15T22:44:44Z
150,1,124832791,5061590,765.0,2,,2026-09-12T18:54:51Z,2026-09-15T22:44:44Z
150,1,124816912,4891262,770.0,21,,2026-09-12T12:03:57Z,2026-09-15T22:44:44Z
150,1,124812962,5040839,775.0,50,,2026-09-12T10:12:44Z,2026-09-15T22:44:44Z
150,1,124808736,2706397,780.0,4,,2026-09-12T08:12:11Z,2026-09-15T22:44:44Z
150,1,124803828,5760621,790.0,63,,2026-09-12T06:07:53Z,2026-09-15T22:44:44Z
150,1,124781606,5079412,800.0,5,,2026-09-11T18:20:58Z,2026-09-15T22:44:44Z
150,1,124804504,433630,820.0,12,,2026-09-12T06:24:06Z,2026-09-15T22:44:44Z
150,1,124770382,5809721,825.0,1,,2026-09-11T13:47:36Z,2026-09-15T22:44:44Z
150,1,124778764,5191183,825.0,30,,2026-09-11T17:06:57Z,2026-09-15T22:44:44Z
150,1,124767199,5682867,830.0,73,,2026-09-11T12:26:53Z,2026-09-15T22:44:44Z
150,1,124764200,4178393,835.0,110,,2026-09-11T11:11:07Z,2026-09-15T22:44:44Z
150,1,124741022,5702366,855.0,6,,2026-09-10T23:28:52Z,2026-09-15T22:44:44Z
150,1,124756450,433630,855.0,12,,2026-09-11T07:35:10Z,2026-09-15T22:44:44Z
150,1,124734478,5768810,865.0,1,,2026-09-10T20:24:41Z,2026-09-15T22:44:44Z
150,1,124732580,4389831,885.0,10,,2026-09-10T19:38:40Z,2026-09-15T22:44:44Z
150,1,124731800,5766136,890.0,4,,2026-09-10T19:20:05Z,2026-09-15T22:44:44Z
150,1,124731751,5766136,895.0,4,,2026-09-10T19:19:06Z,2026-09-15T22:44:44Z
150,1,124729229,5814682,900.0,2,,2026-09-10T18:20:56Z,2026-09-15T22:44:44Z
150,1,124728142,2004200,905.0,2,,2026-09-10T17:54:57Z,2026-09-15T22:44:44Z
150,2,124982757,5050259,1690.0,2,,2026-09-15T15:21:33Z,2026-09-15T22:44:44Z
150,2,124982000,5445326,1700.0,5,,2026-09-15T15:04:24Z,2026-09-15T22:44:44Z
150,2,124968511,5834977,1800.0,1,,2026-09-15T09:17:28Z,2026-09-15T22:44:44Z
150,2,124969037,3168813,1800.0,20,,2026-09-15T09:33:05Z,2026-09-15T22:44:44Z
150,2,124959154,1616329,1810.0,10,,2026-09-15T04:50:24Z,2026-09-15T22:44:44Z
150,2,124955773,4584767,1820.0,13,,2026-09-15T03:14:06Z,2026-09-15T22:44:44Z
150,2,124946168,1616329,1830.0,14,,2026-09-14T21:48:19Z,2026-09-15T22:44:44Z
150,2,124939209,3892736,1850.0,36584,,2026-09-14T19:03:01Z,2026-09-15T22:44:44Z
150,3,124999432,4407469,2680.0,3,,2026-09-15T21:50:39Z,2026-09-15T22:44:44Z
150,3,124996809,2534000,2690.0,98,,2026-09-15T20:40:15Z,2026-09-15T22:44:44Z
150,3,124989990,5543518,2700.0,10,,2026-09-15T18:07:37Z,2026-09-15T22:44:44Z
150,3,124939922,5778807,2990.0,74,,2026-09-14T19:17:57Z,2026-09-15T22:44:44Z
150,3,124873648,4493487,3000.0,27,,2026-09-13T14:35:43Z,2026-09-15T22:44:44Z
150,3,124796952,5522594,3170.0,20,,2026-09-12T02:21:52Z,2026-09-15T22:44:44Z
150,3,124792254,5778807,3180.0,32,,2026-09-11T23:22:40Z,2026-09-15T22:44:44Z
150,3,124780185,4772661,3190.0,399,,2026-09-11T17:43:02Z,2026-09-15T22:44:44Z
150,3,124774383,2937682,3200.0,138,,2026-09-11T15:24:57Z,2026-09-15T22:44:44Z
150,4,124993098,2881378,4560.0,16,,2026-09-15T19:15:20Z,2026-09-15T22:44:44Z
150,4,124982781,5827147,4570.0,3,,2026-09-15T15:22:02Z,2026-09-15T22:44:44Z
150,4,124982752,5050259,4580.0,2,,2026-09-15T15:21:27Z,2026-09-15T22:44:44Z
150,4,124980910,3802877,4590.0,37,,2026-09-15T14:37:44Z,2026-09-15T22:44:44Z
150,4,124972086,4696517,4600.0,8,,2026-09-15T10:56:14Z,2026-09-15T22:44:44Z
150,4,124995996,4972961,4600.0,16,,2026-09-15T20:20:33Z,2026-09-15T22:44:44Z
150,4,124960959,5284085,4610.0,3,,2026-09-15T05:36:22Z,2026-09-15T22:44:44Z
150,4,124955766,4584767,4620.0,90,,2026-09-15T03:13:56Z,2026-09-15T22:44:44Z
150,4,124954129,4436004,4630.0,28,,2026-09-15T02:15:03Z,2026-09-15T22:44:44Z
150,4,124941069,5445326,4640.0,5,,2026-09-14T19:42:28Z,2026-09-15T22:44:44Z
150,4,124940112,2445465,4650.0,18,,2026-09-14T19:21:40Z,2026-09-15T22:44:44Z
150,4,124929981,4646760,4660.0,9,,2026-09-14T15:35:23Z,2026-09-15T22:44:44Z
150,4,124912225,4696517,4670.0,8,,2026-09-14T08:10:45Z,2026-09-15T22:44:44Z
150,4,124911663,5788508,4680.0,1,,2026-09-14T07:52:45Z,2026-09-15T22:44:44Z
150,4,124831142,1470469,4690.0,1000,,2026-09-12T18:12:39Z,2026-09-15T22:44:44Z
150,4,124826244,5744546,4700.0,3,,2026-09-12T16:06:35Z,2026-09-15T22:44:44Z
150,4,124808729,2706397,4730.0,4,,2026-09-12T08:11:48Z,2026-09-15T22:44:44Z
150,4,124807191,1775330,4740.0,9,,2026-09-12T07:30:28Z,2026-09-15T22:44:44Z
150,4,124789526,3802877,4760.0,21,,2026-09-11T21:50:10Z,2026-09-15T22:44:44Z
150,4,124797758,5435178,4760.0,8,,2026-09-12T02:51:34Z,2026-09-15T22:44:44Z
150,4,124787842,4696517,4770.0,8,,2026-09-11T21:01:33Z,2026-09-15T22:44:44Z
150,4,124780968,2937682,4780.0,215,,2026-09-11T18:04:13Z,2026-09-15T22:44:44Z
150,4,124766709,5650120,4790.0,4,,2026-09-11T12:14:33Z,2026-09-15T22:44:44Z
150,4,124757420,3802877,4800.0,16,,2026-09-11T08:06:25Z,2026-09-15T22:44:44Z
150,4,124719519,3476365,4810.0,15,,2026-09-10T14:20:56Z,2026-09-15T22:44:44Z
150,4,124657663,4696517,4840.0,16,,2026-09-09T10:46:12Z,2026-09-15T22:44:44Z
150,4,124654616,3802877,4850.0,21,,2026-09-09T09:17:18Z,2026-09-15T22:44:44Z
150,4,124654045,433630,4930.0,24,,2026-09-09T09:00:01Z,2026-09-15T22:44:44Z
150,4,124628914,4436004,4960.0,28,,2026-09-08T20:03:06Z,2026-09-15T22:44:44Z
150,4,124627788,5465640,4970.0,12,,2026-09-08T19:37:44Z,2026-09-15T22:44:44Z
150,4,124626061,1289056,4980.0,4,,2026-09-08T18:59:55Z,2026-09-15T22:44:44Z
150,4,124609472,3922464,5850.0,800,,2026-09-08T12:19:24Z,2026-09-15T22:44:44Z
150,5,124982009,5445326,8400.0,5,,2026-09-15T15:04:36Z,2026-09-15T22:44:44Z
150,5,124927672,3476365,8450.0,15,,2026-09-14T14:44:31Z,2026-09-15T22:44:44Z
150,5,124894910,1470469,8475.0,1000,,2026-09-13T23:28:41Z,2026-09-15T22:44:44Z
150,5,124830782,4405905,8500.0,200,,2026-09-12T18:02:22Z,2026-09-15T22:44:44Z
150,5,124937932,5050259,8675.0,2,,2026-09-14T18:34:43Z,2026-09-15T22:44:44Z
150,5,124821184,5156767,8750.0,8,,2026-09-12T13:53:44Z,2026-09-15T22:44:44Z
150,5,124804157,5751678,8775.0,1,,2026-09-12T06:14:55Z,2026-09-15T22:44:44Z
150,5,124737385,5271358,8800.0,5,,2026-09-10T21:34:29Z,2026-09-15T22:44:44Z
150,5,124761296,4772661,9500.0,525,,2026-09-11T09:55:43Z,2026-09-15T22:44:44Z
150,5,124724808,1470469,9950.0,500,,2026-09-10T16:27:03Z,2026-09-15T22:44:44Z
150,5,124716818,5537001,9975.0,1,,2026-09-10T13:19:11Z,2026-09-15T22:44:44Z
150,5,124716662,5343673,10000.0,7,,2026-09-10T13:16:01Z,2026-09-15T22:44:44Z
150,6,124999533,4764629,16000.0,10,,2026-09-15T21:53:06Z,2026-09-15T22:44:44Z
150,6,124992092,3437067,17400.0,3,,2026-09-15T18:54:20Z,2026-09-15T22:44:44Z
150,6,124988073,5217369,17500.0,1,,2026-09-15T17:26:15Z,2026-09-15T22:44:44Z
150,6,124988069,5217369,17600.0,1,,2026-09-15T17:26:10Z,2026-09-15T22:44:44Z
150,6,124988063,5217369,17700.0,1,,2026-09-15T17:26:07Z,2026-09-15T22:44:44Z
150,6,124988061,5217369,17800.0,1,,2026-09-15T17:26:04Z,2026-09-15T22:44:44Z
150,6,124988056,5217369,17900.0,1,,2026-09-15T17:25:58Z,2026-09-15T22:44:44Z
150,6,124988053,5217369,18000.0,1,,2026-09-15T17:25:55Z,2026-09-15T22:44:44Z
150,6,124997105,2852611,18000.0,6,,2026-09-15T20:47:49Z,2026-09-15T22:44:44Z
150,6,124936802,5115683,18100.0,98,,2026-09-14T18:10:56Z,2026-09-15T22:44:44Z
150,6,124909833,4739816,18200.0,81,,2026-09-14T07:01:50Z,2026-09-15T22:44:44Z
150,6,124921051,3373226,18200.0,11,,2026-09-14T12:07:30Z,2026-09-15T22:44:44Z
150,6,124909101,3096376,18300.0,7,,2026-09-14T06:40:49Z,2026-09-15T22:44:44Z
150,6,124831126,1470469,18400.0,969,,2026-09-12T18:12:19Z,2026-09-15T22:44:44Z
150,6,124830340,5132034,18500.0,20,,2026-09-12T17:50:11Z,2026-09-15T22:44:44Z
150,6,124827607,2937682,18600.0,107,,2026-09-12T16:40:04Z,2026-09-15T22:44:44Z
150,7,124993243,3766919,30000.0,31,,2026-09-15T19:19:05Z,2026-09-15T22:44:44Z
150,7,124988062,1250655,30500.0,10,,2026-09-15T17:26:07Z,2026-09-15T22:44:44Z
150,7,124986106,3814239,31000.0,80,,2026-09-15T16:39:28Z,2026-09-15T22:44:44Z
150,7,124982168,5267508,31500.0,45,,2026-09-15T15:08:07Z,2026-09-15T22:44:44Z
150,7,124981389,5169463,32500.0,43,,2026-09-15T14:49:31Z,2026-09-15T22:44:44Z
150,7,124700323,4772661,33000.0,70,,2026-09-10T06:01:17Z,2026-09-15T22:44:44Z
150,7,124678164,4772661,34000.0,100,,2026-09-09T19:07:49Z,2026-09-15T22:44:44Z
150,7,124642420,873571,35000.0,2,,2026-09-09T03:22:03Z,2026-09-15T22:44:44Z
150,7,124761259,4772661,35000.0,69,,2026-09-11T09:54:58Z,2026-09-15T22:44:44Z
150,7,124607098,5673990,36500.0,6,,2026-09-08T11:12:22Z,2026-09-15T22:44:44Z
150,8,124978049,3673123,72000.0,210,,2026-09-15T13:28:34Z,2026-09-15T22:44:44Z
150,8,124975639,4914273,73000.0,45,,2026-09-15T12:29:45Z,2026-09-15T22:44:44Z
150,8,124797815,5075039,73500.0,1,,2026-09-12T02:54:03Z,2026-09-15T22:44:44Z
150,8,124760247,339959,74000.0,10,,2026-09-11T09:27:40Z,2026-09-15T22:44:44Z
150,8,124748854,5054625,74500.0,1,,2026-09-11T04:06:02Z,2026-09-15T22:44:44Z
150,8,124756477,433630,74500.0,2,,2026-09-11T07:36:14Z,2026-09-15T22:44:44Z
150,8,124684885,4772661,75000.0,100,,2026-09-09T21:51:49Z,2026-09-15T22:44:44Z
150,8,124748965,5673990,78500.0,9,,2026-09-11T04:09:19Z,2026-09-15T22:44:44Z
150,8,124761245,4772661,80000.0,45,,2026-09-11T09:54:39Z,2026-09-15T22:44:44Z
150,9,124972848,4354759,154000.0,1,,2026-09-15T11:16:43Z,2026-09-15T22:44:44Z
150,9,124941827,4826664,154500.0,3,,2026-09-14T19:59:27Z,2026-09-15T22:44:44Z
150,9,124933683,1250655,155000.0,10,,2026-09-14T16:57:40Z,2026-09-15T22:44:44Z
150,9,124997117,2852611,162000.0,6,,2026-09-15T20:48:15Z,2026-09-15T22:44:44Z
150,9,124932205,1573337,162500.0,10,,2026-09-14T16:25:32Z,2026-09-15T22:44:44Z
150,9,124912690,5292189,163000.0,5,,2026-09-14T08:24:59Z,2026-09-15T22:44:44Z
150,9,124912135,4354759,163500.0,10,,2026-09-14T08:08:18Z,2026-09-15T22:44:44Z
150,9,124912130,4354759,164000.0,2,,2026-09-14T08:08:07Z,2026-09-15T22:44:44Z
150,9,124850265,5291666,164500.0,13,,2026-09-13T04:15:13Z,2026-09-15T22:44:44Z
150,9,124811073,5206961,165000.0,5,,2026-09-12T09:18:30Z,2026-09-15T22:44:44Z
150,9,124723012,4790454,168500.0,3,,2026-09-10T15:44:07Z,2026-09-15T22:44:44Z
150,9,124756495,433630,168500.0,3,,2026-09-11T07:36:38Z,2026-09-15T22:44:44Z
150,9,124700292,4772661,169000.0,50,,2026-09-10T06:00:25Z,2026-09-15T22:44:44Z
150,9,124689068,3641188,169500.0,11,,2026-09-10T00:15:10Z,2026-09-15T22:44:44Z
150,9,124673536,4772661,170000.0,50,,2026-09-09T17:15:12Z,2026-09-15T22:44:44Z
150,9,124663271,5707906,173500.0,5,,2026-09-09T13:10:03Z,2026-09-15T22:44:44Z
150,9,124654072,433630,174500.0,1,,2026-09-09T09:00:40Z,2026-09-15T22:44:44Z
150,9,124684862,4772661,174500.0,100,,2026-09-09T21:51:24Z,2026-09-15T22:44:44Z
150,9,124761234,4772661,180000.0,154,,2026-09-11T09:54:21Z,2026-09-15T22:44:44Z
150,10,124994562,4944660,331500.0,2,,2026-09-15T19:48:49Z,2026-09-15T22:44:44Z
150,10,124994052,4944660,332000.0,1,,2026-09-15T19:37:10Z,2026-09-15T22:44:44Z
150,10,124994042,4944660,340000.0,1,,2026-09-15T19:36:59Z,2026-09-15T22:44:44Z
150,10,124981821,4944660,345000.0,1,,2026-09-15T15:00:02Z,2026-09-15T22:44:44Z
150,10,124959599,4951644,346500.0,5,,2026-09-15T05:02:21Z,2026-09-15T22:44:44Z
150,10,124947891,3641188,347000.0,20,,2026-09-14T22:42:49Z,2026-09-15T22:44:44Z
150,10,124932173,1573337,347500.0,11,,2026-09-14T16:24:48Z,2026-09-15T22:44:44Z
150,10,124913337,4951644,348000.0,5,,2026-09-14T08:43:48Z,2026-09-15T22:44:44Z
150,10,124891405,3641188,348500.0,4,,2026-09-13T21:33:55Z,2026-09-15T22:44:44Z
150,10,124867278,4944660,349000.0,5,,2026-09-13T12:03:36Z,2026-09-15T22:44:44Z
150,10,124777974,3641188,383000.0,10,,2026-09-11T16:45:49Z,2026-09-15T22:44:44Z
150,10,124748935,2937682,383500.0,3,,2026-09-11T04:08:24Z,2026-09-15T22:44:44Z
150,10,124756508,433630,383500.0,4,,2026-09-11T07:37:01Z,2026-09-15T22:44:44Z
150,10,124737319,3641188,384500.0,10,,2026-09-10T21:32:52Z,2026-09-15T22:44:44Z
150,10,124733079,4128817,385000.0,1,,2026-09-10T19:51:20Z,2026-09-15T22:44:44Z
150,10,124700275,4772661,394500.0,6,,2026-09-10T06:00:10Z,2026-09-15T22:44:44Z
150,10,124692151,1573337,395000.0,10,,2026-09-10T02:08:41Z,2026-09-15T22:44:44Z
150,10,124689055,3641188,395500.0,10,,2026-09-10T00:14:56Z,2026-09-15T22:44:44Z
150,10,124677647,4772661,396000.0,10,,2026-09-09T18:56:38Z,2026-09-15T22:44:44Z
150,10,124673446,4772661,398000.0,50,,2026-09-09T17:13:06Z,2026-09-15T22:44:44Z
150,10,124684748,4772661,450000.0,50,,2026-09-09T21:48:06Z,2026-09-15T22:44:44Z
150,10,124660751,4238439,498000.0,1,,2026-09-09T12:08:00Z,2026-09-15T22:44:44Z
150,10,124654076,433630,498500.0,1,,2026-09-09T09:00:49Z,2026-09-15T22:44:44Z
150,10,124646688,5053971,499000.0,3,,2026-09-09T05:27:58Z,2026-09-15T22:44:44Z
150,10,124639678,910264,500000.0,24,,2026-09-09T01:44:52Z,2026-09-15T22:44:44Z
150,11,124932110,1573337,620500.0,5,,2026-09-14T16:23:56Z,2026-09-15T22:44:44Z
150,11,124784440,3641188,621000.0,9,,2026-09-11T19:33:25Z,2026-09-15T22:44:44Z
150,11,124780985,2937682,621500.0,6,,2026-09-11T18:04:35Z,2026-09-15T22:44:44Z
150,11,124689048,3641188,622000.0,10,,2026-09-10T00:14:43Z,2026-09-15T22:44:44Z
150,11,124678294,4772661,622500.0,50,,2026-09-09T19:10:34Z,2026-09-15T22:44:44Z
150,11,124684739,4772661,635000.0,20,,2026-09-09T21:47:48Z,2026-09-15T22:44:44Z
150,11,124684806,4772661,645000.0,14,,2026-09-09T21:49:46Z,2026-09-15T22:44:44Z
150,11,124684813,4772661,655000.0,14,,2026-09-09T21:49:58Z,2026-09-15T22:44:44Z
150,11,124684820,4772661,665000.0,12,,2026-09-09T21:50:13Z,2026-09-15T22:44:44Z
150,11,124684826,4772661,675000.0,12,,2026-09-09T21:50:21Z,2026-09-15T22:44:44Z
150,12,124929647,3421604,1299000.0,1,,2026-09-14T15:28:07Z,2026-09-15T22:44:44Z
150,12,124897604,3532678,1299500.0,1,,2026-09-14T01:04:27Z,2026-09-15T22:44:44Z
150,12,124653436,2575474,1349500.0,6,,2026-09-09T08:42:03Z,2026-09-15T22:44:44Z
150,12,124684725,4772661,1500000.0,20,,2026-09-09T21:47:20Z,2026-09-15T22:44:44Z
150,12,124761215,4772661,1650000.0,20,,2026-09-11T09:53:50Z,2026-09-15T22:44:44Z
150,12,124684778,4772661,1700000.0,13,,2026-09-09T21:49:02Z,2026-09-15T22:44:44Z
150,12,124684784,4772661,1800000.0,13,,2026-09-09T21:49:15Z,2026-09-15T22:44:44Z
150,12,124684787,4772661,1900000.0,13,,2026-09-09T21:49:25Z,2026-09-15T22:44:44Z
150,12,124863982,3365824,2222500.0,20,,2026-09-13T10:40:10Z,2026-09-15T22:44:44Z
150,12,124864017,3365824,2300500.0,10,,2026-09-13T10:41:00Z,2026-09-15T22:44:44Z
150,12,124864028,3365824,2350000.0,20,,2026-09-13T10:41:29Z,2026-09-15T22:44:44Z
150,12,124864039,3365824,2400000.0,20,,2026-09-13T10:42:24Z,2026-09-15T22:44:44Z
151,0,124990674,5181496,252.0,161,,2026-09-15T18:24:51Z,2026-09-15T22:41:34Z
151,0,124801526,4202252,254.0,112,,2026-09-12T05:04:42Z,2026-09-15T22:41:34Z
151,0,124783085,5181496,258.0,97,,2026-09-11T19:00:00Z,2026-09-15T22:41:34Z
151,0,124751593,5181496,266.0,217,,2026-09-11T05:22:32Z,2026-09-15T22:41:34Z
151,0,124747383,5761622,268.0,27,,2026-09-11T03:18:25Z,2026-09-15T22:41:34Z
151,0,124723000,5181496,290.0,210,,2026-09-10T15:43:58Z,2026-09-15T22:41:34Z
151,0,124713449,5181496,294.0,113,,2026-09-10T12:01:53Z,2026-09-15T22:41:34Z
151,0,124699774,5181496,298.0,126,,2026-09-10T05:48:27Z,2026-09-15T22:41:34Z
151,0,124765789,5760366,300.0,10,,2026-09-11T11:50:18Z,2026-09-15T22:41:34Z
151,0,124705912,5181496,310.0,119,,2026-09-10T08:30:30Z,2026-09-15T22:41:34Z
151,0,124668612,5181496,314.0,239,,2026-09-09T15:17:12Z,2026-09-15T22:41:34Z
151,0,124661108,4141352,316.0,153,,2026-09-09T12:17:12Z,2026-09-15T22:41:34Z
151,0,124658678,5181496,318.0,18,,2026-09-09T11:13:30Z,2026-09-15T22:41:34Z
151,0,124623740,5181496,322.0,130,,2026-09-08T18:06:44Z,2026-09-15T22:41:34Z
151,0,124620790,5761622,324.0,8,,2026-09-08T16:55:55Z,2026-09-15T22:41:34Z
151,0,124618106,5761622,326.0,3,,2026-09-08T15:49:37Z,2026-09-15T22:41:34Z
151,0,124611095,5181496,328.0,163,,2026-09-08T13:02:48Z,2026-09-15T22:41:34Z
151,0,124599689,5181496,332.0,174,,2026-09-08T07:36:27Z,2026-09-15T22:41:34Z
151,0,124571443,5181496,336.0,309,,2026-09-07T17:55:01Z,2026-09-15T22:41:34Z
151,0,124547324,5181496,356.0,691,,2026-09-07T07:38:03Z,2026-09-15T22:41:34Z
151,0,124723384,5812446,400.0,2,,2026-09-10T15:53:27Z,2026-09-15T22:41:34Z
151,0,124974818,5583072,460.0,1,,2026-09-15T12:07:28Z,2026-09-15T22:41:34Z
151,1,125000145,5101876,250.0,100,,2026-09-15T22:10:42Z,2026-09-15T22:41:34Z
151,1,124999883,5333101,356.0,3,,2026-09-15T22:03:44Z,2026-09-15T22:41:34Z
151,1,124680353,5053942,358.0,18,,2026-09-09T19:58:59Z,2026-09-15T22:41:34Z
151,1,124908532,4146457,358.0,1135,,2026-09-14T06:25:19Z,2026-09-15T22:41:34Z
151,2,124773972,5583724,430.0,265,,2026-09-11T15:16:41Z,2026-09-15T22:41:34Z
151,2,124699105,4025649,456.0,100,,2026-09-10T05:30:48Z,2026-09-15T22:41:34Z
151,2,124662423,3682478,458.0,3441,,2026-09-09T12:50:24Z,2026-09-15T22:41:34Z
151,3,124743797,4730584,466.0,50,,2026-09-11T01:08:15Z,2026-09-15T22:41:34Z
151,3,124662420,3682478,468.0,6679,,2026-09-09T12:50:19Z,2026-09-15T22:41:34Z
151,4,124620967,4998619,470.0,4,,2026-09-08T17:00:38Z,2026-09-15T22:41:34Z
151,4,124608074,4218997,472.0,5510,,2026-09-08T11:39:57Z,2026-09-15T22:41:34Z
151,7,124704632,3381104,1600.0,4,,2026-09-10T07:55:31Z,2026-09-15T22:41:34Z
151,8,124704623,3381104,1500.0,2,,2026-09-10T07:55:17Z,2026-09-15T22:41:34Z
151,9,124929150,4806484,700.0,43,,2026-09-14T15:18:34Z,2026-09-15T22:41:34Z
151,9,124713353,2482163,750.0,400,,2026-09-10T11:58:50Z,2026-09-15T22:41:34Z
151,9,124643857,2482163,1000.0,100,,2026-09-09T04:08:15Z,2026-09-15T22:41:34Z
151,9,124704558,3381104,2500.0,2,,2026-09-10T07:53:58Z,2026-09-15T22:41:34Z
151,10,124970248,5636421,785.0,1,,2026-09-15T10:06:27Z,2026-09-15T22:41:34Z
151,10,124994720,3381104,785.0,128,,2026-09-15T19:53:30Z,2026-09-15T22:41:34Z
151,10,124863907,3365824,790.0,484,,2026-09-13T10:38:12Z,2026-09-15T22:41:34Z
151,10,124685078,4730397,800.0,15,,2026-09-09T21:57:34Z,2026-09-15T22:41:34Z
151,10,124704533,3381104,1000.0,2,,2026-09-10T07:53:33Z,2026-09-15T22:41:34Z
152,0,124990689,5181496,222.0,176,,2026-09-15T18:25:21Z,2026-09-15T22:41:36Z
152,0,124956715,5762237,224.0,111,,2026-09-15T03:42:47Z,2026-09-15T22:41:36Z
152,0,124937039,5181496,226.0,295,,2026-09-14T18:15:44Z,2026-09-15T22:41:36Z
152,0,124901885,5736552,228.0,93,,2026-09-14T03:26:32Z,2026-09-15T22:41:36Z
152,0,124812342,5181496,230.0,311,,2026-09-12T09:54:14Z,2026-09-15T22:41:36Z
152,0,124803932,4855412,232.0,7,,2026-09-12T06:10:22Z,2026-09-15T22:41:36Z
152,0,124772788,5181496,238.0,355,,2026-09-11T14:49:33Z,2026-09-15T22:41:36Z
152,0,124599698,5181496,240.0,466,,2026-09-08T07:36:43Z,2026-09-15T22:41:36Z
152,0,124738620,5737028,280.0,33,,2026-09-10T22:10:46Z,2026-09-15T22:41:36Z
152,0,124971226,5583072,300.0,3,,2026-09-15T10:33:27Z,2026-09-15T22:41:36Z
152,0,124980105,5181496,356.0,189,,2026-09-15T14:18:12Z,2026-09-15T22:41:36Z
152,1,124900853,5739981,238.0,255,,2026-09-14T02:52:52Z,2026-09-15T22:41:36Z
152,1,124740695,4451759,240.0,400,,2026-09-10T23:15:52Z,2026-09-15T22:41:36Z
152,2,124809323,4884037,278.0,20,,2026-09-12T08:27:44Z,2026-09-15T22:41:36Z
152,3,124859074,5048636,358.0,989,,2026-09-13T08:20:43Z,2026-09-15T22:41:36Z
152,4,124792679,4470657,360.0,2989,,2026-09-11T23:37:21Z,2026-09-15T22:41:36Z
153,0,124935526,5584223,80.0,1041,,2026-09-14T17:41:18Z,2026-09-14T19:19:33Z
153,1,124997748,3232247,69.0,1772,,2026-09-15T21:05:14Z,2026-09-15T22:42:40Z
153,2,124990283,5554602,70.0,609,,2026-09-15T18:15:13Z,2026-09-15T22:42:40Z
153,2,124955725,5759134,110.0,2,,2026-09-15T03:12:37Z,2026-09-15T22:42:40Z
153,3,124802820,147646,90.0,3951,,2026-09-12T05:40:02Z,2026-09-12T10:58:30Z
153,4,124493838,5212778,106.0,1116,,2026-09-06T06:38:28Z,2026-09-06T20:25:17Z
154,0,124996356,5479191,84.0,395,,2026-09-15T20:29:53Z,2026-09-15T22:42:42Z
154,0,124995525,5835466,84.5,1,,2026-09-15T20:10:57Z,2026-09-15T22:42:42Z
154,0,124982467,4064427,85.0,587,,2026-09-15T15:14:16Z,2026-09-15T22:42:42Z
154,0,124886487,5479191,115.0,111,,2026-09-13T19:32:20Z,2026-09-15T22:42:42Z
154,2,124943880,4207262,90.0,4143,,2026-09-14T20:48:03Z,2026-09-15T06:33:33Z
155,0,124991015,5613564,123.0,1156,,2026-09-15T18:31:51Z,2026-09-15T22:42:05Z
155,0,124980119,5181496,124.0,799,,2026-09-15T14:18:30Z,2026-09-15T22:42:05Z
155,0,124993082,5683044,124.0,590,,2026-09-15T19:15:07Z,2026-09-15T22:42:05Z
155,0,124976921,1779549,125.0,100,,2026-09-15T13:02:39Z,2026-09-15T22:42:05Z
155,0,124968396,5181496,126.0,929,,2026-09-15T09:13:50Z,2026-09-15T22:42:05Z
155,0,124862855,5181496,127.0,677,,2026-09-13T18:20:03Z,2026-09-15T22:42:05Z
155,0,124978770,5790747,127.0,7,,2026-09-15T13:45:06Z,2026-09-15T22:42:05Z
155,0,124831767,5181496,129.0,291,,2026-09-12T18:27:33Z,2026-09-15T22:42:05Z
155,0,124812304,5181496,132.0,256,,2026-09-12T09:53:16Z,2026-09-15T22:42:05Z
155,0,124800466,1779549,133.0,1000,,2026-09-12T04:29:06Z,2026-09-15T22:42:05Z
155,0,124783130,5181496,134.0,206,,2026-09-11T19:00:44Z,2026-09-15T22:42:05Z
155,0,124781229,5485333,135.0,44,,2026-09-11T18:10:44Z,2026-09-15T22:42:05Z
155,0,124699797,5181496,136.0,476,,2026-09-10T05:48:58Z,2026-09-15T22:42:05Z
155,0,124658723,5181496,138.0,475,,2026-09-09T11:14:47Z,2026-09-15T22:42:05Z
155,0,124623801,5181496,147.0,1103,,2026-09-08T18:08:04Z,2026-09-15T22:42:05Z
155,0,124616327,5613564,148.0,209,,2026-09-08T15:09:44Z,2026-09-15T22:42:05Z
155,0,124611132,5181496,149.0,2208,,2026-09-08T13:03:38Z,2026-09-15T22:42:05Z
155,0,124610758,4603806,150.0,2047,,2026-09-08T12:53:34Z,2026-09-15T22:42:05Z
155,0,124599705,5181496,151.0,332,,2026-09-08T07:37:00Z,2026-09-15T22:42:05Z
155,3,124909079,4432580,238.0,109,,2026-09-14T06:40:08Z,2026-09-15T22:42:05Z
155,7,124846807,3365824,240.0,5000,,2026-09-13T02:09:17Z,2026-09-15T22:42:05Z
155,7,124846820,3365824,256.0,5000,,2026-09-13T02:09:38Z,2026-09-15T22:42:05Z
