heure,kind,quality,ouverture,haut,bas,cloture,n_ordres,qte_totale,profondeur_5pct,vendu,disparu,repose,retire,pose
2026-10-01T00,1,0,0.249,0.258,0.249,0.258,172,203117528,150068069,2355400,16179802,0,10112207,16120281
2026-10-01T00,1,1,0.258,0.26,0.255,0.26,25,30208815,30140399,81208,4563752,0,0,3735979
2026-10-01T00,1,2,0.257,0.26,0.256,0.258,51,165141739,73776043,977915,14584971,0,0,9632730
2026-10-01T00,1,3,0.258,0.26,0.258,0.259,43,246555622,172835348,13793225,8006187,0,0,23383768
2026-10-01T00,1,4,0.258,0.261,0.258,0.26,22,235254697,189603487,7356853,30338518,0,0,6837242
2026-10-01T00,1,5,0.26,0.263,0.26,0.263,9,83777441,83777441,0,3560084,0,0,0
2026-10-01T00,1,6,0.261,0.261,0.261,0.261,1,361621,361621,1579084,777982,0,0,0
2026-10-01T00,1,7,0.262,0.262,0.262,0.262,3,44738300,44738300,0,0,0,0,0
2026-10-01T00,1,8,0.263,0.263,0.263,0.263,4,57090085,57090085,0,0,0,0,0
2026-10-01T00,1,9,0.265,0.265,0.26,0.26,6,33531115,32644801,0,0,0,0,4895855
2026-10-01T00,1,10,0.26,0.266,0.26,0.266,3,20741179,11465118,0,7813882,0,0,1552305
2026-10-01T00,1,11,0.265,0.265,0.262,0.262,3,23831402,23831402,4372366,1578532,0,0,6625459
2026-10-01T00,1,12,0.263,0.263,0.262,0.262,12,94301182,94301182,0,0,0,0,840762
2026-10-01T00,2,0,0.366,0.368,0.356,0.366,136,37844011,22614907,1113530,1467466,0,10002934,13443760
2026-10-01T00,2,1,0.374,0.389,0.372,0.386,24,16019521,11479251,1187690,4292936,0,0,1521261
2026-10-01T00,2,2,0.388,0.398,0.388,0.395,33,38718363,20698865,962669,5038310,0,0,6815300
2026-10-01T00,2,3,0.41,0.411,0.409,0.411,35,56832177,51193737,184929,528469,0,0,1300776
2026-10-01T00,2,4,0.458,0.458,0.457,0.457,14,28760856,11456656,97092,0,0,0,244895
2026-10-01T00,2,5,0.482,0.482,0.479,0.479,16,80303446,80303446,0,0,0,0,3000000
2026-10-01T00,2,6,0.48,0.48,0.48,0.48,6,7285812,586649,1050280,0,0,0,0
2026-10-01T00,2,7,0.525,0.525,0.525,0.525,8,13060131,13060131,0,0,0,0,0
2026-10-01T00,2,8,0.565,0.565,0.565,0.565,1,4048296,4048296,0,0,0,0,0
2026-10-01T00,2,9,0.535,0.535,0.53,0.53,5,8232952,7732952,0,0,0,0,5000000
2026-10-01T00,2,10,0.54,0.54,0.54,0.54,14,35995378,15555183,0,0,0,0,0
2026-10-01T00,2,11,0.565,0.565,0.565,0.565,7,24216584,12319477,0,0,0,0,0
2026-10-01T00,2,12,0.535,0.535,0.535,0.535,5,15677093,14386660,0,0,0,0,0
2026-10-01T00,3,0,2.35,2.4,2.2,2.25,263,3676644,102011,13719,6232,1623,0,110009
2026-10-01T00,3,1,2.4,2.5,2.4,2.4,12,303411,61063,10137,19497,0,0,68000
2026-10-01T00,3,2,2.5,2.55,2.5,2.55,14,1487093,390687,15193,21162,0,0,0
2026-10-01T00,3,3,2.7,2.7,2.7,2.7,8,1260263,728398,0,0,0,0,27565
2026-10-01T00,3,4,3.3,3.3,3.3,3.3,8,1977939,1497939,0,0,0,0,0
2026-10-01T00,3,5,3.55,3.55,3.55,3.55,3,3646332,3646332,0,0,0,0,0
2026-10-01T00,3,6,3.55,3.55,3.55,3.55,4,3164200,3147100,0,0,0,0,0
2026-10-01T00,3,8,4.45,4.45,4.45,4.45,1,5203320,5203320,0,0,0,0,0
2026-10-01T00,3,9,4.5,4.5,4.5,4.5,1,100000,100000,0,0,0,0,0
2026-10-01T00,3,11,5.1,5.1,5.1,5.1,1,423972,423972,0,0,0,0,0
2026-10-01T00,4,0,2.35,2.5,2.35,2.5,108,1314103,586225,6349,12417,2747,0,61601
2026-10-01T00,4,1,2.55,2.6,2.5,2.6,13,819304,180268,723,23009,0,0,16976
2026-10-01T00,4,2,2.8,2.85,2.8,2.8,10,1088925,320232,0,5000,0,0,6080
2026-10-01T00,4,3,2.85,2.85,2.85,2.85,8,579476,244894,0,0,0,0,0
2026-10-01T00,4,4,2.85,2.85,2.85,2.85,7,3210004,298199,5577,0,0,0,0
2026-10-01T00,4,5,3.4,3.4,3.4,3.4,9,2627795,495085,0,0,0,0,0
2026-10-01T00,4,6,4.7,4.7,4.7,4.7,5,835664,643232,0,0,0,0,0
2026-10-01T00,4,8,5.4,5.4,5.4,5.4,2,14999,14999,0,0,0,0,0
2026-10-01T00,4,11,7.0,7.0,7.0,7.0,2,50010,50010,0,0,0,0,0
2026-10-01T00,5,0,2.95,3.1,2.9,3.0,56,489632,23108,11577,7424,350,0,12300
2026-10-01T00,5,1,3.2,3.2,3.2,3.2,9,614983,254518,0,0,0,0,0
2026-10-01T00,5,2,3.15,3.15,3.15,3.15,8,842231,516528,0,0,0,0,0
2026-10-01T00,5,3,3.4,3.4,3.4,3.4,4,179005,173574,0,0,0,0,0
2026-10-01T00,5,4,3.35,3.35,3.35,3.35,11,2686649,2049738,0,0,0,0,0
2026-10-01T00,5,5,3.5,3.5,3.5,3.5,5,98680,4800,0,0,0,0,0
2026-10-01T00,5,6,4.95,4.95,4.95,4.95,1,99999,99999,0,0,0,0,0
2026-10-01T00,5,7,6.0,6.0,6.0,6.0,1,999,999,0,0,0,0,0
2026-10-01T00,6,0,0.685,0.685,0.675,0.685,81,16952949,2931035,227272,41234,0,0,81741
2026-10-01T00,6,1,0.745,0.745,0.735,0.735,15,2893404,2079292,20000,0,0,0,355657
2026-10-01T00,6,2,0.785,0.785,0.785,0.785,5,9431204,9431204,0,0,0,0,0
2026-10-01T00,6,3,0.775,0.775,0.775,0.775,12,6254539,3107572,0,0,0,0,0
2026-10-01T00,6,4,0.83,0.83,0.83,0.83,10,5986384,5181326,0,0,0,0,0
2026-10-01T00,6,5,0.995,0.995,0.995,0.995,3,38856870,1463840,0,0,0,0,0
2026-10-01T00,6,6,1.09,1.1,1.09,1.1,4,3283571,3283571,0,1963962,0,0,0
2026-10-01T00,6,7,1.2,1.2,1.2,1.2,12,1746443,375625,0,0,0,0,0
2026-10-01T00,6,8,2.15,2.15,2.15,2.15,1,9,9,0,0,0,0,0
2026-10-01T00,6,10,2.2,2.2,2.2,2.2,3,2045627,2045627,0,0,0,0,0
2026-10-01T00,6,11,2.7,2.7,2.7,2.7,2,704999,704999,0,0,0,0,0
2026-10-01T00,6,12,2.8,2.8,2.8,2.8,1,299744,299744,0,0,0,0,0
2026-10-01T00,7,0,37.5,37.5,37.0,37.0,42,85876,6546,388,499,0,0,4606
2026-10-01T00,7,1,38.75,38.75,37.75,37.75,11,77360,46724,0,0,0,0,7199
2026-10-01T00,7,2,39.25,39.25,39.25,39.25,8,65864,41506,0,0,0,0,0
2026-10-01T00,7,3,41.0,41.0,41.0,41.0,6,41964,7248,392,0,0,0,0
2026-10-01T00,7,4,43.25,43.25,43.25,43.25,12,150958,54234,0,0,0,0,0
2026-10-01T00,7,5,45.0,45.0,45.0,45.0,3,191398,40000,0,0,0,0,0
2026-10-01T00,7,6,51.0,51.0,51.0,51.0,7,204508,60263,0,0,0,0,0
2026-10-01T00,7,7,56.0,56.0,56.0,56.0,1,35178,35178,0,0,0,0,0
2026-10-01T00,7,8,60.0,60.0,60.0,60.0,1,35175,35175,0,0,0,0,0
2026-10-01T00,8,0,10.3,10.7,10.3,10.6,30,210809,82773,600,8801,0,0,14148
2026-10-01T00,8,1,10.7,10.8,10.6,10.8,10,77461,16264,1200,2128,0,0,2528
2026-10-01T00,8,2,11.0,11.0,11.0,11.0,8,107783,15641,0,0,0,0,0
2026-10-01T00,8,3,11.3,11.3,11.3,11.3,11,451848,162074,0,0,0,0,0
2026-10-01T00,8,4,11.7,11.7,11.7,11.7,11,548302,173191,0,0,0,0,0
2026-10-01T00,8,5,12.9,12.9,12.9,12.9,4,100939,100939,0,0,0,0,0
2026-10-01T00,8,6,15.3,15.3,15.3,15.3,3,44368,44368,0,0,0,0,0
2026-10-01T00,8,7,15.4,15.4,15.4,15.4,3,4507,4507,0,0,0,0,0
2026-10-01T00,9,0,1.19,1.2,1.16,1.2,74,675097,246582,10746,49471,0,0,76249
2026-10-01T00,9,1,1.21,1.21,1.2,1.21,20,1590112,1054731,4960,40,0,0,5000
2026-10-01T00,9,2,1.23,1.23,1.23,1.23,17,2097493,466284,1400,6000,0,0,0
2026-10-01T00,9,3,1.3,1.3,1.3,1.3,11,1410761,370761,27655,0,0,0,0
2026-10-01T00,9,4,1.34,1.34,1.34,1.34,5,1931815,1396334,0,0,0,0,0
2026-10-01T00,9,5,1.48,1.48,1.48,1.48,9,1280861,759954,0,0,0,0,0
2026-10-01T00,9,6,1.48,1.48,1.48,1.48,2,143672,138672,0,0,0,0,0
2026-10-01T00,9,7,1.5,1.5,1.5,1.5,14,5328885,1,0,0,0,0,0
2026-10-01T00,10,0,28.75,29.0,28.5,29.0,38,450510,249220,36324,19426,0,0,81527
2026-10-01T00,10,1,29.25,29.5,28.5,29.25,17,281741,270539,0,30412,0,0,30591
2026-10-01T00,10,2,29.5,29.5,28.5,29.5,23,1561953,498658,8225,137239,0,0,66581
2026-10-01T00,10,3,29.5,29.75,29.25,29.75,20,2208322,1768594,51385,10604,0,0,4520
2026-10-01T00,10,4,30.0,30.0,29.5,30.0,12,2582271,1723664,0,8540,0,0,817
2026-10-01T00,10,5,30.0,30.0,29.5,30.0,3,97388,96779,0,56130,0,0,14296
2026-10-01T00,10,6,29.75,29.75,29.75,29.75,9,664724,452917,0,0,0,0,0
2026-10-01T00,10,7,29.75,29.75,29.75,29.75,7,331713,330714,44909,0,0,0,2063
2026-10-01T00,10,8,34.5,34.5,34.5,34.5,1,4999,4999,0,0,0,0,0
2026-10-01T00,10,10,30.75,30.75,30.75,30.75,3,111051,107292,0,0,0,0,0
2026-10-01T00,10,11,30.75,30.75,30.5,30.5,4,253635,253635,0,0,0,0,141284
2026-10-01T00,11,0,39.0,39.0,38.5,38.75,20,108385,33362,1100,2900,0,0,4500
2026-10-01T00,11,1,39.0,39.25,38.75,39.25,22,319250,232098,0,14156,0,0,2603
2026-10-01T00,11,2,39.25,39.25,39.0,39.25,12,93297,88195,0,2249,0,0,2249
2026-10-01T00,11,3,39.75,39.75,39.75,39.75,10,432050,223150,1917,16583,0,0,0
2026-10-01T00,11,4,40.0,40.0,40.0,40.0,13,303339,228022,0,0,0,0,0
2026-10-01T00,11,5,40.5,40.5,40.5,40.5,11,543551,493551,0,0,0,0,0
2026-10-01T00,11,6,40.5,40.5,40.5,40.5,2,41505,26505,0,0,0,0,0
2026-10-01T00,11,7,43.0,43.0,43.0,43.0,1,846890,846890,0,0,0,0,0
2026-10-01T00,11,8,44.0,44.0,44.0,44.0,2,14000,14000,0,0,0,0,0
2026-10-01T00,11,11,43.0,43.0,43.0,43.0,3,64500,64500,0,0,0,0,0
2026-10-01T00,12,0,39.5,39.5,38.5,38.5,41,531574,340612,0,25408,0,0,20280
2026-10-01T00,12,1,39.5,39.5,37.0,39.0,23,857358,390589,9452,9203,0,0,24456
2026-10-01T00,12,2,39.5,39.5,39.0,39.0,23,301091,276476,18536,37497,0,0,53163
2026-10-01T00,12,3,39.75,39.75,39.5,39.5,24,470384,459468,0,0,0,0,4208
2026-10-01T00,12,4,39.75,39.75,39.5,39.75,16,870319,870319,800,34584,0,0,34584
2026-10-01T00,12,5,40.0,40.25,40.0,40.25,10,606892,551892,0,100000,0,0,0
2026-10-01T00,12,6,41.25,41.25,41.25,41.25,4,117813,47813,0,0,0,0,0
2026-10-01T00,12,7,44.25,44.25,44.25,44.25,1,50000,50000,0,0,0,0,0
2026-10-01T00,12,9,55.0,55.0,55.0,55.0,1,14899,14899,0,0,0,0,0
2026-10-01T00,13,0,0.365,0.368,0.356,0.363,104,952543514,100352937,2524438,6931809,0,25000000,45762356
2026-10-01T00,14,0,11.2,11.5,11.2,11.4,27,508322,176829,5699,18495,0,0,99500
2026-10-01T00,14,1,11.3,11.6,11.3,11.5,12,1233094,1216373,66583,48431,0,0,10573
2026-10-01T00,14,2,11.8,11.8,11.7,11.7,8,677951,677950,4372,0,0,0,23090
2026-10-01T00,14,3,11.9,11.9,11.7,11.7,18,1800386,1292437,0,6367,0,0,66359
2026-10-01T00,14,4,12.1,12.1,11.9,11.9,5,490032,490031,0,0,0,0,27358
2026-10-01T00,14,5,12.0,12.0,12.0,12.0,4,579735,579735,0,0,0,0,0
2026-10-01T00,14,6,13.6,13.6,13.6,13.6,3,240000,240000,0,0,0,0,0
2026-10-01T00,14,7,13.9,13.9,13.9,13.9,1,161059,161059,0,0,0,0,0
2026-10-01T00,14,10,14.0,14.0,14.0,14.0,1,913830,913830,0,0,0,0,0
2026-10-01T00,14,11,14.4,14.4,14.4,14.4,3,69048,69048,0,0,0,0,0
2026-10-01T00,15,0,10.2,10.3,10.0,10.0,38,958407,22551,1154,17736,0,0,17913
2026-10-01T00,15,1,10.3,10.4,10.3,10.3,13,450540,403095,1180,1619,0,0,15227
2026-10-01T00,15,2,10.3,10.5,10.3,10.3,13,1166519,477735,26729,4513,0,0,70000
2026-10-01T00,15,3,10.7,10.7,10.7,10.7,8,991816,351816,0,0,0,0,0
2026-10-01T00,15,4,11.0,11.0,11.0,11.0,3,374171,374171,0,0,0,0,0
2026-10-01T00,15,5,11.2,11.2,11.2,11.2,3,181479,81479,0,0,0,0,0
2026-10-01T00,15,6,11.3,11.3,11.3,11.3,1,100000,100000,0,162864,0,0,100000
2026-10-01T00,15,7,11.4,11.4,11.4,11.4,1,22222,22222,0,0,0,0,0
2026-10-01T00,15,8,11.5,11.5,11.5,11.5,1,189250,189250,0,0,0,0,0
2026-10-01T00,15,10,21.25,21.25,21.25,21.25,3,42418,42418,0,0,0,0,0
2026-10-01T00,16,0,7.9,8.1,7.6,7.6,25,595115,2416,10000,42498,0,0,54914
2026-10-01T00,16,1,8.0,8.1,7.8,7.9,16,734250,477172,0,58338,0,0,30004
2026-10-01T00,16,2,8.1,8.1,7.9,8.1,16,704085,638085,12125,21810,0,0,14994
2026-10-01T00,16,3,8.1,8.2,7.9,8.0,12,1517923,1359647,23455,109662,0,0,29483
2026-10-01T00,16,4,8.2,8.2,8.0,8.0,14,2262979,1622633,379805,3568,0,0,578736
2026-10-01T00,16,5,8.3,8.3,8.1,8.3,4,799777,799777,0,2473,0,0,2473
2026-10-01T00,16,6,8.3,8.3,8.3,8.3,14,1306138,437908,0,0,0,0,0
2026-10-01T00,16,7,8.2,8.2,8.2,8.2,3,446603,446603,25444,0,0,0,0
2026-10-01T00,16,8,8.4,8.4,8.4,8.4,1,32324,32324,0,0,0,0,0
2026-10-01T00,16,9,8.6,8.6,8.6,8.6,1,757266,757266,0,0,0,0,0
2026-10-01T00,16,11,8.4,8.4,8.4,8.4,2,90227,90227,0,0,0,0,0
2026-10-01T00,16,12,8.4,8.4,8.4,8.4,6,2662058,2662058,0,0,0,0,0
2026-10-01T00,17,0,14.4,15.2,14.4,14.6,13,154739,13629,1736,4650,0,0,13355
2026-10-01T00,17,1,14.3,15.0,14.3,15.0,9,455442,411678,149897,46882,0,0,1697
2026-10-01T00,17,2,14.7,15.2,14.7,14.8,11,272046,271653,84307,190105,0,0,226800
2026-10-01T00,17,3,15.3,15.3,15.2,15.2,9,384754,384719,0,0,0,0,159113
2026-10-01T00,17,4,15.3,15.3,15.3,15.3,14,1193419,1193419,10105,0,0,0,0
2026-10-01T00,17,5,15.4,15.4,15.4,15.4,9,1058817,863305,0,0,0,0,0
2026-10-01T00,17,6,15.4,15.4,15.4,15.4,6,539502,539502,6361,0,0,0,0
2026-10-01T00,17,7,15.5,15.5,15.5,15.5,10,740614,604563,0,0,0,0,0
2026-10-01T00,17,8,15.9,15.9,15.9,15.9,9,320438,301363,0,0,0,0,0
2026-10-01T00,17,9,15.7,15.7,15.7,15.7,11,739983,181064,0,0,0,0,0
2026-10-01T00,17,10,15.9,15.9,15.9,15.9,15,1259455,537191,0,0,0,0,0
2026-10-01T00,17,11,18.0,18.0,18.0,18.0,1,27500,27500,0,0,0,0,0
2026-10-01T00,17,12,18.9,18.9,18.9,18.9,3,41450,39450,0,0,0,0,0
2026-10-01T00,18,0,19.4,20.0,19.4,19.6,26,148862,112511,47744,40294,0,0,62920
2026-10-01T00,18,1,19.9,20.25,19.9,19.9,17,477828,90101,5970,1592,0,0,14017
2026-10-01T00,18,2,20.0,20.75,20.0,20.25,16,673699,430204,2490,59889,0,0,31576
2026-10-01T00,18,3,20.5,20.75,20.5,20.75,20,1091661,1017919,1177,7417,0,0,0
2026-10-01T00,18,4,21.25,21.25,20.75,20.75,7,395244,232791,4675,0,0,0,164601
2026-10-01T00,18,5,21.5,21.5,21.5,21.5,6,417086,417086,0,0,0,0,0
2026-10-01T00,18,6,21.75,21.75,21.75,21.75,8,1119845,1119845,0,0,0,0,0
2026-10-01T00,18,7,21.75,21.75,21.75,21.75,5,185768,184948,0,0,0,0,0
2026-10-01T00,18,8,25.0,25.0,25.0,25.0,6,166305,82972,0,0,0,0,0
2026-10-01T00,18,9,28.25,28.25,28.25,28.25,3,83999,83999,0,0,0,0,0
2026-10-01T00,19,0,10.9,10.9,10.7,10.9,18,535515,254526,0,12610,0,0,12755
2026-10-01T00,19,1,10.6,11.0,10.6,11.0,11,121061,119663,6915,79136,0,0,0
2026-10-01T00,19,2,11.0,11.0,10.9,11.0,13,656228,309935,0,10000,0,0,10000
2026-10-01T00,19,3,11.0,11.0,11.0,11.0,11,1797198,1691534,8192,0,0,18413,66475
2026-10-01T00,19,4,11.2,11.2,11.2,11.2,8,983066,467390,0,0,0,0,0
2026-10-01T00,19,5,11.3,11.3,11.3,11.3,7,429289,307617,0,0,0,0,0
2026-10-01T00,19,6,12.2,12.2,12.2,12.2,4,160522,160522,0,0,0,0,0
2026-10-01T00,19,7,12.2,12.2,12.2,12.2,5,612192,571023,0,0,0,0,0
2026-10-01T00,19,9,14.9,14.9,14.9,14.9,2,300000,300000,0,0,0,0,0
2026-10-01T00,19,10,16.5,16.5,16.5,16.5,6,561117,414891,0,0,0,0,0
2026-10-01T00,19,11,19.4,19.4,19.4,19.4,3,128798,128798,0,0,0,0,0
2026-10-01T00,20,0,114.0,115.0,113.0,113.0,31,109956,74406,156,2867,0,0,184
2026-10-01T00,20,1,116.0,116.0,114.0,114.0,15,42389,26446,194,288,0,0,1785
2026-10-01T00,20,2,117.0,117.0,116.0,116.0,28,164745,37581,2026,0,0,0,3265
2026-10-01T00,20,3,119.0,119.0,119.0,119.0,12,98152,69142,0,0,0,0,0
2026-10-01T00,20,4,121.0,121.0,119.0,121.0,9,118695,90004,0,827,0,0,827
2026-10-01T00,20,5,121.0,121.0,120.0,121.0,15,245068,98276,0,1672,0,0,1672
2026-10-01T00,20,6,126.0,126.0,126.0,126.0,1,3457,3457,0,0,0,0,0
2026-10-01T00,20,7,133.0,133.0,133.0,133.0,3,80383,80383,0,0,0,0,3000
2026-10-01T00,20,8,135.0,135.0,135.0,135.0,1,50000,50000,0,0,0,0,0
2026-10-01T00,21,0,55.0,57.0,54.0,54.0,18,151616,12653,3964,500,500,0,17617
2026-10-01T00,21,1,55.5,57.0,54.5,55.5,12,80230,51989,74,3135,0,0,10334
2026-10-01T00,21,2,56.0,56.5,55.5,56.5,22,455994,360937,15255,5110,0,0,2488
2026-10-01T00,21,3,56.5,57.0,56.5,57.0,23,926420,503435,9937,16542,0,0,17343
2026-10-01T00,21,4,60.0,60.0,59.5,59.5,14,848389,715239,1000,0,0,0,21736
2026-10-01T00,21,5,60.5,60.5,60.5,60.5,7,129875,128225,0,0,0,0,0
2026-10-01T00,21,6,60.5,60.5,60.5,60.5,7,628653,215181,0,0,0,0,0
2026-10-01T00,21,7,61.0,61.0,61.0,61.0,3,49612,21072,0,0,0,0,0
2026-10-01T00,21,8,66.5,66.5,66.5,66.5,1,12000,12000,0,0,0,0,0
2026-10-01T00,21,9,69.0,69.0,69.0,69.0,1,1000,1000,0,0,0,0,0
2026-10-01T00,21,11,68.0,68.0,68.0,68.0,1,20000,20000,0,0,0,0,0
2026-10-01T00,22,0,94.0,97.0,94.0,94.0,25,528964,25652,724,3420,0,0,5114
2026-10-01T00,22,1,97.0,97.0,95.0,97.0,14,17603,12031,923,1029,0,0,6459
2026-10-01T00,22,2,97.0,97.0,96.5,97.0,15,184336,20467,0,335,0,0,8762
2026-10-01T00,22,3,97.0,97.0,96.5,97.0,34,294105,39260,1331,479,0,3493,2844
2026-10-01T00,22,4,99.5,99.5,97.0,99.5,21,371457,148178,2774,7863,0,0,10637
2026-10-01T00,22,5,97.5,97.5,97.0,97.0,31,549032,106323,6390,0,0,0,682
2026-10-01T00,22,6,103.0,103.0,103.0,103.0,24,329341,43453,0,0,0,0,0
2026-10-01T00,22,7,98.0,98.0,98.0,98.0,27,279294,5000,0,0,0,0,0
2026-10-01T00,22,8,120.0,120.0,120.0,120.0,5,60805,45288,0,0,0,0,0
2026-10-01T00,22,9,124.0,124.0,124.0,124.0,7,72847,33626,0,0,0,0,0
2026-10-01T00,22,10,141.0,141.0,141.0,141.0,3,29764,24764,0,0,0,0,0
2026-10-01T00,22,11,129.0,129.0,129.0,129.0,4,22361,12423,0,0,0,0,0
2026-10-01T00,23,0,117.0,118.0,117.0,118.0,12,35511,14496,182,1698,0,0,0
2026-10-01T00,23,1,119.0,119.0,118.0,118.0,6,16242,16242,395,0,0,0,450
2026-10-01T00,23,2,121.0,121.0,119.0,119.0,15,117630,90558,0,0,0,0,3979
2026-10-01T00,23,3,121.0,121.0,121.0,121.0,9,117010,116636,156,0,0,0,0
2026-10-01T00,23,4,123.0,123.0,123.0,123.0,7,45824,29824,0,0,0,0,2232
2026-10-01T00,23,5,123.0,123.0,123.0,123.0,14,130828,40640,0,0,0,0,0
2026-10-01T00,23,6,126.0,126.0,126.0,126.0,6,48602,33210,0,0,0,0,0
2026-10-01T00,23,7,136.0,136.0,136.0,136.0,2,8290,8222,0,0,0,0,0
2026-10-01T00,23,8,135.0,135.0,135.0,135.0,2,78731,78731,0,0,0,0,0
2026-10-01T00,23,9,135.0,135.0,135.0,135.0,3,143814,143814,0,0,0,0,0
2026-10-01T00,23,10,144.0,144.0,144.0,144.0,2,95594,95594,0,0,0,0,0
2026-10-01T00,23,11,169.0,169.0,169.0,169.0,2,340,340,0,0,0,0,0
2026-10-01T00,24,0,585.0,585.0,570.0,570.0,25,6101,193,160,12,0,0,353
2026-10-01T00,24,1,595.0,595.0,595.0,595.0,7,7279,6254,0,0,0,0,0
2026-10-01T00,24,2,580.0,580.0,580.0,580.0,14,19312,4778,124,0,0,0,2390
2026-10-01T00,24,3,590.0,590.0,585.0,585.0,10,15758,5548,0,0,0,0,150
2026-10-01T00,24,4,600.0,600.0,600.0,600.0,12,37706,29646,0,0,0,0,7853
2026-10-01T00,24,5,610.0,610.0,610.0,610.0,9,32849,25665,0,0,0,0,0
2026-10-01T00,24,6,645.0,645.0,645.0,645.0,6,43144,42144,0,0,0,0,0
2026-10-01T00,24,7,655.0,655.0,655.0,655.0,2,5000,5000,0,0,0,0,0
2026-10-01T00,24,8,800.0,800.0,800.0,800.0,1,100,100,0,0,0,0,0
2026-10-01T00,24,12,1000.0,1000.0,1000.0,1000.0,1,10,10,0,0,0,0,0
2026-10-01T00,25,0,760.0,765.0,760.0,765.0,22,2637,2615,0,3,0,0,6
2026-10-01T00,25,1,765.0,765.0,760.0,765.0,7,4337,4196,268,978,0,0,2500
2026-10-01T00,25,2,770.0,770.0,765.0,765.0,9,26566,13824,0,0,0,0,273
2026-10-01T00,25,3,775.0,775.0,775.0,775.0,18,45259,45259,0,0,0,0,0
2026-10-01T00,25,4,780.0,780.0,780.0,780.0,10,19570,19570,0,0,0,0,0
2026-10-01T00,25,5,795.0,795.0,795.0,795.0,7,44692,44692,0,0,0,0,0
2026-10-01T00,25,6,805.0,805.0,805.0,805.0,4,6460,6460,0,0,0,0,0
2026-10-01T00,25,7,815.0,815.0,815.0,815.0,9,41948,19150,0,0,0,0,0
2026-10-01T00,25,8,1500.0,1500.0,1500.0,1500.0,1,25,25,0,0,0,0,0
2026-10-01T00,25,12,2200.0,2200.0,2200.0,2200.0,1,10,10,0,0,0,0,0
2026-10-01T00,26,0,1130.0,1170.0,1130.0,1170.0,5,439,439,340,739,0,0,1000
2026-10-01T00,26,1,1140.0,1170.0,1140.0,1170.0,11,10050,9712,0,167,0,0,0
2026-10-01T00,26,2,1170.0,1170.0,1170.0,1170.0,8,6759,5870,517,0,0,0,0
2026-10-01T00,26,3,1180.0,1180.0,1180.0,1180.0,12,19603,13435,0,0,0,781,0
2026-10-01T00,26,4,1210.0,1210.0,1210.0,1210.0,7,9189,8989,0,0,0,0,0
2026-10-01T00,26,5,1200.0,1200.0,1200.0,1200.0,8,20658,6773,425,0,0,0,0
2026-10-01T00,26,6,1240.0,1240.0,1240.0,1240.0,4,4562,1589,0,0,0,0,0
2026-10-01T00,26,7,1310.0,1310.0,1310.0,1310.0,1,2000,2000,0,0,0,0,0
2026-10-01T00,26,12,2600.0,2600.0,2600.0,2600.0,1,10,10,0,0,0,0,0
2026-10-01T00,27,0,535.0,535.0,535.0,535.0,11,12227,11449,0,0,0,0,0
2026-10-01T00,27,1,550.0,550.0,535.0,535.0,6,3427,2217,0,0,0,0,633
2026-10-01T00,27,2,540.0,540.0,540.0,540.0,7,6582,4656,0,0,0,0,0
2026-10-01T00,27,3,540.0,540.0,540.0,540.0,18,26830,9237,0,0,0,0,452
2026-10-01T00,27,4,575.0,575.0,575.0,575.0,8,34641,34641,48,0,0,0,0
2026-10-01T00,27,5,590.0,590.0,590.0,590.0,5,34155,11602,0,0,0,0,0
2026-10-01T00,27,6,630.0,630.0,630.0,630.0,4,18449,18449,0,0,0,0,0
2026-10-01T00,27,7,655.0,655.0,655.0,655.0,1,10000,10000,0,0,0,0,0
2026-10-01T00,27,10,670.0,670.0,670.0,670.0,1,13840,13840,0,0,0,0,0
2026-10-01T00,27,12,695.0,695.0,695.0,695.0,2,2151,2151,0,0,0,0,0
2026-10-01T00,28,0,890.0,890.0,890.0,890.0,17,7130,1989,0,0,0,0,0
2026-10-01T00,28,1,925.0,925.0,925.0,925.0,4,7047,7047,0,0,0,0,0
2026-10-01T00,28,2,925.0,925.0,925.0,925.0,5,4289,4289,0,0,0,0,0
2026-10-01T00,28,3,925.0,925.0,925.0,925.0,8,15261,15261,0,0,0,0,0
2026-10-01T00,28,4,950.0,950.0,950.0,950.0,11,34384,33384,0,0,0,0,0
2026-10-01T00,28,5,955.0,955.0,955.0,955.0,2,534,534,0,0,0,0,0
2026-10-01T00,28,6,955.0,955.0,955.0,955.0,5,8906,5115,0,0,0,0,0
2026-10-01T00,28,7,1030.0,1030.0,1030.0,1030.0,5,5539,750,0,0,0,0,0
2026-10-01T00,28,12,1600.0,1600.0,1600.0,1600.0,1,10,10,0,0,0,0,0
2026-10-01T00,29,0,99.0,100.0,99.0,99.0,50,1183245,363930,18039,32556,0,0,5069
2026-10-01T00,30,0,151.0,151.0,149.0,149.0,53,1065990,285179,2077,137,0,25000,65672
2026-10-01T00,31,0,181.0,185.0,181.0,183.0,72,594307,184862,11850,19128,0,0,25227
2026-10-01T00,32,0,204.0,208.0,202.0,208.0,36,468853,147308,2620,3089,0,0,903
2026-10-01T00,33,0,100.0,104.0,100.0,103.0,61,778806,178303,77,15228,0,0,1735
2026-10-01T00,34,0,86.0,89.5,86.0,88.0,53,562464,205754,8016,14685,0,0,14444
2026-10-01T00,35,0,77.5,78.5,77.0,77.5,87,1920808,213472,1500,12602,0,0,17157
2026-10-01T00,40,0,1.42,1.42,1.39,1.41,80,675210,364730,52542,2274,0,0,9642
2026-10-01T00,40,1,1.5,1.51,1.5,1.51,15,1715587,1700419,132864,10139,0,0,0
2026-10-01T00,40,2,1.59,1.6,1.58,1.6,13,6805253,2452976,87654,109156,0,0,883165
2026-10-01T00,40,3,1.69,1.69,1.69,1.69,11,7739455,7739455,0,0,0,0,0
2026-10-01T00,40,4,1.8,1.8,1.8,1.8,5,2819243,2719243,0,0,0,0,0
2026-10-01T00,40,5,1.92,1.92,1.92,1.92,3,823837,323837,0,0,0,0,0
2026-10-01T00,40,6,1.9,1.9,1.9,1.9,9,2274566,1541904,0,0,0,0,0
2026-10-01T00,40,7,2.0,2.0,2.0,2.0,4,1988450,1500000,0,0,0,0,0
2026-10-01T00,40,8,2.5,2.5,2.5,2.5,1,120625,120625,0,0,0,0,0
2026-10-01T00,40,9,3.35,3.35,3.35,3.35,1,4979,4979,0,0,0,0,0
2026-10-01T00,41,0,4.5,4.5,4.3,4.35,18,237788,217086,241,769,0,0,83631
2026-10-01T00,41,1,4.45,4.45,4.45,4.45,8,190204,31739,1057,2243,0,0,0
2026-10-01T00,41,2,4.7,4.7,4.5,4.5,9,1120242,268696,0,0,0,0,31493
2026-10-01T00,41,3,4.6,4.6,4.55,4.55,9,1867894,824087,0,0,0,0,13800
2026-10-01T00,41,4,5.0,5.0,5.0,5.0,8,2409425,929468,25981,13919,0,0,0
2026-10-01T00,41,5,5.4,5.4,5.4,5.4,11,4230785,1497718,0,0,0,0,0
2026-10-01T00,41,6,6.5,6.5,6.5,6.5,3,124985,124985,0,0,0,0,0
2026-10-01T00,41,7,6.4,6.4,6.4,6.4,3,688730,355523,0,0,0,0,0
2026-10-01T00,41,8,9.2,9.2,9.2,9.2,1,60730,60730,0,0,0,0,0
2026-10-01T00,41,11,10.0,10.0,10.0,10.0,1,29099,29099,0,0,0,0,0
2026-10-01T00,42,0,4.9,5.0,4.9,4.95,29,871377,77676,25948,19548,0,0,8285
2026-10-01T00,42,1,5.0,5.1,5.0,5.1,8,200249,35953,28565,7052,0,0,0
2026-10-01T00,42,2,5.2,5.3,5.1,5.3,8,549064,541414,9600,14084,0,0,11203
2026-10-01T00,42,3,5.2,5.3,5.2,5.3,7,371613,311872,103742,70175,0,0,65114
2026-10-01T00,42,4,5.6,5.6,5.6,5.6,17,7209443,978922,0,0,0,0,0
2026-10-01T00,42,5,5.6,5.6,5.6,5.6,7,5942375,165294,0,0,0,0,0
2026-10-01T00,42,6,5.6,5.6,5.6,5.6,5,1435125,800530,0,0,0,0,0
2026-10-01T00,42,7,8.4,8.4,8.4,8.4,2,189188,189188,0,0,0,0,0
2026-10-01T00,43,0,11.2,11.4,11.0,11.0,13,41500,29774,7333,8958,0,0,35216
2026-10-01T00,43,1,11.8,11.8,11.3,11.3,8,1150291,27250,6729,11652,0,0,35631
2026-10-01T00,43,2,11.5,11.7,11.4,11.7,5,289410,289409,39115,47409,0,0,77112
2026-10-01T00,43,3,11.8,11.8,11.8,11.8,3,254959,132963,2758,0,0,0,0
2026-10-01T00,43,4,12.0,12.0,12.0,12.0,3,602775,602775,3100,0,0,0,0
2026-10-01T00,43,5,12.2,12.2,12.2,12.2,6,870911,697209,0,0,0,0,0
2026-10-01T00,43,6,12.7,12.7,12.7,12.7,2,143948,143948,0,0,0,0,0
2026-10-01T00,43,7,16.0,16.0,16.0,16.0,12,800420,563952,0,0,0,0,0
2026-10-01T00,43,8,17.9,17.9,17.9,17.9,4,110000,60000,0,0,0,0,0
2026-10-01T00,44,0,1.32,1.32,1.29,1.3,23,5546260,1328346,7500,104276,0,3718,332934
2026-10-01T00,44,1,1.31,1.31,1.31,1.31,13,2695324,1998581,488943,0,0,0,249889
2026-10-01T00,44,2,1.3,1.34,1.3,1.34,10,3501321,2959483,153688,92753,0,0,0
2026-10-01T00,44,3,1.37,1.37,1.37,1.37,12,13739777,10719777,239080,72454,0,0,0
2026-10-01T00,44,4,1.41,1.41,1.41,1.41,11,2950444,2362927,0,0,0,0,0
2026-10-01T00,44,5,1.38,1.38,1.38,1.38,13,6610810,3908845,69430,0,0,0,0
2026-10-01T00,44,6,1.42,1.42,1.42,1.42,5,7772404,7772404,0,0,0,0,0
2026-10-01T00,44,7,1.65,1.65,1.65,1.65,2,5450450,450450,0,0,0,0,0
2026-10-01T00,44,10,1.89,1.89,1.89,1.89,3,451659,351659,0,0,0,0,0
2026-10-01T00,45,0,12.3,12.3,12.2,12.2,17,200623,24572,3694,0,0,0,6500
2026-10-01T00,45,1,12.6,12.6,12.6,12.6,4,97018,93505,0,0,0,0,0
2026-10-01T00,45,2,12.2,12.5,12.2,12.5,8,561589,430983,77,9039,0,0,0
2026-10-01T00,45,3,12.3,12.3,12.3,12.3,27,941759,224432,21972,0,0,0,0
2026-10-01T00,45,4,13.3,13.3,13.3,13.3,24,562659,504326,0,0,0,0,0
2026-10-01T00,45,5,14.4,14.4,14.4,14.4,2,106072,106072,0,0,0,0,0
2026-10-01T00,45,6,13.4,13.4,13.4,13.4,2,205080,5080,0,0,0,0,0
2026-10-01T00,45,7,14.4,14.4,14.4,14.4,5,573609,573609,0,0,0,0,0
2026-10-01T00,45,10,14.5,14.5,14.5,14.5,1,42680,42680,0,0,0,0,0
2026-10-01T00,45,12,14.8,14.8,14.8,14.8,1,283275,283275,0,0,0,0,0
2026-10-01T00,46,0,25.0,25.75,24.75,25.0,47,197025,20005,577,4626,0,0,11664
2026-10-01T00,46,1,26.0,26.0,26.0,26.0,14,149616,139504,500,0,0,4481,1137
2026-10-01T00,46,2,27.0,27.0,26.75,26.75,24,363467,339210,0,0,0,0,1560
2026-10-01T00,46,3,27.0,27.0,27.0,27.0,15,408745,58823,0,0,0,0,0
2026-10-01T00,46,4,29.0,29.0,29.0,29.0,11,219590,219590,0,0,0,0,0
2026-10-01T00,46,5,30.0,30.0,30.0,30.0,7,140295,140295,0,0,0,0,0
2026-10-01T00,46,6,31.5,31.5,31.5,31.5,8,142837,142837,0,0,0,0,0
2026-10-01T00,46,7,33.0,33.0,33.0,33.0,4,92005,92005,0,0,0,0,0
2026-10-01T00,46,9,50.0,50.0,50.0,50.0,1,20000,20000,0,0,0,0,0
2026-10-01T00,47,0,452.0,456.0,452.0,456.0,11,5793,5780,0,58,0,0,0
2026-10-01T00,47,1,450.0,458.0,446.0,452.0,13,5932,5209,5,139,0,0,150
2026-10-01T00,47,2,454.0,454.0,454.0,454.0,13,40135,32769,723,0,0,0,2049
2026-10-01T00,47,3,460.0,460.0,460.0,460.0,12,44730,44730,0,0,544,6753,7932
2026-10-01T00,47,4,460.0,460.0,460.0,460.0,16,40049,25180,1230,0,0,0,0
2026-10-01T00,47,5,468.0,468.0,468.0,468.0,13,64580,63580,0,0,0,1264,0
2026-10-01T00,47,6,496.0,496.0,496.0,496.0,5,27865,20774,0,0,0,0,0
2026-10-01T00,47,7,510.0,510.0,510.0,510.0,3,14271,14271,0,0,0,0,0
2026-10-01T00,47,8,535.0,535.0,535.0,535.0,3,39800,39800,0,0,0,0,0
2026-10-01T00,47,9,580.0,580.0,580.0,580.0,1,4900,4900,0,0,0,0,0
2026-10-01T00,47,10,750.0,750.0,750.0,750.0,1,1010,1010,0,0,0,0,0
2026-10-01T00,47,11,775.0,775.0,775.0,775.0,1,1010,1010,0,0,0,0,0
2026-10-01T00,48,0,218.0,218.0,218.0,218.0,3,124,124,50,0,0,0,0
2026-10-01T00,48,1,220.0,220.0,220.0,220.0,1,856,856,0,0,0,0,0
2026-10-01T00,48,3,222.0,222.0,220.0,220.0,6,10295,10295,405,0,0,0,1455
2026-10-01T00,48,4,224.0,224.0,222.0,222.0,5,60945,49055,0,0,0,0,1942
2026-10-01T00,48,5,226.0,226.0,226.0,226.0,10,72068,60940,0,0,0,0,0
2026-10-01T00,48,6,288.0,288.0,288.0,288.0,2,817,718,0,0,0,0,0
2026-10-01T00,48,7,300.0,300.0,300.0,300.0,6,11224,1,0,0,0,0,0
2026-10-01T00,49,0,930.0,930.0,915.0,915.0,8,1911,1755,0,0,0,0,207
2026-10-01T00,49,1,925.0,925.0,925.0,925.0,3,2212,2212,0,0,0,0,0
2026-10-01T00,49,4,920.0,920.0,920.0,920.0,3,847,747,389,0,0,0,0
2026-10-01T00,49,5,925.0,925.0,925.0,925.0,13,25806,20165,0,0,0,0,0
2026-10-01T00,49,6,985.0,985.0,985.0,985.0,5,1380,1360,0,0,0,0,0
2026-10-01T00,50,0,310.0,310.0,310.0,310.0,6,4721,4675,375,285,0,0,0
2026-10-01T00,50,1,314.0,314.0,314.0,314.0,3,11906,11906,0,0,0,0,0
2026-10-01T00,50,2,312.0,312.0,312.0,312.0,5,15312,15312,611,0,0,0,0
2026-10-01T00,50,3,320.0,320.0,320.0,320.0,5,13490,11632,0,80,0,0,0
2026-10-01T00,50,4,318.0,318.0,312.0,312.0,5,29876,29876,280,0,0,0,8475
2026-10-01T00,50,5,316.0,316.0,316.0,316.0,3,10172,10172,0,0,0,0,0
2026-10-01T00,50,6,316.0,316.0,316.0,316.0,3,13881,13881,0,0,0,0,0
2026-10-01T00,50,7,316.0,316.0,316.0,316.0,5,41816,31816,720,0,0,0,0
2026-10-01T00,50,8,358.0,358.0,358.0,358.0,2,60927,60923,0,0,0,0,0
2026-10-01T00,50,9,376.0,376.0,376.0,376.0,2,3,1,0,0,0,0,0
2026-10-01T00,50,11,388.0,388.0,388.0,388.0,7,125484,125385,0,0,0,0,0
2026-10-01T00,51,0,790.0,805.0,790.0,805.0,5,646,603,1,419,0,0,111
2026-10-01T00,51,1,800.0,1000.0,800.0,1000.0,1,1,1,0,100,0,0,0
2026-10-01T00,51,2,805.0,805.0,795.0,795.0,6,4662,4662,0,0,0,0,343
2026-10-01T00,51,3,795.0,805.0,795.0,805.0,3,5040,5040,633,553,0,0,0
2026-10-01T00,51,4,820.0,820.0,820.0,820.0,5,6990,6990,0,0,0,0,0
2026-10-01T00,51,6,865.0,865.0,865.0,865.0,3,8644,8644,0,0,0,0,0
2026-10-01T00,51,8,975.0,975.0,975.0,975.0,2,1025,1025,0,0,0,0,0
2026-10-01T00,52,0,575.0,580.0,570.0,570.0,14,3279,484,0,77,0,0,203
2026-10-01T00,52,1,575.0,580.0,575.0,580.0,4,7996,7996,1332,31,0,0,0
2026-10-01T00,52,2,585.0,585.0,575.0,575.0,9,6073,4160,2,0,0,0,2501
2026-10-01T00,52,3,585.0,595.0,580.0,595.0,6,7390,5459,0,895,0,0,599
2026-10-01T00,52,4,595.0,595.0,595.0,595.0,8,18462,15849,246,0,0,0,0
2026-10-01T00,52,5,605.0,605.0,605.0,605.0,9,24707,22707,0,0,8000,0,10000
2026-10-01T00,52,6,675.0,675.0,675.0,675.0,4,21495,21495,0,0,0,0,0
2026-10-01T00,52,7,725.0,725.0,725.0,725.0,5,1006,939,0,0,0,0,0
2026-10-01T00,52,11,975.0,975.0,975.0,975.0,2,1098,1098,0,0,0,0,0
2026-10-01T00,53,0,3290.0,3290.0,3290.0,3290.0,4,1332,1332,0,0,0,0,0
2026-10-01T00,53,1,3290.0,3290.0,3290.0,3290.0,4,461,461,0,0,0,0,0
2026-10-01T00,53,2,3380.0,3380.0,3380.0,3380.0,3,528,528,0,0,0,0,0
2026-10-01T00,53,3,3460.0,3460.0,3460.0,3460.0,9,5063,5063,0,0,0,0,0
2026-10-01T00,53,4,3500.0,3500.0,3500.0,3500.0,6,2014,1368,0,0,0,0,0
2026-10-01T00,53,5,3520.0,3520.0,3520.0,3520.0,4,14503,14503,0,0,0,0,0
2026-10-01T00,53,6,3690.0,3690.0,3690.0,3690.0,1,619,619,0,0,0,0,0
2026-10-01T00,53,7,3990.0,3990.0,3980.0,3980.0,2,1000,1000,100,0,0,0,200
2026-10-01T00,53,8,4000.0,4000.0,4000.0,4000.0,1,2,2,0,0,0,0,0
2026-10-01T00,54,0,6425.0,6425.0,6425.0,6425.0,13,1030,867,0,0,0,0,0
2026-10-01T00,54,1,6600.0,6600.0,6575.0,6575.0,8,1161,822,0,0,0,0,28
2026-10-01T00,54,2,6700.0,6700.0,6700.0,6700.0,3,786,786,0,0,0,0,0
2026-10-01T00,54,3,6700.0,6700.0,6700.0,6700.0,3,2417,2397,0,0,0,0,0
2026-10-01T00,54,4,6700.0,6700.0,6700.0,6700.0,4,771,771,0,0,0,0,0
2026-10-01T00,54,5,6675.0,6675.0,6675.0,6675.0,5,2847,2658,0,0,0,0,0
2026-10-01T00,54,6,6675.0,6675.0,6675.0,6675.0,6,3707,3707,0,0,0,0,0
2026-10-01T00,54,7,6725.0,6725.0,6725.0,6725.0,5,312,300,0,0,0,0,0
2026-10-01T00,54,12,43500.0,43500.0,43500.0,43500.0,1,1,1,0,0,0,0,0
2026-10-01T00,55,0,2150.0,2150.0,2140.0,2140.0,14,1755,1011,0,0,0,0,1
2026-10-01T00,55,1,2150.0,2150.0,2150.0,2150.0,4,877,877,0,0,0,0,0
2026-10-01T00,55,2,2170.0,2170.0,2170.0,2170.0,8,8480,7060,0,0,0,0,0
2026-10-01T00,55,3,2220.0,2220.0,2220.0,2220.0,5,3829,237,0,0,0,0,0
2026-10-01T00,55,4,2230.0,2230.0,2230.0,2230.0,5,5346,5346,0,0,0,0,0
2026-10-01T00,55,5,2300.0,2300.0,2300.0,2300.0,9,3991,3898,0,0,0,0,0
2026-10-01T00,55,6,2310.0,2310.0,2310.0,2310.0,11,3845,3545,0,0,0,0,0
2026-10-01T00,55,7,2560.0,2560.0,2560.0,2560.0,5,115,65,0,0,0,5,0
2026-10-01T00,56,0,4220.0,4240.0,4220.0,4240.0,10,291,284,10,22,0,0,0
2026-10-01T00,56,1,4260.0,4260.0,4260.0,4260.0,6,1178,1153,0,0,0,0,0
2026-10-01T00,56,2,4260.0,4260.0,4260.0,4260.0,8,612,589,6,0,0,0,0
2026-10-01T00,56,3,4360.0,4360.0,4360.0,4360.0,11,1770,1357,0,0,0,0,0
2026-10-01T00,56,4,4400.0,4400.0,4400.0,4400.0,7,2160,1260,0,0,0,0,0
2026-10-01T00,56,5,4500.0,4500.0,4500.0,4500.0,3,2530,2530,0,0,0,0,0
2026-10-01T00,56,6,4610.0,4610.0,4610.0,4610.0,11,2002,2002,0,0,0,0,0
2026-10-01T00,56,7,4690.0,4690.0,4690.0,4690.0,8,270,270,0,0,0,0,0
2026-10-01T00,56,8,5000.0,5000.0,5000.0,5000.0,1,1,1,0,0,0,0,0
2026-10-01T00,56,12,6000.0,6000.0,6000.0,6000.0,9,898,99,0,0,0,0,0
2026-10-01T00,57,0,5275.0,5275.0,5100.0,5100.0,17,1474,615,85,0,0,0,249
2026-10-01T00,57,1,5300.0,5300.0,5300.0,5300.0,10,1469,378,0,0,0,0,0
2026-10-01T00,57,2,5375.0,5375.0,5375.0,5375.0,2,997,997,0,0,0,0,0
2026-10-01T00,57,3,5425.0,5425.0,5425.0,5425.0,13,1918,688,0,0,0,0,0
2026-10-01T00,57,4,5550.0,5550.0,5550.0,5550.0,7,3647,3647,0,0,0,0,0
2026-10-01T00,57,5,5475.0,5475.0,5475.0,5475.0,5,1097,925,0,0,0,0,0
2026-10-01T00,57,6,5750.0,5750.0,5750.0,5750.0,2,2012,2012,0,0,0,0,0
2026-10-01T00,57,7,5800.0,6750.0,5800.0,6750.0,2,86,76,0,76,0,0,76
2026-10-01T00,57,8,5900.0,6775.0,5900.0,6775.0,3,54,54,0,14,0,0,14
2026-10-01T00,57,9,8000.0,8000.0,8000.0,8000.0,1,7,7,0,0,0,0,0
2026-10-01T00,57,10,12000.0,12000.0,12000.0,12000.0,1,40,40,0,0,0,0,0
2026-10-01T00,57,12,13500.0,13500.0,13500.0,13500.0,1,4,4,0,0,0,0,0
2026-10-01T00,58,0,119.0,121.0,119.0,119.0,42,410007,127778,0,2779,0,0,20894
2026-10-01T00,59,0,61.5,62.5,61.5,62.0,34,1301945,641806,0,5749,0,0,5015
2026-10-01T00,60,0,5.3,5.7,5.3,5.3,34,673064,30503,6644,37586,0,0,37797
2026-10-01T00,60,1,6.0,6.0,6.0,6.0,4,58657,35955,0,0,0,0,0
2026-10-01T00,60,2,5.8,5.8,5.7,5.7,9,479130,20422,4770,0,0,0,22892
2026-10-01T00,60,3,6.1,6.1,6.1,6.1,4,374422,374422,0,0,0,0,0
2026-10-01T00,60,4,6.2,6.2,6.2,6.2,7,5662241,5661658,65472,6507,0,0,175349
2026-10-01T00,60,5,6.6,6.6,6.6,6.6,9,2865682,2365682,0,0,0,0,0
2026-10-01T00,60,6,7.0,7.0,7.0,7.0,5,809625,101966,0,0,0,0,0
2026-10-01T00,60,7,8.3,8.3,8.3,8.3,2,207492,31777,0,0,0,0,0
2026-10-01T00,60,8,9.4,9.4,9.4,9.4,3,59354,59354,0,0,0,0,0
2026-10-01T00,60,9,11.5,11.5,11.4,11.4,2,4970,4970,0,0,0,0,250
2026-10-01T00,61,0,18.0,18.6,18.0,18.4,10,72326,69826,0,43898,0,0,6009
2026-10-01T00,61,1,18.1,18.6,18.1,18.6,4,464900,464900,0,14353,0,0,0
2026-10-01T00,61,2,18.2,18.7,18.2,18.7,15,1275899,275899,0,22128,0,0,0
2026-10-01T00,61,3,19.2,19.2,19.2,19.2,6,1721491,1721491,0,0,0,0,0
2026-10-01T00,61,4,19.7,19.7,19.7,19.7,6,402423,402423,0,0,0,0,0
2026-10-01T00,61,5,20.0,20.0,20.0,20.0,3,150000,150000,0,0,0,0,0
2026-10-01T00,61,6,20.75,20.75,20.75,20.75,10,279034,114822,0,0,0,0,0
2026-10-01T00,62,0,20.75,20.75,20.75,20.75,13,104951,63524,0,0,0,0,0
2026-10-01T00,62,1,21.0,21.0,21.0,21.0,7,152348,132338,0,0,0,0,0
2026-10-01T00,62,2,21.5,21.5,21.5,21.5,4,307476,124620,0,0,0,0,0
2026-10-01T00,62,3,21.25,21.25,21.25,21.25,12,219743,207621,0,0,0,0,0
2026-10-01T00,62,4,21.5,21.75,21.5,21.75,9,221155,91653,0,8043,0,0,10000
2026-10-01T00,62,5,22.25,22.25,22.25,22.25,11,1975908,665741,0,0,0,0,0
2026-10-01T00,62,6,23.0,23.0,23.0,23.0,8,170709,108911,0,0,0,0,0
2026-10-01T00,62,7,29.0,29.0,29.0,29.0,2,209000,209000,0,0,0,0,0
2026-10-01T00,62,9,36.0,36.0,36.0,36.0,1,999,999,0,0,0,0,0
2026-10-01T00,63,0,33.0,33.0,33.0,33.0,7,28936,28921,7247,1308,0,0,0
2026-10-01T00,63,1,33.5,33.5,33.25,33.25,6,50556,40556,0,0,0,0,520
2026-10-01T00,63,2,34.25,34.25,34.25,34.25,3,81839,81839,0,0,0,0,0
2026-10-01T00,63,3,34.5,34.5,34.5,34.5,7,212850,212850,0,0,0,0,0
2026-10-01T00,63,4,34.75,34.75,34.75,34.75,5,99773,99773,0,0,0,0,0
2026-10-01T00,63,5,36.0,36.0,36.0,36.0,4,157796,157796,0,0,0,0,0
2026-10-01T00,63,7,36.75,36.75,36.75,36.75,1,45000,45000,0,0,0,0,0
2026-10-01T00,64,0,41.75,42.0,41.75,42.0,32,24290,12082,99,60,0,0,0
2026-10-01T00,64,1,43.0,43.0,43.0,43.0,11,18958,12065,0,0,0,0,0
2026-10-01T00,64,2,43.0,43.75,43.0,43.75,20,144744,120663,0,4000,0,0,0
2026-10-01T00,64,3,43.75,43.75,43.75,43.75,13,79590,71453,0,0,0,0,0
2026-10-01T00,64,4,44.75,44.75,44.75,44.75,10,287994,92031,0,0,0,0,0
2026-10-01T00,64,5,46.5,46.5,46.5,46.5,6,98327,98327,0,0,0,0,0
2026-10-01T00,64,6,47.5,47.5,47.5,47.5,6,147386,147386,0,0,0,0,0
2026-10-01T00,64,7,64.0,64.0,64.0,64.0,1,25000,25000,0,0,0,0,0
2026-10-01T00,64,8,80.0,80.0,80.0,80.0,1,299,299,0,0,0,0,0
2026-10-01T00,64,10,80.0,80.0,80.0,80.0,1,999,999,0,0,0,0,0
2026-10-01T00,65,0,12.7,12.7,12.7,12.7,14,466303,456261,0,0,0,0,0
2026-10-01T00,65,1,12.7,12.7,12.7,12.7,2,31974,31974,0,0,0,0,0
2026-10-01T00,65,2,12.7,12.7,12.7,12.7,9,1437157,1260917,0,0,0,0,0
2026-10-01T00,65,3,12.8,12.8,12.7,12.7,9,5004135,1589813,8050,0,0,0,58085
2026-10-01T00,65,4,13.3,13.3,13.2,13.2,7,3295116,2999529,0,0,0,0,15000
2026-10-01T00,65,5,13.4,13.4,13.4,13.4,2,574569,574569,0,0,0,0,0
2026-10-01T00,65,7,14.4,14.4,14.4,14.4,1,8000,8000,0,0,0,0,0
2026-10-01T00,65,8,13.8,13.8,13.8,13.8,3,192834,72000,0,0,0,0,0
2026-10-01T00,65,9,17.7,17.7,17.7,17.7,3,69998,69998,0,0,0,0,0
2026-10-01T00,65,10,17.8,17.8,17.8,17.8,3,69998,69998,0,0,0,0,0
2026-10-01T00,65,11,17.9,17.9,17.9,17.9,4,119914,119914,0,0,0,0,0
2026-10-01T00,66,0,0.27,0.272,0.26,0.262,222,42901168,1650536,251658,353473,0,4128055,5135640
2026-10-01T00,66,1,0.275,0.275,0.262,0.262,39,11958893,826125,89933,1137,165423,0,917195
2026-10-01T00,66,2,0.294,0.294,0.272,0.292,7,5497447,2607037,141378,1272077,226741,0,2262718
2026-10-01T00,66,3,0.294,0.294,0.294,0.294,27,26588243,21410332,137928,0,0,0,0
2026-10-01T00,66,4,0.339,0.339,0.339,0.339,3,5307616,4703060,0,0,0,0,0
2026-10-01T00,66,5,0.348,0.348,0.348,0.348,10,23476983,23276983,0,0,0,0,0
2026-10-01T00,66,6,0.364,0.364,0.364,0.364,12,22889013,7626046,0,0,0,0,0
2026-10-01T00,66,7,0.515,0.515,0.515,0.515,4,4407658,4407658,0,0,0,0,0
2026-10-01T00,66,8,0.535,0.535,0.535,0.535,2,1589720,1589720,0,0,0,0,0
2026-10-01T00,66,12,0.625,0.625,0.625,0.625,2,1785053,1185054,0,0,0,0,0
2026-10-01T00,67,0,11.4,11.4,11.4,11.4,25,349789,26905,20,0,0,0,0
2026-10-01T00,67,1,12.5,12.5,12.5,12.5,6,37677,19898,0,0,0,0,0
2026-10-01T00,67,2,12.6,12.6,12.6,12.6,11,258363,10278,0,0,0,0,0
2026-10-01T00,67,3,13.4,13.4,13.4,13.4,1,5000,5000,0,0,0,0,0
2026-10-01T00,67,4,16.0,16.0,16.0,16.0,4,82578,59122,0,0,0,0,0
2026-10-01T00,67,7,19.9,19.9,19.9,19.9,1,37112,37112,0,0,0,0,0
2026-10-01T00,68,0,30.0,30.75,30.0,30.75,44,105085,79088,5760,217,0,2000,621
2026-10-01T00,68,1,31.5,32.0,31.5,32.0,9,25399,10814,0,24133,0,0,0
2026-10-01T00,68,2,32.0,32.0,32.0,32.0,20,570681,410421,0,0,0,0,0
2026-10-01T00,68,3,32.75,32.75,32.75,32.75,10,608728,371890,0,0,0,0,0
2026-10-01T00,68,4,33.75,33.75,33.75,33.75,4,1117345,94995,0,0,0,0,0
2026-10-01T00,68,5,35.5,35.5,35.5,35.5,2,140271,140271,0,0,0,0,0
2026-10-01T00,68,6,35.5,35.5,35.5,35.5,1,100000,100000,0,0,0,0,0
2026-10-01T00,68,10,35.5,35.5,35.5,35.5,2,369567,369567,123,0,0,0,0
2026-10-01T00,68,11,54.5,54.5,54.5,54.5,3,53983,53983,0,0,0,0,0
2026-10-01T00,69,0,6100.0,6100.0,6075.0,6075.0,42,2573,1892,73,0,0,0,200
2026-10-01T00,69,1,6400.0,6425.0,6300.0,6425.0,16,950,724,60,41,6,0,6
2026-10-01T00,69,2,6475.0,6475.0,6425.0,6475.0,26,2893,2392,79,234,0,0,93
2026-10-01T00,69,3,6650.0,6650.0,6650.0,6650.0,19,3369,2773,0,0,0,0,0
2026-10-01T00,69,4,6650.0,6650.0,6650.0,6650.0,18,5442,1847,398,0,0,0,232
2026-10-01T00,69,5,6700.0,6700.0,6700.0,6700.0,18,8155,211,0,0,0,0,0
2026-10-01T00,69,6,7350.0,7350.0,7350.0,7350.0,17,2465,2465,0,0,0,0,0
2026-10-01T00,69,7,7775.0,7775.0,7775.0,7775.0,10,1811,1811,0,0,0,0,0
2026-10-01T00,69,8,8075.0,8075.0,8075.0,8075.0,4,425,425,0,0,0,0,0
2026-10-01T00,69,9,8125.0,8125.0,8125.0,8125.0,5,410,410,0,0,0,0,0
2026-10-01T00,69,10,8125.0,8125.0,8125.0,8125.0,9,795,701,0,0,0,0,0
2026-10-01T00,69,11,8350.0,8350.0,8350.0,8350.0,2,105,105,0,0,0,0,0
2026-10-01T00,69,12,8900.0,8900.0,8900.0,8900.0,5,219,219,0,0,0,0,0
2026-10-01T00,70,0,755.0,770.0,755.0,770.0,19,6324,3022,40,2,0,0,0
2026-10-01T00,70,1,785.0,785.0,785.0,785.0,4,7793,7793,0,0,0,0,0
2026-10-01T00,70,2,775.0,775.0,775.0,775.0,10,8889,7887,0,0,0,0,0
2026-10-01T00,70,3,785.0,785.0,785.0,785.0,9,14131,6551,0,0,0,0,0
2026-10-01T00,70,4,790.0,790.0,790.0,790.0,3,3643,3643,0,0,0,0,0
2026-10-01T00,70,5,800.0,800.0,760.0,800.0,46,8284,8263,0,2,0,0,2
2026-10-01T00,70,6,990.0,990.0,990.0,990.0,1,100,100,0,0,0,0,0
2026-10-01T00,70,7,995.0,995.0,995.0,995.0,2,301,301,0,0,0,0,0
2026-10-01T00,70,8,1290.0,1290.0,1290.0,1290.0,1,448,448,0,0,0,0,0
2026-10-01T00,70,10,1200.0,1200.0,1200.0,1200.0,2,9982,1,0,0,0,0,0
2026-10-01T00,71,0,1470.0,1520.0,1470.0,1520.0,11,5038,4768,0,89,0,0,0
2026-10-01T00,71,1,1490.0,1490.0,1490.0,1490.0,10,8899,8889,172,0,0,0,0
2026-10-01T00,71,2,1500.0,1510.0,1500.0,1510.0,7,7859,7508,0,823,0,0,0
2026-10-01T00,71,3,1510.0,1510.0,1510.0,1510.0,11,12704,12701,77,0,0,0,0
2026-10-01T00,71,4,1540.0,1540.0,1540.0,1540.0,16,42321,41167,0,0,0,0,0
2026-10-01T00,71,5,1630.0,1630.0,1630.0,1630.0,2,4235,4235,0,0,0,0,0
2026-10-01T00,71,6,1590.0,1590.0,1590.0,1590.0,10,3198,3011,0,0,0,0,0
2026-10-01T00,71,7,1600.0,1600.0,1600.0,1600.0,13,4033,833,0,0,0,0,0
2026-10-01T00,72,0,1.77,1.78,1.76,1.76,62,1946652,1652000,236730,58471,0,0,105540
2026-10-01T00,72,1,1.88,1.9,1.88,1.88,5,494358,494356,247829,37699,0,0,17378
2026-10-01T00,72,2,1.92,1.96,1.91,1.96,6,17199475,16599782,174810,121494,0,0,216523
2026-10-01T00,72,3,1.96,1.96,1.96,1.96,5,3058817,3058817,54440,0,0,0,0
2026-10-01T00,72,4,2.0,2.0,2.0,2.0,6,2276858,1385891,0,0,0,0,0
2026-10-01T00,72,5,3.1,3.1,3.1,3.1,2,1203897,1203897,0,0,0,0,0
2026-10-01T00,72,6,2.9,2.9,2.9,2.9,1,238898,238898,0,0,0,0,0
2026-10-01T00,72,8,2.95,2.95,2.95,2.95,6,1842204,136178,0,0,0,0,0
2026-10-01T00,72,9,3.95,3.95,3.95,3.95,1,232493,232493,0,0,0,0,0
2026-10-01T00,72,10,4.0,4.0,4.0,4.0,2,35000,10000,0,0,0,0,0
2026-10-01T00,73,0,27.0,27.25,26.25,27.0,85,159084,34057,12830,7453,0,0,23818
2026-10-01T00,73,1,29.0,29.0,28.75,28.75,10,179290,178790,10687,5918,0,0,2061
2026-10-01T00,73,2,29.25,29.75,29.0,29.75,8,130110,115110,3245,22925,0,0,6318
2026-10-01T00,73,3,29.25,30.0,29.25,30.0,16,385912,273292,18543,17369,0,0,14640
2026-10-01T00,73,4,31.0,31.0,30.75,30.75,6,129632,129632,0,0,0,0,11600
2026-10-01T00,73,5,32.0,32.0,32.0,32.0,7,235268,235268,0,0,0,0,0
2026-10-01T00,73,6,33.0,33.0,33.0,33.0,2,75839,75839,0,0,0,0,0
2026-10-01T00,73,7,33.75,33.75,33.75,33.75,1,30000,30000,0,0,0,0,0
2026-10-01T00,73,10,33.5,33.5,33.5,33.5,2,32321,32321,0,0,0,0,0
2026-10-01T00,74,0,19.3,19.7,19.3,19.4,54,192875,98668,0,40339,0,0,16586
2026-10-01T00,74,1,23.5,23.5,23.25,23.5,9,56914,32185,25511,9665,0,0,9488
2026-10-01T00,74,2,24.25,24.25,24.0,24.0,23,849069,38828,0,0,0,0,36380
2026-10-01T00,74,3,24.5,24.5,24.5,24.5,18,485156,75745,0,0,0,0,0
2026-10-01T00,74,4,26.5,26.5,26.5,26.5,4,303411,204227,0,0,0,0,0
2026-10-01T00,74,5,28.5,28.5,28.5,28.5,12,467518,277384,0,0,0,0,0
2026-10-01T00,74,7,29.5,29.5,29.5,29.5,5,177751,81920,0,0,0,0,0
2026-10-01T00,74,8,29.0,29.0,29.0,29.0,3,145703,20703,0,0,0,0,0
2026-10-01T00,74,9,30.0,30.0,30.0,30.0,1,22302,22302,0,0,0,0,0
2026-10-01T00,74,10,37.0,37.0,37.0,37.0,3,34999,30000,0,0,0,0,0
2026-10-01T00,74,12,40.0,40.0,40.0,40.0,1,222,222,0,0,0,0,0
2026-10-01T00,75,0,6.0,6.0,5.9,6.0,15,800551,433511,9552,448,0,0,448
2026-10-01T00,75,1,6.1,6.4,6.1,6.4,6,2404985,2402178,0,114331,0,0,0
2026-10-01T00,75,2,6.3,6.3,6.1,6.2,17,2080696,1308835,287,50255,0,0,115894
2026-10-01T00,75,3,6.2,6.3,6.2,6.3,9,1257750,1254796,278568,30827,0,0,365998
2026-10-01T00,75,4,6.4,6.4,6.3,6.3,8,2509181,939203,78472,138957,0,0,6164
2026-10-01T00,75,5,6.5,6.5,6.5,6.5,11,3575768,1536317,0,0,0,0,0
2026-10-01T00,75,6,6.6,6.6,6.6,6.6,10,2504087,1426596,0,0,0,0,0
2026-10-01T00,75,7,7.1,7.1,7.1,7.1,4,2504723,2504723,0,0,0,0,0
2026-10-01T00,75,8,7.2,7.2,7.2,7.2,3,9424552,9424552,0,0,0,0,0
2026-10-01T00,75,9,7.2,7.2,7.2,7.2,4,7430153,3655146,0,0,0,0,0
2026-10-01T00,75,10,8.0,8.0,8.0,8.0,1,2028109,2028109,0,0,0,0,0
2026-10-01T00,75,11,8.8,8.8,8.8,8.8,1,253854,253854,0,0,0,0,0
2026-10-01T00,76,0,58.5,58.5,58.0,58.0,19,208029,30333,300,0,0,0,1364
2026-10-01T00,76,1,58.5,58.5,58.5,58.5,4,84196,35034,0,0,0,0,0
2026-10-01T00,76,2,58.5,59.0,58.5,59.0,13,231870,104144,0,439,0,0,22000
2026-10-01T00,76,3,59.5,60.0,59.5,60.0,8,191296,122716,6786,1014,0,0,1014
2026-10-01T00,76,4,60.5,62.0,59.0,59.0,7,1143260,130374,1943,45567,0,0,132317
2026-10-01T00,76,5,63.0,63.0,63.0,63.0,5,232218,128066,0,0,0,0,0
2026-10-01T00,76,6,69.5,69.5,63.0,63.0,4,794904,73023,0,0,0,0,73023
2026-10-01T00,76,7,70.5,70.5,70.5,70.5,3,246399,246399,0,0,0,0,0
2026-10-01T00,76,8,72.0,72.0,72.0,72.0,4,205290,205290,0,0,0,0,0
2026-10-01T00,76,9,71.0,71.0,71.0,71.0,3,107776,107776,0,0,0,0,0
2026-10-01T00,76,10,78.0,78.0,78.0,78.0,3,90774,85219,0,0,0,0,0
2026-10-01T00,76,11,83.0,83.0,83.0,83.0,3,193143,193143,0,0,0,0,0
2026-10-01T00,76,12,92.5,92.5,92.5,92.5,3,6976,6876,0,0,0,0,0
2026-10-01T00,77,0,2520.0,2520.0,2520.0,2520.0,16,3866,1643,40,0,0,0,100
2026-10-01T00,77,1,2630.0,2640.0,2630.0,2640.0,8,1688,1688,140,32,0,0,0
2026-10-01T00,77,2,2690.0,2690.0,2690.0,2690.0,15,1983,1983,192,0,0,0,0
2026-10-01T00,77,3,2720.0,2720.0,2650.0,2650.0,13,7975,7780,46,0,0,0,806
2026-10-01T00,77,4,2790.0,2790.0,2780.0,2780.0,5,1512,1512,556,0,0,0,645
2026-10-01T00,77,5,2810.0,2810.0,2810.0,2810.0,4,282,282,0,0,0,0,0
2026-10-01T00,77,6,2840.0,2840.0,2840.0,2840.0,5,4245,2217,0,0,0,0,0
2026-10-01T00,77,7,2850.0,2850.0,2850.0,2850.0,6,6995,2927,0,0,0,0,0
2026-10-01T00,77,8,2860.0,2860.0,2860.0,2860.0,3,2925,2704,0,0,0,0,0
2026-10-01T00,77,9,3220.0,3220.0,3220.0,3220.0,4,6832,6832,0,0,0,0,0
2026-10-01T00,77,10,3290.0,3290.0,3290.0,3290.0,1,100,100,0,0,0,0,0
2026-10-01T00,77,11,3300.0,3300.0,3300.0,3300.0,3,1890,1111,0,0,0,0,0
2026-10-01T00,77,12,4800.0,4800.0,4800.0,4800.0,1,99,99,0,0,0,0,0
2026-10-01T00,78,0,1860.0,1860.0,1860.0,1860.0,7,7125,7125,4,0,0,0,0
2026-10-01T00,78,1,1970.0,1970.0,1970.0,1970.0,7,1661,1576,0,0,0,0,0
2026-10-01T00,78,2,1980.0,1980.0,1980.0,1980.0,8,2147,2147,30,0,0,0,0
2026-10-01T00,78,3,2060.0,2060.0,2060.0,2060.0,5,3814,3814,0,0,0,0,0
2026-10-01T00,78,4,2140.0,2140.0,2140.0,2140.0,7,3314,2555,0,0,0,0,0
2026-10-01T00,78,5,2130.0,2130.0,2130.0,2130.0,18,15393,11861,0,0,0,0,0
2026-10-01T00,78,6,2300.0,2300.0,2300.0,2300.0,1,1814,1814,0,0,0,0,0
2026-10-01T00,78,7,2310.0,2310.0,2310.0,2310.0,10,3879,3879,0,0,0,0,0
2026-10-01T00,78,8,2470.0,2470.0,2470.0,2470.0,11,502,502,0,0,0,0,0
2026-10-01T00,78,9,2490.0,2490.0,2490.0,2490.0,6,221,171,0,0,0,0,0
2026-10-01T00,78,10,2500.0,2500.0,2500.0,2500.0,5,742,741,0,0,0,0,0
2026-10-01T00,78,11,2700.0,2700.0,2700.0,2700.0,1,200,200,0,0,0,0,0
2026-10-01T00,79,0,785.0,790.0,780.0,785.0,19,6597,5551,131,29,0,0,13
2026-10-01T00,79,1,780.0,820.0,780.0,820.0,9,1534,1534,0,37,0,0,37
2026-10-01T00,79,2,815.0,820.0,810.0,815.0,11,11848,5389,309,976,0,15669,1476
2026-10-01T00,79,3,845.0,845.0,825.0,835.0,16,12301,5760,0,113,0,0,1413
2026-10-01T00,79,4,825.0,840.0,825.0,840.0,23,57354,36633,638,1460,0,0,0
2026-10-01T00,79,5,885.0,885.0,885.0,885.0,22,168966,25572,0,0,0,3374,1848
2026-10-01T00,79,6,960.0,960.0,960.0,960.0,8,18204,16970,0,0,0,0,0
2026-10-01T00,79,7,980.0,980.0,980.0,980.0,16,44271,23599,0,0,0,0,0
2026-10-01T00,79,8,985.0,985.0,985.0,985.0,7,26517,19105,0,0,0,0,0
2026-10-01T00,79,9,995.0,995.0,995.0,995.0,2,8500,7500,0,0,0,0,0
2026-10-01T00,79,10,990.0,990.0,990.0,990.0,32,12639,7239,0,0,0,0,0
2026-10-01T00,79,11,1050.0,1050.0,1050.0,1050.0,2,2000,1000,0,0,0,0,0
2026-10-01T00,79,12,1570.0,1570.0,1570.0,1570.0,2,125,125,0,0,0,0,0
2026-10-01T00,80,0,4460.0,4460.0,4460.0,4460.0,11,965,865,6,0,0,0,0
2026-10-01T00,80,1,4610.0,4610.0,4610.0,4610.0,4,586,586,0,0,0,0,0
2026-10-01T00,80,2,4490.0,4490.0,4490.0,4490.0,7,526,162,78,0,0,0,0
2026-10-01T00,80,3,4500.0,4500.0,4490.0,4490.0,11,2007,127,40,0,0,0,50
2026-10-01T00,80,4,4810.0,4810.0,4790.0,4790.0,16,4102,4102,0,0,0,0,170
2026-10-01T00,80,5,4850.0,4850.0,4850.0,4850.0,17,5653,5653,0,0,0,0,0
2026-10-01T00,80,6,4980.0,4980.0,4980.0,4980.0,6,1202,902,0,0,0,0,0
2026-10-01T00,80,7,5000.0,5000.0,5000.0,5000.0,8,1183,200,0,0,0,0,0
2026-10-01T00,80,8,6450.0,6450.0,6450.0,6450.0,2,419,48,0,0,0,0,0
2026-10-01T00,80,9,6425.0,6425.0,6425.0,6425.0,3,431,431,0,0,0,0,0
2026-10-01T00,81,0,4990.0,4990.0,4990.0,4990.0,6,59,54,2,0,0,0,2
2026-10-01T00,81,1,5050.0,5050.0,5050.0,5050.0,5,1021,1021,0,0,0,0,0
2026-10-01T00,81,2,5150.0,5200.0,5150.0,5200.0,4,566,566,6,7,0,0,0
2026-10-01T00,81,3,5175.0,5175.0,5175.0,5175.0,10,1391,1391,84,0,0,0,0
2026-10-01T00,81,4,5350.0,5350.0,5350.0,5350.0,5,1489,176,10,0,0,0,0
2026-10-01T00,81,5,5475.0,5475.0,5475.0,5475.0,3,1993,1993,0,0,0,0,0
2026-10-01T00,81,6,5525.0,5525.0,5525.0,5525.0,5,2274,795,0,0,0,0,0
2026-10-01T00,81,7,6000.0,6000.0,6000.0,6000.0,7,2479,1500,0,0,0,0,0
2026-10-01T00,81,8,6175.0,6175.0,6175.0,6175.0,5,2265,2265,50,0,0,0,0
2026-10-01T00,81,9,6600.0,6600.0,6600.0,6600.0,2,1100,1100,0,0,0,0,0
2026-10-01T00,81,10,6800.0,6800.0,6800.0,6800.0,2,1100,1100,0,0,0,0,0
2026-10-01T00,81,11,6900.0,6900.0,6900.0,6900.0,2,1095,1095,0,0,0,0,0
2026-10-01T00,82,2,1690.0,1690.0,1690.0,1690.0,1,476,476,0,0,0,0,0
2026-10-01T00,82,3,1680.0,1680.0,1680.0,1680.0,5,2117,2117,94,0,0,0,0
2026-10-01T00,82,4,1700.0,1700.0,1700.0,1700.0,10,2716,2178,104,0,0,0,0
2026-10-01T00,82,5,1730.0,1730.0,1730.0,1730.0,13,21946,18670,0,0,0,0,0
2026-10-01T00,82,6,1900.0,1900.0,1900.0,1900.0,4,1493,376,0,0,0,0,0
2026-10-01T00,82,7,1940.0,1940.0,1940.0,1940.0,8,7146,6146,0,0,0,0,0
2026-10-01T00,82,8,2100.0,2100.0,2100.0,2100.0,1,11,11,0,0,0,0,0
2026-10-01T00,82,9,1800.0,1800.0,1800.0,1800.0,3,2450,1071,0,0,0,0,0
2026-10-01T00,82,10,2400.0,2400.0,2400.0,2400.0,1,500,500,0,0,0,0,0
2026-10-01T00,83,0,29.75,29.75,28.75,28.75,24,86793,18852,0,0,0,0,8893
2026-10-01T00,83,1,32.25,32.25,31.75,31.75,19,356278,130892,0,0,0,0,42039
2026-10-01T00,83,2,33.75,33.75,33.75,33.75,17,182460,87149,2000,0,0,0,0
2026-10-01T00,83,3,34.25,34.25,34.0,34.0,12,336815,241791,0,0,0,0,70092
2026-10-01T00,83,4,34.5,34.5,34.5,34.5,11,464884,229422,0,0,0,0,0
2026-10-01T00,83,5,37.0,37.0,37.0,37.0,13,1127824,615806,0,0,0,0,0
2026-10-01T00,83,6,38.25,38.25,38.25,38.25,8,484300,484300,0,0,0,0,0
2026-10-01T00,83,7,41.75,41.75,41.75,41.75,2,40999,25999,0,0,0,0,0
2026-10-01T00,83,8,42.0,42.0,42.0,42.0,1,20000,20000,0,0,0,0,0
2026-10-01T00,83,9,45.0,45.0,45.0,45.0,1,10000,10000,0,0,0,0,0
2026-10-01T00,83,11,65.0,65.0,65.0,65.0,1,2002,2002,0,0,0,0,0
2026-10-01T00,84,0,8450.0,8475.0,8450.0,8475.0,17,891,334,4,2,0,0,0
2026-10-01T00,84,1,8950.0,8950.0,8950.0,8950.0,21,811,731,22,42,0,0,0
2026-10-01T00,84,2,9400.0,9400.0,9375.0,9375.0,25,2274,1909,7,11,0,0,18
2026-10-01T00,84,3,9900.0,9900.0,9900.0,9900.0,12,2038,1348,0,0,0,0,0
2026-10-01T00,84,4,10000.0,10000.0,10000.0,10000.0,11,1143,452,0,0,0,0,220
2026-10-01T00,84,5,10800.0,10800.0,10800.0,10800.0,5,220,220,0,0,0,0,0
2026-10-01T00,84,6,10900.0,10900.0,10900.0,10900.0,3,715,715,0,0,0,0,0
2026-10-01T00,84,7,11300.0,11300.0,11300.0,11300.0,2,300,300,0,0,0,0,0
2026-10-01T00,84,8,11100.0,11100.0,11100.0,11100.0,8,879,750,0,0,0,0,0
2026-10-01T00,84,10,14700.0,14700.0,14700.0,14700.0,4,308,308,0,0,0,0,0
2026-10-01T00,85,0,7150.0,7150.0,7150.0,7150.0,13,217,165,0,0,0,0,0
2026-10-01T00,85,1,8200.0,8200.0,8200.0,8200.0,7,321,321,0,0,0,0,0
2026-10-01T00,85,2,8325.0,8325.0,8300.0,8300.0,5,589,589,0,0,0,0,10
2026-10-01T00,85,3,8925.0,8925.0,8925.0,8925.0,2,64,64,0,0,0,0,0
2026-10-01T00,85,4,8900.0,8900.0,8900.0,8900.0,15,2410,1280,0,0,0,100,0
2026-10-01T00,85,5,9500.0,9500.0,9500.0,9500.0,1,100,100,0,0,0,0,0
2026-10-01T00,85,6,10600.0,10600.0,10600.0,10600.0,6,1920,1420,0,0,0,0,0
2026-10-01T00,85,7,10900.0,10900.0,10900.0,10900.0,3,142,105,0,0,0,0,0
2026-10-01T00,85,8,14900.0,14900.0,14900.0,14900.0,2,36,36,0,0,0,0,0
2026-10-01T00,85,10,11000.0,11000.0,11000.0,11000.0,1,50,50,0,0,0,0,0
2026-10-01T00,86,0,10000.0,10000.0,10000.0,10000.0,8,167,141,0,0,0,0,0
2026-10-01T00,86,1,10800.0,10800.0,10800.0,10800.0,1,6,6,0,0,0,0,0
2026-10-01T00,86,2,10300.0,10300.0,10300.0,10300.0,3,1439,63,0,0,0,0,0
2026-10-01T00,86,3,10200.0,10200.0,10200.0,10200.0,9,1918,1904,0,0,0,0,0
2026-10-01T00,86,4,10200.0,10200.0,10200.0,10200.0,6,1219,710,48,0,0,0,0
2026-10-01T00,86,5,10500.0,10500.0,10500.0,10500.0,6,6774,4306,0,0,0,0,0
2026-10-01T00,86,6,10800.0,10800.0,10800.0,10800.0,6,998,498,0,0,0,0,0
2026-10-01T00,86,7,12100.0,12100.0,12100.0,12100.0,2,1079,1079,0,0,0,0,0
2026-10-01T00,86,8,13100.0,13100.0,13100.0,13100.0,2,600,600,0,0,0,0,0
2026-10-01T00,86,9,13200.0,13200.0,13200.0,13200.0,2,143,143,0,0,0,0,0
2026-10-01T00,86,10,12500.0,12500.0,12500.0,12500.0,2,207,205,0,0,0,0,0
2026-10-01T00,87,0,452.0,452.0,452.0,452.0,7,2657,1832,0,0,0,0,0
2026-10-01T00,87,1,472.0,472.0,472.0,472.0,4,2690,980,0,0,0,0,0
2026-10-01T00,87,2,480.0,480.0,480.0,480.0,9,3396,3075,5,0,0,0,0
2026-10-01T00,87,3,530.0,530.0,530.0,530.0,6,3774,1088,0,0,0,0,0
2026-10-01T00,87,4,595.0,595.0,595.0,595.0,5,4219,2589,0,0,0,0,0
2026-10-01T00,87,5,595.0,595.0,595.0,595.0,11,23923,7688,0,0,0,0,0
2026-10-01T00,87,6,770.0,770.0,770.0,770.0,1,1538,1538,0,0,0,0,0
2026-10-01T00,87,7,770.0,770.0,770.0,770.0,2,1359,1359,0,0,0,0,0
2026-10-01T00,87,8,795.0,795.0,795.0,795.0,1,100,100,0,0,0,0,0
2026-10-01T00,87,9,800.0,800.0,800.0,800.0,1,1337,1337,0,0,0,0,0
2026-10-01T00,88,0,10900.0,11100.0,10900.0,11100.0,16,859,159,0,11,0,0,0
2026-10-01T00,88,1,11100.0,11100.0,11100.0,11100.0,5,239,239,16,0,0,0,0
2026-10-01T00,88,2,11900.0,11900.0,11900.0,11900.0,2,89,89,0,0,0,0,0
2026-10-01T00,88,3,11500.0,11600.0,11500.0,11600.0,3,129,129,34,12,0,0,0
2026-10-01T00,88,4,11700.0,11700.0,11700.0,11700.0,6,700,700,0,0,0,0,0
2026-10-01T00,88,5,11800.0,11800.0,11800.0,11800.0,5,1562,1113,0,0,0,0,0
2026-10-01T00,88,6,11700.0,11700.0,11700.0,11700.0,5,1133,694,0,0,0,0,32
2026-10-01T00,88,7,12800.0,12800.0,12800.0,12800.0,1,50,50,0,0,0,0,0
2026-10-01T00,88,8,11800.0,11800.0,11800.0,11800.0,4,1040,200,0,0,0,0,0
2026-10-01T00,88,9,12200.0,12200.0,12200.0,12200.0,2,326,306,0,0,0,0,0
2026-10-01T00,88,10,12700.0,12700.0,12700.0,12700.0,2,450,250,0,0,0,0,0
2026-10-01T00,89,0,4420.0,4420.0,4420.0,4420.0,22,1938,1510,0,0,0,0,0
2026-10-01T00,89,1,4500.0,4500.0,4500.0,4500.0,6,389,254,0,0,0,0,0
2026-10-01T00,89,2,4650.0,4650.0,4630.0,4630.0,10,598,598,34,0,0,0,133
2026-10-01T00,89,3,4660.0,4660.0,4660.0,4660.0,13,2025,1839,94,0,0,0,0
2026-10-01T00,89,4,4770.0,4770.0,4770.0,4770.0,7,3523,3330,0,0,0,0,321
2026-10-01T00,89,5,5125.0,5125.0,5125.0,5125.0,5,2273,1822,0,0,0,0,0
2026-10-01T00,89,6,5575.0,5575.0,5575.0,5575.0,10,2880,2581,0,0,0,0,0
2026-10-01T00,89,7,5975.0,5975.0,5975.0,5975.0,2,119,119,0,0,0,0,0
2026-10-01T00,89,8,5750.0,5750.0,5750.0,5750.0,2,698,500,0,0,0,0,0
2026-10-01T00,89,9,6250.0,6250.0,6250.0,6250.0,2,1080,1080,0,0,0,0,0
2026-10-01T00,89,10,6000.0,6000.0,6000.0,6000.0,3,509,509,0,0,0,0,0
2026-10-01T00,98,0,805.0,805.0,805.0,805.0,7,2244,1698,0,0,0,0,0
2026-10-01T00,98,1,805.0,805.0,805.0,805.0,8,4005,2038,100,0,0,0,0
2026-10-01T00,98,2,810.0,810.0,810.0,810.0,10,7938,5034,0,0,0,0,0
2026-10-01T00,98,3,810.0,820.0,810.0,820.0,29,21525,11339,375,2,0,0,0
2026-10-01T00,98,4,850.0,850.0,850.0,850.0,12,41803,31466,0,0,0,0,0
2026-10-01T00,98,5,875.0,875.0,875.0,875.0,7,13618,13138,0,0,0,0,0
2026-10-01T00,98,6,890.0,890.0,890.0,890.0,7,700,500,0,0,0,0,0
2026-10-01T00,98,7,935.0,935.0,935.0,935.0,2,10000,10000,0,0,0,0,0
2026-10-01T00,98,8,965.0,965.0,965.0,965.0,1,462,462,0,0,0,0,0
2026-10-01T00,100,0,108.0,109.0,108.0,108.0,17,2171439,855095,43258,40000,0,0,20000
2026-10-01T00,101,0,186.0,186.0,183.0,185.0,39,203149,187945,23539,1323,0,5000,6918
2026-10-01T00,101,1,188.0,188.0,188.0,188.0,21,162133,112356,0,7489,0,0,0
2026-10-01T00,101,2,187.0,187.0,185.0,187.0,17,93220,77192,5468,2116,0,0,7584
2026-10-01T00,101,3,188.0,188.0,186.0,186.0,31,184557,170452,0,308,0,0,26513
2026-10-01T00,101,4,188.0,188.0,188.0,188.0,15,161808,161803,0,0,0,0,7000
2026-10-01T00,101,5,189.0,189.0,189.0,189.0,11,27637,22629,0,0,0,0,0
2026-10-01T00,102,0,2.55,2.55,2.4,2.5,47,1942327,834516,17348,245090,0,50000,324302
2026-10-01T00,102,1,2.55,2.55,2.45,2.45,14,533141,167266,0,30000,0,0,134135
2026-10-01T00,102,2,2.6,2.6,2.5,2.5,22,9653388,253131,20948,0,0,0,73161
2026-10-01T00,102,3,2.55,2.55,2.5,2.5,32,7441678,2072660,503291,0,266071,128636,562472
2026-10-01T00,102,4,2.6,2.6,2.6,2.6,13,6530397,2928373,0,19000,0,0,126530
2026-10-01T00,102,5,2.75,2.75,2.75,2.75,3,783328,603328,0,0,0,0,0
2026-10-01T00,102,6,3.05,3.05,3.05,3.05,2,4142954,4142954,0,0,0,0,0
2026-10-01T00,102,7,3.15,3.15,3.15,3.15,3,268265,40000,0,0,0,0,0
2026-10-01T00,102,10,3.2,3.2,3.2,3.2,2,1013840,1013840,0,0,0,0,0
2026-10-01T00,102,12,3.4,3.4,3.4,3.4,1,993200,993200,6800,0,0,0,0
2026-10-01T00,103,0,6.2,6.6,6.2,6.6,21,563126,362696,0,115231,0,0,72550
2026-10-01T00,103,1,6.3,6.7,6.3,6.7,2,97727,97727,11967,3469,0,0,0
2026-10-01T00,103,2,6.4,6.6,6.4,6.6,6,338100,338000,0,22767,0,0,0
2026-10-01T00,103,3,6.5,6.5,6.4,6.5,8,3282020,2549020,60462,3442,0,0,3442
2026-10-01T00,103,4,6.9,6.9,6.9,6.9,4,876508,826508,0,0,0,0,0
2026-10-01T00,103,5,7.2,7.2,7.2,7.2,5,233481,148481,0,0,0,0,0
2026-10-01T00,103,6,7.5,7.5,7.5,7.5,2,1027188,1027188,0,0,0,0,0
2026-10-01T00,103,8,8.2,8.2,8.2,8.2,2,360970,355971,0,0,0,0,0
2026-10-01T00,103,9,10.4,10.4,10.4,10.4,1,4999,4999,0,0,0,0,0
2026-10-01T00,103,10,10.5,10.5,10.5,10.5,1,28530,28530,0,0,0,0,0
2026-10-01T00,103,11,10.6,10.6,10.6,10.6,1,10000,10000,0,0,0,0,0
2026-10-01T00,104,0,0.98,0.98,0.98,0.98,12,1685915,1595508,0,0,0,0,0
2026-10-01T00,104,1,0.975,0.975,0.975,0.975,3,571151,571151,0,5747,0,0,0
2026-10-01T00,104,2,0.975,0.975,0.975,0.975,8,6987043,6987043,0,0,0,0,0
2026-10-01T00,104,3,0.975,0.975,0.975,0.975,17,5524191,5282320,404729,0,0,0,0
2026-10-01T00,104,4,1.14,1.14,1.14,1.14,5,11902145,1450000,0,0,0,0,0
2026-10-01T00,104,5,1.39,1.39,1.39,1.39,2,1391991,1391991,0,0,0,0,0
2026-10-01T00,104,6,1.49,1.49,1.49,1.49,2,59999,50000,0,0,0,0,0
2026-10-01T00,104,9,1.5,1.5,1.5,1.5,1,100000,100000,0,0,0,0,0
2026-10-01T00,104,11,2.1,2.1,2.1,2.1,1,29999,29999,0,0,0,0,0
2026-10-01T00,105,0,1.74,1.75,1.74,1.75,10,465072,249192,34629,4037,0,0,3600
2026-10-01T00,105,1,1.78,1.78,1.78,1.78,2,63638,63638,0,0,0,0,0
2026-10-01T00,105,2,1.86,1.86,1.86,1.86,6,4806159,4806159,0,0,0,0,0
2026-10-01T00,105,3,1.8,1.8,1.8,1.8,1,97000,97000,0,0,0,0,0
2026-10-01T00,105,4,1.89,1.89,1.86,1.86,6,7062374,6562374,0,0,0,0,4800000
2026-10-01T00,105,5,1.99,1.99,1.99,1.99,3,3374836,3364836,0,0,0,0,0
2026-10-01T00,105,6,2.2,2.2,2.2,2.2,3,79997,79997,0,0,0,0,0
2026-10-01T00,105,9,2.2,2.2,2.2,2.2,1,50000,50000,0,0,0,0,0
2026-10-01T00,105,10,2.2,2.2,2.2,2.2,3,150000,150000,0,0,0,0,0
2026-10-01T00,106,0,3.75,4.0,3.65,4.0,37,145869,109531,14560,83200,0,0,35212
2026-10-01T00,106,1,4.1,4.1,4.05,4.05,3,737202,737202,14957,93133,0,0,33233
2026-10-01T00,106,2,4.2,4.2,4.2,4.2,7,1356516,1356516,0,0,0,0,0
2026-10-01T00,106,3,4.1,4.1,4.1,4.1,15,2515420,927731,13499,0,0,0,0
2026-10-01T00,106,4,4.6,4.6,4.6,4.6,5,336352,320056,0,0,0,0,0
2026-10-01T00,106,6,4.65,4.65,4.65,4.65,5,500000,500000,0,0,0,0,0
2026-10-01T00,107,0,20.5,20.75,20.5,20.5,11,687706,487719,3712,1170,0,0,11435
2026-10-01T00,107,1,20.5,21.0,20.5,20.75,11,300481,290481,31766,38944,0,0,95961
2026-10-01T00,107,2,21.0,21.0,21.0,21.0,3,567669,567669,20913,8553,0,0,0
2026-10-01T00,107,3,21.5,21.5,21.5,21.5,7,1196059,796059,0,0,0,0,0
2026-10-01T00,107,4,21.0,21.25,21.0,21.25,3,30764,15764,0,12434,0,0,0
2026-10-01T00,107,5,25.25,25.25,25.25,25.25,1,261940,261940,0,0,0,0,0
2026-10-01T00,107,6,22.75,22.75,22.75,22.75,2,152676,38173,0,0,0,0,0
2026-10-01T00,108,0,9.2,9.2,9.0,9.2,50,1592655,1140170,0,2023,0,20000,22023
2026-10-01T00,108,1,9.3,9.3,9.0,9.0,17,1696825,317087,33224,5812,0,0,124970
2026-10-01T00,108,2,9.2,9.3,9.2,9.3,13,1501523,337006,148105,176935,0,0,0
2026-10-01T00,108,3,9.4,9.5,9.4,9.5,11,3368584,3368472,0,15059,0,0,0
2026-10-01T00,108,4,9.5,9.5,9.5,9.5,7,292606,291926,0,0,0,0,0
2026-10-01T00,108,5,12.0,12.0,12.0,12.0,1,30000,30000,0,0,0,0,0
2026-10-01T00,108,6,12.0,12.0,12.0,12.0,1,20000,20000,0,0,0,0,0
2026-10-01T00,109,0,104.0,107.0,104.0,106.0,6,20403,20351,7527,27463,0,0,15069
2026-10-01T00,109,1,107.0,107.0,107.0,107.0,7,101579,7540,0,0,0,0,0
2026-10-01T00,109,2,106.0,107.0,106.0,106.0,6,65821,63817,2831,1446,0,0,282
2026-10-01T00,109,3,107.0,107.0,107.0,107.0,12,95494,93265,0,0,0,0,10000
2026-10-01T00,109,4,107.0,107.0,107.0,107.0,6,143006,142814,0,0,0,0,0
2026-10-01T00,109,5,107.0,114.0,107.0,114.0,1,1000,1000,16064,3936,0,0,0
2026-10-01T00,109,6,109.0,109.0,109.0,109.0,6,54666,29666,0,0,0,0,0
2026-10-01T00,109,7,172.0,172.0,172.0,172.0,1,1999,1999,0,0,0,0,0
2026-10-01T00,109,8,173.0,173.0,173.0,173.0,1,9999,9999,0,0,0,0,0
2026-10-01T00,109,10,174.0,174.0,174.0,174.0,2,798,798,0,0,0,0,0
2026-10-01T00,110,0,200.0,200.0,197.0,197.0,7,48366,18326,1477,1807,0,0,3979
2026-10-01T00,110,1,200.0,200.0,200.0,200.0,2,16570,16570,0,0,0,0,0
2026-10-01T00,110,2,200.0,202.0,198.0,198.0,15,93375,79356,1830,6805,0,0,23561
2026-10-01T00,110,3,199.0,199.0,199.0,199.0,3,6768,6768,2673,6768,0,0,0
2026-10-01T00,110,4,200.0,204.0,200.0,204.0,1,6414,6414,99,401,0,0,0
2026-10-01T00,110,5,202.0,204.0,202.0,204.0,5,281699,211699,11399,15299,0,0,0
2026-10-01T00,111,0,2510.0,2540.0,2510.0,2540.0,106,128889,92469,3965,9186,0,1003,5936
2026-10-01T00,112,0,2150.0,2160.0,2150.0,2160.0,9,16271,16271,163,68,0,0,0
2026-10-01T00,112,1,2150.0,2170.0,2150.0,2150.0,14,6286,4386,33,254,0,0,884
2026-10-01T00,112,2,2150.0,2170.0,2150.0,2170.0,6,2199,2198,115,656,0,0,0
2026-10-01T00,112,3,2160.0,2190.0,2160.0,2190.0,9,8266,8261,34,568,0,0,0
2026-10-01T00,112,4,2460.0,2460.0,2460.0,2460.0,1,300,300,0,0,0,0,0
2026-10-01T00,113,0,111.0,116.0,111.0,115.0,43,670801,180292,700,23666,0,0,5892
2026-10-01T00,114,0,560.0,560.0,555.0,555.0,65,19108,1275,13,0,0,0,96
2026-10-01T00,114,1,890.0,890.0,890.0,890.0,7,3174,3174,0,0,0,0,0
2026-10-01T00,114,2,895.0,895.0,895.0,895.0,6,10517,10453,0,0,0,0,0
2026-10-01T00,114,3,885.0,885.0,885.0,885.0,10,5306,5279,55,0,0,0,0
2026-10-01T00,114,4,900.0,900.0,900.0,900.0,18,24367,24164,0,0,0,0,0
2026-10-01T00,114,5,910.0,910.0,910.0,910.0,10,18005,15842,0,0,0,0,0
2026-10-01T00,114,6,945.0,945.0,945.0,945.0,7,14384,14384,0,0,0,0,0
2026-10-01T00,114,7,1120.0,1120.0,1120.0,1120.0,8,3709,1960,0,0,0,0,0
2026-10-01T00,114,8,1210.0,1210.0,1210.0,1210.0,8,4000,2500,0,0,0,0,0
2026-10-01T00,114,9,1830.0,1830.0,1830.0,1830.0,3,2065,65,0,0,0,0,0
2026-10-01T00,114,12,2200.0,2200.0,2200.0,2200.0,2,2,2,0,0,0,0,0
2026-10-01T00,115,0,125.0,129.0,125.0,129.0,101,44468,37337,636,3953,0,0,3046
2026-10-01T00,115,1,131.0,131.0,129.0,129.0,21,33972,17318,986,0,0,0,2178
2026-10-01T00,115,2,134.0,134.0,128.0,128.0,28,89541,22446,1349,0,0,0,20613
2026-10-01T00,115,3,139.0,139.0,139.0,139.0,16,66410,64410,0,0,0,0,2373
2026-10-01T00,115,4,144.0,144.0,144.0,144.0,12,158135,74611,0,0,0,0,0
2026-10-01T00,115,5,159.0,159.0,159.0,159.0,2,45180,27180,0,0,0,0,0
2026-10-01T00,115,6,162.0,162.0,162.0,162.0,2,9323,9306,0,0,0,0,0
2026-10-01T00,115,7,160.0,160.0,160.0,160.0,3,2034,2033,0,0,0,0,0
2026-10-01T00,116,0,39.0,39.0,38.75,39.0,95,73224,13494,984,172,0,0,192
2026-10-01T00,116,1,40.75,40.75,40.75,40.75,10,79403,69343,0,0,0,0,0
2026-10-01T00,116,2,44.25,44.5,44.25,44.5,10,117545,38016,4775,500,0,0,0
2026-10-01T00,116,3,47.75,47.75,47.75,47.75,6,30532,17253,0,0,0,0,0
2026-10-01T00,116,4,59.5,59.5,59.5,59.5,2,20500,20500,0,0,0,0,0
2026-10-01T00,116,5,69.0,69.0,69.0,69.0,2,75458,75458,0,0,0,0,0
2026-10-01T00,116,6,75.0,75.0,75.0,75.0,1,999,999,0,0,0,0,0
2026-10-01T00,116,8,122.0,122.0,122.0,122.0,1,1,1,0,0,0,0,0
2026-10-01T00,117,0,6.7,6.9,6.5,6.9,115,736760,443962,2715,1307,0,0,10879
2026-10-01T00,117,1,7.3,7.3,7.3,7.3,10,223051,85251,10866,0,0,0,0
2026-10-01T00,117,2,8.0,8.3,8.0,8.2,11,725955,725955,0,113479,0,0,8107
2026-10-01T00,117,3,9.1,9.9,9.0,9.9,2,865207,865207,0,80144,0,0,29902
2026-10-01T00,117,4,9.9,9.9,9.9,9.9,7,3323917,182350,46996,0,0,0,0
2026-10-01T00,117,5,11.3,11.5,11.3,11.5,8,332479,332479,0,61433,0,0,0
2026-10-01T00,117,6,12.8,12.8,12.8,12.8,1,80000,80000,0,0,0,0,0
2026-10-01T00,117,7,12.9,12.9,12.9,12.9,6,681771,361164,7000,0,0,0,0
2026-10-01T00,117,8,13.8,13.8,13.8,13.8,2,3076619,3076619,1728,0,0,0,0
2026-10-01T00,117,9,18.9,18.9,18.9,18.9,1,40000,40000,0,0,0,0,0
2026-10-01T00,117,10,18.9,18.9,18.2,18.2,7,80000,80000,0,0,0,0,30000
2026-10-01T00,117,11,19.7,19.7,19.7,19.7,7,5186324,56407,0,0,0,0,0
2026-10-01T00,117,12,23.0,23.0,23.0,23.0,1,2412,2412,0,0,0,0,0
2026-10-01T00,118,0,0.735,0.825,0.735,0.795,35,934721,11914,750,24428,0,0,9413
2026-10-01T00,118,1,0.825,0.825,0.82,0.82,5,9212,9212,0,0,0,0,6810
2026-10-01T00,118,2,0.825,0.825,0.825,0.825,6,1494608,1434608,36412,0,0,0,0
2026-10-01T00,118,3,0.945,1.06,0.945,1.06,12,3143143,2508597,0,1000,0,0,0
2026-10-01T00,118,4,0.95,0.95,0.95,0.95,5,22972215,20488445,365670,0,0,0,0
2026-10-01T00,118,5,1.3,1.3,1.3,1.3,3,6509555,235963,0,0,0,0,0
2026-10-01T00,118,6,1.35,1.35,1.35,1.35,8,14198121,2391832,0,0,0,0,0
2026-10-01T00,118,7,1.58,1.58,1.58,1.58,2,5193235,10208,0,0,0,0,0
2026-10-01T00,118,8,1.99,1.99,1.99,1.99,2,1529111,1529111,0,0,0,0,0
2026-10-01T00,118,9,2.0,2.0,2.0,2.0,2,6500000,6500000,0,0,0,0,0
2026-10-01T00,118,12,2.15,2.15,2.15,2.15,3,1040402,1029999,0,0,0,0,0
2026-10-01T00,119,0,36.0,37.25,36.0,37.25,29,11557,4921,412,3205,0,0,3499
2026-10-01T00,119,1,38.25,38.25,38.0,38.0,12,28623,21319,200,0,0,0,450
2026-10-01T00,119,2,39.75,39.75,39.75,39.75,25,356772,52164,0,0,0,0,0
2026-10-01T00,119,3,42.25,43.5,42.0,42.0,11,142777,110951,6498,43466,0,0,37205
2026-10-01T00,119,4,45.25,45.25,44.0,44.0,23,715421,107148,0,0,0,0,67452
2026-10-01T00,119,5,56.0,56.0,55.5,55.5,14,198365,64253,0,0,0,0,1104
2026-10-01T00,119,6,59.5,59.5,59.5,59.5,8,209599,144899,0,0,0,0,0
2026-10-01T00,119,7,60.0,60.0,60.0,60.0,7,46111,5514,0,0,0,0,0
2026-10-01T00,119,8,64.5,64.5,64.5,64.5,2,19959,210,578,0,0,0,0
2026-10-01T00,119,9,65.5,65.5,65.5,65.5,5,37655,37655,0,0,0,0,0
2026-10-01T00,119,10,69.0,69.0,68.0,68.0,2,40928,40928,0,0,0,0,928
2026-10-01T00,119,11,68.5,68.5,68.5,68.5,3,33134,28134,0,0,0,0,0
2026-10-01T00,119,12,74.5,74.5,74.5,74.5,2,50999,50999,0,0,0,0,0
2026-10-01T00,120,0,2.65,2.75,2.65,2.75,78,990535,771333,6730,2818,0,0,12
2026-10-01T00,120,1,2.75,2.8,2.75,2.75,6,310255,25216,4993,1282,0,0,12681
2026-10-01T00,120,2,2.8,2.9,2.8,2.9,8,1641401,800820,1635,16932,0,0,40000
2026-10-01T00,120,3,3.1,3.1,3.1,3.1,11,1822784,1170017,0,0,0,0,0
2026-10-01T00,120,4,3.45,3.45,3.45,3.45,2,373620,373620,3794,0,0,0,0
2026-10-01T00,120,5,4.4,4.4,4.4,4.4,1,2610,2610,0,0,0,0,0
2026-10-01T00,120,6,3.55,3.55,3.55,3.55,1,204738,204738,0,0,0,0,0
2026-10-01T00,120,7,3.75,3.75,3.75,3.75,5,2664260,1068465,0,0,0,0,0
2026-10-01T00,120,9,6.1,6.1,6.1,6.1,2,1779160,1761720,0,0,0,0,0
2026-10-01T00,120,10,6.4,6.4,6.4,6.4,7,3428888,640000,0,0,0,0,0
2026-10-01T00,120,11,6.5,6.5,6.5,6.5,3,1765662,398293,0,0,0,0,0
2026-10-01T00,121,0,140.0,140.0,140.0,140.0,32,15131,6983,0,0,0,0,0
2026-10-01T00,121,1,177.0,177.0,177.0,177.0,4,1609,1414,0,0,0,0,0
2026-10-01T00,121,2,182.0,182.0,182.0,182.0,8,10193,5738,0,0,0,0,0
2026-10-01T00,121,3,190.0,190.0,190.0,190.0,15,106244,68390,0,0,0,0,30000
2026-10-01T00,121,4,220.0,220.0,220.0,220.0,1,6780,6780,0,0,0,0,0
2026-10-01T00,121,5,226.0,226.0,226.0,226.0,3,12634,12634,0,0,0,0,0
2026-10-01T00,121,6,230.0,230.0,228.0,228.0,4,47563,47563,0,0,0,0,7362
2026-10-01T00,121,7,236.0,236.0,236.0,236.0,3,75256,75256,70,0,0,0,0
2026-10-01T00,121,8,276.0,276.0,276.0,276.0,1,10709,10709,0,0,0,0,0
2026-10-01T00,121,10,278.0,278.0,278.0,278.0,1,957,957,0,0,0,0,0
2026-10-01T00,121,12,278.0,278.0,278.0,278.0,3,6653,6653,0,0,0,0,0
2026-10-01T00,122,0,119.0,119.0,114.0,114.0,32,14541,863,0,763,0,0,409
2026-10-01T00,122,1,119.0,119.0,119.0,119.0,16,16511,13494,20,0,0,0,3083
2026-10-01T00,122,2,120.0,120.0,118.0,118.0,13,75878,14947,0,0,0,0,1508
2026-10-01T00,122,3,129.0,129.0,129.0,129.0,9,30103,26222,0,0,0,0,132
2026-10-01T00,122,4,131.0,138.0,131.0,138.0,6,172557,172557,0,3096,0,0,1004
2026-10-01T00,122,5,139.0,139.0,139.0,139.0,11,90794,69065,0,0,0,0,0
2026-10-01T00,122,6,132.0,145.0,132.0,145.0,18,201516,70766,0,22951,0,0,0
2026-10-01T00,122,7,174.0,174.0,174.0,174.0,3,27404,27404,0,0,0,0,0
2026-10-01T00,122,8,178.0,178.0,178.0,178.0,1,259,259,0,0,0,0,0
2026-10-01T00,122,9,178.0,178.0,178.0,178.0,3,69906,69906,0,0,0,0,0
2026-10-01T00,122,10,186.0,186.0,182.0,182.0,5,83052,83052,0,0,9969,0,10000
2026-10-01T00,122,12,212.0,212.0,212.0,212.0,3,241235,9571,1844,0,0,0,0
2026-10-01T00,123,0,294.0,294.0,294.0,294.0,20,7595,7373,10,0,0,0,0
2026-10-01T00,123,1,316.0,316.0,316.0,316.0,1,1143,1143,0,0,0,0,0
2026-10-01T00,123,2,302.0,302.0,302.0,302.0,6,678,666,0,0,0,0,0
2026-10-01T00,123,3,302.0,302.0,302.0,302.0,6,8079,8079,0,0,0,0,0
2026-10-01T00,123,4,304.0,304.0,298.0,298.0,8,38310,33310,0,0,0,0,1000
2026-10-01T00,123,5,302.0,302.0,300.0,300.0,12,132423,110574,0,0,0,0,10000
2026-10-01T00,123,6,310.0,310.0,310.0,310.0,4,18595,5738,0,0,0,0,0
2026-10-01T00,123,7,320.0,320.0,320.0,320.0,3,17146,11584,0,0,0,0,0
2026-10-01T00,123,8,368.0,368.0,368.0,368.0,1,1000,1000,0,0,0,0,0
2026-10-01T00,123,9,348.0,348.0,348.0,348.0,4,9787,3787,0,0,0,0,0
2026-10-01T00,124,0,33.0,33.25,33.0,33.0,64,214654,30488,344,230,0,0,1339
2026-10-01T00,124,1,33.75,33.75,33.75,33.75,20,172812,126791,0,0,0,0,0
2026-10-01T00,124,2,37.25,37.25,37.25,37.25,9,235714,159458,0,0,0,0,0
2026-10-01T00,124,3,37.25,38.25,37.25,38.25,7,219511,219511,0,30956,0,0,0
2026-10-01T00,124,4,38.0,38.5,38.0,38.5,10,175855,162609,362,11882,0,0,0
2026-10-01T00,124,5,44.25,44.25,44.0,44.0,13,694479,638788,432,0,0,0,10000
2026-10-01T00,124,6,46.5,46.5,46.5,46.5,11,714888,424425,0,0,0,0,0
2026-10-01T00,124,7,50.5,50.5,50.5,50.5,5,294439,279581,0,0,0,0,0
2026-10-01T00,124,8,51.0,51.0,51.0,51.0,6,124871,80368,800,0,0,0,0
2026-10-01T00,124,9,60.5,60.5,60.5,60.5,4,1130483,1130483,0,0,0,0,0
2026-10-01T00,124,10,66.0,66.0,66.0,66.0,7,86196,77804,0,0,0,0,0
2026-10-01T00,124,11,72.0,72.0,72.0,72.0,2,1716,1000,0,0,0,0,0
2026-10-01T00,124,12,83.0,83.0,83.0,83.0,8,17965,6965,0,0,0,0,0
2026-10-01T00,125,0,25.5,25.5,24.5,25.5,57,243783,9104,137,1017,0,0,4994
2026-10-01T00,125,1,26.75,26.75,26.75,26.75,13,118689,13703,0,0,0,0,0
2026-10-01T00,125,2,28.5,28.5,28.25,28.25,17,103924,50758,0,0,0,0,122
2026-10-01T00,125,3,35.0,35.75,35.0,35.75,20,159354,44982,12033,26667,0,0,0
2026-10-01T00,125,4,41.25,41.25,41.25,41.25,18,415272,379525,5000,0,0,0,0
2026-10-01T00,125,5,43.75,43.75,43.75,43.75,6,427150,419150,0,0,0,0,0
2026-10-01T00,125,6,48.0,48.0,48.0,48.0,5,152487,152487,0,0,0,0,0
2026-10-01T00,125,7,49.0,49.0,49.0,49.0,9,432482,320522,0,0,0,0,0
2026-10-01T00,125,8,51.0,51.0,51.0,51.0,4,218930,87381,1047,0,0,0,0
2026-10-01T00,125,9,59.0,59.0,59.0,59.0,3,433998,242297,0,0,0,0,0
2026-10-01T00,125,10,59.0,59.0,59.0,59.0,4,240503,219543,0,0,0,0,0
2026-10-01T00,125,11,60.0,60.0,60.0,60.0,2,14484,14484,0,0,0,0,0
2026-10-01T00,125,12,75.0,75.0,75.0,75.0,2,44121,44111,0,0,0,0,0
2026-10-01T00,126,0,49.75,51.5,49.75,51.5,18,20534,19701,0,3487,0,0,51
2026-10-01T00,126,1,50.5,51.5,50.5,51.0,9,43240,41366,1814,213,0,0,11966
2026-10-01T00,126,2,52.0,52.0,52.0,52.0,10,121291,91686,0,0,0,0,551
2026-10-01T00,126,3,55.0,55.0,55.0,55.0,4,93154,34593,0,0,0,0,0
2026-10-01T00,126,4,57.0,57.0,56.5,56.5,7,104023,104023,5000,0,0,0,27797
2026-10-01T00,126,5,59.5,59.5,59.5,59.5,8,238888,238888,20340,0,0,0,0
2026-10-01T00,126,6,62.0,62.0,62.0,62.0,3,43573,43573,0,0,0,0,0
2026-10-01T00,126,7,64.0,64.0,64.0,64.0,5,19054,14054,0,0,0,0,0
2026-10-01T00,126,8,69.5,69.5,69.5,69.5,6,97238,97144,924,0,0,0,0
2026-10-01T00,126,9,77.0,77.0,77.0,77.0,1,2947,2947,0,0,0,0,0
2026-10-01T00,126,10,83.0,83.0,83.0,83.0,3,291815,41815,0,0,0,0,0
2026-10-01T00,126,12,99.0,99.0,99.0,99.0,2,3071,71,0,0,0,0,0
2026-10-01T00,127,0,448.0,448.0,448.0,448.0,22,6819,5705,2,0,0,0,0
2026-10-01T00,127,1,452.0,452.0,452.0,452.0,9,23041,23021,0,0,0,0,0
2026-10-01T00,127,2,454.0,454.0,454.0,454.0,9,18127,16666,0,0,0,0,0
2026-10-01T00,127,3,456.0,456.0,456.0,456.0,5,4598,4598,0,0,0,0,0
2026-10-01T00,127,5,490.0,490.0,490.0,490.0,5,27774,11740,0,0,0,0,0
2026-10-01T00,128,0,53.5,53.5,53.5,53.5,19,12564,1633,28,0,0,0,0
2026-10-01T00,128,1,60.5,60.5,60.5,60.5,5,8712,8712,0,0,0,0,0
2026-10-01T00,128,2,68.5,68.5,68.5,68.5,5,18604,18604,0,0,0,0,0
2026-10-01T00,128,3,77.5,77.5,77.5,77.5,3,41103,17855,0,0,0,0,0
2026-10-01T00,128,4,85.0,85.0,85.0,85.0,2,13761,13761,0,0,0,0,0
2026-10-01T00,128,5,85.5,85.5,85.5,85.5,5,58498,56998,0,0,0,0,0
2026-10-01T00,128,9,100.0,100.0,100.0,100.0,1,37116,37116,0,0,0,0,0
2026-10-01T00,128,10,110.0,110.0,110.0,110.0,1,500,500,0,0,0,0,0
2026-10-01T00,129,0,2440.0,2510.0,2440.0,2510.0,26,2258,818,0,136,0,0,0
2026-10-01T00,129,1,2650.0,2680.0,2650.0,2680.0,8,1321,621,0,173,0,0,0
2026-10-01T00,129,2,2830.0,2830.0,2830.0,2830.0,11,815,702,0,0,0,0,0
2026-10-01T00,129,3,2850.0,2850.0,2850.0,2850.0,27,3022,2337,0,0,0,0,50
2026-10-01T00,129,4,2920.0,2920.0,2920.0,2920.0,7,1418,556,0,0,0,0,0
2026-10-01T00,129,5,2940.0,2940.0,2940.0,2940.0,9,8173,4810,0,0,0,0,0
2026-10-01T00,129,6,3000.0,3000.0,3000.0,3000.0,5,3464,550,0,0,0,0,0
2026-10-01T00,129,7,2990.0,2990.0,2990.0,2990.0,14,4833,1294,0,0,0,0,0
2026-10-01T00,129,8,3390.0,3390.0,3390.0,3390.0,11,6228,4403,0,0,0,0,0
2026-10-01T00,129,9,4500.0,4500.0,4500.0,4500.0,1,424,424,0,0,0,0,0
2026-10-01T00,129,11,4980.0,4980.0,4980.0,4980.0,2,60,60,0,0,0,0,0
2026-10-01T00,129,12,4500.0,4500.0,4500.0,4500.0,2,1208,716,0,0,0,0,0
2026-10-01T00,130,0,2480.0,2480.0,2480.0,2480.0,2,25,25,0,0,0,0,0
2026-10-01T00,130,1,2490.0,2490.0,2490.0,2490.0,2,744,744,0,0,0,0,0
2026-10-01T00,130,2,2460.0,2460.0,2460.0,2460.0,5,349,349,6,0,0,0,0
2026-10-01T00,130,3,2480.0,2480.0,2480.0,2480.0,11,3967,925,0,0,0,0,0
2026-10-01T00,130,4,2500.0,2500.0,2500.0,2500.0,5,1197,1197,0,0,0,0,0
2026-10-01T00,130,5,2720.0,2720.0,2720.0,2720.0,5,13040,1782,0,0,0,0,0
2026-10-01T00,130,6,2800.0,2800.0,2800.0,2800.0,1,1418,1418,0,0,0,0,0
2026-10-01T00,130,7,2970.0,2970.0,2970.0,2970.0,3,1596,1596,0,0,0,0,0
2026-10-01T00,130,8,2990.0,2990.0,2990.0,2990.0,2,554,554,0,0,0,0,0
2026-10-01T00,130,9,3040.0,3040.0,3040.0,3040.0,2,2618,2618,0,0,0,0,0
2026-10-01T00,130,11,3100.0,3100.0,3100.0,3100.0,1,4845,4845,0,0,0,0,0
2026-10-01T00,130,12,3990.0,3990.0,3990.0,3990.0,2,141,141,0,0,0,0,0
2026-10-01T00,131,0,2370.0,2370.0,2370.0,2370.0,17,1641,1641,0,0,0,0,0
2026-10-01T00,131,1,2400.0,2400.0,2400.0,2400.0,12,430,324,0,0,0,0,0
2026-10-01T00,131,2,2430.0,2430.0,2430.0,2430.0,13,1302,519,0,0,0,0,0
2026-10-01T00,131,3,2880.0,2880.0,2880.0,2880.0,2,701,701,0,0,0,0,0
2026-10-01T00,131,4,2900.0,2900.0,2900.0,2900.0,6,2403,2403,0,0,0,0,0
2026-10-01T00,131,5,2980.0,2980.0,2980.0,2980.0,8,8186,5736,0,0,0,0,0
2026-10-01T00,131,7,3040.0,3040.0,3040.0,3040.0,1,80,80,0,0,0,0,0
2026-10-01T00,131,8,3030.0,3030.0,3030.0,3030.0,1,387,387,0,0,0,0,0
2026-10-01T00,131,9,3030.0,3030.0,3030.0,3030.0,2,3721,3721,0,0,0,0,0
2026-10-01T00,132,0,2130.0,2130.0,2130.0,2130.0,25,949,275,0,0,0,0,15
2026-10-01T00,132,1,2660.0,2660.0,2660.0,2660.0,6,284,284,0,0,0,0,0
2026-10-01T00,132,2,2700.0,2700.0,2700.0,2700.0,6,1102,1102,0,0,0,0,0
2026-10-01T00,132,3,2690.0,2690.0,2690.0,2690.0,14,1494,1274,0,0,0,0,0
2026-10-01T00,132,4,2840.0,2840.0,2840.0,2840.0,3,318,318,0,0,0,0,0
2026-10-01T00,132,5,2900.0,2900.0,2900.0,2900.0,3,2121,2121,0,0,0,0,0
2026-10-01T00,132,6,2850.0,2850.0,2850.0,2850.0,3,540,540,0,0,0,0,0
2026-10-01T00,132,7,3000.0,3000.0,3000.0,3000.0,3,3077,985,0,0,0,0,0
2026-10-01T00,132,8,3480.0,3480.0,3480.0,3480.0,2,1022,1022,0,0,0,0,0
2026-10-01T00,132,10,3500.0,3500.0,3500.0,3500.0,3,117,17,0,0,0,0,0
2026-10-01T00,133,0,13.8,14.2,13.5,14.2,33,503480,39385,351,11317,0,0,12014
2026-10-01T00,133,1,16.0,16.0,15.9,15.9,7,47859,34624,0,0,0,0,3170
2026-10-01T00,133,2,16.0,16.0,16.0,16.0,13,316953,163593,0,0,0,0,0
2026-10-01T00,133,3,18.2,18.2,18.2,18.2,16,403688,381217,12860,0,0,0,0
2026-10-01T00,133,4,20.0,20.0,20.0,20.0,4,76489,76489,0,0,0,0,0
2026-10-01T00,133,5,32.0,32.0,32.0,32.0,3,51385,51385,0,0,0,0,0
2026-10-01T00,133,8,33.25,33.25,33.25,33.25,12,1084175,630000,0,0,0,0,0
2026-10-01T00,133,9,38.0,38.0,38.0,38.0,1,19699,19699,0,0,0,0,0
2026-10-01T00,133,10,39.75,39.75,39.75,39.75,3,58870,58870,0,0,0,0,0
2026-10-01T00,134,0,50.5,50.5,49.75,49.75,29,33484,6408,376,262,0,0,3348
2026-10-01T00,134,1,52.0,52.0,52.0,52.0,9,11599,6491,0,0,0,0,0
2026-10-01T00,134,2,52.0,52.0,52.0,52.0,10,33919,18609,0,0,0,0,0
2026-10-01T00,134,3,54.0,54.0,54.0,54.0,8,46597,36317,9027,0,0,0,0
2026-10-01T00,134,4,56.0,56.0,56.0,56.0,13,203867,93110,0,0,0,0,0
2026-10-01T00,134,5,62.0,62.0,62.0,62.0,9,85035,65302,0,0,0,0,0
2026-10-01T00,134,6,62.0,62.0,60.0,60.0,5,81162,78162,0,0,0,0,25000
2026-10-01T00,134,7,68.0,68.0,68.0,68.0,4,65108,44733,252,0,0,0,0
2026-10-01T00,134,8,83.5,83.5,83.5,83.5,3,60812,60812,0,0,0,0,0
2026-10-01T00,134,10,85.5,85.5,85.5,85.5,7,13997,13997,0,0,0,0,0
2026-10-01T00,134,12,100.0,100.0,100.0,100.0,1,1765,1765,0,0,0,0,0
2026-10-01T00,135,0,18.9,19.0,18.7,18.7,14,302359,39188,11429,4347,0,0,52343
2026-10-01T00,135,1,18.9,19.0,18.9,19.0,7,46076,45870,0,19500,0,0,0
2026-10-01T00,135,2,18.9,19.0,18.9,19.0,6,176812,138142,0,7189,0,0,0
2026-10-01T00,135,3,19.0,19.0,19.0,19.0,5,138663,53919,59364,2596,0,0,0
2026-10-01T00,135,4,20.25,20.25,20.25,20.25,8,399317,281714,0,0,0,0,0
2026-10-01T00,135,5,23.25,23.25,23.25,23.25,3,236873,188402,0,0,0,0,0
2026-10-01T00,135,6,23.25,23.25,23.25,23.25,12,968917,456063,0,0,0,0,0
2026-10-01T00,135,7,27.0,27.0,27.0,27.0,4,368492,308492,0,0,0,0,0
2026-10-01T00,135,8,30.5,30.5,30.5,30.5,5,333954,333954,0,0,0,0,0
2026-10-01T00,135,9,38.0,38.0,38.0,38.0,1,25678,25678,0,0,0,0,0
2026-10-01T00,135,10,42.0,42.0,42.0,42.0,1,1059,1059,0,0,0,0,0
2026-10-01T00,136,0,1.48,1.6,1.48,1.6,36,121887,36662,414,262201,0,0,5648
2026-10-01T00,136,1,1.61,1.61,1.61,1.61,6,103680,103680,0,0,0,0,0
2026-10-01T00,136,2,1.62,1.62,1.62,1.62,6,3129681,466045,0,0,0,0,0
2026-10-01T00,136,3,1.78,1.78,1.78,1.78,2,1026256,241440,0,0,0,0,0
2026-10-01T00,136,4,2.45,2.45,2.45,2.45,1,96294,96294,0,0,0,0,0
2026-10-01T00,136,9,2.5,2.5,2.5,2.5,1,2000,2000,0,0,0,0,0
2026-10-01T00,137,0,115.0,115.0,114.0,114.0,22,18062,5269,0,0,0,0,23
2026-10-01T00,137,1,122.0,122.0,122.0,122.0,11,16504,7399,0,0,0,0,0
2026-10-01T00,137,2,121.0,121.0,121.0,121.0,16,32709,9655,0,0,0,0,0
2026-10-01T00,137,3,135.0,135.0,134.0,134.0,4,18549,17727,0,0,0,0,6839
2026-10-01T00,137,4,140.0,140.0,140.0,140.0,1,6892,6892,0,0,0,0,0
2026-10-01T00,137,5,152.0,152.0,152.0,152.0,2,17750,17750,0,0,0,0,0
2026-10-01T00,137,6,153.0,153.0,153.0,153.0,5,18492,18492,0,0,0,0,0
2026-10-01T00,137,7,159.0,159.0,159.0,159.0,1,6872,6872,0,0,0,0,0
2026-10-01T00,137,8,175.0,175.0,175.0,175.0,2,252,252,0,0,0,0,0
2026-10-01T00,137,9,195.0,195.0,195.0,195.0,1,5265,5265,0,0,0,0,0
2026-10-01T00,138,0,1380.0,1390.0,1380.0,1390.0,5,1704,1704,18,10,0,0,8
2026-10-01T00,138,1,1450.0,1450.0,1450.0,1450.0,2,1488,1488,0,0,0,0,0
2026-10-01T00,138,2,1480.0,1480.0,1480.0,1480.0,2,325,105,0,0,0,0,0
2026-10-01T00,138,3,1490.0,1490.0,1490.0,1490.0,3,2772,461,0,0,0,0,0
2026-10-01T00,138,4,1880.0,1880.0,1880.0,1880.0,7,3942,592,0,0,0,0,0
2026-10-01T00,138,5,2200.0,2200.0,2200.0,2200.0,2,500,450,0,0,0,0,0
2026-10-01T00,139,0,10.0,10.2,9.9,10.2,25,513128,442278,2474,4878,0,0,68
2026-10-01T00,139,1,10.5,10.5,10.4,10.4,9,78822,15915,0,0,0,0,3434
2026-10-01T00,139,2,10.6,10.6,10.6,10.6,6,437822,104848,0,0,0,0,0
2026-10-01T00,139,3,11.0,11.0,11.0,11.0,5,1483470,1428611,0,0,0,0,0
2026-10-01T00,139,4,11.8,11.8,11.8,11.8,10,663176,660176,0,0,0,0,0
2026-10-01T00,139,5,12.7,13.5,12.7,13.5,2,111174,111174,0,112000,0,0,0
2026-10-01T00,139,6,14.4,14.4,14.4,14.4,3,903394,903394,0,0,0,0,0
2026-10-01T00,139,7,14.0,16.5,14.0,16.5,2,114000,114000,0,5000,0,0,0
2026-10-01T00,139,9,20.0,20.0,20.0,20.0,1,78816,78816,0,0,0,0,0
2026-10-01T00,140,0,236.0,240.0,236.0,236.0,14,1233,585,6,54,0,0,417
2026-10-01T00,140,1,240.0,240.0,238.0,238.0,12,10745,7225,36,0,0,0,56
2026-10-01T00,140,2,242.0,242.0,242.0,242.0,8,17795,17795,0,0,0,0,0
2026-10-01T00,140,3,244.0,244.0,244.0,244.0,8,33487,33487,0,0,0,0,0
2026-10-01T00,140,4,246.0,246.0,246.0,246.0,5,22743,21828,0,0,0,0,0
2026-10-01T00,140,5,302.0,302.0,302.0,302.0,6,11142,11142,0,0,0,0,0
2026-10-01T00,140,6,310.0,310.0,310.0,310.0,2,359,359,0,0,0,0,0
2026-10-01T00,140,8,330.0,330.0,330.0,330.0,1,1000,1000,0,0,0,0,0
2026-10-01T00,141,0,34.25,34.25,34.25,34.25,15,161222,25523,5,0,0,0,0
2026-10-01T00,141,1,46.5,46.5,46.25,46.25,5,12948,12948,0,0,0,0,447
2026-10-01T00,141,2,47.5,47.5,47.5,47.5,4,10228,10128,0,0,0,0,0
2026-10-01T00,141,3,47.5,47.5,47.5,47.5,8,180216,79297,327,0,0,0,469
2026-10-01T00,141,4,56.0,56.0,55.0,55.0,5,36394,36394,0,0,0,0,1408
2026-10-01T00,141,5,60.0,60.0,60.0,60.0,9,110245,96767,0,0,0,0,0
2026-10-01T00,141,6,60.5,60.5,60.5,60.5,11,296504,95602,0,0,0,0,0
2026-10-01T00,141,7,75.0,75.0,75.0,75.0,8,234919,184919,0,0,0,0,0
2026-10-01T00,141,8,88.5,88.5,88.5,88.5,5,38166,26300,0,0,0,0,0
2026-10-01T00,141,9,95.0,95.0,95.0,95.0,1,500,500,0,0,0,0,0
2026-10-01T00,141,10,98.0,98.0,98.0,98.0,4,16111,11111,0,0,0,0,0
2026-10-01T00,142,0,910.0,910.0,910.0,910.0,4,3317,3317,0,0,0,0,0
2026-10-01T00,142,1,910.0,910.0,910.0,910.0,6,669,661,0,0,0,0,0
2026-10-01T00,142,2,910.0,910.0,910.0,910.0,4,819,819,0,0,0,0,0
2026-10-01T00,142,3,910.0,910.0,905.0,905.0,13,4636,2282,54,0,0,0,464
2026-10-01T00,142,4,940.0,940.0,940.0,940.0,7,17241,17241,0,0,0,0,0
2026-10-01T00,142,5,935.0,980.0,935.0,955.0,10,47021,22021,0,7560,0,0,4180
2026-10-01T00,142,6,1040.0,1040.0,1040.0,1040.0,6,7199,7199,0,0,0,0,0
2026-10-01T00,142,7,1070.0,1070.0,1070.0,1070.0,2,14484,14484,0,0,0,0,0
2026-10-01T00,142,9,1190.0,1190.0,1190.0,1190.0,2,6051,6051,58,0,0,0,0
2026-10-01T00,142,10,1280.0,1280.0,1280.0,1280.0,3,2369,1029,0,0,0,0,0
2026-10-01T00,142,11,1380.0,1380.0,1380.0,1380.0,2,1800,1800,0,0,0,0,0
2026-10-01T00,142,12,1470.0,1470.0,1470.0,1470.0,5,4864,2864,0,0,0,0,0
2026-10-01T00,143,0,770.0,770.0,755.0,755.0,12,1560,1293,0,0,0,0,308
2026-10-01T00,143,1,770.0,770.0,770.0,770.0,9,696,671,0,0,0,0,0
2026-10-01T00,143,2,820.0,820.0,810.0,810.0,12,2998,2761,0,0,2029,0,2040
2026-10-01T00,143,3,860.0,865.0,855.0,865.0,6,3018,3018,0,497,0,0,256
2026-10-01T00,143,4,875.0,875.0,870.0,870.0,12,10707,8322,0,0,0,0,400
2026-10-01T00,143,5,920.0,960.0,920.0,960.0,2,9982,9982,0,8048,0,0,0
2026-10-01T00,143,6,955.0,955.0,955.0,955.0,7,14334,14334,34,0,0,0,0
2026-10-01T00,143,7,975.0,975.0,975.0,975.0,4,35669,35669,0,0,0,0,0
2026-10-01T00,143,8,1030.0,1030.0,1030.0,1030.0,2,2107,2107,0,0,0,0,0
2026-10-01T00,143,9,1080.0,1080.0,1080.0,1080.0,1,1880,1880,0,0,0,0,0
2026-10-01T00,143,10,1200.0,1200.0,1200.0,1200.0,4,2747,2747,0,0,0,0,0
2026-10-01T00,143,11,1290.0,1290.0,1290.0,1290.0,3,5987,5987,0,0,0,0,0
2026-10-01T00,143,12,1390.0,1390.0,1390.0,1390.0,4,9006,9006,0,0,0,0,0
2026-10-01T00,144,0,16.6,16.6,16.6,16.6,12,87695,85956,0,0,0,0,0
2026-10-01T00,144,1,17.4,17.4,17.4,17.4,4,16531,16531,0,0,0,0,0
2026-10-01T00,144,2,18.3,18.3,18.3,18.3,2,19418,19418,0,0,0,0,0
2026-10-01T00,144,3,18.4,18.4,18.4,18.4,2,11488,10000,0,0,0,0,0
2026-10-01T00,144,4,19.5,19.5,19.5,19.5,1,10000,10000,0,0,0,0,0
2026-10-01T00,144,5,22.25,22.25,22.25,22.25,1,1024,1024,0,0,0,0,0
2026-10-01T00,144,6,18.5,18.5,18.5,18.5,1,1000000,1000000,0,0,0,0,0
2026-10-01T00,145,0,127.0,130.0,127.0,130.0,61,1529901,677598,49669,28937,0,0,13406
2026-10-01T00,146,0,4.95,5.0,4.95,5.0,69,1164887,11861,3395,20923,0,0,14962
2026-10-01T00,146,1,5.3,5.3,5.3,5.3,16,995047,194745,0,0,0,0,0
2026-10-01T00,146,2,5.5,5.5,5.3,5.3,13,1262446,142105,56500,10000,0,0,100000
2026-10-01T00,146,3,5.8,5.8,5.8,5.8,8,1018460,460314,0,0,0,0,0
2026-10-01T00,146,4,5.9,5.9,5.9,5.9,8,6320318,4607252,0,0,0,0,0
2026-10-01T00,146,5,6.5,6.5,6.5,6.5,6,5472379,3072379,0,0,0,0,0
2026-10-01T00,146,7,8.3,8.3,8.3,8.3,2,7500000,500000,0,0,0,0,0
2026-10-01T00,146,8,8.5,8.5,8.5,8.5,4,2300000,500000,0,0,0,0,0
2026-10-01T00,146,9,10.0,10.0,10.0,10.0,1,1029236,1029236,0,0,0,0,0
2026-10-01T00,146,10,9.0,9.0,9.0,9.0,2,505000,5000,0,0,0,0,0
2026-10-01T00,147,0,35.25,35.25,35.25,35.25,10,361162,274160,22261,0,0,0,0
2026-10-01T00,147,1,35.75,35.75,35.75,35.75,9,107244,104427,0,0,0,0,0
2026-10-01T00,147,2,36.5,36.5,36.5,36.5,11,1411309,219394,0,0,0,0,0
2026-10-01T00,147,3,38.25,38.25,38.25,38.25,5,40653,30738,0,0,0,0,0
2026-10-01T00,147,4,40.0,40.0,40.0,40.0,5,273700,110450,0,0,0,0,0
2026-10-01T00,147,5,57.0,57.0,57.0,57.0,1,5000,5000,0,0,0,0,0
2026-10-01T00,148,0,32.5,32.5,32.5,32.5,14,11787,10638,0,0,0,0,0
2026-10-01T00,148,1,32.75,32.75,32.75,32.75,9,397388,65647,0,0,0,0,0
2026-10-01T00,148,2,34.25,34.25,34.25,34.25,4,26502,24225,0,0,0,0,0
2026-10-01T00,148,3,34.0,34.0,34.0,34.0,21,2900466,38168,0,0,0,0,0
2026-10-01T00,148,4,38.5,38.5,38.5,38.5,16,1600358,360217,0,0,0,0,0
2026-10-01T00,148,5,48.0,48.0,48.0,48.0,3,44979,44979,0,0,0,0,0
2026-10-01T00,148,6,60.0,60.0,60.0,60.0,1,100,100,0,0,0,0,0
2026-10-01T00,149,0,680.0,700.0,680.0,700.0,23,955,256,95,140,0,0,0
2026-10-01T00,149,1,850.0,850.0,850.0,850.0,8,1022,579,0,0,0,0,0
2026-10-01T00,149,2,895.0,895.0,895.0,895.0,6,2102,822,0,0,0,0,0
2026-10-01T00,149,3,915.0,935.0,915.0,935.0,8,2581,2581,0,42,0,0,0
2026-10-01T00,149,4,910.0,920.0,910.0,920.0,5,2292,1520,1425,1293,0,0,0
2026-10-01T00,149,5,950.0,950.0,950.0,950.0,5,9280,4280,0,0,0,0,0
2026-10-01T00,149,8,1070.0,1070.0,1070.0,1070.0,5,8243,223,56,0,0,0,0
2026-10-01T00,149,9,1150.0,1150.0,1150.0,1150.0,1,1752,1752,0,0,0,0,0
2026-10-01T00,149,10,1760.0,1760.0,1760.0,1760.0,1,381,381,0,0,0,0,0
2026-10-01T00,149,11,2190.0,2190.0,2190.0,2190.0,2,116,116,0,0,0,0,0
2026-10-01T00,149,12,1760.0,1760.0,1760.0,1760.0,2,360,160,0,0,0,0,0
2026-10-01T00,150,0,370.0,370.0,370.0,370.0,34,38521,1370,0,0,0,0,0
2026-10-01T00,150,1,730.0,730.0,730.0,730.0,19,2744,188,0,0,0,0,0
2026-10-01T00,150,2,1660.0,1660.0,1660.0,1660.0,26,607,291,0,0,0,0,0
2026-10-01T00,150,3,3150.0,3150.0,3110.0,3110.0,11,1744,259,0,0,0,0,4
2026-10-01T00,150,4,4960.0,4960.0,4960.0,4960.0,18,356,89,4,0,0,0,1
2026-10-01T00,150,5,8500.0,8500.0,8500.0,8500.0,9,584,25,0,0,0,0,0
2026-10-01T00,150,6,17500.0,17500.0,17500.0,17500.0,15,894,424,0,0,0,0,0
2026-10-01T00,150,7,33500.0,33500.0,33500.0,33500.0,13,233,34,0,0,0,0,0
2026-10-01T00,150,8,70500.0,70500.0,70500.0,70500.0,7,187,178,0,0,0,0,0
2026-10-01T00,150,9,174000.0,174000.0,174000.0,174000.0,7,421,106,0,0,0,0,0
2026-10-01T00,150,10,294000.0,294000.0,294000.0,294000.0,13,128,117,0,0,0,0,0
2026-10-01T00,150,11,590000.0,590000.0,590000.0,590000.0,8,80,33,0,0,0,0,0
2026-10-01T00,150,12,1290500.0,1290500.0,1290500.0,1290500.0,9,29,26,0,0,0,0,0
2026-10-01T00,151,0,214.0,214.0,214.0,214.0,15,3822,389,0,0,0,0,0
2026-10-01T00,151,1,238.0,238.0,238.0,238.0,5,4740,10,0,0,0,0,0
2026-10-01T00,151,2,240.0,240.0,240.0,240.0,4,13887,265,0,0,0,0,0
2026-10-01T00,151,3,240.0,240.0,240.0,240.0,2,1628,1328,0,0,0,0,0
2026-10-01T00,151,4,446.0,446.0,446.0,446.0,1,500,500,0,0,0,0,0
2026-10-01T00,151,6,396.0,396.0,396.0,396.0,1,641,641,0,0,0,0,0
2026-10-01T00,151,9,400.0,400.0,400.0,400.0,1,44,44,0,0,0,0,0
2026-10-01T00,151,10,396.0,396.0,396.0,396.0,13,8934,150,0,0,0,0,0
2026-10-01T00,152,0,220.0,220.0,220.0,220.0,7,5053,1559,0,0,0,0,0
2026-10-01T00,152,1,230.0,230.0,230.0,230.0,2,2593,2593,0,0,0,0,0
2026-10-01T00,152,4,350.0,350.0,350.0,350.0,1,3000,3000,0,0,0,0,0
2026-10-01T00,154,0,80.0,80.0,80.0,80.0,7,4235,3082,0,0,0,0,0
2026-10-01T00,155,0,131.0,131.0,131.0,131.0,20,7870,3903,1,0,0,0,2
2026-10-01T00,155,2,145.0,145.0,145.0,145.0,4,1488,266,0,0,0,0,0
2026-10-01T00,155,3,169.0,169.0,169.0,169.0,1,4180,4180,0,0,0,0,0
2026-10-01T00,155,4,170.0,170.0,170.0,170.0,1,9849,9849,0,0,0,0,0
2026-10-01T00,155,5,248.0,248.0,248.0,248.0,1,30110,30110,0,0,0,0,0
2026-10-01T00,155,7,200.0,200.0,200.0,200.0,1,378,378,0,0,0,0,0
2026-10-01T01,1,0,0.256,0.257,0.252,0.256,180,210215040,156868307,3780786,8458666,0,10000000,29336964
2026-10-01T01,1,1,0.26,0.26,0.256,0.257,31,45565861,44938853,1111221,530728,0,800000,17798995
2026-10-01T01,1,2,0.256,0.258,0.256,0.257,63,176631298,44196878,3675512,5320114,0,0,20485185
2026-10-01T01,1,3,0.259,0.26,0.256,0.257,47,245953512,171505172,8524575,17724834,0,0,25647299
2026-10-01T01,1,4,0.259,0.261,0.258,0.258,25,245335065,199683855,4712192,9843798,0,0,24636358
2026-10-01T01,1,5,0.263,0.263,0.258,0.263,9,83777441,83777441,2437760,1983072,0,0,4420832
2026-10-01T01,1,6,0.259,0.259,0.259,0.259,1,5912049,5912049,0,5912049,0,0,5912049
2026-10-01T01,1,7,0.262,0.263,0.262,0.263,2,42857483,42857483,0,1880817,0,0,0
2026-10-01T01,1,8,0.263,0.263,0.261,0.263,4,57090085,57090085,0,2000000,0,0,2000000
2026-10-01T01,1,9,0.26,0.265,0.26,0.265,5,28635260,28451261,6584231,811624,0,0,2500000
2026-10-01T01,1,10,0.266,0.266,0.262,0.266,3,20741179,11465118,0,1988198,0,0,1988198
2026-10-01T01,1,11,0.262,0.265,0.262,0.265,2,23156841,23156841,0,674561,0,0,0
2026-10-01T01,1,12,0.262,0.265,0.262,0.265,9,89415187,89415187,120094,4765901,0,0,0
2026-10-01T01,2,0,0.368,0.373,0.364,0.368,129,37322274,23515236,1414124,3051597,0,10000000,13943984
2026-10-01T01,2,1,0.389,0.394,0.375,0.375,23,19592562,5733978,1814706,1187396,0,0,6575143
2026-10-01T01,2,2,0.395,0.396,0.385,0.385,41,44144140,15929479,1014464,1966313,0,0,8406554
2026-10-01T01,2,3,0.41,0.411,0.404,0.404,38,59275488,18418289,159797,334103,0,0,2937211
2026-10-01T01,2,4,0.456,0.457,0.456,0.456,15,29418573,12114373,172302,667707,0,0,1497726
2026-10-01T01,2,5,0.479,0.482,0.479,0.482,15,77303446,77303446,164770,2835230,0,0,0
2026-10-01T01,2,6,0.48,0.48,0.48,0.48,6,6835384,136221,450428,0,0,0,0
2026-10-01T01,2,7,0.525,0.525,0.525,0.525,8,12946083,12946083,114048,0,0,0,0
2026-10-01T01,2,8,0.565,0.565,0.565,0.565,1,4048296,4048296,0,0,0,0,0
2026-10-01T01,2,9,0.53,0.53,0.53,0.53,5,8155576,7655576,77376,0,0,0,0
2026-10-01T01,2,10,0.54,0.54,0.54,0.54,14,35995378,15555183,0,0,0,0,0
2026-10-01T01,2,11,0.565,0.565,0.565,0.565,7,24216584,12319477,0,0,0,0,0
2026-10-01T01,2,12,0.535,0.535,0.535,0.535,5,15192093,13901660,485000,0,0,0,0
2026-10-01T01,3,0,2.25,2.4,2.15,2.4,258,3575345,292502,9856,129836,0,15,38408
2026-10-01T01,3,1,2.4,2.4,2.4,2.4,13,298092,55744,6319,0,0,0,1000
2026-10-01T01,3,2,2.55,2.55,2.55,2.55,14,1543428,447022,0,0,0,0,56335
2026-10-01T01,3,3,2.7,2.7,2.7,2.7,8,1260263,728398,0,0,0,0,0
2026-10-01T01,3,4,3.45,3.45,3.45,3.45,5,838000,458000,0,1139939,0,0,0
2026-10-01T01,3,5,3.55,3.55,3.55,3.55,3,3646332,3646332,0,0,0,0,0
2026-10-01T01,3,6,3.55,3.65,3.55,3.65,3,3014200,3014200,0,150000,0,0,0
2026-10-01T01,3,8,4.45,4.45,4.45,4.45,1,5203320,5203320,0,0,0,0,0
2026-10-01T01,3,9,4.5,4.5,4.5,4.5,1,100000,100000,0,0,0,0,0
2026-10-01T01,3,11,5.1,5.1,5.1,5.1,1,423972,423972,0,0,0,0,0
2026-10-01T01,4,0,2.5,2.5,2.3,2.3,114,1339358,24735,17580,25,0,0,42860
2026-10-01T01,4,1,2.6,2.6,2.6,2.6,12,829366,190330,2694,2244,0,0,15000
2026-10-01T01,4,2,2.8,2.8,2.8,2.8,10,1088925,320232,0,0,0,0,0
2026-10-01T01,4,3,2.85,2.85,2.8,2.8,10,626258,269933,0,0,0,0,46782
2026-10-01T01,4,4,2.85,2.85,2.85,2.85,7,3210004,298199,0,0,0,0,0
2026-10-01T01,4,5,3.4,3.4,3.4,3.4,9,2627795,495085,0,0,0,0,0
2026-10-01T01,4,6,4.7,4.7,4.7,4.7,5,835664,643232,0,0,0,0,0
2026-10-01T01,4,8,5.4,5.4,5.4,5.4,2,14999,14999,0,0,0,0,0
2026-10-01T01,4,11,7.0,7.0,7.0,7.0,2,50010,50010,0,0,0,0,0
2026-10-01T01,5,0,3.0,3.1,2.9,3.1,54,482357,74769,409,23288,0,0,16422
2026-10-01T01,5,1,3.2,3.2,3.05,3.1,10,616983,256518,0,1,0,0,2001
2026-10-01T01,5,2,3.15,3.15,3.1,3.15,8,842231,516528,0,85182,0,0,85182
2026-10-01T01,5,3,3.35,3.35,3.35,3.35,5,202424,196993,0,0,0,0,23419
2026-10-01T01,5,4,3.35,3.35,3.35,3.35,11,2686649,2049738,0,0,0,0,0
2026-10-01T01,5,5,3.5,3.5,3.5,3.5,5,98680,4800,0,0,0,0,0
2026-10-01T01,5,6,4.95,4.95,4.95,4.95,1,99999,99999,0,0,0,0,0
2026-10-01T01,5,7,6.0,6.0,6.0,6.0,1,999,999,0,0,0,0,0
2026-10-01T01,6,0,0.685,0.685,0.675,0.685,82,16839016,2817102,122599,27308,0,0,35974
2026-10-01T01,6,1,0.735,0.74,0.735,0.74,13,2553343,2539897,284404,60571,0,0,4914
2026-10-01T01,6,2,0.785,0.785,0.77,0.785,5,9431204,9431204,0,9778,0,0,9778
2026-10-01T01,6,3,0.775,0.78,0.775,0.78,11,5754539,3107572,83297,416703,0,0,0
2026-10-01T01,6,4,0.83,0.83,0.83,0.83,10,5606719,4801661,379665,0,0,0,0
2026-10-01T01,6,5,0.995,0.995,0.995,0.995,3,38856870,1463840,0,0,0,0,0
2026-10-01T01,6,6,1.1,1.1,1.1,1.1,4,3283571,3283571,0,0,0,0,0
2026-10-01T01,6,7,1.2,1.2,1.2,1.2,12,1746443,375625,0,0,0,0,0
2026-10-01T01,6,8,2.15,2.15,1.72,1.72,2,310009,310000,0,0,0,0,310000
2026-10-01T01,6,9,1.89,1.89,1.89,1.89,1,100000,100000,0,0,0,0,100000
2026-10-01T01,6,10,2.2,2.2,2.2,2.2,3,2045627,2045627,0,0,0,0,0
2026-10-01T01,6,11,2.7,2.7,2.7,2.7,2,704999,704999,0,0,0,0,0
2026-10-01T01,6,12,2.8,2.8,2.8,2.8,1,299744,299744,0,0,0,0,0
2026-10-01T01,7,0,36.75,37.25,36.0,36.75,43,84485,4071,322,11719,0,0,10650
2026-10-01T01,7,1,37.75,37.75,37.5,37.75,11,77143,46507,217,655,0,0,655
2026-10-01T01,7,2,39.25,39.25,39.25,39.25,9,68080,43722,0,0,0,0,2216
2026-10-01T01,7,3,41.0,41.0,40.5,40.5,8,50372,15656,1592,0,0,0,10000
2026-10-01T01,7,4,43.25,43.25,43.25,43.25,12,150958,54234,0,0,0,0,0
2026-10-01T01,7,5,45.0,45.0,45.0,45.0,3,191398,40000,0,0,0,0,0
2026-10-01T01,7,6,51.0,51.0,51.0,51.0,7,204508,60263,0,0,0,0,0
2026-10-01T01,7,7,56.0,56.0,56.0,56.0,1,35178,35178,0,0,0,0,0
2026-10-01T01,7,8,60.0,60.0,60.0,60.0,1,35175,35175,0,0,0,0,0
2026-10-01T01,8,0,10.6,10.9,10.4,10.9,25,201292,73256,6423,14760,0,0,11666
2026-10-01T01,8,1,10.8,11.0,10.8,11.0,8,69547,34336,0,7914,0,0,0
2026-10-01T01,8,2,11.0,11.0,11.0,11.0,8,107783,15641,0,0,0,0,0
2026-10-01T01,8,3,11.3,11.3,11.2,11.2,12,452348,132574,0,0,0,0,500
2026-10-01T01,8,4,11.7,11.7,11.7,11.7,11,548302,173191,0,0,0,0,0
2026-10-01T01,8,5,12.9,12.9,12.9,12.9,4,100939,100939,0,0,0,0,0
2026-10-01T01,8,6,15.3,15.3,15.3,15.3,3,44368,44368,0,0,0,0,0
2026-10-01T01,8,7,15.4,15.4,15.4,15.4,3,4507,4507,0,0,0,0,0
2026-10-01T01,9,0,1.19,1.22,1.16,1.2,68,574441,145756,3450,150127,1722,0,54643
2026-10-01T01,9,1,1.21,1.22,1.2,1.22,19,1579060,1076104,0,11762,0,0,710
2026-10-01T01,9,2,1.23,1.23,1.23,1.23,17,2097493,466284,0,0,0,0,0
2026-10-01T01,9,3,1.3,1.3,1.3,1.3,11,1415528,375528,0,0,0,0,4767
2026-10-01T01,9,4,1.34,1.34,1.34,1.34,5,1638615,1103134,293200,0,0,0,0
2026-10-01T01,9,5,1.48,1.48,1.48,1.48,9,1280861,759954,0,0,0,0,0
2026-10-01T01,9,6,1.48,1.48,1.48,1.48,2,143672,138672,0,0,0,0,0
2026-10-01T01,9,7,1.5,1.75,1.5,1.75,8,5328879,250000,0,6,0,0,0
2026-10-01T01,10,0,29.0,29.0,28.25,28.75,42,459324,248287,12872,10767,0,0,32453
2026-10-01T01,10,1,29.0,29.5,28.5,29.5,16,279083,267881,0,13292,0,0,10634
2026-10-01T01,10,2,29.5,29.5,28.75,28.75,26,1601897,503096,22556,0,0,0,62500
2026-10-01T01,10,3,29.75,29.75,29.25,29.5,22,2255751,1104581,42867,36792,0,0,127088
2026-10-01T01,10,4,29.75,29.75,29.5,29.5,15,2688398,1829791,0,0,0,0,106127
2026-10-01T01,10,5,30.0,30.0,30.0,30.0,3,97388,96779,0,0,0,0,0
2026-10-01T01,10,6,29.75,29.75,29.75,29.75,9,633097,421290,31627,0,0,0,0
2026-10-01T01,10,7,29.75,30.0,29.75,30.0,6,307036,306037,21304,3373,0,0,0
2026-10-01T01,10,8,34.5,34.5,34.5,34.5,1,4999,4999,0,0,0,0,0
2026-10-01T01,10,10,30.75,30.75,30.75,30.75,3,111051,107292,0,0,0,0,0
2026-10-01T01,10,11,30.5,30.5,30.5,30.5,4,253635,253635,0,0,0,0,0
2026-10-01T01,11,0,39.0,39.25,38.0,39.0,20,109420,34397,50,4421,0,0,5506
2026-10-01T01,11,1,39.25,39.25,39.0,39.0,24,317940,230788,12271,0,0,0,10961
2026-10-01T01,11,2,39.75,39.75,39.0,39.25,14,148511,143409,0,9628,0,0,64842
2026-10-01T01,11,3,39.75,39.75,39.75,39.75,10,432050,223150,0,0,0,0,0
2026-10-01T01,11,4,40.0,40.25,40.0,40.25,12,298751,266158,507,4081,0,0,0
2026-10-01T01,11,5,40.5,40.5,40.5,40.5,11,543551,493551,0,0,0,0,0
2026-10-01T01,11,6,40.5,42.75,40.5,42.75,1,15000,15000,0,26505,0,0,0
2026-10-01T01,11,7,43.0,43.0,43.0,43.0,1,846890,846890,0,0,0,0,0
2026-10-01T01,11,8,44.0,44.0,44.0,44.0,2,14000,14000,0,0,0,0,0
2026-10-01T01,11,11,43.0,43.0,43.0,43.0,3,64500,64500,0,0,0,0,0
2026-10-01T01,12,0,39.0,39.5,38.75,39.25,41,543281,467806,2126,9450,0,0,23283
2026-10-01T01,12,1,39.0,39.75,38.75,39.75,19,835312,835312,8434,16719,0,0,3107
2026-10-01T01,12,2,39.0,39.75,39.0,39.75,18,241192,218132,42164,19267,0,0,1532
2026-10-01T01,12,3,39.5,39.75,39.25,39.75,24,470176,462960,3989,4674,0,0,8455
2026-10-01T01,12,4,39.75,39.75,39.75,39.75,16,903408,903408,0,11179,0,0,44268
2026-10-01T01,12,5,40.25,40.25,40.25,40.25,10,606892,551892,0,0,0,0,0
2026-10-01T01,12,6,41.25,41.25,41.25,41.25,4,117813,47813,0,0,0,0,0
2026-10-01T01,12,7,44.25,44.25,44.25,44.25,1,50000,50000,0,0,0,0,0
2026-10-01T01,12,9,55.0,55.0,55.0,55.0,1,14899,14899,0,0,0,0,0
2026-10-01T01,13,0,0.364,0.367,0.362,0.367,100,946255716,109568986,4256164,8338080,0,25000000,31306446
2026-10-01T01,14,0,11.4,11.5,11.2,11.2,29,482958,140511,22712,69198,0,0,66546
2026-10-01T01,14,1,11.5,11.8,11.5,11.7,9,1161245,1144524,9103,76481,0,0,13735
2026-10-01T01,14,2,11.7,11.8,11.6,11.8,7,659233,659232,83555,21891,0,0,86728
2026-10-01T01,14,3,11.7,11.8,11.7,11.8,19,1952606,1912248,24993,47330,0,0,224543
2026-10-01T01,14,4,11.9,11.9,11.9,11.9,5,490032,490031,0,0,0,0,0
2026-10-01T01,14,5,12.0,12.0,11.9,11.9,5,638285,638285,0,0,0,0,58550
2026-10-01T01,14,6,13.6,13.6,13.6,13.6,3,240000,240000,0,0,0,0,0
2026-10-01T01,14,7,13.9,13.9,13.9,13.9,1,161059,161059,0,0,0,0,0
2026-10-01T01,14,10,14.0,14.0,14.0,14.0,1,913830,913830,0,0,0,0,0
2026-10-01T01,14,11,14.4,14.4,14.4,14.4,3,69048,69048,0,0,0,0,0
2026-10-01T01,15,0,10.0,10.3,9.9,10.3,36,976535,294409,871,34514,78,0,53591
2026-10-01T01,15,1,10.3,10.4,10.3,10.4,11,435313,387868,10537,4690,0,0,0
2026-10-01T01,15,2,10.4,10.4,10.3,10.4,12,1146519,1107735,0,30189,0,0,10189
2026-10-01T01,15,3,10.7,10.7,10.7,10.7,8,991816,351816,0,0,0,0,0
2026-10-01T01,15,4,11.0,11.0,11.0,11.0,3,374171,374171,0,0,0,0,0
2026-10-01T01,15,5,11.2,11.2,11.2,11.2,3,181479,81479,0,0,0,0,0
2026-10-01T01,15,6,11.3,11.3,11.3,11.3,1,100000,100000,0,0,0,0,0
2026-10-01T01,15,7,11.4,11.4,11.4,11.4,1,22222,22222,0,0,0,0,0
2026-10-01T01,15,8,11.5,11.5,11.5,11.5,1,189250,189250,0,0,0,0,0
2026-10-01T01,15,10,21.25,21.25,21.25,21.25,3,42418,42418,0,0,0,0,0
2026-10-01T01,16,0,7.7,7.9,7.6,7.6,26,606008,13309,8977,36083,21737,146969,224659
2026-10-01T01,16,1,7.9,8.1,7.7,7.8,16,796882,397870,50631,97142,0,0,210405
2026-10-01T01,16,2,7.9,8.1,7.8,7.8,19,738588,130362,12329,32558,0,0,79390
2026-10-01T01,16,3,8.0,8.2,7.9,8.2,10,1497972,1497972,0,22087,0,0,2136
2026-10-01T01,16,4,8.0,8.2,7.9,8.2,13,2142831,2140571,60363,126757,0,0,66972
2026-10-01T01,16,5,8.3,8.3,8.3,8.3,4,799777,799777,0,0,0,0,0
2026-10-01T01,16,6,8.3,8.3,8.3,8.3,14,1306138,437908,0,0,0,0,0
2026-10-01T01,16,7,8.2,8.3,8.2,8.3,2,372744,372744,64132,9727,0,0,0
2026-10-01T01,16,8,8.4,8.4,8.4,8.4,1,32324,32324,0,0,0,0,0
2026-10-01T01,16,9,8.6,8.6,8.6,8.6,1,757266,757266,0,0,0,0,0
2026-10-01T01,16,11,8.4,8.4,8.4,8.4,2,90227,90227,0,0,0,0,0
2026-10-01T01,16,12,8.4,8.4,8.3,8.3,8,4162058,3662058,0,0,0,0,1500000
2026-10-01T01,17,0,14.6,15.2,14.5,15.2,9,143120,140080,1926,37126,0,0,27433
2026-10-01T01,17,1,15.0,15.0,15.0,15.0,9,449380,405616,6062,0,0,0,0
2026-10-01T01,17,2,14.8,15.2,14.8,14.8,12,151406,151013,63205,87916,0,0,30481
2026-10-01T01,17,3,15.2,15.2,15.0,15.0,11,410461,408026,121882,0,0,0,147589
2026-10-01T01,17,4,15.3,15.3,15.3,15.3,14,1193419,1193419,0,0,0,0,0
2026-10-01T01,17,5,15.4,15.4,15.4,15.4,9,1058817,863305,0,0,0,0,0
2026-10-01T01,17,6,15.4,15.4,15.4,15.4,6,539502,539502,0,0,0,0,0
2026-10-01T01,17,7,15.5,15.5,15.5,15.5,10,740614,604563,0,0,0,0,0
2026-10-01T01,17,8,15.9,15.9,15.9,15.9,9,320438,301363,0,0,0,0,0
2026-10-01T01,17,9,15.7,15.7,15.7,15.7,11,739983,181064,0,0,0,0,0
2026-10-01T01,17,10,15.9,15.9,15.9,15.9,15,1259455,537191,0,0,0,0,0
2026-10-01T01,17,11,18.0,18.0,18.0,18.0,1,27500,27500,0,0,0,0,0
2026-10-01T01,17,12,18.9,18.9,18.9,18.9,3,41450,39450,0,0,0,0,0
2026-10-01T01,18,0,20.0,20.0,19.9,20.0,22,108810,94489,22631,20756,0,0,3335
2026-10-01T01,18,1,19.8,20.75,19.8,20.75,13,433530,433024,39515,11382,0,0,6599
2026-10-01T01,18,2,20.25,20.75,20.0,20.75,13,542963,462963,62897,101744,0,0,33905
2026-10-01T01,18,3,20.75,21.0,20.75,21.0,18,1029847,960573,0,62814,0,0,1000
2026-10-01T01,18,4,20.5,21.25,20.25,21.0,6,306917,294875,77841,189687,0,0,179201
2026-10-01T01,18,5,21.5,21.75,21.5,21.75,5,407120,407120,0,9966,0,0,0
2026-10-01T01,18,6,21.75,21.75,21.75,21.75,8,1119845,1119845,0,0,0,0,0
2026-10-01T01,18,7,21.75,21.75,21.75,21.75,5,180578,179758,5190,0,0,0,0
2026-10-01T01,18,8,25.0,25.0,25.0,25.0,6,166305,82972,0,0,0,0,0
2026-10-01T01,18,9,28.25,28.25,28.25,28.25,3,83999,83999,0,0,0,0,0
2026-10-01T01,19,0,10.9,10.9,10.8,10.8,19,528925,247936,10683,0,0,0,4093
2026-10-01T01,19,1,11.0,11.0,10.9,10.9,12,133901,111406,5275,0,0,0,18115
2026-10-01T01,19,2,11.0,11.0,11.0,11.0,13,656228,309935,0,0,0,0,0
2026-10-01T01,19,3,11.0,11.0,11.0,11.0,11,1729752,1624088,67446,0,0,0,0
2026-10-01T01,19,4,11.2,11.2,11.2,11.2,8,983066,467390,0,0,0,0,0
2026-10-01T01,19,5,11.3,11.3,11.2,11.2,8,417951,244800,41818,0,0,0,30480
2026-10-01T01,19,6,12.2,12.2,12.2,12.2,4,160522,160522,0,0,0,0,0
2026-10-01T01,19,7,12.2,12.2,12.2,12.2,5,592192,551023,20000,0,0,0,0
2026-10-01T01,19,9,14.9,14.9,14.9,14.9,2,300000,300000,0,0,0,0,0
2026-10-01T01,19,10,16.5,16.5,16.5,16.5,6,561117,414891,0,0,0,0,0
2026-10-01T01,19,11,19.4,19.4,19.4,19.4,3,128798,128798,0,0,0,0,0
2026-10-01T01,20,0,112.0,115.0,112.0,115.0,29,107059,92843,2713,414,0,0,230
2026-10-01T01,20,1,115.0,116.0,115.0,116.0,13,41350,29997,381,2658,0,0,2000
2026-10-01T01,20,2,116.0,116.0,115.0,116.0,29,164854,37690,220,2311,0,0,2640
2026-10-01T01,20,3,119.0,119.0,117.0,117.0,15,112364,70558,0,0,0,0,14212
2026-10-01T01,20,4,121.0,122.0,121.0,122.0,8,110396,105552,4267,4032,0,0,0
2026-10-01T01,20,5,121.0,123.0,121.0,123.0,13,228240,86447,11655,5173,0,0,0
2026-10-01T01,20,6,126.0,126.0,126.0,126.0,1,3457,3457,0,0,0,0,0
2026-10-01T01,20,7,133.0,133.0,133.0,133.0,3,80383,80383,0,0,0,0,0
2026-10-01T01,20,8,135.0,135.0,135.0,135.0,1,50000,50000,0,0,0,0,0
2026-10-01T01,21,0,54.0,57.0,54.0,56.0,16,142336,22084,2362,11329,0,0,4411
2026-10-01T01,21,1,55.5,57.0,55.5,57.0,10,73016,72427,4656,2558,0,0,0
2026-10-01T01,21,2,56.5,57.0,56.0,57.0,21,422732,410924,27926,9537,0,0,4201
2026-10-01T01,21,3,57.5,57.5,57.0,57.0,23,934633,511648,68,10864,0,0,19145
2026-10-01T01,21,4,59.5,59.5,59.5,59.5,14,841485,708335,6904,0,0,0,0
2026-10-01T01,21,5,60.5,60.5,60.5,60.5,7,129875,128225,0,0,0,0,0
2026-10-01T01,21,6,60.5,60.5,60.5,60.5,7,617351,203879,11302,0,0,0,0
2026-10-01T01,21,7,61.0,61.0,61.0,61.0,3,49612,21072,0,0,0,0,0
2026-10-01T01,21,8,66.5,66.5,66.5,66.5,1,12000,12000,0,0,0,0,0
2026-10-01T01,21,9,69.0,69.0,69.0,69.0,1,1000,1000,0,0,0,0,0
2026-10-01T01,21,11,68.0,68.0,68.0,68.0,1,20000,20000,0,0,0,0,0
2026-10-01T01,22,0,96.0,97.5,96.0,97.5,20,517678,503120,8181,8226,0,0,5121
2026-10-01T01,22,1,97.0,98.0,96.5,98.0,13,13096,7524,1000,11316,0,0,7809
2026-10-01T01,22,2,97.0,99.0,97.0,99.0,14,175909,12040,0,8427,0,0,0
2026-10-01T01,22,3,97.0,99.0,97.0,99.0,32,290535,52034,9073,8164,0,0,13667
2026-10-01T01,22,4,99.5,99.5,99.5,99.5,21,371457,148178,0,0,0,0,0
2026-10-01T01,22,5,96.5,99.5,96.5,99.5,29,501491,173448,27258,31220,0,0,10937
2026-10-01T01,22,6,103.0,103.0,103.0,103.0,24,329341,43453,0,0,0,0,0
2026-10-01T01,22,7,98.0,98.0,97.0,98.0,27,275009,715,4285,4,0,0,4
2026-10-01T01,22,8,120.0,120.0,120.0,120.0,5,60805,45288,0,0,0,0,0
2026-10-01T01,22,9,124.0,124.0,124.0,124.0,7,72847,33626,0,0,0,0,0
2026-10-01T01,22,10,141.0,141.0,141.0,141.0,3,29764,24764,0,0,0,0,0
2026-10-01T01,22,11,129.0,129.0,129.0,129.0,4,22361,12423,0,0,0,0,0
2026-10-01T01,23,0,118.0,119.0,117.0,119.0,12,38553,17538,0,1574,0,0,4616
2026-10-01T01,23,1,118.0,119.0,118.0,119.0,5,17699,17699,34,21,0,0,1512
2026-10-01T01,23,2,119.0,119.0,118.0,118.0,16,123525,64756,1219,188,0,0,7302
2026-10-01T01,23,3,121.0,122.0,119.0,119.0,9,117850,47709,5488,2058,0,0,8386
2026-10-01T01,23,4,123.0,124.0,123.0,124.0,6,40824,40824,0,5000,0,0,0
2026-10-01T01,23,5,123.0,125.0,123.0,125.0,12,108512,33324,9894,12422,0,0,0
2026-10-01T01,23,6,126.0,126.0,126.0,126.0,6,52928,37536,0,0,0,0,4326
2026-10-01T01,23,7,136.0,136.0,136.0,136.0,2,8290,8222,0,0,0,0,0
2026-10-01T01,23,8,135.0,135.0,135.0,135.0,2,78731,78731,0,0,0,0,0
2026-10-01T01,23,9,135.0,135.0,135.0,135.0,3,143814,143814,0,0,0,0,0
2026-10-01T01,23,10,144.0,144.0,144.0,144.0,2,95594,95594,0,0,0,0,0
2026-10-01T01,23,11,169.0,169.0,169.0,169.0,2,340,340,0,0,0,0,0
2026-10-01T01,24,0,570.0,570.0,560.0,560.0,29,6349,441,170,6,0,0,424
2026-10-01T01,24,1,595.0,595.0,595.0,595.0,7,7279,6254,0,0,0,0,0
2026-10-01T01,24,2,585.0,585.0,585.0,585.0,13,18986,9711,0,326,0,0,0
2026-10-01T01,24,3,585.0,590.0,585.0,590.0,9,15008,5185,600,150,0,0,0
2026-10-01T01,24,4,600.0,600.0,600.0,600.0,12,37706,29646,0,0,0,0,0
2026-10-01T01,24,5,610.0,610.0,610.0,610.0,9,32849,25665,0,0,0,0,0
2026-10-01T01,24,6,645.0,645.0,645.0,645.0,6,43144,42144,0,0,0,0,0
2026-10-01T01,24,7,655.0,655.0,655.0,655.0,2,5000,5000,0,0,0,0,0
2026-10-01T01,24,8,800.0,800.0,800.0,800.0,1,100,100,0,0,0,0,0
2026-10-01T01,24,12,1000.0,1000.0,1000.0,1000.0,1,10,10,0,0,0,0,0
2026-10-01T01,25,0,765.0,765.0,760.0,765.0,23,2638,2613,2,3,0,0,6
2026-10-01T01,25,1,765.0,770.0,765.0,770.0,6,2937,2796,1399,1,0,0,0
2026-10-01T01,25,2,770.0,770.0,770.0,770.0,8,26293,13551,0,273,0,0,0
2026-10-01T01,25,3,775.0,775.0,775.0,775.0,18,45259,45259,0,0,0,0,0
2026-10-01T01,25,4,780.0,785.0,780.0,785.0,9,18395,18395,315,860,0,0,0
2026-10-01T01,25,5,795.0,800.0,795.0,800.0,6,44211,44211,0,481,0,0,0
2026-10-01T01,25,6,805.0,805.0,805.0,805.0,4,6460,6460,0,0,0,0,0
2026-10-01T01,25,7,815.0,815.0,815.0,815.0,9,41948,19150,0,0,0,0,0
2026-10-01T01,25,8,1500.0,1500.0,1500.0,1500.0,1,25,25,0,0,0,0,0
2026-10-01T01,25,12,2200.0,2200.0,2200.0,2200.0,1,10,10,0,0,0,0,0
2026-10-01T01,26,0,1170.0,1170.0,1170.0,1170.0,5,439,439,0,0,0,0,0
2026-10-01T01,26,1,1160.0,1160.0,1150.0,1160.0,12,10051,8201,0,50,0,0,51
2026-10-01T01,26,2,1170.0,1170.0,1170.0,1170.0,8,6759,5870,0,0,0,0,0
2026-10-01T01,26,3,1180.0,1180.0,1180.0,1180.0,12,19603,13435,0,0,0,0,0
2026-10-01T01,26,4,1210.0,1210.0,1210.0,1210.0,7,9189,8989,0,0,0,0,0
2026-10-01T01,26,5,1200.0,1200.0,1200.0,1200.0,8,20508,6623,150,0,0,0,0
2026-10-01T01,26,6,1240.0,1240.0,1240.0,1240.0,4,4562,1589,0,0,0,0,0
2026-10-01T01,26,7,1310.0,1310.0,1310.0,1310.0,1,2000,2000,0,0,0,0,0
2026-10-01T01,26,12,2600.0,2600.0,2600.0,2600.0,1,10,10,0,0,0,0,0
2026-10-01T01,27,0,535.0,535.0,535.0,535.0,11,12227,11449,0,0,0,0,0
2026-10-01T01,27,1,535.0,535.0,535.0,535.0,6,3387,2177,40,0,0,0,0
2026-10-01T01,27,2,540.0,540.0,540.0,540.0,7,6582,4656,0,0,0,0,0
2026-10-01T01,27,3,540.0,545.0,540.0,545.0,17,26370,12355,86,374,0,0,0
2026-10-01T01,27,4,575.0,575.0,575.0,575.0,8,34641,34641,0,0,0,0,0
2026-10-01T01,27,5,590.0,590.0,590.0,590.0,5,34155,11602,0,0,0,0,0
2026-10-01T01,27,6,630.0,630.0,545.0,545.0,5,19449,1000,0,0,0,0,1000
2026-10-01T01,27,7,655.0,655.0,655.0,655.0,1,10000,10000,0,0,0,0,0
2026-10-01T01,27,10,670.0,670.0,670.0,670.0,1,13840,13840,0,0,0,0,0
2026-10-01T01,27,12,695.0,695.0,695.0,695.0,2,2151,2151,0,0,0,0,0
2026-10-01T01,28,0,890.0,890.0,890.0,890.0,17,7130,1989,0,0,0,0,0
2026-10-01T01,28,1,925.0,925.0,925.0,925.0,4,7047,7047,0,0,0,0,0
2026-10-01T01,28,2,925.0,925.0,925.0,925.0,5,4289,4289,0,0,0,0,0
2026-10-01T01,28,3,925.0,925.0,925.0,925.0,8,15261,15261,0,0,0,0,0
2026-10-01T01,28,4,950.0,950.0,950.0,950.0,11,34181,33181,203,0,0,0,0
2026-10-01T01,28,5,955.0,955.0,955.0,955.0,2,534,534,0,0,0,0,0
2026-10-01T01,28,6,955.0,955.0,955.0,955.0,5,8906,5115,0,0,0,0,0
2026-10-01T01,28,7,1030.0,1030.0,1030.0,1030.0,5,5539,750,0,0,0,0,0
2026-10-01T01,28,12,1600.0,1600.0,1600.0,1600.0,1,10,10,0,0,0,0,0
2026-10-01T01,29,0,99.0,100.0,98.0,98.5,54,1179331,360016,9394,8166,0,0,13646
2026-10-01T01,30,0,149.0,149.0,149.0,149.0,54,1059539,278728,9506,0,0,0,3055
2026-10-01T01,31,0,183.0,184.0,182.0,184.0,72,578707,184131,19794,2150,0,0,6344
2026-10-01T01,32,0,208.0,208.0,204.0,208.0,36,468660,147108,200,3145,0,0,3152
2026-10-01T01,33,0,103.0,104.0,101.0,104.0,59,754269,245687,1710,2593,0,23032,2798
2026-10-01T01,34,0,87.5,89.0,87.5,87.5,54,560073,200312,4407,3485,0,0,5501
2026-10-01T01,35,0,77.5,78.0,76.5,78.0,85,1912218,211916,6867,13392,0,2590,14259
2026-10-01T01,40,0,1.41,1.46,0.95,0.95,76,585995,100,4470,91138,0,0,6393
2026-10-01T01,40,1,1.51,1.51,1.49,1.49,20,2690587,2082991,25000,0,0,0,1000000
2026-10-01T01,40,2,1.6,1.6,1.58,1.58,15,6917253,2564976,0,0,0,0,112000
2026-10-01T01,40,3,1.69,1.69,1.69,1.69,11,7739455,7739455,0,0,0,0,0
2026-10-01T01,40,4,1.8,1.8,1.8,1.8,5,2819243,2719243,0,0,0,0,0
2026-10-01T01,40,5,1.92,1.92,1.92,1.92,3,823837,323837,0,0,0,0,0
2026-10-01T01,40,6,1.9,1.9,1.9,1.9,9,2274566,1541904,0,0,0,0,0
2026-10-01T01,40,7,2.0,2.0,2.0,2.0,4,1988450,1500000,0,0,0,0,0
2026-10-01T01,40,8,2.5,2.5,2.5,2.5,1,120625,120625,0,0,0,0,0
2026-10-01T01,40,9,3.35,3.35,3.35,3.35,1,4979,4979,0,0,0,0,0
2026-10-01T01,41,0,4.35,4.35,4.3,4.3,19,286430,245019,12624,0,0,0,61266
2026-10-01T01,41,1,4.4,4.55,4.4,4.4,10,188464,25294,3000,7917,0,0,9177
2026-10-01T01,41,2,4.5,4.7,4.5,4.7,7,1088749,1088705,10492,21001,0,0,0
2026-10-01T01,41,3,4.5,4.6,4.5,4.6,8,1775011,1469480,79083,39516,0,0,25716
2026-10-01T01,41,4,5.0,5.0,5.0,5.0,9,2410799,930842,0,0,0,0,1374
2026-10-01T01,41,5,5.4,5.4,5.4,5.4,11,4230785,1497718,0,0,0,0,0
2026-10-01T01,41,6,6.5,6.5,6.5,6.5,3,124985,124985,0,0,0,0,0
2026-10-01T01,41,7,6.4,6.4,6.4,6.4,3,688730,355523,0,0,0,0,0
2026-10-01T01,41,8,9.2,9.2,9.2,9.2,1,60730,60730,0,0,0,0,0
2026-10-01T01,41,11,10.0,10.0,10.0,10.0,1,29099,29099,0,0,0,0,0
2026-10-01T01,42,0,4.95,5.1,4.75,4.9,31,878856,47143,22025,44405,0,0,73909
2026-10-01T01,42,1,5.1,5.3,5.1,5.3,7,166721,105712,30,33498,0,0,0
2026-10-01T01,42,2,5.3,5.3,5.3,5.3,8,472602,464952,76462,0,0,0,0
2026-10-01T01,42,3,5.4,5.4,5.4,5.4,6,342313,284500,0,29300,0,0,0
2026-10-01T01,42,4,5.6,5.6,5.6,5.6,17,7209443,978922,0,0,0,0,0
2026-10-01T01,42,5,5.6,5.6,5.6,5.6,7,5942375,165294,0,0,0,0,0
2026-10-01T01,42,6,5.6,5.6,5.6,5.6,5,1435125,800530,0,0,0,0,0
2026-10-01T01,42,7,8.4,8.4,8.4,8.4,2,189188,189188,0,0,0,0,0
2026-10-01T01,43,0,11.0,11.7,11.0,11.7,8,91726,91582,925,33058,0,0,84209
2026-10-01T01,43,1,11.2,11.8,11.2,11.8,5,1133041,1133041,280,33739,0,0,16769
2026-10-01T01,43,2,11.7,11.7,11.6,11.7,5,212635,212634,78737,7728,0,0,9690
2026-10-01T01,43,3,11.8,11.8,11.8,11.8,3,254959,132963,0,0,0,0,0
2026-10-01T01,43,4,12.0,12.0,11.8,11.8,5,648074,648074,5150,0,0,0,50449
2026-10-01T01,43,5,12.2,12.2,12.2,12.2,6,866895,693193,4016,0,0,0,0
2026-10-01T01,43,6,12.7,12.7,12.7,12.7,2,143948,143948,0,0,0,0,0
2026-10-01T01,43,7,16.0,16.0,16.0,16.0,12,800420,563952,0,0,0,0,0
2026-10-01T01,43,8,17.9,17.9,17.9,17.9,4,110000,60000,0,0,0,0,0
2026-10-01T01,44,0,1.3,1.32,1.29,1.3,23,5400359,1182445,152776,179077,0,0,185952
2026-10-01T01,44,1,1.31,1.31,1.31,1.31,13,2307266,1610523,388058,0,0,0,0
2026-10-01T01,44,2,1.34,1.34,1.33,1.34,10,3067785,2525947,469328,64209,0,0,100001
2026-10-01T01,44,3,1.37,1.37,1.37,1.37,12,13739777,10719777,0,0,0,0,0
2026-10-01T01,44,4,1.41,1.41,1.41,1.41,11,2950444,2362927,0,0,0,0,0
2026-10-01T01,44,5,1.38,1.38,1.38,1.38,13,6610810,3908845,0,0,0,0,0
2026-10-01T01,44,6,1.42,1.42,1.42,1.42,5,7772404,7772404,0,0,0,0,0
2026-10-01T01,44,7,1.65,1.65,1.65,1.65,2,5450450,450450,0,0,0,0,0
2026-10-01T01,44,10,1.89,1.89,1.89,1.89,3,451659,351659,0,0,0,0,0
2026-10-01T01,45,0,12.2,12.3,12.0,12.3,16,197817,33859,1351,9568,0,0,8113
2026-10-01T01,45,1,12.6,12.6,12.0,12.0,5,124778,121265,0,0,0,0,27760
2026-10-01T01,45,2,12.5,12.5,12.1,12.1,10,572061,190866,0,0,0,0,10472
2026-10-01T01,45,3,12.3,12.3,12.3,12.3,27,852281,134954,89478,0,0,0,0
2026-10-01T01,45,4,13.3,13.5,13.3,13.5,23,503148,446894,23496,36015,0,0,0
2026-10-01T01,45,5,14.4,14.4,14.4,14.4,2,106072,106072,0,0,0,0,0
2026-10-01T01,45,6,13.4,14.4,13.4,14.4,1,200000,200000,0,5080,0,0,0
2026-10-01T01,45,7,14.4,14.4,14.4,14.4,5,573609,573609,0,0,0,0,0
2026-10-01T01,45,10,14.5,14.5,14.5,14.5,1,42680,42680,0,0,0,0,0
2026-10-01T01,45,12,14.8,14.8,14.8,14.8,1,283275,283275,0,0,0,0,0
2026-10-01T01,46,0,24.75,25.0,24.0,24.0,51,209592,13260,3000,1423,0,0,16990
2026-10-01T01,46,1,26.0,26.25,25.5,26.25,13,148979,143062,300,2249,0,0,1912
2026-10-01T01,46,2,26.75,26.75,26.25,26.25,26,374559,274362,0,0,0,0,11092
2026-10-01T01,46,3,27.0,27.0,27.0,27.0,15,408745,58823,0,0,0,0,0
2026-10-01T01,46,4,29.0,29.0,29.0,29.0,11,219590,219590,0,0,0,0,0
2026-10-01T01,46,5,30.0,30.0,29.75,29.75,8,150295,150295,0,0,0,0,10000
2026-10-01T01,46,6,31.5,31.5,31.5,31.5,8,142837,142837,0,0,0,0,0
2026-10-01T01,46,7,33.0,33.0,33.0,33.0,4,92005,92005,0,0,0,0,0
2026-10-01T01,46,9,50.0,50.0,50.0,50.0,1,20000,20000,0,0,0,0,0
2026-10-01T01,47,0,456.0,456.0,454.0,454.0,12,8793,8780,0,0,0,0,3000
2026-10-01T01,47,1,458.0,458.0,452.0,458.0,12,5926,5926,0,44,0,0,38
2026-10-01T01,47,2,454.0,454.0,454.0,454.0,13,39519,32153,616,0,0,0,0
2026-10-01T01,47,3,460.0,460.0,458.0,460.0,12,44730,44730,0,406,0,0,406
2026-10-01T01,47,4,460.0,460.0,458.0,458.0,17,40912,26043,626,0,0,0,1489
2026-10-01T01,47,5,468.0,468.0,468.0,468.0,13,62992,61992,1588,0,0,0,0
2026-10-01T01,47,6,496.0,496.0,496.0,496.0,5,27865,20774,0,0,0,0,0
2026-10-01T01,47,7,510.0,510.0,510.0,510.0,3,14271,14271,0,0,0,0,0
2026-10-01T01,47,8,535.0,535.0,535.0,535.0,3,39800,39800,0,0,0,0,0
2026-10-01T01,47,9,580.0,580.0,580.0,580.0,1,4900,4900,0,0,0,0,0
2026-10-01T01,47,10,750.0,750.0,750.0,750.0,1,1010,1010,0,0,0,0,0
2026-10-01T01,47,11,775.0,775.0,775.0,775.0,1,1010,1010,0,0,0,0,0
2026-10-01T01,48,0,218.0,218.0,218.0,218.0,4,3125,3125,0,0,0,0,3001
2026-10-01T01,48,1,218.0,218.0,218.0,218.0,3,2207,2207,36,0,0,0,1387
2026-10-01T01,48,2,220.0,220.0,220.0,220.0,1,25,25,0,0,0,0,25
2026-10-01T01,48,3,222.0,222.0,222.0,222.0,5,9245,9245,0,1050,0,0,0
2026-10-01T01,48,4,222.0,222.0,222.0,222.0,5,60576,48686,369,0,0,0,0
2026-10-01T01,48,5,226.0,226.0,226.0,226.0,10,72068,60940,0,0,0,0,0
2026-10-01T01,48,6,288.0,288.0,288.0,288.0,2,817,718,0,0,0,0,0
2026-10-01T01,48,7,300.0,300.0,300.0,300.0,6,11224,1,0,0,0,0,0
2026-10-01T01,49,0,915.0,915.0,915.0,915.0,8,1911,1755,0,0,0,0,0
2026-10-01T01,49,1,925.0,925.0,925.0,925.0,3,2212,2212,0,0,0,0,0
2026-10-01T01,49,4,920.0,920.0,920.0,920.0,3,847,747,0,0,0,0,0
2026-10-01T01,49,5,925.0,925.0,925.0,925.0,13,25806,20165,0,0,0,0,0
2026-10-01T01,49,6,985.0,985.0,985.0,985.0,5,1380,1360,0,0,0,0,0
2026-10-01T01,50,0,310.0,310.0,310.0,310.0,6,6505,6459,182,37,0,0,2003
2026-10-01T01,50,1,314.0,314.0,314.0,314.0,3,11906,11906,0,0,0,0,0
2026-10-01T01,50,2,312.0,312.0,312.0,312.0,5,15312,15312,0,0,0,0,0
2026-10-01T01,50,3,320.0,320.0,320.0,320.0,5,13490,11632,0,0,0,0,0
2026-10-01T01,50,4,312.0,312.0,312.0,312.0,5,26738,26738,3138,0,0,0,0
2026-10-01T01,50,5,316.0,316.0,316.0,316.0,3,10172,10172,0,0,0,0,0
2026-10-01T01,50,6,316.0,316.0,316.0,316.0,3,13881,13881,0,0,0,0,0
2026-10-01T01,50,7,316.0,316.0,316.0,316.0,5,41816,31816,0,0,0,0,0
2026-10-01T01,50,8,358.0,358.0,358.0,358.0,2,60927,60923,0,0,0,0,0
2026-10-01T01,50,9,376.0,376.0,376.0,376.0,2,3,1,0,0,0,0,0
2026-10-01T01,50,11,388.0,388.0,388.0,388.0,7,125484,125385,0,0,0,0,0
2026-10-01T01,51,0,805.0,805.0,795.0,795.0,6,834,761,12,0,0,0,200
2026-10-01T01,51,1,1000.0,1000.0,1000.0,1000.0,1,1,1,0,0,0,0,0
2026-10-01T01,51,2,795.0,800.0,795.0,800.0,5,4404,4404,208,50,0,0,0
2026-10-01T01,51,3,805.0,805.0,800.0,800.0,4,5233,5233,0,0,0,0,193
2026-10-01T01,51,4,820.0,820.0,820.0,820.0,5,6990,6990,0,0,0,0,0
2026-10-01T01,51,6,865.0,865.0,865.0,865.0,3,8644,8644,0,0,0,0,0
2026-10-01T01,51,8,975.0,975.0,975.0,975.0,2,1025,1025,0,0,0,0,0
2026-10-01T01,52,0,570.0,580.0,570.0,580.0,14,3665,3115,33,156,0,0,575
2026-10-01T01,52,1,580.0,580.0,580.0,580.0,4,7996,7996,0,0,0,0,0
2026-10-01T01,52,2,575.0,575.0,570.0,570.0,11,6596,4212,258,0,0,0,781
2026-10-01T01,52,3,595.0,595.0,575.0,575.0,9,8191,4040,0,0,0,0,801
2026-10-01T01,52,4,595.0,600.0,595.0,600.0,7,17962,17962,235,265,0,0,0
2026-10-01T01,52,5,605.0,610.0,605.0,610.0,8,23819,21819,388,500,0,0,0
2026-10-01T01,52,6,675.0,675.0,675.0,675.0,4,21495,21495,0,0,0,0,0
2026-10-01T01,52,7,725.0,725.0,725.0,725.0,5,1006,939,0,0,0,0,0
2026-10-01T01,52,11,975.0,975.0,975.0,975.0,2,1098,1098,0,0,0,0,0
2026-10-01T01,53,0,3290.0,3290.0,3290.0,3290.0,4,1332,1332,0,0,0,0,0
2026-10-01T01,53,1,3290.0,3290.0,3290.0,3290.0,4,461,461,0,0,0,0,0
2026-10-01T01,53,2,3380.0,3380.0,3380.0,3380.0,3,528,528,0,0,0,0,0
2026-10-01T01,53,3,3460.0,3460.0,3460.0,3460.0,9,5063,5063,0,0,0,0,0
2026-10-01T01,53,4,3500.0,3500.0,3500.0,3500.0,6,2014,1368,0,0,0,0,0
2026-10-01T01,53,5,3520.0,3520.0,3520.0,3520.0,4,14503,14503,0,0,0,0,0
2026-10-01T01,53,6,3690.0,3690.0,3690.0,3690.0,1,619,619,0,0,0,0,0
2026-10-01T01,53,7,3980.0,3980.0,3980.0,3980.0,2,1000,1000,0,0,0,0,0
2026-10-01T01,53,8,4000.0,4000.0,4000.0,4000.0,1,2,2,0,0,0,0,0
2026-10-01T01,54,0,6425.0,6475.0,6425.0,6475.0,11,1022,859,0,8,0,0,0
2026-10-01T01,54,1,6575.0,6575.0,6550.0,6550.0,9,1299,960,0,0,0,0,138
2026-10-01T01,54,2,6700.0,6700.0,6700.0,6700.0,3,786,786,0,0,0,0,0
2026-10-01T01,54,3,6700.0,6700.0,6700.0,6700.0,3,2417,2397,0,0,0,0,0
2026-10-01T01,54,4,6700.0,6700.0,6700.0,6700.0,4,771,771,0,0,0,0,0
2026-10-01T01,54,5,6675.0,6675.0,6675.0,6675.0,5,2847,2658,0,0,0,0,0
2026-10-01T01,54,6,6675.0,6675.0,6675.0,6675.0,6,3707,3707,0,0,0,0,0
2026-10-01T01,54,7,6725.0,6725.0,6725.0,6725.0,5,312,300,0,0,0,0,0
2026-10-01T01,54,12,43500.0,43500.0,43500.0,43500.0,1,1,1,0,0,0,0,0
2026-10-01T01,55,0,2140.0,2140.0,2140.0,2140.0,14,1755,1011,0,0,0,0,0
2026-10-01T01,55,1,2150.0,2150.0,2150.0,2150.0,4,877,877,0,0,0,0,0
2026-10-01T01,55,2,2170.0,2170.0,2170.0,2170.0,8,8480,7060,0,0,0,0,0
2026-10-01T01,55,3,2220.0,2220.0,2210.0,2210.0,6,3852,260,0,0,0,0,23
2026-10-01T01,55,4,2230.0,2230.0,2230.0,2230.0,5,5346,5346,0,0,0,0,0
2026-10-01T01,55,5,2300.0,2300.0,2300.0,2300.0,9,3991,3898,0,0,0,0,0
2026-10-01T01,55,6,2310.0,2310.0,2310.0,2310.0,11,3845,3545,0,0,0,0,0
2026-10-01T01,55,7,2560.0,2560.0,2560.0,2560.0,5,115,65,0,0,0,0,0
2026-10-01T01,56,0,4240.0,4240.0,4230.0,4230.0,11,303,296,0,0,0,0,12
2026-10-01T01,56,1,4260.0,4260.0,4260.0,4260.0,6,1178,1153,0,0,0,0,0
2026-10-01T01,56,2,4260.0,4260.0,4260.0,4260.0,8,612,589,0,0,0,0,0
2026-10-01T01,56,3,4360.0,4360.0,4360.0,4360.0,11,1770,1357,0,0,0,0,0
2026-10-01T01,56,4,4400.0,4400.0,4400.0,4400.0,7,2563,1663,0,0,0,0,403
2026-10-01T01,56,5,4500.0,4500.0,4500.0,4500.0,3,2530,2530,0,0,0,0,0
2026-10-01T01,56,6,4610.0,4610.0,4610.0,4610.0,11,2002,2002,0,0,0,0,0
2026-10-01T01,56,7,4690.0,4690.0,4690.0,4690.0,8,270,270,0,0,0,0,0
2026-10-01T01,56,8,5000.0,5000.0,5000.0,5000.0,1,1,1,0,0,0,0,0
2026-10-01T01,56,12,6000.0,6000.0,6000.0,6000.0,9,898,99,0,0,0,0,0
2026-10-01T01,57,0,5100.0,5100.0,5100.0,5100.0,17,1386,527,88,0,0,0,0
2026-10-01T01,57,1,5300.0,5300.0,5300.0,5300.0,10,1469,378,0,0,0,0,0
2026-10-01T01,57,2,5375.0,5375.0,5375.0,5375.0,2,997,997,0,0,0,0,0
2026-10-01T01,57,3,5425.0,5425.0,5425.0,5425.0,13,1918,688,0,0,0,0,0
2026-10-01T01,57,4,5550.0,5550.0,5550.0,5550.0,7,3647,3647,0,0,0,0,0
2026-10-01T01,57,5,5475.0,5475.0,5475.0,5475.0,5,1097,925,0,0,0,0,0
2026-10-01T01,57,6,5750.0,5750.0,5750.0,5750.0,2,2012,2012,0,0,0,0,0
2026-10-01T01,57,7,6750.0,6750.0,6750.0,6750.0,2,86,76,0,0,0,0,0
2026-10-01T01,57,8,6775.0,6775.0,6775.0,6775.0,3,54,54,0,0,0,0,0
2026-10-01T01,57,9,8000.0,8000.0,8000.0,8000.0,1,7,7,0,0,0,0,0
2026-10-01T01,57,10,12000.0,12000.0,12000.0,12000.0,1,40,40,0,0,0,0,0
2026-10-01T01,57,12,13500.0,13500.0,13500.0,13500.0,1,4,4,0,0,0,0,0
2026-10-01T01,58,0,119.0,119.0,117.0,117.0,44,411337,72572,0,0,0,0,1330
2026-10-01T01,59,0,61.5,62.5,60.5,62.5,33,1299032,696283,1610,4232,0,0,2929
2026-10-01T01,60,0,5.3,5.4,5.3,5.3,34,655196,12635,1030,18970,0,0,2132
2026-10-01T01,60,1,6.0,6.0,5.6,6.0,4,58657,35955,0,1097,0,0,1097
2026-10-01T01,60,2,5.7,5.7,5.7,5.7,9,476841,18133,2289,0,0,0,0
2026-10-01T01,60,3,6.1,6.1,6.1,6.1,4,374422,374422,0,0,0,0,0
2026-10-01T01,60,4,6.2,6.2,6.1,6.2,7,5662241,5661658,0,88376,0,0,88376
2026-10-01T01,60,5,6.6,6.6,6.6,6.6,9,2865682,2365682,0,0,0,0,0
2026-10-01T01,60,6,7.0,7.0,7.0,7.0,5,809625,101966,0,0,0,0,0
2026-10-01T01,60,7,8.3,8.3,8.3,8.3,2,207492,31777,0,0,0,0,0
2026-10-01T01,60,8,9.4,9.4,9.4,9.4,3,59354,59354,0,0,0,0,0
2026-10-01T01,60,9,11.4,11.4,11.4,11.4,2,4970,4970,0,0,0,0,0
2026-10-01T01,61,0,18.4,18.4,18.2,18.3,11,79398,76898,1058,3942,0,0,12072
2026-10-01T01,61,1,18.6,18.7,18.6,18.7,3,463400,463400,0,1500,0,0,0
2026-10-01T01,61,2,18.7,18.7,18.7,18.7,15,1275527,275527,372,0,0,0,0
2026-10-01T01,61,3,19.2,19.2,19.2,19.2,6,1721491,1721491,0,0,0,0,0
2026-10-01T01,61,4,19.7,19.7,19.7,19.7,6,402423,402423,0,0,0,0,0
2026-10-01T01,61,5,20.0,20.0,20.0,20.0,3,150000,150000,0,0,0,0,0
2026-10-01T01,61,6,20.75,20.75,20.75,20.75,10,279034,114822,0,0,0,0,0
2026-10-01T01,62,0,20.75,20.75,20.75,20.75,14,105187,63760,0,0,0,0,236
2026-10-01T01,62,1,21.0,21.0,20.75,21.0,7,152348,132338,0,800,0,0,800
2026-10-01T01,62,2,21.5,21.5,21.5,21.5,4,307476,124620,0,0,0,0,0
2026-10-01T01,62,3,21.25,21.25,21.25,21.25,12,219743,207621,0,0,0,0,0
2026-10-01T01,62,4,21.75,21.75,21.75,21.75,9,221155,91653,0,0,0,0,0
2026-10-01T01,62,5,22.25,22.25,22.25,22.25,11,1975908,665741,0,0,0,0,0
2026-10-01T01,62,6,23.0,23.0,23.0,23.0,8,170709,108911,0,0,0,0,0
2026-10-01T01,62,7,29.0,29.0,29.0,29.0,2,209000,209000,0,0,0,0,0
2026-10-01T01,62,9,36.0,36.0,36.0,36.0,1,999,999,0,0,0,0,0
2026-10-01T01,63,0,33.0,33.0,33.0,33.0,7,25936,25921,3000,0,0,0,0
2026-10-01T01,63,1,33.25,33.25,33.25,33.25,6,50556,40556,0,0,0,0,0
2026-10-01T01,63,2,34.25,34.25,34.25,34.25,3,81839,81839,0,0,0,0,0
2026-10-01T01,63,3,34.5,34.5,34.5,34.5,7,212850,212850,0,0,0,0,0
2026-10-01T01,63,4,34.75,34.75,34.75,34.75,5,99773,99773,0,0,0,0,0
2026-10-01T01,63,5,36.0,36.0,36.0,36.0,4,157796,157796,0,0,0,0,0
2026-10-01T01,63,7,36.75,36.75,36.75,36.75,1,45000,45000,0,0,0,0,0
2026-10-01T01,64,0,42.0,42.0,41.75,41.75,33,25934,4989,0,0,0,0,1644
2026-10-01T01,64,1,43.0,43.0,43.0,43.0,11,18958,12065,0,0,0,0,0
2026-10-01T01,64,2,43.75,43.75,43.75,43.75,20,144744,120663,0,0,0,0,0
2026-10-01T01,64,3,43.75,43.75,43.75,43.75,13,79590,71453,0,0,0,0,0
2026-10-01T01,64,4,44.75,44.75,44.75,44.75,10,287994,92031,0,0,0,0,0
2026-10-01T01,64,5,46.5,46.5,46.5,46.5,6,98327,98327,0,0,0,0,0
2026-10-01T01,64,6,47.5,47.5,47.5,47.5,6,147386,147386,0,0,0,0,0
2026-10-01T01,64,7,64.0,64.0,64.0,64.0,1,25000,25000,0,0,0,0,0
2026-10-01T01,64,8,80.0,80.0,80.0,80.0,1,299,299,0,0,0,0,0
2026-10-01T01,64,10,80.0,80.0,80.0,80.0,1,999,999,0,0,0,0,0
2026-10-01T01,65,0,12.7,12.7,12.7,12.7,14,466303,456261,0,0,0,0,0
2026-10-01T01,65,1,12.7,12.7,12.7,12.7,2,31974,31974,0,0,0,0,0
2026-10-01T01,65,2,12.7,12.7,12.5,12.5,10,1447624,217158,0,0,0,0,10467
2026-10-01T01,65,3,12.7,12.7,12.7,12.7,9,5004105,1589783,30,0,0,0,0
2026-10-01T01,65,4,13.2,13.2,13.2,13.2,7,3295116,2999529,0,0,0,0,0
2026-10-01T01,65,5,13.4,13.4,13.4,13.4,2,574569,574569,0,0,0,0,0
2026-10-01T01,65,7,14.4,14.4,14.4,14.4,1,8000,8000,0,0,0,0,0
2026-10-01T01,65,8,13.8,13.8,13.8,13.8,3,192834,72000,0,0,0,0,0
2026-10-01T01,65,9,17.7,17.7,17.7,17.7,3,69998,69998,0,0,0,0,0
2026-10-01T01,65,10,17.8,17.8,17.8,17.8,3,69998,69998,0,0,0,0,0
2026-10-01T01,65,11,17.9,17.9,17.9,17.9,4,119914,119914,0,0,0,0,0
2026-10-01T01,66,0,0.262,0.267,0.261,0.265,221,43453203,2627740,487118,227210,0,4000115,5266478
2026-10-01T01,66,1,0.266,0.271,0.265,0.27,34,11019456,4429807,457518,1222740,333673,0,1074494
2026-10-01T01,66,2,0.292,0.293,0.288,0.288,12,7186708,4296298,880168,112067,0,0,2681496
2026-10-01T01,66,3,0.294,0.294,0.293,0.293,28,28066527,22888616,0,0,0,0,1478284
2026-10-01T01,66,4,0.339,0.339,0.339,0.339,3,5107616,4503060,200000,0,0,0,0
2026-10-01T01,66,5,0.348,0.348,0.348,0.348,10,23476983,23276983,0,0,0,0,0
2026-10-01T01,66,6,0.364,0.364,0.364,0.364,12,22889013,7626046,0,0,0,0,0
2026-10-01T01,66,7,0.515,0.515,0.515,0.515,4,4407658,4407658,0,0,0,0,0
2026-10-01T01,66,8,0.535,0.535,0.535,0.535,2,1589720,1589720,0,0,0,0,0
2026-10-01T01,66,10,0.79,0.79,0.79,0.79,1,640000,640000,0,965237,0,0,640000
2026-10-01T01,66,12,0.625,0.625,0.625,0.625,2,1785053,1185054,0,0,0,0,0
2026-10-01T01,67,0,11.4,11.4,11.4,11.4,25,349789,26905,0,0,0,0,0
2026-10-01T01,67,1,12.5,12.5,12.5,12.5,6,37677,19898,0,0,0,0,0
2026-10-01T01,67,2,12.6,12.6,12.6,12.6,11,258363,10278,0,0,0,0,0
2026-10-01T01,67,3,13.4,13.4,13.4,13.4,1,5000,5000,0,0,0,0,0
2026-10-01T01,67,4,16.0,16.0,16.0,16.0,4,82578,59122,0,0,0,0,0
2026-10-01T01,67,7,19.9,19.9,19.9,19.9,1,37112,37112,0,0,0,0,0
2026-10-01T01,68,0,31.0,31.0,30.5,30.5,46,135394,101622,1975,31735,0,0,64019
2026-10-01T01,68,1,32.0,32.0,31.75,31.75,10,25517,10932,0,0,0,0,118
2026-10-01T01,68,2,32.0,32.0,30.25,30.25,23,581657,10976,0,0,0,0,10976
2026-10-01T01,68,3,32.75,32.75,32.75,32.75,10,608728,371890,0,0,0,0,0
2026-10-01T01,68,4,33.75,33.75,33.75,33.75,4,1117345,94995,0,0,0,0,0
2026-10-01T01,68,5,35.5,35.5,35.5,35.5,2,140271,140271,0,0,0,0,0
2026-10-01T01,68,6,35.5,35.5,35.5,35.5,1,100000,100000,0,0,0,0,0
2026-10-01T01,68,10,35.5,35.5,35.5,35.5,2,369567,369567,0,0,0,0,0
2026-10-01T01,68,11,54.5,54.5,54.5,54.5,3,53983,53983,0,0,0,0,0
2026-10-01T01,69,0,6075.0,6075.0,6025.0,6075.0,44,2704,2023,40,37,0,0,208
2026-10-01T01,69,1,6425.0,6525.0,6425.0,6475.0,13,804,578,188,109,0,0,151
2026-10-01T01,69,2,6475.0,6575.0,6475.0,6575.0,22,2741,2372,2,150,0,0,0
2026-10-01T01,69,3,6650.0,6650.0,6550.0,6650.0,19,3369,2773,148,136,0,0,284
2026-10-01T01,69,4,6625.0,6650.0,6625.0,6650.0,18,5442,1847,128,372,0,0,500
2026-10-01T01,69,5,6700.0,7000.0,6700.0,7000.0,16,8071,5091,0,92,0,0,8
2026-10-01T01,69,6,7350.0,7350.0,7325.0,7325.0,18,2565,2565,0,0,0,0,100
2026-10-01T01,69,7,7775.0,7775.0,7775.0,7775.0,10,1811,1811,0,0,0,0,0
2026-10-01T01,69,8,8075.0,8075.0,8075.0,8075.0,4,425,425,0,0,0,0,0
2026-10-01T01,69,9,8125.0,8125.0,8125.0,8125.0,5,410,410,0,0,0,0,0
2026-10-01T01,69,10,8125.0,8125.0,8125.0,8125.0,9,795,701,0,0,0,0,0
2026-10-01T01,69,11,8350.0,8350.0,8350.0,8350.0,2,105,105,0,0,0,0,0
2026-10-01T01,69,12,8900.0,8900.0,8900.0,8900.0,5,219,219,0,0,0,0,0
2026-10-01T01,70,0,770.0,770.0,770.0,770.0,19,6303,3001,21,0,0,0,0
2026-10-01T01,70,1,785.0,785.0,785.0,785.0,4,7793,7793,0,0,0,0,0
2026-10-01T01,70,2,775.0,775.0,775.0,775.0,10,8889,7887,0,0,0,0,0
2026-10-01T01,70,3,785.0,785.0,785.0,785.0,9,13631,6051,500,0,0,0,0
2026-10-01T01,70,4,790.0,790.0,790.0,790.0,3,3643,3643,0,0,0,0,0
2026-10-01T01,70,5,800.0,800.0,800.0,800.0,48,8286,8263,0,0,1,0,3
2026-10-01T01,70,6,990.0,990.0,990.0,990.0,1,100,100,0,0,0,0,0
2026-10-01T01,70,7,995.0,995.0,995.0,995.0,2,301,301,0,0,0,0,0
2026-10-01T01,70,8,1290.0,1290.0,1290.0,1290.0,1,448,448,0,0,0,0,0
2026-10-01T01,70,10,1200.0,1200.0,1200.0,1200.0,2,9982,1,0,0,0,0,0
2026-10-01T01,71,0,1520.0,1520.0,1520.0,1520.0,11,5038,4768,0,0,0,0,0
2026-10-01T01,71,1,1490.0,1490.0,1490.0,1490.0,10,8802,8792,97,0,0,0,0
2026-10-01T01,71,2,1510.0,1510.0,1510.0,1510.0,7,7859,7508,0,0,0,0,0
2026-10-01T01,71,3,1510.0,1510.0,1510.0,1510.0,11,12704,12701,0,0,0,0,0
2026-10-01T01,71,4,1540.0,1540.0,1540.0,1540.0,16,42321,41167,0,0,0,0,0
2026-10-01T01,71,5,1630.0,1630.0,1630.0,1630.0,2,4235,4235,0,0,0,0,0
2026-10-01T01,71,6,1590.0,1590.0,1590.0,1590.0,10,3198,3011,0,0,0,0,0
2026-10-01T01,71,7,1600.0,1600.0,1600.0,1600.0,13,4033,833,0,0,0,0,0
2026-10-01T01,72,0,1.75,1.78,1.75,1.77,63,1900640,1754623,51391,37085,0,500,42964
2026-10-01T01,72,1,1.88,1.89,1.88,1.88,5,496017,496015,24198,5552,0,0,31409
2026-10-01T01,72,2,1.96,1.96,1.96,1.96,6,17199475,16599782,0,0,0,0,0
2026-10-01T01,72,3,1.96,1.96,1.96,1.96,5,3022853,3022853,35964,0,0,0,0
2026-10-01T01,72,4,2.0,2.0,2.0,2.0,6,2276858,1385891,0,0,0,0,0
2026-10-01T01,72,5,3.1,3.1,3.1,3.1,2,1203897,1203897,0,0,0,0,0
2026-10-01T01,72,6,2.9,2.9,2.9,2.9,1,238898,238898,0,0,0,0,0
2026-10-01T01,72,8,2.95,2.95,2.95,2.95,6,1842204,136178,0,0,0,0,0
2026-10-01T01,72,9,3.95,3.95,3.95,3.95,1,232493,232493,0,0,0,0,0
2026-10-01T01,72,10,4.0,4.0,4.0,4.0,2,35000,10000,0,0,0,0,0
2026-10-01T01,73,0,26.5,28.0,26.5,28.0,76,129532,59975,26436,18305,0,0,15189
2026-10-01T01,73,1,28.75,29.75,28.75,29.0,6,175092,174592,4750,6425,0,0,6977
2026-10-01T01,73,2,29.75,29.75,28.5,28.5,13,146674,38602,13480,15331,0,0,45375
2026-10-01T01,73,3,30.0,30.25,29.75,30.25,13,361162,248542,1382,25638,0,0,2270
2026-10-01T01,73,4,30.75,30.75,30.75,30.75,6,119698,119698,9934,0,0,0,0
2026-10-01T01,73,5,32.0,32.0,32.0,32.0,7,235268,235268,0,0,0,0,0
2026-10-01T01,73,6,33.0,33.0,33.0,33.0,2,75839,75839,0,0,0,0,0
2026-10-01T01,73,7,33.75,33.75,33.75,33.75,1,30000,30000,0,0,0,0,0
2026-10-01T01,73,10,33.5,33.5,33.5,33.5,2,32321,32321,0,0,0,0,0
2026-10-01T01,74,0,19.4,19.9,19.4,19.5,49,180258,86012,600,18946,477,0,7406
2026-10-01T01,74,1,23.5,23.5,23.25,23.25,10,61184,36455,0,0,0,0,4270
2026-10-01T01,74,2,24.0,24.0,23.0,23.0,27,877792,60103,6858,0,0,0,35581
2026-10-01T01,74,3,24.5,24.5,24.5,24.5,18,485156,75745,0,0,0,0,0
2026-10-01T01,74,4,26.5,26.5,26.5,26.5,4,303411,204227,0,0,0,0,0
2026-10-01T01,74,5,28.5,28.5,28.5,28.5,12,467518,277384,0,0,0,0,0
2026-10-01T01,74,7,29.5,29.5,29.5,29.5,5,177751,81920,0,0,0,0,0
2026-10-01T01,74,8,29.0,29.0,29.0,29.0,3,145703,20703,0,0,0,0,0
2026-10-01T01,74,9,30.0,30.0,30.0,30.0,1,22302,22302,0,0,0,0,0
2026-10-01T01,74,10,37.0,37.0,37.0,37.0,3,34999,30000,0,0,0,0,0
2026-10-01T01,74,12,40.0,40.0,40.0,40.0,1,222,222,0,0,0,0,0
2026-10-01T01,75,0,5.9,6.0,5.9,5.9,16,736466,360330,68752,4750,0,0,9417
2026-10-01T01,75,1,6.4,6.4,6.2,6.2,7,2454985,86788,0,0,0,0,50000
2026-10-01T01,75,2,6.2,6.3,6.2,6.3,15,1968087,1745806,82881,29728,0,0,0
2026-10-01T01,75,3,6.3,6.4,6.2,6.4,8,1201147,1198193,422060,47968,0,0,413425
2026-10-01T01,75,4,6.4,6.4,6.4,6.4,7,2060495,1655037,444363,4323,0,0,0
2026-10-01T01,75,5,6.5,6.5,6.5,6.5,11,3575768,1536317,0,0,0,0,0
2026-10-01T01,75,6,6.6,6.6,6.6,6.6,10,2504087,1426596,0,0,0,0,0
2026-10-01T01,75,7,7.1,7.1,7.1,7.1,4,2424763,2424763,79960,0,0,0,0
2026-10-01T01,75,8,7.2,7.2,7.2,7.2,3,9424552,9424552,0,0,0,0,0
2026-10-01T01,75,9,7.2,7.2,7.2,7.2,4,7430153,3655146,0,0,0,0,0
2026-10-01T01,75,10,8.0,8.0,8.0,8.0,1,2028109,2028109,0,0,0,0,0
2026-10-01T01,75,11,8.8,8.8,8.8,8.8,1,253854,253854,0,0,0,0,0
2026-10-01T01,76,0,58.0,59.0,57.5,59.0,16,206836,32383,0,1255,0,0,62
2026-10-01T01,76,1,58.5,61.0,58.5,61.0,3,78936,29774,4026,1234,0,0,0
2026-10-01T01,76,2,58.5,59.0,58.0,59.0,12,229816,102090,13321,15691,0,0,26958
2026-10-01T01,76,3,60.0,60.5,59.5,59.5,9,134905,66325,36318,21416,0,0,1343
2026-10-01T01,76,4,59.0,61.5,59.0,61.0,7,1133644,181331,12412,374,0,0,3170
2026-10-01T01,76,5,63.0,63.0,63.0,63.0,5,232218,128066,0,0,0,0,0
2026-10-01T01,76,6,63.0,63.0,63.0,63.0,5,794904,62023,11000,0,0,0,11000
2026-10-01T01,76,7,70.5,70.5,70.5,70.5,3,246399,246399,0,0,0,0,0
2026-10-01T01,76,8,72.0,72.0,72.0,72.0,4,205290,205290,0,0,0,0,0
2026-10-01T01,76,9,71.0,71.0,71.0,71.0,3,107776,107776,0,0,0,0,0
2026-10-01T01,76,10,78.0,78.0,78.0,78.0,3,90774,85219,0,0,0,0,0
2026-10-01T01,76,11,83.0,83.0,83.0,83.0,3,193143,193143,0,0,0,0,0
2026-10-01T01,76,12,92.5,92.5,92.5,92.5,3,6976,6876,0,0,0,0,0
2026-10-01T01,77,0,2520.0,2520.0,2520.0,2520.0,15,3704,1481,98,64,0,0,0
2026-10-01T01,77,1,2640.0,2650.0,2640.0,2650.0,7,1606,1606,42,40,0,0,0
2026-10-01T01,77,2,2690.0,2690.0,2670.0,2670.0,17,2100,2100,32,0,0,0,149
2026-10-01T01,77,3,2650.0,2720.0,2650.0,2720.0,10,7149,7149,66,760,0,0,0
2026-10-01T01,77,4,2780.0,2780.0,2770.0,2770.0,6,1616,1616,0,0,0,0,104
2026-10-01T01,77,5,2810.0,2810.0,2810.0,2810.0,4,282,282,0,0,0,0,0
2026-10-01T01,77,6,2840.0,2840.0,2840.0,2840.0,5,4245,2217,0,0,0,0,0
2026-10-01T01,77,7,2850.0,2850.0,2850.0,2850.0,6,6995,2927,0,0,0,0,0
2026-10-01T01,77,8,2860.0,2860.0,2860.0,2860.0,3,2925,2704,0,0,0,0,0
2026-10-01T01,77,9,3220.0,3220.0,3220.0,3220.0,4,6832,6832,0,0,0,0,0
2026-10-01T01,77,10,3290.0,3290.0,3290.0,3290.0,1,100,100,0,0,0,0,0
2026-10-01T01,77,11,3300.0,3300.0,3300.0,3300.0,3,1890,1111,0,0,0,0,0
2026-10-01T01,77,12,4800.0,4800.0,4800.0,4800.0,1,99,99,0,0,0,0,0
2026-10-01T01,78,0,1860.0,1860.0,1860.0,1860.0,7,7119,7119,6,0,0,0,0
2026-10-01T01,78,1,1970.0,1970.0,1940.0,1960.0,8,1847,1762,12,2,0,0,200
2026-10-01T01,78,2,1980.0,1980.0,1980.0,1980.0,8,2147,2147,0,0,0,0,0
2026-10-01T01,78,3,2060.0,2060.0,2060.0,2060.0,5,3802,3802,12,0,0,0,0
2026-10-01T01,78,4,2140.0,2140.0,2140.0,2140.0,7,3314,2555,0,0,0,0,0
2026-10-01T01,78,5,2130.0,2130.0,2110.0,2110.0,20,16114,11188,92,0,0,0,813
2026-10-01T01,78,6,2300.0,2300.0,2300.0,2300.0,1,1814,1814,0,0,0,0,0
2026-10-01T01,78,7,2310.0,2310.0,2310.0,2310.0,10,3879,3879,0,0,0,0,0
2026-10-01T01,78,8,2470.0,2470.0,2470.0,2470.0,11,502,502,0,0,0,0,0
2026-10-01T01,78,9,2490.0,2490.0,2490.0,2490.0,6,221,171,0,0,0,0,0
2026-10-01T01,78,10,2500.0,2500.0,2500.0,2500.0,5,742,741,0,0,0,0,0
2026-10-01T01,78,11,2700.0,2700.0,2700.0,2700.0,1,200,200,0,0,0,0,0
2026-10-01T01,79,0,785.0,790.0,770.0,790.0,17,6545,5527,51,15,20,0,34
2026-10-01T01,79,1,820.0,820.0,820.0,820.0,9,1534,1534,0,0,0,0,0
2026-10-01T01,79,2,815.0,820.0,800.0,815.0,10,10874,4416,994,606,1,0,627
2026-10-01T01,79,3,835.0,840.0,830.0,830.0,19,20860,13729,137,500,1936,0,11132
2026-10-01T01,79,4,835.0,845.0,835.0,845.0,22,57220,40046,0,136,0,0,2
2026-10-01T01,79,5,885.0,885.0,885.0,885.0,22,168966,25572,0,0,0,0,0
2026-10-01T01,79,6,960.0,960.0,960.0,960.0,8,18204,16970,0,0,0,0,0
2026-10-01T01,79,7,980.0,980.0,980.0,980.0,16,44271,23599,0,0,0,0,0
2026-10-01T01,79,8,985.0,985.0,985.0,985.0,7,26517,19105,0,0,0,0,0
2026-10-01T01,79,9,995.0,995.0,995.0,995.0,2,8500,7500,0,0,0,0,0
2026-10-01T01,79,10,990.0,990.0,990.0,990.0,32,12639,7239,0,0,0,0,0
2026-10-01T01,79,11,1050.0,1050.0,1050.0,1050.0,2,2000,1000,0,0,0,0,0
2026-10-01T01,79,12,1570.0,1570.0,1570.0,1570.0,2,125,125,0,0,0,0,0
2026-10-01T01,80,0,4460.0,4460.0,4460.0,4460.0,11,965,865,0,0,0,0,0
2026-10-01T01,80,1,4610.0,4610.0,4610.0,4610.0,4,586,586,0,0,0,0,0
2026-10-01T01,80,2,4490.0,4490.0,4440.0,4440.0,9,602,238,8,0,0,0,84
2026-10-01T01,80,3,4500.0,4820.0,4500.0,4760.0,11,2017,2017,20,107,0,0,137
2026-10-01T01,80,4,4790.0,4790.0,4780.0,4780.0,17,4088,4088,114,0,0,0,100
2026-10-01T01,80,5,4850.0,4850.0,4850.0,4850.0,17,5653,5653,0,0,0,0,0
2026-10-01T01,80,6,4980.0,5275.0,4980.0,5275.0,1,300,300,0,902,0,0,0
2026-10-01T01,80,7,5000.0,5300.0,5000.0,5300.0,7,983,983,0,200,0,0,0
2026-10-01T01,80,8,6450.0,6450.0,6450.0,6450.0,2,419,48,0,0,0,0,0
2026-10-01T01,80,9,6425.0,6425.0,6425.0,6425.0,3,431,431,0,0,0,0,0
2026-10-01T01,81,0,4990.0,4990.0,4990.0,4990.0,6,53,48,6,0,0,0,0
2026-10-01T01,81,1,5050.0,5050.0,5050.0,5050.0,5,994,994,27,0,0,0,0
2026-10-01T01,81,2,5200.0,5200.0,5200.0,5200.0,4,566,566,0,0,0,0,0
2026-10-01T01,81,3,5175.0,5175.0,5175.0,5175.0,10,1264,1264,127,0,0,0,0
2026-10-01T01,81,4,5350.0,5350.0,5325.0,5325.0,6,1514,201,137,0,0,0,162
2026-10-01T01,81,5,5475.0,5475.0,5475.0,5475.0,3,1965,1965,28,0,0,0,0
2026-10-01T01,81,6,5525.0,5525.0,5525.0,5525.0,5,2274,795,0,0,0,0,0
2026-10-01T01,81,7,6000.0,6000.0,6000.0,6000.0,7,2479,1500,0,0,0,0,0
2026-10-01T01,81,8,6175.0,6175.0,6175.0,6175.0,5,2265,2265,0,0,0,0,0
2026-10-01T01,81,9,6600.0,6600.0,6600.0,6600.0,2,1100,1100,0,0,0,0,0
2026-10-01T01,81,10,6800.0,6800.0,6800.0,6800.0,2,1100,1100,0,0,0,0,0
2026-10-01T01,81,11,6900.0,6900.0,6900.0,6900.0,2,1095,1095,0,0,0,0,0
2026-10-01T01,82,2,1690.0,1690.0,1680.0,1680.0,2,591,591,100,0,0,0,215
2026-10-01T01,82,3,1680.0,1690.0,1680.0,1690.0,4,2284,2284,65,65,0,0,297
2026-10-01T01,82,4,1700.0,1700.0,1700.0,1700.0,10,3097,2559,28,0,0,0,409
2026-10-01T01,82,5,1730.0,1730.0,1730.0,1730.0,13,21946,18670,0,0,0,0,0
2026-10-01T01,82,6,1900.0,1990.0,1900.0,1990.0,3,1468,1468,0,25,0,0,0
2026-10-01T01,82,7,1940.0,1940.0,1900.0,1900.0,9,8146,4963,0,0,0,0,1000
2026-10-01T01,82,8,2100.0,2100.0,2100.0,2100.0,1,11,11,0,0,0,0,0
2026-10-01T01,82,9,1800.0,2180.0,1800.0,2180.0,2,1379,1379,0,1071,0,0,0
2026-10-01T01,82,10,2400.0,2400.0,2400.0,2400.0,1,500,500,0,0,0,0,0
2026-10-01T01,83,0,28.5,29.5,24.75,28.75,23,88464,20523,4281,4144,0,1397,11493
2026-10-01T01,83,1,31.75,31.75,31.5,31.5,20,360379,127905,0,0,0,0,4101
2026-10-01T01,83,2,33.75,33.75,33.75,33.75,17,174636,79325,9500,0,0,0,1676
2026-10-01T01,83,3,34.0,34.25,34.0,34.0,12,334602,239578,0,6317,0,0,4104
2026-10-01T01,83,4,34.5,34.5,33.75,33.75,14,492063,212331,4600,0,0,0,31779
2026-10-01T01,83,5,37.0,37.0,37.0,37.0,13,1127824,615806,0,0,0,0,0
2026-10-01T01,83,6,38.25,38.25,38.25,38.25,8,484300,484300,0,0,0,0,0
2026-10-01T01,83,7,41.75,41.75,41.75,41.75,2,40999,25999,0,0,0,0,0
2026-10-01T01,83,8,42.0,42.0,42.0,42.0,1,20000,20000,0,0,0,0,0
2026-10-01T01,83,9,45.0,45.0,45.0,45.0,1,10000,10000,0,0,0,0,0
2026-10-01T01,83,11,65.0,65.0,65.0,65.0,1,2002,2002,0,0,0,0,0
2026-10-01T01,84,0,8475.0,8475.0,8475.0,8475.0,17,891,334,0,0,0,0,0
2026-10-01T01,84,1,8950.0,8950.0,8950.0,8950.0,21,795,715,16,0,0,0,0
2026-10-01T01,84,2,9375.0,9425.0,9375.0,9425.0,23,2242,2132,8,24,0,0,0
2026-10-01T01,84,3,9900.0,9900.0,9900.0,9900.0,12,2008,1318,30,0,0,0,0
2026-10-01T01,84,4,10000.0,10000.0,10000.0,10000.0,11,1107,416,36,0,0,0,0
2026-10-01T01,84,5,10800.0,10800.0,10800.0,10800.0,5,220,220,0,0,0,0,0
2026-10-01T01,84,6,10900.0,10900.0,10900.0,10900.0,3,715,715,0,0,0,0,0
2026-10-01T01,84,7,11300.0,11300.0,11300.0,11300.0,2,300,300,0,0,0,0,0
2026-10-01T01,84,8,11100.0,11100.0,11100.0,11100.0,8,879,750,0,0,0,0,0
2026-10-01T01,84,10,14700.0,14700.0,14700.0,14700.0,4,308,308,0,0,0,0,0
2026-10-01T01,85,0,7150.0,7150.0,7150.0,7150.0,13,217,165,0,0,0,0,0
2026-10-01T01,85,1,8200.0,8200.0,8200.0,8200.0,7,321,321,0,0,0,0,0
2026-10-01T01,85,2,8300.0,8325.0,8300.0,8325.0,4,558,558,26,5,0,0,0
2026-10-01T01,85,3,8925.0,8925.0,8925.0,8925.0,2,64,64,0,0,0,0,0
2026-10-01T01,85,4,8900.0,8900.0,8875.0,8875.0,16,2454,1324,0,0,0,0,44
2026-10-01T01,85,5,9500.0,9500.0,9500.0,9500.0,1,100,100,0,0,0,0,0
2026-10-01T01,85,6,10600.0,10600.0,10600.0,10600.0,6,1940,1440,0,0,0,0,20
2026-10-01T01,85,7,10900.0,10900.0,10900.0,10900.0,3,142,105,0,0,0,0,0
2026-10-01T01,85,8,14900.0,14900.0,14900.0,14900.0,2,36,36,0,0,0,0,0
2026-10-01T01,85,10,11000.0,11000.0,11000.0,11000.0,1,50,50,0,0,0,0,0
2026-10-01T01,86,0,10000.0,10000.0,10000.0,10000.0,8,167,141,0,0,0,0,0
2026-10-01T01,86,1,10800.0,10800.0,10800.0,10800.0,1,6,6,0,0,0,0,0
2026-10-01T01,86,2,10300.0,10300.0,10300.0,10300.0,3,1439,63,0,0,0,0,0
2026-10-01T01,86,3,10200.0,10400.0,10200.0,10200.0,9,1909,1895,0,21,0,0,12
2026-10-01T01,86,4,10200.0,10300.0,10200.0,10300.0,5,1180,671,7,32,0,0,0
2026-10-01T01,86,5,10500.0,10500.0,10500.0,10500.0,6,6774,4306,0,0,0,0,0
2026-10-01T01,86,6,10800.0,10800.0,10800.0,10800.0,6,998,498,0,0,0,0,0
2026-10-01T01,86,7,12100.0,12100.0,12100.0,12100.0,2,1079,1079,0,0,0,0,0
2026-10-01T01,86,8,13100.0,13100.0,13100.0,13100.0,2,600,600,0,0,0,0,0
2026-10-01T01,86,9,13200.0,13200.0,13200.0,13200.0,2,143,143,0,0,0,0,0
2026-10-01T01,86,10,12500.0,12500.0,12500.0,12500.0,2,207,205,0,0,0,0,0
2026-10-01T01,87,0,452.0,452.0,452.0,452.0,7,2657,1832,0,0,0,0,0
2026-10-01T01,87,1,472.0,472.0,470.0,470.0,5,2719,1009,0,0,0,0,29
2026-10-01T01,87,2,480.0,480.0,480.0,480.0,9,3356,3035,40,0,0,0,0
2026-10-01T01,87,3,530.0,530.0,530.0,530.0,6,3774,1088,0,0,0,0,0
2026-10-01T01,87,4,595.0,595.0,595.0,595.0,5,4219,2589,0,0,0,0,0
2026-10-01T01,87,5,595.0,595.0,595.0,595.0,11,23673,7438,250,0,0,0,0
2026-10-01T01,87,6,770.0,770.0,770.0,770.0,1,1538,1538,0,0,0,0,0
2026-10-01T01,87,7,770.0,770.0,770.0,770.0,2,1359,1359,0,0,0,0,0
2026-10-01T01,87,8,795.0,795.0,795.0,795.0,1,100,100,0,0,0,0,0
2026-10-01T01,87,9,800.0,800.0,800.0,800.0,1,1337,1337,0,0,0,0,0
2026-10-01T01,88,0,11100.0,11100.0,11100.0,11100.0,16,859,159,0,0,0,0,0
2026-10-01T01,88,1,11100.0,11100.0,11000.0,11000.0,6,244,244,7,0,0,0,12
2026-10-01T01,88,2,11900.0,11900.0,11900.0,11900.0,2,89,89,0,0,0,0,0
2026-10-01T01,88,3,11700.0,11700.0,11600.0,11600.0,3,123,123,0,23,0,0,17
2026-10-01T01,88,4,11700.0,11700.0,11700.0,11700.0,6,700,700,0,0,0,0,0
2026-10-01T01,88,5,11800.0,11800.0,11800.0,11800.0,5,1562,1113,0,0,0,0,0
2026-10-01T01,88,6,11700.0,11700.0,11700.0,11700.0,5,1086,647,47,0,0,0,0
2026-10-01T01,88,7,12800.0,12800.0,12800.0,12800.0,1,50,50,0,0,0,0,0
2026-10-01T01,88,8,11800.0,11800.0,11800.0,11800.0,4,1040,200,0,0,0,0,0
2026-10-01T01,88,9,12200.0,12200.0,12200.0,12200.0,2,326,306,0,0,0,0,0
2026-10-01T01,88,10,12700.0,12700.0,12700.0,12700.0,2,450,250,0,0,0,0,0
2026-10-01T01,89,0,4420.0,4420.0,4420.0,4420.0,22,1924,1496,14,0,0,0,0
2026-10-01T01,89,1,4500.0,4500.0,4500.0,4500.0,6,383,248,6,0,0,0,0
2026-10-01T01,89,2,4630.0,4630.0,4630.0,4630.0,10,598,598,0,0,0,0,0
2026-10-01T01,89,3,4630.0,4670.0,4630.0,4660.0,13,1934,1748,109,25,0,0,43
2026-10-01T01,89,4,4770.0,4770.0,4760.0,4760.0,8,3530,2882,0,0,0,0,7
2026-10-01T01,89,5,5125.0,5125.0,5125.0,5125.0,5,2273,1822,0,0,0,0,0
2026-10-01T01,89,6,5575.0,5575.0,5575.0,5575.0,10,2880,2581,0,0,0,0,0
2026-10-01T01,89,7,5975.0,5975.0,5975.0,5975.0,2,119,119,0,0,0,0,0
2026-10-01T01,89,8,5750.0,5750.0,5750.0,5750.0,2,698,500,0,0,0,0,0
2026-10-01T01,89,9,6250.0,6250.0,6250.0,6250.0,2,1080,1080,0,0,0,0,0
2026-10-01T01,89,10,6000.0,6000.0,6000.0,6000.0,3,509,509,0,0,0,0,0
2026-10-01T01,98,0,805.0,820.0,805.0,820.0,5,2217,1671,0,27,0,0,0
2026-10-01T01,98,1,805.0,815.0,805.0,815.0,7,3831,3160,17,157,0,0,0
2026-10-01T01,98,2,810.0,815.0,805.0,815.0,9,7428,4524,108,539,0,0,137
2026-10-01T01,98,3,820.0,820.0,820.0,820.0,29,21525,11339,0,0,0,0,0
2026-10-01T01,98,4,850.0,850.0,845.0,845.0,13,42303,31966,0,0,0,0,500
2026-10-01T01,98,5,875.0,880.0,875.0,880.0,6,12619,12619,90,909,0,0,0
2026-10-01T01,98,6,890.0,910.0,890.0,910.0,5,500,500,0,200,0,0,0
2026-10-01T01,98,7,935.0,935.0,935.0,935.0,2,10000,10000,0,0,0,0,0
2026-10-01T01,98,8,965.0,965.0,965.0,965.0,1,462,462,0,0,0,0,0
2026-10-01T01,100,0,108.0,108.0,107.0,107.0,18,2281439,765075,0,0,0,0,110000
2026-10-01T01,101,0,186.0,186.0,186.0,186.0,39,166945,151741,36000,244,0,5000,5040
2026-10-01T01,101,1,188.0,188.0,188.0,188.0,21,162133,112356,0,0,0,0,0
2026-10-01T01,101,2,187.0,187.0,187.0,187.0,17,93220,77192,0,0,0,0,0
2026-10-01T01,101,3,186.0,187.0,186.0,187.0,30,177563,163458,6830,757,0,0,593
2026-10-01T01,101,4,188.0,188.0,188.0,188.0,15,161808,161803,0,0,0,0,0
2026-10-01T01,101,5,189.0,189.0,189.0,189.0,11,27637,22629,0,0,0,0,0
2026-10-01T01,102,0,2.45,2.6,2.45,2.55,45,2006931,1374432,0,93459,0,50000,208063
2026-10-01T01,102,1,2.55,2.6,2.55,2.55,13,384652,184111,111976,55290,0,0,18777
2026-10-01T01,102,2,2.45,2.6,2.45,2.6,21,9612476,4693462,0,176725,0,0,135813
2026-10-01T01,102,3,2.5,2.6,2.5,2.6,30,6471437,2185026,48070,922171,0,0,0
2026-10-01T01,102,4,2.6,2.6,2.55,2.6,13,6550028,2948004,245928,74940,0,0,340499
2026-10-01T01,102,5,2.75,2.75,2.75,2.75,3,783328,603328,0,0,0,0,0
2026-10-01T01,102,6,3.05,3.05,3.05,3.05,2,4142954,4142954,0,0,0,0,0
2026-10-01T01,102,7,3.15,3.15,3.15,3.15,3,268265,40000,0,0,0,0,0
2026-10-01T01,102,10,3.2,3.2,3.2,3.2,2,1013840,1013840,0,0,0,0,0
2026-10-01T01,102,12,3.4,3.4,3.4,3.4,1,993200,993200,0,0,0,0,0
2026-10-01T01,103,0,6.6,6.6,6.3,6.6,21,563126,362696,0,47301,0,0,47301
2026-10-01T01,103,1,6.7,6.7,6.7,6.7,2,97727,97727,0,0,0,0,0
2026-10-01T01,103,2,6.6,6.6,6.6,6.6,6,338100,338000,0,0,0,0,0
2026-10-01T01,103,3,6.5,6.5,6.5,6.5,8,3269274,2536274,12746,0,0,0,0
2026-10-01T01,103,4,6.9,6.9,6.9,6.9,4,876508,826508,0,0,0,0,0
2026-10-01T01,103,5,7.2,7.2,7.2,7.2,5,233481,148481,0,0,0,0,0
2026-10-01T01,103,6,7.5,7.5,7.5,7.5,2,1027188,1027188,0,0,0,0,0
2026-10-01T01,103,8,8.2,8.2,8.2,8.2,2,360970,355971,0,0,0,0,0
2026-10-01T01,103,9,10.4,10.4,10.4,10.4,1,4999,4999,0,0,0,0,0
2026-10-01T01,103,10,10.5,10.5,10.5,10.5,1,28530,28530,0,0,0,0,0
2026-10-01T01,103,11,10.6,10.6,10.6,10.6,1,10000,10000,0,0,0,0,0
2026-10-01T01,104,0,0.98,0.98,0.96,0.97,13,1687567,1597160,6523,4172,0,0,12347
2026-10-01T01,104,1,0.975,0.975,0.975,0.975,3,571151,571151,0,0,0,0,0
2026-10-01T01,104,2,0.975,0.975,0.975,0.975,8,6953595,6953595,33448,0,0,0,0
2026-10-01T01,104,3,0.975,0.98,0.975,0.98,16,5490643,5248772,8925,24623,0,0,0
2026-10-01T01,104,4,1.14,1.14,1.14,1.14,5,11902145,1450000,0,0,0,0,0
2026-10-01T01,104,5,1.39,1.39,1.39,1.39,2,1391991,1391991,0,0,0,0,0
2026-10-01T01,104,6,1.49,1.49,1.49,1.49,2,59999,50000,0,0,0,0,0
2026-10-01T01,104,9,1.5,1.5,1.5,1.5,1,100000,100000,0,0,0,0,0
2026-10-01T01,104,11,2.1,2.1,2.1,2.1,1,29999,29999,0,0,0,0,0
2026-10-01T01,105,0,1.75,1.75,1.7,1.75,10,423382,207502,41690,5795,0,0,5795
2026-10-01T01,105,1,1.78,1.78,1.78,1.78,2,63638,63638,0,63638,0,0,0
2026-10-01T01,105,2,1.86,1.86,1.86,1.86,6,4806159,4806159,0,0,0,0,0
2026-10-01T01,105,3,1.8,1.8,1.8,1.8,1,97000,97000,0,97000,0,0,0
2026-10-01T01,105,4,1.86,1.86,1.86,1.86,6,6795119,6295119,267255,0,0,0,0
2026-10-01T01,105,5,1.99,1.99,1.99,1.99,3,3374836,3364836,0,0,0,0,0
2026-10-01T01,105,6,2.2,2.2,2.2,2.2,3,79997,79997,0,0,0,0,0
2026-10-01T01,105,9,2.2,2.2,2.2,2.2,1,50000,50000,0,0,0,0,0
2026-10-01T01,105,10,2.2,2.2,2.2,2.2,3,150000,150000,0,0,0,0,0
2026-10-01T01,106,0,4.05,4.1,3.95,3.95,25,168005,119076,0,26398,0,0,48534
2026-10-01T01,106,1,4.05,4.1,4.0,4.0,4,676744,676744,67800,15807,0,0,23149
2026-10-01T01,106,2,4.2,4.2,4.2,4.2,7,1356516,1356516,0,0,0,0,0
2026-10-01T01,106,3,4.1,4.2,4.1,4.2,14,2469919,1071171,8283,37218,0,0,0
2026-10-01T01,106,4,4.6,4.6,4.6,4.6,5,336352,320056,0,0,0,0,0
2026-10-01T01,106,6,4.65,4.65,4.65,4.65,5,500000,500000,0,0,0,0,0
2026-10-01T01,107,0,20.5,20.75,20.25,20.75,11,684052,602834,4608,3344,0,0,4298
2026-10-01T01,107,1,20.75,20.75,20.75,20.75,11,267900,257900,32581,0,0,0,0
2026-10-01T01,107,2,21.0,21.0,20.5,20.5,4,717011,517011,19051,0,0,0,168393
2026-10-01T01,107,3,21.5,21.5,20.75,20.75,8,1205881,405881,13394,0,0,0,23216
2026-10-01T01,107,4,21.25,21.25,21.25,21.25,3,30764,15764,0,0,0,0,0
2026-10-01T01,107,5,25.25,25.25,25.25,25.25,1,261940,261940,0,0,0,0,0
2026-10-01T01,107,6,22.75,22.75,22.75,22.75,2,152676,38173,0,0,0,0,0
2026-10-01T01,108,0,9.2,9.2,8.8,9.0,54,1771825,827697,77985,24949,0,20000,302104
2026-10-01T01,108,1,9.0,9.3,9.0,9.1,16,1659465,792042,64397,19291,0,0,46328
2026-10-01T01,108,2,9.3,9.3,9.2,9.2,14,1795811,631017,5712,0,0,0,300000
2026-10-01T01,108,3,9.5,9.5,9.5,9.5,11,3368584,3368472,0,0,0,0,0
2026-10-01T01,108,4,9.5,9.6,9.5,9.6,6,265882,265882,22461,4263,0,0,0
2026-10-01T01,108,5,12.0,12.0,12.0,12.0,1,30000,30000,0,0,0,0,0
2026-10-01T01,108,6,12.0,12.0,12.0,12.0,1,20000,20000,0,0,0,0,0
2026-10-01T01,109,0,107.0,107.0,104.0,107.0,5,18714,18714,0,1936,0,0,247
2026-10-01T01,109,1,107.0,107.0,107.0,107.0,7,101579,7540,0,0,0,0,0
2026-10-01T01,109,2,107.0,107.0,107.0,107.0,5,65539,65535,0,282,0,0,0
2026-10-01T01,109,3,107.0,107.0,105.0,105.0,13,96303,81635,9937,0,0,0,10746
2026-10-01T01,109,4,107.0,107.0,106.0,106.0,7,128199,122022,39807,0,0,0,25000
2026-10-01T01,109,5,114.0,114.0,114.0,114.0,1,1000,1000,0,0,0,0,0
2026-10-01T01,109,6,109.0,109.0,109.0,109.0,6,54666,29666,0,0,0,0,0
2026-10-01T01,109,7,172.0,172.0,172.0,172.0,1,1999,1999,0,0,0,0,0
2026-10-01T01,109,8,173.0,173.0,173.0,173.0,1,9999,9999,0,0,0,0,0
2026-10-01T01,109,10,174.0,174.0,174.0,174.0,2,798,798,0,0,0,0,0
2026-10-01T01,110,0,200.0,200.0,199.0,199.0,6,42161,12161,2715,4567,0,0,1077
2026-10-01T01,110,1,197.0,202.0,197.0,202.0,1,9000,9000,3552,8325,0,0,4307
2026-10-01T01,110,2,198.0,202.0,198.0,200.0,13,75635,75617,16690,5137,0,0,4087
2026-10-01T01,110,4,200.0,204.0,200.0,204.0,1,6414,6414,959,2025,0,0,2984
2026-10-01T01,110,5,204.0,204.0,204.0,204.0,5,281699,211699,0,0,0,0,0
2026-10-01T01,111,0,2530.0,2540.0,2490.0,2500.0,116,136060,97192,5373,2198,0,1000,15742
2026-10-01T01,112,0,2160.0,2160.0,2160.0,2160.0,9,16271,16271,0,0,0,0,0
2026-10-01T01,112,1,2160.0,2160.0,2150.0,2150.0,15,6051,4151,781,85,0,0,631
2026-10-01T01,112,2,2160.0,2170.0,2150.0,2170.0,6,2199,2198,198,333,0,0,531
2026-10-01T01,112,3,2190.0,2190.0,2190.0,2190.0,9,8266,8261,0,0,0,0,0
2026-10-01T01,112,4,2460.0,2460.0,2460.0,2460.0,1,300,300,0,0,0,0,0
2026-10-01T01,113,0,114.0,114.0,112.0,112.0,46,674622,28068,0,0,0,0,3821
2026-10-01T01,114,0,555.0,555.0,555.0,555.0,65,19105,1272,3,0,0,0,0
2026-10-01T01,114,1,890.0,890.0,890.0,890.0,7,3174,3174,0,0,0,0,0
2026-10-01T01,114,2,895.0,895.0,895.0,895.0,6,10517,10453,0,0,0,0,0
2026-10-01T01,114,3,885.0,890.0,885.0,890.0,9,4800,4795,433,73,0,0,0
2026-10-01T01,114,4,900.0,900.0,900.0,900.0,18,24367,24164,0,0,0,0,0
2026-10-01T01,114,5,910.0,910.0,905.0,905.0,11,19957,16794,0,0,0,0,1952
2026-10-01T01,114,6,945.0,945.0,945.0,945.0,7,14384,14384,0,0,0,0,0
2026-10-01T01,114,7,1120.0,1120.0,1120.0,1120.0,8,3709,1960,0,0,0,0,0
2026-10-01T01,114,8,1210.0,1210.0,1210.0,1210.0,8,4000,2500,0,0,0,0,0
2026-10-01T01,114,9,1830.0,1830.0,1830.0,1830.0,3,2065,65,0,0,0,0,0
2026-10-01T01,114,12,2200.0,2200.0,2200.0,2200.0,2,2,2,0,0,0,0,0
2026-10-01T01,115,0,129.0,129.0,123.0,127.0,100,44958,37518,0,1289,0,185,1964
2026-10-01T01,115,1,129.0,129.0,127.0,129.0,21,33972,17318,0,62,0,0,62
2026-10-01T01,115,2,128.0,128.0,124.0,128.0,28,88495,21400,1046,150,0,0,150
2026-10-01T01,115,3,139.0,139.0,138.0,138.0,17,66888,60392,1250,0,0,0,1728
2026-10-01T01,115,4,144.0,144.0,144.0,144.0,12,158135,74611,0,0,0,0,0
2026-10-01T01,115,5,159.0,159.0,159.0,159.0,2,45180,27180,0,0,0,0,0
2026-10-01T01,115,6,162.0,162.0,162.0,162.0,2,9323,9306,0,0,0,0,0
2026-10-01T01,115,7,160.0,160.0,160.0,160.0,3,2034,2033,0,0,0,0,0
2026-10-01T01,116,0,39.0,40.0,38.5,40.0,87,63137,42443,2095,6991,12,1001,12
2026-10-01T01,116,1,40.75,40.75,40.75,40.75,10,79403,69343,0,0,0,0,0
2026-10-01T01,116,2,44.5,44.5,44.5,44.5,10,117545,38016,0,0,0,0,0
2026-10-01T01,116,3,47.75,47.75,47.5,47.5,7,34366,21087,0,0,0,0,3834
2026-10-01T01,116,4,59.5,59.5,59.5,59.5,2,20500,20500,0,0,0,0,0
2026-10-01T01,116,5,69.0,69.0,69.0,69.0,2,75458,75458,0,0,0,0,0
2026-10-01T01,116,6,75.0,75.0,75.0,75.0,1,999,999,0,0,0,0,0
2026-10-01T01,116,8,122.0,122.0,122.0,122.0,1,1,1,0,0,0,0,0
2026-10-01T01,117,0,6.9,7.0,6.8,7.0,114,718174,506159,1102,18983,0,0,1499
2026-10-01T01,117,1,7.3,7.3,7.2,7.2,11,237912,100112,0,0,0,0,14861
2026-10-01T01,117,2,8.2,8.3,8.2,8.3,10,721438,721438,3217,1300,0,0,0
2026-10-01T01,117,3,9.9,9.9,9.9,9.9,2,865207,865207,0,0,0,0,0
2026-10-01T01,117,4,9.9,9.9,9.9,9.9,7,3319813,178246,4104,0,0,0,0
2026-10-01T01,117,5,11.5,11.5,11.5,11.5,8,332479,332479,0,0,0,0,0
2026-10-01T01,117,6,12.8,12.8,12.8,12.8,1,80000,80000,0,0,0,0,0
2026-10-01T01,117,7,12.9,12.9,12.9,12.9,6,681771,361164,0,0,0,0,0
2026-10-01T01,117,8,13.8,13.8,13.8,13.8,2,3076619,3076619,0,0,0,0,0
2026-10-01T01,117,9,18.9,18.9,18.9,18.9,1,40000,40000,0,0,0,0,0
2026-10-01T01,117,10,18.2,18.2,18.2,18.2,7,80000,80000,0,0,0,0,0
2026-10-01T01,117,11,19.7,19.7,19.7,19.7,7,5186324,56407,0,0,0,0,0
2026-10-01T01,117,12,23.0,23.0,23.0,23.0,1,2412,2412,0,0,0,0,0
2026-10-01T01,118,0,0.795,0.8,0.75,0.79,34,927971,5064,0,54883,0,151,48284
2026-10-01T01,118,1,0.82,0.82,0.82,0.82,5,12553,12553,0,0,0,0,3341
2026-10-01T01,118,2,0.825,0.825,0.825,0.825,6,1494608,1434608,0,0,0,0,0
2026-10-01T01,118,3,1.06,1.06,1.06,1.06,12,3143143,2508597,0,0,0,0,0
2026-10-01T01,118,4,0.95,0.95,0.95,0.95,5,22972215,20488445,0,0,0,0,0
2026-10-01T01,118,5,1.3,1.3,1.3,1.3,3,6509555,235963,0,0,0,0,0
2026-10-01T01,118,6,1.35,1.35,1.35,1.35,8,14198121,2391832,0,0,0,0,0
2026-10-01T01,118,7,1.58,1.58,1.58,1.58,2,5193235,10208,0,0,0,0,0
2026-10-01T01,118,8,1.99,1.99,1.99,1.99,2,1529111,1529111,0,0,0,0,0
2026-10-01T01,118,9,2.0,2.0,2.0,2.0,2,6500000,6500000,0,0,0,0,0
2026-10-01T01,118,12,2.15,2.15,2.15,2.15,3,1040402,1029999,0,0,0,0,0
2026-10-01T01,119,0,36.5,37.25,36.5,37.25,29,11507,4871,51,2300,0,0,2301
2026-10-01T01,119,1,38.0,38.5,36.25,38.25,11,26684,19380,0,3444,0,0,1505
2026-10-01T01,119,2,39.75,39.75,39.75,39.75,25,356772,52164,0,0,0,0,0
2026-10-01T01,119,3,42.0,42.0,41.75,41.75,12,145156,102132,0,0,0,0,2379
2026-10-01T01,119,4,44.0,44.0,44.0,44.0,23,721082,112809,0,14339,0,0,20000
2026-10-01T01,119,5,55.5,55.5,55.5,55.5,14,198365,64253,0,0,0,0,0
2026-10-01T01,119,6,59.5,59.5,59.5,59.5,8,209599,144899,0,0,0,0,0
2026-10-01T01,119,7,60.0,60.0,60.0,60.0,7,46111,5514,0,0,0,0,0
2026-10-01T01,119,8,64.5,64.5,64.5,64.5,2,19959,210,0,0,0,0,0
2026-10-01T01,119,9,65.5,65.5,65.5,65.5,5,37655,37655,0,0,0,0,0
2026-10-01T01,119,10,68.0,68.0,68.0,68.0,2,40928,40928,0,0,0,0,0
2026-10-01T01,119,11,68.5,68.5,68.5,68.5,3,33134,28134,0,0,0,0,0
2026-10-01T01,119,12,74.5,74.5,74.5,74.5,2,50999,50999,0,0,0,0,0
2026-10-01T01,120,0,2.75,2.8,2.55,2.65,81,989771,890,0,3731,0,0,2967
2026-10-01T01,120,1,2.75,2.8,2.65,2.65,8,331514,30947,8664,1224,0,0,31147
2026-10-01T01,120,2,2.9,2.9,2.85,2.85,9,1655867,314277,7270,0,0,0,21736
2026-10-01T01,120,3,3.1,3.1,3.1,3.1,11,1819790,1167023,2994,0,0,0,0
2026-10-01T01,120,4,3.45,3.45,3.45,3.45,3,542015,542015,0,0,0,0,168395
2026-10-01T01,120,5,4.4,4.4,4.4,4.4,1,2610,2610,0,0,0,0,0
2026-10-01T01,120,6,3.55,3.55,3.55,3.55,1,204738,204738,0,0,0,0,0
2026-10-01T01,120,7,3.75,3.75,3.75,3.75,5,2664260,1068465,0,0,0,0,0
2026-10-01T01,120,9,6.1,6.1,6.1,6.1,2,1779160,1761720,0,0,0,0,0
2026-10-01T01,120,10,6.4,6.4,6.4,6.4,7,3428888,640000,0,0,0,0,0
2026-10-01T01,120,11,6.5,6.5,6.5,6.5,3,1765662,398293,0,0,0,0,0
2026-10-01T01,121,0,140.0,140.0,140.0,140.0,32,15131,6983,0,0,0,0,0
2026-10-01T01,121,1,177.0,177.0,177.0,177.0,4,1500,1305,109,0,0,0,0
2026-10-01T01,121,2,182.0,182.0,182.0,182.0,8,10193,5738,0,0,0,0,0
2026-10-01T01,121,3,189.0,189.0,188.0,188.0,17,131903,88940,0,0,0,0,25659
2026-10-01T01,121,4,220.0,220.0,220.0,220.0,1,6780,6780,0,0,0,0,0
2026-10-01T01,121,5,226.0,226.0,226.0,226.0,3,12634,12634,0,0,0,0,0
2026-10-01T01,121,6,228.0,230.0,228.0,230.0,3,40201,40201,0,7362,0,0,0
2026-10-01T01,121,7,234.0,234.0,234.0,234.0,4,82091,82091,0,0,0,0,6835
2026-10-01T01,121,8,276.0,276.0,276.0,276.0,1,10709,10709,0,0,0,0,0
2026-10-01T01,121,10,278.0,278.0,278.0,278.0,1,957,957,0,0,0,0,0
2026-10-01T01,121,12,278.0,278.0,278.0,278.0,3,6653,6653,0,0,0,0,0
2026-10-01T01,122,0,114.0,114.0,114.0,114.0,33,14497,819,91,0,0,0,47
2026-10-01T01,122,1,119.0,119.0,117.0,117.0,17,16569,9226,0,0,0,0,58
2026-10-01T01,122,2,118.0,118.0,118.0,118.0,13,76092,15161,0,0,0,0,214
2026-10-01T01,122,3,129.0,129.0,129.0,129.0,9,30103,26222,0,0,0,0,0
2026-10-01T01,122,4,138.0,138.0,138.0,138.0,6,173350,173350,0,0,0,0,793
2026-10-01T01,122,5,139.0,139.0,139.0,139.0,11,90794,69065,0,0,0,0,0
2026-10-01T01,122,6,145.0,145.0,145.0,145.0,19,207516,76766,0,0,0,0,6000
2026-10-01T01,122,7,174.0,174.0,174.0,174.0,3,27404,27404,0,0,0,0,0
2026-10-01T01,122,8,178.0,178.0,178.0,178.0,1,259,259,0,0,0,0,0
2026-10-01T01,122,9,178.0,178.0,178.0,178.0,3,69906,69906,0,0,0,0,0
2026-10-01T01,122,10,182.0,182.0,182.0,182.0,5,83052,83052,0,0,0,0,0
2026-10-01T01,122,12,212.0,212.0,212.0,212.0,3,241235,9571,0,0,0,0,0
2026-10-01T01,123,0,294.0,294.0,292.0,292.0,22,7599,7377,60,0,0,0,64
2026-10-01T01,123,1,316.0,316.0,316.0,316.0,1,1143,1143,0,0,0,0,0
2026-10-01T01,123,2,302.0,302.0,302.0,302.0,6,678,666,0,0,0,0,0
2026-10-01T01,123,3,302.0,302.0,302.0,302.0,6,8079,8079,0,0,0,0,0
2026-10-01T01,123,4,298.0,298.0,298.0,298.0,8,38310,33310,0,0,0,0,0
2026-10-01T01,123,5,300.0,300.0,300.0,300.0,12,132423,110574,0,0,0,0,0
2026-10-01T01,123,6,310.0,310.0,310.0,310.0,4,18595,5738,0,0,0,0,0
2026-10-01T01,123,7,320.0,320.0,320.0,320.0,3,17146,11584,0,0,0,0,0
2026-10-01T01,123,8,368.0,368.0,368.0,368.0,1,1000,1000,0,0,0,0,0
2026-10-01T01,123,9,348.0,348.0,348.0,348.0,4,9787,3787,0,0,0,0,0
2026-10-01T01,124,0,33.0,33.0,32.75,32.75,65,223057,37531,12266,50,0,0,20719
2026-10-01T01,124,1,33.75,33.75,33.5,33.5,21,173131,78407,0,0,0,0,319
2026-10-01T01,124,2,37.25,37.25,37.0,37.0,10,220182,143926,0,0,0,17532,2000
2026-10-01T01,124,3,38.25,38.25,38.25,38.25,7,219511,219511,0,0,0,0,0
2026-10-01T01,124,4,38.5,38.5,38.5,38.5,10,175855,162609,0,0,0,0,0
2026-10-01T01,124,5,44.0,44.0,44.0,44.0,13,694479,638788,0,0,0,0,0
2026-10-01T01,124,6,46.5,46.5,46.5,46.5,11,714888,424425,0,0,0,0,0
2026-10-01T01,124,7,50.5,50.5,50.5,50.5,5,294439,279581,0,0,0,0,0
2026-10-01T01,124,8,51.0,51.0,51.0,51.0,6,124871,80368,0,0,0,0,0
2026-10-01T01,124,9,60.5,60.5,60.5,60.5,4,1130483,1130483,0,0,0,0,0
2026-10-01T01,124,10,66.0,66.0,66.0,66.0,7,86196,77804,0,0,0,0,0
2026-10-01T01,124,11,72.0,72.0,72.0,72.0,2,1716,1000,0,0,0,0,0
2026-10-01T01,124,12,83.0,83.0,83.0,83.0,8,17965,6965,0,0,0,0,0
2026-10-01T01,125,0,25.25,25.75,24.25,25.75,53,243296,18164,81,4748,0,0,4342
2026-10-01T01,125,1,26.75,26.75,26.75,26.75,13,118889,13903,0,0,0,0,200
2026-10-01T01,125,2,28.25,28.25,28.0,28.0,18,108575,25735,0,0,0,0,4651
2026-10-01T01,125,3,35.75,35.75,35.25,35.25,23,163090,18111,0,0,0,0,3736
2026-10-01T01,125,4,41.25,41.25,39.0,41.25,18,415272,379525,0,2275,0,0,2275
2026-10-01T01,125,5,43.75,43.75,43.0,43.0,8,445150,437150,0,0,0,0,18000
2026-10-01T01,125,6,48.0,48.0,48.0,48.0,5,152487,152487,0,0,0,0,0
2026-10-01T01,125,7,49.0,49.0,49.0,49.0,9,432482,320522,0,0,0,0,0
2026-10-01T01,125,8,51.0,51.0,51.0,51.0,4,218930,87381,0,0,0,0,0
2026-10-01T01,125,9,59.0,59.0,59.0,59.0,3,433998,242297,0,0,0,0,0
2026-10-01T01,125,10,59.0,59.0,59.0,59.0,4,240503,219543,0,0,0,0,0
2026-10-01T01,125,11,60.0,60.0,60.0,60.0,2,14484,14484,0,0,0,0,0
2026-10-01T01,125,12,75.0,75.0,75.0,75.0,2,44121,44111,0,0,0,0,0
2026-10-01T01,126,0,51.5,51.5,50.0,51.0,19,68942,54835,20,959,0,0,49387
2026-10-01T01,126,1,51.0,51.5,51.0,51.5,8,31474,31474,0,11766,0,59,59
2026-10-01T01,126,2,52.0,52.0,51.5,52.0,11,122240,92635,240,1867,0,0,3056
2026-10-01T01,126,3,55.0,57.5,55.0,57.5,3,77428,77428,0,15726,0,0,0
2026-10-01T01,126,4,56.5,58.0,56.0,58.0,4,54919,54919,19801,33776,0,0,4473
2026-10-01T01,126,5,59.5,59.5,59.5,59.5,8,238888,238888,0,0,0,0,0
2026-10-01T01,126,6,62.0,62.0,62.0,62.0,3,43573,43573,0,0,0,0,0
2026-10-01T01,126,7,64.0,64.0,64.0,64.0,5,19054,14054,0,0,0,0,0
2026-10-01T01,126,8,69.5,69.5,69.5,69.5,6,97238,97144,0,0,0,0,0
2026-10-01T01,126,9,77.0,77.0,77.0,77.0,1,2947,2947,0,0,0,0,0
2026-10-01T01,126,10,83.0,83.0,83.0,83.0,3,291815,41815,0,0,0,0,0
2026-10-01T01,126,12,99.0,99.0,99.0,99.0,2,3071,71,0,0,0,0,0
2026-10-01T01,127,0,448.0,448.0,448.0,448.0,22,6818,5717,1,0,0,13,13
2026-10-01T01,127,1,452.0,452.0,452.0,452.0,9,23041,23021,0,0,0,10,10
2026-10-01T01,127,2,454.0,454.0,454.0,454.0,9,18127,16666,0,0,0,0,0
2026-10-01T01,127,3,456.0,456.0,456.0,456.0,5,4598,4598,0,0,0,0,0
2026-10-01T01,127,5,490.0,490.0,490.0,490.0,5,27774,11740,0,0,0,0,0
2026-10-01T01,128,0,53.5,53.5,53.5,53.5,20,13959,3028,0,0,0,0,1395
2026-10-01T01,128,1,60.5,60.5,60.5,60.5,5,8712,8712,0,0,0,0,0
2026-10-01T01,128,2,68.5,68.5,68.5,68.5,5,18604,18604,0,0,0,0,0
2026-10-01T01,128,3,77.5,77.5,77.5,77.5,3,41103,17855,0,0,0,0,0
2026-10-01T01,128,4,85.0,85.0,85.0,85.0,2,13761,13761,0,0,0,0,0
2026-10-01T01,128,5,85.5,85.5,85.5,85.5,5,58498,56998,0,0,0,0,0
2026-10-01T01,128,9,100.0,100.0,100.0,100.0,1,37116,37116,0,0,0,0,0
2026-10-01T01,128,10,110.0,110.0,110.0,110.0,1,500,500,0,0,0,0,0
2026-10-01T01,129,0,2510.0,2510.0,2500.0,2500.0,28,2305,865,0,0,0,0,47
2026-10-01T01,129,1,2680.0,2680.0,2680.0,2680.0,8,1321,621,0,0,0,0,0
2026-10-01T01,129,2,2830.0,2830.0,2810.0,2810.0,13,1317,1058,8,0,0,0,510
2026-10-01T01,129,3,2850.0,2850.0,2850.0,2850.0,27,3022,2337,0,0,0,0,0
2026-10-01T01,129,4,2920.0,2920.0,2920.0,2920.0,7,1418,556,0,0,0,0,0
2026-10-01T01,129,5,2940.0,2940.0,2940.0,2940.0,9,8173,4810,0,0,0,0,0
2026-10-01T01,129,6,3000.0,3000.0,3000.0,3000.0,5,3464,550,0,0,0,0,0
2026-10-01T01,129,7,2990.0,2990.0,2990.0,2990.0,14,4833,1294,0,0,0,0,0
2026-10-01T01,129,8,3390.0,3390.0,3390.0,3390.0,11,6228,4403,0,0,0,0,0
2026-10-01T01,129,9,4500.0,4500.0,4500.0,4500.0,1,424,424,0,0,0,0,0
2026-10-01T01,129,11,4980.0,4980.0,4980.0,4980.0,2,60,60,0,0,0,0,0
2026-10-01T01,129,12,4500.0,4500.0,4500.0,4500.0,2,1208,716,0,0,0,0,0
2026-10-01T01,130,0,2480.0,2480.0,2450.0,2450.0,4,57,57,0,0,0,0,32
2026-10-01T01,130,1,2490.0,2490.0,2470.0,2470.0,3,754,754,0,0,0,0,10
2026-10-01T01,130,2,2460.0,2460.0,2460.0,2460.0,5,349,349,0,0,0,0,0
2026-10-01T01,130,3,2480.0,2480.0,2480.0,2480.0,11,3967,925,0,0,0,0,0
2026-10-01T01,130,4,2500.0,2500.0,2500.0,2500.0,5,1197,1197,0,0,0,0,0
2026-10-01T01,130,5,2720.0,2720.0,2720.0,2720.0,5,13040,1782,0,0,0,0,0
2026-10-01T01,130,6,2800.0,2800.0,2800.0,2800.0,1,1418,1418,0,0,0,0,0
2026-10-01T01,130,7,2970.0,2970.0,2970.0,2970.0,3,1596,1596,0,0,0,0,0
2026-10-01T01,130,8,2990.0,2990.0,2990.0,2990.0,2,554,554,0,0,0,0,0
2026-10-01T01,130,9,3040.0,3040.0,3040.0,3040.0,2,2618,2618,0,0,0,0,0
2026-10-01T01,130,11,3100.0,3100.0,3100.0,3100.0,1,4845,4845,0,0,0,0,0
2026-10-01T01,130,12,3990.0,3990.0,3990.0,3990.0,2,141,141,0,0,0,0,0
2026-10-01T01,131,0,2370.0,2370.0,2370.0,2370.0,17,1625,1625,16,0,0,0,0
2026-10-01T01,131,1,2400.0,2400.0,2400.0,2400.0,12,430,324,0,0,0,0,0
2026-10-01T01,131,2,2430.0,2440.0,2430.0,2440.0,12,1293,1063,0,9,0,0,0
2026-10-01T01,131,3,2880.0,2880.0,2880.0,2880.0,2,701,701,0,0,0,0,0
2026-10-01T01,131,4,2900.0,2900.0,2900.0,2900.0,6,2403,2403,0,0,0,0,0
2026-10-01T01,131,5,2980.0,2980.0,2980.0,2980.0,8,8186,5736,0,0,0,0,0
2026-10-01T01,131,7,3040.0,3040.0,3040.0,3040.0,1,80,80,0,0,0,0,0
2026-10-01T01,131,8,3030.0,3030.0,3030.0,3030.0,1,387,387,0,0,0,0,0
2026-10-01T01,131,9,3030.0,3030.0,3030.0,3030.0,2,3721,3721,0,0,0,0,0
2026-10-01T01,132,0,2130.0,2130.0,2130.0,2130.0,26,953,279,0,0,0,0,4
2026-10-01T01,132,1,2660.0,2660.0,2660.0,2660.0,6,284,284,0,0,0,0,0
2026-10-01T01,132,2,2700.0,2700.0,2700.0,2700.0,6,1102,1102,0,0,0,0,0
2026-10-01T01,132,3,2690.0,2690.0,2690.0,2690.0,14,1494,1274,0,0,0,0,0
2026-10-01T01,132,4,2840.0,2840.0,2840.0,2840.0,3,318,318,0,0,0,0,0
2026-10-01T01,132,5,2900.0,2900.0,2900.0,2900.0,3,2121,2121,0,0,0,0,0
2026-10-01T01,132,6,2850.0,2850.0,2850.0,2850.0,3,540,540,0,0,0,0,0
2026-10-01T01,132,7,3000.0,3000.0,3000.0,3000.0,3,3077,985,0,0,0,0,0
2026-10-01T01,132,8,3480.0,3480.0,3480.0,3480.0,2,1022,1022,0,0,0,0,0
2026-10-01T01,132,10,3500.0,3500.0,3500.0,3500.0,3,117,17,0,0,0,0,0
2026-10-01T01,133,0,14.2,14.3,14.2,14.2,31,503772,39677,615,2093,0,0,3000
2026-10-01T01,133,1,15.9,15.9,15.8,15.8,8,47019,14273,2840,0,0,0,2000
2026-10-01T01,133,2,16.0,16.0,16.0,16.0,14,341063,187703,0,0,0,0,24110
2026-10-01T01,133,3,18.2,18.2,18.2,18.2,16,403688,381217,0,0,0,0,0
2026-10-01T01,133,4,20.0,20.0,20.0,20.0,4,70537,70537,5952,0,0,0,0
2026-10-01T01,133,5,32.0,32.0,32.0,32.0,3,51385,51385,0,0,0,0,0
2026-10-01T01,133,8,33.25,33.25,33.25,33.25,12,1084175,630000,0,0,0,0,0
2026-10-01T01,133,9,38.0,38.0,38.0,38.0,1,19699,19699,0,0,0,0,0
2026-10-01T01,133,10,39.75,39.75,39.75,39.75,3,58870,58870,0,0,0,0,0
2026-10-01T01,134,0,49.75,50.5,49.5,50.5,25,32071,6679,1047,2624,0,0,2258
2026-10-01T01,134,1,52.0,52.0,52.0,52.0,9,11599,6491,0,0,0,0,0
2026-10-01T01,134,2,52.0,52.0,52.0,52.0,10,33701,18391,218,0,0,0,0
2026-10-01T01,134,3,54.0,54.0,54.0,54.0,8,46597,36317,0,0,0,0,0
2026-10-01T01,134,4,56.0,56.0,56.0,56.0,13,193217,82460,10650,0,0,0,0
2026-10-01T01,134,5,62.0,62.0,62.0,62.0,9,85035,65302,0,0,0,0,0
2026-10-01T01,134,6,60.0,60.0,60.0,60.0,5,81162,78162,0,0,0,0,0
2026-10-01T01,134,7,68.0,68.0,68.0,68.0,4,65108,44733,0,0,0,0,0
2026-10-01T01,134,8,83.5,83.5,83.5,83.5,3,60812,60812,0,0,0,0,0
2026-10-01T01,134,10,85.5,85.5,85.5,85.5,7,13997,13997,0,0,0,0,0
2026-10-01T01,134,12,100.0,100.0,100.0,100.0,1,1765,1765,0,0,0,0,0
2026-10-01T01,135,0,18.7,18.9,18.7,18.9,12,294198,34621,7037,2441,0,0,1317
2026-10-01T01,135,1,19.0,19.0,19.0,19.0,7,46076,45870,0,0,0,0,0
2026-10-01T01,135,2,19.0,19.0,18.9,19.0,6,169006,130336,7806,914,0,0,914
2026-10-01T01,135,3,19.0,19.5,19.0,19.5,3,109659,89659,2868,26136,0,0,0
2026-10-01T01,135,4,20.25,20.25,20.25,20.25,8,377854,260251,21463,0,0,0,0
2026-10-01T01,135,5,23.25,23.25,23.0,23.0,4,241286,192815,0,0,0,0,4413
2026-10-01T01,135,6,23.25,23.25,23.25,23.25,12,968917,456063,0,0,0,0,0
2026-10-01T01,135,7,27.0,27.0,27.0,27.0,4,368492,308492,0,0,0,0,0
2026-10-01T01,135,8,30.5,30.5,30.5,30.5,5,333954,333954,0,0,0,0,0
2026-10-01T01,135,9,38.0,38.0,38.0,38.0,1,25678,25678,0,0,0,0,0
2026-10-01T01,135,10,42.0,42.0,42.0,42.0,1,1059,1059,0,0,0,0,0
2026-10-01T01,136,0,1.6,1.6,1.6,1.6,36,113287,28062,8600,0,0,0,0
2026-10-01T01,136,1,1.61,1.61,1.61,1.61,6,103680,103680,0,0,0,0,0
2026-10-01T01,136,2,1.62,1.62,1.62,1.62,6,3120361,456725,9320,0,0,0,0
2026-10-01T01,136,3,1.78,1.78,1.78,1.78,2,944176,159360,82080,0,0,0,0
2026-10-01T01,136,4,2.45,2.45,2.45,2.45,1,96294,96294,0,0,0,0,0
2026-10-01T01,136,9,2.5,2.5,2.5,2.5,1,2000,2000,0,0,0,0,0
2026-10-01T01,137,0,114.0,115.0,114.0,115.0,21,17886,6799,153,23,0,0,0
2026-10-01T01,137,1,122.0,122.0,122.0,122.0,11,16504,7399,0,0,0,0,0
2026-10-01T01,137,2,121.0,121.0,119.0,119.0,18,35466,7514,0,0,0,0,2757
2026-10-01T01,137,3,134.0,134.0,134.0,134.0,5,31867,31045,0,0,0,0,13318
2026-10-01T01,137,4,140.0,140.0,140.0,140.0,1,6892,6892,0,0,0,0,0
2026-10-01T01,137,5,152.0,152.0,152.0,152.0,2,17750,17750,0,0,0,0,0
2026-10-01T01,137,6,153.0,153.0,153.0,153.0,5,18492,18492,0,0,0,0,0
2026-10-01T01,137,7,159.0,159.0,159.0,159.0,1,6872,6872,0,0,0,0,0
2026-10-01T01,137,8,175.0,175.0,175.0,175.0,2,252,252,0,0,0,0,0
2026-10-01T01,137,9,195.0,195.0,195.0,195.0,1,5265,5265,0,0,0,0,0
2026-10-01T01,138,0,1390.0,1390.0,1390.0,1390.0,5,1588,1588,116,0,0,0,0
2026-10-01T01,138,1,1450.0,1450.0,1450.0,1450.0,2,1488,1488,0,0,0,0,0
2026-10-01T01,138,2,1480.0,1480.0,1480.0,1480.0,2,325,105,0,0,0,0,0
2026-10-01T01,138,3,1490.0,1490.0,1490.0,1490.0,3,2772,461,0,0,0,0,0
2026-10-01T01,138,4,1880.0,1880.0,1880.0,1880.0,7,3942,592,0,0,0,0,0
2026-10-01T01,138,5,2200.0,2200.0,2200.0,2200.0,2,500,450,0,0,0,0,0
2026-10-01T01,139,0,10.2,10.2,10.2,10.2,25,501525,430675,11603,0,0,0,0
2026-10-01T01,139,1,10.4,10.4,10.4,10.4,9,77622,14715,1200,0,0,0,0
2026-10-01T01,139,2,10.6,10.6,10.5,10.5,8,447921,114947,2052,0,0,0,12151
2026-10-01T01,139,3,11.0,11.0,10.9,10.9,6,1583470,1528611,0,0,0,0,100000
2026-10-01T01,139,4,11.8,11.8,11.7,11.7,11,775245,722245,0,0,0,0,112069
2026-10-01T01,139,5,13.5,13.5,13.5,13.5,2,111174,111174,0,0,0,0,0
2026-10-01T01,139,6,14.4,14.4,14.4,14.4,3,903394,903394,0,0,0,0,0
2026-10-01T01,139,7,16.5,16.5,16.5,16.5,2,114000,114000,0,0,0,0,0
2026-10-01T01,139,9,20.0,20.0,20.0,20.0,1,78816,78816,0,0,0,0,0
2026-10-01T01,140,0,236.0,238.0,236.0,238.0,13,1118,480,15,100,0,10,10
2026-10-01T01,140,1,238.0,240.0,238.0,240.0,11,10699,10621,11,35,0,0,0
2026-10-01T01,140,2,242.0,242.0,242.0,242.0,8,17795,17795,0,0,0,0,0
2026-10-01T01,140,3,244.0,244.0,244.0,244.0,8,33487,33487,0,0,0,0,0
2026-10-01T01,140,4,246.0,246.0,246.0,246.0,4,15139,14224,0,0,0,7604,0
2026-10-01T01,140,5,302.0,302.0,302.0,302.0,6,11142,11142,0,0,0,0,0
2026-10-01T01,140,6,310.0,310.0,310.0,310.0,2,359,359,0,0,0,0,0
2026-10-01T01,140,8,330.0,330.0,330.0,330.0,1,1000,1000,0,0,0,0,0
2026-10-01T01,141,0,34.25,34.25,34.25,34.25,15,161014,25315,208,0,0,0,0
2026-10-01T01,141,1,46.5,46.5,46.0,46.0,6,14124,14124,414,405,0,0,1995
2026-10-01T01,141,2,47.5,47.5,47.5,47.5,4,10228,10128,0,0,0,0,0
2026-10-01T01,141,3,47.5,47.5,47.5,47.5,8,179511,78592,705,0,0,0,0
2026-10-01T01,141,4,56.0,56.0,56.0,56.0,4,34986,34986,0,1408,0,0,0
2026-10-01T01,141,5,60.0,60.0,60.0,60.0,9,110245,96767,0,0,0,0,0
2026-10-01T01,141,6,60.5,60.5,60.5,60.5,11,296504,95602,0,0,0,0,0
2026-10-01T01,141,7,75.0,75.0,75.0,75.0,8,234919,184919,0,0,0,0,0
2026-10-01T01,141,8,88.5,88.5,88.5,88.5,5,38166,26300,0,0,0,0,0
2026-10-01T01,141,9,95.0,95.0,95.0,95.0,1,500,500,0,0,0,0,0
2026-10-01T01,141,10,98.0,98.0,98.0,98.0,4,16111,11111,0,0,0,0,0
2026-10-01T01,142,0,800.0,910.0,800.0,890.0,5,3378,3348,0,76,0,0,137
2026-10-01T01,142,1,910.0,910.0,895.0,895.0,7,785,764,0,0,0,0,116
2026-10-01T01,142,2,910.0,910.0,900.0,900.0,5,829,829,0,0,0,0,10
2026-10-01T01,142,3,905.0,905.0,905.0,905.0,13,4636,2282,0,0,0,0,0
2026-10-01T01,142,4,940.0,940.0,940.0,940.0,7,17241,17241,0,0,0,0,0
2026-10-01T01,142,5,950.0,950.0,950.0,950.0,11,47550,11494,0,0,0,0,529
2026-10-01T01,142,6,1040.0,1040.0,1040.0,1040.0,6,5199,5199,2000,0,0,0,0
2026-10-01T01,142,7,1070.0,1070.0,1070.0,1070.0,2,14484,14484,0,0,0,0,0
2026-10-01T01,142,9,1190.0,1190.0,1190.0,1190.0,2,6051,6051,0,0,0,0,0
2026-10-01T01,142,10,1280.0,1280.0,1280.0,1280.0,3,2369,1029,0,0,0,0,0
2026-10-01T01,142,11,1380.0,1380.0,1380.0,1380.0,2,1800,1800,0,0,0,0,0
2026-10-01T01,142,12,1470.0,1470.0,1470.0,1470.0,5,4864,2864,0,0,0,0,0
2026-10-01T01,143,0,750.0,750.0,750.0,750.0,13,1693,1186,0,0,0,0,133
2026-10-01T01,143,1,770.0,770.0,770.0,770.0,9,696,671,0,0,0,0,0
2026-10-01T01,143,2,810.0,810.0,810.0,810.0,13,3008,2771,0,0,0,0,10
2026-10-01T01,143,3,865.0,865.0,865.0,865.0,6,3018,3018,0,0,0,0,0
2026-10-01T01,143,4,870.0,870.0,870.0,870.0,12,10875,8490,0,0,0,0,168
2026-10-01T01,143,5,960.0,960.0,955.0,955.0,3,10582,10582,0,0,0,0,600
2026-10-01T01,143,6,955.0,965.0,955.0,965.0,4,12288,12288,0,2046,0,0,0
2026-10-01T01,143,7,975.0,975.0,975.0,975.0,4,35669,35669,0,0,0,0,0
2026-10-01T01,143,8,1030.0,1030.0,1030.0,1030.0,2,2107,2107,0,0,0,0,0
2026-10-01T01,143,9,1080.0,1080.0,1080.0,1080.0,1,1880,1880,0,0,0,0,0
2026-10-01T01,143,10,1200.0,1200.0,1200.0,1200.0,4,2747,2747,0,0,0,0,0
2026-10-01T01,143,11,1290.0,1290.0,1290.0,1290.0,3,5987,5987,0,0,0,0,0
2026-10-01T01,143,12,1390.0,1390.0,1390.0,1390.0,4,9006,9006,0,0,0,0,0
2026-10-01T01,144,0,16.6,16.6,16.6,16.6,12,87695,85956,0,0,0,0,0
2026-10-01T01,144,1,17.4,17.4,17.4,17.4,4,16531,16531,0,0,0,0,0
2026-10-01T01,144,2,18.3,18.3,17.0,17.0,3,19518,100,0,0,0,0,100
2026-10-01T01,144,3,18.4,18.4,18.4,18.4,2,11488,10000,0,0,0,0,0
2026-10-01T01,144,4,19.5,19.5,19.5,19.5,1,10000,10000,0,0,0,0,0
2026-10-01T01,144,5,22.25,22.25,22.25,22.25,1,1024,1024,0,0,0,0,0
2026-10-01T01,144,6,18.5,18.5,18.5,18.5,1,1000000,1000000,0,0,0,0,0
2026-10-01T01,145,0,129.0,130.0,128.0,129.0,62,1546474,637649,23612,1438,74865,0,116488
2026-10-01T01,146,0,5.0,5.1,4.9,5.0,69,1179893,26867,1410,27165,0,0,43581
2026-10-01T01,146,1,5.3,5.5,5.3,5.4,14,919817,125601,0,148786,0,0,73556
2026-10-01T01,146,2,5.2,5.5,5.2,5.4,12,1232446,136683,0,106691,0,0,76691
2026-10-01T01,146,3,5.8,5.8,5.7,5.7,9,1121060,144854,0,0,0,0,102600
2026-10-01T01,146,4,5.9,5.9,5.9,5.9,8,6320318,4607252,0,0,0,0,0
2026-10-01T01,146,5,6.5,6.5,6.5,6.5,6,5472379,3072379,0,0,0,0,0
2026-10-01T01,146,7,8.3,8.3,8.3,8.3,2,7500000,500000,0,0,0,0,0
2026-10-01T01,146,8,8.5,8.5,8.5,8.5,4,2300000,500000,0,0,0,0,0
2026-10-01T01,146,9,10.0,10.0,10.0,10.0,1,1029236,1029236,0,0,0,0,0
2026-10-01T01,146,10,9.0,9.0,9.0,9.0,2,505000,5000,0,0,0,0,0
2026-10-01T01,146,11,11.2,11.2,11.2,11.2,1,100000,100000,0,0,0,0,100000
2026-10-01T01,147,0,35.25,35.25,35.25,35.25,10,361162,274160,0,0,0,0,0
2026-10-01T01,147,1,35.75,35.75,35.75,35.75,9,107244,104427,0,0,0,0,0
2026-10-01T01,147,2,36.5,36.5,36.5,36.5,11,1411309,219394,0,0,0,0,0
2026-10-01T01,147,3,38.25,38.25,38.25,38.25,5,40653,30738,0,0,0,0,0
2026-10-01T01,147,4,40.0,40.0,40.0,40.0,5,273700,110450,0,0,0,0,0
2026-10-01T01,147,5,57.0,57.0,57.0,57.0,1,5000,5000,0,0,0,0,0
2026-10-01T01,148,0,32.5,32.5,32.5,32.5,14,11787,10638,0,0,0,0,0
2026-10-01T01,148,1,32.75,32.75,32.75,32.75,10,397395,65647,0,0,0,0,7
2026-10-01T01,148,2,34.25,34.25,34.25,34.25,4,26502,24225,0,0,0,0,0
2026-10-01T01,148,3,34.0,34.0,34.0,34.0,21,2900466,38168,0,0,0,0,0
2026-10-01T01,148,4,38.5,38.5,38.5,38.5,16,1600358,360217,0,0,0,0,0
2026-10-01T01,148,5,48.0,48.0,48.0,48.0,3,44979,44979,0,0,0,0,0
2026-10-01T01,148,6,60.0,60.0,60.0,60.0,1,100,100,0,0,0,0,0
2026-10-01T01,149,0,700.0,700.0,700.0,700.0,24,969,270,0,0,0,0,14
2026-10-01T01,149,1,850.0,850.0,850.0,850.0,8,1022,579,0,0,0,0,0
2026-10-01T01,149,2,895.0,895.0,890.0,890.0,7,2258,978,0,0,0,0,156
2026-10-01T01,149,3,935.0,935.0,935.0,935.0,8,2581,2581,0,0,0,0,0
2026-10-01T01,149,4,920.0,920.0,920.0,920.0,5,2292,1520,0,0,0,0,0
2026-10-01T01,149,5,950.0,950.0,950.0,950.0,5,9280,4280,0,0,0,0,0
2026-10-01T01,149,8,1070.0,1070.0,1070.0,1070.0,5,8243,223,0,0,0,0,0
2026-10-01T01,149,9,1150.0,1150.0,1150.0,1150.0,1,1752,1752,0,0,0,0,0
2026-10-01T01,149,10,1760.0,1760.0,1760.0,1760.0,1,381,381,0,0,0,0,0
2026-10-01T01,149,11,2190.0,2190.0,2190.0,2190.0,2,116,116,0,0,0,0,0
2026-10-01T01,149,12,1760.0,1760.0,1760.0,1760.0,2,360,160,0,0,0,0,0
2026-10-01T01,150,0,370.0,370.0,364.0,364.0,37,38535,196,0,0,0,0,14
2026-10-01T01,150,1,730.0,730.0,730.0,730.0,19,2744,188,0,0,0,0,0
2026-10-01T01,150,2,1660.0,1660.0,1660.0,1660.0,26,607,291,0,0,0,0,0
2026-10-01T01,150,3,3110.0,3110.0,3100.0,3100.0,12,1745,206,0,0,0,0,1
2026-10-01T01,150,4,4960.0,4960.0,4500.0,4500.0,19,361,5,0,0,0,0,5
2026-10-01T01,150,5,8500.0,8500.0,8500.0,8500.0,9,584,25,0,0,0,0,0
2026-10-01T01,150,6,17500.0,18100.0,17500.0,18000.0,12,754,726,0,349,0,0,209
2026-10-01T01,150,7,33500.0,35000.0,33500.0,35000.0,10,208,102,0,25,0,0,0
2026-10-01T01,150,8,70500.0,70500.0,70500.0,70500.0,7,187,178,0,0,0,0,0
2026-10-01T01,150,9,174000.0,174000.0,174000.0,174000.0,7,421,106,0,0,0,0,0
2026-10-01T01,150,10,294000.0,294000.0,294000.0,294000.0,13,128,117,0,0,0,0,0
2026-10-01T01,150,11,590000.0,590000.0,590000.0,590000.0,8,80,33,0,0,0,0,0
2026-10-01T01,150,12,1290500.0,1290500.0,1290500.0,1290500.0,9,29,26,0,0,0,0,0
2026-10-01T01,151,0,214.0,214.0,214.0,214.0,15,3822,389,0,0,0,0,0
2026-10-01T01,151,1,238.0,238.0,238.0,238.0,5,4740,10,0,0,0,0,0
2026-10-01T01,151,2,240.0,240.0,240.0,240.0,4,13887,265,0,0,0,0,0
2026-10-01T01,151,3,240.0,240.0,240.0,240.0,2,1628,1328,0,0,0,0,0
2026-10-01T01,151,4,446.0,446.0,446.0,446.0,1,500,500,0,0,0,0,0
2026-10-01T01,151,6,396.0,396.0,396.0,396.0,1,641,641,0,0,0,0,0
2026-10-01T01,151,9,400.0,400.0,400.0,400.0,1,44,44,0,0,0,0,0
2026-10-01T01,151,10,396.0,396.0,396.0,396.0,13,8934,150,0,0,0,0,0
2026-10-01T01,152,0,220.0,220.0,220.0,220.0,7,5053,1559,0,0,0,0,0
2026-10-01T01,152,1,230.0,230.0,230.0,230.0,2,2593,2593,0,0,0,0,0
2026-10-01T01,152,4,350.0,350.0,350.0,350.0,1,3000,3000,0,0,0,0,0
2026-10-01T01,153,0,50.0,50.0,50.0,50.0,1,177,177,0,16,0,0,177
2026-10-01T01,154,0,80.0,80.0,80.0,80.0,7,4235,3082,0,0,0,0,0
2026-10-01T01,155,0,131.0,131.0,131.0,131.0,20,7870,3903,0,0,0,0,0
2026-10-01T01,155,2,145.0,145.0,145.0,145.0,4,1488,266,0,0,0,0,0
2026-10-01T01,155,3,169.0,169.0,169.0,169.0,1,4180,4180,0,0,0,0,0
2026-10-01T01,155,4,170.0,170.0,170.0,170.0,1,9849,9849,0,0,0,0,0
2026-10-01T01,155,5,248.0,248.0,248.0,248.0,1,30110,30110,0,0,0,0,0
2026-10-01T01,155,7,200.0,200.0,200.0,200.0,1,378,378,0,0,0,0,0
