heure,kind,quality,ouverture,haut,bas,cloture,n_ordres,qte_totale,profondeur_5pct,vendu,retire
2026-09-03T19,1,0,0.261,0.261,0.26,0.26,200,614531693,614531693,0,
2026-09-03T19,2,0,0.368,0.368,0.366,0.366,200,152444045,78510877,0,
2026-09-03T19,3,0,2.2,2.2,2.2,2.2,200,4060061,81846,0,
2026-09-03T19,4,0,2.2,2.2,2.2,2.2,170,12813085,19987,0,
2026-09-03T19,5,0,2.95,2.95,2.95,2.95,88,4864349,868014,0,
2026-09-03T19,6,0,0.71,0.71,0.71,0.71,157,72510474,12172688,0,
2026-09-03T19,7,0,39.5,39.5,39.5,39.5,97,725151,116468,0,
2026-09-03T19,8,0,10.5,10.5,10.5,10.5,65,1753210,55021,0,
2026-09-03T19,9,0,1.17,1.17,1.17,1.17,160,13716069,1550441,0,
2026-09-03T19,10,0,29.25,29.25,29.25,29.25,,,,0,
2026-09-03T19,11,0,40.75,40.75,40.75,40.75,51,1156732,508229,0,
2026-09-03T19,12,0,41.0,41.25,41.0,41.25,66,2535905,1540836,0,
2026-09-03T19,13,0,0.365,0.366,0.365,0.366,154,507837670,151472308,0,
2026-09-03T19,14,0,10.8,10.8,10.8,10.8,62,7745710,798768,0,
2026-09-03T19,15,0,10.2,10.3,10.2,10.3,96,8253010,1156348,0,
2026-09-03T19,16,0,9.0,9.0,9.0,9.0,28,4685248,2137689,0,
2026-09-03T19,17,0,14.4,14.5,14.4,14.5,104,7639871,3925836,0,
2026-09-03T19,18,0,20.0,20.25,20.0,20.25,82,3439958,528325,0,
2026-09-03T19,19,0,11.2,11.2,11.1,11.1,86,8980247,312310,0,
2026-09-03T19,20,0,111.0,112.0,111.0,112.0,71,768811,122766,0,
2026-09-03T19,21,0,55.5,55.5,55.5,55.5,,,,0,
2026-09-03T19,22,0,87.0,87.0,87.0,87.0,,,,0,
2026-09-03T19,23,0,129.0,129.0,129.0,129.0,,,,0,
2026-09-03T19,24,0,615.0,615.0,610.0,610.0,38,48698,5373,0,
2026-09-03T19,25,0,755.0,755.0,755.0,755.0,49,116331,38786,0,
2026-09-03T19,26,0,1220.0,1220.0,1220.0,1220.0,19,33350,32293,0,
2026-09-03T19,27,0,575.0,575.0,575.0,575.0,21,31823,12921,0,
2026-09-03T19,28,0,960.0,960.0,960.0,960.0,14,25525,2659,0,
2026-09-03T19,29,0,99.5,99.5,99.5,99.5,73,962508,386269,0,
2026-09-03T19,30,0,155.0,157.0,155.0,157.0,49,443800,259842,0,
2026-09-03T19,31,0,204.0,204.0,202.0,202.0,25,597523,446383,0,
2026-09-03T19,32,0,212.0,212.0,212.0,212.0,65,613747,201900,0,
2026-09-03T19,33,0,113.0,113.0,113.0,113.0,28,314560,213261,0,
2026-09-03T19,34,0,92.5,92.5,92.5,92.5,,,,0,
2026-09-03T19,35,0,86.5,86.5,86.5,86.5,,,,0,
2026-09-03T19,40,0,1.4,1.4,1.4,1.4,,,,0,
2026-09-03T19,41,0,4.55,4.8,4.55,4.8,81,9670096,2030283,0,
2026-09-03T19,42,0,4.95,5.0,4.95,5.0,62,8825275,39862,0,
2026-09-03T19,43,0,11.5,11.5,11.4,11.4,102,5310561,352884,0,
2026-09-03T19,44,0,1.24,1.26,1.24,1.26,57,30348647,7936535,0,
2026-09-03T19,45,0,16.1,16.1,15.9,15.9,43,1557557,360677,0,
2026-09-03T19,46,0,27.25,27.25,27.0,27.0,129,1737669,66706,0,
2026-09-03T19,47,0,430.0,430.0,430.0,430.0,55,175957,18800,0,
2026-09-03T19,48,0,222.0,222.0,222.0,222.0,39,282006,106484,0,
2026-09-03T19,49,0,950.0,950.0,950.0,950.0,33,57499,5126,0,
2026-09-03T19,50,0,336.0,336.0,336.0,336.0,36,144745,24309,0,
2026-09-03T19,51,0,790.0,790.0,790.0,790.0,,,,0,
2026-09-03T19,52,0,610.0,610.0,610.0,610.0,,,,0,
2026-09-03T19,53,0,3380.0,3380.0,3380.0,3380.0,,,,0,
2026-09-03T19,54,0,6450.0,6450.0,6450.0,6450.0,22,15703,1861,0,
2026-09-03T19,55,0,2240.0,2240.0,2240.0,2240.0,19,7442,3972,0,
2026-09-03T19,56,0,4340.0,4340.0,4340.0,4340.0,42,20352,14586,0,
2026-09-03T19,57,0,5575.0,5575.0,5575.0,5575.0,33,10665,6723,0,
2026-09-03T19,58,0,126.0,126.0,126.0,126.0,32,947654,232121,0,
2026-09-03T19,59,0,65.0,65.0,65.0,65.0,30,1558260,878534,0,
2026-09-03T19,60,0,5.5,5.5,5.5,5.5,105,16360877,10533,0,
2026-09-03T19,61,0,18.8,18.8,18.8,18.8,66,5654300,41846,0,
2026-09-03T19,62,0,22.25,22.25,22.25,22.25,50,1663652,272719,0,
2026-09-03T19,63,0,32.5,32.5,32.5,32.5,54,1162345,17700,0,
2026-09-03T19,64,0,45.25,45.25,45.25,45.25,,,,0,
2026-09-03T19,65,0,13.2,13.2,13.2,13.2,,,,0,
2026-09-03T19,66,0,0.28,0.28,0.278,0.278,200,71841523,9612362,0,
2026-09-03T19,67,0,11.8,11.8,11.8,11.8,,,,0,
2026-09-03T19,68,0,32.0,32.0,32.0,32.0,92,2931740,472669,0,
2026-09-03T19,69,0,6475.0,6475.0,6475.0,6475.0,139,30103,9409,0,
2026-09-03T19,70,0,805.0,805.0,805.0,805.0,78,33223,23806,0,
2026-09-03T19,71,0,1540.0,1540.0,1540.0,1540.0,72,66257,5907,0,
2026-09-03T19,72,0,1.68,1.68,1.68,1.68,138,26081463,1238016,0,
2026-09-03T19,73,0,26.5,26.5,26.5,26.5,190,3449068,428444,0,
2026-09-03T19,74,0,20.0,20.0,19.9,19.9,70,1831101,60946,0,
2026-09-03T19,75,0,6.2,6.3,6.2,6.3,58,25966201,1615435,0,
2026-09-03T19,76,0,57.5,57.5,57.0,57.0,106,2112390,35712,0,
2026-09-03T19,77,0,2680.0,2680.0,2680.0,2680.0,62,46199,2058,0,
2026-09-03T19,78,0,1840.0,1840.0,1840.0,1840.0,,,,0,
2026-09-03T19,79,0,870.0,870.0,870.0,870.0,,,,0,
2026-09-03T19,80,0,4450.0,4450.0,4450.0,4450.0,,,,0,
2026-09-03T19,81,0,5175.0,5175.0,5175.0,5175.0,59,15410,2708,0,
2026-09-03T19,82,0,1500.0,1500.0,1500.0,1500.0,70,44042,7382,0,
2026-09-03T19,83,0,30.0,30.0,30.0,30.0,73,1305090,44440,0,
2026-09-03T19,84,0,8950.0,8950.0,8950.0,8950.0,63,11737,600,0,
2026-09-03T19,85,0,7425.0,7425.0,7425.0,7425.0,47,6744,102,0,
2026-09-03T19,86,0,10000.0,10000.0,10000.0,10000.0,68,6521,309,0,
2026-09-03T19,87,0,484.0,484.0,484.0,484.0,41,34689,2917,0,
2026-09-03T19,88,0,11000.0,11000.0,11000.0,11000.0,49,3237,969,0,
2026-09-03T19,89,0,4400.0,4410.0,4400.0,4410.0,63,17921,3525,0,
2026-09-03T19,98,0,845.0,845.0,840.0,840.0,54,56520,21170,0,
2026-09-03T19,100,0,111.0,111.0,111.0,111.0,,,,0,
2026-09-03T19,101,0,197.0,197.0,197.0,197.0,,,,0,
2026-09-03T19,102,0,2.75,2.75,2.75,2.75,,,,0,
2026-09-03T19,103,0,6.8,6.9,6.8,6.9,30,4577518,1896908,0,
2026-09-03T19,104,0,0.97,0.97,0.97,0.97,37,8528883,2483957,0,
2026-09-03T19,105,0,1.49,1.49,1.49,1.49,59,12758277,240751,0,
2026-09-03T19,106,0,4.15,4.15,4.15,4.15,66,6676610,27639,0,
2026-09-03T19,107,0,20.75,21.5,20.75,21.5,55,2445479,748527,0,
2026-09-03T19,108,0,10.0,10.0,9.7,9.7,67,2743362,337684,0,
2026-09-03T19,109,0,109.0,109.0,109.0,109.0,26,341250,243727,0,
2026-09-03T19,110,0,200.0,200.0,200.0,200.0,14,159633,59633,0,
2026-09-03T19,111,0,2600.0,2600.0,2600.0,2600.0,153,105282,92890,0,
2026-09-03T19,112,0,2190.0,2190.0,2190.0,2190.0,30,20324,19543,0,
2026-09-03T19,113,0,127.0,127.0,127.0,127.0,36,642845,59314,0,
2026-09-03T19,114,0,650.0,650.0,650.0,650.0,89,212192,8517,0,
2026-09-03T19,115,0,130.0,130.0,130.0,130.0,,,,0,
2026-09-03T19,116,0,39.0,39.0,39.0,39.0,,,,0,
2026-09-03T19,117,0,7.2,7.2,7.2,7.2,,,,0,
2026-09-03T19,118,0,0.775,0.775,0.77,0.77,155,56722245,88043,0,
2026-09-03T19,119,0,31.5,31.5,31.5,31.5,140,2301152,9346,0,
2026-09-03T19,120,0,2.6,2.6,2.55,2.55,127,11464750,176071,0,
2026-09-03T19,121,0,149.0,149.0,148.0,148.0,101,468119,3592,0,
2026-09-03T19,122,0,126.0,126.0,126.0,126.0,99,537678,43820,0,
2026-09-03T19,123,0,298.0,298.0,298.0,298.0,51,188613,66425,0,
2026-09-03T19,124,0,36.25,36.25,36.25,36.25,104,2251452,89718,0,
2026-09-03T19,125,0,25.0,26.75,25.0,26.75,195,3558626,59362,0,
2026-09-03T19,126,0,55.0,55.0,55.0,55.0,91,1028416,116377,0,
2026-09-03T19,127,0,478.0,478.0,478.0,478.0,24,21101,16794,0,
2026-09-03T19,128,0,56.5,56.5,56.5,56.5,,,,0,
2026-09-03T19,129,0,2180.0,2180.0,2180.0,2180.0,,,,0,
2026-09-03T19,130,0,2060.0,2060.0,2060.0,2060.0,,,,0,
2026-09-03T19,131,0,2390.0,2390.0,2390.0,2390.0,42,9218,2069,0,
2026-09-03T19,132,0,2210.0,2210.0,2200.0,2200.0,71,20198,295,0,
2026-09-03T19,133,0,18.2,18.2,17.9,17.9,100,2831589,383234,0,
2026-09-03T19,134,0,49.5,49.5,49.25,49.25,107,749947,78756,0,
2026-09-03T19,135,0,17.9,17.9,17.8,17.8,140,3691031,301616,0,
2026-09-03T19,136,0,1.58,1.58,1.58,1.58,90,5181729,1320610,0,
2026-09-03T19,137,0,126.0,126.0,126.0,126.0,50,245712,35066,0,
2026-09-03T19,138,0,1260.0,1260.0,1260.0,1260.0,59,18070,415,0,
2026-09-03T19,139,0,10.1,10.1,10.1,10.1,82,4159158,752089,0,
2026-09-03T19,140,0,256.0,260.0,256.0,260.0,42,43743,32440,0,
2026-09-03T19,141,0,37.0,37.0,37.0,37.0,,,,0,
2026-09-03T19,142,0,780.0,780.0,780.0,780.0,,,,0,
2026-09-03T19,143,0,760.0,760.0,760.0,760.0,,,,0,
2026-09-03T19,144,0,17.2,17.2,17.2,17.2,19,202764,28002,0,
2026-09-03T19,145,0,135.0,135.0,135.0,135.0,42,1028773,656599,0,
2026-09-03T19,146,0,6.5,6.5,6.5,6.5,146,8574039,22130,0,
2026-09-03T19,147,0,40.0,40.0,40.0,40.0,31,1138612,480970,0,
2026-09-03T19,148,0,33.25,33.25,33.25,33.25,36,709775,52586,0,
2026-09-03T19,149,0,725.0,725.0,725.0,725.0,66,50229,65,0,
2026-09-03T19,150,0,390.0,390.0,390.0,390.0,162,72580,407,0,
2026-09-03T19,151,0,232.0,232.0,232.0,232.0,33,33463,1252,0,
2026-09-03T19,152,0,234.0,234.0,234.0,234.0,26,4963,228,0,
2026-09-03T19,153,0,79.0,79.0,78.0,78.0,10,26362,1945,0,
2026-09-03T19,154,0,77.0,77.0,77.0,77.0,,,,0,
2026-09-03T19,155,0,130.0,130.0,130.0,130.0,,,,0,
2026-09-03T21,1,0,0.258,0.258,0.258,0.258,200,703578238,703578238,0,
2026-09-03T21,2,0,0.369,0.369,0.365,0.365,200,119092756,15884110,0,
2026-09-03T21,3,0,2.3,2.3,2.3,2.3,200,3964626,67714,0,
2026-09-03T21,4,0,2.5,2.5,2.5,2.5,149,12613753,937828,0,
2026-09-03T21,5,0,2.85,2.85,2.85,2.85,100,4885297,54565,0,
2026-09-03T21,6,0,0.7,0.7,0.695,0.695,170,73645071,9299701,0,
2026-09-03T21,7,0,40.0,40.0,40.0,40.0,98,756079,198697,0,
2026-09-03T21,8,0,10.7,10.7,10.6,10.6,68,1994569,198716,0,
2026-09-03T21,9,0,1.13,1.14,1.13,1.14,167,13742000,46174,0,
2026-09-03T21,10,0,29.0,29.0,29.0,29.0,,,,0,
2026-09-03T21,11,0,41.25,41.25,41.25,41.25,46,1045292,470117,0,
2026-09-03T21,12,0,41.0,41.0,41.0,41.0,73,2383361,1356642,0,
2026-09-03T21,13,0,0.365,0.367,0.365,0.367,150,454419038,101775528,0,
2026-09-03T21,14,0,11.2,11.2,11.2,11.2,62,7356787,3094432,0,
2026-09-03T21,15,0,10.0,10.0,9.9,9.9,97,8262287,148827,0,
2026-09-03T21,16,0,8.7,8.7,8.7,8.7,30,3640604,428956,0,
2026-09-03T21,17,0,14.6,14.6,14.5,14.5,87,7098741,3116003,0,
2026-09-03T21,18,0,20.25,20.25,20.0,20.0,77,3122247,16364,0,
2026-09-03T21,19,0,11.0,11.0,11.0,11.0,82,7313638,206032,0,
2026-09-03T21,20,0,108.0,109.0,108.0,109.0,73,832677,2823,0,
2026-09-03T21,21,0,57.5,57.5,57.5,57.5,,,,0,
2026-09-03T21,22,0,89.5,89.5,89.5,89.5,,,,0,
2026-09-03T21,23,0,127.0,127.0,127.0,127.0,,,,0,
2026-09-03T21,24,0,620.0,625.0,620.0,625.0,32,64978,38662,0,
2026-09-03T21,25,0,730.0,730.0,725.0,725.0,50,104499,2020,0,
2026-09-03T21,26,0,1210.0,1210.0,1210.0,1210.0,25,37951,8484,0,
2026-09-03T21,27,0,570.0,570.0,570.0,570.0,21,31297,6018,0,
2026-09-03T21,28,0,950.0,950.0,950.0,950.0,16,25793,1771,0,
2026-09-03T21,29,0,99.5,99.5,98.0,98.0,73,921242,206108,0,
2026-09-03T21,30,0,155.0,155.0,155.0,155.0,49,436322,143437,0,
2026-09-03T21,31,0,200.0,200.0,200.0,200.0,24,569464,410412,0,
2026-09-03T21,32,0,214.0,218.0,214.0,218.0,59,504654,157496,0,
2026-09-03T21,33,0,109.0,109.0,108.0,108.0,33,367572,84574,0,
2026-09-03T21,34,0,94.5,94.5,94.5,94.5,,,,0,
2026-09-03T21,35,0,86.5,86.5,86.5,86.5,,,,0,
2026-09-03T21,40,0,1.6,1.6,1.6,1.6,,,,0,
2026-09-03T21,41,0,4.75,4.75,4.75,4.75,,,,0,
2026-09-03T21,42,0,5.2,5.2,5.2,5.2,66,8862216,964303,0,
2026-09-03T21,43,0,11.1,11.5,11.1,11.5,96,5067857,713939,0,
2026-09-03T21,44,0,1.26,1.26,1.26,1.26,62,32917998,10485886,0,
2026-09-03T21,45,0,16.0,16.0,16.0,16.0,38,1323299,269127,0,
2026-09-03T21,46,0,27.5,27.5,27.5,27.5,123,1717126,155030,0,
2026-09-03T21,47,0,444.0,444.0,444.0,444.0,47,155052,49542,0,
2026-09-03T21,48,0,220.0,220.0,220.0,220.0,32,233338,6215,0,
2026-09-03T21,49,0,950.0,950.0,950.0,950.0,34,57426,4950,0,
2026-09-03T21,50,0,340.0,340.0,340.0,340.0,35,142107,50111,0,
2026-09-03T21,51,0,790.0,790.0,790.0,790.0,70,79240,38792,0,
2026-09-03T21,52,0,600.0,600.0,600.0,600.0,,,,0,
2026-09-03T21,53,0,3390.0,3390.0,3390.0,3390.0,,,,0,
2026-09-03T21,54,0,6400.0,6400.0,6400.0,6400.0,,,,0,
2026-09-03T21,55,0,2250.0,2250.0,2250.0,2250.0,10,3244,2474,0,
2026-09-03T21,56,0,4370.0,4370.0,4370.0,4370.0,45,20190,14414,0,
2026-09-03T21,57,0,5575.0,5575.0,5575.0,5575.0,32,9101,5159,0,
2026-09-03T21,58,0,126.0,126.0,126.0,126.0,32,937388,221855,0,
2026-09-03T21,59,0,64.5,64.5,64.5,64.5,35,1628528,757382,0,
2026-09-03T21,60,0,5.8,5.8,5.8,5.8,108,16507787,113778,0,
2026-09-03T21,61,0,18.9,18.9,18.9,18.9,64,6267017,325766,0,
2026-09-03T21,62,0,22.0,22.0,22.0,22.0,48,1509639,109360,0,
2026-09-03T21,63,0,32.5,32.5,32.5,32.5,52,1062979,17216,0,
2026-09-03T21,64,0,47.0,47.0,47.0,47.0,51,522688,270142,0,
2026-09-03T21,65,0,13.2,13.2,13.2,13.2,,,,0,
2026-09-03T21,66,0,0.282,0.282,0.282,0.282,,,,0,
2026-09-03T21,67,0,11.8,11.8,11.8,11.8,,,,0,
2026-09-03T21,68,0,31.75,31.75,31.75,31.75,,,,0,
2026-09-03T21,69,0,6325.0,6400.0,6325.0,6400.0,147,29067,5199,0,
2026-09-03T21,70,0,805.0,805.0,805.0,805.0,64,26238,16821,0,
2026-09-03T21,71,0,1530.0,1530.0,1520.0,1520.0,84,70337,5801,0,
2026-09-03T21,72,0,1.64,1.64,1.64,1.64,145,26365375,1053479,0,
2026-09-03T21,73,0,26.0,26.0,26.0,26.0,200,3313009,52569,0,
2026-09-03T21,74,0,19.8,20.0,19.8,20.0,71,1797743,82277,0,
2026-09-03T21,75,0,6.1,6.1,6.1,6.1,62,24314809,1148333,0,
2026-09-03T21,76,0,59.0,59.0,59.0,59.0,93,1927152,107652,0,
2026-09-03T21,77,0,2640.0,2650.0,2640.0,2650.0,66,46142,1338,0,
2026-09-03T21,78,0,1840.0,1850.0,1840.0,1850.0,130,33029,2104,0,
2026-09-03T21,79,0,865.0,865.0,865.0,865.0,79,152626,22087,0,
2026-09-03T21,80,0,4450.0,4450.0,4450.0,4450.0,,,,0,
2026-09-03T21,81,0,5175.0,5175.0,5175.0,5175.0,,,,0,
2026-09-03T21,82,0,1500.0,1500.0,1500.0,1500.0,,,,0,
2026-09-03T21,83,0,29.75,29.75,29.75,29.75,82,1263757,28520,0,
2026-09-03T21,84,0,8975.0,8975.0,8975.0,8975.0,57,11873,569,0,
2026-09-03T21,85,0,7450.0,7450.0,7450.0,7450.0,46,6653,101,0,
2026-09-03T21,86,0,10000.0,10000.0,10000.0,10000.0,66,6526,514,0,
2026-09-03T21,87,0,484.0,484.0,484.0,484.0,40,34209,2897,0,
2026-09-03T21,88,0,11000.0,11000.0,11000.0,11000.0,47,3011,881,0,
2026-09-03T21,89,0,4420.0,4420.0,4420.0,4420.0,61,15251,3323,0,
2026-09-03T21,98,0,855.0,860.0,855.0,860.0,50,57047,27935,0,
2026-09-03T21,100,0,112.0,113.0,112.0,113.0,18,709360,451779,0,
2026-09-03T21,101,0,199.0,199.0,197.0,197.0,90,515797,425237,0,
2026-09-03T21,102,0,2.65,2.65,2.65,2.65,,,,0,
2026-09-03T21,103,0,6.7,6.7,6.7,6.7,,,,0,
2026-09-03T21,104,0,0.975,0.975,0.975,0.975,,,,0,
2026-09-03T21,105,0,1.58,1.58,1.57,1.57,50,12296354,1904413,0,
2026-09-03T21,106,0,4.1,4.1,4.1,4.1,76,6666409,21814,0,
2026-09-03T21,107,0,21.25,21.5,21.25,21.5,54,2397852,709866,0,
2026-09-03T21,108,0,10.1,10.1,10.0,10.0,51,2173181,1228555,0,
2026-09-03T21,109,0,111.0,112.0,111.0,112.0,19,322526,236183,0,
2026-09-03T21,110,0,202.0,202.0,196.0,196.0,13,147005,26805,0,
2026-09-03T21,111,0,2600.0,2600.0,2580.0,2580.0,165,124741,112342,0,
2026-09-03T21,112,0,2200.0,2200.0,2200.0,2200.0,26,12340,12039,0,
2026-09-03T21,113,0,130.0,130.0,129.0,129.0,34,620369,45107,0,
2026-09-03T21,114,0,655.0,655.0,650.0,650.0,99,222972,4079,0,
2026-09-03T21,115,0,126.0,126.0,126.0,126.0,,,,0,
2026-09-03T21,116,0,39.75,39.75,39.5,39.5,160,709198,111560,0,
2026-09-03T21,117,0,6.9,6.9,6.9,6.9,,,,0,
2026-09-03T21,118,0,0.785,0.785,0.785,0.785,,,,0,
2026-09-03T21,119,0,31.0,31.0,30.75,30.75,155,2591303,10146,0,
2026-09-03T21,120,0,2.5,2.5,2.5,2.5,126,11197676,133866,0,
2026-09-03T21,121,0,140.0,140.0,140.0,140.0,110,477487,108,0,
2026-09-03T21,122,0,127.0,127.0,126.0,126.0,99,510458,16654,0,
2026-09-03T21,123,0,292.0,292.0,292.0,292.0,56,188196,31553,0,
2026-09-03T21,124,0,36.25,36.25,36.0,36.0,103,2396298,71816,0,
2026-09-03T21,125,0,25.25,25.25,25.25,25.25,200,2488887,5189,0,
2026-09-03T21,126,0,56.0,56.0,55.5,55.5,82,914507,212346,0,
2026-09-03T21,127,0,478.0,478.0,478.0,478.0,22,20778,16326,0,
2026-09-03T21,128,0,55.0,55.0,55.0,55.0,54,341633,95944,0,
2026-09-03T21,129,0,2170.0,2170.0,2170.0,2170.0,,,,0,
2026-09-03T21,130,0,2050.0,2050.0,2050.0,2050.0,,,,0,
2026-09-03T21,131,0,2400.0,2400.0,2400.0,2400.0,,,,0,
2026-09-03T21,132,0,2180.0,2180.0,2180.0,2180.0,76,20334,210,0,
2026-09-03T21,133,0,17.2,17.3,17.2,17.3,109,2804572,29722,0,
2026-09-03T21,134,0,49.5,50.0,49.5,50.0,100,758116,99897,0,
2026-09-03T21,135,0,17.8,17.8,17.8,17.8,148,3365796,346368,0,
2026-09-03T21,136,0,1.55,1.55,1.52,1.52,97,5172716,71198,0,
2026-09-03T21,137,0,125.0,125.0,124.0,124.0,54,235789,21820,0,
2026-09-03T21,138,0,1270.0,1270.0,1270.0,1270.0,56,18345,271,0,
2026-09-03T21,139,0,9.9,10.1,9.9,10.1,69,3867027,630862,0,
2026-09-03T21,140,0,258.0,258.0,258.0,258.0,45,45683,26044,0,
2026-09-03T21,141,0,36.5,36.5,36.5,36.5,99,1227438,37954,0,
2026-09-03T21,142,0,775.0,775.0,775.0,775.0,,,,0,
2026-09-03T21,143,0,760.0,760.0,760.0,760.0,,,,0,
2026-09-03T21,144,0,17.1,17.1,17.1,17.1,,,,0,
2026-09-03T21,145,0,137.0,137.0,135.0,135.0,42,1046030,673856,0,
2026-09-03T21,146,0,7.0,7.0,6.9,6.9,141,9080033,375019,0,
2026-09-03T21,147,0,39.5,39.5,39.5,39.5,34,1168198,395756,0,
2026-09-03T21,148,0,33.0,33.25,33.0,33.25,36,771045,68463,0,
2026-09-03T21,149,0,725.0,725.0,725.0,725.0,66,48935,115,0,
2026-09-03T21,150,0,386.0,386.0,384.0,384.0,163,72367,459,0,
2026-09-03T21,151,0,232.0,232.0,232.0,232.0,34,34298,1251,0,
2026-09-03T21,152,0,234.0,234.0,234.0,234.0,26,4962,227,0,
2026-09-03T21,153,0,69.0,69.0,69.0,69.0,4,4320,3497,0,
2026-09-03T21,154,0,76.5,76.5,76.5,76.5,10,8666,3391,0,
2026-09-03T21,155,0,130.0,130.0,130.0,130.0,,,,0,
2026-09-03T23,1,0,0.257,0.257,0.257,0.257,,,,0,
2026-09-03T23,2,0,0.37,0.37,0.37,0.37,,,,0,
2026-09-03T23,3,0,2.35,2.35,2.35,2.35,,,,0,
2026-09-03T23,4,0,2.4,2.4,2.4,2.4,,,,0,
2026-09-03T23,5,0,2.75,2.75,2.75,2.75,,,,0,
2026-09-03T23,6,0,0.63,0.63,0.63,0.63,,,,0,
2026-09-03T23,7,0,40.0,40.0,40.0,40.0,,,,0,
2026-09-03T23,8,0,10.9,10.9,10.9,10.9,,,,0,
2026-09-03T23,9,0,1.15,1.15,1.15,1.15,,,,0,
2026-09-03T23,10,0,28.5,28.5,28.5,28.5,,,,0,
2026-09-03T23,11,0,41.5,41.5,41.5,41.5,,,,0,
2026-09-03T23,12,0,40.0,40.0,40.0,40.0,,,,0,
2026-09-03T23,13,0,0.367,0.367,0.367,0.367,,,,0,
2026-09-03T23,14,0,10.8,10.8,10.8,10.8,,,,0,
2026-09-03T23,15,0,10.1,10.1,10.1,10.1,,,,0,
2026-09-03T23,16,0,8.7,8.7,8.7,8.7,,,,0,
2026-09-03T23,17,0,14.5,14.5,14.5,14.5,,,,0,
2026-09-03T23,18,0,20.25,20.25,20.25,20.25,,,,0,
2026-09-03T23,19,0,11.2,11.2,11.2,11.2,,,,0,
2026-09-03T23,20,0,113.0,113.0,113.0,113.0,,,,0,
2026-09-03T23,21,0,55.0,55.0,55.0,55.0,,,,0,
2026-09-03T23,22,0,86.5,86.5,86.5,86.5,,,,0,
2026-09-03T23,23,0,127.0,127.0,127.0,127.0,,,,0,
2026-09-03T23,24,0,590.0,590.0,590.0,590.0,,,,0,
2026-09-03T23,25,0,725.0,725.0,725.0,725.0,,,,0,
2026-09-03T23,26,0,1200.0,1200.0,1200.0,1200.0,,,,0,
2026-09-03T23,27,0,565.0,565.0,565.0,565.0,,,,0,
2026-09-03T23,28,0,950.0,950.0,950.0,950.0,,,,0,
2026-09-03T23,29,0,99.5,99.5,99.5,99.5,,,,0,
2026-09-03T23,30,0,153.0,153.0,153.0,153.0,,,,0,
2026-09-03T23,31,0,202.0,202.0,202.0,202.0,,,,0,
2026-09-03T23,32,0,216.0,216.0,216.0,216.0,,,,0,
2026-09-03T23,33,0,111.0,111.0,111.0,111.0,,,,0,
2026-09-03T23,34,0,95.5,95.5,95.5,95.5,,,,0,
2026-09-03T23,35,0,86.0,86.0,86.0,86.0,,,,0,
2026-09-03T23,40,0,1.46,1.46,1.46,1.46,,,,0,
2026-09-03T23,41,0,4.8,4.8,4.8,4.8,,,,0,
2026-09-03T23,42,0,4.9,4.9,4.9,4.9,,,,0,
2026-09-03T23,43,0,11.5,11.5,11.5,11.5,,,,0,
2026-09-03T23,44,0,1.26,1.26,1.26,1.26,,,,0,
2026-09-03T23,45,0,15.7,15.7,15.7,15.7,,,,0,
2026-09-03T23,46,0,25.5,25.5,25.5,25.5,,,,0,
2026-09-03T23,47,0,442.0,442.0,442.0,442.0,,,,0,
2026-09-03T23,48,0,230.0,230.0,230.0,230.0,,,,0,
2026-09-03T23,49,0,950.0,950.0,950.0,950.0,,,,0,
2026-09-03T23,50,0,338.0,338.0,338.0,338.0,,,,0,
2026-09-03T23,51,0,770.0,770.0,770.0,770.0,,,,0,
2026-09-03T23,52,0,600.0,600.0,600.0,600.0,,,,0,
2026-09-03T23,53,0,3390.0,3390.0,3390.0,3390.0,,,,0,
2026-09-03T23,54,0,6375.0,6375.0,6375.0,6375.0,,,,0,
2026-09-03T23,55,0,2240.0,2240.0,2240.0,2240.0,,,,0,
2026-09-03T23,56,0,4350.0,4350.0,4350.0,4350.0,,,,0,
2026-09-03T23,57,0,5600.0,5600.0,5600.0,5600.0,,,,0,
2026-09-03T23,58,0,128.0,128.0,128.0,128.0,,,,0,
2026-09-03T23,59,0,65.0,65.0,65.0,65.0,,,,0,
2026-09-03T23,60,0,5.9,5.9,5.9,5.9,,,,0,
2026-09-03T23,61,0,18.7,18.7,18.7,18.7,,,,0,
2026-09-03T23,62,0,22.25,22.25,22.25,22.25,,,,0,
2026-09-03T23,63,0,33.25,33.25,33.25,33.25,,,,0,
2026-09-03T23,64,0,46.5,46.5,46.5,46.5,,,,0,
2026-09-03T23,65,0,13.2,13.2,13.2,13.2,,,,0,
2026-09-03T23,66,0,0.283,0.283,0.283,0.283,,,,0,
2026-09-03T23,67,0,11.8,11.8,11.8,11.8,,,,0,
2026-09-03T23,68,0,30.25,30.25,30.25,30.25,,,,0,
2026-09-03T23,69,0,6425.0,6425.0,6425.0,6425.0,,,,0,
2026-09-03T23,70,0,810.0,810.0,810.0,810.0,,,,0,
2026-09-03T23,71,0,1520.0,1520.0,1520.0,1520.0,,,,0,
2026-09-03T23,72,0,1.61,1.61,1.61,1.61,,,,0,
2026-09-03T23,73,0,26.0,26.0,26.0,26.0,,,,0,
2026-09-03T23,74,0,19.9,19.9,19.9,19.9,,,,0,
2026-09-03T23,75,0,6.1,6.1,6.1,6.1,,,,0,
2026-09-03T23,76,0,58.0,58.0,58.0,58.0,,,,0,
2026-09-03T23,77,0,2660.0,2660.0,2660.0,2660.0,,,,0,
2026-09-03T23,78,0,1850.0,1850.0,1850.0,1850.0,,,,0,
2026-09-03T23,79,0,880.0,880.0,880.0,880.0,,,,0,
2026-09-03T23,80,0,4450.0,4450.0,4450.0,4450.0,,,,0,
2026-09-03T23,81,0,5175.0,5175.0,5175.0,5175.0,,,,0,
2026-09-03T23,82,0,1500.0,1500.0,1500.0,1500.0,,,,0,
2026-09-03T23,83,0,30.0,30.0,30.0,30.0,,,,0,
2026-09-03T23,84,0,8975.0,8975.0,8975.0,8975.0,,,,0,
2026-09-03T23,85,0,7400.0,7400.0,7400.0,7400.0,,,,0,
2026-09-03T23,86,0,10000.0,10000.0,10000.0,10000.0,,,,0,
2026-09-03T23,87,0,484.0,484.0,484.0,484.0,,,,0,
2026-09-03T23,88,0,11000.0,11000.0,11000.0,11000.0,,,,0,
2026-09-03T23,89,0,4420.0,4420.0,4420.0,4420.0,,,,0,
2026-09-03T23,98,0,860.0,860.0,860.0,860.0,,,,0,
2026-09-03T23,100,0,113.0,113.0,113.0,113.0,,,,0,
2026-09-03T23,101,0,198.0,198.0,198.0,198.0,,,,0,
2026-09-03T23,102,0,2.5,2.5,2.5,2.5,,,,0,
2026-09-03T23,103,0,6.6,6.6,6.6,6.6,,,,0,
2026-09-03T23,104,0,0.945,0.945,0.945,0.945,,,,0,
2026-09-03T23,105,0,1.56,1.56,1.56,1.56,,,,0,
2026-09-03T23,106,0,4.25,4.25,4.25,4.25,,,,0,
2026-09-03T23,107,0,21.25,21.25,21.25,21.25,,,,0,
2026-09-03T23,108,0,10.1,10.1,10.1,10.1,,,,0,
2026-09-03T23,109,0,110.0,110.0,110.0,110.0,,,,0,
2026-09-03T23,110,0,199.0,199.0,199.0,199.0,,,,0,
2026-09-03T23,111,0,2590.0,2590.0,2590.0,2590.0,,,,0,
2026-09-03T23,112,0,2210.0,2210.0,2210.0,2210.0,,,,0,
2026-09-03T23,113,0,129.0,129.0,129.0,129.0,,,,0,
2026-09-03T23,114,0,660.0,660.0,660.0,660.0,,,,0,
2026-09-03T23,115,0,123.0,123.0,123.0,123.0,,,,0,
2026-09-03T23,116,0,39.5,39.5,39.5,39.5,,,,0,
2026-09-03T23,117,0,6.9,6.9,6.9,6.9,,,,0,
2026-09-03T23,118,0,0.745,0.745,0.745,0.745,,,,0,
2026-09-03T23,119,0,31.0,31.0,31.0,31.0,,,,0,
2026-09-03T23,120,0,2.3,2.3,2.3,2.3,,,,0,
2026-09-03T23,121,0,146.0,146.0,146.0,146.0,,,,0,
2026-09-03T23,122,0,125.0,125.0,125.0,125.0,,,,0,
2026-09-03T23,123,0,292.0,292.0,292.0,292.0,,,,0,
2026-09-03T23,124,0,36.5,36.5,36.5,36.5,,,,0,
2026-09-03T23,125,0,25.25,25.25,25.25,25.25,,,,0,
2026-09-03T23,126,0,53.5,53.5,53.5,53.5,,,,0,
2026-09-03T23,127,0,478.0,478.0,478.0,478.0,,,,0,
2026-09-03T23,128,0,54.5,54.5,54.5,54.5,,,,0,
2026-09-03T23,129,0,2160.0,2160.0,2160.0,2160.0,,,,0,
2026-09-03T23,130,0,2060.0,2060.0,2060.0,2060.0,,,,0,
2026-09-03T23,131,0,2400.0,2400.0,2400.0,2400.0,,,,0,
2026-09-03T23,132,0,2190.0,2190.0,2190.0,2190.0,,,,0,
2026-09-03T23,133,0,17.8,17.8,17.8,17.8,,,,0,
2026-09-03T23,134,0,48.5,48.5,48.5,48.5,,,,0,
2026-09-03T23,135,0,17.8,17.8,17.8,17.8,,,,0,
2026-09-03T23,136,0,1.41,1.41,1.41,1.41,,,,0,
2026-09-03T23,137,0,122.0,122.0,122.0,122.0,,,,0,
2026-09-03T23,138,0,1300.0,1300.0,1300.0,1300.0,,,,0,
2026-09-03T23,139,0,10.0,10.0,10.0,10.0,,,,0,
2026-09-03T23,140,0,262.0,262.0,262.0,262.0,,,,0,
2026-09-03T23,141,0,36.5,36.5,36.5,36.5,,,,0,
2026-09-03T23,142,0,760.0,760.0,760.0,760.0,,,,0,
2026-09-03T23,143,0,740.0,740.0,740.0,740.0,,,,0,
2026-09-03T23,144,0,17.7,17.7,17.7,17.7,,,,0,
2026-09-03T23,145,0,132.0,132.0,132.0,132.0,,,,0,
2026-09-03T23,146,0,6.8,6.8,6.8,6.8,,,,0,
2026-09-03T23,147,0,39.75,39.75,39.75,39.75,,,,0,
2026-09-03T23,148,0,33.25,33.25,33.25,33.25,,,,0,
2026-09-03T23,149,0,725.0,725.0,725.0,725.0,,,,0,
2026-09-03T23,150,0,350.0,350.0,350.0,350.0,,,,0,
2026-09-03T23,151,0,232.0,232.0,232.0,232.0,,,,0,
2026-09-03T23,152,0,234.0,234.0,234.0,234.0,,,,0,
2026-09-03T23,153,0,69.0,69.0,69.0,69.0,,,,0,
2026-09-03T23,154,0,76.5,76.5,76.5,76.5,,,,0,
2026-09-03T23,155,0,130.0,130.0,130.0,130.0,,,,0,
2026-09-04T00,1,0,0.258,0.258,0.258,0.258,200,646844871,646844871,0,
2026-09-04T00,2,0,0.37,0.37,0.37,0.37,200,121883605,18020297,0,
2026-09-04T00,3,0,2.45,2.45,2.45,2.45,200,3665026,1369837,0,
2026-09-04T00,4,0,2.5,2.5,2.5,2.5,146,11922372,352000,0,
2026-09-04T00,5,0,2.95,2.95,2.95,2.95,90,4666048,640984,0,
2026-09-04T00,6,0,0.63,0.63,0.63,0.63,189,75144807,398694,0,
2026-09-04T00,7,0,40.0,40.0,40.0,40.0,90,745598,180872,0,
2026-09-04T00,8,0,11.0,11.0,11.0,11.0,63,1837263,806314,0,
2026-09-04T00,9,0,1.16,1.16,1.16,1.16,171,13798207,41732,0,
2026-09-04T00,10,0,29.5,29.5,29.5,29.5,107,5654946,1975983,0,
2026-09-04T00,11,0,38.0,38.0,38.0,38.0,53,1328360,400,0,
2026-09-04T00,12,0,40.5,40.5,40.5,40.5,75,2383405,1089401,0,
2026-09-04T00,13,0,0.363,0.363,0.363,0.363,137,445532025,88665663,0,
2026-09-04T00,14,0,11.1,11.1,11.1,11.1,64,7099837,959988,0,
2026-09-04T00,15,0,10.3,10.3,10.3,10.3,92,8181232,1327824,0,
2026-09-04T00,16,0,8.9,8.9,8.9,8.9,34,4392185,1776040,0,
2026-09-04T00,17,0,14.7,14.7,14.7,14.7,90,7071045,3826108,0,
2026-09-04T00,18,0,19.9,19.9,19.9,19.9,76,3098970,72033,0,
2026-09-04T00,22,0,88.5,88.5,88.5,88.5,30,411271,259074,0,
2026-09-04T00,23,0,129.0,129.0,129.0,129.0,29,298868,48469,0,
2026-09-04T00,24,0,615.0,615.0,615.0,615.0,35,63861,18741,0,
2026-09-04T00,25,0,725.0,725.0,725.0,725.0,57,112339,3372,0,
2026-09-04T00,26,0,1200.0,1200.0,1200.0,1200.0,26,38415,6615,0,
2026-09-04T00,27,0,565.0,565.0,565.0,565.0,22,31490,3770,0,
2026-09-04T00,28,0,950.0,950.0,950.0,950.0,18,26599,2792,0,
2026-09-04T00,29,0,100.0,100.0,100.0,100.0,62,774434,300355,0,
2026-09-04T00,30,0,155.0,155.0,155.0,155.0,52,458479,165594,0,
2026-09-04T00,31,0,204.0,204.0,204.0,204.0,21,524607,382885,0,
2026-09-04T00,35,0,85.5,85.5,85.5,85.5,46,1610178,61282,0,
2026-09-04T00,40,0,1.5,1.5,1.5,1.5,155,26502490,43491,0,
2026-09-04T00,41,0,4.8,4.8,4.8,4.8,80,9146687,2240298,0,
2026-09-04T00,42,0,5.3,5.3,5.3,5.3,62,8782003,2614826,0,
2026-09-04T00,43,0,11.5,11.5,11.5,11.5,99,5489299,935151,0,
2026-09-04T00,44,0,1.24,1.24,1.24,1.24,62,32856023,4541647,0,
2026-09-04T00,45,0,15.8,15.8,15.8,15.8,47,1664108,585880,0,
2026-09-04T00,46,0,25.5,25.5,25.5,25.5,142,1721497,11685,0,
2026-09-04T00,47,0,442.0,442.0,442.0,442.0,46,155775,48458,0,
2026-09-04T00,48,0,230.0,230.0,230.0,230.0,26,233370,65912,0,
2026-09-04T00,52,0,605.0,605.0,605.0,605.0,43,70659,34518,0,
2026-09-04T00,53,0,3390.0,3390.0,3390.0,3390.0,33,12625,4430,0,
2026-09-04T00,54,0,6375.0,6375.0,6375.0,6375.0,23,13856,1555,0,
2026-09-04T00,55,0,2240.0,2240.0,2240.0,2240.0,10,3901,3131,0,
2026-09-04T00,56,0,4350.0,4350.0,4350.0,4350.0,48,19902,14126,0,
2026-09-04T00,57,0,5600.0,5600.0,5600.0,5600.0,28,8826,5240,0,
2026-09-04T00,58,0,128.0,128.0,128.0,128.0,32,922337,237947,0,
2026-09-04T00,59,0,64.5,64.5,64.5,64.5,36,1666164,767337,0,
2026-09-04T00,60,0,6.0,6.0,6.0,6.0,108,16883246,169527,0,
2026-09-04T00,61,0,18.7,18.7,18.7,18.7,71,6298200,42798,0,
2026-09-04T00,65,0,13.2,13.2,13.2,13.2,61,3868994,319529,0,
2026-09-04T00,66,0,0.285,0.285,0.285,0.285,200,80334602,43945275,0,
2026-09-04T00,67,0,11.8,11.8,11.8,11.8,42,564191,122412,0,
2026-09-04T00,68,0,30.5,30.5,30.5,30.5,88,2753203,9909,0,
2026-09-04T00,69,0,6475.0,6475.0,6475.0,6475.0,141,29517,9551,0,
2026-09-04T00,70,0,810.0,810.0,810.0,810.0,61,23464,15207,0,
2026-09-04T00,71,0,1530.0,1530.0,1530.0,1530.0,81,69971,6776,0,
2026-09-04T00,72,0,1.67,1.67,1.67,1.67,139,25900187,1549748,0,
2026-09-04T00,73,0,26.25,26.25,26.25,26.25,196,3346962,83737,0,
2026-09-04T00,74,0,19.6,19.6,19.6,19.6,69,1741344,30153,0,
2026-09-04T00,78,0,1850.0,1850.0,1850.0,1850.0,128,32529,2088,0,
2026-09-04T00,79,0,880.0,880.0,880.0,880.0,83,149119,55211,0,
2026-09-04T00,80,0,4450.0,4450.0,4450.0,4450.0,37,8018,351,0,
2026-09-04T00,81,0,5175.0,5175.0,5175.0,5175.0,53,14543,2207,0,
2026-09-04T00,82,0,1500.0,1500.0,1500.0,1500.0,65,41930,6798,0,
2026-09-04T00,83,0,30.0,30.0,30.0,30.0,71,1015175,36209,0,
2026-09-04T00,84,0,8950.0,8950.0,8950.0,8950.0,60,12021,592,0,
2026-09-04T00,85,0,7400.0,7400.0,7400.0,7400.0,49,6658,94,0,
2026-09-04T00,86,0,10000.0,10000.0,10000.0,10000.0,68,6806,504,0,
2026-09-04T00,87,0,484.0,484.0,484.0,484.0,40,34109,2887,0,
2026-09-04T00,100,0,114.0,114.0,114.0,114.0,16,687621,470040,0,
2026-09-04T00,101,0,198.0,198.0,198.0,198.0,85,467511,376946,0,
2026-09-04T00,102,0,2.6,2.6,2.6,2.6,90,24240218,1693162,0,
2026-09-04T00,103,0,6.5,6.5,6.5,6.5,37,5358238,8343,0,
2026-09-04T00,104,0,0.95,0.95,0.95,0.95,49,9089110,402109,0,
2026-09-04T00,105,0,1.58,1.58,1.58,1.58,46,12133422,1835667,0,
2026-09-04T00,106,0,4.35,4.35,4.35,4.35,66,6616683,88808,0,
2026-09-04T00,107,0,21.5,21.5,21.5,21.5,55,2395216,707230,0,
2026-09-04T00,108,0,10.2,10.2,10.2,10.2,51,2104499,1428517,0,
2026-09-04T00,109,0,111.0,111.0,111.0,111.0,20,313440,227091,0,
2026-09-04T00,113,0,129.0,129.0,129.0,129.0,35,621202,45940,0,
2026-09-04T00,114,0,650.0,650.0,650.0,650.0,103,223594,4235,0,
2026-09-04T00,115,0,125.0,125.0,125.0,125.0,200,477832,39000,0,
2026-09-04T00,116,0,40.0,40.0,40.0,40.0,157,700020,127785,0,
2026-09-04T00,117,0,7.1,7.1,7.1,7.1,200,3447742,383672,0,
2026-09-04T00,118,0,0.74,0.74,0.74,0.74,159,56468576,1334,0,
2026-09-04T00,119,0,31.0,31.0,31.0,31.0,152,2603375,12785,0,
2026-09-04T00,120,0,2.35,2.35,2.35,2.35,131,11488416,10378,0,
2026-09-04T00,121,0,146.0,146.0,146.0,146.0,104,474077,3801,0,
2026-09-04T00,122,0,128.0,128.0,128.0,128.0,95,508298,32516,0,
2026-09-04T00,126,0,54.0,54.0,54.0,54.0,80,915190,10051,0,
2026-09-04T00,127,0,478.0,478.0,478.0,478.0,21,16003,11551,0,
2026-09-04T00,128,0,54.5,54.5,54.5,54.5,56,343724,96010,0,
2026-09-04T00,129,0,2160.0,2160.0,2160.0,2160.0,64,32260,539,0,
2026-09-04T00,130,0,2060.0,2060.0,2060.0,2060.0,73,25508,1536,0,
2026-09-04T00,131,0,2400.0,2400.0,2400.0,2400.0,39,8774,2005,0,
2026-09-04T00,132,0,2190.0,2190.0,2190.0,2190.0,73,20310,262,0,
2026-09-04T00,133,0,18.4,18.4,18.4,18.4,79,2225377,457062,0,
2026-09-04T00,134,0,48.5,48.5,48.5,48.5,101,738796,24380,0,
2026-09-04T00,135,0,17.7,17.7,17.7,17.7,145,3530067,285436,0,
2026-09-04T00,139,0,9.9,9.9,9.9,9.9,74,3940599,598250,0,
2026-09-04T00,140,0,258.0,258.0,258.0,258.0,43,44363,24724,0,
2026-09-04T00,141,0,36.5,36.5,36.5,36.5,98,1245877,37897,0,
2026-09-04T00,142,0,760.0,760.0,760.0,760.0,97,115833,1476,0,
2026-09-04T00,143,0,740.0,740.0,740.0,740.0,71,133350,932,0,
2026-09-04T00,144,0,17.7,17.7,17.7,17.7,15,194788,160932,0,
2026-09-04T00,145,0,131.0,131.0,131.0,131.0,49,1068398,204365,0,
2026-09-04T00,146,0,7.0,7.0,7.0,7.0,136,8969310,590750,0,
2026-09-04T00,147,0,39.75,39.75,39.75,39.75,33,1166863,394421,0,
2026-09-04T00,148,0,33.25,33.25,33.25,33.25,36,771045,68463,0,
2026-09-04T00,152,0,234.0,234.0,234.0,234.0,27,7979,227,0,
2026-09-04T00,153,0,69.0,69.0,69.0,69.0,4,3840,3017,0,
2026-09-04T00,154,0,76.5,76.5,76.5,76.5,9,8120,2845,0,
2026-09-04T00,155,0,130.0,130.0,130.0,130.0,9,10725,7287,0,
2026-09-04T01,1,0,0.255,0.255,0.255,0.255,,,,0,
2026-09-04T01,2,0,0.375,0.375,0.375,0.375,,,,0,
2026-09-04T01,3,0,2.45,2.45,2.45,2.45,,,,0,
2026-09-04T01,4,0,2.45,2.45,2.45,2.45,,,,0,
2026-09-04T01,5,0,2.9,2.9,2.9,2.9,,,,0,
2026-09-04T01,6,0,0.635,0.635,0.635,0.635,,,,0,
2026-09-04T01,7,0,39.5,39.5,39.5,39.5,,,,0,
2026-09-04T01,8,0,10.8,10.8,10.8,10.8,,,,0,
2026-09-04T01,9,0,1.18,1.18,1.18,1.18,,,,0,
2026-09-04T01,10,0,29.0,29.0,29.0,29.0,,,,0,
2026-09-04T01,11,0,41.0,41.0,41.0,41.0,,,,0,
2026-09-04T01,12,0,41.0,41.0,41.0,41.0,,,,0,
2026-09-04T01,13,0,0.363,0.363,0.363,0.363,,,,0,
2026-09-04T01,14,0,10.9,10.9,10.9,10.9,,,,0,
2026-09-04T01,15,0,9.5,9.5,9.5,9.5,,,,0,
2026-09-04T01,16,0,8.8,8.8,8.8,8.8,,,,0,
2026-09-04T01,17,0,14.5,14.5,14.5,14.5,,,,0,
2026-09-04T01,18,0,21.25,21.25,21.25,21.25,,,,0,
2026-09-04T01,19,0,11.0,11.0,11.0,11.0,,,,0,
2026-09-04T01,20,0,115.0,115.0,115.0,115.0,,,,0,
2026-09-04T01,21,0,59.0,59.0,59.0,59.0,,,,0,
2026-09-04T01,22,0,89.0,89.0,89.0,89.0,,,,0,
2026-09-04T01,23,0,127.0,127.0,127.0,127.0,,,,0,
2026-09-04T01,24,0,615.0,615.0,615.0,615.0,,,,0,
2026-09-04T01,25,0,765.0,765.0,765.0,765.0,,,,0,
2026-09-04T01,26,0,1200.0,1200.0,1200.0,1200.0,,,,0,
2026-09-04T01,27,0,565.0,565.0,565.0,565.0,,,,0,
2026-09-04T01,28,0,950.0,950.0,950.0,950.0,,,,0,
2026-09-04T01,29,0,100.0,100.0,100.0,100.0,,,,0,
2026-09-04T01,30,0,156.0,156.0,156.0,156.0,,,,0,
2026-09-04T01,31,0,200.0,200.0,200.0,200.0,,,,0,
2026-09-04T01,32,0,210.0,210.0,210.0,210.0,,,,0,
2026-09-04T01,33,0,108.0,108.0,108.0,108.0,,,,0,
2026-09-04T01,34,0,96.5,96.5,96.5,96.5,,,,0,
2026-09-04T01,35,0,86.5,86.5,86.5,86.5,,,,0,
2026-09-04T01,40,0,1.5,1.5,1.5,1.5,,,,0,
2026-09-04T01,41,0,4.6,4.6,4.6,4.6,,,,0,
2026-09-04T01,42,0,5.3,5.3,5.3,5.3,,,,0,
2026-09-04T01,43,0,11.6,11.6,11.6,11.6,,,,0,
2026-09-04T01,44,0,1.22,1.22,1.22,1.22,,,,0,
2026-09-04T01,45,0,13.0,13.0,13.0,13.0,,,,0,
2026-09-04T01,46,0,27.0,27.0,27.0,27.0,,,,0,
2026-09-04T01,47,0,442.0,442.0,442.0,442.0,,,,0,
2026-09-04T01,48,0,230.0,230.0,230.0,230.0,,,,0,
2026-09-04T01,49,0,950.0,950.0,950.0,950.0,,,,0,
2026-09-04T01,50,0,338.0,338.0,338.0,338.0,,,,0,
2026-09-04T01,51,0,785.0,785.0,785.0,785.0,,,,0,
2026-09-04T01,52,0,605.0,605.0,605.0,605.0,,,,0,
2026-09-04T01,53,0,3390.0,3390.0,3390.0,3390.0,,,,0,
2026-09-04T01,54,0,6375.0,6375.0,6375.0,6375.0,,,,0,
2026-09-04T01,55,0,2240.0,2240.0,2240.0,2240.0,,,,0,
2026-09-04T01,56,0,4350.0,4350.0,4350.0,4350.0,,,,0,
2026-09-04T01,57,0,5500.0,5500.0,5500.0,5500.0,,,,0,
2026-09-04T01,58,0,126.0,126.0,126.0,126.0,,,,0,
2026-09-04T01,59,0,63.0,63.0,63.0,63.0,,,,0,
2026-09-04T01,60,0,6.4,6.4,6.4,6.4,,,,0,
2026-09-04T01,61,0,18.8,18.8,18.8,18.8,,,,0,
2026-09-04T01,62,0,22.25,22.25,22.25,22.25,,,,0,
2026-09-04T01,63,0,33.75,33.75,33.75,33.75,,,,0,
2026-09-04T01,64,0,47.25,47.25,47.25,47.25,,,,0,
2026-09-04T01,65,0,13.2,13.2,13.2,13.2,,,,0,
2026-09-04T01,66,0,0.272,0.272,0.272,0.272,,,,0,
2026-09-04T01,67,0,11.8,11.8,11.8,11.8,,,,0,
2026-09-04T01,68,0,32.75,32.75,32.75,32.75,,,,0,
2026-09-04T01,69,0,6500.0,6500.0,6500.0,6500.0,,,,0,
2026-09-04T01,70,0,795.0,795.0,795.0,795.0,,,,0,
2026-09-04T01,71,0,1530.0,1530.0,1530.0,1530.0,,,,0,
2026-09-04T01,72,0,1.69,1.69,1.69,1.69,,,,0,
2026-09-04T01,73,0,26.25,26.25,26.25,26.25,,,,0,
2026-09-04T01,74,0,19.7,19.7,19.7,19.7,,,,0,
2026-09-04T01,75,0,6.1,6.1,6.1,6.1,,,,0,
2026-09-04T01,76,0,59.0,59.0,59.0,59.0,,,,0,
2026-09-04T01,77,0,2650.0,2650.0,2650.0,2650.0,,,,0,
2026-09-04T01,78,0,1850.0,1850.0,1850.0,1850.0,,,,0,
2026-09-04T01,79,0,855.0,855.0,855.0,855.0,,,,0,
2026-09-04T01,80,0,4450.0,4450.0,4450.0,4450.0,,,,0,
2026-09-04T01,81,0,5175.0,5175.0,5175.0,5175.0,,,,0,
2026-09-04T01,82,0,1500.0,1500.0,1500.0,1500.0,,,,0,
2026-09-04T01,83,0,29.5,29.5,29.5,29.5,,,,0,
2026-09-04T01,84,0,8975.0,8975.0,8975.0,8975.0,,,,0,
2026-09-04T01,85,0,7400.0,7400.0,7400.0,7400.0,,,,0,
2026-09-04T01,86,0,10000.0,10000.0,10000.0,10000.0,,,,0,
2026-09-04T01,87,0,484.0,484.0,484.0,484.0,,,,0,
2026-09-04T01,88,0,11000.0,11000.0,11000.0,11000.0,,,,0,
2026-09-04T01,89,0,4410.0,4410.0,4410.0,4410.0,,,,0,
2026-09-04T01,98,0,855.0,855.0,855.0,855.0,,,,0,
2026-09-04T01,100,0,113.0,113.0,113.0,113.0,,,,0,
2026-09-04T01,101,0,199.0,199.0,199.0,199.0,,,,0,
2026-09-04T01,102,0,2.65,2.65,2.65,2.65,,,,0,
2026-09-04T01,103,0,6.7,6.7,6.7,6.7,,,,0,
2026-09-04T01,104,0,0.955,0.955,0.955,0.955,,,,0,
2026-09-04T01,105,0,1.57,1.57,1.57,1.57,,,,0,
2026-09-04T01,106,0,4.45,4.45,4.45,4.45,,,,0,
2026-09-04T01,107,0,21.25,21.25,21.25,21.25,,,,0,
2026-09-04T01,108,0,10.0,10.0,10.0,10.0,,,,0,
2026-09-04T01,109,0,109.0,109.0,109.0,109.0,,,,0,
2026-09-04T01,110,0,198.0,198.0,198.0,198.0,,,,0,
2026-09-04T01,111,0,2590.0,2590.0,2590.0,2590.0,,,,0,
2026-09-04T01,112,0,2220.0,2220.0,2220.0,2220.0,,,,0,
2026-09-04T01,113,0,131.0,131.0,131.0,131.0,,,,0,
2026-09-04T01,114,0,640.0,640.0,640.0,640.0,,,,0,
2026-09-04T01,115,0,125.0,125.0,125.0,125.0,,,,0,
2026-09-04T01,116,0,40.0,40.0,40.0,40.0,,,,0,
2026-09-04T01,117,0,7.0,7.0,7.0,7.0,,,,0,
2026-09-04T01,118,0,0.84,0.84,0.84,0.84,,,,0,
2026-09-04T01,119,0,32.25,32.25,32.25,32.25,,,,0,
2026-09-04T01,120,0,2.45,2.45,2.45,2.45,,,,0,
2026-09-04T01,121,0,146.0,146.0,146.0,146.0,,,,0,
2026-09-04T01,122,0,127.0,127.0,127.0,127.0,,,,0,
2026-09-04T01,123,0,298.0,298.0,298.0,298.0,,,,0,
2026-09-04T01,124,0,36.25,36.25,36.25,36.25,,,,0,
2026-09-04T01,125,0,25.25,25.25,25.25,25.25,,,,0,
2026-09-04T01,126,0,55.5,55.5,55.5,55.5,,,,0,
2026-09-04T01,127,0,478.0,478.0,478.0,478.0,,,,0,
2026-09-04T01,128,0,54.5,54.5,54.5,54.5,,,,0,
2026-09-04T01,129,0,2140.0,2140.0,2140.0,2140.0,,,,0,
2026-09-04T01,130,0,2060.0,2060.0,2060.0,2060.0,,,,0,
2026-09-04T01,131,0,2400.0,2400.0,2400.0,2400.0,,,,0,
2026-09-04T01,132,0,2200.0,2200.0,2200.0,2200.0,,,,0,
2026-09-04T01,133,0,18.0,18.0,18.0,18.0,,,,0,
2026-09-04T01,134,0,48.5,48.5,48.5,48.5,,,,0,
2026-09-04T01,135,0,17.8,17.8,17.8,17.8,,,,0,
2026-09-04T01,136,0,1.37,1.37,1.37,1.37,,,,0,
2026-09-04T01,137,0,126.0,126.0,126.0,126.0,,,,0,
2026-09-04T01,138,0,1220.0,1220.0,1220.0,1220.0,,,,0,
2026-09-04T01,139,0,10.0,10.0,10.0,10.0,,,,0,
2026-09-04T01,140,0,260.0,260.0,260.0,260.0,,,,0,
2026-09-04T01,141,0,36.0,36.0,36.0,36.0,,,,0,
2026-09-04T01,142,0,780.0,780.0,780.0,780.0,,,,0,
2026-09-04T01,143,0,730.0,730.0,730.0,730.0,,,,0,
2026-09-04T01,144,0,17.7,17.7,17.7,17.7,,,,0,
2026-09-04T01,145,0,135.0,135.0,135.0,135.0,,,,0,
2026-09-04T01,146,0,6.9,6.9,6.9,6.9,,,,0,
2026-09-04T01,147,0,39.75,39.75,39.75,39.75,,,,0,
2026-09-04T01,148,0,33.25,33.25,33.25,33.25,,,,0,
2026-09-04T01,149,0,730.0,730.0,730.0,730.0,,,,0,
2026-09-04T01,150,0,382.0,382.0,382.0,382.0,,,,0,
2026-09-04T01,151,0,232.0,232.0,232.0,232.0,,,,0,
2026-09-04T01,152,0,234.0,234.0,234.0,234.0,,,,0,
2026-09-04T01,153,0,69.0,69.0,69.0,69.0,,,,0,
2026-09-04T01,154,0,72.0,72.0,72.0,72.0,,,,0,
2026-09-04T01,155,0,130.0,130.0,130.0,130.0,,,,0,
2026-09-04T04,1,0,0.26,0.26,0.26,0.26,200,634947283,634947283,0,
2026-09-04T04,2,0,0.369,0.369,0.369,0.369,200,125602894,29316388,0,
2026-09-04T04,3,0,2.4,2.4,2.4,2.4,200,3785000,991318,0,
2026-09-04T04,4,0,2.6,2.6,2.6,2.6,141,12245112,1292455,0,
2026-09-04T04,5,0,2.9,2.9,2.9,2.9,97,4809811,54068,0,
2026-09-04T04,6,0,0.685,0.685,0.685,0.685,170,75445056,5839139,0,
2026-09-04T04,7,0,39.5,39.5,39.5,39.5,89,749613,102868,0,
2026-09-04T04,8,0,10.9,10.9,10.9,10.9,58,1734296,413705,0,
2026-09-04T04,9,0,1.18,1.18,1.18,1.18,146,13330646,71790,0,
2026-09-04T04,10,0,28.5,28.5,28.5,28.5,106,5817041,543186,0,
2026-09-04T04,11,0,41.0,41.0,41.0,41.0,61,1377573,802398,0,
2026-09-04T04,12,0,41.25,41.25,41.25,41.25,63,2189134,1297565,0,
2026-09-04T04,13,0,0.363,0.363,0.363,0.363,148,467162239,105295877,0,
2026-09-04T04,14,0,10.9,10.9,10.9,10.9,72,7508791,1036350,0,
2026-09-04T04,15,0,9.7,9.7,9.7,9.7,99,8409209,36887,0,
2026-09-04T04,16,0,8.4,8.4,8.4,8.4,44,3978350,134310,0,
2026-09-04T04,17,0,14.1,14.1,14.1,14.1,107,7963366,940003,0,
2026-09-04T04,18,0,20.5,20.5,20.5,20.5,64,2566729,340341,0,
2026-09-04T04,19,0,10.9,10.9,10.9,10.9,94,7746321,224231,0,
2026-09-04T04,24,0,625.0,625.0,625.0,625.0,25,50428,25225,0,
2026-09-04T04,25,0,760.0,760.0,760.0,760.0,44,113176,28793,0,
2026-09-04T04,26,0,1170.0,1170.0,1170.0,1170.0,26,37741,1818,0,
2026-09-04T04,27,0,560.0,560.0,560.0,560.0,26,34112,5892,0,
2026-09-04T04,28,0,945.0,945.0,945.0,945.0,18,26718,2680,0,
2026-09-04T04,29,0,99.0,99.0,99.0,99.0,67,798623,142804,0,
2026-09-04T04,30,0,157.0,157.0,157.0,157.0,51,467983,282948,0,
2026-09-04T04,31,0,200.0,200.0,200.0,200.0,27,589964,430912,0,
2026-09-04T04,32,0,212.0,212.0,212.0,212.0,63,510798,129164,0,
2026-09-04T04,33,0,109.0,109.0,109.0,109.0,30,317137,55724,0,
2026-09-04T04,41,0,4.35,4.35,4.35,4.35,80,8782137,36252,0,
2026-09-04T04,42,0,4.9,4.9,4.9,4.9,79,10025849,297115,0,
2026-09-04T04,43,0,11.2,11.2,11.2,11.2,109,6353540,510612,0,
2026-09-04T04,44,0,1.28,1.28,1.28,1.28,55,30733878,12660230,0,
2026-09-04T04,45,0,15.8,15.8,15.8,15.8,46,1770266,664017,0,
2026-09-04T04,46,0,27.0,27.0,27.0,27.0,122,1810621,8820,0,
2026-09-04T04,47,0,436.0,436.0,436.0,436.0,53,131444,15111,0,
2026-09-04T04,48,0,222.0,222.0,222.0,222.0,30,237014,58960,0,
2026-09-04T04,49,0,945.0,945.0,945.0,945.0,36,58775,5078,0,
2026-09-04T04,50,0,340.0,340.0,340.0,340.0,35,150656,62460,0,
2026-09-04T04,55,0,2240.0,2240.0,2240.0,2240.0,9,3844,3049,0,
2026-09-04T04,56,0,4350.0,4350.0,4350.0,4350.0,49,20901,15125,0,
2026-09-04T04,57,0,5575.0,5575.0,5575.0,5575.0,28,8584,4757,0,
2026-09-04T04,58,0,130.0,130.0,130.0,130.0,24,793703,115877,0,
2026-09-04T04,59,0,63.5,63.5,63.5,63.5,47,2284890,495367,0,
2026-09-04T04,60,0,6.0,6.0,6.0,6.0,106,16209019,50460,0,
2026-09-04T04,61,0,19.0,19.0,19.0,19.0,68,6280968,2047642,0,
2026-09-04T04,62,0,22.0,22.0,22.0,22.0,46,1329592,86632,0,
2026-09-04T04,63,0,34.25,34.25,34.25,34.25,42,1035206,388535,0,
2026-09-04T04,64,0,47.25,47.25,47.25,47.25,40,335439,86584,0,
2026-09-04T04,65,0,13.2,13.2,13.2,13.2,67,5336991,338937,0,
2026-09-04T04,66,0,0.275,0.275,0.275,0.275,200,64493750,5006705,0,
2026-09-04T04,70,0,810.0,810.0,810.0,810.0,66,24379,16123,0,
2026-09-04T04,71,0,1560.0,1560.0,1560.0,1560.0,75,69237,23192,0,
2026-09-04T04,72,0,1.55,1.55,1.55,1.55,147,25681656,351459,0,
2026-09-04T04,73,0,26.5,26.5,26.5,26.5,192,3278593,103040,0,
2026-09-04T04,74,0,20.25,20.25,20.25,20.25,70,1995960,90324,0,
2026-09-04T04,75,0,6.2,6.2,6.2,6.2,72,27020451,1678664,0,
2026-09-04T04,76,0,57.0,57.0,57.0,57.0,92,1843901,26688,0,
2026-09-04T04,77,0,2680.0,2680.0,2680.0,2680.0,69,51489,3298,0,
2026-09-04T04,78,0,1860.0,1860.0,1860.0,1860.0,126,32682,2494,0,
2026-09-04T04,79,0,835.0,835.0,835.0,835.0,100,163094,4527,0,
2026-09-04T04,80,0,4450.0,4450.0,4450.0,4450.0,44,8482,263,0,
2026-09-04T04,81,0,5175.0,5175.0,5175.0,5175.0,57,14828,2205,0,
2026-09-04T04,82,0,1510.0,1510.0,1510.0,1510.0,56,39682,5039,0,
2026-09-04T04,83,0,30.0,30.0,30.0,30.0,76,1056880,38091,0,
2026-09-04T04,84,0,8975.0,8975.0,8975.0,8975.0,64,12516,625,0,
2026-09-04T04,85,0,7375.0,7375.0,7375.0,7375.0,51,6747,99,0,
2026-09-04T04,86,0,10000.0,10000.0,10000.0,10000.0,71,7453,419,0,
2026-09-04T04,87,0,484.0,484.0,484.0,484.0,40,33919,2887,0,
2026-09-04T04,88,0,10900.0,10900.0,10900.0,10900.0,43,2821,255,0,
2026-09-04T04,89,0,4400.0,4400.0,4400.0,4400.0,67,14980,3384,0,
2026-09-04T04,102,0,2.5,2.5,2.5,2.5,79,21552114,295802,0,
2026-09-04T04,103,0,6.4,6.4,6.4,6.4,46,7243332,188357,0,
2026-09-04T04,104,0,0.95,0.95,0.95,0.95,45,8640145,316306,0,
2026-09-04T04,105,0,1.54,1.54,1.54,1.54,46,11806150,2287097,0,
2026-09-04T04,106,0,4.05,4.05,4.05,4.05,80,8133222,20023,0,
2026-09-04T04,107,0,20.25,20.25,20.25,20.25,61,2458931,78571,0,
2026-09-04T04,108,0,10.0,10.0,10.0,10.0,57,2272706,1328304,0,
2026-09-04T04,109,0,108.0,108.0,108.0,108.0,23,333253,170621,0,
2026-09-04T04,110,0,193.0,193.0,193.0,193.0,30,289946,78579,0,
2026-09-04T04,111,0,2590.0,2590.0,2590.0,2590.0,167,139963,127561,0,
2026-09-04T04,112,0,2190.0,2190.0,2190.0,2190.0,22,12500,11719,0,
2026-09-04T04,113,0,119.0,119.0,119.0,119.0,38,653510,19552,0,
2026-09-04T04,117,0,7.0,7.0,7.0,7.0,200,3430145,374437,0,
2026-09-04T04,118,0,0.815,0.815,0.815,0.815,133,55601698,464135,0,
2026-09-04T04,119,0,31.5,31.5,31.5,31.5,146,2649186,20742,0,
2026-09-04T04,120,0,2.4,2.4,2.4,2.4,135,12883602,53255,0,
2026-09-04T04,121,0,146.0,146.0,146.0,146.0,100,444423,4338,0,
2026-09-04T04,122,0,125.0,125.0,125.0,125.0,100,514603,14705,0,
2026-09-04T04,123,0,300.0,300.0,300.0,300.0,39,113327,16287,0,
2026-09-04T04,124,0,36.0,36.0,36.0,36.0,105,2632601,84996,0,
2026-09-04T04,125,0,26.0,26.0,26.0,26.0,197,3853569,22237,0,
2026-09-04T04,126,0,57.0,57.0,57.0,57.0,59,667932,101983,0,
2026-09-04T04,127,0,476.0,476.0,476.0,476.0,23,17219,10767,0,
2026-09-04T04,128,0,53.5,53.5,53.5,53.5,58,343964,96281,0,
2026-09-04T04,129,0,2050.0,2050.0,2050.0,2050.0,61,31858,76,0,
2026-09-04T04,130,0,2050.0,2050.0,2050.0,2050.0,74,25467,1493,0,
2026-09-04T04,131,0,2400.0,2400.0,2400.0,2400.0,38,8808,1985,0,
2026-09-04T04,132,0,2230.0,2230.0,2230.0,2230.0,68,16644,272,0,
2026-09-04T04,136,0,1.25,1.25,1.25,1.25,114,5546136,64,0,
2026-09-04T04,137,0,126.0,126.0,126.0,126.0,50,231091,27452,0,
2026-09-04T04,138,0,1200.0,1200.0,1200.0,1200.0,60,19073,15,0,
2026-09-04T04,139,0,10.0,10.0,10.0,10.0,90,4177498,689938,0,
2026-09-04T04,140,0,260.0,260.0,260.0,260.0,41,42046,30743,0,
2026-09-04T04,141,0,36.5,36.5,36.5,36.5,100,1252600,37880,0,
2026-09-04T04,142,0,760.0,760.0,760.0,760.0,75,104382,967,0,
2026-09-04T04,143,0,720.0,720.0,720.0,720.0,64,134785,2773,0,
2026-09-04T04,144,0,17.7,17.7,17.7,17.7,15,194788,160932,0,
2026-09-04T04,145,0,135.0,135.0,135.0,135.0,44,1237008,864834,0,
2026-09-04T04,146,0,7.0,7.0,7.0,7.0,139,9267410,625615,0,
2026-09-04T04,147,0,39.75,39.75,39.75,39.75,36,1177872,399430,0,
2026-09-04T04,148,0,33.25,33.25,33.25,33.25,33,759115,68463,0,
2026-09-04T04,149,0,740.0,740.0,740.0,740.0,65,51139,132,0,
2026-09-04T04,150,0,346.0,346.0,346.0,346.0,154,72669,27,0,
2026-09-04T04,151,0,232.0,232.0,232.0,232.0,34,34288,1241,0,
2026-09-04T04,152,0,234.0,234.0,234.0,234.0,27,7979,227,0,
2026-09-04T04,153,0,69.0,69.0,69.0,69.0,4,3125,2302,0,
2026-09-04T04,154,0,71.0,71.0,71.0,71.0,10,5614,2588,0,
2026-09-04T04,155,0,130.0,130.0,130.0,130.0,9,10725,7287,0,
2026-09-04T06,1,0,0.255,0.255,0.255,0.255,,,,0,
2026-09-04T06,2,0,0.36,0.36,0.36,0.36,,,,0,
2026-09-04T06,3,0,2.2,2.2,2.2,2.2,,,,0,
2026-09-04T06,4,0,2.3,2.3,2.3,2.3,,,,0,
2026-09-04T06,5,0,2.8,2.8,2.8,2.8,,,,0,
2026-09-04T06,6,0,0.695,0.695,0.695,0.695,,,,0,
2026-09-04T06,7,0,39.75,39.75,39.75,39.75,,,,0,
2026-09-04T06,8,0,10.7,10.7,10.7,10.7,,,,0,
2026-09-04T06,9,0,1.2,1.2,1.2,1.2,,,,0,
2026-09-04T06,10,0,29.25,29.25,29.25,29.25,,,,0,
2026-09-04T06,11,0,41.0,41.0,41.0,41.0,,,,0,
2026-09-04T06,12,0,40.75,40.75,40.75,40.75,,,,0,
2026-09-04T06,13,0,0.369,0.369,0.369,0.369,,,,0,
2026-09-04T06,14,0,11.2,11.2,11.2,11.2,,,,0,
2026-09-04T06,15,0,10.5,10.5,10.5,10.5,,,,0,
2026-09-04T06,16,0,8.5,8.5,8.5,8.5,,,,0,
2026-09-04T06,17,0,14.2,14.2,14.2,14.2,,,,0,
2026-09-04T06,18,0,20.5,20.5,20.5,20.5,,,,0,
2026-09-04T06,19,0,10.8,10.8,10.8,10.8,,,,0,
2026-09-04T06,20,0,109.0,109.0,109.0,109.0,,,,0,
2026-09-04T06,21,0,55.0,55.0,55.0,55.0,,,,0,
2026-09-04T06,22,0,88.5,88.5,88.5,88.5,,,,0,
2026-09-04T06,23,0,127.0,127.0,127.0,127.0,,,,0,
2026-09-04T06,24,0,635.0,635.0,635.0,635.0,,,,0,
2026-09-04T06,25,0,755.0,755.0,755.0,755.0,,,,0,
2026-09-04T06,26,0,1150.0,1150.0,1150.0,1150.0,,,,0,
2026-09-04T06,27,0,560.0,560.0,560.0,560.0,,,,0,
2026-09-04T06,28,0,940.0,940.0,940.0,940.0,,,,0,
2026-09-04T06,29,0,99.5,99.5,99.5,99.5,,,,0,
2026-09-04T06,30,0,154.0,154.0,154.0,154.0,,,,0,
2026-09-04T06,31,0,200.0,200.0,200.0,200.0,,,,0,
2026-09-04T06,32,0,206.0,206.0,206.0,206.0,,,,0,
2026-09-04T06,33,0,109.0,109.0,109.0,109.0,,,,0,
2026-09-04T06,34,0,95.5,95.5,95.5,95.5,,,,0,
2026-09-04T06,35,0,87.0,87.0,87.0,87.0,,,,0,
2026-09-04T06,40,0,1.6,1.6,1.6,1.6,,,,0,
2026-09-04T06,41,0,4.5,4.5,4.5,4.5,,,,0,
2026-09-04T06,42,0,5.0,5.0,5.0,5.0,,,,0,
2026-09-04T06,43,0,11.4,11.4,11.4,11.4,,,,0,
2026-09-04T06,44,0,1.27,1.27,1.27,1.27,,,,0,
2026-09-04T06,45,0,15.8,15.8,15.8,15.8,,,,0,
2026-09-04T06,46,0,28.75,28.75,28.75,28.75,,,,0,
2026-09-04T06,47,0,442.0,442.0,442.0,442.0,,,,0,
2026-09-04T06,48,0,224.0,224.0,224.0,224.0,,,,0,
2026-09-04T06,49,0,945.0,945.0,945.0,945.0,,,,0,
2026-09-04T06,50,0,330.0,330.0,330.0,330.0,,,,0,
2026-09-04T06,51,0,785.0,785.0,785.0,785.0,,,,0,
2026-09-04T06,52,0,605.0,605.0,605.0,605.0,,,,0,
2026-09-04T06,53,0,3390.0,3390.0,3390.0,3390.0,,,,0,
2026-09-04T06,54,0,6400.0,6400.0,6400.0,6400.0,,,,0,
2026-09-04T06,55,0,2250.0,2250.0,2250.0,2250.0,,,,0,
2026-09-04T06,56,0,4340.0,4340.0,4340.0,4340.0,,,,0,
2026-09-04T06,57,0,5600.0,5600.0,5600.0,5600.0,,,,0,
2026-09-04T06,58,0,129.0,129.0,129.0,129.0,,,,0,
2026-09-04T06,59,0,65.0,65.0,65.0,65.0,,,,0,
2026-09-04T06,60,0,5.6,5.6,5.6,5.6,,,,0,
2026-09-04T06,61,0,19.6,19.6,19.6,19.6,,,,0,
2026-09-04T06,62,0,22.0,22.0,22.0,22.0,,,,0,
2026-09-04T06,63,0,33.75,33.75,33.75,33.75,,,,0,
2026-09-04T06,64,0,48.5,48.5,48.5,48.5,,,,0,
2026-09-04T06,65,0,13.1,13.1,13.1,13.1,,,,0,
2026-09-04T06,66,0,0.28,0.28,0.28,0.28,,,,0,
2026-09-04T06,67,0,12.0,12.0,12.0,12.0,,,,0,
2026-09-04T06,68,0,32.25,32.25,32.25,32.25,,,,0,
2026-09-04T06,69,0,6500.0,6500.0,6500.0,6500.0,,,,0,
2026-09-04T06,70,0,810.0,810.0,810.0,810.0,,,,0,
2026-09-04T06,71,0,1560.0,1560.0,1560.0,1560.0,,,,0,
2026-09-04T06,72,0,1.64,1.64,1.64,1.64,,,,0,
2026-09-04T06,73,0,27.0,27.0,27.0,27.0,,,,0,
2026-09-04T06,74,0,19.9,19.9,19.9,19.9,,,,0,
2026-09-04T06,75,0,6.4,6.4,6.4,6.4,,,,0,
2026-09-04T06,76,0,58.5,58.5,58.5,58.5,,,,0,
2026-09-04T06,77,0,2650.0,2650.0,2650.0,2650.0,,,,0,
2026-09-04T06,78,0,1860.0,1860.0,1860.0,1860.0,,,,0,
2026-09-04T06,79,0,845.0,845.0,845.0,845.0,,,,0,
2026-09-04T06,80,0,4440.0,4440.0,4440.0,4440.0,,,,0,
2026-09-04T06,81,0,5150.0,5150.0,5150.0,5150.0,,,,0,
2026-09-04T06,82,0,1510.0,1510.0,1510.0,1510.0,,,,0,
2026-09-04T06,83,0,31.0,31.0,31.0,31.0,,,,0,
2026-09-04T06,84,0,8975.0,8975.0,8975.0,8975.0,,,,0,
2026-09-04T06,85,0,7350.0,7350.0,7350.0,7350.0,,,,0,
2026-09-04T06,86,0,10000.0,10000.0,10000.0,10000.0,,,,0,
2026-09-04T06,87,0,484.0,484.0,484.0,484.0,,,,0,
2026-09-04T06,88,0,10800.0,10800.0,10800.0,10800.0,,,,0,
2026-09-04T06,89,0,4400.0,4400.0,4400.0,4400.0,,,,0,
2026-09-04T06,98,0,855.0,855.0,855.0,855.0,,,,0,
2026-09-04T06,100,0,111.0,111.0,111.0,111.0,,,,0,
2026-09-04T06,101,0,196.0,196.0,196.0,196.0,,,,0,
2026-09-04T06,102,0,2.65,2.65,2.65,2.65,,,,0,
2026-09-04T06,103,0,6.9,6.9,6.9,6.9,,,,0,
2026-09-04T06,104,0,0.95,0.95,0.95,0.95,,,,0,
2026-09-04T06,105,0,1.58,1.58,1.58,1.58,,,,0,
2026-09-04T06,106,0,4.25,4.25,4.25,4.25,,,,0,
2026-09-04T06,107,0,20.25,20.25,20.25,20.25,,,,0,
2026-09-04T06,108,0,9.9,9.9,9.9,9.9,,,,0,
2026-09-04T06,109,0,109.0,109.0,109.0,109.0,,,,0,
2026-09-04T06,110,0,196.0,196.0,196.0,196.0,,,,0,
2026-09-04T06,111,0,2570.0,2570.0,2570.0,2570.0,,,,0,
2026-09-04T06,112,0,2190.0,2190.0,2190.0,2190.0,,,,0,
2026-09-04T06,113,0,127.0,127.0,127.0,127.0,,,,0,
2026-09-04T06,114,0,640.0,640.0,640.0,640.0,,,,0,
2026-09-04T06,115,0,125.0,125.0,125.0,125.0,,,,0,
2026-09-04T06,116,0,39.0,39.0,39.0,39.0,,,,0,
2026-09-04T06,117,0,6.8,6.8,6.8,6.8,,,,0,
2026-09-04T06,118,0,0.78,0.78,0.78,0.78,,,,0,
2026-09-04T06,119,0,31.75,31.75,31.75,31.75,,,,0,
2026-09-04T06,120,0,2.6,2.6,2.6,2.6,,,,0,
2026-09-04T06,121,0,145.0,145.0,145.0,145.0,,,,0,
2026-09-04T06,122,0,131.0,131.0,131.0,131.0,,,,0,
2026-09-04T06,123,0,298.0,298.0,298.0,298.0,,,,0,
2026-09-04T06,124,0,35.5,35.5,35.5,35.5,,,,0,
2026-09-04T06,125,0,27.25,27.25,27.25,27.25,,,,0,
2026-09-04T06,126,0,55.0,55.0,55.0,55.0,,,,0,
2026-09-04T06,127,0,476.0,476.0,476.0,476.0,,,,0,
2026-09-04T06,128,0,54.0,54.0,54.0,54.0,,,,0,
2026-09-04T06,129,0,2040.0,2040.0,2040.0,2040.0,,,,0,
2026-09-04T06,130,0,2050.0,2050.0,2050.0,2050.0,,,,0,
2026-09-04T06,131,0,2400.0,2400.0,2400.0,2400.0,,,,0,
2026-09-04T06,132,0,2170.0,2170.0,2170.0,2170.0,,,,0,
2026-09-04T06,133,0,17.3,17.3,17.3,17.3,,,,0,
2026-09-04T06,134,0,49.0,49.0,49.0,49.0,,,,0,
2026-09-04T06,135,0,17.8,17.8,17.8,17.8,,,,0,
2026-09-04T06,136,0,1.49,1.49,1.49,1.49,,,,0,
2026-09-04T06,137,0,114.0,114.0,114.0,114.0,,,,0,
2026-09-04T06,138,0,1180.0,1180.0,1180.0,1180.0,,,,0,
2026-09-04T06,139,0,9.9,9.9,9.9,9.9,,,,0,
2026-09-04T06,140,0,252.0,252.0,252.0,252.0,,,,0,
2026-09-04T06,141,0,36.5,36.5,36.5,36.5,,,,0,
2026-09-04T06,142,0,760.0,760.0,760.0,760.0,,,,0,
2026-09-04T06,143,0,715.0,715.0,715.0,715.0,,,,0,
2026-09-04T06,144,0,17.7,17.7,17.7,17.7,,,,0,
2026-09-04T06,145,0,136.0,136.0,136.0,136.0,,,,0,
2026-09-04T06,146,0,6.8,6.8,6.8,6.8,,,,0,
2026-09-04T06,147,0,39.75,39.75,39.75,39.75,,,,0,
2026-09-04T06,148,0,33.25,33.25,33.25,33.25,,,,0,
2026-09-04T06,149,0,715.0,715.0,715.0,715.0,,,,0,
2026-09-04T06,150,0,380.0,380.0,380.0,380.0,,,,0,
2026-09-04T06,151,0,232.0,232.0,232.0,232.0,,,,0,
2026-09-04T06,152,0,234.0,234.0,234.0,234.0,,,,0,
2026-09-04T06,153,0,60.0,60.0,60.0,60.0,,,,0,
2026-09-04T06,154,0,50.0,50.0,50.0,50.0,,,,0,
2026-09-04T06,155,0,130.0,130.0,130.0,130.0,,,,0,
2026-09-04T09,1,0,0.253,0.253,0.253,0.253,200,580856004,330642763,0,
2026-09-04T09,2,0,0.369,0.369,0.369,0.369,200,132674266,27290004,0,
2026-09-04T09,3,0,2.15,2.15,2.15,2.15,200,3632667,4427,0,
2026-09-04T09,4,0,2.5,2.5,2.5,2.5,131,12019786,249337,0,
2026-09-04T09,5,0,3.05,3.05,3.05,3.05,87,4826467,2989919,0,
2026-09-04T09,6,0,0.665,0.665,0.665,0.665,169,72527559,427882,0,
2026-09-04T09,7,0,39.75,39.75,39.75,39.75,82,715351,162285,0,
2026-09-04T09,8,0,11.0,11.0,11.0,11.0,59,1722398,696486,0,
2026-09-04T09,9,0,1.16,1.16,1.16,1.16,159,13175975,77965,0,
2026-09-04T09,12,0,41.0,41.0,41.0,41.0,76,2426935,1624912,0,
2026-09-04T09,13,0,0.37,0.37,0.37,0.37,106,438798213,82123810,0,
2026-09-04T09,14,0,11.0,11.0,11.0,11.0,79,8616322,2366556,0,
2026-09-04T09,15,0,10.2,10.2,10.2,10.2,92,7845582,823246,0,
2026-09-04T09,16,0,8.4,8.4,8.4,8.4,50,5287155,633963,0,
2026-09-04T09,17,0,14.8,14.8,14.8,14.8,83,8129909,5134544,0,
2026-09-04T09,18,0,21.0,21.0,21.0,21.0,67,3201825,1281113,0,
2026-09-04T09,19,0,10.8,10.8,10.8,10.8,88,7673032,262806,0,
2026-09-04T09,20,0,107.0,107.0,107.0,107.0,86,663607,33546,0,
2026-09-04T09,21,0,58.5,58.5,58.5,58.5,48,1385834,521746,0,
2026-09-04T09,25,0,755.0,755.0,755.0,755.0,58,124424,38250,0,
2026-09-04T09,26,0,1170.0,1170.0,1170.0,1170.0,27,38405,1892,0,
2026-09-04T09,27,0,560.0,560.0,560.0,560.0,26,33001,5494,0,
2026-09-04T09,28,0,940.0,940.0,940.0,940.0,19,9278,2697,0,
2026-09-04T09,29,0,103.0,103.0,103.0,103.0,49,635679,312757,0,
2026-09-04T09,30,0,156.0,156.0,156.0,156.0,52,443507,168812,0,
2026-09-04T09,31,0,199.0,199.0,199.0,199.0,41,739328,514702,0,
2026-09-04T09,32,0,216.0,216.0,216.0,216.0,62,509765,157009,0,
2026-09-04T09,33,0,108.0,108.0,108.0,108.0,30,340435,105763,0,
2026-09-04T09,34,0,94.5,94.5,94.5,94.5,52,702297,283798,0,
2026-09-04T09,42,0,5.1,5.1,5.1,5.1,72,9298507,370067,0,
2026-09-04T09,43,0,11.4,11.4,11.4,11.4,105,6003603,598393,0,
2026-09-04T09,44,0,1.24,1.24,1.24,1.24,51,29924874,3674138,0,
2026-09-04T09,45,0,15.5,15.5,15.5,15.5,71,1952988,237465,0,
2026-09-04T09,46,0,28.0,28.0,28.0,28.0,104,1589050,191072,0,
2026-09-04T09,47,0,442.0,442.0,442.0,442.0,43,138689,64049,0,
2026-09-04T09,48,0,222.0,222.0,222.0,222.0,29,230655,46865,0,
2026-09-04T09,49,0,945.0,945.0,945.0,945.0,35,54437,5009,0,
2026-09-04T09,50,0,320.0,320.0,320.0,320.0,42,155705,7597,0,
2026-09-04T09,51,0,770.0,770.0,770.0,770.0,68,87130,22543,0,
2026-09-04T09,55,0,2250.0,2250.0,2250.0,2250.0,15,5188,4626,0,
2026-09-04T09,56,0,4380.0,4380.0,4380.0,4380.0,41,15715,10929,0,
2026-09-04T09,57,0,5575.0,5575.0,5575.0,5575.0,28,7534,3677,0,
2026-09-04T09,58,0,127.0,127.0,127.0,127.0,29,851028,118151,0,
2026-09-04T09,59,0,63.5,63.5,63.5,63.5,43,2249057,518181,0,
2026-09-04T09,60,0,5.7,5.7,5.7,5.7,102,16156048,37918,0,
2026-09-04T09,61,0,19.7,19.7,19.7,19.7,51,6276973,4682245,0,
2026-09-04T09,62,0,22.5,22.5,22.5,22.5,47,1282659,226371,0,
2026-09-04T09,63,0,33.75,33.75,33.75,33.75,41,1109147,207898,0,
2026-09-04T09,64,0,47.5,47.5,47.5,47.5,40,470729,138644,0,
2026-09-04T09,68,0,30.75,30.75,30.75,30.75,80,2695204,9676,0,
2026-09-04T09,69,0,6450.0,6450.0,6450.0,6450.0,127,29313,7269,0,
2026-09-04T09,70,0,810.0,810.0,810.0,810.0,73,24578,16323,0,
2026-09-04T09,71,0,1560.0,1560.0,1560.0,1560.0,72,70110,23325,0,
2026-09-04T09,72,0,1.67,1.67,1.67,1.67,134,24530772,1271291,0,
2026-09-04T09,73,0,26.75,26.75,26.75,26.75,185,3295385,331252,0,
2026-09-04T09,74,0,19.8,19.8,19.8,19.8,74,1921178,58283,0,
2026-09-04T09,75,0,6.2,6.2,6.2,6.2,80,28315983,1954395,0,
2026-09-04T09,76,0,60.5,60.5,60.5,60.5,62,1849971,251625,0,
2026-09-04T09,77,0,2650.0,2650.0,2650.0,2650.0,85,55223,1877,0,
2026-09-04T09,81,0,5175.0,5175.0,5175.0,5175.0,49,14478,2181,0,
2026-09-04T09,82,0,1510.0,1510.0,1510.0,1510.0,51,38150,7984,0,
2026-09-04T09,83,0,30.5,30.5,30.5,30.5,78,1243470,87445,0,
2026-09-04T09,84,0,8950.0,8950.0,8950.0,8950.0,62,13439,1580,0,
2026-09-04T09,85,0,7375.0,7375.0,7375.0,7375.0,49,6670,93,0,
2026-09-04T09,86,0,10000.0,10000.0,10000.0,10000.0,75,6586,531,0,
2026-09-04T09,87,0,486.0,486.0,486.0,486.0,38,31282,2837,0,
2026-09-04T09,88,0,10700.0,10700.0,10700.0,10700.0,47,3095,212,0,
2026-09-04T09,89,0,4410.0,4410.0,4410.0,4410.0,54,13511,1700,0,
2026-09-04T09,98,0,850.0,850.0,850.0,850.0,48,52540,17951,0,
2026-09-04T09,103,0,6.7,6.7,6.7,6.7,37,6723076,491794,0,
2026-09-04T09,104,0,0.98,0.98,0.98,0.98,35,8065646,2523051,0,
2026-09-04T09,105,0,1.54,1.54,1.54,1.54,37,9702529,1670729,0,
2026-09-04T09,106,0,4.2,4.2,4.2,4.2,73,7250908,14275,0,
2026-09-04T09,107,0,20.5,20.5,20.5,20.5,63,2499957,136261,0,
2026-09-04T09,108,0,10.0,10.0,10.0,10.0,65,2762431,1818029,0,
2026-09-04T09,109,0,111.0,111.0,111.0,111.0,21,321073,234714,0,
2026-09-04T09,110,0,198.0,198.0,198.0,198.0,23,292097,100830,0,
2026-09-04T09,111,0,2590.0,2590.0,2590.0,2590.0,160,127712,115313,0,
2026-09-04T09,112,0,2180.0,2180.0,2180.0,2180.0,26,12529,11678,0,
2026-09-04T09,116,0,39.25,39.25,39.25,39.25,140,661743,138300,0,
2026-09-04T09,117,0,6.9,6.9,6.9,6.9,200,3356893,321817,0,
2026-09-04T09,118,0,0.765,0.765,0.765,0.765,146,55228485,410874,0,
2026-09-04T09,119,0,31.25,31.25,31.25,31.25,161,2726954,30075,0,
2026-09-04T09,120,0,2.7,2.7,2.7,2.7,109,12934732,148908,0,
2026-09-04T09,121,0,150.0,150.0,150.0,150.0,96,448549,2727,0,
2026-09-04T09,122,0,131.0,131.0,131.0,131.0,75,470957,145752,0,
2026-09-04T09,123,0,300.0,300.0,300.0,300.0,41,110898,23791,0,
2026-09-04T09,124,0,34.75,34.75,34.75,34.75,117,2336201,44150,0,
2026-09-04T09,125,0,27.0,27.0,27.0,27.0,191,3859642,149189,0,
2026-09-04T09,129,0,2030.0,2030.0,2030.0,2030.0,68,32249,92,0,
2026-09-04T09,130,0,2000.0,2000.0,2000.0,2000.0,76,24883,390,0,
2026-09-04T09,131,0,2400.0,2400.0,2400.0,2400.0,36,7378,1985,0,
2026-09-04T09,132,0,2140.0,2140.0,2140.0,2140.0,77,17846,330,0,
2026-09-04T09,133,0,17.7,17.7,17.7,17.7,103,2403463,70261,0,
2026-09-04T09,134,0,49.0,49.0,49.0,49.0,85,703634,40523,0,
2026-09-04T09,135,0,17.9,17.9,17.9,17.9,147,3763049,577844,0,
2026-09-04T09,136,0,1.47,1.47,1.47,1.47,101,4593523,74203,0,
2026-09-04T09,137,0,125.0,125.0,125.0,125.0,45,214870,26727,0,
2026-09-04T09,138,0,1180.0,1180.0,1180.0,1180.0,59,19104,44,0,
2026-09-04T09,142,0,755.0,755.0,755.0,755.0,86,107825,402,0,
2026-09-04T09,143,0,715.0,715.0,715.0,715.0,74,136596,2648,0,
2026-09-04T09,144,0,17.4,17.4,17.4,17.4,18,209206,131219,0,
2026-09-04T09,145,0,135.0,135.0,135.0,135.0,42,1211182,874849,0,
2026-09-04T09,146,0,6.7,6.7,6.7,6.7,135,9104578,84864,0,
2026-09-04T09,147,0,39.75,39.75,39.75,39.75,34,1186025,407677,0,
2026-09-04T09,148,0,33.25,33.25,33.25,33.25,31,765246,70599,0,
2026-09-04T09,149,0,715.0,715.0,715.0,715.0,68,50185,138,0,
2026-09-04T09,150,0,380.0,380.0,380.0,380.0,148,63843,1411,0,
2026-09-04T09,151,0,232.0,232.0,232.0,232.0,34,34414,1367,0,
2026-09-04T09,155,0,130.0,130.0,130.0,130.0,10,11432,7653,0,
2026-09-04T11,1,0,0.255,0.255,0.255,0.255,,,,0,
2026-09-04T11,2,0,0.361,0.361,0.361,0.361,,,,0,
2026-09-04T11,3,0,2.25,2.25,2.25,2.25,,,,0,
2026-09-04T11,4,0,2.2,2.2,2.2,2.2,,,,0,
2026-09-04T11,5,0,2.85,2.85,2.85,2.85,,,,0,
2026-09-04T11,6,0,0.665,0.665,0.665,0.665,,,,0,
2026-09-04T11,7,0,41.0,41.0,41.0,41.0,,,,0,
2026-09-04T11,8,0,11.1,11.1,11.1,11.1,,,,0,
2026-09-04T11,9,0,1.18,1.18,1.18,1.18,,,,0,
2026-09-04T11,10,0,29.0,29.0,29.0,29.0,,,,0,
2026-09-04T11,11,0,41.75,41.75,41.75,41.75,,,,0,
2026-09-04T11,12,0,39.5,39.5,39.5,39.5,,,,0,
2026-09-04T11,13,0,0.36,0.36,0.36,0.36,,,,0,
2026-09-04T11,14,0,10.8,10.8,10.8,10.8,,,,0,
2026-09-04T11,15,0,10.4,10.4,10.4,10.4,,,,0,
2026-09-04T11,16,0,8.5,8.5,8.5,8.5,,,,0,
2026-09-04T11,17,0,14.6,14.6,14.6,14.6,,,,0,
2026-09-04T11,18,0,20.25,20.25,20.25,20.25,,,,0,
2026-09-04T11,19,0,11.2,11.2,11.2,11.2,,,,0,
2026-09-04T11,20,0,109.0,109.0,109.0,109.0,,,,0,
2026-09-04T11,21,0,56.5,56.5,56.5,56.5,,,,0,
2026-09-04T11,22,0,88.5,88.5,88.5,88.5,,,,0,
2026-09-04T11,23,0,129.0,129.0,129.0,129.0,,,,0,
2026-09-04T11,24,0,635.0,635.0,635.0,635.0,,,,0,
2026-09-04T11,25,0,755.0,755.0,755.0,755.0,,,,0,
2026-09-04T11,26,0,1200.0,1200.0,1200.0,1200.0,,,,0,
2026-09-04T11,27,0,555.0,555.0,555.0,555.0,,,,0,
2026-09-04T11,28,0,940.0,940.0,940.0,940.0,,,,0,
2026-09-04T11,29,0,102.0,102.0,102.0,102.0,,,,0,
2026-09-04T11,30,0,155.0,155.0,155.0,155.0,,,,0,
2026-09-04T11,31,0,200.0,200.0,200.0,200.0,,,,0,
2026-09-04T11,32,0,210.0,210.0,210.0,210.0,,,,0,
2026-09-04T11,33,0,103.0,103.0,103.0,103.0,,,,0,
2026-09-04T11,34,0,91.0,91.0,91.0,91.0,,,,0,
2026-09-04T11,35,0,82.5,82.5,82.5,82.5,,,,0,
2026-09-04T11,40,0,1.48,1.48,1.48,1.48,,,,0,
2026-09-04T11,41,0,4.5,4.5,4.5,4.5,,,,0,
2026-09-04T11,42,0,4.95,4.95,4.95,4.95,,,,0,
2026-09-04T11,43,0,11.4,11.4,11.4,11.4,,,,0,
2026-09-04T11,44,0,1.22,1.22,1.22,1.22,,,,0,
2026-09-04T11,45,0,15.1,15.1,15.1,15.1,,,,0,
2026-09-04T11,46,0,27.5,27.5,27.5,27.5,,,,0,
2026-09-04T11,47,0,440.0,440.0,440.0,440.0,,,,0,
2026-09-04T11,48,0,222.0,222.0,222.0,222.0,,,,0,
2026-09-04T11,49,0,950.0,950.0,950.0,950.0,,,,0,
2026-09-04T11,50,0,316.0,316.0,316.0,316.0,,,,0,
2026-09-04T11,51,0,780.0,780.0,780.0,780.0,,,,0,
2026-09-04T11,52,0,615.0,615.0,615.0,615.0,,,,0,
2026-09-04T11,53,0,3400.0,3400.0,3400.0,3400.0,,,,0,
2026-09-04T11,54,0,6275.0,6275.0,6275.0,6275.0,,,,0,
2026-09-04T11,55,0,2220.0,2220.0,2220.0,2220.0,,,,0,
2026-09-04T11,56,0,4400.0,4400.0,4400.0,4400.0,,,,0,
2026-09-04T11,57,0,5575.0,5575.0,5575.0,5575.0,,,,0,
2026-09-04T11,58,0,128.0,128.0,128.0,128.0,,,,0,
2026-09-04T11,59,0,64.0,64.0,64.0,64.0,,,,0,
2026-09-04T11,60,0,5.8,5.8,5.8,5.8,,,,0,
2026-09-04T11,61,0,19.7,19.7,19.7,19.7,,,,0,
2026-09-04T11,62,0,22.25,22.25,22.25,22.25,,,,0,
2026-09-04T11,63,0,33.0,33.0,33.0,33.0,,,,0,
2026-09-04T11,64,0,46.25,46.25,46.25,46.25,,,,0,
2026-09-04T11,65,0,13.0,13.0,13.0,13.0,,,,0,
2026-09-04T11,66,0,0.276,0.276,0.276,0.276,,,,0,
2026-09-04T11,67,0,11.9,11.9,11.9,11.9,,,,0,
2026-09-04T11,68,0,32.5,32.5,32.5,32.5,,,,0,
2026-09-04T11,69,0,6425.0,6425.0,6425.0,6425.0,,,,0,
2026-09-04T11,70,0,805.0,805.0,805.0,805.0,,,,0,
2026-09-04T11,71,0,1560.0,1560.0,1560.0,1560.0,,,,0,
2026-09-04T11,72,0,1.69,1.69,1.69,1.69,,,,0,
2026-09-04T11,73,0,26.0,26.0,26.0,26.0,,,,0,
2026-09-04T11,74,0,20.0,20.0,20.0,20.0,,,,0,
2026-09-04T11,75,0,6.1,6.1,6.1,6.1,,,,0,
2026-09-04T11,76,0,57.0,57.0,57.0,57.0,,,,0,
2026-09-04T11,77,0,2630.0,2630.0,2630.0,2630.0,,,,0,
2026-09-04T11,78,0,1860.0,1860.0,1860.0,1860.0,,,,0,
2026-09-04T11,79,0,860.0,860.0,860.0,860.0,,,,0,
2026-09-04T11,80,0,4460.0,4460.0,4460.0,4460.0,,,,0,
2026-09-04T11,81,0,5175.0,5175.0,5175.0,5175.0,,,,0,
2026-09-04T11,82,0,1510.0,1510.0,1510.0,1510.0,,,,0,
2026-09-04T11,83,0,30.5,30.5,30.5,30.5,,,,0,
2026-09-04T11,84,0,8925.0,8925.0,8925.0,8925.0,,,,0,
2026-09-04T11,85,0,7375.0,7375.0,7375.0,7375.0,,,,0,
2026-09-04T11,86,0,10100.0,10100.0,10100.0,10100.0,,,,0,
2026-09-04T11,87,0,486.0,486.0,486.0,486.0,,,,0,
2026-09-04T11,88,0,10400.0,10400.0,10400.0,10400.0,,,,0,
2026-09-04T11,89,0,4350.0,4350.0,4350.0,4350.0,,,,0,
2026-09-04T11,98,0,860.0,860.0,860.0,860.0,,,,0,
2026-09-04T11,100,0,111.0,111.0,111.0,111.0,,,,0,
2026-09-04T11,101,0,197.0,197.0,197.0,197.0,,,,0,
2026-09-04T11,102,0,2.5,2.5,2.5,2.5,,,,0,
2026-09-04T11,103,0,6.9,6.9,6.9,6.9,,,,0,
2026-09-04T11,104,0,0.99,0.99,0.99,0.99,,,,0,
2026-09-04T11,105,0,1.57,1.57,1.57,1.57,,,,0,
2026-09-04T11,106,0,4.3,4.3,4.3,4.3,,,,0,
2026-09-04T11,107,0,20.75,20.75,20.75,20.75,,,,0,
2026-09-04T11,108,0,9.9,9.9,9.9,9.9,,,,0,
2026-09-04T11,109,0,109.0,109.0,109.0,109.0,,,,0,
2026-09-04T11,110,0,197.0,197.0,197.0,197.0,,,,0,
2026-09-04T11,111,0,2580.0,2580.0,2580.0,2580.0,,,,0,
2026-09-04T11,112,0,2200.0,2200.0,2200.0,2200.0,,,,0,
2026-09-04T11,113,0,124.0,124.0,124.0,124.0,,,,0,
2026-09-04T11,114,0,650.0,650.0,650.0,650.0,,,,0,
2026-09-04T11,115,0,129.0,129.0,129.0,129.0,,,,0,
2026-09-04T11,116,0,39.5,39.5,39.5,39.5,,,,0,
2026-09-04T11,117,0,6.7,6.7,6.7,6.7,,,,0,
2026-09-04T11,118,0,0.78,0.78,0.78,0.78,,,,0,
2026-09-04T11,119,0,32.0,32.0,32.0,32.0,,,,0,
2026-09-04T11,120,0,2.55,2.55,2.55,2.55,,,,0,
2026-09-04T11,121,0,150.0,150.0,150.0,150.0,,,,0,
2026-09-04T11,122,0,128.0,128.0,128.0,128.0,,,,0,
2026-09-04T11,123,0,300.0,300.0,300.0,300.0,,,,0,
2026-09-04T11,124,0,35.5,35.5,35.5,35.5,,,,0,
2026-09-04T11,125,0,26.0,26.0,26.0,26.0,,,,0,
2026-09-04T11,126,0,55.0,55.0,55.0,55.0,,,,0,
2026-09-04T11,127,0,476.0,476.0,476.0,476.0,,,,0,
2026-09-04T11,128,0,54.0,54.0,54.0,54.0,,,,0,
2026-09-04T11,129,0,2050.0,2050.0,2050.0,2050.0,,,,0,
2026-09-04T11,130,0,2000.0,2000.0,2000.0,2000.0,,,,0,
2026-09-04T11,131,0,2400.0,2400.0,2400.0,2400.0,,,,0,
2026-09-04T11,132,0,2140.0,2140.0,2140.0,2140.0,,,,0,
2026-09-04T11,133,0,18.4,18.4,18.4,18.4,,,,0,
2026-09-04T11,134,0,49.75,49.75,49.75,49.75,,,,0,
2026-09-04T11,135,0,16.9,16.9,16.9,16.9,,,,0,
2026-09-04T11,136,0,1.39,1.39,1.39,1.39,,,,0,
2026-09-04T11,137,0,123.0,123.0,123.0,123.0,,,,0,
2026-09-04T11,138,0,1160.0,1160.0,1160.0,1160.0,,,,0,
2026-09-04T11,139,0,9.9,9.9,9.9,9.9,,,,0,
2026-09-04T11,140,0,254.0,254.0,254.0,254.0,,,,0,
2026-09-04T11,141,0,35.5,35.5,35.5,35.5,,,,0,
2026-09-04T11,142,0,750.0,750.0,750.0,750.0,,,,0,
2026-09-04T11,143,0,715.0,715.0,715.0,715.0,,,,0,
2026-09-04T11,144,0,17.4,17.4,17.4,17.4,,,,0,
2026-09-04T11,145,0,136.0,136.0,136.0,136.0,,,,0,
2026-09-04T11,146,0,6.7,6.7,6.7,6.7,,,,0,
2026-09-04T11,147,0,39.5,39.5,39.5,39.5,,,,0,
2026-09-04T11,148,0,33.25,33.25,33.25,33.25,,,,0,
2026-09-04T11,149,0,715.0,715.0,715.0,715.0,,,,0,
2026-09-04T11,150,0,374.0,374.0,374.0,374.0,,,,0,
2026-09-04T11,151,0,388.0,388.0,388.0,388.0,,,,0,
2026-09-04T11,152,0,234.0,234.0,234.0,234.0,,,,0,
2026-09-04T11,153,0,105.0,105.0,105.0,105.0,,,,0,
2026-09-04T11,154,0,78.5,78.5,78.5,78.5,,,,0,
2026-09-04T11,155,0,132.0,132.0,132.0,132.0,,,,0,
2026-09-04T12,1,0,0.26,0.26,0.25,0.258,200,584385637,584385637,9374548,
2026-09-04T12,2,0,0.366,0.366,0.358,0.365,200,129792037,28407972,3125756,
2026-09-04T12,3,0,1.98,2.5,1.98,2.15,200,3640436,8352,100,
2026-09-04T12,4,0,2.4,2.55,2.4,2.5,134,12908855,146874,5229,
2026-09-04T12,5,0,2.65,3.1,2.6,3.0,80,4434357,1955308,36011,
2026-09-04T12,6,0,0.7,0.7,0.66,0.665,160,66634269,156818,13035,
2026-09-04T12,7,0,39.75,39.75,39.5,39.75,85,638072,92862,0,
2026-09-04T12,8,0,11.2,11.3,10.9,11.0,56,1739906,711716,10628,
2026-09-04T12,9,0,1.2,1.22,1.18,1.19,157,14030328,381195,42746,
2026-09-04T12,10,0,28.5,29.0,28.25,29.0,113,5926497,1156526,46894,
2026-09-04T12,11,0,41.5,41.5,41.25,41.25,51,1254059,691560,0,
2026-09-04T12,12,0,40.75,40.75,40.25,40.25,88,2707410,1560234,2761,
2026-09-04T12,13,0,0.362,0.366,0.36,0.36,126,571596552,182405695,1807175,
2026-09-04T12,14,0,10.5,11.1,10.5,11.1,77,8017859,2053967,14019,
2026-09-04T12,15,0,10.3,10.4,10.2,10.2,81,7627803,548719,0,
2026-09-04T12,16,0,8.5,8.5,8.3,8.4,65,6136029,620513,34888,
2026-09-04T12,17,0,14.4,14.4,14.3,14.3,98,8774454,2655548,15819,
2026-09-04T12,18,0,20.5,21.0,20.0,20.0,71,3269953,94547,12446,
2026-09-04T12,19,0,11.2,11.2,11.1,11.1,82,7616042,121923,16870,
2026-09-04T12,20,0,108.0,110.0,108.0,109.0,87,703488,43539,15063,
2026-09-04T12,21,0,57.5,58.5,57.5,58.5,49,1438158,399446,76555,
2026-09-04T12,22,0,87.5,89.0,87.0,88.0,39,377202,192696,40296,
2026-09-04T12,23,0,128.0,129.0,128.0,129.0,38,299085,113901,12664,
2026-09-04T12,24,0,615.0,615.0,600.0,610.0,34,52068,3987,2,
2026-09-04T12,25,0,750.0,750.0,740.0,750.0,53,121059,20157,289,
2026-09-04T12,26,0,1200.0,1200.0,1190.0,1190.0,25,36997,5014,508,
2026-09-04T12,27,0,560.0,560.0,560.0,560.0,30,32690,5166,0,
2026-09-04T12,28,0,940.0,945.0,940.0,940.0,21,12367,3743,0,
2026-09-04T12,29,0,101.0,105.0,101.0,103.0,44,572956,249348,110,
2026-09-04T12,30,0,151.0,153.0,149.0,153.0,55,445511,120131,0,
2026-09-04T12,31,0,200.0,200.0,200.0,200.0,38,730355,564553,1021,
2026-09-04T12,32,0,218.0,218.0,214.0,216.0,60,503423,130666,0,
2026-09-04T12,33,0,107.0,108.0,105.0,108.0,30,351034,106362,690,
2026-09-04T12,34,0,89.0,89.5,89.0,89.5,72,957617,109137,270,
2026-09-04T12,35,0,82.5,83.5,82.0,82.5,37,1341584,283495,0,
2026-09-04T12,40,0,1.51,1.56,1.49,1.55,183,28202888,432109,1631,
2026-09-04T12,41,0,4.85,4.85,4.75,4.8,60,8298080,1370301,51655,
2026-09-04T12,42,0,5.1,5.1,4.9,4.95,80,9986784,32902,34965,
2026-09-04T12,43,0,11.4,11.7,11.2,11.5,100,5878548,851408,46704,
2026-09-04T12,44,0,1.25,1.25,1.24,1.25,58,29730542,6374444,481256,
2026-09-04T12,45,0,15.1,15.7,15.1,15.3,71,1913662,98909,7242,
2026-09-04T12,46,0,27.25,28.0,27.0,27.75,118,1647110,151978,1746,
2026-09-04T12,47,0,440.0,440.0,440.0,440.0,50,140858,64880,5698,
2026-09-04T12,48,0,222.0,222.0,220.0,222.0,29,229348,5987,2007,
2026-09-04T12,49,0,950.0,950.0,950.0,950.0,34,52364,5167,278,
2026-09-04T12,50,0,320.0,320.0,318.0,320.0,44,152700,8461,2900,
2026-09-04T12,51,0,775.0,775.0,770.0,775.0,69,86489,19011,1000,
2026-09-04T12,52,0,610.0,610.0,600.0,605.0,42,58347,24735,0,
2026-09-04T12,53,0,3420.0,3420.0,3410.0,3410.0,28,11640,5151,0,
2026-09-04T12,54,0,6450.0,6475.0,6450.0,6450.0,16,12823,998,0,
2026-09-04T12,55,0,2260.0,2270.0,2260.0,2260.0,15,5119,4658,0,
2026-09-04T12,56,0,4420.0,4420.0,4410.0,4410.0,35,15270,10484,2,
2026-09-04T12,57,0,5600.0,5600.0,5575.0,5575.0,28,12881,9014,249,
2026-09-04T12,58,0,126.0,126.0,126.0,126.0,30,863801,127652,0,
2026-09-04T12,59,0,64.0,64.0,64.0,64.0,45,2420712,1230432,10,
2026-09-04T12,60,0,5.5,5.9,5.5,5.7,113,16440107,42846,745,
2026-09-04T12,61,0,19.5,19.5,19.3,19.3,56,6303917,4240799,10,
2026-09-04T12,62,0,22.5,22.5,22.5,22.5,49,1495073,453660,1,
2026-09-04T12,63,0,32.5,32.5,32.5,32.5,46,1256654,183108,201,
2026-09-04T12,64,0,47.0,47.0,47.0,47.0,44,508080,146175,1,
2026-09-04T12,65,0,13.1,13.1,13.1,13.1,67,4828128,490651,16600,
2026-09-04T12,66,0,0.268,0.28,0.252,0.278,200,70697170,9105427,750909,
2026-09-04T12,67,0,11.8,11.8,11.8,11.8,41,587861,165182,0,
2026-09-04T12,68,0,31.25,32.5,31.25,32.5,72,2622237,415971,10000,
2026-09-04T12,69,0,6200.0,6250.0,6200.0,6250.0,153,31832,419,272,
2026-09-04T12,70,0,800.0,800.0,800.0,800.0,68,29847,15916,11,
2026-09-04T12,71,0,1570.0,1570.0,1570.0,1570.0,71,72261,31672,10,
2026-09-04T12,72,0,1.63,1.68,1.63,1.66,136,24240174,1520546,7630,
2026-09-04T12,73,0,26.5,26.75,26.0,26.0,200,3200533,77491,14852,
2026-09-04T12,74,0,20.25,20.25,19.8,20.0,71,2194238,77870,6740,
2026-09-04T12,75,0,6.3,6.4,6.3,6.3,77,30142879,4311772,12860,
2026-09-04T12,76,0,59.0,59.0,58.0,59.0,78,2176772,84688,300,
2026-09-04T12,77,0,2610.0,2610.0,2610.0,2610.0,91,54838,2639,987,
2026-09-04T12,78,0,1860.0,1860.0,1860.0,1860.0,127,33453,2805,0,
2026-09-04T12,79,0,870.0,870.0,855.0,860.0,97,171113,31764,2131,
2026-09-04T12,80,0,4460.0,4460.0,4460.0,4460.0,40,8548,166,40,
2026-09-04T12,81,0,5175.0,5175.0,5175.0,5175.0,49,14828,2190,99,
2026-09-04T12,82,0,1510.0,1510.0,1510.0,1510.0,51,37761,7839,116,
2026-09-04T12,83,0,30.5,30.5,29.75,29.75,86,1246613,15929,2500,
2026-09-04T12,84,0,8900.0,8925.0,8900.0,8900.0,52,12368,1156,18,
2026-09-04T12,85,0,7375.0,7375.0,7375.0,7375.0,50,6614,91,0,
2026-09-04T12,86,0,10100.0,10100.0,10100.0,10100.0,67,6090,1165,0,
2026-09-04T12,87,0,484.0,484.0,484.0,484.0,40,31149,2841,50,
2026-09-04T12,88,0,10600.0,10600.0,10600.0,10600.0,52,2913,302,40,
2026-09-04T12,89,0,4350.0,4350.0,4350.0,4350.0,56,13628,1485,12,
2026-09-04T12,98,0,855.0,855.0,855.0,855.0,42,45781,16473,1,
2026-09-04T12,100,0,111.0,111.0,111.0,111.0,23,1201942,944341,35302,
2026-09-04T12,101,0,199.0,199.0,197.0,199.0,92,424616,357776,2732,
2026-09-04T12,102,0,2.65,2.75,2.65,2.75,73,20023587,4159339,169770,
2026-09-04T12,103,0,6.7,7.0,6.7,6.8,31,6205737,277577,40227,
2026-09-04T12,104,0,0.975,0.99,0.97,0.98,24,6664358,2513801,79696,
2026-09-04T12,105,0,1.56,1.56,1.56,1.56,39,10025213,2011731,42699,
2026-09-04T12,106,0,4.0,4.0,3.8,3.9,78,7015034,29583,7049,
2026-09-04T12,107,0,19.9,21.0,19.9,21.0,56,2465854,301218,430,
2026-09-04T12,108,0,9.9,10.1,9.9,10.0,62,2485966,1543564,13184,
2026-09-04T12,109,0,111.0,111.0,110.0,111.0,18,290888,204529,640,
2026-09-04T12,110,0,195.0,195.0,194.0,194.0,30,350721,139354,640,
2026-09-04T12,111,0,2600.0,2600.0,2560.0,2570.0,163,126170,80146,332,
2026-09-04T12,112,0,2180.0,2190.0,2180.0,2180.0,30,13060,12209,32,
2026-09-04T12,113,0,127.0,127.0,124.0,125.0,37,609650,29484,140,
2026-09-04T12,114,0,645.0,655.0,645.0,655.0,110,221230,4182,156,
2026-09-04T12,115,0,126.0,130.0,126.0,129.0,200,514714,88864,5014,
2026-09-04T12,116,0,39.0,39.25,38.75,39.0,147,692649,125930,0,
2026-09-04T12,117,0,6.8,7.0,6.6,6.8,200,3278756,44639,12010,
2026-09-04T12,118,0,0.78,0.78,0.775,0.775,141,54773802,476183,0,
2026-09-04T12,119,0,30.75,32.25,30.75,32.0,159,2658834,50688,357,
2026-09-04T12,120,0,2.7,2.85,2.65,2.65,95,11518165,41426,71054,
2026-09-04T12,121,0,150.0,150.0,149.0,150.0,95,478919,3282,51,
2026-09-04T12,122,0,128.0,128.0,126.0,127.0,87,515402,22991,944,
2026-09-04T12,123,0,298.0,298.0,296.0,296.0,52,161900,24990,287,
2026-09-04T12,124,0,36.5,36.75,36.0,36.0,114,2441452,93826,0,
2026-09-04T12,125,0,25.75,26.25,25.0,26.0,200,3069871,21310,0,
2026-09-04T12,126,0,54.5,56.0,54.5,55.5,67,562649,50609,0,
2026-09-04T12,127,0,476.0,476.0,476.0,476.0,25,21884,15432,5,
2026-09-04T12,128,0,53.5,53.5,53.5,53.5,53,340254,96117,0,
2026-09-04T12,129,0,2130.0,2130.0,2130.0,2130.0,63,32532,310,0,
2026-09-04T12,130,0,2040.0,2040.0,2040.0,2040.0,81,25724,1261,0,
2026-09-04T12,131,0,2390.0,2390.0,2380.0,2380.0,39,7425,2026,0,
2026-09-04T12,132,0,2130.0,2130.0,2130.0,2130.0,77,17888,184,0,
2026-09-04T12,133,0,17.8,18.1,17.5,17.8,102,2034908,53262,256624,
2026-09-04T12,134,0,49.5,49.75,49.5,49.75,83,724982,89332,6916,
2026-09-04T12,135,0,17.6,17.7,17.3,17.4,153,3691351,264420,3363,
2026-09-04T12,136,0,1.51,1.51,1.5,1.5,99,7352657,133310,100,
2026-09-04T12,137,0,125.0,126.0,120.0,120.0,49,223375,11626,306,
2026-09-04T12,138,0,1170.0,1280.0,1170.0,1280.0,55,19092,724,47,
2026-09-04T12,139,0,10.0,10.1,10.0,10.0,89,4002194,629937,23614,
2026-09-04T12,140,0,258.0,262.0,258.0,258.0,37,35862,22233,6,
2026-09-04T12,141,0,35.25,35.25,35.0,35.0,104,1229357,22654,66685,
2026-09-04T12,142,0,760.0,760.0,760.0,760.0,89,107382,1108,359,
2026-09-04T12,143,0,705.0,720.0,705.0,720.0,79,135160,4094,5790,
2026-09-04T12,144,0,17.4,17.4,17.4,17.4,18,209206,131219,0,
2026-09-04T12,145,0,135.0,136.0,132.0,136.0,41,1167016,1042628,110,
2026-09-04T12,146,0,6.5,6.6,6.1,6.1,160,10831563,29758,0,
2026-09-04T12,147,0,39.5,39.5,39.25,39.25,37,1190794,412446,0,
2026-09-04T12,148,0,33.25,33.25,33.25,33.25,31,760886,70599,0,
2026-09-04T12,149,0,725.0,780.0,725.0,780.0,63,49457,205,65,
2026-09-04T12,150,0,368.0,368.0,368.0,368.0,167,69295,1398,0,
2026-09-04T12,151,0,386.0,386.0,384.0,384.0,31,33276,5404,0,
2026-09-04T12,152,0,234.0,234.0,234.0,234.0,28,8156,225,0,
2026-09-04T12,153,0,87.5,87.5,80.0,80.0,3,8079,3225,63,
2026-09-04T12,154,0,84.5,84.5,84.5,84.5,4,25,16,0,
2026-09-04T12,155,0,131.0,131.0,131.0,131.0,9,10363,6622,0,
2026-09-04T13,1,0,0.255,0.263,0.253,0.256,170,105231681,39192257,0,
2026-09-04T13,1,1,0.26,0.264,0.26,0.26,27,15817554,15808490,1840506,
2026-09-04T13,1,2,0.264,0.264,0.26,0.264,54,150160600,139143477,167705,
2026-09-04T13,1,3,0.264,0.265,0.264,0.265,34,215000125,155296166,0,
2026-09-04T13,1,4,0.265,0.265,0.264,0.265,52,263702465,179234998,1456433,
2026-09-04T13,1,5,0.266,0.266,0.265,0.265,16,111039201,101865092,0,
2026-09-04T13,1,6,0.266,0.267,0.266,0.267,8,68130376,68130376,0,
2026-09-04T13,1,7,0.267,0.267,0.267,0.267,8,60983280,60983280,0,
2026-09-04T13,1,8,0.267,0.267,0.267,0.267,7,57230777,57230777,0,
2026-09-04T13,1,9,0.267,0.267,0.267,0.267,6,46526158,41476983,0,
2026-09-04T13,1,10,0.265,0.267,0.265,0.267,10,63505337,25438456,0,
2026-09-04T13,1,11,0.268,0.268,0.268,0.268,8,58774328,24748794,0,
2026-09-04T13,1,12,0.268,0.268,0.267,0.267,19,173125417,139229922,0,
2026-09-04T13,2,0,0.361,0.367,0.359,0.364,149,44145152,23487143,601020,
2026-09-04T13,2,1,0.382,0.382,0.376,0.38,15,5783331,5771074,954838,
2026-09-04T13,2,2,0.383,0.383,0.376,0.381,41,78365993,58443434,103838,
2026-09-04T13,2,3,0.413,0.413,0.409,0.409,6,11711800,11711800,11697,
2026-09-04T13,2,4,0.467,0.467,0.467,0.467,15,26513132,26513132,150051,
2026-09-04T13,2,5,0.477,0.481,0.477,0.481,13,41032036,41032036,0,
2026-09-04T13,2,6,0.484,0.484,0.484,0.484,5,11521943,11521943,0,
2026-09-04T13,2,7,0.5,0.5,0.5,0.5,3,16258915,9485835,0,
2026-09-04T13,2,8,0.525,0.525,0.525,0.525,1,6449371,6449371,0,
2026-09-04T13,2,10,0.525,0.525,0.51,0.51,6,41823746,33966246,2049,
2026-09-04T13,2,11,0.585,0.585,0.585,0.585,3,10902251,10902251,0,
2026-09-04T13,2,12,0.655,0.655,0.655,0.655,6,1126275,826275,0,
2026-09-04T13,3,0,2.3,2.4,2.1,2.25,252,2210678,92032,6593,
2026-09-04T13,3,1,2.4,2.5,2.1,2.5,22,1319730,481812,0,
2026-09-04T13,3,2,2.5,2.5,2.45,2.45,27,2966503,603991,0,
2026-09-04T13,3,3,2.95,2.95,2.95,2.95,15,2415666,42451,0,
2026-09-04T13,3,4,3.15,3.15,3.15,3.15,15,3045127,190319,0,
2026-09-04T13,3,5,3.4,3.4,3.4,3.4,6,3235498,2438681,0,
2026-09-04T13,3,6,3.45,3.45,3.45,3.45,3,3499994,2030322,0,
2026-09-04T13,3,7,4.55,4.55,4.55,4.55,2,210400,210400,0,
2026-09-04T13,3,8,5.3,5.3,5.3,5.3,1,50000,50000,0,
2026-09-04T13,3,10,5.0,5.0,5.0,5.0,3,355155,14760,0,
2026-09-04T13,3,11,6.4,6.4,6.4,6.4,3,23615,23615,0,
2026-09-04T13,3,12,7.0,7.0,7.0,7.0,1,311180,311180,0,
2026-09-04T13,4,0,2.45,2.55,2.35,2.45,81,827786,21933,1220,
2026-09-04T13,4,1,2.5,2.55,2.5,2.5,8,397841,30005,0,
2026-09-04T13,4,2,2.65,2.65,2.65,2.65,10,602016,430384,0,
2026-09-04T13,4,3,2.75,2.75,2.75,2.75,9,2868556,298578,0,
2026-09-04T13,4,4,3.0,3.0,3.0,3.0,9,4556241,868980,0,
2026-09-04T13,4,5,3.1,3.1,3.1,3.1,10,2211308,861225,0,
2026-09-04T13,4,6,3.55,3.55,3.55,3.55,3,668862,668862,0,
2026-09-04T13,4,7,3.7,3.7,3.7,3.7,3,719346,300000,0,
2026-09-04T13,4,8,4.45,4.45,4.45,4.45,3,115999,100000,0,
2026-09-04T13,5,0,2.9,2.95,2.7,2.8,62,1600143,255,0,
2026-09-04T13,5,1,3.1,3.1,3.1,3.1,5,285192,242358,0,
2026-09-04T13,5,2,3.1,3.1,3.05,3.05,6,537158,537158,0,
2026-09-04T13,5,3,3.15,3.15,3.15,3.15,4,775004,374630,0,
2026-09-04T13,5,4,3.2,3.2,3.2,3.2,7,1153819,466908,0,
2026-09-04T13,5,5,3.3,3.3,3.3,3.3,2,37200,7200,0,
2026-09-04T13,5,6,4.95,4.95,4.95,4.95,1,99999,99999,0,
2026-09-04T13,5,7,5.0,5.0,5.0,5.0,1,999,999,0,
2026-09-04T13,6,0,0.705,0.715,0.68,0.705,80,6417152,4943558,0,
2026-09-04T13,6,1,0.71,0.715,0.71,0.715,11,2149890,2148692,206336,
2026-09-04T13,6,2,0.72,0.72,0.72,0.72,10,4158462,4158462,0,
2026-09-04T13,6,3,0.745,0.745,0.745,0.745,11,5074567,5074567,0,
2026-09-04T13,6,4,0.86,0.86,0.86,0.86,9,7662617,6842117,0,
2026-09-04T13,6,5,0.98,0.98,0.98,0.98,3,9606969,9606969,0,
2026-09-04T13,6,6,1.11,1.11,1.11,1.11,10,14205055,9204215,0,
2026-09-04T13,6,7,1.17,1.17,1.17,1.17,8,3878688,1899999,0,
2026-09-04T13,6,8,1.49,1.49,1.49,1.49,4,4429519,4429519,0,
2026-09-04T13,6,9,1.7,1.7,1.7,1.7,2,2070000,1750000,0,
2026-09-04T13,6,10,1.75,1.75,1.75,1.75,2,4500000,900000,0,
2026-09-04T13,6,11,2.3,2.3,2.3,2.3,1,690000,690000,0,
2026-09-04T13,6,12,2.5,2.5,2.5,2.5,1,300000,300000,0,
2026-09-04T13,7,0,39.75,40.75,39.5,39.5,35,43735,4848,0,
2026-09-04T13,7,1,39.75,40.0,39.75,40.0,11,32819,27973,0,
2026-09-04T13,7,2,40.5,40.5,40.5,40.5,8,78629,34065,0,
2026-09-04T13,7,3,41.5,41.5,41.5,41.5,9,74799,72899,0,
2026-09-04T13,7,4,46.25,46.25,46.25,46.25,8,90308,90288,860,
2026-09-04T13,7,5,46.5,46.5,46.5,46.5,5,105776,68444,0,
2026-09-04T13,7,6,55.5,55.5,55.5,55.5,5,133148,133148,0,
2026-09-04T13,7,7,60.0,60.0,60.0,60.0,1,24046,24046,0,
2026-09-04T13,7,8,62.0,62.0,62.0,62.0,1,12795,12795,0,
2026-09-04T13,7,10,70.0,70.0,70.0,70.0,1,16545,16545,0,
2026-09-04T13,7,11,90.0,90.0,90.0,90.0,2,24990,24990,0,
2026-09-04T13,8,0,11.2,11.2,8.3,11.1,34,390114,199977,200,
2026-09-04T13,8,1,11.4,11.4,11.1,11.1,6,122724,122674,0,
2026-09-04T13,8,2,11.3,11.4,11.3,11.4,6,413941,413941,0,
2026-09-04T13,8,3,11.4,11.4,11.2,11.2,8,667927,337127,2412,
2026-09-04T13,8,4,11.7,11.7,11.7,11.7,3,192000,192000,0,
2026-09-04T13,8,5,12.5,12.5,12.5,12.5,2,13990,9990,0,
2026-09-04T13,9,0,1.16,1.22,1.15,1.18,83,903146,92021,0,
2026-09-04T13,9,1,1.2,1.21,1.2,1.21,16,690987,627735,1182,
2026-09-04T13,9,2,1.23,1.23,1.23,1.23,22,2950373,392568,0,
2026-09-04T13,9,3,1.26,1.26,1.26,1.26,14,1910136,692608,0,
2026-09-04T13,9,4,1.35,1.35,1.35,1.35,10,1861591,1111591,0,
2026-09-04T13,9,5,1.37,1.37,1.37,1.37,6,832259,102821,0,
2026-09-04T13,9,7,1.77,1.77,1.77,1.77,6,4571043,500001,0,
2026-09-04T13,9,8,2.5,2.5,2.5,2.5,1,50422,50422,0,
2026-09-04T13,9,10,3.6,3.6,3.6,3.6,1,305248,305248,0,
2026-09-04T13,10,0,29.25,29.25,27.75,28.0,36,913145,90800,0,
2026-09-04T13,10,1,29.5,29.5,28.25,28.75,15,398635,397877,0,
2026-09-04T13,10,2,30.0,30.0,28.5,29.25,17,825875,227265,0,
2026-09-04T13,10,3,29.75,29.75,29.25,29.25,14,1192385,267213,0,
2026-09-04T13,10,4,30.5,30.5,30.25,30.25,12,1163958,535406,0,
2026-09-04T13,10,5,30.5,30.5,30.5,30.5,7,492450,492450,0,
2026-09-04T13,10,6,30.75,30.75,30.75,30.75,4,716365,716365,0,
2026-09-04T13,10,7,31.0,31.0,30.0,30.0,6,328655,273736,0,
2026-09-04T13,10,9,30.25,30.25,30.25,30.25,1,91992,91992,0,
2026-09-04T13,10,10,30.5,30.5,30.5,30.5,6,337746,150580,0,
2026-09-04T13,10,11,30.75,30.75,30.5,30.5,6,102959,52959,0,
2026-09-04T13,10,12,39.0,39.0,39.0,39.0,2,25999,25999,0,
2026-09-04T13,11,0,41.0,42.0,40.25,40.25,15,100092,72680,2400,
2026-09-04T13,11,1,41.75,41.75,41.5,41.5,12,43423,43423,0,
2026-09-04T13,11,2,42.0,42.0,41.0,42.0,3,80941,80939,0,
2026-09-04T13,11,3,42.25,42.25,42.0,42.25,2,36365,36365,0,
2026-09-04T13,11,4,42.5,42.75,42.5,42.75,3,284073,284073,0,
2026-09-04T13,11,5,42.75,42.75,42.75,42.75,10,634499,253916,0,
2026-09-04T13,11,6,44.0,44.0,44.0,44.0,3,15271,15271,0,
2026-09-04T13,11,8,48.0,48.0,48.0,48.0,1,10000,10000,0,
2026-09-04T13,11,11,48.0,48.0,48.0,48.0,4,43990,43990,0,
2026-09-04T13,12,0,41.0,41.25,40.75,41.25,19,790274,786905,0,
2026-09-04T13,12,1,41.0,41.25,40.75,41.25,6,81481,81431,6977,
2026-09-04T13,12,2,41.5,41.5,41.5,41.5,10,659713,95217,629,
2026-09-04T13,12,3,42.0,42.0,41.75,41.75,16,62687,46796,0,
2026-09-04T13,12,4,42.0,42.0,42.0,42.0,7,151392,140155,0,
2026-09-04T13,12,5,42.25,42.25,42.25,42.25,6,458438,458438,0,
2026-09-04T13,12,6,43.75,43.75,43.75,43.75,1,34878,34878,0,
2026-09-04T13,12,7,46.75,46.75,46.75,46.75,2,37000,37000,0,
2026-09-04T13,12,8,46.75,46.75,46.75,46.75,3,54953,54953,0,
2026-09-04T13,12,9,50.0,50.0,50.0,50.0,1,19999,19999,0,
2026-09-04T13,13,0,0.356,0.362,0.355,0.362,125,559288942,197608999,1135725,
2026-09-04T13,14,0,10.9,11.0,10.4,10.9,22,314812,298948,0,
2026-09-04T13,14,1,11.1,11.1,10.9,10.9,10,400635,293998,0,
2026-09-04T13,14,2,11.0,11.0,10.9,10.9,15,499763,259199,138020,
2026-09-04T13,14,3,11.3,11.3,11.2,11.2,12,559509,257382,2549,
2026-09-04T13,14,4,11.3,11.3,11.3,11.3,9,1057145,1043667,0,
2026-09-04T13,14,5,11.6,11.6,11.6,11.6,9,3669798,2169634,0,
2026-09-04T13,14,6,13.9,13.9,13.9,13.9,3,690000,590000,0,
2026-09-04T13,14,7,13.5,13.5,13.5,13.5,2,52728,32017,0,
2026-09-04T13,14,8,18.2,18.2,18.2,18.2,4,913305,913305,0,
2026-09-04T13,14,11,11.6,11.6,11.6,11.6,1,25219,25219,0,
2026-09-04T13,15,0,10.3,10.4,9.6,10.0,28,1790661,35416,0,
2026-09-04T13,15,1,10.3,10.4,10.3,10.3,16,313304,241890,0,
2026-09-04T13,15,2,10.5,10.5,10.4,10.4,10,884083,884083,0,
2026-09-04T13,15,3,10.7,10.7,10.4,10.4,20,2991299,713487,0,
2026-09-04T13,15,4,11.0,11.0,11.0,11.0,3,508187,508187,0,
2026-09-04T13,15,5,11.2,11.2,11.2,11.2,3,250245,182081,0,
2026-09-04T13,15,6,11.3,11.3,11.3,11.3,3,240578,240578,0,
2026-09-04T13,15,7,11.4,11.4,11.4,11.4,1,2090,2090,0,
2026-09-04T13,15,8,11.5,11.5,11.5,11.5,3,789811,789811,0,
2026-09-04T13,15,10,12.5,12.5,11.0,11.0,3,282495,82494,0,
2026-09-04T13,16,0,8.3,8.6,8.2,8.3,11,234505,199458,0,
2026-09-04T13,16,1,8.6,8.6,8.6,8.6,19,512251,482486,15268,
2026-09-04T13,16,2,8.9,8.9,8.7,8.7,10,575210,523745,54572,
2026-09-04T13,16,3,9.1,9.1,8.9,8.9,7,779884,775625,0,
2026-09-04T13,16,4,9.1,9.1,9.0,9.0,6,784371,784371,0,
2026-09-04T13,16,5,9.2,9.2,9.1,9.1,2,65278,65278,0,
2026-09-04T13,16,6,9.4,9.4,9.1,9.1,3,222105,222105,0,
2026-09-04T13,16,7,9.2,9.2,9.2,9.2,1,207420,207420,0,
2026-09-04T13,16,8,9.6,9.6,9.6,9.6,4,1020000,520000,0,
2026-09-04T13,16,11,9.4,9.4,9.4,9.4,1,145183,145183,0,
2026-09-04T13,16,12,9.4,9.4,9.4,9.4,4,2023980,2023980,0,
2026-09-04T13,17,0,14.5,14.5,14.3,14.3,19,211874,163879,0,
2026-09-04T13,17,1,14.9,14.9,14.5,14.5,10,208726,208721,0,
2026-09-04T13,17,2,14.8,14.8,14.3,14.3,16,812361,588195,3440,
2026-09-04T13,17,3,14.9,14.9,14.5,14.9,3,1459712,1459712,0,
2026-09-04T13,17,4,14.9,14.9,14.9,14.9,8,1087575,1087575,0,
2026-09-04T13,17,5,14.8,14.8,14.5,14.5,9,962908,887908,8320,
2026-09-04T13,17,6,15.0,15.0,15.0,15.0,4,461414,461414,150,
2026-09-04T13,17,7,15.2,15.2,15.2,15.2,4,523812,493812,0,
2026-09-04T13,17,8,15.8,15.8,15.8,15.8,8,1498122,382698,0,
2026-09-04T13,17,9,16.5,16.5,16.5,16.5,3,515568,118832,0,
2026-09-04T13,17,10,16.3,16.3,16.3,16.3,22,1370062,634000,0,
2026-09-04T13,17,11,22.0,22.0,22.0,22.0,1,17112,17112,0,
2026-09-04T13,18,0,20.25,21.0,20.0,20.5,11,34480,14033,0,
2026-09-04T13,18,1,20.25,21.25,20.25,21.0,7,159548,64550,0,
2026-09-04T13,18,2,21.0,21.25,20.75,20.75,5,119936,74640,0,
2026-09-04T13,18,3,21.5,21.5,21.0,21.0,11,738343,638343,0,
2026-09-04T13,18,4,21.5,21.5,21.25,21.25,16,909967,798898,2052,
2026-09-04T13,18,5,22.75,22.75,22.5,22.5,6,862911,362911,0,
2026-09-04T13,18,6,24.25,24.25,24.25,24.25,4,30253,30082,400,
2026-09-04T13,18,7,26.0,26.0,26.0,26.0,1,98360,98360,0,
2026-09-04T13,18,8,26.0,26.0,26.0,26.0,2,110076,110076,0,
2026-09-04T13,18,10,28.75,28.75,28.75,28.75,2,60001,60001,0,
2026-09-04T13,19,0,11.1,11.1,10.9,11.0,22,1417274,126856,538,
2026-09-04T13,19,1,11.7,11.7,11.6,11.6,4,182328,49218,7429,
2026-09-04T13,19,2,11.8,11.8,11.8,11.8,3,741458,741458,0,
2026-09-04T13,19,3,11.8,11.8,11.8,11.8,6,260787,260787,1350,
2026-09-04T13,19,4,12.3,12.3,12.3,12.3,7,1837947,1787947,0,
2026-09-04T13,19,5,12.3,12.3,12.3,12.3,7,525146,185721,0,
2026-09-04T13,19,6,12.6,12.6,12.4,12.4,7,440413,382937,0,
2026-09-04T13,19,7,12.4,12.4,12.4,12.4,13,916884,290439,0,
2026-09-04T13,19,8,12.5,12.5,12.5,12.5,10,991618,541618,0,
2026-09-04T13,19,9,15.3,15.3,15.3,15.3,2,96424,96424,0,
2026-09-04T13,19,10,15.3,15.3,15.3,15.3,5,356448,356448,0,
2026-09-04T13,19,11,19.9,19.9,19.9,19.9,2,50999,50999,0,
2026-09-04T13,20,0,109.0,111.0,107.0,109.0,11,111001,9556,0,
2026-09-04T13,20,1,113.0,113.0,108.0,113.0,12,42382,4869,0,
2026-09-04T13,20,2,113.0,113.0,111.0,111.0,17,102062,25033,0,
2026-09-04T13,20,3,113.0,113.0,112.0,112.0,22,202935,50200,0,
2026-09-04T13,20,4,119.0,119.0,119.0,119.0,9,78004,34529,0,
2026-09-04T13,20,5,119.0,120.0,119.0,120.0,8,97849,57297,0,
2026-09-04T13,20,6,121.0,121.0,121.0,121.0,4,22060,19060,0,
2026-09-04T13,20,7,121.0,121.0,120.0,120.0,7,32000,13476,0,
2026-09-04T13,21,0,57.5,59.0,57.5,58.0,4,2409,2409,0,
2026-09-04T13,21,1,59.0,59.0,58.5,58.5,6,5790,5759,0,
2026-09-04T13,21,2,59.0,59.0,58.0,58.0,8,97332,93332,5859,
2026-09-04T13,21,3,60.0,60.0,59.5,59.5,6,236335,231335,0,
2026-09-04T13,21,4,61.0,61.0,61.0,61.0,12,636092,545092,0,
2026-09-04T13,21,5,63.0,63.0,63.0,63.0,9,67484,47484,3250,
2026-09-04T13,21,6,64.0,64.0,64.0,64.0,3,219344,62375,150,
2026-09-04T13,21,7,66.5,66.5,66.5,66.5,3,96196,96196,0,
2026-09-04T13,21,8,68.0,68.0,68.0,68.0,2,58267,58267,0,
2026-09-04T13,22,0,86.0,89.5,86.0,89.5,5,837,835,0,
2026-09-04T13,22,1,89.0,89.0,88.0,89.0,4,2633,2633,0,
2026-09-04T13,22,2,89.5,89.5,88.0,88.0,3,1845,1845,0,
2026-09-04T13,22,3,89.0,89.0,88.5,88.5,6,77034,70561,2338,
2026-09-04T13,22,4,90.0,90.0,90.0,90.0,5,40852,40852,989,
2026-09-04T13,22,5,91.0,91.0,90.5,90.5,4,121048,121048,3250,
2026-09-04T13,22,6,92.0,92.0,92.0,92.0,2,20000,20000,0,
2026-09-04T13,22,7,91.5,91.5,91.5,91.5,3,61824,61824,0,
2026-09-04T13,22,8,95.5,95.5,95.5,95.5,4,48723,48723,0,
2026-09-04T13,22,9,97.0,97.0,97.0,97.0,4,45554,45554,0,
2026-09-04T13,22,10,98.0,98.0,98.0,98.0,1,9946,9946,0,
2026-09-04T13,22,11,108.0,108.0,108.0,108.0,1,24423,24423,0,
2026-09-04T13,23,0,129.0,129.0,126.0,127.0,9,2315,1941,0,
2026-09-04T13,23,1,135.0,135.0,135.0,135.0,1,1,1,0,
2026-09-04T13,23,2,130.0,130.0,129.0,129.0,8,53658,53658,1796,
2026-09-04T13,23,3,132.0,132.0,131.0,131.0,6,31963,25963,0,
2026-09-04T13,23,4,133.0,133.0,132.0,132.0,4,72307,20961,0,
2026-09-04T13,23,5,133.0,133.0,133.0,133.0,2,10650,10650,0,
2026-09-04T13,23,6,134.0,134.0,134.0,134.0,2,9243,9243,328,
2026-09-04T13,23,7,135.0,135.0,135.0,135.0,2,2055,2055,0,
2026-09-04T13,23,8,137.0,137.0,137.0,137.0,3,20144,10144,0,
2026-09-04T13,23,9,142.0,142.0,142.0,142.0,3,94242,94242,0,
2026-09-04T13,23,10,149.0,149.0,149.0,149.0,2,11824,11824,0,
2026-09-04T13,23,11,210.0,210.0,210.0,210.0,1,199,199,0,
2026-09-04T13,24,0,615.0,615.0,605.0,615.0,15,656,563,12,
2026-09-04T13,24,1,620.0,620.0,620.0,620.0,4,2715,2715,0,
2026-09-04T13,24,2,625.0,625.0,625.0,625.0,3,1720,1720,0,
2026-09-04T13,24,3,630.0,630.0,625.0,625.0,6,2684,2684,0,
2026-09-04T13,24,4,640.0,640.0,640.0,640.0,5,19609,19609,21,
2026-09-04T13,24,5,660.0,660.0,660.0,660.0,2,3498,1998,0,
2026-09-04T13,24,6,665.0,665.0,665.0,665.0,1,22764,22764,0,
2026-09-04T13,24,7,670.0,670.0,670.0,670.0,1,766,766,0,
2026-09-04T13,24,8,725.0,725.0,725.0,725.0,1,83,83,0,
2026-09-04T13,25,0,755.0,755.0,745.0,755.0,15,4712,3594,0,
2026-09-04T13,25,1,755.0,755.0,750.0,750.0,6,7897,7897,0,
2026-09-04T13,25,2,760.0,760.0,760.0,760.0,8,6927,6924,0,
2026-09-04T13,25,3,785.0,785.0,780.0,780.0,5,12800,12800,0,
2026-09-04T13,25,4,795.0,795.0,795.0,795.0,2,9959,9959,0,
2026-09-04T13,25,5,805.0,805.0,805.0,805.0,3,20190,20190,0,
2026-09-04T13,25,6,835.0,835.0,835.0,835.0,5,13905,13905,0,
2026-09-04T13,25,7,840.0,840.0,840.0,840.0,8,46100,46100,0,
2026-09-04T13,25,10,900.0,900.0,900.0,900.0,1,467,467,0,
2026-09-04T13,26,0,1190.0,1190.0,1170.0,1180.0,9,585,483,0,
2026-09-04T13,26,1,1200.0,1200.0,1200.0,1200.0,2,1649,1649,0,
2026-09-04T13,26,2,1230.0,1230.0,1170.0,1170.0,4,3171,275,0,
2026-09-04T13,26,3,1230.0,1230.0,1230.0,1230.0,4,10424,10424,0,
2026-09-04T13,26,4,1250.0,1250.0,1250.0,1250.0,4,1868,1868,0,
2026-09-04T13,26,5,1270.0,1270.0,1270.0,1270.0,3,17843,17843,0,
2026-09-04T13,26,6,1250.0,1250.0,1250.0,1250.0,2,2107,2107,0,
2026-09-04T13,26,7,1360.0,1360.0,1360.0,1360.0,1,1000,1000,0,
2026-09-04T13,27,0,560.0,560.0,560.0,560.0,8,565,561,0,
2026-09-04T13,27,1,585.0,585.0,585.0,585.0,1,1683,1683,0,
2026-09-04T13,27,2,575.0,575.0,575.0,575.0,3,2106,2106,0,
2026-09-04T13,27,3,580.0,580.0,580.0,580.0,7,962,962,0,
2026-09-04T13,27,4,590.0,590.0,590.0,590.0,3,6866,6866,0,
2026-09-04T13,27,5,595.0,595.0,595.0,595.0,4,9329,9329,0,
2026-09-04T13,27,6,630.0,630.0,630.0,630.0,3,9249,9249,0,
2026-09-04T13,27,7,680.0,680.0,680.0,680.0,1,640,640,0,
2026-09-04T13,28,0,935.0,955.0,930.0,955.0,3,721,721,0,
2026-09-04T13,28,1,945.0,945.0,930.0,930.0,2,827,827,0,
2026-09-04T13,28,2,935.0,935.0,935.0,935.0,1,622,622,0,
2026-09-04T13,28,3,985.0,985.0,985.0,985.0,3,2789,2789,0,
2026-09-04T13,28,4,985.0,985.0,985.0,985.0,10,6971,6571,0,
2026-09-04T13,28,6,1040.0,1040.0,1040.0,1040.0,1,500,500,0,
2026-09-04T13,28,9,1050.0,1050.0,1050.0,1050.0,1,285,285,0,
2026-09-04T13,29,0,105.0,105.0,101.0,101.0,44,523713,131300,0,
2026-09-04T13,30,0,154.0,155.0,150.0,155.0,53,436614,138141,2805,
2026-09-04T13,31,0,200.0,202.0,200.0,200.0,37,724253,558451,550,
2026-09-04T13,32,0,212.0,218.0,212.0,216.0,61,505086,132329,1934,
2026-09-04T13,33,0,108.0,108.0,106.0,108.0,31,354294,109622,0,
2026-09-04T13,34,0,89.5,89.5,88.5,89.5,72,946412,97932,0,
2026-09-04T13,35,0,82.0,83.5,82.0,82.5,40,1337647,279558,0,
2026-09-04T13,40,0,1.49,1.5,1.47,1.47,87,2487644,139519,0,
2026-09-04T13,40,1,1.51,1.51,1.51,1.51,26,4791064,32504,0,
2026-09-04T13,40,2,1.57,1.68,1.57,1.68,19,3885439,999389,254735,
2026-09-04T13,40,3,1.87,1.87,1.87,1.87,11,3687612,3632704,0,
2026-09-04T13,40,4,1.92,1.92,1.92,1.92,16,2885998,1578576,0,
2026-09-04T13,40,5,2.0,2.0,2.0,2.0,13,6959379,654642,0,
2026-09-04T13,40,6,2.15,2.15,2.15,2.15,4,1023270,819248,0,
2026-09-04T13,40,7,2.5,2.5,2.5,2.5,3,829177,829177,0,
2026-09-04T13,40,8,2.85,2.85,2.85,2.85,3,900000,600000,0,
2026-09-04T13,41,0,4.6,4.7,4.6,4.7,23,266115,107526,0,
2026-09-04T13,41,1,4.8,4.8,4.8,4.8,7,571466,570488,125,
2026-09-04T13,41,2,4.85,4.85,4.85,4.85,8,1426431,330772,0,
2026-09-04T13,41,3,5.0,5.0,5.0,5.0,10,2108902,1385721,0,
2026-09-04T13,41,4,5.1,5.1,5.1,5.1,7,1797695,1291851,0,
2026-09-04T13,41,5,5.6,5.6,5.6,5.6,4,1852126,1852126,0,
2026-09-04T13,41,8,8.3,8.3,8.3,8.3,1,85499,85499,0,
2026-09-04T13,41,9,8.9,8.9,8.9,8.9,1,159004,159004,0,
2026-09-04T13,41,10,8.9,8.9,8.9,8.9,3,101000,100000,0,
2026-09-04T13,41,11,9.9,9.9,9.9,9.9,2,23103,23103,0,
2026-09-04T13,42,0,5.0,5.2,4.9,4.95,37,2788448,19837,5569,
2026-09-04T13,42,1,5.2,5.2,5.2,5.2,6,143971,125234,0,
2026-09-04T13,42,2,5.3,5.3,5.3,5.3,10,1112933,1062639,0,
2026-09-04T13,42,3,5.2,5.2,5.2,5.2,14,762573,442586,0,
2026-09-04T13,42,4,5.4,5.4,5.4,5.4,7,1349624,692741,0,
2026-09-04T13,42,5,5.7,5.7,5.7,5.7,6,3737535,437535,0,
2026-09-04T13,42,6,6.9,6.9,6.9,6.9,1,1647,1647,0,
2026-09-04T13,42,7,6.9,6.9,6.9,6.9,1,999,999,0,
2026-09-04T13,43,0,11.6,11.7,11.4,11.4,27,323833,149860,5762,
2026-09-04T13,43,1,11.6,11.6,11.6,11.6,16,489862,94611,22502,
2026-09-04T13,43,2,11.9,11.9,11.8,11.8,12,1041872,719876,10000,
2026-09-04T13,43,3,12.0,12.0,12.0,12.0,18,1578106,1072840,0,
2026-09-04T13,43,4,12.1,12.1,12.1,12.1,11,579691,539330,0,
2026-09-04T13,43,5,13.5,13.5,13.5,13.5,4,698949,311791,0,
2026-09-04T13,43,6,14.6,14.6,14.6,14.6,6,833306,833306,180,
2026-09-04T13,43,7,17.6,17.6,17.6,17.6,2,27389,27389,0,
2026-09-04T13,43,8,18.8,18.8,18.8,18.8,3,23885,23885,0,
2026-09-04T13,44,0,1.23,1.25,1.2,1.21,17,2760657,739506,20165,
2026-09-04T13,44,1,1.28,1.28,1.28,1.28,2,944665,944665,0,
2026-09-04T13,44,2,1.27,1.27,1.27,1.27,19,5512800,3012800,0,
2026-09-04T13,44,3,1.32,1.32,1.32,1.32,3,1549710,1449710,0,
2026-09-04T13,44,4,1.33,1.33,1.32,1.32,5,11673782,3624890,0,
2026-09-04T13,44,5,1.33,1.33,1.33,1.33,7,3880550,2332931,0,
2026-09-04T13,44,6,1.35,1.35,1.35,1.35,4,2815813,340000,0,
2026-09-04T13,44,7,1.69,1.69,1.69,1.69,1,400000,400000,0,
2026-09-04T13,45,0,15.8,16.0,15.8,15.8,7,213351,213351,0,
2026-09-04T13,45,1,16.1,16.1,15.9,15.9,5,165369,40065,0,
2026-09-04T13,45,2,16.0,16.0,15.9,15.9,11,449403,323536,0,
2026-09-04T13,45,3,16.0,16.1,16.0,16.0,17,596912,189648,0,
2026-09-04T13,45,4,16.5,16.6,16.5,16.6,17,211138,165376,0,
2026-09-04T13,45,5,16.9,19.0,16.9,19.0,1,11111,11111,0,
2026-09-04T13,45,6,17.0,17.0,17.0,17.0,1,122621,122621,0,
2026-09-04T13,45,7,23.5,23.5,23.5,23.5,1,10000,10000,0,
2026-09-04T13,45,9,24.25,24.25,24.25,24.25,1,1999,1999,0,
2026-09-04T13,45,12,24.5,24.5,24.5,24.5,3,54291,54291,0,
2026-09-04T13,46,0,27.25,28.25,26.0,27.5,58,176791,21473,0,
2026-09-04T13,46,1,27.5,28.25,27.5,28.0,17,156365,133411,0,
2026-09-04T13,46,2,29.25,29.75,29.25,29.75,8,41220,41220,0,
2026-09-04T13,46,3,30.0,30.0,30.0,30.0,8,429871,380415,0,
2026-09-04T13,46,4,30.25,30.25,30.0,30.0,7,383294,47133,13002,
2026-09-04T13,46,5,30.75,30.75,30.75,30.75,10,163520,148520,0,
2026-09-04T13,46,6,34.75,34.75,34.75,34.75,4,148291,148291,0,
2026-09-04T13,46,7,35.0,35.0,34.75,34.75,8,146780,139139,0,
2026-09-04T13,47,0,440.0,440.0,438.0,438.0,13,12760,5632,0,
2026-09-04T13,47,1,444.0,444.0,444.0,444.0,7,5272,5272,0,
2026-09-04T13,47,2,454.0,454.0,440.0,440.0,8,16312,16311,0,
2026-09-04T13,47,3,454.0,454.0,454.0,454.0,10,41464,41464,110,
2026-09-04T13,47,4,472.0,472.0,472.0,472.0,3,9034,9034,0,
2026-09-04T13,47,5,496.0,496.0,496.0,496.0,2,3539,3539,0,
2026-09-04T13,47,6,498.0,498.0,498.0,498.0,6,43664,38664,0,
2026-09-04T13,47,7,525.0,525.0,525.0,525.0,1,7528,7528,0,
2026-09-04T13,47,8,530.0,530.0,530.0,530.0,2,14140,14140,0,
2026-09-04T13,47,9,900.0,900.0,900.0,900.0,1,1,1,0,
2026-09-04T13,48,0,222.0,222.0,222.0,222.0,7,2190,2040,10,
2026-09-04T13,48,1,228.0,230.0,228.0,230.0,3,2031,2031,798,
2026-09-04T13,48,3,234.0,234.0,234.0,234.0,2,5760,5760,0,
2026-09-04T13,48,4,234.0,234.0,232.0,232.0,6,94125,60158,0,
2026-09-04T13,48,5,254.0,256.0,254.0,256.0,4,47530,47530,0,
2026-09-04T13,48,6,278.0,278.0,278.0,278.0,2,74160,74160,0,
2026-09-04T13,48,7,350.0,350.0,350.0,350.0,3,3000,2000,0,
2026-09-04T13,48,8,400.0,400.0,400.0,400.0,1,250,250,0,
2026-09-04T13,49,0,950.0,950.0,945.0,945.0,21,7833,5316,0,
2026-09-04T13,49,1,1010.0,1010.0,1010.0,1010.0,3,5613,5613,0,
2026-09-04T13,49,2,1040.0,1040.0,1040.0,1040.0,2,1287,1287,0,
2026-09-04T13,49,3,1140.0,1140.0,1140.0,1140.0,1,93,93,0,
2026-09-04T13,49,4,1030.0,1030.0,1030.0,1030.0,1,17005,17005,0,
2026-09-04T13,49,5,1030.0,1030.0,1030.0,1030.0,3,11082,6082,0,
2026-09-04T13,49,6,1190.0,1190.0,1190.0,1190.0,2,584,584,0,
2026-09-04T13,49,7,1230.0,1230.0,1230.0,1230.0,2,9493,9493,0,
2026-09-04T13,50,0,320.0,320.0,316.0,316.0,9,5581,3640,140,
2026-09-04T13,50,2,332.0,332.0,332.0,332.0,8,16563,16563,45,
2026-09-04T13,50,3,348.0,348.0,346.0,346.0,6,15520,15520,0,
2026-09-04T13,50,4,352.0,352.0,352.0,352.0,5,31566,31566,1500,
2026-09-04T13,50,5,362.0,362.0,362.0,362.0,1,5000,5000,0,
2026-09-04T13,50,6,354.0,354.0,354.0,354.0,3,31484,31484,0,
2026-09-04T13,50,7,354.0,354.0,354.0,354.0,8,34711,30211,41,
2026-09-04T13,50,10,418.0,418.0,418.0,418.0,1,2,2,0,
2026-09-04T13,50,11,420.0,420.0,420.0,420.0,4,16400,5000,0,
2026-09-04T13,51,0,775.0,785.0,770.0,770.0,7,4397,3810,0,
2026-09-04T13,51,1,775.0,775.0,775.0,775.0,11,11478,11478,45,
2026-09-04T13,51,2,800.0,800.0,800.0,800.0,7,6573,6544,0,
2026-09-04T13,51,3,800.0,800.0,800.0,800.0,7,20682,20682,0,
2026-09-04T13,51,4,815.0,815.0,815.0,815.0,21,27228,18385,0,
2026-09-04T13,51,5,900.0,900.0,900.0,900.0,9,7831,7463,0,
2026-09-04T13,51,6,910.0,910.0,910.0,910.0,6,7954,6954,0,
2026-09-04T13,51,8,995.0,995.0,995.0,995.0,2,1025,1025,0,
2026-09-04T13,52,0,615.0,615.0,610.0,615.0,7,3319,3319,0,
2026-09-04T13,52,1,615.0,615.0,615.0,615.0,1,28,28,0,
2026-09-04T13,52,2,620.0,620.0,620.0,620.0,4,6705,6705,0,
2026-09-04T13,52,3,625.0,625.0,615.0,615.0,2,2961,2961,25,
2026-09-04T13,52,4,620.0,620.0,620.0,620.0,4,5808,5808,0,
2026-09-04T13,52,5,625.0,625.0,625.0,625.0,6,22899,22899,0,
2026-09-04T13,52,6,645.0,645.0,645.0,645.0,4,14059,9059,0,
2026-09-04T13,52,7,800.0,800.0,800.0,800.0,7,110,10,0,
2026-09-04T13,52,8,1230.0,1230.0,1230.0,1230.0,2,1029,1029,0,
2026-09-04T13,52,10,1240.0,1240.0,1240.0,1240.0,1,1000,1000,0,
2026-09-04T13,52,11,1250.0,1250.0,1250.0,1250.0,2,1099,1099,0,
2026-09-04T13,53,0,3410.0,3460.0,3410.0,3450.0,4,4,4,0,
2026-09-04T13,53,1,3430.0,3590.0,3430.0,3590.0,1,1,1,0,
2026-09-04T13,53,2,3410.0,3410.0,3410.0,3410.0,3,310,310,0,
2026-09-04T13,53,3,3460.0,3460.0,3460.0,3460.0,3,1879,1879,0,
2026-09-04T13,53,4,3500.0,3500.0,3500.0,3500.0,6,1424,1424,0,
2026-09-04T13,53,5,3580.0,3580.0,3580.0,3580.0,4,2980,2980,0,
2026-09-04T13,53,6,3790.0,3790.0,3790.0,3790.0,1,4284,4284,0,
2026-09-04T13,53,9,3800.0,3800.0,3800.0,3800.0,1,4,4,0,
2026-09-04T13,54,0,6475.0,6500.0,6475.0,6500.0,4,186,96,0,
2026-09-04T13,54,2,6475.0,6475.0,6475.0,6475.0,2,824,824,1,
2026-09-04T13,54,3,6800.0,6800.0,6800.0,6800.0,1,2614,2614,0,
2026-09-04T13,54,4,6800.0,6800.0,6800.0,6800.0,3,5836,5836,0,
2026-09-04T13,54,5,7000.0,7000.0,7000.0,7000.0,2,2000,1000,0,
2026-09-04T13,54,6,7100.0,7100.0,7100.0,7100.0,2,1007,1007,0,
2026-09-04T13,54,7,6900.0,6900.0,6900.0,6900.0,1,258,258,0,
2026-09-04T13,55,0,2270.0,2320.0,2270.0,2320.0,,,,0,
2026-09-04T13,55,3,2320.0,2320.0,2320.0,2320.0,3,2046,2046,8,
2026-09-04T13,55,4,2340.0,2340.0,2340.0,2340.0,1,198,198,0,
2026-09-04T13,55,6,2390.0,2390.0,2390.0,2390.0,2,406,139,0,
2026-09-04T13,55,7,2420.0,2420.0,2420.0,2420.0,3,55,30,0,
2026-09-04T13,56,0,4410.0,4430.0,4380.0,4430.0,,,,0,
2026-09-04T13,56,2,4430.0,4430.0,4430.0,4430.0,2,58,58,0,
2026-09-04T13,56,3,4410.0,4430.0,4410.0,4430.0,4,626,626,21,
2026-09-04T13,56,4,4440.0,4440.0,4440.0,4440.0,2,2033,2033,0,
2026-09-04T13,56,5,4450.0,4450.0,4450.0,4450.0,5,5637,5637,0,
2026-09-04T13,56,6,4490.0,4490.0,4490.0,4490.0,4,1939,1939,0,
2026-09-04T13,56,7,5125.0,5125.0,5125.0,5125.0,15,1816,60,0,
2026-09-04T13,56,8,6200.0,6200.0,6200.0,6200.0,1,2849,2849,0,
2026-09-04T13,57,0,5575.0,5625.0,5575.0,5625.0,3,93,35,0,
2026-09-04T13,57,1,5600.0,5600.0,5600.0,5600.0,2,707,707,0,
2026-09-04T13,57,2,5600.0,5600.0,5600.0,5600.0,1,569,569,1,
2026-09-04T13,57,3,5800.0,5800.0,5800.0,5800.0,3,328,1,0,
2026-09-04T13,57,4,5750.0,5750.0,5750.0,5750.0,2,1003,1003,0,
2026-09-04T13,57,5,5800.0,5800.0,5800.0,5800.0,4,7670,6670,0,
2026-09-04T13,57,6,5875.0,5875.0,5875.0,5875.0,9,2441,2041,0,
2026-09-04T13,57,7,6850.0,6850.0,6850.0,6850.0,1,10,10,0,
2026-09-04T13,57,8,6875.0,6875.0,6875.0,6875.0,2,31,30,0,
2026-09-04T13,58,0,125.0,125.0,125.0,125.0,33,866890,116969,390,
2026-09-04T13,59,0,63.0,65.0,63.0,65.0,41,2454949,1482391,2200,
2026-09-04T13,60,0,5.6,5.6,5.3,5.5,48,849353,6950,0,
2026-09-04T13,60,1,5.4,5.4,5.4,5.4,9,159935,3686,409,
2026-09-04T13,60,2,6.1,6.1,5.9,5.9,14,423153,7659,0,
2026-09-04T13,60,3,6.3,6.3,6.3,6.3,10,2498526,46618,0,
2026-09-04T13,60,4,6.5,6.5,6.5,6.5,13,9358100,301381,0,
2026-09-04T13,60,5,6.8,6.8,6.8,6.8,6,1072623,1072623,0,
2026-09-04T13,60,6,7.2,7.2,7.2,7.2,9,971703,214133,0,
2026-09-04T13,60,7,7.5,7.5,7.5,7.5,4,367282,5000,0,
2026-09-04T13,60,8,8.8,8.8,8.8,8.8,2,285624,285624,0,
2026-09-04T13,60,9,10.0,10.0,10.0,10.0,1,100000,100000,0,
2026-09-04T13,60,10,9.8,9.8,9.8,9.8,4,573266,563267,0,
2026-09-04T13,60,12,12.9,12.9,12.9,12.9,1,1,1,0,
2026-09-04T13,61,0,19.3,19.3,19.3,19.3,18,193793,191459,0,
2026-09-04T13,61,1,19.4,19.4,19.4,19.4,10,1284362,1240930,0,
2026-09-04T13,61,2,19.7,19.8,19.7,19.8,6,2091331,2091331,5246,
2026-09-04T13,61,3,19.9,19.9,19.9,19.9,12,1684311,1104861,0,
2026-09-04T13,61,4,20.5,20.5,20.5,20.5,10,769546,759187,0,
2026-09-04T13,61,5,21.0,21.0,21.0,21.0,7,1055149,1050149,0,
2026-09-04T13,61,6,24.5,24.5,24.5,24.5,3,151876,66000,0,
2026-09-04T13,62,0,22.5,22.5,22.5,22.5,14,18447,7412,0,
2026-09-04T13,62,1,22.5,22.5,22.5,22.5,5,26778,25456,0,
2026-09-04T13,62,2,22.75,22.75,22.75,22.75,12,333111,170301,0,
2026-09-04T13,62,3,22.75,22.75,22.75,22.75,10,239055,154059,0,
2026-09-04T13,62,4,23.5,23.5,23.5,23.5,5,600431,600431,0,
2026-09-04T13,62,5,29.0,29.0,29.0,29.0,2,278452,1452,0,
2026-09-04T13,62,9,38.0,38.0,38.0,38.0,2,999,999,0,
2026-09-04T13,63,0,32.75,33.75,32.75,33.75,18,80959,78844,0,
2026-09-04T13,63,1,34.25,34.25,34.25,34.25,9,148302,130147,0,
2026-09-04T13,63,2,35.25,35.25,35.25,35.25,10,329755,329755,0,
2026-09-04T13,63,3,36.0,36.0,36.0,36.0,1,116026,116026,0,
2026-09-04T13,63,4,36.25,36.25,36.25,36.25,3,266403,266403,0,
2026-09-04T13,63,5,37.75,37.75,37.75,37.75,1,100000,100000,0,
2026-09-04T13,63,6,38.5,38.5,38.5,38.5,1,10000,10000,0,
2026-09-04T13,63,7,38.0,38.0,38.0,38.0,1,98125,98125,0,
2026-09-04T13,64,0,47.0,47.0,46.5,46.5,17,15682,7244,0,
2026-09-04T13,64,1,47.25,47.25,47.25,47.25,4,42479,42479,0,
2026-09-04T13,64,2,48.0,48.0,48.0,48.0,4,25660,25660,0,
2026-09-04T13,64,3,48.75,50.0,48.75,50.0,2,15822,15822,0,
2026-09-04T13,64,4,49.0,49.0,49.0,49.0,5,162230,162230,0,
2026-09-04T13,64,5,50.5,50.5,50.5,50.5,5,172000,172000,0,
2026-09-04T13,64,6,51.5,51.5,51.5,51.5,2,39690,39690,0,
2026-09-04T13,64,7,60.0,60.0,60.0,60.0,1,10000,10000,0,
2026-09-04T13,64,8,78.5,78.5,78.5,78.5,2,800,800,0,
2026-09-04T13,64,10,80.0,80.0,80.0,80.0,1,5000,5000,0,
2026-09-04T13,65,0,13.1,13.2,13.1,13.2,17,180813,179097,0,
2026-09-04T13,65,1,13.1,13.1,13.1,13.1,7,262946,256946,300,
2026-09-04T13,65,2,13.2,13.2,13.2,13.2,14,681635,198861,0,
2026-09-04T13,65,3,13.8,13.8,13.8,13.8,6,1386856,1386856,0,
2026-09-04T13,65,4,13.9,13.9,13.9,13.9,7,743787,743787,0,
2026-09-04T13,65,5,14.7,14.7,14.7,14.7,2,687770,687770,0,
2026-09-04T13,65,6,14.6,14.6,14.6,14.6,5,99584,99584,0,
2026-09-04T13,65,7,15.9,15.9,15.9,15.9,1,12000,12000,0,
2026-09-04T13,65,9,16.3,16.3,16.3,16.3,1,10000,10000,0,
2026-09-04T13,65,10,16.4,16.4,16.4,16.4,1,50000,50000,0,
2026-09-04T13,65,11,16.1,16.1,16.1,16.1,2,79712,79712,0,
2026-09-04T13,65,12,16.1,16.1,16.1,16.1,5,754550,754451,0,
2026-09-04T13,66,0,0.275,0.281,0.25,0.269,160,43066305,1755634,298289,
2026-09-04T13,66,1,0.281,0.281,0.281,0.281,25,7944628,6217855,38685,
2026-09-04T13,66,2,0.298,0.298,0.298,0.298,9,6258698,3907256,0,
2026-09-04T13,66,3,0.299,0.299,0.298,0.298,16,26658736,23494136,0,
2026-09-04T13,66,4,0.308,0.309,0.308,0.309,10,1971604,1971604,0,
2026-09-04T13,66,5,0.323,0.323,0.323,0.323,10,13363023,5962880,0,
2026-09-04T13,66,6,0.358,0.358,0.358,0.358,3,16794245,5152057,0,
2026-09-04T13,66,7,0.46,0.46,0.46,0.46,4,3118978,3118978,0,
2026-09-04T13,66,8,0.655,0.655,0.655,0.655,9,18688089,14688089,0,
2026-09-04T13,66,10,0.78,0.78,0.78,0.78,4,3140000,3040000,0,
2026-09-04T13,66,12,0.65,0.65,0.65,0.65,2,7300151,124742,0,
2026-09-04T13,67,0,11.8,11.8,11.8,11.8,15,206063,165182,0,
2026-09-04T13,67,1,13.2,13.2,13.2,13.2,3,160804,160804,0,
2026-09-04T13,67,2,12.4,12.4,12.4,12.4,5,143170,13887,0,
2026-09-04T13,67,3,13.4,13.4,13.4,13.4,6,29612,29492,0,
2026-09-04T13,67,4,17.0,17.0,17.0,17.0,11,1100,900,0,
2026-09-04T13,67,7,19.0,19.0,19.0,19.0,1,47112,47112,0,
2026-09-04T13,68,0,32.25,32.25,30.0,31.75,33,373516,340134,0,
2026-09-04T13,68,1,32.5,32.5,32.25,32.25,13,99868,67297,0,
2026-09-04T13,68,2,33.0,33.5,33.0,33.5,8,111225,103630,0,
2026-09-04T13,68,3,33.75,33.75,33.75,33.75,8,346077,221759,0,
2026-09-04T13,68,4,34.0,34.0,34.0,34.0,6,1284555,267205,0,
2026-09-04T13,68,5,36.25,36.25,36.25,36.25,5,55038,55038,0,
2026-09-04T13,68,6,36.75,36.75,36.75,36.75,5,187408,187408,0,
2026-09-04T13,68,10,38.0,38.0,38.0,38.0,4,300120,300120,0,
2026-09-04T13,69,0,6250.0,6525.0,6250.0,6525.0,32,3317,3126,0,
2026-09-04T13,69,1,6625.0,6625.0,6625.0,6625.0,5,232,232,0,
2026-09-04T13,69,2,6550.0,6550.0,6550.0,6550.0,19,3803,2861,0,
2026-09-04T13,69,3,6550.0,6550.0,6550.0,6550.0,30,6119,5865,382,
2026-09-04T13,69,4,6575.0,6700.0,6575.0,6700.0,14,6477,5584,0,
2026-09-04T13,69,5,6700.0,6725.0,6700.0,6725.0,11,4046,4046,0,
2026-09-04T13,69,6,6950.0,6950.0,6950.0,6950.0,8,1236,1236,0,
2026-09-04T13,69,7,7400.0,7400.0,7400.0,7400.0,12,5750,5750,0,
2026-09-04T13,69,8,7775.0,7775.0,7775.0,7775.0,1,200,200,0,
2026-09-04T13,69,9,7775.0,7775.0,7775.0,7775.0,2,300,300,0,
2026-09-04T13,69,10,7825.0,7825.0,7825.0,7825.0,3,294,200,0,
2026-09-04T13,69,11,8150.0,8150.0,8150.0,8150.0,3,208,208,0,
2026-09-04T13,69,12,12500.0,12500.0,12500.0,12500.0,1,5,5,0,
2026-09-04T13,70,0,800.0,810.0,800.0,810.0,9,2494,2465,0,
2026-09-04T13,70,1,810.0,810.0,810.0,810.0,2,620,620,0,
2026-09-04T13,70,2,800.0,800.0,800.0,800.0,9,6904,5791,802,
2026-09-04T13,70,3,820.0,820.0,820.0,820.0,8,6300,4060,0,
2026-09-04T13,70,4,825.0,825.0,825.0,825.0,5,6227,5227,0,
2026-09-04T13,70,5,830.0,830.0,830.0,830.0,32,5274,5259,0,
2026-09-04T13,70,7,1280.0,1280.0,1280.0,1280.0,1,106,106,0,
2026-09-04T13,70,10,1140.0,1140.0,1140.0,1140.0,3,497,7,0,
2026-09-04T13,71,0,1570.0,1570.0,1560.0,1560.0,8,2433,2429,20,
2026-09-04T13,71,1,1570.0,1570.0,1570.0,1570.0,7,1046,1046,0,
2026-09-04T13,71,2,1570.0,1570.0,1570.0,1570.0,11,5958,1854,0,
2026-09-04T13,71,3,1580.0,1580.0,1580.0,1580.0,11,14880,13587,0,
2026-09-04T13,71,4,1600.0,1600.0,1600.0,1600.0,15,34961,34961,0,
2026-09-04T13,71,5,1660.0,1660.0,1660.0,1660.0,2,1120,1120,0,
2026-09-04T13,71,6,1670.0,1670.0,1670.0,1670.0,8,11284,11284,0,
2026-09-04T13,71,7,1980.0,1980.0,1980.0,1980.0,13,1184,884,0,
2026-09-04T13,72,0,1.62,1.62,1.6,1.62,74,1817885,1051717,88,
2026-09-04T13,72,1,1.7,1.7,1.7,1.7,18,6965987,524193,0,
2026-09-04T13,72,2,1.78,1.78,1.77,1.77,13,2688742,1726726,0,
2026-09-04T13,72,3,1.79,1.79,1.79,1.79,17,3712083,2731381,0,
2026-09-04T13,72,4,1.92,1.92,1.92,1.92,10,6617999,3790326,0,
2026-09-04T13,72,5,2.35,2.35,2.35,2.35,3,1093413,713217,0,
2026-09-04T13,72,6,2.5,2.5,2.45,2.45,5,876194,786322,0,
2026-09-04T13,72,9,3.85,3.85,3.85,3.85,1,406399,406399,0,
2026-09-04T13,72,10,3.9,3.9,3.9,3.9,3,49998,49998,0,
2026-09-04T13,73,0,26.75,27.0,25.5,26.75,92,323999,233257,3450,
2026-09-04T13,73,1,27.25,27.25,27.0,27.0,20,347935,138535,0,
2026-09-04T13,73,2,27.25,27.75,27.25,27.75,33,510363,340555,0,
2026-09-04T13,73,3,28.25,28.25,28.0,28.0,23,1043536,235881,0,
2026-09-04T13,73,4,29.75,29.75,29.75,29.75,13,434761,332401,0,
2026-09-04T13,73,5,30.0,30.0,30.0,30.0,14,371501,225919,0,
2026-09-04T13,73,6,32.0,32.0,32.0,32.0,5,125032,30000,0,
2026-09-04T13,73,7,34.0,34.0,34.0,34.0,6,114549,114549,0,
2026-09-04T13,73,10,34.0,34.0,34.0,34.0,5,186872,186872,0,
2026-09-04T13,74,0,19.6,20.5,19.6,20.0,25,255092,57611,0,
2026-09-04T13,74,1,21.0,21.0,21.0,21.0,14,102167,4383,0,
2026-09-04T13,74,2,22.25,22.25,22.0,22.0,11,449339,384340,0,
2026-09-04T13,74,3,23.0,23.0,23.0,23.0,7,211918,186631,0,
2026-09-04T13,74,4,23.0,23.0,23.0,23.0,4,270681,217466,0,
2026-09-04T13,74,5,23.75,23.75,23.75,23.75,6,568588,160422,0,
2026-09-04T13,74,6,25.0,25.0,25.0,25.0,1,71809,71809,0,
2026-09-04T13,74,7,23.0,23.0,23.0,23.0,4,236532,84480,0,
2026-09-04T13,74,9,30.0,30.0,30.0,30.0,1,22302,22302,0,
2026-09-04T13,74,10,33.0,33.0,33.0,33.0,1,13337,13337,0,
2026-09-04T13,74,12,40.0,40.0,40.0,40.0,1,499,499,0,
2026-09-04T13,75,0,6.3,6.4,6.0,6.4,10,1333360,1174033,0,
2026-09-04T13,75,1,6.5,6.5,6.3,6.3,7,2933915,549717,0,
2026-09-04T13,75,2,6.2,6.4,6.2,6.4,13,2954803,1785344,83921,
2026-09-04T13,75,3,6.5,6.5,6.4,6.4,18,6811990,683127,0,
2026-09-04T13,75,4,6.6,6.6,6.6,6.6,10,2445814,1529560,9390,
2026-09-04T13,75,5,6.8,6.8,6.8,6.8,4,1761207,1761207,0,
2026-09-04T13,75,6,6.9,6.9,6.9,6.9,2,437840,387840,0,
2026-09-04T13,75,7,7.0,7.0,7.0,7.0,1,500000,500000,0,
2026-09-04T13,75,8,6.7,6.7,6.7,6.7,8,6288221,445714,0,
2026-09-04T13,75,9,7.8,7.8,7.8,7.8,1,833075,833075,0,
2026-09-04T13,75,10,7.9,7.9,7.9,7.9,2,2975401,500000,0,
2026-09-04T13,75,11,8.8,8.8,8.8,8.8,1,231388,231388,0,
2026-09-04T13,76,0,57.5,58.0,57.0,58.0,21,91811,20688,0,
2026-09-04T13,76,1,59.5,59.5,59.5,59.5,7,41982,38902,0,
2026-09-04T13,76,2,61.5,61.5,61.5,61.5,7,98073,85391,0,
2026-09-04T13,76,3,63.5,63.5,62.5,62.5,10,380517,321435,0,
2026-09-04T13,76,4,63.0,63.0,63.0,63.0,15,279856,214817,0,
2026-09-04T13,76,5,65.5,65.5,65.5,65.5,5,118659,118659,0,
2026-09-04T13,76,6,67.5,67.5,67.5,67.5,6,779878,779878,0,
2026-09-04T13,76,7,68.0,68.0,68.0,68.0,6,137934,137934,30000,
2026-09-04T13,76,8,74.0,74.0,74.0,74.0,2,100001,100001,0,
2026-09-04T13,76,9,92.0,92.0,92.0,92.0,2,6000,6000,0,
2026-09-04T13,76,10,99.5,99.5,99.5,99.5,2,21000,21000,0,
2026-09-04T13,76,12,111.0,111.0,111.0,111.0,2,2799,2799,0,
2026-09-04T13,77,0,2610.0,2610.0,2600.0,2600.0,18,3021,1866,0,
2026-09-04T13,77,1,2640.0,2640.0,2640.0,2640.0,16,1213,656,0,
2026-09-04T13,77,2,2820.0,2820.0,2820.0,2820.0,3,486,486,0,
2026-09-04T13,77,3,2790.0,2790.0,2780.0,2780.0,6,3714,1573,0,
2026-09-04T13,77,4,2820.0,2820.0,2820.0,2820.0,5,4755,4755,0,
2026-09-04T13,77,5,2830.0,2830.0,2820.0,2820.0,10,8498,8498,0,
2026-09-04T13,77,6,2880.0,2880.0,2880.0,2880.0,5,1560,1560,0,
2026-09-04T13,77,7,2860.0,2860.0,2860.0,2860.0,8,6204,160,0,
2026-09-04T13,77,8,2900.0,2900.0,2900.0,2900.0,9,18458,8713,0,
2026-09-04T13,77,9,3490.0,3490.0,3490.0,3490.0,2,5565,5565,0,
2026-09-04T13,77,10,3660.0,3660.0,3660.0,3660.0,2,508,508,0,
2026-09-04T13,77,11,3800.0,3800.0,3800.0,3800.0,2,7,5,0,
2026-09-04T13,77,12,5250.0,5250.0,5250.0,5250.0,1,99,99,0,
2026-09-04T13,78,0,1860.0,1860.0,1820.0,1820.0,23,6870,1844,0,
2026-09-04T13,78,1,1940.0,1940.0,1940.0,1940.0,16,3429,651,0,
2026-09-04T13,78,2,2090.0,2090.0,2090.0,2090.0,11,2220,2140,0,
2026-09-04T13,78,3,2130.0,2130.0,2130.0,2130.0,6,5054,4701,0,
2026-09-04T13,78,4,2140.0,2140.0,2140.0,2140.0,5,5213,5213,0,
2026-09-04T13,78,5,2380.0,2380.0,2380.0,2380.0,4,3043,3043,0,
2026-09-04T13,78,6,2380.0,2380.0,2380.0,2380.0,4,1221,1221,0,
2026-09-04T13,78,7,2380.0,2380.0,2380.0,2380.0,14,2272,2072,0,
2026-09-04T13,78,8,2480.0,2480.0,2480.0,2480.0,12,930,880,0,
2026-09-04T13,78,9,2580.0,2580.0,2580.0,2580.0,15,1322,622,0,
2026-09-04T13,78,10,2640.0,2640.0,2640.0,2640.0,11,1013,563,0,
2026-09-04T13,78,11,2690.0,2690.0,2690.0,2690.0,5,702,502,0,
2026-09-04T13,79,0,875.0,880.0,860.0,880.0,6,195,194,0,
2026-09-04T13,79,1,875.0,875.0,875.0,875.0,4,4443,4443,0,
2026-09-04T13,79,2,890.0,890.0,865.0,865.0,6,9210,4208,0,
2026-09-04T13,79,3,890.0,890.0,885.0,885.0,16,19270,19270,0,
2026-09-04T13,79,4,895.0,895.0,895.0,895.0,11,15640,10140,0,
2026-09-04T13,79,5,910.0,910.0,910.0,910.0,6,32111,32111,0,
2026-09-04T13,79,6,930.0,930.0,930.0,930.0,6,12472,11238,0,
2026-09-04T13,79,7,940.0,940.0,940.0,940.0,9,23384,22384,0,
2026-09-04T13,79,8,955.0,955.0,955.0,955.0,8,32436,29041,0,
2026-09-04T13,79,9,1030.0,1030.0,1030.0,1030.0,5,14921,13921,0,
2026-09-04T13,79,10,1030.0,1030.0,1030.0,1030.0,9,8100,4100,0,
2026-09-04T13,79,11,1210.0,1210.0,1210.0,1210.0,5,2050,1050,0,
2026-09-04T13,79,12,1490.0,1490.0,1490.0,1490.0,2,125,125,0,
2026-09-04T13,80,0,4460.0,4460.0,4460.0,4460.0,8,150,150,16,
2026-09-04T13,80,1,4950.0,4950.0,4950.0,4950.0,1,112,112,0,
2026-09-04T13,80,2,4990.0,4990.0,4960.0,4960.0,2,517,517,0,
2026-09-04T13,80,3,5000.0,5000.0,5000.0,5000.0,3,193,193,0,
2026-09-04T13,80,4,5025.0,5025.0,5000.0,5000.0,2,211,211,0,
2026-09-04T13,80,5,5025.0,5025.0,5025.0,5025.0,8,2302,2302,0,
2026-09-04T13,80,6,5550.0,5550.0,5550.0,5550.0,6,2959,527,0,
2026-09-04T13,80,7,5600.0,5600.0,5600.0,5600.0,4,1788,250,0,
2026-09-04T13,80,8,6400.0,6400.0,6400.0,6400.0,1,148,148,0,
2026-09-04T13,80,9,8375.0,8375.0,8375.0,8375.0,3,188,188,0,
2026-09-04T13,80,10,8500.0,8500.0,8500.0,8500.0,1,81,81,0,
2026-09-04T13,81,0,5100.0,5100.0,5075.0,5075.0,3,207,207,0,
2026-09-04T13,81,1,5250.0,5250.0,5250.0,5250.0,2,224,224,0,
2026-09-04T13,81,2,5100.0,5100.0,5075.0,5075.0,12,1648,674,0,
2026-09-04T13,81,3,5375.0,5375.0,5375.0,5375.0,5,1114,732,1,
2026-09-04T13,81,4,5425.0,5425.0,5425.0,5425.0,6,2331,1568,0,
2026-09-04T13,81,5,5800.0,5800.0,5800.0,5800.0,3,1984,1984,0,
2026-09-04T13,81,6,5825.0,5825.0,5825.0,5825.0,4,1134,1034,0,
2026-09-04T13,81,7,5975.0,5975.0,5975.0,5975.0,8,1766,1766,0,
2026-09-04T13,81,8,6225.0,6225.0,6225.0,6225.0,5,2457,2457,0,
2026-09-04T13,81,9,6450.0,6450.0,6450.0,6450.0,1,1000,1000,0,
2026-09-04T13,81,10,6600.0,6600.0,6600.0,6600.0,1,900,900,0,
2026-09-04T13,81,11,6800.0,6800.0,6800.0,6800.0,3,1000,998,0,
2026-09-04T13,82,0,1510.0,1510.0,1510.0,1510.0,2,387,387,6,
2026-09-04T13,82,1,1530.0,1530.0,1530.0,1530.0,2,890,890,0,
2026-09-04T13,82,2,1540.0,1540.0,1540.0,1540.0,9,7295,6088,0,
2026-09-04T13,82,3,1560.0,1560.0,1560.0,1560.0,12,4175,3447,0,
2026-09-04T13,82,4,1660.0,1660.0,1650.0,1650.0,8,3179,3179,0,
2026-09-04T13,82,5,1710.0,1710.0,1710.0,1710.0,9,12920,12399,0,
2026-09-04T13,82,6,1820.0,1820.0,1820.0,1820.0,1,4255,4255,0,
2026-09-04T13,82,7,1900.0,1900.0,1900.0,1900.0,5,4116,4116,0,
2026-09-04T13,82,8,2000.0,2000.0,2000.0,2000.0,1,250,250,0,
2026-09-04T13,82,9,2050.0,2050.0,2050.0,2050.0,2,1250,1250,0,
2026-09-04T13,82,10,2300.0,2300.0,2300.0,2300.0,1,250,250,0,
2026-09-04T13,83,0,29.75,30.25,29.5,29.5,22,204510,14098,0,
2026-09-04T13,83,1,31.75,32.0,31.75,32.0,9,75684,39851,21500,
2026-09-04T13,83,2,33.75,33.75,33.75,33.75,14,101828,66687,80,
2026-09-04T13,83,3,34.25,34.25,34.25,34.25,8,124963,115363,0,
2026-09-04T13,83,4,35.75,35.75,35.75,35.75,7,108661,108661,0,
2026-09-04T13,83,5,36.5,36.5,36.5,36.5,5,182838,177838,0,
2026-09-04T13,83,6,45.0,45.0,45.0,45.0,1,5000,5000,0,
2026-09-04T13,83,7,37.0,37.0,37.0,37.0,2,41169,40000,0,
2026-09-04T13,83,8,41.0,41.0,41.0,41.0,2,20552,20552,0,
2026-09-04T13,83,9,41.0,41.0,41.0,41.0,3,71701,71701,0,
2026-09-04T13,83,11,45.0,45.0,45.0,45.0,1,34899,34899,0,
2026-09-04T13,84,0,8925.0,8925.0,8900.0,8925.0,11,550,299,7,
2026-09-04T13,84,1,9200.0,9200.0,9150.0,9150.0,11,816,708,0,
2026-09-04T13,84,2,9225.0,9225.0,9225.0,9225.0,6,1001,537,0,
2026-09-04T13,84,3,9925.0,9925.0,9925.0,9925.0,5,205,205,0,
2026-09-04T13,84,4,9975.0,9975.0,9975.0,9975.0,6,6886,1535,0,
2026-09-04T13,84,5,10400.0,10400.0,10400.0,10400.0,3,415,415,0,
2026-09-04T13,84,6,10500.0,10500.0,10500.0,10500.0,6,1273,873,0,
2026-09-04T13,84,7,11100.0,11100.0,11100.0,11100.0,3,233,233,0,
2026-09-04T13,84,8,12300.0,12300.0,12300.0,12300.0,1,183,183,0,
2026-09-04T13,84,9,12500.0,12500.0,12500.0,12500.0,1,910,910,0,
2026-09-04T13,84,10,17000.0,17000.0,17000.0,17000.0,1,25,25,0,
2026-09-04T13,85,0,7375.0,7375.0,7375.0,7375.0,4,91,91,0,
2026-09-04T13,85,1,7775.0,7775.0,7775.0,7775.0,7,226,226,0,
2026-09-04T13,85,2,8025.0,8025.0,8025.0,8025.0,6,694,690,0,
2026-09-04T13,85,3,8150.0,8150.0,8150.0,8150.0,5,1895,1895,0,
2026-09-04T13,85,4,8850.0,8850.0,8850.0,8850.0,18,2073,52,0,
2026-09-04T13,85,5,9900.0,9900.0,9900.0,9900.0,1,21,21,0,
2026-09-04T13,85,6,9825.0,9825.0,9825.0,9825.0,4,1508,1508,0,
2026-09-04T13,85,7,11200.0,11200.0,11200.0,11200.0,1,2,2,0,
2026-09-04T13,85,8,12000.0,12000.0,12000.0,12000.0,2,2,2,0,
2026-09-04T13,85,9,14000.0,14000.0,14000.0,14000.0,1,1,1,0,
2026-09-04T13,85,10,16000.0,16000.0,16000.0,16000.0,1,9,9,0,
2026-09-04T13,86,0,10000.0,10200.0,10000.0,10200.0,9,167,167,0,
2026-09-04T13,86,1,10200.0,10200.0,10200.0,10200.0,4,54,54,24,
2026-09-04T13,86,2,10300.0,10300.0,10300.0,10300.0,9,475,463,0,
2026-09-04T13,86,3,10400.0,10400.0,10300.0,10300.0,8,1397,1397,0,
2026-09-04T13,86,4,10700.0,10700.0,10700.0,10700.0,5,369,300,0,
2026-09-04T13,86,5,10900.0,10900.0,10900.0,10900.0,8,1521,1441,0,
2026-09-04T13,86,6,11200.0,11200.0,11200.0,11200.0,3,472,472,0,
2026-09-04T13,86,7,12300.0,12300.0,12300.0,12300.0,1,396,396,0,
2026-09-04T13,86,8,13400.0,13400.0,13400.0,13400.0,8,830,620,0,
2026-09-04T13,86,9,12000.0,12000.0,12000.0,12000.0,11,199,40,0,
2026-09-04T13,86,10,19800.0,19800.0,19800.0,19800.0,1,9,9,0,
2026-09-04T13,87,0,484.0,484.0,484.0,484.0,5,1796,1496,0,
2026-09-04T13,87,1,486.0,486.0,486.0,486.0,3,2950,1195,0,
2026-09-04T13,87,2,520.0,520.0,520.0,520.0,9,5650,1463,0,
2026-09-04T13,87,3,625.0,625.0,625.0,625.0,4,85,85,0,
2026-09-04T13,87,4,640.0,640.0,640.0,640.0,5,2026,2026,0,
2026-09-04T13,87,5,630.0,630.0,630.0,630.0,10,16381,12569,0,
2026-09-04T13,87,6,665.0,665.0,665.0,665.0,1,1377,1377,0,
2026-09-04T13,87,7,655.0,655.0,655.0,655.0,1,725,725,0,
2026-09-04T13,87,9,900.0,900.0,900.0,900.0,3,109,50,0,
2026-09-04T13,88,0,10600.0,10600.0,10500.0,10600.0,26,951,251,0,
2026-09-04T13,88,1,10700.0,10700.0,10700.0,10700.0,2,125,25,0,
2026-09-04T13,88,2,11400.0,11400.0,11400.0,11400.0,2,112,112,0,
2026-09-04T13,88,3,10500.0,10500.0,10500.0,10500.0,7,347,15,5,
2026-09-04T13,88,4,11300.0,11300.0,11300.0,11300.0,4,317,317,0,
2026-09-04T13,88,5,11600.0,11600.0,11600.0,11600.0,5,571,571,0,
2026-09-04T13,88,6,13200.0,13200.0,13200.0,13200.0,2,198,198,0,
2026-09-04T13,88,7,13400.0,13400.0,13400.0,13400.0,1,100,100,0,
2026-09-04T13,88,8,13200.0,13200.0,13200.0,13200.0,1,1,1,0,
2026-09-04T13,88,9,13900.0,13900.0,13900.0,13900.0,1,13,13,0,
2026-09-04T13,88,10,14500.0,14500.0,14500.0,14500.0,2,154,154,0,
2026-09-04T13,89,0,4350.0,4350.0,4350.0,4350.0,9,452,203,0,
2026-09-04T13,89,1,4420.0,4420.0,4420.0,4420.0,5,1132,315,0,
2026-09-04T13,89,2,4460.0,4460.0,4460.0,4460.0,9,1234,1234,0,
2026-09-04T13,89,3,4730.0,4730.0,4730.0,4730.0,5,480,404,2,
2026-09-04T13,89,4,4790.0,4790.0,4790.0,4790.0,7,3475,2594,0,
2026-09-04T13,89,5,5325.0,5325.0,5325.0,5325.0,5,3798,3798,0,
2026-09-04T13,89,6,5575.0,5575.0,5575.0,5575.0,1,160,160,0,
2026-09-04T13,89,7,5525.0,5525.0,5525.0,5525.0,5,2202,2202,0,
2026-09-04T13,89,8,5650.0,5650.0,5650.0,5650.0,2,202,202,0,
2026-09-04T13,89,9,5800.0,5800.0,5800.0,5800.0,3,47,22,0,
2026-09-04T13,89,10,5950.0,5950.0,5950.0,5950.0,4,701,302,0,
2026-09-04T13,89,11,6200.0,6200.0,6200.0,6200.0,1,2,2,0,
2026-09-04T13,98,0,860.0,860.0,855.0,855.0,5,2404,1404,0,
2026-09-04T13,98,1,865.0,865.0,865.0,865.0,1,150,150,0,
2026-09-04T13,98,2,870.0,870.0,870.0,870.0,3,8976,8976,0,
2026-09-04T13,98,3,865.0,865.0,865.0,865.0,18,5684,5682,0,
2026-09-04T13,98,4,865.0,865.0,865.0,865.0,8,8569,7569,256,
2026-09-04T13,98,5,925.0,925.0,925.0,925.0,2,1992,1992,0,
2026-09-04T13,98,6,945.0,945.0,945.0,945.0,4,5060,5060,0,
2026-09-04T13,98,7,945.0,945.0,945.0,945.0,2,9500,9500,0,
2026-09-04T13,98,8,965.0,965.0,965.0,965.0,1,5000,5000,0,
2026-09-04T13,100,0,111.0,111.0,111.0,111.0,24,1301201,913361,1000,
2026-09-04T13,101,0,197.0,199.0,196.0,199.0,42,63587,43074,0,
2026-09-04T13,101,1,198.0,199.0,198.0,199.0,16,90752,47529,0,
2026-09-04T13,101,2,198.0,200.0,198.0,200.0,5,68419,68409,0,
2026-09-04T13,101,3,199.0,199.0,199.0,199.0,22,158454,155366,1824,
2026-09-04T13,101,4,200.0,200.0,200.0,200.0,5,47374,47368,0,
2026-09-04T13,101,5,202.0,202.0,200.0,200.0,5,12574,12574,0,
2026-09-04T13,102,0,2.65,2.75,2.65,2.75,20,424551,365351,3925,
2026-09-04T13,102,1,2.8,2.8,2.8,2.8,10,494743,440352,0,
2026-09-04T13,102,2,2.8,2.8,2.8,2.8,7,807600,807355,0,
2026-09-04T13,102,3,2.8,2.8,2.75,2.75,16,2851094,1802065,0,
2026-09-04T13,102,4,2.85,2.85,2.85,2.85,9,5464486,2003647,0,
2026-09-04T13,102,5,2.95,2.95,2.95,2.95,2,5238673,5238673,0,
2026-09-04T13,102,6,3.15,3.15,3.15,3.15,2,649248,649248,0,
2026-09-04T13,102,8,3.3,3.3,3.3,3.3,2,279940,279940,0,
2026-09-04T13,102,10,3.5,3.5,3.5,3.5,1,3000000,3000000,0,
2026-09-04T13,102,11,3.5,3.5,3.5,3.5,4,700000,349755,0,
2026-09-04T13,103,0,7.0,7.0,6.7,6.7,12,200755,57055,0,
2026-09-04T13,103,1,7.0,7.0,7.0,7.0,1,38517,38517,0,
2026-09-04T13,103,2,6.8,6.8,6.8,6.8,5,95445,93445,0,
2026-09-04T13,103,3,7.0,7.0,7.0,7.0,5,1902360,1411702,0,
2026-09-04T13,103,4,7.2,7.2,7.2,7.2,4,699999,399999,0,
2026-09-04T13,103,5,7.7,7.7,7.7,7.7,2,645952,645952,0,
2026-09-04T13,103,6,7.8,7.8,7.8,7.8,1,215779,215779,0,
2026-09-04T13,103,8,8.7,8.7,8.7,8.7,1,66171,66171,0,
2026-09-04T13,103,9,8.7,8.7,8.7,8.7,4,510381,487289,0,
2026-09-04T13,103,10,8.0,8.0,8.0,8.0,1,1943019,1943019,0,
2026-09-04T13,103,11,9.9,9.9,9.9,9.9,3,48069,48069,0,
2026-09-04T13,104,0,0.98,1.0,0.98,0.995,11,1764278,1636197,744278,
2026-09-04T13,104,1,1.09,1.09,1.09,1.09,3,2287336,2287336,1500,
2026-09-04T13,104,3,1.1,1.1,1.1,1.1,5,1660680,1531520,0,
2026-09-04T13,104,4,1.4,1.4,1.4,1.4,1,195555,195555,0,
2026-09-04T13,104,5,1.48,1.48,1.48,1.48,2,800649,800649,0,
2026-09-04T13,104,9,1.5,1.5,1.5,1.5,1,100000,100000,0,
2026-09-04T13,105,0,1.56,1.58,1.55,1.57,14,1375540,1349515,0,
2026-09-04T13,105,1,1.67,1.67,1.67,1.67,1,105849,105849,0,
2026-09-04T13,105,2,1.58,1.58,1.58,1.58,8,2937137,624210,4234,
2026-09-04T13,105,3,1.78,1.78,1.78,1.78,5,1671945,1671945,0,
2026-09-04T13,105,4,1.79,1.79,1.79,1.79,3,710432,367960,0,
2026-09-04T13,105,5,1.8,1.8,1.8,1.8,3,2601756,2581756,0,
2026-09-04T13,105,6,1.88,1.88,1.88,1.88,2,54549,54549,0,
2026-09-04T13,105,7,2.65,2.65,2.65,2.65,1,3999,3999,0,
2026-09-04T13,105,10,3.3,3.3,3.3,3.3,1,526000,526000,0,
2026-09-04T13,106,0,3.95,4.35,3.9,4.15,43,457441,22360,0,
2026-09-04T13,106,1,4.35,4.4,4.35,4.4,12,2668811,48141,0,
2026-09-04T13,106,2,4.8,4.8,4.8,4.8,6,673005,673005,0,
2026-09-04T13,106,3,4.9,4.9,4.9,4.9,4,585092,585092,0,
2026-09-04T13,106,4,5.7,5.7,5.7,5.7,1,11718,11718,0,
2026-09-04T13,106,5,5.7,5.7,5.7,5.7,2,2520247,2520247,0,
2026-09-04T13,106,6,5.8,5.8,5.8,5.8,1,2995,2995,0,
2026-09-04T13,107,0,21.0,21.0,20.0,21.0,14,127078,110744,0,
2026-09-04T13,107,1,21.5,21.5,21.5,21.5,10,57031,25628,0,
2026-09-04T13,107,2,21.5,21.5,21.5,21.5,9,176859,68555,0,
2026-09-04T13,107,3,21.75,21.75,20.75,20.75,11,1418100,850,0,
2026-09-04T13,107,4,21.0,21.0,21.0,21.0,8,419823,3017,0,
2026-09-04T13,107,5,40.0,40.0,40.0,40.0,1,3306,3306,0,
2026-09-04T13,107,6,21.0,21.0,21.0,21.0,4,229570,100364,3112,
2026-09-04T13,108,0,10.1,10.1,9.8,9.9,25,235645,208410,2313,
2026-09-04T13,108,1,10.1,10.1,10.0,10.0,15,492722,282453,0,
2026-09-04T13,108,2,10.1,10.1,10.1,10.1,10,245182,229710,0,
2026-09-04T13,108,3,10.1,10.1,10.1,10.1,5,523236,523236,0,
2026-09-04T13,108,4,10.3,10.3,10.3,10.3,9,675453,656227,1500,
2026-09-04T13,108,6,11.0,11.0,11.0,11.0,1,200000,200000,0,
2026-09-04T13,108,7,11.0,11.0,11.0,11.0,1,163818,163818,0,
2026-09-04T13,109,0,111.0,112.0,110.0,112.0,2,8962,8962,0,
2026-09-04T13,109,1,112.0,112.0,112.0,112.0,2,67937,8856,0,
2026-09-04T13,109,2,112.0,112.0,112.0,112.0,1,65284,65284,4567,
2026-09-04T13,109,3,113.0,113.0,113.0,113.0,6,77006,77006,0,
2026-09-04T13,109,4,115.0,115.0,115.0,115.0,3,27537,27537,0,
2026-09-04T13,109,5,119.0,119.0,119.0,119.0,2,8722,8722,0,
2026-09-04T13,109,6,120.0,120.0,120.0,120.0,1,10,10,0,
2026-09-04T13,110,0,194.0,196.0,190.0,196.0,15,34963,14764,1800,
2026-09-04T13,110,1,198.0,198.0,198.0,198.0,2,10000,10000,0,
2026-09-04T13,110,2,199.0,199.0,199.0,199.0,6,24696,24696,0,
2026-09-04T13,110,3,198.0,198.0,198.0,198.0,2,63568,2500,0,
2026-09-04T13,110,4,199.0,199.0,199.0,199.0,2,30044,30044,0,
2026-09-04T13,110,5,202.0,202.0,202.0,202.0,5,150000,50000,0,
2026-09-04T13,111,0,2610.0,2610.0,2540.0,2560.0,155,126840,73610,1841,
2026-09-04T13,112,0,2200.0,2220.0,2200.0,2210.0,6,409,409,0,
2026-09-04T13,112,1,2220.0,2220.0,2220.0,2220.0,3,1350,1350,0,
2026-09-04T13,112,2,2220.0,2220.0,2220.0,2220.0,1,500,500,0,
2026-09-04T13,112,3,2220.0,2220.0,2220.0,2220.0,9,8599,8598,221,
2026-09-04T13,112,4,2460.0,2460.0,2460.0,2460.0,1,300,300,0,
2026-09-04T13,113,0,122.0,124.0,100.0,124.0,39,616147,34212,0,
2026-09-04T13,114,0,650.0,655.0,650.0,655.0,41,174421,4193,38,
2026-09-04T13,114,1,910.0,910.0,910.0,910.0,7,4891,4778,0,
2026-09-04T13,114,2,930.0,930.0,930.0,930.0,4,3184,3037,0,
2026-09-04T13,114,3,915.0,915.0,915.0,915.0,16,6233,5146,45,
2026-09-04T13,114,4,920.0,925.0,920.0,925.0,15,19069,13436,0,
2026-09-04T13,114,5,930.0,930.0,930.0,930.0,11,5682,5021,0,
2026-09-04T13,114,6,980.0,980.0,980.0,980.0,4,5962,5887,0,
2026-09-04T13,114,7,1060.0,1060.0,1060.0,1060.0,9,3482,2243,0,
2026-09-04T13,114,8,1530.0,1530.0,1530.0,1530.0,1,400,400,0,
2026-09-04T13,114,9,1840.0,1840.0,1840.0,1840.0,3,292,292,0,
2026-09-04T13,114,10,2490.0,2490.0,2490.0,2490.0,2,822,822,0,
2026-09-04T13,115,0,130.0,130.0,125.0,125.0,135,90077,41834,63,
2026-09-04T13,115,1,130.0,131.0,130.0,131.0,20,84983,21636,0,
2026-09-04T13,115,2,130.0,132.0,130.0,132.0,21,46276,12396,95,
2026-09-04T13,115,3,138.0,138.0,138.0,138.0,24,86001,45015,0,
2026-09-04T13,115,4,146.0,146.0,144.0,144.0,12,50792,11232,0,
2026-09-04T13,115,5,153.0,153.0,153.0,153.0,9,127842,127842,0,
2026-09-04T13,115,6,156.0,156.0,156.0,156.0,5,88297,88297,0,
2026-09-04T13,115,7,160.0,160.0,160.0,160.0,1,8015,8015,0,
2026-09-04T13,116,0,38.5,39.0,38.25,38.75,89,231893,116554,6,
2026-09-04T13,116,1,40.75,40.75,40.75,40.75,15,76312,26167,875,
2026-09-04T13,116,2,41.0,41.0,41.0,41.0,22,141931,29082,0,
2026-09-04T13,116,3,46.5,46.5,46.5,46.5,5,115297,111231,0,
2026-09-04T13,116,4,43.0,43.0,41.5,41.5,14,44554,6636,0,
2026-09-04T13,116,5,55.5,55.5,55.5,55.5,2,79781,79781,0,
2026-09-04T13,116,6,59.5,59.5,59.5,59.5,3,939,519,0,
2026-09-04T13,117,0,6.8,7.2,6.6,7.1,126,1069512,213370,231,
2026-09-04T13,117,1,7.3,7.3,7.2,7.2,29,500926,30798,1756,
2026-09-04T13,117,2,7.4,7.4,7.3,7.3,41,1546655,104696,1725,
2026-09-04T13,117,3,8.9,8.9,8.9,8.9,21,466152,176390,0,
2026-09-04T13,117,4,10.8,10.8,10.8,10.8,3,1225855,1225855,2584,
2026-09-04T13,117,5,11.5,11.5,11.5,11.5,3,276632,276632,0,
2026-09-04T13,117,6,12.0,12.0,12.0,12.0,2,694173,30000,0,
2026-09-04T13,117,7,12.8,12.8,12.8,12.8,4,650138,650138,0,
2026-09-04T13,117,8,12.8,12.8,12.8,12.8,6,1774829,434283,0,
2026-09-04T13,117,9,14.7,14.7,14.7,14.7,3,284124,284124,0,
2026-09-04T13,117,10,14.9,14.9,14.9,14.9,7,531983,100000,0,
2026-09-04T13,117,11,16.0,16.0,16.0,16.0,5,38499,5999,0,
2026-09-04T13,117,12,18.7,18.7,18.7,18.7,2,56349,56349,0,
2026-09-04T13,118,0,0.77,0.77,0.76,0.765,78,3136015,508621,6473,
2026-09-04T13,118,1,0.96,0.965,0.96,0.965,16,1331194,981194,45830,
2026-09-04T13,118,2,0.965,0.97,0.965,0.97,19,990993,657317,0,
2026-09-04T13,118,3,0.995,0.995,0.995,0.995,11,2186426,594261,0,
2026-09-04T13,118,4,1.09,1.09,1.09,1.09,8,42964537,42823670,0,
2026-09-04T13,118,5,1.2,1.2,1.2,1.2,6,2527194,1046551,0,
2026-09-04T13,118,6,1.49,1.49,1.49,1.49,3,1621669,294421,0,
2026-09-04T13,118,8,1.86,1.86,1.86,1.86,1,10,10,0,
2026-09-04T13,119,0,32.0,32.5,31.75,32.0,26,38642,7821,78,
2026-09-04T13,119,1,32.75,32.75,32.25,32.25,19,265624,14281,0,
2026-09-04T13,119,2,32.75,32.75,32.75,32.75,27,564738,380741,0,
2026-09-04T13,119,3,38.0,38.0,38.0,38.0,28,253983,154195,0,
2026-09-04T13,119,4,41.0,41.0,41.0,41.0,11,311970,118961,90,
2026-09-04T13,119,5,49.75,49.75,49.75,49.75,11,124324,68601,0,
2026-09-04T13,119,6,58.5,58.5,58.5,58.5,8,229220,209762,0,
2026-09-04T13,119,7,59.0,59.0,59.0,59.0,13,322746,221825,0,
2026-09-04T13,119,8,71.0,71.0,71.0,71.0,1,97444,97444,0,
2026-09-04T13,119,11,71.5,71.5,71.5,71.5,2,19000,19000,0,
2026-09-04T13,119,12,73.5,73.5,73.5,73.5,6,436808,76075,0,
2026-09-04T13,120,0,2.6,2.85,2.5,2.55,56,1968503,16415,1500,
2026-09-04T13,120,1,3.15,3.15,3.15,3.15,6,110863,95863,3500,
2026-09-04T13,120,2,3.2,3.2,3.2,3.2,6,1140746,1044644,0,
2026-09-04T13,120,3,3.35,3.35,3.35,3.35,6,679287,679287,0,
2026-09-04T13,120,4,3.5,3.5,3.5,3.5,3,69216,69216,0,
2026-09-04T13,120,5,3.5,3.5,3.5,3.5,3,1802583,1802583,0,
2026-09-04T13,120,6,3.6,3.6,3.6,3.6,4,1784221,1784221,0,
2026-09-04T13,120,7,3.6,3.6,3.6,3.6,6,2142544,647644,0,
2026-09-04T13,120,9,6.0,6.0,6.0,6.0,2,505000,500000,0,
2026-09-04T13,120,10,5.9,5.9,5.9,5.9,3,110200,50000,0,
2026-09-04T13,120,11,6.0,6.0,6.0,6.0,2,735894,251366,0,
2026-09-04T13,121,0,150.0,150.0,149.0,150.0,20,19198,3262,20,
2026-09-04T13,121,1,160.0,160.0,160.0,160.0,8,27509,12219,2,
2026-09-04T13,121,2,178.0,178.0,178.0,178.0,16,21909,7552,0,
2026-09-04T13,121,3,178.0,178.0,178.0,178.0,23,159230,2591,20,
2026-09-04T13,121,4,220.0,220.0,220.0,220.0,9,32359,25499,0,
2026-09-04T13,121,5,224.0,224.0,224.0,224.0,6,49280,8272,0,
2026-09-04T13,121,6,232.0,232.0,232.0,232.0,4,34883,16681,0,
2026-09-04T13,121,7,242.0,242.0,242.0,242.0,6,115423,115423,0,
2026-09-04T13,121,9,270.0,270.0,270.0,270.0,1,2821,2821,23,
2026-09-04T13,121,10,284.0,284.0,284.0,284.0,1,3786,3786,0,
2026-09-04T13,121,12,286.0,286.0,286.0,286.0,3,14169,14169,0,
2026-09-04T13,122,0,127.0,132.0,127.0,130.0,15,23636,23378,0,
2026-09-04T13,122,1,130.0,140.0,130.0,140.0,2,25,17,0,
2026-09-04T13,122,2,131.0,131.0,131.0,131.0,8,31608,31303,0,
2026-09-04T13,122,3,133.0,133.0,133.0,133.0,12,47042,42741,20,
2026-09-04T13,122,4,135.0,135.0,135.0,135.0,11,171952,167201,0,
2026-09-04T13,122,5,144.0,144.0,144.0,144.0,5,25804,25804,0,
2026-09-04T13,122,6,150.0,150.0,150.0,150.0,2,96899,96899,0,
2026-09-04T13,122,7,150.0,150.0,150.0,150.0,3,24638,24638,0,
2026-09-04T13,122,8,153.0,153.0,153.0,153.0,8,68166,34665,35,
2026-09-04T13,122,9,190.0,190.0,190.0,190.0,2,19971,19954,0,
2026-09-04T13,122,10,200.0,200.0,200.0,200.0,6,12412,7412,0,
2026-09-04T13,122,11,218.0,218.0,218.0,218.0,2,2700,2700,0,
2026-09-04T13,122,12,224.0,224.0,224.0,224.0,2,1214,1214,0,
2026-09-04T13,123,0,294.0,296.0,290.0,290.0,9,8462,8459,14,
2026-09-04T13,123,1,302.0,302.0,302.0,302.0,4,716,716,0,
2026-09-04T13,123,2,300.0,300.0,300.0,300.0,6,6591,6591,0,
2026-09-04T13,123,3,302.0,302.0,302.0,302.0,7,5317,4067,0,
2026-09-04T13,123,4,306.0,306.0,306.0,306.0,6,16767,16767,0,
2026-09-04T13,123,5,304.0,304.0,304.0,304.0,10,37920,15476,0,
2026-09-04T13,123,6,318.0,318.0,318.0,318.0,9,77304,66759,0,
2026-09-04T13,123,7,386.0,386.0,386.0,386.0,1,5739,5739,0,
2026-09-04T13,123,9,394.0,394.0,394.0,394.0,2,567,567,0,
2026-09-04T13,123,12,398.0,398.0,398.0,398.0,2,4776,4776,0,
2026-09-04T13,124,0,36.0,36.0,35.25,35.5,28,79102,22055,101,
2026-09-04T13,124,1,36.75,36.75,36.75,36.75,13,134329,60139,0,
2026-09-04T13,124,2,37.0,37.0,37.0,37.0,12,117465,86417,0,
2026-09-04T13,124,3,38.75,38.75,38.75,38.75,18,495131,450781,0,
2026-09-04T13,124,4,42.0,42.0,42.0,42.0,13,239814,113756,0,
2026-09-04T13,124,5,45.25,45.25,45.25,45.25,4,97792,97792,0,
2026-09-04T13,124,6,50.0,50.0,49.5,49.5,5,338312,338312,0,
2026-09-04T13,124,7,51.5,51.5,51.5,51.5,6,790866,538192,0,
2026-09-04T13,124,8,53.0,53.0,53.0,53.0,1,42919,42919,0,
2026-09-04T13,124,9,59.0,59.0,59.0,59.0,1,50000,50000,0,
2026-09-04T13,124,10,59.0,59.0,59.0,59.0,5,28461,23760,0,
2026-09-04T13,124,11,89.0,89.0,89.0,89.0,2,14000,14000,0,
2026-09-04T13,124,12,90.0,90.0,90.0,90.0,5,97220,632,0,
2026-09-04T13,125,0,25.5,27.25,25.5,26.75,50,301689,48039,0,
2026-09-04T13,125,1,27.25,27.25,26.75,26.75,14,54308,5740,0,
2026-09-04T13,125,2,28.0,28.0,28.0,28.0,41,192688,49844,0,
2026-09-04T13,125,3,35.0,35.0,35.0,35.0,23,140060,36537,0,
2026-09-04T13,125,4,39.5,39.5,39.5,39.5,28,279848,49581,0,
2026-09-04T13,125,5,43.75,43.75,43.75,43.75,8,1115219,1031079,0,
2026-09-04T13,125,6,50.5,50.5,50.5,50.5,3,21202,21202,0,
2026-09-04T13,125,7,51.5,51.5,51.5,51.5,6,1070144,593984,0,
2026-09-04T13,125,8,53.5,53.5,53.5,53.5,6,491199,87744,0,
2026-09-04T13,125,9,55.5,55.5,55.5,55.5,4,139980,119980,20,
2026-09-04T13,125,10,56.0,56.0,56.0,56.0,7,202903,193014,0,
2026-09-04T13,125,11,59.5,59.5,59.5,59.5,1,10000,10000,0,
2026-09-04T13,125,12,60.0,60.0,60.0,60.0,3,92345,87845,0,
2026-09-04T13,126,0,56.0,56.0,54.0,55.0,18,8986,5275,0,
2026-09-04T13,126,1,54.0,57.0,54.0,57.0,3,4708,4706,0,
2026-09-04T13,126,2,56.5,57.0,56.5,57.0,5,26291,25651,3579,
2026-09-04T13,126,4,60.5,60.5,60.5,60.5,5,41738,41738,0,
2026-09-04T13,126,5,63.5,63.5,63.5,63.5,6,93423,39492,0,
2026-09-04T13,126,6,66.0,66.0,66.0,66.0,3,109721,69721,0,
2026-09-04T13,126,7,68.5,68.5,68.5,68.5,5,70028,70028,0,
2026-09-04T13,126,8,79.5,79.5,79.5,79.5,8,149111,131111,0,
2026-09-04T13,126,9,96.0,96.0,96.0,96.0,1,250,250,0,
2026-09-04T13,126,10,90.0,90.0,90.0,90.0,2,846,346,0,
2026-09-04T13,126,12,100.0,100.0,100.0,100.0,1,1000,1000,0,
2026-09-04T13,127,0,476.0,476.0,476.0,476.0,9,6769,6762,17,
2026-09-04T13,127,1,478.0,478.0,478.0,478.0,2,268,263,0,
2026-09-04T13,127,2,480.0,480.0,480.0,480.0,5,6484,6484,0,
2026-09-04T13,127,3,478.0,478.0,478.0,478.0,6,4959,4099,0,
2026-09-04T13,127,4,520.0,520.0,520.0,520.0,3,3555,3501,0,
2026-09-04T13,127,5,750.0,750.0,750.0,750.0,1,25,25,0,
2026-09-04T13,128,0,53.5,54.0,53.5,54.0,19,147966,96080,0,
2026-09-04T13,128,1,67.0,67.0,67.0,67.0,15,50007,3568,0,
2026-09-04T13,128,2,76.0,76.0,76.0,76.0,8,32129,17983,0,
2026-09-04T13,128,3,79.5,79.5,79.5,79.5,3,48625,47431,0,
2026-09-04T13,128,5,92.5,92.5,92.5,92.5,1,7054,7054,0,
2026-09-04T13,128,6,93.0,93.0,93.0,93.0,1,2173,2173,0,
2026-09-04T13,128,8,93.0,93.0,93.0,93.0,2,444,444,0,
2026-09-04T13,128,9,99.5,99.5,99.5,99.5,2,41800,41800,0,
2026-09-04T13,128,10,110.0,110.0,110.0,110.0,1,9990,9990,0,
2026-09-04T13,129,0,2130.0,2130.0,2130.0,2130.0,16,4411,293,17,
2026-09-04T13,129,1,2240.0,2240.0,2240.0,2240.0,10,361,241,0,
2026-09-04T13,129,2,2500.0,2500.0,2500.0,2500.0,5,6761,6761,200,
2026-09-04T13,129,3,2730.0,2730.0,2730.0,2730.0,6,876,876,0,
2026-09-04T13,129,4,2720.0,2720.0,2720.0,2720.0,5,1425,1425,0,
2026-09-04T13,129,5,2780.0,2780.0,2780.0,2780.0,9,4593,2333,0,
2026-09-04T13,129,6,3000.0,3000.0,3000.0,3000.0,6,6193,4193,0,
2026-09-04T13,129,7,3050.0,3050.0,3050.0,3050.0,1,494,494,0,
2026-09-04T13,129,8,3230.0,3230.0,3230.0,3230.0,3,6187,6187,0,
2026-09-04T13,129,11,3800.0,3800.0,3800.0,3800.0,1,1000,1000,0,
2026-09-04T13,129,12,4120.0,4120.0,4120.0,4120.0,1,14,14,0,
2026-09-04T13,130,0,2040.0,2040.0,2030.0,2030.0,11,376,376,8,
2026-09-04T13,130,1,2100.0,2100.0,2100.0,2100.0,6,162,162,0,
2026-09-04T13,130,2,2140.0,2140.0,2140.0,2140.0,3,1220,1220,0,
2026-09-04T13,130,3,2140.0,2140.0,2140.0,2140.0,18,3830,2124,0,
2026-09-04T13,130,4,2150.0,2150.0,2150.0,2150.0,22,4579,896,0,
2026-09-04T13,130,5,2760.0,2760.0,2760.0,2760.0,10,7406,6606,0,
2026-09-04T13,130,6,2870.0,2870.0,2870.0,2870.0,3,1569,1569,0,
2026-09-04T13,130,7,2800.0,2800.0,2800.0,2800.0,3,1790,1790,0,
2026-09-04T13,130,9,3050.0,3050.0,3050.0,3050.0,3,2984,2984,0,
2026-09-04T13,130,10,3290.0,3290.0,3290.0,3290.0,1,7,7,0,
2026-09-04T13,130,11,3290.0,3290.0,3290.0,3290.0,2,1965,1965,0,
2026-09-04T13,131,0,2380.0,2380.0,2370.0,2380.0,7,2026,2026,0,
2026-09-04T13,131,1,2530.0,2530.0,2530.0,2530.0,9,862,792,0,
2026-09-04T13,131,2,2580.0,2580.0,2580.0,2580.0,6,331,331,0,
2026-09-04T13,131,3,2650.0,2650.0,2650.0,2650.0,6,1377,1377,0,
2026-09-04T13,131,4,2720.0,2720.0,2720.0,2720.0,6,1255,1255,11,
2026-09-04T13,131,5,2860.0,2860.0,2860.0,2860.0,3,1500,1500,0,
2026-09-04T13,131,6,2970.0,2970.0,2970.0,2970.0,1,8,8,0,
2026-09-04T13,131,7,2990.0,2990.0,2990.0,2990.0,1,79,79,0,
2026-09-04T13,132,0,2130.0,2130.0,2130.0,2130.0,25,1644,180,4,
2026-09-04T13,132,1,2360.0,2360.0,2360.0,2360.0,6,808,444,0,
2026-09-04T13,132,2,2580.0,2580.0,2580.0,2580.0,6,378,282,0,
2026-09-04T13,132,3,2840.0,2840.0,2840.0,2840.0,12,875,875,0,
2026-09-04T13,132,4,2920.0,2920.0,2920.0,2920.0,6,1395,1395,0,
2026-09-04T13,132,5,2950.0,2950.0,2950.0,2950.0,4,2180,2180,0,
2026-09-04T13,132,6,2990.0,2990.0,2990.0,2990.0,6,3819,3819,0,
2026-09-04T13,132,7,3050.0,3050.0,3050.0,3050.0,5,3470,2970,0,
2026-09-04T13,132,8,3390.0,3390.0,3390.0,3390.0,1,463,463,0,
2026-09-04T13,132,10,3500.0,3500.0,3500.0,3500.0,4,1389,808,0,
2026-09-04T13,132,12,4190.0,4190.0,4190.0,4190.0,2,1463,463,0,
2026-09-04T13,133,0,19.0,19.0,17.6,18.2,14,47626,47093,0,
2026-09-04T13,133,1,19.2,19.2,19.2,19.2,2,149638,149638,0,
2026-09-04T13,133,2,19.5,19.5,19.5,19.5,2,431594,431594,0,
2026-09-04T13,133,3,19.2,19.2,19.2,19.2,4,102463,46074,648,
2026-09-04T13,133,4,20.0,20.0,20.0,20.0,15,292522,134491,0,
2026-09-04T13,133,5,23.75,23.75,23.75,23.75,12,436275,234981,0,
2026-09-04T13,133,6,28.25,28.25,28.25,28.25,2,8557,8557,0,
2026-09-04T13,133,9,39.0,39.0,38.75,38.75,19,89297,47243,0,
2026-09-04T13,133,10,40.0,40.0,40.0,40.0,6,208818,79772,0,
2026-09-04T13,134,0,49.25,49.25,48.75,48.75,19,88118,36255,442,
2026-09-04T13,134,1,51.0,51.5,51.0,51.5,5,34025,34025,0,
2026-09-04T13,134,2,51.0,51.5,51.0,51.5,13,52239,14282,29,
2026-09-04T13,134,3,54.0,54.0,54.0,54.0,12,72943,45451,0,
2026-09-04T13,134,4,59.0,59.0,59.0,59.0,11,123362,99023,0,
2026-09-04T13,134,5,60.0,60.0,60.0,60.0,9,261390,211950,0,
2026-09-04T13,134,6,80.0,80.0,80.0,80.0,2,1717,1716,0,
2026-09-04T13,134,7,88.0,88.0,88.0,88.0,1,982,982,0,
2026-09-04T13,134,10,95.0,95.0,95.0,95.0,2,10000,10000,0,
2026-09-04T13,134,11,90.0,90.0,90.0,90.0,1,3206,3206,84,
2026-09-04T13,134,12,99.5,99.5,99.5,99.5,4,66481,65883,0,
2026-09-04T13,135,0,17.0,17.4,17.0,17.3,42,373314,58135,0,
2026-09-04T13,135,1,17.4,17.4,17.4,17.4,23,381050,107036,5748,
2026-09-04T13,135,2,17.9,17.9,17.9,17.9,36,428732,146898,0,
2026-09-04T13,135,3,17.9,17.9,17.9,17.9,23,885746,241365,0,
2026-09-04T13,135,4,21.0,21.0,21.0,21.0,12,265257,152691,0,
2026-09-04T13,135,5,21.5,21.5,21.5,21.5,6,219692,178965,0,
2026-09-04T13,135,6,25.25,25.25,25.25,25.25,4,417239,367239,0,
2026-09-04T13,135,7,28.75,28.75,28.75,28.75,4,626586,626586,0,
2026-09-04T13,135,8,33.25,33.25,33.25,33.25,5,72160,72160,0,
2026-09-04T13,135,9,34.0,34.0,34.0,34.0,1,890,890,0,
2026-09-04T13,135,10,35.0,35.0,35.0,35.0,1,6792,6792,0,
2026-09-04T13,135,11,35.25,35.25,35.25,35.25,2,41300,41300,0,
2026-09-04T13,136,0,1.48,1.52,1.48,1.51,71,433738,238722,5858,
2026-09-04T13,136,1,1.59,1.6,1.59,1.6,9,508733,501765,2618,
2026-09-04T13,136,2,1.61,1.61,1.61,1.61,4,3573433,892528,0,
2026-09-04T13,136,3,1.7,1.7,1.7,1.7,3,75144,75144,0,
2026-09-04T13,136,4,2.2,2.2,2.2,2.2,6,1243238,335130,0,
2026-09-04T13,136,6,2.5,2.5,2.5,2.5,1,500000,500000,0,
2026-09-04T13,136,7,2.95,2.95,2.95,2.95,2,1000999,1000999,0,
2026-09-04T13,137,0,126.0,126.0,125.0,126.0,5,16141,16120,876,
2026-09-04T13,137,1,128.0,128.0,128.0,128.0,4,5935,5915,0,
2026-09-04T13,137,2,130.0,130.0,130.0,130.0,5,9390,9390,0,
2026-09-04T13,137,3,135.0,135.0,135.0,135.0,3,27095,27095,0,
2026-09-04T13,137,4,137.0,137.0,137.0,137.0,6,36926,34926,0,
2026-09-04T13,137,5,147.0,147.0,147.0,147.0,14,46539,28042,0,
2026-09-04T13,137,6,172.0,172.0,172.0,172.0,6,23309,22340,0,
2026-09-04T13,137,7,240.0,240.0,240.0,240.0,1,2000,2000,0,
2026-09-04T13,137,8,175.0,175.0,175.0,175.0,2,49502,49500,0,
2026-09-04T13,137,9,250.0,250.0,250.0,250.0,2,5150,5150,0,
2026-09-04T13,138,0,1270.0,1270.0,1260.0,1260.0,15,5924,270,0,
2026-09-04T13,138,1,1330.0,1330.0,1330.0,1330.0,13,1840,376,0,
2026-09-04T13,138,2,1340.0,1340.0,1340.0,1340.0,9,4501,3158,0,
2026-09-04T13,138,3,1370.0,1370.0,1370.0,1370.0,7,1991,280,0,
2026-09-04T13,138,4,1600.0,1600.0,1600.0,1600.0,9,3269,2054,0,
2026-09-04T13,138,5,2390.0,2390.0,2390.0,2390.0,1,500,500,0,
2026-09-04T13,138,6,2400.0,2400.0,2400.0,2400.0,1,1000,1000,0,
2026-09-04T13,139,0,10.0,10.0,9.4,9.6,37,720235,12828,3578,
2026-09-04T13,139,1,10.3,10.3,10.3,10.3,11,96047,48888,0,
2026-09-04T13,139,2,10.6,10.6,10.6,10.6,11,316998,132216,0,
2026-09-04T13,139,3,10.9,10.9,10.9,10.9,6,441554,441554,0,
2026-09-04T13,139,4,11.6,11.6,11.6,11.6,4,336056,236056,0,
2026-09-04T13,139,5,13.4,13.4,13.4,13.4,18,1973628,188888,0,
2026-09-04T13,139,6,15.0,15.0,15.0,15.0,1,50000,50000,0,
2026-09-04T13,139,7,17.0,17.0,17.0,17.0,1,50000,50000,0,
2026-09-04T13,139,9,24.0,24.0,24.0,24.0,1,28498,28498,0,
2026-09-04T13,139,10,21.75,21.75,21.75,21.75,3,51999,1999,0,
2026-09-04T13,140,0,262.0,262.0,260.0,260.0,16,1151,1033,93,
2026-09-04T13,140,1,262.0,262.0,262.0,262.0,8,3284,3259,0,
2026-09-04T13,140,2,264.0,264.0,264.0,264.0,3,4897,4897,0,
2026-09-04T13,140,3,266.0,266.0,266.0,266.0,4,16984,16984,0,
2026-09-04T13,140,4,268.0,268.0,268.0,268.0,4,6468,6267,0,
2026-09-04T13,140,5,280.0,280.0,280.0,280.0,1,50,50,0,
2026-09-04T13,140,12,400.0,400.0,400.0,400.0,1,2225,2225,0,
2026-09-04T13,141,0,35.0,35.0,35.0,35.0,19,85150,22654,0,
2026-09-04T13,141,1,50.0,50.0,50.0,50.0,6,140097,139797,0,
2026-09-04T13,141,2,51.0,51.0,51.0,51.0,12,115557,94115,0,
2026-09-04T13,141,3,58.0,58.0,58.0,58.0,13,85718,79451,0,
2026-09-04T13,141,4,59.0,59.0,59.0,59.0,11,88181,49279,0,
2026-09-04T13,141,5,61.5,61.5,61.5,61.5,11,94466,55966,0,
2026-09-04T13,141,6,70.0,70.0,70.0,70.0,2,67429,67429,0,
2026-09-04T13,141,7,71.0,71.0,71.0,71.0,9,118973,109893,0,
2026-09-04T13,141,8,70.0,70.0,70.0,70.0,4,45066,13168,0,
2026-09-04T13,141,9,91.0,91.0,91.0,91.0,7,14446,8694,0,
2026-09-04T13,141,10,93.0,93.0,93.0,93.0,4,72080,65134,0,
2026-09-04T13,141,11,117.0,117.0,117.0,117.0,2,20480,9369,0,
2026-09-04T13,141,12,177.0,177.0,177.0,177.0,2,1139,1139,0,
2026-09-04T13,142,0,755.0,755.0,755.0,755.0,19,2517,452,28,
2026-09-04T13,142,1,770.0,770.0,770.0,770.0,15,2368,196,0,
2026-09-04T13,142,2,830.0,830.0,830.0,830.0,7,2038,183,0,
2026-09-04T13,142,3,895.0,895.0,895.0,895.0,11,2726,604,0,
2026-09-04T13,142,4,950.0,950.0,950.0,950.0,3,1321,1183,0,
2026-09-04T13,142,5,995.0,995.0,995.0,995.0,5,13213,5152,0,
2026-09-04T13,142,6,1020.0,1020.0,1020.0,1020.0,6,16383,16383,0,
2026-09-04T13,142,7,1070.0,1070.0,1070.0,1070.0,2,7789,3815,0,
2026-09-04T13,142,8,1060.0,1060.0,1060.0,1060.0,5,29775,29775,0,
2026-09-04T13,142,9,1140.0,1140.0,1140.0,1140.0,2,10975,10975,10,
2026-09-04T13,142,10,1270.0,1270.0,1270.0,1270.0,9,7158,4659,0,
2026-09-04T13,142,11,1360.0,1360.0,1360.0,1360.0,4,8936,8936,0,
2026-09-04T13,142,12,1500.0,1500.0,1500.0,1500.0,2,2003,2003,0,
2026-09-04T13,143,0,720.0,720.0,715.0,715.0,15,3182,2906,18,
2026-09-04T13,143,1,735.0,735.0,735.0,735.0,7,1215,273,0,
2026-09-04T13,143,2,740.0,740.0,740.0,740.0,16,1713,1350,0,
2026-09-04T13,143,3,815.0,815.0,815.0,815.0,8,12937,689,0,
2026-09-04T13,143,4,880.0,880.0,880.0,880.0,4,3643,3643,0,
2026-09-04T13,143,5,915.0,915.0,915.0,915.0,8,30146,30146,0,
2026-09-04T13,143,6,930.0,930.0,930.0,930.0,8,50768,50768,0,
2026-09-04T13,143,7,965.0,965.0,965.0,965.0,7,20697,20697,0,
2026-09-04T13,143,9,1100.0,1100.0,1100.0,1100.0,1,978,978,0,
2026-09-04T13,143,10,1120.0,1120.0,1120.0,1120.0,3,6678,4392,0,
2026-09-04T13,143,11,1240.0,1240.0,1240.0,1240.0,2,2608,2608,0,
2026-09-04T13,143,12,1440.0,1440.0,1440.0,1440.0,2,468,468,0,
2026-09-04T13,144,0,17.4,17.4,17.4,17.4,11,59926,44528,0,
2026-09-04T13,144,1,18.0,18.0,18.0,18.0,1,1,1,0,
2026-09-04T13,144,2,18.0,18.0,18.0,18.0,2,85672,85672,0,
2026-09-04T13,144,4,18.1,18.1,18.1,18.1,2,11018,11018,0,
2026-09-04T13,144,5,18.3,18.3,18.3,18.3,2,52589,52589,0,
2026-09-04T13,145,0,136.0,136.0,133.0,135.0,42,1188861,842528,6500,
2026-09-04T13,146,0,6.6,6.9,6.4,6.6,41,204335,4338,0,
2026-09-04T13,146,1,7.1,7.1,6.8,6.8,13,827821,465415,0,
2026-09-04T13,146,2,6.9,6.9,6.9,6.9,41,1477943,620081,0,
2026-09-04T13,146,3,7.1,7.1,7.1,7.1,24,1954041,448127,1000,
2026-09-04T13,146,4,7.9,7.9,7.9,7.9,17,4386773,750652,0,
2026-09-04T13,146,5,9.9,9.9,9.9,9.9,2,434687,382495,0,
2026-09-04T13,146,6,9.8,9.8,9.8,9.8,1,90000,90000,0,
2026-09-04T13,146,7,10.0,10.0,10.0,10.0,2,616640,426640,0,
2026-09-04T13,146,8,10.5,10.5,10.5,10.5,8,1190198,1063941,0,
2026-09-04T13,146,10,17.9,17.9,17.9,17.9,2,98862,98862,0,
2026-09-04T13,147,0,39.25,39.75,39.25,39.75,8,96457,81342,0,
2026-09-04T13,147,1,39.75,39.75,39.75,39.75,4,39795,25647,0,
2026-09-04T13,147,2,40.25,40.25,40.25,40.25,6,445241,124263,0,
2026-09-04T13,147,3,44.5,44.5,44.5,44.5,8,196499,127272,0,
2026-09-04T13,147,4,50.5,50.5,50.5,50.5,7,143078,68078,0,
2026-09-04T13,147,5,60.0,60.0,60.0,60.0,1,2,2,0,
2026-09-04T13,148,0,33.25,34.25,30.0,34.25,5,58138,90,0,
2026-09-04T13,148,1,33.25,33.25,33.25,33.25,7,70516,70509,0,
2026-09-04T13,148,2,36.0,36.0,36.0,36.0,3,187948,182848,0,
2026-09-04T13,148,3,36.25,36.25,36.25,36.25,5,170986,170986,0,
2026-09-04T13,148,4,37.0,37.0,37.0,37.0,4,106689,91846,0,
2026-09-04T13,148,5,46.0,46.0,46.0,46.0,4,156603,106603,0,
2026-09-04T13,148,6,49.5,49.5,49.5,49.5,1,1,1,0,
2026-09-04T13,148,10,59.0,59.0,59.0,59.0,2,10005,10005,0,
2026-09-04T13,149,0,780.0,790.0,780.0,790.0,11,1880,1776,3,
2026-09-04T13,149,1,815.0,815.0,815.0,815.0,11,1702,1313,0,
2026-09-04T13,149,2,835.0,835.0,835.0,835.0,12,8404,227,0,
2026-09-04T13,149,3,890.0,890.0,890.0,890.0,10,8571,2988,0,
2026-09-04T13,149,4,970.0,970.0,970.0,970.0,8,7134,6118,0,
2026-09-04T13,149,5,1010.0,1010.0,1010.0,1010.0,5,10793,10793,0,
2026-09-04T13,149,8,1070.0,1070.0,1070.0,1070.0,5,11049,4649,0,
2026-09-04T13,150,0,368.0,368.0,364.0,364.0,35,23194,1533,0,
2026-09-04T13,150,1,800.0,800.0,800.0,800.0,17,9270,282,0,
2026-09-04T13,150,2,1680.0,1680.0,1680.0,1680.0,5,29766,29140,0,
2026-09-04T13,150,3,2810.0,2810.0,2810.0,2810.0,21,721,48,0,
2026-09-04T13,150,4,4960.0,4960.0,4960.0,4960.0,12,914,905,0,
2026-09-04T13,150,5,8975.0,8975.0,8975.0,8975.0,5,100,59,0,
2026-09-04T13,150,6,17200.0,17200.0,17200.0,17200.0,10,247,111,0,
2026-09-04T13,150,7,33000.0,33000.0,33000.0,33000.0,16,279,29,0,
2026-09-04T13,150,8,70000.0,70000.0,70000.0,70000.0,9,767,756,0,
2026-09-04T13,150,9,138000.0,138000.0,138000.0,138000.0,10,229,80,0,
2026-09-04T13,150,10,271500.0,271500.0,271500.0,271500.0,6,97,79,0,
2026-09-04T13,150,11,624500.0,624500.0,624500.0,624500.0,10,51,46,0,
2026-09-04T13,150,12,1380000.0,1380000.0,1380000.0,1380000.0,11,142,2,0,
2026-09-04T13,151,0,384.0,384.0,384.0,384.0,5,406,406,0,
2026-09-04T13,151,1,388.0,388.0,388.0,388.0,5,4998,4998,0,
2026-09-04T13,151,2,464.0,464.0,464.0,464.0,6,7230,6565,0,
2026-09-04T13,151,3,472.0,472.0,472.0,472.0,4,7045,6695,0,
2026-09-04T13,151,4,476.0,476.0,476.0,476.0,3,6488,6488,0,
2026-09-04T13,151,7,500.0,500.0,500.0,500.0,1,4,4,0,
2026-09-04T13,151,8,500.0,500.0,500.0,500.0,1,2,2,0,
2026-09-04T13,151,9,2290.0,2290.0,2290.0,2290.0,4,1101,1101,0,
2026-09-04T13,151,10,2900.0,2900.0,2900.0,2900.0,2,6002,6002,0,
2026-09-04T13,152,0,234.0,234.0,234.0,234.0,7,1703,225,0,
2026-09-04T13,152,1,250.0,250.0,250.0,250.0,14,1181,793,0,
2026-09-04T13,152,2,294.0,294.0,294.0,294.0,3,55,55,0,
2026-09-04T13,152,3,298.0,298.0,298.0,298.0,2,1200,1200,0,
2026-09-04T13,152,4,320.0,320.0,320.0,320.0,2,4017,4017,0,
2026-09-04T13,155,0,131.0,131.0,131.0,131.0,8,6963,6622,0,
2026-09-04T13,155,7,170.0,170.0,170.0,170.0,1,3400,3400,0,
2026-09-04T14,1,0,0.259,0.262,0.25,0.255,174,109766210,41300630,186165,
2026-09-04T14,1,1,0.262,0.262,0.261,0.261,31,27791927,27782863,27285,
2026-09-04T14,1,2,0.264,0.264,0.261,0.261,61,159737504,147970381,273383,
2026-09-04T14,1,3,0.262,0.265,0.262,0.263,35,225564253,164142105,0,
2026-09-04T14,1,4,0.265,0.265,0.264,0.264,53,262058789,177591322,23114053,
2026-09-04T14,1,5,0.265,0.266,0.265,0.266,15,107519553,98345444,1556824,
2026-09-04T14,1,6,0.267,0.267,0.266,0.266,9,68679320,68679320,0,
2026-09-04T14,1,7,0.267,0.267,0.267,0.267,8,60983280,60983280,0,
2026-09-04T14,1,8,0.267,0.267,0.267,0.267,7,57230777,57230777,0,
2026-09-04T14,1,9,0.267,0.267,0.267,0.267,6,46526158,41476983,0,
2026-09-04T14,1,10,0.266,0.267,0.266,0.267,9,46497267,8430386,1841135,
2026-09-04T14,1,11,0.268,0.268,0.268,0.268,8,58774328,24748794,0,
2026-09-04T14,1,12,0.267,0.268,0.267,0.268,18,168084831,134213700,333,
2026-09-04T14,2,0,0.367,0.371,0.358,0.361,138,39238021,12936397,174181,
2026-09-04T14,2,1,0.38,0.38,0.369,0.369,22,8665080,7400834,539816,
2026-09-04T14,2,2,0.389,0.389,0.385,0.386,35,74244103,57027982,2533847,
2026-09-04T14,2,3,0.413,0.413,0.406,0.406,11,29387035,9387035,43571,
2026-09-04T14,2,4,0.467,0.469,0.466,0.469,13,23109178,23109178,885063,
2026-09-04T14,2,5,0.481,0.481,0.481,0.481,13,39961661,39961661,479919,
2026-09-04T14,2,6,0.484,0.484,0.482,0.482,6,14900883,14900883,23040,
2026-09-04T14,2,7,0.5,0.5,0.5,0.5,3,16159375,9386295,99540,
2026-09-04T14,2,8,0.525,0.525,0.525,0.525,1,6449371,6449371,0,
2026-09-04T14,2,10,0.51,0.525,0.51,0.525,5,18022371,13022371,0,
2026-09-04T14,2,11,0.585,0.585,0.585,0.585,3,10902251,10902251,0,
2026-09-04T14,2,12,0.655,0.655,0.655,0.655,6,1126275,826275,0,
2026-09-04T14,3,0,2.15,2.45,1.99,2.4,253,2338116,617326,5906,
2026-09-04T14,3,1,2.3,2.5,2.3,2.5,22,1325730,487812,0,
2026-09-04T14,3,2,2.45,2.5,2.4,2.5,26,2950814,1166287,13638,
2026-09-04T14,3,3,2.95,2.95,2.95,2.95,16,2582773,209558,0,
2026-09-04T14,3,4,3.15,3.25,3.15,3.25,13,2989858,1206992,0,
2026-09-04T14,3,5,3.45,3.45,3.45,3.45,5,3204637,2407820,0,
2026-09-04T14,3,6,3.45,3.45,3.45,3.45,3,3124571,1654899,375423,
2026-09-04T14,3,7,4.55,4.55,4.55,4.55,2,210400,210400,0,
2026-09-04T14,3,10,6.2,6.2,6.2,6.2,1,322598,322598,0,
2026-09-04T14,3,11,6.4,6.4,6.4,6.4,3,23615,23615,0,
2026-09-04T14,3,12,7.0,7.0,7.0,7.0,1,311180,311180,0,
2026-09-04T14,4,0,2.4,2.5,2.2,2.4,84,837860,10689,502,
2026-09-04T14,4,1,2.5,2.5,2.5,2.5,8,395641,27805,2200,
2026-09-04T14,4,2,2.6,2.6,2.6,2.6,11,621426,346222,0,
2026-09-04T14,4,3,2.75,2.75,2.75,2.75,10,2945061,375083,0,
2026-09-04T14,4,4,3.1,3.1,3.1,3.1,7,4311282,4131282,0,
2026-09-04T14,4,5,3.1,3.1,3.1,3.1,10,2211308,861225,0,
2026-09-04T14,4,6,3.55,3.6,3.55,3.6,2,668861,668861,0,
2026-09-04T14,4,7,3.7,3.7,3.7,3.7,3,719346,300000,0,
2026-09-04T14,4,8,4.45,4.45,4.45,4.45,3,115999,100000,0,
2026-09-04T14,5,0,2.95,3.0,2.75,3.0,62,1591890,897272,3034,
2026-09-04T14,5,1,3.1,3.1,3.1,3.1,6,322358,242358,0,
2026-09-04T14,5,2,3.05,3.05,3.05,3.05,6,543002,543002,0,
2026-09-04T14,5,3,3.15,3.15,3.15,3.15,4,775004,374630,0,
2026-09-04T14,5,4,3.2,3.2,3.2,3.2,7,1153819,466908,0,
2026-09-04T14,5,5,3.3,3.3,3.3,3.3,2,37200,7200,0,
2026-09-04T14,5,6,4.95,4.95,4.95,4.95,1,99999,99999,0,
2026-09-04T14,5,7,5.0,5.0,5.0,5.0,1,999,999,0,
2026-09-04T14,6,0,0.68,0.705,0.65,0.7,82,6445822,4972045,176975,
2026-09-04T14,6,1,0.715,0.715,0.715,0.715,12,2131100,2129902,100000,
2026-09-04T14,6,2,0.72,0.72,0.72,0.72,10,3772972,3772972,335490,
2026-09-04T14,6,3,0.74,0.74,0.74,0.74,12,5354867,2385410,19700,
2026-09-04T14,6,4,0.86,0.86,0.86,0.86,9,7752817,6932317,0,
2026-09-04T14,6,5,0.98,0.98,0.98,0.98,3,9584154,9584154,0,
2026-09-04T14,6,6,1.11,1.11,1.11,1.11,10,14205055,9204215,0,
2026-09-04T14,6,7,1.17,1.17,1.17,1.17,8,3878688,1899999,0,
2026-09-04T14,6,8,1.49,1.49,1.49,1.49,4,4429519,4429519,0,
2026-09-04T14,6,9,1.7,1.7,1.7,1.7,2,2070000,1750000,0,
2026-09-04T14,6,10,1.75,1.75,1.75,1.75,2,4500000,900000,0,
2026-09-04T14,6,11,2.3,2.3,2.3,2.3,1,690000,690000,0,
2026-09-04T14,6,12,2.5,2.5,2.5,2.5,1,300000,300000,0,
2026-09-04T14,7,0,40.25,41.25,40.0,41.25,27,39711,39214,0,
2026-09-04T14,7,1,41.25,41.25,41.25,41.25,8,31531,31521,0,
2026-09-04T14,7,2,40.75,41.25,40.75,41.0,7,95498,95498,65,
2026-09-04T14,7,3,41.5,41.5,41.25,41.25,10,88224,86324,568,
2026-09-04T14,7,4,46.25,46.25,46.25,46.25,8,90308,90288,0,
2026-09-04T14,7,5,46.5,46.5,46.5,46.5,5,105776,68444,0,
2026-09-04T14,7,6,55.5,55.5,55.5,55.5,5,133148,133148,0,
2026-09-04T14,7,7,60.0,60.0,60.0,60.0,1,24046,24046,0,
2026-09-04T14,7,8,62.0,62.0,62.0,62.0,1,12795,12795,0,
2026-09-04T14,7,10,70.0,70.0,70.0,70.0,1,16545,16545,0,
2026-09-04T14,7,11,90.0,90.0,90.0,90.0,2,24990,24990,0,
2026-09-04T14,8,0,10.9,11.0,10.8,10.9,38,393511,151369,1400,
2026-09-04T14,8,1,11.1,11.1,11.1,11.1,7,124209,124159,12,
2026-09-04T14,8,2,11.4,11.4,11.4,11.4,6,413941,413941,0,
2026-09-04T14,8,3,11.2,11.2,11.2,11.2,8,632654,301854,12508,
2026-09-04T14,8,4,11.7,11.7,11.7,11.7,3,192000,192000,0,
2026-09-04T14,8,5,12.5,12.5,12.5,12.5,2,13990,9990,0,
2026-09-04T14,9,0,1.21,1.22,0.94,1.21,81,937903,815895,550,
2026-09-04T14,9,1,1.22,1.22,1.21,1.22,15,645996,582744,27206,
2026-09-04T14,9,2,1.23,1.24,1.23,1.24,21,2943125,595251,0,
2026-09-04T14,9,3,1.26,1.26,1.25,1.25,15,1941483,694077,0,
2026-09-04T14,9,4,1.35,1.35,1.35,1.35,10,1861591,1111591,0,
2026-09-04T14,9,5,1.37,1.37,1.37,1.37,6,832259,102821,0,
2026-09-04T14,9,7,1.77,1.77,1.77,1.77,6,4571043,500001,0,
2026-09-04T14,9,8,2.5,2.5,2.5,2.5,1,50422,50422,0,
2026-09-04T14,9,10,3.6,3.6,3.6,3.6,1,305248,305248,0,
2026-09-04T14,10,0,29.0,29.5,28.75,29.0,34,865043,743481,0,
2026-09-04T14,10,1,29.25,29.5,29.25,29.5,12,376060,375802,0,
2026-09-04T14,10,2,29.25,29.5,29.25,29.5,16,766206,167596,58420,
2026-09-04T14,10,3,29.5,30.0,29.5,30.0,11,1015905,726892,16730,
2026-09-04T14,10,4,30.25,30.25,30.25,30.25,12,1163958,535406,0,
2026-09-04T14,10,5,29.5,30.25,29.5,30.25,8,517450,517450,0,
2026-09-04T14,10,6,29.75,30.75,29.75,30.75,4,716365,716365,0,
2026-09-04T14,10,7,30.0,30.0,30.0,30.0,6,328655,273736,0,
2026-09-04T14,10,10,30.5,30.5,30.5,30.5,6,337746,150580,0,
2026-09-04T14,10,11,30.5,30.5,30.5,30.5,7,122145,72145,0,
2026-09-04T14,10,12,39.0,39.0,39.0,39.0,2,25999,25999,0,
2026-09-04T14,11,0,41.75,42.0,40.0,41.5,9,77575,76922,0,
2026-09-04T14,11,1,42.0,42.0,41.5,41.5,10,38365,38365,4336,
2026-09-04T14,11,2,41.75,41.75,41.5,41.5,5,87671,87669,24748,
2026-09-04T14,11,3,42.25,42.25,42.25,42.25,2,66365,66365,0,
2026-09-04T14,11,4,42.75,42.75,42.75,42.75,3,284073,284073,0,
2026-09-04T14,11,5,42.75,42.75,42.75,42.75,10,634499,253916,0,
2026-09-04T14,11,6,44.0,44.0,44.0,44.0,3,15271,15271,0,
2026-09-04T14,11,8,48.0,48.0,48.0,48.0,1,10000,10000,0,
2026-09-04T14,11,11,48.0,48.0,48.0,48.0,4,43990,43990,0,
2026-09-04T14,12,0,41.0,41.0,39.0,41.0,20,803961,800592,0,
2026-09-04T14,12,1,41.0,41.0,41.0,41.0,8,199346,199296,7879,
2026-09-04T14,12,2,41.25,41.25,40.75,41.25,11,661849,97353,0,
2026-09-04T14,12,3,41.5,41.5,40.75,40.75,19,94455,75220,22680,
2026-09-04T14,12,4,42.0,42.0,42.0,42.0,7,146147,134910,20000,
2026-09-04T14,12,5,42.25,42.25,42.25,42.25,6,338338,338338,90100,
2026-09-04T14,12,6,43.75,43.75,43.75,43.75,1,34878,34878,0,
2026-09-04T14,12,7,46.75,46.75,46.75,46.75,2,37000,37000,0,
2026-09-04T14,12,8,46.75,46.75,46.75,46.75,3,54953,54953,0,
2026-09-04T14,12,9,50.0,50.0,50.0,50.0,1,19999,19999,0,
2026-09-04T14,13,0,0.362,0.362,0.358,0.36,129,546806257,157363478,9460048,
2026-09-04T14,14,0,10.6,11.1,10.5,11.0,23,414391,409956,6530,
2026-09-04T14,14,1,11.0,11.2,11.0,11.2,10,314437,304437,2332,
2026-09-04T14,14,2,11.2,11.2,11.1,11.1,11,288481,181441,54218,
2026-09-04T14,14,3,11.3,11.3,11.2,11.3,10,523998,247123,0,
2026-09-04T14,14,4,11.3,11.3,11.2,11.2,9,1088956,1025990,312,
2026-09-04T14,14,5,11.6,11.6,11.6,11.6,9,3669798,2169634,0,
2026-09-04T14,14,6,13.9,13.9,13.9,13.9,3,690000,590000,0,
2026-09-04T14,14,7,13.5,13.5,13.5,13.5,2,52728,32017,0,
2026-09-04T14,14,8,18.2,18.2,18.2,18.2,4,913305,913305,0,
2026-09-04T14,14,11,11.6,11.6,11.6,11.6,1,25219,25219,0,
2026-09-04T14,15,0,9.6,10.3,9.5,9.6,33,1856868,6852,1000,
2026-09-04T14,15,1,10.3,10.4,10.3,10.4,14,277076,260430,205,
2026-09-04T14,15,2,10.4,10.7,10.4,10.6,8,793324,793324,0,
2026-09-04T14,15,3,10.6,10.8,10.6,10.8,16,2674926,2256513,29200,
2026-09-04T14,15,4,11.0,11.0,11.0,11.0,3,508187,508187,0,
2026-09-04T14,15,5,11.2,11.2,11.2,11.2,3,250245,182081,0,
2026-09-04T14,15,6,11.3,11.3,11.3,11.3,3,240578,240578,0,
2026-09-04T14,15,7,11.4,11.4,11.4,11.4,1,2090,2090,0,
2026-09-04T14,15,8,11.5,11.5,11.5,11.5,3,789811,789811,0,
2026-09-04T14,15,10,11.0,11.0,11.0,11.0,3,282495,82494,0,
2026-09-04T14,16,0,8.4,8.5,8.0,8.5,10,237111,236311,0,
2026-09-04T14,16,1,8.5,8.7,8.5,8.6,19,599870,570105,0,
2026-09-04T14,16,2,8.5,8.8,8.5,8.8,10,497890,455456,7027,
2026-09-04T14,16,3,8.7,8.8,8.7,8.8,9,1058520,1054261,44039,
2026-09-04T14,16,4,9.1,9.1,8.9,9.1,4,642278,642278,11022,
2026-09-04T14,16,5,9.1,9.2,9.0,9.2,1,50000,50000,0,
2026-09-04T14,16,6,9.1,9.2,9.1,9.2,3,122520,122520,128262,
2026-09-04T14,16,7,9.2,9.2,9.2,9.2,1,207420,207420,0,
2026-09-04T14,16,8,9.6,9.6,9.6,9.6,4,1020000,520000,0,
2026-09-04T14,16,11,9.4,9.4,9.4,9.4,1,145183,145183,0,
2026-09-04T14,16,12,9.4,9.4,9.4,9.4,4,2023980,2023980,0,
2026-09-04T14,17,0,14.4,14.7,14.2,14.7,15,176443,128448,32898,
2026-09-04T14,17,1,14.4,14.9,14.4,14.9,8,204193,204188,0,
2026-09-04T14,17,2,14.6,14.8,14.6,14.8,10,708223,656532,9260,
2026-09-04T14,17,3,14.9,14.9,14.9,14.9,3,1459712,1459712,0,
2026-09-04T14,17,4,14.9,14.9,14.9,14.9,9,1141568,1141568,3279,
2026-09-04T14,17,5,14.9,15.0,14.9,15.0,4,447105,447105,2420,
2026-09-04T14,17,6,15.0,15.0,15.0,15.0,4,435794,435794,25620,
2026-09-04T14,17,7,15.2,15.2,15.2,15.2,4,523812,493812,0,
2026-09-04T14,17,8,15.8,15.8,15.6,15.6,9,1998122,606148,0,
2026-09-04T14,17,9,16.5,16.5,16.5,16.5,3,515568,118832,0,
2026-09-04T14,17,10,16.3,16.3,16.3,16.3,22,1370062,634000,0,
2026-09-04T14,17,11,22.0,22.0,22.0,22.0,1,17112,17112,0,
2026-09-04T14,18,0,20.0,21.0,19.2,21.0,10,31668,31468,130,
2026-09-04T14,18,1,20.0,21.0,20.0,21.0,7,159548,64550,0,
2026-09-04T14,18,2,20.75,21.25,20.75,21.25,4,99279,99279,13458,
2026-09-04T14,18,3,21.0,21.0,21.0,21.0,12,796922,696922,17550,
2026-09-04T14,18,4,21.25,21.5,21.25,21.25,17,1042692,931623,0,
2026-09-04T14,18,5,22.5,22.5,22.5,22.5,6,853611,353611,4300,
2026-09-04T14,18,6,24.25,24.5,24.25,24.5,3,20253,20082,7335,
2026-09-04T14,18,7,26.0,26.0,26.0,26.0,1,98360,98360,0,
2026-09-04T14,18,8,26.0,26.0,26.0,26.0,2,110076,110076,0,
2026-09-04T14,18,10,28.75,28.75,28.75,28.75,2,60001,60001,0,
2026-09-04T14,19,0,10.9,11.2,10.8,11.0,22,1419291,128873,2583,
2026-09-04T14,19,1,11.7,11.7,11.7,11.7,3,151829,18719,27546,
2026-09-04T14,19,2,11.8,11.8,11.8,11.8,3,707965,707965,10729,
2026-09-04T14,19,3,11.8,11.9,11.8,11.8,6,236779,236779,12942,
2026-09-04T14,19,4,12.3,12.3,12.2,12.2,8,1855442,1690760,0,
2026-09-04T14,19,5,12.3,12.3,12.3,12.3,7,525146,185721,0,
2026-09-04T14,19,6,12.4,12.4,12.4,12.4,7,440413,382937,0,
2026-09-04T14,19,7,12.4,12.4,12.4,12.4,13,916884,290439,0,
2026-09-04T14,19,8,12.5,12.5,12.5,12.5,10,991618,541618,0,
2026-09-04T14,19,9,15.3,15.3,15.3,15.3,2,96424,96424,0,
2026-09-04T14,19,10,15.3,15.3,15.3,15.3,5,356448,356448,0,
2026-09-04T14,19,11,19.9,19.9,19.9,19.9,2,50999,50999,0,
2026-09-04T14,20,0,107.0,110.0,107.0,110.0,12,111198,38180,0,
2026-09-04T14,20,1,110.0,110.0,109.0,110.0,14,46570,5930,1949,
2026-09-04T14,20,2,111.0,113.0,111.0,113.0,16,101134,62048,0,
2026-09-04T14,20,3,112.0,113.0,110.0,110.0,22,182383,10426,18206,
2026-09-04T14,20,4,117.0,117.0,117.0,117.0,11,78898,32748,0,
2026-09-04T14,20,5,120.0,120.0,120.0,120.0,8,97849,57297,0,
2026-09-04T14,20,6,121.0,121.0,118.0,118.0,5,31378,24255,0,
2026-09-04T14,20,7,120.0,120.0,120.0,120.0,7,32000,13476,0,
2026-09-04T14,21,0,58.5,59.0,57.0,58.0,4,2533,2533,0,
2026-09-04T14,21,1,59.0,59.0,57.5,58.5,7,20510,20479,0,
2026-09-04T14,21,2,58.0,58.5,58.0,58.5,8,60285,60285,38001,
2026-09-04T14,21,3,58.5,59.5,58.5,59.5,8,263686,258686,0,
2026-09-04T14,21,4,61.0,61.0,60.0,60.0,14,663711,489661,0,
2026-09-04T14,21,5,63.0,63.0,63.0,63.0,9,67484,47484,0,
2026-09-04T14,21,6,64.0,64.0,61.0,61.0,4,227118,40204,0,
2026-09-04T14,21,7,66.5,66.5,66.5,66.5,3,96196,96196,0,
2026-09-04T14,21,8,68.0,68.0,68.0,68.0,2,58267,58267,0,
2026-09-04T14,22,0,87.5,93.0,87.0,93.0,3,102,100,0,
2026-09-04T14,22,1,89.0,89.5,88.5,89.5,2,298,298,0,
2026-09-04T14,22,2,88.0,89.5,88.0,89.5,1,1279,1279,0,
2026-09-04T14,22,3,88.0,92.5,88.0,92.5,2,6873,6873,0,
2026-09-04T14,22,4,90.0,91.0,90.0,91.0,3,25698,25698,1698,
2026-09-04T14,22,5,90.5,91.0,90.5,91.0,3,93595,93595,17228,
2026-09-04T14,22,6,92.0,92.0,92.0,92.0,2,20000,20000,0,
2026-09-04T14,22,7,91.5,91.5,91.5,91.5,3,53874,53874,7950,
2026-09-04T14,22,8,95.5,95.5,95.5,95.5,4,48723,48723,0,
2026-09-04T14,22,9,97.0,97.0,97.0,97.0,4,45554,45554,0,
2026-09-04T14,22,10,98.0,98.0,98.0,98.0,1,9946,9946,0,
2026-09-04T14,22,11,108.0,108.0,108.0,108.0,1,24423,24423,0,
2026-09-04T14,23,0,126.0,127.0,126.0,127.0,10,1889,1515,733,
2026-09-04T14,23,1,135.0,135.0,135.0,135.0,1,1,1,0,
2026-09-04T14,23,2,130.0,131.0,129.0,131.0,6,39853,39853,6510,
2026-09-04T14,23,3,131.0,131.0,131.0,131.0,6,31845,25845,118,
2026-09-04T14,23,4,132.0,132.0,132.0,132.0,4,71307,19961,1000,
2026-09-04T14,23,5,133.0,133.0,133.0,133.0,2,10650,10650,0,
2026-09-04T14,23,6,134.0,134.0,134.0,134.0,2,9243,9243,0,
2026-09-04T14,23,7,135.0,135.0,135.0,135.0,2,2055,2055,0,
2026-09-04T14,23,8,137.0,137.0,137.0,137.0,3,30000,20000,0,
2026-09-04T14,23,9,142.0,142.0,142.0,142.0,3,102242,102242,0,
2026-09-04T14,23,10,149.0,149.0,149.0,149.0,2,11824,11824,0,
2026-09-04T14,23,11,210.0,210.0,210.0,210.0,1,199,199,0,
2026-09-04T14,24,0,615.0,630.0,615.0,620.0,13,612,536,0,
2026-09-04T14,24,1,620.0,625.0,620.0,625.0,3,2615,2615,0,
2026-09-04T14,24,2,625.0,630.0,625.0,630.0,1,673,673,0,
2026-09-04T14,24,3,620.0,630.0,620.0,630.0,5,2539,2539,35,
2026-09-04T14,24,4,640.0,640.0,640.0,640.0,5,19609,19609,0,
2026-09-04T14,24,5,660.0,660.0,660.0,660.0,2,3498,1998,0,
2026-09-04T14,24,6,665.0,665.0,665.0,665.0,1,22764,22764,0,
2026-09-04T14,24,7,670.0,670.0,670.0,670.0,1,766,766,0,
2026-09-04T14,24,8,725.0,725.0,725.0,725.0,1,83,83,0,
2026-09-04T14,25,0,745.0,755.0,730.0,740.0,17,5213,2412,174,
2026-09-04T14,25,1,750.0,755.0,750.0,755.0,5,7789,7789,43,
2026-09-04T14,25,2,760.0,760.0,760.0,760.0,8,6927,6924,0,
2026-09-04T14,25,3,780.0,780.0,775.0,775.0,6,13800,13800,0,
2026-09-04T14,25,4,795.0,800.0,795.0,800.0,1,8712,8712,0,
2026-09-04T14,25,5,805.0,805.0,805.0,805.0,3,17352,17352,2338,
2026-09-04T14,25,6,835.0,835.0,835.0,835.0,5,13905,13905,0,
2026-09-04T14,25,7,840.0,840.0,840.0,840.0,8,46100,46100,0,
2026-09-04T14,25,10,900.0,900.0,900.0,900.0,1,467,467,0,
2026-09-04T14,26,0,1170.0,1180.0,1170.0,1180.0,9,545,443,40,
2026-09-04T14,26,1,1200.0,1200.0,1200.0,1200.0,2,1649,1649,0,
2026-09-04T14,26,2,1170.0,1220.0,1170.0,1220.0,4,3896,3896,0,
2026-09-04T14,26,3,1230.0,1230.0,1230.0,1230.0,4,10424,10424,0,
2026-09-04T14,26,4,1240.0,1240.0,1240.0,1240.0,6,4168,4168,0,
2026-09-04T14,26,5,1270.0,1270.0,1270.0,1270.0,3,17843,17843,0,
2026-09-04T14,26,6,1250.0,1250.0,1250.0,1250.0,2,2107,2107,0,
2026-09-04T14,26,7,1360.0,1360.0,1360.0,1360.0,1,1000,1000,0,
2026-09-04T14,27,0,560.0,570.0,560.0,570.0,4,190,186,0,
2026-09-04T14,27,1,585.0,585.0,585.0,585.0,1,1683,1683,0,
2026-09-04T14,27,2,575.0,580.0,575.0,580.0,1,912,912,0,
2026-09-04T14,27,3,580.0,590.0,580.0,590.0,5,536,536,0,
2026-09-04T14,27,4,590.0,595.0,590.0,595.0,2,1866,1866,0,
2026-09-04T14,27,5,595.0,595.0,595.0,595.0,4,9329,9329,0,
2026-09-04T14,27,6,630.0,630.0,630.0,630.0,3,9249,9249,0,
2026-09-04T14,27,7,680.0,680.0,680.0,680.0,1,640,640,0,
2026-09-04T14,27,12,800.0,800.0,800.0,800.0,1,252,252,0,
2026-09-04T14,28,0,930.0,955.0,930.0,955.0,3,721,721,0,
2026-09-04T14,28,1,930.0,945.0,930.0,945.0,1,727,727,0,
2026-09-04T14,28,2,935.0,935.0,935.0,935.0,1,622,622,0,
2026-09-04T14,28,3,985.0,985.0,985.0,985.0,3,2789,2789,0,
2026-09-04T14,28,4,985.0,985.0,985.0,985.0,10,6971,6571,0,
2026-09-04T14,28,6,1040.0,1040.0,1040.0,1040.0,1,500,500,0,
2026-09-04T14,28,9,1050.0,1050.0,1050.0,1050.0,1,285,285,0,
2026-09-04T14,29,0,104.0,106.0,104.0,105.0,38,505415,223193,21259,
2026-09-04T14,30,0,154.0,154.0,152.0,153.0,57,523881,198501,8736,
2026-09-04T14,31,0,200.0,200.0,199.0,199.0,40,754268,529642,2400,
2026-09-04T14,32,0,216.0,218.0,210.0,212.0,64,527707,126072,353,
2026-09-04T14,33,0,108.0,110.0,108.0,110.0,27,308787,112217,19079,
2026-09-04T14,34,0,89.0,89.0,88.5,88.5,75,972684,111686,1205,
2026-09-04T14,35,0,82.0,83.0,82.0,83.0,40,1348065,457231,5640,
2026-09-04T14,40,0,1.5,1.55,1.45,1.49,85,2722926,524447,49558,
2026-09-04T14,40,1,1.61,1.64,1.61,1.64,24,4748560,2034928,9000,
2026-09-04T14,40,2,1.68,1.68,1.68,1.68,19,3695967,809917,189472,
2026-09-04T14,40,3,1.83,1.83,1.83,1.83,12,3831745,2284985,0,
2026-09-04T14,40,4,1.92,1.92,1.92,1.92,16,2885998,1578576,0,
2026-09-04T14,40,5,2.0,2.05,2.0,2.05,12,6459379,454642,0,
2026-09-04T14,40,6,2.15,2.15,2.15,2.15,4,1049910,845888,0,
2026-09-04T14,40,7,2.5,2.5,2.5,2.5,3,829177,829177,0,
2026-09-04T14,40,8,2.85,2.85,2.85,2.85,3,900000,600000,0,
2026-09-04T14,41,0,4.65,4.65,4.55,4.55,27,285881,83936,5414,
2026-09-04T14,41,1,4.95,4.95,4.95,4.95,5,487644,486666,0,
2026-09-04T14,41,2,4.95,4.95,4.95,4.95,5,1351632,255973,48284,
2026-09-04T14,41,3,5.0,5.0,5.0,5.0,10,2104569,1381388,11606,
2026-09-04T14,41,4,5.0,5.1,5.0,5.1,7,1797695,1291851,0,
2026-09-04T14,41,5,5.6,5.6,5.6,5.6,4,1852126,1852126,0,
2026-09-04T14,41,6,7.3,7.3,7.3,7.3,1,50000,50000,0,
2026-09-04T14,41,8,8.3,8.3,8.3,8.3,1,85499,85499,0,
2026-09-04T14,41,9,8.9,8.9,8.9,8.9,1,159004,159004,0,
2026-09-04T14,41,10,8.9,8.9,8.9,8.9,3,101000,100000,0,
2026-09-04T14,41,11,9.9,9.9,9.9,9.9,2,23103,23103,0,
2026-09-04T14,42,0,4.9,5.2,4.75,5.1,37,2771660,214305,1214,
2026-09-04T14,42,1,5.2,5.2,5.2,5.2,6,145168,126431,0,
2026-09-04T14,42,2,5.3,5.3,5.2,5.2,11,1181601,781895,0,
2026-09-04T14,42,3,5.2,5.3,5.2,5.3,13,665337,423545,93671,
2026-09-04T14,42,4,5.4,5.5,5.4,5.5,6,1325227,1075227,0,
2026-09-04T14,42,5,5.7,5.7,5.7,5.7,6,3737535,437535,0,
2026-09-04T14,42,6,6.9,6.9,6.9,6.9,1,1647,1647,0,
2026-09-04T14,42,7,6.9,6.9,6.9,6.9,1,999,999,0,
2026-09-04T14,43,0,11.6,11.6,11.2,11.5,25,317226,238764,15311,
2026-09-04T14,43,1,11.4,11.6,11.4,11.6,14,565871,170620,3742,
2026-09-04T14,43,2,11.5,11.7,11.5,11.7,14,1063122,683377,0,
2026-09-04T14,43,3,12.0,12.0,11.7,11.7,21,1608496,367236,12889,
2026-09-04T14,43,4,12.1,12.1,12.1,12.1,12,712201,671840,0,
2026-09-04T14,43,5,12.7,12.7,12.7,12.7,5,723949,25000,0,
2026-09-04T14,43,6,14.6,14.6,14.6,14.6,6,833306,833306,0,
2026-09-04T14,43,7,17.6,17.6,17.6,17.6,2,27389,27389,0,
2026-09-04T14,43,8,18.8,18.8,18.8,18.8,3,23885,23885,0,
2026-09-04T14,44,0,1.22,1.25,1.21,1.25,15,2596856,2590167,92994,
2026-09-04T14,44,1,1.28,1.29,1.25,1.29,1,825529,825529,73476,
2026-09-04T14,44,2,1.28,1.31,1.28,1.31,15,4903573,4303573,132926,
2026-09-04T14,44,3,1.32,1.32,1.31,1.32,3,1549710,1449710,0,
2026-09-04T14,44,4,1.33,1.33,1.33,1.33,4,11383826,3334934,118930,
2026-09-04T14,44,5,1.34,1.34,1.34,1.34,6,3835586,2287967,0,
2026-09-04T14,44,6,1.35,1.35,1.35,1.35,4,2815813,340000,0,
2026-09-04T14,44,7,1.69,1.69,1.69,1.69,1,400000,400000,0,
2026-09-04T14,45,0,16.0,16.0,15.4,15.5,9,221467,15269,1017,
2026-09-04T14,45,1,15.9,15.9,15.9,15.9,5,179224,53920,0,
2026-09-04T14,45,2,15.9,15.9,15.5,15.5,14,473027,72044,9436,
2026-09-04T14,45,3,16.0,16.0,16.0,16.0,17,606533,199269,0,
2026-09-04T14,45,4,16.6,16.7,16.6,16.7,14,207338,163576,0,
2026-09-04T14,45,5,19.0,19.0,19.0,19.0,1,11111,11111,0,
2026-09-04T14,45,6,17.0,17.0,17.0,17.0,1,122621,122621,0,
2026-09-04T14,45,7,23.5,23.5,23.5,23.5,1,10000,10000,0,
2026-09-04T14,45,9,24.25,24.25,24.25,24.25,1,1999,1999,0,
2026-09-04T14,45,12,24.5,24.5,24.5,24.5,3,54291,54291,0,
2026-09-04T14,46,0,26.75,28.0,26.0,26.75,61,178442,1863,0,
2026-09-04T14,46,1,28.75,28.75,27.25,27.25,19,158874,11039,6055,
2026-09-04T14,46,2,29.0,29.0,27.5,28.75,10,46300,30109,2394,
2026-09-04T14,46,3,30.0,30.0,29.75,29.75,9,432572,383116,0,
2026-09-04T14,46,4,30.0,30.25,30.0,30.25,6,378982,42821,0,
2026-09-04T14,46,5,30.75,30.75,30.75,30.75,10,163520,148520,0,
2026-09-04T14,46,6,34.75,34.75,34.75,34.75,4,148291,148291,0,
2026-09-04T14,46,7,34.75,34.75,34.75,34.75,8,143254,135613,0,
2026-09-04T14,47,0,438.0,442.0,438.0,442.0,11,12468,12295,257,
2026-09-04T14,47,1,444.0,444.0,444.0,444.0,6,4398,4398,763,
2026-09-04T14,47,2,440.0,452.0,440.0,452.0,6,14984,14984,171,
2026-09-04T14,47,3,454.0,454.0,454.0,454.0,10,41444,41444,0,
2026-09-04T14,47,4,472.0,472.0,470.0,470.0,4,12079,12079,2,
2026-09-04T14,47,5,496.0,496.0,470.0,470.0,3,5543,2004,0,
2026-09-04T14,47,6,498.0,498.0,498.0,498.0,6,43664,38664,0,
2026-09-04T14,47,7,525.0,525.0,525.0,525.0,1,7528,7528,0,
2026-09-04T14,47,8,530.0,530.0,530.0,530.0,2,14140,14140,0,
2026-09-04T14,47,9,900.0,900.0,900.0,900.0,1,1,1,0,
2026-09-04T14,48,0,222.0,222.0,222.0,222.0,7,2596,2446,70,
2026-09-04T14,48,1,230.0,230.0,230.0,230.0,4,1677,1677,0,
2026-09-04T14,48,2,230.0,230.0,230.0,230.0,1,500,500,0,
2026-09-04T14,48,3,234.0,234.0,234.0,234.0,2,5760,5760,0,
2026-09-04T14,48,4,232.0,232.0,232.0,232.0,6,92433,58466,1692,
2026-09-04T14,48,5,256.0,256.0,256.0,256.0,4,46054,46054,1476,
2026-09-04T14,48,6,278.0,278.0,278.0,278.0,2,74160,74160,0,
2026-09-04T14,48,7,350.0,350.0,350.0,350.0,3,3000,2000,0,
2026-09-04T14,48,8,400.0,400.0,400.0,400.0,1,250,250,0,
2026-09-04T14,49,0,945.0,945.0,945.0,945.0,21,7818,5301,15,
2026-09-04T14,49,1,1010.0,1010.0,1010.0,1010.0,3,5756,5756,0,
2026-09-04T14,49,2,1040.0,1040.0,1040.0,1040.0,2,1287,1287,0,
2026-09-04T14,49,3,1140.0,1140.0,1140.0,1140.0,1,93,93,0,
2026-09-04T14,49,4,1030.0,1030.0,1030.0,1030.0,1,16704,16704,301,
2026-09-04T14,49,5,1030.0,1050.0,1030.0,1050.0,3,7126,2126,1,
2026-09-04T14,49,6,1190.0,1190.0,1190.0,1190.0,2,584,584,0,
2026-09-04T14,49,7,1230.0,1230.0,1230.0,1230.0,2,9493,9493,0,
2026-09-04T14,50,0,316.0,320.0,312.0,312.0,11,4905,2964,4,
2026-09-04T14,50,1,328.0,328.0,328.0,328.0,1,1800,1800,0,
2026-09-04T14,50,2,332.0,332.0,330.0,330.0,9,16949,16949,798,
2026-09-04T14,50,3,346.0,346.0,346.0,346.0,6,15288,15288,165,
2026-09-04T14,50,4,352.0,352.0,352.0,352.0,5,31426,31426,140,
2026-09-04T14,50,5,362.0,362.0,362.0,362.0,1,5000,5000,0,
2026-09-04T14,50,6,354.0,354.0,354.0,354.0,3,31484,31484,0,
2026-09-04T14,50,7,354.0,354.0,354.0,354.0,8,34711,30211,0,
2026-09-04T14,50,10,418.0,418.0,418.0,418.0,1,2,2,0,
2026-09-04T14,50,11,420.0,420.0,420.0,420.0,4,16400,5000,0,
2026-09-04T14,51,0,775.0,785.0,765.0,765.0,8,4412,3732,0,
2026-09-04T14,51,1,775.0,775.0,775.0,775.0,11,11459,11459,15,
2026-09-04T14,51,2,800.0,800.0,800.0,800.0,7,6573,6544,0,
2026-09-04T14,51,3,800.0,800.0,800.0,800.0,7,20681,20681,1,
2026-09-04T14,51,4,815.0,815.0,815.0,815.0,21,27228,18385,0,
2026-09-04T14,51,5,900.0,900.0,900.0,900.0,9,7831,7463,0,
2026-09-04T14,51,6,910.0,910.0,910.0,910.0,6,7954,6954,0,
2026-09-04T14,51,8,995.0,995.0,995.0,995.0,2,1025,1025,0,
2026-09-04T14,52,0,615.0,615.0,610.0,610.0,8,3376,3376,40,
2026-09-04T14,52,2,620.0,620.0,615.0,615.0,6,6767,6752,1177,
2026-09-04T14,52,3,615.0,625.0,615.0,625.0,1,2578,2578,79,
2026-09-04T14,52,4,615.0,625.0,615.0,625.0,3,5790,5790,0,
2026-09-04T14,52,5,625.0,625.0,625.0,625.0,6,22899,22899,0,
2026-09-04T14,52,6,645.0,645.0,645.0,645.0,4,14059,9059,0,
2026-09-04T14,52,7,800.0,800.0,800.0,800.0,7,110,10,0,
2026-09-04T14,52,8,1230.0,1230.0,1230.0,1230.0,2,1029,1029,0,
2026-09-04T14,52,10,1240.0,1240.0,1240.0,1240.0,1,1000,1000,0,
2026-09-04T14,52,11,1250.0,1250.0,1250.0,1250.0,2,1099,1099,0,
2026-09-04T14,53,0,3460.0,3470.0,3460.0,3470.0,3,3,3,0,
2026-09-04T14,53,1,3590.0,3590.0,3590.0,3590.0,1,1,1,0,
2026-09-04T14,53,3,3460.0,3460.0,3460.0,3460.0,3,1860,1860,19,
2026-09-04T14,53,4,3500.0,3500.0,3500.0,3500.0,6,1424,1424,0,
2026-09-04T14,53,5,3580.0,3580.0,3580.0,3580.0,4,2980,2980,0,
2026-09-04T14,53,6,3790.0,3790.0,3790.0,3790.0,1,4284,4284,0,
2026-09-04T14,53,9,3800.0,3800.0,3800.0,3800.0,1,4,4,0,
2026-09-04T14,54,0,6475.0,6500.0,6475.0,6500.0,4,186,96,0,
2026-09-04T14,54,2,6475.0,6475.0,6475.0,6475.0,2,784,784,40,
2026-09-04T14,54,3,6800.0,6800.0,6800.0,6800.0,1,2614,2614,0,
2026-09-04T14,54,4,6800.0,6800.0,6800.0,6800.0,3,5836,5836,0,
2026-09-04T14,54,5,7000.0,7000.0,7000.0,7000.0,2,2000,1000,0,
2026-09-04T14,54,6,7100.0,7100.0,7100.0,7100.0,2,1007,1007,0,
2026-09-04T14,54,7,6900.0,6900.0,6900.0,6900.0,1,258,258,0,
2026-09-04T14,55,0,2320.0,2320.0,2300.0,2300.0,,,,0,
2026-09-04T14,55,2,2300.0,2300.0,2300.0,2300.0,1,100,100,0,
2026-09-04T14,55,3,2320.0,2320.0,2320.0,2320.0,3,2046,2046,0,
2026-09-04T14,55,4,2340.0,2340.0,2330.0,2330.0,2,199,199,0,
2026-09-04T14,55,6,2390.0,2390.0,2390.0,2390.0,2,366,99,40,
2026-09-04T14,55,7,2420.0,2420.0,2420.0,2420.0,3,55,30,0,
2026-09-04T14,56,0,4430.0,4430.0,4430.0,4430.0,,,,0,
2026-09-04T14,56,2,4430.0,4430.0,4430.0,4430.0,2,58,58,0,
2026-09-04T14,56,3,4430.0,4430.0,4430.0,4430.0,4,598,598,8,
2026-09-04T14,56,4,4440.0,4440.0,4440.0,4440.0,2,2033,2033,0,
2026-09-04T14,56,5,4450.0,4450.0,4440.0,4440.0,6,8637,8637,0,
2026-09-04T14,56,6,4490.0,4540.0,4490.0,4540.0,2,377,377,0,
2026-09-04T14,56,7,5125.0,5125.0,5125.0,5125.0,15,1816,60,0,
2026-09-04T14,56,8,6200.0,6200.0,6200.0,6200.0,1,2849,2849,0,
2026-09-04T14,57,0,5600.0,5625.0,5575.0,5625.0,3,93,35,0,
2026-09-04T14,57,1,5600.0,5600.0,5600.0,5600.0,2,707,707,0,
2026-09-04T14,57,2,5600.0,5600.0,5600.0,5600.0,1,566,566,2,
2026-09-04T14,57,3,5800.0,5800.0,5725.0,5725.0,4,401,74,0,
2026-09-04T14,57,4,5750.0,5750.0,5750.0,5750.0,2,1003,1003,0,
2026-09-04T14,57,5,5800.0,5800.0,5800.0,5800.0,4,7670,6670,0,
2026-09-04T14,57,6,5875.0,5875.0,5875.0,5875.0,9,2441,2041,0,
2026-09-04T14,57,7,6850.0,6850.0,6850.0,6850.0,1,10,10,0,
2026-09-04T14,57,8,6875.0,6875.0,6875.0,6875.0,2,31,30,0,
2026-09-04T14,58,0,125.0,125.0,123.0,123.0,35,871699,57200,15260,
2026-09-04T14,59,0,65.0,66.0,65.0,66.0,36,2449328,1809102,75386,
2026-09-04T14,60,0,5.3,5.8,5.3,5.8,45,821577,283507,3153,
2026-09-04T14,60,1,5.4,5.9,5.4,5.8,10,159271,54187,0,
2026-09-04T14,60,2,5.9,6.3,5.9,6.3,12,542700,211144,0,
2026-09-04T14,60,3,6.3,6.4,6.3,6.4,9,2498518,147413,0,
2026-09-04T14,60,4,6.5,6.6,6.5,6.6,12,9868389,951806,0,
2026-09-04T14,60,5,6.8,6.8,6.7,6.7,7,1092616,202164,0,
2026-09-04T14,60,6,7.2,7.2,7.2,7.2,9,971703,214133,0,
2026-09-04T14,60,7,7.5,7.5,7.5,7.5,4,367282,5000,0,
2026-09-04T14,60,8,8.8,8.8,8.8,8.8,2,285624,285624,0,
2026-09-04T14,60,9,10.0,10.0,10.0,10.0,1,100000,100000,0,
2026-09-04T14,60,10,9.8,9.8,9.8,9.8,4,573266,563267,0,
2026-09-04T14,60,12,12.9,12.9,12.9,12.9,1,1,1,0,
2026-09-04T14,61,0,19.3,19.5,18.9,18.9,16,168135,38417,0,
2026-09-04T14,61,1,19.5,19.5,19.4,19.4,10,1328261,1284829,26570,
2026-09-04T14,61,2,19.8,19.8,19.8,19.8,6,2091331,2091331,0,
2026-09-04T14,61,3,19.9,20.0,19.9,20.0,11,1688423,1158973,0,
2026-09-04T14,61,4,20.5,20.5,20.5,20.5,10,764546,754187,0,
2026-09-04T14,61,5,21.0,21.0,21.0,21.0,7,1055149,1050149,0,
2026-09-04T14,61,6,24.5,24.5,24.5,24.5,3,151876,66000,0,
2026-09-04T14,62,0,22.5,22.5,22.0,22.5,14,18447,7412,0,
2026-09-04T14,62,1,22.25,22.5,22.25,22.5,5,26778,25456,0,
2026-09-04T14,62,2,22.5,22.75,22.5,22.75,12,333111,170301,0,
2026-09-04T14,62,3,22.75,23.0,22.75,23.0,9,236635,151639,500,
2026-09-04T14,62,4,23.5,23.5,23.5,23.5,5,600431,600431,0,
2026-09-04T14,62,5,29.0,29.0,29.0,29.0,2,278452,1452,0,
2026-09-04T14,62,6,24.75,24.75,24.75,24.75,1,12019,12019,0,
2026-09-04T14,62,9,38.0,38.0,38.0,38.0,2,999,999,0,
2026-09-04T14,63,0,33.75,33.75,33.75,33.75,18,80959,78844,0,
2026-09-04T14,63,1,34.0,34.0,34.0,34.0,10,173202,155047,0,
2026-09-04T14,63,2,35.25,35.25,35.25,35.25,10,329755,329755,0,
2026-09-04T14,63,3,36.0,36.0,36.0,36.0,1,116026,116026,0,
2026-09-04T14,63,4,36.25,36.25,36.25,36.25,3,266403,266403,0,
2026-09-04T14,63,5,37.75,37.75,37.75,37.75,1,100000,100000,0,
2026-09-04T14,63,6,38.5,38.5,38.5,38.5,1,10000,10000,0,
2026-09-04T14,63,7,38.0,38.0,38.0,38.0,1,98125,98125,0,
2026-09-04T14,64,0,46.75,46.75,46.75,46.75,16,15632,7194,0,
2026-09-04T14,64,1,47.0,47.25,47.0,47.25,4,42261,42261,218,
2026-09-04T14,64,2,48.0,48.0,48.0,48.0,4,25660,25660,0,
2026-09-04T14,64,3,50.0,50.0,50.0,50.0,2,15822,15822,0,
2026-09-04T14,64,4,50.0,50.0,50.0,50.0,1,100000,100000,0,
2026-09-04T14,64,5,50.5,50.5,50.5,50.5,5,172000,172000,0,
2026-09-04T14,64,6,51.5,51.5,51.0,51.0,3,39833,39833,0,
2026-09-04T14,64,7,60.0,60.0,60.0,60.0,1,10000,10000,0,
2026-09-04T14,64,8,78.5,78.5,78.5,78.5,2,800,800,0,
2026-09-04T14,64,10,80.0,80.0,80.0,80.0,1,5000,5000,0,
2026-09-04T14,65,0,13.2,13.2,13.0,13.2,17,180813,179097,0,
2026-09-04T14,65,1,13.1,13.2,13.1,13.1,7,199040,193040,20360,
2026-09-04T14,65,2,13.2,13.6,13.2,13.6,13,666884,400709,4071,
2026-09-04T14,65,3,13.8,13.9,13.8,13.9,5,1373646,1373646,0,
2026-09-04T14,65,4,13.9,13.9,13.9,13.9,7,731997,731997,11790,
2026-09-04T14,65,5,14.7,14.7,14.7,14.7,2,687770,687770,0,
2026-09-04T14,65,6,14.6,14.6,14.6,14.6,5,99584,99584,0,
2026-09-04T14,65,7,15.9,15.9,15.9,15.9,1,12000,12000,0,
2026-09-04T14,65,9,16.3,16.3,16.3,16.3,1,10000,10000,0,
2026-09-04T14,65,10,16.4,16.4,16.4,16.4,1,50000,50000,0,
2026-09-04T14,65,11,16.1,16.1,16.1,16.1,2,79712,79712,0,
2026-09-04T14,65,12,16.1,16.1,16.1,16.1,5,734350,734251,200,
2026-09-04T14,66,0,0.277,0.279,0.23,0.275,157,42787283,3070404,105731,
2026-09-04T14,66,1,0.282,0.282,0.28,0.28,26,7343576,5616793,399281,
2026-09-04T14,66,2,0.298,0.298,0.292,0.292,10,5471261,3093105,8279,
2026-09-04T14,66,3,0.298,0.299,0.298,0.299,15,19138129,15973529,2256830,
2026-09-04T14,66,4,0.309,0.317,0.309,0.316,5,1710812,1710812,0,
2026-09-04T14,66,5,0.327,0.327,0.327,0.327,9,13203050,7402907,34153,
2026-09-04T14,66,6,0.358,0.358,0.358,0.358,3,16794245,5152057,0,
2026-09-04T14,66,7,0.46,0.46,0.4,0.4,5,4218252,1099274,0,
2026-09-04T14,66,8,0.655,0.655,0.655,0.655,9,18688089,14688089,0,
2026-09-04T14,66,10,0.78,0.78,0.78,0.78,4,3140000,3040000,0,
2026-09-04T14,66,12,0.65,0.7,0.65,0.69,2,2439347,2439347,0,
2026-09-04T14,67,0,11.8,11.8,11.8,11.8,15,206063,165182,0,
2026-09-04T14,67,1,13.2,13.2,13.2,13.2,3,160804,160804,0,
2026-09-04T14,67,2,12.4,12.4,12.4,12.4,5,143170,13887,0,
2026-09-04T14,67,3,13.4,13.4,13.4,13.4,6,29612,29492,0,
2026-09-04T14,67,4,17.0,17.0,17.0,17.0,11,1100,900,0,
2026-09-04T14,67,7,19.0,19.0,19.0,19.0,1,47112,47112,0,
2026-09-04T14,68,0,31.25,32.0,30.0,32.0,33,362554,329278,0,
2026-09-04T14,68,1,32.75,32.75,32.75,32.75,11,97313,65613,26,
2026-09-04T14,68,2,34.0,34.0,33.25,33.25,9,115965,41202,0,
2026-09-04T14,68,3,33.75,33.75,33.75,33.75,8,346077,221759,0,
2026-09-04T14,68,4,34.0,34.0,34.0,34.0,6,1284555,267205,0,
2026-09-04T14,68,5,36.25,36.5,36.25,36.5,4,48195,48195,1670,
2026-09-04T14,68,6,36.75,36.75,36.75,36.75,5,204326,204326,0,
2026-09-04T14,68,10,38.0,38.0,38.0,38.0,4,300120,300120,0,
2026-09-04T14,69,0,6525.0,6525.0,6450.0,6525.0,31,3313,3122,8,
2026-09-04T14,69,1,6625.0,6625.0,6475.0,6500.0,7,312,312,4,
2026-09-04T14,69,2,6550.0,6550.0,6525.0,6525.0,20,4460,3518,89,
2026-09-04T14,69,3,6550.0,6575.0,6550.0,6575.0,30,5746,5492,245,
2026-09-04T14,69,4,6750.0,6750.0,6750.0,6750.0,13,6299,5406,0,
2026-09-04T14,69,5,6700.0,6750.0,6700.0,6700.0,11,3917,3917,36,
2026-09-04T14,69,6,7000.0,7000.0,7000.0,7000.0,6,846,846,146,
2026-09-04T14,69,7,7400.0,7400.0,7400.0,7400.0,12,5723,5723,27,
2026-09-04T14,69,8,7775.0,7775.0,7775.0,7775.0,1,200,200,0,
2026-09-04T14,69,9,7775.0,7775.0,7775.0,7775.0,2,300,300,0,
2026-09-04T14,69,10,7825.0,7825.0,7825.0,7825.0,3,294,200,0,
2026-09-04T14,69,11,8150.0,8150.0,8150.0,8150.0,3,208,208,0,
2026-09-04T14,69,12,12500.0,12500.0,12500.0,12500.0,1,5,5,0,
2026-09-04T14,70,0,800.0,810.0,800.0,805.0,10,3904,3725,0,
2026-09-04T14,70,1,810.0,810.0,810.0,810.0,2,620,620,0,
2026-09-04T14,70,2,800.0,805.0,800.0,805.0,8,5792,5792,393,
2026-09-04T14,70,3,820.0,820.0,810.0,810.0,8,6640,4400,0,
2026-09-04T14,70,4,825.0,825.0,820.0,820.0,6,6477,5477,0,
2026-09-04T14,70,5,840.0,840.0,825.0,825.0,32,5274,5258,0,
2026-09-04T14,70,7,1280.0,1280.0,1280.0,1280.0,1,106,106,0,
2026-09-04T14,70,10,1140.0,1140.0,1140.0,1140.0,3,497,7,0,
2026-09-04T14,71,0,1560.0,1580.0,1560.0,1570.0,8,2340,2336,11,
2026-09-04T14,71,1,1570.0,1590.0,1570.0,1590.0,4,963,963,0,
2026-09-04T14,71,2,1570.0,1590.0,1570.0,1590.0,9,6410,4981,0,
2026-09-04T14,71,3,1580.0,1600.0,1580.0,1600.0,8,13215,13059,0,
2026-09-04T14,71,4,1600.0,1600.0,1600.0,1600.0,15,35045,35045,0,
2026-09-04T14,71,5,1660.0,1660.0,1660.0,1660.0,2,1120,1120,0,
2026-09-04T14,71,6,1670.0,1670.0,1670.0,1670.0,8,11284,11284,0,
2026-09-04T14,71,7,1980.0,1980.0,1980.0,1980.0,13,1184,884,0,
2026-09-04T14,72,0,1.61,1.65,1.44,1.65,68,1705931,1286260,5560,
2026-09-04T14,72,1,1.7,1.78,1.7,1.78,7,6510459,725707,132303,
2026-09-04T14,72,2,1.77,1.81,1.77,1.8,12,2708871,2708871,0,
2026-09-04T14,72,3,1.79,1.81,1.79,1.81,15,3361159,2830457,298413,
2026-09-04T14,72,4,1.92,1.92,1.9,1.9,11,6767111,3851475,0,
2026-09-04T14,72,5,2.35,2.35,2.35,2.35,3,1093413,713217,0,
2026-09-04T14,72,6,2.45,2.45,2.45,2.45,5,876194,786322,0,
2026-09-04T14,72,9,3.85,3.85,3.85,3.85,1,406399,406399,0,
2026-09-04T14,72,10,3.9,3.9,3.9,3.9,3,49998,49998,0,
2026-09-04T14,73,0,26.75,27.25,26.25,26.75,85,289303,198261,20507,
2026-09-04T14,73,1,27.5,27.5,27.25,27.5,17,339917,190354,4218,
2026-09-04T14,73,2,27.5,28.0,27.5,28.0,34,525514,404805,23118,
2026-09-04T14,73,3,28.75,28.75,28.75,28.75,18,1011797,214326,12011,
2026-09-04T14,73,4,29.75,29.75,29.75,29.75,13,434761,332401,0,
2026-09-04T14,73,5,30.0,30.0,29.75,29.75,15,379434,125337,0,
2026-09-04T14,73,6,32.0,32.0,32.0,32.0,5,125032,30000,0,
2026-09-04T14,73,7,34.0,34.0,34.0,34.0,6,114549,114549,0,
2026-09-04T14,73,10,34.0,34.0,34.0,34.0,5,185109,185109,0,
2026-09-04T14,74,0,19.9,20.5,19.7,19.9,26,253043,22030,6200,
2026-09-04T14,74,1,21.75,22.5,21.75,22.5,7,68706,68588,15007,
2026-09-04T14,74,2,22.0,22.75,22.0,22.75,8,423617,413970,5078,
2026-09-04T14,74,3,23.0,23.0,23.0,23.0,7,217409,186631,0,
2026-09-04T14,74,4,23.0,23.0,23.0,23.0,4,270681,217466,0,
2026-09-04T14,74,5,23.75,23.75,23.75,23.75,6,544643,136477,0,
2026-09-04T14,74,6,25.0,25.0,25.0,25.0,1,71809,71809,0,
2026-09-04T14,74,7,23.0,24.0,23.0,24.0,3,184727,184727,0,
2026-09-04T14,74,9,30.0,30.0,30.0,30.0,1,22302,22302,0,
2026-09-04T14,74,10,33.0,33.0,33.0,33.0,1,13337,13337,0,
2026-09-04T14,74,12,40.0,40.0,40.0,40.0,1,499,499,0,
2026-09-04T14,75,0,6.2,6.2,6.0,6.0,13,1335471,2111,0,
2026-09-04T14,75,1,6.5,6.5,6.4,6.4,7,2921150,2921150,0,
2026-09-04T14,75,2,6.3,6.4,6.3,6.4,14,2830503,1661044,126428,
2026-09-04T14,75,3,6.4,6.6,6.4,6.5,20,7389363,4978308,0,
2026-09-04T14,75,4,6.6,6.6,6.5,6.5,12,1571690,242620,0,
2026-09-04T14,75,5,6.8,6.8,6.8,6.8,4,1761207,1761207,0,
2026-09-04T14,75,6,6.9,6.9,6.9,6.9,2,437840,387840,0,
2026-09-04T14,75,7,7.0,7.0,7.0,7.0,1,500000,500000,0,
2026-09-04T14,75,8,6.7,6.7,6.7,6.7,7,6276701,445714,0,
2026-09-04T14,75,9,7.8,7.8,7.8,7.8,1,833075,833075,0,
2026-09-04T14,75,10,7.9,7.9,7.9,7.9,2,2975401,500000,0,
2026-09-04T14,75,11,8.8,8.8,8.8,8.8,1,231388,231388,0,
2026-09-04T14,76,0,58.0,60.5,58.0,59.0,20,81698,55487,7993,
2026-09-04T14,76,1,59.0,60.5,59.0,60.5,5,35742,35742,0,
2026-09-04T14,76,2,61.5,62.5,61.5,62.0,6,90427,90427,0,
2026-09-04T14,76,3,61.5,63.5,61.5,63.5,9,378192,319110,0,
2026-09-04T14,76,4,63.0,64.0,63.0,64.0,13,261539,261503,17632,
2026-09-04T14,76,5,66.5,66.5,66.0,66.0,4,143025,143025,0,
2026-09-04T14,76,6,67.5,67.5,67.5,67.5,6,779878,779878,0,
2026-09-04T14,76,7,68.0,68.0,68.0,68.0,6,137934,137934,0,
2026-09-04T14,76,8,74.0,74.0,74.0,74.0,2,100001,100001,0,
2026-09-04T14,76,9,92.0,92.0,92.0,92.0,2,6000,6000,0,
2026-09-04T14,76,10,99.5,99.5,99.5,99.5,2,21000,21000,0,
2026-09-04T14,76,11,111.0,111.0,111.0,111.0,1,5000,5000,0,
2026-09-04T14,76,12,111.0,111.0,111.0,111.0,2,2799,2799,0,
2026-09-04T14,77,0,2600.0,2610.0,2600.0,2610.0,17,2993,1857,23,
2026-09-04T14,77,1,2640.0,2700.0,2640.0,2700.0,12,1007,1007,0,
2026-09-04T14,77,2,2820.0,2850.0,2820.0,2850.0,2,481,481,0,
2026-09-04T14,77,3,2820.0,2820.0,2820.0,2820.0,3,2890,749,0,
2026-09-04T14,77,4,2810.0,2840.0,2810.0,2840.0,4,4456,4456,200,
2026-09-04T14,77,5,2830.0,2830.0,2830.0,2830.0,9,8267,8267,22,
2026-09-04T14,77,6,2880.0,2880.0,2850.0,2850.0,6,1676,1676,0,
2026-09-04T14,77,7,2860.0,2860.0,2840.0,2840.0,10,6427,383,0,
2026-09-04T14,77,8,2900.0,2900.0,2880.0,2880.0,10,18219,9287,0,
2026-09-04T14,77,9,3490.0,3490.0,3490.0,3490.0,2,5565,5565,0,
2026-09-04T14,77,10,3660.0,3660.0,3660.0,3660.0,2,508,508,0,
2026-09-04T14,77,11,3800.0,3800.0,3800.0,3800.0,2,7,5,0,
2026-09-04T14,77,12,5250.0,5250.0,5250.0,5250.0,1,99,99,0,
2026-09-04T14,78,0,1820.0,1820.0,1820.0,1820.0,23,6842,1816,20,
2026-09-04T14,78,1,1940.0,1950.0,1940.0,1950.0,15,3399,621,0,
2026-09-04T14,78,2,2090.0,2090.0,2090.0,2090.0,11,2202,2122,18,
2026-09-04T14,78,3,2130.0,2130.0,2130.0,2130.0,6,5054,4701,0,
2026-09-04T14,78,4,2140.0,2140.0,2140.0,2140.0,5,5143,5143,70,
2026-09-04T14,78,5,2380.0,2380.0,2380.0,2380.0,4,3043,3043,0,
2026-09-04T14,78,6,2380.0,2380.0,2380.0,2380.0,4,1221,1221,0,
2026-09-04T14,78,7,2380.0,2380.0,2380.0,2380.0,14,2272,2072,0,
2026-09-04T14,78,8,2480.0,2480.0,2480.0,2480.0,12,930,880,0,
2026-09-04T14,78,9,2580.0,2580.0,2580.0,2580.0,15,1322,622,0,
2026-09-04T14,78,10,2640.0,2640.0,2640.0,2640.0,11,1013,563,0,
2026-09-04T14,78,11,2690.0,2690.0,2690.0,2690.0,5,702,502,0,
2026-09-04T14,79,0,860.0,890.0,860.0,880.0,5,173,172,0,
2026-09-04T14,79,1,890.0,890.0,885.0,885.0,3,3460,3460,880,
2026-09-04T14,79,2,895.0,895.0,885.0,885.0,5,8236,3234,0,
2026-09-04T14,79,3,890.0,900.0,890.0,900.0,9,11126,11126,2580,
2026-09-04T14,79,4,900.0,910.0,900.0,910.0,7,13788,13788,0,
2026-09-04T14,79,5,910.0,910.0,910.0,910.0,6,21683,21683,7877,
2026-09-04T14,79,6,930.0,930.0,930.0,930.0,6,11871,10637,601,
2026-09-04T14,79,7,940.0,940.0,940.0,940.0,9,23384,22384,0,
2026-09-04T14,79,8,955.0,955.0,950.0,950.0,9,34436,28815,0,
2026-09-04T14,79,9,1030.0,1030.0,1030.0,1030.0,5,14921,13921,0,
2026-09-04T14,79,10,1030.0,1030.0,1030.0,1030.0,9,8100,4100,0,
2026-09-04T14,79,11,1210.0,1210.0,1210.0,1210.0,5,2050,1050,0,
2026-09-04T14,79,12,1490.0,1490.0,1490.0,1490.0,2,125,125,0,
2026-09-04T14,80,0,4460.0,4460.0,4460.0,4460.0,8,148,148,2,
2026-09-04T14,80,1,4950.0,4950.0,4950.0,4950.0,1,36,36,68,
2026-09-04T14,80,2,4960.0,4990.0,4960.0,4990.0,1,231,231,0,
2026-09-04T14,80,3,5000.0,5000.0,5000.0,5000.0,3,193,193,0,
2026-09-04T14,80,4,5000.0,5000.0,4990.0,4990.0,4,883,883,0,
2026-09-04T14,80,5,5025.0,5025.0,5025.0,5025.0,8,2302,2302,0,
2026-09-04T14,80,6,5550.0,5550.0,5550.0,5550.0,6,2898,466,61,
2026-09-04T14,80,7,5600.0,5600.0,5600.0,5600.0,4,1788,250,0,
2026-09-04T14,80,8,6400.0,6400.0,6400.0,6400.0,1,148,148,0,
2026-09-04T14,80,9,8375.0,8375.0,8375.0,8375.0,3,188,188,0,
2026-09-04T14,80,10,8500.0,8500.0,8500.0,8500.0,1,81,81,0,
2026-09-04T14,81,0,5075.0,5175.0,5075.0,5175.0,2,193,193,9,
2026-09-04T14,81,1,5250.0,5250.0,5250.0,5250.0,2,224,224,0,
2026-09-04T14,81,2,5250.0,5250.0,5200.0,5200.0,11,1544,1043,74,
2026-09-04T14,81,3,5375.0,5375.0,5350.0,5350.0,6,1167,785,14,
2026-09-04T14,81,4,5425.0,5425.0,5425.0,5425.0,6,2293,1530,38,
2026-09-04T14,81,5,5800.0,5800.0,5800.0,5800.0,3,1984,1984,0,
2026-09-04T14,81,6,5825.0,5825.0,5825.0,5825.0,4,1134,1034,0,
2026-09-04T14,81,7,5975.0,5975.0,5975.0,5975.0,8,1766,1766,0,
2026-09-04T14,81,8,6225.0,6225.0,6225.0,6225.0,5,2457,2457,0,
2026-09-04T14,81,9,6450.0,6450.0,6450.0,6450.0,1,1000,1000,0,
2026-09-04T14,81,10,6600.0,6600.0,6600.0,6600.0,1,900,900,0,
2026-09-04T14,81,11,6800.0,6800.0,6800.0,6800.0,3,1000,998,0,
2026-09-04T14,82,0,1510.0,1510.0,1510.0,1510.0,2,379,379,8,
2026-09-04T14,82,1,1530.0,1530.0,1530.0,1530.0,2,848,848,34,
2026-09-04T14,82,2,1540.0,1550.0,1520.0,1520.0,9,8934,7104,74,
2026-09-04T14,82,3,1560.0,1560.0,1560.0,1560.0,12,4175,3447,0,
2026-09-04T14,82,4,1650.0,1650.0,1650.0,1650.0,8,3179,3179,0,
2026-09-04T14,82,5,1710.0,1710.0,1710.0,1710.0,9,12920,12399,0,
2026-09-04T14,82,6,1820.0,1820.0,1820.0,1820.0,1,4255,4255,0,
2026-09-04T14,82,7,1900.0,1900.0,1900.0,1900.0,5,4116,4116,0,
2026-09-04T14,82,8,2000.0,2000.0,2000.0,2000.0,1,250,250,0,
2026-09-04T14,82,9,2050.0,2050.0,2050.0,2050.0,2,1250,1250,0,
2026-09-04T14,82,10,2300.0,2300.0,2300.0,2300.0,1,250,250,0,
2026-09-04T14,83,0,29.5,30.5,29.5,30.0,21,199299,36334,325,
2026-09-04T14,83,1,32.0,32.25,32.0,32.0,9,65493,29660,0,
2026-09-04T14,83,2,33.75,33.75,33.5,33.5,16,104385,69144,0,
2026-09-04T14,83,3,34.0,34.0,33.75,33.75,10,128226,112440,753,
2026-09-04T14,83,4,35.75,35.75,35.25,35.25,9,131705,131705,0,
2026-09-04T14,83,5,36.5,36.5,36.5,36.5,5,182838,177838,0,
2026-09-04T14,83,6,45.0,45.0,45.0,45.0,1,5000,5000,0,
2026-09-04T14,83,7,37.0,37.0,37.0,37.0,2,41169,40000,0,
2026-09-04T14,83,8,41.0,41.0,41.0,41.0,2,20552,20552,0,
2026-09-04T14,83,9,41.0,41.0,41.0,41.0,3,71701,71701,0,
2026-09-04T14,83,11,45.0,45.0,45.0,45.0,1,34899,34899,0,
2026-09-04T14,84,0,8925.0,8925.0,8900.0,8900.0,12,562,311,4,
2026-09-04T14,84,1,9150.0,9150.0,9150.0,9150.0,11,1032,924,0,
2026-09-04T14,84,2,9225.0,9225.0,9225.0,9225.0,6,887,423,114,
2026-09-04T14,84,3,9925.0,9925.0,9900.0,9900.0,6,247,247,0,
2026-09-04T14,84,4,9975.0,9975.0,9975.0,9975.0,6,6886,1535,0,
2026-09-04T14,84,5,10400.0,10400.0,10400.0,10400.0,3,415,415,0,
2026-09-04T14,84,6,10500.0,10500.0,10500.0,10500.0,6,1273,873,0,
2026-09-04T14,84,7,11100.0,11100.0,11100.0,11100.0,3,233,233,0,
2026-09-04T14,84,8,12300.0,12300.0,12300.0,12300.0,1,183,183,0,
2026-09-04T14,84,9,12500.0,12500.0,12500.0,12500.0,1,910,910,0,
2026-09-04T14,84,10,17000.0,17000.0,17000.0,17000.0,1,25,25,0,
2026-09-04T14,85,0,7375.0,7450.0,7375.0,7450.0,2,91,84,0,
2026-09-04T14,85,1,7775.0,7800.0,7775.0,7800.0,6,224,224,0,
2026-09-04T14,85,2,8025.0,8025.0,8025.0,8025.0,6,694,690,0,
2026-09-04T14,85,3,8150.0,8150.0,8150.0,8150.0,5,1895,1895,0,
2026-09-04T14,85,4,8850.0,8850.0,8700.0,8700.0,19,2078,37,0,
2026-09-04T14,85,5,9900.0,9900.0,9900.0,9900.0,1,21,21,0,
2026-09-04T14,85,6,9825.0,9825.0,9800.0,9800.0,5,1555,1555,0,
2026-09-04T14,85,7,11200.0,11200.0,11200.0,11200.0,1,2,2,0,
2026-09-04T14,85,8,12000.0,12000.0,12000.0,12000.0,2,2,2,0,
2026-09-04T14,85,9,14000.0,14000.0,14000.0,14000.0,1,1,1,0,
2026-09-04T14,85,10,16000.0,16000.0,16000.0,16000.0,1,9,9,0,
2026-09-04T14,86,0,10200.0,10200.0,10200.0,10200.0,9,167,167,0,
2026-09-04T14,86,1,10300.0,10300.0,10300.0,10300.0,3,44,44,0,
2026-09-04T14,86,2,10300.0,10600.0,10300.0,10600.0,7,374,374,46,
2026-09-04T14,86,3,10400.0,10400.0,10300.0,10300.0,8,1380,1380,0,
2026-09-04T14,86,4,10700.0,10700.0,10700.0,10700.0,5,369,300,0,
2026-09-04T14,86,5,10900.0,10900.0,10900.0,10900.0,8,1521,1441,0,
2026-09-04T14,86,6,11200.0,11200.0,11200.0,11200.0,3,472,472,0,
2026-09-04T14,86,7,12300.0,12300.0,12300.0,12300.0,1,396,396,0,
2026-09-04T14,86,8,13400.0,13400.0,13400.0,13400.0,8,830,620,0,
2026-09-04T14,86,9,12000.0,12000.0,12000.0,12000.0,11,199,40,0,
2026-09-04T14,86,10,19800.0,19800.0,19800.0,19800.0,1,9,9,0,
2026-09-04T14,87,0,484.0,484.0,484.0,484.0,5,1796,1496,0,
2026-09-04T14,87,1,486.0,486.0,486.0,486.0,3,2950,1195,0,
2026-09-04T14,87,2,520.0,520.0,520.0,520.0,9,5582,1395,60,
2026-09-04T14,87,3,625.0,625.0,625.0,625.0,4,85,85,0,
2026-09-04T14,87,4,640.0,640.0,640.0,640.0,5,2026,2026,0,
2026-09-04T14,87,5,630.0,630.0,630.0,630.0,10,16381,12569,0,
2026-09-04T14,87,6,665.0,665.0,665.0,665.0,1,1377,1377,0,
2026-09-04T14,87,7,655.0,655.0,655.0,655.0,1,725,725,0,
2026-09-04T14,87,9,900.0,900.0,900.0,900.0,3,109,50,0,
2026-09-04T14,88,0,10500.0,10600.0,10500.0,10600.0,26,943,243,8,
2026-09-04T14,88,1,10700.0,10700.0,10600.0,10600.0,3,133,33,18,
2026-09-04T14,88,2,11400.0,11400.0,11400.0,11400.0,2,112,112,0,
2026-09-04T14,88,3,11200.0,11200.0,11000.0,11000.0,8,345,345,17,
2026-09-04T14,88,4,11300.0,11300.0,11300.0,11300.0,4,317,317,0,
2026-09-04T14,88,5,11600.0,11600.0,11600.0,11600.0,5,571,571,0,
2026-09-04T14,88,6,13200.0,13200.0,13200.0,13200.0,2,196,196,0,
2026-09-04T14,88,7,13400.0,13400.0,13400.0,13400.0,1,100,100,0,
2026-09-04T14,88,8,13200.0,13200.0,13200.0,13200.0,1,1,1,0,
2026-09-04T14,88,9,13900.0,13900.0,13900.0,13900.0,1,13,13,0,
2026-09-04T14,88,10,14500.0,14500.0,14500.0,14500.0,2,154,154,0,
2026-09-04T14,89,0,4350.0,4400.0,4350.0,4400.0,9,541,197,2,
2026-09-04T14,89,1,4420.0,4420.0,4420.0,4420.0,5,1130,313,2,
2026-09-04T14,89,2,4460.0,4460.0,4460.0,4460.0,9,1190,1190,44,
2026-09-04T14,89,3,4730.0,4730.0,4720.0,4720.0,7,584,508,8,
2026-09-04T14,89,4,4790.0,4790.0,4790.0,4790.0,8,3515,2594,0,
2026-09-04T14,89,5,5325.0,5325.0,5325.0,5325.0,4,3516,3516,0,
2026-09-04T14,89,6,5575.0,5575.0,5575.0,5575.0,1,160,160,0,
2026-09-04T14,89,7,5525.0,5525.0,5525.0,5525.0,5,2202,2202,0,
2026-09-04T14,89,8,5650.0,5650.0,5650.0,5650.0,2,202,202,0,
2026-09-04T14,89,9,5800.0,5800.0,5800.0,5800.0,3,47,22,0,
2026-09-04T14,89,10,5950.0,5950.0,5950.0,5950.0,4,701,302,0,
2026-09-04T14,89,11,6200.0,6200.0,6200.0,6200.0,1,2,2,0,
2026-09-04T14,98,0,855.0,860.0,850.0,860.0,4,3803,2803,100,
2026-09-04T14,98,1,860.0,865.0,860.0,865.0,1,150,150,0,
2026-09-04T14,98,2,870.0,870.0,870.0,870.0,3,8976,8976,0,
2026-09-04T14,98,3,865.0,865.0,865.0,865.0,17,5683,5681,0,
2026-09-04T14,98,4,865.0,875.0,865.0,875.0,6,7030,7030,300,
2026-09-04T14,98,5,925.0,925.0,925.0,925.0,2,1992,1992,0,
2026-09-04T14,98,6,945.0,945.0,945.0,945.0,4,5060,5060,0,
2026-09-04T14,98,7,945.0,945.0,945.0,945.0,2,9500,9500,0,
2026-09-04T14,98,8,965.0,965.0,965.0,965.0,1,5000,5000,0,
2026-09-04T14,100,0,111.0,111.0,111.0,111.0,24,1087781,699941,213018,
2026-09-04T14,101,0,197.0,199.0,196.0,199.0,41,63087,42574,0,
2026-09-04T14,101,1,197.0,198.0,197.0,198.0,17,95795,48388,6457,
2026-09-04T14,101,2,198.0,200.0,198.0,198.0,6,69957,69947,0,
2026-09-04T14,101,3,199.0,199.0,198.0,199.0,23,160218,157130,1236,
2026-09-04T14,101,4,200.0,200.0,200.0,200.0,5,47374,47368,0,
2026-09-04T14,101,5,200.0,200.0,200.0,200.0,5,12574,12574,0,
2026-09-04T14,102,0,2.7,2.8,2.6,2.65,22,486085,78421,0,
2026-09-04T14,102,1,2.8,2.8,2.65,2.65,13,601145,106402,21674,
2026-09-04T14,102,2,2.8,2.8,2.7,2.7,9,887924,729458,9075,
2026-09-04T14,102,3,2.8,2.8,2.75,2.75,16,3370396,2321367,10798,
2026-09-04T14,102,4,2.85,2.85,2.85,2.85,9,5464486,2003647,0,
2026-09-04T14,102,5,2.95,2.95,2.95,2.95,2,5238673,5238673,0,
2026-09-04T14,102,6,3.15,3.15,3.15,3.15,2,649248,649248,0,
2026-09-04T14,102,8,3.3,3.3,3.3,3.3,1,96895,96895,0,
2026-09-04T14,102,10,3.5,3.5,3.5,3.5,1,3000000,3000000,0,
2026-09-04T14,102,11,3.5,3.5,3.5,3.5,4,700000,349755,0,
2026-09-04T14,103,0,6.9,6.9,6.7,6.8,13,253211,109511,0,
2026-09-04T14,103,1,7.0,7.0,7.0,7.0,1,38517,38517,0,
2026-09-04T14,103,2,6.9,6.9,6.9,6.9,4,58664,56664,5613,
2026-09-04T14,103,3,7.0,7.2,6.9,7.2,3,1648393,1157735,30000,
2026-09-04T14,103,4,7.2,7.5,7.2,7.5,2,489766,489766,0,
2026-09-04T14,103,5,8.0,8.0,8.0,8.0,1,600000,600000,0,
2026-09-04T14,103,6,7.8,7.8,7.8,7.8,1,211731,211731,4048,
2026-09-04T14,103,8,8.7,8.7,8.7,8.7,1,66171,66171,0,
2026-09-04T14,103,9,8.7,8.7,8.7,8.7,4,510381,487289,0,
2026-09-04T14,103,10,8.0,8.0,8.0,8.0,1,1943019,1943019,0,
2026-09-04T14,103,11,9.9,9.9,9.9,9.9,3,48069,48069,0,
2026-09-04T14,104,0,0.995,1.0,0.995,1.0,10,1585704,1557623,153971,
2026-09-04T14,104,1,1.08,1.09,1.08,1.09,3,2267363,2267363,19973,
2026-09-04T14,104,3,1.1,1.1,1.1,1.1,5,1430726,1301566,229954,
2026-09-04T14,104,4,1.4,1.4,1.4,1.4,1,195555,195555,0,
2026-09-04T14,104,5,1.48,1.48,1.48,1.48,2,800649,800649,0,
2026-09-04T14,104,9,1.5,1.5,1.5,1.5,1,100000,100000,0,
2026-09-04T14,105,0,1.57,1.58,1.56,1.57,14,1375040,1349015,0,
2026-09-04T14,105,1,1.67,1.67,1.67,1.67,1,105849,105849,0,
2026-09-04T14,105,2,1.58,1.58,1.58,1.58,8,2935137,622210,2000,
2026-09-04T14,105,3,1.78,1.78,1.78,1.78,6,3171945,3171945,0,
2026-09-04T14,105,4,1.79,1.79,1.79,1.79,3,710432,367960,0,
2026-09-04T14,105,5,1.8,1.8,1.8,1.8,3,2601756,2581756,0,
2026-09-04T14,105,6,1.88,1.88,1.88,1.88,2,54549,54549,0,
2026-09-04T14,105,7,2.65,2.65,2.65,2.65,1,3999,3999,0,
2026-09-04T14,105,10,3.3,3.3,3.3,3.3,1,526000,526000,0,
2026-09-04T14,106,0,4.35,4.4,3.95,4.0,46,437536,6676,5628,
2026-09-04T14,106,1,4.45,4.75,4.45,4.75,5,2557894,1104702,8000,
2026-09-04T14,106,2,4.8,4.8,4.8,4.8,6,641709,641709,31296,
2026-09-04T14,106,3,4.9,4.9,4.9,4.9,4,571527,571527,0,
2026-09-04T14,106,4,5.7,5.7,5.7,5.7,1,11718,11718,0,
2026-09-04T14,106,5,5.7,5.7,5.7,5.7,2,2520247,2520247,0,
2026-09-04T14,106,6,5.8,5.8,5.8,5.8,1,2995,2995,0,
2026-09-04T14,107,0,20.75,21.0,20.25,20.75,15,135570,93299,621,
2026-09-04T14,107,1,21.5,21.5,20.5,20.5,12,63158,10743,2624,
2026-09-04T14,107,2,21.5,21.5,20.5,20.5,10,245709,82232,0,
2026-09-04T14,107,3,21.75,21.75,21.75,21.75,10,1417765,409131,0,
2026-09-04T14,107,4,21.0,21.0,20.75,20.75,9,432823,16017,0,
2026-09-04T14,107,5,40.0,40.0,40.0,40.0,1,3306,3306,0,
2026-09-04T14,107,6,21.0,21.0,21.0,21.0,4,227857,98651,1713,
2026-09-04T14,108,0,9.8,10.1,9.8,10.0,25,186318,159831,26622,
2026-09-04T14,108,1,10.0,10.1,9.9,9.9,15,513445,95995,0,
2026-09-04T14,108,2,10.1,10.1,10.1,10.1,9,228554,213082,16451,
2026-09-04T14,108,3,10.1,10.2,10.0,10.0,7,543718,354219,0,
2026-09-04T14,108,4,10.3,10.3,10.2,10.2,10,719159,645683,0,
2026-09-04T14,108,6,11.0,11.0,11.0,11.0,1,200000,200000,0,
2026-09-04T14,108,7,11.0,11.0,11.0,11.0,1,163818,163818,0,
2026-09-04T14,109,0,112.0,112.0,109.0,112.0,2,8962,8962,0,
2026-09-04T14,109,1,110.0,112.0,110.0,112.0,2,69879,10798,2376,
2026-09-04T14,109,2,112.0,112.0,112.0,112.0,2,54017,54017,20733,
2026-09-04T14,109,3,112.0,114.0,112.0,114.0,5,67006,67006,0,
2026-09-04T14,109,4,115.0,115.0,115.0,115.0,3,27537,27537,0,
2026-09-04T14,109,5,119.0,119.0,119.0,119.0,2,8722,8722,0,
2026-09-04T14,109,6,120.0,120.0,120.0,120.0,1,10,10,0,
2026-09-04T14,110,0,195.0,199.0,193.0,199.0,9,23023,2924,0,
2026-09-04T14,110,1,198.0,202.0,198.0,202.0,1,9000,9000,0,
2026-09-04T14,110,2,194.0,199.0,194.0,199.0,6,24696,24696,815,
2026-09-04T14,110,3,195.0,230.0,195.0,230.0,1,61068,61068,0,
2026-09-04T14,110,4,199.0,199.0,199.0,199.0,2,28765,28765,1279,
2026-09-04T14,110,5,202.0,202.0,202.0,202.0,5,150000,50000,0,
2026-09-04T14,111,0,2580.0,2610.0,2540.0,2550.0,155,127207,72076,3335,
2026-09-04T14,112,0,2210.0,2220.0,2160.0,2220.0,6,446,446,0,
2026-09-04T14,112,1,2220.0,2220.0,2220.0,2220.0,3,1350,1350,0,
2026-09-04T14,112,2,2220.0,2220.0,2220.0,2220.0,1,500,500,0,
2026-09-04T14,112,3,2220.0,2220.0,2180.0,2220.0,8,7781,7780,707,
2026-09-04T14,112,4,2460.0,2460.0,2460.0,2460.0,1,300,300,0,
2026-09-04T14,113,0,124.0,124.0,122.0,122.0,42,631584,40897,1000,
2026-09-04T14,114,0,655.0,665.0,650.0,650.0,40,174355,4083,34,
2026-09-04T14,114,1,910.0,910.0,910.0,910.0,7,4658,4545,80,
2026-09-04T14,114,2,930.0,930.0,900.0,930.0,4,3184,3037,0,
2026-09-04T14,114,3,915.0,920.0,915.0,915.0,16,7850,6763,0,
2026-09-04T14,114,4,920.0,920.0,920.0,920.0,16,19119,12008,0,
2026-09-04T14,114,5,930.0,930.0,930.0,930.0,11,5682,5021,0,
2026-09-04T14,114,6,980.0,980.0,980.0,980.0,4,5962,5887,0,
2026-09-04T14,114,7,1060.0,1060.0,1060.0,1060.0,9,3482,2243,0,
2026-09-04T14,114,8,1530.0,1530.0,1530.0,1530.0,1,400,400,0,
2026-09-04T14,114,9,1840.0,1840.0,1840.0,1840.0,3,292,292,0,
2026-09-04T14,114,10,2490.0,2490.0,2490.0,2490.0,2,582,582,0,
2026-09-04T14,115,0,125.0,130.0,125.0,126.0,132,86622,40312,696,
2026-09-04T14,115,1,131.0,131.0,129.0,129.0,20,98979,21358,11750,
2026-09-04T14,115,2,135.0,138.0,135.0,137.0,13,49675,37781,0,
2026-09-04T14,115,3,139.0,142.0,139.0,142.0,16,91183,77441,0,
2026-09-04T14,115,4,144.0,144.0,144.0,144.0,12,50792,11232,0,
2026-09-04T14,115,5,153.0,153.0,153.0,153.0,9,126452,126452,0,
2026-09-04T14,115,6,156.0,156.0,156.0,156.0,5,88297,88297,0,
2026-09-04T14,115,7,160.0,160.0,160.0,160.0,1,8015,8015,0,
2026-09-04T14,116,0,38.75,39.25,38.75,39.0,89,231126,117701,558,
2026-09-04T14,116,1,40.75,40.75,40.75,40.75,15,76312,26167,0,
2026-09-04T14,116,2,41.0,41.5,41.0,41.5,20,135249,42921,0,
2026-09-04T14,116,3,46.5,46.5,46.5,46.5,5,115297,111231,0,
2026-09-04T14,116,4,42.25,47.0,42.25,47.0,4,35244,2000,0,
2026-09-04T14,116,5,55.5,55.5,55.5,55.5,2,79781,79781,0,
2026-09-04T14,116,6,59.5,59.5,59.5,59.5,3,939,519,0,
2026-09-04T14,117,0,7.1,7.2,7.0,7.2,126,1068806,247670,1672,
2026-09-04T14,117,1,7.2,7.2,7.2,7.2,29,501273,30798,0,
2026-09-04T14,117,2,7.2,7.2,7.2,7.2,42,1761133,243828,88455,
2026-09-04T14,117,3,8.7,8.9,8.7,8.9,22,596428,306666,300,
2026-09-04T14,117,4,10.8,10.8,10.6,10.6,5,1236350,1236350,0,
2026-09-04T14,117,5,11.5,11.5,11.5,11.5,3,263632,263632,13000,
2026-09-04T14,117,6,12.0,12.0,12.0,12.0,2,694173,30000,0,
2026-09-04T14,117,7,12.8,12.8,12.8,12.8,4,650138,650138,0,
2026-09-04T14,117,8,12.8,12.8,12.8,12.8,6,1760179,419633,14650,
2026-09-04T14,117,9,14.7,14.7,14.7,14.7,3,284124,284124,0,
2026-09-04T14,117,10,14.9,14.9,14.9,14.9,7,531983,100000,0,
2026-09-04T14,117,11,16.0,16.0,16.0,16.0,5,38499,5999,0,
2026-09-04T14,117,12,18.7,18.7,18.7,18.7,2,56349,56349,0,
2026-09-04T14,118,0,0.765,0.775,0.7,0.775,74,3066863,443608,4449,
2026-09-04T14,118,1,0.96,0.96,0.96,0.96,17,1388524,1038524,0,
2026-09-04T14,118,2,0.97,0.97,0.965,0.965,20,1366678,1033002,0,
2026-09-04T14,118,3,0.995,0.995,0.995,0.995,11,2186426,594261,0,
2026-09-04T14,118,4,1.09,1.1,1.09,1.1,7,42794349,42668482,0,
2026-09-04T14,118,5,1.2,1.2,1.2,1.2,6,2527194,1046551,0,
2026-09-04T14,118,6,1.49,1.49,1.49,1.49,3,1621669,294421,0,
2026-09-04T14,118,8,1.86,1.86,1.86,1.86,1,10,10,0,
2026-09-04T14,119,0,32.0,32.5,31.75,31.75,29,39657,8417,536,
2026-09-04T14,119,1,32.5,32.5,32.25,32.25,19,265964,14621,0,
2026-09-04T14,119,2,32.75,32.75,32.75,32.75,28,593448,380741,0,
2026-09-04T14,119,3,38.0,38.0,38.0,38.0,28,253983,154195,0,
2026-09-04T14,119,4,41.0,41.0,41.0,41.0,11,261970,68961,50000,
2026-09-04T14,119,5,49.75,49.75,49.75,49.75,11,124324,68601,0,
2026-09-04T14,119,6,58.5,58.5,58.5,58.5,8,229220,209762,0,
2026-09-04T14,119,7,59.0,59.0,59.0,59.0,13,319746,218825,3000,
2026-09-04T14,119,8,71.0,71.0,71.0,71.0,1,97444,97444,0,
2026-09-04T14,119,11,71.5,71.5,71.5,71.5,2,19000,19000,0,
2026-09-04T14,119,12,73.5,73.5,73.5,73.5,6,436808,76075,0,
2026-09-04T14,120,0,2.5,2.6,2.35,2.6,56,1971842,19754,402,
2026-09-04T14,120,1,3.15,3.15,3.05,3.05,7,116843,15764,0,
2026-09-04T14,120,2,3.25,3.3,3.25,3.25,6,331408,298377,300,
2026-09-04T14,120,3,3.35,3.35,3.35,3.35,7,660049,660049,13699,
2026-09-04T14,120,4,3.5,3.5,3.5,3.5,3,69216,69216,0,
2026-09-04T14,120,5,3.5,3.5,3.5,3.5,3,1802583,1802583,0,
2026-09-04T14,120,6,3.6,3.6,3.6,3.6,4,1784221,1784221,0,
2026-09-04T14,120,7,3.6,3.6,3.6,3.6,6,2142544,647644,0,
2026-09-04T14,120,9,6.0,6.0,6.0,6.0,2,505000,500000,0,
2026-09-04T14,120,10,5.9,5.9,5.9,5.9,3,110200,50000,0,
2026-09-04T14,120,11,6.0,6.0,6.0,6.0,2,735894,251366,0,
2026-09-04T14,121,0,150.0,150.0,150.0,150.0,20,19198,3262,0,
2026-09-04T14,121,1,160.0,160.0,160.0,160.0,8,27505,12215,4,
2026-09-04T14,121,2,178.0,178.0,178.0,178.0,16,21909,7552,0,
2026-09-04T14,121,3,178.0,178.0,178.0,178.0,23,159230,2591,0,
2026-09-04T14,121,4,220.0,220.0,220.0,220.0,9,32359,25499,0,
2026-09-04T14,121,5,224.0,224.0,224.0,224.0,6,49280,8272,0,
2026-09-04T14,121,6,232.0,232.0,232.0,232.0,5,36883,18681,0,
2026-09-04T14,121,7,242.0,242.0,242.0,242.0,6,115423,115423,0,
2026-09-04T14,121,9,270.0,270.0,270.0,270.0,1,2821,2821,0,
2026-09-04T14,121,10,284.0,284.0,284.0,284.0,1,3786,3786,0,
2026-09-04T14,121,12,286.0,286.0,286.0,286.0,3,14169,14169,0,
2026-09-04T14,122,0,130.0,130.0,129.0,130.0,18,23660,23385,160,
2026-09-04T14,122,1,140.0,140.0,140.0,140.0,2,25,17,0,
2026-09-04T14,122,2,131.0,131.0,130.0,130.0,10,32394,32086,3183,
2026-09-04T14,122,3,132.0,132.0,131.0,131.0,14,51851,31824,551,
2026-09-04T14,122,4,134.0,135.0,134.0,135.0,9,162259,157508,0,
2026-09-04T14,122,5,144.0,144.0,144.0,144.0,5,25769,25769,35,
2026-09-04T14,122,6,150.0,150.0,150.0,150.0,2,96899,96899,0,
2026-09-04T14,122,7,150.0,150.0,150.0,150.0,3,24638,24638,0,
2026-09-04T14,122,8,153.0,153.0,153.0,153.0,8,68166,34665,0,
2026-09-04T14,122,9,190.0,190.0,190.0,190.0,2,19971,19954,0,
2026-09-04T14,122,10,200.0,200.0,200.0,200.0,6,12412,7412,0,
2026-09-04T14,122,11,218.0,218.0,218.0,218.0,2,2700,2700,0,
2026-09-04T14,122,12,224.0,224.0,224.0,224.0,2,1214,1214,0,
2026-09-04T14,123,0,290.0,294.0,290.0,290.0,10,8573,8570,125,
2026-09-04T14,123,1,302.0,302.0,302.0,302.0,4,716,716,0,
2026-09-04T14,123,2,300.0,300.0,300.0,300.0,6,6591,6591,0,
2026-09-04T14,123,3,302.0,302.0,302.0,302.0,7,5317,4067,0,
2026-09-04T14,123,4,306.0,306.0,306.0,306.0,6,16767,16767,0,
2026-09-04T14,123,5,304.0,304.0,302.0,304.0,10,37920,15476,0,
2026-09-04T14,123,6,318.0,318.0,318.0,318.0,9,77304,66759,0,
2026-09-04T14,123,7,386.0,386.0,386.0,386.0,1,5739,5739,0,
2026-09-04T14,123,9,394.0,394.0,394.0,394.0,2,567,567,0,
2026-09-04T14,123,12,398.0,398.0,398.0,398.0,2,4776,4776,0,
2026-09-04T14,124,0,35.5,36.5,34.75,36.0,26,76986,47141,632,
2026-09-04T14,124,1,36.75,36.75,36.5,36.5,14,134829,41550,0,
2026-09-04T14,124,2,37.0,37.0,37.0,37.0,12,117465,86417,0,
2026-09-04T14,124,3,38.75,39.0,38.75,39.0,17,471995,456695,0,
2026-09-04T14,124,4,41.5,41.5,41.5,41.5,14,259814,122800,0,
2026-09-04T14,124,5,45.25,45.25,45.25,45.25,4,97792,97792,0,
2026-09-04T14,124,6,49.5,49.5,49.5,49.5,5,338312,338312,0,
2026-09-04T14,124,7,51.5,51.5,51.5,51.5,6,789996,537322,870,
2026-09-04T14,124,8,53.0,53.0,53.0,53.0,1,42919,42919,0,
2026-09-04T14,124,9,59.0,59.0,59.0,59.0,1,50000,50000,0,
2026-09-04T14,124,10,59.0,59.0,59.0,59.0,5,28461,23760,0,
2026-09-04T14,124,11,89.0,89.0,89.0,89.0,2,14000,14000,0,
2026-09-04T14,124,12,90.0,90.0,90.0,90.0,5,97220,632,0,
2026-09-04T14,125,0,26.75,27.25,24.0,26.75,51,302007,48157,0,
2026-09-04T14,125,1,26.5,26.75,26.5,26.75,15,84308,5740,0,
2026-09-04T14,125,2,28.0,28.0,28.0,28.0,40,192036,49192,0,
2026-09-04T14,125,3,35.0,35.0,35.0,35.0,23,140060,36537,0,
2026-09-04T14,125,4,39.0,39.0,39.0,39.0,29,282283,33409,0,
2026-09-04T14,125,5,43.75,43.75,43.75,43.75,8,1115219,1031079,0,
2026-09-04T14,125,6,50.5,50.5,50.5,50.5,3,21202,21202,0,
2026-09-04T14,125,7,51.5,51.5,51.5,51.5,6,1070144,593984,0,
2026-09-04T14,125,8,53.5,53.5,53.5,53.5,6,491199,87744,0,
2026-09-04T14,125,9,55.5,55.5,55.5,55.5,4,139980,119980,0,
2026-09-04T14,125,10,56.0,56.0,56.0,56.0,7,202903,193014,0,
2026-09-04T14,125,11,59.5,59.5,59.5,59.5,1,10000,10000,0,
2026-09-04T14,125,12,60.0,60.0,60.0,60.0,3,92345,87845,0,
2026-09-04T14,126,0,56.0,56.5,55.5,56.5,16,5811,3568,807,
2026-09-04T14,126,1,57.0,57.0,57.0,57.0,3,4467,4465,241,
2026-09-04T14,126,2,57.5,57.5,57.5,57.5,4,22180,21540,1111,
2026-09-04T14,126,3,58.0,58.0,58.0,58.0,1,21218,21218,0,
2026-09-04T14,126,4,60.5,60.5,60.5,60.5,5,41738,41738,0,
2026-09-04T14,126,5,63.5,63.5,63.5,63.5,6,93423,39492,0,
2026-09-04T14,126,6,66.0,66.0,66.0,66.0,3,109721,69721,0,
2026-09-04T14,126,7,68.5,68.5,68.5,68.5,5,70028,70028,0,
2026-09-04T14,126,8,79.5,79.5,79.5,79.5,8,149111,131111,0,
2026-09-04T14,126,9,96.0,96.0,96.0,96.0,1,250,250,0,
2026-09-04T14,126,10,90.0,90.0,90.0,90.0,2,846,346,0,
2026-09-04T14,126,12,100.0,100.0,100.0,100.0,1,1000,1000,0,
2026-09-04T14,127,0,476.0,476.0,474.0,476.0,9,6679,6672,30,
2026-09-04T14,127,1,478.0,478.0,478.0,478.0,2,268,263,0,
2026-09-04T14,127,2,480.0,480.0,474.0,474.0,6,7770,7770,0,
2026-09-04T14,127,3,478.0,478.0,478.0,478.0,6,4909,4049,50,
2026-09-04T14,127,4,520.0,520.0,520.0,520.0,3,3555,3501,0,
2026-09-04T14,127,5,750.0,750.0,750.0,750.0,1,25,25,0,
2026-09-04T14,128,0,53.5,54.0,53.5,54.0,19,147966,96080,0,
2026-09-04T14,128,1,67.0,67.0,67.0,67.0,15,50007,3568,0,
2026-09-04T14,128,2,76.0,76.0,76.0,76.0,8,32129,17983,0,
2026-09-04T14,128,3,79.5,79.5,79.5,79.5,3,48625,47431,0,
2026-09-04T14,128,5,92.5,92.5,92.5,92.5,1,7054,7054,0,
2026-09-04T14,128,6,93.0,93.0,93.0,93.0,1,2173,2173,0,
2026-09-04T14,128,8,93.0,93.0,93.0,93.0,2,444,444,0,
2026-09-04T14,128,9,99.5,99.5,99.5,99.5,2,41800,41800,0,
2026-09-04T14,128,10,110.0,110.0,110.0,110.0,1,9990,9990,0,
2026-09-04T14,129,0,2130.0,2170.0,2130.0,2170.0,14,4391,408,0,
2026-09-04T14,129,1,2240.0,2240.0,2240.0,2240.0,10,361,241,0,
2026-09-04T14,129,2,2500.0,2500.0,2500.0,2500.0,5,6761,6761,0,
2026-09-04T14,129,3,2730.0,2730.0,2730.0,2730.0,6,876,876,0,
2026-09-04T14,129,4,2720.0,2720.0,2720.0,2720.0,5,1425,1425,0,
2026-09-04T14,129,5,2780.0,2780.0,2780.0,2780.0,9,4593,2333,0,
2026-09-04T14,129,6,3000.0,3000.0,2990.0,2990.0,7,6693,4693,0,
2026-09-04T14,129,7,3050.0,3050.0,3050.0,3050.0,1,494,494,0,
2026-09-04T14,129,8,3230.0,3230.0,3230.0,3230.0,3,6187,6187,0,
2026-09-04T14,129,11,3800.0,3800.0,3800.0,3800.0,1,1000,1000,0,
2026-09-04T14,129,12,4120.0,4120.0,4120.0,4120.0,1,14,14,0,
2026-09-04T14,130,0,2030.0,2030.0,2030.0,2030.0,11,376,376,0,
2026-09-04T14,130,1,2100.0,2100.0,2100.0,2100.0,6,162,162,0,
2026-09-04T14,130,2,2140.0,2140.0,2140.0,2140.0,3,1220,1220,0,
2026-09-04T14,130,3,2140.0,2140.0,2140.0,2140.0,18,3830,2124,0,
2026-09-04T14,130,4,2150.0,2150.0,2150.0,2150.0,22,4579,896,0,
2026-09-04T14,130,5,2760.0,2760.0,2760.0,2760.0,10,7406,6606,0,
2026-09-04T14,130,6,2870.0,2870.0,2870.0,2870.0,3,1569,1569,0,
2026-09-04T14,130,7,2800.0,2800.0,2800.0,2800.0,3,1690,1690,0,
2026-09-04T14,130,9,3050.0,3050.0,3050.0,3050.0,3,2984,2984,0,
2026-09-04T14,130,10,3290.0,3290.0,3290.0,3290.0,1,7,7,0,
2026-09-04T14,130,11,3290.0,3290.0,3290.0,3290.0,2,1965,1965,0,
2026-09-04T14,131,0,2380.0,2380.0,2380.0,2380.0,7,2006,2006,20,
2026-09-04T14,131,1,2530.0,2530.0,2530.0,2530.0,9,862,792,0,
2026-09-04T14,131,2,2580.0,2580.0,2580.0,2580.0,5,337,337,0,
2026-09-04T14,131,3,2650.0,2650.0,2650.0,2650.0,6,1377,1377,0,
2026-09-04T14,131,4,2720.0,2720.0,2720.0,2720.0,6,1255,1255,0,
2026-09-04T14,131,5,2860.0,2860.0,2860.0,2860.0,3,1500,1500,0,
2026-09-04T14,131,6,2970.0,2970.0,2970.0,2970.0,1,8,8,0,
2026-09-04T14,131,7,2990.0,2990.0,2990.0,2990.0,1,79,79,0,
2026-09-04T14,132,0,2130.0,2130.0,2130.0,2130.0,25,1644,180,0,
2026-09-04T14,132,1,2360.0,2360.0,2350.0,2350.0,7,878,514,0,
2026-09-04T14,132,2,2580.0,2580.0,2580.0,2580.0,6,378,282,0,
2026-09-04T14,132,3,2840.0,2840.0,2840.0,2840.0,12,875,875,0,
2026-09-04T14,132,4,2920.0,2920.0,2920.0,2920.0,6,1395,1395,0,
2026-09-04T14,132,5,2950.0,2950.0,2950.0,2950.0,4,2180,2180,0,
2026-09-04T14,132,6,2990.0,2990.0,2990.0,2990.0,6,3819,3819,0,
2026-09-04T14,132,7,3050.0,3050.0,3050.0,3050.0,5,3470,2970,0,
2026-09-04T14,132,8,3390.0,3390.0,3390.0,3390.0,1,463,463,0,
2026-09-04T14,132,10,3500.0,3500.0,3500.0,3500.0,4,1389,808,0,
2026-09-04T14,132,12,4190.0,4190.0,4190.0,4190.0,2,1463,463,0,
2026-09-04T14,133,0,17.6,18.0,16.7,17.7,24,72171,27574,0,
2026-09-04T14,133,1,17.7,19.2,17.7,19.2,2,149638,149638,0,
2026-09-04T14,133,2,19.0,19.1,19.0,19.1,3,436559,436559,0,
2026-09-04T14,133,3,19.1,19.1,19.1,19.1,6,138970,82581,0,
2026-09-04T14,133,4,20.25,20.25,20.25,20.25,14,257625,129594,0,
2026-09-04T14,133,5,23.75,23.75,23.75,23.75,12,436275,234981,0,
2026-09-04T14,133,6,28.25,28.25,28.25,28.25,2,8557,8557,0,
2026-09-04T14,133,9,38.75,38.75,38.75,38.75,19,89297,47243,0,
2026-09-04T14,133,10,40.0,40.0,40.0,40.0,6,208818,79772,0,
2026-09-04T14,134,0,48.75,49.75,48.75,49.75,18,85948,70665,1902,
2026-09-04T14,134,1,50.5,50.5,50.5,50.5,7,36822,19520,0,
2026-09-04T14,134,2,51.0,51.0,51.0,51.0,15,58949,20992,0,
2026-09-04T14,134,3,55.0,55.0,55.0,55.0,10,68370,61091,0,
2026-09-04T14,134,4,59.0,59.0,59.0,59.0,11,123362,99023,0,
2026-09-04T14,134,5,60.0,60.0,60.0,60.0,9,261390,211950,0,
2026-09-04T14,134,6,80.0,80.0,80.0,80.0,2,1717,1716,0,
2026-09-04T14,134,7,88.0,88.0,88.0,88.0,1,982,982,0,
2026-09-04T14,134,10,95.0,95.0,95.0,95.0,2,10000,10000,0,
2026-09-04T14,134,11,90.0,90.0,90.0,90.0,1,3206,3206,0,
2026-09-04T14,134,12,99.5,99.5,99.5,99.5,4,66481,65883,0,
2026-09-04T14,135,0,17.3,17.4,17.2,17.4,42,371153,57868,467,
2026-09-04T14,135,1,17.3,17.3,17.3,17.3,24,476875,173761,0,
2026-09-04T14,135,2,17.8,17.8,17.6,17.6,40,456951,76271,0,
2026-09-04T14,135,3,17.9,17.9,17.9,17.9,23,885146,240765,600,
2026-09-04T14,135,4,21.0,21.0,21.0,21.0,13,285257,172691,0,
2026-09-04T14,135,5,21.5,21.5,21.5,21.5,6,219692,178965,0,
2026-09-04T14,135,6,25.25,25.25,25.25,25.25,4,417239,367239,0,
2026-09-04T14,135,7,28.75,28.75,28.75,28.75,4,626586,626586,0,
2026-09-04T14,135,8,33.25,33.25,33.25,33.25,5,72160,72160,0,
2026-09-04T14,135,9,34.0,34.0,34.0,34.0,1,890,890,0,
2026-09-04T14,135,10,35.0,35.0,35.0,35.0,1,6792,6792,0,
2026-09-04T14,135,11,35.25,35.25,35.25,35.25,2,41300,41300,0,
2026-09-04T14,136,0,1.51,1.51,1.4,1.5,72,441434,226656,0,
2026-09-04T14,136,1,1.6,1.6,1.6,1.6,9,508733,501765,0,
2026-09-04T14,136,2,1.61,1.61,1.6,1.6,5,3578433,897528,0,
2026-09-04T14,136,3,1.7,1.7,1.7,1.7,2,69144,69144,1720,
2026-09-04T14,136,4,2.2,2.2,2.2,2.2,6,1243238,335130,0,
2026-09-04T14,136,6,2.5,2.5,2.5,2.5,1,500000,500000,0,
2026-09-04T14,136,7,2.95,2.95,2.95,2.95,2,1000999,1000999,0,
2026-09-04T14,137,0,126.0,126.0,126.0,126.0,5,15795,15774,7,
2026-09-04T14,137,1,128.0,128.0,128.0,128.0,4,5935,5915,0,
2026-09-04T14,137,2,130.0,130.0,130.0,130.0,5,9390,9390,0,
2026-09-04T14,137,3,135.0,135.0,135.0,135.0,3,27095,27095,0,
2026-09-04T14,137,4,137.0,137.0,137.0,137.0,6,36926,34926,0,
2026-09-04T14,137,5,147.0,147.0,147.0,147.0,14,46539,28042,0,
2026-09-04T14,137,6,172.0,172.0,172.0,172.0,6,23309,22340,0,
2026-09-04T14,137,7,240.0,240.0,240.0,240.0,1,2000,2000,0,
2026-09-04T14,137,8,175.0,175.0,175.0,175.0,2,49502,49500,0,
2026-09-04T14,137,9,250.0,250.0,250.0,250.0,2,5150,5150,0,
2026-09-04T14,138,0,1260.0,1260.0,1260.0,1260.0,16,5932,278,0,
2026-09-04T14,138,1,1330.0,1330.0,1330.0,1330.0,12,1884,348,0,
2026-09-04T14,138,2,1340.0,1340.0,1340.0,1340.0,9,4501,3158,0,
2026-09-04T14,138,3,1370.0,1370.0,1370.0,1370.0,7,1991,280,0,
2026-09-04T14,138,4,1600.0,1600.0,1600.0,1600.0,9,3269,2054,0,
2026-09-04T14,138,5,2390.0,2390.0,2390.0,2390.0,1,500,500,0,
2026-09-04T14,138,6,2400.0,2400.0,2400.0,2400.0,1,1000,1000,0,
2026-09-04T14,139,0,9.6,10.1,9.6,10.1,34,705416,600192,3885,
2026-09-04T14,139,1,10.6,10.6,10.6,10.6,9,89691,85196,0,
2026-09-04T14,139,2,10.6,10.6,10.5,10.5,12,314243,121012,11981,
2026-09-04T14,139,3,11.2,11.2,11.1,11.1,5,347695,347695,0,
2026-09-04T14,139,4,11.6,11.6,11.6,11.6,5,349438,249438,0,
2026-09-04T14,139,5,13.4,13.4,13.4,13.4,18,1973628,188888,0,
2026-09-04T14,139,6,15.0,15.0,15.0,15.0,1,50000,50000,0,
2026-09-04T14,139,7,17.0,17.0,17.0,17.0,1,50000,50000,0,
2026-09-04T14,139,9,24.0,24.0,24.0,24.0,1,28498,28498,0,
2026-09-04T14,139,10,21.75,21.75,21.75,21.75,3,51999,1999,0,
2026-09-04T14,140,0,260.0,262.0,256.0,260.0,16,1148,1030,3,
2026-09-04T14,140,1,262.0,262.0,262.0,262.0,8,3284,3259,0,
2026-09-04T14,140,2,264.0,264.0,264.0,264.0,3,4797,4797,100,
2026-09-04T14,140,3,256.0,266.0,256.0,266.0,4,16984,16984,0,
2026-09-04T14,140,4,268.0,268.0,268.0,268.0,4,6468,6267,0,
2026-09-04T14,140,5,280.0,280.0,280.0,280.0,1,50,50,0,
2026-09-04T14,140,12,400.0,400.0,400.0,400.0,1,2225,2225,0,
2026-09-04T14,141,0,35.0,35.0,35.0,35.0,20,85330,22834,0,
2026-09-04T14,141,1,50.0,50.0,50.0,50.0,6,140097,139797,0,
2026-09-04T14,141,2,51.0,51.0,51.0,51.0,12,115557,94115,0,
2026-09-04T14,141,3,58.0,58.0,58.0,58.0,12,77054,70787,1664,
2026-09-04T14,141,4,59.0,59.0,59.0,59.0,11,88181,49279,0,
2026-09-04T14,141,5,61.5,61.5,61.5,61.5,11,94466,55966,0,
2026-09-04T14,141,6,70.0,70.0,70.0,70.0,2,67429,67429,0,
2026-09-04T14,141,7,71.0,71.0,71.0,71.0,9,118973,109893,0,
2026-09-04T14,141,8,70.0,70.0,70.0,70.0,4,45066,13168,0,
2026-09-04T14,141,9,91.0,91.0,91.0,91.0,7,14446,8694,0,
2026-09-04T14,141,10,93.0,93.0,93.0,93.0,4,72080,65134,0,
2026-09-04T14,141,11,117.0,117.0,117.0,117.0,2,20480,9369,0,
2026-09-04T14,141,12,177.0,177.0,177.0,177.0,2,1139,1139,0,
2026-09-04T14,142,0,755.0,755.0,755.0,755.0,20,2559,494,9,
2026-09-04T14,142,1,770.0,770.0,770.0,770.0,15,2368,196,0,
2026-09-04T14,142,2,830.0,830.0,830.0,830.0,7,2038,183,0,
2026-09-04T14,142,3,895.0,895.0,895.0,895.0,12,2796,674,0,
2026-09-04T14,142,4,1000.0,1000.0,1000.0,1000.0,1,138,138,0,
2026-09-04T14,142,5,1000.0,1000.0,1000.0,1000.0,4,10896,2835,426,
2026-09-04T14,142,6,1020.0,1020.0,1020.0,1020.0,6,16233,16233,150,
2026-09-04T14,142,7,1070.0,1070.0,1070.0,1070.0,2,7789,3815,0,
2026-09-04T14,142,8,1060.0,1060.0,1060.0,1060.0,5,29775,29775,0,
2026-09-04T14,142,9,1140.0,1140.0,1140.0,1140.0,2,10975,10975,0,
2026-09-04T14,142,10,1270.0,1270.0,1270.0,1270.0,9,7158,4659,0,
2026-09-04T14,142,11,1360.0,1360.0,1360.0,1360.0,4,8936,8936,0,
2026-09-04T14,142,12,1500.0,1500.0,1500.0,1500.0,2,2003,2003,0,
2026-09-04T14,143,0,715.0,715.0,715.0,715.0,16,3254,2978,0,
2026-09-04T14,143,1,735.0,735.0,735.0,735.0,7,1215,273,0,
2026-09-04T14,143,2,740.0,740.0,740.0,740.0,16,1713,1350,0,
2026-09-04T14,143,3,815.0,815.0,815.0,815.0,8,13049,801,0,
2026-09-04T14,143,4,880.0,880.0,880.0,880.0,4,1643,1643,2000,
2026-09-04T14,143,5,915.0,915.0,910.0,910.0,9,30229,30229,0,
2026-09-04T14,143,6,930.0,935.0,930.0,935.0,7,50540,50540,34,
2026-09-04T14,143,7,965.0,965.0,965.0,965.0,7,20697,20697,0,
2026-09-04T14,143,9,1100.0,1100.0,1100.0,1100.0,1,978,978,0,
2026-09-04T14,143,10,1120.0,1120.0,1120.0,1120.0,3,6678,4392,0,
2026-09-04T14,143,11,1240.0,1240.0,1240.0,1240.0,2,2608,2608,0,
2026-09-04T14,143,12,1440.0,1440.0,1440.0,1440.0,2,468,468,0,
2026-09-04T14,144,0,17.4,17.4,17.4,17.4,11,59926,44528,0,
2026-09-04T14,144,1,18.0,18.0,18.0,18.0,1,1,1,0,
2026-09-04T14,144,2,18.0,18.0,18.0,18.0,2,85672,85672,0,
2026-09-04T14,144,4,18.1,18.1,18.1,18.1,2,11018,11018,0,
2026-09-04T14,144,5,18.3,18.3,18.3,18.3,2,52589,52589,0,
2026-09-04T14,145,0,135.0,136.0,133.0,136.0,42,1262038,1137650,4223,
2026-09-04T14,146,0,6.6,6.8,6.5,6.7,42,263983,79824,0,
2026-09-04T14,146,1,7.1,7.1,6.8,6.8,14,1078510,716104,0,
2026-09-04T14,146,2,6.9,6.9,6.8,6.8,42,1536060,617197,0,
2026-09-04T14,146,3,7.1,7.1,7.0,7.0,26,2055053,364369,1501,
2026-09-04T14,146,4,7.9,7.9,7.9,7.9,17,4386772,750651,1,
2026-09-04T14,146,5,9.9,9.9,9.9,9.9,2,434687,382495,0,
2026-09-04T14,146,6,9.8,9.8,9.8,9.8,1,90000,90000,0,
2026-09-04T14,146,7,10.0,10.0,10.0,10.0,2,616640,426640,0,
2026-09-04T14,146,8,10.5,10.5,10.5,10.5,8,1190198,1063941,0,
2026-09-04T14,146,10,17.9,17.9,17.9,17.9,2,98862,98862,0,
2026-09-04T14,147,0,39.75,39.75,39.5,39.5,7,100989,85874,0,
2026-09-04T14,147,1,39.75,39.75,39.75,39.75,4,39795,25647,0,
2026-09-04T14,147,2,40.25,40.25,40.25,40.25,6,445241,124263,0,
2026-09-04T14,147,3,44.5,44.5,44.5,44.5,8,196499,127272,0,
2026-09-04T14,147,4,50.5,50.5,50.5,50.5,7,143078,68078,0,
2026-09-04T14,147,5,60.0,60.0,60.0,60.0,1,2,2,0,
2026-09-04T14,148,0,30.0,34.25,30.0,34.25,5,58138,90,0,
2026-09-04T14,148,1,33.25,33.25,33.25,33.25,7,70516,70509,0,
2026-09-04T14,148,2,36.0,36.0,36.0,36.0,3,187948,182848,0,
2026-09-04T14,148,3,36.25,36.25,36.25,36.25,5,170986,170986,0,
2026-09-04T14,148,4,37.0,37.0,37.0,37.0,4,106689,91846,0,
2026-09-04T14,148,5,46.0,46.0,46.0,46.0,4,156603,106603,0,
2026-09-04T14,148,6,49.5,49.5,49.5,49.5,1,1,1,0,
2026-09-04T14,148,10,59.0,59.0,59.0,59.0,2,10005,10005,0,
2026-09-04T14,149,0,790.0,790.0,790.0,790.0,11,1880,1776,0,
2026-09-04T14,149,1,815.0,815.0,815.0,815.0,11,1702,1313,0,
2026-09-04T14,149,2,835.0,835.0,835.0,835.0,12,8404,227,0,
2026-09-04T14,149,3,890.0,890.0,890.0,890.0,8,8391,2808,0,
2026-09-04T14,149,4,970.0,970.0,970.0,970.0,8,7134,6118,0,
2026-09-04T14,149,5,1010.0,1010.0,1010.0,1010.0,5,10793,10793,0,
2026-09-04T14,149,8,1070.0,1070.0,1070.0,1070.0,5,11049,4649,0,
2026-09-04T14,150,0,364.0,364.0,360.0,362.0,36,23250,633,0,
2026-09-04T14,150,1,800.0,800.0,790.0,790.0,18,9280,102,0,
2026-09-04T14,150,2,1680.0,1680.0,1680.0,1680.0,5,29766,29140,0,
2026-09-04T14,150,3,2810.0,2810.0,2810.0,2810.0,21,721,48,0,
2026-09-04T14,150,4,4960.0,4960.0,4960.0,4960.0,12,914,905,0,
2026-09-04T14,150,5,8975.0,8975.0,8975.0,8975.0,5,100,59,0,
2026-09-04T14,150,6,17200.0,17200.0,17200.0,17200.0,10,247,111,0,
2026-09-04T14,150,7,33000.0,33000.0,33000.0,33000.0,16,279,29,0,
2026-09-04T14,150,8,70000.0,70000.0,70000.0,70000.0,9,767,756,0,
2026-09-04T14,150,9,138000.0,138000.0,138000.0,138000.0,10,229,80,0,
2026-09-04T14,150,10,271500.0,271500.0,271500.0,271500.0,6,97,79,0,
2026-09-04T14,150,11,624500.0,624500.0,624500.0,624500.0,10,51,46,0,
2026-09-04T14,150,12,1380000.0,1380000.0,1380000.0,1380000.0,11,142,2,0,
2026-09-04T14,151,0,384.0,384.0,384.0,384.0,6,412,412,0,
2026-09-04T14,151,1,388.0,388.0,388.0,388.0,5,4998,4998,0,
2026-09-04T14,151,2,464.0,464.0,464.0,464.0,6,7230,6565,0,
2026-09-04T14,151,3,472.0,472.0,472.0,472.0,4,7045,6695,0,
2026-09-04T14,151,4,476.0,476.0,476.0,476.0,3,6488,6488,0,
2026-09-04T14,151,7,500.0,500.0,500.0,500.0,1,4,4,0,
2026-09-04T14,151,8,500.0,500.0,500.0,500.0,1,2,2,0,
2026-09-04T14,151,9,2290.0,2290.0,2290.0,2290.0,4,1101,1101,0,
2026-09-04T14,151,10,2900.0,2900.0,2900.0,2900.0,2,6002,6002,0,
2026-09-04T14,152,0,234.0,234.0,234.0,234.0,7,1703,225,0,
2026-09-04T14,152,1,250.0,250.0,250.0,250.0,14,1181,793,0,
2026-09-04T14,152,2,294.0,294.0,294.0,294.0,3,55,55,0,
2026-09-04T14,152,3,298.0,298.0,298.0,298.0,2,1200,1200,0,
2026-09-04T14,152,4,320.0,320.0,320.0,320.0,2,4017,4017,0,
2026-09-04T14,153,0,82.0,82.0,82.0,82.0,,,,0,
2026-09-04T14,153,1,82.0,82.0,82.0,82.0,1,5639,5639,0,
2026-09-04T14,153,3,88.0,88.0,88.0,88.0,1,709,709,0,
2026-09-04T14,154,0,78.0,78.0,77.0,77.0,,,,0,
2026-09-04T14,154,1,77.0,77.0,77.0,77.0,1,4724,4724,0,
2026-09-04T14,154,2,78.0,78.0,78.0,78.0,1,512,512,0,
2026-09-04T14,155,0,131.0,131.0,131.0,131.0,8,6958,6617,5,
2026-09-04T14,155,7,170.0,170.0,170.0,170.0,1,3400,3400,0,
2026-09-04T15,1,0,0.26,0.262,0.256,0.258,166,105834333,54579731,2794326,
2026-09-04T15,1,1,0.261,0.263,0.261,0.262,28,24698823,24694759,594312,
2026-09-04T15,1,2,0.263,0.263,0.261,0.262,61,154769750,143752627,260838,
2026-09-04T15,1,3,0.26,0.264,0.26,0.263,39,239034759,177612611,1947953,
2026-09-04T15,1,4,0.264,0.265,0.264,0.265,51,250429781,165962314,8059719,
2026-09-04T15,1,5,0.266,0.266,0.264,0.265,16,107922756,98748647,0,
2026-09-04T15,1,6,0.266,0.266,0.266,0.266,9,68533502,68533502,479975,
2026-09-04T15,1,7,0.267,0.267,0.267,0.267,8,60983280,60983280,0,
2026-09-04T15,1,8,0.267,0.267,0.267,0.267,7,57230777,57230777,0,
2026-09-04T15,1,9,0.267,0.267,0.267,0.267,6,46526158,41476983,0,
2026-09-04T15,1,10,0.266,0.267,0.266,0.267,9,46497267,8430386,5000000,
2026-09-04T15,1,11,0.268,0.268,0.268,0.268,9,58842363,24816829,0,
2026-09-04T15,1,12,0.268,0.268,0.267,0.267,19,170310903,136415408,0,
2026-09-04T15,2,0,0.369,0.371,0.362,0.367,138,39075190,24024746,3913305,
2026-09-04T15,2,1,0.373,0.374,0.372,0.374,19,5668873,5656616,953886,
2026-09-04T15,2,2,0.383,0.386,0.383,0.385,36,73024847,53808726,1997473,
2026-09-04T15,2,3,0.405,0.405,0.401,0.401,17,31515637,11515637,894678,
2026-09-04T15,2,4,0.469,0.47,0.467,0.47,12,24181055,24181055,93191,
2026-09-04T15,2,5,0.481,0.481,0.48,0.481,13,38843561,38843561,1118100,
2026-09-04T15,2,6,0.482,0.482,0.482,0.482,6,14801519,14801519,99364,
2026-09-04T15,2,7,0.5,0.5,0.5,0.5,3,16159375,9386295,0,
2026-09-04T15,2,8,0.525,0.525,0.525,0.525,1,6449371,6449371,0,
2026-09-04T15,2,10,0.525,0.525,0.525,0.525,5,17455411,12455411,566960,
2026-09-04T15,2,11,0.585,0.585,0.585,0.585,3,10902251,10902251,0,
2026-09-04T15,2,12,0.655,0.655,0.655,0.655,6,1125275,825275,1000,
2026-09-04T15,3,0,2.3,2.4,1.99,2.05,264,2387517,3558,5889,
2026-09-04T15,3,1,2.4,2.5,2.4,2.45,24,1338683,300765,0,
2026-09-04T15,3,2,2.5,2.5,2.5,2.5,24,2842007,1057480,35758,
2026-09-04T15,3,3,2.95,2.95,2.85,2.85,19,2814395,246281,0,
2026-09-04T15,3,4,3.25,3.25,3.25,3.25,13,2989858,1206992,0,
2026-09-04T15,3,5,3.45,3.45,3.45,3.45,5,3204637,2407820,0,
2026-09-04T15,3,6,3.45,3.45,3.45,3.45,3,3124571,1654899,0,
2026-09-04T15,3,7,4.55,4.55,4.55,4.55,2,210400,210400,0,
2026-09-04T15,3,10,6.2,6.2,6.2,6.2,1,322598,322598,0,
2026-09-04T15,3,11,6.4,6.4,6.4,6.4,3,23615,23615,0,
2026-09-04T15,3,12,7.0,7.0,7.0,7.0,1,311180,311180,0,
2026-09-04T15,4,0,2.4,2.55,2.15,2.3,87,870586,9741,8948,
2026-09-04T15,4,1,2.5,2.6,2.5,2.6,6,367841,114572,0,
2026-09-04T15,4,2,2.6,2.6,2.6,2.6,12,676531,346222,0,
2026-09-04T15,4,3,2.75,2.75,2.75,2.75,10,2945061,375083,0,
2026-09-04T15,4,4,3.1,3.1,3.1,3.1,7,4311282,4131282,0,
2026-09-04T15,4,5,3.1,3.1,3.1,3.1,10,2131308,781225,80000,
2026-09-04T15,4,6,3.6,3.6,3.6,3.6,2,668861,668861,0,
2026-09-04T15,4,7,3.7,3.7,3.7,3.7,3,719346,300000,0,
2026-09-04T15,4,8,4.45,4.45,4.45,4.45,3,115999,100000,0,
2026-09-04T15,5,0,2.85,2.9,2.45,2.45,72,1605199,835,399,
2026-09-04T15,5,1,2.95,2.95,2.95,2.95,8,355544,33186,0,
2026-09-04T15,5,2,3.05,3.05,3.05,3.05,6,543002,543002,0,
2026-09-04T15,5,3,3.15,3.15,3.15,3.15,4,775004,374630,0,
2026-09-04T15,5,4,3.2,3.2,3.2,3.2,7,1153819,466908,0,
2026-09-04T15,5,5,3.3,3.3,3.3,3.3,2,37200,7200,0,
2026-09-04T15,5,6,4.95,4.95,4.95,4.95,1,99999,99999,0,
2026-09-04T15,5,7,5.0,5.0,5.0,5.0,1,999,999,0,
2026-09-04T15,6,0,0.7,0.715,0.69,0.71,77,6005339,4532175,378792,
2026-09-04T15,6,1,0.71,0.72,0.71,0.71,13,2658917,2657719,0,
2026-09-04T15,6,2,0.715,0.72,0.715,0.72,10,3857802,3857802,0,
2026-09-04T15,6,3,0.74,0.74,0.74,0.74,12,5354867,2385410,0,
2026-09-04T15,6,4,0.86,0.86,0.86,0.86,10,8807817,7987317,0,
2026-09-04T15,6,5,0.98,0.98,0.98,0.98,3,9895148,9895148,0,
2026-09-04T15,6,6,1.11,1.11,1.11,1.11,10,14205055,9204215,0,
2026-09-04T15,6,7,1.17,1.17,1.11,1.11,9,4078688,200000,0,
2026-09-04T15,6,8,1.49,1.49,1.49,1.49,4,4429519,4429519,0,
2026-09-04T15,6,9,1.7,1.7,1.7,1.7,2,2070000,1750000,0,
2026-09-04T15,6,10,1.75,1.75,1.75,1.75,2,4500000,900000,0,
2026-09-04T15,6,11,2.3,2.3,2.3,2.3,1,690000,690000,0,
2026-09-04T15,6,12,2.5,2.5,2.5,2.5,1,300000,300000,0,
2026-09-04T15,7,0,40.5,41.25,40.25,40.75,28,39959,39018,0,
2026-09-04T15,7,1,40.5,41.25,40.5,41.25,8,31531,31521,0,
2026-09-04T15,7,2,41.0,41.0,41.0,41.0,7,91878,91878,3620,
2026-09-04T15,7,3,41.25,41.25,41.0,41.0,11,89485,87585,1102,
2026-09-04T15,7,4,46.25,46.25,46.25,46.25,8,90308,90288,0,
2026-09-04T15,7,5,46.5,47.0,46.5,47.0,3,87776,50444,0,
2026-09-04T15,7,6,55.5,55.5,55.5,55.5,5,133148,133148,0,
2026-09-04T15,7,7,60.0,60.0,60.0,60.0,1,24046,24046,0,
2026-09-04T15,7,8,62.0,62.0,62.0,62.0,1,12795,12795,0,
2026-09-04T15,7,10,70.0,70.0,70.0,70.0,1,16545,16545,0,
2026-09-04T15,7,11,90.0,90.0,90.0,90.0,2,24990,24990,0,
2026-09-04T15,8,0,10.9,11.0,10.6,10.7,41,394251,7638,469,
2026-09-04T15,8,1,11.1,11.1,11.1,11.1,7,153009,152959,820,
2026-09-04T15,8,2,11.4,11.4,11.3,11.3,7,433813,433813,0,
2026-09-04T15,8,3,11.4,11.4,11.4,11.4,7,612395,281595,0,
2026-09-04T15,8,4,11.6,11.6,11.6,11.6,4,230300,230300,0,
2026-09-04T15,8,5,12.5,12.5,12.5,12.5,2,13990,9990,0,
2026-09-04T15,9,0,1.19,1.2,1.1,1.12,92,991138,9176,0,
2026-09-04T15,9,1,1.22,1.22,1.2,1.2,17,650649,586235,1000,
2026-09-04T15,9,2,1.24,1.24,1.24,1.24,21,2943125,595251,0,
2026-09-04T15,9,3,1.25,1.25,1.25,1.25,15,1941483,694077,0,
2026-09-04T15,9,4,1.35,1.35,1.35,1.35,10,1902458,1152458,0,
2026-09-04T15,9,5,1.37,1.37,1.37,1.37,6,832259,102821,0,
2026-09-04T15,9,7,1.77,1.77,1.77,1.77,6,4571043,500001,0,
2026-09-04T15,9,8,2.5,2.5,2.5,2.5,1,50422,50422,0,
2026-09-04T15,9,10,3.6,3.6,3.6,3.6,1,305248,305248,0,
2026-09-04T15,10,0,29.0,29.5,27.75,29.25,34,863513,849733,4784,
2026-09-04T15,10,1,30.0,30.0,29.5,29.5,12,373163,372905,0,
2026-09-04T15,10,2,29.25,30.0,29.25,30.0,14,699420,699360,0,
2026-09-04T15,10,3,29.25,30.0,29.25,29.75,12,1026475,705171,26376,
2026-09-04T15,10,4,30.25,30.25,30.25,30.25,12,1163958,535406,0,
2026-09-04T15,10,5,30.25,30.25,29.5,29.5,11,600011,546072,0,
2026-09-04T15,10,6,30.75,30.75,29.75,29.75,6,1228256,575265,0,
2026-09-04T15,10,7,31.0,31.0,30.0,31.0,5,294602,294602,0,
2026-09-04T15,10,10,30.25,30.25,30.25,30.25,7,351268,114102,15000,
2026-09-04T15,10,11,30.5,30.5,30.5,30.5,7,122145,72145,0,
2026-09-04T15,10,12,39.0,39.0,39.0,39.0,2,25999,25999,0,
2026-09-04T15,11,0,41.75,42.0,41.25,42.0,8,77431,76828,0,
2026-09-04T15,11,1,41.75,42.0,41.75,42.0,8,35112,35112,0,
2026-09-04T15,11,2,41.75,42.0,41.75,41.75,5,527007,527005,16063,
2026-09-04T15,11,3,42.25,42.75,42.25,42.25,3,257443,257443,0,
2026-09-04T15,11,4,42.75,42.75,42.75,42.75,3,284073,284073,0,
2026-09-04T15,11,5,42.75,42.75,42.75,42.75,10,634499,253916,0,
2026-09-04T15,11,6,44.0,44.0,44.0,44.0,3,15271,15271,0,
2026-09-04T15,11,8,48.0,48.0,48.0,48.0,1,10000,10000,0,
2026-09-04T15,11,10,44.0,44.0,44.0,44.0,1,1642,1642,0,
2026-09-04T15,11,11,48.0,48.0,48.0,48.0,4,43990,43990,0,
2026-09-04T15,12,0,40.75,41.25,40.0,41.0,21,772560,769191,38129,
2026-09-04T15,12,1,41.25,41.5,41.25,41.25,8,194841,194791,0,
2026-09-04T15,12,2,41.25,41.75,41.0,41.0,11,652184,87538,3332,
2026-09-04T15,12,3,41.5,42.0,41.5,41.5,17,78767,62876,0,
2026-09-04T15,12,4,42.0,42.25,42.0,42.25,7,94474,83237,55869,
2026-09-04T15,12,5,42.5,42.75,42.5,42.75,4,283498,283498,0,
2026-09-04T15,12,6,43.75,43.75,43.75,43.75,1,34878,34878,0,
2026-09-04T15,12,7,46.75,46.75,46.75,46.75,2,37000,37000,0,
2026-09-04T15,12,8,46.75,46.75,46.75,46.75,3,54953,54953,0,
2026-09-04T15,12,9,50.0,50.0,50.0,50.0,1,19999,19999,0,
2026-09-04T15,13,0,0.361,0.364,0.361,0.362,127,511001465,149320522,7574380,
2026-09-04T15,14,0,10.9,11.1,10.5,10.5,26,440733,26686,0,
2026-09-04T15,14,1,11.0,11.2,10.9,11.2,10,314437,304437,0,
2026-09-04T15,14,2,11.1,11.1,11.0,11.0,12,286277,104221,61043,
2026-09-04T15,14,3,11.1,11.3,11.1,11.3,12,1123998,847123,58565,
2026-09-04T15,14,4,11.2,11.2,11.2,11.2,9,1087960,1024994,996,
2026-09-04T15,14,5,11.6,11.6,11.6,11.6,9,3669798,2169634,0,
2026-09-04T15,14,6,13.9,13.9,13.8,13.8,4,740000,640000,0,
2026-09-04T15,14,7,13.5,14.9,13.5,14.8,2,52728,52728,0,
2026-09-04T15,14,8,18.2,18.2,18.2,18.2,4,913305,913305,0,
2026-09-04T15,14,11,11.6,19.0,11.6,19.0,1,25219,25219,0,
2026-09-04T15,15,0,9.5,10.2,9.5,10.0,32,1833019,73417,8050,
2026-09-04T15,15,1,10.3,10.5,10.3,10.4,15,278457,261811,4661,
2026-09-04T15,15,2,10.6,10.7,10.6,10.7,7,778808,778808,12350,
2026-09-04T15,15,3,10.7,10.7,10.7,10.7,17,2676653,2208240,5000,
2026-09-04T15,15,4,11.0,11.0,11.0,11.0,3,508187,508187,0,
2026-09-04T15,15,5,11.2,11.2,11.2,11.2,3,250245,182081,0,
2026-09-04T15,15,6,11.3,11.3,11.3,11.3,3,240578,240578,0,
2026-09-04T15,15,7,11.4,11.4,11.4,11.4,1,2090,2090,0,
2026-09-04T15,15,8,11.5,11.5,11.5,11.5,3,789811,789811,0,
2026-09-04T15,15,10,11.0,11.0,11.0,11.0,3,279625,79624,2870,
2026-09-04T15,16,0,8.5,8.6,8.3,8.5,8,153408,152608,60305,
2026-09-04T15,16,1,8.6,8.8,8.6,8.7,17,441752,424138,1344,
2026-09-04T15,16,2,8.8,8.9,8.7,8.8,10,623522,581088,64280,
2026-09-04T15,16,3,8.9,8.9,8.9,8.9,8,858049,853790,102994,
2026-09-04T15,16,4,9.1,9.2,9.1,9.2,2,555707,555707,60000,
2026-09-04T15,16,5,9.1,9.2,9.1,9.2,1,50000,50000,0,
2026-09-04T15,16,6,9.2,9.2,9.2,9.2,3,122520,122520,0,
2026-09-04T15,16,7,9.2,9.2,9.2,9.2,1,144231,144231,63189,
2026-09-04T15,16,8,9.6,9.6,9.2,9.2,5,1069093,169093,0,
2026-09-04T15,16,11,9.4,9.4,9.4,9.4,1,145183,145183,0,
2026-09-04T15,16,12,9.4,9.4,9.4,9.4,5,2063980,2063980,0,
2026-09-04T15,17,0,14.4,14.8,14.3,14.7,14,142911,94916,27405,
2026-09-04T15,17,1,14.7,14.9,14.7,14.8,9,244193,244188,0,
2026-09-04T15,17,2,14.8,14.9,14.8,14.8,10,521511,469820,154624,
2026-09-04T15,17,3,14.8,14.9,14.7,14.7,6,1430130,1430130,48419,
2026-09-04T15,17,4,14.9,15.0,14.8,15.0,6,983890,983890,89563,
2026-09-04T15,17,5,15.0,15.1,15.0,15.1,3,417105,417105,14993,
2026-09-04T15,17,6,15.0,15.1,15.0,15.1,3,358968,358968,8160,
2026-09-04T15,17,7,15.2,15.2,15.2,15.2,4,523812,493812,0,
2026-09-04T15,17,8,15.6,15.6,15.6,15.6,9,1998122,606148,0,
2026-09-04T15,17,9,16.5,16.5,16.5,16.5,3,515568,118832,0,
2026-09-04T15,17,10,16.3,16.3,16.3,16.3,22,1370062,634000,0,
2026-09-04T15,17,11,22.0,22.0,22.0,22.0,1,17112,17112,0,
2026-09-04T15,18,0,20.75,21.0,19.5,19.5,13,37408,5740,0,
2026-09-04T15,18,1,21.0,21.0,19.9,19.9,12,196221,11471,16010,
2026-09-04T15,18,2,20.5,21.25,20.5,20.5,5,112434,49917,0,
2026-09-04T15,18,3,20.75,21.0,20.75,20.75,13,776581,142009,29097,
2026-09-04T15,18,4,21.25,21.25,21.25,21.25,17,1037252,926183,5440,
2026-09-04T15,18,5,22.5,22.5,22.5,22.5,6,851639,351639,1972,
2026-09-04T15,18,6,24.5,24.5,24.5,24.5,3,17203,17032,3050,
2026-09-04T15,18,7,26.0,26.0,26.0,26.0,1,98360,98360,0,
2026-09-04T15,18,8,26.0,26.0,26.0,26.0,2,110076,110076,0,
2026-09-04T15,18,10,28.75,28.75,28.75,28.75,2,60001,60001,0,
2026-09-04T15,19,0,11.2,11.2,11.1,11.2,19,1392230,151015,26797,
2026-09-04T15,19,1,11.6,11.6,11.5,11.5,5,177173,44063,8656,
2026-09-04T15,19,2,11.8,11.8,11.6,11.6,5,681740,681740,35150,
2026-09-04T15,19,3,11.9,11.9,11.9,11.9,6,298795,298795,39099,
2026-09-04T15,19,4,12.2,12.2,12.2,12.2,9,1878491,1713809,0,
2026-09-04T15,19,5,12.3,12.3,12.3,12.3,7,505157,165732,19989,
2026-09-04T15,19,6,12.4,12.4,12.4,12.4,7,440413,382937,0,
2026-09-04T15,19,7,12.4,12.4,12.4,12.4,13,916884,290439,0,
2026-09-04T15,19,8,12.5,12.5,12.5,12.5,10,991618,541618,0,
2026-09-04T15,19,9,15.3,15.3,15.3,15.3,2,96424,96424,0,
2026-09-04T15,19,10,15.3,15.3,15.3,15.3,5,356448,356448,0,
2026-09-04T15,19,11,19.9,19.9,19.9,19.9,2,50999,50999,0,
2026-09-04T15,20,0,109.0,111.0,109.0,111.0,8,110108,76005,259,
2026-09-04T15,20,1,110.0,111.0,110.0,111.0,14,51377,11079,2599,
2026-09-04T15,20,2,113.0,113.0,113.0,113.0,17,102581,63495,0,
2026-09-04T15,20,3,113.0,113.0,111.0,111.0,23,185207,20119,0,
2026-09-04T15,20,4,116.0,116.0,115.0,115.0,13,85923,18379,0,
2026-09-04T15,20,5,120.0,120.0,117.0,117.0,9,107992,14699,0,
2026-09-04T15,20,6,118.0,118.0,118.0,118.0,5,31378,24255,0,
2026-09-04T15,20,7,120.0,120.0,120.0,120.0,7,32000,13476,0,
2026-09-04T15,21,0,58.0,59.0,57.0,57.0,5,3404,1576,0,
2026-09-04T15,21,1,58.0,58.5,58.0,58.5,8,12870,12839,9464,
2026-09-04T15,21,2,58.5,58.5,57.5,57.5,11,69230,65230,494,
2026-09-04T15,21,3,59.5,60.0,59.5,59.5,7,272893,267893,691,
2026-09-04T15,21,4,60.0,60.0,59.5,59.5,15,659579,385529,14099,
2026-09-04T15,21,5,63.0,63.0,60.5,60.5,10,99137,56421,0,
2026-09-04T15,21,6,61.0,61.0,61.0,61.0,4,227118,40204,0,
2026-09-04T15,21,7,66.5,66.5,66.5,66.5,3,96196,96196,0,
2026-09-04T15,21,8,68.0,68.0,68.0,68.0,2,58267,58267,0,
2026-09-04T15,22,0,89.0,90.5,88.0,90.0,4,308,306,0,
2026-09-04T15,22,1,90.5,90.5,88.5,89.0,4,2393,2393,0,
2026-09-04T15,22,2,90.5,90.5,90.5,90.5,1,5000,5000,0,
2026-09-04T15,22,3,90.5,90.5,90.5,90.5,3,23382,23382,0,
2026-09-04T15,22,4,91.0,91.0,91.0,91.0,3,25698,25698,0,
2026-09-04T15,22,5,91.0,91.0,91.0,91.0,3,93595,93595,0,
2026-09-04T15,22,6,92.0,92.0,90.0,90.0,4,28327,28327,10320,
2026-09-04T15,22,7,91.5,91.5,91.5,91.5,3,53874,53874,0,
2026-09-04T15,22,8,95.5,95.5,95.5,95.5,4,48723,48723,0,
2026-09-04T15,22,9,97.0,97.0,97.0,97.0,4,45554,45554,0,
2026-09-04T15,22,10,98.0,98.0,98.0,98.0,1,9946,9946,0,
2026-09-04T15,22,11,108.0,108.0,108.0,108.0,2,25423,25423,0,
2026-09-04T15,23,0,127.0,131.0,126.0,129.0,5,2127,1753,519,
2026-09-04T15,23,1,130.0,135.0,129.0,135.0,1,1,1,0,
2026-09-04T15,23,2,130.0,131.0,129.0,130.0,7,41741,41741,3980,
2026-09-04T15,23,3,131.0,132.0,131.0,132.0,5,27928,21928,1726,
2026-09-04T15,23,4,132.0,132.0,132.0,132.0,4,63515,12169,7792,
2026-09-04T15,23,5,132.0,132.0,132.0,132.0,3,15776,15776,19989,
2026-09-04T15,23,6,134.0,134.0,134.0,134.0,2,5943,5943,3300,
2026-09-04T15,23,7,135.0,135.0,135.0,135.0,2,2055,2055,0,
2026-09-04T15,23,8,137.0,137.0,137.0,137.0,3,30000,20000,0,
2026-09-04T15,23,9,142.0,142.0,142.0,142.0,3,102242,102242,0,
2026-09-04T15,23,10,149.0,149.0,149.0,149.0,2,11824,11824,0,
2026-09-04T15,23,11,210.0,210.0,210.0,210.0,1,199,199,0,
2026-09-04T15,24,0,630.0,645.0,620.0,645.0,10,299,279,0,
2026-09-04T15,24,1,645.0,645.0,645.0,645.0,2,1461,1461,1071,
2026-09-04T15,24,2,620.0,620.0,620.0,620.0,2,1635,1635,334,
2026-09-04T15,24,3,630.0,635.0,630.0,635.0,4,2074,2074,21,
2026-09-04T15,24,4,640.0,650.0,640.0,650.0,2,17916,17916,0,
2026-09-04T15,24,5,660.0,660.0,660.0,660.0,2,3498,1998,0,
2026-09-04T15,24,6,665.0,665.0,665.0,665.0,1,22764,22764,0,
2026-09-04T15,24,7,670.0,670.0,665.0,665.0,2,2766,2766,0,
2026-09-04T15,24,8,725.0,725.0,725.0,725.0,1,83,83,0,
2026-09-04T15,25,0,735.0,760.0,730.0,760.0,14,4837,3719,25,
2026-09-04T15,25,1,730.0,770.0,730.0,770.0,4,7753,7753,0,
2026-09-04T15,25,2,760.0,770.0,760.0,770.0,7,6316,6313,0,
2026-09-04T15,25,3,775.0,780.0,775.0,775.0,6,13800,13800,0,
2026-09-04T15,25,4,800.0,800.0,800.0,800.0,1,8712,8712,0,
2026-09-04T15,25,5,805.0,805.0,805.0,805.0,3,17352,17352,0,
2026-09-04T15,25,6,835.0,835.0,835.0,835.0,5,13905,13905,0,
2026-09-04T15,25,7,840.0,840.0,840.0,840.0,8,46100,46100,0,
2026-09-04T15,25,10,900.0,900.0,900.0,900.0,1,467,467,0,
2026-09-04T15,26,0,1180.0,1200.0,1170.0,1200.0,8,158,100,150,
2026-09-04T15,26,1,1210.0,1210.0,1200.0,1200.0,2,1324,1324,59,
2026-09-04T15,26,2,1220.0,1220.0,1220.0,1220.0,4,3818,3818,78,
2026-09-04T15,26,3,1240.0,1240.0,1240.0,1240.0,3,9844,9844,0,
2026-09-04T15,26,4,1240.0,1240.0,1230.0,1230.0,7,4175,4175,20,
2026-09-04T15,26,5,1270.0,1270.0,1270.0,1270.0,3,17843,17843,0,
2026-09-04T15,26,6,1250.0,1250.0,1250.0,1250.0,2,2107,2107,0,
2026-09-04T15,26,7,1360.0,1360.0,1360.0,1360.0,1,1000,1000,0,
2026-09-04T15,27,0,570.0,570.0,570.0,570.0,4,190,186,0,
2026-09-04T15,27,1,585.0,585.0,585.0,585.0,1,1683,1683,0,
2026-09-04T15,27,2,580.0,580.0,580.0,580.0,1,1477,1477,0,
2026-09-04T15,27,3,590.0,590.0,585.0,585.0,6,1536,1536,0,
2026-09-04T15,27,4,595.0,595.0,595.0,595.0,2,1866,1866,0,
2026-09-04T15,27,5,595.0,600.0,595.0,600.0,3,9000,9000,0,
2026-09-04T15,27,6,630.0,630.0,630.0,630.0,3,9249,9249,0,
2026-09-04T15,27,7,680.0,680.0,680.0,680.0,1,640,640,0,
2026-09-04T15,27,12,800.0,800.0,800.0,800.0,1,252,252,0,
2026-09-04T15,28,0,945.0,955.0,935.0,955.0,3,721,721,0,
2026-09-04T15,28,1,945.0,945.0,945.0,945.0,1,727,727,0,
2026-09-04T15,28,2,935.0,980.0,935.0,980.0,1,5,5,0,
2026-09-04T15,28,3,985.0,985.0,985.0,985.0,3,2789,2789,0,
2026-09-04T15,28,4,985.0,985.0,980.0,980.0,11,7385,6735,0,
2026-09-04T15,28,6,1040.0,1040.0,1040.0,1040.0,1,500,500,0,
2026-09-04T15,28,9,1050.0,1050.0,1050.0,1050.0,1,285,285,0,
2026-09-04T15,29,0,105.0,106.0,101.0,101.0,44,572140,129727,1834,
2026-09-04T15,30,0,153.0,154.0,150.0,153.0,56,519092,193712,1714,
2026-09-04T15,31,0,199.0,199.0,198.0,199.0,43,778725,554099,15449,
2026-09-04T15,32,0,212.0,212.0,206.0,206.0,66,522625,20457,9610,
2026-09-04T15,33,0,110.0,111.0,107.0,107.0,32,376482,99495,0,
2026-09-04T15,34,0,89.0,89.0,88.0,88.0,79,1065707,197104,1533,
2026-09-04T15,35,0,83.0,83.0,79.5,79.5,40,1325290,360102,12020,
2026-09-04T15,40,0,1.45,1.59,1.44,1.54,73,2203251,121379,247719,
2026-09-04T15,40,1,1.64,1.65,1.64,1.65,23,4724204,2425698,22338,
2026-09-04T15,40,2,1.67,1.7,1.67,1.7,17,3173098,1991305,0,
2026-09-04T15,40,3,1.83,1.83,1.83,1.83,12,3831745,2284985,0,
2026-09-04T15,40,4,1.92,1.92,1.92,1.92,16,2885998,1578576,0,
2026-09-04T15,40,5,2.05,2.05,2.05,2.05,12,6459379,454642,0,
2026-09-04T15,40,6,2.15,2.15,2.15,2.15,4,1049910,845888,0,
2026-09-04T15,40,7,2.5,2.5,2.5,2.5,3,829177,829177,0,
2026-09-04T15,40,8,2.85,2.85,2.85,2.85,3,900000,600000,0,
2026-09-04T15,41,0,4.6,4.7,4.5,4.65,25,305635,144983,13538,
2026-09-04T15,41,1,4.95,4.95,4.85,4.85,6,517051,516073,0,
2026-09-04T15,41,2,4.8,4.9,4.8,4.9,7,1494107,398448,106302,
2026-09-04T15,41,3,5.0,5.0,5.0,5.0,10,2099569,1376388,5000,
2026-09-04T15,41,4,5.1,5.1,5.0,5.0,8,2044843,541315,0,
2026-09-04T15,41,5,5.6,5.6,5.6,5.6,3,1718646,1718646,119868,
2026-09-04T15,41,6,7.3,7.3,7.3,7.3,1,50000,50000,0,
2026-09-04T15,41,7,6.0,6.0,6.0,6.0,1,35552,35552,0,
2026-09-04T15,41,8,8.3,8.3,8.3,8.3,1,85499,85499,0,
2026-09-04T15,41,9,8.9,8.9,8.9,8.9,1,159004,159004,0,
2026-09-04T15,41,10,8.9,8.9,8.9,8.9,3,101000,100000,0,
2026-09-04T15,41,11,9.9,9.9,9.9,9.9,2,23103,23103,0,
2026-09-04T15,42,0,5.0,5.2,4.8,5.1,37,2852240,294885,16570,
2026-09-04T15,42,1,5.2,5.3,5.2,5.3,5,142668,123931,0,
2026-09-04T15,42,2,5.3,5.3,5.2,5.2,11,1185099,785393,21519,
2026-09-04T15,42,3,5.2,5.4,5.2,5.4,11,622686,510681,35546,
2026-09-04T15,42,4,5.5,5.5,5.5,5.5,6,1325227,1075227,0,
2026-09-04T15,42,5,5.7,5.7,5.7,5.7,6,3737535,437535,0,
2026-09-04T15,42,6,6.9,6.9,6.9,6.9,1,1647,1647,0,
2026-09-04T15,42,7,6.9,6.9,6.9,6.9,1,999,999,0,
2026-09-04T15,43,0,11.4,11.6,11.4,11.5,23,295004,226542,658,
2026-09-04T15,43,1,11.6,11.6,11.6,11.6,15,567953,172702,21263,
2026-09-04T15,43,2,11.6,11.8,11.6,11.7,14,1067372,687627,1542,
2026-09-04T15,43,3,11.7,11.9,11.7,11.9,19,1586682,488024,13299,
2026-09-04T15,43,4,12.1,12.1,11.9,11.9,13,684191,540926,44429,
2026-09-04T15,43,5,12.7,12.7,12.7,12.7,5,703489,4540,20460,
2026-09-04T15,43,6,14.6,14.6,14.5,14.5,7,929996,929996,0,
2026-09-04T15,43,7,17.6,17.6,17.6,17.6,2,27389,27389,0,
2026-09-04T15,43,8,18.8,18.8,18.8,18.8,3,23885,23885,0,
2026-09-04T15,44,0,1.25,1.26,1.22,1.23,18,2518359,1593352,220774,
2026-09-04T15,44,1,1.29,1.29,1.27,1.27,3,843828,843828,261812,
2026-09-04T15,44,2,1.29,1.3,1.29,1.3,17,5553967,4753967,170393,
2026-09-04T15,44,3,1.32,1.32,1.31,1.31,4,1599710,1499710,0,
2026-09-04T15,44,4,1.33,1.33,1.33,1.33,4,11383826,3334934,0,
2026-09-04T15,44,5,1.34,1.34,1.34,1.34,6,3835586,2287967,0,
2026-09-04T15,44,6,1.35,1.35,1.35,1.35,4,2815813,340000,0,
2026-09-04T15,44,7,1.69,1.69,1.69,1.69,1,400000,400000,0,
2026-09-04T15,45,0,15.5,15.9,13.0,15.7,9,511328,511328,1835,
2026-09-04T15,45,1,15.9,15.9,15.7,15.7,6,265722,131523,0,
2026-09-04T15,45,2,15.8,15.8,15.8,15.8,12,585001,456262,4320,
2026-09-04T15,45,3,15.9,15.9,15.9,15.9,18,622901,210664,8447,
2026-09-04T15,45,4,16.7,16.7,16.7,16.7,14,207338,163576,0,
2026-09-04T15,45,5,16.0,16.0,16.0,16.0,2,12111,1000,0,
2026-09-04T15,45,6,17.0,17.0,17.0,17.0,1,122621,122621,0,
2026-09-04T15,45,7,23.5,23.5,23.5,23.5,1,10000,10000,0,
2026-09-04T15,45,9,24.25,24.25,24.25,24.25,1,1999,1999,0,
2026-09-04T15,45,12,24.5,24.5,24.5,24.5,3,54291,54291,0,
2026-09-04T15,46,0,26.75,28.5,24.0,27.5,57,173221,17903,1767,
2026-09-04T15,46,1,27.25,28.5,27.25,28.5,15,154878,139229,6501,
2026-09-04T15,46,2,28.75,30.0,28.5,30.0,7,35359,35359,469,
2026-09-04T15,46,3,29.75,30.25,29.75,30.25,7,417810,368354,10375,
2026-09-04T15,46,4,30.0,30.5,30.0,30.5,5,366767,366767,11814,
2026-09-04T15,46,5,30.75,30.75,30.75,30.75,10,163520,148520,0,
2026-09-04T15,46,6,34.75,34.75,34.75,34.75,4,148291,148291,0,
2026-09-04T15,46,7,34.75,34.75,34.75,34.75,8,143254,135613,0,
2026-09-04T15,47,0,442.0,444.0,442.0,444.0,9,11876,11703,82,
2026-09-04T15,47,1,444.0,448.0,444.0,448.0,4,3953,3953,398,
2026-09-04T15,47,2,452.0,452.0,452.0,452.0,6,13944,13944,1040,
2026-09-04T15,47,3,454.0,456.0,454.0,456.0,8,40107,40107,981,
2026-09-04T15,47,4,470.0,470.0,466.0,466.0,5,15061,15061,0,
2026-09-04T15,47,5,470.0,470.0,468.0,468.0,4,10028,6489,0,
2026-09-04T15,47,6,498.0,498.0,498.0,498.0,6,43664,38664,0,
2026-09-04T15,47,7,525.0,525.0,525.0,525.0,1,7528,7528,0,
2026-09-04T15,47,8,530.0,530.0,530.0,530.0,2,14140,14140,0,
2026-09-04T15,47,9,900.0,900.0,900.0,900.0,1,1,1,0,
2026-09-04T15,48,0,222.0,222.0,222.0,222.0,7,1036,886,1560,
2026-09-04T15,48,1,230.0,230.0,228.0,228.0,5,1983,983,699,
2026-09-04T15,48,2,230.0,230.0,230.0,230.0,1,250,250,0,
2026-09-04T15,48,3,234.0,234.0,234.0,234.0,2,5760,5760,0,
2026-09-04T15,48,4,232.0,232.0,232.0,232.0,5,56682,56682,1784,
2026-09-04T15,48,5,256.0,256.0,256.0,256.0,5,57903,57903,0,
2026-09-04T15,48,6,278.0,278.0,278.0,278.0,2,74160,74160,0,
2026-09-04T15,48,7,350.0,350.0,350.0,350.0,3,3000,2000,0,
2026-09-04T15,48,8,400.0,400.0,400.0,400.0,1,250,250,0,
2026-09-04T15,49,0,945.0,945.0,940.0,940.0,22,7863,5153,0,
2026-09-04T15,49,1,1010.0,1010.0,1010.0,1010.0,3,5632,5632,246,
2026-09-04T15,49,2,1040.0,1040.0,1040.0,1040.0,2,1287,1287,0,
2026-09-04T15,49,3,1140.0,1140.0,1140.0,1140.0,1,93,93,0,
2026-09-04T15,49,4,1030.0,1030.0,1030.0,1030.0,1,15546,15546,1158,
2026-09-04T15,49,5,1050.0,1050.0,1050.0,1050.0,3,7126,2126,0,
2026-09-04T15,49,6,1190.0,1190.0,1190.0,1190.0,2,584,584,0,
2026-09-04T15,49,7,1230.0,1230.0,1230.0,1230.0,2,9493,9493,0,
2026-09-04T15,50,0,320.0,320.0,314.0,320.0,7,4291,4001,473,
2026-09-04T15,50,1,328.0,328.0,326.0,328.0,1,1790,1790,10,
2026-09-04T15,50,2,330.0,330.0,328.0,328.0,11,19762,18995,318,
2026-09-04T15,50,3,344.0,354.0,344.0,354.0,2,4500,4500,0,
2026-09-04T15,50,4,352.0,352.0,352.0,352.0,5,31426,31426,0,
2026-09-04T15,50,5,362.0,362.0,352.0,352.0,2,14829,14829,2171,
2026-09-04T15,50,6,354.0,354.0,354.0,354.0,3,31484,31484,0,
2026-09-04T15,50,7,354.0,354.0,354.0,354.0,8,34711,30211,0,
2026-09-04T15,50,10,418.0,418.0,418.0,418.0,1,2,2,0,
2026-09-04T15,50,11,420.0,420.0,420.0,420.0,4,16400,5000,0,
2026-09-04T15,51,0,770.0,770.0,750.0,765.0,8,4549,3869,34,
2026-09-04T15,51,1,775.0,780.0,775.0,780.0,10,11012,11012,256,
2026-09-04T15,51,2,800.0,800.0,785.0,785.0,10,7208,4875,0,
2026-09-04T15,51,3,800.0,800.0,790.0,790.0,8,22286,22113,195,
2026-09-04T15,51,4,815.0,815.0,815.0,815.0,21,27228,18385,0,
2026-09-04T15,51,5,900.0,900.0,900.0,900.0,9,7831,7463,0,
2026-09-04T15,51,6,910.0,910.0,910.0,910.0,6,7954,6954,0,
2026-09-04T15,51,8,995.0,995.0,995.0,995.0,2,1025,1025,0,
2026-09-04T15,52,0,610.0,610.0,610.0,610.0,9,3411,3411,33,
2026-09-04T15,52,1,610.0,610.0,610.0,610.0,1,478,478,0,
2026-09-04T15,52,2,615.0,620.0,615.0,620.0,5,5855,5855,673,
2026-09-04T15,52,3,625.0,625.0,615.0,615.0,3,2883,2883,263,
2026-09-04T15,52,4,625.0,625.0,620.0,620.0,4,5926,5926,0,
2026-09-04T15,52,5,625.0,625.0,625.0,625.0,6,22855,22855,44,
2026-09-04T15,52,6,645.0,645.0,645.0,645.0,4,13759,8759,300,
2026-09-04T15,52,7,800.0,800.0,800.0,800.0,7,110,10,0,
2026-09-04T15,52,8,1230.0,1230.0,1230.0,1230.0,2,1029,1029,0,
2026-09-04T15,52,10,1240.0,1240.0,1240.0,1240.0,1,1000,1000,0,
2026-09-04T15,52,11,1250.0,1250.0,1250.0,1250.0,2,1099,1099,0,
2026-09-04T15,53,0,3460.0,3470.0,3430.0,3430.0,6,274,274,0,
2026-09-04T15,53,1,3590.0,3590.0,3590.0,3590.0,1,1,1,0,
2026-09-04T15,53,3,3460.0,3460.0,3460.0,3460.0,3,1860,1860,0,
2026-09-04T15,53,4,3500.0,3500.0,3500.0,3500.0,6,1396,1396,28,
2026-09-04T15,53,5,3580.0,3580.0,3580.0,3580.0,4,2980,2980,0,
2026-09-04T15,53,6,3790.0,3790.0,3790.0,3790.0,1,4284,4284,0,
2026-09-04T15,53,9,3800.0,3800.0,3800.0,3800.0,1,4,4,0,
2026-09-04T15,54,0,6475.0,6500.0,6475.0,6500.0,5,806,716,0,
2026-09-04T15,54,1,6700.0,6700.0,6700.0,6700.0,1,224,224,0,
2026-09-04T15,54,2,6475.0,6475.0,6475.0,6475.0,2,719,719,65,
2026-09-04T15,54,3,6800.0,6800.0,6800.0,6800.0,1,2614,2614,0,
2026-09-04T15,54,4,6800.0,6800.0,6800.0,6800.0,2,5612,5612,0,
2026-09-04T15,54,5,7000.0,7000.0,7000.0,7000.0,2,2000,1000,0,
2026-09-04T15,54,6,7100.0,7100.0,7100.0,7100.0,2,1007,1007,0,
2026-09-04T15,54,7,6900.0,6900.0,6900.0,6900.0,1,258,258,0,
2026-09-04T15,55,0,2300.0,2320.0,2290.0,2320.0,,,,0,
2026-09-04T15,55,2,2300.0,2300.0,2300.0,2300.0,1,97,97,3,
2026-09-04T15,55,3,2320.0,2320.0,2320.0,2320.0,3,2046,2046,0,
2026-09-04T15,55,4,2330.0,2330.0,2330.0,2330.0,2,199,199,0,
2026-09-04T15,55,6,2390.0,2390.0,2390.0,2390.0,2,366,99,0,
2026-09-04T15,55,7,2420.0,2430.0,2400.0,2400.0,4,65,40,0,
2026-09-04T15,56,0,4430.0,4430.0,4420.0,4420.0,,,,0,
2026-09-04T15,56,2,4430.0,4430.0,4430.0,4430.0,2,58,58,0,
2026-09-04T15,56,3,4430.0,4430.0,4420.0,4420.0,5,586,586,37,
2026-09-04T15,56,4,4440.0,4440.0,4440.0,4440.0,2,2033,2033,0,
2026-09-04T15,56,5,4440.0,4440.0,4440.0,4440.0,6,8177,8177,460,
2026-09-04T15,56,6,4540.0,4540.0,4540.0,4540.0,2,377,377,0,
2026-09-04T15,56,7,5125.0,5125.0,5125.0,5125.0,15,1816,60,0,
2026-09-04T15,56,8,6200.0,6200.0,6200.0,6200.0,1,2849,2849,0,
2026-09-04T15,57,0,5575.0,5625.0,5575.0,5625.0,3,93,35,2,
2026-09-04T15,57,1,5600.0,5600.0,5600.0,5600.0,2,707,707,0,
2026-09-04T15,57,2,5600.0,5600.0,5600.0,5600.0,1,559,559,7,
2026-09-04T15,57,3,5725.0,5725.0,5725.0,5725.0,3,400,73,0,
2026-09-04T15,57,4,5750.0,5750.0,5750.0,5750.0,2,1003,1003,0,
2026-09-04T15,57,5,5800.0,5800.0,5800.0,5800.0,4,7670,6670,0,
2026-09-04T15,57,6,5875.0,5875.0,5875.0,5875.0,9,2441,2041,0,
2026-09-04T15,57,7,6850.0,6850.0,6000.0,6000.0,2,20,10,0,
2026-09-04T15,57,8,6875.0,6875.0,6875.0,6875.0,2,31,30,0,
2026-09-04T15,58,0,123.0,123.0,121.0,121.0,40,925422,62670,374,
2026-09-04T15,59,0,66.0,66.0,64.5,64.5,40,2689041,1351438,3644,
2026-09-04T15,60,0,5.7,5.9,5.5,5.5,50,656134,11331,774,
2026-09-04T15,60,1,5.9,6.4,5.7,5.7,10,302425,7197,30,
2026-09-04T15,60,2,6.3,6.3,6.2,6.2,12,518575,187019,0,
2026-09-04T15,60,3,6.4,6.4,6.3,6.3,10,2500181,48273,0,
2026-09-04T15,60,4,6.6,6.6,6.6,6.6,11,9838389,921806,0,
2026-09-04T15,60,5,6.9,6.9,6.9,6.9,5,1052920,1052920,0,
2026-09-04T15,60,6,7.2,7.2,7.2,7.2,9,971703,214133,0,
2026-09-04T15,60,7,7.5,7.5,7.5,7.5,4,367282,5000,0,
2026-09-04T15,60,8,8.8,8.8,8.8,8.8,2,285624,285624,0,
2026-09-04T15,60,9,10.0,10.0,10.0,10.0,1,100000,100000,0,
2026-09-04T15,60,10,9.8,9.8,9.8,9.8,4,573266,563267,0,
2026-09-04T15,60,12,12.9,12.9,12.9,12.9,1,1,1,0,
2026-09-04T15,61,0,18.9,19.4,18.0,19.4,16,174631,172297,0,
2026-09-04T15,61,1,19.4,19.4,19.3,19.4,10,1337261,1293829,0,
2026-09-04T15,61,2,19.8,19.8,19.8,19.8,6,2091331,2091331,0,
2026-09-04T15,61,3,20.0,20.0,20.0,20.0,11,1688423,1158973,0,
2026-09-04T15,61,4,20.5,20.5,20.5,20.5,10,764546,754187,0,
2026-09-04T15,61,5,21.0,21.0,19.3,21.0,7,1055149,1050149,0,
2026-09-04T15,61,6,24.5,24.5,24.5,24.5,3,151876,66000,0,
2026-09-04T15,62,0,22.25,22.25,21.75,21.75,17,19483,6273,0,
2026-09-04T15,62,1,22.5,22.5,22.25,22.25,6,49956,45536,350,
2026-09-04T15,62,2,22.75,22.75,22.75,22.75,12,333111,170301,0,
2026-09-04T15,62,3,23.0,23.0,23.0,23.0,9,236635,151639,0,
2026-09-04T15,62,4,23.5,23.5,23.5,23.5,5,600431,600431,0,
2026-09-04T15,62,5,29.0,29.0,29.0,29.0,2,278452,1452,0,
2026-09-04T15,62,6,24.75,24.75,24.75,24.75,1,12019,12019,0,
2026-09-04T15,62,9,38.0,38.0,38.0,38.0,2,999,999,0,
2026-09-04T15,63,0,33.75,33.75,33.75,33.75,18,80959,78844,0,
2026-09-04T15,63,1,34.0,34.0,34.0,34.0,10,173202,155047,0,
2026-09-04T15,63,2,35.25,35.25,35.25,35.25,10,329755,329755,0,
2026-09-04T15,63,3,36.0,36.0,36.0,36.0,1,116026,116026,0,
2026-09-04T15,63,4,36.25,36.25,36.25,36.25,3,266403,266403,0,
2026-09-04T15,63,5,37.75,37.75,37.75,37.75,1,100000,100000,0,
2026-09-04T15,63,6,38.5,38.5,38.5,38.5,1,10000,10000,0,
2026-09-04T15,63,7,38.0,38.0,38.0,38.0,1,98125,98125,0,
2026-09-04T15,64,0,46.75,47.0,46.5,47.0,15,14093,5655,1091,
2026-09-04T15,64,1,46.5,47.25,46.5,47.25,3,40261,40261,0,
2026-09-04T15,64,2,48.0,48.0,48.0,48.0,4,25660,25660,0,
2026-09-04T15,64,3,50.0,50.0,50.0,50.0,2,15822,15822,0,
2026-09-04T15,64,4,50.0,50.0,49.5,49.5,2,103353,103353,0,
2026-09-04T15,64,5,50.5,50.5,50.5,50.5,5,172000,172000,0,
2026-09-04T15,64,6,50.5,50.5,49.0,49.0,5,83034,43344,0,
2026-09-04T15,64,7,60.0,60.0,59.0,59.0,2,11000,11000,0,
2026-09-04T15,64,8,78.5,78.5,78.5,78.5,2,800,800,0,
2026-09-04T15,64,10,80.0,80.0,80.0,80.0,1,5000,5000,0,
2026-09-04T15,65,0,13.1,13.2,13.1,13.1,18,214234,210580,0,
2026-09-04T15,65,1,13.1,13.2,13.1,13.2,6,177466,177466,11574,
2026-09-04T15,65,2,13.6,13.6,13.5,13.5,14,685002,342616,0,
2026-09-04T15,65,3,13.9,13.9,13.8,13.8,6,1377398,1377398,0,
2026-09-04T15,65,4,13.9,13.9,13.7,13.7,8,797273,267838,0,
2026-09-04T15,65,5,14.7,14.7,14.7,14.7,2,687770,687770,0,
2026-09-04T15,65,6,14.5,14.5,14.5,14.5,5,147595,147595,3000,
2026-09-04T15,65,7,15.9,15.9,15.9,15.9,1,12000,12000,0,
2026-09-04T15,65,9,16.3,16.3,16.3,16.3,1,10000,10000,0,
2026-09-04T15,65,10,16.4,16.4,16.4,16.4,1,50000,50000,0,
2026-09-04T15,65,11,16.1,16.1,16.1,16.1,2,79712,79712,0,
2026-09-04T15,65,12,16.1,16.1,16.1,16.1,5,734350,734251,0,
2026-09-04T15,66,0,0.279,0.281,0.268,0.269,164,43178070,1785851,695356,
2026-09-04T15,66,1,0.282,0.282,0.28,0.282,25,7215757,5538733,86044,
2026-09-04T15,66,2,0.292,0.3,0.291,0.3,4,3075617,724175,746277,
2026-09-04T15,66,3,0.299,0.302,0.299,0.302,13,14495668,11331068,929885,
2026-09-04T15,66,4,0.316,0.316,0.302,0.302,7,2765340,1739247,411910,
2026-09-04T15,66,5,0.327,0.327,0.327,0.327,9,13203050,7402907,0,
2026-09-04T15,66,6,0.358,0.358,0.32,0.32,4,17987340,1193095,0,
2026-09-04T15,66,7,0.4,0.4,0.4,0.4,5,4218252,1099274,0,
2026-09-04T15,66,8,0.655,0.655,0.6,0.6,10,18827288,139199,0,
2026-09-04T15,66,10,0.78,0.78,0.78,0.78,4,3140000,3040000,0,
2026-09-04T15,66,12,0.69,0.69,0.69,0.69,2,2439347,2439347,0,
2026-09-04T15,67,0,11.8,11.8,11.8,11.8,15,206063,165182,0,
2026-09-04T15,67,1,13.2,13.2,13.2,13.2,3,160804,160804,0,
2026-09-04T15,67,2,12.4,12.4,12.4,12.4,5,143170,13887,0,
2026-09-04T15,67,3,13.4,13.4,13.4,13.4,6,29612,29492,0,
2026-09-04T15,67,4,17.0,17.0,17.0,17.0,11,1100,900,0,
2026-09-04T15,67,7,19.0,19.0,19.0,19.0,1,47112,47112,0,
2026-09-04T15,68,0,31.75,32.5,31.5,31.5,30,368310,334928,1586,
2026-09-04T15,68,1,32.75,32.75,32.75,32.75,11,97275,65575,38,
2026-09-04T15,68,2,33.5,33.5,33.25,33.5,8,113188,105593,0,
2026-09-04T15,68,3,33.75,33.75,33.5,33.5,9,346248,220930,0,
2026-09-04T15,68,4,34.0,34.0,34.0,34.0,6,1284555,267205,0,
2026-09-04T15,68,5,36.5,36.5,36.5,36.5,5,49195,49195,0,
2026-09-04T15,68,6,36.75,36.75,36.75,36.75,5,204326,204326,0,
2026-09-04T15,68,10,38.0,38.0,38.0,38.0,4,300120,300120,0,
2026-09-04T15,69,0,6525.0,6525.0,6400.0,6475.0,34,3380,2514,10,
2026-09-04T15,69,1,6600.0,6600.0,6525.0,6600.0,6,276,276,0,
2026-09-04T15,69,2,6550.0,6550.0,6550.0,6550.0,20,4239,3297,115,
2026-09-04T15,69,3,6575.0,6575.0,6500.0,6500.0,33,5679,5291,305,
2026-09-04T15,69,4,6725.0,6725.0,6725.0,6725.0,15,7386,6493,0,
2026-09-04T15,69,5,6750.0,6750.0,6700.0,6700.0,11,3765,3765,116,
2026-09-04T15,69,6,7000.0,7000.0,7000.0,7000.0,6,846,846,0,
2026-09-04T15,69,7,7400.0,7400.0,7400.0,7400.0,12,5723,5723,0,
2026-09-04T15,69,8,7775.0,7775.0,7775.0,7775.0,1,200,200,0,
2026-09-04T15,69,9,7775.0,7775.0,7775.0,7775.0,2,300,300,0,
2026-09-04T15,69,10,7825.0,7825.0,7825.0,7825.0,3,294,200,0,
2026-09-04T15,69,11,8150.0,8150.0,8150.0,8150.0,3,208,208,0,
2026-09-04T15,69,12,12500.0,12500.0,12500.0,12500.0,1,5,5,0,
2026-09-04T15,70,0,805.0,805.0,800.0,805.0,10,3904,3725,0,
2026-09-04T15,70,1,810.0,810.0,810.0,810.0,2,620,620,0,
2026-09-04T15,70,2,805.0,805.0,805.0,805.0,8,5767,5767,25,
2026-09-04T15,70,3,810.0,810.0,810.0,810.0,8,6640,4400,0,
2026-09-04T15,70,4,820.0,820.0,820.0,820.0,6,10366,9366,0,
2026-09-04T15,70,5,825.0,825.0,820.0,820.0,35,5277,5261,0,
2026-09-04T15,70,7,1280.0,1280.0,1280.0,1280.0,1,106,106,0,
2026-09-04T15,70,10,1140.0,1140.0,1140.0,1140.0,3,497,7,0,
2026-09-04T15,71,0,1570.0,1590.0,1570.0,1590.0,6,2207,2203,0,
2026-09-04T15,71,1,1590.0,1590.0,1590.0,1590.0,4,963,963,0,
2026-09-04T15,71,2,1590.0,1590.0,1580.0,1580.0,11,6959,5530,0,
2026-09-04T15,71,3,1590.0,1590.0,1590.0,1590.0,9,13552,13396,30,
2026-09-04T15,71,4,1600.0,1610.0,1600.0,1610.0,14,34799,34799,0,
2026-09-04T15,71,5,1660.0,1660.0,1660.0,1660.0,2,1120,1120,0,
2026-09-04T15,71,6,1670.0,1670.0,1670.0,1670.0,8,11284,11284,0,
2026-09-04T15,71,7,1980.0,1980.0,1980.0,1980.0,13,1184,884,0,
2026-09-04T15,72,0,1.64,1.64,1.57,1.58,75,1808855,140943,66798,
2026-09-04T15,72,1,1.79,1.79,1.73,1.73,8,6360527,575775,131335,
2026-09-04T15,72,2,1.8,1.8,1.74,1.8,12,2708871,2708871,4048,
2026-09-04T15,72,3,1.8,1.8,1.75,1.75,17,3831335,2556910,48024,
2026-09-04T15,72,4,1.9,1.9,1.9,1.9,11,6767111,3851475,0,
2026-09-04T15,72,5,2.35,2.4,2.35,2.4,2,941680,561484,0,
2026-09-04T15,72,6,2.45,2.45,2.45,2.45,5,876194,786322,0,
2026-09-04T15,72,9,3.85,3.85,3.85,3.85,1,406399,406399,0,
2026-09-04T15,72,10,3.9,3.9,3.9,3.9,3,49998,49998,0,
2026-09-04T15,73,0,26.5,27.5,26.0,27.0,77,269033,228396,1048,
2026-09-04T15,73,1,27.0,27.75,27.0,27.25,16,330978,177615,0,
2026-09-04T15,73,2,27.75,28.0,27.5,27.5,33,511384,241654,7633,
2026-09-04T15,73,3,28.75,28.75,28.5,28.75,18,1011797,214326,0,
2026-09-04T15,73,4,29.75,29.75,29.75,29.75,13,429761,327401,5000,
2026-09-04T15,73,5,29.75,30.0,29.75,30.0,14,324434,178852,47067,
2026-09-04T15,73,6,32.0,34.0,32.0,34.0,4,95032,95032,0,
2026-09-04T15,73,7,34.0,34.0,34.0,34.0,6,114549,114549,0,
2026-09-04T15,73,10,34.0,34.0,34.0,34.0,5,185109,185109,0,
2026-09-04T15,74,0,20.5,21.0,20.0,21.0,19,228487,116514,7593,
2026-09-04T15,74,1,22.25,22.75,22.25,22.25,8,48251,43898,9921,
2026-09-04T15,74,2,23.0,23.0,23.0,23.0,5,282346,272699,61634,
2026-09-04T15,74,3,23.25,23.25,23.25,23.25,7,222013,194088,0,
2026-09-04T15,74,4,23.25,23.25,23.25,23.25,3,138238,138238,32443,
2026-09-04T15,74,5,23.75,23.75,23.75,23.75,6,544643,136477,0,
2026-09-04T15,74,6,25.0,25.0,25.0,25.0,1,71809,71809,0,
2026-09-04T15,74,7,24.0,24.0,24.0,24.0,3,184727,184727,0,
2026-09-04T15,74,9,30.0,30.0,30.0,30.0,1,22302,22302,0,
2026-09-04T15,74,10,33.0,33.0,33.0,33.0,1,13337,13337,0,
2026-09-04T15,74,12,40.0,40.0,40.0,40.0,1,499,499,0,
2026-09-04T15,75,0,6.1,6.4,6.1,6.2,12,1337053,1010735,0,
2026-09-04T15,75,1,6.4,6.4,6.2,6.4,7,2921150,2921150,0,
2026-09-04T15,75,2,6.4,6.4,6.3,6.4,14,2735513,1566054,94990,
2026-09-04T15,75,3,6.5,6.5,6.5,6.5,20,7389363,4978308,0,
2026-09-04T15,75,4,6.5,6.5,6.5,6.5,13,1586271,257201,89,
2026-09-04T15,75,5,6.8,6.8,6.8,6.8,4,1761207,1761207,0,
2026-09-04T15,75,6,6.9,6.9,6.9,6.9,2,437840,387840,0,
2026-09-04T15,75,7,7.0,7.0,7.0,7.0,1,500000,500000,0,
2026-09-04T15,75,8,6.7,6.7,6.7,6.7,6,6175722,445714,0,
2026-09-04T15,75,9,7.8,7.8,7.8,7.8,1,833075,833075,0,
2026-09-04T15,75,10,7.9,7.9,7.9,7.9,2,2975401,500000,0,
2026-09-04T15,75,11,8.8,8.8,8.8,8.8,1,231388,231388,0,
2026-09-04T15,76,0,60.5,60.5,59.5,59.5,17,79024,52837,0,
2026-09-04T15,76,1,62.0,62.0,62.0,62.0,3,31410,31410,0,
2026-09-04T15,76,2,61.5,61.5,61.0,61.0,10,175714,163032,2400,
2026-09-04T15,76,3,63.5,63.5,63.0,63.0,10,400603,341521,0,
2026-09-04T15,76,4,64.0,64.0,64.0,64.0,14,256112,256076,10000,
2026-09-04T15,76,5,66.0,66.0,66.0,66.0,4,143025,143025,0,
2026-09-04T15,76,6,67.5,67.5,67.5,67.5,6,779878,779878,0,
2026-09-04T15,76,7,68.0,68.0,68.0,68.0,6,137934,137934,0,
2026-09-04T15,76,8,74.0,74.0,74.0,74.0,2,50001,50001,50000,
2026-09-04T15,76,9,92.0,92.0,91.0,91.0,4,172666,172666,0,
2026-09-04T15,76,10,99.5,99.5,99.5,99.5,2,21000,21000,0,
2026-09-04T15,76,11,111.0,111.0,111.0,111.0,1,5000,5000,0,
2026-09-04T15,76,12,111.0,111.0,111.0,111.0,2,2799,2799,0,
2026-09-04T15,77,0,2610.0,2610.0,2590.0,2590.0,20,3027,1850,0,
2026-09-04T15,77,1,2700.0,2700.0,2690.0,2690.0,14,1090,1090,40,
2026-09-04T15,77,2,2810.0,2810.0,2810.0,2810.0,3,522,522,0,
2026-09-04T15,77,3,2820.0,2820.0,2800.0,2800.0,5,2878,737,267,
2026-09-04T15,77,4,2840.0,2840.0,2810.0,2810.0,6,4888,4888,0,
2026-09-04T15,77,5,2830.0,2830.0,2820.0,2820.0,10,8173,8173,98,
2026-09-04T15,77,6,2880.0,2880.0,2880.0,2880.0,5,1560,1560,0,
2026-09-04T15,77,7,2880.0,2880.0,2880.0,2880.0,6,6154,110,0,
2026-09-04T15,77,8,2880.0,2880.0,2880.0,2880.0,10,18085,9153,134,
2026-09-04T15,77,9,3490.0,3490.0,3490.0,3490.0,2,5565,5565,0,
2026-09-04T15,77,10,3660.0,3660.0,3660.0,3660.0,2,508,508,0,
2026-09-04T15,77,11,3800.0,3800.0,3800.0,3800.0,2,7,5,0,
2026-09-04T15,77,12,5250.0,5250.0,5250.0,5250.0,1,99,99,0,
2026-09-04T15,78,0,1820.0,1860.0,1820.0,1840.0,24,6770,2049,113,
2026-09-04T15,78,1,1950.0,1950.0,1950.0,1950.0,15,3399,621,0,
2026-09-04T15,78,2,2090.0,2090.0,2080.0,2080.0,12,2205,2125,0,
2026-09-04T15,78,3,2130.0,2130.0,2130.0,2130.0,6,4942,4589,112,
2026-09-04T15,78,4,2140.0,2140.0,2140.0,2140.0,5,5143,5143,0,
2026-09-04T15,78,5,2380.0,2380.0,2380.0,2380.0,4,3043,3043,0,
2026-09-04T15,78,6,2380.0,2380.0,2380.0,2380.0,4,1094,1094,127,
2026-09-04T15,78,7,2390.0,2390.0,2390.0,2390.0,13,2269,2269,0,
2026-09-04T15,78,8,2480.0,2480.0,2480.0,2480.0,12,930,880,0,
2026-09-04T15,78,9,2580.0,2580.0,2580.0,2580.0,15,1322,622,0,
2026-09-04T15,78,10,2640.0,2640.0,2640.0,2640.0,11,1013,563,0,
2026-09-04T15,78,11,2690.0,2690.0,2690.0,2690.0,5,702,502,0,
2026-09-04T15,79,0,865.0,890.0,865.0,870.0,6,171,170,0,
2026-09-04T15,79,1,880.0,890.0,880.0,890.0,2,3425,3425,18,
2026-09-04T15,79,2,890.0,895.0,885.0,895.0,3,7094,7094,958,
2026-09-04T15,79,3,900.0,900.0,900.0,900.0,7,8463,8463,1453,
2026-09-04T15,79,4,905.0,905.0,905.0,905.0,8,14979,14979,0,
2026-09-04T15,79,5,910.0,920.0,910.0,920.0,4,7797,7797,2109,
2026-09-04T15,79,6,930.0,930.0,925.0,925.0,7,13159,11925,2240,
2026-09-04T15,79,7,940.0,940.0,940.0,940.0,9,23384,22384,0,
2026-09-04T15,79,8,950.0,950.0,950.0,950.0,9,34436,28815,0,
2026-09-04T15,79,9,1030.0,1030.0,1030.0,1030.0,5,14921,13921,0,
2026-09-04T15,79,10,1030.0,1030.0,1030.0,1030.0,9,8100,4100,0,
2026-09-04T15,79,11,1210.0,1210.0,1210.0,1210.0,5,2050,1050,0,
2026-09-04T15,79,12,1490.0,1490.0,1490.0,1490.0,2,125,125,0,
2026-09-04T15,80,0,4460.0,4460.0,4460.0,4460.0,8,148,148,0,
2026-09-04T15,80,2,4990.0,4990.0,4990.0,4990.0,1,231,231,0,
2026-09-04T15,80,3,4980.0,4980.0,4980.0,4980.0,4,239,239,76,
2026-09-04T15,80,4,4990.0,4990.0,4990.0,4990.0,4,883,883,0,
2026-09-04T15,80,5,5025.0,5025.0,5025.0,5025.0,8,2302,2302,0,
2026-09-04T15,80,6,5550.0,5550.0,5550.0,5550.0,6,2898,466,0,
2026-09-04T15,80,7,5600.0,5600.0,5600.0,5600.0,4,1788,250,0,
2026-09-04T15,80,8,6400.0,6400.0,6400.0,6400.0,1,148,148,0,
2026-09-04T15,80,9,8375.0,8375.0,8375.0,8375.0,3,188,188,0,
2026-09-04T15,80,10,8500.0,8500.0,8500.0,8500.0,1,81,81,0,
2026-09-04T15,81,0,5175.0,5175.0,5150.0,5150.0,3,194,194,0,
2026-09-04T15,81,1,5250.0,5250.0,5250.0,5250.0,2,224,224,0,
2026-09-04T15,81,2,5200.0,5200.0,5175.0,5200.0,11,1564,1063,16,
2026-09-04T15,81,3,5350.0,5350.0,5350.0,5350.0,6,1158,776,9,
2026-09-04T15,81,4,5425.0,5425.0,5425.0,5425.0,6,2293,1530,0,
2026-09-04T15,81,5,5800.0,5800.0,5800.0,5800.0,3,1984,1984,0,
2026-09-04T15,81,6,5825.0,5825.0,5825.0,5825.0,4,1134,1034,0,
2026-09-04T15,81,7,5975.0,5975.0,5975.0,5975.0,8,1766,1766,0,
2026-09-04T15,81,8,6225.0,6225.0,6225.0,6225.0,5,2457,2457,0,
2026-09-04T15,81,9,6450.0,6450.0,6450.0,6450.0,1,1000,1000,0,
2026-09-04T15,81,10,6600.0,6600.0,6600.0,6600.0,1,900,900,0,
2026-09-04T15,81,11,6800.0,6800.0,6800.0,6800.0,3,1000,998,0,
2026-09-04T15,82,0,1510.0,1510.0,1510.0,1510.0,2,379,379,0,
2026-09-04T15,82,1,1530.0,1530.0,1530.0,1530.0,2,848,848,0,
2026-09-04T15,82,2,1520.0,1520.0,1520.0,1520.0,9,8565,6735,369,
2026-09-04T15,82,3,1560.0,1560.0,1560.0,1560.0,12,4175,3447,0,
2026-09-04T15,82,4,1650.0,1650.0,1650.0,1650.0,8,3179,3179,0,
2026-09-04T15,82,5,1710.0,1710.0,1710.0,1710.0,9,12920,12399,0,
2026-09-04T15,82,6,1820.0,1820.0,1820.0,1820.0,1,4255,4255,0,
2026-09-04T15,82,7,1900.0,1900.0,1900.0,1900.0,5,4116,4116,0,
2026-09-04T15,82,8,2000.0,2000.0,2000.0,2000.0,1,250,250,0,
2026-09-04T15,82,9,2050.0,2050.0,2050.0,2050.0,2,1250,1250,0,
2026-09-04T15,82,10,2300.0,2300.0,2300.0,2300.0,1,250,250,0,
2026-09-04T15,83,0,30.0,30.25,30.0,30.25,21,197298,34333,1730,
2026-09-04T15,83,1,32.0,32.25,32.0,32.25,7,47827,11994,9145,
2026-09-04T15,83,2,34.5,34.5,33.25,33.25,13,101240,45999,0,
2026-09-04T15,83,3,34.25,34.25,33.75,33.75,10,172706,156920,4321,
2026-09-04T15,83,4,35.0,35.0,35.0,35.0,10,135324,92532,0,
2026-09-04T15,83,5,36.5,36.5,36.5,36.5,5,182838,177838,0,
2026-09-04T15,83,6,45.0,45.0,45.0,45.0,1,5000,5000,0,
2026-09-04T15,83,7,37.0,37.0,37.0,37.0,2,41169,40000,0,
2026-09-04T15,83,8,41.0,41.0,41.0,41.0,2,20552,20552,0,
2026-09-04T15,83,9,41.0,41.0,41.0,41.0,3,71701,71701,0,
2026-09-04T15,83,11,45.0,45.0,45.0,45.0,1,34899,34899,0,
2026-09-04T15,84,0,8900.0,8900.0,8900.0,8900.0,12,562,311,0,
2026-09-04T15,84,1,9125.0,9125.0,9100.0,9100.0,13,1151,1043,6,
2026-09-04T15,84,2,9250.0,10000.0,9250.0,10000.0,4,464,464,0,
2026-09-04T15,84,3,9875.0,9900.0,9875.0,9900.0,6,227,227,20,
2026-09-04T15,84,4,9975.0,9975.0,9975.0,9975.0,6,6886,1535,0,
2026-09-04T15,84,5,10400.0,10400.0,10400.0,10400.0,3,415,415,0,
2026-09-04T15,84,6,10500.0,10500.0,10500.0,10500.0,6,1273,873,0,
2026-09-04T15,84,7,11100.0,11100.0,11100.0,11100.0,3,233,233,0,
2026-09-04T15,84,8,12300.0,12300.0,12300.0,12300.0,1,183,183,0,
2026-09-04T15,84,9,12500.0,12500.0,12500.0,12500.0,1,910,910,0,
2026-09-04T15,84,10,17000.0,17000.0,17000.0,17000.0,1,25,25,0,
2026-09-04T15,85,0,7450.0,7450.0,7450.0,7450.0,2,91,84,0,
2026-09-04T15,85,1,7800.0,7800.0,7775.0,7775.0,7,235,235,0,
2026-09-04T15,85,2,8025.0,8025.0,8000.0,8000.0,8,749,745,0,
2026-09-04T15,85,3,8150.0,8150.0,8150.0,8150.0,5,1895,1895,0,
2026-09-04T15,85,4,8675.0,9325.0,8675.0,9325.0,11,2011,1271,0,
2026-09-04T15,85,5,9900.0,9900.0,9900.0,9900.0,1,21,21,0,
2026-09-04T15,85,6,9800.0,9800.0,9800.0,9800.0,5,1555,1555,0,
2026-09-04T15,85,7,11200.0,11200.0,11200.0,11200.0,1,2,2,0,
2026-09-04T15,85,8,12000.0,12000.0,12000.0,12000.0,2,2,2,0,
2026-09-04T15,85,9,14000.0,14000.0,14000.0,14000.0,1,1,1,0,
2026-09-04T15,85,10,16000.0,16000.0,16000.0,16000.0,1,9,9,0,
2026-09-04T15,86,0,10200.0,10300.0,10200.0,10300.0,8,156,156,0,
2026-09-04T15,86,1,10300.0,10400.0,10300.0,10400.0,2,13,13,1,
2026-09-04T15,86,2,10600.0,10600.0,10400.0,10400.0,8,397,397,0,
2026-09-04T15,86,3,10600.0,10600.0,10500.0,10500.0,7,1285,1285,0,
2026-09-04T15,86,4,10600.0,10600.0,10600.0,10600.0,6,603,434,0,
2026-09-04T15,86,5,10900.0,10900.0,10900.0,10900.0,8,1521,1441,0,
2026-09-04T15,86,6,11200.0,11200.0,11200.0,11200.0,3,472,472,0,
2026-09-04T15,86,7,12300.0,12300.0,12300.0,12300.0,1,396,396,0,
2026-09-04T15,86,8,13400.0,13400.0,13400.0,13400.0,8,830,620,0,
2026-09-04T15,86,9,12000.0,12000.0,12000.0,12000.0,11,199,40,0,
2026-09-04T15,86,10,19800.0,19800.0,19800.0,19800.0,1,9,9,0,
2026-09-04T15,87,0,484.0,525.0,484.0,484.0,5,1796,1496,0,
2026-09-04T15,87,1,486.0,555.0,486.0,555.0,2,1755,1755,30,
2026-09-04T15,87,2,515.0,525.0,515.0,525.0,8,5536,1349,10,
2026-09-04T15,87,3,625.0,625.0,625.0,625.0,3,65,65,0,
2026-09-04T15,87,4,640.0,640.0,640.0,640.0,5,2026,2026,0,
2026-09-04T15,87,5,630.0,630.0,630.0,630.0,10,16381,12569,0,
2026-09-04T15,87,6,665.0,665.0,665.0,665.0,1,1377,1377,0,
2026-09-04T15,87,7,655.0,655.0,655.0,655.0,1,725,725,0,
2026-09-04T15,87,9,900.0,900.0,900.0,900.0,3,109,50,0,
2026-09-04T15,88,0,10600.0,10600.0,10600.0,10600.0,26,943,243,0,
2026-09-04T15,88,1,11400.0,11400.0,11000.0,11000.0,2,148,148,0,
2026-09-04T15,88,2,11400.0,11400.0,11400.0,11400.0,2,112,112,0,
2026-09-04T15,88,3,11000.0,11100.0,11000.0,11100.0,7,294,294,58,
2026-09-04T15,88,4,11300.0,11300.0,11300.0,11300.0,4,317,317,0,
2026-09-04T15,88,5,11500.0,11500.0,11500.0,11500.0,6,581,581,0,
2026-09-04T15,88,6,13200.0,13200.0,13200.0,13200.0,2,196,196,0,
2026-09-04T15,88,7,13400.0,13400.0,13400.0,13400.0,1,100,100,0,
2026-09-04T15,88,9,13900.0,13900.0,13900.0,13900.0,1,13,13,0,
2026-09-04T15,88,10,14500.0,14500.0,14500.0,14500.0,2,154,154,0,
2026-09-04T15,89,0,4400.0,4400.0,4400.0,4400.0,9,575,231,0,
2026-09-04T15,89,1,4420.0,4420.0,4420.0,4420.0,5,1130,313,0,
2026-09-04T15,89,2,4460.0,4460.0,4460.0,4460.0,9,1190,1190,0,
2026-09-04T15,89,3,4720.0,4720.0,4700.0,4700.0,8,839,763,32,
2026-09-04T15,89,4,4780.0,4780.0,4780.0,4780.0,9,3535,2614,0,
2026-09-04T15,89,5,5325.0,5325.0,5325.0,5325.0,4,3536,3536,0,
2026-09-04T15,89,6,5575.0,5575.0,5400.0,5575.0,1,160,160,0,
2026-09-04T15,89,7,5525.0,5525.0,5525.0,5525.0,5,2202,2202,0,
2026-09-04T15,89,8,5650.0,5650.0,5650.0,5650.0,2,202,202,0,
2026-09-04T15,89,9,5800.0,5800.0,5800.0,5800.0,3,47,22,0,
2026-09-04T15,89,10,5950.0,5950.0,5950.0,5950.0,4,701,302,0,
2026-09-04T15,89,11,6200.0,6200.0,6200.0,6200.0,1,2,2,0,
2026-09-04T15,98,0,860.0,860.0,860.0,860.0,4,3334,2334,469,
2026-09-04T15,98,1,865.0,865.0,865.0,865.0,1,242,242,0,
2026-09-04T15,98,2,870.0,870.0,870.0,870.0,3,8976,8976,0,
2026-09-04T15,98,3,875.0,875.0,870.0,870.0,15,6609,6607,0,
2026-09-04T15,98,4,895.0,895.0,895.0,895.0,4,2251,2251,0,
2026-09-04T15,98,5,925.0,925.0,915.0,915.0,3,2935,2935,0,
2026-09-04T15,98,6,945.0,945.0,945.0,945.0,4,5060,5060,0,
2026-09-04T15,98,7,945.0,945.0,945.0,945.0,2,9500,9500,0,
2026-09-04T15,98,8,965.0,965.0,965.0,965.0,1,5000,5000,0,
2026-09-04T15,100,0,111.0,111.0,111.0,111.0,26,3011805,1434541,400,
2026-09-04T15,101,0,198.0,200.0,197.0,200.0,37,61589,41180,0,
2026-09-04T15,101,1,199.0,200.0,199.0,200.0,15,89285,57945,53,
2026-09-04T15,101,2,200.0,200.0,200.0,200.0,5,68419,68409,0,
2026-09-04T15,101,3,199.0,200.0,199.0,200.0,19,131712,128624,10245,
2026-09-04T15,101,4,200.0,200.0,198.0,200.0,5,41683,41677,5691,
2026-09-04T15,101,5,200.0,202.0,200.0,202.0,4,10230,10230,0,
2026-09-04T15,102,0,2.65,2.7,2.55,2.65,23,499447,91783,0,
2026-09-04T15,102,1,2.7,2.7,2.55,2.55,12,832127,197606,16219,
2026-09-04T15,102,2,2.8,2.8,2.6,2.6,9,1333635,526035,332707,
2026-09-04T15,102,3,2.75,2.75,2.7,2.7,18,3459970,1998351,10000,
2026-09-04T15,102,4,2.85,2.85,2.75,2.75,10,5564486,730964,0,
2026-09-04T15,102,5,2.95,2.95,2.95,2.95,2,5238673,5238673,0,
2026-09-04T15,102,6,3.15,3.15,3.15,3.15,1,327961,327961,0,
2026-09-04T15,102,8,3.3,3.3,3.3,3.3,1,96895,96895,0,
2026-09-04T15,102,10,3.5,3.5,3.5,3.5,1,3000000,3000000,0,
2026-09-04T15,102,11,3.5,3.5,3.5,3.5,4,700000,349755,0,
2026-09-04T15,103,0,6.7,6.7,6.5,6.7,15,361923,218223,2674,
2026-09-04T15,103,1,7.0,7.0,7.0,7.0,1,38517,38517,0,
2026-09-04T15,103,2,6.9,6.9,6.9,6.9,5,78213,76213,0,
2026-09-04T15,103,3,7.2,7.2,7.2,7.2,4,1648936,1158278,0,
2026-09-04T15,103,4,7.5,7.5,7.5,7.5,2,489766,489766,0,
2026-09-04T15,103,5,8.0,8.0,8.0,8.0,1,600000,600000,0,
2026-09-04T15,103,6,7.8,7.8,7.8,7.8,1,211731,211731,0,
2026-09-04T15,103,8,8.7,8.7,8.7,8.7,1,66171,66171,0,
2026-09-04T15,103,9,8.7,8.7,8.7,8.7,4,510381,487289,0,
2026-09-04T15,103,10,8.0,8.0,8.0,8.0,1,1943019,1943019,0,
2026-09-04T15,103,11,9.9,9.9,9.9,9.9,3,48069,48069,0,
2026-09-04T15,104,0,1.0,1.0,0.99,0.99,13,1595274,1467193,7356,
2026-09-04T15,104,1,1.09,1.09,1.09,1.09,3,2267363,2267363,0,
2026-09-04T15,104,2,1.0,1.0,1.0,1.0,1,399000,399000,0,
2026-09-04T15,104,3,1.1,1.1,1.1,1.1,5,1430726,1301566,0,
2026-09-04T15,104,4,1.4,1.4,1.4,1.4,1,195555,195555,0,
2026-09-04T15,104,5,1.48,1.48,1.48,1.48,2,1000649,1000649,0,
2026-09-04T15,104,9,1.5,1.5,1.5,1.5,1,100000,100000,0,
2026-09-04T15,105,0,1.57,1.57,1.54,1.54,18,1399263,1373238,9507,
2026-09-04T15,105,1,1.67,1.67,1.57,1.57,2,194348,88499,0,
2026-09-04T15,105,2,1.58,1.58,1.58,1.58,8,2935137,622210,0,
2026-09-04T15,105,3,1.78,1.78,1.78,1.78,6,3171945,3171945,0,
2026-09-04T15,105,4,1.79,1.79,1.79,1.79,3,710432,367960,0,
2026-09-04T15,105,5,1.8,1.8,1.8,1.8,3,2601756,2581756,0,
2026-09-04T15,105,6,1.88,1.88,1.88,1.88,2,54549,54549,0,
2026-09-04T15,105,7,2.65,2.65,2.65,2.65,1,3999,3999,0,
2026-09-04T15,105,10,3.3,3.3,3.3,3.3,1,526000,526000,0,
2026-09-04T15,106,0,4.0,4.45,4.0,4.35,34,421716,70256,9689,
2026-09-04T15,106,1,4.75,4.75,4.7,4.7,6,2558865,1105673,0,
2026-09-04T15,106,2,4.8,4.8,4.8,4.8,6,641709,641709,0,
2026-09-04T15,106,3,4.9,4.9,4.9,4.9,4,571527,571527,0,
2026-09-04T15,106,4,5.6,5.6,5.6,5.6,2,12490,12490,0,
2026-09-04T15,106,5,5.7,5.7,5.7,5.7,2,2520247,2520247,0,
2026-09-04T15,106,6,5.8,5.8,5.8,5.8,1,2995,2995,0,
2026-09-04T15,107,0,20.25,20.75,20.0,20.75,15,135570,93299,0,
2026-09-04T15,107,1,20.5,20.5,20.25,20.5,12,63158,10743,0,
2026-09-04T15,107,2,20.5,20.5,20.25,20.5,10,223517,60040,22192,
2026-09-04T15,107,3,21.75,21.75,21.75,21.75,10,1417765,409131,0,
2026-09-04T15,107,4,20.75,20.75,20.75,20.75,9,432823,16017,0,
2026-09-04T15,107,5,40.0,40.0,40.0,40.0,1,3306,3306,0,
2026-09-04T15,107,6,21.0,21.0,21.0,21.0,4,227857,98651,0,
2026-09-04T15,108,0,9.9,9.9,9.7,9.8,30,206446,75749,137,
2026-09-04T15,108,1,9.9,10.1,9.9,10.1,14,475017,264748,35432,
2026-09-04T15,108,2,9.9,10.1,9.9,10.1,9,228554,213082,1988,
2026-09-04T15,108,3,10.0,10.0,9.8,9.8,8,747435,328887,7540,
2026-09-04T15,108,4,10.1,10.1,10.1,10.1,10,742686,642210,0,
2026-09-04T15,108,6,11.0,11.0,11.0,11.0,1,200000,200000,0,
2026-09-04T15,108,7,11.0,11.0,11.0,11.0,1,163818,163818,0,
2026-09-04T15,109,0,112.0,112.0,110.0,112.0,2,8962,8962,0,
2026-09-04T15,109,1,112.0,112.0,112.0,112.0,2,69879,10798,0,
2026-09-04T15,109,2,112.0,112.0,112.0,112.0,2,24086,24086,29931,
2026-09-04T15,109,3,114.0,114.0,114.0,114.0,5,67006,67006,0,
2026-09-04T15,109,4,115.0,115.0,115.0,115.0,3,27537,27537,0,
2026-09-04T15,109,5,119.0,119.0,119.0,119.0,3,9722,9722,0,
2026-09-04T15,109,6,120.0,120.0,120.0,120.0,1,10,10,0,
2026-09-04T15,110,0,199.0,199.0,198.0,199.0,9,23223,3124,0,
2026-09-04T15,110,1,202.0,202.0,202.0,202.0,1,9000,9000,0,
2026-09-04T15,110,2,199.0,199.0,199.0,199.0,5,12532,12532,8855,
2026-09-04T15,110,3,230.0,230.0,199.0,199.0,2,63004,1936,0,
2026-09-04T15,110,4,200.0,200.0,200.0,200.0,1,26448,26448,0,
2026-09-04T15,110,5,202.0,202.0,202.0,202.0,5,150000,50000,0,
2026-09-04T15,111,0,2570.0,2600.0,2550.0,2570.0,159,149226,102348,2962,
2026-09-04T15,112,0,2200.0,2220.0,2140.0,2190.0,7,530,507,0,
2026-09-04T15,112,1,2220.0,2220.0,2220.0,2220.0,3,1350,1350,0,
2026-09-04T15,112,2,2220.0,2220.0,2200.0,2200.0,3,1218,1218,44,
2026-09-04T15,112,3,2220.0,2220.0,2220.0,2220.0,8,7214,7213,567,
2026-09-04T15,112,4,2460.0,2460.0,2460.0,2460.0,1,300,300,0,
2026-09-04T15,113,0,122.0,122.0,119.0,122.0,44,771214,119565,1332,
2026-09-04T15,114,0,650.0,660.0,645.0,650.0,40,174568,4296,43,
2026-09-04T15,114,1,910.0,910.0,905.0,905.0,8,4865,4752,102,
2026-09-04T15,114,2,930.0,930.0,930.0,930.0,4,3184,3037,0,
2026-09-04T15,114,3,920.0,925.0,915.0,925.0,14,5943,5067,0,
2026-09-04T15,114,4,925.0,925.0,925.0,925.0,15,18529,12896,540,
2026-09-04T15,114,5,935.0,935.0,935.0,935.0,10,5262,5262,393,
2026-09-04T15,114,6,980.0,980.0,980.0,980.0,4,5962,5887,0,
2026-09-04T15,114,7,1060.0,1060.0,1060.0,1060.0,9,3482,2243,0,
2026-09-04T15,114,8,1530.0,1530.0,1530.0,1530.0,1,400,400,0,
2026-09-04T15,114,9,1840.0,1840.0,1840.0,1840.0,3,292,292,0,
2026-09-04T15,114,10,2490.0,2490.0,2490.0,2490.0,2,582,582,0,
2026-09-04T15,115,0,126.0,129.0,125.0,128.0,131,87436,70982,246,
2026-09-04T15,115,1,129.0,129.0,129.0,129.0,20,92979,15358,6000,
2026-09-04T15,115,2,134.0,136.0,133.0,136.0,15,59562,30606,0,
2026-09-04T15,115,3,142.0,143.0,142.0,143.0,13,76865,75003,0,
2026-09-04T15,115,4,144.0,144.0,144.0,144.0,12,50792,11232,0,
2026-09-04T15,115,5,153.0,153.0,153.0,153.0,9,126452,126452,0,
2026-09-04T15,115,6,156.0,156.0,156.0,156.0,5,88297,88297,0,
2026-09-04T15,115,7,160.0,160.0,160.0,160.0,1,8015,8015,0,
2026-09-04T15,116,0,39.0,39.25,39.0,39.25,89,230536,146973,486,
2026-09-04T15,116,1,40.75,40.75,40.5,40.5,16,78020,16721,1242,
2026-09-04T15,116,2,41.5,41.5,41.5,41.5,20,135249,42921,0,
2026-09-04T15,116,3,46.25,46.25,46.25,46.25,6,118204,114138,0,
2026-09-04T15,116,4,47.0,47.0,47.0,47.0,4,35244,2000,0,
2026-09-04T15,116,5,55.5,55.5,55.5,55.5,2,79781,79781,0,
2026-09-04T15,116,6,59.5,59.5,59.5,59.5,3,939,519,0,
2026-09-04T15,117,0,7.2,7.2,7.0,7.2,129,1068795,247545,1500,
2026-09-04T15,117,1,7.2,7.6,7.1,7.6,24,470475,145271,0,
2026-09-04T15,117,2,7.2,8.1,7.2,7.9,27,1285230,492322,120,
2026-09-04T15,117,3,9.0,9.0,9.0,9.0,21,587238,316747,8190,
2026-09-04T15,117,4,10.5,10.8,10.5,10.7,4,1294401,1294401,0,
2026-09-04T15,117,5,11.5,11.5,11.3,11.3,4,273632,173632,0,
2026-09-04T15,117,6,12.0,12.0,12.0,12.0,2,694173,30000,0,
2026-09-04T15,117,7,12.8,12.8,12.8,12.8,4,650138,650138,0,
2026-09-04T15,117,8,12.8,12.8,12.8,12.8,6,1760179,419633,0,
2026-09-04T15,117,9,14.7,14.7,14.7,14.7,3,284124,284124,0,
2026-09-04T15,117,10,14.9,14.9,14.9,14.9,7,531983,100000,0,
2026-09-04T15,117,11,16.0,16.0,16.0,16.0,5,38499,5999,0,
2026-09-04T15,117,12,18.7,18.7,18.7,18.7,2,56349,56349,0,
2026-09-04T15,118,0,0.775,0.775,0.765,0.765,79,3060928,433534,13393,
2026-09-04T15,118,1,0.96,0.96,0.96,0.96,17,1388524,1038524,0,
2026-09-04T15,118,2,0.965,0.965,0.965,0.965,20,1366678,1033002,0,
2026-09-04T15,118,3,0.995,0.995,0.995,0.995,11,2186426,594261,0,
2026-09-04T15,118,4,1.1,1.1,1.1,1.1,7,42794349,42668482,0,
2026-09-04T15,118,5,1.2,1.2,1.2,1.2,6,2527194,1046551,0,
2026-09-04T15,118,6,1.49,1.49,1.49,1.49,3,1621669,294421,0,
2026-09-04T15,118,8,1.86,1.86,1.86,1.86,1,10,10,0,
2026-09-04T15,119,0,31.75,31.75,31.25,31.75,29,39657,8417,0,
2026-09-04T15,119,1,32.0,32.0,32.0,32.0,20,282010,29356,0,
2026-09-04T15,119,2,32.75,36.25,32.75,35.75,18,152796,31117,1768,
2026-09-04T15,119,3,38.0,40.25,38.0,40.25,14,87701,50412,0,
2026-09-04T15,119,4,41.0,41.0,40.75,40.75,12,267095,74086,0,
2026-09-04T15,119,5,49.0,49.0,49.0,49.0,11,140540,62764,0,
2026-09-04T15,119,6,58.5,58.5,54.0,54.0,9,238342,9122,0,
2026-09-04T15,119,7,59.0,59.0,56.0,56.0,14,321247,1501,0,
2026-09-04T15,119,8,71.0,71.0,71.0,71.0,1,97444,97444,0,
2026-09-04T15,119,11,71.5,71.5,71.5,71.5,2,19000,19000,0,
2026-09-04T15,119,12,73.5,73.5,73.5,73.5,6,436808,76075,0,
2026-09-04T15,120,0,2.6,2.75,2.6,2.6,57,1978697,17115,4695,
2026-09-04T15,120,1,3.05,3.4,3.05,3.4,1,15000,15000,0,
2026-09-04T15,120,2,3.2,3.4,3.2,3.4,2,48330,15299,47772,
2026-09-04T15,120,3,3.35,3.45,3.35,3.45,3,517892,517892,1150,
2026-09-04T15,120,4,3.5,3.5,3.5,3.5,3,69216,69216,0,
2026-09-04T15,120,5,3.5,3.5,3.5,3.5,3,1730487,1730487,72096,
2026-09-04T15,120,6,3.6,3.6,3.6,3.6,4,1784221,1784221,0,
2026-09-04T15,120,7,3.6,3.6,3.6,3.6,6,2142544,647644,0,
2026-09-04T15,120,9,6.0,6.0,6.0,6.0,2,505000,500000,0,
2026-09-04T15,120,10,5.9,5.9,5.9,5.9,3,110200,50000,0,
2026-09-04T15,120,11,6.0,6.0,6.0,6.0,2,735894,251366,0,
2026-09-04T15,121,0,150.0,150.0,149.0,150.0,20,19198,3262,0,
2026-09-04T15,121,1,160.0,160.0,160.0,160.0,8,27497,12207,8,
2026-09-04T15,121,2,178.0,178.0,177.0,177.0,17,22909,8173,0,
2026-09-04T15,121,3,178.0,178.0,177.0,177.0,25,160034,3195,0,
2026-09-04T15,121,4,220.0,220.0,220.0,220.0,9,32359,25499,0,
2026-09-04T15,121,5,224.0,224.0,224.0,224.0,6,49280,8272,0,
2026-09-04T15,121,6,232.0,232.0,232.0,232.0,5,36883,18681,0,
2026-09-04T15,121,7,242.0,242.0,242.0,242.0,6,115423,115423,0,
2026-09-04T15,121,9,270.0,270.0,270.0,270.0,1,2821,2821,0,
2026-09-04T15,121,10,284.0,284.0,284.0,284.0,1,3786,3786,0,
2026-09-04T15,121,12,286.0,286.0,286.0,286.0,3,14169,14169,0,
2026-09-04T15,122,0,130.0,130.0,125.0,128.0,19,24107,23822,0,
2026-09-04T15,122,1,140.0,140.0,140.0,140.0,2,25,17,0,
2026-09-04T15,122,2,129.0,129.0,129.0,129.0,11,32504,11454,410,
2026-09-04T15,122,3,131.0,131.0,131.0,131.0,14,51721,31694,130,
2026-09-04T15,122,4,135.0,135.0,135.0,135.0,9,162241,157490,18,
2026-09-04T15,122,5,144.0,144.0,144.0,144.0,5,25769,25769,0,
2026-09-04T15,122,6,150.0,150.0,150.0,150.0,2,94656,94656,2243,
2026-09-04T15,122,7,150.0,150.0,150.0,150.0,3,24638,24638,0,
2026-09-04T15,122,8,153.0,153.0,153.0,153.0,8,68166,34665,0,
2026-09-04T15,122,9,190.0,190.0,190.0,190.0,2,19971,19954,0,
2026-09-04T15,122,10,200.0,200.0,200.0,200.0,6,12412,7412,0,
2026-09-04T15,122,11,218.0,218.0,218.0,218.0,2,2700,2700,0,
2026-09-04T15,122,12,224.0,224.0,224.0,224.0,2,1214,1214,0,
2026-09-04T15,123,0,290.0,294.0,284.0,294.0,7,8375,8372,179,
2026-09-04T15,123,1,302.0,302.0,302.0,302.0,4,716,716,0,
2026-09-04T15,123,2,298.0,298.0,298.0,298.0,7,6821,5851,0,
2026-09-04T15,123,3,302.0,302.0,302.0,302.0,7,5317,4067,0,
2026-09-04T15,123,4,306.0,306.0,306.0,306.0,6,16767,16767,0,
2026-09-04T15,123,5,304.0,322.0,304.0,306.0,5,20838,456,0,
2026-09-04T15,123,6,318.0,322.0,318.0,322.0,8,32304,32304,0,
2026-09-04T15,123,7,386.0,386.0,386.0,386.0,1,5739,5739,0,
2026-09-04T15,123,9,394.0,394.0,394.0,394.0,2,567,567,0,
2026-09-04T15,123,12,398.0,398.0,398.0,398.0,2,4776,4776,0,
2026-09-04T15,124,0,36.5,36.5,34.0,34.5,24,72093,1686,146,
2026-09-04T15,124,1,37.0,37.0,36.75,36.75,13,134729,60539,0,
2026-09-04T15,124,2,38.0,38.0,37.75,37.75,10,139208,135707,0,
2026-09-04T15,124,3,39.0,40.25,39.0,40.25,10,365252,365252,0,
2026-09-04T15,124,4,41.5,41.5,41.25,41.25,15,274156,122752,0,
2026-09-04T15,124,5,45.25,45.25,45.0,45.0,4,104534,104534,0,
2026-09-04T15,124,6,49.5,49.5,49.5,49.5,5,308312,308312,30000,
2026-09-04T15,124,7,51.5,51.5,51.5,51.5,6,789996,537322,0,
2026-09-04T15,124,8,53.0,53.0,53.0,53.0,1,42919,42919,0,
2026-09-04T15,124,9,59.0,59.0,59.0,59.0,1,50000,50000,0,
2026-09-04T15,124,10,59.0,59.0,59.0,59.0,5,28461,23760,0,
2026-09-04T15,124,11,89.0,89.0,89.0,89.0,2,14000,14000,0,
2026-09-04T15,124,12,90.0,90.0,90.0,90.0,5,97220,632,0,
2026-09-04T15,125,0,27.0,27.0,24.75,25.0,61,305026,3604,1178,
2026-09-04T15,125,1,27.5,27.5,26.75,26.75,15,84366,5798,0,
2026-09-04T15,125,2,27.75,27.75,27.75,27.75,41,195150,41851,221,
2026-09-04T15,125,3,35.0,35.0,35.0,35.0,24,155790,52267,0,
2026-09-04T15,125,4,38.75,38.75,38.5,38.5,32,292758,32616,0,
2026-09-04T15,125,5,43.75,43.75,43.25,43.25,10,1149490,482943,0,
2026-09-04T15,125,6,50.5,50.5,50.0,50.0,4,22969,22969,0,
2026-09-04T15,125,7,51.5,52.0,51.5,52.0,5,1020144,543984,0,
2026-09-04T15,125,8,53.5,53.5,53.5,53.5,6,486199,82744,5000,
2026-09-04T15,125,9,55.5,55.5,55.5,55.5,4,139980,119980,0,
2026-09-04T15,125,10,56.0,56.0,56.0,56.0,7,202903,193014,0,
2026-09-04T15,125,11,59.5,59.5,59.5,59.5,1,10000,10000,0,
2026-09-04T15,125,12,60.0,60.0,60.0,60.0,3,92345,87845,0,
2026-09-04T15,126,0,55.5,58.0,55.5,58.0,12,3778,3718,1100,
2026-09-04T15,126,1,57.0,60.0,57.0,60.0,1,2,2,0,
2026-09-04T15,126,2,57.5,59.0,57.5,59.0,3,5165,5125,442,
2026-09-04T15,126,3,57.5,58.0,57.5,58.0,1,17687,17687,3531,
2026-09-04T15,126,4,60.5,60.5,59.0,59.0,6,43501,22126,0,
2026-09-04T15,126,5,63.5,63.5,63.5,63.5,6,93423,39492,0,
2026-09-04T15,126,6,66.0,66.0,66.0,66.0,3,109721,69721,0,
2026-09-04T15,126,7,68.5,68.5,68.5,68.5,5,70028,70028,0,
2026-09-04T15,126,8,79.5,79.5,79.5,79.5,8,149111,131111,0,
2026-09-04T15,126,9,96.0,96.0,96.0,96.0,1,250,250,0,
2026-09-04T15,126,10,90.0,90.0,90.0,90.0,2,846,346,0,
2026-09-04T15,126,12,100.0,100.0,100.0,100.0,2,2000,1000,0,
2026-09-04T15,127,0,474.0,476.0,474.0,476.0,9,6679,6672,0,
2026-09-04T15,127,1,478.0,478.0,478.0,478.0,2,268,263,0,
2026-09-04T15,127,2,474.0,474.0,474.0,474.0,6,7674,7674,96,
2026-09-04T15,127,3,480.0,480.0,480.0,480.0,5,4859,3999,0,
2026-09-04T15,127,4,520.0,520.0,520.0,520.0,3,3555,3501,0,
2026-09-04T15,127,5,750.0,750.0,750.0,750.0,1,25,25,0,
2026-09-04T15,128,0,54.0,54.0,54.0,54.0,19,147966,96080,0,
2026-09-04T15,128,1,67.0,67.0,67.0,67.0,15,50007,3568,0,
2026-09-04T15,128,2,76.0,76.0,76.0,76.0,8,32129,17983,0,
2026-09-04T15,128,3,82.0,82.0,82.0,82.0,2,47523,47523,457,
2026-09-04T15,128,5,92.5,92.5,92.5,92.5,1,7054,7054,0,
2026-09-04T15,128,6,93.0,93.0,93.0,93.0,1,2173,2173,0,
2026-09-04T15,128,8,93.0,93.0,93.0,93.0,2,444,444,0,
2026-09-04T15,128,9,99.5,99.5,99.5,99.5,2,41800,41800,0,
2026-09-04T15,128,10,110.0,110.0,110.0,110.0,1,9990,9990,0,
2026-09-04T15,129,0,2160.0,2160.0,2160.0,2160.0,16,4403,420,0,
2026-09-04T15,129,1,2240.0,2240.0,2240.0,2240.0,10,361,241,0,
2026-09-04T15,129,2,2500.0,2500.0,2500.0,2500.0,5,6761,6761,0,
2026-09-04T15,129,3,2730.0,2730.0,2720.0,2720.0,7,1076,1076,0,
2026-09-04T15,129,4,2720.0,2720.0,2720.0,2720.0,5,1425,1425,0,
2026-09-04T15,129,5,2780.0,2780.0,2780.0,2780.0,9,4593,2333,0,
2026-09-04T15,129,6,2990.0,2990.0,2990.0,2990.0,7,6693,4693,0,
2026-09-04T15,129,7,3050.0,3050.0,3050.0,3050.0,1,494,494,0,
2026-09-04T15,129,8,3230.0,3230.0,3230.0,3230.0,2,6411,6411,0,
2026-09-04T15,129,11,3800.0,3800.0,3800.0,3800.0,1,1000,1000,0,
2026-09-04T15,129,12,4120.0,4120.0,4120.0,4120.0,1,14,14,0,
2026-09-04T15,130,0,2030.0,2030.0,2020.0,2030.0,11,376,376,0,
2026-09-04T15,130,1,2100.0,2100.0,2100.0,2100.0,6,162,162,0,
2026-09-04T15,130,2,2140.0,2140.0,2140.0,2140.0,3,1220,1220,0,
2026-09-04T15,130,3,2140.0,2420.0,2140.0,2420.0,6,650,550,0,
2026-09-04T15,130,4,2150.0,2580.0,2150.0,2580.0,2,350,350,0,
2026-09-04T15,130,5,2760.0,2770.0,2760.0,2770.0,9,7398,6598,0,
2026-09-04T15,130,6,2870.0,2870.0,2870.0,2870.0,3,1569,1569,0,
2026-09-04T15,130,7,2800.0,2800.0,2800.0,2800.0,3,1690,1690,0,
2026-09-04T15,130,9,3050.0,3050.0,3050.0,3050.0,3,2984,2984,0,
2026-09-04T15,130,10,3290.0,3290.0,3290.0,3290.0,1,7,7,0,
2026-09-04T15,130,11,3290.0,3290.0,3290.0,3290.0,2,1965,1965,0,
2026-09-04T15,131,0,2380.0,2380.0,2380.0,2380.0,7,2006,2006,0,
2026-09-04T15,131,1,2530.0,2530.0,2530.0,2530.0,9,862,792,0,
2026-09-04T15,131,2,2580.0,2580.0,2580.0,2580.0,5,337,337,0,
2026-09-04T15,131,3,2650.0,2650.0,2650.0,2650.0,6,1377,1377,0,
2026-09-04T15,131,4,2720.0,2720.0,2720.0,2720.0,6,1255,1255,0,
2026-09-04T15,131,5,2860.0,2860.0,2860.0,2860.0,3,1500,1500,0,
2026-09-04T15,131,6,2970.0,2970.0,2970.0,2970.0,1,8,8,0,
2026-09-04T15,131,7,2990.0,2990.0,2990.0,2990.0,1,79,79,0,
2026-09-04T15,132,0,2130.0,2130.0,2130.0,2130.0,25,1644,180,0,
2026-09-04T15,132,1,2350.0,2350.0,2350.0,2350.0,7,878,514,0,
2026-09-04T15,132,2,2580.0,2580.0,2580.0,2580.0,6,378,282,0,
2026-09-04T15,132,3,2840.0,2840.0,2830.0,2830.0,13,911,911,0,
2026-09-04T15,132,4,2920.0,2920.0,2920.0,2920.0,6,1395,1395,0,
2026-09-04T15,132,5,2950.0,2950.0,2950.0,2950.0,4,2180,2180,0,
2026-09-04T15,132,6,2990.0,2990.0,2990.0,2990.0,6,3819,3819,0,
2026-09-04T15,132,7,3050.0,3050.0,3050.0,3050.0,5,3470,2970,0,
2026-09-04T15,132,8,3390.0,3390.0,3390.0,3390.0,1,463,463,0,
2026-09-04T15,132,10,3500.0,3500.0,3500.0,3500.0,4,1389,808,0,
2026-09-04T15,132,12,4190.0,4190.0,4190.0,4190.0,2,1463,463,0,
2026-09-04T15,133,0,17.6,18.0,17.6,18.0,21,54957,25181,1244,
2026-09-04T15,133,1,19.2,19.2,19.0,19.0,4,150248,150248,0,
2026-09-04T15,133,2,19.0,19.5,19.0,19.4,3,461594,461594,0,
2026-09-04T15,133,3,19.1,19.3,19.1,19.3,4,127989,71600,0,
2026-09-04T15,133,4,20.25,20.25,20.25,20.25,14,257625,129594,0,
2026-09-04T15,133,5,23.75,23.75,23.75,23.75,12,436275,234981,0,
2026-09-04T15,133,6,28.25,28.25,28.25,28.25,2,8557,8557,0,
2026-09-04T15,133,9,38.75,38.75,38.75,38.75,19,89297,47243,0,
2026-09-04T15,133,10,40.0,40.0,40.0,40.0,6,208818,79772,0,
2026-09-04T15,134,0,49.75,49.75,49.5,49.75,18,85615,70332,333,
2026-09-04T15,134,1,50.5,50.5,50.5,50.5,9,37348,20046,0,
2026-09-04T15,134,2,51.0,52.0,51.0,52.0,13,58825,21503,0,
2026-09-04T15,134,3,55.0,55.0,54.5,54.5,11,78328,52367,116,
2026-09-04T15,134,4,59.0,59.0,59.0,59.0,11,123362,99023,0,
2026-09-04T15,134,5,60.0,60.0,60.0,60.0,9,261390,211950,0,
2026-09-04T15,134,6,80.0,80.0,80.0,80.0,2,1717,1716,0,
2026-09-04T15,134,7,88.0,88.0,88.0,88.0,1,982,982,0,
2026-09-04T15,134,10,95.0,95.0,95.0,95.0,2,10000,10000,0,
2026-09-04T15,134,11,90.0,90.0,90.0,90.0,1,3206,3206,0,
2026-09-04T15,134,12,99.5,99.5,99.5,99.5,4,66481,65883,0,
2026-09-04T15,135,0,17.4,17.6,17.2,17.4,40,368221,54936,2172,
2026-09-04T15,135,1,17.4,17.5,17.4,17.5,22,376798,102784,12516,
2026-09-04T15,135,2,17.6,17.6,17.5,17.5,42,471866,64323,1000,
2026-09-04T15,135,3,17.9,18.0,17.9,17.9,22,859515,216108,192,
2026-09-04T15,135,4,21.0,21.0,21.0,21.0,14,295257,182691,0,
2026-09-04T15,135,5,21.5,21.5,21.5,21.5,6,218675,177948,1017,
2026-09-04T15,135,6,25.25,25.25,25.25,25.25,4,417239,367239,0,
2026-09-04T15,135,7,28.75,28.75,28.75,28.75,4,626586,626586,0,
2026-09-04T15,135,8,33.25,33.25,33.25,33.25,5,72160,72160,0,
2026-09-04T15,135,9,34.0,34.0,34.0,34.0,1,890,890,0,
2026-09-04T15,135,10,35.0,35.0,35.0,35.0,1,6792,6792,0,
2026-09-04T15,135,11,35.25,35.25,35.25,35.25,2,41300,41300,0,
2026-09-04T15,136,0,1.49,1.52,1.47,1.5,74,430273,215495,4588,
2026-09-04T15,136,1,1.6,1.6,1.6,1.6,9,508733,501765,0,
2026-09-04T15,136,2,1.6,1.62,1.6,1.62,3,3535295,854390,0,
2026-09-04T15,136,3,1.7,1.7,1.7,1.7,2,63000,63000,6144,
2026-09-04T15,136,4,2.2,2.2,2.2,2.2,6,1243238,335130,0,
2026-09-04T15,136,6,2.5,2.5,2.5,2.5,1,500000,500000,0,
2026-09-04T15,136,7,2.95,2.95,2.95,2.95,2,1000999,1000999,0,
2026-09-04T15,137,0,126.0,126.0,126.0,126.0,5,15795,15774,0,
2026-09-04T15,137,1,130.0,130.0,129.0,129.0,4,5072,5072,717,
2026-09-04T15,137,2,131.0,131.0,131.0,131.0,5,10638,10638,0,
2026-09-04T15,137,3,135.0,135.0,135.0,135.0,3,27095,27095,0,
2026-09-04T15,137,4,137.0,137.0,137.0,137.0,6,36926,34926,0,
2026-09-04T15,137,5,147.0,147.0,147.0,147.0,14,46539,28042,0,
2026-09-04T15,137,6,172.0,172.0,126.0,126.0,7,25683,2374,2626,
2026-09-04T15,137,7,240.0,240.0,240.0,240.0,1,2000,2000,0,
2026-09-04T15,137,8,175.0,175.0,175.0,175.0,2,49502,49500,0,
2026-09-04T15,137,9,250.0,250.0,250.0,250.0,2,5150,5150,0,
2026-09-04T15,138,0,1260.0,1260.0,1250.0,1250.0,17,5954,300,0,
2026-09-04T15,138,1,1330.0,1330.0,1330.0,1330.0,12,1884,348,0,
2026-09-04T15,138,2,1340.0,1340.0,1340.0,1340.0,10,4801,3458,0,
2026-09-04T15,138,3,1370.0,1370.0,1370.0,1370.0,7,1991,280,0,
2026-09-04T15,138,4,1600.0,1600.0,1600.0,1600.0,9,3269,2054,0,
2026-09-04T15,138,5,2390.0,2390.0,2390.0,2390.0,1,500,500,0,
2026-09-04T15,138,6,2400.0,2400.0,2400.0,2400.0,1,1000,1000,0,
2026-09-04T15,139,0,10.1,10.1,9.8,10.0,37,697469,586949,11397,
2026-09-04T15,139,1,10.6,10.6,10.4,10.4,9,104409,65070,0,
2026-09-04T15,139,2,10.5,10.5,10.5,10.5,12,334443,149661,4800,
2026-09-04T15,139,3,11.1,11.1,11.0,11.1,5,347695,347695,0,
2026-09-04T15,139,4,11.6,11.6,11.5,11.5,6,356079,228468,0,
2026-09-04T15,139,5,13.4,13.4,13.4,13.4,18,1973628,188888,0,
2026-09-04T15,139,6,15.0,15.0,15.0,15.0,1,50000,50000,0,
2026-09-04T15,139,7,17.0,17.0,17.0,17.0,1,50000,50000,0,
2026-09-04T15,139,9,24.0,24.0,24.0,24.0,1,28498,28498,0,
2026-09-04T15,139,10,21.75,21.75,21.75,21.75,3,51999,1999,0,
2026-09-04T15,140,0,260.0,262.0,258.0,262.0,15,1139,1021,0,
2026-09-04T15,140,1,260.0,260.0,258.0,258.0,10,4512,4487,306,
2026-09-04T15,140,2,262.0,262.0,260.0,260.0,5,6690,6683,168,
2026-09-04T15,140,3,266.0,266.0,266.0,266.0,4,17484,17484,0,
2026-09-04T15,140,4,268.0,268.0,268.0,268.0,4,6468,6267,0,
2026-09-04T15,140,5,280.0,280.0,280.0,280.0,1,50,50,0,
2026-09-04T15,140,12,400.0,400.0,400.0,400.0,1,2225,2225,0,
2026-09-04T15,141,0,35.0,35.0,35.0,35.0,20,85330,22834,0,
2026-09-04T15,141,1,50.0,50.0,50.0,50.0,6,140097,139797,0,
2026-09-04T15,141,2,51.0,51.0,50.5,50.5,13,127038,99801,0,
2026-09-04T15,141,3,58.0,58.0,58.0,58.0,12,76996,70729,58,
2026-09-04T15,141,4,58.5,59.0,58.5,59.0,11,88181,49279,0,
2026-09-04T15,141,5,61.5,61.5,61.5,61.5,11,94466,55966,0,
2026-09-04T15,141,6,70.0,70.0,70.0,70.0,2,67429,67429,0,
2026-09-04T15,141,7,71.0,71.0,71.0,71.0,9,118973,109893,0,
2026-09-04T15,141,8,70.0,70.0,70.0,70.0,4,45066,13168,0,
2026-09-04T15,141,9,91.0,91.0,91.0,91.0,7,14446,8694,0,
2026-09-04T15,141,10,93.0,93.0,93.0,93.0,4,72080,65134,0,
2026-09-04T15,141,11,117.0,117.0,117.0,117.0,2,20480,9369,0,
2026-09-04T15,141,12,177.0,177.0,177.0,177.0,2,1139,1139,0,
2026-09-04T15,142,0,755.0,755.0,755.0,755.0,20,2559,494,0,
2026-09-04T15,142,1,770.0,770.0,770.0,770.0,15,2368,196,0,
2026-09-04T15,142,2,830.0,830.0,825.0,825.0,8,2333,478,0,
2026-09-04T15,142,3,895.0,895.0,890.0,890.0,13,2846,724,0,
2026-09-04T15,142,4,960.0,960.0,935.0,935.0,5,1088,650,0,
2026-09-04T15,142,5,1000.0,1000.0,1000.0,1000.0,5,12896,4835,0,
2026-09-04T15,142,6,1020.0,1020.0,1020.0,1020.0,6,15087,15087,100,
2026-09-04T15,142,7,1070.0,1070.0,1070.0,1070.0,2,7789,3815,0,
2026-09-04T15,142,8,1060.0,1060.0,1060.0,1060.0,5,29325,29325,450,
2026-09-04T15,142,9,1140.0,1140.0,1140.0,1140.0,2,10975,10975,0,
2026-09-04T15,142,10,1270.0,1270.0,1270.0,1270.0,9,7158,4659,0,
2026-09-04T15,142,11,1360.0,1360.0,1360.0,1360.0,4,8936,8936,0,
2026-09-04T15,142,12,1500.0,1500.0,1500.0,1500.0,2,2003,2003,0,
2026-09-04T15,143,0,715.0,715.0,715.0,715.0,16,3254,2978,0,
2026-09-04T15,143,1,735.0,735.0,735.0,735.0,7,1215,273,0,
2026-09-04T15,143,2,740.0,740.0,740.0,740.0,16,1713,1350,0,
2026-09-04T15,143,3,815.0,815.0,815.0,815.0,8,13057,809,0,
2026-09-04T15,143,4,880.0,880.0,880.0,880.0,4,1643,1643,0,
2026-09-04T15,143,5,915.0,915.0,905.0,910.0,9,30254,30254,0,
2026-09-04T15,143,6,935.0,950.0,935.0,950.0,5,45365,45365,1350,
2026-09-04T15,143,7,965.0,965.0,960.0,960.0,8,24697,24697,0,
2026-09-04T15,143,9,1100.0,1100.0,1100.0,1100.0,1,978,978,0,
2026-09-04T15,143,10,1120.0,1120.0,1120.0,1120.0,3,6678,4392,0,
2026-09-04T15,143,11,1240.0,1240.0,1240.0,1240.0,2,2608,2608,0,
2026-09-04T15,143,12,1440.0,1440.0,1440.0,1440.0,2,468,468,0,
2026-09-04T15,144,0,17.4,17.4,17.4,17.4,12,59976,44528,0,
2026-09-04T15,144,1,18.0,18.0,18.0,18.0,1,1,1,0,
2026-09-04T15,144,2,18.0,18.0,18.0,18.0,2,85672,85672,0,
2026-09-04T15,144,3,18.0,18.0,18.0,18.0,1,1,1,0,
2026-09-04T15,144,4,18.1,18.1,18.1,18.1,2,11018,11018,0,
2026-09-04T15,144,5,18.3,18.3,18.3,18.3,2,52589,52589,0,
2026-09-04T15,145,0,136.0,136.0,133.0,135.0,43,1306429,960096,11100,
2026-09-04T15,146,0,6.5,6.7,6.0,6.2,46,293774,27885,1987,
2026-09-04T15,146,1,6.5,6.6,6.4,6.5,17,1668789,842629,124154,
2026-09-04T15,146,2,6.8,6.8,6.8,6.8,42,1512943,594080,23117,
2026-09-04T15,146,3,7.0,7.0,7.0,7.0,26,2034053,343369,21000,
2026-09-04T15,146,4,7.9,7.9,7.9,7.9,17,4386772,2407721,0,
2026-09-04T15,146,5,9.9,9.9,9.9,9.9,2,434687,382495,0,
2026-09-04T15,146,6,9.8,9.8,9.8,9.8,1,90000,90000,0,
2026-09-04T15,146,7,10.0,10.0,10.0,10.0,2,616640,426640,0,
2026-09-04T15,146,8,10.5,10.5,10.5,10.5,8,1190198,1063941,0,
2026-09-04T15,146,10,17.9,17.9,17.9,17.9,2,98862,98862,0,
2026-09-04T15,147,0,39.5,39.5,39.5,39.5,7,100989,85874,0,
2026-09-04T15,147,1,39.75,39.75,39.75,39.75,4,39695,25547,100,
2026-09-04T15,147,2,40.25,40.25,40.25,40.25,6,445241,124263,0,
2026-09-04T15,147,3,44.5,44.5,44.5,44.5,8,196499,127272,0,
2026-09-04T15,147,4,50.5,50.5,50.5,50.5,7,143078,68078,0,
2026-09-04T15,147,5,60.0,60.0,60.0,60.0,1,2,2,0,
2026-09-04T15,148,0,30.0,34.25,30.0,34.25,5,58138,90,0,
2026-09-04T15,148,1,33.25,33.25,33.25,33.25,7,70516,70509,0,
2026-09-04T15,148,2,36.0,36.0,36.0,36.0,3,187948,182848,0,
2026-09-04T15,148,3,36.25,36.25,36.25,36.25,5,170986,170986,0,
2026-09-04T15,148,4,37.0,37.0,37.0,37.0,4,106689,91846,0,
2026-09-04T15,148,5,46.0,46.0,46.0,46.0,4,156603,106603,0,
2026-09-04T15,148,6,49.5,49.5,49.5,49.5,1,1,1,0,
2026-09-04T15,148,10,59.0,59.0,59.0,59.0,2,10005,10005,0,
2026-09-04T15,149,0,790.0,790.0,790.0,790.0,11,1880,1776,0,
2026-09-04T15,149,1,815.0,815.0,815.0,815.0,11,1702,1313,0,
2026-09-04T15,149,2,835.0,840.0,835.0,840.0,11,8334,157,0,
2026-09-04T15,149,3,890.0,890.0,890.0,890.0,8,8391,2808,0,
2026-09-04T15,149,4,970.0,970.0,970.0,970.0,8,7134,6118,0,
2026-09-04T15,149,5,1010.0,1010.0,1010.0,1010.0,5,10793,10793,0,
2026-09-04T15,149,8,1070.0,1070.0,1070.0,1070.0,5,11049,4649,0,
2026-09-04T15,150,0,360.0,388.0,360.0,386.0,21,21633,431,0,
2026-09-04T15,150,1,790.0,790.0,790.0,790.0,18,9280,102,0,
2026-09-04T15,150,2,1680.0,1680.0,1680.0,1680.0,5,29766,29140,0,
2026-09-04T15,150,3,2810.0,2810.0,2810.0,2810.0,21,721,48,0,
2026-09-04T15,150,4,4960.0,4960.0,4960.0,4960.0,12,914,905,0,
2026-09-04T15,150,5,8975.0,8975.0,8000.0,8000.0,6,110,10,0,
2026-09-04T15,150,6,17200.0,17200.0,17200.0,17200.0,10,247,111,0,
2026-09-04T15,150,7,33000.0,33000.0,33000.0,33000.0,16,279,29,0,
2026-09-04T15,150,8,70000.0,70000.0,70000.0,70000.0,9,767,756,0,
2026-09-04T15,150,9,138000.0,138000.0,138000.0,138000.0,10,229,80,0,
2026-09-04T15,150,10,271500.0,271500.0,271500.0,271500.0,6,97,79,0,
2026-09-04T15,150,11,624500.0,624500.0,624500.0,624500.0,10,51,46,0,
2026-09-04T15,150,12,1380000.0,1380000.0,1380000.0,1380000.0,11,142,2,0,
2026-09-04T15,151,0,384.0,384.0,384.0,384.0,6,412,412,0,
2026-09-04T15,151,1,388.0,388.0,388.0,388.0,5,4998,4998,0,
2026-09-04T15,151,2,464.0,464.0,464.0,464.0,6,7230,6565,0,
2026-09-04T15,151,3,472.0,472.0,472.0,472.0,4,7045,6695,0,
2026-09-04T15,151,4,476.0,476.0,476.0,476.0,3,6488,6488,0,
2026-09-04T15,151,7,500.0,500.0,500.0,500.0,1,4,4,0,
2026-09-04T15,151,8,500.0,500.0,500.0,500.0,1,2,2,0,
2026-09-04T15,151,9,2290.0,2290.0,2290.0,2290.0,4,1101,1101,0,
2026-09-04T15,151,10,2900.0,2900.0,2900.0,2900.0,2,6002,6002,0,
2026-09-04T15,152,0,234.0,234.0,234.0,234.0,7,1703,225,0,
2026-09-04T15,152,1,250.0,250.0,250.0,250.0,14,1181,793,0,
2026-09-04T15,152,2,294.0,294.0,294.0,294.0,3,55,55,0,
2026-09-04T15,152,3,298.0,298.0,298.0,298.0,2,1200,1200,0,
2026-09-04T15,152,4,320.0,320.0,320.0,320.0,2,4017,4017,0,
2026-09-04T15,153,0,82.0,82.0,82.0,82.0,,,,0,
2026-09-04T15,153,1,82.0,82.0,82.0,82.0,1,5392,5392,247,
2026-09-04T15,153,3,88.0,88.0,88.0,88.0,1,709,709,0,
2026-09-04T15,154,0,77.0,82.0,77.0,82.0,1,419,419,0,
2026-09-04T15,154,1,77.0,77.0,77.0,77.0,1,3570,3570,1154,
2026-09-04T15,155,0,131.0,131.0,131.0,131.0,8,6958,6617,0,
2026-09-04T15,155,7,170.0,170.0,170.0,170.0,1,3400,3400,0,
2026-09-04T16,1,0,0.257,0.261,0.249,0.251,178,111778975,17266820,2603952,
2026-09-04T16,1,1,0.258,0.262,0.258,0.258,33,23878525,23872461,1578577,
2026-09-04T16,1,2,0.262,0.263,0.257,0.263,60,158308397,147291274,0,
2026-09-04T16,1,3,0.263,0.264,0.259,0.264,38,230936060,169513912,691383,
2026-09-04T16,1,4,0.264,0.265,0.262,0.262,53,242507764,157952297,4846904,
2026-09-04T16,1,5,0.265,0.266,0.26,0.265,11,90058188,80884079,5572,
2026-09-04T16,1,6,0.265,0.267,0.265,0.267,8,68130376,68130376,0,
2026-09-04T16,1,7,0.267,0.267,0.267,0.267,8,60983280,60983280,0,
2026-09-04T16,1,8,0.267,0.267,0.267,0.267,6,56620585,56620585,12250,
2026-09-04T16,1,9,0.267,0.268,0.267,0.268,5,32889352,27840177,1774687,
2026-09-04T16,1,10,0.267,0.268,0.265,0.268,9,53123033,15056152,0,
2026-09-04T16,1,11,0.268,0.268,0.265,0.268,8,57910621,23885087,0,
2026-09-04T16,1,12,0.267,0.269,0.267,0.269,17,167884831,134013700,0,
2026-09-04T16,2,0,0.366,0.37,0.355,0.368,138,38292874,23242430,1014310,
2026-09-04T16,2,1,0.379,0.382,0.375,0.379,17,3997725,3985468,650287,
2026-09-04T16,2,2,0.38,0.382,0.38,0.38,42,74263103,50015544,1648818,
2026-09-04T16,2,3,0.399,0.401,0.397,0.401,17,32009052,12009052,1449596,
2026-09-04T16,2,4,0.469,0.469,0.467,0.467,16,26827034,26827034,1973496,
2026-09-04T16,2,5,0.48,0.48,0.479,0.479,15,41319707,41319707,0,
2026-09-04T16,2,6,0.482,0.482,0.482,0.482,6,14301519,14301519,500000,
2026-09-04T16,2,7,0.5,0.5,0.5,0.5,3,16141245,9368165,18130,
2026-09-04T16,2,8,0.525,0.525,0.525,0.525,1,6449371,6449371,0,
2026-09-04T16,2,10,0.525,0.525,0.525,0.525,5,16656320,11656320,799091,
2026-09-04T16,2,11,0.585,0.585,0.585,0.585,3,10902251,10902251,0,
2026-09-04T16,2,12,0.655,0.655,0.655,0.655,6,1125275,825275,0,
2026-09-04T16,3,0,2.0,2.45,2.0,2.3,265,2279077,16689,140553,
2026-09-04T16,3,1,2.45,2.5,2.45,2.45,24,1336248,298330,0,
2026-09-04T16,3,2,2.5,2.5,2.45,2.45,26,3396566,1034054,6011,
2026-09-04T16,3,3,2.8,2.8,2.8,2.8,20,2864395,278830,0,
2026-09-04T16,3,4,3.25,3.25,3.25,3.25,13,2989858,1206992,0,
2026-09-04T16,3,5,3.45,3.45,3.45,3.45,5,3204637,2407820,0,
2026-09-04T16,3,6,3.45,3.45,3.45,3.45,3,3124571,1654899,0,
2026-09-04T16,3,7,4.55,4.55,4.55,4.55,2,210400,210400,0,
2026-09-04T16,3,10,6.2,6.2,6.2,6.2,1,322598,322598,0,
2026-09-04T16,3,11,6.4,6.4,6.4,6.4,3,23615,23615,0,
2026-09-04T16,3,12,7.0,7.0,7.0,7.0,1,311180,311180,0,
2026-09-04T16,4,0,2.15,2.45,2.15,2.45,89,879956,75353,0,
2026-09-04T16,4,1,2.6,2.6,2.4,2.4,8,369496,1655,432,
2026-09-04T16,4,2,2.65,2.65,2.6,2.6,12,676533,346224,588,
2026-09-04T16,4,3,2.75,2.75,2.75,2.75,10,2925061,355083,20000,
2026-09-04T16,4,4,3.1,3.1,3.1,3.1,7,4311282,4131282,0,
2026-09-04T16,4,5,3.1,3.1,3.05,3.05,11,2151308,780514,0,
2026-09-04T16,4,6,3.6,3.6,3.6,3.6,2,703151,703151,0,
2026-09-04T16,4,7,3.7,3.7,3.7,3.7,3,719346,300000,0,
2026-09-04T16,4,8,4.45,4.45,4.45,4.45,3,115999,100000,0,
2026-09-04T16,5,0,2.8,2.95,2.7,2.85,68,1598624,5934,220,
2026-09-04T16,5,1,2.95,2.95,2.9,2.9,9,353682,31324,2151,
2026-09-04T16,5,2,3.05,3.05,3.05,3.05,6,543002,543002,0,
2026-09-04T16,5,3,3.15,3.15,3.15,3.15,4,775004,374630,0,
2026-09-04T16,5,4,3.2,3.2,3.2,3.2,7,1153819,466908,0,
2026-09-04T16,5,5,3.3,3.3,3.3,3.3,2,37200,7200,0,
2026-09-04T16,5,6,4.95,4.95,4.95,4.95,1,99999,99999,0,
2026-09-04T16,5,7,5.0,5.0,5.0,5.0,1,999,999,0,
2026-09-04T16,6,0,0.69,0.71,0.66,0.675,78,6007639,2300,0,
2026-09-04T16,6,1,0.705,0.705,0.68,0.68,17,3308138,676603,59915,
2026-09-04T16,6,2,0.72,0.72,0.72,0.72,10,3857802,3857802,0,
2026-09-04T16,6,3,0.74,0.74,0.74,0.74,13,7354867,4385410,0,
2026-09-04T16,6,4,0.86,0.86,0.86,0.86,10,8807817,7987317,0,
2026-09-04T16,6,5,0.98,0.98,0.98,0.98,3,9895148,9895148,0,
2026-09-04T16,6,6,1.11,1.11,1.11,1.11,10,14205055,9204215,0,
2026-09-04T16,6,7,1.11,1.11,1.11,1.11,9,4078688,200000,0,
2026-09-04T16,6,8,1.49,1.49,1.49,1.49,4,4429519,4429519,0,
2026-09-04T16,6,9,1.7,1.7,1.7,1.7,2,2070000,1750000,0,
2026-09-04T16,6,10,1.75,1.75,1.75,1.75,2,4500000,900000,0,
2026-09-04T16,6,11,2.3,2.3,2.3,2.3,1,690000,690000,0,
2026-09-04T16,6,12,2.5,2.5,2.5,2.5,1,300000,300000,0,
2026-09-04T16,7,0,41.0,41.0,39.75,40.0,31,40582,39525,0,
2026-09-04T16,7,1,41.25,41.25,40.0,40.0,11,49292,44446,0,
2026-09-04T16,7,2,41.0,41.0,40.75,40.75,9,92386,47822,0,
2026-09-04T16,7,3,41.0,41.0,41.0,41.0,13,90997,89097,1874,
2026-09-04T16,7,4,46.25,46.25,46.25,46.25,8,139011,138991,50,
2026-09-04T16,7,5,47.0,47.0,47.0,47.0,3,87776,50444,0,
2026-09-04T16,7,6,55.5,55.5,55.5,55.5,5,133148,133148,0,
2026-09-04T16,7,7,60.0,60.0,60.0,60.0,1,24046,24046,0,
2026-09-04T16,7,8,62.0,62.0,62.0,62.0,1,12795,12795,0,
2026-09-04T16,7,10,70.0,70.0,70.0,70.0,1,16545,16545,0,
2026-09-04T16,7,11,90.0,90.0,90.0,90.0,2,24990,24990,0,
2026-09-04T16,8,0,10.9,11.1,10.7,11.0,40,392697,202242,55,
2026-09-04T16,8,1,11.1,11.1,11.1,11.1,8,154306,154256,489,
2026-09-04T16,8,2,11.3,11.3,11.2,11.2,8,449813,449078,0,
2026-09-04T16,8,3,11.3,11.3,11.3,11.3,8,627963,297163,1000,
2026-09-04T16,8,4,11.6,11.6,11.6,11.6,4,230300,230300,0,
2026-09-04T16,8,5,12.5,12.5,12.5,12.5,2,13990,9990,0,
2026-09-04T16,9,0,1.17,1.17,1.12,1.13,98,1129743,127440,9155,
2026-09-04T16,9,1,1.2,1.2,1.19,1.19,17,649751,51683,1805,
2026-09-04T16,9,2,1.24,1.24,1.22,1.22,23,3104189,514133,0,
2026-09-04T16,9,3,1.25,1.25,1.25,1.25,15,1941483,694077,0,
2026-09-04T16,9,4,1.35,1.35,1.35,1.35,10,1902458,1152458,0,
2026-09-04T16,9,5,1.37,1.37,1.37,1.37,6,832259,102821,0,
2026-09-04T16,9,7,1.77,1.77,1.76,1.76,7,4571044,500002,0,
2026-09-04T16,9,8,2.5,2.5,2.5,2.5,1,50422,50422,0,
2026-09-04T16,9,10,3.6,3.6,3.6,3.6,1,305248,305248,0,
2026-09-04T16,10,0,28.5,28.75,28.25,28.25,36,878410,64084,8345,
2026-09-04T16,10,1,29.25,29.25,28.5,28.5,16,445628,76119,0,
2026-09-04T16,10,2,28.75,28.75,28.25,28.75,18,811095,120724,100064,
2026-09-04T16,10,3,29.0,29.5,29.0,29.5,14,1043806,153981,0,
2026-09-04T16,10,4,30.25,30.25,30.25,30.25,12,1163958,535406,0,
2026-09-04T16,10,5,30.0,30.0,30.0,30.0,10,570676,570676,0,
2026-09-04T16,10,6,29.75,29.75,29.75,29.75,6,1213865,560874,14391,
2026-09-04T16,10,7,31.0,31.0,31.0,31.0,5,294602,294602,0,
2026-09-04T16,10,10,31.5,31.5,31.5,31.5,5,287166,277166,0,
2026-09-04T16,10,11,30.75,30.75,30.75,30.75,6,112145,62145,0,
2026-09-04T16,10,12,39.0,39.0,39.0,39.0,2,25999,25999,0,
2026-09-04T16,11,0,41.25,42.0,40.25,41.75,9,125572,124919,0,
2026-09-04T16,11,1,42.0,42.0,42.0,42.0,8,35112,35112,0,
2026-09-04T16,11,2,41.75,42.0,41.5,42.0,4,468462,468460,6868,
2026-09-04T16,11,3,42.25,42.25,42.25,42.25,3,257343,257343,100,
2026-09-04T16,11,4,42.75,42.75,42.75,42.75,3,284073,284073,0,
2026-09-04T16,11,5,42.75,42.75,42.75,42.75,10,634499,253916,0,
2026-09-04T16,11,6,44.0,44.0,44.0,44.0,1,2832,2832,0,
2026-09-04T16,11,8,48.0,48.0,48.0,48.0,1,10000,10000,0,
2026-09-04T16,11,10,44.0,44.0,44.0,44.0,1,1642,1642,0,
2026-09-04T16,11,11,48.0,48.0,48.0,48.0,4,43990,43990,0,
2026-09-04T16,12,0,40.0,41.0,40.0,40.25,24,835051,831682,1013,
2026-09-04T16,12,1,40.5,41.0,40.5,41.0,9,196954,196904,0,
2026-09-04T16,12,2,40.75,41.0,40.25,40.75,14,742754,178108,5215,
2026-09-04T16,12,3,41.25,41.25,41.0,41.25,19,82872,66981,0,
2026-09-04T16,12,4,42.75,42.75,42.25,42.25,4,48009,36772,0,
2026-09-04T16,12,5,42.75,42.75,42.75,42.75,4,283498,283498,0,
2026-09-04T16,12,6,43.75,43.75,43.75,43.75,1,34878,34878,0,
2026-09-04T16,12,7,46.75,46.75,46.75,46.75,2,37000,37000,0,
2026-09-04T16,12,8,46.75,46.75,46.75,46.75,3,54953,54953,0,
2026-09-04T16,12,9,50.0,50.0,50.0,50.0,1,19999,19999,0,
2026-09-04T16,13,0,0.363,0.364,0.36,0.361,132,501480154,123959861,6842788,
2026-09-04T16,14,0,10.9,11.1,10.6,11.0,25,453243,448808,50250,
2026-09-04T16,14,1,11.3,11.3,11.0,11.1,9,334226,324226,0,
2026-09-04T16,14,2,11.4,11.4,11.1,11.1,12,401731,294691,0,
2026-09-04T16,14,3,11.3,11.3,11.3,11.3,12,1123998,847123,0,
2026-09-04T16,14,4,11.3,11.3,11.2,11.3,8,945763,932285,43570,
2026-09-04T16,14,5,11.6,11.6,11.6,11.6,9,3669798,2169634,0,
2026-09-04T16,14,6,13.8,13.8,13.8,13.8,4,740000,640000,0,
2026-09-04T16,14,7,14.8,14.8,14.8,14.8,2,52728,52728,0,
2026-09-04T16,14,8,18.2,18.2,18.2,18.2,4,913305,913305,0,
2026-09-04T16,14,11,19.0,19.0,19.0,19.0,1,25219,25219,0,
2026-09-04T16,15,0,10.2,10.4,9.9,10.0,29,1814915,55313,5167,
2026-09-04T16,15,1,10.4,10.5,10.4,10.5,14,275005,259771,0,
2026-09-04T16,15,2,10.7,10.7,10.6,10.6,8,774778,774778,11055,
2026-09-04T16,15,3,10.7,10.8,10.7,10.8,16,2669926,2251513,0,
2026-09-04T16,15,4,11.0,11.0,11.0,11.0,3,508187,508187,0,
2026-09-04T16,15,5,11.2,11.2,11.2,11.2,3,250245,182081,0,
2026-09-04T16,15,6,11.3,11.3,11.3,11.3,3,240578,240578,0,
2026-09-04T16,15,7,11.4,11.4,11.4,11.4,1,2090,2090,0,
2026-09-04T16,15,8,11.5,11.5,11.5,11.5,3,789811,789811,0,
2026-09-04T16,15,10,11.0,11.0,11.0,11.0,3,278145,78144,1480,
2026-09-04T16,16,0,8.5,8.6,8.1,8.6,8,137403,136603,32351,
2026-09-04T16,16,1,8.5,8.6,8.4,8.4,17,416344,224517,20057,
2026-09-04T16,16,2,8.7,8.8,8.7,8.8,12,776682,734248,7770,
2026-09-04T16,16,3,8.7,8.9,8.7,8.9,8,852707,848448,5342,
2026-09-04T16,16,4,9.2,9.2,9.1,9.1,3,617608,617608,39030,
2026-09-04T16,16,5,9.2,9.2,9.2,9.2,1,50000,50000,0,
2026-09-04T16,16,6,9.2,9.2,9.2,9.2,3,79870,79870,42650,
2026-09-04T16,16,8,9.6,9.6,9.6,9.6,4,1020000,520000,0,
2026-09-04T16,16,11,9.4,9.4,9.4,9.4,1,145183,145183,0,
2026-09-04T16,16,12,9.4,9.4,9.4,9.4,5,2063980,2063980,0,
2026-09-04T16,17,0,14.8,14.9,14.3,14.3,13,138154,90159,0,
2026-09-04T16,17,1,14.8,14.9,14.7,14.7,9,234885,234880,0,
2026-09-04T16,17,2,14.8,14.9,14.6,14.6,9,486344,434653,1693,
2026-09-04T16,17,3,14.9,14.9,14.6,14.6,7,1430356,1430356,25218,
2026-09-04T16,17,4,15.0,15.0,15.0,15.0,6,799500,799500,187107,
2026-09-04T16,17,5,15.0,15.1,14.8,14.8,5,697235,697235,42540,
2026-09-04T16,17,6,15.1,15.1,15.1,15.1,3,308968,308968,50000,
2026-09-04T16,17,7,15.2,15.2,15.2,15.2,4,523812,493812,0,
2026-09-04T16,17,8,15.6,15.6,15.6,15.6,9,1998122,606148,0,
2026-09-04T16,17,9,16.5,16.5,16.5,16.5,3,515568,118832,0,
2026-09-04T16,17,10,16.3,16.3,16.3,16.3,22,1370062,634000,0,
2026-09-04T16,17,11,22.0,22.0,22.0,22.0,1,17112,17112,0,
2026-09-04T16,18,0,19.9,21.0,19.8,20.25,12,39796,12492,0,
2026-09-04T16,18,1,20.0,20.75,20.0,20.75,9,192330,78581,520,
2026-09-04T16,18,2,20.5,21.0,20.5,20.5,7,152650,90133,4517,
2026-09-04T16,18,3,21.0,21.5,21.0,21.5,9,735922,735922,9642,
2026-09-04T16,18,4,21.25,21.75,21.25,21.75,15,849033,799033,122615,
2026-09-04T16,18,5,22.5,22.5,22.5,22.5,6,851849,351849,16292,
2026-09-04T16,18,6,24.25,24.25,24.25,24.25,4,23265,23094,700,
2026-09-04T16,18,7,26.0,26.0,26.0,26.0,1,98360,98360,0,
2026-09-04T16,18,8,26.0,26.0,26.0,26.0,2,110076,110076,0,
2026-09-04T16,18,10,28.75,28.75,28.75,28.75,2,60001,60001,0,
2026-09-04T16,19,0,11.2,11.2,11.1,11.1,20,1361638,74278,33619,
2026-09-04T16,19,1,11.5,11.9,11.5,11.9,2,143110,10000,25380,
2026-09-04T16,19,2,11.6,11.9,11.6,11.9,2,607090,607090,8751,
2026-09-04T16,19,3,11.9,11.9,11.9,11.9,5,246121,246121,49991,
2026-09-04T16,19,4,12.2,12.2,12.1,12.1,9,1876889,1712207,49678,
2026-09-04T16,19,5,12.4,12.4,12.4,12.4,6,489020,149595,0,
2026-09-04T16,19,6,12.4,12.4,12.4,12.4,7,440413,382937,0,
2026-09-04T16,19,7,12.4,12.4,12.4,12.4,13,883209,256764,33675,
2026-09-04T16,19,8,12.5,12.5,12.3,12.3,11,1016618,382917,0,
2026-09-04T16,19,9,15.3,15.3,15.3,15.3,2,96424,96424,0,
2026-09-04T16,19,10,15.3,15.3,15.3,15.3,5,356448,356448,0,
2026-09-04T16,19,11,19.9,19.9,19.9,19.9,2,50999,50999,0,
2026-09-04T16,20,0,109.0,111.0,105.0,107.0,11,110344,8882,0,
2026-09-04T16,20,1,110.0,111.0,109.0,109.0,16,55873,15168,3882,
2026-09-04T16,20,2,110.0,112.0,110.0,110.0,20,106681,27631,0,
2026-09-04T16,20,3,111.0,115.0,111.0,114.0,21,185808,74507,2133,
2026-09-04T16,20,4,114.0,116.0,114.0,116.0,12,81025,33875,0,
2026-09-04T16,20,5,117.0,120.0,117.0,117.0,9,98904,5611,0,
2026-09-04T16,20,6,117.0,118.0,117.0,118.0,5,23076,15953,8302,
2026-09-04T16,20,7,120.0,120.0,120.0,120.0,7,32000,13476,0,
2026-09-04T16,21,0,57.5,59.0,56.5,59.0,3,2382,2382,0,
2026-09-04T16,21,1,57.5,58.5,57.0,58.5,8,12870,12839,1194,
2026-09-04T16,21,2,58.0,58.5,58.0,58.5,8,60302,60302,1431,
2026-09-04T16,21,3,59.5,59.5,58.5,58.5,9,275173,270173,5695,
2026-09-04T16,21,4,59.5,60.5,59.5,60.5,13,638711,545195,2848,
2026-09-04T16,21,5,60.5,60.5,60.5,60.5,10,72985,30269,26152,
2026-09-04T16,21,6,61.0,61.0,61.0,61.0,4,226134,39220,1856,
2026-09-04T16,21,7,66.5,66.5,66.5,66.5,3,96196,96196,0,
2026-09-04T16,21,8,68.0,68.0,68.0,68.0,2,58267,58267,0,
2026-09-04T16,22,0,88.5,90.0,87.0,90.0,4,308,306,0,
2026-09-04T16,22,1,89.0,90.5,88.0,90.5,2,1033,1033,0,
2026-09-04T16,22,2,89.0,89.5,88.0,89.0,3,12310,12310,4566,
2026-09-04T16,22,3,90.5,92.5,90.0,90.0,4,12587,12587,0,
2026-09-04T16,22,4,91.0,91.0,88.0,91.0,3,25698,25698,0,
2026-09-04T16,22,5,91.0,91.0,91.0,91.0,3,91633,91633,1962,
2026-09-04T16,22,6,91.0,92.0,91.0,92.0,2,20000,20000,1655,
2026-09-04T16,22,7,91.5,91.5,88.5,91.5,3,53874,53874,0,
2026-09-04T16,22,8,95.5,95.5,95.5,95.5,4,48723,48723,0,
2026-09-04T16,22,9,97.0,97.0,97.0,97.0,4,45554,45554,0,
2026-09-04T16,22,10,98.0,98.0,98.0,98.0,1,9946,9946,0,
2026-09-04T16,22,11,108.0,108.0,108.0,108.0,2,25423,25423,0,
2026-09-04T16,23,0,129.0,136.0,128.0,136.0,3,374,371,8,
2026-09-04T16,23,1,135.0,135.0,130.0,135.0,1,1,1,0,
2026-09-04T16,23,2,130.0,133.0,130.0,133.0,3,28292,28292,6597,
2026-09-04T16,23,3,132.0,134.0,132.0,134.0,4,21928,15928,0,
2026-09-04T16,23,4,132.0,140.0,132.0,135.0,2,56066,56066,8005,
2026-09-04T16,23,5,132.0,132.0,132.0,132.0,3,15456,15456,320,
2026-09-04T16,23,6,134.0,135.0,134.0,135.0,1,3960,3960,0,
2026-09-04T16,23,7,135.0,136.0,135.0,136.0,1,211,211,844,
2026-09-04T16,23,8,137.0,137.0,137.0,137.0,3,30000,20000,0,
2026-09-04T16,23,9,142.0,142.0,142.0,142.0,3,102242,102242,0,
2026-09-04T16,23,10,149.0,149.0,149.0,149.0,2,11824,11824,0,
2026-09-04T16,23,11,210.0,210.0,210.0,210.0,1,199,199,0,
2026-09-04T16,24,0,645.0,645.0,630.0,645.0,10,299,279,0,
2026-09-04T16,24,1,645.0,645.0,630.0,630.0,3,1607,1607,0,
2026-09-04T16,24,4,635.0,635.0,635.0,635.0,4,19407,19407,314,
2026-09-04T16,24,5,660.0,660.0,655.0,655.0,3,5998,4498,0,
2026-09-04T16,24,6,665.0,665.0,665.0,665.0,1,22764,22764,0,
2026-09-04T16,24,7,665.0,665.0,665.0,665.0,2,2766,2766,0,
2026-09-04T16,24,8,725.0,725.0,725.0,725.0,1,83,83,0,
2026-09-04T16,25,0,755.0,765.0,755.0,765.0,13,4458,4446,346,
2026-09-04T16,25,1,770.0,770.0,770.0,770.0,4,7753,7753,0,
2026-09-04T16,25,2,770.0,770.0,765.0,765.0,8,6854,6851,0,
2026-09-04T16,25,3,775.0,775.0,775.0,775.0,6,13012,13012,788,
2026-09-04T16,25,4,795.0,795.0,795.0,795.0,2,18712,18712,0,
2026-09-04T16,25,5,805.0,805.0,805.0,805.0,3,16452,16452,900,
2026-09-04T16,25,6,835.0,835.0,835.0,835.0,5,13905,13905,0,
2026-09-04T16,25,7,840.0,840.0,840.0,840.0,8,46100,46100,0,
2026-09-04T16,25,10,900.0,900.0,900.0,900.0,1,467,467,0,
2026-09-04T16,26,0,1200.0,1210.0,1170.0,1200.0,8,437,379,9,
2026-09-04T16,26,1,1200.0,1210.0,1200.0,1210.0,1,1299,1299,0,
2026-09-04T16,26,2,1210.0,1210.0,1170.0,1170.0,6,4061,1165,315,
2026-09-04T16,26,3,1230.0,1230.0,1230.0,1230.0,4,10144,10144,0,
2026-09-04T16,26,4,1230.0,1230.0,1230.0,1230.0,7,4175,4175,0,
2026-09-04T16,26,5,1270.0,1270.0,1270.0,1270.0,3,17843,17843,0,
2026-09-04T16,26,6,1250.0,1250.0,1250.0,1250.0,2,2107,2107,0,
2026-09-04T16,26,7,1360.0,1360.0,1360.0,1360.0,1,1000,1000,0,
2026-09-04T16,27,0,570.0,630.0,570.0,630.0,1,4,4,141,
2026-09-04T16,27,1,585.0,585.0,585.0,585.0,1,1919,1919,0,
2026-09-04T16,27,2,580.0,580.0,580.0,580.0,1,1182,1182,295,
2026-09-04T16,27,3,585.0,585.0,585.0,585.0,6,1536,1536,0,
2026-09-04T16,27,4,595.0,595.0,595.0,595.0,2,1866,1866,0,
2026-09-04T16,27,5,600.0,600.0,600.0,600.0,3,9000,9000,0,
2026-09-04T16,27,6,630.0,630.0,630.0,630.0,3,9249,9249,0,
2026-09-04T16,27,7,680.0,680.0,680.0,680.0,1,640,640,0,
2026-09-04T16,27,12,800.0,800.0,800.0,800.0,1,252,252,0,
2026-09-04T16,28,0,945.0,955.0,945.0,955.0,3,721,721,0,
2026-09-04T16,28,1,945.0,945.0,945.0,945.0,1,346,346,381,
2026-09-04T16,28,2,980.0,980.0,980.0,980.0,1,5,5,0,
2026-09-04T16,28,3,985.0,985.0,985.0,985.0,3,2789,2789,0,
2026-09-04T16,28,4,980.0,980.0,980.0,980.0,11,7385,6735,0,
2026-09-04T16,28,6,1040.0,1040.0,1040.0,1040.0,1,500,500,0,
2026-09-04T16,28,9,1050.0,1050.0,1050.0,1050.0,1,285,285,0,
2026-09-04T16,29,0,101.0,101.0,99.5,100.0,47,591999,88463,1498,
2026-09-04T16,30,0,153.0,154.0,151.0,153.0,56,509212,183832,9119,
2026-09-04T16,31,0,199.0,199.0,198.0,199.0,45,846091,621465,6351,
2026-09-04T16,32,0,206.0,218.0,204.0,204.0,67,514701,3730,3204,
2026-09-04T16,33,0,107.0,107.0,106.0,107.0,34,375194,98207,5109,
2026-09-04T16,34,0,88.0,89.0,87.0,87.5,81,1059060,179423,5034,
2026-09-04T16,35,0,82.0,83.0,81.0,82.0,39,1040732,128196,0,
2026-09-04T16,40,0,1.54,1.58,1.52,1.58,70,2248285,682016,5012,
2026-09-04T16,40,1,1.65,1.65,1.64,1.64,24,4730325,2016693,0,
2026-09-04T16,40,2,1.7,1.77,1.7,1.77,10,3290122,3242914,95928,
2026-09-04T16,40,3,1.83,1.83,1.83,1.83,12,3831217,2284457,528,
2026-09-04T16,40,4,1.92,1.92,1.92,1.92,16,2885998,1578576,0,
2026-09-04T16,40,5,2.05,2.05,2.05,2.05,12,6459379,454642,0,
2026-09-04T16,40,6,2.15,2.15,2.15,2.15,4,1049910,845888,0,
2026-09-04T16,40,7,2.5,2.5,2.5,2.5,4,929177,929177,0,
2026-09-04T16,40,8,2.85,2.85,2.85,2.85,3,900000,600000,0,
2026-09-04T16,41,0,4.6,4.7,4.6,4.7,23,262431,103842,42823,
2026-09-04T16,41,1,4.85,4.85,4.8,4.8,7,524495,523517,7985,
2026-09-04T16,41,2,4.9,4.9,4.9,4.9,7,1480505,384846,13602,
2026-09-04T16,41,3,5.0,5.0,4.95,4.95,11,2115614,1088741,0,
2026-09-04T16,41,4,5.0,5.0,5.0,5.0,8,2113790,640311,93825,
2026-09-04T16,41,5,5.6,5.6,5.6,5.6,3,1518646,1518646,200000,
2026-09-04T16,41,6,7.3,7.3,7.3,7.3,1,50000,50000,0,
2026-09-04T16,41,7,6.0,6.0,6.0,6.0,1,49810,49810,0,
2026-09-04T16,41,8,8.3,8.3,8.3,8.3,1,185499,185499,0,
2026-09-04T16,41,9,8.9,8.9,8.9,8.9,1,159004,159004,0,
2026-09-04T16,41,10,8.9,8.9,8.9,8.9,3,101000,100000,0,
2026-09-04T16,41,11,9.9,9.9,9.9,9.9,2,23103,23103,0,
2026-09-04T16,42,0,5.1,5.2,4.9,4.9,40,2858342,14390,10122,
2026-09-04T16,42,1,5.3,5.3,5.2,5.2,6,147687,128950,0,
2026-09-04T16,42,2,5.2,5.3,5.1,5.1,11,1196424,522060,0,
2026-09-04T16,42,3,5.4,5.4,5.2,5.2,13,660292,340305,0,
2026-09-04T16,42,4,5.5,5.5,5.5,5.5,6,1325227,1075227,0,
2026-09-04T16,42,5,5.7,5.7,5.7,5.7,6,3737535,437535,0,
2026-09-04T16,42,6,6.9,6.9,6.9,6.9,1,1647,1647,0,
2026-09-04T16,42,7,6.9,6.9,6.9,6.9,1,999,999,0,
2026-09-04T16,43,0,11.5,11.7,11.3,11.7,23,285893,274947,36283,
2026-09-04T16,43,1,11.7,11.8,11.4,11.8,14,716740,525207,11774,
2026-09-04T16,43,2,11.8,11.9,11.8,11.9,11,1031872,965129,16640,
2026-09-04T16,43,3,11.9,12.0,11.9,11.9,20,1624682,526024,14077,
2026-09-04T16,43,4,12.0,12.2,12.0,12.2,10,604669,564308,48580,
2026-09-04T16,43,5,12.7,13.5,12.7,13.4,5,709350,322192,4599,
2026-09-04T16,43,6,14.5,14.5,14.5,14.5,7,929996,929996,0,
2026-09-04T16,43,7,17.6,17.6,17.6,17.6,2,27389,27389,0,
2026-09-04T16,43,8,18.8,18.8,18.8,18.8,3,23885,23885,0,
2026-09-04T16,44,0,1.22,1.28,1.21,1.28,9,2108780,2108780,482595,
2026-09-04T16,44,1,1.28,1.29,1.28,1.29,1,138053,138053,144094,
2026-09-04T16,44,2,1.28,1.3,1.28,1.3,17,5547967,4747967,6000,
2026-09-04T16,44,3,1.29,1.32,1.29,1.32,3,441772,341772,201109,
2026-09-04T16,44,4,1.32,1.33,1.32,1.33,4,11383826,3334934,0,
2026-09-04T16,44,5,1.34,1.34,1.33,1.33,6,3316568,1768949,45876,
2026-09-04T16,44,6,1.35,1.35,1.35,1.35,4,2815813,340000,0,
2026-09-04T16,44,7,1.69,1.69,1.69,1.69,1,400000,400000,0,
2026-09-04T16,45,0,15.7,15.7,15.5,15.7,9,510255,510255,1727,
2026-09-04T16,45,1,15.7,15.9,15.7,15.9,5,179224,53920,46230,
2026-09-04T16,45,2,15.7,15.8,15.7,15.8,12,580811,452072,4190,
2026-09-04T16,45,3,15.9,15.9,15.8,15.9,18,622901,210664,0,
2026-09-04T16,45,4,16.7,16.8,16.7,16.8,12,150848,107086,41760,
2026-09-04T16,45,5,16.0,19.0,16.0,19.0,1,11111,11111,0,
2026-09-04T16,45,6,17.0,17.0,17.0,17.0,1,122621,122621,0,
2026-09-04T16,45,7,23.5,23.5,23.5,23.5,1,10000,10000,0,
2026-09-04T16,45,9,24.25,24.25,24.25,24.25,1,1999,1999,0,
2026-09-04T16,45,12,24.5,24.5,24.5,24.5,3,54291,54291,0,
2026-09-04T16,46,0,27.25,28.75,26.5,27.0,53,158607,2867,70,
2026-09-04T16,46,1,27.75,28.75,27.75,28.25,16,128546,106592,22929,
2026-09-04T16,46,2,29.25,29.25,29.0,29.0,10,39681,32933,0,
2026-09-04T16,46,3,30.0,30.0,29.75,29.75,8,518770,469314,0,
2026-09-04T16,46,4,30.25,30.5,30.25,30.25,6,419687,83526,0,
2026-09-04T16,46,5,30.75,30.75,30.5,30.5,11,165002,135002,0,
2026-09-04T16,46,6,34.75,34.75,34.5,34.5,6,155824,155824,0,
2026-09-04T16,46,7,34.75,34.75,34.75,34.75,8,145036,137395,0,
2026-09-04T16,47,0,444.0,450.0,440.0,450.0,7,11153,10980,83,
2026-09-04T16,47,1,452.0,452.0,452.0,452.0,3,2521,2521,170,
2026-09-04T16,47,2,452.0,454.0,452.0,454.0,5,9593,9593,3495,
2026-09-04T16,47,3,456.0,456.0,454.0,454.0,9,40507,40507,200,
2026-09-04T16,47,4,462.0,462.0,462.0,462.0,7,20824,20824,0,
2026-09-04T16,47,5,466.0,466.0,466.0,466.0,5,10310,6771,0,
2026-09-04T16,47,6,498.0,498.0,498.0,498.0,6,43664,38664,0,
2026-09-04T16,47,7,525.0,525.0,525.0,525.0,1,7528,7528,0,
2026-09-04T16,47,8,530.0,530.0,530.0,530.0,2,14140,14140,0,
2026-09-04T16,47,9,900.0,900.0,900.0,900.0,1,1,1,0,
2026-09-04T16,48,0,222.0,224.0,222.0,222.0,7,2571,2421,229,
2026-09-04T16,48,1,230.0,238.0,230.0,238.0,2,1172,1172,421,
2026-09-04T16,48,2,230.0,230.0,230.0,230.0,1,1765,1765,0,
2026-09-04T16,48,3,234.0,234.0,234.0,234.0,2,5760,5760,0,
2026-09-04T16,48,4,232.0,232.0,232.0,232.0,5,53558,53558,3124,
2026-09-04T16,48,5,256.0,256.0,256.0,256.0,5,57903,57903,0,
2026-09-04T16,48,6,278.0,278.0,278.0,278.0,2,74160,74160,0,
2026-09-04T16,48,7,350.0,350.0,350.0,350.0,3,3000,2000,0,
2026-09-04T16,48,8,400.0,400.0,400.0,400.0,1,250,250,0,
2026-09-04T16,49,0,940.0,940.0,940.0,940.0,22,7863,5153,0,
2026-09-04T16,49,1,1010.0,1010.0,1010.0,1010.0,3,5632,5632,0,
2026-09-04T16,49,2,1040.0,1040.0,1040.0,1040.0,2,1287,1287,0,
2026-09-04T16,49,3,1140.0,1140.0,1140.0,1140.0,1,93,93,0,
2026-09-04T16,49,4,1030.0,1030.0,1030.0,1030.0,1,15246,15246,300,
2026-09-04T16,49,5,1050.0,1070.0,1050.0,1070.0,2,5185,185,228,
2026-09-04T16,49,6,1190.0,1190.0,1190.0,1190.0,2,584,584,0,
2026-09-04T16,49,7,1230.0,1230.0,1230.0,1230.0,2,9493,9493,0,
2026-09-04T16,50,0,320.0,320.0,320.0,320.0,7,4212,3922,79,
2026-09-04T16,50,1,328.0,328.0,328.0,328.0,1,1790,1790,0,
2026-09-04T16,50,2,328.0,328.0,328.0,328.0,11,18462,17695,1300,
2026-09-04T16,50,3,348.0,354.0,342.0,342.0,8,15672,15672,0,
2026-09-04T16,50,4,352.0,352.0,352.0,352.0,5,31426,31426,0,
2026-09-04T16,50,5,352.0,352.0,352.0,352.0,2,13610,13610,1219,
2026-09-04T16,50,6,354.0,354.0,354.0,354.0,3,31484,31484,0,
2026-09-04T16,50,7,354.0,354.0,354.0,354.0,8,34711,30211,0,
2026-09-04T16,50,8,416.0,416.0,416.0,416.0,1,18323,18323,0,
2026-09-04T16,50,9,416.0,416.0,416.0,416.0,1,11399,11399,0,
2026-09-04T16,50,10,418.0,418.0,418.0,418.0,1,2,2,0,
2026-09-04T16,50,11,420.0,420.0,420.0,420.0,4,16360,4960,40,
2026-09-04T16,51,0,765.0,775.0,765.0,775.0,7,4350,3765,101,
2026-09-04T16,51,1,790.0,790.0,790.0,790.0,8,10869,10869,30,
2026-09-04T16,51,2,790.0,795.0,790.0,795.0,8,6917,6341,200,
2026-09-04T16,51,3,820.0,820.0,820.0,820.0,6,20182,20182,0,
2026-09-04T16,51,4,815.0,815.0,815.0,815.0,21,27054,18211,174,
2026-09-04T16,51,5,900.0,900.0,900.0,900.0,10,8310,7942,0,
2026-09-04T16,51,6,910.0,910.0,910.0,910.0,6,7954,6954,0,
2026-09-04T16,51,8,995.0,995.0,995.0,995.0,2,1025,1025,0,
2026-09-04T16,52,0,610.0,615.0,600.0,615.0,7,3108,3108,211,
2026-09-04T16,52,1,610.0,610.0,610.0,610.0,1,146,146,0,
2026-09-04T16,52,2,625.0,625.0,600.0,620.0,3,1227,1227,0,
2026-09-04T16,52,3,625.0,625.0,615.0,615.0,3,3539,3539,567,
2026-09-04T16,52,4,640.0,640.0,640.0,640.0,2,5675,5675,0,
2026-09-04T16,52,5,635.0,635.0,635.0,635.0,3,13201,13201,5299,
2026-09-04T16,52,6,645.0,645.0,645.0,645.0,4,13759,8759,0,
2026-09-04T16,52,7,800.0,800.0,800.0,800.0,7,110,10,0,
2026-09-04T16,52,8,1230.0,1230.0,1230.0,1230.0,2,1029,1029,0,
2026-09-04T16,52,10,1240.0,1240.0,1240.0,1240.0,1,1000,1000,0,
2026-09-04T16,52,11,1250.0,1250.0,1250.0,1250.0,2,1099,1099,0,
2026-09-04T16,53,0,3430.0,3430.0,3430.0,3430.0,6,274,274,0,
2026-09-04T16,53,1,3590.0,3590.0,3590.0,3590.0,1,1,1,0,
2026-09-04T16,53,2,3450.0,3450.0,3450.0,3450.0,1,43,43,0,
2026-09-04T16,53,3,3460.0,3460.0,3460.0,3460.0,3,1660,1660,200,
2026-09-04T16,53,4,3500.0,3500.0,3500.0,3500.0,6,1196,1196,200,
2026-09-04T16,53,5,3580.0,3580.0,3580.0,3580.0,4,2980,2980,0,
2026-09-04T16,53,6,3790.0,3790.0,3790.0,3790.0,1,4284,4284,0,
2026-09-04T16,53,9,3800.0,3800.0,3800.0,3800.0,1,4,4,0,
2026-09-04T16,54,0,6475.0,6500.0,6475.0,6500.0,5,806,716,0,
2026-09-04T16,54,1,6700.0,6700.0,6700.0,6700.0,1,224,224,0,
2026-09-04T16,54,2,6475.0,6475.0,6475.0,6475.0,2,648,648,71,
2026-09-04T16,54,3,6800.0,6800.0,6800.0,6800.0,1,2614,2614,0,
2026-09-04T16,54,4,6800.0,6800.0,6800.0,6800.0,2,5612,5612,0,
2026-09-04T16,54,5,7000.0,7000.0,7000.0,7000.0,2,2000,1000,0,
2026-09-04T16,54,6,7100.0,7100.0,7100.0,7100.0,2,1007,1007,0,
2026-09-04T16,54,7,6900.0,6900.0,6900.0,6900.0,1,258,258,0,
2026-09-04T16,55,0,2320.0,2320.0,2310.0,2310.0,,,,0,
2026-09-04T16,55,2,2330.0,2330.0,2330.0,2330.0,1,54,54,0,
2026-09-04T16,55,3,2320.0,2320.0,2320.0,2320.0,3,2042,2042,4,
2026-09-04T16,55,4,2330.0,2330.0,2310.0,2310.0,3,238,238,0,
2026-09-04T16,55,6,2390.0,2390.0,2390.0,2390.0,2,366,99,0,
2026-09-04T16,55,7,2400.0,2400.0,2400.0,2400.0,4,65,40,0,
2026-09-04T16,56,0,4420.0,4420.0,4400.0,4400.0,,,,0,
2026-09-04T16,56,2,4430.0,4430.0,4400.0,4400.0,3,75,75,6,
2026-09-04T16,56,3,4420.0,4420.0,4420.0,4420.0,5,586,586,0,
2026-09-04T16,56,4,4440.0,4440.0,4440.0,4440.0,2,2033,2033,0,
2026-09-04T16,56,5,4440.0,4440.0,4440.0,4440.0,6,8099,8099,78,
2026-09-04T16,56,6,4540.0,4540.0,4540.0,4540.0,2,377,377,0,
2026-09-04T16,56,7,5125.0,5125.0,5125.0,5125.0,15,1816,60,0,
2026-09-04T16,56,8,6200.0,6200.0,6200.0,6200.0,1,2849,2849,0,
2026-09-04T16,57,0,5600.0,5625.0,5300.0,5625.0,3,93,35,0,
2026-09-04T16,57,1,5600.0,5600.0,5575.0,5575.0,3,744,744,0,
2026-09-04T16,57,2,5600.0,5600.0,5600.0,5600.0,1,549,549,10,
2026-09-04T16,57,3,5725.0,5725.0,5725.0,5725.0,3,400,73,0,
2026-09-04T16,57,4,5750.0,5750.0,5750.0,5750.0,2,733,733,270,
2026-09-04T16,57,5,5800.0,5800.0,5800.0,5800.0,4,7670,6670,0,
2026-09-04T16,57,6,5875.0,5875.0,5875.0,5875.0,9,2441,2041,0,
2026-09-04T16,57,7,6000.0,6000.0,6000.0,6000.0,2,20,10,0,
2026-09-04T16,57,8,6875.0,6875.0,6875.0,6875.0,2,31,30,0,
2026-09-04T16,58,0,121.0,122.0,119.0,122.0,39,923610,80854,500,
2026-09-04T16,59,0,64.5,65.0,64.5,65.0,43,2805209,1832437,1553,
2026-09-04T16,60,0,5.5,5.9,5.5,5.5,51,678373,5060,1000,
2026-09-04T16,60,1,6.1,6.1,5.6,6.1,9,295228,190607,0,
2026-09-04T16,60,2,6.1,6.1,5.9,5.9,14,538108,19533,0,
2026-09-04T16,60,3,6.4,6.4,6.4,6.4,9,2498518,147413,0,
2026-09-04T16,60,4,6.7,6.7,6.7,6.7,10,9752033,7164742,0,
2026-09-04T16,60,5,6.9,7.0,6.9,7.0,4,1037804,1037804,0,
2026-09-04T16,60,6,7.2,7.2,7.2,7.2,9,971703,214133,0,
2026-09-04T16,60,7,7.5,7.5,7.5,7.5,4,367282,5000,0,
2026-09-04T16,60,8,8.8,8.8,8.8,8.8,2,285624,285624,0,
2026-09-04T16,60,9,10.0,10.0,10.0,10.0,1,100000,100000,0,
2026-09-04T16,60,10,9.8,9.8,9.8,9.8,4,573266,563267,0,
2026-09-04T16,60,12,12.9,12.9,12.9,12.9,1,1,1,0,
2026-09-04T16,61,0,19.3,19.5,18.0,19.3,17,172980,170646,0,
2026-09-04T16,61,1,19.5,19.5,19.4,19.4,10,1234680,1191248,96641,
2026-09-04T16,61,2,19.8,19.8,19.7,19.7,7,2141331,2141331,0,
2026-09-04T16,61,3,20.0,20.0,20.0,20.0,11,1688423,1158973,0,
2026-09-04T16,61,4,20.5,20.5,20.5,20.5,10,764546,754187,0,
2026-09-04T16,61,5,21.0,21.0,21.0,21.0,6,872696,867696,20000,
2026-09-04T16,61,6,24.5,24.5,24.5,24.5,3,151876,66000,0,
2026-09-04T16,62,0,21.75,21.75,21.75,21.75,17,19483,6273,0,
2026-09-04T16,62,1,22.25,22.25,22.25,22.25,6,49956,45536,0,
2026-09-04T16,62,2,22.75,22.75,22.75,22.75,12,333111,170301,0,
2026-09-04T16,62,3,23.0,23.0,23.0,23.0,9,236635,151639,0,
2026-09-04T16,62,4,23.5,23.5,23.5,23.5,5,600431,600431,0,
2026-09-04T16,62,5,29.0,29.0,29.0,29.0,2,278452,1452,0,
2026-09-04T16,62,6,24.75,24.75,24.75,24.75,1,12019,12019,0,
2026-09-04T16,62,9,38.0,38.0,38.0,38.0,2,999,999,0,
2026-09-04T16,63,0,33.75,33.75,33.5,33.5,18,80414,78284,1570,
2026-09-04T16,63,1,34.0,34.0,34.0,34.0,10,173202,155047,0,
2026-09-04T16,63,2,35.25,35.25,35.25,35.25,10,329755,329755,0,
2026-09-04T16,63,3,36.0,36.0,35.75,35.75,2,124961,124961,0,
2026-09-04T16,63,4,36.25,36.25,36.25,36.25,3,266403,266403,0,
2026-09-04T16,63,5,37.75,37.75,37.75,37.75,1,100000,100000,0,
2026-09-04T16,63,6,38.5,38.5,38.5,38.5,1,10000,10000,0,
2026-09-04T16,63,7,38.0,38.0,38.0,38.0,1,98125,98125,0,
2026-09-04T16,64,0,47.0,47.0,47.0,47.0,15,14093,5655,0,
2026-09-04T16,64,1,47.25,47.25,47.0,47.0,4,41991,41991,0,
2026-09-04T16,64,2,48.0,48.0,48.0,48.0,5,30660,30660,0,
2026-09-04T16,64,3,50.0,50.0,49.25,49.25,4,17668,17668,0,
2026-09-04T16,64,4,49.5,49.5,49.5,49.5,2,103353,103353,0,
2026-09-04T16,64,5,50.5,50.5,50.5,50.5,5,172000,172000,0,
2026-09-04T16,64,6,49.0,50.5,49.0,50.5,4,81589,81589,1200,
2026-09-04T16,64,7,59.0,59.0,59.0,59.0,2,11000,11000,0,
2026-09-04T16,64,8,78.5,78.5,78.5,78.5,2,800,800,0,
2026-09-04T16,64,10,80.0,80.0,80.0,80.0,1,5000,5000,0,
2026-09-04T16,65,0,13.1,13.1,13.1,13.1,18,202245,198591,14189,
2026-09-04T16,65,1,13.2,13.2,13.2,13.2,6,177466,177466,0,
2026-09-04T16,65,2,13.5,13.5,13.5,13.5,14,685002,342616,0,
2026-09-04T16,65,3,13.8,13.8,13.6,13.6,7,1378352,1351825,0,
2026-09-04T16,65,4,13.7,13.7,13.7,13.7,8,797273,267838,0,
2026-09-04T16,65,5,14.4,14.4,14.4,14.4,3,692296,692296,0,
2026-09-04T16,65,6,14.5,14.5,14.5,14.5,5,147595,147595,0,
2026-09-04T16,65,7,15.9,15.9,15.9,15.9,1,12000,12000,0,
2026-09-04T16,65,9,16.3,16.3,16.3,16.3,1,10000,10000,0,
2026-09-04T16,65,10,16.4,16.4,16.4,16.4,1,50000,50000,0,
2026-09-04T16,65,11,16.1,16.1,16.1,16.1,2,79712,79712,0,
2026-09-04T16,65,12,16.1,16.1,16.1,16.1,5,734350,734251,0,
2026-09-04T16,66,0,0.268,0.28,0.266,0.278,158,42164311,3383986,574509,
2026-09-04T16,66,1,0.281,0.282,0.281,0.281,25,7177963,5451190,326550,
2026-09-04T16,66,2,0.303,0.303,0.3,0.3,4,3102396,750954,0,
2026-09-04T16,66,3,0.302,0.302,0.3,0.3,15,15055050,11890450,195028,
2026-09-04T16,66,4,0.302,0.315,0.302,0.315,6,2010812,2010812,486594,
2026-09-04T16,66,5,0.319,0.319,0.314,0.314,12,18365918,10683549,0,
2026-09-04T16,66,6,0.32,0.358,0.32,0.358,3,16794245,5152057,0,
2026-09-04T16,66,7,0.4,0.4,0.4,0.4,5,4218252,1099274,0,
2026-09-04T16,66,8,0.6,0.6,0.6,0.6,10,18827288,139199,0,
2026-09-04T16,66,10,0.78,0.78,0.78,0.78,4,3140000,3040000,0,
2026-09-04T16,66,12,0.69,0.69,0.69,0.69,2,2599048,2599048,0,
2026-09-04T16,67,0,11.8,11.8,11.8,11.8,15,206063,165182,0,
2026-09-04T16,67,1,13.2,13.2,13.2,13.2,3,160804,160804,0,
2026-09-04T16,67,2,12.4,12.4,12.3,12.3,6,143270,13987,0,
2026-09-04T16,67,3,13.4,13.4,13.4,13.4,6,29612,29492,0,
2026-09-04T16,67,4,17.0,17.0,17.0,17.0,11,1100,900,0,
2026-09-04T16,67,7,19.0,19.0,19.0,19.0,1,47112,47112,0,
2026-09-04T16,68,0,31.5,31.5,31.25,31.5,35,373331,339877,786,
2026-09-04T16,68,1,32.5,32.75,32.5,32.75,12,98770,67070,236,
2026-09-04T16,68,2,33.5,33.5,33.25,33.25,10,121005,46242,0,
2026-09-04T16,68,3,33.5,33.5,33.5,33.5,9,350308,224990,0,
2026-09-04T16,68,4,34.0,34.0,34.0,34.0,6,1284555,267205,0,
2026-09-04T16,68,5,36.5,36.5,36.5,36.5,5,49195,49195,0,
2026-09-04T16,68,6,36.75,36.75,36.75,36.75,5,204326,204326,0,
2026-09-04T16,68,10,38.0,38.0,38.0,38.0,4,300120,300120,0,
2026-09-04T16,69,0,6475.0,6475.0,6400.0,6400.0,39,3848,2982,1,
2026-09-04T16,69,1,6600.0,6600.0,6500.0,6500.0,8,365,365,0,
2026-09-04T16,69,2,6525.0,6525.0,6475.0,6475.0,23,4263,3021,184,
2026-09-04T16,69,3,6575.0,6575.0,6525.0,6525.0,33,5574,5320,137,
2026-09-04T16,69,4,6750.0,6750.0,6725.0,6725.0,16,7554,6661,20,
2026-09-04T16,69,5,6775.0,6775.0,6775.0,6775.0,9,3520,3520,0,
2026-09-04T16,69,6,7000.0,7000.0,7000.0,7000.0,6,846,846,0,
2026-09-04T16,69,7,7400.0,7400.0,7400.0,7400.0,12,5709,5709,14,
2026-09-04T16,69,8,7775.0,7775.0,7775.0,7775.0,1,200,200,0,
2026-09-04T16,69,9,7775.0,7775.0,7775.0,7775.0,2,300,300,0,
2026-09-04T16,69,10,7825.0,7825.0,7825.0,7825.0,3,294,200,0,
2026-09-04T16,69,11,8150.0,8150.0,8150.0,8150.0,3,208,208,0,
2026-09-04T16,69,12,12500.0,12500.0,12500.0,12500.0,1,5,5,0,
2026-09-04T16,70,0,805.0,805.0,750.0,805.0,10,3904,3725,0,
2026-09-04T16,70,1,810.0,810.0,810.0,810.0,2,620,620,0,
2026-09-04T16,70,2,805.0,805.0,805.0,805.0,8,5757,5757,10,
2026-09-04T16,70,3,810.0,820.0,800.0,820.0,7,6140,3900,0,
2026-09-04T16,70,4,820.0,820.0,820.0,820.0,6,10366,9366,0,
2026-09-04T16,70,5,815.0,815.0,805.0,805.0,38,5280,2036,0,
2026-09-04T16,70,7,1280.0,1280.0,1280.0,1280.0,1,106,106,0,
2026-09-04T16,70,10,1140.0,1140.0,1140.0,1140.0,3,497,7,0,
2026-09-04T16,71,0,1580.0,1590.0,1560.0,1590.0,6,2207,2203,0,
2026-09-04T16,71,1,1590.0,1590.0,1590.0,1590.0,4,963,963,0,
2026-09-04T16,71,2,1580.0,1580.0,1560.0,1560.0,15,8661,4557,18,
2026-09-04T16,71,3,1580.0,1580.0,1570.0,1570.0,12,14254,10224,0,
2026-09-04T16,71,4,1610.0,1610.0,1610.0,1610.0,14,34799,34799,0,
2026-09-04T16,71,5,1660.0,1660.0,1660.0,1660.0,2,1120,1120,0,
2026-09-04T16,71,6,1670.0,1670.0,1670.0,1670.0,8,11284,11284,0,
2026-09-04T16,71,7,1980.0,1980.0,1980.0,1980.0,13,1184,884,0,
2026-09-04T16,72,0,1.57,1.69,1.57,1.69,59,1396292,1179137,87417,
2026-09-04T16,72,1,1.79,1.79,1.73,1.73,9,6390935,606183,0,
2026-09-04T16,72,2,1.8,1.8,1.74,1.8,12,2708871,2708871,0,
2026-09-04T16,72,3,1.75,1.75,1.74,1.74,18,3738456,2464031,98536,
2026-09-04T16,72,4,1.9,1.9,1.9,1.9,11,6767111,3851475,0,
2026-09-04T16,72,5,2.4,2.4,2.4,2.4,2,930536,550340,11144,
2026-09-04T16,72,6,2.45,2.45,2.45,2.45,5,876194,786322,0,
2026-09-04T16,72,9,3.85,3.85,3.85,3.85,1,406399,406399,0,
2026-09-04T16,72,10,3.9,3.9,3.9,3.9,3,49998,49998,0,
2026-09-04T16,73,0,27.0,27.5,26.0,27.5,75,261976,257043,11565,
2026-09-04T16,73,1,27.75,28.0,27.5,27.75,16,334338,184775,0,
2026-09-04T16,73,2,27.5,28.0,27.5,27.75,29,516513,346705,13661,
2026-09-04T16,73,3,28.75,28.75,28.0,28.0,21,1039854,232199,18303,
2026-09-04T16,73,4,29.75,29.75,29.75,29.75,13,454494,352134,0,
2026-09-04T16,73,5,30.0,30.0,29.75,29.75,15,327002,72905,0,
2026-09-04T16,73,6,34.0,34.0,34.0,34.0,4,95032,95032,0,
2026-09-04T16,73,7,34.0,34.0,34.0,34.0,6,114549,114549,0,
2026-09-04T16,73,10,34.0,34.0,34.0,34.0,5,185109,185109,0,
2026-09-04T16,74,0,21.0,21.0,19.8,19.8,25,234359,5972,100,
2026-09-04T16,74,1,22.25,22.75,22.25,22.75,7,52330,52330,0,
2026-09-04T16,74,2,23.0,23.0,23.0,23.0,5,282346,272699,0,
2026-09-04T16,74,3,23.5,23.5,23.25,23.25,6,189199,161274,0,
2026-09-04T16,74,4,23.5,23.5,23.5,23.5,2,59190,59190,0,
2026-09-04T16,74,5,23.75,23.75,23.75,23.75,6,544643,136477,0,
2026-09-04T16,74,6,25.0,25.0,25.0,25.0,1,71809,71809,0,
2026-09-04T16,74,7,24.0,24.0,24.0,24.0,3,184727,184727,0,
2026-09-04T16,74,9,30.0,30.0,30.0,30.0,1,22302,22302,0,
2026-09-04T16,74,10,33.0,33.0,33.0,33.0,1,13337,13337,0,
2026-09-04T16,74,12,40.0,40.0,40.0,40.0,1,499,499,0,
2026-09-04T16,75,0,6.2,6.3,6.1,6.2,12,1372457,1046139,0,
2026-09-04T16,75,1,6.4,6.4,6.3,6.3,10,2951101,566903,0,
2026-09-04T16,75,2,6.5,6.5,6.5,6.5,9,2360691,2360685,61918,
2026-09-04T16,75,3,6.6,6.6,6.4,6.5,18,7189207,4778152,194303,
2026-09-04T16,75,4,6.6,6.7,6.6,6.6,11,1716918,800664,0,
2026-09-04T16,75,5,6.8,6.8,6.8,6.8,4,1761207,1761207,0,
2026-09-04T16,75,6,6.9,6.9,6.9,6.9,2,437840,387840,0,
2026-09-04T16,75,7,7.0,7.0,7.0,7.0,1,500000,500000,0,
2026-09-04T16,75,8,6.7,6.7,6.7,6.7,6,5939450,209442,236272,
2026-09-04T16,75,9,7.8,7.8,7.8,7.8,1,833075,833075,0,
2026-09-04T16,75,10,7.9,7.9,7.9,7.9,2,2975401,500000,0,
2026-09-04T16,75,11,8.8,8.8,8.8,8.8,1,231388,231388,0,
2026-09-04T16,76,0,59.5,59.5,59.5,59.5,18,79107,52920,0,
2026-09-04T16,76,1,62.0,62.0,62.0,62.0,3,31410,31410,0,
2026-09-04T16,76,2,61.0,61.5,61.0,61.5,9,133086,120404,37330,
2026-09-04T16,76,3,63.0,63.0,62.0,62.0,12,408728,309798,0,
2026-09-04T16,76,4,64.0,64.0,62.5,62.5,16,290379,225340,4130,
2026-09-04T16,76,5,66.0,66.0,66.0,66.0,4,142995,142995,30,
2026-09-04T16,76,6,67.5,67.5,67.5,67.5,6,779840,779840,38,
2026-09-04T16,76,7,67.0,68.0,67.0,68.0,6,137934,137934,0,
2026-09-04T16,76,8,73.5,73.5,73.5,73.5,3,50002,50002,0,
2026-09-04T16,76,9,91.0,91.0,91.0,91.0,4,172666,172666,0,
2026-09-04T16,76,10,99.5,99.5,99.5,99.5,2,21000,21000,0,
2026-09-04T16,76,11,111.0,111.0,111.0,111.0,1,5000,5000,0,
2026-09-04T16,76,12,111.0,111.0,111.0,111.0,2,2799,2799,0,
2026-09-04T16,77,0,2590.0,2590.0,2560.0,2560.0,23,3169,1921,0,
2026-09-04T16,77,1,2680.0,2680.0,2680.0,2680.0,16,1144,1144,0,
2026-09-04T16,77,2,2810.0,2810.0,2810.0,2810.0,3,499,499,23,
2026-09-04T16,77,3,2800.0,2820.0,2800.0,2820.0,3,2532,391,91,
2026-09-04T16,77,4,2810.0,2840.0,2810.0,2840.0,4,4456,4456,0,
2026-09-04T16,77,5,2820.0,2840.0,2820.0,2840.0,8,7280,7280,9,
2026-09-04T16,77,6,2880.0,2880.0,2880.0,2880.0,5,1560,1560,0,
2026-09-04T16,77,7,2880.0,2900.0,2880.0,2900.0,5,6144,100,0,
2026-09-04T16,77,8,2880.0,2900.0,2880.0,2900.0,8,17645,8713,0,
2026-09-04T16,77,9,3490.0,3490.0,3490.0,3490.0,2,5565,5565,0,
2026-09-04T16,77,10,3660.0,3660.0,3660.0,3660.0,2,508,508,0,
2026-09-04T16,77,11,3800.0,3800.0,3800.0,3800.0,2,7,5,0,
2026-09-04T16,77,12,5250.0,5250.0,5250.0,5250.0,1,99,99,0,
2026-09-04T16,78,0,1840.0,1840.0,1830.0,1840.0,24,6770,2049,0,
2026-09-04T16,78,1,1950.0,1950.0,1950.0,1950.0,15,3399,621,0,
2026-09-04T16,78,2,2080.0,2090.0,2080.0,2090.0,11,2173,2093,37,
2026-09-04T16,78,3,2130.0,2130.0,2130.0,2130.0,6,4842,4489,100,
2026-09-04T16,78,4,1830.0,2140.0,1830.0,2140.0,5,5143,5143,0,
2026-09-04T16,78,5,2380.0,2380.0,2380.0,2380.0,4,2657,2657,386,
2026-09-04T16,78,6,2380.0,2400.0,2380.0,2400.0,3,721,721,0,
2026-09-04T16,78,7,2380.0,2390.0,2380.0,2390.0,13,2329,2329,0,
2026-09-04T16,78,8,2450.0,2450.0,2450.0,2450.0,15,1290,1240,0,
2026-09-04T16,78,9,2550.0,2550.0,2550.0,2550.0,20,1936,936,0,
2026-09-04T16,78,10,2640.0,2640.0,2640.0,2640.0,11,1013,563,0,
2026-09-04T16,78,11,2690.0,2690.0,2690.0,2690.0,5,702,502,0,
2026-09-04T16,79,0,870.0,890.0,860.0,890.0,4,80,79,74,
2026-09-04T16,79,1,890.0,895.0,890.0,895.0,1,2376,2376,278,
2026-09-04T16,79,2,895.0,895.0,895.0,895.0,3,5438,5438,1656,
2026-09-04T16,79,3,895.0,900.0,895.0,900.0,7,8463,8463,0,
2026-09-04T16,79,4,905.0,905.0,905.0,905.0,8,14819,14819,160,
2026-09-04T16,79,5,920.0,920.0,915.0,915.0,5,8514,8514,0,
2026-09-04T16,79,6,925.0,925.0,925.0,925.0,7,13159,11925,0,
2026-09-04T16,79,7,940.0,940.0,940.0,940.0,9,23384,22384,0,
2026-09-04T16,79,8,950.0,950.0,950.0,950.0,9,34436,28815,0,
2026-09-04T16,79,9,1030.0,1030.0,1030.0,1030.0,5,14921,13921,0,
2026-09-04T16,79,10,1030.0,1030.0,1030.0,1030.0,9,8100,4100,0,
2026-09-04T16,79,11,1210.0,1210.0,1210.0,1210.0,5,2050,1050,0,
2026-09-04T16,79,12,1490.0,1490.0,1490.0,1490.0,2,125,125,0,
2026-09-04T16,80,0,4460.0,4460.0,4460.0,4460.0,8,148,148,0,
2026-09-04T16,80,1,4960.0,4960.0,4960.0,4960.0,1,35,35,1,
2026-09-04T16,80,2,4970.0,4970.0,4960.0,4960.0,3,484,484,20,
2026-09-04T16,80,3,4980.0,4980.0,4980.0,4980.0,4,263,263,0,
2026-09-04T16,80,4,4990.0,5000.0,4990.0,5000.0,3,715,715,68,
2026-09-04T16,80,5,5025.0,5025.0,5025.0,5025.0,8,2302,2302,0,
2026-09-04T16,80,6,5550.0,5550.0,5550.0,5550.0,6,2898,466,0,
2026-09-04T16,80,7,5600.0,5600.0,5600.0,5600.0,4,1788,250,0,
2026-09-04T16,80,8,6400.0,6400.0,6400.0,6400.0,1,148,148,0,
2026-09-04T16,80,9,8375.0,8375.0,8375.0,8375.0,3,188,188,0,
2026-09-04T16,80,10,8500.0,8500.0,8500.0,8500.0,1,81,81,0,
2026-09-04T16,81,0,5150.0,5150.0,5125.0,5125.0,4,195,195,0,
2026-09-04T16,81,1,5250.0,5250.0,5250.0,5250.0,2,224,224,0,
2026-09-04T16,81,2,5200.0,5200.0,5200.0,5200.0,11,1557,1056,7,
2026-09-04T16,81,3,5350.0,5375.0,5350.0,5375.0,5,1014,632,100,
2026-09-04T16,81,4,5425.0,5425.0,5425.0,5425.0,6,2283,1520,10,
2026-09-04T16,81,5,5800.0,5800.0,5800.0,5800.0,3,1984,1984,0,
2026-09-04T16,81,6,5825.0,5825.0,5825.0,5825.0,4,1134,1034,0,
2026-09-04T16,81,7,5975.0,5975.0,5975.0,5975.0,8,1766,1766,0,
2026-09-04T16,81,8,6225.0,6225.0,6225.0,6225.0,5,2457,2457,0,
2026-09-04T16,81,9,6450.0,6450.0,6450.0,6450.0,1,1000,1000,0,
2026-09-04T16,81,10,6600.0,6600.0,6600.0,6600.0,1,900,900,0,
2026-09-04T16,81,11,6800.0,6800.0,6800.0,6800.0,3,1000,998,0,
2026-09-04T16,82,0,1510.0,1510.0,1510.0,1510.0,2,379,379,0,
2026-09-04T16,82,1,1530.0,1530.0,1530.0,1530.0,2,848,848,0,
2026-09-04T16,82,2,1520.0,1520.0,1510.0,1510.0,10,8532,6273,56,
2026-09-04T16,82,3,1560.0,1560.0,1560.0,1560.0,12,4175,3447,0,
2026-09-04T16,82,4,1650.0,1650.0,1650.0,1650.0,8,2987,2987,192,
2026-09-04T16,82,5,1710.0,1710.0,1710.0,1710.0,9,12920,12399,0,
2026-09-04T16,82,6,1820.0,1820.0,1820.0,1820.0,1,4255,4255,0,
2026-09-04T16,82,7,1900.0,1900.0,1900.0,1900.0,5,4116,4116,0,
2026-09-04T16,82,8,2000.0,2000.0,2000.0,2000.0,1,250,250,0,
2026-09-04T16,82,9,2050.0,2050.0,2050.0,2050.0,2,1250,1250,0,
2026-09-04T16,82,10,2300.0,2300.0,2300.0,2300.0,1,250,250,0,
2026-09-04T16,83,0,30.0,30.25,29.25,29.25,25,202051,7275,0,
2026-09-04T16,83,1,32.25,32.25,32.25,32.25,7,47327,11494,500,
2026-09-04T16,83,2,33.25,33.25,33.25,33.25,13,100189,44948,1051,
2026-09-04T16,83,3,33.75,34.0,33.75,34.0,10,171483,161883,3490,
2026-09-04T16,83,4,36.0,36.0,35.75,35.75,6,84935,84935,3490,
2026-09-04T16,83,5,36.5,36.5,36.5,36.5,5,182838,177838,0,
2026-09-04T16,83,6,45.0,45.0,45.0,45.0,1,5000,5000,0,
2026-09-04T16,83,7,37.0,37.0,37.0,37.0,2,41169,40000,0,
2026-09-04T16,83,8,41.0,41.0,41.0,41.0,2,20552,20552,0,
2026-09-04T16,83,9,41.0,41.0,41.0,41.0,3,71701,71701,0,
2026-09-04T16,83,11,45.0,45.0,45.0,45.0,1,34899,34899,0,
2026-09-04T16,84,0,8900.0,8900.0,8875.0,8900.0,12,562,311,0,
2026-09-04T16,84,1,9075.0,9100.0,9075.0,9100.0,13,1093,985,58,
2026-09-04T16,84,2,10000.0,10000.0,10000.0,10000.0,4,464,464,0,
2026-09-04T16,84,3,9900.0,9975.0,9900.0,9975.0,3,313,313,22,
2026-09-04T16,84,4,9975.0,10100.0,9975.0,10100.0,4,6665,6665,185,
2026-09-04T16,84,5,10400.0,10400.0,10400.0,10400.0,3,415,415,0,
2026-09-04T16,84,6,10500.0,10500.0,10500.0,10500.0,6,1273,873,0,
2026-09-04T16,84,7,11100.0,11100.0,11100.0,11100.0,3,233,233,0,
2026-09-04T16,84,8,12300.0,12300.0,12300.0,12300.0,1,183,183,0,
2026-09-04T16,84,9,12500.0,12500.0,12500.0,12500.0,1,910,910,0,
2026-09-04T16,84,10,17000.0,17000.0,17000.0,17000.0,1,25,25,0,
2026-09-04T16,85,0,7425.0,7425.0,7425.0,7425.0,3,100,93,0,
2026-09-04T16,85,1,7775.0,7775.0,7750.0,7750.0,8,245,245,0,
2026-09-04T16,85,2,8000.0,8000.0,8000.0,8000.0,8,749,745,0,
2026-09-04T16,85,3,8150.0,8150.0,8150.0,8150.0,5,1895,1895,0,
2026-09-04T16,85,4,9300.0,9300.0,9100.0,9100.0,13,2026,1286,0,
2026-09-04T16,85,5,9900.0,9900.0,9700.0,9700.0,2,506,506,0,
2026-09-04T16,85,6,9800.0,9800.0,9800.0,9800.0,5,1555,1555,0,
2026-09-04T16,85,7,11200.0,11200.0,11200.0,11200.0,1,2,2,0,
2026-09-04T16,85,8,12000.0,12000.0,12000.0,12000.0,2,2,2,0,
2026-09-04T16,85,9,14000.0,14000.0,14000.0,14000.0,1,1,1,0,
2026-09-04T16,85,10,16000.0,16000.0,16000.0,16000.0,1,9,9,0,
2026-09-04T16,86,0,10300.0,10300.0,10300.0,10300.0,8,156,156,0,
2026-09-04T16,86,1,10400.0,10400.0,10400.0,10400.0,2,13,13,0,
2026-09-04T16,86,2,10400.0,10400.0,10400.0,10400.0,8,397,397,0,
2026-09-04T16,86,3,10500.0,10500.0,10500.0,10500.0,7,1285,1285,0,
2026-09-04T16,86,4,10600.0,10600.0,10600.0,10600.0,6,603,434,0,
2026-09-04T16,86,5,10900.0,10900.0,10900.0,10900.0,9,1621,1541,0,
2026-09-04T16,86,6,11200.0,11200.0,11200.0,11200.0,3,534,534,0,
2026-09-04T16,86,7,12300.0,12300.0,12300.0,12300.0,1,396,396,0,
2026-09-04T16,86,8,13400.0,13400.0,13400.0,13400.0,8,830,620,0,
2026-09-04T16,86,9,12000.0,12000.0,12000.0,12000.0,11,199,40,0,
2026-09-04T16,86,10,19800.0,19800.0,19800.0,19800.0,1,9,9,0,
2026-09-04T16,87,0,525.0,525.0,520.0,520.0,,,,0,
2026-09-04T16,87,1,555.0,555.0,555.0,555.0,2,1755,1755,0,
2026-09-04T16,87,2,525.0,525.0,520.0,520.0,9,5614,1427,0,
2026-09-04T16,87,3,625.0,630.0,625.0,630.0,2,45,45,0,
2026-09-04T16,87,4,640.0,640.0,640.0,640.0,5,2026,2026,0,
2026-09-04T16,87,5,630.0,630.0,630.0,630.0,10,15971,12159,410,
2026-09-04T16,87,6,665.0,665.0,665.0,665.0,1,1377,1377,0,
2026-09-04T16,87,7,655.0,655.0,655.0,655.0,1,725,725,0,
2026-09-04T16,87,9,900.0,900.0,900.0,900.0,3,109,50,0,
2026-09-04T16,88,0,10600.0,10600.0,10500.0,10500.0,27,1021,297,0,
2026-09-04T16,88,1,11000.0,11000.0,11000.0,11000.0,2,148,148,0,
2026-09-04T16,88,2,11400.0,11400.0,11400.0,11400.0,2,112,112,0,
2026-09-04T16,88,3,11100.0,11400.0,11100.0,11400.0,4,265,265,3,
2026-09-04T16,88,4,11300.0,11400.0,11300.0,11400.0,3,303,303,0,
2026-09-04T16,88,5,11500.0,11500.0,11500.0,11500.0,6,581,581,0,
2026-09-04T16,88,6,13200.0,13200.0,13200.0,13200.0,2,196,196,0,
2026-09-04T16,88,7,13400.0,13400.0,13400.0,13400.0,1,100,100,0,
2026-09-04T16,88,9,13900.0,13900.0,13900.0,13900.0,1,13,13,0,
2026-09-04T16,88,10,14500.0,14500.0,14400.0,14400.0,3,354,354,0,
2026-09-04T16,89,0,4400.0,4400.0,4400.0,4400.0,9,575,231,0,
2026-09-04T16,89,1,4420.0,4420.0,4420.0,4420.0,5,1130,313,0,
2026-09-04T16,89,2,4460.0,4460.0,4460.0,4460.0,9,1180,1180,10,
2026-09-04T16,89,3,4700.0,4700.0,4690.0,4690.0,10,1043,967,0,
2026-09-04T16,89,4,4780.0,4780.0,4780.0,4780.0,9,3535,2614,0,
2026-09-04T16,89,5,5325.0,5325.0,5325.0,5325.0,4,3545,3545,22,
2026-09-04T16,89,6,5575.0,5575.0,5575.0,5575.0,1,160,160,0,
2026-09-04T16,89,7,5525.0,5525.0,5525.0,5525.0,5,2202,2202,0,
2026-09-04T16,89,8,5650.0,5650.0,5650.0,5650.0,2,202,202,0,
2026-09-04T16,89,9,5800.0,5800.0,5800.0,5800.0,3,47,22,0,
2026-09-04T16,89,10,5950.0,5950.0,5950.0,5950.0,4,701,302,0,
2026-09-04T16,89,11,6200.0,6200.0,6200.0,6200.0,1,2,2,0,
2026-09-04T16,98,0,860.0,860.0,860.0,860.0,4,3334,2334,0,
2026-09-04T16,98,1,865.0,865.0,865.0,865.0,1,242,242,0,
2026-09-04T16,98,2,870.0,875.0,870.0,875.0,2,8217,8217,0,
2026-09-04T16,98,3,870.0,880.0,870.0,875.0,9,4007,4005,0,
2026-09-04T16,98,4,895.0,895.0,890.0,890.0,5,3251,3251,0,
2026-09-04T16,98,5,915.0,915.0,915.0,915.0,3,2935,2935,0,
2026-09-04T16,98,6,945.0,945.0,945.0,945.0,4,5060,5060,0,
2026-09-04T16,98,7,945.0,945.0,945.0,945.0,2,9500,9500,0,
2026-09-04T16,98,8,965.0,965.0,965.0,965.0,1,5000,5000,0,
2026-09-04T16,100,0,111.0,111.0,110.0,111.0,24,2986604,1409340,5200,
2026-09-04T16,101,0,200.0,200.0,194.0,198.0,40,62246,40801,2499,
2026-09-04T16,101,1,200.0,200.0,200.0,200.0,15,89285,57945,0,
2026-09-04T16,101,2,200.0,200.0,199.0,199.0,6,68627,68617,0,
2026-09-04T16,101,3,200.0,200.0,199.0,200.0,19,131712,128624,0,
2026-09-04T16,101,4,200.0,200.0,200.0,200.0,4,36314,36308,3956,
2026-09-04T16,101,5,202.0,202.0,200.0,200.0,5,18710,18710,0,
2026-09-04T16,102,0,2.55,2.65,2.55,2.65,23,499447,91783,0,
2026-09-04T16,102,1,2.65,2.65,2.65,2.65,12,634531,139788,0,
2026-09-04T16,102,2,2.65,2.65,2.65,2.65,8,908161,100561,352417,
2026-09-04T16,102,3,2.7,2.7,2.7,2.7,18,3510526,2048907,8800,
2026-09-04T16,102,4,2.85,2.85,2.85,2.85,9,5464486,2003647,0,
2026-09-04T16,102,5,2.95,2.95,2.95,2.95,2,5238673,5238673,0,
2026-09-04T16,102,6,3.15,3.15,3.15,3.15,2,968728,968728,0,
2026-09-04T16,102,7,3.25,3.25,3.25,3.25,1,100000,100000,0,
2026-09-04T16,102,8,3.3,3.3,3.3,3.3,1,96895,96895,0,
2026-09-04T16,102,10,3.5,3.5,3.5,3.5,1,3000000,3000000,0,
2026-09-04T16,102,11,3.5,3.5,3.45,3.45,5,950000,599755,0,
2026-09-04T16,103,0,6.5,6.8,6.5,6.7,14,332706,189006,24470,
2026-09-04T16,103,1,7.0,7.0,6.9,6.9,2,42525,42525,0,
2026-09-04T16,103,2,6.9,7.0,6.9,7.0,4,59319,57319,0,
2026-09-04T16,103,3,7.2,7.2,6.8,7.1,5,1598095,1106894,165841,
2026-09-04T16,103,4,7.5,7.5,7.5,7.5,2,489766,489766,0,
2026-09-04T16,103,5,8.0,8.0,8.0,8.0,1,600000,600000,0,
2026-09-04T16,103,6,7.8,7.8,7.8,7.8,1,211731,211731,0,
2026-09-04T16,103,8,8.7,8.7,8.7,8.7,1,66171,66171,0,
2026-09-04T16,103,9,8.7,8.7,8.7,8.7,4,510381,487289,0,
2026-09-04T16,103,10,8.0,8.0,8.0,8.0,1,1943019,1943019,0,
2026-09-04T16,103,11,9.9,9.9,9.9,9.9,3,48069,48069,0,
2026-09-04T16,104,0,1.0,1.0,0.995,1.0,10,1578348,1550267,0,
2026-09-04T16,104,1,1.09,1.09,1.09,1.09,3,2267363,2267363,0,
2026-09-04T16,104,2,1.0,1.0,1.0,1.0,1,205068,205068,193932,
2026-09-04T16,104,3,1.1,1.1,1.1,1.1,5,1430726,1301566,0,
2026-09-04T16,104,4,1.4,1.4,1.4,1.4,1,195555,195555,0,
2026-09-04T16,104,5,1.48,1.48,1.48,1.48,2,1000649,1000649,0,
2026-09-04T16,104,9,1.5,1.5,1.5,1.5,1,100000,100000,0,
2026-09-04T16,105,0,1.54,1.58,1.52,1.57,14,1127920,1101895,248772,
2026-09-04T16,105,1,1.57,1.67,1.57,1.67,1,105849,105849,1203,
2026-09-04T16,105,2,1.58,1.61,1.58,1.61,7,2799205,486278,0,
2026-09-04T16,105,3,1.78,1.78,1.78,1.78,6,3171945,3171945,0,
2026-09-04T16,105,4,1.79,1.79,1.79,1.79,3,710432,367960,0,
2026-09-04T16,105,5,1.8,1.8,1.8,1.8,3,2601756,2581756,0,
2026-09-04T16,105,6,1.88,1.88,1.88,1.88,2,54549,54549,0,
2026-09-04T16,105,7,2.65,2.65,2.65,2.65,1,3999,3999,0,
2026-09-04T16,105,10,3.3,3.3,3.3,3.3,1,526000,526000,0,
2026-09-04T16,106,0,4.25,4.55,4.25,4.55,32,402243,88421,6523,
2026-09-04T16,106,1,4.7,4.7,4.65,4.65,7,2560316,507124,0,
2026-09-04T16,106,2,4.8,4.8,4.7,4.75,7,646717,646717,162,
2026-09-04T16,106,3,4.9,4.9,4.9,4.9,5,613359,613359,0,
2026-09-04T16,106,4,5.6,5.6,5.6,5.6,2,12490,12490,0,
2026-09-04T16,106,5,5.7,5.7,5.7,5.7,2,2520247,2520247,0,
2026-09-04T16,106,6,5.8,5.8,5.8,5.8,1,2995,2995,0,
2026-09-04T16,107,0,20.25,20.75,20.0,20.0,16,139459,18707,0,
2026-09-04T16,107,1,20.5,20.5,20.5,20.5,12,63158,10743,0,
2026-09-04T16,107,2,20.5,20.5,20.5,20.5,10,182388,18911,41129,
2026-09-04T16,107,3,21.75,21.75,20.25,20.25,12,1421122,3357,0,
2026-09-04T16,107,4,20.75,20.75,20.75,20.75,9,432823,16017,0,
2026-09-04T16,107,5,40.0,40.0,40.0,40.0,1,3306,3306,0,
2026-09-04T16,107,6,21.0,21.0,21.0,21.0,4,227857,98651,0,
2026-09-04T16,108,0,9.8,10.2,9.7,10.0,25,211917,185430,17624,
2026-09-04T16,108,1,9.8,10.1,9.8,10.1,14,475017,264748,0,
2026-09-04T16,108,2,10.1,10.1,10.1,10.1,9,228554,213082,0,
2026-09-04T16,108,3,9.8,10.2,9.8,10.1,6,538027,538027,51424,
2026-09-04T16,108,4,10.1,10.2,10.1,10.2,9,718489,645013,0,
2026-09-04T16,108,5,11.0,11.0,11.0,11.0,1,10000,10000,0,
2026-09-04T16,108,6,11.0,11.0,11.0,11.0,1,200000,200000,0,
2026-09-04T16,108,7,11.0,11.0,11.0,11.0,1,163818,163818,0,
2026-09-04T16,109,0,112.0,112.0,106.0,109.0,4,12780,12780,0,
2026-09-04T16,109,1,112.0,112.0,111.0,111.0,3,75753,16672,0,
2026-09-04T16,109,2,112.0,112.0,110.0,110.0,3,11574,11574,7571,
2026-09-04T16,109,3,114.0,114.0,111.0,111.0,6,186713,186707,1056,
2026-09-04T16,109,4,115.0,115.0,113.0,113.0,4,61149,42609,0,
2026-09-04T16,109,5,119.0,119.0,119.0,119.0,3,9722,9722,0,
2026-09-04T16,109,6,120.0,120.0,120.0,120.0,1,10,10,0,
2026-09-04T16,110,0,199.0,200.0,197.0,199.0,9,23223,3124,0,
2026-09-04T16,110,1,202.0,202.0,202.0,202.0,1,9000,9000,0,
2026-09-04T16,110,2,199.0,199.0,198.0,198.0,5,21534,21534,8063,
2026-09-04T16,110,3,199.0,230.0,199.0,230.0,1,61068,61068,672,
2026-09-04T16,110,4,200.0,200.0,200.0,200.0,1,26448,26448,0,
2026-09-04T16,110,5,202.0,202.0,202.0,202.0,5,150000,50000,0,
2026-09-04T16,111,0,2560.0,2600.0,2550.0,2580.0,165,159953,147541,5134,
2026-09-04T16,112,0,2190.0,2220.0,2190.0,2220.0,6,446,446,0,
2026-09-04T16,112,1,2220.0,2220.0,2220.0,2220.0,3,1350,1350,0,
2026-09-04T16,112,2,2200.0,2220.0,2200.0,2220.0,1,500,500,551,
2026-09-04T16,112,3,2220.0,2220.0,2220.0,2220.0,8,7162,7161,52,
2026-09-04T16,112,4,2460.0,2460.0,2460.0,2460.0,1,300,300,0,
2026-09-04T16,113,0,122.0,124.0,121.0,123.0,40,721455,76239,30897,
2026-09-04T16,114,0,650.0,660.0,645.0,650.0,40,174522,4250,66,
2026-09-04T16,114,1,905.0,905.0,900.0,905.0,8,4798,4685,67,
2026-09-04T16,114,2,930.0,930.0,930.0,930.0,4,3184,3037,0,
2026-09-04T16,114,3,925.0,925.0,925.0,925.0,14,5943,5067,0,
2026-09-04T16,114,4,925.0,925.0,920.0,920.0,16,18399,11288,330,
2026-09-04T16,114,5,935.0,935.0,910.0,910.0,11,6414,4096,0,
2026-09-04T16,114,6,980.0,980.0,980.0,980.0,4,5962,5887,0,
2026-09-04T16,114,7,1060.0,1060.0,1060.0,1060.0,9,3482,2243,0,
2026-09-04T16,114,8,1530.0,1530.0,1530.0,1530.0,1,400,400,0,
2026-09-04T16,114,9,1840.0,1840.0,1840.0,1840.0,3,292,292,0,
2026-09-04T16,114,10,2490.0,2490.0,2490.0,2490.0,2,582,582,0,
2026-09-04T16,115,0,126.0,130.0,126.0,128.0,129,86195,69740,802,
2026-09-04T16,115,1,128.0,133.0,128.0,131.0,22,83730,20383,0,
2026-09-04T16,115,2,136.0,137.0,135.0,137.0,15,61242,39744,2275,
2026-09-04T16,115,3,143.0,143.0,143.0,143.0,13,73285,71423,3580,
2026-09-04T16,115,4,144.0,144.0,144.0,144.0,12,50792,11232,0,
2026-09-04T16,115,5,153.0,153.0,153.0,153.0,9,126452,126452,0,
2026-09-04T16,115,6,156.0,156.0,156.0,156.0,5,88297,88297,0,
2026-09-04T16,115,7,160.0,160.0,160.0,160.0,1,8015,8015,0,
2026-09-04T16,116,0,39.25,39.25,39.0,39.0,91,234969,121508,2222,
2026-09-04T16,116,1,40.5,40.5,40.5,40.5,16,78020,16721,0,
2026-09-04T16,116,2,41.5,41.5,41.5,41.5,20,133655,41327,1594,
2026-09-04T16,116,3,46.25,46.25,46.25,46.25,6,118204,114138,0,
2026-09-04T16,116,4,47.0,47.0,47.0,47.0,4,35244,2000,0,
2026-09-04T16,116,5,55.5,55.5,55.5,55.5,2,79781,79781,0,
2026-09-04T16,116,6,59.5,59.5,59.5,59.5,3,939,519,0,
2026-09-04T16,117,0,7.1,7.3,7.1,7.1,124,911275,56734,11091,
2026-09-04T16,117,1,7.5,7.6,7.4,7.4,26,471937,78489,600,
2026-09-04T16,117,2,8.0,8.0,7.8,7.8,27,1262178,118283,10000,
2026-09-04T16,117,3,8.9,8.9,8.9,8.9,22,608910,319148,0,
2026-09-04T16,117,4,10.7,10.7,10.5,10.5,6,1392535,1392535,0,
2026-09-04T16,117,5,11.3,11.3,11.3,11.3,4,273632,173632,0,
2026-09-04T16,117,6,12.0,12.0,12.0,12.0,2,694173,30000,0,
2026-09-04T16,117,7,12.8,12.8,12.8,12.8,4,650138,650138,0,
2026-09-04T16,117,8,12.8,12.8,12.8,12.8,6,1734879,394333,25300,
2026-09-04T16,117,9,14.7,14.7,14.7,14.7,3,284124,284124,0,
2026-09-04T16,117,10,14.9,14.9,14.9,14.9,7,531983,100000,0,
2026-09-04T16,117,11,16.0,16.0,16.0,16.0,5,38499,5999,0,
2026-09-04T16,117,12,18.7,18.7,18.7,18.7,2,56349,56349,0,
2026-09-04T16,118,0,0.77,0.825,0.76,0.82,58,2615755,556592,9882,
2026-09-04T16,118,1,0.96,0.96,0.935,0.935,19,1414580,175306,0,
2026-09-04T16,118,2,0.965,0.965,0.965,0.965,20,1366678,1033002,0,
2026-09-04T16,118,3,0.995,0.995,0.995,0.995,11,2186426,594261,0,
2026-09-04T16,118,4,1.1,1.1,1.09,1.09,8,42865931,42725064,0,
2026-09-04T16,118,5,1.2,1.2,1.2,1.2,6,2527194,1046551,0,
2026-09-04T16,118,6,1.49,1.49,1.38,1.38,4,1921669,300000,0,
2026-09-04T16,118,8,1.86,1.86,1.86,1.86,1,10,10,0,
2026-09-04T16,119,0,31.5,32.75,31.25,32.0,25,34539,3718,200,
2026-09-04T16,119,1,31.5,33.0,31.5,33.0,15,256877,51768,0,
2026-09-04T16,119,2,35.5,35.5,35.5,35.5,19,160914,39235,0,
2026-09-04T16,119,3,40.25,40.25,40.0,40.0,15,90843,51036,232,
2026-09-04T16,119,4,41.0,41.0,40.75,40.75,13,264595,71586,4875,
2026-09-04T16,119,5,49.0,49.0,49.0,49.0,12,161315,83539,0,
2026-09-04T16,119,6,54.0,54.0,50.0,50.0,10,240342,2000,0,
2026-09-04T16,119,7,55.5,55.5,55.5,55.5,15,327860,8114,0,
2026-09-04T16,119,8,71.0,71.0,71.0,71.0,1,97444,97444,0,
2026-09-04T16,119,11,71.5,71.5,71.5,71.5,2,19000,19000,0,
2026-09-04T16,119,12,73.5,73.5,73.5,73.5,6,436808,76075,0,
2026-09-04T16,120,0,2.6,2.65,2.45,2.5,59,1991540,16234,7184,
2026-09-04T16,120,1,3.4,3.4,3.4,3.4,1,17877,17877,0,
2026-09-04T16,120,2,3.6,3.6,3.45,3.45,2,58031,58031,0,
2026-09-04T16,120,3,3.45,3.5,3.45,3.45,2,32641,32641,152468,
2026-09-04T16,120,4,3.5,3.5,3.5,3.5,3,69216,69216,0,
2026-09-04T16,120,5,3.5,3.5,3.5,3.5,3,1609809,1609809,120678,
2026-09-04T16,120,6,3.6,3.6,3.6,3.6,4,1784221,1784221,0,
2026-09-04T16,120,7,3.6,3.6,3.6,3.6,6,2142544,647644,0,
2026-09-04T16,120,9,6.0,6.0,6.0,6.0,2,505000,500000,0,
2026-09-04T16,120,10,5.9,5.9,5.9,5.9,2,125200,75000,0,
2026-09-04T16,120,11,6.0,6.0,6.0,6.0,2,735894,251366,0,
2026-09-04T16,121,0,150.0,150.0,149.0,150.0,20,19198,3262,0,
2026-09-04T16,121,1,160.0,160.0,160.0,160.0,8,27497,12207,0,
2026-09-04T16,121,2,177.0,177.0,177.0,177.0,17,22909,8173,0,
2026-09-04T16,121,3,176.0,176.0,176.0,176.0,26,160184,2690,0,
2026-09-04T16,121,4,220.0,222.0,220.0,222.0,7,30359,23499,1368,
2026-09-04T16,121,5,224.0,224.0,224.0,224.0,6,49280,8272,0,
2026-09-04T16,121,6,230.0,230.0,230.0,230.0,6,39763,8823,0,
2026-09-04T16,121,7,240.0,240.0,240.0,240.0,7,125741,125741,0,
2026-09-04T16,121,9,270.0,270.0,270.0,270.0,1,2821,2821,0,
2026-09-04T16,121,10,284.0,284.0,284.0,284.0,1,3786,3786,0,
2026-09-04T16,121,12,286.0,286.0,286.0,286.0,3,14169,14169,0,
2026-09-04T16,122,0,130.0,130.0,128.0,128.0,20,32219,31934,976,
2026-09-04T16,122,1,140.0,140.0,129.0,140.0,2,25,17,0,
2026-09-04T16,122,2,131.0,133.0,131.0,133.0,8,29903,29595,0,
2026-09-04T16,122,3,131.0,133.0,131.0,133.0,12,47042,42741,217,
2026-09-04T16,122,4,135.0,135.0,133.0,133.0,11,167041,131725,510,
2026-09-04T16,122,5,144.0,144.0,143.0,143.0,6,29769,29769,0,
2026-09-04T16,122,6,150.0,150.0,149.0,149.0,3,104656,104656,0,
2026-09-04T16,122,7,150.0,150.0,150.0,150.0,3,24638,24638,0,
2026-09-04T16,122,8,153.0,153.0,153.0,153.0,8,69333,35832,0,
2026-09-04T16,122,9,190.0,190.0,190.0,190.0,2,19971,19954,0,
2026-09-04T16,122,10,200.0,200.0,195.0,195.0,7,12446,2196,0,
2026-09-04T16,122,11,218.0,218.0,218.0,218.0,2,2700,2700,0,
2026-09-04T16,122,12,224.0,224.0,222.0,222.0,3,1414,1414,0,
2026-09-04T16,123,0,292.0,296.0,286.0,296.0,6,7906,7905,430,
2026-09-04T16,123,1,302.0,302.0,290.0,302.0,4,716,716,0,
2026-09-04T16,123,2,298.0,298.0,298.0,298.0,7,6821,5851,0,
2026-09-04T16,123,3,300.0,300.0,300.0,300.0,8,5426,4176,0,
2026-09-04T16,123,4,306.0,306.0,306.0,306.0,6,16767,16767,0,
2026-09-04T16,123,5,306.0,306.0,304.0,306.0,5,20520,138,318,
2026-09-04T16,123,6,322.0,322.0,322.0,322.0,8,32304,32304,0,
2026-09-04T16,123,7,386.0,386.0,386.0,386.0,1,5739,5739,0,
2026-09-04T16,123,9,394.0,394.0,394.0,394.0,2,426,426,141,
2026-09-04T16,123,12,398.0,398.0,398.0,398.0,2,4676,4676,100,
2026-09-04T16,124,0,34.0,37.5,33.75,36.5,20,74196,71033,0,
2026-09-04T16,124,1,36.75,37.5,36.75,37.5,11,127686,77486,1543,
2026-09-04T16,124,2,37.75,37.75,37.75,37.75,10,138778,135277,430,
2026-09-04T16,124,3,40.25,40.25,40.0,40.0,11,464599,464599,0,
2026-09-04T16,124,4,41.25,41.25,41.25,41.25,15,278109,126705,0,
2026-09-04T16,124,5,45.0,45.0,45.0,45.0,4,95534,95534,9000,
2026-09-04T16,124,6,49.5,49.5,49.5,49.5,5,293612,293612,14700,
2026-09-04T16,124,7,51.5,51.5,51.5,51.5,6,789996,537322,0,
2026-09-04T16,124,8,53.0,53.0,53.0,53.0,1,42919,42919,0,
2026-09-04T16,124,9,59.0,59.0,59.0,59.0,1,50000,50000,0,
2026-09-04T16,124,10,59.0,59.0,59.0,59.0,5,28461,23760,0,
2026-09-04T16,124,11,89.0,89.0,89.0,89.0,2,14000,14000,0,
2026-09-04T16,124,12,90.0,90.0,90.0,90.0,5,97220,632,0,
2026-09-04T16,125,0,25.5,27.25,22.0,25.0,56,316301,9189,0,
2026-09-04T16,125,1,26.75,27.25,26.75,27.0,15,85041,35607,0,
2026-09-04T16,125,2,27.75,27.75,27.75,27.75,41,195152,41853,200,
2026-09-04T16,125,3,35.0,35.0,34.75,34.75,25,159502,45095,0,
2026-09-04T16,125,4,38.5,38.75,38.5,38.75,31,287758,37616,3525,
2026-09-04T16,125,5,43.25,44.5,43.0,44.5,5,766920,682780,11000,
2026-09-04T16,125,6,50.0,50.0,50.0,50.0,4,22969,22969,0,
2026-09-04T16,125,7,52.0,52.0,52.0,52.0,5,1030186,554026,0,
2026-09-04T16,125,8,53.5,53.5,53.5,53.5,6,486199,82744,0,
2026-09-04T16,125,9,55.5,55.5,55.5,55.5,4,139980,119980,0,
2026-09-04T16,125,10,56.0,56.0,56.0,56.0,7,202903,193014,0,
2026-09-04T16,125,11,59.5,59.5,59.5,59.5,1,10000,10000,0,
2026-09-04T16,125,12,60.0,84.0,60.0,84.0,2,4500,4500,0,
2026-09-04T16,126,0,57.0,61.5,50.0,50.0,6,644,94,0,
2026-09-04T16,126,1,60.0,60.0,59.0,60.0,1,130,130,0,
2026-09-04T16,126,2,59.0,65.0,59.0,65.0,1,40,40,0,
2026-09-04T16,126,3,60.0,61.0,60.0,61.0,1,1150,1150,372,
2026-09-04T16,126,4,60.5,61.5,60.5,61.5,3,25575,25575,10341,
2026-09-04T16,126,5,63.0,63.0,63.0,63.0,8,98799,44868,0,
2026-09-04T16,126,6,66.0,66.0,66.0,66.0,3,109721,69721,0,
2026-09-04T16,126,7,68.5,68.5,68.5,68.5,5,70028,70028,0,
2026-09-04T16,126,8,79.5,79.5,79.5,79.5,8,149111,131111,0,
2026-09-04T16,126,9,96.0,96.0,96.0,96.0,1,250,250,0,
2026-09-04T16,126,10,90.0,90.0,90.0,90.0,2,846,346,0,
2026-09-04T16,126,12,100.0,100.0,100.0,100.0,2,2000,1000,0,
2026-09-04T16,127,0,474.0,476.0,474.0,476.0,9,6679,6672,0,
2026-09-04T16,127,1,478.0,478.0,478.0,478.0,2,268,263,0,
2026-09-04T16,127,2,474.0,474.0,474.0,474.0,6,7643,7643,31,
2026-09-04T16,127,3,480.0,480.0,480.0,480.0,5,4859,3999,0,
2026-09-04T16,127,4,520.0,520.0,520.0,520.0,3,3555,3501,0,
2026-09-04T16,127,5,750.0,750.0,750.0,750.0,1,25,25,0,
2026-09-04T16,128,0,54.0,54.0,54.0,54.0,19,147966,96080,0,
2026-09-04T16,128,1,67.0,67.0,67.0,67.0,15,50007,3568,0,
2026-09-04T16,128,2,76.0,76.0,76.0,76.0,8,32129,17983,0,
2026-09-04T16,128,3,82.0,82.0,82.0,82.0,2,47523,47523,0,
2026-09-04T16,128,5,92.5,92.5,92.5,92.5,1,7054,7054,0,
2026-09-04T16,128,6,93.0,93.0,93.0,93.0,1,2173,2173,0,
2026-09-04T16,128,8,93.0,93.0,93.0,93.0,2,444,444,0,
2026-09-04T16,128,9,99.5,99.5,99.5,99.5,2,41800,41800,0,
2026-09-04T16,128,10,110.0,110.0,110.0,110.0,1,9990,9990,0,
2026-09-04T16,129,0,2160.0,2160.0,2160.0,2160.0,16,4411,428,0,
2026-09-04T16,129,1,2240.0,2250.0,2240.0,2250.0,9,351,231,7,
2026-09-04T16,129,2,2500.0,2500.0,2500.0,2500.0,5,6761,6761,0,
2026-09-04T16,129,3,2720.0,2720.0,2720.0,2720.0,7,1076,1076,0,
2026-09-04T16,129,4,2720.0,2720.0,2720.0,2720.0,5,1425,1425,0,
2026-09-04T16,129,5,2780.0,2780.0,2780.0,2780.0,9,4593,2333,0,
2026-09-04T16,129,6,2990.0,2990.0,2990.0,2990.0,7,6443,4443,250,
2026-09-04T16,129,7,3050.0,3050.0,3050.0,3050.0,1,494,494,0,
2026-09-04T16,129,8,3230.0,3230.0,3230.0,3230.0,2,6411,6411,0,
2026-09-04T16,129,11,3800.0,3800.0,3800.0,3800.0,1,1000,1000,0,
2026-09-04T16,129,12,4120.0,4120.0,4120.0,4120.0,1,14,14,0,
2026-09-04T16,130,0,2020.0,2020.0,2020.0,2020.0,12,386,386,0,
2026-09-04T16,130,1,2100.0,2100.0,2080.0,2080.0,8,251,251,0,
2026-09-04T16,130,2,2140.0,2140.0,2140.0,2140.0,3,1220,1220,0,
2026-09-04T16,130,3,2420.0,2420.0,2420.0,2420.0,6,650,550,0,
2026-09-04T16,130,4,2580.0,2580.0,2580.0,2580.0,2,350,350,0,
2026-09-04T16,130,5,2770.0,2770.0,2770.0,2770.0,9,7398,6598,0,
2026-09-04T16,130,6,2870.0,2870.0,2870.0,2870.0,3,1569,1569,0,
2026-09-04T16,130,7,2800.0,2800.0,2800.0,2800.0,3,1690,1690,0,
2026-09-04T16,130,9,3050.0,3050.0,3050.0,3050.0,3,2984,2984,0,
2026-09-04T16,130,10,3290.0,3290.0,3290.0,3290.0,1,7,7,0,
2026-09-04T16,130,11,3290.0,3290.0,3290.0,3290.0,2,1965,1965,0,
2026-09-04T16,131,0,2380.0,2380.0,2370.0,2380.0,7,2006,2006,0,
2026-09-04T16,131,1,2530.0,2530.0,2510.0,2510.0,11,887,817,0,
2026-09-04T16,131,2,2580.0,2580.0,2580.0,2580.0,5,344,344,0,
2026-09-04T16,131,3,2650.0,2650.0,2650.0,2650.0,6,1377,1377,0,
2026-09-04T16,131,4,2720.0,2720.0,2720.0,2720.0,6,1255,1255,0,
2026-09-04T16,131,5,2860.0,2860.0,2860.0,2860.0,3,1500,1500,0,
2026-09-04T16,131,6,2970.0,2970.0,2970.0,2970.0,1,8,8,0,
2026-09-04T16,131,7,2990.0,2990.0,2990.0,2990.0,1,79,79,0,
2026-09-04T16,132,0,2130.0,2250.0,2130.0,2250.0,14,1644,395,25,
2026-09-04T16,132,1,2350.0,2350.0,2340.0,2340.0,8,886,522,8,
2026-09-04T16,132,2,2580.0,2580.0,2580.0,2580.0,6,378,282,0,
2026-09-04T16,132,3,2830.0,2830.0,2830.0,2830.0,14,961,961,0,
2026-09-04T16,132,4,2920.0,2920.0,2920.0,2920.0,6,1395,1395,0,
2026-09-04T16,132,5,2950.0,2950.0,2950.0,2950.0,4,2180,2180,0,
2026-09-04T16,132,6,2990.0,2990.0,2990.0,2990.0,6,3819,3819,0,
2026-09-04T16,132,7,3050.0,3050.0,3050.0,3050.0,5,3470,2970,0,
2026-09-04T16,132,8,3390.0,3390.0,3390.0,3390.0,1,463,463,0,
2026-09-04T16,132,10,3500.0,3500.0,3500.0,3500.0,4,1089,508,300,
2026-09-04T16,132,12,4190.0,4190.0,4190.0,4190.0,2,1463,463,0,
2026-09-04T16,133,0,17.9,19.0,17.6,18.5,7,30537,30427,9030,
2026-09-04T16,133,1,19.0,19.2,19.0,19.2,1,141536,141536,8028,
2026-09-04T16,133,2,19.2,19.4,19.2,19.4,3,461594,461594,0,
2026-09-04T16,133,3,19.3,19.3,19.3,19.3,5,165705,109316,0,
2026-09-04T16,133,4,20.25,20.25,20.25,20.25,14,257625,129594,0,
2026-09-04T16,133,5,23.75,23.75,23.5,23.5,13,452928,228041,0,
2026-09-04T16,133,6,28.25,28.25,28.25,28.25,2,8557,8557,0,
2026-09-04T16,133,9,38.75,39.0,38.75,39.0,18,43693,18396,44605,
2026-09-04T16,133,10,40.0,40.0,40.0,40.0,6,208818,79772,0,
2026-09-04T16,134,0,49.75,50.0,49.5,50.0,17,64185,49468,2125,
2026-09-04T16,134,1,50.5,51.0,50.5,51.0,7,36328,33363,502,
2026-09-04T16,134,2,52.0,52.5,52.0,52.5,12,55501,18279,2030,
2026-09-04T16,134,3,53.0,53.0,53.0,53.0,12,81647,26832,0,
2026-09-04T16,134,4,59.0,59.0,59.0,59.0,11,123362,99023,0,
2026-09-04T16,134,5,60.0,60.0,60.0,60.0,10,267890,218450,0,
2026-09-04T16,134,6,80.0,80.0,80.0,80.0,2,1717,1716,0,
2026-09-04T16,134,7,88.0,88.0,88.0,88.0,1,2537,2537,0,
2026-09-04T16,134,10,95.0,95.0,95.0,95.0,2,10000,10000,0,
2026-09-04T16,134,11,90.0,90.0,90.0,90.0,1,3206,3206,0,
2026-09-04T16,134,12,99.5,99.5,99.5,99.5,4,66481,65883,0,
2026-09-04T16,135,0,17.4,17.5,17.1,17.5,40,370149,57041,7329,
2026-09-04T16,135,1,17.6,17.6,17.5,17.5,22,467433,193419,0,
2026-09-04T16,135,2,17.4,17.7,17.4,17.6,38,422791,54786,31141,
2026-09-04T16,135,3,17.8,18.0,17.8,17.9,21,829008,185601,25244,
2026-09-04T16,135,4,21.0,21.0,21.0,21.0,14,295257,182691,0,
2026-09-04T16,135,5,21.5,21.5,21.5,21.5,6,218675,177948,0,
2026-09-04T16,135,6,25.25,25.25,25.25,25.25,4,417239,367239,0,
2026-09-04T16,135,7,28.75,28.75,28.75,28.75,4,626586,626586,0,
2026-09-04T16,135,8,33.25,33.25,33.25,33.25,5,70660,70660,1500,
2026-09-04T16,135,9,34.0,34.0,34.0,34.0,1,890,890,0,
2026-09-04T16,135,10,35.0,35.0,35.0,35.0,1,6792,6792,0,
2026-09-04T16,135,11,35.25,35.25,35.25,35.25,2,41300,41300,0,
2026-09-04T16,136,0,1.47,1.52,1.45,1.49,74,399542,183763,31243,
2026-09-04T16,136,1,1.6,1.6,1.6,1.6,9,508733,501765,0,
2026-09-04T16,136,2,1.62,1.62,1.61,1.61,4,3540178,859273,0,
2026-09-04T16,136,3,1.7,1.7,1.7,1.7,2,63000,63000,0,
2026-09-04T16,136,4,2.2,2.2,2.2,2.2,6,1243238,335130,0,
2026-09-04T16,136,6,2.5,2.5,2.5,2.5,1,500000,500000,0,
2026-09-04T16,136,7,2.95,2.95,2.95,2.95,2,1000999,1000999,0,
2026-09-04T16,137,0,126.0,126.0,125.0,126.0,5,15795,15774,0,
2026-09-04T16,137,1,129.0,129.0,129.0,129.0,4,5072,5072,0,
2026-09-04T16,137,2,131.0,131.0,125.0,125.0,6,11733,3548,11,
2026-09-04T16,137,3,135.0,135.0,135.0,135.0,3,27095,27095,0,
2026-09-04T16,137,4,137.0,137.0,137.0,137.0,6,36926,34926,0,
2026-09-04T16,137,5,147.0,147.0,147.0,147.0,14,46539,28042,0,
2026-09-04T16,137,6,126.0,126.0,126.0,126.0,7,24841,1532,842,
2026-09-04T16,137,7,240.0,240.0,240.0,240.0,1,2000,2000,0,
2026-09-04T16,137,8,175.0,175.0,175.0,175.0,2,49502,49500,0,
2026-09-04T16,137,9,250.0,250.0,250.0,250.0,2,5150,5150,0,
2026-09-04T16,138,0,1250.0,1250.0,1240.0,1240.0,18,5959,251,0,
2026-09-04T16,138,1,1320.0,1320.0,1320.0,1320.0,13,1894,354,0,
2026-09-04T16,138,2,1340.0,1340.0,1340.0,1340.0,10,4801,3458,0,
2026-09-04T16,138,3,1370.0,1370.0,1300.0,1300.0,8,2162,171,0,
2026-09-04T16,138,4,1600.0,1600.0,1600.0,1600.0,9,3269,2054,0,
2026-09-04T16,138,5,2390.0,2390.0,2390.0,2390.0,1,500,500,0,
2026-09-04T16,138,6,2400.0,2400.0,2400.0,2400.0,1,1000,1000,0,
2026-09-04T16,139,0,9.9,10.5,9.9,10.1,27,219228,114004,3120,
2026-09-04T16,139,1,10.4,11.1,10.2,11.1,3,10216,5721,0,
2026-09-04T16,139,2,10.5,11.4,10.5,11.4,3,51361,50003,5463,
2026-09-04T16,139,3,11.1,11.3,11.1,11.3,3,140722,140722,160930,
2026-09-04T16,139,4,11.5,11.6,11.5,11.6,5,349438,249438,0,
2026-09-04T16,139,5,13.4,13.4,13.4,13.4,18,1973628,188888,0,
2026-09-04T16,139,6,15.0,15.0,15.0,15.0,1,50000,50000,0,
2026-09-04T16,139,7,17.0,17.0,17.0,17.0,1,50000,50000,0,
2026-09-04T16,139,9,24.0,24.0,24.0,24.0,1,28498,28498,0,
2026-09-04T16,139,10,21.75,21.75,21.75,21.75,3,51999,1999,0,
2026-09-04T16,140,0,258.0,262.0,254.0,262.0,15,1139,1021,0,
2026-09-04T16,140,1,258.0,260.0,258.0,260.0,9,3865,3840,643,
2026-09-04T16,140,2,260.0,260.0,260.0,260.0,5,6294,6287,396,
2026-09-04T16,140,3,266.0,266.0,266.0,266.0,4,17484,17484,0,
2026-09-04T16,140,4,268.0,268.0,268.0,268.0,4,6468,6267,0,
2026-09-04T16,140,5,280.0,280.0,280.0,280.0,1,50,50,0,
2026-09-04T16,140,12,400.0,400.0,400.0,400.0,1,2225,2225,0,
2026-09-04T16,141,0,35.0,35.0,35.0,35.0,20,85330,22834,0,
2026-09-04T16,141,1,50.0,50.0,50.0,50.0,6,140097,139797,0,
2026-09-04T16,141,2,50.5,50.5,50.5,50.5,13,125493,98256,1545,
2026-09-04T16,141,3,58.0,58.0,58.0,58.0,12,76996,70729,0,
2026-09-04T16,141,4,59.0,59.0,58.5,58.5,12,88539,49482,0,
2026-09-04T16,141,5,61.5,61.5,61.5,61.5,12,99176,60676,0,
2026-09-04T16,141,6,70.0,71.0,69.0,69.0,2,88700,88700,0,
2026-09-04T16,141,7,69.5,69.5,69.5,69.5,10,123804,60244,0,
2026-09-04T16,141,8,70.0,70.0,70.0,70.0,4,50310,13168,0,
2026-09-04T16,141,9,91.0,91.0,91.0,91.0,7,14446,8694,0,
2026-09-04T16,141,10,93.0,93.0,93.0,93.0,4,72080,65134,0,
2026-09-04T16,141,11,117.0,117.0,117.0,117.0,2,20480,9369,0,
2026-09-04T16,141,12,177.0,177.0,177.0,177.0,2,1139,1139,0,
2026-09-04T16,142,0,755.0,815.0,755.0,815.0,7,1233,1233,0,
2026-09-04T16,142,1,770.0,810.0,770.0,805.0,10,2262,809,0,
2026-09-04T16,142,2,825.0,825.0,825.0,825.0,8,2333,478,0,
2026-09-04T16,142,3,890.0,890.0,880.0,890.0,13,2880,758,0,
2026-09-04T16,142,4,995.0,995.0,995.0,995.0,2,188,188,250,
2026-09-04T16,142,5,1000.0,1000.0,1000.0,1000.0,5,12896,4835,0,
2026-09-04T16,142,6,1020.0,1020.0,1020.0,1020.0,6,15087,15087,0,
2026-09-04T16,142,7,1070.0,1070.0,1070.0,1070.0,2,7789,3815,0,
2026-09-04T16,142,8,1060.0,1070.0,1060.0,1070.0,4,17569,17569,500,
2026-09-04T16,142,9,1140.0,1140.0,1140.0,1140.0,2,10975,10975,0,
2026-09-04T16,142,10,1270.0,1270.0,1270.0,1270.0,9,7158,4659,0,
2026-09-04T16,142,11,1360.0,1360.0,1360.0,1360.0,4,8936,8936,0,
2026-09-04T16,142,12,1500.0,1500.0,1500.0,1500.0,2,2003,2003,0,
2026-09-04T16,143,0,715.0,720.0,715.0,715.0,16,1834,1558,1491,
2026-09-04T16,143,1,735.0,735.0,735.0,735.0,7,1197,255,18,
2026-09-04T16,143,2,740.0,740.0,740.0,740.0,16,1714,1351,0,
2026-09-04T16,143,3,815.0,815.0,815.0,815.0,8,13057,809,0,
2026-09-04T16,143,4,880.0,880.0,875.0,875.0,5,1843,1843,0,
2026-09-04T16,143,5,920.0,920.0,920.0,920.0,7,29124,29124,817,
2026-09-04T16,143,6,950.0,950.0,950.0,950.0,5,45365,45365,0,
2026-09-04T16,143,7,960.0,960.0,960.0,960.0,8,24697,24697,0,
2026-09-04T16,143,9,1100.0,1100.0,1100.0,1100.0,1,978,978,0,
2026-09-04T16,143,10,1120.0,1120.0,1120.0,1120.0,3,6678,4392,0,
2026-09-04T16,143,11,1240.0,1240.0,1240.0,1240.0,2,2608,2608,0,
2026-09-04T16,143,12,1440.0,1440.0,1440.0,1440.0,2,468,468,0,
2026-09-04T16,144,0,17.4,17.4,17.4,17.4,12,59976,44528,0,
2026-09-04T16,144,1,18.0,18.0,18.0,18.0,1,1,1,0,
2026-09-04T16,144,2,18.0,18.0,18.0,18.0,2,85672,85672,0,
2026-09-04T16,144,3,18.0,18.0,18.0,18.0,1,1,1,0,
2026-09-04T16,144,4,18.1,18.1,18.1,18.1,2,11018,11018,0,
2026-09-04T16,144,5,18.3,18.3,18.3,18.3,2,52589,52589,0,
2026-09-04T16,145,0,134.0,136.0,130.0,135.0,41,1244293,887960,17696,
2026-09-04T16,146,0,6.2,6.4,5.4,6.3,45,286460,20571,3030,
2026-09-04T16,146,1,6.5,6.5,6.5,6.5,17,1649346,823186,19443,
2026-09-04T16,146,2,6.8,6.8,6.8,6.8,42,1511943,593080,1000,
2026-09-04T16,146,3,7.0,7.0,7.0,7.0,26,2033953,343269,100,
2026-09-04T16,146,4,7.9,7.9,7.9,7.9,17,4386772,2407721,0,
2026-09-04T16,146,5,9.9,9.9,9.9,9.9,2,434687,382495,0,
2026-09-04T16,146,6,9.8,9.8,9.8,9.8,1,90000,90000,0,
2026-09-04T16,146,7,10.0,10.0,10.0,10.0,2,616640,426640,0,
2026-09-04T16,146,8,10.5,10.5,10.5,10.5,8,1190198,1063941,0,
2026-09-04T16,146,10,17.9,17.9,17.9,17.9,2,98862,98862,0,
2026-09-04T16,147,0,39.5,39.5,39.5,39.5,7,100989,85874,0,
2026-09-04T16,147,1,39.75,39.75,39.75,39.75,4,39695,25547,0,
2026-09-04T16,147,2,40.25,40.25,40.25,40.25,6,445241,124263,0,
2026-09-04T16,147,3,44.5,44.5,44.25,44.25,9,197499,128272,0,
2026-09-04T16,147,4,50.5,50.5,50.5,50.5,7,143078,68078,0,
2026-09-04T16,147,5,60.0,60.0,60.0,60.0,1,2,2,0,
2026-09-04T16,148,0,30.0,34.25,30.0,34.25,5,58138,90,0,
2026-09-04T16,148,1,33.25,33.25,33.0,33.0,7,90268,90261,0,
2026-09-04T16,148,2,36.0,36.0,36.0,36.0,3,187948,182848,0,
2026-09-04T16,148,3,36.25,36.25,36.25,36.25,5,170986,170986,0,
2026-09-04T16,148,4,37.0,37.0,37.0,37.0,4,106689,91846,0,
2026-09-04T16,148,5,46.0,46.0,46.0,46.0,4,156603,106603,0,
2026-09-04T16,148,6,49.5,49.5,49.5,49.5,1,1,1,0,
2026-09-04T16,148,10,59.0,59.0,59.0,59.0,2,10005,10005,0,
2026-09-04T16,149,0,790.0,795.0,790.0,790.0,11,1895,1791,0,
2026-09-04T16,149,1,815.0,815.0,815.0,815.0,11,1686,1297,16,
2026-09-04T16,149,2,840.0,840.0,840.0,840.0,11,8334,157,0,
2026-09-04T16,149,3,890.0,890.0,890.0,890.0,8,8341,2758,50,
2026-09-04T16,149,4,970.0,970.0,970.0,970.0,8,7134,6118,0,
2026-09-04T16,149,5,1010.0,1010.0,1010.0,1010.0,5,10793,10793,0,
2026-09-04T16,149,8,1070.0,1070.0,1070.0,1070.0,5,11049,4649,0,
2026-09-04T16,150,0,384.0,384.0,380.0,380.0,24,21993,725,0,
2026-09-04T16,150,1,790.0,790.0,790.0,790.0,18,9280,102,0,
2026-09-04T16,150,2,1680.0,1680.0,1680.0,1680.0,5,29766,29140,0,
2026-09-04T16,150,3,2810.0,2810.0,2810.0,2810.0,21,721,48,0,
2026-09-04T16,150,4,4960.0,4960.0,4960.0,4960.0,12,914,905,0,
2026-09-04T16,150,5,8000.0,8000.0,8000.0,8000.0,6,110,10,0,
2026-09-04T16,150,6,17200.0,17200.0,17100.0,17100.0,11,255,119,0,
2026-09-04T16,150,7,33000.0,33000.0,33000.0,33000.0,16,279,29,0,
2026-09-04T16,150,8,70000.0,70000.0,70000.0,70000.0,9,767,756,0,
2026-09-04T16,150,9,138000.0,138000.0,138000.0,138000.0,10,229,80,0,
2026-09-04T16,150,10,271500.0,271500.0,271500.0,271500.0,6,97,79,0,
2026-09-04T16,150,11,624500.0,624500.0,624500.0,624500.0,10,51,46,0,
2026-09-04T16,150,12,1380000.0,1380000.0,1380000.0,1380000.0,11,142,2,0,
2026-09-04T16,151,0,384.0,384.0,384.0,384.0,7,418,418,0,
2026-09-04T16,151,1,388.0,388.0,388.0,388.0,5,4998,4998,0,
2026-09-04T16,151,2,464.0,464.0,464.0,464.0,6,7230,6565,0,
2026-09-04T16,151,3,472.0,472.0,472.0,472.0,4,7045,6695,0,
2026-09-04T16,151,4,476.0,476.0,476.0,476.0,3,6488,6488,0,
2026-09-04T16,151,7,500.0,500.0,500.0,500.0,1,4,4,0,
2026-09-04T16,151,8,500.0,500.0,500.0,500.0,1,2,2,0,
2026-09-04T16,151,9,2290.0,2290.0,2290.0,2290.0,4,1101,1101,0,
2026-09-04T16,151,10,2900.0,2900.0,2900.0,2900.0,2,6002,6002,0,
2026-09-04T16,152,0,234.0,234.0,234.0,234.0,7,1703,225,0,
2026-09-04T16,152,1,250.0,250.0,250.0,250.0,14,1181,793,0,
2026-09-04T16,152,2,294.0,294.0,294.0,294.0,3,55,55,0,
2026-09-04T16,152,3,298.0,298.0,298.0,298.0,2,1200,1200,0,
2026-09-04T16,152,4,320.0,320.0,320.0,320.0,2,4017,4017,0,
2026-09-04T16,153,0,82.0,82.0,82.0,82.0,,,,0,
2026-09-04T16,153,1,82.0,82.0,82.0,82.0,1,5392,5392,0,
2026-09-04T16,153,3,88.0,88.0,88.0,88.0,1,709,709,0,
2026-09-04T16,154,0,77.0,82.0,77.0,82.0,1,419,419,0,
2026-09-04T16,154,1,77.0,77.0,77.0,77.0,1,3227,3227,343,
2026-09-04T16,155,0,131.0,131.0,130.0,130.0,9,7062,6683,0,
2026-09-04T16,155,7,170.0,170.0,170.0,170.0,1,3400,3400,0,
2026-09-04T17,1,0,0.258,0.261,0.254,0.261,163,105719780,57385430,1270964,
2026-09-04T17,1,1,0.262,0.263,0.26,0.263,26,18176229,18172165,813715,
2026-09-04T17,1,2,0.263,0.264,0.261,0.264,63,159266750,148249627,437682,
2026-09-04T17,1,3,0.264,0.264,0.262,0.263,37,225121536,163699388,2693222,
2026-09-04T17,1,4,0.265,0.265,0.261,0.265,50,236552320,152084853,4281339,
2026-09-04T17,1,5,0.264,0.265,0.264,0.265,12,108200649,99026540,14683169,
2026-09-04T17,1,6,0.267,0.267,0.265,0.267,8,68130376,68130376,0,
2026-09-04T17,1,7,0.266,0.267,0.265,0.267,8,60983280,60983280,0,
2026-09-04T17,1,8,0.267,0.267,0.267,0.267,6,50172369,50172369,6448216,
2026-09-04T17,1,9,0.268,0.268,0.266,0.268,5,32889352,27840177,0,
2026-09-04T17,1,10,0.267,0.268,0.267,0.268,9,53123033,15056152,0,
2026-09-04T17,1,11,0.268,0.268,0.268,0.268,8,57910621,23885087,0,
2026-09-04T17,1,12,0.268,0.268,0.267,0.268,18,168269057,134397926,0,
2026-09-04T17,2,0,0.365,0.372,0.356,0.372,129,37837857,24799932,1091866,
2026-09-04T17,2,1,0.382,0.382,0.376,0.378,15,3590775,3578518,3001699,
2026-09-04T17,2,2,0.385,0.385,0.382,0.382,43,76174734,56252175,344354,
2026-09-04T17,2,3,0.402,0.403,0.401,0.401,15,30367005,10367005,363009,
2026-09-04T17,2,4,0.467,0.467,0.465,0.465,18,27024194,27024194,1301572,
2026-09-04T17,2,5,0.479,0.479,0.478,0.478,16,41606962,41606962,73224,
2026-09-04T17,2,6,0.482,0.482,0.482,0.482,6,13606916,13606916,694603,
2026-09-04T17,2,7,0.5,0.5,0.499,0.499,4,16971016,10197936,84728,
2026-09-04T17,2,8,0.525,0.525,0.515,0.515,2,8749387,8749387,0,
2026-09-04T17,2,9,0.52,0.52,0.52,0.52,1,5000000,5000000,0,
2026-09-04T17,2,10,0.525,0.525,0.51,0.51,6,19486320,11628820,170000,
2026-09-04T17,2,11,0.585,0.585,0.585,0.585,3,10902251,10902251,0,
2026-09-04T17,2,12,0.655,0.655,0.655,0.655,6,1125275,825275,0,
2026-09-04T17,3,0,2.2,2.45,2.1,2.4,261,2267657,461295,2410,
2026-09-04T17,3,1,2.4,2.45,2.4,2.45,25,1337248,299330,50000,
2026-09-04T17,3,2,2.45,2.5,2.45,2.45,26,3630855,1556046,0,
2026-09-04T17,3,3,2.95,2.95,2.8,2.95,17,2578114,202107,0,
2026-09-04T17,3,4,3.25,3.35,3.25,3.35,11,2881538,1240180,0,
2026-09-04T17,3,5,3.45,3.45,3.45,3.45,5,3204637,2407820,0,
2026-09-04T17,3,6,3.45,3.45,3.45,3.45,3,3124571,1654899,0,
2026-09-04T17,3,7,4.55,4.55,4.55,4.55,2,210400,210400,0,
2026-09-04T17,3,10,6.2,6.2,6.2,6.2,1,322598,322598,0,
2026-09-04T17,3,11,6.4,6.4,6.4,6.4,3,23615,23615,0,
2026-09-04T17,3,12,7.0,7.0,7.0,7.0,1,311180,311180,0,
2026-09-04T17,4,0,2.35,2.4,2.2,2.3,95,899822,10472,2491,
2026-09-04T17,4,1,2.4,2.4,2.4,2.4,8,380353,12512,59437,
2026-09-04T17,4,2,2.6,2.6,2.6,2.6,12,676533,346224,0,
2026-09-04T17,4,3,2.75,2.75,2.75,2.75,10,2925061,355083,0,
2026-09-04T17,4,4,3.1,3.1,3.1,3.1,7,4311282,4131282,0,
2026-09-04T17,4,5,3.05,3.05,3.05,3.05,10,1801630,430836,0,
2026-09-04T17,4,6,3.6,3.6,3.6,3.6,2,703151,703151,0,
2026-09-04T17,4,7,3.7,3.7,3.7,3.7,3,719346,300000,0,
2026-09-04T17,4,8,4.45,4.45,4.45,4.45,3,115999,100000,0,
2026-09-04T17,5,0,2.8,2.8,2.65,2.75,75,1648514,50856,2260,
2026-09-04T17,5,1,2.9,2.9,2.9,2.9,9,353682,31324,0,
2026-09-04T17,5,2,3.05,3.05,3.0,3.0,7,563722,563722,0,
2026-09-04T17,5,3,3.15,3.15,3.15,3.15,4,775004,374630,0,
2026-09-04T17,5,4,3.2,3.2,3.2,3.2,7,1153819,466908,0,
2026-09-04T17,5,5,3.3,3.3,3.3,3.3,2,37200,7200,0,
2026-09-04T17,5,6,4.95,4.95,4.95,4.95,1,99999,99999,0,
2026-09-04T17,5,7,5.0,5.0,5.0,5.0,1,999,999,0,
2026-09-04T17,6,0,0.68,0.71,0.655,0.66,82,6110249,104810,0,
2026-09-04T17,6,1,0.68,0.68,0.68,0.68,17,3166394,534859,141744,
2026-09-04T17,6,2,0.72,0.72,0.715,0.715,11,3713870,3713870,276072,
2026-09-04T17,6,3,0.74,0.74,0.74,0.74,13,7354867,4385410,0,
2026-09-04T17,6,4,0.86,0.86,0.86,0.86,10,8807817,7987317,0,
2026-09-04T17,6,5,0.98,0.98,0.98,0.98,3,9895148,9895148,0,
2026-09-04T17,6,6,1.11,1.11,1.11,1.11,10,14205055,9204215,0,
2026-09-04T17,6,7,1.11,1.11,1.11,1.11,9,4078688,200000,0,
2026-09-04T17,6,8,1.49,1.49,1.49,1.49,4,4429519,4429519,0,
2026-09-04T17,6,9,1.7,1.7,1.7,1.7,2,2070000,1750000,0,
2026-09-04T17,6,10,1.75,1.75,1.75,1.75,2,4500000,900000,0,
2026-09-04T17,6,11,2.3,2.3,2.3,2.3,1,690000,690000,0,
2026-09-04T17,6,12,2.5,2.5,2.5,2.5,1,300000,300000,0,
2026-09-04T17,7,0,40.0,40.25,39.5,40.0,32,49566,39801,100,
2026-09-04T17,7,1,40.25,40.25,40.0,40.0,12,50116,45270,8769,
2026-09-04T17,7,2,40.75,40.75,40.5,40.5,10,95806,51242,0,
2026-09-04T17,7,3,40.75,40.75,40.75,40.75,13,90997,86097,0,
2026-09-04T17,7,4,46.25,46.25,46.25,46.25,8,139011,138991,0,
2026-09-04T17,7,5,47.0,47.0,47.0,47.0,3,87776,50444,0,
2026-09-04T17,7,6,55.5,55.5,55.5,55.5,5,133148,133148,0,
2026-09-04T17,7,7,60.0,60.0,60.0,60.0,1,24046,24046,0,
2026-09-04T17,7,8,62.0,62.0,62.0,62.0,1,12795,12795,0,
2026-09-04T17,7,10,70.0,70.0,70.0,70.0,1,16545,16545,0,
2026-09-04T17,7,11,90.0,90.0,90.0,90.0,2,24990,24990,0,
2026-09-04T17,8,0,11.0,11.1,10.5,11.1,38,390909,200454,0,
2026-09-04T17,8,1,11.1,11.1,11.1,11.1,7,152812,152762,930,
2026-09-04T17,8,2,11.2,11.2,11.2,11.2,8,442565,441830,7248,
2026-09-04T17,8,3,11.3,11.4,11.3,11.4,7,612395,281595,0,
2026-09-04T17,8,4,11.6,11.6,11.6,11.6,4,230300,230300,0,
2026-09-04T17,8,5,12.5,12.5,12.5,12.5,2,13990,9990,0,
2026-09-04T17,9,0,1.15,1.21,1.1,1.16,92,972164,52106,720,
2026-09-04T17,9,1,1.19,1.22,1.19,1.22,15,645996,582744,510,
2026-09-04T17,9,2,1.21,1.21,1.21,1.21,23,3198501,614411,291,
2026-09-04T17,9,3,1.25,1.26,1.25,1.26,14,1910136,692608,0,
2026-09-04T17,9,4,1.35,1.35,1.35,1.35,10,1902458,1152458,0,
2026-09-04T17,9,5,1.37,1.37,1.37,1.37,6,832259,102821,0,
2026-09-04T17,9,7,1.76,1.76,1.76,1.76,8,4571045,500002,0,
2026-09-04T17,9,8,2.5,2.5,2.5,2.5,1,50422,50422,0,
2026-09-04T17,9,10,3.6,3.6,3.6,3.6,1,305248,305248,0,
2026-09-04T17,10,0,28.75,28.75,27.5,28.75,36,877905,750745,1977,
2026-09-04T17,10,1,28.5,29.0,28.25,29.0,16,444419,443661,0,
2026-09-04T17,10,2,28.75,29.25,28.25,29.25,15,665351,66741,30752,
2026-09-04T17,10,3,29.5,29.75,29.5,29.75,12,1024975,703671,2523,
2026-09-04T17,10,4,30.25,30.25,30.25,30.25,12,1163958,535406,0,
2026-09-04T17,10,5,30.0,30.0,30.0,30.0,10,595676,595676,0,
2026-09-04T17,10,6,29.75,30.0,29.75,30.0,5,1180974,1180974,3164,
2026-09-04T17,10,7,31.0,31.0,31.0,31.0,5,294602,294602,0,
2026-09-04T17,10,10,31.25,31.25,31.25,31.25,6,361821,301821,0,
2026-09-04T17,10,11,32.0,32.0,31.0,31.0,4,71377,21377,0,
2026-09-04T17,10,12,39.0,39.0,39.0,39.0,2,25999,25999,0,
2026-09-04T17,11,0,41.75,41.75,37.5,41.5,11,140567,139914,898,
2026-09-04T17,11,1,42.0,42.0,41.75,41.75,9,37607,37607,3281,
2026-09-04T17,11,2,42.0,42.0,41.5,41.5,6,479761,479759,126,
2026-09-04T17,11,3,42.25,42.25,42.25,42.25,3,257343,257343,0,
2026-09-04T17,11,4,42.75,42.75,42.75,42.75,3,284073,284073,0,
2026-09-04T17,11,5,42.75,43.0,42.75,43.0,9,601703,368370,20000,
2026-09-04T17,11,6,44.0,44.0,44.0,44.0,1,2832,2832,0,
2026-09-04T17,11,7,44.0,44.0,44.0,44.0,1,13752,13752,0,
2026-09-04T17,11,8,48.0,48.0,48.0,48.0,1,10000,10000,0,
2026-09-04T17,11,10,44.0,44.0,44.0,44.0,1,1642,1642,0,
2026-09-04T17,11,11,48.0,48.0,48.0,48.0,4,43990,43990,0,
2026-09-04T17,12,0,40.0,41.0,39.5,40.0,23,768339,761970,3572,
2026-09-04T17,12,1,40.25,41.0,40.0,41.0,9,194971,194921,992,
2026-09-04T17,12,2,40.5,41.25,40.25,41.25,10,650906,86410,0,
2026-09-04T17,12,3,41.0,41.25,41.0,41.25,19,83773,67882,0,
2026-09-04T17,12,4,42.25,42.25,41.5,41.5,6,94763,83526,4000,
2026-09-04T17,12,5,42.75,42.75,42.75,42.75,4,283498,283498,0,
2026-09-04T17,12,6,43.75,43.75,43.75,43.75,1,34878,34878,0,
2026-09-04T17,12,7,46.75,46.75,46.75,46.75,2,37000,37000,0,
2026-09-04T17,12,8,46.75,46.75,46.75,46.75,3,54953,54953,0,
2026-09-04T17,12,9,50.0,50.0,50.0,50.0,1,19999,19999,0,
2026-09-04T17,13,0,0.361,0.364,0.36,0.364,133,497354323,135370757,4622477,
2026-09-04T17,14,0,11.0,11.1,10.8,11.1,25,401914,397480,10976,
2026-09-04T17,14,1,11.1,11.1,10.9,10.9,13,396700,290060,17735,
2026-09-04T17,14,2,11.1,11.1,11.1,11.1,13,366602,259562,128581,
2026-09-04T17,14,3,11.3,11.3,11.3,11.3,12,1123998,847123,0,
2026-09-04T17,14,4,11.3,11.3,11.2,11.3,8,893942,880464,51821,
2026-09-04T17,14,5,11.5,11.5,11.5,11.5,10,3919798,1915030,0,
2026-09-04T17,14,6,13.8,13.8,13.8,13.8,4,740000,640000,0,
2026-09-04T17,14,7,14.8,14.8,14.8,14.8,2,52728,52728,0,
2026-09-04T17,14,8,18.2,18.2,18.2,18.2,4,913305,913305,0,
2026-09-04T17,14,11,19.0,19.0,19.0,19.0,1,25219,25219,0,
2026-09-04T17,15,0,9.9,10.1,9.8,10.0,32,1807981,48379,8549,
2026-09-04T17,15,1,10.5,10.5,10.3,10.4,15,264187,247541,12105,
2026-09-04T17,15,2,10.6,10.6,10.3,10.3,11,1041827,600681,586,
2026-09-04T17,15,3,10.8,10.8,10.8,10.8,15,2649926,2231513,0,
2026-09-04T17,15,4,11.0,11.0,11.0,11.0,3,508187,508187,0,
2026-09-04T17,15,5,11.2,11.2,11.2,11.2,3,250245,182081,0,
2026-09-04T17,15,6,11.3,11.3,11.3,11.3,3,240578,240578,0,
2026-09-04T17,15,7,11.4,11.4,11.4,11.4,1,2090,2090,0,
2026-09-04T17,15,8,11.5,11.5,11.5,11.5,3,789811,789811,0,
2026-09-04T17,15,10,11.0,11.0,11.0,11.0,3,278145,78144,0,
2026-09-04T17,16,0,8.5,8.7,8.3,8.4,8,110407,88498,2040,
2026-09-04T17,16,1,8.5,8.8,8.5,8.8,14,341276,329358,45191,
2026-09-04T17,16,2,8.8,8.9,8.8,8.8,12,692549,650115,55828,
2026-09-04T17,16,3,8.9,8.9,8.8,8.8,9,727958,723699,128150,
2026-09-04T17,16,4,9.1,9.1,9.0,9.0,4,741683,741683,8720,
2026-09-04T17,16,5,9.2,9.2,9.2,9.2,1,1916,1916,48084,
2026-09-04T17,16,6,9.2,9.4,9.2,9.4,2,78760,78760,0,
2026-09-04T17,16,8,9.6,9.6,9.6,9.6,4,1020000,520000,0,
2026-09-04T17,16,11,9.4,9.4,9.4,9.4,1,145183,145183,0,
2026-09-04T17,16,12,9.4,9.4,9.4,9.4,5,2048980,2048980,15000,
2026-09-04T17,17,0,14.7,14.9,14.0,14.8,11,135574,87584,983,
2026-09-04T17,17,1,14.7,14.9,14.4,14.9,8,204193,204188,18737,
2026-09-04T17,17,2,14.9,14.9,14.4,14.5,10,504092,452401,53816,
2026-09-04T17,17,3,14.8,14.9,14.7,14.9,4,1370125,1370125,23491,
2026-09-04T17,17,4,15.0,15.0,15.0,15.0,6,799500,799500,0,
2026-09-04T17,17,5,14.8,15.0,14.8,15.0,4,547235,547235,93246,
2026-09-04T17,17,6,15.0,15.0,15.0,15.0,4,437660,437660,21308,
2026-09-04T17,17,7,15.2,15.2,15.2,15.2,4,518812,488812,5000,
2026-09-04T17,17,8,15.6,15.6,15.6,15.6,9,1998122,606148,0,
2026-09-04T17,17,9,16.5,16.5,16.5,16.5,3,515568,118832,0,
2026-09-04T17,17,10,16.3,16.3,16.3,16.3,22,1370062,634000,0,
2026-09-04T17,17,11,22.0,22.0,22.0,22.0,1,17112,17112,0,
2026-09-04T17,18,0,20.75,21.0,19.8,20.75,11,31703,24033,0,
2026-09-04T17,18,1,20.75,21.0,20.75,21.0,8,183370,88372,1380,
2026-09-04T17,18,2,20.75,20.75,20.75,20.75,8,210652,165356,18490,
2026-09-04T17,18,3,21.25,21.25,21.0,21.0,11,744883,644883,12472,
2026-09-04T17,18,4,22.0,22.25,22.0,22.25,11,659068,619068,35637,
2026-09-04T17,18,5,22.5,22.5,22.5,22.5,7,874146,374146,0,
2026-09-04T17,18,6,24.25,24.25,24.25,24.25,4,23265,23094,0,
2026-09-04T17,18,7,26.0,26.0,26.0,26.0,1,98360,98360,0,
2026-09-04T17,18,8,26.0,26.0,26.0,26.0,2,110076,110076,0,
2026-09-04T17,18,10,28.75,28.75,28.75,28.75,2,60001,60001,0,
2026-09-04T17,19,0,11.1,11.3,11.0,11.3,17,1323671,182456,8649,
2026-09-04T17,19,1,11.9,11.9,11.9,11.9,2,143110,10000,0,
2026-09-04T17,19,2,11.9,11.9,11.9,11.9,2,607090,607090,0,
2026-09-04T17,19,3,11.8,11.9,11.7,11.9,5,233859,233859,17062,
2026-09-04T17,19,4,12.1,12.1,12.1,12.1,9,1876889,1712207,0,
2026-09-04T17,19,5,12.4,12.4,12.2,12.2,7,525020,155595,0,
2026-09-04T17,19,6,12.4,12.4,12.4,12.4,7,440413,382937,0,
2026-09-04T17,19,7,12.4,12.4,12.4,12.4,13,883209,256764,0,
2026-09-04T17,19,8,12.3,12.3,12.3,12.3,11,1016618,382917,0,
2026-09-04T17,19,9,15.3,15.3,15.3,15.3,2,96424,96424,0,
2026-09-04T17,19,10,15.3,15.3,15.3,15.3,5,356448,356448,0,
2026-09-04T17,19,11,19.9,19.9,19.9,19.9,2,50999,50999,0,
2026-09-04T17,20,0,106.0,110.0,106.0,107.0,12,111634,10172,2,
2026-09-04T17,20,1,109.0,110.0,108.0,108.0,18,55454,13869,1552,
2026-09-04T17,20,2,110.0,113.0,110.0,113.0,18,102829,63743,478,
2026-09-04T17,20,3,114.0,115.0,114.0,115.0,20,177810,91873,2405,
2026-09-04T17,20,4,116.0,118.0,116.0,118.0,10,78062,31912,0,
2026-09-04T17,20,5,117.0,119.0,117.0,119.0,9,98196,36788,0,
2026-09-04T17,20,6,118.0,121.0,118.0,121.0,4,22060,19060,0,
2026-09-04T17,20,7,120.0,120.0,120.0,120.0,7,32000,13476,0,
2026-09-04T17,21,0,58.0,60.0,57.0,60.0,2,1828,1828,0,
2026-09-04T17,21,1,58.5,59.5,58.5,59.0,6,1749,1718,2127,
2026-09-04T17,21,2,59.0,59.5,59.0,59.5,4,37923,37923,8396,
2026-09-04T17,21,3,59.0,60.0,59.0,60.0,6,255233,250233,2459,
2026-09-04T17,21,4,60.5,61.0,60.5,61.0,12,635268,544268,824,
2026-09-04T17,21,5,63.0,63.5,63.0,63.5,7,55150,40150,0,
2026-09-04T17,21,6,61.0,64.0,61.0,64.0,3,217488,60519,0,
2026-09-04T17,21,7,66.5,66.5,66.5,66.5,3,96196,96196,0,
2026-09-04T17,21,8,68.0,68.0,68.0,68.0,2,58267,58267,0,
2026-09-04T17,22,0,88.5,90.0,86.5,90.0,4,308,306,0,
2026-09-04T17,22,1,88.5,90.5,87.5,90.5,2,1033,1033,0,
2026-09-04T17,22,2,89.0,89.5,88.5,88.5,4,15698,15698,9829,
2026-09-04T17,22,3,90.0,90.0,88.0,90.0,4,12587,12587,0,
2026-09-04T17,22,4,91.0,91.0,89.0,91.0,3,25698,25698,0,
2026-09-04T17,22,5,91.0,91.0,90.5,90.5,4,95443,95443,0,
2026-09-04T17,22,6,92.0,92.0,92.0,92.0,2,20000,20000,0,
2026-09-04T17,22,7,91.5,91.5,91.5,91.5,3,53874,53874,0,
2026-09-04T17,22,8,95.5,95.5,95.5,95.5,4,48723,48723,0,
2026-09-04T17,22,9,97.0,97.0,97.0,97.0,4,45554,45554,0,
2026-09-04T17,22,10,98.0,98.0,98.0,98.0,1,9946,9946,0,
2026-09-04T17,22,11,108.0,108.0,108.0,108.0,2,25423,25423,0,
2026-09-04T17,23,0,133.0,136.0,129.0,131.0,6,1815,1446,0,
2026-09-04T17,23,1,135.0,135.0,131.0,131.0,3,2382,2382,209,
2026-09-04T17,23,2,133.0,133.0,131.0,132.0,4,32936,32936,3487,
2026-09-04T17,23,3,134.0,134.0,132.0,132.0,5,52340,46340,240,
2026-09-04T17,23,4,135.0,135.0,134.0,134.0,3,57186,57186,0,
2026-09-04T17,23,7,136.0,136.0,136.0,136.0,1,211,211,0,
2026-09-04T17,23,8,137.0,137.0,137.0,137.0,3,30000,20000,0,
2026-09-04T17,23,9,142.0,142.0,142.0,142.0,3,102242,102242,0,
2026-09-04T17,23,10,148.0,148.0,148.0,148.0,3,12824,12824,0,
2026-09-04T17,23,11,210.0,210.0,210.0,210.0,1,199,199,0,
2026-09-04T17,24,0,635.0,645.0,620.0,645.0,10,299,279,2,
2026-09-04T17,24,1,645.0,645.0,645.0,645.0,2,1459,1459,2,
2026-09-04T17,24,4,635.0,650.0,635.0,650.0,2,16594,16594,1319,
2026-09-04T17,24,5,655.0,655.0,655.0,655.0,3,5998,4498,0,
2026-09-04T17,24,6,665.0,665.0,665.0,665.0,1,22764,22764,0,
2026-09-04T17,24,7,665.0,665.0,665.0,665.0,2,2766,2766,0,
2026-09-04T17,24,8,725.0,725.0,725.0,725.0,1,83,83,0,
2026-09-04T17,25,0,760.0,765.0,750.0,765.0,13,4458,4446,26,
2026-09-04T17,25,1,770.0,770.0,770.0,770.0,4,7753,7753,0,
2026-09-04T17,25,2,770.0,770.0,770.0,770.0,7,6384,6381,0,
2026-09-04T17,25,3,775.0,780.0,775.0,780.0,5,12062,12062,738,
2026-09-04T17,25,4,795.0,795.0,795.0,795.0,2,18712,18712,0,
2026-09-04T17,25,5,805.0,805.0,805.0,805.0,3,16452,16452,0,
2026-09-04T17,25,6,835.0,835.0,835.0,835.0,5,13905,13905,0,
2026-09-04T17,25,7,840.0,840.0,835.0,835.0,9,46986,34800,0,
2026-09-04T17,25,10,900.0,900.0,900.0,900.0,1,467,467,0,
2026-09-04T17,26,0,1170.0,1230.0,1170.0,1200.0,8,153,95,197,
2026-09-04T17,26,1,1210.0,1210.0,1210.0,1210.0,1,1108,1108,191,
2026-09-04T17,26,2,1210.0,1220.0,1210.0,1220.0,4,3818,3818,0,
2026-09-04T17,26,3,1230.0,1230.0,1230.0,1230.0,4,10144,10144,0,
2026-09-04T17,26,4,1230.0,1230.0,1230.0,1230.0,7,4175,4175,0,
2026-09-04T17,26,5,1270.0,1270.0,1270.0,1270.0,3,17843,17843,0,
2026-09-04T17,26,6,1250.0,1250.0,1250.0,1250.0,2,2107,2107,0,
2026-09-04T17,26,7,1360.0,1360.0,1360.0,1360.0,1,1000,1000,0,
2026-09-04T17,27,0,580.0,630.0,580.0,630.0,1,4,4,0,
2026-09-04T17,27,1,585.0,585.0,585.0,585.0,1,1919,1919,0,
2026-09-04T17,27,2,580.0,580.0,580.0,580.0,1,1137,1137,45,
2026-09-04T17,27,3,585.0,585.0,585.0,585.0,6,1036,1036,500,
2026-09-04T17,27,4,595.0,595.0,595.0,595.0,3,2366,2366,0,
2026-09-04T17,27,5,600.0,600.0,600.0,600.0,3,9000,9000,0,
2026-09-04T17,27,6,630.0,630.0,630.0,630.0,3,9249,9249,0,
2026-09-04T17,27,7,680.0,680.0,680.0,680.0,1,640,640,0,
2026-09-04T17,27,12,800.0,800.0,800.0,800.0,1,252,252,0,
2026-09-04T17,28,0,945.0,955.0,935.0,955.0,3,721,721,0,
2026-09-04T17,28,1,945.0,945.0,945.0,945.0,1,346,346,0,
2026-09-04T17,28,2,935.0,935.0,935.0,935.0,2,89,89,15,
2026-09-04T17,28,3,985.0,985.0,985.0,985.0,3,2789,2789,0,
2026-09-04T17,28,4,990.0,990.0,990.0,990.0,9,6741,6341,399,
2026-09-04T17,28,6,1040.0,1040.0,1040.0,1040.0,1,500,500,0,
2026-09-04T17,28,9,1050.0,1050.0,1050.0,1050.0,1,285,285,0,
2026-09-04T17,29,0,100.0,101.0,99.0,99.0,54,628869,26404,2001,
2026-09-04T17,30,0,153.0,154.0,150.0,154.0,55,509095,206996,35,
2026-09-04T17,31,0,199.0,199.0,198.0,199.0,44,841228,616602,1663,
2026-09-04T17,32,0,216.0,216.0,210.0,212.0,64,507549,109239,10333,
2026-09-04T17,33,0,107.0,107.0,103.0,106.0,36,378692,100211,1000,
2026-09-04T17,34,0,87.0,88.0,86.0,86.0,84,1074523,163255,13903,
2026-09-04T17,35,0,81.0,83.0,80.5,82.0,39,1046191,133655,0,
2026-09-04T17,40,0,1.58,1.58,1.53,1.56,72,2446682,793964,105835,
2026-09-04T17,40,1,1.64,1.69,1.55,1.55,20,4466581,111682,155440,
2026-09-04T17,40,2,1.77,1.77,1.7,1.7,12,3598302,2124737,63592,
2026-09-04T17,40,3,1.83,1.83,1.82,1.82,14,4379314,2782554,0,
2026-09-04T17,40,4,1.92,1.92,1.92,1.92,15,2813662,1506240,63798,
2026-09-04T17,40,5,2.05,2.05,2.05,2.05,12,6459379,454642,0,
2026-09-04T17,40,6,2.15,2.15,2.15,2.15,4,1049910,845888,0,
2026-09-04T17,40,7,2.5,2.5,2.5,2.5,4,929177,929177,0,
2026-09-04T17,40,8,2.85,2.85,2.85,2.85,3,900000,600000,0,
2026-09-04T17,41,0,4.7,4.7,4.6,4.7,23,246994,88405,15437,
2026-09-04T17,41,1,4.8,4.8,4.75,4.75,8,549027,70039,9904,
2026-09-04T17,41,2,4.9,4.9,4.85,4.85,7,1473941,378282,10000,
2026-09-04T17,41,3,4.95,4.95,4.9,4.9,12,2173019,1146146,3000,
2026-09-04T17,41,4,5.0,5.0,5.0,5.0,8,2113790,640311,0,
2026-09-04T17,41,5,5.6,5.6,5.6,5.6,3,1518646,1518646,0,
2026-09-04T17,41,6,7.3,7.3,7.3,7.3,1,50000,50000,0,
2026-09-04T17,41,7,6.0,6.0,6.0,6.0,1,60781,60781,0,
2026-09-04T17,41,8,8.3,8.3,8.3,8.3,1,185499,185499,0,
2026-09-04T17,41,9,8.9,8.9,8.9,8.9,1,159004,159004,0,
2026-09-04T17,41,10,8.9,8.9,8.9,8.9,3,101000,100000,0,
2026-09-04T17,41,11,9.9,9.9,9.9,9.9,2,23103,23103,0,
2026-09-04T17,42,0,4.9,4.9,4.7,4.8,44,2925223,29204,8400,
2026-09-04T17,42,1,5.2,5.2,5.2,5.2,8,166905,148168,452,
2026-09-04T17,42,2,5.3,5.3,5.3,5.3,10,1141560,1091266,42834,
2026-09-04T17,42,3,5.4,5.4,5.4,5.4,11,622686,510681,0,
2026-09-04T17,42,4,5.5,5.5,5.2,5.2,7,1342227,17000,38000,
2026-09-04T17,42,5,5.7,5.7,5.7,5.7,6,3737535,437535,0,
2026-09-04T17,42,6,6.9,6.9,6.9,6.9,1,1647,1647,0,
2026-09-04T17,42,7,6.9,6.9,6.9,6.9,1,999,999,0,
2026-09-04T17,43,0,11.6,11.8,11.4,11.8,18,244881,237591,23271,
2026-09-04T17,43,1,11.9,11.9,11.9,11.9,13,714880,543347,0,
2026-09-04T17,43,2,11.9,11.9,11.8,11.8,12,1271140,949144,89549,
2026-09-04T17,43,3,11.9,12.0,11.8,12.0,19,1616682,1111416,160,
2026-09-04T17,43,4,12.2,12.3,12.2,12.2,10,613321,572960,2645,
2026-09-04T17,43,5,13.4,13.4,11.5,13.4,5,709350,322192,0,
2026-09-04T17,43,6,14.5,14.5,14.5,14.5,7,929297,929297,699,
2026-09-04T17,43,7,17.6,17.6,17.6,17.6,2,27389,27389,0,
2026-09-04T17,43,8,18.8,18.8,18.8,18.8,3,23885,23885,0,
2026-09-04T17,44,0,1.28,1.28,1.25,1.27,10,2092360,2092360,89910,
2026-09-04T17,44,1,1.28,1.28,1.28,1.28,2,173990,173990,78740,
2026-09-04T17,44,2,1.31,1.31,1.26,1.27,18,5818640,3318640,167157,
2026-09-04T17,44,3,1.33,1.33,1.32,1.32,3,435406,335406,0,
2026-09-04T17,44,4,1.33,1.33,1.33,1.33,4,11383826,3334934,0,
2026-09-04T17,44,5,1.33,1.33,1.33,1.33,6,2915962,1368343,400606,
2026-09-04T17,44,6,1.35,1.35,1.35,1.35,4,2815813,340000,0,
2026-09-04T17,44,7,1.69,1.69,1.69,1.69,1,400000,400000,0,
2026-09-04T17,45,0,15.7,15.7,13.0,15.7,10,470464,470464,42854,
2026-09-04T17,45,1,15.7,15.9,15.7,15.9,5,179224,53920,0,
2026-09-04T17,45,2,15.8,15.8,15.6,15.8,12,558787,430048,22024,
2026-09-04T17,45,3,15.9,15.9,15.7,15.9,18,622901,210664,0,
2026-09-04T17,45,4,16.8,16.8,16.8,16.8,12,150848,107086,0,
2026-09-04T17,45,5,19.0,19.0,19.0,19.0,1,11111,11111,0,
2026-09-04T17,45,6,17.0,17.0,17.0,17.0,1,122621,122621,0,
2026-09-04T17,45,7,23.5,23.5,23.5,23.5,1,10000,10000,0,
2026-09-04T17,45,9,24.25,24.25,24.25,24.25,1,1999,1999,0,
2026-09-04T17,45,12,24.5,24.5,24.5,24.5,3,54291,54291,0,
2026-09-04T17,46,0,28.25,28.5,27.0,27.5,53,156603,1269,1866,
2026-09-04T17,46,1,28.5,28.5,28.0,28.25,16,127018,105064,14896,
2026-09-04T17,46,2,29.75,29.75,29.0,29.0,9,39143,32395,0,
2026-09-04T17,46,3,29.75,29.75,29.5,29.5,9,519440,469984,10678,
2026-09-04T17,46,4,30.0,30.0,29.0,29.0,12,452157,85390,189,
2026-09-04T17,46,5,30.5,30.5,30.5,30.5,11,173662,143662,0,
2026-09-04T17,46,6,34.5,34.5,34.5,34.5,6,159788,159788,0,
2026-09-04T17,46,7,34.75,34.75,34.75,34.75,8,145036,137395,0,
2026-09-04T17,47,0,448.0,448.0,446.0,446.0,9,11474,11301,227,
2026-09-04T17,47,1,452.0,452.0,452.0,452.0,3,2521,2521,0,
2026-09-04T17,47,2,454.0,454.0,448.0,448.0,8,10536,10536,256,
2026-09-04T17,47,3,452.0,452.0,452.0,452.0,10,43428,43428,0,
2026-09-04T17,47,4,462.0,466.0,462.0,464.0,6,14244,14244,1969,
2026-09-04T17,47,5,470.0,470.0,468.0,468.0,4,8115,4576,0,
2026-09-04T17,47,6,498.0,498.0,498.0,498.0,6,43664,38664,0,
2026-09-04T17,47,7,525.0,525.0,525.0,525.0,1,7528,7528,0,
2026-09-04T17,47,8,530.0,530.0,530.0,530.0,2,14140,14140,0,
2026-09-04T17,47,9,900.0,900.0,900.0,900.0,1,1,1,0,
2026-09-04T17,48,0,222.0,222.0,220.0,220.0,8,3341,3191,20,
2026-09-04T17,48,1,238.0,238.0,238.0,238.0,2,1172,1172,0,
2026-09-04T17,48,3,234.0,234.0,230.0,230.0,3,5821,5821,683,
2026-09-04T17,48,4,232.0,232.0,232.0,232.0,5,53445,53445,113,
2026-09-04T17,48,5,256.0,256.0,256.0,256.0,5,57903,57903,0,
2026-09-04T17,48,6,278.0,278.0,278.0,278.0,2,74160,74160,0,
2026-09-04T17,48,7,350.0,350.0,350.0,350.0,3,3000,2000,0,
2026-09-04T17,48,8,400.0,400.0,400.0,400.0,1,250,250,0,
2026-09-04T17,49,0,940.0,940.0,940.0,940.0,22,7847,5137,16,
2026-09-04T17,49,1,1010.0,1010.0,1010.0,1010.0,3,5580,5580,52,
2026-09-04T17,49,2,1040.0,1040.0,1020.0,1020.0,3,1315,1315,0,
2026-09-04T17,49,3,1140.0,1140.0,1140.0,1140.0,1,93,93,0,
2026-09-04T17,49,4,1030.0,1030.0,1020.0,1020.0,2,20350,20350,800,
2026-09-04T17,49,5,1070.0,1070.0,1070.0,1070.0,2,5185,185,0,
2026-09-04T17,49,6,1190.0,1190.0,1190.0,1190.0,2,584,584,0,
2026-09-04T17,49,7,1230.0,1230.0,1230.0,1230.0,2,9493,9493,0,
2026-09-04T17,50,0,320.0,320.0,318.0,320.0,7,3962,3672,250,
2026-09-04T17,50,1,328.0,328.0,328.0,328.0,1,1049,1049,741,
2026-09-04T17,50,2,330.0,330.0,330.0,330.0,10,18403,18403,0,
2026-09-04T17,50,3,342.0,342.0,342.0,342.0,8,14972,14972,700,
2026-09-04T17,50,4,352.0,352.0,352.0,352.0,5,31426,31426,0,
2026-09-04T17,50,5,352.0,352.0,350.0,350.0,3,13007,13007,4480,
2026-09-04T17,50,6,354.0,354.0,354.0,354.0,3,31484,31484,0,
2026-09-04T17,50,7,354.0,354.0,354.0,354.0,8,34711,30211,0,
2026-09-04T17,50,8,416.0,416.0,416.0,416.0,1,18323,18323,0,
2026-09-04T17,50,9,416.0,416.0,416.0,416.0,1,11399,11399,0,
2026-09-04T17,50,10,418.0,418.0,418.0,418.0,1,2,2,0,
2026-09-04T17,50,11,420.0,420.0,420.0,420.0,4,16360,4960,0,
2026-09-04T17,51,0,775.0,785.0,775.0,785.0,6,3924,3339,379,
2026-09-04T17,51,1,790.0,790.0,790.0,790.0,9,11367,11367,80,
2026-09-04T17,51,2,795.0,795.0,795.0,795.0,8,6917,6341,0,
2026-09-04T17,51,3,820.0,820.0,820.0,820.0,6,20182,20182,0,
2026-09-04T17,51,4,815.0,815.0,810.0,810.0,22,30043,21058,0,
2026-09-04T17,51,5,900.0,900.0,900.0,900.0,10,8310,7942,0,
2026-09-04T17,51,6,910.0,910.0,910.0,910.0,6,7954,6954,0,
2026-09-04T17,51,8,995.0,995.0,995.0,995.0,2,1025,1025,0,
2026-09-04T17,52,0,610.0,615.0,600.0,600.0,9,3306,3306,0,
2026-09-04T17,52,1,610.0,610.0,610.0,610.0,1,34,34,112,
2026-09-04T17,52,2,620.0,620.0,620.0,620.0,3,1227,1227,0,
2026-09-04T17,52,3,610.0,610.0,610.0,610.0,4,6153,6153,368,
2026-09-04T17,52,4,630.0,630.0,630.0,630.0,3,5722,5722,0,
2026-09-04T17,52,5,635.0,635.0,635.0,635.0,3,13201,13201,0,
2026-09-04T17,52,6,645.0,645.0,645.0,645.0,4,13759,8759,0,
2026-09-04T17,52,7,800.0,800.0,800.0,800.0,7,110,10,0,
2026-09-04T17,52,8,1230.0,1230.0,1230.0,1230.0,2,1029,1029,0,
2026-09-04T17,52,10,1240.0,1240.0,1240.0,1240.0,1,1000,1000,0,
2026-09-04T17,52,11,1250.0,1250.0,1250.0,1250.0,2,1099,1099,0,
2026-09-04T17,53,0,3430.0,3430.0,3410.0,3410.0,8,373,373,0,
2026-09-04T17,53,1,3590.0,3590.0,3590.0,3590.0,1,1,1,0,
2026-09-04T17,53,2,3450.0,3450.0,3440.0,3440.0,2,68,68,0,
2026-09-04T17,53,3,3460.0,3470.0,3460.0,3470.0,2,1399,1399,0,
2026-09-04T17,53,4,3500.0,3500.0,3500.0,3500.0,6,1196,1196,0,
2026-09-04T17,53,5,3580.0,3580.0,3580.0,3580.0,4,2980,2980,0,
2026-09-04T17,53,6,3790.0,3790.0,3790.0,3790.0,1,4284,4284,0,
2026-09-04T17,53,9,3800.0,3800.0,3800.0,3800.0,1,4,4,0,
2026-09-04T17,54,0,6475.0,6500.0,6475.0,6500.0,5,802,712,4,
2026-09-04T17,54,1,6700.0,6700.0,6700.0,6700.0,1,224,224,0,
2026-09-04T17,54,2,6475.0,6500.0,6475.0,6500.0,1,500,500,113,
2026-09-04T17,54,3,6800.0,6800.0,6800.0,6800.0,1,2614,2614,0,
2026-09-04T17,54,4,6775.0,6775.0,6775.0,6775.0,3,6257,6257,0,
2026-09-04T17,54,5,7000.0,7000.0,7000.0,7000.0,2,2000,1000,0,
2026-09-04T17,54,6,7100.0,7100.0,7100.0,7100.0,2,1007,1007,0,
2026-09-04T17,54,7,6900.0,6900.0,6900.0,6900.0,1,252,252,6,
2026-09-04T17,55,0,2310.0,2320.0,2310.0,2320.0,,,,0,
2026-09-04T17,55,2,2330.0,2330.0,2330.0,2330.0,1,54,54,0,
2026-09-04T17,55,3,2320.0,2320.0,2320.0,2320.0,3,1981,1981,61,
2026-09-04T17,55,4,2310.0,2340.0,2310.0,2340.0,1,172,172,26,
2026-09-04T17,55,6,2390.0,2390.0,2390.0,2390.0,2,366,99,0,
2026-09-04T17,55,7,2400.0,2400.0,2400.0,2400.0,4,65,40,0,
2026-09-04T17,56,0,4400.0,4410.0,4400.0,4410.0,1,190,190,255,
2026-09-04T17,56,2,4400.0,4430.0,4400.0,4430.0,2,58,58,5,
2026-09-04T17,56,3,4420.0,4420.0,4420.0,4420.0,5,586,586,0,
2026-09-04T17,56,4,4440.0,4440.0,4440.0,4440.0,2,2033,2033,0,
2026-09-04T17,56,5,4440.0,4440.0,4440.0,4440.0,6,8099,8099,0,
2026-09-04T17,56,6,4540.0,4640.0,4540.0,4640.0,1,120,120,0,
2026-09-04T17,56,7,5125.0,5125.0,5100.0,5100.0,16,1817,61,0,
2026-09-04T17,56,8,6200.0,6200.0,6200.0,6200.0,1,2849,2849,0,
2026-09-04T17,57,0,5575.0,5625.0,5575.0,5625.0,3,93,35,0,
2026-09-04T17,57,1,5575.0,5600.0,5575.0,5600.0,2,707,707,1,
2026-09-04T17,57,2,5600.0,5600.0,5600.0,5600.0,1,499,499,50,
2026-09-04T17,57,3,5725.0,5725.0,5725.0,5725.0,3,400,73,0,
2026-09-04T17,57,4,5750.0,5750.0,5750.0,5750.0,2,733,733,0,
2026-09-04T17,57,5,5800.0,5800.0,5800.0,5800.0,4,7670,6670,0,
2026-09-04T17,57,6,5875.0,5875.0,5875.0,5875.0,9,2441,2041,0,
2026-09-04T17,57,7,6000.0,6000.0,6000.0,6000.0,2,20,10,0,
2026-09-04T17,57,8,6875.0,6875.0,6875.0,6875.0,2,31,30,0,
2026-09-04T17,58,0,122.0,124.0,121.0,121.0,40,893326,30570,0,
2026-09-04T17,59,0,65.0,65.0,64.0,64.0,45,2813172,1475355,400,
2026-09-04T17,60,0,5.5,6.9,5.5,6.6,29,363584,322278,0,
2026-09-04T17,60,1,6.8,6.9,6.8,6.9,2,83668,83663,0,
2026-09-04T17,60,2,6.8,6.9,6.8,6.9,6,449804,268290,0,
2026-09-04T17,60,3,6.8,7.0,6.8,7.0,3,2348798,2348798,0,
2026-09-04T17,60,4,6.9,6.9,6.9,6.9,4,9166583,6579292,330809,
2026-09-04T17,60,5,7.0,7.0,7.0,7.0,4,1037804,1037804,0,
2026-09-04T17,60,6,7.2,7.2,7.2,7.2,9,971703,214133,0,
2026-09-04T17,60,7,7.5,7.5,7.5,7.5,4,367282,5000,0,
2026-09-04T17,60,8,8.8,8.8,8.8,8.8,2,285624,285624,0,
2026-09-04T17,60,9,10.0,10.0,10.0,10.0,1,100000,100000,0,
2026-09-04T17,60,10,9.8,9.8,9.8,9.8,4,573266,563267,0,
2026-09-04T17,60,12,12.9,12.9,12.9,12.9,1,1,1,0,
2026-09-04T17,61,0,19.3,19.3,19.0,19.1,17,173077,140493,0,
2026-09-04T17,61,1,19.3,19.3,19.0,19.0,11,1236675,1193243,0,
2026-09-04T17,61,2,19.7,19.7,19.2,19.2,9,2148670,1069686,0,
2026-09-04T17,61,3,20.0,20.0,19.9,19.9,12,1691168,1111718,0,
2026-09-04T17,61,4,20.5,20.5,20.5,20.5,10,764546,754187,0,
2026-09-04T17,61,5,21.0,21.0,21.0,21.0,6,872696,867696,0,
2026-09-04T17,61,6,24.5,24.5,24.5,24.5,3,151876,66000,0,
2026-09-04T17,62,0,21.75,21.75,21.75,21.75,17,19483,6273,0,
2026-09-04T17,62,1,22.25,22.25,22.25,22.25,6,49956,45536,0,
2026-09-04T17,62,2,22.75,23.0,22.75,23.0,11,328111,306650,0,
2026-09-04T17,62,3,23.0,23.0,23.0,23.0,9,229635,144639,7000,
2026-09-04T17,62,4,23.5,23.5,23.5,23.5,5,600431,600431,0,
2026-09-04T17,62,5,29.0,29.0,29.0,29.0,2,278452,1452,0,
2026-09-04T17,62,6,24.75,24.75,24.75,24.75,1,12019,12019,0,
2026-09-04T17,62,9,38.0,38.0,38.0,38.0,2,999,999,0,
2026-09-04T17,63,0,33.5,33.5,33.5,33.5,19,82525,80395,260,
2026-09-04T17,63,1,34.0,34.0,33.75,33.75,12,188367,167252,0,
2026-09-04T17,63,2,35.25,35.25,35.25,35.25,10,329755,329755,0,
2026-09-04T17,63,3,35.75,35.75,35.5,35.5,3,132368,132368,0,
2026-09-04T17,63,4,36.25,36.25,36.25,36.25,3,266403,266403,0,
2026-09-04T17,63,5,37.75,37.75,37.75,37.75,1,100000,100000,0,
2026-09-04T17,63,6,38.5,38.5,38.5,38.5,1,10000,10000,0,
2026-09-04T17,63,7,38.0,38.0,38.0,38.0,1,98125,98125,0,
2026-09-04T17,64,0,47.0,47.0,46.75,46.75,16,14193,5755,0,
2026-09-04T17,64,1,47.0,47.0,47.0,47.0,4,41914,41914,77,
2026-09-04T17,64,2,48.0,48.0,48.0,48.0,5,30660,30660,0,
2026-09-04T17,64,3,49.25,49.25,49.25,49.25,4,17668,17668,0,
2026-09-04T17,64,4,49.5,49.5,49.5,49.5,2,105349,105349,0,
2026-09-04T17,64,5,50.5,50.5,50.5,50.5,5,172000,172000,0,
2026-09-04T17,64,6,50.5,50.5,50.5,50.5,4,81589,81589,0,
2026-09-04T17,64,7,59.0,59.0,59.0,59.0,2,11000,11000,0,
2026-09-04T17,64,8,78.5,78.5,78.5,78.5,2,800,800,0,
2026-09-04T17,64,10,80.0,80.0,80.0,80.0,1,5000,5000,0,
2026-09-04T17,65,0,13.1,13.2,13.1,13.1,18,200100,196446,0,
2026-09-04T17,65,1,13.2,13.4,13.2,13.4,5,154421,154421,0,
2026-09-04T17,65,2,13.5,13.5,13.5,13.5,14,682918,340532,2084,
2026-09-04T17,65,3,13.6,13.6,13.6,13.6,7,1378352,1351825,0,
2026-09-04T17,65,4,13.7,13.7,13.7,13.7,8,797273,267838,0,
2026-09-04T17,65,5,14.4,14.4,14.4,14.4,3,692296,692296,0,
2026-09-04T17,65,6,14.5,14.5,14.5,14.5,5,147595,147595,0,
2026-09-04T17,65,7,15.9,15.9,15.9,15.9,1,12000,12000,0,
2026-09-04T17,65,9,16.3,16.3,16.3,16.3,1,10000,10000,0,
2026-09-04T17,65,10,16.4,16.4,16.4,16.4,1,50000,50000,0,
2026-09-04T17,65,11,16.1,16.1,16.1,16.1,2,79712,79712,0,
2026-09-04T17,65,12,16.1,16.1,16.1,16.1,5,734350,734251,0,
2026-09-04T17,66,0,0.278,0.28,0.266,0.279,157,42312188,4281863,178545,
2026-09-04T17,66,1,0.28,0.282,0.28,0.281,24,7339870,5613097,196739,
2026-09-04T17,66,2,0.294,0.295,0.294,0.294,7,3659934,1281778,36715,
2026-09-04T17,66,3,0.303,0.304,0.303,0.303,12,14689070,11524470,66836,
2026-09-04T17,66,4,0.315,0.315,0.315,0.315,6,2010812,2010812,0,
2026-09-04T17,66,5,0.314,0.314,0.314,0.314,12,16797183,9114814,1568735,
2026-09-04T17,66,6,0.358,0.358,0.358,0.358,3,16794245,5152057,0,
2026-09-04T17,66,7,0.4,0.4,0.4,0.4,5,4218252,1099274,0,
2026-09-04T17,66,8,0.6,0.6,0.6,0.6,10,18827288,139199,0,
2026-09-04T17,66,10,0.78,0.78,0.78,0.78,4,3140000,3040000,0,
2026-09-04T17,66,12,0.69,0.69,0.69,0.69,2,2695836,2695836,0,
2026-09-04T17,67,0,11.8,11.8,11.8,11.8,15,206063,165182,0,
2026-09-04T17,67,1,13.2,13.2,13.2,13.2,3,160804,160804,0,
2026-09-04T17,67,2,12.3,12.3,12.3,12.3,6,143270,13987,0,
2026-09-04T17,67,3,13.4,13.4,13.4,13.4,6,29612,29492,0,
2026-09-04T17,67,4,17.0,17.0,17.0,17.0,11,1100,900,0,
2026-09-04T17,67,7,19.0,19.0,19.0,19.0,1,47112,47112,0,
2026-09-04T17,68,0,31.5,32.0,31.25,31.5,34,373819,340365,0,
2026-09-04T17,68,1,32.75,32.75,32.5,32.5,14,100443,68743,0,
2026-09-04T17,68,2,33.0,33.0,33.0,33.0,12,125709,50946,0,
2026-09-04T17,68,3,33.5,33.5,33.5,33.5,9,350308,224990,0,
2026-09-04T17,68,4,34.0,34.0,34.0,34.0,6,1284555,267205,0,
2026-09-04T17,68,5,36.5,36.5,36.5,36.5,5,49195,49195,0,
2026-09-04T17,68,6,36.75,36.75,36.75,36.75,5,204326,204326,0,
2026-09-04T17,68,10,38.0,38.0,38.0,38.0,4,300120,300120,0,
2026-09-04T17,69,0,6400.0,6525.0,6300.0,6450.0,34,3383,2517,84,
2026-09-04T17,69,1,6450.0,6525.0,6450.0,6525.0,7,284,284,37,
2026-09-04T17,69,2,6500.0,6550.0,6500.0,6550.0,21,4220,3278,37,
2026-09-04T17,69,3,6575.0,6575.0,6575.0,6575.0,31,5375,5121,171,
2026-09-04T17,69,4,6725.0,6775.0,6725.0,6750.0,15,7380,6487,93,
2026-09-04T17,69,5,6775.0,6900.0,6775.0,6900.0,4,2975,2975,132,
2026-09-04T17,69,6,7000.0,7000.0,7000.0,7000.0,6,846,846,0,
2026-09-04T17,69,7,7400.0,7400.0,7400.0,7400.0,12,5709,5709,0,
2026-09-04T17,69,8,7775.0,7775.0,7775.0,7775.0,1,200,200,0,
2026-09-04T17,69,9,7775.0,7775.0,7775.0,7775.0,2,300,300,0,
2026-09-04T17,69,10,7825.0,7825.0,7825.0,7825.0,3,294,200,0,
2026-09-04T17,69,11,8150.0,8150.0,8150.0,8150.0,3,208,208,0,
2026-09-04T17,69,12,12500.0,12500.0,12500.0,12500.0,1,5,5,0,
2026-09-04T17,70,0,800.0,805.0,790.0,805.0,10,3904,3725,0,
2026-09-04T17,70,1,810.0,810.0,810.0,810.0,2,620,620,0,
2026-09-04T17,70,2,805.0,805.0,805.0,805.0,8,5749,5749,8,
2026-09-04T17,70,3,820.0,820.0,790.0,790.0,6,4384,1233,0,
2026-09-04T17,70,4,820.0,820.0,820.0,820.0,6,10366,9366,0,
2026-09-04T17,70,5,800.0,800.0,795.0,795.0,39,5281,9,0,
2026-09-04T17,70,7,1280.0,1280.0,1280.0,1280.0,1,106,106,0,
2026-09-04T17,70,10,1140.0,1140.0,1140.0,1140.0,3,497,7,0,
2026-09-04T17,71,0,1560.0,1590.0,1550.0,1590.0,6,2207,2203,0,
2026-09-04T17,71,1,1590.0,1590.0,1590.0,1590.0,4,963,963,0,
2026-09-04T17,71,2,1560.0,1560.0,1560.0,1560.0,15,8544,4440,117,
2026-09-04T17,71,3,1560.0,1570.0,1560.0,1570.0,12,13906,9876,348,
2026-09-04T17,71,4,1610.0,1610.0,1610.0,1610.0,14,34799,34799,0,
2026-09-04T17,71,5,1660.0,1660.0,1660.0,1660.0,2,1120,1120,0,
2026-09-04T17,71,6,1670.0,1670.0,1670.0,1670.0,8,11284,11284,0,
2026-09-04T17,71,7,1980.0,1980.0,1980.0,1980.0,13,1184,884,0,
2026-09-04T17,72,0,1.69,1.69,1.53,1.66,64,1559532,1259341,2200,
2026-09-04T17,72,1,1.73,1.81,1.73,1.81,4,5884295,5884295,0,
2026-09-04T17,72,2,1.8,1.81,1.8,1.81,11,2653716,2653716,0,
2026-09-04T17,72,3,1.75,1.81,1.75,1.81,15,2644825,2114123,810677,
2026-09-04T17,72,4,1.9,1.9,1.9,1.9,11,6767111,3851475,0,
2026-09-04T17,72,5,2.4,2.4,2.35,2.35,3,1130144,749948,0,
2026-09-04T17,72,6,2.45,2.45,2.45,2.45,5,876194,786322,0,
2026-09-04T17,72,9,3.85,3.85,3.85,3.85,1,406399,406399,0,
2026-09-04T17,72,10,3.9,3.9,3.9,3.9,3,49998,49998,0,
2026-09-04T17,73,0,27.25,27.75,26.75,27.75,75,248926,244264,12476,
2026-09-04T17,73,1,28.0,28.0,27.75,27.75,15,333641,184078,2814,
2026-09-04T17,73,2,28.25,28.25,28.0,28.0,23,436708,315999,0,
2026-09-04T17,73,3,28.25,28.5,28.25,28.25,20,1001605,200576,6798,
2026-09-04T17,73,4,29.25,29.25,29.25,29.25,16,506678,262132,0,
2026-09-04T17,73,5,29.75,29.75,29.75,29.75,15,327002,72905,0,
2026-09-04T17,73,6,34.0,34.0,34.0,34.0,4,95032,95032,0,
2026-09-04T17,73,7,34.0,34.0,34.0,34.0,6,114549,114549,0,
2026-09-04T17,73,10,34.0,34.0,34.0,34.0,5,185109,185109,0,
2026-09-04T17,74,0,19.8,20.25,19.7,19.7,25,237672,9227,0,
2026-09-04T17,74,1,22.25,22.25,22.25,22.25,9,54330,49977,0,
2026-09-04T17,74,2,22.75,22.75,22.75,22.75,6,306738,297091,15436,
2026-09-04T17,74,3,23.25,23.25,23.25,23.25,7,207558,179633,0,
2026-09-04T17,74,4,23.5,24.25,23.5,24.25,1,53215,53215,0,
2026-09-04T17,74,5,23.75,24.25,23.75,24.25,5,535975,473493,5614,
2026-09-04T17,74,6,25.0,25.0,25.0,25.0,1,71809,71809,0,
2026-09-04T17,74,7,24.0,24.5,24.0,24.5,2,152052,152052,0,
2026-09-04T17,74,9,30.0,30.0,30.0,30.0,1,22302,22302,0,
2026-09-04T17,74,10,33.0,33.0,33.0,33.0,1,13337,13337,0,
2026-09-04T17,74,12,40.0,40.0,40.0,40.0,1,499,499,0,
2026-09-04T17,75,0,6.2,6.4,6.1,6.4,10,1321780,1162453,26580,
2026-09-04T17,75,1,6.5,6.5,6.5,6.5,7,3160254,3160254,0,
2026-09-04T17,75,2,6.5,6.5,6.5,6.5,9,2360691,2360685,0,
2026-09-04T17,75,3,6.5,6.5,6.4,6.4,19,7187712,1058849,7471,
2026-09-04T17,75,4,6.6,6.8,6.6,6.8,8,1433389,583389,0,
2026-09-04T17,75,5,6.8,6.8,6.8,6.8,4,1675576,1675576,85631,
2026-09-04T17,75,6,6.9,6.9,6.9,6.9,2,437840,387840,0,
2026-09-04T17,75,7,7.0,7.0,7.0,7.0,1,500000,500000,0,
2026-09-04T17,75,8,6.7,7.0,6.7,7.0,5,5896336,274118,0,
2026-09-04T17,75,9,7.8,7.8,7.8,7.8,1,833075,833075,0,
2026-09-04T17,75,10,7.9,7.9,7.9,7.9,2,2975401,500000,0,
2026-09-04T17,75,11,8.8,8.8,8.8,8.8,1,231388,231388,0,
2026-09-04T17,76,0,59.5,60.5,59.5,60.0,15,73842,73807,2047,
2026-09-04T17,76,1,61.0,61.0,60.5,60.5,5,33683,33683,0,
2026-09-04T17,76,2,61.5,61.5,61.0,61.0,10,145506,132824,1480,
2026-09-04T17,76,3,62.0,62.0,62.0,62.0,12,408728,309798,0,
2026-09-04T17,76,4,62.5,62.5,62.5,62.5,16,290379,225340,0,
2026-09-04T17,76,5,66.0,66.0,66.0,66.0,4,142491,142491,504,
2026-09-04T17,76,6,67.5,67.5,67.5,67.5,6,779840,779840,0,
2026-09-04T17,76,7,68.0,68.0,68.0,68.0,6,137934,137934,0,
2026-09-04T17,76,8,73.5,73.5,73.5,73.5,3,50002,50002,0,
2026-09-04T17,76,9,91.0,91.0,91.0,91.0,4,172666,172666,0,
2026-09-04T17,76,10,99.5,99.5,99.5,99.5,2,21000,21000,0,
2026-09-04T17,76,11,111.0,111.0,111.0,111.0,1,5000,5000,0,
2026-09-04T17,76,12,111.0,111.0,111.0,111.0,2,2799,2799,0,
2026-09-04T17,77,0,2560.0,2610.0,2560.0,2610.0,18,3024,1827,59,
2026-09-04T17,77,1,2720.0,2720.0,2720.0,2720.0,11,916,916,58,
2026-09-04T17,77,2,2850.0,2850.0,2810.0,2810.0,3,499,499,0,
2026-09-04T17,77,3,2820.0,2820.0,2820.0,2820.0,3,2475,334,57,
2026-09-04T17,77,4,2840.0,2840.0,2820.0,2820.0,5,4552,4552,0,
2026-09-04T17,77,5,2820.0,2820.0,2820.0,2820.0,10,8004,8004,151,
2026-09-04T17,77,6,2880.0,2880.0,2880.0,2880.0,5,1560,1560,0,
2026-09-04T17,77,7,2900.0,2900.0,2900.0,2900.0,5,6144,100,0,
2026-09-04T17,77,8,2900.0,2900.0,2900.0,2900.0,8,17245,8313,400,
2026-09-04T17,77,9,3490.0,3490.0,3490.0,3490.0,2,5565,5565,0,
2026-09-04T17,77,10,3660.0,3660.0,3660.0,3660.0,2,508,508,0,
2026-09-04T17,77,11,3800.0,3800.0,3800.0,3800.0,2,7,5,0,
2026-09-04T17,77,12,5250.0,5250.0,5250.0,5250.0,1,99,99,0,
2026-09-04T17,78,0,1840.0,1850.0,1840.0,1850.0,23,6758,2037,10,
2026-09-04T17,78,1,1950.0,1950.0,1950.0,1950.0,15,3365,587,34,
2026-09-04T17,78,2,2090.0,2090.0,2090.0,2090.0,11,2155,2075,18,
2026-09-04T17,78,3,2130.0,2130.0,2120.0,2120.0,7,4934,4581,0,
2026-09-04T17,78,4,2140.0,2140.0,2140.0,2140.0,5,5143,5143,0,
2026-09-04T17,78,5,2380.0,2380.0,2380.0,2380.0,4,2657,2657,0,
2026-09-04T17,78,6,2400.0,2400.0,2400.0,2400.0,3,721,721,0,
2026-09-04T17,78,7,2390.0,2390.0,2390.0,2390.0,13,2329,2329,0,
2026-09-04T17,78,8,2450.0,2450.0,2450.0,2450.0,15,1290,1240,0,
2026-09-04T17,78,9,2550.0,2550.0,2550.0,2550.0,20,1936,936,0,
2026-09-04T17,78,10,2640.0,2640.0,2640.0,2640.0,11,1013,563,0,
2026-09-04T17,78,11,2690.0,2690.0,2690.0,2690.0,5,702,502,0,
2026-09-04T17,79,0,890.0,890.0,870.0,870.0,7,141,140,5,
2026-09-04T17,79,1,895.0,895.0,880.0,880.0,4,1511,1511,1077,
2026-09-04T17,79,2,930.0,930.0,890.0,890.0,3,5712,5712,24,
2026-09-04T17,79,3,900.0,900.0,895.0,895.0,9,8069,8069,2928,
2026-09-04T17,79,4,905.0,910.0,900.0,910.0,6,11377,11377,466,
2026-09-04T17,79,5,915.0,915.0,915.0,915.0,5,8514,8514,0,
2026-09-04T17,79,6,925.0,925.0,925.0,925.0,7,13093,11859,66,
2026-09-04T17,79,7,940.0,940.0,940.0,940.0,9,23384,22384,0,
2026-09-04T17,79,8,950.0,950.0,950.0,950.0,9,34436,28815,0,
2026-09-04T17,79,9,1030.0,1030.0,1030.0,1030.0,5,14921,13921,0,
2026-09-04T17,79,10,1030.0,1030.0,1030.0,1030.0,9,8100,4100,0,
2026-09-04T17,79,11,1210.0,1210.0,1210.0,1210.0,5,2050,1050,0,
2026-09-04T17,79,12,1490.0,1490.0,1490.0,1490.0,2,125,125,0,
2026-09-04T17,80,0,4460.0,4470.0,4450.0,4470.0,6,113,113,6,
2026-09-04T17,80,1,4960.0,4960.0,4960.0,4960.0,1,35,35,0,
2026-09-04T17,80,2,4960.0,4960.0,4900.0,4900.0,4,451,451,46,
2026-09-04T17,80,3,4980.0,4980.0,4980.0,4980.0,4,263,263,0,
2026-09-04T17,80,4,5000.0,5000.0,5000.0,5000.0,2,569,569,103,
2026-09-04T17,80,5,5025.0,5025.0,5025.0,5025.0,8,2276,2276,26,
2026-09-04T17,80,6,5550.0,5550.0,5550.0,5550.0,6,2898,466,0,
2026-09-04T17,80,7,5600.0,5600.0,5600.0,5600.0,4,1788,250,0,
2026-09-04T17,80,8,6400.0,6400.0,6400.0,6400.0,1,148,148,0,
2026-09-04T17,80,9,8375.0,8375.0,8375.0,8375.0,3,188,188,0,
2026-09-04T17,80,10,8500.0,8500.0,8500.0,8500.0,1,81,81,0,
2026-09-04T17,81,0,5175.0,5175.0,5150.0,5175.0,2,187,187,6,
2026-09-04T17,81,1,5250.0,5250.0,5250.0,5250.0,2,224,224,0,
2026-09-04T17,81,2,5200.0,5225.0,5200.0,5225.0,9,1526,1025,4,
2026-09-04T17,81,3,5350.0,5350.0,5325.0,5325.0,7,1067,685,3,
2026-09-04T17,81,4,5425.0,5425.0,5425.0,5425.0,6,2269,1506,14,
2026-09-04T17,81,5,5800.0,5800.0,5800.0,5800.0,3,1984,1984,0,
2026-09-04T17,81,6,5825.0,5825.0,5825.0,5825.0,4,1134,1034,0,
2026-09-04T17,81,7,5975.0,5975.0,5975.0,5975.0,8,1766,1766,0,
2026-09-04T17,81,8,6225.0,6225.0,6225.0,6225.0,5,2439,2439,18,
2026-09-04T17,81,9,6450.0,6450.0,6450.0,6450.0,1,1000,1000,0,
2026-09-04T17,81,10,6600.0,6600.0,6600.0,6600.0,1,900,900,0,
2026-09-04T17,81,11,6800.0,6800.0,6800.0,6800.0,3,1000,998,0,
2026-09-04T17,82,0,1510.0,1510.0,1510.0,1510.0,2,367,367,12,
2026-09-04T17,82,1,1530.0,1530.0,1530.0,1530.0,2,848,848,0,
2026-09-04T17,82,2,1520.0,1520.0,1520.0,1520.0,9,8494,6664,15,
2026-09-04T17,82,3,1560.0,1560.0,1560.0,1560.0,12,4175,3447,0,
2026-09-04T17,82,4,1650.0,1650.0,1650.0,1650.0,10,4675,4675,0,
2026-09-04T17,82,5,1710.0,1710.0,1710.0,1710.0,9,12920,12399,0,
2026-09-04T17,82,6,1820.0,1820.0,1820.0,1820.0,1,4255,4255,0,
2026-09-04T17,82,7,1900.0,1900.0,1900.0,1900.0,5,4116,4116,0,
2026-09-04T17,82,8,2000.0,2000.0,2000.0,2000.0,1,250,250,0,
2026-09-04T17,82,9,2050.0,2050.0,2050.0,2050.0,2,1250,1250,0,
2026-09-04T17,82,10,2300.0,2300.0,2300.0,2300.0,1,250,250,0,
2026-09-04T17,83,0,30.25,31.0,30.0,31.0,16,191337,124087,2136,
2026-09-04T17,83,1,33.5,34.75,33.5,34.75,2,35833,20000,0,
2026-09-04T17,83,2,34.5,34.5,34.25,34.25,12,91783,88938,0,
2026-09-04T17,83,3,34.0,34.5,34.0,34.5,7,119687,110087,2704,
2026-09-04T17,83,4,35.75,35.75,35.75,35.75,7,89685,89685,250,
2026-09-04T17,83,5,36.5,36.75,36.5,36.75,4,82838,77838,0,
2026-09-04T17,83,6,45.0,45.0,45.0,45.0,1,5000,5000,0,
2026-09-04T17,83,7,37.0,37.0,37.0,37.0,2,41169,40000,0,
2026-09-04T17,83,8,41.0,41.0,41.0,41.0,2,20552,20552,0,
2026-09-04T17,83,9,41.0,41.0,41.0,41.0,3,71701,71701,0,
2026-09-04T17,83,11,45.0,45.0,45.0,45.0,1,34899,34899,0,
2026-09-04T17,84,0,8875.0,8875.0,8875.0,8875.0,13,564,313,4,
2026-09-04T17,84,1,9100.0,9100.0,9050.0,9075.0,14,1098,990,1,
2026-09-04T17,84,2,10000.0,10000.0,9900.0,9900.0,5,474,474,0,
2026-09-04T17,84,3,9925.0,9925.0,9925.0,9925.0,5,535,535,18,
2026-09-04T17,84,4,10100.0,10100.0,10100.0,10100.0,4,6665,6665,0,
2026-09-04T17,84,5,10400.0,10400.0,10300.0,10300.0,3,485,485,0,
2026-09-04T17,84,6,10500.0,10500.0,10500.0,10500.0,6,1273,873,0,
2026-09-04T17,84,7,11100.0,11100.0,11100.0,11100.0,3,233,233,0,
2026-09-04T17,84,8,12300.0,12300.0,12300.0,12300.0,1,183,183,0,
2026-09-04T17,84,9,12500.0,12500.0,12500.0,12500.0,1,910,910,0,
2026-09-04T17,84,10,17000.0,17000.0,17000.0,17000.0,1,25,25,0,
2026-09-04T17,85,0,7425.0,7425.0,7425.0,7425.0,3,100,93,0,
2026-09-04T17,85,1,7750.0,7750.0,7750.0,7750.0,8,245,245,0,
2026-09-04T17,85,2,8000.0,8000.0,8000.0,8000.0,8,749,745,0,
2026-09-04T17,85,3,8150.0,8150.0,8150.0,8150.0,5,1895,1895,0,
2026-09-04T17,85,4,9100.0,9100.0,9100.0,9100.0,13,2026,1286,0,
2026-09-04T17,85,5,9700.0,9700.0,9700.0,9700.0,2,506,506,0,
2026-09-04T17,85,6,9800.0,9800.0,9800.0,9800.0,5,1555,1555,0,
2026-09-04T17,85,7,11200.0,11200.0,11200.0,11200.0,1,2,2,0,
2026-09-04T17,85,8,12000.0,12000.0,12000.0,12000.0,2,2,2,0,
2026-09-04T17,85,9,14000.0,14000.0,14000.0,14000.0,1,1,1,0,
2026-09-04T17,85,10,16000.0,16000.0,16000.0,16000.0,1,9,9,0,
2026-09-04T17,86,0,10300.0,10400.0,10300.0,10300.0,7,228,228,0,
2026-09-04T17,86,1,10400.0,10600.0,10400.0,10600.0,1,4,4,0,
2026-09-04T17,86,2,10400.0,10600.0,10400.0,10500.0,8,382,382,0,
2026-09-04T17,86,3,10500.0,10600.0,10500.0,10600.0,6,1267,1267,0,
2026-09-04T17,86,4,10600.0,10700.0,10600.0,10700.0,5,399,330,36,
2026-09-04T17,86,5,10900.0,10900.0,10900.0,10900.0,9,1621,1541,0,
2026-09-04T17,86,6,11200.0,11200.0,11200.0,11200.0,3,534,534,0,
2026-09-04T17,86,7,12300.0,12300.0,12300.0,12300.0,1,396,396,0,
2026-09-04T17,86,8,13400.0,13400.0,13400.0,13400.0,8,830,620,0,
2026-09-04T17,86,9,12000.0,12000.0,12000.0,12000.0,11,199,40,0,
2026-09-04T17,86,10,19800.0,19800.0,19800.0,19800.0,1,9,9,0,
2026-09-04T17,87,0,520.0,520.0,515.0,515.0,1,20,20,0,
2026-09-04T17,87,1,555.0,555.0,555.0,555.0,2,1755,1755,0,
2026-09-04T17,87,2,520.0,520.0,520.0,520.0,9,5554,1367,60,
2026-09-04T17,87,3,630.0,630.0,630.0,630.0,2,45,45,0,
2026-09-04T17,87,4,640.0,640.0,640.0,640.0,5,2026,2026,0,
2026-09-04T17,87,5,630.0,630.0,630.0,630.0,10,15971,12159,0,
2026-09-04T17,87,6,665.0,665.0,665.0,665.0,1,1377,1377,0,
2026-09-04T17,87,7,655.0,655.0,655.0,655.0,1,725,725,0,
2026-09-04T17,87,9,900.0,900.0,900.0,900.0,3,109,50,0,
2026-09-04T17,88,0,10500.0,10500.0,10500.0,10500.0,26,1031,307,8,
2026-09-04T17,88,1,11400.0,11400.0,11400.0,11400.0,1,100,100,0,
2026-09-04T17,88,2,11400.0,11400.0,11400.0,11400.0,2,112,112,0,
2026-09-04T17,88,3,11400.0,11400.0,11300.0,11300.0,6,321,321,23,
2026-09-04T17,88,4,11700.0,11700.0,11700.0,11700.0,1,222,222,0,
2026-09-04T17,88,5,11600.0,11600.0,11600.0,11600.0,4,554,554,10,
2026-09-04T17,88,6,13200.0,13200.0,13200.0,13200.0,2,196,196,0,
2026-09-04T17,88,7,13400.0,13400.0,13400.0,13400.0,1,100,100,0,
2026-09-04T17,88,9,13900.0,13900.0,13900.0,13900.0,1,13,13,0,
2026-09-04T17,88,10,14400.0,14400.0,14400.0,14400.0,3,354,354,0,
2026-09-04T17,89,0,4400.0,4400.0,4400.0,4400.0,9,573,229,2,
2026-09-04T17,89,1,4420.0,4420.0,4420.0,4420.0,6,1234,417,24,
2026-09-04T17,89,2,4460.0,4460.0,4460.0,4460.0,9,1180,1180,0,
2026-09-04T17,89,3,4680.0,4680.0,4680.0,4680.0,12,1095,1019,6,
2026-09-04T17,89,4,4780.0,4780.0,4780.0,4780.0,9,3535,2614,0,
2026-09-04T17,89,5,5325.0,5325.0,5325.0,5325.0,4,3400,3400,200,
2026-09-04T17,89,6,5575.0,5575.0,5575.0,5575.0,1,160,160,0,
2026-09-04T17,89,7,5525.0,5525.0,5525.0,5525.0,5,2202,2202,0,
2026-09-04T17,89,8,5650.0,5650.0,5650.0,5650.0,2,202,202,0,
2026-09-04T17,89,9,5800.0,5800.0,5800.0,5800.0,3,47,22,0,
2026-09-04T17,89,10,5950.0,5950.0,5950.0,5950.0,4,701,302,0,
2026-09-04T17,89,11,6200.0,6200.0,6200.0,6200.0,1,2,2,0,
2026-09-04T17,98,0,860.0,865.0,860.0,865.0,3,1982,982,0,
2026-09-04T17,98,1,865.0,865.0,865.0,865.0,1,242,242,0,
2026-09-04T17,98,2,875.0,875.0,865.0,865.0,3,9023,9023,118,
2026-09-04T17,98,3,875.0,875.0,870.0,870.0,11,4637,4635,0,
2026-09-04T17,98,4,890.0,890.0,885.0,885.0,6,4104,4104,147,
2026-09-04T17,98,5,915.0,915.0,915.0,915.0,3,2935,2935,0,
2026-09-04T17,98,6,945.0,945.0,945.0,945.0,4,5060,5060,0,
2026-09-04T17,98,7,945.0,945.0,945.0,945.0,2,9500,9500,0,
2026-09-04T17,98,8,965.0,965.0,965.0,965.0,1,5000,5000,0,
2026-09-04T17,100,0,111.0,111.0,111.0,111.0,24,2972512,1395248,14092,
2026-09-04T17,101,0,198.0,200.0,197.0,198.0,38,61613,40168,0,
2026-09-04T17,101,1,200.0,200.0,199.0,199.0,16,92716,49479,1653,
2026-09-04T17,101,2,200.0,200.0,198.0,198.0,7,79650,79640,0,
2026-09-04T17,101,3,200.0,200.0,200.0,200.0,19,133712,130624,0,
2026-09-04T17,101,4,198.0,200.0,198.0,200.0,2,23007,23001,6999,
2026-09-04T17,101,5,202.0,202.0,202.0,202.0,4,10230,10230,0,
2026-09-04T17,102,0,2.6,2.8,2.6,2.7,21,419564,58333,12825,
2026-09-04T17,102,1,2.65,2.8,2.65,2.8,10,494743,440352,0,
2026-09-04T17,102,2,2.8,2.8,2.7,2.8,7,807600,807355,0,
2026-09-04T17,102,3,2.7,2.8,2.7,2.8,15,2776500,1760748,312322,
2026-09-04T17,102,4,2.85,2.85,2.8,2.8,10,5614486,928964,0,
2026-09-04T17,102,5,2.95,2.95,2.95,2.95,2,5238673,5238673,0,
2026-09-04T17,102,6,3.15,3.15,3.15,3.15,2,968728,968728,0,
2026-09-04T17,102,7,3.25,3.25,3.25,3.25,1,100000,100000,0,
2026-09-04T17,102,8,3.3,3.3,3.3,3.3,1,96895,96895,0,
2026-09-04T17,102,10,3.5,3.5,3.5,3.5,1,3000000,3000000,0,
2026-09-04T17,102,11,3.45,3.45,3.45,3.45,5,950000,599755,0,
2026-09-04T17,103,0,6.6,6.6,6.4,6.5,17,380726,132515,8563,
2026-09-04T17,103,1,6.9,6.9,6.9,6.9,2,42525,42525,0,
2026-09-04T17,103,2,7.0,7.0,7.0,7.0,5,135706,133706,0,
2026-09-04T17,103,3,7.1,7.2,7.1,7.1,5,1595561,1104360,0,
2026-09-04T17,103,4,7.5,7.5,7.5,7.5,2,489766,489766,0,
2026-09-04T17,103,5,8.0,8.0,8.0,8.0,1,600000,600000,0,
2026-09-04T17,103,6,7.8,7.8,7.8,7.8,1,211731,211731,0,
2026-09-04T17,103,8,8.7,8.7,8.7,8.7,1,66171,66171,0,
2026-09-04T17,103,9,8.7,8.7,8.7,8.7,4,510381,487289,0,
2026-09-04T17,103,10,8.0,8.0,8.0,8.0,1,1943019,1943019,0,
2026-09-04T17,103,11,9.9,9.9,9.9,9.9,3,48069,48069,0,
2026-09-04T17,104,0,1.0,1.0,1.0,1.0,9,980685,953882,596385,
2026-09-04T17,104,1,1.09,1.09,1.09,1.09,3,2267363,2267363,0,
2026-09-04T17,104,2,1.0,1.0,1.0,1.0,1,88568,88568,116500,
2026-09-04T17,104,3,1.1,1.1,1.1,1.1,5,1430726,1301566,0,
2026-09-04T17,104,4,1.15,1.15,1.15,1.15,2,1077836,882281,0,
2026-09-04T17,104,5,1.48,1.48,1.48,1.48,2,1000649,1000649,0,
2026-09-04T17,104,9,1.5,1.5,1.5,1.5,1,100000,100000,0,
2026-09-04T17,105,0,1.57,1.57,1.51,1.54,16,1782121,1757500,13854,
2026-09-04T17,105,1,1.67,1.67,1.67,1.67,1,105849,105849,0,
2026-09-04T17,105,2,1.61,1.61,1.61,1.61,7,2791590,478663,7615,
2026-09-04T17,105,3,1.78,1.78,1.78,1.78,6,3171945,3171945,0,
2026-09-04T17,105,4,1.79,1.79,1.79,1.79,3,710432,367960,0,
2026-09-04T17,105,5,1.8,1.8,1.8,1.8,3,2601756,2581756,0,
2026-09-04T17,105,6,1.88,1.88,1.88,1.88,2,54549,54549,0,
2026-09-04T17,105,7,2.65,2.65,2.65,2.65,1,3999,3999,0,
2026-09-04T17,105,10,3.3,3.3,3.3,3.3,1,526000,526000,0,
2026-09-04T17,106,0,4.5,4.5,4.1,4.4,36,410030,68570,32812,
2026-09-04T17,106,1,4.65,4.65,4.65,4.65,8,2581237,528045,0,
2026-09-04T17,106,2,4.75,4.75,4.75,4.75,7,646717,646717,0,
2026-09-04T17,106,3,4.9,4.9,4.9,4.9,5,613359,613359,0,
2026-09-04T17,106,4,5.6,5.6,5.6,5.6,2,16664,16664,0,
2026-09-04T17,106,5,5.7,5.7,5.7,5.7,2,2520247,2520247,0,
2026-09-04T17,106,6,5.8,5.8,5.8,5.8,1,2995,2995,0,
2026-09-04T17,107,0,20.25,20.75,19.8,19.8,17,155535,28457,2704,
2026-09-04T17,107,1,20.5,20.5,19.9,19.9,15,69269,12238,0,
2026-09-04T17,107,2,20.5,20.5,19.9,19.9,10,192236,14408,2546,
2026-09-04T17,107,3,20.25,21.75,20.0,20.0,11,1488325,70560,1167,
2026-09-04T17,107,4,20.75,20.75,20.75,20.75,9,432823,16017,0,
2026-09-04T17,107,5,40.0,40.0,40.0,40.0,1,3306,3306,0,
2026-09-04T17,107,6,21.0,21.0,21.0,21.0,4,227857,98651,0,
2026-09-04T17,108,0,10.1,10.2,9.7,10.1,20,187725,161338,0,
2026-09-04T17,108,1,10.2,10.2,10.0,10.1,12,455392,245123,0,
2026-09-04T17,108,2,10.1,10.2,10.1,10.1,9,279694,264222,0,
2026-09-04T17,108,3,10.2,10.2,10.1,10.2,5,535666,535666,263,
2026-09-04T17,108,4,10.2,10.2,10.1,10.2,9,708422,634946,34926,
2026-09-04T17,108,5,11.0,11.0,11.0,11.0,1,10000,10000,0,
2026-09-04T17,109,0,109.0,111.0,107.0,107.0,6,10285,10285,0,
2026-09-04T17,109,1,109.0,111.0,108.0,108.0,6,89185,30104,0,
2026-09-04T17,109,2,110.0,110.0,110.0,110.0,3,17511,17511,1258,
2026-09-04T17,109,3,111.0,111.0,111.0,111.0,6,181713,181707,5000,
2026-09-04T17,109,4,113.0,113.0,113.0,113.0,4,61149,42609,0,
2026-09-04T17,109,5,119.0,119.0,119.0,119.0,3,9722,9722,0,
2026-09-04T17,109,6,120.0,120.0,120.0,120.0,1,10,10,0,
2026-09-04T17,110,0,199.0,200.0,195.0,198.0,9,25567,5368,0,
2026-09-04T17,110,1,199.0,202.0,196.0,196.0,5,21269,21269,0,
2026-09-04T17,110,2,200.0,200.0,199.0,199.0,5,23835,23835,116,
2026-09-04T17,110,3,230.0,230.0,199.0,199.0,2,64548,3480,0,
2026-09-04T17,110,4,200.0,200.0,200.0,200.0,1,26354,26354,94,
2026-09-04T17,110,5,202.0,202.0,202.0,202.0,5,150000,50000,0,
2026-09-04T17,111,0,2600.0,2600.0,2520.0,2580.0,159,151154,138742,3978,
2026-09-04T17,112,0,2210.0,2220.0,2200.0,2220.0,6,446,446,0,
2026-09-04T17,112,1,2220.0,2220.0,2220.0,2220.0,3,1350,1350,0,
2026-09-04T17,112,2,2220.0,2220.0,2220.0,2220.0,1,500,500,0,
2026-09-04T17,112,3,2220.0,2220.0,2220.0,2220.0,8,6334,6333,828,
2026-09-04T17,112,4,2460.0,2460.0,2460.0,2460.0,1,300,300,0,
2026-09-04T17,113,0,123.0,123.0,120.0,120.0,44,740866,85218,0,
2026-09-04T17,114,0,655.0,655.0,650.0,655.0,39,174480,4252,40,
2026-09-04T17,114,1,905.0,905.0,905.0,905.0,9,5110,4997,38,
2026-09-04T17,114,2,930.0,930.0,905.0,930.0,4,3184,3037,0,
2026-09-04T17,114,3,925.0,925.0,925.0,925.0,14,5943,5067,0,
2026-09-04T17,114,4,920.0,920.0,905.0,905.0,17,18429,6758,0,
2026-09-04T17,114,5,910.0,910.0,910.0,910.0,11,6414,4096,0,
2026-09-04T17,114,6,980.0,980.0,980.0,980.0,4,5962,5887,0,
2026-09-04T17,114,7,1060.0,1060.0,1060.0,1060.0,9,3482,2243,0,
2026-09-04T17,114,8,1530.0,1530.0,1530.0,1530.0,1,400,400,0,
2026-09-04T17,114,9,1840.0,1840.0,1840.0,1840.0,3,292,292,0,
2026-09-04T17,114,10,2490.0,2490.0,2490.0,2490.0,2,582,582,0,
2026-09-04T17,115,0,128.0,129.0,122.0,122.0,137,90063,3938,100,
2026-09-04T17,115,1,130.0,130.0,128.0,128.0,27,91003,3284,0,
2026-09-04T17,115,2,136.0,138.0,136.0,136.0,16,66130,37174,0,
2026-09-04T17,115,3,143.0,143.0,142.0,142.0,14,76103,62361,0,
2026-09-04T17,115,4,144.0,144.0,144.0,144.0,12,50792,11232,0,
2026-09-04T17,115,5,153.0,153.0,152.0,152.0,10,128550,127075,73,
2026-09-04T17,115,6,156.0,156.0,156.0,156.0,5,88297,88297,0,
2026-09-04T17,116,0,39.0,39.0,38.75,39.0,92,234969,121504,4,
2026-09-04T17,116,1,40.25,40.25,40.25,40.25,17,78386,16922,0,
2026-09-04T17,116,2,41.5,41.75,41.5,41.75,19,128920,36592,4312,
2026-09-04T17,116,3,46.25,46.25,46.25,46.25,6,118204,114138,0,
2026-09-04T17,116,4,47.0,47.0,47.0,47.0,4,35244,2000,0,
2026-09-04T17,116,5,55.5,55.5,55.5,55.5,2,79781,79781,0,
2026-09-04T17,116,6,59.5,59.5,59.5,59.5,3,939,519,0,
2026-09-04T17,117,0,7.3,7.3,6.0,6.9,125,935463,217556,0,
2026-09-04T17,117,1,7.3,7.3,7.2,7.2,28,472802,2927,0,
2026-09-04T17,117,2,7.9,7.9,7.8,7.8,27,1256061,112166,0,
2026-09-04T17,117,3,8.9,9.0,8.9,8.9,22,655536,364938,0,
2026-09-04T17,117,4,10.4,10.5,10.3,10.3,7,1416535,218774,0,
2026-09-04T17,117,5,11.3,11.3,11.3,11.3,4,273632,173632,0,
2026-09-04T17,117,6,12.0,12.0,12.0,12.0,2,694173,30000,0,
2026-09-04T17,117,7,12.8,12.8,12.8,12.8,4,650138,650138,0,
2026-09-04T17,117,8,12.8,12.8,12.8,12.8,5,1641600,393757,576,
2026-09-04T17,117,9,14.7,14.7,14.7,14.7,3,284124,284124,0,
2026-09-04T17,117,10,14.9,14.9,14.9,14.9,7,531983,100000,0,
2026-09-04T17,117,11,16.0,16.0,16.0,16.0,5,38499,5999,0,
2026-09-04T17,117,12,18.7,18.7,18.7,18.7,2,56349,56349,0,
2026-09-04T17,118,0,0.825,0.83,0.82,0.83,58,2684671,625620,6210,
2026-09-04T17,118,1,0.935,0.935,0.935,0.935,19,1414580,175306,0,
2026-09-04T17,118,2,0.965,0.965,0.965,0.965,20,1366678,1033002,0,
2026-09-04T17,118,3,0.995,0.995,0.995,0.995,11,2186426,594261,0,
2026-09-04T17,118,4,1.09,1.13,1.09,1.13,6,42480931,42355064,303418,
2026-09-04T17,118,5,1.2,1.2,1.2,1.2,6,2527194,1046551,0,
2026-09-04T17,118,6,1.38,1.38,1.38,1.38,4,1921669,300000,0,
2026-09-04T17,118,8,1.86,1.86,1.86,1.86,1,10,10,0,
2026-09-04T17,119,0,32.0,33.0,31.25,32.5,23,36189,5486,0,
2026-09-04T17,119,1,33.0,33.0,32.0,33.0,14,256688,51779,364,
2026-09-04T17,119,2,35.5,35.5,35.25,35.25,20,162714,37526,0,
2026-09-04T17,119,3,40.0,40.0,40.0,40.0,16,92349,52542,0,
2026-09-04T17,119,4,40.75,41.5,40.75,41.5,11,224377,31368,0,
2026-09-04T17,119,5,49.0,49.0,48.75,48.75,13,160325,82549,3000,
2026-09-04T17,119,6,49.75,49.75,49.75,49.75,11,264832,26490,0,
2026-09-04T17,119,7,55.5,55.5,55.5,55.5,15,327860,8114,0,
2026-09-04T17,119,8,70.5,70.5,70.5,70.5,2,99405,99405,193,
2026-09-04T17,119,11,71.5,71.5,71.5,71.5,2,19000,19000,0,
2026-09-04T17,119,12,73.5,73.5,73.5,73.5,6,436808,76075,0,
2026-09-04T17,120,0,2.5,2.65,2.35,2.65,58,1984948,22899,9120,
2026-09-04T17,120,1,3.4,3.4,3.3,3.3,2,17976,17976,0,
2026-09-04T17,120,2,3.45,3.45,3.35,3.35,4,62776,29745,0,
2026-09-04T17,120,3,3.45,3.45,3.45,3.45,2,29979,29979,2662,
2026-09-04T17,120,4,3.5,3.5,3.35,3.35,4,213216,158096,0,
2026-09-04T17,120,5,3.5,3.5,3.5,3.5,3,1398989,1398989,210820,
2026-09-04T17,120,6,3.6,3.6,3.6,3.6,4,1784221,1784221,0,
2026-09-04T17,120,7,3.6,3.75,3.6,3.75,5,1990490,695590,0,
2026-09-04T17,120,9,6.0,6.0,6.0,6.0,2,505000,500000,0,
2026-09-04T17,120,10,5.9,5.9,5.9,5.9,2,125200,75000,0,
2026-09-04T17,120,11,6.0,6.0,5.5,5.5,3,1733294,997400,2600,
2026-09-04T17,121,0,150.0,150.0,150.0,150.0,20,19198,3262,0,
2026-09-04T17,121,1,160.0,160.0,159.0,159.0,9,27800,12510,0,
2026-09-04T17,121,2,177.0,177.0,177.0,177.0,17,22909,8173,0,
2026-09-04T17,121,3,176.0,176.0,176.0,176.0,26,160184,2690,0,
2026-09-04T17,121,4,222.0,222.0,222.0,222.0,7,30359,23499,0,
2026-09-04T17,121,5,224.0,224.0,224.0,224.0,5,37217,8272,0,
2026-09-04T17,121,6,230.0,230.0,230.0,230.0,6,39763,8823,0,
2026-09-04T17,121,7,240.0,240.0,240.0,240.0,6,108639,108639,0,
2026-09-04T17,121,9,270.0,270.0,270.0,270.0,1,2821,2821,0,
2026-09-04T17,121,10,284.0,284.0,284.0,284.0,1,3786,3786,0,
2026-09-04T17,121,12,286.0,286.0,286.0,286.0,3,14169,14169,0,
2026-09-04T17,122,0,129.0,129.0,127.0,128.0,21,33057,32770,100,
2026-09-04T17,122,1,140.0,140.0,131.0,131.0,4,258,233,0,
2026-09-04T17,122,2,133.0,133.0,132.0,132.0,9,29904,29596,0,
2026-09-04T17,122,3,133.0,133.0,133.0,133.0,12,47042,42741,0,
2026-09-04T17,122,4,133.0,136.0,133.0,136.0,8,99586,94835,44580,
2026-09-04T17,122,5,143.0,143.0,143.0,143.0,6,29769,29769,0,
2026-09-04T17,122,6,149.0,153.0,149.0,153.0,1,3520,3520,0,
2026-09-04T17,122,7,150.0,157.0,150.0,157.0,1,3892,3892,0,
2026-09-04T17,122,8,153.0,153.0,153.0,153.0,8,68293,34792,1040,
2026-09-04T17,122,9,190.0,190.0,190.0,190.0,2,19971,19954,0,
2026-09-04T17,122,10,195.0,195.0,195.0,195.0,7,12446,2196,0,
2026-09-04T17,122,11,218.0,218.0,218.0,218.0,2,2700,2700,0,
2026-09-04T17,122,12,222.0,222.0,222.0,222.0,3,1414,1414,0,
2026-09-04T17,123,0,294.0,298.0,294.0,294.0,7,7952,7949,135,
2026-09-04T17,123,1,302.0,302.0,302.0,302.0,4,716,716,0,
2026-09-04T17,123,2,298.0,300.0,298.0,300.0,6,6591,6591,0,
2026-09-04T17,123,3,300.0,300.0,300.0,300.0,8,5426,4176,0,
2026-09-04T17,123,4,306.0,306.0,306.0,306.0,6,16767,16767,0,
2026-09-04T17,123,5,304.0,304.0,302.0,302.0,8,31174,792,0,
2026-09-04T17,123,6,322.0,322.0,322.0,322.0,8,32304,32304,0,
2026-09-04T17,123,7,386.0,386.0,386.0,386.0,1,5739,5739,0,
2026-09-04T17,123,9,394.0,394.0,394.0,394.0,2,426,426,0,
2026-09-04T17,123,12,398.0,398.0,398.0,398.0,2,4676,4676,0,
2026-09-04T17,124,0,35.75,35.75,34.5,34.75,29,81244,7048,0,
2026-09-04T17,124,1,37.5,37.5,35.5,35.5,12,131356,3038,0,
2026-09-04T17,124,2,37.5,37.5,35.75,37.5,11,160564,157063,0,
2026-09-04T17,124,3,40.0,40.0,39.75,39.75,12,468911,379911,0,
2026-09-04T17,124,4,41.0,42.25,40.75,42.25,12,247646,125242,0,
2026-09-04T17,124,5,45.0,45.25,45.0,45.25,3,87246,87246,6720,
2026-09-04T17,124,6,49.5,49.5,49.5,49.5,5,293612,293612,0,
2026-09-04T17,124,7,51.5,51.5,51.5,51.5,6,789996,537322,0,
2026-09-04T17,124,8,53.0,53.0,53.0,53.0,1,42631,42631,288,
2026-09-04T17,124,9,59.0,59.0,59.0,59.0,1,50000,50000,0,
2026-09-04T17,124,10,59.0,59.0,59.0,59.0,5,28461,23760,0,
2026-09-04T17,124,11,89.0,89.0,89.0,89.0,2,14000,14000,0,
2026-09-04T17,124,12,90.0,90.0,90.0,90.0,5,97220,632,0,
2026-09-04T17,125,0,25.5,25.5,24.75,25.5,55,313577,7109,0,
2026-09-04T17,125,1,27.25,27.25,26.25,26.25,17,87868,6309,11,
2026-09-04T17,125,2,27.75,27.75,27.75,27.75,41,195152,41853,0,
2026-09-04T17,125,3,34.5,36.0,30.0,36.0,19,127596,74941,621,
2026-09-04T17,125,4,38.75,38.75,38.75,38.75,31,287758,37616,0,
2026-09-04T17,125,5,44.5,44.75,44.5,44.75,4,751920,667780,12030,
2026-09-04T17,125,6,50.0,50.0,49.75,49.75,5,91433,91433,0,
2026-09-04T17,125,7,52.0,52.0,51.0,51.0,6,1166893,690733,0,
2026-09-04T17,125,8,52.0,52.0,52.0,52.0,7,500683,77228,516,
2026-09-04T17,125,9,55.5,55.5,55.5,55.5,4,139980,119980,0,
2026-09-04T17,125,10,56.0,56.0,56.0,56.0,7,202903,193014,0,
2026-09-04T17,125,11,59.5,59.5,59.5,59.5,1,10000,10000,0,
2026-09-04T17,125,12,84.0,84.0,84.0,84.0,2,4500,4500,0,
2026-09-04T17,126,0,58.0,60.0,57.5,58.0,7,696,686,74,
2026-09-04T17,126,1,60.0,60.0,58.0,58.0,3,6488,6488,30,
2026-09-04T17,126,2,65.0,65.0,65.0,65.0,1,40,40,0,
2026-09-04T17,126,3,61.0,61.0,61.0,61.0,1,1150,1150,0,
2026-09-04T17,126,4,61.0,62.0,61.0,62.0,2,12525,12525,8850,
2026-09-04T17,126,5,63.0,63.0,63.0,63.0,8,100553,46622,0,
2026-09-04T17,126,6,66.0,66.0,66.0,66.0,3,109721,69721,0,
2026-09-04T17,126,7,68.5,68.5,68.5,68.5,5,70028,70028,0,
2026-09-04T17,126,8,79.5,79.5,79.5,79.5,8,149111,131111,0,
2026-09-04T17,126,9,96.0,96.0,96.0,96.0,1,250,250,0,
2026-09-04T17,126,10,90.0,90.0,90.0,90.0,2,846,346,0,
2026-09-04T17,126,12,100.0,100.0,100.0,100.0,2,2000,1000,0,
2026-09-04T17,127,0,474.0,476.0,472.0,476.0,9,6679,6672,0,
2026-09-04T17,127,1,478.0,478.0,478.0,478.0,2,268,263,0,
2026-09-04T17,127,2,474.0,474.0,474.0,474.0,6,7578,7578,65,
2026-09-04T17,127,3,480.0,480.0,480.0,480.0,5,4859,3999,0,
2026-09-04T17,127,4,520.0,520.0,520.0,520.0,3,3555,3501,0,
2026-09-04T17,127,5,750.0,750.0,750.0,750.0,1,25,25,0,
2026-09-04T17,128,0,54.0,54.0,54.0,54.0,19,147966,96080,0,
2026-09-04T17,128,1,67.0,67.0,67.0,67.0,15,50007,3568,0,
2026-09-04T17,128,2,76.0,76.0,76.0,76.0,8,32129,17983,0,
2026-09-04T17,128,3,82.0,82.0,82.0,82.0,2,47523,47523,0,
2026-09-04T17,128,5,92.5,92.5,92.5,92.5,1,7054,7054,0,
2026-09-04T17,128,6,93.0,93.0,93.0,93.0,1,2173,2173,0,
2026-09-04T17,128,8,93.0,93.0,93.0,93.0,2,444,444,0,
2026-09-04T17,128,9,99.5,99.5,99.5,99.5,2,41800,41800,0,
2026-09-04T17,128,10,110.0,110.0,110.0,110.0,1,9990,9990,0,
2026-09-04T17,129,0,2160.0,2160.0,2150.0,2150.0,18,4514,531,0,
2026-09-04T17,129,1,2250.0,2250.0,2250.0,2250.0,9,347,227,4,
2026-09-04T17,129,2,2490.0,2490.0,2490.0,2490.0,6,6777,6777,0,
2026-09-04T17,129,3,2720.0,2720.0,2720.0,2720.0,7,1076,1076,0,
2026-09-04T17,129,4,2720.0,2720.0,2720.0,2720.0,5,1425,1425,0,
2026-09-04T17,129,5,2780.0,2790.0,2780.0,2790.0,8,4312,2052,0,
2026-09-04T17,129,6,2990.0,2990.0,2990.0,2990.0,7,6443,4443,0,
2026-09-04T17,129,7,3050.0,3050.0,3050.0,3050.0,1,394,394,100,
2026-09-04T17,129,8,3230.0,3230.0,3230.0,3230.0,2,6411,6411,0,
2026-09-04T17,129,11,3800.0,3800.0,3800.0,3800.0,1,1000,1000,0,
2026-09-04T17,129,12,4120.0,4120.0,4120.0,4120.0,1,14,14,0,
2026-09-04T17,130,0,2020.0,2020.0,2020.0,2020.0,12,452,452,0,
2026-09-04T17,130,1,2080.0,2080.0,2080.0,2080.0,8,251,251,0,
2026-09-04T17,130,2,2140.0,2140.0,2140.0,2140.0,3,1220,1220,0,
2026-09-04T17,130,3,2420.0,2420.0,2420.0,2420.0,6,650,550,0,
2026-09-04T17,130,4,2580.0,2580.0,2580.0,2580.0,2,350,350,0,
2026-09-04T17,130,5,2770.0,2770.0,2770.0,2770.0,9,7398,6598,0,
2026-09-04T17,130,6,2870.0,2870.0,2870.0,2870.0,3,1569,1569,0,
2026-09-04T17,130,7,2800.0,2800.0,2800.0,2800.0,3,1690,1690,0,
2026-09-04T17,130,9,3050.0,3050.0,3050.0,3050.0,3,2984,2984,0,
2026-09-04T17,130,10,3290.0,3290.0,3290.0,3290.0,1,7,7,0,
2026-09-04T17,130,11,3290.0,3290.0,3290.0,3290.0,2,1965,1965,0,
2026-09-04T17,131,0,2370.0,2370.0,2370.0,2370.0,8,2009,2009,2,
2026-09-04T17,131,1,2510.0,2510.0,2510.0,2510.0,11,885,815,2,
2026-09-04T17,131,2,2580.0,2580.0,2580.0,2580.0,5,348,348,0,
2026-09-04T17,131,3,2650.0,2650.0,2650.0,2650.0,6,1377,1377,0,
2026-09-04T17,131,4,2720.0,2720.0,2720.0,2720.0,6,1255,1255,0,
2026-09-04T17,131,5,2860.0,2860.0,2860.0,2860.0,3,1500,1500,0,
2026-09-04T17,131,6,2970.0,2970.0,2970.0,2970.0,1,8,8,0,
2026-09-04T17,131,7,2990.0,2990.0,2990.0,2990.0,1,79,79,0,
2026-09-04T17,132,0,2250.0,2250.0,2250.0,2250.0,14,1644,395,0,
2026-09-04T17,132,1,2340.0,2340.0,2340.0,2340.0,8,886,522,0,
2026-09-04T17,132,2,2580.0,2580.0,2580.0,2580.0,6,378,282,0,
2026-09-04T17,132,3,2830.0,2830.0,2830.0,2830.0,14,961,961,0,
2026-09-04T17,132,4,2920.0,2920.0,2920.0,2920.0,6,1395,1395,0,
2026-09-04T17,132,5,2950.0,2950.0,2950.0,2950.0,4,2180,2180,0,
2026-09-04T17,132,6,2990.0,2990.0,2990.0,2990.0,6,3819,3819,0,
2026-09-04T17,132,7,3050.0,3050.0,3050.0,3050.0,5,3470,2970,0,
2026-09-04T17,132,8,3390.0,3390.0,3390.0,3390.0,1,463,463,0,
2026-09-04T17,132,10,3500.0,3500.0,3500.0,3500.0,4,1089,508,0,
2026-09-04T17,132,12,4190.0,4190.0,4190.0,4190.0,2,1463,463,0,
2026-09-04T17,133,0,18.3,18.3,17.5,17.8,13,33188,6651,20,
2026-09-04T17,133,1,19.2,19.2,19.0,19.0,3,153707,153707,2001,
2026-09-04T17,133,2,19.4,19.4,18.9,18.9,6,472055,472055,980,
2026-09-04T17,133,3,19.3,19.3,19.3,19.3,5,165705,109316,0,
2026-09-04T17,133,4,20.25,20.25,20.25,20.25,13,241181,129594,0,
2026-09-04T17,133,5,23.5,23.5,23.5,23.5,13,455521,230634,3544,
2026-09-04T17,133,6,28.25,28.25,28.25,28.25,2,8557,8557,0,
2026-09-04T17,133,9,39.0,39.0,39.0,39.0,18,43693,18396,0,
2026-09-04T17,133,10,40.0,40.0,40.0,40.0,6,208818,79772,0,
2026-09-04T17,134,0,50.0,50.0,49.75,50.0,17,59235,44518,4950,
2026-09-04T17,134,1,51.5,51.5,51.5,51.5,7,33140,33140,3248,
2026-09-04T17,134,2,52.5,52.5,52.5,52.5,13,58501,21279,0,
2026-09-04T17,134,3,53.0,54.5,53.0,54.5,11,80489,54528,0,
2026-09-04T17,134,4,59.0,59.0,59.0,59.0,11,123362,99023,0,
2026-09-04T17,134,5,59.5,59.5,59.5,59.5,11,276802,88447,120,
2026-09-04T17,134,6,80.0,80.0,80.0,80.0,2,1717,1716,0,
2026-09-04T17,134,7,88.0,88.0,88.0,88.0,1,2537,2537,0,
2026-09-04T17,134,10,95.0,95.0,95.0,95.0,2,10000,10000,0,
2026-09-04T17,134,11,90.0,90.0,90.0,90.0,1,3206,3206,0,
2026-09-04T17,134,12,99.5,99.5,99.5,99.5,4,66481,65883,0,
2026-09-04T17,135,0,17.5,17.6,17.3,17.5,40,344548,33440,24778,
2026-09-04T17,135,1,17.8,17.8,17.7,17.8,19,345438,71424,0,
2026-09-04T17,135,2,17.9,17.9,17.9,17.9,35,416057,146898,0,
2026-09-04T17,135,3,18.0,18.1,18.0,18.1,19,805789,296884,29637,
2026-09-04T17,135,4,21.0,21.0,21.0,21.0,14,295257,182691,0,
2026-09-04T17,135,5,21.5,21.5,21.5,21.5,6,218675,177948,0,
2026-09-04T17,135,6,25.25,25.25,25.25,25.25,4,417239,367239,0,
2026-09-04T17,135,7,28.75,28.75,28.75,28.75,4,626586,626586,0,
2026-09-04T17,135,8,33.25,33.25,33.25,33.25,5,70660,70660,0,
2026-09-04T17,135,9,34.0,34.0,34.0,34.0,1,890,890,0,
2026-09-04T17,135,10,35.0,35.0,35.0,35.0,1,6792,6792,0,
2026-09-04T17,135,11,35.25,35.25,35.25,35.25,2,41300,41300,0,
2026-09-04T17,136,0,1.45,1.48,1.4,1.48,74,399543,117375,1029,
2026-09-04T17,136,1,1.6,1.61,1.6,1.61,8,496819,489851,12310,
2026-09-04T17,136,2,1.61,1.62,1.61,1.62,3,3533573,852668,1722,
2026-09-04T17,136,3,1.7,1.7,1.7,1.7,2,63000,63000,0,
2026-09-04T17,136,4,2.2,2.2,2.2,2.2,6,1243238,335130,0,
2026-09-04T17,136,6,2.5,2.5,2.5,2.5,1,500000,500000,0,
2026-09-04T17,136,7,2.95,2.95,2.95,2.95,2,1000999,1000999,0,
2026-09-04T17,137,0,125.0,126.0,124.0,126.0,5,15795,15774,0,
2026-09-04T17,137,1,124.0,124.0,124.0,124.0,5,5240,5220,32,
2026-09-04T17,137,2,125.0,125.0,125.0,125.0,6,11633,3448,100,
2026-09-04T17,137,3,135.0,135.0,135.0,135.0,3,27095,27095,0,
2026-09-04T17,137,4,137.0,137.0,137.0,137.0,6,36926,34926,0,
2026-09-04T17,137,5,147.0,147.0,147.0,147.0,14,46539,28042,0,
2026-09-04T17,137,6,171.0,171.0,171.0,171.0,7,24841,23872,0,
2026-09-04T17,137,7,240.0,240.0,240.0,240.0,1,2000,2000,0,
2026-09-04T17,137,8,175.0,175.0,175.0,175.0,2,49502,49500,0,
2026-09-04T17,137,9,250.0,250.0,250.0,250.0,2,5150,5150,0,
2026-09-04T17,138,0,1240.0,1240.0,1240.0,1240.0,18,5959,251,0,
2026-09-04T17,138,1,1320.0,1320.0,1320.0,1320.0,13,1894,354,0,
2026-09-04T17,138,2,1290.0,1290.0,1290.0,1290.0,11,4866,3523,0,
2026-09-04T17,138,3,1300.0,1300.0,1300.0,1300.0,8,2162,171,0,
2026-09-04T17,138,4,1600.0,1600.0,1600.0,1600.0,9,3269,2054,0,
2026-09-04T17,138,5,2390.0,2390.0,2390.0,2390.0,1,500,500,0,
2026-09-04T17,138,6,2400.0,2400.0,2400.0,2400.0,1,1000,1000,0,
2026-09-04T17,139,0,9.8,10.1,9.7,10.0,29,274435,163915,8815,
2026-09-04T17,139,1,10.4,10.4,10.1,10.1,6,42214,31998,0,
2026-09-04T17,139,2,11.1,11.1,11.0,11.0,5,61678,60317,1154,
2026-09-04T17,139,3,11.3,11.3,11.3,11.3,3,126496,126496,14226,
2026-09-04T17,139,4,11.6,11.6,11.4,11.4,7,442089,314478,0,
2026-09-04T17,139,5,13.4,13.4,13.4,13.4,18,1973628,188888,0,
2026-09-04T17,139,6,15.0,15.0,15.0,15.0,1,50000,50000,0,
2026-09-04T17,139,7,17.0,17.0,17.0,17.0,1,50000,50000,0,
2026-09-04T17,139,9,24.0,24.0,24.0,24.0,1,28498,28498,0,
2026-09-04T17,139,10,21.75,21.75,21.75,21.75,3,51999,1999,0,
2026-09-04T17,140,0,260.0,262.0,258.0,258.0,17,1670,1552,20,
2026-09-04T17,140,1,260.0,260.0,260.0,260.0,9,3865,3840,0,
2026-09-04T17,140,2,260.0,260.0,260.0,260.0,6,6121,6112,175,
2026-09-04T17,140,3,266.0,266.0,266.0,266.0,4,17484,17484,0,
2026-09-04T17,140,4,268.0,268.0,268.0,268.0,4,6468,6267,0,
2026-09-04T17,140,5,280.0,280.0,280.0,280.0,1,50,50,0,
2026-09-04T17,140,12,400.0,400.0,400.0,400.0,1,2225,2225,0,
2026-09-04T17,141,0,35.0,35.0,35.0,35.0,20,85330,22834,0,
2026-09-04T17,141,1,50.0,50.0,50.0,50.0,6,140097,139797,0,
2026-09-04T17,141,2,50.5,50.5,50.5,50.5,13,125493,98256,0,
2026-09-04T17,141,3,58.0,58.0,58.0,58.0,12,76816,70549,180,
2026-09-04T17,141,4,58.5,58.5,58.5,58.5,12,88539,49482,0,
2026-09-04T17,141,5,61.5,62.0,61.5,62.0,10,92709,54209,0,
2026-09-04T17,141,6,69.0,69.0,69.0,69.0,2,88700,88700,0,
2026-09-04T17,141,7,69.5,69.5,69.5,69.5,10,123804,60244,0,
2026-09-04T17,141,8,70.0,70.0,70.0,70.0,4,50050,12908,260,
2026-09-04T17,141,9,91.0,91.0,91.0,91.0,7,14446,8694,0,
2026-09-04T17,141,10,93.0,93.0,93.0,93.0,4,72080,65134,0,
2026-09-04T17,141,11,117.0,117.0,117.0,117.0,2,20480,9369,0,
2026-09-04T17,141,12,177.0,177.0,177.0,177.0,2,1139,1139,0,
2026-09-04T17,142,0,805.0,815.0,800.0,800.0,8,1315,1288,0,
2026-09-04T17,142,1,805.0,805.0,805.0,805.0,10,2262,809,0,
2026-09-04T17,142,2,825.0,825.0,825.0,825.0,8,2333,478,0,
2026-09-04T17,142,3,890.0,1000.0,890.0,1000.0,1,990,990,0,
2026-09-04T17,142,4,995.0,995.0,980.0,980.0,3,2159,2159,29,
2026-09-04T17,142,5,1000.0,1000.0,985.0,985.0,6,13415,3354,610,
2026-09-04T17,142,6,1020.0,1040.0,1020.0,1020.0,6,18286,18286,0,
2026-09-04T17,142,7,1070.0,1070.0,1070.0,1070.0,2,7789,3815,0,
2026-09-04T17,142,8,1060.0,1060.0,1060.0,1060.0,4,18801,18801,0,
2026-09-04T17,142,9,1140.0,1140.0,1140.0,1140.0,2,10975,10975,0,
2026-09-04T17,142,10,1270.0,1270.0,1270.0,1270.0,9,7158,4659,0,
2026-09-04T17,142,11,1360.0,1360.0,1360.0,1360.0,4,8936,8936,0,
2026-09-04T17,142,12,1500.0,1500.0,1500.0,1500.0,2,2003,2003,0,
2026-09-04T17,143,0,715.0,715.0,715.0,715.0,16,1834,1558,0,
2026-09-04T17,143,1,735.0,735.0,735.0,735.0,7,1197,255,0,
2026-09-04T17,143,2,735.0,735.0,730.0,730.0,17,2324,1822,0,
2026-09-04T17,143,3,815.0,870.0,815.0,870.0,5,11557,11557,1309,
2026-09-04T17,143,4,875.0,880.0,875.0,880.0,4,1574,1574,88,
2026-09-04T17,143,5,920.0,920.0,920.0,920.0,7,26724,26724,2400,
2026-09-04T17,143,6,950.0,950.0,950.0,950.0,5,45365,45365,0,
2026-09-04T17,143,7,960.0,960.0,930.0,930.0,9,24585,10185,122,
2026-09-04T17,143,9,1100.0,1100.0,1100.0,1100.0,1,957,957,21,
2026-09-04T17,143,10,1120.0,1120.0,1120.0,1120.0,3,6678,4392,0,
2026-09-04T17,143,11,1240.0,1240.0,1240.0,1240.0,2,2608,2608,0,
2026-09-04T17,143,12,1440.0,1440.0,1440.0,1440.0,2,468,468,0,
2026-09-04T17,144,0,17.4,17.4,17.4,17.4,12,59976,44528,0,
2026-09-04T17,144,1,18.0,18.0,18.0,18.0,1,1,1,0,
2026-09-04T17,144,2,18.0,18.0,18.0,18.0,2,85672,85672,0,
2026-09-04T17,144,3,18.0,18.0,18.0,18.0,1,1,1,0,
2026-09-04T17,144,4,18.1,18.1,18.1,18.1,2,11018,11018,0,
2026-09-04T17,144,5,18.3,18.3,18.3,18.3,2,52589,52589,0,
2026-09-04T17,145,0,135.0,136.0,133.0,134.0,42,1246677,880344,9000,
2026-09-04T17,146,0,6.3,6.4,5.0,6.2,47,293023,27134,9999,
2026-09-04T17,146,1,6.5,6.5,6.5,6.5,18,1645955,819795,12500,
2026-09-04T17,146,2,6.8,6.8,6.7,6.7,43,1546154,424860,0,
2026-09-04T17,146,3,7.0,7.0,6.7,6.9,27,2093953,331724,0,
2026-09-04T17,146,4,7.9,7.9,7.9,7.9,17,4386772,2407721,0,
2026-09-04T17,146,5,9.9,9.9,9.9,9.9,2,434687,382495,0,
2026-09-04T17,146,6,9.8,9.8,9.8,9.8,1,90000,90000,0,
2026-09-04T17,146,7,10.0,10.0,10.0,10.0,2,616640,426640,0,
2026-09-04T17,146,8,10.5,10.5,10.5,10.5,8,1190198,1063941,0,
2026-09-04T17,146,10,17.9,17.9,17.9,17.9,2,98862,98862,0,
2026-09-04T17,147,0,39.5,39.5,39.5,39.5,8,111508,96393,0,
2026-09-04T17,147,1,39.75,39.75,39.75,39.75,4,39695,25547,0,
2026-09-04T17,147,2,40.25,40.25,40.25,40.25,6,445241,124263,0,
2026-09-04T17,147,3,44.25,44.25,44.25,44.25,9,197499,128272,0,
2026-09-04T17,147,4,50.5,50.5,50.5,50.5,7,143078,68078,0,
2026-09-04T17,147,5,60.0,60.0,60.0,60.0,1,2,2,0,
2026-09-04T17,148,0,33.0,34.25,33.0,34.25,5,58138,90,0,
2026-09-04T17,148,1,33.0,33.0,33.0,33.0,7,90268,90261,0,
2026-09-04T17,148,2,36.0,36.0,36.0,36.0,3,187948,182848,0,
2026-09-04T17,148,3,36.25,36.25,36.25,36.25,5,170986,170986,0,
2026-09-04T17,148,4,37.0,38.5,37.0,38.5,3,86689,73846,17269,
2026-09-04T17,148,5,46.0,46.0,46.0,46.0,4,156603,106603,0,
2026-09-04T17,148,6,49.5,49.5,49.5,49.5,1,1,1,0,
2026-09-04T17,148,10,59.0,59.0,59.0,59.0,2,10005,10005,0,
2026-09-04T17,149,0,790.0,790.0,790.0,790.0,12,1895,1778,13,
2026-09-04T17,149,1,815.0,815.0,815.0,815.0,11,1686,1297,0,
2026-09-04T17,149,2,840.0,840.0,840.0,840.0,11,8334,157,0,
2026-09-04T17,149,3,890.0,890.0,890.0,890.0,8,8341,2758,0,
2026-09-04T17,149,4,970.0,970.0,970.0,970.0,8,7134,6118,0,
2026-09-04T17,149,5,1010.0,1010.0,1010.0,1010.0,5,10793,10793,0,
2026-09-04T17,149,8,1070.0,1070.0,1070.0,1070.0,5,11030,4630,19,
2026-09-04T17,150,0,380.0,380.0,376.0,376.0,27,22032,553,0,
2026-09-04T17,150,1,790.0,790.0,790.0,790.0,18,9280,102,0,
2026-09-04T17,150,2,1680.0,1680.0,1680.0,1680.0,5,29766,29140,0,
2026-09-04T17,150,3,2810.0,2810.0,2810.0,2810.0,21,721,48,0,
2026-09-04T17,150,4,4960.0,4960.0,4960.0,4960.0,12,914,905,0,
2026-09-04T17,150,5,8975.0,8975.0,8975.0,8975.0,5,100,59,0,
2026-09-04T17,150,6,17100.0,17100.0,17100.0,17100.0,11,255,119,0,
2026-09-04T17,150,7,33000.0,33000.0,33000.0,33000.0,16,279,29,0,
2026-09-04T17,150,8,70000.0,70000.0,70000.0,70000.0,9,767,756,0,
2026-09-04T17,150,9,138000.0,138000.0,138000.0,138000.0,10,229,80,0,
2026-09-04T17,150,10,271500.0,271500.0,271500.0,271500.0,6,97,79,0,
2026-09-04T17,150,11,624500.0,624500.0,624500.0,624500.0,10,51,46,0,
2026-09-04T17,150,12,1380000.0,1380000.0,1380000.0,1380000.0,11,142,2,0,
2026-09-04T17,151,0,384.0,384.0,384.0,384.0,7,418,418,0,
2026-09-04T17,151,1,388.0,388.0,388.0,388.0,5,4998,4998,0,
2026-09-04T17,151,2,464.0,464.0,464.0,464.0,6,7230,6565,0,
2026-09-04T17,151,3,472.0,472.0,472.0,472.0,4,7045,6695,0,
2026-09-04T17,151,4,476.0,476.0,476.0,476.0,3,6488,6488,0,
2026-09-04T17,151,7,500.0,500.0,500.0,500.0,1,4,4,0,
2026-09-04T17,151,8,500.0,500.0,500.0,500.0,1,2,2,0,
2026-09-04T17,151,9,2290.0,2290.0,2290.0,2290.0,4,1101,1101,0,
2026-09-04T17,151,10,2900.0,2900.0,2900.0,2900.0,2,6002,6002,0,
2026-09-04T17,152,0,234.0,234.0,234.0,234.0,7,1703,225,0,
2026-09-04T17,152,1,250.0,250.0,250.0,250.0,14,1181,793,0,
2026-09-04T17,152,2,294.0,294.0,294.0,294.0,3,55,55,0,
2026-09-04T17,152,3,298.0,298.0,298.0,298.0,2,1200,1200,0,
2026-09-04T17,152,4,320.0,320.0,320.0,320.0,2,4017,4017,0,
2026-09-04T17,153,0,82.0,82.0,81.5,81.5,1,2,2,0,
2026-09-04T17,153,1,82.0,82.0,82.0,82.0,1,5392,5392,0,
2026-09-04T17,153,3,88.0,88.0,88.0,88.0,1,709,709,0,
2026-09-04T17,154,0,77.0,82.0,77.0,82.0,1,419,419,0,
2026-09-04T17,154,1,77.0,77.0,77.0,77.0,1,2803,2803,424,
2026-09-04T17,155,0,130.0,130.0,130.0,130.0,9,7062,6683,0,
2026-09-04T17,155,7,170.0,170.0,170.0,170.0,1,3400,3400,0,
2026-09-04T18,1,0,0.261,0.263,0.251,0.258,152,100907318,49672711,745014,
2026-09-04T18,1,1,0.261,0.264,0.261,0.264,24,18119757,18115693,0,
2026-09-04T18,1,2,0.259,0.262,0.259,0.262,67,180759450,169742327,211622,
2026-09-04T18,1,3,0.264,0.265,0.261,0.263,39,232145718,160908399,721988,
2026-09-04T18,1,4,0.265,0.265,0.263,0.263,52,240564755,156097288,1927324,
2026-09-04T18,1,5,0.265,0.266,0.262,0.264,13,132393060,123218951,4183626,
2026-09-04T18,1,6,0.267,0.267,0.264,0.264,10,72667215,72667215,0,
2026-09-04T18,1,7,0.267,0.267,0.265,0.265,9,72051940,69051940,0,
2026-09-04T18,1,8,0.267,0.267,0.267,0.267,6,50172369,50172369,0,
2026-09-04T18,1,9,0.268,0.268,0.268,0.268,5,32889352,27840177,0,
2026-09-04T18,1,10,0.268,0.268,0.266,0.266,13,63748063,25681182,0,
2026-09-04T18,1,11,0.268,0.268,0.268,0.268,8,59848372,25822838,0,
2026-09-04T18,1,12,0.268,0.268,0.267,0.267,19,169221896,135326401,0,
2026-09-04T18,2,0,0.368,0.373,0.361,0.367,136,33932779,18808216,650912,
2026-09-04T18,2,1,0.379,0.383,0.375,0.383,14,2986632,2985812,352314,
2026-09-04T18,2,2,0.378,0.383,0.378,0.383,38,74998406,55075847,626844,
2026-09-04T18,2,3,0.4,0.428,0.4,0.428,5,22005494,17005494,132834,
2026-09-04T18,2,4,0.465,0.465,0.46,0.464,20,28545588,21415364,341526,
2026-09-04T18,2,5,0.482,0.482,0.481,0.482,12,31776966,31776966,0,
2026-09-04T18,2,6,0.482,0.484,0.475,0.484,5,11421943,11421943,143311,
2026-09-04T18,2,7,0.499,0.5,0.499,0.5,3,15988817,9215737,58080,
2026-09-04T18,2,8,0.515,0.515,0.515,0.515,2,8749387,8749387,0,
2026-09-04T18,2,9,0.52,0.52,0.52,0.52,1,5000000,5000000,0,
2026-09-04T18,2,10,0.51,0.51,0.51,0.51,6,19425120,11567620,61200,
2026-09-04T18,2,11,0.585,0.585,0.585,0.585,3,10902251,10902251,0,
2026-09-04T18,2,12,0.655,0.655,0.655,0.655,6,1125275,825275,0,
2026-09-04T18,3,0,2.05,2.4,1.99,2.15,272,2298794,20905,0,
2026-09-04T18,3,1,2.4,2.4,2.4,2.4,27,1514583,451665,0,
2026-09-04T18,3,2,2.45,2.45,2.45,2.45,26,3496561,1421752,118294,
2026-09-04T18,3,3,2.95,2.95,2.9,2.9,18,2581950,205943,0,
2026-09-04T18,3,4,3.35,3.35,3.35,3.35,11,2881538,1240180,0,
2026-09-04T18,3,5,3.45,3.45,3.45,3.45,5,3204637,2407820,0,
2026-09-04T18,3,6,3.45,3.45,3.45,3.45,3,3124571,1654899,0,
2026-09-04T18,3,7,4.55,4.55,4.55,4.55,2,210400,210400,0,
2026-09-04T18,3,10,6.2,6.2,6.2,6.2,1,322598,322598,0,
2026-09-04T18,3,11,6.4,6.4,6.4,6.4,3,23615,23615,0,
2026-09-04T18,3,12,7.0,7.0,7.0,7.0,1,311180,311180,0,
2026-09-04T18,4,0,2.2,2.45,2.15,2.35,95,910926,32666,375,
2026-09-04T18,4,1,2.3,2.6,2.3,2.55,8,557293,59657,0,
2026-09-04T18,4,2,2.6,2.6,2.6,2.6,12,676533,346224,0,
2026-09-04T18,4,3,2.75,2.75,2.75,2.75,10,2925061,355083,0,
2026-09-04T18,4,4,3.1,3.1,3.1,3.1,7,4311282,4131282,0,
2026-09-04T18,4,5,3.05,3.1,3.05,3.1,9,1781630,431547,0,
2026-09-04T18,4,6,3.6,3.6,3.6,3.6,2,703151,703151,0,
2026-09-04T18,4,7,3.7,3.7,3.7,3.7,3,719346,300000,0,
2026-09-04T18,4,8,4.45,4.45,4.45,4.45,3,115999,100000,0,
2026-09-04T18,5,0,2.8,2.8,2.55,2.65,78,1610667,10300,251,
2026-09-04T18,5,1,2.9,2.9,2.85,2.85,10,354467,28923,0,
2026-09-04T18,5,2,3.0,3.0,3.0,3.0,7,563722,563722,0,
2026-09-04T18,5,3,3.15,3.15,3.1,3.1,5,917137,516763,0,
2026-09-04T18,5,4,3.2,3.2,3.2,3.2,8,1253819,566908,0,
2026-09-04T18,5,5,3.3,3.3,3.3,3.3,2,37200,7200,0,
2026-09-04T18,5,6,4.95,4.95,4.95,4.95,1,99999,99999,0,
2026-09-04T18,5,7,5.0,5.0,5.0,5.0,1,999,999,0,
2026-09-04T18,6,0,0.655,0.68,0.655,0.665,82,6053612,48173,0,
2026-09-04T18,6,1,0.68,0.695,0.68,0.695,15,2943833,2635734,54850,
2026-09-04T18,6,2,0.715,0.715,0.715,0.715,12,3913870,3913870,0,
2026-09-04T18,6,3,0.74,0.74,0.74,0.74,12,6722667,3753210,351900,
2026-09-04T18,6,4,0.86,0.86,0.86,0.86,11,8845327,7987317,0,
2026-09-04T18,6,5,0.98,0.98,0.98,0.98,3,9895148,9895148,0,
2026-09-04T18,6,6,1.11,1.11,1.11,1.11,10,14205055,9204215,0,
2026-09-04T18,6,7,1.11,1.11,1.1,1.1,10,4178687,299999,0,
2026-09-04T18,6,8,1.49,1.49,1.49,1.49,4,4429519,4429519,0,
2026-09-04T18,6,9,1.7,1.7,1.7,1.7,2,2070000,1750000,0,
2026-09-04T18,6,10,1.75,1.75,1.75,1.75,2,4500000,900000,0,
2026-09-04T18,6,11,2.3,2.3,2.3,2.3,1,690000,690000,0,
2026-09-04T18,6,12,2.5,2.5,2.5,2.5,1,300000,300000,0,
2026-09-04T18,7,0,40.0,40.0,38.25,38.5,38,52182,3392,50,
2026-09-04T18,7,1,40.0,40.0,39.75,39.75,13,50328,40770,0,
2026-09-04T18,7,2,40.25,40.25,40.0,40.0,11,96445,51881,0,
2026-09-04T18,7,3,40.75,40.75,40.75,40.75,13,90997,86097,0,
2026-09-04T18,7,4,46.25,46.25,46.25,46.25,8,139011,138991,0,
2026-09-04T18,7,5,47.0,47.0,47.0,47.0,3,87776,50444,0,
2026-09-04T18,7,6,55.5,55.5,55.5,55.5,5,133148,133148,0,
2026-09-04T18,7,7,60.0,60.0,60.0,60.0,1,24046,24046,0,
2026-09-04T18,7,8,62.0,62.0,62.0,62.0,1,12795,12795,0,
2026-09-04T18,7,10,70.0,70.0,70.0,70.0,1,16545,16545,0,
2026-09-04T18,7,11,90.0,90.0,90.0,90.0,2,24990,24990,0,
2026-09-04T18,8,0,11.0,11.2,10.8,11.0,39,397282,206185,712,
2026-09-04T18,8,1,11.1,11.2,11.1,11.2,6,152332,152282,0,
2026-09-04T18,8,2,11.2,11.2,11.1,11.1,9,445143,443408,0,
2026-09-04T18,8,3,11.4,11.4,11.3,11.3,8,613931,283131,0,
2026-09-04T18,8,4,11.6,11.6,11.6,11.6,4,230300,230300,0,
2026-09-04T18,8,5,12.5,12.5,12.5,12.5,2,13990,9990,0,
2026-09-04T18,9,0,1.1,1.2,1.1,1.15,96,1016501,59821,0,
2026-09-04T18,9,1,1.22,1.23,1.22,1.23,14,642468,579216,0,
2026-09-04T18,9,2,1.21,1.21,1.21,1.21,22,2050560,636470,5728,
2026-09-04T18,9,3,1.26,1.26,1.26,1.26,14,1895438,677910,14698,
2026-09-04T18,9,4,1.35,1.35,1.35,1.35,10,1902458,1152458,0,
2026-09-04T18,9,5,1.37,1.37,1.37,1.37,6,832259,102821,0,
2026-09-04T18,9,7,1.76,1.76,1.75,1.75,9,4571046,500003,0,
2026-09-04T18,9,8,2.5,2.5,2.5,2.5,1,50422,50422,0,
2026-09-04T18,9,10,3.6,3.6,3.6,3.6,1,305248,305248,0,
2026-09-04T18,10,0,28.25,29.25,25.25,28.75,35,873727,746567,3481,
2026-09-04T18,10,1,29.0,29.0,28.75,29.0,16,389084,388326,60465,
2026-09-04T18,10,2,29.25,29.5,29.25,29.25,15,687200,88590,14594,
2026-09-04T18,10,3,30.0,30.0,29.75,30.0,11,1016975,727962,0,
2026-09-04T18,10,4,30.25,30.25,30.0,30.0,14,1201753,573201,0,
2026-09-04T18,10,5,30.0,30.0,30.0,30.0,10,595676,595676,0,
2026-09-04T18,10,6,30.0,30.0,30.0,30.0,5,1019781,1019781,161193,
2026-09-04T18,10,7,31.0,31.0,31.0,31.0,5,294602,294602,0,
2026-09-04T18,10,10,30.75,30.75,30.75,30.75,7,486821,299655,0,
2026-09-04T18,10,11,31.0,31.0,31.0,31.0,4,71377,21377,0,
2026-09-04T18,10,12,39.0,39.0,39.0,39.0,2,25999,25999,0,
2026-09-04T18,11,0,41.5,41.5,41.0,41.0,12,140687,140034,0,
2026-09-04T18,11,1,41.75,41.75,41.25,41.25,10,40626,40626,0,
2026-09-04T18,11,2,41.5,41.75,41.5,41.75,5,477308,477306,1158,
2026-09-04T18,11,3,42.25,42.25,42.25,42.25,3,227343,227343,30000,
2026-09-04T18,11,4,42.75,42.75,42.75,42.75,3,284073,284073,0,
2026-09-04T18,11,5,43.0,43.0,42.75,42.75,9,590592,243342,0,
2026-09-04T18,11,6,44.0,44.0,44.0,44.0,1,2832,2832,0,
2026-09-04T18,11,7,44.0,44.0,44.0,44.0,1,13752,13752,0,
2026-09-04T18,11,8,48.0,48.0,48.0,48.0,1,10000,10000,0,
2026-09-04T18,11,11,48.0,48.0,48.0,48.0,4,43990,43990,0,
2026-09-04T18,12,0,41.0,41.25,40.25,40.5,20,759825,756456,0,
2026-09-04T18,12,1,41.25,41.25,40.5,40.5,10,201766,201716,0,
2026-09-04T18,12,2,41.25,41.25,41.0,41.0,11,652128,87482,0,
2026-09-04T18,12,3,41.25,41.25,41.25,41.25,19,83773,67882,0,
2026-09-04T18,12,4,41.25,41.25,41.25,41.25,7,127827,116590,43754,
2026-09-04T18,12,5,42.75,42.75,42.75,42.75,4,283498,283498,0,
2026-09-04T18,12,6,43.75,43.75,43.75,43.75,1,34878,34878,0,
2026-09-04T18,12,7,46.75,46.75,46.75,46.75,2,37000,37000,0,
2026-09-04T18,12,8,46.75,46.75,46.75,46.75,3,54953,54953,0,
2026-09-04T18,12,9,50.0,50.0,50.0,50.0,1,19999,19999,0,
2026-09-04T18,13,0,0.361,0.364,0.358,0.361,142,497439158,120211517,4545830,
2026-09-04T18,14,0,11.1,11.1,10.8,11.1,26,325774,321340,79591,
2026-09-04T18,14,1,11.1,11.2,11.1,11.2,9,294883,284883,24981,
2026-09-04T18,14,2,11.4,11.4,11.4,11.4,10,264143,240617,0,
2026-09-04T18,14,3,11.2,11.3,11.2,11.3,13,1148822,871947,0,
2026-09-04T18,14,4,11.3,11.3,11.2,11.2,10,1123800,1060834,87227,
2026-09-04T18,14,5,11.5,11.5,11.5,11.5,10,3919798,1915030,0,
2026-09-04T18,14,6,13.8,13.8,13.8,13.8,4,740000,640000,0,
2026-09-04T18,14,7,14.8,14.8,14.8,14.8,2,52728,52728,0,
2026-09-04T18,14,8,18.2,18.2,18.2,18.2,4,913305,913305,0,
2026-09-04T18,14,11,19.0,19.0,19.0,19.0,1,25219,25219,0,
2026-09-04T18,15,0,10.0,10.3,9.6,10.2,31,1813295,195795,50,
2026-09-04T18,15,1,10.4,10.4,10.4,10.4,15,264187,247541,0,
2026-09-04T18,15,2,10.3,10.3,10.3,10.3,11,943914,502768,97913,
2026-09-04T18,15,3,10.8,10.8,10.8,10.8,15,2649926,2231513,0,
2026-09-04T18,15,4,11.0,11.0,11.0,11.0,3,508187,508187,0,
2026-09-04T18,15,5,11.2,11.2,11.2,11.2,3,250245,182081,0,
2026-09-04T18,15,6,11.3,11.3,11.3,11.3,3,240578,240578,0,
2026-09-04T18,15,7,11.4,11.4,11.4,11.4,1,2090,2090,0,
2026-09-04T18,15,8,11.5,11.5,11.5,11.5,3,789811,789811,0,
2026-09-04T18,15,10,11.0,11.0,11.0,11.0,3,278145,78144,0,
2026-09-04T18,16,0,8.7,8.8,8.0,8.2,11,170400,123408,0,
2026-09-04T18,16,1,8.3,8.7,8.3,8.7,15,346679,329065,29682,
2026-09-04T18,16,2,8.5,8.7,8.5,8.7,13,683543,632078,398,
2026-09-04T18,16,3,8.9,9.1,8.9,9.1,6,375383,375383,199980,
2026-09-04T18,16,4,9.2,9.2,9.0,9.0,6,1116737,1116737,0,
2026-09-04T18,16,5,9.2,9.2,8.8,9.2,1,1916,1916,0,
2026-09-04T18,16,6,9.3,9.3,9.1,9.1,4,131800,131800,0,
2026-09-04T18,16,8,9.6,9.6,9.6,9.6,4,1020000,520000,0,
2026-09-04T18,16,11,9.4,9.4,9.3,9.3,2,333183,333183,0,
2026-09-04T18,16,12,9.4,9.4,9.4,9.4,5,2048980,2048980,0,
2026-09-04T18,17,0,14.7,14.9,14.2,14.2,17,183835,79740,1062,
2026-09-04T18,17,1,14.7,14.8,14.7,14.8,9,224468,224463,0,
2026-09-04T18,17,2,14.9,14.9,14.9,14.9,9,493472,473286,0,
2026-09-04T18,17,3,14.9,14.9,14.8,14.9,4,716731,716731,653394,
2026-09-04T18,17,4,15.0,15.0,14.9,15.0,6,799500,799500,0,
2026-09-04T18,17,5,15.0,15.0,15.0,15.0,4,547235,547235,0,
2026-09-04T18,17,6,15.0,15.0,15.0,15.0,4,430352,430352,7308,
2026-09-04T18,17,7,15.2,15.2,15.2,15.2,4,518812,488812,0,
2026-09-04T18,17,8,15.6,15.6,15.6,15.6,9,1998122,606148,0,
2026-09-04T18,17,9,16.5,16.5,16.5,16.5,3,515568,118832,0,
2026-09-04T18,17,10,16.3,16.3,16.3,16.3,22,1370062,634000,0,
2026-09-04T18,17,11,22.0,22.0,22.0,22.0,1,17112,17112,0,
2026-09-04T18,18,0,20.75,21.0,19.9,20.0,14,40000,10210,0,
2026-09-04T18,18,1,21.0,21.0,20.75,20.75,10,192383,78634,2880,
2026-09-04T18,18,2,20.75,21.0,20.75,21.0,6,125272,79976,62281,
2026-09-04T18,18,3,21.25,21.25,21.25,21.25,10,738191,738191,259,
2026-09-04T18,18,4,22.25,22.25,22.25,22.25,11,650518,610518,8550,
2026-09-04T18,18,5,22.5,22.5,22.5,22.5,7,874146,374146,0,
2026-09-04T18,18,6,24.25,24.25,24.25,24.25,4,23265,23094,0,
2026-09-04T18,18,7,26.0,26.0,26.0,26.0,1,98360,98360,0,
2026-09-04T18,18,8,26.0,26.0,26.0,26.0,2,110076,110076,0,
2026-09-04T18,18,10,28.75,28.75,28.75,28.75,2,60001,60001,0,
2026-09-04T18,19,0,11.3,11.5,11.1,11.4,17,1380249,445636,7932,
2026-09-04T18,19,1,11.9,11.9,11.9,11.9,2,143110,10000,0,
2026-09-04T18,19,2,11.9,11.9,11.8,11.8,3,598923,598923,10762,
2026-09-04T18,19,3,11.9,11.9,11.8,11.8,6,396514,396514,8794,
2026-09-04T18,19,4,12.1,12.1,12.1,12.1,9,1876889,1712207,0,
2026-09-04T18,19,5,12.2,12.2,12.2,12.2,7,525020,155595,0,
2026-09-04T18,19,6,12.4,12.4,12.4,12.4,7,440413,382937,0,
2026-09-04T18,19,7,12.4,12.4,12.4,12.4,13,883209,256764,0,
2026-09-04T18,19,8,12.3,12.3,12.3,12.3,11,1016618,382917,0,
2026-09-04T18,19,9,15.3,15.3,15.3,15.3,2,96424,96424,0,
2026-09-04T18,19,10,15.3,15.3,15.3,15.3,5,356448,356448,0,
2026-09-04T18,19,11,19.9,19.9,19.9,19.9,2,50999,50999,0,
2026-09-04T18,20,0,110.0,110.0,101.0,110.0,11,110744,37726,0,
2026-09-04T18,20,1,110.0,110.0,105.0,110.0,15,49796,9156,3281,
2026-09-04T18,20,2,113.0,113.0,111.0,111.0,20,104097,27068,0,
2026-09-04T18,20,3,115.0,117.0,115.0,117.0,18,165088,152840,0,
2026-09-04T18,20,4,117.0,117.0,117.0,117.0,11,110855,64705,0,
2026-09-04T18,20,5,119.0,119.0,119.0,119.0,10,120418,59010,0,
2026-09-04T18,20,6,121.0,121.0,112.0,121.0,4,22060,19060,0,
2026-09-04T18,20,7,120.0,120.0,120.0,120.0,7,32000,13476,0,
2026-09-04T18,21,0,58.5,60.0,56.0,56.5,6,4418,2590,10196,
2026-09-04T18,21,1,58.5,58.5,58.0,58.5,6,8791,8760,1031,
2026-09-04T18,21,2,59.5,59.5,58.5,58.5,6,35373,35353,190,
2026-09-04T18,21,3,60.0,60.0,59.0,59.0,9,258843,253843,8321,
2026-09-04T18,21,4,61.0,61.0,60.5,60.5,13,658825,565309,6443,
2026-09-04T18,21,5,63.5,63.5,63.0,63.0,8,57744,37744,0,
2026-09-04T18,21,6,64.0,64.0,64.0,64.0,3,217488,60519,0,
2026-09-04T18,21,7,66.5,66.5,66.5,66.5,3,96196,96196,0,
2026-09-04T18,21,8,68.0,68.0,68.0,68.0,2,58267,58267,0,
2026-09-04T18,22,0,88.0,90.5,86.5,89.0,6,1582,1580,55,
2026-09-04T18,22,1,89.5,90.5,89.5,90.5,2,1033,1033,0,
2026-09-04T18,22,2,89.5,90.5,88.0,90.5,1,5000,5000,0,
2026-09-04T18,22,3,90.0,90.0,89.0,90.0,5,10690,10690,5194,
2026-09-04T18,22,4,90.0,90.0,90.0,90.0,4,31216,31216,27190,
2026-09-04T18,22,5,90.5,90.5,90.5,90.5,4,95443,95443,0,
2026-09-04T18,22,6,92.0,92.0,92.0,92.0,2,20000,20000,0,
2026-09-04T18,22,7,91.5,91.5,89.0,91.5,3,53874,53874,0,
2026-09-04T18,22,8,95.5,95.5,95.5,95.5,4,48723,48723,0,
2026-09-04T18,22,9,97.0,97.0,97.0,97.0,4,45554,45554,0,
2026-09-04T18,22,10,98.0,98.0,98.0,98.0,1,9946,9946,0,
2026-09-04T18,22,11,108.0,108.0,108.0,108.0,2,25423,25423,0,
2026-09-04T18,23,0,129.0,131.0,129.0,130.0,7,1882,1513,0,
2026-09-04T18,23,1,130.0,131.0,130.0,131.0,3,1673,1673,770,
2026-09-04T18,23,2,131.0,132.0,131.0,131.0,5,39677,39677,0,
2026-09-04T18,23,3,132.0,132.0,132.0,132.0,5,29477,23477,22863,
2026-09-04T18,23,4,134.0,134.0,134.0,134.0,3,57186,57186,0,
2026-09-04T18,23,7,136.0,136.0,135.0,135.0,2,3211,3211,0,
2026-09-04T18,23,8,137.0,137.0,137.0,137.0,3,30000,20000,0,
2026-09-04T18,23,9,142.0,142.0,142.0,142.0,3,102242,102242,0,
2026-09-04T18,23,10,148.0,148.0,148.0,148.0,3,12824,12824,0,
2026-09-04T18,23,11,210.0,210.0,210.0,210.0,1,199,199,0,
2026-09-04T18,24,0,640.0,645.0,635.0,645.0,11,305,285,0,
2026-09-04T18,24,1,645.0,645.0,640.0,640.0,3,1429,1429,448,
2026-09-04T18,24,4,650.0,650.0,645.0,645.0,3,19501,19501,479,
2026-09-04T18,24,5,655.0,655.0,655.0,655.0,3,5998,4498,0,
2026-09-04T18,24,6,665.0,665.0,665.0,665.0,1,22764,22764,0,
2026-09-04T18,24,7,665.0,665.0,665.0,665.0,2,2766,2766,0,
2026-09-04T18,24,8,725.0,725.0,725.0,725.0,1,83,83,0,
2026-09-04T18,25,0,765.0,765.0,765.0,765.0,13,3483,3471,975,
2026-09-04T18,25,1,770.0,770.0,770.0,770.0,4,7753,7753,0,
2026-09-04T18,25,2,770.0,770.0,770.0,770.0,6,6312,6309,0,
2026-09-04T18,25,3,780.0,780.0,775.0,775.0,6,13062,13062,0,
2026-09-04T18,25,4,795.0,795.0,795.0,795.0,2,18712,18712,0,
2026-09-04T18,25,5,805.0,805.0,805.0,805.0,3,15252,15252,1200,
2026-09-04T18,25,6,835.0,835.0,835.0,835.0,5,13905,13905,0,
2026-09-04T18,25,7,835.0,835.0,835.0,835.0,9,46986,34800,0,
2026-09-04T18,25,10,900.0,900.0,900.0,900.0,1,467,467,0,
2026-09-04T18,26,0,1200.0,1230.0,1190.0,1190.0,8,168,65,0,
2026-09-04T18,26,1,1210.0,1210.0,1200.0,1200.0,2,1156,1156,0,
2026-09-04T18,26,2,1210.0,1210.0,1200.0,1200.0,6,4149,3760,0,
2026-09-04T18,26,3,1230.0,1230.0,1230.0,1230.0,4,10144,10144,0,
2026-09-04T18,26,4,1230.0,1240.0,1230.0,1240.0,6,4075,4075,73,
2026-09-04T18,26,5,1270.0,1270.0,1270.0,1270.0,3,17843,17843,0,
2026-09-04T18,26,6,1250.0,1250.0,1250.0,1250.0,2,2107,2107,0,
2026-09-04T18,26,7,1360.0,1360.0,1360.0,1360.0,1,1000,1000,0,
2026-09-04T18,27,0,580.0,630.0,580.0,630.0,1,4,4,0,
2026-09-04T18,27,1,585.0,585.0,585.0,585.0,1,1919,1919,0,
2026-09-04T18,27,2,580.0,580.0,580.0,580.0,1,1259,1259,0,
2026-09-04T18,27,3,585.0,585.0,585.0,585.0,6,1036,1036,0,
2026-09-04T18,27,4,595.0,595.0,590.0,590.0,4,2488,2488,0,
2026-09-04T18,27,5,600.0,600.0,600.0,600.0,3,9000,9000,0,
2026-09-04T18,27,6,630.0,630.0,630.0,630.0,3,9249,9249,0,
2026-09-04T18,27,7,680.0,680.0,680.0,680.0,1,640,640,0,
2026-09-04T18,27,12,800.0,800.0,800.0,800.0,1,252,252,0,
2026-09-04T18,28,0,935.0,955.0,935.0,955.0,3,721,721,0,
2026-09-04T18,28,1,945.0,945.0,945.0,945.0,1,346,346,0,
2026-09-04T18,28,2,935.0,935.0,935.0,935.0,4,795,795,1,
2026-09-04T18,28,3,985.0,985.0,985.0,985.0,3,2789,2789,0,
2026-09-04T18,28,4,990.0,990.0,990.0,990.0,9,6741,6341,0,
2026-09-04T18,28,6,1040.0,1040.0,1040.0,1040.0,1,500,500,0,
2026-09-04T18,28,9,1050.0,1050.0,1050.0,1050.0,1,285,285,0,
2026-09-04T18,29,0,99.0,101.0,98.0,100.0,51,616413,112877,50,
2026-09-04T18,30,0,153.0,154.0,152.0,153.0,57,516995,191615,1402,
2026-09-04T18,31,0,198.0,198.0,198.0,198.0,46,862756,596000,5450,
2026-09-04T18,32,0,212.0,218.0,210.0,218.0,58,480742,113583,5849,
2026-09-04T18,33,0,106.0,110.0,104.0,110.0,29,353579,157009,5897,
2026-09-04T18,34,0,86.0,91.5,85.5,91.5,67,891810,248638,3672,
2026-09-04T18,35,0,82.0,83.5,82.0,83.5,37,968364,84342,14330,
2026-09-04T18,40,0,1.55,1.55,1.47,1.47,83,2620498,172483,0,
2026-09-04T18,40,1,1.55,1.55,1.55,1.55,20,4433581,78682,33000,
2026-09-04T18,40,2,1.7,1.7,1.7,1.7,14,3773465,2299900,0,
2026-09-04T18,40,3,1.82,1.82,1.82,1.82,14,4379314,2782554,0,
2026-09-04T18,40,4,1.92,1.92,1.91,1.91,16,2894680,1587258,0,
2026-09-04T18,40,5,2.05,2.05,2.05,2.05,12,6459379,454642,0,
2026-09-04T18,40,6,2.15,2.15,2.15,2.15,4,1061050,857028,0,
2026-09-04T18,40,7,2.5,2.5,2.5,2.5,4,929177,929177,0,
2026-09-04T18,40,8,2.85,2.85,2.85,2.85,3,900000,600000,0,
2026-09-04T18,41,0,4.7,4.7,4.5,4.5,22,215196,22940,15611,
2026-09-04T18,41,1,4.75,4.75,4.75,4.75,8,546462,67474,2565,
2026-09-04T18,41,2,4.85,4.85,4.85,4.85,9,1578073,482414,500,
2026-09-04T18,41,3,4.9,4.9,4.9,4.9,12,2173019,1146146,0,
2026-09-04T18,41,4,5.0,5.1,5.0,5.1,6,1767646,1291851,0,
2026-09-04T18,41,5,5.6,5.6,5.6,5.6,4,1618646,1618646,0,
2026-09-04T18,41,6,7.3,7.3,7.3,7.3,1,50000,50000,0,
2026-09-04T18,41,7,6.0,6.0,6.0,6.0,1,68753,68753,0,
2026-09-04T18,41,8,8.3,8.3,8.3,8.3,1,185499,185499,0,
2026-09-04T18,41,9,8.9,8.9,8.9,8.9,1,159004,159004,0,
2026-09-04T18,41,10,8.9,8.9,8.9,8.9,3,101000,100000,0,
2026-09-04T18,41,11,9.9,9.9,9.9,9.9,2,23103,23103,0,
2026-09-04T18,42,0,4.8,5.2,4.8,4.9,40,2847709,2585,40104,
2026-09-04T18,42,1,5.2,5.2,4.95,5.2,9,176905,158168,0,
2026-09-04T18,42,2,5.3,5.3,4.95,5.0,12,1194428,52868,29000,
2026-09-04T18,42,3,5.3,5.3,5.2,5.2,13,646382,326395,0,
2026-09-04T18,42,4,5.2,5.5,5.2,5.5,6,1325227,1075227,4000,
2026-09-04T18,42,5,5.7,5.7,5.7,5.7,6,3737535,437535,0,
2026-09-04T18,42,6,6.9,6.9,6.9,6.9,1,1647,1647,0,
2026-09-04T18,42,7,6.9,6.9,6.9,6.9,1,999,999,0,
2026-09-04T18,43,0,11.8,11.8,11.5,11.7,20,240999,230053,0,
2026-09-04T18,43,1,11.7,11.8,11.7,11.8,14,731957,540424,0,
2026-09-04T18,43,2,11.8,11.8,11.7,11.7,13,1119938,740193,32697,
2026-09-04T18,43,3,11.9,11.9,11.8,11.8,21,1628820,530162,554,
2026-09-04T18,43,4,12.2,12.2,12.1,12.1,11,734653,694292,13359,
2026-09-04T18,43,5,13.4,13.4,13.4,13.4,5,709350,322192,0,
2026-09-04T18,43,6,14.5,14.5,14.5,14.5,7,929297,929297,0,
2026-09-04T18,43,7,17.6,17.6,17.6,17.6,2,27389,27389,0,
2026-09-04T18,43,8,18.8,18.8,18.8,18.8,3,23885,23885,0,
2026-09-04T18,44,0,1.26,1.27,1.25,1.27,11,2134982,2134982,0,
2026-09-04T18,44,1,1.26,1.28,1.26,1.28,2,173990,173990,0,
2026-09-04T18,44,2,1.27,1.27,1.27,1.27,20,6041221,3541221,677419,
2026-09-04T18,44,3,1.32,1.32,1.31,1.31,5,1260969,1160969,0,
2026-09-04T18,44,4,1.33,1.33,1.33,1.33,4,11383826,3334934,0,
2026-09-04T18,44,5,1.33,1.33,1.33,1.33,6,2915962,1368343,0,
2026-09-04T18,44,6,1.35,1.35,1.35,1.35,4,2815813,340000,0,
2026-09-04T18,44,7,1.69,1.69,1.69,1.69,1,400000,400000,0,
2026-09-04T18,45,0,15.7,15.7,15.4,15.7,10,461454,461454,9010,
2026-09-04T18,45,1,15.9,15.9,15.9,15.9,5,179224,53920,0,
2026-09-04T18,45,2,15.7,15.8,15.7,15.7,15,593006,418426,8365,
2026-09-04T18,45,3,15.9,15.9,15.9,15.9,18,622901,210664,0,
2026-09-04T18,45,4,16.8,16.8,16.7,16.7,13,174820,131058,0,
2026-09-04T18,45,5,19.0,19.0,19.0,19.0,1,11111,11111,0,
2026-09-04T18,45,6,17.0,17.0,17.0,17.0,1,122621,122621,0,
2026-09-04T18,45,7,23.5,23.5,23.5,23.5,1,10000,10000,0,
2026-09-04T18,45,9,24.25,24.25,24.25,24.25,1,1999,1999,0,
2026-09-04T18,45,12,24.5,24.5,24.5,24.5,3,54291,54291,0,
2026-09-04T18,46,0,27.25,27.75,26.5,27.25,56,156895,1139,0,
2026-09-04T18,46,1,27.75,27.75,27.25,27.25,20,141987,15231,1550,
2026-09-04T18,46,2,29.75,29.75,29.0,29.0,10,38126,31378,0,
2026-09-04T18,46,3,29.5,29.5,29.5,29.5,10,547025,497569,0,
2026-09-04T18,46,4,29.25,29.5,29.25,29.5,9,440442,86338,9472,
2026-09-04T18,46,5,30.5,30.5,30.25,30.25,13,183056,153056,0,
2026-09-04T18,46,6,34.5,34.5,34.5,34.5,6,159788,159788,0,
2026-09-04T18,46,7,34.75,34.75,34.75,34.75,8,145036,137395,0,
2026-09-04T18,47,0,446.0,448.0,434.0,448.0,8,11206,11033,168,
2026-09-04T18,47,1,452.0,452.0,450.0,450.0,4,3081,3081,0,
2026-09-04T18,47,2,454.0,454.0,450.0,450.0,6,10844,10844,545,
2026-09-04T18,47,3,452.0,452.0,452.0,452.0,10,42750,42750,678,
2026-09-04T18,47,4,464.0,464.0,464.0,464.0,6,13325,13325,919,
2026-09-04T18,47,5,468.0,468.0,466.0,466.0,5,9060,5521,0,
2026-09-04T18,47,6,498.0,498.0,498.0,498.0,6,43664,38664,0,
2026-09-04T18,47,7,525.0,525.0,525.0,525.0,1,7528,7528,0,
2026-09-04T18,47,8,530.0,530.0,530.0,530.0,2,14140,14140,0,
2026-09-04T18,47,9,900.0,900.0,900.0,900.0,1,1,1,0,
2026-09-04T18,48,0,220.0,222.0,220.0,220.0,8,2928,2778,413,
2026-09-04T18,48,1,238.0,238.0,238.0,238.0,2,1172,1172,0,
2026-09-04T18,48,2,230.0,230.0,230.0,230.0,1,1014,1014,936,
2026-09-04T18,48,3,234.0,234.0,234.0,234.0,2,5760,5760,0,
2026-09-04T18,48,4,232.0,232.0,232.0,232.0,5,53356,53356,89,
2026-09-04T18,48,5,256.0,256.0,256.0,256.0,5,57903,57903,0,
2026-09-04T18,48,6,278.0,278.0,278.0,278.0,2,74160,74160,0,
2026-09-04T18,48,7,350.0,350.0,350.0,350.0,3,3000,2000,0,
2026-09-04T18,48,8,400.0,400.0,400.0,400.0,1,250,250,0,
2026-09-04T18,49,0,940.0,940.0,935.0,935.0,23,8087,5206,10,
2026-09-04T18,49,1,1010.0,1010.0,1010.0,1010.0,3,5580,5580,0,
2026-09-04T18,49,2,1010.0,1010.0,1010.0,1010.0,4,1595,1595,54,
2026-09-04T18,49,3,1140.0,1140.0,1140.0,1140.0,1,93,93,0,
2026-09-04T18,49,4,1020.0,1020.0,1020.0,1020.0,2,20350,20350,0,
2026-09-04T18,49,5,1070.0,1070.0,1070.0,1070.0,2,5185,185,0,
2026-09-04T18,49,6,1190.0,1190.0,1190.0,1190.0,2,584,584,0,
2026-09-04T18,49,7,1230.0,1230.0,1230.0,1230.0,2,9493,9493,0,
2026-09-04T18,50,0,318.0,320.0,318.0,320.0,8,3874,3584,115,
2026-09-04T18,50,1,328.0,328.0,328.0,328.0,1,1037,1037,12,
2026-09-04T18,50,2,330.0,330.0,330.0,330.0,11,18407,18407,10,
2026-09-04T18,50,3,342.0,342.0,342.0,342.0,8,13711,13711,1261,
2026-09-04T18,50,4,352.0,352.0,352.0,352.0,5,31426,31426,0,
2026-09-04T18,50,5,350.0,350.0,350.0,350.0,3,11747,11747,1260,
2026-09-04T18,50,6,354.0,354.0,354.0,354.0,3,31484,31484,0,
2026-09-04T18,50,7,354.0,354.0,354.0,354.0,8,34711,30211,0,
2026-09-04T18,50,8,416.0,416.0,416.0,416.0,1,18323,18323,0,
2026-09-04T18,50,9,416.0,416.0,416.0,416.0,1,11399,11399,0,
2026-09-04T18,50,10,418.0,418.0,418.0,418.0,1,2,2,0,
2026-09-04T18,50,11,420.0,420.0,420.0,420.0,4,16360,4960,0,
2026-09-04T18,51,0,785.0,785.0,780.0,785.0,6,3859,3274,65,
2026-09-04T18,51,1,790.0,790.0,790.0,790.0,9,11367,11367,0,
2026-09-04T18,51,2,795.0,795.0,795.0,795.0,8,6863,6287,54,
2026-09-04T18,51,3,820.0,820.0,820.0,820.0,6,20182,20182,0,
2026-09-04T18,51,4,810.0,810.0,810.0,810.0,22,30043,21058,0,
2026-09-04T18,51,5,900.0,900.0,900.0,900.0,10,8310,7942,0,
2026-09-04T18,51,6,910.0,910.0,910.0,910.0,6,7954,6954,0,
2026-09-04T18,51,8,995.0,995.0,995.0,995.0,2,1025,1025,0,
2026-09-04T18,52,0,600.0,610.0,600.0,610.0,8,3157,3157,59,
2026-09-04T18,52,1,605.0,610.0,605.0,610.0,1,34,34,0,
2026-09-04T18,52,2,620.0,620.0,620.0,620.0,4,3027,3027,0,
2026-09-04T18,52,3,610.0,610.0,610.0,610.0,4,5242,5242,911,
2026-09-04T18,52,4,630.0,630.0,630.0,630.0,3,5722,5722,0,
2026-09-04T18,52,5,635.0,635.0,635.0,635.0,3,13201,13201,0,
2026-09-04T18,52,6,645.0,645.0,645.0,645.0,4,13759,8759,0,
2026-09-04T18,52,7,800.0,800.0,800.0,800.0,7,110,10,0,
2026-09-04T18,52,8,1230.0,1230.0,1220.0,1220.0,3,1054,1054,0,
2026-09-04T18,52,10,1240.0,1240.0,1240.0,1240.0,1,1000,1000,0,
2026-09-04T18,52,11,1250.0,1250.0,1250.0,1250.0,2,1099,1099,0,
2026-09-04T18,53,0,3410.0,3410.0,3410.0,3410.0,8,373,373,0,
2026-09-04T18,53,1,3590.0,3590.0,3430.0,3430.0,2,201,201,0,
2026-09-04T18,53,2,3440.0,3440.0,3440.0,3440.0,2,68,68,0,
2026-09-04T18,53,3,3470.0,3470.0,3470.0,3470.0,2,1399,1399,0,
2026-09-04T18,53,4,3500.0,3500.0,3500.0,3500.0,6,1006,1006,190,
2026-09-04T18,53,5,3580.0,3580.0,3580.0,3580.0,4,2980,2980,0,
2026-09-04T18,53,6,3790.0,3790.0,3790.0,3790.0,1,4284,4284,0,
2026-09-04T18,53,9,3800.0,3800.0,3800.0,3800.0,1,4,4,0,
2026-09-04T18,54,0,6500.0,6500.0,6500.0,6500.0,6,807,717,0,
2026-09-04T18,54,1,6700.0,6700.0,6700.0,6700.0,1,224,224,0,
2026-09-04T18,54,2,6750.0,6750.0,6750.0,6750.0,1,140,140,0,
2026-09-04T18,54,3,6800.0,6800.0,6800.0,6800.0,1,2614,2614,0,
2026-09-04T18,54,4,6775.0,6775.0,6775.0,6775.0,3,6257,6257,0,
2026-09-04T18,54,5,7000.0,7000.0,6850.0,6850.0,3,2091,1091,0,
2026-09-04T18,54,6,7100.0,7100.0,7100.0,7100.0,2,1007,1007,0,
2026-09-04T18,54,7,6900.0,6900.0,6900.0,6900.0,1,252,252,0,
2026-09-04T18,55,0,2320.0,2320.0,2310.0,2310.0,,,,0,
2026-09-04T18,55,2,2330.0,2330.0,2310.0,2310.0,2,354,354,0,
2026-09-04T18,55,3,2320.0,2320.0,2320.0,2320.0,3,1976,1976,5,
2026-09-04T18,55,4,2340.0,2340.0,2340.0,2340.0,1,172,172,0,
2026-09-04T18,55,6,2390.0,2390.0,2390.0,2390.0,2,366,99,0,
2026-09-04T18,55,7,2400.0,2400.0,2400.0,2400.0,4,65,40,0,
2026-09-04T18,56,0,4410.0,4410.0,4410.0,4410.0,1,185,185,5,
2026-09-04T18,56,2,4430.0,4430.0,4430.0,4430.0,2,58,58,0,
2026-09-04T18,56,3,4420.0,4420.0,4410.0,4420.0,6,567,567,24,
2026-09-04T18,56,4,4440.0,4440.0,4440.0,4440.0,2,2033,2033,0,
2026-09-04T18,56,5,4440.0,4440.0,4440.0,4440.0,6,7499,7499,600,
2026-09-04T18,56,6,4640.0,4640.0,4640.0,4640.0,1,120,120,0,
2026-09-04T18,56,7,5100.0,5100.0,5100.0,5100.0,16,1817,61,0,
2026-09-04T18,56,8,6200.0,6200.0,6200.0,6200.0,1,2849,2849,0,
2026-09-04T18,57,0,5600.0,5625.0,5575.0,5625.0,3,93,35,0,
2026-09-04T18,57,1,5600.0,5600.0,5600.0,5600.0,2,707,707,0,
2026-09-04T18,57,2,5600.0,5600.0,5600.0,5600.0,1,496,496,3,
2026-09-04T18,57,3,5725.0,5725.0,5725.0,5725.0,3,400,73,0,
2026-09-04T18,57,4,5750.0,5750.0,5750.0,5750.0,2,733,733,0,
2026-09-04T18,57,5,5800.0,5800.0,5800.0,5800.0,4,7670,6670,0,
2026-09-04T18,57,6,5875.0,5875.0,5875.0,5875.0,9,2441,2041,0,
2026-09-04T18,57,7,6000.0,6000.0,6000.0,6000.0,2,20,10,0,
2026-09-04T18,57,8,6875.0,6875.0,6875.0,6875.0,2,31,30,0,
2026-09-04T18,58,0,121.0,127.0,121.0,127.0,31,884596,151715,0,
2026-09-04T18,59,0,64.0,66.0,64.0,65.5,41,2777558,1933042,1840,
2026-09-04T18,60,0,6.5,6.5,5.5,5.6,35,423394,5000,0,
2026-09-04T18,60,1,6.9,6.9,6.3,6.3,5,123095,6958,0,
2026-09-04T18,60,2,6.9,6.9,6.7,6.7,8,478804,297290,0,
2026-09-04T18,60,3,7.0,7.0,6.7,6.7,4,2376803,1126301,0,
2026-09-04T18,60,4,6.9,6.9,6.8,6.8,5,9183868,6596577,0,
2026-09-04T18,60,5,6.9,6.9,6.9,6.9,5,1076292,1076292,0,
2026-09-04T18,60,6,7.2,7.2,7.2,7.2,9,971703,214133,0,
2026-09-04T18,60,7,7.5,7.5,7.5,7.5,4,367282,5000,0,
2026-09-04T18,60,8,8.8,8.8,8.8,8.8,2,285624,285624,0,
2026-09-04T18,60,9,10.0,10.0,10.0,10.0,1,100000,100000,0,
2026-09-04T18,60,10,9.8,9.8,9.8,9.8,4,573266,563267,0,
2026-09-04T18,60,12,12.9,12.9,12.9,12.9,1,1,1,0,
2026-09-04T18,61,0,19.0,19.1,18.6,19.1,17,173077,140493,0,
2026-09-04T18,61,1,19.0,19.0,19.0,19.0,11,1236675,1193243,0,
2026-09-04T18,61,2,19.2,19.2,19.0,19.0,10,2150670,1071686,0,
2026-09-04T18,61,3,19.9,19.9,19.9,19.9,12,1691168,1111718,0,
2026-09-04T18,61,4,20.5,20.5,20.5,20.5,10,764546,754187,0,
2026-09-04T18,61,5,21.0,21.0,21.0,21.0,6,872696,867696,0,
2026-09-04T18,61,6,24.5,24.5,24.5,24.5,3,151876,66000,0,
2026-09-04T18,62,0,21.75,22.25,21.75,22.25,15,18647,7612,200,
2026-09-04T18,62,1,22.25,22.5,22.25,22.5,5,41036,39714,0,
2026-09-04T18,62,2,23.0,23.0,23.0,23.0,11,328111,306650,0,
2026-09-04T18,62,3,23.0,23.0,23.0,23.0,9,229635,144639,0,
2026-09-04T18,62,4,23.5,23.5,23.5,23.5,5,600431,600431,0,
2026-09-04T18,62,5,29.0,29.0,29.0,29.0,2,278452,1452,0,
2026-09-04T18,62,6,24.75,24.75,24.75,24.75,1,12019,12019,0,
2026-09-04T18,62,9,38.0,38.0,38.0,38.0,2,999,999,0,
2026-09-04T18,63,0,33.5,34.0,33.5,34.0,17,80203,78088,800,
2026-09-04T18,63,1,34.0,34.25,34.0,34.25,10,163302,145147,0,
2026-09-04T18,63,2,35.0,35.0,35.0,35.0,11,330755,280755,0,
2026-09-04T18,63,3,35.5,35.5,35.5,35.5,3,132368,132368,0,
2026-09-04T18,63,4,36.25,36.25,36.25,36.25,3,266403,266403,0,
2026-09-04T18,63,5,37.75,37.75,37.75,37.75,1,100000,100000,0,
2026-09-04T18,63,6,38.5,38.5,38.5,38.5,1,10000,10000,0,
2026-09-04T18,63,7,38.0,38.0,38.0,38.0,1,98125,98125,0,
2026-09-04T18,64,0,46.75,47.0,44.0,44.0,17,14615,240,0,
2026-09-04T18,64,1,47.0,47.25,47.0,47.25,3,40261,40261,0,
2026-09-04T18,64,2,48.0,48.0,47.75,47.75,6,32128,32128,0,
2026-09-04T18,64,3,49.25,49.25,49.25,49.25,4,17668,17668,0,
2026-09-04T18,64,4,49.5,49.5,49.0,49.0,4,139599,139599,0,
2026-09-04T18,64,5,50.5,50.5,50.5,50.5,5,172000,172000,0,
2026-09-04T18,64,6,50.5,50.5,50.5,50.5,4,81589,81589,0,
2026-09-04T18,64,7,59.0,59.0,59.0,59.0,2,11000,11000,0,
2026-09-04T18,64,8,78.5,78.5,78.5,78.5,2,800,800,0,
2026-09-04T18,64,10,80.0,80.0,80.0,80.0,1,5000,5000,0,
2026-09-04T18,65,0,13.1,13.1,13.1,13.1,18,200100,196446,0,
2026-09-04T18,65,1,13.4,13.4,13.4,13.4,5,154421,154421,0,
2026-09-04T18,65,2,13.5,13.5,13.4,13.4,15,683837,341451,0,
2026-09-04T18,65,3,13.6,13.6,13.6,13.6,7,1378352,1351825,0,
2026-09-04T18,65,4,13.7,13.7,13.7,13.7,8,797273,267838,0,
2026-09-04T18,65,5,14.4,14.4,14.4,14.4,3,692296,692296,0,
2026-09-04T18,65,6,14.5,14.5,14.5,14.5,5,147595,147595,0,
2026-09-04T18,65,7,15.9,15.9,15.9,15.9,1,12000,12000,0,
2026-09-04T18,65,9,16.3,16.3,16.3,16.3,1,10000,10000,0,
2026-09-04T18,65,10,16.4,16.4,16.4,16.4,1,50000,50000,0,
2026-09-04T18,65,11,16.1,16.1,16.1,16.1,2,79712,79712,0,
2026-09-04T18,65,12,16.1,16.1,16.1,16.1,5,734350,734251,0,
2026-09-04T18,66,0,0.279,0.283,0.25,0.277,157,41194441,2392781,609030,
2026-09-04T18,66,1,0.28,0.284,0.28,0.284,21,6398098,5440675,385593,
2026-09-04T18,66,2,0.292,0.295,0.292,0.294,7,3626508,1248352,2326,
2026-09-04T18,66,3,0.3,0.302,0.3,0.301,13,14519439,11354839,261831,
2026-09-04T18,66,4,0.315,0.315,0.315,0.315,6,2010812,2010812,0,
2026-09-04T18,66,5,0.314,0.315,0.314,0.315,11,14430576,7030433,846450,
2026-09-04T18,66,6,0.358,0.358,0.358,0.358,3,16794245,5152057,0,
2026-09-04T18,66,7,0.4,0.4,0.4,0.4,5,4218252,1099274,0,
2026-09-04T18,66,8,0.6,0.6,0.6,0.6,10,18827288,139199,0,
2026-09-04T18,66,10,0.78,0.78,0.78,0.78,4,3140000,3040000,0,
2026-09-04T18,66,12,0.69,0.69,0.69,0.69,2,2779282,2779282,0,
2026-09-04T18,67,0,11.8,11.8,11.8,11.8,15,206063,165182,0,
2026-09-04T18,67,1,13.2,13.2,13.2,13.2,3,160804,160804,0,
2026-09-04T18,67,2,12.4,12.4,12.4,12.4,5,143170,13887,0,
2026-09-04T18,67,3,13.4,13.4,13.4,13.4,6,29612,29492,0,
2026-09-04T18,67,4,17.0,17.0,17.0,17.0,11,1100,900,0,
2026-09-04T18,67,7,19.0,19.0,19.0,19.0,1,47112,47112,0,
2026-09-04T18,68,0,32.0,32.0,30.0,31.75,32,372511,339057,0,
2026-09-04T18,68,1,33.0,33.0,32.5,32.5,14,100071,68371,0,
2026-09-04T18,68,2,33.0,33.0,32.75,32.75,12,123494,48731,3117,
2026-09-04T18,68,3,33.5,33.5,33.5,33.5,9,350308,224990,0,
2026-09-04T18,68,4,34.0,34.0,34.0,34.0,6,1284555,267205,0,
2026-09-04T18,68,5,36.5,36.5,36.5,36.5,5,49195,49195,0,
2026-09-04T18,68,6,36.75,36.75,36.75,36.75,5,204326,204326,0,
2026-09-04T18,68,10,38.0,38.0,38.0,38.0,4,300120,300120,0,
2026-09-04T18,69,0,6500.0,6500.0,6300.0,6300.0,35,3484,670,40,
2026-09-04T18,69,1,6600.0,6600.0,6425.0,6425.0,9,542,462,0,
2026-09-04T18,69,2,6550.0,6550.0,6450.0,6450.0,25,4472,3166,189,
2026-09-04T18,69,3,6550.0,6600.0,6550.0,6600.0,28,4839,4839,189,
2026-09-04T18,69,4,6750.0,6775.0,6725.0,6725.0,15,6605,5712,50,
2026-09-04T18,69,5,6875.0,6875.0,6825.0,6825.0,7,3851,3851,0,
2026-09-04T18,69,6,7000.0,7000.0,7000.0,7000.0,6,846,846,0,
2026-09-04T18,69,7,7400.0,7400.0,7400.0,7400.0,12,5709,5709,0,
2026-09-04T18,69,8,7775.0,7775.0,7775.0,7775.0,1,200,200,0,
2026-09-04T18,69,9,7775.0,7775.0,7775.0,7775.0,2,300,300,0,
2026-09-04T18,69,10,7825.0,7825.0,7825.0,7825.0,3,294,200,0,
2026-09-04T18,69,11,8150.0,8150.0,8150.0,8150.0,3,208,208,0,
2026-09-04T18,69,12,12500.0,12500.0,12500.0,12500.0,1,5,5,0,
2026-09-04T18,70,0,800.0,805.0,800.0,800.0,11,3924,3745,0,
2026-09-04T18,70,1,810.0,810.0,810.0,810.0,2,620,620,0,
2026-09-04T18,70,2,820.0,820.0,820.0,820.0,7,4793,4793,0,
2026-09-04T18,70,3,820.0,820.0,815.0,815.0,6,4464,2224,0,
2026-09-04T18,70,4,820.0,820.0,820.0,820.0,6,10366,9366,0,
2026-09-04T18,70,5,840.0,840.0,835.0,835.0,31,5273,5259,0,
2026-09-04T18,70,7,1280.0,1280.0,1280.0,1280.0,1,106,106,0,
2026-09-04T18,70,10,1140.0,1140.0,1140.0,1140.0,3,497,7,0,
2026-09-04T18,71,0,1550.0,1590.0,1540.0,1540.0,7,2215,864,0,
2026-09-04T18,71,1,1590.0,1590.0,1590.0,1590.0,4,963,963,0,
2026-09-04T18,71,2,1550.0,1550.0,1550.0,1550.0,16,8680,3529,0,
2026-09-04T18,71,3,1560.0,1560.0,1560.0,1560.0,13,13966,6899,0,
2026-09-04T18,71,4,1610.0,1610.0,1600.0,1600.0,15,35026,35026,0,
2026-09-04T18,71,5,1660.0,1660.0,1660.0,1660.0,2,1120,1120,0,
2026-09-04T18,71,6,1670.0,1670.0,1670.0,1670.0,8,11284,11284,0,
2026-09-04T18,71,7,1980.0,1980.0,1980.0,1980.0,13,1184,884,0,
2026-09-04T18,72,0,1.66,1.66,1.59,1.59,74,1967766,460037,15419,
2026-09-04T18,72,1,1.81,1.81,1.78,1.78,5,5888946,104194,0,
2026-09-04T18,72,2,1.81,1.81,1.81,1.81,11,2653716,2653716,0,
2026-09-04T18,72,3,1.81,1.81,1.79,1.79,17,2606314,1625612,530415,
2026-09-04T18,72,4,1.9,1.91,1.9,1.91,10,6617999,3790326,0,
2026-09-04T18,72,5,2.35,2.35,2.35,2.35,3,1130144,749948,0,
2026-09-04T18,72,6,2.45,2.45,2.45,2.45,5,876194,786322,0,
2026-09-04T18,72,9,3.85,3.85,3.85,3.85,1,406399,406399,0,
2026-09-04T18,72,10,3.9,3.9,3.9,3.9,3,49998,49998,0,
2026-09-04T18,73,0,27.0,27.75,25.75,26.5,83,301089,128981,3808,
2026-09-04T18,73,1,27.5,27.75,27.25,27.5,16,344943,195380,31649,
2026-09-04T18,73,2,28.5,28.5,27.75,27.75,24,431586,261778,17410,
2026-09-04T18,73,3,28.75,28.75,28.5,28.5,19,1000960,199931,3880,
2026-09-04T18,73,4,29.25,29.75,29.25,29.5,16,524494,365948,0,
2026-09-04T18,73,5,29.75,29.75,29.75,29.75,15,326686,72589,316,
2026-09-04T18,73,6,34.0,34.0,34.0,34.0,4,95032,95032,0,
2026-09-04T18,73,7,34.0,34.0,34.0,34.0,6,114549,114549,0,
2026-09-04T18,73,10,34.0,34.0,34.0,34.0,5,185109,185109,0,
2026-09-04T18,74,0,19.7,19.8,19.3,19.6,27,247372,18927,160,
2026-09-04T18,74,1,22.25,22.75,22.25,22.75,6,35379,35379,5766,
2026-09-04T18,74,2,22.75,23.0,22.5,23.0,5,288463,278816,13239,
2026-09-04T18,74,3,23.25,23.5,23.25,23.5,6,155744,127819,45738,
2026-09-04T18,74,4,24.25,24.25,24.25,24.25,1,53215,53215,0,
2026-09-04T18,74,5,24.25,24.25,24.25,24.25,5,519549,457067,16426,
2026-09-04T18,74,6,25.0,25.0,25.0,25.0,1,71809,71809,0,
2026-09-04T18,74,7,24.5,24.5,24.5,24.5,2,152052,152052,0,
2026-09-04T18,74,9,30.0,30.0,30.0,30.0,1,22302,22302,0,
2026-09-04T18,74,10,33.0,33.0,33.0,33.0,1,13337,13337,0,
2026-09-04T18,74,12,40.0,40.0,40.0,40.0,1,499,499,0,
2026-09-04T18,75,0,6.4,6.4,6.2,6.2,13,1291674,965356,34450,
2026-09-04T18,75,1,6.4,6.5,6.4,6.5,4,2810738,2810738,219586,
2026-09-04T18,75,2,6.6,6.6,6.6,6.6,8,2359233,2359227,0,
2026-09-04T18,75,3,6.6,6.6,6.5,6.5,17,7032597,4621542,141,
2026-09-04T18,75,4,6.8,6.8,6.6,6.6,9,1460841,544587,0,
2026-09-04T18,75,5,6.8,6.8,6.7,6.7,5,1510512,1510512,235091,
2026-09-04T18,75,6,6.9,6.9,6.9,6.9,2,368064,318064,69776,
2026-09-04T18,75,7,7.0,7.0,7.0,7.0,1,500000,500000,0,
2026-09-04T18,75,8,7.0,7.0,7.0,7.0,5,5896336,274118,0,
2026-09-04T18,75,9,7.8,7.8,7.8,7.8,1,833075,833075,0,
2026-09-04T18,75,10,7.9,7.9,7.9,7.9,2,2975401,500000,0,
2026-09-04T18,75,11,8.8,8.8,8.8,8.8,1,231388,231388,0,
2026-09-04T18,76,0,59.5,60.0,58.5,59.0,16,78709,52498,0,
2026-09-04T18,76,1,59.5,60.5,59.5,60.5,6,36207,36207,0,
2026-09-04T18,76,2,61.0,61.0,60.5,61.0,11,162955,150273,0,
2026-09-04T18,76,3,61.0,61.0,61.0,61.0,13,414088,137278,10867,
2026-09-04T18,76,4,61.5,61.5,61.0,61.0,19,352924,123547,0,
2026-09-04T18,76,5,65.5,65.5,65.5,65.5,5,167491,167491,0,
2026-09-04T18,76,6,67.5,67.5,67.5,67.5,5,729840,729840,40690,
2026-09-04T18,76,7,68.0,68.0,68.0,68.0,6,137934,137934,0,
2026-09-04T18,76,8,73.5,73.5,73.5,73.5,3,50002,50002,0,
2026-09-04T18,76,9,91.0,91.0,91.0,91.0,4,172666,172666,0,
2026-09-04T18,76,10,99.5,99.5,99.5,99.5,2,21000,21000,0,
2026-09-04T18,76,11,111.0,111.0,111.0,111.0,1,5000,5000,0,
2026-09-04T18,76,12,111.0,111.0,111.0,111.0,2,2799,2799,0,
2026-09-04T18,77,0,2610.0,2610.0,2580.0,2600.0,19,3582,2366,63,
2026-09-04T18,77,1,2720.0,2720.0,2720.0,2720.0,11,1125,1125,0,
2026-09-04T18,77,2,2810.0,2810.0,2790.0,2790.0,4,550,550,0,
2026-09-04T18,77,3,2820.0,2820.0,2800.0,2800.0,5,2583,442,0,
2026-09-04T18,77,4,2820.0,2820.0,2810.0,2820.0,5,4711,4711,0,
2026-09-04T18,77,5,2820.0,2830.0,2820.0,2830.0,9,7610,7610,261,
2026-09-04T18,77,7,3080.0,3080.0,3080.0,3080.0,4,6044,4044,0,
2026-09-04T18,77,8,3000.0,3000.0,3000.0,3000.0,5,11959,8077,1573,
2026-09-04T18,77,9,3490.0,3490.0,3490.0,3490.0,2,5565,5565,0,
2026-09-04T18,77,10,3660.0,3660.0,3660.0,3660.0,2,508,508,0,
2026-09-04T18,77,11,3800.0,3800.0,3800.0,3800.0,2,7,5,0,
2026-09-04T18,77,12,5250.0,5250.0,5250.0,5250.0,1,99,99,0,
2026-09-04T18,78,0,1850.0,1860.0,1840.0,1860.0,23,6832,2611,20,
2026-09-04T18,78,1,1950.0,1950.0,1950.0,1950.0,15,3357,579,8,
2026-09-04T18,78,2,2090.0,2090.0,2080.0,2080.0,12,2211,2131,0,
2026-09-04T18,78,3,2120.0,2120.0,2120.0,2120.0,7,4934,4581,0,
2026-09-04T18,78,4,2140.0,2140.0,2140.0,2140.0,5,5143,5143,0,
2026-09-04T18,78,5,2380.0,2380.0,2380.0,2380.0,4,2567,2567,90,
2026-09-04T18,78,6,2400.0,2400.0,2400.0,2400.0,3,721,721,0,
2026-09-04T18,78,7,2390.0,2390.0,2390.0,2390.0,13,2329,2329,0,
2026-09-04T18,78,8,2450.0,2450.0,2450.0,2450.0,15,1290,1240,0,
2026-09-04T18,78,9,2550.0,2550.0,2550.0,2550.0,20,1936,936,0,
2026-09-04T18,78,10,2640.0,2640.0,2640.0,2640.0,11,1013,563,0,
2026-09-04T18,78,11,2690.0,2690.0,2690.0,2690.0,5,702,502,0,
2026-09-04T18,79,0,870.0,890.0,870.0,890.0,3,74,73,0,
2026-09-04T18,79,1,875.0,890.0,875.0,890.0,2,1388,1388,60,
2026-09-04T18,79,2,890.0,890.0,885.0,890.0,3,5389,5389,323,
2026-09-04T18,79,3,890.0,890.0,890.0,890.0,10,14220,14220,4701,
2026-09-04T18,79,4,905.0,910.0,905.0,910.0,6,11377,11377,0,
2026-09-04T18,79,5,910.0,910.0,905.0,910.0,6,10669,10669,405,
2026-09-04T18,79,6,925.0,925.0,925.0,925.0,7,13093,11859,0,
2026-09-04T18,79,7,940.0,940.0,940.0,940.0,9,23384,22384,0,
2026-09-04T18,79,8,950.0,950.0,950.0,950.0,9,34436,28815,0,
2026-09-04T18,79,9,1030.0,1030.0,1020.0,1020.0,6,24921,21838,0,
2026-09-04T18,79,10,1030.0,1030.0,1030.0,1030.0,9,8100,4100,0,
2026-09-04T18,79,11,1210.0,1210.0,1200.0,1200.0,6,2075,1075,0,
2026-09-04T18,79,12,1490.0,1490.0,1490.0,1490.0,2,125,125,0,
2026-09-04T18,80,0,4470.0,4480.0,4470.0,4470.0,6,110,110,0,
2026-09-04T18,80,1,4960.0,4960.0,4960.0,4960.0,1,35,35,0,
2026-09-04T18,80,2,4900.0,4960.0,4900.0,4960.0,3,377,377,61,
2026-09-04T18,80,3,5000.0,5000.0,5000.0,5000.0,3,193,193,0,
2026-09-04T18,80,4,5000.0,5000.0,5000.0,5000.0,2,567,567,2,
2026-09-04T18,80,5,5025.0,5025.0,5025.0,5025.0,8,2260,2260,16,
2026-09-04T18,80,6,5550.0,5550.0,5550.0,5550.0,6,2898,466,0,
2026-09-04T18,80,7,5600.0,5600.0,5600.0,5600.0,4,1788,250,0,
2026-09-04T18,80,8,6400.0,6400.0,6400.0,6400.0,1,148,148,0,
2026-09-04T18,80,9,8375.0,8375.0,8375.0,8375.0,3,188,188,0,
2026-09-04T18,80,10,8500.0,8500.0,8500.0,8500.0,1,81,81,0,
2026-09-04T18,81,0,5175.0,5175.0,5125.0,5150.0,4,235,235,14,
2026-09-04T18,81,1,5250.0,5250.0,5250.0,5250.0,2,224,224,0,
2026-09-04T18,81,2,5225.0,5225.0,5225.0,5225.0,9,1498,997,29,
2026-09-04T18,81,3,5325.0,5325.0,5325.0,5325.0,7,1067,685,0,
2026-09-04T18,81,4,5425.0,5425.0,5425.0,5425.0,6,2269,1506,0,
2026-09-04T18,81,5,5775.0,5775.0,5775.0,5775.0,4,2620,2620,18,
2026-09-04T18,81,6,5825.0,5825.0,5825.0,5825.0,4,1134,1034,0,
2026-09-04T18,81,7,5975.0,5975.0,5975.0,5975.0,8,1753,1753,13,
2026-09-04T18,81,8,6225.0,6225.0,6225.0,6225.0,5,2439,2439,0,
2026-09-04T18,81,9,6450.0,6450.0,6450.0,6450.0,1,1000,1000,0,
2026-09-04T18,81,10,6600.0,6600.0,6600.0,6600.0,1,900,900,0,
2026-09-04T18,81,11,6800.0,6800.0,6800.0,6800.0,3,1000,998,0,
2026-09-04T18,82,0,1510.0,1510.0,1510.0,1510.0,2,365,365,2,
2026-09-04T18,82,1,1530.0,1530.0,1530.0,1530.0,2,848,848,0,
2026-09-04T18,82,2,1520.0,1520.0,1510.0,1510.0,10,8508,6249,60,
2026-09-04T18,82,3,1560.0,1560.0,1560.0,1560.0,12,4175,3447,0,
2026-09-04T18,82,4,1650.0,1650.0,1650.0,1650.0,10,4675,4675,0,
2026-09-04T18,82,5,1710.0,1710.0,1700.0,1700.0,10,14168,13647,0,
2026-09-04T18,82,6,1820.0,1820.0,1820.0,1820.0,1,3255,3255,1000,
2026-09-04T18,82,7,1900.0,1900.0,1900.0,1900.0,5,4116,4116,0,
2026-09-04T18,82,8,2000.0,2000.0,2000.0,2000.0,1,250,250,0,
2026-09-04T18,82,9,2050.0,2050.0,2050.0,2050.0,2,1250,1250,0,
2026-09-04T18,82,10,2300.0,2300.0,2300.0,2300.0,1,250,250,0,
2026-09-04T18,83,0,30.75,31.25,30.5,30.75,16,182831,77688,7015,
2026-09-04T18,83,1,34.0,34.0,33.75,34.0,3,38765,22932,0,
2026-09-04T18,83,2,34.25,34.25,33.75,34.25,12,91783,88938,0,
2026-09-04T18,83,3,34.5,34.75,34.25,34.25,6,117009,107409,1377,
2026-09-04T18,83,4,35.75,35.75,35.75,35.75,7,89685,89685,0,
2026-09-04T18,83,5,36.75,36.75,36.75,36.75,4,82838,77838,0,
2026-09-04T18,83,6,45.0,45.0,45.0,45.0,1,5000,5000,0,
2026-09-04T18,83,7,37.0,37.0,37.0,37.0,2,41169,40000,0,
2026-09-04T18,83,8,41.0,41.0,41.0,41.0,2,20552,20552,0,
2026-09-04T18,83,9,41.0,41.0,41.0,41.0,3,71701,71701,0,
2026-09-04T18,83,11,45.0,45.0,45.0,45.0,1,34899,34899,0,
2026-09-04T18,84,0,8875.0,8900.0,8875.0,8875.0,12,562,311,4,
2026-09-04T18,84,1,9050.0,9050.0,9025.0,9025.0,16,1111,684,0,
2026-09-04T18,84,2,9900.0,9900.0,9900.0,9900.0,5,470,470,4,
2026-09-04T18,84,3,9925.0,9925.0,9925.0,9925.0,5,535,535,0,
2026-09-04T18,84,4,10100.0,10100.0,10100.0,10100.0,4,6640,6640,25,
2026-09-04T18,84,5,10300.0,10500.0,10300.0,10500.0,1,170,170,0,
2026-09-04T18,84,6,10500.0,10500.0,10500.0,10500.0,6,1273,873,0,
2026-09-04T18,84,7,11100.0,11100.0,11100.0,11100.0,3,233,233,0,
2026-09-04T18,84,8,12300.0,12300.0,12300.0,12300.0,1,183,183,0,
2026-09-04T18,84,9,12500.0,12500.0,12500.0,12500.0,1,910,910,0,
2026-09-04T18,84,10,17000.0,17000.0,17000.0,17000.0,1,25,25,0,
2026-09-04T18,85,0,7425.0,7425.0,7400.0,7400.0,4,101,94,0,
2026-09-04T18,85,1,7750.0,7750.0,7750.0,7750.0,8,245,245,0,
2026-09-04T18,85,2,8000.0,8000.0,7975.0,7975.0,9,759,755,0,
2026-09-04T18,85,3,8150.0,8150.0,8150.0,8150.0,5,1895,1895,0,
2026-09-04T18,85,4,9100.0,9100.0,9075.0,9075.0,14,2031,1291,0,
2026-09-04T18,85,5,9700.0,9700.0,9700.0,9700.0,2,506,506,0,
2026-09-04T18,85,6,9800.0,9800.0,9800.0,9800.0,5,1555,1555,0,
2026-09-04T18,85,7,11200.0,11200.0,11200.0,11200.0,1,2,2,0,
2026-09-04T18,85,8,12000.0,12000.0,12000.0,12000.0,2,2,2,0,
2026-09-04T18,85,9,14000.0,14000.0,14000.0,14000.0,1,1,1,0,
2026-09-04T18,85,10,16000.0,16000.0,16000.0,16000.0,1,9,9,0,
2026-09-04T18,86,0,10300.0,10300.0,10200.0,10300.0,7,221,221,7,
2026-09-04T18,86,1,10600.0,10600.0,10600.0,10600.0,1,4,4,0,
2026-09-04T18,86,2,10500.0,10600.0,10500.0,10600.0,7,374,374,0,
2026-09-04T18,86,3,10600.0,10600.0,10600.0,10600.0,5,1260,1260,6,
2026-09-04T18,86,4,10700.0,10700.0,10700.0,10700.0,5,399,330,0,
2026-09-04T18,86,5,10900.0,10900.0,10900.0,10900.0,9,1621,1541,0,
2026-09-04T18,86,6,11200.0,11200.0,11200.0,11200.0,3,534,534,0,
2026-09-04T18,86,7,12300.0,12300.0,12300.0,12300.0,1,396,396,0,
2026-09-04T18,86,8,13400.0,13400.0,13400.0,13400.0,8,830,620,0,
2026-09-04T18,86,9,12000.0,12000.0,12000.0,12000.0,11,199,40,0,
2026-09-04T18,86,10,19800.0,19800.0,19800.0,19800.0,1,9,9,0,
2026-09-04T18,87,0,515.0,515.0,515.0,515.0,1,10,10,10,
2026-09-04T18,87,1,555.0,555.0,515.0,515.0,3,1785,30,0,
2026-09-04T18,87,2,520.0,525.0,520.0,520.0,9,5565,1378,14,
2026-09-04T18,87,3,630.0,630.0,625.0,625.0,3,65,65,0,
2026-09-04T18,87,4,640.0,640.0,640.0,640.0,5,2026,2026,0,
2026-09-04T18,87,5,630.0,630.0,630.0,630.0,10,15971,12159,0,
2026-09-04T18,87,6,665.0,665.0,665.0,665.0,1,1377,1377,0,
2026-09-04T18,87,7,655.0,655.0,655.0,655.0,1,725,725,0,
2026-09-04T18,87,9,900.0,900.0,900.0,900.0,3,109,50,0,
2026-09-04T18,88,0,10500.0,10500.0,10400.0,10500.0,25,960,236,1,
2026-09-04T18,88,1,11400.0,11400.0,11400.0,11400.0,1,100,100,0,
2026-09-04T18,88,2,11400.0,11400.0,11200.0,11200.0,3,210,210,13,
2026-09-04T18,88,3,11300.0,11300.0,11300.0,11300.0,6,321,321,0,
2026-09-04T18,88,4,11700.0,11700.0,11700.0,11700.0,1,222,222,0,
2026-09-04T18,88,5,11600.0,11800.0,11600.0,11800.0,3,464,464,0,
2026-09-04T18,88,6,13200.0,13200.0,13200.0,13200.0,2,196,196,0,
2026-09-04T18,88,7,13400.0,13400.0,13400.0,13400.0,1,100,100,0,
2026-09-04T18,88,9,13900.0,13900.0,13900.0,13900.0,1,13,13,0,
2026-09-04T18,88,10,14400.0,14400.0,14400.0,14400.0,3,354,354,0,
2026-09-04T18,89,0,4400.0,4410.0,4390.0,4390.0,10,575,231,0,
2026-09-04T18,89,1,4420.0,4420.0,4420.0,4420.0,6,1231,414,3,
2026-09-04T18,89,2,4460.0,4460.0,4450.0,4450.0,10,1194,1194,0,
2026-09-04T18,89,3,4680.0,4680.0,4680.0,4680.0,12,1095,1019,0,
2026-09-04T18,89,4,4780.0,4780.0,4750.0,4750.0,10,3756,2835,0,
2026-09-04T18,89,5,5325.0,5325.0,5325.0,5325.0,4,3411,3411,36,
2026-09-04T18,89,6,5575.0,5575.0,5575.0,5575.0,1,160,160,0,
2026-09-04T18,89,7,5525.0,5525.0,5525.0,5525.0,5,2202,2202,0,
2026-09-04T18,89,8,5650.0,5650.0,5650.0,5650.0,2,202,202,0,
2026-09-04T18,89,9,5800.0,5800.0,5800.0,5800.0,3,47,22,0,
2026-09-04T18,89,10,5950.0,5950.0,5950.0,5950.0,4,701,302,0,
2026-09-04T18,89,11,6200.0,6200.0,6200.0,6200.0,1,2,2,0,
2026-09-04T18,98,0,865.0,865.0,865.0,865.0,3,1982,982,0,
2026-09-04T18,98,2,875.0,875.0,875.0,875.0,2,8217,8217,0,
2026-09-04T18,98,3,870.0,870.0,870.0,870.0,12,4624,4622,14,
2026-09-04T18,98,4,885.0,885.0,885.0,885.0,6,4017,4017,87,
2026-09-04T18,98,5,910.0,910.0,910.0,910.0,4,12935,12935,0,
2026-09-04T18,98,6,945.0,945.0,945.0,945.0,4,5060,5060,0,
2026-09-04T18,98,7,945.0,945.0,945.0,945.0,2,9500,9500,0,
2026-09-04T18,98,8,965.0,965.0,965.0,965.0,1,5000,5000,0,
2026-09-04T18,100,0,111.0,111.0,111.0,111.0,24,2962551,1385287,9961,
2026-09-04T18,101,0,198.0,200.0,197.0,197.0,39,65956,44511,0,
2026-09-04T18,101,1,199.0,200.0,199.0,200.0,15,89285,57945,0,
2026-09-04T18,101,2,199.0,200.0,198.0,198.0,6,69217,69207,5181,
2026-09-04T18,101,3,200.0,200.0,199.0,199.0,20,135139,132051,6653,
2026-09-04T18,101,4,200.0,220.0,200.0,200.0,2,30006,30000,12434,
2026-09-04T18,101,5,202.0,202.0,202.0,202.0,4,10230,10230,0,
2026-09-04T18,102,0,2.65,2.75,2.5,2.7,23,1580616,1219385,88684,
2026-09-04T18,102,1,2.8,2.8,2.7,2.7,11,545288,193470,0,
2026-09-04T18,102,2,2.75,2.75,2.7,2.7,9,1308716,1150250,67100,
2026-09-04T18,102,3,2.8,2.8,2.75,2.75,18,2943277,1894248,0,
2026-09-04T18,102,4,2.8,2.85,2.8,2.85,9,5464486,2003647,0,
2026-09-04T18,102,5,2.9,2.9,2.9,2.9,3,5481434,5481434,0,
2026-09-04T18,102,6,3.15,3.15,3.15,3.15,2,968728,968728,0,
2026-09-04T18,102,7,3.25,3.25,3.25,3.25,1,100000,100000,0,
2026-09-04T18,102,8,3.3,3.3,3.3,3.3,1,96895,96895,0,
2026-09-04T18,102,10,3.5,3.5,3.5,3.5,1,3000000,3000000,0,
2026-09-04T18,102,11,3.45,3.45,3.45,3.45,5,950000,599755,0,
2026-09-04T18,103,0,6.4,6.6,6.3,6.6,19,363849,159399,30709,
2026-09-04T18,103,1,6.9,6.9,6.9,6.9,2,42525,42525,0,
2026-09-04T18,103,2,7.0,7.1,6.9,7.1,3,41289,39289,4487,
2026-09-04T18,103,3,7.1,7.2,7.0,7.2,4,1802595,1311937,60000,
2026-09-04T18,103,4,7.5,7.5,7.4,7.4,3,539766,539766,0,
2026-09-04T18,103,5,8.0,8.0,7.7,7.7,2,970847,970847,0,
2026-09-04T18,103,6,7.8,7.8,7.8,7.8,1,211731,211731,0,
2026-09-04T18,103,8,8.7,8.7,8.7,8.7,1,66171,66171,0,
2026-09-04T18,103,9,8.7,8.7,8.7,8.7,4,510381,487289,0,
2026-09-04T18,103,10,8.0,8.0,8.0,8.0,1,1943019,1943019,0,
2026-09-04T18,103,11,9.9,9.9,9.9,9.9,3,48069,48069,0,
2026-09-04T18,104,0,1.0,1.0,0.995,1.0,10,931154,904351,99531,
2026-09-04T18,104,1,1.09,1.09,1.08,1.08,4,2586993,2586993,0,
2026-09-04T18,104,3,1.1,1.1,1.1,1.1,6,1435836,1301566,0,
2026-09-04T18,104,4,1.15,1.15,1.15,1.15,2,1077836,882281,0,
2026-09-04T18,104,5,1.48,1.48,1.48,1.48,2,1000649,1000649,0,
2026-09-04T18,104,9,1.5,1.5,1.5,1.5,1,100000,100000,0,
2026-09-04T18,105,0,1.54,1.54,1.5,1.52,18,1801548,1010641,100,
2026-09-04T18,105,1,1.67,1.67,1.53,1.53,2,151731,45882,28500,
2026-09-04T18,105,2,1.61,1.61,1.6,1.6,8,3109734,796807,0,
2026-09-04T18,105,3,1.78,1.78,1.78,1.78,6,3171945,3171945,0,
2026-09-04T18,105,4,1.79,1.79,1.79,1.79,3,710432,367960,0,
2026-09-04T18,105,5,1.8,1.8,1.8,1.8,3,2601756,2581756,0,
2026-09-04T18,105,6,1.88,1.88,1.88,1.88,2,54549,54549,0,
2026-09-04T18,105,7,2.65,2.65,2.65,2.65,1,3999,3999,0,
2026-09-04T18,105,10,3.3,3.3,3.3,3.3,1,526000,526000,0,
2026-09-04T18,106,0,4.1,4.55,3.95,4.55,32,395369,81547,555,
2026-09-04T18,106,1,4.75,4.8,4.75,4.8,4,2557096,2557096,0,
2026-09-04T18,106,2,4.8,4.8,4.8,4.8,6,643790,643790,20028,
2026-09-04T18,106,3,4.9,4.9,4.9,4.9,5,613359,613359,0,
2026-09-04T18,106,4,5.6,5.6,5.6,5.6,3,96208,96208,0,
2026-09-04T18,106,5,5.7,5.7,5.7,5.7,2,2520247,2520247,0,
2026-09-04T18,106,6,5.8,5.8,5.8,5.8,1,2995,2995,0,
2026-09-04T18,107,0,19.8,19.9,19.7,19.8,17,138496,11418,12091,
2026-09-04T18,107,1,19.9,19.9,19.9,19.9,15,69269,12238,0,
2026-09-04T18,107,2,19.9,19.9,19.8,19.9,10,183409,5581,8827,
2026-09-04T18,107,3,20.0,20.0,19.9,20.0,11,1488325,70560,0,
2026-09-04T18,107,4,20.75,20.75,20.75,20.75,9,432823,16017,0,
2026-09-04T18,107,5,40.0,40.0,40.0,40.0,1,3306,3306,0,
2026-09-04T18,107,6,21.0,21.0,21.0,21.0,4,227857,98651,0,
2026-09-04T18,108,0,10.0,10.1,9.9,10.0,21,192586,166099,0,
2026-09-04T18,108,1,10.0,10.1,10.0,10.1,12,455392,245123,0,
2026-09-04T18,108,2,10.0,10.1,10.0,10.0,11,681027,665523,92405,
2026-09-04T18,108,3,10.2,10.2,10.1,10.2,5,535666,535666,0,
2026-09-04T18,108,4,10.2,10.2,10.2,10.2,9,707822,634346,600,
2026-09-04T18,108,5,11.0,11.0,11.0,11.0,1,10000,10000,0,
2026-09-04T18,109,0,108.0,108.0,107.0,108.0,4,12952,12952,938,
2026-09-04T18,109,1,108.0,109.0,108.0,109.0,5,86444,27363,1671,
2026-09-04T18,109,2,109.0,110.0,109.0,110.0,3,20937,20937,0,
2026-09-04T18,109,3,111.0,111.0,110.0,110.0,7,193037,193031,300,
2026-09-04T18,109,4,113.0,113.0,107.0,107.0,5,71149,10000,0,
2026-09-04T18,109,5,119.0,119.0,119.0,119.0,3,9722,9722,0,
2026-09-04T18,109,6,120.0,120.0,120.0,120.0,1,10,10,0,
2026-09-04T18,110,0,195.0,198.0,195.0,197.0,12,23448,3249,3739,
2026-09-04T18,110,1,196.0,202.0,196.0,197.0,5,15138,15138,2303,
2026-09-04T18,110,2,199.0,199.0,198.0,198.0,6,24999,24999,0,
2026-09-04T18,110,3,199.0,199.0,197.0,197.0,4,67820,6752,8206,
2026-09-04T18,110,4,200.0,200.0,199.0,199.0,2,33766,33766,0,
2026-09-04T18,110,5,202.0,202.0,202.0,202.0,5,150000,50000,0,
2026-09-04T18,111,0,2570.0,2600.0,2550.0,2570.0,168,163247,116365,3161,
2026-09-04T18,112,0,2220.0,2220.0,2210.0,2220.0,6,446,446,0,
2026-09-04T18,112,1,2220.0,2220.0,2220.0,2220.0,3,1350,1350,0,
2026-09-04T18,112,2,2220.0,2220.0,2220.0,2220.0,1,381,381,119,
2026-09-04T18,112,3,2230.0,2230.0,2220.0,2220.0,8,7127,7126,395,
2026-09-04T18,112,4,2460.0,2460.0,2460.0,2460.0,1,300,300,0,
2026-09-04T18,113,0,120.0,120.0,116.0,116.0,49,749797,16686,599,
2026-09-04T18,114,0,655.0,660.0,655.0,655.0,39,174634,4406,5,
2026-09-04T18,114,1,905.0,905.0,905.0,905.0,9,5040,4927,70,
2026-09-04T18,114,2,930.0,930.0,930.0,930.0,4,3184,3037,0,
2026-09-04T18,114,3,925.0,925.0,925.0,925.0,14,5943,5067,0,
2026-09-04T18,114,4,920.0,920.0,920.0,920.0,16,18399,11288,0,
2026-09-04T18,114,5,910.0,935.0,910.0,935.0,10,5262,5262,925,
2026-09-04T18,114,6,980.0,980.0,980.0,980.0,4,5962,5887,0,
2026-09-04T18,114,7,1060.0,1060.0,1060.0,1060.0,9,3482,2243,0,
2026-09-04T18,114,8,1530.0,1530.0,1530.0,1530.0,1,400,400,0,
2026-09-04T18,114,9,1840.0,1840.0,1840.0,1840.0,3,292,292,0,
2026-09-04T18,114,10,2490.0,2490.0,2490.0,2490.0,2,582,582,0,
2026-09-04T18,115,0,126.0,128.0,121.0,123.0,140,90882,3436,556,
2026-09-04T18,115,1,131.0,131.0,129.0,129.0,26,91771,14150,0,
2026-09-04T18,115,2,132.0,133.0,131.0,133.0,20,68936,27533,34,
2026-09-04T18,115,3,141.0,141.0,141.0,141.0,15,77638,63896,0,
2026-09-04T18,115,4,144.0,144.0,144.0,144.0,12,50792,11232,0,
2026-09-04T18,115,5,152.0,152.0,152.0,152.0,10,128550,127075,0,
2026-09-04T18,115,6,156.0,156.0,156.0,156.0,5,88297,88297,0,
2026-09-04T18,116,0,38.75,38.75,38.5,38.5,94,239528,123382,119,
2026-09-04T18,116,1,40.0,40.75,40.0,40.75,13,73583,23438,2500,
2026-09-04T18,116,2,41.75,41.75,41.75,41.75,19,123699,31371,5221,
2026-09-04T18,116,3,46.25,46.25,46.25,46.25,6,118204,114138,0,
2026-09-04T18,116,4,47.0,47.0,44.0,44.0,7,38244,3000,0,
2026-09-04T18,116,5,55.5,55.5,55.5,55.5,2,79781,79781,0,
2026-09-04T18,116,6,59.5,59.5,59.5,59.5,3,939,519,0,
2026-09-04T18,117,0,7.1,7.1,6.8,6.8,128,951450,60551,3002,
2026-09-04T18,117,1,7.4,7.4,7.2,7.3,29,621658,160502,671,
2026-09-04T18,117,2,7.7,7.7,7.5,7.5,32,1353688,100477,0,
2026-09-04T18,117,3,8.9,8.9,8.9,8.9,22,657720,367122,0,
2026-09-04T18,117,4,10.3,10.3,10.2,10.2,8,1592010,307189,0,
2026-09-04T18,117,5,11.3,11.6,11.3,11.6,3,190026,190026,51000,
2026-09-04T18,117,6,12.0,12.0,12.0,12.0,2,694173,30000,0,
2026-09-04T18,117,7,12.8,12.8,12.8,12.8,4,650138,650138,0,
2026-09-04T18,117,8,12.8,12.8,12.8,12.8,5,1641369,393526,231,
2026-09-04T18,117,9,14.7,14.7,14.7,14.7,3,284124,284124,0,
2026-09-04T18,117,10,14.9,14.9,14.9,14.9,7,531983,100000,0,
2026-09-04T18,117,11,16.0,16.0,15.9,15.9,6,39498,6998,0,
2026-09-04T18,117,12,18.7,18.7,18.7,18.7,2,56349,56349,0,
2026-09-04T18,118,0,0.83,0.83,0.82,0.825,61,2680893,618836,10275,
2026-09-04T18,118,1,0.96,0.96,0.96,0.96,17,1342710,992710,45814,
2026-09-04T18,118,2,0.965,0.965,0.965,0.965,20,1366678,1033002,0,
2026-09-04T18,118,3,0.995,0.995,0.995,0.995,11,2186426,594261,0,
2026-09-04T18,118,4,1.13,1.13,1.13,1.13,6,42480931,42355064,0,
2026-09-04T18,118,5,1.2,1.2,1.2,1.2,6,2527194,1046551,0,
2026-09-04T18,118,6,1.38,1.38,1.38,1.38,4,1921669,300000,0,
2026-09-04T18,118,8,1.86,1.86,1.86,1.86,1,10,10,0,
2026-09-04T18,119,0,32.25,32.25,31.0,31.5,26,39414,8333,59,
2026-09-04T18,119,1,33.0,33.0,32.75,32.75,15,256998,50279,0,
2026-09-04T18,119,2,35.25,35.25,35.25,35.25,20,162714,37526,0,
2026-09-04T18,119,3,40.0,40.0,40.0,40.0,16,93774,53967,0,
2026-09-04T18,119,4,41.5,42.0,41.5,42.0,10,207972,42840,14000,
2026-09-04T18,119,5,48.75,48.75,48.75,48.75,13,160325,82549,0,
2026-09-04T18,119,6,49.75,49.75,45.0,45.0,12,264982,150,0,
2026-09-04T18,119,7,55.5,55.5,55.5,55.5,15,327860,8114,0,
2026-09-04T18,119,8,70.5,70.5,70.5,70.5,2,99327,99327,78,
2026-09-04T18,119,11,71.5,71.5,71.5,71.5,2,19000,19000,0,
2026-09-04T18,119,12,73.5,73.5,73.5,73.5,6,436808,76075,0,
2026-09-04T18,120,0,2.6,2.7,2.55,2.6,60,2000250,28460,11772,
2026-09-04T18,120,1,3.3,3.3,2.6,3.3,2,17976,17976,0,
2026-09-04T18,120,2,3.35,3.35,3.3,3.3,5,81053,48022,0,
2026-09-04T18,120,3,3.45,3.45,3.3,3.3,3,93492,90851,75278,
2026-09-04T18,120,4,3.35,3.35,3.35,3.35,4,203826,148706,9390,
2026-09-04T18,120,5,3.5,3.5,3.5,3.5,3,1398629,1398629,360,
2026-09-04T18,120,6,3.6,3.6,3.6,3.6,4,1780365,1780365,3856,
2026-09-04T18,120,7,3.75,3.75,3.75,3.75,5,1990490,695590,0,
2026-09-04T18,120,9,6.0,6.0,6.0,6.0,2,505000,500000,0,
2026-09-04T18,120,10,5.9,5.9,5.9,5.9,2,125200,75000,0,
2026-09-04T18,120,11,5.5,5.5,5.5,5.5,3,1733294,997400,0,
2026-09-04T18,121,0,150.0,150.0,149.0,150.0,20,19175,3239,23,
2026-09-04T18,121,1,159.0,159.0,159.0,159.0,9,27800,12510,0,
2026-09-04T18,121,2,177.0,177.0,177.0,177.0,17,22909,8173,0,
2026-09-04T18,121,3,176.0,177.0,176.0,177.0,25,160034,3195,0,
2026-09-04T18,121,4,222.0,222.0,222.0,222.0,7,31708,24848,0,
2026-09-04T18,121,5,224.0,224.0,224.0,224.0,6,36717,7772,553,
2026-09-04T18,121,6,230.0,230.0,230.0,230.0,6,39763,8823,0,
2026-09-04T18,121,7,240.0,240.0,240.0,240.0,6,108526,108526,113,
2026-09-04T18,121,9,270.0,270.0,270.0,270.0,1,2768,2768,53,
2026-09-04T18,121,10,284.0,284.0,284.0,284.0,1,3786,3786,0,
2026-09-04T18,121,12,286.0,286.0,286.0,286.0,3,14169,14169,0,
2026-09-04T18,122,0,127.0,128.0,125.0,125.0,23,34280,26278,1311,
2026-09-04T18,122,1,131.0,131.0,131.0,131.0,5,970,945,0,
2026-09-04T18,122,2,131.0,131.0,128.0,128.0,14,33264,9749,0,
2026-09-04T18,122,3,133.0,133.0,133.0,133.0,12,47042,42741,0,
2026-09-04T18,122,4,136.0,136.0,136.0,136.0,8,99501,94750,85,
2026-09-04T18,122,5,143.0,143.0,143.0,143.0,6,29769,29769,0,
2026-09-04T18,122,6,153.0,153.0,153.0,153.0,1,3520,3520,0,
2026-09-04T18,122,7,157.0,157.0,157.0,157.0,1,3892,3892,0,
2026-09-04T18,122,8,153.0,153.0,153.0,153.0,8,68121,34620,172,
2026-09-04T18,122,9,190.0,190.0,190.0,190.0,2,19971,19954,0,
2026-09-04T18,122,10,195.0,195.0,195.0,195.0,7,12446,2196,0,
2026-09-04T18,122,11,218.0,218.0,218.0,218.0,2,2700,2700,0,
2026-09-04T18,122,12,222.0,222.0,222.0,222.0,3,1414,1414,0,
2026-09-04T18,123,0,294.0,298.0,292.0,292.0,8,8078,8075,5,
2026-09-04T18,123,1,302.0,302.0,302.0,302.0,4,716,716,0,
2026-09-04T18,123,2,300.0,300.0,294.0,294.0,8,6674,5704,0,
2026-09-04T18,123,3,298.0,298.0,298.0,298.0,9,5832,3223,212,
2026-09-04T18,123,4,306.0,306.0,304.0,304.0,7,17870,17870,0,
2026-09-04T18,123,5,320.0,320.0,304.0,304.0,7,30734,352,0,
2026-09-04T18,123,6,322.0,322.0,322.0,322.0,8,32304,32304,0,
2026-09-04T18,123,7,386.0,386.0,386.0,386.0,1,5739,5739,0,
2026-09-04T18,123,9,394.0,394.0,394.0,394.0,2,412,412,14,
2026-09-04T18,123,12,398.0,398.0,398.0,398.0,2,4676,4676,0,
2026-09-04T18,124,0,34.5,34.5,32.75,33.75,33,86606,7685,4726,
2026-09-04T18,124,1,34.75,34.75,34.75,34.75,14,137065,8747,0,
2026-09-04T18,124,2,37.5,37.5,37.25,37.25,12,172063,158562,3000,
2026-09-04T18,124,3,39.75,39.75,39.5,39.5,14,493101,404101,0,
2026-09-04T18,124,4,42.25,42.25,42.25,42.25,12,225424,103020,22222,
2026-09-04T18,124,5,45.25,45.25,45.0,45.0,5,86261,85958,1303,
2026-09-04T18,124,6,49.5,49.5,49.25,49.25,6,296592,296592,720,
2026-09-04T18,124,7,51.5,51.5,51.5,51.5,6,789996,537322,0,
2026-09-04T18,124,8,53.0,53.0,53.0,53.0,1,42487,42487,144,
2026-09-04T18,124,9,59.0,59.0,59.0,59.0,1,50000,50000,0,
2026-09-04T18,124,10,59.0,59.0,59.0,59.0,5,28461,23760,0,
2026-09-04T18,124,11,89.0,89.0,89.0,89.0,2,14000,14000,0,
2026-09-04T18,124,12,90.0,90.0,90.0,90.0,5,97220,632,0,
2026-09-04T18,125,0,25.25,26.25,24.5,26.0,53,315091,3472,0,
2026-09-04T18,125,1,26.0,26.75,25.75,26.75,17,105957,27389,5911,
2026-09-04T18,125,2,27.75,27.75,27.5,27.5,42,196097,42798,0,
2026-09-04T18,125,3,36.0,36.0,35.5,35.5,21,139596,52840,0,
2026-09-04T18,125,4,38.75,40.0,38.75,40.0,28,269454,59980,0,
2026-09-04T18,125,5,45.5,45.5,45.5,45.5,2,665547,665547,1000,
2026-09-04T18,125,6,49.75,49.75,49.0,49.0,6,91942,87942,0,
2026-09-04T18,125,7,51.0,51.0,51.0,51.0,6,1166248,690088,645,
2026-09-04T18,125,8,52.0,52.0,52.0,52.0,7,500554,77099,129,
2026-09-04T18,125,9,55.5,55.5,55.5,55.5,4,139980,119980,0,
2026-09-04T18,125,10,56.0,56.0,56.0,56.0,7,202903,193014,0,
2026-09-04T18,125,11,59.5,59.5,59.5,59.5,1,10000,10000,0,
2026-09-04T18,125,12,84.0,84.0,84.0,84.0,2,4500,4500,0,
2026-09-04T18,126,0,58.0,58.0,54.5,55.5,20,9039,7994,0,
2026-09-04T18,126,1,58.0,58.0,55.0,55.0,5,11782,4700,0,
2026-09-04T18,126,2,61.5,61.5,61.0,61.0,3,3044,3004,0,
2026-09-04T18,126,3,60.0,60.0,58.5,58.5,2,9799,9799,1400,
2026-09-04T18,126,4,62.0,62.5,62.0,62.5,1,1375,1375,0,
2026-09-04T18,126,5,63.0,64.5,63.0,64.5,5,76622,76622,0,
2026-09-04T18,126,6,66.0,66.0,66.0,66.0,3,109721,69721,0,
2026-09-04T18,126,7,68.5,68.5,68.5,68.5,5,70028,70028,0,
2026-09-04T18,126,8,79.5,79.5,79.5,79.5,8,149111,131111,0,
2026-09-04T18,126,9,96.0,96.0,96.0,96.0,1,250,250,0,
2026-09-04T18,126,10,90.0,90.0,90.0,90.0,2,606,106,240,
2026-09-04T18,126,12,100.0,100.0,100.0,100.0,2,2000,1000,0,
2026-09-04T18,127,0,474.0,476.0,472.0,476.0,9,6679,6672,0,
2026-09-04T18,127,1,478.0,478.0,472.0,472.0,3,630,625,38,
2026-09-04T18,127,2,474.0,474.0,474.0,474.0,6,7530,7530,48,
2026-09-04T18,127,3,480.0,480.0,480.0,480.0,5,4839,3979,20,
2026-09-04T18,127,4,520.0,520.0,515.0,515.0,4,5209,5155,0,
2026-09-04T18,127,5,750.0,750.0,750.0,750.0,1,25,25,0,
2026-09-04T18,128,0,54.0,54.0,54.0,54.0,20,148416,96530,0,
2026-09-04T18,128,1,67.0,67.0,67.0,67.0,15,50007,3568,0,
2026-09-04T18,128,2,76.0,76.0,76.0,76.0,8,32129,17983,0,
2026-09-04T18,128,3,82.0,82.0,82.0,82.0,2,47523,47523,0,
2026-09-04T18,128,5,92.5,92.5,92.5,92.5,1,7054,7054,0,
2026-09-04T18,128,6,93.0,93.0,93.0,93.0,1,2173,2173,0,
2026-09-04T18,128,8,93.0,93.0,93.0,93.0,2,444,444,0,
2026-09-04T18,128,9,99.5,99.5,99.5,99.5,2,41800,41800,0,
2026-09-04T18,128,10,110.0,110.0,110.0,110.0,1,9990,9990,0,
2026-09-04T18,129,0,2150.0,2150.0,2150.0,2150.0,18,4514,531,0,
2026-09-04T18,129,1,2250.0,2250.0,2250.0,2250.0,9,347,227,0,
2026-09-04T18,129,2,2490.0,2490.0,2490.0,2490.0,6,6777,6777,0,
2026-09-04T18,129,3,2720.0,2720.0,2720.0,2720.0,7,1076,1076,0,
2026-09-04T18,129,4,2720.0,2720.0,2720.0,2720.0,5,1425,1425,0,
2026-09-04T18,129,5,2790.0,2900.0,2790.0,2900.0,5,3137,3137,8,
2026-09-04T18,129,6,2990.0,2990.0,2990.0,2990.0,7,6443,4443,0,
2026-09-04T18,129,7,3050.0,3050.0,3050.0,3050.0,1,394,394,0,
2026-09-04T18,129,8,3230.0,3230.0,3230.0,3230.0,2,6411,6411,0,
2026-09-04T18,129,11,3800.0,3800.0,3800.0,3800.0,1,1000,1000,0,
2026-09-04T18,129,12,4120.0,4120.0,4120.0,4120.0,1,14,14,0,
2026-09-04T18,130,0,2020.0,2020.0,2010.0,2020.0,12,452,452,0,
2026-09-04T18,130,1,2080.0,2080.0,2080.0,2080.0,8,251,251,0,
2026-09-04T18,130,2,2140.0,2140.0,2140.0,2140.0,3,1220,1220,0,
2026-09-04T18,130,3,2420.0,2420.0,2410.0,2410.0,7,932,832,0,
2026-09-04T18,130,5,2770.0,2770.0,2770.0,2770.0,9,7398,6598,0,
2026-09-04T18,130,6,2870.0,2870.0,2870.0,2870.0,3,1569,1569,0,
2026-09-04T18,130,7,2800.0,2800.0,2800.0,2800.0,3,1690,1690,0,
2026-09-04T18,130,9,3050.0,3050.0,3050.0,3050.0,3,2984,2984,0,
2026-09-04T18,130,10,3290.0,3290.0,3290.0,3290.0,1,7,7,0,
2026-09-04T18,130,11,3290.0,3290.0,3290.0,3290.0,2,1965,1965,0,
2026-09-04T18,131,0,2370.0,2370.0,2360.0,2360.0,9,2021,2021,0,
2026-09-04T18,131,1,2510.0,2510.0,2510.0,2510.0,11,885,815,0,
2026-09-04T18,131,2,2580.0,2580.0,2580.0,2580.0,5,348,348,0,
2026-09-04T18,131,3,2650.0,2650.0,2650.0,2650.0,6,1377,1377,0,
2026-09-04T18,131,4,2720.0,2720.0,2720.0,2720.0,6,1255,1255,0,
2026-09-04T18,131,5,2860.0,2860.0,2860.0,2860.0,3,1500,1500,0,
2026-09-04T18,131,6,2970.0,2970.0,2970.0,2970.0,1,8,8,0,
2026-09-04T18,131,7,2990.0,2990.0,2990.0,2990.0,1,79,79,0,
2026-09-04T18,132,0,2250.0,2250.0,2230.0,2230.0,16,1653,404,5,
2026-09-04T18,132,1,2340.0,2340.0,2340.0,2340.0,8,886,522,0,
2026-09-04T18,132,2,2580.0,2580.0,2580.0,2580.0,6,378,282,0,
2026-09-04T18,132,3,2830.0,2930.0,2830.0,2930.0,4,330,330,0,
2026-09-04T18,132,4,2920.0,2940.0,2920.0,2940.0,4,1230,1230,0,
2026-09-04T18,132,5,2950.0,2950.0,2950.0,2950.0,4,2180,2180,0,
2026-09-04T18,132,6,2990.0,2990.0,2990.0,2990.0,6,3819,3819,0,
2026-09-04T18,132,7,3050.0,3050.0,3050.0,3050.0,5,3470,2970,0,
2026-09-04T18,132,8,3390.0,3390.0,3390.0,3390.0,1,463,463,0,
2026-09-04T18,132,10,3500.0,3500.0,3500.0,3500.0,4,1089,508,0,
2026-09-04T18,132,12,4190.0,4190.0,4190.0,4190.0,2,1463,463,0,
2026-09-04T18,133,0,18.3,18.3,17.9,18.1,14,45377,44844,5147,
2026-09-04T18,133,1,19.0,19.0,19.0,19.0,3,153707,153707,0,
2026-09-04T18,133,2,19.4,19.4,19.3,19.3,4,459705,459705,3130,
2026-09-04T18,133,3,19.3,19.6,19.3,19.6,5,141663,85274,24786,
2026-09-04T18,133,4,20.25,20.25,20.25,20.25,13,241181,129594,0,
2026-09-04T18,133,5,23.5,23.75,23.5,23.75,12,436275,234981,0,
2026-09-04T18,133,6,28.25,28.25,28.25,28.25,2,8557,8557,0,
2026-09-04T18,133,9,38.75,38.75,37.75,37.75,17,90395,51639,0,
2026-09-04T18,133,10,40.0,40.0,40.0,40.0,6,208818,79772,0,
2026-09-04T18,134,0,49.75,49.75,49.25,49.5,21,64717,48312,708,
2026-09-04T18,134,1,51.5,51.5,51.5,51.5,7,33140,33140,0,
2026-09-04T18,134,2,52.5,52.5,52.0,52.0,14,55508,18186,3834,
2026-09-04T18,134,3,54.5,54.5,54.5,54.5,11,80489,54528,0,
2026-09-04T18,134,4,59.0,59.0,59.0,59.0,11,100890,76551,22472,
2026-09-04T18,134,5,59.5,61.0,59.5,60.5,8,234979,227380,0,
2026-09-04T18,134,6,80.0,80.0,80.0,80.0,2,1717,1716,0,
2026-09-04T18,134,7,88.0,88.0,88.0,88.0,1,2537,2537,0,
2026-09-04T18,134,10,95.0,95.0,94.5,94.5,3,11000,11000,0,
2026-09-04T18,134,11,90.0,90.0,90.0,90.0,1,2714,2714,492,
2026-09-04T18,134,12,99.5,99.5,99.5,99.5,4,66481,65883,0,
2026-09-04T18,135,0,17.3,17.9,17.3,17.9,32,323104,176875,11569,
2026-09-04T18,135,1,17.9,17.9,17.8,17.8,19,370806,96792,4600,
2026-09-04T18,135,2,18.0,18.0,17.9,17.9,36,417602,148443,4882,
2026-09-04T18,135,3,18.1,18.1,18.0,18.0,21,878590,369685,8153,
2026-09-04T18,135,4,21.0,21.0,21.0,21.0,14,295257,182691,0,
2026-09-04T18,135,5,21.5,21.5,21.5,21.5,6,218675,177948,0,
2026-09-04T18,135,6,25.25,25.25,25.25,25.25,4,417239,367239,0,
2026-09-04T18,135,7,28.75,28.75,28.75,28.75,4,626586,626586,0,
2026-09-04T18,135,8,33.25,33.25,33.25,33.25,5,70660,70660,0,
2026-09-04T18,135,9,34.0,34.0,28.0,28.0,2,60890,60000,0,
2026-09-04T18,135,10,35.0,35.0,35.0,35.0,1,6792,6792,0,
2026-09-04T18,135,11,35.25,35.25,35.25,35.25,2,41300,41300,0,
2026-09-04T18,136,0,1.47,1.52,1.47,1.52,69,344817,159757,55916,
2026-09-04T18,136,1,1.61,1.61,1.61,1.61,8,493819,486851,3000,
2026-09-04T18,136,2,1.62,1.62,1.61,1.61,4,3526164,845259,9639,
2026-09-04T18,136,3,1.7,1.7,1.7,1.7,2,63000,63000,0,
2026-09-04T18,136,4,2.2,2.2,2.2,2.2,6,1243238,335130,0,
2026-09-04T18,136,6,2.5,2.5,2.5,2.5,1,500000,500000,0,
2026-09-04T18,136,7,2.95,2.95,2.95,2.95,2,1000999,1000999,0,
2026-09-04T18,137,0,120.0,126.0,120.0,126.0,5,15090,15069,705,
2026-09-04T18,137,1,124.0,129.0,124.0,129.0,4,5071,5071,93,
2026-09-04T18,137,2,125.0,131.0,125.0,131.0,5,10638,10638,812,
2026-09-04T18,137,3,135.0,135.0,135.0,135.0,4,37095,37095,0,
2026-09-04T18,137,4,137.0,137.0,137.0,137.0,6,36926,34926,0,
2026-09-04T18,137,5,147.0,147.0,147.0,147.0,14,46539,28042,0,
2026-09-04T18,137,6,171.0,171.0,170.0,170.0,8,25140,24171,0,
2026-09-04T18,137,7,240.0,240.0,240.0,240.0,1,2000,2000,0,
2026-09-04T18,137,8,175.0,175.0,175.0,175.0,2,49502,49500,0,
2026-09-04T18,137,9,250.0,250.0,250.0,250.0,2,5150,5150,0,
2026-09-04T18,138,0,1240.0,1240.0,1230.0,1230.0,19,5990,243,0,
2026-09-04T18,138,1,1280.0,1280.0,1280.0,1280.0,14,1904,45,0,
2026-09-04T18,138,2,1290.0,1290.0,1290.0,1290.0,11,4866,3523,0,
2026-09-04T18,138,3,1300.0,1300.0,1300.0,1300.0,8,2162,171,0,
2026-09-04T18,138,4,1600.0,1600.0,1600.0,1600.0,9,3269,2054,0,
2026-09-04T18,138,5,2390.0,2390.0,2390.0,2390.0,1,500,500,0,
2026-09-04T18,138,6,2400.0,2400.0,2400.0,2400.0,1,1000,1000,0,
2026-09-04T18,139,0,10.1,10.1,9.6,10.0,29,277861,167341,2700,
2026-09-04T18,139,1,10.0,10.1,10.0,10.1,6,33883,23667,8331,
2026-09-04T18,139,2,11.4,11.4,11.2,11.4,3,51361,50003,0,
2026-09-04T18,139,3,11.3,11.3,11.3,11.3,2,78741,78741,22911,
2026-09-04T18,139,4,11.4,11.5,11.4,11.5,6,400755,273144,13683,
2026-09-04T18,139,5,13.4,13.4,13.4,13.4,18,1973628,188888,0,
2026-09-04T18,139,6,15.0,15.0,15.0,15.0,1,50000,50000,0,
2026-09-04T18,139,7,17.0,17.0,17.0,17.0,1,50000,50000,0,
2026-09-04T18,139,9,24.0,24.0,24.0,24.0,1,28498,28498,0,
2026-09-04T18,139,10,21.75,21.75,21.75,21.75,3,51999,1999,0,
2026-09-04T18,140,0,260.0,260.0,252.0,260.0,16,1639,1521,23,
2026-09-04T18,140,1,258.0,258.0,258.0,258.0,10,3964,3939,385,
2026-09-04T18,140,2,260.0,260.0,254.0,260.0,7,9050,9041,71,
2026-09-04T18,140,3,266.0,266.0,266.0,266.0,4,17984,17984,0,
2026-09-04T18,140,4,268.0,268.0,268.0,268.0,4,6468,6267,0,
2026-09-04T18,140,5,280.0,280.0,280.0,280.0,1,50,50,0,
2026-09-04T18,140,12,400.0,400.0,400.0,400.0,1,2225,2225,0,
2026-09-04T18,141,0,35.0,35.0,34.75,34.75,21,85630,4271,90,
2026-09-04T18,141,1,50.0,50.0,50.0,50.0,6,140097,139797,0,
2026-09-04T18,141,2,50.5,50.5,50.5,50.5,13,129825,102588,2465,
2026-09-04T18,141,3,58.5,58.5,58.5,58.5,11,76510,70243,164,
2026-09-04T18,141,4,59.0,59.0,58.5,58.5,12,88262,49205,0,
2026-09-04T18,141,5,62.0,62.0,62.0,62.0,10,92709,54209,0,
2026-09-04T18,141,6,69.0,69.0,69.0,69.0,2,88700,88700,0,
2026-09-04T18,141,7,69.5,69.5,69.5,69.5,10,123804,60244,0,
2026-09-04T18,141,8,70.0,70.0,70.0,70.0,4,50050,12908,0,
2026-09-04T18,141,9,91.0,91.0,91.0,91.0,7,14446,8694,0,
2026-09-04T18,141,10,93.0,93.0,93.0,93.0,4,72080,65134,0,
2026-09-04T18,141,11,117.0,117.0,117.0,117.0,2,20480,9369,0,
2026-09-04T18,141,12,177.0,177.0,177.0,177.0,2,1139,1139,0,
2026-09-04T18,142,0,800.0,800.0,795.0,800.0,8,1253,1226,10,
2026-09-04T18,142,1,805.0,805.0,805.0,805.0,10,2262,809,0,
2026-09-04T18,142,2,825.0,825.0,825.0,825.0,8,2333,478,0,
2026-09-04T18,142,3,975.0,975.0,975.0,975.0,3,1483,1483,0,
2026-09-04T18,142,4,980.0,980.0,975.0,975.0,4,2184,2184,0,
2026-09-04T18,142,5,985.0,985.0,985.0,985.0,6,13415,3354,0,
2026-09-04T18,142,6,1020.0,1020.0,1020.0,1020.0,7,19486,19486,48,
2026-09-04T18,142,7,1070.0,1070.0,1070.0,1070.0,2,7789,3815,0,
2026-09-04T18,142,8,1060.0,1060.0,1060.0,1060.0,4,18792,18792,9,
2026-09-04T18,142,9,1140.0,1140.0,1140.0,1140.0,2,10975,10975,0,
2026-09-04T18,142,10,1270.0,1270.0,1270.0,1270.0,9,7158,4659,0,
2026-09-04T18,142,11,1360.0,1360.0,1360.0,1360.0,5,9436,9436,0,
2026-09-04T18,142,12,1500.0,1500.0,1500.0,1500.0,2,2003,2003,0,
2026-09-04T18,143,0,715.0,715.0,715.0,715.0,18,2005,1729,50,
2026-09-04T18,143,1,735.0,735.0,735.0,735.0,7,1197,255,0,
2026-09-04T18,143,2,730.0,730.0,730.0,730.0,17,2324,1822,0,
2026-09-04T18,143,3,870.0,870.0,825.0,825.0,7,11612,55,100,
2026-09-04T18,143,4,880.0,900.0,880.0,900.0,2,423,423,0,
2026-09-04T18,143,5,920.0,920.0,910.0,920.0,6,23267,23267,0,
2026-09-04T18,143,6,950.0,950.0,950.0,950.0,5,45324,45324,41,
2026-09-04T18,143,7,930.0,960.0,930.0,960.0,8,24575,24575,0,
2026-09-04T18,143,9,1100.0,1100.0,1100.0,1100.0,1,947,947,10,
2026-09-04T18,143,10,1120.0,1120.0,1120.0,1120.0,3,6678,4392,0,
2026-09-04T18,143,11,1240.0,1240.0,1240.0,1240.0,2,2608,2608,0,
2026-09-04T18,143,12,1440.0,1440.0,1440.0,1440.0,2,468,468,0,
2026-09-04T18,144,0,17.4,17.4,17.4,17.4,12,59976,44528,0,
2026-09-04T18,144,1,18.0,18.0,18.0,18.0,1,1,1,0,
2026-09-04T18,144,2,18.0,18.0,18.0,18.0,2,85672,85672,0,
2026-09-04T18,144,3,18.0,18.0,18.0,18.0,1,1,1,0,
2026-09-04T18,144,4,18.1,18.1,18.1,18.1,2,11018,11018,0,
2026-09-04T18,144,5,18.3,18.3,18.3,18.3,2,52589,52589,0,
2026-09-04T18,145,0,135.0,136.0,134.0,134.0,43,1201640,835307,43270,
2026-09-04T18,146,0,6.2,6.5,6.0,6.4,45,269861,66769,1954,
2026-09-04T18,146,1,6.5,6.5,6.5,6.5,18,1645955,819795,0,
2026-09-04T18,146,2,6.7,6.7,6.7,6.7,43,1536154,414860,10000,
2026-09-04T18,146,3,7.0,7.0,6.9,6.9,26,2027645,265416,0,
2026-09-04T18,146,4,7.9,7.9,7.9,7.9,17,4386772,2407721,0,
2026-09-04T18,146,5,9.9,9.9,9.9,9.9,2,434687,382495,0,
2026-09-04T18,146,6,9.8,9.8,9.8,9.8,1,90000,90000,0,
2026-09-04T18,146,7,10.0,10.0,10.0,10.0,2,616640,426640,0,
2026-09-04T18,146,8,10.5,10.5,10.5,10.5,8,1190198,1063941,0,
2026-09-04T18,146,10,17.9,17.9,17.9,17.9,2,98862,98862,0,
2026-09-04T18,147,0,39.5,39.5,39.5,39.5,8,111508,96393,0,
2026-09-04T18,147,1,39.75,39.75,39.75,39.75,4,39695,25547,0,
2026-09-04T18,147,2,40.25,40.25,40.25,40.25,6,445241,124263,0,
2026-09-04T18,147,3,44.25,44.25,44.25,44.25,9,197499,128272,0,
2026-09-04T18,147,4,50.5,50.5,50.5,50.5,7,143078,68078,0,
2026-09-04T18,147,5,60.0,60.0,60.0,60.0,1,2,2,0,
2026-09-04T18,148,0,33.0,34.25,33.0,34.25,5,58138,90,0,
2026-09-04T18,148,1,33.0,33.0,33.0,33.0,7,90268,90261,0,
2026-09-04T18,148,2,36.0,36.0,36.0,36.0,3,187948,182848,0,
2026-09-04T18,148,3,36.25,36.25,36.25,36.25,5,170986,170986,0,
2026-09-04T18,148,4,38.5,38.5,38.5,38.5,3,86689,73846,0,
2026-09-04T18,148,5,46.0,46.0,46.0,46.0,4,156603,106603,0,
2026-09-04T18,148,6,49.5,49.5,49.5,49.5,1,1,1,0,
2026-09-04T18,148,10,59.0,59.0,59.0,59.0,2,10005,10005,0,
2026-09-04T18,149,0,790.0,790.0,790.0,790.0,13,1957,1840,0,
2026-09-04T18,149,1,815.0,815.0,815.0,815.0,11,1769,1380,0,
2026-09-04T18,149,2,840.0,840.0,840.0,840.0,11,8334,157,0,
2026-09-04T18,149,3,890.0,890.0,890.0,890.0,8,8341,2758,0,
2026-09-04T18,149,4,970.0,970.0,970.0,970.0,8,7134,6118,0,
2026-09-04T18,149,5,1010.0,1010.0,1010.0,1010.0,5,10793,10793,0,
2026-09-04T18,149,8,1070.0,1070.0,1070.0,1070.0,5,11021,4621,9,
2026-09-04T18,150,0,376.0,378.0,372.0,378.0,26,22106,637,0,
2026-09-04T18,150,1,790.0,790.0,785.0,785.0,19,9290,112,0,
2026-09-04T18,150,2,1680.0,1680.0,1680.0,1680.0,5,29766,29140,0,
2026-09-04T18,150,3,2810.0,2810.0,2810.0,2810.0,21,721,48,0,
2026-09-04T18,150,4,4960.0,4960.0,4960.0,4960.0,12,914,905,0,
2026-09-04T18,150,5,8975.0,8975.0,8975.0,8975.0,5,100,59,0,
2026-09-04T18,150,6,17100.0,17100.0,13000.0,13000.0,12,260,5,0,
2026-09-04T18,150,7,33000.0,33000.0,33000.0,33000.0,16,279,29,0,
2026-09-04T18,150,8,70000.0,70000.0,70000.0,70000.0,9,767,756,0,
2026-09-04T18,150,9,138000.0,138500.0,138000.0,138500.0,9,222,73,0,
2026-09-04T18,150,10,271500.0,271500.0,271500.0,271500.0,6,97,79,0,
2026-09-04T18,150,11,624500.0,624500.0,624500.0,624500.0,10,51,46,0,
2026-09-04T18,150,12,1380000.0,1380000.0,1380000.0,1380000.0,11,142,2,0,
2026-09-04T18,151,0,384.0,384.0,384.0,384.0,7,418,418,0,
2026-09-04T18,151,1,388.0,388.0,388.0,388.0,5,4998,4998,0,
2026-09-04T18,151,2,464.0,464.0,464.0,464.0,6,7230,6565,0,
2026-09-04T18,151,3,472.0,472.0,472.0,472.0,4,7045,6695,0,
2026-09-04T18,151,4,476.0,476.0,476.0,476.0,3,6488,6488,0,
2026-09-04T18,151,7,500.0,500.0,500.0,500.0,1,4,4,0,
2026-09-04T18,151,8,500.0,500.0,500.0,500.0,1,2,2,0,
2026-09-04T18,151,9,2290.0,2290.0,2290.0,2290.0,4,1101,1101,0,
2026-09-04T18,151,10,2900.0,2900.0,2900.0,2900.0,2,6002,6002,0,
2026-09-04T18,152,0,234.0,234.0,234.0,234.0,7,1703,225,0,
2026-09-04T18,152,1,250.0,250.0,250.0,250.0,14,1181,793,0,
2026-09-04T18,152,2,294.0,294.0,294.0,294.0,3,55,55,0,
2026-09-04T18,152,3,298.0,298.0,298.0,298.0,2,1200,1200,0,
2026-09-04T18,152,4,320.0,320.0,320.0,320.0,2,4017,4017,0,
2026-09-04T18,153,0,82.0,82.0,81.5,81.5,1,480,480,0,
2026-09-04T18,153,1,82.0,82.0,82.0,82.0,1,4413,4413,979,
2026-09-04T18,153,3,88.0,88.0,88.0,88.0,1,709,709,0,
2026-09-04T18,154,0,77.0,82.0,77.0,81.5,2,1657,1657,0,
2026-09-04T18,154,1,77.0,81.5,77.0,81.5,1,6666,6666,0,
2026-09-04T18,155,0,130.0,130.0,130.0,130.0,9,7062,6683,0,
2026-09-04T18,155,7,170.0,170.0,170.0,170.0,1,3400,3400,0,
2026-09-04T19,1,0,0.258,0.264,0.25,0.264,139,105574739,87116142,0,
2026-09-04T19,1,1,0.263,0.263,0.26,0.262,29,23817345,23813281,0,
2026-09-04T19,1,2,0.263,0.263,0.26,0.263,61,172197905,161180782,0,
2026-09-04T19,1,3,0.264,0.265,0.264,0.265,38,229707118,160187988,0,
2026-09-04T19,1,4,0.265,0.265,0.265,0.265,46,224788137,140320670,0,
2026-09-04T19,1,5,0.266,0.266,0.265,0.266,12,131963257,122789148,0,
2026-09-04T19,1,6,0.267,0.267,0.266,0.266,10,72766052,72766052,0,
2026-09-04T19,1,7,0.265,0.267,0.265,0.267,8,60983280,60983280,0,
2026-09-04T19,1,8,0.267,0.27,0.267,0.27,5,44632835,44632835,0,
2026-09-04T19,1,9,0.268,0.268,0.268,0.268,5,32889352,27840177,0,
2026-09-04T19,1,10,0.266,0.272,0.266,0.272,7,43032995,18330133,0,
2026-09-04T19,1,11,0.268,0.269,0.268,0.269,7,48439157,14413623,0,
2026-09-04T19,1,12,0.267,0.271,0.267,0.271,16,161925423,128054292,0,
2026-09-04T19,2,0,0.367,0.371,0.356,0.358,153,36312753,8285588,0,
2026-09-04T19,2,1,0.38,0.384,0.38,0.382,17,4118030,4117210,0,
2026-09-04T19,2,2,0.381,0.385,0.381,0.383,40,77341564,57419005,0,
2026-09-04T19,2,3,0.429,0.429,0.427,0.428,6,19474915,14474915,0,
2026-09-04T19,2,4,0.463,0.463,0.462,0.462,22,28877117,21746893,0,
2026-09-04T19,2,5,0.482,0.482,0.481,0.481,13,30851617,30851617,0,
2026-09-04T19,2,6,0.484,0.484,0.484,0.484,5,11385388,11385388,0,
2026-09-04T19,2,7,0.5,0.5,0.5,0.5,3,15728512,8955432,0,
2026-09-04T19,2,8,0.515,0.515,0.515,0.515,2,8749387,8749387,0,
2026-09-04T19,2,9,0.52,0.52,0.52,0.52,1,5000000,5000000,0,
2026-09-04T19,2,10,0.51,0.51,0.51,0.51,6,18861560,11004060,0,
2026-09-04T19,2,11,0.585,0.585,0.585,0.585,3,10902251,10902251,0,
2026-09-04T19,2,12,0.655,0.655,0.655,0.655,6,1125275,825275,0,
2026-09-04T19,3,0,2.15,2.2,1.8,2.0,284,2437379,59654,0,
2026-09-04T19,3,1,2.35,2.35,2.3,2.3,31,1618066,238727,0,
2026-09-04T19,3,2,2.45,2.45,2.45,2.45,27,3526809,1452000,0,
2026-09-04T19,3,3,2.9,2.9,2.9,2.9,18,2581950,205943,0,
2026-09-04T19,3,4,3.35,3.35,3.35,3.35,11,2644594,1003236,0,
2026-09-04T19,3,5,3.45,3.45,3.45,3.45,5,3204637,2407820,0,
2026-09-04T19,3,6,3.45,3.45,3.45,3.45,3,3124571,1654899,0,
2026-09-04T19,3,7,4.55,4.55,4.55,4.55,2,210400,210400,0,
2026-09-04T19,3,10,6.2,6.2,6.2,6.2,1,322598,322598,0,
2026-09-04T19,3,11,6.4,6.4,6.4,6.4,3,23615,23615,0,
2026-09-04T19,3,12,7.0,7.0,7.0,7.0,1,311180,311180,0,
2026-09-04T19,4,0,2.35,2.35,2.2,2.2,100,991115,35623,0,
2026-09-04T19,4,1,2.55,2.55,2.55,2.55,9,560193,62557,0,
2026-09-04T19,4,2,2.6,2.6,2.6,2.6,12,676533,346224,0,
2026-09-04T19,4,3,2.75,2.75,2.75,2.75,10,2911206,341228,0,
2026-09-04T19,4,4,3.1,3.1,3.1,3.1,7,4311282,4131282,0,
2026-09-04T19,4,5,3.1,3.1,3.05,3.05,10,1803904,433110,0,
2026-09-04T19,4,6,3.6,3.6,3.6,3.6,2,703151,703151,0,
2026-09-04T19,4,7,3.7,3.7,3.7,3.7,3,719346,300000,0,
2026-09-04T19,4,8,4.45,4.45,4.45,4.45,3,115999,100000,0,
2026-09-04T19,5,0,2.55,2.95,1.78,2.95,68,1597992,6385,0,
2026-09-04T19,5,1,2.85,2.95,2.85,2.95,8,344880,22522,0,
2026-09-04T19,5,2,3.0,3.0,3.0,3.0,7,563722,563722,0,
2026-09-04T19,5,3,3.1,3.1,3.1,3.1,5,917137,516763,0,
2026-09-04T19,5,4,3.2,3.2,3.2,3.2,8,1253819,566908,0,
2026-09-04T19,5,5,3.3,3.3,3.3,3.3,2,37200,7200,0,
2026-09-04T19,5,6,4.95,4.95,4.95,4.95,1,99999,99999,0,
2026-09-04T19,5,7,5.0,5.0,5.0,5.0,1,999,999,0,
2026-09-04T19,6,0,0.665,0.695,0.665,0.685,84,6696733,4105857,0,
2026-09-04T19,6,1,0.69,0.695,0.69,0.695,15,2861777,2553678,0,
2026-09-04T19,6,2,0.715,0.72,0.715,0.72,11,3883870,3883870,0,
2026-09-04T19,6,3,0.74,0.74,0.74,0.74,12,6722667,3753210,0,
2026-09-04T19,6,4,0.86,0.86,0.86,0.86,11,8845327,7987317,0,
2026-09-04T19,6,5,0.98,0.98,0.975,0.975,4,9868664,9868664,0,
2026-09-04T19,6,6,1.11,1.11,1.11,1.11,10,14205055,9204215,0,
2026-09-04T19,6,7,1.1,1.1,1.1,1.1,10,4178687,299999,0,
2026-09-04T19,6,8,1.49,1.49,1.49,1.49,4,4429519,4429519,0,
2026-09-04T19,6,9,1.7,1.7,1.7,1.7,2,2070000,1750000,0,
2026-09-04T19,6,10,1.75,1.75,1.75,1.75,2,4500000,900000,0,
2026-09-04T19,6,11,2.3,2.3,2.3,2.3,1,690000,690000,0,
2026-09-04T19,6,12,2.5,2.5,2.5,2.5,1,300000,300000,0,
2026-09-04T19,7,0,38.5,40.5,38.25,39.0,37,50390,1791,0,
2026-09-04T19,7,1,41.25,41.25,40.75,40.75,9,32031,32021,0,
2026-09-04T19,7,2,41.0,41.0,41.0,41.0,8,92317,92317,0,
2026-09-04T19,7,3,41.25,41.25,41.25,41.25,10,75565,73665,0,
2026-09-04T19,7,4,46.25,46.25,46.25,46.25,8,136011,135991,0,
2026-09-04T19,7,5,47.0,47.0,47.0,47.0,3,87776,50444,0,
2026-09-04T19,7,6,55.5,55.5,55.5,55.5,5,133148,133148,0,
2026-09-04T19,7,7,60.0,60.0,60.0,60.0,1,24046,24046,0,
2026-09-04T19,7,8,62.0,62.0,62.0,62.0,1,12795,12795,0,
2026-09-04T19,7,10,70.0,70.0,70.0,70.0,1,16545,16545,0,
2026-09-04T19,7,11,90.0,90.0,90.0,90.0,2,24990,24990,0,
2026-09-04T19,8,0,11.0,11.0,10.5,10.5,45,401374,10825,0,
2026-09-04T19,8,1,11.2,11.2,11.2,11.2,6,152332,152282,0,
2026-09-04T19,8,2,11.2,11.2,11.2,11.2,8,442149,441414,0,
2026-09-04T19,8,3,11.6,11.6,11.6,11.6,5,604149,273349,0,
2026-09-04T19,8,4,11.8,11.8,11.8,11.8,2,142000,142000,0,
2026-09-04T19,8,5,12.5,12.5,12.5,12.5,2,13990,9990,0,
2026-09-04T19,9,0,1.13,1.2,1.11,1.18,95,995504,180979,0,
2026-09-04T19,9,1,1.2,1.23,1.2,1.22,16,868889,805637,0,
2026-09-04T19,9,2,1.21,1.24,1.21,1.24,19,1800405,636438,0,
2026-09-04T19,9,3,1.26,1.26,1.25,1.25,15,1927203,679797,0,
2026-09-04T19,9,4,1.35,1.35,1.35,1.35,10,1902458,1152458,0,
2026-09-04T19,9,5,1.37,1.37,1.37,1.37,6,832259,102821,0,
2026-09-04T19,9,7,1.74,1.74,1.4,1.4,12,4571049,1,0,
2026-09-04T19,9,8,2.5,2.5,2.5,2.5,1,50422,50422,0,
2026-09-04T19,9,10,3.6,3.6,3.6,3.6,1,305248,305248,0,
2026-09-04T19,10,0,29.0,29.0,27.75,28.25,40,1044051,229625,0,
2026-09-04T19,10,1,29.25,29.25,29.0,29.0,15,713945,713187,0,
2026-09-04T19,10,2,29.0,29.25,29.0,29.0,18,850069,251459,0,
2026-09-04T19,10,3,29.5,29.75,29.5,29.75,13,1025878,704574,0,
2026-09-04T19,10,4,30.0,30.0,29.75,29.75,15,1532246,803694,0,
2026-09-04T19,10,5,29.75,30.0,29.75,30.0,10,595676,595676,0,
2026-09-04T19,10,6,30.0,30.0,30.0,30.0,5,1019781,1019781,0,
2026-09-04T19,10,7,31.0,31.0,31.0,31.0,5,294602,294602,0,
2026-09-04T19,10,10,30.5,30.5,30.0,30.0,10,636821,399655,0,
2026-09-04T19,10,11,31.0,31.0,31.0,31.0,4,71377,21377,0,
2026-09-04T19,10,12,39.0,39.0,39.0,39.0,2,25999,25999,0,
2026-09-04T19,11,0,41.25,41.75,41.0,41.5,12,117401,116748,0,
2026-09-04T19,11,1,41.25,42.0,41.25,42.0,10,58420,58420,0,
2026-09-04T19,11,2,41.75,42.0,41.5,42.0,4,468336,468334,0,
2026-09-04T19,11,3,42.25,42.25,42.25,42.25,3,227343,227343,0,
2026-09-04T19,11,4,42.5,42.5,42.5,42.5,4,294073,294073,0,
2026-09-04T19,11,5,42.75,42.75,42.75,42.75,9,590592,243342,0,
2026-09-04T19,11,6,44.0,44.0,44.0,44.0,1,2832,2832,0,
2026-09-04T19,11,7,44.0,44.0,44.0,44.0,1,13752,13752,0,
2026-09-04T19,11,8,48.0,48.0,48.0,48.0,1,10000,10000,0,
2026-09-04T19,11,11,48.0,48.0,48.0,48.0,4,43990,43990,0,
2026-09-04T19,12,0,41.25,41.25,40.0,40.75,21,714341,710972,0,
2026-09-04T19,12,1,41.5,41.5,40.75,40.75,9,228401,228351,0,
2026-09-04T19,12,2,41.75,41.75,40.75,40.75,12,667013,102367,0,
2026-09-04T19,12,3,41.5,41.5,41.25,41.25,20,89166,73275,0,
2026-09-04T19,12,4,41.5,41.75,41.5,41.75,5,58013,46776,0,
2026-09-04T19,12,5,42.75,42.75,42.75,42.75,4,283498,283498,0,
2026-09-04T19,12,6,43.75,43.75,41.0,41.0,2,94878,60000,0,
2026-09-04T19,12,7,46.75,46.75,46.75,46.75,2,37000,37000,0,
2026-09-04T19,12,8,46.75,46.75,46.75,46.75,3,54953,54953,0,
2026-09-04T19,12,9,50.0,50.0,50.0,50.0,1,19999,19999,0,
2026-09-04T19,13,0,0.364,0.37,0.357,0.362,138,464068060,101869748,0,
2026-09-04T19,14,0,11.0,11.2,10.8,11.1,23,306985,302551,0,
2026-09-04T19,14,1,11.2,11.2,11.1,11.2,9,294883,284883,0,
2026-09-04T19,14,2,11.4,11.4,11.4,11.4,10,264143,240617,0,
2026-09-04T19,14,3,11.3,11.3,11.2,11.2,14,1152145,850018,0,
2026-09-04T19,14,4,11.2,11.2,11.2,11.2,9,848228,785262,0,
2026-09-04T19,14,5,11.5,11.5,11.5,11.5,10,3919798,1915030,0,
2026-09-04T19,14,6,13.8,13.8,13.8,13.8,4,740000,640000,0,
2026-09-04T19,14,7,14.8,14.8,14.8,14.8,2,52728,52728,0,
2026-09-04T19,14,8,18.2,18.2,18.2,18.2,4,913305,913305,0,
2026-09-04T19,14,11,19.0,19.0,19.0,19.0,1,25219,25219,0,
2026-09-04T19,15,0,10.1,10.4,9.8,10.2,34,1824112,206612,0,
2026-09-04T19,15,1,10.4,10.4,10.1,10.1,17,300334,132993,0,
2026-09-04T19,15,2,10.3,10.3,10.3,10.3,10,740927,299781,0,
2026-09-04T19,15,3,10.8,10.9,10.8,10.9,13,2452375,2033962,0,
2026-09-04T19,15,4,10.8,11.0,10.8,11.0,3,508187,508187,0,
2026-09-04T19,15,5,11.2,11.2,11.2,11.2,3,250245,182081,0,
2026-09-04T19,15,6,11.3,11.3,11.3,11.3,3,240578,240578,0,
2026-09-04T19,15,7,11.4,11.4,11.4,11.4,1,2090,2090,0,
2026-09-04T19,15,8,11.5,11.5,11.5,11.5,3,789811,789811,0,
2026-09-04T19,15,10,11.0,11.0,11.0,11.0,3,278145,78144,0,
2026-09-04T19,16,0,8.5,9.0,8.5,8.7,4,45053,44253,0,
2026-09-04T19,16,1,8.8,8.8,8.7,8.8,12,200233,188315,0,
2026-09-04T19,16,2,8.9,8.9,8.7,8.7,12,526456,474991,0,
2026-09-04T19,16,3,9.1,9.1,8.9,8.9,9,457696,453437,0,
2026-09-04T19,16,4,9.0,9.1,9.0,9.0,4,765984,765984,0,
2026-09-04T19,16,5,9.2,9.2,9.2,9.2,1,1916,1916,0,
2026-09-04T19,16,6,9.1,9.4,9.1,9.4,2,78760,78760,0,
2026-09-04T19,16,8,9.6,9.6,9.6,9.6,4,1020000,520000,0,
2026-09-04T19,16,11,9.3,9.4,9.3,9.4,1,145183,145183,0,
2026-09-04T19,16,12,9.4,9.4,9.4,9.4,5,1836048,1836048,0,
2026-09-04T19,17,0,14.4,14.9,14.4,14.7,12,222571,174576,0,
2026-09-04T19,17,1,14.8,14.9,14.8,14.8,9,210351,210346,0,
2026-09-04T19,17,2,14.9,14.9,14.8,14.9,9,493472,473286,0,
2026-09-04T19,17,3,14.9,15.1,14.9,15.1,3,563014,563014,0,
2026-09-04T19,17,4,15.0,15.0,14.9,15.0,6,822893,822893,0,
2026-09-04T19,17,5,15.0,15.0,14.9,15.0,4,547235,547235,0,
2026-09-04T19,17,6,15.0,15.0,15.0,15.0,4,426052,426052,0,
2026-09-04T19,17,7,15.2,15.2,15.2,15.2,4,518812,488812,0,
2026-09-04T19,17,8,15.6,15.6,15.6,15.6,9,1998122,606148,0,
2026-09-04T19,17,9,16.5,16.5,16.5,16.5,3,515568,118832,0,
2026-09-04T19,17,10,16.3,16.3,16.3,16.3,22,1370062,634000,0,
2026-09-04T19,17,11,22.0,22.0,22.0,22.0,1,17112,17112,0,
2026-09-04T19,18,0,20.5,21.0,19.8,20.5,15,40766,20319,0,
2026-09-04T19,18,1,20.75,20.75,20.25,20.75,11,210905,97156,0,
2026-09-04T19,18,2,21.0,21.25,20.25,21.25,5,113502,113502,0,
2026-09-04T19,18,3,21.25,21.5,21.0,21.5,9,735502,735502,0,
2026-09-04T19,18,4,22.0,22.25,22.0,22.25,11,650518,610518,0,
2026-09-04T19,18,5,22.5,22.5,22.5,22.5,7,871086,371086,0,
2026-09-04T19,18,6,24.25,25.75,24.25,25.75,1,5467,5467,0,
2026-09-04T19,18,7,26.0,26.0,26.0,26.0,1,98360,98360,0,
2026-09-04T19,18,8,26.0,26.0,26.0,26.0,2,118362,118362,0,
2026-09-04T19,18,10,28.75,28.75,28.75,28.75,2,60001,60001,0,
2026-09-04T19,19,0,11.4,11.4,11.3,11.4,17,1351400,416787,0,
2026-09-04T19,19,1,11.9,11.9,11.7,11.7,4,155887,22777,0,
2026-09-04T19,19,2,11.8,11.9,11.8,11.9,2,575867,575867,0,
2026-09-04T19,19,3,11.8,12.0,11.8,12.0,4,213768,213768,0,
2026-09-04T19,19,4,12.1,12.3,12.1,12.2,8,1908664,1743982,0,
2026-09-04T19,19,5,12.4,12.4,12.4,12.4,6,519020,149595,0,
2026-09-04T19,19,6,12.4,12.4,12.2,12.2,8,516743,259267,0,
2026-09-04T19,19,7,12.4,12.4,12.4,12.4,13,883209,256764,0,
2026-09-04T19,19,8,12.5,12.5,12.4,12.4,11,1141948,589247,0,
2026-09-04T19,19,9,15.3,15.3,15.3,15.3,2,96424,96424,0,
2026-09-04T19,19,10,15.3,15.3,15.3,15.3,5,356448,356448,0,
2026-09-04T19,19,11,19.9,19.9,19.9,19.9,2,50999,50999,0,
2026-09-04T19,20,0,110.0,111.0,109.0,111.0,8,109189,75086,0,
2026-09-04T19,20,1,110.0,113.0,110.0,113.0,12,42382,4869,0,
2026-09-04T19,20,2,110.0,115.0,110.0,115.0,15,89165,55728,0,
2026-09-04T19,20,3,117.0,117.0,114.0,114.0,21,187205,75904,0,
2026-09-04T19,20,4,117.0,117.0,117.0,117.0,11,108966,62816,0,
2026-09-04T19,20,5,119.0,119.0,118.0,118.0,11,120991,57703,0,
2026-09-04T19,20,6,121.0,121.0,121.0,121.0,4,22060,19060,0,
2026-09-04T19,20,7,120.0,120.0,120.0,120.0,7,32000,13476,0,
2026-09-04T19,21,0,57.5,57.5,55.5,56.0,9,19443,17615,0,
2026-09-04T19,21,1,58.0,60.0,58.0,59.0,5,1296,1265,0,
2026-09-04T19,21,2,59.0,59.5,59.0,59.5,5,24992,24992,0,
2026-09-04T19,21,3,59.5,60.0,59.5,60.0,7,251912,246912,0,
2026-09-04T19,21,4,61.0,61.0,61.0,61.0,12,620588,529588,0,
2026-09-04T19,21,5,63.0,63.0,63.0,63.0,8,57318,37318,0,
2026-09-04T19,21,6,64.0,64.0,64.0,64.0,3,205797,48828,0,
2026-09-04T19,21,7,66.5,66.5,66.5,66.5,3,96196,96196,0,
2026-09-04T19,21,8,68.0,68.0,68.0,68.0,2,58267,58267,0,
2026-09-04T19,22,0,89.5,91.0,88.0,89.0,6,7101,7099,0,
2026-09-04T19,22,1,89.0,89.0,89.0,89.0,2,1741,1741,0,
2026-09-04T19,22,2,90.0,90.0,90.0,90.0,2,6555,6555,0,
2026-09-04T19,22,3,91.0,91.0,91.0,91.0,3,7800,7800,0,
2026-09-04T19,22,4,91.0,91.0,90.0,90.5,4,30151,30151,0,
2026-09-04T19,22,5,91.0,91.0,91.0,91.0,4,115393,115393,0,
2026-09-04T19,22,6,92.0,92.0,92.0,92.0,2,20000,20000,0,
2026-09-04T19,22,7,91.5,91.5,90.0,91.5,3,49977,49977,0,
2026-09-04T19,22,8,95.5,95.5,95.5,95.5,4,48723,48723,0,
2026-09-04T19,22,9,97.0,97.0,97.0,97.0,4,45554,45554,0,
2026-09-04T19,22,10,98.0,98.0,98.0,98.0,1,9946,9946,0,
2026-09-04T19,22,11,108.0,108.0,108.0,108.0,2,25423,25423,0,
2026-09-04T19,23,0,131.0,131.0,129.0,131.0,6,1815,1446,0,
2026-09-04T19,23,1,131.0,131.0,129.0,129.0,4,1728,1728,0,
2026-09-04T19,23,2,130.0,130.0,130.0,130.0,6,38255,38255,0,
2026-09-04T19,23,3,132.0,132.0,131.0,131.0,6,29338,23338,0,
2026-09-04T19,23,4,134.0,134.0,132.0,132.0,5,76135,24789,0,
2026-09-04T19,23,7,135.0,135.0,135.0,135.0,2,1524,1524,0,
2026-09-04T19,23,8,137.0,137.0,137.0,137.0,3,30000,20000,0,
2026-09-04T19,23,9,142.0,142.0,142.0,142.0,3,102242,102242,0,
2026-09-04T19,23,10,148.0,148.0,148.0,148.0,3,12824,12824,0,
2026-09-04T19,23,11,210.0,210.0,210.0,210.0,1,199,199,0,
2026-09-04T19,24,0,640.0,645.0,630.0,645.0,12,311,285,0,
2026-09-04T19,24,1,640.0,640.0,640.0,640.0,5,1657,1657,0,
2026-09-04T19,24,4,645.0,650.0,645.0,650.0,2,16115,16115,0,
2026-09-04T19,24,5,655.0,655.0,655.0,655.0,3,5998,4498,0,
2026-09-04T19,24,6,665.0,665.0,665.0,665.0,1,22764,22764,0,
2026-09-04T19,24,7,665.0,665.0,665.0,665.0,2,2766,2766,0,
2026-09-04T19,24,8,725.0,725.0,725.0,725.0,1,83,83,0,
2026-09-04T19,25,0,765.0,765.0,750.0,765.0,14,3622,3610,0,
2026-09-04T19,25,1,770.0,770.0,765.0,765.0,5,7848,7848,0,
2026-09-04T19,25,2,770.0,770.0,770.0,770.0,6,6312,6309,0,
2026-09-04T19,25,3,775.0,775.0,775.0,775.0,6,13062,13062,0,
2026-09-04T19,25,4,795.0,795.0,795.0,795.0,2,18712,18712,0,
2026-09-04T19,25,5,805.0,805.0,805.0,805.0,3,15252,15252,0,
2026-09-04T19,25,6,835.0,835.0,835.0,835.0,5,13905,13905,0,
2026-09-04T19,25,7,835.0,835.0,835.0,835.0,9,46986,34800,0,
2026-09-04T19,25,10,900.0,900.0,900.0,900.0,1,467,467,0,
2026-09-04T19,26,0,1190.0,1190.0,1180.0,1180.0,9,375,272,0,
2026-09-04T19,26,1,1200.0,1200.0,1200.0,1200.0,3,1186,1186,0,
2026-09-04T19,26,2,1230.0,1230.0,1220.0,1220.0,4,5208,5208,0,
2026-09-04T19,26,3,1240.0,1240.0,1240.0,1240.0,3,9844,9844,0,
2026-09-04T19,26,4,1250.0,1250.0,1250.0,1250.0,5,3868,3868,0,
2026-09-04T19,26,5,1270.0,1270.0,1270.0,1270.0,3,17843,17843,0,
2026-09-04T19,26,6,1250.0,1250.0,1250.0,1250.0,2,1516,1516,0,
2026-09-04T19,26,7,1360.0,1360.0,1360.0,1360.0,1,1000,1000,0,
2026-09-04T19,27,0,580.0,630.0,580.0,630.0,1,4,4,0,
2026-09-04T19,27,1,585.0,585.0,585.0,585.0,1,1919,1919,0,
2026-09-04T19,27,2,580.0,580.0,580.0,580.0,1,1281,1281,0,
2026-09-04T19,27,3,585.0,585.0,585.0,585.0,6,1036,1036,0,
2026-09-04T19,27,4,590.0,600.0,590.0,600.0,1,1366,1366,0,
2026-09-04T19,27,5,600.0,600.0,600.0,600.0,3,8122,8122,0,
2026-09-04T19,27,6,630.0,630.0,630.0,630.0,3,9249,9249,0,
2026-09-04T19,27,7,680.0,680.0,680.0,680.0,1,640,640,0,
2026-09-04T19,27,12,800.0,800.0,800.0,800.0,1,252,252,0,
2026-09-04T19,28,0,935.0,990.0,935.0,955.0,3,721,721,0,
2026-09-04T19,28,1,945.0,945.0,945.0,945.0,1,346,346,0,
2026-09-04T19,28,2,935.0,935.0,935.0,935.0,4,795,795,0,
2026-09-04T19,28,3,980.0,990.0,980.0,990.0,2,1149,1149,0,
2026-09-04T19,28,4,990.0,990.0,990.0,990.0,9,5890,5490,0,
2026-09-04T19,28,6,1040.0,1040.0,1040.0,1040.0,1,500,500,0,
2026-09-04T19,28,9,1050.0,1050.0,1050.0,1050.0,1,285,285,0,
2026-09-04T19,29,0,100.0,101.0,97.5,98.5,54,622268,19803,0,
2026-09-04T19,30,0,154.0,154.0,149.0,153.0,58,501126,175746,0,
2026-09-04T19,31,0,198.0,198.0,197.0,197.0,47,858697,591941,0,
2026-09-04T19,32,0,218.0,220.0,214.0,216.0,60,482650,109893,0,
2026-09-04T19,33,0,109.0,111.0,108.0,111.0,28,332939,137390,0,
2026-09-04T19,34,0,91.0,91.5,88.5,90.5,68,903590,125827,0,
2026-09-04T19,35,0,83.0,83.5,82.0,83.0,38,952006,63172,0,
2026-09-04T19,40,0,1.5,1.58,1.47,1.57,75,2254190,683490,0,
2026-09-04T19,40,1,1.55,1.69,1.55,1.69,19,4354899,3148302,0,
2026-09-04T19,40,2,1.7,1.7,1.67,1.67,17,3793657,255355,0,
2026-09-04T19,40,3,1.82,1.82,1.82,1.82,14,4379314,2782554,0,
2026-09-04T19,40,4,1.91,1.91,1.91,1.91,16,2894680,1587258,0,
2026-09-04T19,40,5,2.05,2.05,2.05,2.05,12,6459379,454642,0,
2026-09-04T19,40,6,2.15,2.15,2.15,2.15,4,1061050,857028,0,
2026-09-04T19,40,7,2.5,2.5,2.5,2.5,4,929177,929177,0,
2026-09-04T19,40,8,2.85,2.85,2.85,2.85,3,900000,600000,0,
2026-09-04T19,41,0,4.7,4.8,4.55,4.75,20,241796,83208,0,
2026-09-04T19,41,1,4.75,4.8,4.75,4.8,7,535176,534198,0,
2026-09-04T19,41,2,4.8,4.8,4.8,4.8,11,1681587,585928,0,
2026-09-04T19,41,3,4.9,4.9,4.85,4.85,13,2296105,754087,0,
2026-09-04T19,41,4,5.1,5.1,5.0,5.0,7,1770220,296741,0,
2026-09-04T19,41,5,5.6,5.6,5.6,5.6,4,1690728,1690728,0,
2026-09-04T19,41,6,7.3,7.3,7.3,7.3,1,50000,50000,0,
2026-09-04T19,41,7,6.0,6.0,6.0,6.0,1,68753,68753,0,
2026-09-04T19,41,8,8.2,8.2,8.2,8.2,2,186498,186498,0,
2026-09-04T19,41,9,8.9,8.9,8.9,8.9,1,159004,159004,0,
2026-09-04T19,41,10,8.9,8.9,8.9,8.9,3,101000,100000,0,
2026-09-04T19,41,11,9.9,9.9,9.9,9.9,2,23103,23103,0,
2026-09-04T19,42,0,4.85,5.2,4.8,5.1,39,2847447,289296,0,
2026-09-04T19,42,1,5.2,5.2,5.0,5.2,9,172849,154112,0,
2026-09-04T19,42,2,5.0,5.3,5.0,5.3,10,1150739,1100445,0,
2026-09-04T19,42,3,5.2,5.3,5.1,5.3,12,640924,399132,0,
2026-09-04T19,42,4,5.5,5.6,5.5,5.6,6,1036561,1022557,0,
2026-09-04T19,42,5,5.7,5.7,5.7,5.7,6,3737535,437535,0,
2026-09-04T19,42,6,6.9,6.9,6.9,6.9,1,1647,1647,0,
2026-09-04T19,42,7,6.9,6.9,6.9,6.9,1,999,999,0,
2026-09-04T19,43,0,11.6,11.8,11.4,11.8,18,232549,225259,0,
2026-09-04T19,43,1,11.8,11.9,11.7,11.9,12,675515,503982,0,
2026-09-04T19,43,2,11.8,12.1,11.8,12.1,9,913041,913041,0,
2026-09-04T19,43,3,11.6,12.0,11.6,11.9,19,1646195,547537,0,
2026-09-04T19,43,4,12.1,12.2,12.1,12.2,10,591900,551539,0,
2026-09-04T19,43,5,13.4,13.5,13.4,13.5,4,709787,322629,0,
2026-09-04T19,43,6,14.6,14.6,14.6,14.6,6,812297,812297,0,
2026-09-04T19,43,7,17.6,17.6,17.6,17.6,2,27389,27389,0,
2026-09-04T19,43,8,18.8,18.8,18.8,18.8,3,23885,23885,0,
2026-09-04T19,44,0,1.26,1.29,1.22,1.27,9,2099114,2099114,0,
2026-09-04T19,44,1,1.28,1.29,1.28,1.29,1,48718,48718,0,
2026-09-04T19,44,2,1.29,1.3,1.29,1.3,15,5372771,4572771,0,
2026-09-04T19,44,3,1.29,1.31,1.29,1.31,5,1260969,1160969,0,
2026-09-04T19,44,4,1.33,1.33,1.32,1.32,5,11559366,3510474,0,
2026-09-04T19,44,5,1.33,1.33,1.33,1.33,6,2915962,1368343,0,
2026-09-04T19,44,6,1.33,1.44,1.33,1.44,2,2474813,2000000,0,
2026-09-04T19,44,7,1.69,1.69,1.69,1.69,1,400000,400000,0,
2026-09-04T19,45,0,15.7,15.7,13.0,15.7,10,372144,372144,0,
2026-09-04T19,45,1,15.9,15.9,15.7,15.9,5,179224,53920,0,
2026-09-04T19,45,2,15.8,15.8,15.8,15.8,14,565310,436571,0,
2026-09-04T19,45,3,15.9,15.9,15.9,15.9,19,639111,226874,0,
2026-09-04T19,45,4,16.7,16.9,16.6,16.6,15,301758,255996,0,
2026-09-04T19,45,5,19.0,19.0,19.0,19.0,1,11111,11111,0,
2026-09-04T19,45,6,17.0,17.0,17.0,17.0,1,122621,122621,0,
2026-09-04T19,45,7,23.5,23.5,23.5,23.5,1,10000,10000,0,
2026-09-04T19,45,9,24.25,24.25,24.25,24.25,1,1999,1999,0,
2026-09-04T19,45,12,24.5,24.5,24.5,24.5,3,54291,54291,0,
2026-09-04T19,46,0,26.5,27.5,26.0,26.0,63,166134,128,0,
2026-09-04T19,46,1,27.25,27.5,26.25,26.25,25,171112,24673,0,
2026-09-04T19,46,2,29.75,29.75,29.25,29.25,11,45265,45265,0,
2026-09-04T19,46,3,29.75,29.75,29.5,29.5,10,513148,463692,0,
2026-09-04T19,46,4,29.75,30.0,29.75,30.0,8,446969,110808,0,
2026-09-04T19,46,5,30.25,30.25,30.25,30.25,13,183056,153056,0,
2026-09-04T19,46,6,34.5,34.5,34.5,34.5,6,159788,159788,0,
2026-09-04T19,46,7,34.75,34.75,32.25,32.25,8,137196,83802,0,
2026-09-04T19,47,0,434.0,434.0,432.0,434.0,9,11423,4295,0,
2026-09-04T19,47,1,450.0,450.0,450.0,450.0,4,2752,2752,0,
2026-09-04T19,47,2,454.0,454.0,432.0,432.0,7,10507,914,0,
2026-09-04T19,47,3,452.0,452.0,452.0,452.0,11,46050,46050,0,
2026-09-04T19,47,4,464.0,464.0,462.0,462.0,7,14536,14536,0,
2026-09-04T19,47,5,466.0,470.0,466.0,470.0,3,8009,4470,0,
2026-09-04T19,47,6,498.0,498.0,498.0,498.0,6,43664,38664,0,
2026-09-04T19,47,7,525.0,525.0,525.0,525.0,1,7528,7528,0,
2026-09-04T19,47,8,530.0,530.0,530.0,530.0,2,14140,14140,0,
2026-09-04T19,47,9,900.0,900.0,900.0,900.0,1,1,1,0,
2026-09-04T19,48,0,222.0,222.0,218.0,218.0,10,2921,2771,0,
2026-09-04T19,48,1,238.0,238.0,230.0,230.0,3,1222,1222,0,
2026-09-04T19,48,3,234.0,234.0,234.0,234.0,2,5760,5760,0,
2026-09-04T19,48,4,234.0,234.0,234.0,234.0,4,49167,49167,0,
2026-09-04T19,48,5,256.0,256.0,256.0,256.0,5,57903,57903,0,
2026-09-04T19,48,6,278.0,278.0,278.0,278.0,2,74160,74160,0,
2026-09-04T19,48,7,350.0,350.0,350.0,350.0,3,3000,2000,0,
2026-09-04T19,48,8,400.0,400.0,400.0,400.0,1,250,250,0,
2026-09-04T19,49,0,935.0,935.0,910.0,910.0,23,7946,4173,0,
2026-09-04T19,49,1,1010.0,1010.0,1000.0,1000.0,4,6032,6032,0,
2026-09-04T19,49,2,1010.0,1010.0,1010.0,1010.0,4,1595,1595,0,
2026-09-04T19,49,3,1140.0,1140.0,1140.0,1140.0,1,93,93,0,
2026-09-04T19,49,4,1020.0,1020.0,1020.0,1020.0,2,20350,20350,0,
2026-09-04T19,49,5,1070.0,1150.0,1070.0,1150.0,1,4125,4125,0,
2026-09-04T19,49,6,1190.0,1190.0,1190.0,1190.0,2,584,584,0,
2026-09-04T19,49,7,1230.0,1230.0,1230.0,1230.0,2,9493,9493,0,
2026-09-04T19,50,0,320.0,320.0,318.0,320.0,8,3362,3072,0,
2026-09-04T19,50,1,328.0,328.0,328.0,328.0,1,745,745,0,
2026-09-04T19,50,2,330.0,330.0,330.0,330.0,12,20272,20272,0,
2026-09-04T19,50,3,340.0,342.0,340.0,342.0,8,12976,12976,0,
2026-09-04T19,50,4,352.0,352.0,352.0,352.0,5,31426,31426,0,
2026-09-04T19,50,5,350.0,350.0,350.0,350.0,3,10822,10822,0,
2026-09-04T19,50,6,354.0,354.0,354.0,354.0,3,31484,31484,0,
2026-09-04T19,50,7,354.0,354.0,354.0,354.0,8,34633,30133,0,
2026-09-04T19,50,8,416.0,416.0,416.0,416.0,1,18323,18323,0,
2026-09-04T19,50,9,416.0,416.0,416.0,416.0,1,11399,11399,0,
2026-09-04T19,50,10,418.0,418.0,418.0,418.0,1,2,2,0,
2026-09-04T19,50,11,420.0,420.0,420.0,420.0,4,16360,4960,0,
2026-09-04T19,51,0,780.0,780.0,760.0,775.0,9,14166,13581,0,
2026-09-04T19,51,1,790.0,790.0,790.0,790.0,9,11367,11367,0,
2026-09-04T19,51,2,795.0,795.0,780.0,780.0,10,7728,5055,0,
2026-09-04T19,51,3,790.0,790.0,785.0,785.0,9,29696,18795,0,
2026-09-04T19,51,4,805.0,810.0,805.0,810.0,21,29543,20558,0,
2026-09-04T19,51,5,900.0,900.0,900.0,900.0,10,9225,8857,0,
2026-09-04T19,51,6,910.0,910.0,885.0,885.0,7,9954,5748,0,
2026-09-04T19,51,8,995.0,995.0,995.0,995.0,2,1025,1025,0,
2026-09-04T19,52,0,610.0,610.0,600.0,610.0,8,3157,3157,0,
2026-09-04T19,52,1,610.0,610.0,610.0,610.0,1,34,34,0,
2026-09-04T19,52,2,620.0,620.0,620.0,620.0,4,3027,3027,0,
2026-09-04T19,52,3,610.0,610.0,605.0,605.0,5,5683,5683,0,
2026-09-04T19,52,4,630.0,630.0,630.0,630.0,3,5805,5805,0,
2026-09-04T19,52,5,635.0,635.0,635.0,635.0,3,13201,13201,0,
2026-09-04T19,52,6,645.0,645.0,645.0,645.0,4,13759,8759,0,
2026-09-04T19,52,7,800.0,800.0,800.0,800.0,7,110,10,0,
2026-09-04T19,52,8,1220.0,1220.0,1220.0,1220.0,2,1025,1025,0,
2026-09-04T19,52,10,1240.0,1240.0,1240.0,1240.0,1,1000,1000,0,
2026-09-04T19,52,11,1250.0,1250.0,1000.0,1000.0,3,2099,1000,0,
2026-09-04T19,53,0,3410.0,3410.0,3410.0,3410.0,9,364,364,0,
2026-09-04T19,53,1,3430.0,3430.0,3410.0,3410.0,3,401,400,0,
2026-09-04T19,53,2,3420.0,3420.0,3420.0,3420.0,2,100,100,0,
2026-09-04T19,53,3,3470.0,3470.0,3470.0,3470.0,2,899,899,0,
2026-09-04T19,53,4,3500.0,3500.0,3500.0,3500.0,6,1006,1006,0,
2026-09-04T19,53,5,3580.0,3580.0,3580.0,3580.0,4,2980,2980,0,
2026-09-04T19,53,6,3790.0,3790.0,3790.0,3790.0,1,4284,4284,0,
2026-09-04T19,53,9,3800.0,3800.0,3800.0,3800.0,1,4,4,0,
2026-09-04T19,54,0,6500.0,6500.0,6500.0,6500.0,6,796,706,0,
2026-09-04T19,54,1,6700.0,6700.0,6700.0,6700.0,1,224,224,0,
2026-09-04T19,54,2,6750.0,6750.0,6750.0,6750.0,2,141,141,0,
2026-09-04T19,54,3,6800.0,6800.0,6800.0,6800.0,1,2614,2614,0,
2026-09-04T19,54,4,6775.0,6775.0,6775.0,6775.0,3,5777,5777,0,
2026-09-04T19,54,5,6850.0,6850.0,6800.0,6800.0,4,3091,2091,0,
2026-09-04T19,54,6,7100.0,7100.0,7100.0,7100.0,2,1007,1007,0,
2026-09-04T19,54,7,6900.0,6900.0,6900.0,6900.0,1,252,252,0,
2026-09-04T19,55,0,2310.0,2310.0,2300.0,2300.0,,,,0,
2026-09-04T19,55,1,2300.0,2300.0,2300.0,2300.0,1,250,250,0,
2026-09-04T19,55,2,2310.0,2310.0,2300.0,2300.0,4,472,471,0,
2026-09-04T19,55,3,2320.0,2320.0,2320.0,2320.0,3,1976,1976,0,
2026-09-04T19,55,4,2340.0,2340.0,2340.0,2340.0,1,65,65,0,
2026-09-04T19,55,6,2390.0,2390.0,2390.0,2390.0,2,366,99,0,
2026-09-04T19,55,7,2400.0,2400.0,2400.0,2400.0,4,65,40,0,
2026-09-04T19,56,0,4410.0,4410.0,4400.0,4410.0,1,69,69,0,
2026-09-04T19,56,2,4430.0,4430.0,4400.0,4400.0,3,67,67,0,
2026-09-04T19,56,3,4450.0,4450.0,4450.0,4450.0,3,506,506,0,
2026-09-04T19,56,4,4440.0,4440.0,4440.0,4440.0,2,2033,2033,0,
2026-09-04T19,56,5,4440.0,4460.0,4440.0,4460.0,4,5565,5565,0,
2026-09-04T19,56,6,4640.0,4640.0,4640.0,4640.0,1,120,120,0,
2026-09-04T19,56,7,5100.0,5100.0,5100.0,5100.0,16,1817,61,0,
2026-09-04T19,56,8,6200.0,6200.0,6200.0,6200.0,1,2849,2849,0,
2026-09-04T19,57,0,5575.0,5700.0,5575.0,5700.0,2,83,25,0,
2026-09-04T19,57,1,5575.0,5600.0,5575.0,5600.0,2,707,707,0,
2026-09-04T19,57,2,5600.0,5600.0,5600.0,5600.0,1,393,393,0,
2026-09-04T19,57,3,5725.0,5725.0,5725.0,5725.0,3,358,31,0,
2026-09-04T19,57,4,5750.0,5750.0,5750.0,5750.0,2,733,733,0,
2026-09-04T19,57,5,5800.0,5800.0,5800.0,5800.0,4,7670,6670,0,
2026-09-04T19,57,6,5875.0,5875.0,5875.0,5875.0,9,2441,2041,0,
2026-09-04T19,57,7,6000.0,6000.0,6000.0,6000.0,2,20,10,0,
2026-09-04T19,57,8,6875.0,6875.0,6875.0,6875.0,2,31,30,0,
2026-09-04T19,58,0,127.0,127.0,120.0,120.0,37,923055,39709,0,
2026-09-04T19,59,0,66.0,66.0,65.0,65.5,35,2453310,1608794,0,
2026-09-04T19,60,0,5.5,6.2,5.5,5.8,35,417693,500,0,
2026-09-04T19,60,1,6.3,6.3,6.1,6.1,7,125916,9779,0,
2026-09-04T19,60,2,6.6,6.6,6.5,6.5,11,493418,18614,0,
2026-09-04T19,60,3,6.7,6.7,6.7,6.7,4,2374803,1124301,0,
2026-09-04T19,60,4,6.8,6.8,6.8,6.8,6,9206144,6618853,0,
2026-09-04T19,60,5,6.9,6.9,6.9,6.9,5,1076292,1076292,0,
2026-09-04T19,60,6,7.2,7.2,7.2,7.2,9,971703,214133,0,
2026-09-04T19,60,7,7.5,7.5,7.5,7.5,4,367282,5000,0,
2026-09-04T19,60,8,8.8,8.8,8.8,8.8,2,285624,285624,0,
2026-09-04T19,60,9,10.0,10.0,10.0,10.0,1,100000,100000,0,
2026-09-04T19,60,10,9.8,9.8,9.8,9.8,4,573266,563267,0,
2026-09-04T19,60,12,12.9,12.9,12.9,12.9,1,1,1,0,
2026-09-04T19,61,0,19.0,19.4,19.0,19.2,18,183541,150857,0,
2026-09-04T19,61,1,19.0,19.4,19.0,19.3,11,1237711,1194279,0,
2026-09-04T19,61,2,19.0,19.6,19.0,19.6,9,2157779,2157779,0,
2026-09-04T19,61,3,19.9,19.9,19.9,19.9,12,1691168,1111718,0,
2026-09-04T19,61,4,20.5,20.5,20.5,20.5,10,764546,754187,0,
2026-09-04T19,61,5,21.0,21.0,21.0,21.0,6,872696,867696,0,
2026-09-04T19,61,6,24.5,24.5,24.5,24.5,3,151876,66000,0,
2026-09-04T19,62,0,22.25,22.5,22.25,22.25,16,19422,8287,0,
2026-09-04T19,62,1,22.5,22.5,22.5,22.5,5,41730,40408,0,
2026-09-04T19,62,2,23.0,23.0,22.75,22.75,12,349752,186942,0,
2026-09-04T19,62,3,23.0,23.0,23.0,23.0,9,229635,144639,0,
2026-09-04T19,62,4,23.5,23.5,23.5,23.5,5,600431,600431,0,
2026-09-04T19,62,5,29.0,29.0,29.0,29.0,2,278452,1452,0,
2026-09-04T19,62,6,24.75,24.75,24.75,24.75,1,12019,12019,0,
2026-09-04T19,62,9,38.0,38.0,38.0,38.0,2,999,999,0,
2026-09-04T19,63,0,34.0,34.0,33.75,33.75,18,80272,78157,0,
2026-09-04T19,63,1,34.25,34.25,34.25,34.25,10,163302,145147,0,
2026-09-04T19,63,2,35.0,35.0,35.0,35.0,11,330755,280755,0,
2026-09-04T19,63,3,35.5,35.5,35.5,35.5,3,132368,132368,0,
2026-09-04T19,63,4,36.25,36.25,36.25,36.25,3,266403,266403,0,
2026-09-04T19,63,5,37.75,37.75,37.75,37.75,1,100000,100000,0,
2026-09-04T19,63,6,38.5,38.5,38.5,38.5,1,10000,10000,0,
2026-09-04T19,63,7,38.0,38.0,38.0,38.0,1,98125,98125,0,
2026-09-04T19,64,0,44.0,46.75,44.0,46.75,16,14375,5937,0,
2026-09-04T19,64,1,47.25,47.25,47.25,47.25,3,40261,40261,0,
2026-09-04T19,64,2,47.5,47.5,47.5,47.5,7,36197,36197,0,
2026-09-04T19,64,3,49.25,49.25,49.25,49.25,4,17668,17668,0,
2026-09-04T19,64,4,49.0,49.0,49.0,49.0,4,140833,140833,0,
2026-09-04T19,64,5,50.5,50.5,50.5,50.5,5,172000,172000,0,
2026-09-04T19,64,6,51.0,51.0,51.0,51.0,3,39833,39833,0,
2026-09-04T19,64,7,59.0,59.0,59.0,59.0,2,11000,11000,0,
2026-09-04T19,64,8,78.5,78.5,78.5,78.5,2,800,800,0,
2026-09-04T19,64,10,80.0,80.0,80.0,80.0,1,5000,5000,0,
2026-09-04T19,65,0,13.1,13.1,12.9,12.9,20,233399,189745,0,
2026-09-04T19,65,1,13.4,13.4,13.4,13.4,5,154421,154421,0,
2026-09-04T19,65,2,13.4,13.4,13.4,13.4,15,683837,341451,0,
2026-09-04T19,65,3,13.6,13.6,13.6,13.6,7,1386209,1359682,0,
2026-09-04T19,65,4,13.7,13.7,13.6,13.6,9,887970,306270,0,
2026-09-04T19,65,5,14.4,14.4,14.4,14.4,3,692296,692296,0,
2026-09-04T19,65,6,14.5,14.5,14.5,14.5,5,167090,167090,0,
2026-09-04T19,65,7,15.9,15.9,15.9,15.9,1,12000,12000,0,
2026-09-04T19,65,9,16.3,16.3,16.3,16.3,1,10000,10000,0,
2026-09-04T19,65,10,16.4,16.4,16.4,16.4,1,50000,50000,0,
2026-09-04T19,65,11,16.1,16.1,16.1,16.1,2,79712,79712,0,
2026-09-04T19,65,12,16.1,16.1,16.1,16.1,5,734350,734251,0,
2026-09-04T19,66,0,0.28,0.28,0.275,0.275,167,42833919,3103560,0,
2026-09-04T19,66,1,0.284,0.285,0.282,0.285,20,4671440,3740651,0,
2026-09-04T19,66,2,0.293,0.294,0.293,0.294,9,4523132,2144976,0,
2026-09-04T19,66,3,0.301,0.305,0.301,0.305,9,11190093,11190093,0,
2026-09-04T19,66,4,0.315,0.321,0.315,0.318,2,1276538,1276538,0,
2026-09-04T19,66,5,0.315,0.319,0.315,0.319,11,14259675,6859532,0,
2026-09-04T19,66,6,0.358,0.358,0.358,0.358,3,16794245,5152057,0,
2026-09-04T19,66,7,0.4,0.4,0.4,0.4,5,4218252,1099274,0,
2026-09-04T19,66,8,0.6,0.6,0.6,0.6,10,18827288,139199,0,
2026-09-04T19,66,10,0.78,0.78,0.78,0.78,4,3140000,3040000,0,
2026-09-04T19,66,12,0.69,0.69,0.69,0.69,2,2779282,2779282,0,
2026-09-04T19,67,0,11.8,11.8,11.8,11.8,15,205763,164882,0,
2026-09-04T19,67,1,13.2,13.2,13.2,13.2,3,160804,160804,0,
2026-09-04T19,67,2,12.4,12.4,12.4,12.4,5,143170,13887,0,
2026-09-04T19,67,3,13.4,13.4,13.4,13.4,6,29612,29492,0,
2026-09-04T19,67,4,17.0,17.0,17.0,17.0,11,1100,900,0,
2026-09-04T19,67,7,19.0,19.0,19.0,19.0,1,47112,47112,0,
2026-09-04T19,68,0,31.75,33.0,31.75,32.25,25,257052,223704,0,
2026-09-04T19,68,1,32.5,33.0,32.25,33.0,12,99077,67377,0,
2026-09-04T19,68,2,33.0,33.0,33.0,33.0,11,122075,47312,0,
2026-09-04T19,68,3,33.5,33.5,33.5,33.5,10,537280,411962,0,
2026-09-04T19,68,4,34.0,34.0,34.0,34.0,6,1284555,267205,0,
2026-09-04T19,68,5,36.5,36.5,36.5,36.5,5,49195,49195,0,
2026-09-04T19,68,6,36.75,36.75,36.75,36.75,5,204326,204326,0,
2026-09-04T19,68,10,38.0,38.0,38.0,38.0,4,300120,300120,0,
2026-09-04T19,69,0,6400.0,6425.0,6300.0,6300.0,40,3621,807,0,
2026-09-04T19,69,1,6500.0,6500.0,6450.0,6500.0,9,548,548,0,
2026-09-04T19,69,2,6475.0,6575.0,6475.0,6575.0,23,3965,2988,0,
2026-09-04T19,69,3,6550.0,6600.0,6550.0,6600.0,31,4540,4500,0,
2026-09-04T19,69,4,6725.0,6725.0,6600.0,6600.0,17,6925,4587,0,
2026-09-04T19,69,5,6800.0,6875.0,6750.0,6875.0,5,3455,3455,0,
2026-09-04T19,69,6,7000.0,7000.0,7000.0,7000.0,6,846,846,0,
2026-09-04T19,69,7,7000.0,7000.0,7000.0,7000.0,10,5709,857,0,
2026-09-04T19,69,8,7775.0,7775.0,7775.0,7775.0,1,200,200,0,
2026-09-04T19,69,9,7775.0,7800.0,7775.0,7800.0,1,100,100,0,
2026-09-04T19,69,10,7825.0,7825.0,7825.0,7825.0,3,294,200,0,
2026-09-04T19,69,11,8150.0,8150.0,8150.0,8150.0,3,208,208,0,
2026-09-04T19,69,12,12500.0,12500.0,12500.0,12500.0,1,5,5,0,
2026-09-04T19,70,0,805.0,805.0,800.0,800.0,11,4115,3936,0,
2026-09-04T19,70,1,810.0,820.0,810.0,820.0,1,408,408,0,
2026-09-04T19,70,2,820.0,820.0,810.0,820.0,7,4793,4793,0,
2026-09-04T19,70,3,815.0,815.0,815.0,815.0,6,4464,2224,0,
2026-09-04T19,70,4,820.0,820.0,820.0,820.0,6,10366,9366,0,
2026-09-04T19,70,5,835.0,835.0,820.0,820.0,35,5277,5262,0,
2026-09-04T19,70,7,1280.0,1280.0,1280.0,1280.0,1,106,106,0,
2026-09-04T19,70,10,1140.0,1140.0,1140.0,1140.0,3,497,7,0,
2026-09-04T19,71,0,1550.0,1590.0,1550.0,1590.0,6,2207,2203,0,
2026-09-04T19,71,1,1590.0,1590.0,1590.0,1590.0,4,963,963,0,
2026-09-04T19,71,2,1550.0,1560.0,1550.0,1560.0,15,8643,4539,0,
2026-09-04T19,71,3,1550.0,1570.0,1550.0,1570.0,13,13908,9878,0,
2026-09-04T19,71,4,1600.0,1600.0,1600.0,1600.0,16,38014,38014,0,
2026-09-04T19,71,5,1660.0,1660.0,1660.0,1660.0,2,1120,1120,0,
2026-09-04T19,71,6,1670.0,1670.0,1670.0,1670.0,8,11284,11284,0,
2026-09-04T19,71,7,1980.0,1980.0,1980.0,1980.0,13,1184,884,0,
2026-09-04T19,72,0,1.6,1.61,1.58,1.58,77,2055145,503737,0,
2026-09-04T19,72,1,1.77,1.77,1.75,1.75,7,6229503,444751,0,
2026-09-04T19,72,2,1.78,1.78,1.76,1.76,15,2957910,1257464,0,
2026-09-04T19,72,3,1.79,1.79,1.79,1.79,17,2606314,1625612,0,
2026-09-04T19,72,4,1.9,1.9,1.9,1.9,10,6567999,3652363,0,
2026-09-04T19,72,5,2.35,2.4,2.35,2.4,2,930536,550340,0,
2026-09-04T19,72,6,2.5,2.5,2.5,2.5,4,851848,761976,0,
2026-09-04T19,72,9,3.85,3.85,3.85,3.85,1,406399,406399,0,
2026-09-04T19,72,10,3.9,3.9,3.9,3.9,3,49998,49998,0,
2026-09-04T19,73,0,27.0,27.25,26.0,26.0,85,305407,18827,0,
2026-09-04T19,73,1,26.75,27.75,26.75,27.75,16,484790,335227,0,
2026-09-04T19,73,2,27.5,28.0,27.5,27.75,28,444459,274651,0,
2026-09-04T19,73,3,28.5,28.5,28.25,28.25,20,994273,193244,0,
2026-09-04T19,73,4,29.5,30.0,29.5,30.0,13,349035,306603,0,
2026-09-04T19,73,5,29.75,30.25,29.75,30.25,13,290038,164361,0,
2026-09-04T19,73,6,34.0,34.0,34.0,34.0,4,95032,95032,0,
2026-09-04T19,73,7,34.0,34.0,34.0,34.0,6,114549,114549,0,
2026-09-04T19,73,10,34.0,34.0,34.0,34.0,5,185109,185109,0,
2026-09-04T19,74,0,19.6,21.0,19.6,20.75,20,228202,95726,0,
2026-09-04T19,74,1,23.0,23.0,23.0,23.0,6,47607,47607,0,
2026-09-04T19,74,2,23.0,23.0,22.75,22.75,6,261752,252105,0,
2026-09-04T19,74,3,23.25,23.25,23.0,23.0,9,201113,170335,0,
2026-09-04T19,74,4,24.25,24.25,24.25,24.25,1,53215,53215,0,
2026-09-04T19,74,5,24.25,24.25,24.25,24.25,5,519549,457067,0,
2026-09-04T19,74,6,25.0,25.0,25.0,25.0,1,71809,71809,0,
2026-09-04T19,74,7,24.5,24.5,24.5,24.5,2,152052,152052,0,
2026-09-04T19,74,9,30.0,30.0,30.0,30.0,1,22302,22302,0,
2026-09-04T19,74,10,33.0,33.0,33.0,33.0,1,13337,13337,0,
2026-09-04T19,74,12,40.0,40.0,40.0,40.0,1,499,499,0,
2026-09-04T19,75,0,6.4,6.4,6.3,6.3,12,1278087,1001074,0,
2026-09-04T19,75,1,6.4,6.6,6.3,6.6,3,2789092,2789092,0,
2026-09-04T19,75,2,6.4,6.6,6.4,6.6,8,2359233,2359227,0,
2026-09-04T19,75,3,6.5,6.6,6.5,6.6,16,7129076,5870021,0,
2026-09-04T19,75,4,6.6,6.8,6.6,6.8,8,1433389,583389,0,
2026-09-04T19,75,5,6.7,6.7,6.7,6.7,6,1579502,1579502,0,
2026-09-04T19,75,6,6.9,6.9,6.8,6.8,3,453353,403353,0,
2026-09-04T19,75,7,7.0,7.0,7.0,7.0,1,500000,500000,0,
2026-09-04T19,75,8,7.0,7.0,7.0,7.0,5,5896336,274118,0,
2026-09-04T19,75,9,7.8,7.8,7.8,7.8,1,833075,833075,0,
2026-09-04T19,75,10,7.9,7.9,7.9,7.9,2,2975401,500000,0,
2026-09-04T19,75,11,8.8,8.8,8.8,8.8,1,231388,231388,0,
2026-09-04T19,76,0,58.5,60.5,58.5,59.5,16,73962,47775,0,
2026-09-04T19,76,1,61.0,61.0,60.5,61.0,5,35007,35007,0,
2026-09-04T19,76,2,60.5,61.0,60.5,61.0,12,156194,143512,0,
2026-09-04T19,76,3,61.0,62.0,60.5,62.0,13,486664,387734,0,
2026-09-04T19,76,4,61.5,62.5,61.5,62.5,17,302086,237047,0,
2026-09-04T19,76,5,65.5,65.5,65.5,65.5,6,176265,176265,0,
2026-09-04T19,76,6,67.5,67.5,67.5,67.5,5,729840,729840,0,
2026-09-04T19,76,7,67.0,67.0,67.0,67.0,8,137936,137936,0,
2026-09-04T19,76,8,74.0,74.0,74.0,74.0,2,90001,90001,0,
2026-09-04T19,76,9,90.5,90.5,90.5,90.5,5,174666,174666,0,
2026-09-04T19,76,10,99.5,99.5,99.5,99.5,2,21000,21000,0,
2026-09-04T19,76,11,111.0,111.0,111.0,111.0,1,5000,5000,0,
2026-09-04T19,76,12,111.0,111.0,111.0,111.0,2,2799,2799,0,
2026-09-04T19,77,0,2600.0,2600.0,2550.0,2550.0,21,3560,1570,0,
2026-09-04T19,77,1,2740.0,2740.0,2740.0,2740.0,9,933,933,0,
2026-09-04T19,77,2,2850.0,2850.0,2850.0,2850.0,2,481,481,0,
2026-09-04T19,77,3,2830.0,2830.0,2810.0,2810.0,4,2763,622,0,
2026-09-04T19,77,4,2840.0,2840.0,2810.0,2810.0,6,4625,4625,0,
2026-09-04T19,77,5,2830.0,2830.0,2830.0,2830.0,9,7513,7513,0,
2026-09-04T19,77,6,2980.0,2980.0,2980.0,2980.0,2,184,184,0,
2026-09-04T19,77,7,3080.0,3080.0,3080.0,3080.0,4,6044,4044,0,
2026-09-04T19,77,8,3000.0,3000.0,3000.0,3000.0,5,11959,8077,0,
2026-09-04T19,77,9,3490.0,3490.0,3490.0,3490.0,2,5565,5565,0,
2026-09-04T19,77,10,3660.0,3660.0,3660.0,3660.0,2,508,508,0,
2026-09-04T19,77,11,3800.0,3800.0,3800.0,3800.0,2,7,5,0,
2026-09-04T19,77,12,5250.0,5250.0,5250.0,5250.0,1,99,99,0,
2026-09-04T19,78,0,1860.0,1860.0,1860.0,1860.0,23,7125,2904,0,
2026-09-04T19,78,1,1950.0,1950.0,1950.0,1950.0,15,3317,539,0,
2026-09-04T19,78,2,2080.0,2090.0,2080.0,2090.0,11,2180,2100,0,
2026-09-04T19,78,3,2120.0,2120.0,2110.0,2110.0,8,5581,2611,0,
2026-09-04T19,78,4,2140.0,2140.0,2140.0,2140.0,5,5143,5143,0,
2026-09-04T19,78,5,2380.0,2380.0,2380.0,2380.0,4,2567,2567,0,
2026-09-04T19,78,6,2400.0,2400.0,2400.0,2400.0,3,721,721,0,
2026-09-04T19,78,7,2360.0,2360.0,2360.0,2360.0,16,2470,2070,0,
2026-09-04T19,78,8,2450.0,2450.0,2450.0,2450.0,15,1290,1240,0,
2026-09-04T19,78,9,2550.0,2550.0,2550.0,2550.0,20,1936,936,0,
2026-09-04T19,78,10,2640.0,2640.0,2640.0,2640.0,11,1013,563,0,
2026-09-04T19,78,11,2690.0,2690.0,2690.0,2690.0,5,702,502,0,
2026-09-04T19,79,0,890.0,890.0,865.0,875.0,4,82,81,0,
2026-09-04T19,79,1,890.0,895.0,880.0,880.0,3,1474,1474,0,
2026-09-04T19,79,2,890.0,890.0,880.0,880.0,5,6646,1644,0,
2026-09-04T19,79,3,890.0,890.0,890.0,890.0,12,14556,14556,0,
2026-09-04T19,79,4,910.0,910.0,905.0,905.0,7,12161,12161,0,
2026-09-04T19,79,5,910.0,920.0,910.0,920.0,4,4877,4877,0,
2026-09-04T19,79,6,925.0,925.0,925.0,925.0,7,12717,11483,0,
2026-09-04T19,79,7,940.0,950.0,940.0,950.0,7,16568,15568,0,
2026-09-04T19,79,8,950.0,955.0,950.0,955.0,8,32436,29041,0,
2026-09-04T19,79,9,1020.0,1020.0,1020.0,1020.0,6,24921,21838,0,
2026-09-04T19,79,10,1030.0,1030.0,1030.0,1030.0,9,8100,4100,0,
2026-09-04T19,79,11,1200.0,1200.0,1200.0,1200.0,6,2075,1075,0,
2026-09-04T19,79,12,1490.0,1490.0,1490.0,1490.0,2,125,125,0,
2026-09-04T19,80,0,4480.0,4540.0,4480.0,4540.0,4,93,93,0,
2026-09-04T19,80,1,4960.0,4960.0,4960.0,4960.0,1,35,35,0,
2026-09-04T19,80,2,4950.0,4950.0,4940.0,4940.0,5,579,579,0,
2026-09-04T19,80,3,5000.0,5000.0,4980.0,4980.0,4,385,385,0,
2026-09-04T19,80,4,5000.0,5000.0,4990.0,4990.0,3,622,622,0,
2026-09-04T19,80,5,5025.0,5025.0,5000.0,5000.0,9,2304,2304,0,
2026-09-04T19,80,6,5550.0,5550.0,5550.0,5550.0,6,2898,466,0,
2026-09-04T19,80,7,5600.0,5600.0,5600.0,5600.0,5,1888,350,0,
2026-09-04T19,80,8,6400.0,6400.0,6400.0,6400.0,1,148,148,0,
2026-09-04T19,80,9,8375.0,8375.0,8375.0,8375.0,3,188,188,0,
2026-09-04T19,80,10,8500.0,8500.0,8500.0,8500.0,1,81,81,0,
2026-09-04T19,81,0,5150.0,5175.0,5150.0,5175.0,3,223,223,0,
2026-09-04T19,81,1,5250.0,5250.0,5250.0,5250.0,2,224,224,0,
2026-09-04T19,81,2,5250.0,5250.0,5225.0,5225.0,9,1448,947,0,
2026-09-04T19,81,3,5325.0,5325.0,5325.0,5325.0,7,1053,671,0,
2026-09-04T19,81,4,5425.0,5450.0,5425.0,5450.0,5,2249,1486,0,
2026-09-04T19,81,5,5775.0,5775.0,5775.0,5775.0,4,2770,2770,0,
2026-09-04T19,81,6,5825.0,5825.0,5825.0,5825.0,4,1134,1034,0,
2026-09-04T19,81,7,5975.0,5975.0,5975.0,5975.0,8,1753,1753,0,
2026-09-04T19,81,8,6225.0,6225.0,6225.0,6225.0,5,2439,2439,0,
2026-09-04T19,81,9,6450.0,6450.0,6450.0,6450.0,1,1000,1000,0,
2026-09-04T19,81,10,6600.0,6600.0,6600.0,6600.0,1,900,900,0,
2026-09-04T19,81,11,6800.0,6800.0,6800.0,6800.0,3,1000,998,0,
2026-09-04T19,82,0,1510.0,1510.0,1500.0,1510.0,2,365,365,0,
2026-09-04T19,82,1,1530.0,1530.0,1530.0,1530.0,2,848,848,0,
2026-09-04T19,82,2,1510.0,1510.0,1500.0,1500.0,11,8502,6223,0,
2026-09-04T19,82,3,1560.0,1560.0,1560.0,1560.0,12,4175,3447,0,
2026-09-04T19,82,4,1640.0,1640.0,1640.0,1640.0,11,6784,6784,0,
2026-09-04T19,82,5,1700.0,1700.0,1700.0,1700.0,10,14108,13587,0,
2026-09-04T19,82,6,1820.0,1820.0,1820.0,1820.0,1,3255,3255,0,
2026-09-04T19,82,7,1900.0,1900.0,1900.0,1900.0,5,3988,3988,0,
2026-09-04T19,82,8,2000.0,2000.0,2000.0,2000.0,1,250,250,0,
2026-09-04T19,82,9,2050.0,2050.0,2050.0,2050.0,2,1250,1250,0,
2026-09-04T19,82,10,2300.0,2300.0,2300.0,2300.0,1,250,250,0,
2026-09-04T19,83,0,30.75,30.75,30.25,30.25,22,183590,20625,0,
2026-09-04T19,83,1,34.0,34.75,34.0,34.75,2,35833,20000,0,
2026-09-04T19,83,2,34.25,34.75,34.25,34.75,10,98516,95771,0,
2026-09-04T19,83,3,34.25,34.75,34.25,34.75,5,66292,56692,0,
2026-09-04T19,83,4,35.5,35.5,35.5,35.5,8,114685,114685,0,
2026-09-04T19,83,5,36.75,36.75,36.5,36.5,5,88331,83331,0,
2026-09-04T19,83,6,45.0,45.0,45.0,45.0,1,5000,5000,0,
2026-09-04T19,83,7,37.0,37.0,37.0,37.0,2,41169,40000,0,
2026-09-04T19,83,8,41.0,41.0,41.0,41.0,2,20552,20552,0,
2026-09-04T19,83,9,41.0,41.0,41.0,41.0,3,71701,71701,0,
2026-09-04T19,83,11,45.0,45.0,45.0,45.0,1,34899,34899,0,
2026-09-04T19,84,0,8875.0,8875.0,8875.0,8875.0,12,558,307,0,
2026-09-04T19,84,1,9050.0,9050.0,9050.0,9050.0,15,1103,676,0,
2026-09-04T19,84,2,9900.0,9900.0,9900.0,9900.0,5,470,470,0,
2026-09-04T19,84,3,9900.0,9900.0,9900.0,9900.0,6,547,547,0,
2026-09-04T19,84,4,10100.0,10100.0,10100.0,10100.0,4,6640,6640,0,
2026-09-04T19,84,5,10500.0,10500.0,10500.0,10500.0,1,170,170,0,
2026-09-04T19,84,6,10500.0,10500.0,10500.0,10500.0,6,1213,813,0,
2026-09-04T19,84,7,11100.0,11100.0,11100.0,11100.0,3,233,233,0,
2026-09-04T19,84,8,12300.0,12300.0,12300.0,12300.0,1,183,183,0,
2026-09-04T19,84,9,12500.0,12500.0,12500.0,12500.0,1,910,910,0,
2026-09-04T19,84,10,17000.0,17000.0,17000.0,17000.0,1,25,25,0,
2026-09-04T19,85,0,7400.0,7400.0,7400.0,7400.0,4,101,94,0,
2026-09-04T19,85,1,7750.0,7750.0,7750.0,7750.0,8,245,245,0,
2026-09-04T19,85,2,7975.0,7975.0,7975.0,7975.0,9,759,755,0,
2026-09-04T19,85,3,8150.0,8150.0,8125.0,8125.0,6,1896,1896,0,
2026-09-04T19,85,4,9075.0,9350.0,9075.0,9350.0,10,1928,1188,0,
2026-09-04T19,85,5,9700.0,9700.0,9700.0,9700.0,2,506,506,0,
2026-09-04T19,85,6,9800.0,9800.0,9800.0,9800.0,5,1555,1555,0,
2026-09-04T19,85,7,11200.0,11200.0,11200.0,11200.0,1,2,2,0,
2026-09-04T19,85,8,12000.0,12000.0,12000.0,12000.0,2,2,2,0,
2026-09-04T19,85,9,14000.0,14000.0,14000.0,14000.0,1,1,1,0,
2026-09-04T19,85,10,16000.0,16000.0,16000.0,16000.0,1,9,9,0,
2026-09-04T19,86,0,10200.0,10200.0,10200.0,10200.0,8,222,222,0,
2026-09-04T19,86,1,10600.0,10600.0,10600.0,10600.0,1,4,4,0,
2026-09-04T19,86,2,10600.0,10600.0,10400.0,10400.0,8,375,375,0,
2026-09-04T19,86,3,10600.0,10600.0,10500.0,10500.0,6,1384,1384,0,
2026-09-04T19,86,4,10700.0,10700.0,10700.0,10700.0,5,399,330,0,
2026-09-04T19,86,5,10900.0,10900.0,10900.0,10900.0,9,1621,1541,0,
2026-09-04T19,86,6,11200.0,11200.0,11200.0,11200.0,3,534,534,0,
2026-09-04T19,86,7,12300.0,12300.0,12300.0,12300.0,1,396,396,0,
2026-09-04T19,86,8,13400.0,13400.0,13400.0,13400.0,8,830,620,0,
2026-09-04T19,86,9,12000.0,12000.0,12000.0,12000.0,11,199,40,0,
2026-09-04T19,86,10,19800.0,19800.0,19800.0,19800.0,1,9,9,0,
2026-09-04T19,87,0,515.0,515.0,515.0,515.0,1,10,10,0,
2026-09-04T19,87,1,515.0,515.0,515.0,515.0,4,2354,599,0,
2026-09-04T19,87,2,520.0,520.0,520.0,520.0,9,5557,1370,0,
2026-09-04T19,87,3,625.0,625.0,625.0,625.0,3,65,65,0,
2026-09-04T19,87,4,640.0,640.0,640.0,640.0,5,2026,2026,0,
2026-09-04T19,87,5,630.0,630.0,630.0,630.0,10,15971,12159,0,
2026-09-04T19,87,6,665.0,665.0,665.0,665.0,1,1377,1377,0,
2026-09-04T19,87,7,655.0,655.0,655.0,655.0,1,725,725,0,
2026-09-04T19,87,9,900.0,900.0,900.0,900.0,3,109,50,0,
2026-09-04T19,88,0,10500.0,10500.0,10500.0,10500.0,25,944,220,0,
2026-09-04T19,88,1,11400.0,11400.0,11400.0,11400.0,1,100,100,0,
2026-09-04T19,88,2,11400.0,11400.0,11300.0,11300.0,3,210,210,0,
2026-09-04T19,88,3,11400.0,11400.0,11400.0,11400.0,5,272,272,0,
2026-09-04T19,88,4,11700.0,11700.0,11600.0,11700.0,1,222,222,0,
2026-09-04T19,88,5,11700.0,11700.0,11700.0,11700.0,4,857,857,0,
2026-09-04T19,88,6,13200.0,13200.0,13200.0,13200.0,2,196,196,0,
2026-09-04T19,88,7,13400.0,13400.0,13400.0,13400.0,1,100,100,0,
2026-09-04T19,88,9,13900.0,13900.0,13900.0,13900.0,1,13,13,0,
2026-09-04T19,88,10,14400.0,14400.0,14400.0,14400.0,3,354,354,0,
2026-09-04T19,89,0,4410.0,4410.0,4410.0,4410.0,8,567,223,0,
2026-09-04T19,89,1,4420.0,4420.0,4420.0,4420.0,6,1219,402,0,
2026-09-04T19,89,2,4450.0,4450.0,4450.0,4450.0,10,1181,1181,0,
2026-09-04T19,89,3,4680.0,4680.0,4680.0,4680.0,11,1067,991,0,
2026-09-04T19,89,4,4750.0,4750.0,4750.0,4750.0,10,3716,2795,0,
2026-09-04T19,89,5,5325.0,5325.0,5325.0,5325.0,4,3411,3411,0,
2026-09-04T19,89,6,5575.0,5575.0,5500.0,5500.0,2,360,360,0,
2026-09-04T19,89,7,5525.0,5525.0,5525.0,5525.0,5,2202,2202,0,
2026-09-04T19,89,8,5650.0,5650.0,5650.0,5650.0,2,202,202,0,
2026-09-04T19,89,9,5800.0,5800.0,5800.0,5800.0,3,47,22,0,
2026-09-04T19,89,10,5950.0,5950.0,5950.0,5950.0,5,751,352,0,
2026-09-04T19,98,0,865.0,865.0,840.0,840.0,4,1864,864,0,
2026-09-04T19,98,1,860.0,860.0,860.0,860.0,1,337,337,0,
2026-09-04T19,98,2,875.0,875.0,875.0,875.0,2,8217,8217,0,
2026-09-04T19,98,3,870.0,870.0,865.0,865.0,13,4568,4566,0,
2026-09-04T19,98,4,885.0,885.0,880.0,880.0,7,4167,4167,0,
2026-09-04T19,98,5,910.0,910.0,910.0,910.0,4,12135,12135,0,
2026-09-04T19,98,6,945.0,945.0,945.0,945.0,4,5060,5060,0,
2026-09-04T19,98,7,945.0,945.0,945.0,945.0,2,9500,9500,0,
2026-09-04T19,98,8,965.0,965.0,965.0,965.0,1,5000,5000,0,
2026-09-04T19,100,0,111.0,111.0,110.0,111.0,24,2750341,1173077,0,
2026-09-04T19,101,0,199.0,200.0,197.0,199.0,38,65001,44488,0,
2026-09-04T19,101,1,199.0,200.0,199.0,200.0,15,89285,57945,0,
2026-09-04T19,101,2,200.0,200.0,199.0,200.0,5,68419,68409,0,
2026-09-04T19,101,3,199.0,200.0,199.0,200.0,19,131890,128802,0,
2026-09-04T19,101,4,200.0,200.0,200.0,200.0,3,33092,33086,0,
2026-09-04T19,101,5,202.0,202.0,202.0,202.0,4,10230,10230,0,
2026-09-04T19,102,0,2.65,2.7,2.55,2.7,24,1273526,912295,0,
2026-09-04T19,102,1,2.8,2.8,2.8,2.8,10,494743,440352,0,
2026-09-04T19,102,2,2.75,2.75,2.75,2.75,9,1259771,1259526,0,
2026-09-04T19,102,3,2.75,2.75,2.7,2.7,18,3603817,2142198,0,
2026-09-04T19,102,4,2.85,2.85,2.85,2.85,7,5290758,1829919,0,
2026-09-04T19,102,5,2.9,2.95,2.9,2.95,2,5238673,5238673,0,
2026-09-04T19,102,6,3.15,3.15,3.15,3.15,2,968728,968728,0,
2026-09-04T19,102,7,3.25,3.25,3.25,3.25,1,100000,100000,0,
2026-09-04T19,102,8,3.3,3.3,3.3,3.3,1,96895,96895,0,
2026-09-04T19,102,10,3.5,3.5,3.5,3.5,1,3000000,3000000,0,
2026-09-04T19,102,11,3.45,3.45,3.45,3.45,5,950000,599755,0,
2026-09-04T19,103,0,6.5,6.8,6.5,6.8,16,352328,198389,0,
2026-09-04T19,103,1,7.0,7.0,6.8,6.8,2,153415,153415,0,
2026-09-04T19,103,2,7.1,7.1,6.9,6.9,4,191289,189289,0,
2026-09-04T19,103,3,7.1,7.1,7.1,7.1,5,2227595,1736394,0,
2026-09-04T19,103,4,7.4,7.4,7.4,7.4,3,539766,539766,0,
2026-09-04T19,103,5,7.7,7.7,7.7,7.7,2,970847,970847,0,
2026-09-04T19,103,6,7.8,7.8,7.8,7.8,1,211731,211731,0,
2026-09-04T19,103,8,8.7,8.7,8.7,8.7,1,66171,66171,0,
2026-09-04T19,103,9,8.7,8.7,8.7,8.7,4,510381,487289,0,
2026-09-04T19,103,10,8.0,8.0,8.0,8.0,1,1943019,1943019,0,
2026-09-04T19,103,11,9.9,9.9,9.9,9.9,3,48069,48069,0,
2026-09-04T19,104,0,0.995,1.0,0.995,1.0,10,883269,856466,0,
2026-09-04T19,104,1,1.08,1.08,1.08,1.08,4,2541476,2541476,0,
2026-09-04T19,104,3,1.1,1.11,1.1,1.11,6,1400325,1265566,0,
2026-09-04T19,104,4,1.15,1.15,1.15,1.15,2,1077836,882281,0,
2026-09-04T19,104,5,1.48,1.48,1.48,1.48,2,1000649,1000649,0,
2026-09-04T19,104,9,1.5,1.5,1.5,1.5,1,100000,100000,0,
2026-09-04T19,105,0,1.5,1.51,1.49,1.5,21,1854810,701600,0,
2026-09-04T19,105,1,1.53,1.53,1.53,1.53,2,151731,45882,0,
2026-09-04T19,105,2,1.6,1.6,1.55,1.55,9,4609734,2296807,0,
2026-09-04T19,105,3,1.78,1.78,1.78,1.78,6,3171945,3171945,0,
2026-09-04T19,105,4,1.79,1.79,1.79,1.79,3,710432,367960,0,
2026-09-04T19,105,5,1.78,1.78,1.78,1.78,4,2916806,2896806,0,
2026-09-04T19,105,6,1.88,1.88,1.88,1.88,2,54549,54549,0,
2026-09-04T19,105,7,2.65,2.65,2.65,2.65,1,3999,3999,0,
2026-09-04T19,105,10,3.3,3.3,3.3,3.3,1,526000,526000,0,
2026-09-04T19,106,0,4.55,4.55,4.25,4.5,35,394079,79657,0,
2026-09-04T19,106,1,4.8,4.8,4.55,4.65,5,2557398,504206,0,
2026-09-04T19,106,2,4.8,4.8,4.8,4.8,7,626441,626441,0,
2026-09-04T19,106,3,4.9,4.9,4.85,4.85,6,1013359,1013359,0,
2026-09-04T19,106,4,5.6,5.6,5.6,5.6,3,101602,101602,0,
2026-09-04T19,106,5,5.7,5.7,5.7,5.7,2,2520247,2520247,0,
2026-09-04T19,106,6,5.8,5.8,5.8,5.8,1,2995,2995,0,
2026-09-04T19,107,0,19.9,20.0,19.7,19.8,17,138417,11339,0,
2026-09-04T19,107,1,19.9,19.9,19.9,19.9,15,67718,10687,0,
2026-09-04T19,107,2,19.9,21.5,19.9,21.5,9,177828,69524,0,
2026-09-04T19,107,3,20.0,20.0,19.9,20.0,11,1488325,70560,0,
2026-09-04T19,107,4,20.75,20.75,20.25,20.25,10,437738,20932,0,
2026-09-04T19,107,5,40.0,40.0,40.0,40.0,1,3306,3306,0,
2026-09-04T19,107,6,21.0,21.0,21.0,21.0,4,227857,98651,0,
2026-09-04T19,108,0,10.0,10.1,9.8,10.0,21,188667,162180,0,
2026-09-04T19,108,1,10.1,10.1,10.0,10.1,12,457170,246901,0,
2026-09-04T19,108,2,10.1,10.1,10.1,10.1,12,561898,546426,0,
2026-09-04T19,108,3,10.2,10.2,10.1,10.1,6,539228,539228,0,
2026-09-04T19,108,4,10.2,10.2,10.2,10.2,9,707822,634346,0,
2026-09-04T19,108,5,11.0,11.0,11.0,11.0,1,10000,10000,0,
2026-09-04T19,109,0,107.0,108.0,107.0,107.0,5,28433,28433,0,
2026-09-04T19,109,1,109.0,109.0,108.0,108.0,6,88179,29098,0,
2026-09-04T19,109,2,110.0,110.0,110.0,110.0,4,26995,26995,0,
2026-09-04T19,109,3,110.0,110.0,110.0,110.0,7,193037,193031,0,
2026-09-04T19,109,4,107.0,113.0,107.0,113.0,4,61149,42609,0,
2026-09-04T19,109,5,119.0,119.0,119.0,119.0,3,9722,9722,0,
2026-09-04T19,109,6,120.0,120.0,120.0,120.0,1,10,10,0,
2026-09-04T19,110,0,196.0,199.0,196.0,199.0,9,22327,2228,0,
2026-09-04T19,110,1,198.0,199.0,198.0,199.0,3,13000,13000,0,
2026-09-04T19,110,2,198.0,199.0,198.0,199.0,4,22388,22388,0,
2026-09-04T19,110,3,199.0,230.0,199.0,199.0,2,64124,3056,0,
2026-09-04T19,110,4,199.0,200.0,199.0,200.0,1,26354,26354,0,
2026-09-04T19,110,5,202.0,202.0,202.0,202.0,5,150000,50000,0,
2026-09-04T19,111,0,2560.0,2580.0,2550.0,2580.0,169,160817,148405,0,
2026-09-04T19,112,0,2220.0,2220.0,2210.0,2220.0,6,446,446,0,
2026-09-04T19,112,1,2220.0,2220.0,2220.0,2220.0,4,1966,1966,0,
2026-09-04T19,112,2,2220.0,2220.0,2210.0,2210.0,2,2945,2945,0,
2026-09-04T19,112,3,2220.0,2220.0,2220.0,2220.0,8,6734,6733,0,
2026-09-04T19,112,4,2460.0,2460.0,2460.0,2460.0,1,300,300,0,
2026-09-04T19,113,0,118.0,118.0,112.0,112.0,51,765982,17273,0,
2026-09-04T19,114,0,655.0,655.0,650.0,650.0,40,175075,4803,0,
2026-09-04T19,114,1,905.0,905.0,905.0,905.0,8,5052,4939,0,
2026-09-04T19,114,2,930.0,930.0,930.0,930.0,4,3184,3037,0,
2026-09-04T19,114,3,925.0,925.0,925.0,925.0,14,5943,5067,0,
2026-09-04T19,114,4,920.0,925.0,920.0,920.0,16,18947,11836,0,
2026-09-04T19,114,5,935.0,935.0,935.0,935.0,10,5020,5020,0,
2026-09-04T19,114,6,980.0,980.0,980.0,980.0,4,5962,5887,0,
2026-09-04T19,114,7,1060.0,1060.0,1060.0,1060.0,9,3482,2243,0,
2026-09-04T19,114,8,1530.0,1530.0,1530.0,1530.0,1,400,400,0,
2026-09-04T19,114,9,1840.0,1840.0,1840.0,1840.0,3,292,292,0,
2026-09-04T19,114,10,2490.0,2490.0,2490.0,2490.0,2,582,582,0,
2026-09-04T19,115,0,123.0,128.0,121.0,128.0,135,89887,73376,0,
2026-09-04T19,115,1,128.0,131.0,128.0,131.0,24,90586,27239,0,
2026-09-04T19,115,2,133.0,133.0,133.0,133.0,22,74642,33239,0,
2026-09-04T19,115,3,141.0,143.0,141.0,143.0,11,70010,68148,0,
2026-09-04T19,115,4,144.0,148.0,144.0,148.0,9,46357,40357,0,
2026-09-04T19,115,5,152.0,152.0,152.0,152.0,9,123106,121631,0,
2026-09-04T19,115,6,156.0,156.0,156.0,156.0,5,88297,88297,0,
2026-09-04T19,116,0,38.5,38.5,38.0,38.25,96,239364,123029,0,
2026-09-04T19,116,1,40.75,40.75,40.5,40.5,14,77803,16504,0,
2026-09-04T19,116,2,41.75,41.75,41.75,41.75,19,123699,31371,0,
2026-09-04T19,116,3,46.25,46.25,46.25,46.25,6,118204,114138,0,
2026-09-04T19,116,4,44.0,44.0,44.0,44.0,7,38244,3000,0,
2026-09-04T19,116,5,55.5,55.5,55.5,55.5,2,79781,79781,0,
2026-09-04T19,116,6,59.5,59.5,59.5,59.5,3,939,519,0,
2026-09-04T19,117,0,6.8,6.9,6.4,6.5,130,957472,16979,0,
2026-09-04T19,117,1,7.3,7.3,7.1,7.1,31,631845,111887,0,
2026-09-04T19,117,2,7.5,7.5,7.5,7.5,33,1366182,112971,0,
2026-09-04T19,117,3,8.8,8.8,8.8,8.8,23,665313,294101,0,
2026-09-04T19,117,4,10.2,10.2,10.2,10.2,8,1574463,289642,0,
2026-09-04T19,117,5,11.6,11.6,11.6,11.6,3,190026,190026,0,
2026-09-04T19,117,6,12.0,12.0,12.0,12.0,2,694173,30000,0,
2026-09-04T19,117,7,12.8,12.8,12.8,12.8,4,650138,650138,0,
2026-09-04T19,117,8,12.8,12.8,12.8,12.8,5,1641137,393294,0,
2026-09-04T19,117,9,14.7,14.7,14.7,14.7,3,284124,284124,0,
2026-09-04T19,117,10,14.9,14.9,14.9,14.9,7,531983,100000,0,
2026-09-04T19,117,11,15.9,15.9,15.9,15.9,6,39498,6998,0,
2026-09-04T19,117,12,18.7,18.7,18.7,18.7,2,56349,56349,0,
2026-09-04T19,118,0,0.82,0.83,0.815,0.82,62,3002744,940467,0,
2026-09-04T19,118,1,0.965,0.965,0.955,0.955,18,1656145,1306145,0,
2026-09-04T19,118,2,0.965,0.965,0.96,0.96,21,1363194,973668,0,
2026-09-04T19,118,3,0.995,0.995,0.995,0.995,11,2186426,594261,0,
2026-09-04T19,118,4,1.13,1.13,1.13,1.13,6,42480931,42355064,0,
2026-09-04T19,118,5,1.2,1.2,1.2,1.2,6,2527194,1046551,0,
2026-09-04T19,118,6,1.38,1.38,1.38,1.38,4,1921669,300000,0,
2026-09-04T19,118,8,1.86,1.86,1.86,1.86,1,10,10,0,
2026-09-04T19,119,0,31.25,34.0,31.25,32.0,24,55336,24681,0,
2026-09-04T19,119,1,32.75,34.0,32.75,33.25,12,254502,49593,0,
2026-09-04T19,119,2,35.25,35.25,35.0,35.0,21,172598,47410,0,
2026-09-04T19,119,3,40.0,40.0,39.75,39.75,17,103172,53365,0,
2026-09-04T19,119,4,42.0,42.0,41.5,42.0,10,215247,50115,0,
2026-09-04T19,119,5,48.75,48.75,48.75,48.75,13,158335,80559,0,
2026-09-04T19,119,6,49.75,49.75,49.75,49.75,11,264832,26490,0,
2026-09-04T19,119,7,55.5,55.5,55.5,55.5,15,327860,8114,0,
2026-09-04T19,119,8,70.5,70.5,70.5,70.5,2,99249,99249,0,
2026-09-04T19,119,10,71.0,71.0,71.0,71.0,1,13284,13284,0,
2026-09-04T19,119,11,71.5,71.5,71.5,71.5,2,19000,19000,0,
2026-09-04T19,119,12,73.5,73.5,73.5,73.5,6,436808,76075,0,
2026-09-04T19,120,0,2.6,2.8,2.55,2.75,57,1978056,790071,0,
2026-09-04T19,120,1,3.3,3.3,3.25,3.25,3,28607,28607,0,
2026-09-04T19,120,2,3.3,3.35,3.25,3.25,5,77236,19205,0,
2026-09-04T19,120,3,3.3,3.45,3.3,3.3,3,49979,47338,0,
2026-09-04T19,120,4,3.35,3.35,3.35,3.35,4,181516,126396,0,
2026-09-04T19,120,5,3.5,3.5,3.5,3.5,3,1398629,1398629,0,
2026-09-04T19,120,6,3.6,3.6,3.6,3.6,4,1776660,1776660,0,
2026-09-04T19,120,7,3.75,3.75,3.75,3.75,5,1990490,695590,0,
2026-09-04T19,120,9,6.0,6.0,6.0,6.0,2,505000,500000,0,
2026-09-04T19,120,10,5.9,5.9,5.9,5.9,2,125200,75000,0,
2026-09-04T19,120,11,5.5,5.5,5.5,5.5,3,1733294,997400,0,
2026-09-04T19,121,0,149.0,150.0,149.0,150.0,20,19175,3239,0,
2026-09-04T19,121,1,159.0,159.0,159.0,159.0,9,28400,12510,0,
2026-09-04T19,121,2,177.0,177.0,177.0,177.0,17,22909,8173,0,
2026-09-04T19,121,3,177.0,177.0,177.0,177.0,25,159944,3105,0,
2026-09-04T19,121,4,222.0,222.0,222.0,222.0,7,31708,24848,0,
2026-09-04T19,121,5,224.0,224.0,224.0,224.0,6,36717,7772,0,
2026-09-04T19,121,6,230.0,230.0,230.0,230.0,6,39763,8823,0,
2026-09-04T19,121,7,240.0,240.0,240.0,240.0,6,108506,108506,0,
2026-09-04T19,121,9,270.0,270.0,270.0,270.0,1,2768,2768,0,
2026-09-04T19,121,10,284.0,284.0,284.0,284.0,1,3786,3786,0,
2026-09-04T19,121,12,286.0,286.0,286.0,286.0,3,14169,14169,0,
2026-09-04T19,122,0,128.0,129.0,121.0,128.0,21,32158,31871,0,
2026-09-04T19,122,1,131.0,131.0,131.0,131.0,5,970,945,0,
2026-09-04T19,122,2,129.0,129.0,129.0,129.0,13,32396,11346,0,
2026-09-04T19,122,3,133.0,133.0,133.0,133.0,12,50646,46345,0,
2026-09-04T19,122,4,134.0,137.0,134.0,137.0,7,94556,89805,0,
2026-09-04T19,122,5,143.0,143.0,143.0,143.0,6,29769,29769,0,
2026-09-04T19,122,6,153.0,153.0,153.0,153.0,1,3520,3520,0,
2026-09-04T19,122,7,157.0,157.0,157.0,157.0,1,3892,3892,0,
2026-09-04T19,122,8,153.0,153.0,153.0,153.0,8,67979,34478,0,
2026-09-04T19,122,9,190.0,190.0,190.0,190.0,2,19971,19954,0,
2026-09-04T19,122,10,195.0,195.0,195.0,195.0,7,12446,2196,0,
2026-09-04T19,122,11,218.0,218.0,218.0,218.0,2,2700,2700,0,
2026-09-04T19,122,12,222.0,222.0,222.0,222.0,3,1414,1414,0,
2026-09-04T19,123,0,292.0,298.0,290.0,294.0,6,7778,7775,0,
2026-09-04T19,123,1,302.0,302.0,302.0,302.0,4,716,716,0,
2026-09-04T19,123,2,294.0,296.0,294.0,296.0,7,7591,6621,0,
2026-09-04T19,123,3,298.0,300.0,298.0,300.0,8,5426,4176,0,
2026-09-04T19,123,4,304.0,304.0,304.0,304.0,7,17870,17870,0,
2026-09-04T19,123,5,304.0,304.0,304.0,304.0,7,30851,469,0,
2026-09-04T19,123,6,322.0,322.0,322.0,322.0,8,32304,32304,0,
2026-09-04T19,123,7,386.0,386.0,386.0,386.0,1,5725,5725,0,
2026-09-04T19,123,9,394.0,394.0,394.0,394.0,2,412,412,0,
2026-09-04T19,123,12,398.0,398.0,398.0,398.0,2,4676,4676,0,
2026-09-04T19,124,0,33.75,35.25,33.5,35.0,31,87841,18017,0,
2026-09-04T19,124,1,34.75,37.5,34.75,37.5,11,128318,78118,0,
2026-09-04T19,124,2,35.75,37.75,35.75,37.75,10,146428,142927,0,
2026-09-04T19,124,3,39.5,39.5,39.5,39.5,14,493944,404944,0,
2026-09-04T19,124,4,42.0,42.0,41.5,41.5,14,267488,130474,0,
2026-09-04T19,124,5,45.25,45.25,45.25,45.25,4,83888,83585,0,
2026-09-04T19,124,6,49.25,49.25,49.25,49.25,6,296592,296592,0,
2026-09-04T19,124,7,51.5,51.5,51.5,51.5,6,789880,537206,0,
2026-09-04T19,124,8,53.0,53.0,53.0,53.0,1,42487,42487,0,
2026-09-04T19,124,9,59.0,59.0,59.0,59.0,1,50000,50000,0,
2026-09-04T19,124,10,59.0,59.0,59.0,59.0,5,28461,23760,0,
2026-09-04T19,124,11,89.0,89.0,89.0,89.0,2,14000,14000,0,
2026-09-04T19,124,12,90.0,90.0,90.0,90.0,5,97220,632,0,
2026-09-04T19,125,0,26.25,26.75,25.5,25.75,56,323444,9275,0,
2026-09-04T19,125,1,26.75,27.0,26.75,26.75,17,106457,27770,0,
2026-09-04T19,125,2,27.5,28.25,27.5,28.25,39,191691,55277,0,
2026-09-04T19,125,3,35.0,35.0,34.75,34.75,25,152127,37720,0,
2026-09-04T19,125,4,40.0,40.0,40.0,40.0,28,269454,59980,0,
2026-09-04T19,125,5,45.5,45.5,45.5,45.5,2,662880,662880,0,
2026-09-04T19,125,6,49.0,49.0,49.0,49.0,6,91942,87942,0,
2026-09-04T19,125,7,51.0,51.0,51.0,51.0,6,1166144,689984,0,
2026-09-04T19,125,8,52.0,52.0,52.0,52.0,7,500554,77099,0,
2026-09-04T19,125,9,55.5,55.5,55.5,55.5,4,139980,119980,0,
2026-09-04T19,125,10,56.0,56.0,56.0,56.0,7,202903,193014,0,
2026-09-04T19,125,11,59.5,59.5,59.5,59.5,1,10000,10000,0,
2026-09-04T19,125,12,84.0,84.0,84.0,84.0,2,4500,4500,0,
2026-09-04T19,126,0,54.5,55.5,54.0,54.5,22,9391,8243,0,
2026-09-04T19,126,1,55.0,57.0,55.0,56.5,7,8456,8356,0,
2026-09-04T19,126,2,61.0,61.0,57.0,57.0,6,15077,12033,0,
2026-09-04T19,126,3,58.5,58.5,58.0,58.0,3,13214,13214,0,
2026-09-04T19,126,4,62.5,62.5,62.5,62.5,1,1375,1375,0,
2026-09-04T19,126,5,64.5,64.5,64.5,64.5,5,76622,76622,0,
2026-09-04T19,126,6,66.0,66.0,66.0,66.0,3,109721,69721,0,
2026-09-04T19,126,7,68.5,68.5,68.5,68.5,5,69936,69936,0,
2026-09-04T19,126,8,79.5,79.5,79.5,79.5,8,149111,131111,0,
2026-09-04T19,126,9,96.0,96.0,96.0,96.0,1,250,250,0,
2026-09-04T19,126,10,90.0,90.0,90.0,90.0,2,606,106,0,
2026-09-04T19,126,12,100.0,100.0,100.0,100.0,2,2000,1000,0,
2026-09-04T19,127,0,472.0,476.0,472.0,476.0,9,6679,6672,0,
2026-09-04T19,127,1,472.0,478.0,472.0,478.0,2,268,263,0,
2026-09-04T19,127,2,474.0,474.0,474.0,474.0,6,7530,7530,0,
2026-09-04T19,127,3,480.0,480.0,480.0,480.0,5,4839,3979,0,
2026-09-04T19,127,4,515.0,515.0,515.0,515.0,4,5209,5155,0,
2026-09-04T19,127,5,750.0,750.0,750.0,750.0,1,25,25,0,
2026-09-04T19,128,0,54.0,54.0,53.5,54.0,20,148416,96530,0,
2026-09-04T19,128,1,67.0,67.0,67.0,67.0,15,50007,3568,0,
2026-09-04T19,128,2,76.0,76.0,76.0,76.0,8,32129,17983,0,
2026-09-04T19,128,3,82.0,82.0,82.0,82.0,2,47523,47523,0,
2026-09-04T19,128,5,92.5,92.5,92.5,92.5,1,7054,7054,0,
2026-09-04T19,128,6,93.0,93.0,93.0,93.0,1,2173,2173,0,
2026-09-04T19,128,8,93.0,93.0,93.0,93.0,2,444,444,0,
2026-09-04T19,128,9,99.5,99.5,99.5,99.5,2,41800,41800,0,
2026-09-04T19,128,10,110.0,110.0,110.0,110.0,1,9990,9990,0,
2026-09-04T19,129,0,2150.0,2150.0,2140.0,2140.0,18,4577,594,0,
2026-09-04T19,129,1,2250.0,2250.0,2250.0,2250.0,10,365,245,0,
2026-09-04T19,129,2,2490.0,2490.0,2490.0,2490.0,6,6768,6768,0,
2026-09-04T19,129,3,2710.0,2710.0,2710.0,2710.0,7,1376,1376,0,
2026-09-04T19,129,4,2720.0,2740.0,2720.0,2740.0,4,1041,1041,0,
2026-09-04T19,129,5,2900.0,2900.0,2900.0,2900.0,5,2837,2837,0,
2026-09-04T19,129,6,2990.0,2990.0,2990.0,2990.0,7,6443,4443,0,
2026-09-04T19,129,7,3050.0,3050.0,3050.0,3050.0,1,390,390,0,
2026-09-04T19,129,8,3230.0,3230.0,3230.0,3230.0,2,6411,6411,0,
2026-09-04T19,129,11,3800.0,3800.0,3800.0,3800.0,1,1000,1000,0,
2026-09-04T19,129,12,4120.0,4120.0,4120.0,4120.0,1,14,14,0,
2026-09-04T19,130,0,2010.0,2010.0,2000.0,2000.0,14,486,486,0,
2026-09-04T19,130,1,2080.0,2080.0,2080.0,2080.0,8,251,251,0,
2026-09-04T19,130,2,2140.0,2140.0,2140.0,2140.0,3,1210,1210,0,
2026-09-04T19,130,3,2410.0,2410.0,2400.0,2400.0,8,1027,927,0,
2026-09-04T19,130,5,2770.0,2770.0,2770.0,2770.0,9,7398,6598,0,
2026-09-04T19,130,6,2870.0,2870.0,2870.0,2870.0,3,1569,1569,0,
2026-09-04T19,130,7,2800.0,2800.0,2800.0,2800.0,3,1686,1686,0,
2026-09-04T19,130,9,3050.0,3050.0,3050.0,3050.0,3,2984,2984,0,
2026-09-04T19,130,10,3290.0,3290.0,3290.0,3290.0,1,7,7,0,
2026-09-04T19,130,11,3290.0,3290.0,3290.0,3290.0,2,1965,1965,0,
2026-09-04T19,131,0,2360.0,2360.0,2340.0,2350.0,11,2169,2169,0,
2026-09-04T19,131,1,2510.0,2510.0,2510.0,2510.0,11,885,815,0,
2026-09-04T19,131,2,2580.0,2580.0,2580.0,2580.0,5,348,348,0,
2026-09-04T19,131,3,2650.0,2650.0,2640.0,2640.0,7,1428,1428,0,
2026-09-04T19,131,4,2720.0,2720.0,2720.0,2720.0,6,1255,1255,0,
2026-09-04T19,131,5,2860.0,2860.0,2860.0,2860.0,3,1200,1200,0,
2026-09-04T19,131,6,2970.0,2970.0,2970.0,2970.0,1,8,8,0,
2026-09-04T19,131,7,2990.0,2990.0,2990.0,2990.0,1,75,75,0,
2026-09-04T19,132,0,2230.0,2230.0,2230.0,2230.0,16,1653,404,0,
2026-09-04T19,132,1,2340.0,2340.0,2340.0,2340.0,8,886,522,0,
2026-09-04T19,132,2,2580.0,2580.0,2580.0,2580.0,6,378,282,0,
2026-09-04T19,132,3,2930.0,2940.0,2930.0,2940.0,3,325,325,0,
2026-09-04T19,132,4,2940.0,2940.0,2940.0,2940.0,4,1229,1229,0,
2026-09-04T19,132,5,2950.0,2950.0,2950.0,2950.0,4,2180,2180,0,
2026-09-04T19,132,6,2990.0,2990.0,2990.0,2990.0,6,3819,3819,0,
2026-09-04T19,132,7,3050.0,3050.0,3050.0,3050.0,5,3470,2970,0,
2026-09-04T19,132,8,3390.0,3390.0,3390.0,3390.0,1,459,459,0,
2026-09-04T19,132,10,3500.0,3500.0,3500.0,3500.0,4,1089,508,0,
2026-09-04T19,132,12,4190.0,4190.0,4190.0,4190.0,2,1463,463,0,
2026-09-04T19,133,0,18.1,18.5,17.6,18.4,9,27989,27456,0,
2026-09-04T19,133,1,19.1,19.1,19.0,19.0,3,147798,147798,0,
2026-09-04T19,133,2,19.3,19.3,19.3,19.3,4,459705,459705,0,
2026-09-04T19,133,3,19.6,19.8,19.0,19.0,4,123894,67505,0,
2026-09-04T19,133,4,20.25,20.25,20.25,20.25,13,241181,129594,0,
2026-09-04T19,133,5,23.75,23.75,23.75,23.75,12,464775,234981,0,
2026-09-04T19,133,6,25.5,37.5,25.5,37.5,1,150000,150000,0,
2026-09-04T19,133,9,37.75,37.75,37.75,37.75,17,90395,51639,0,
2026-09-04T19,133,10,40.0,40.0,40.0,40.0,6,208818,79772,0,
2026-09-04T19,134,0,49.5,49.5,49.25,49.5,21,63971,47566,0,
2026-09-04T19,134,1,51.5,51.5,51.5,51.5,7,31657,31657,0,
2026-09-04T19,134,2,52.0,52.0,52.0,52.0,14,55173,17851,0,
2026-09-04T19,134,3,54.5,54.5,54.5,54.5,11,80489,54528,0,
2026-09-04T19,134,4,59.0,59.0,59.0,59.0,11,100890,76551,0,
2026-09-04T19,134,5,60.5,60.5,60.5,60.5,8,234979,227380,0,
2026-09-04T19,134,6,80.0,80.0,80.0,80.0,2,1717,1716,0,
2026-09-04T19,134,7,88.0,88.0,88.0,88.0,1,2461,2461,0,
2026-09-04T19,134,10,94.5,94.5,94.5,94.5,3,11000,11000,0,
2026-09-04T19,134,11,90.0,90.0,90.0,90.0,1,2714,2714,0,
2026-09-04T19,134,12,99.5,99.5,99.5,99.5,4,66481,65883,0,
2026-09-04T19,135,0,17.8,18.1,17.7,18.1,31,320304,253192,0,
2026-09-04T19,135,1,17.9,18.0,17.9,18.0,17,342467,137430,0,
2026-09-04T19,135,2,17.7,18.0,17.7,18.0,35,421929,200654,0,
2026-09-04T19,135,3,18.0,18.0,18.0,18.0,21,840308,331403,0,
2026-09-04T19,135,4,21.0,21.0,20.75,21.0,14,295257,182691,0,
2026-09-04T19,135,5,21.5,21.5,21.5,21.5,6,218675,177948,0,
2026-09-04T19,135,6,25.25,25.25,24.0,24.0,5,428054,10815,0,
2026-09-04T19,135,7,28.75,28.75,28.75,28.75,4,626586,626586,0,
2026-09-04T19,135,8,33.25,33.25,33.25,33.25,5,70660,70660,0,
2026-09-04T19,135,9,28.0,28.0,28.0,28.0,2,60890,60000,0,
2026-09-04T19,135,10,35.0,35.0,35.0,35.0,1,6792,6792,0,
2026-09-04T19,135,11,35.25,35.25,35.25,35.25,2,41300,41300,0,
2026-09-04T19,136,0,1.52,1.54,1.52,1.53,68,329540,166765,0,
2026-09-04T19,136,1,1.61,1.61,1.61,1.61,8,493819,486851,0,
2026-09-04T19,136,2,1.61,1.61,1.61,1.61,4,3526164,845259,0,
2026-09-04T19,136,3,2.1,2.1,2.1,2.1,2,207231,207231,0,
2026-09-04T19,136,4,2.2,2.2,2.2,2.2,6,1241238,333130,0,
2026-09-04T19,136,6,2.5,2.5,2.5,2.5,1,500000,500000,0,
2026-09-04T19,136,7,2.95,2.95,2.95,2.95,2,1000999,1000999,0,
2026-09-04T19,137,0,126.0,126.0,115.0,126.0,5,13640,13619,0,
2026-09-04T19,137,1,129.0,129.0,129.0,129.0,5,5762,5762,0,
2026-09-04T19,137,2,130.0,130.0,130.0,130.0,6,15409,15409,0,
2026-09-04T19,137,3,135.0,135.0,135.0,135.0,4,37095,37095,0,
2026-09-04T19,137,4,137.0,137.0,137.0,137.0,6,36926,34926,0,
2026-09-04T19,137,5,147.0,147.0,147.0,147.0,14,46539,28042,0,
2026-09-04T19,137,6,170.0,170.0,170.0,170.0,8,25140,24171,0,
2026-09-04T19,137,7,240.0,240.0,240.0,240.0,1,2000,2000,0,
2026-09-04T19,137,8,175.0,175.0,175.0,175.0,2,49502,49500,0,
2026-09-04T19,137,9,250.0,250.0,250.0,250.0,2,5150,5150,0,
2026-09-04T19,138,0,1230.0,1230.0,1220.0,1230.0,19,5988,241,0,
2026-09-04T19,138,1,1280.0,1280.0,1280.0,1280.0,14,1904,45,0,
2026-09-04T19,138,2,1290.0,1290.0,1290.0,1290.0,11,4866,3523,0,
2026-09-04T19,138,3,1300.0,1300.0,1300.0,1300.0,8,2162,171,0,
2026-09-04T19,138,4,1600.0,1600.0,1600.0,1600.0,9,3269,2054,0,
2026-09-04T19,138,5,2390.0,2390.0,2390.0,2390.0,1,500,500,0,
2026-09-04T19,138,6,2400.0,2400.0,2400.0,2400.0,1,1000,1000,0,
2026-09-04T19,139,0,10.0,10.0,9.8,9.9,32,283176,80208,0,
2026-09-04T19,139,1,10.1,10.1,9.8,10.1,6,29128,18912,0,
2026-09-04T19,139,2,11.1,11.1,11.1,11.1,5,70032,68671,0,
2026-09-04T19,139,3,11.3,11.3,11.2,11.2,3,82258,82258,0,
2026-09-04T19,139,4,11.5,11.5,11.5,11.5,6,373078,245467,0,
2026-09-04T19,139,5,13.4,13.4,13.4,13.4,18,1973628,188888,0,
2026-09-04T19,139,6,15.0,15.0,15.0,15.0,1,50000,50000,0,
2026-09-04T19,139,7,17.0,17.0,17.0,17.0,1,50000,50000,0,
2026-09-04T19,139,9,24.0,24.0,24.0,24.0,1,28498,28498,0,
2026-09-04T19,139,10,21.75,21.75,21.75,21.75,3,51999,1999,0,
2026-09-04T19,140,0,258.0,258.0,254.0,256.0,18,1708,1550,0,
2026-09-04T19,140,1,258.0,258.0,256.0,256.0,11,4630,4589,0,
2026-09-04T19,140,2,260.0,260.0,260.0,260.0,7,9050,9041,0,
2026-09-04T19,140,3,266.0,266.0,266.0,266.0,4,17984,17984,0,
2026-09-04T19,140,4,268.0,268.0,268.0,268.0,4,6468,6267,0,
2026-09-04T19,140,5,280.0,280.0,280.0,280.0,1,50,50,0,
2026-09-04T19,140,12,400.0,400.0,400.0,400.0,1,2225,2225,0,
2026-09-04T19,141,0,34.75,34.75,34.5,34.75,20,84486,4100,0,
2026-09-04T19,141,1,50.0,50.0,50.0,50.0,6,140097,139797,0,
2026-09-04T19,141,2,50.5,50.5,50.5,50.5,13,129825,102588,0,
2026-09-04T19,141,3,58.0,58.0,57.5,57.5,13,82010,72917,0,
2026-09-04T19,141,4,58.5,59.0,58.5,59.0,11,86624,47722,0,
2026-09-04T19,141,5,62.0,62.0,62.0,62.0,10,92709,54209,0,
2026-09-04T19,141,6,69.0,69.0,69.0,69.0,2,88700,88700,0,
2026-09-04T19,141,7,69.5,71.0,69.5,71.0,9,118973,109893,0,
2026-09-04T19,141,8,70.0,70.0,70.0,70.0,4,50050,12908,0,
2026-09-04T19,141,9,91.0,91.0,91.0,91.0,7,14446,8694,0,
2026-09-04T19,141,10,93.0,93.0,93.0,93.0,4,72080,65134,0,
2026-09-04T19,141,11,117.0,117.0,117.0,117.0,2,20480,9369,0,
2026-09-04T19,141,12,177.0,177.0,177.0,177.0,2,1139,1139,0,
2026-09-04T19,142,0,800.0,800.0,790.0,790.0,9,1262,976,0,
2026-09-04T19,142,1,795.0,795.0,795.0,795.0,11,2320,817,0,
2026-09-04T19,142,2,825.0,825.0,825.0,825.0,8,2310,455,0,
2026-09-04T19,142,3,975.0,975.0,975.0,975.0,3,1483,1483,0,
2026-09-04T19,142,4,975.0,975.0,975.0,975.0,4,2172,2172,0,
2026-09-04T19,142,5,985.0,1000.0,985.0,1000.0,5,12415,4354,0,
2026-09-04T19,142,6,1020.0,1020.0,1020.0,1020.0,7,19486,19486,0,
2026-09-04T19,142,7,1070.0,1070.0,1070.0,1070.0,2,7789,3815,0,
2026-09-04T19,142,8,1060.0,1060.0,1060.0,1060.0,4,18784,18784,0,
2026-09-04T19,142,9,1140.0,1140.0,1140.0,1140.0,2,10975,10975,0,
2026-09-04T19,142,10,1270.0,1270.0,1270.0,1270.0,9,7158,4659,0,
2026-09-04T19,142,11,1360.0,1360.0,1360.0,1360.0,5,9436,9436,0,
2026-09-04T19,142,12,1500.0,1500.0,1500.0,1500.0,2,2003,2003,0,
2026-09-04T19,143,0,715.0,715.0,705.0,710.0,19,2016,1572,0,
2026-09-04T19,143,1,735.0,735.0,735.0,735.0,7,1197,255,0,
2026-09-04T19,143,2,730.0,730.0,730.0,730.0,17,2299,1797,0,
2026-09-04T19,143,3,825.0,825.0,825.0,825.0,7,11628,71,0,
2026-09-04T19,143,4,900.0,900.0,900.0,900.0,2,423,423,0,
2026-09-04T19,143,5,920.0,920.0,920.0,920.0,6,23267,23267,0,
2026-09-04T19,143,6,950.0,950.0,950.0,950.0,5,45274,45274,0,
2026-09-04T19,143,7,960.0,960.0,960.0,960.0,8,24565,24565,0,
2026-09-04T19,143,9,1100.0,1100.0,1100.0,1100.0,1,947,947,0,
2026-09-04T19,143,10,1120.0,1120.0,1120.0,1120.0,3,6678,4392,0,
2026-09-04T19,143,11,1240.0,1240.0,1240.0,1240.0,2,2608,2608,0,
2026-09-04T19,143,12,1440.0,1440.0,1440.0,1440.0,2,468,468,0,
2026-09-04T19,144,0,17.4,17.4,17.4,17.4,12,59976,44528,0,
2026-09-04T19,144,1,18.0,18.0,18.0,18.0,1,1,1,0,
2026-09-04T19,144,2,18.0,18.0,18.0,18.0,2,85672,85672,0,
2026-09-04T19,144,3,18.0,18.0,18.0,18.0,1,1,1,0,
2026-09-04T19,144,4,18.1,18.1,18.1,18.1,2,11018,11018,0,
2026-09-04T19,144,5,18.3,18.3,18.3,18.3,2,52589,52589,0,
2026-09-04T19,145,0,136.0,136.0,133.0,135.0,41,1145699,789366,0,
2026-09-04T19,146,0,6.5,6.5,6.1,6.2,46,266042,1291,0,
2026-09-04T19,146,1,6.4,6.4,6.4,6.4,19,1657511,579001,0,
2026-09-04T19,146,2,6.7,6.8,6.7,6.8,42,1511943,593080,0,
2026-09-04T19,146,3,6.9,6.9,6.9,6.9,26,2018645,256416,0,
2026-09-04T19,146,4,7.7,7.7,7.6,7.6,18,4483600,2014633,0,
2026-09-04T19,146,5,9.6,9.6,9.6,9.6,5,1434687,1382495,0,
2026-09-04T19,146,6,9.8,9.8,9.8,9.8,1,90000,90000,0,
2026-09-04T19,146,7,10.0,10.0,10.0,10.0,2,616640,426640,0,
2026-09-04T19,146,8,10.5,10.5,10.5,10.5,8,1190198,1063941,0,
2026-09-04T19,146,10,17.9,17.9,17.9,17.9,2,98862,98862,0,
2026-09-04T19,147,0,39.5,39.5,39.5,39.5,9,112150,97035,0,
2026-09-04T19,147,1,39.75,39.75,39.75,39.75,4,39695,25547,0,
2026-09-04T19,147,2,40.25,40.25,40.25,40.25,6,445241,124263,0,
2026-09-04T19,147,3,44.25,44.25,44.25,44.25,9,197499,128272,0,
2026-09-04T19,147,4,50.5,50.5,50.5,50.5,6,136500,61500,0,
2026-09-04T19,147,5,60.0,60.0,60.0,60.0,1,2,2,0,
2026-09-04T19,148,0,33.0,34.25,33.0,34.25,5,58138,90,0,
2026-09-04T19,148,1,33.0,33.0,33.0,33.0,7,90268,90261,0,
2026-09-04T19,148,2,36.0,36.0,36.0,36.0,3,187948,182848,0,
2026-09-04T19,148,3,36.25,36.25,36.25,36.25,5,170986,170986,0,
2026-09-04T19,148,4,38.5,38.5,38.5,38.5,3,86689,73846,0,
2026-09-04T19,148,5,46.0,46.0,46.0,46.0,4,156603,106603,0,
2026-09-04T19,148,6,49.5,49.5,49.5,49.5,1,1,1,0,
2026-09-04T19,148,10,59.0,59.0,59.0,59.0,2,10005,10005,0,
2026-09-04T19,149,0,790.0,790.0,790.0,790.0,13,1957,1840,0,
2026-09-04T19,149,1,815.0,815.0,815.0,815.0,11,1769,1380,0,
2026-09-04T19,149,2,840.0,840.0,840.0,840.0,11,8322,145,0,
2026-09-04T19,149,3,890.0,890.0,890.0,890.0,8,8341,2758,0,
2026-09-04T19,149,4,970.0,970.0,970.0,970.0,8,7134,6118,0,
2026-09-04T19,149,5,1010.0,1010.0,1010.0,1010.0,5,10773,10773,0,
2026-09-04T19,149,8,1070.0,1070.0,1070.0,1070.0,5,10959,4559,0,
2026-09-04T19,150,0,378.0,378.0,350.0,376.0,28,22230,674,0,
2026-09-04T19,150,1,785.0,785.0,780.0,780.0,20,9370,190,0,
2026-09-04T19,150,2,1680.0,1680.0,1680.0,1680.0,5,29766,29140,0,
2026-09-04T19,150,3,2810.0,2830.0,2810.0,2830.0,19,711,38,0,
2026-09-04T19,150,4,4960.0,4960.0,4960.0,4960.0,12,914,905,0,
2026-09-04T19,150,5,8975.0,8975.0,8975.0,8975.0,5,100,59,0,
2026-09-04T19,150,6,13000.0,13000.0,13000.0,13000.0,12,260,5,0,
2026-09-04T19,150,7,33000.0,33000.0,33000.0,33000.0,16,279,29,0,
2026-09-04T19,150,8,70000.0,70000.0,70000.0,70000.0,9,767,756,0,
2026-09-04T19,150,9,138500.0,138500.0,138500.0,138500.0,9,222,73,0,
2026-09-04T19,150,10,271500.0,271500.0,271500.0,271500.0,6,97,79,0,
2026-09-04T19,150,11,624500.0,624500.0,624500.0,624500.0,10,51,46,0,
2026-09-04T19,150,12,1380000.0,1380000.0,1380000.0,1380000.0,11,142,2,0,
2026-09-04T19,151,0,384.0,384.0,382.0,382.0,8,535,535,0,
2026-09-04T19,151,1,388.0,388.0,388.0,388.0,5,4998,4998,0,
2026-09-04T19,151,2,464.0,464.0,464.0,464.0,6,7230,6565,0,
2026-09-04T19,151,3,472.0,472.0,472.0,472.0,4,7045,6695,0,
2026-09-04T19,151,4,476.0,476.0,476.0,476.0,3,6488,6488,0,
2026-09-04T19,151,7,500.0,500.0,500.0,500.0,1,4,4,0,
2026-09-04T19,151,8,500.0,500.0,500.0,500.0,1,2,2,0,
2026-09-04T19,151,9,2290.0,2290.0,2290.0,2290.0,4,1101,1101,0,
2026-09-04T19,151,10,2900.0,2900.0,2900.0,2900.0,2,6002,6002,0,
2026-09-04T19,152,0,234.0,234.0,234.0,234.0,7,1774,225,0,
2026-09-04T19,152,1,250.0,250.0,250.0,250.0,14,1181,793,0,
2026-09-04T19,152,2,294.0,294.0,294.0,294.0,3,55,55,0,
2026-09-04T19,152,3,298.0,298.0,298.0,298.0,2,1200,1200,0,
2026-09-04T19,152,4,320.0,320.0,320.0,320.0,2,4017,4017,0,
2026-09-04T19,153,0,81.5,81.5,81.5,81.5,1,480,480,0,
2026-09-04T19,153,1,82.0,82.0,82.0,82.0,1,4413,4413,0,
2026-09-04T19,153,3,88.0,88.0,88.0,88.0,1,560,560,0,
2026-09-04T19,154,0,81.5,81.5,81.0,81.0,3,2411,2411,0,
2026-09-04T19,154,1,81.5,81.5,81.5,81.5,1,6666,6666,0,
2026-09-04T19,155,0,130.0,130.0,129.0,129.0,10,7377,6998,0,
2026-09-04T19,155,7,170.0,170.0,170.0,170.0,1,3400,3400,0,
2026-09-04T20,1,0,0.26,0.262,0.256,0.257,143,105853048,46190883,0,
2026-09-04T20,1,1,0.262,0.262,0.262,0.262,29,21583246,21579182,0,
2026-09-04T20,1,2,0.259,0.259,0.259,0.259,63,173694552,161908390,0,
2026-09-04T20,1,3,0.264,0.264,0.264,0.264,39,230186527,158949208,0,
2026-09-04T20,1,4,0.265,0.265,0.265,0.265,46,223638243,139170776,0,
2026-09-04T20,1,5,0.266,0.266,0.266,0.266,12,128175837,119001728,0,
2026-09-04T20,1,6,0.266,0.266,0.266,0.266,10,73313672,73313672,0,
2026-09-04T20,1,7,0.267,0.267,0.267,0.267,8,60983280,60983280,0,
2026-09-04T20,1,8,0.267,0.267,0.267,0.267,6,50728959,50728959,0,
2026-09-04T20,1,9,0.268,0.268,0.268,0.268,5,32889352,27840177,0,
2026-09-04T20,1,10,0.272,0.272,0.272,0.272,7,43032995,18330133,0,
2026-09-04T20,1,11,0.269,0.269,0.269,0.269,7,48439157,14413623,0,
2026-09-04T20,1,12,0.271,0.271,0.271,0.271,16,161925423,128054292,0,
2026-09-04T20,2,0,0.358,0.361,0.358,0.361,149,35173265,8675441,0,
2026-09-04T20,2,1,0.384,0.384,0.384,0.384,15,3526587,3525767,0,
2026-09-04T20,2,2,0.382,0.382,0.382,0.382,40,77618151,57695592,0,
2026-09-04T20,2,3,0.427,0.427,0.427,0.427,7,19547095,14547095,0,
2026-09-04T20,2,4,0.464,0.464,0.464,0.464,20,27460493,20330269,0,
2026-09-04T20,2,5,0.481,0.481,0.481,0.481,13,30851617,30851617,0,
2026-09-04T20,2,6,0.484,0.484,0.484,0.484,5,11385388,11385388,0,
2026-09-04T20,2,7,0.5,0.5,0.5,0.5,3,15728512,8955432,0,
2026-09-04T20,2,8,0.515,0.515,0.515,0.515,2,8749387,8749387,0,
2026-09-04T20,2,9,0.52,0.52,0.52,0.52,1,5000000,5000000,0,
2026-09-04T20,2,10,0.51,0.51,0.51,0.51,6,18861560,11004060,0,
2026-09-04T20,2,11,0.585,0.585,0.585,0.585,3,10902251,10902251,0,
2026-09-04T20,2,12,0.655,0.655,0.655,0.655,6,1125275,825275,0,
2026-09-04T20,3,0,2.0,2.0,1.99,1.99,284,2437379,59654,0,
2026-09-04T20,3,1,2.3,2.3,2.3,2.3,31,1618066,238727,0,
2026-09-04T20,3,2,2.45,2.45,2.45,2.45,27,3526809,1452000,0,
2026-09-04T20,3,3,2.95,2.95,2.95,2.95,17,2578114,202107,0,
2026-09-04T20,3,4,3.35,3.35,3.35,3.35,11,2644594,1003236,0,
2026-09-04T20,3,5,3.45,3.45,3.45,3.45,5,3204637,2407820,0,
2026-09-04T20,3,6,3.45,3.45,3.45,3.45,3,3124571,1654899,0,
2026-09-04T20,3,7,4.55,4.55,4.55,4.55,2,210400,210400,0,
2026-09-04T20,3,10,6.2,6.2,6.2,6.2,1,322598,322598,0,
2026-09-04T20,3,11,6.4,6.4,6.4,6.4,3,23615,23615,0,
2026-09-04T20,3,12,7.0,7.0,7.0,7.0,1,311180,311180,0,
2026-09-04T20,4,0,2.2,2.2,2.15,2.2,100,981514,26022,0,
2026-09-04T20,4,1,2.55,2.55,2.55,2.55,9,560193,62557,0,
2026-09-04T20,4,2,2.6,2.6,2.6,2.6,12,676533,346224,0,
2026-09-04T20,4,3,2.75,2.75,2.75,2.75,10,2911206,341228,0,
2026-09-04T20,4,4,3.1,3.1,3.1,3.1,7,4311282,4131282,0,
2026-09-04T20,4,5,3.05,3.05,3.05,3.05,10,1803904,433110,0,
2026-09-04T20,4,6,3.6,3.6,3.6,3.6,2,703151,703151,0,
2026-09-04T20,4,7,3.7,3.7,3.7,3.7,3,719346,300000,0,
2026-09-04T20,4,8,4.45,4.45,4.45,4.45,3,115999,100000,0,
2026-09-04T20,5,0,2.95,2.95,2.95,2.95,68,1597301,5694,0,
2026-09-04T20,5,1,3.0,3.0,3.0,3.0,7,325544,245544,0,
2026-09-04T20,5,2,3.0,3.0,3.0,3.0,7,563722,563722,0,
2026-09-04T20,5,3,3.1,3.1,3.1,3.1,5,917137,516763,0,
2026-09-04T20,5,4,3.2,3.2,3.2,3.2,8,1253819,566908,0,
2026-09-04T20,5,5,3.3,3.3,3.3,3.3,2,37200,7200,0,
2026-09-04T20,5,6,4.95,4.95,4.95,4.95,1,99999,99999,0,
2026-09-04T20,5,7,5.0,5.0,5.0,5.0,1,999,999,0,
2026-09-04T20,6,0,0.685,0.7,0.675,0.675,86,6697709,692270,0,
2026-09-04T20,6,1,0.69,0.69,0.69,0.69,16,2900136,2510827,0,
2026-09-04T20,6,2,0.72,0.72,0.72,0.72,11,3883870,3883870,0,
2026-09-04T20,6,3,0.74,0.74,0.74,0.74,12,6722667,3753210,0,
2026-09-04T20,6,4,0.86,0.86,0.86,0.86,11,8845327,7987317,0,
2026-09-04T20,6,5,0.975,0.975,0.975,0.975,4,9868664,9868664,0,
2026-09-04T20,6,6,1.11,1.11,1.11,1.11,10,14205055,9204215,0,
2026-09-04T20,6,7,1.1,1.1,1.1,1.1,10,4178687,299999,0,
2026-09-04T20,6,8,1.49,1.49,1.49,1.49,4,4429519,4429519,0,
2026-09-04T20,6,9,1.7,1.7,1.7,1.7,2,2070000,1750000,0,
2026-09-04T20,6,10,1.75,1.75,1.75,1.75,2,4500000,900000,0,
2026-09-04T20,6,11,2.3,2.3,2.3,2.3,1,690000,690000,0,
2026-09-04T20,6,12,2.5,2.5,2.5,2.5,1,300000,300000,0,
2026-09-04T20,7,0,39.0,39.0,39.0,39.0,37,49957,1358,0,
2026-09-04T20,7,1,40.5,40.5,40.5,40.5,10,34031,29235,0,
2026-09-04T20,7,2,41.0,41.0,41.0,41.0,8,92317,92317,0,
2026-09-04T20,7,3,41.25,41.25,41.25,41.25,10,75565,73665,0,
2026-09-04T20,7,4,46.25,46.25,46.25,46.25,8,136011,135991,0,
2026-09-04T20,7,5,47.0,47.0,47.0,47.0,3,87776,50444,0,
2026-09-04T20,7,6,55.5,55.5,55.5,55.5,5,133148,133148,0,
2026-09-04T20,7,7,60.0,60.0,60.0,60.0,1,24046,24046,0,
2026-09-04T20,7,8,62.0,62.0,62.0,62.0,1,12795,12795,0,
2026-09-04T20,7,10,70.0,70.0,70.0,70.0,1,16545,16545,0,
2026-09-04T20,7,11,90.0,90.0,90.0,90.0,2,24990,24990,0,
2026-09-04T20,8,0,10.5,10.7,10.5,10.5,46,401574,10825,0,
2026-09-04T20,8,1,11.2,11.2,11.2,11.2,6,152332,152282,0,
2026-09-04T20,8,2,11.2,11.2,11.2,11.2,8,442149,441414,0,
2026-09-04T20,8,3,11.6,11.6,11.6,11.6,5,604149,273349,0,
2026-09-04T20,8,4,11.8,11.8,11.8,11.8,2,142000,142000,0,
2026-09-04T20,8,5,12.5,12.5,12.5,12.5,2,13990,9990,0,
2026-09-04T20,9,0,1.21,1.21,1.19,1.21,89,928656,803748,0,
2026-09-04T20,9,1,1.22,1.22,1.22,1.22,16,868889,805637,0,
2026-09-04T20,9,2,1.24,1.24,1.24,1.24,19,1800405,636438,0,
2026-09-04T20,9,3,1.25,1.25,1.25,1.25,15,1927203,679797,0,
2026-09-04T20,9,4,1.35,1.35,1.35,1.35,10,1902458,1152458,0,
2026-09-04T20,9,5,1.37,1.37,1.37,1.37,6,832259,102821,0,
2026-09-04T20,9,7,1.4,1.4,1.4,1.4,12,4571049,1,0,
2026-09-04T20,9,8,2.5,2.5,2.5,2.5,1,50422,50422,0,
2026-09-04T20,9,10,3.6,3.6,3.6,3.6,1,305248,305248,0,
2026-09-04T20,10,0,28.0,28.25,27.0,28.0,41,1047610,181103,0,
2026-09-04T20,10,1,28.25,28.25,28.25,28.25,16,714168,6622,0,
2026-09-04T20,10,2,28.5,28.5,28.5,28.5,20,866069,229459,0,
2026-09-04T20,10,3,29.75,29.75,29.75,29.75,13,1025878,704574,0,
2026-09-04T20,10,4,29.75,29.75,29.75,29.75,15,1483246,754694,0,
2026-09-04T20,10,5,30.0,30.0,30.0,30.0,10,595676,595676,0,
2026-09-04T20,10,6,30.0,30.0,30.0,30.0,5,1019781,1019781,0,
2026-09-04T20,10,7,31.0,31.0,31.0,31.0,5,294602,294602,0,
2026-09-04T20,10,10,30.0,30.0,30.0,30.0,10,616570,379404,0,
2026-09-04T20,10,11,31.0,31.0,31.0,31.0,4,71377,21377,0,
2026-09-04T20,10,12,39.0,39.0,39.0,39.0,2,25999,25999,0,
2026-09-04T20,11,0,41.5,41.75,41.5,41.75,11,112201,111548,0,
2026-09-04T20,11,1,42.0,42.0,42.0,42.0,10,58420,58420,0,
2026-09-04T20,11,2,42.0,42.0,42.0,42.0,4,468336,468334,0,
2026-09-04T20,11,3,42.25,42.25,42.25,42.25,3,227343,227343,0,
2026-09-04T20,11,4,42.5,42.5,42.5,42.5,4,294073,294073,0,
2026-09-04T20,11,5,42.75,42.75,42.75,42.75,9,589092,241842,0,
2026-09-04T20,11,6,44.0,44.0,44.0,44.0,1,2832,2832,0,
2026-09-04T20,11,7,44.0,44.0,44.0,44.0,1,13752,13752,0,
2026-09-04T20,11,8,48.0,48.0,48.0,48.0,1,10000,10000,0,
2026-09-04T20,11,11,48.0,48.0,48.0,48.0,4,43990,43990,0,
2026-09-04T20,12,0,40.5,40.75,40.0,40.75,21,714341,710972,0,
2026-09-04T20,12,1,40.75,40.75,40.75,40.75,9,225756,225706,0,
2026-09-04T20,12,2,40.5,40.5,40.25,40.25,12,677286,112640,0,
2026-09-04T20,12,3,40.75,40.75,40.75,40.75,21,97093,77858,0,
2026-09-04T20,12,4,41.75,41.75,41.75,41.75,5,58013,46776,0,
2026-09-04T20,12,5,42.75,42.75,42.75,42.75,4,283498,283498,0,
2026-09-04T20,12,6,41.0,41.0,41.0,41.0,2,45710,10832,0,
2026-09-04T20,12,7,46.75,46.75,46.75,46.75,2,37000,37000,0,
2026-09-04T20,12,8,46.75,46.75,46.75,46.75,3,54953,54953,0,
2026-09-04T20,12,9,50.0,50.0,50.0,50.0,1,19999,19999,0,
2026-09-04T20,13,0,0.37,0.37,0.369,0.37,119,457223145,100545342,0,
2026-09-04T20,14,0,10.7,10.7,10.7,10.7,27,366288,187926,0,
2026-09-04T20,14,1,11.3,11.3,11.1,11.1,10,322784,312784,0,
2026-09-04T20,14,2,11.4,11.4,11.4,11.4,10,264143,240617,0,
2026-09-04T20,14,3,11.3,11.3,11.3,11.3,13,1148822,871947,0,
2026-09-04T20,14,4,11.2,11.3,11.2,11.3,8,808045,794567,0,
2026-09-04T20,14,5,11.5,11.5,11.5,11.5,10,3919798,1915030,0,
2026-09-04T20,14,6,13.8,13.8,13.8,13.8,4,740000,640000,0,
2026-09-04T20,14,7,14.8,14.8,14.8,14.8,2,52728,52728,0,
2026-09-04T20,14,8,18.2,18.2,18.2,18.2,4,913305,913305,0,
2026-09-04T20,14,11,19.0,19.0,19.0,19.0,1,25219,25219,0,
2026-09-04T20,15,0,10.2,10.2,10.2,10.2,33,1875489,257989,0,
2026-09-04T20,15,1,10.5,10.5,10.5,10.5,15,267106,251872,0,
2026-09-04T20,15,2,10.5,10.6,10.5,10.6,7,622394,622394,0,
2026-09-04T20,15,3,10.9,10.9,10.9,10.9,13,2452375,2033962,0,
2026-09-04T20,15,4,11.0,11.0,10.9,10.9,4,1053218,1053218,0,
2026-09-04T20,15,5,11.2,11.2,11.2,11.2,3,250245,182081,0,
2026-09-04T20,15,6,11.3,11.3,11.3,11.3,3,240578,240578,0,
2026-09-04T20,15,7,11.4,11.4,11.4,11.4,1,2090,2090,0,
2026-09-04T20,15,8,11.5,11.5,11.5,11.5,3,789811,789811,0,
2026-09-04T20,15,10,11.0,11.0,11.0,11.0,3,278145,78144,0,
2026-09-04T20,16,0,8.9,10.4,8.7,8.8,2,2724,1924,0,
2026-09-04T20,16,1,9.0,9.0,8.9,8.9,10,206172,195172,0,
2026-09-04T20,16,2,9.0,9.0,8.9,8.9,8,387881,345480,0,
2026-09-04T20,16,3,8.9,9.0,8.9,9.0,7,481666,477407,0,
2026-09-04T20,16,4,9.0,9.0,8.9,8.9,5,1095416,1095416,0,
2026-09-04T20,16,6,9.4,9.4,9.4,9.4,2,47528,47528,0,
2026-09-04T20,16,8,9.6,9.6,9.6,9.6,4,1020000,520000,0,
2026-09-04T20,16,12,9.6,9.6,9.6,9.6,2,540000,540000,0,
2026-09-04T20,17,0,14.6,14.7,14.5,14.7,12,326661,278666,0,
2026-09-04T20,17,1,14.8,14.8,14.8,14.8,12,212081,212076,0,
2026-09-04T20,17,2,14.8,14.9,14.8,14.9,9,322672,302486,0,
2026-09-04T20,17,3,14.9,15.1,14.9,15.1,3,563014,563014,0,
2026-09-04T20,17,4,15.0,15.0,15.0,15.0,6,822893,822893,0,
2026-09-04T20,17,5,15.0,15.0,15.0,15.0,4,547235,547235,0,
2026-09-04T20,17,6,15.0,15.0,15.0,15.0,4,327059,327059,0,
2026-09-04T20,17,7,15.2,15.2,15.2,15.2,4,518812,488812,0,
2026-09-04T20,17,8,15.6,15.6,15.6,15.6,9,1998122,606148,0,
2026-09-04T20,17,9,16.5,16.5,16.5,16.5,3,515568,118832,0,
2026-09-04T20,17,10,16.3,16.3,16.3,16.3,22,1370062,634000,0,
2026-09-04T20,17,11,22.0,22.0,22.0,22.0,1,17112,17112,0,
2026-09-04T20,18,0,20.0,20.25,20.0,20.0,16,255843,226053,0,
2026-09-04T20,18,1,20.5,20.5,20.5,20.5,11,212058,98309,0,
2026-09-04T20,18,2,21.25,21.25,21.0,21.0,9,142194,96898,0,
2026-09-04T20,18,3,21.5,21.5,21.5,21.5,9,719675,719675,0,
2026-09-04T20,18,4,22.25,22.25,22.25,22.25,11,635466,595466,0,
2026-09-04T20,18,5,22.5,22.5,22.25,22.25,8,1033679,458679,0,
2026-09-04T20,18,6,25.75,25.75,25.75,25.75,1,5467,5467,0,
2026-09-04T20,18,7,26.0,26.0,26.0,26.0,1,98360,98360,0,
2026-09-04T20,18,8,26.0,26.0,26.0,26.0,2,118362,118362,0,
2026-09-04T20,18,10,28.75,28.75,28.75,28.75,2,60001,60001,0,
2026-09-04T20,19,0,11.3,11.4,11.3,11.4,17,1349731,415118,0,
2026-09-04T20,19,1,11.7,11.7,11.7,11.7,5,157118,24008,0,
2026-09-04T20,19,2,11.9,11.9,11.9,11.9,2,555867,555867,0,
2026-09-04T20,19,3,12.1,12.1,12.1,12.1,3,144458,144458,0,
2026-09-04T20,19,4,12.2,12.2,12.2,12.2,8,1908664,1743982,0,
2026-09-04T20,19,5,12.4,12.4,12.4,12.4,6,519020,149595,0,
2026-09-04T20,19,6,12.2,12.2,12.2,12.2,8,516743,259267,0,
2026-09-04T20,19,7,12.4,12.4,12.4,12.4,13,883209,256764,0,
2026-09-04T20,19,8,12.4,12.4,12.4,12.4,11,1141948,589247,0,
2026-09-04T20,19,9,15.3,15.3,15.3,15.3,2,96424,96424,0,
2026-09-04T20,19,10,15.3,15.3,15.3,15.3,5,356448,356448,0,
2026-09-04T20,19,11,19.9,19.9,19.9,19.9,2,50999,50999,0,
2026-09-04T20,20,0,110.0,112.0,110.0,110.0,10,109295,36277,0,
2026-09-04T20,20,1,113.0,113.0,113.0,113.0,12,42382,4869,0,
2026-09-04T20,20,2,115.0,115.0,115.0,115.0,15,89165,55728,0,
2026-09-04T20,20,3,114.0,114.0,114.0,114.0,21,187205,75904,0,
2026-09-04T20,20,4,117.0,117.0,117.0,117.0,11,108966,62816,0,
2026-09-04T20,20,5,118.0,118.0,118.0,118.0,11,120991,57703,0,
2026-09-04T20,20,6,121.0,121.0,121.0,121.0,4,22060,19060,0,
2026-09-04T20,20,7,120.0,120.0,120.0,120.0,7,32000,13476,0,
2026-09-04T20,21,0,56.5,59.0,56.5,56.5,8,16315,14487,0,
2026-09-04T20,21,1,59.0,59.0,59.0,59.0,5,1296,1265,0,
2026-09-04T20,21,2,58.5,58.5,58.5,58.5,10,115086,115066,0,
2026-09-04T20,21,3,60.0,60.0,60.0,60.0,7,237727,232727,0,
2026-09-04T20,21,4,61.0,61.0,61.0,61.0,12,620588,529588,0,
2026-09-04T20,21,5,63.0,63.0,63.0,63.0,8,57318,37318,0,
2026-09-04T20,21,6,63.5,63.5,63.5,63.5,4,218100,61131,0,
2026-09-04T20,21,7,66.5,66.5,66.5,66.5,3,96196,96196,0,
2026-09-04T20,21,8,68.0,68.0,68.0,68.0,2,58267,58267,0,
2026-09-04T20,21,11,70.0,70.0,70.0,70.0,1,10000,10000,0,
2026-09-04T20,22,0,88.0,90.0,88.0,88.5,7,7763,7661,0,
2026-09-04T20,22,1,88.5,89.0,88.5,89.0,3,5352,5352,0,
2026-09-04T20,22,2,89.5,89.5,89.5,89.5,3,9999,9999,0,
2026-09-04T20,22,3,90.0,90.0,89.5,89.5,4,12797,6324,0,
2026-09-04T20,22,4,90.0,91.0,90.0,91.0,3,25698,25698,0,
2026-09-04T20,22,5,91.0,91.0,91.0,91.0,4,99904,99904,0,
2026-09-04T20,22,6,92.0,92.0,92.0,92.0,2,20000,20000,0,
2026-09-04T20,22,7,91.5,91.5,91.5,91.5,3,49977,49977,0,
2026-09-04T20,22,8,95.5,95.5,95.5,95.5,4,48723,48723,0,
2026-09-04T20,22,9,97.0,97.0,97.0,97.0,4,45554,45554,0,
2026-09-04T20,22,10,98.0,98.0,98.0,98.0,1,9946,9946,0,
2026-09-04T20,22,11,108.0,108.0,108.0,108.0,2,25423,25423,0,
2026-09-04T20,23,0,129.0,131.0,125.0,131.0,6,1815,1446,0,
2026-09-04T20,23,1,131.0,131.0,131.0,131.0,3,1673,1673,0,
2026-09-04T20,23,2,130.0,130.0,125.0,125.0,6,38078,13273,0,
2026-09-04T20,23,3,131.0,132.0,131.0,132.0,5,27307,21307,0,
2026-09-04T20,23,4,132.0,133.0,132.0,133.0,4,72202,20856,0,
2026-09-04T20,23,7,135.0,135.0,135.0,135.0,2,1524,1524,0,
2026-09-04T20,23,8,137.0,137.0,137.0,137.0,3,30000,20000,0,
2026-09-04T20,23,9,142.0,142.0,142.0,142.0,3,102242,102242,0,
2026-09-04T20,23,10,147.0,147.0,147.0,147.0,5,19824,19824,0,
2026-09-04T20,23,11,210.0,210.0,210.0,210.0,1,199,199,0,
2026-09-04T20,24,0,635.0,635.0,635.0,635.0,13,435,409,0,
2026-09-04T20,24,1,640.0,640.0,640.0,640.0,5,1646,1646,0,
2026-09-04T20,24,4,650.0,650.0,650.0,650.0,2,16115,16115,0,
2026-09-04T20,24,5,655.0,655.0,655.0,655.0,3,5998,4498,0,
2026-09-04T20,24,6,665.0,665.0,665.0,665.0,1,22764,22764,0,
2026-09-04T20,24,7,665.0,665.0,665.0,665.0,2,2766,2766,0,
2026-09-04T20,24,8,725.0,725.0,725.0,725.0,1,83,83,0,
2026-09-04T20,25,0,760.0,765.0,760.0,760.0,15,4048,2930,0,
2026-09-04T20,25,1,770.0,770.0,770.0,770.0,4,7753,7753,0,
2026-09-04T20,25,2,770.0,770.0,770.0,770.0,6,6312,6309,0,
2026-09-04T20,25,3,775.0,775.0,775.0,775.0,6,13062,13062,0,
2026-09-04T20,25,4,795.0,795.0,795.0,795.0,2,18712,18712,0,
2026-09-04T20,25,5,805.0,805.0,805.0,805.0,3,15252,15252,0,
2026-09-04T20,25,6,835.0,835.0,835.0,835.0,5,13905,13905,0,
2026-09-04T20,25,7,835.0,835.0,835.0,835.0,9,46986,34800,0,
2026-09-04T20,25,10,900.0,900.0,900.0,900.0,1,467,467,0,
2026-09-04T20,26,0,1180.0,1190.0,1180.0,1180.0,9,375,272,0,
2026-09-04T20,26,1,1200.0,1200.0,1200.0,1200.0,3,1186,1186,0,
2026-09-04T20,26,2,1220.0,1220.0,1220.0,1220.0,4,5208,5208,0,
2026-09-04T20,26,3,1240.0,1240.0,1240.0,1240.0,3,9844,9844,0,
2026-09-04T20,26,4,1250.0,1250.0,1250.0,1250.0,5,3868,3868,0,
2026-09-04T20,26,5,1270.0,1270.0,1270.0,1270.0,3,17843,17843,0,
2026-09-04T20,26,6,1250.0,1250.0,1250.0,1250.0,2,1516,1516,0,
2026-09-04T20,26,7,1360.0,1360.0,1360.0,1360.0,1,1000,1000,0,
2026-09-04T20,27,0,580.0,630.0,580.0,630.0,1,4,4,0,
2026-09-04T20,27,1,585.0,585.0,585.0,585.0,1,1919,1919,0,
2026-09-04T20,27,2,580.0,580.0,580.0,580.0,1,1290,1290,0,
2026-09-04T20,27,3,585.0,585.0,585.0,585.0,6,1036,1036,0,
2026-09-04T20,27,4,600.0,600.0,600.0,600.0,1,1366,1366,0,
2026-09-04T20,27,5,600.0,600.0,600.0,600.0,3,4122,4122,0,
2026-09-04T20,27,6,630.0,630.0,630.0,630.0,3,9249,9249,0,
2026-09-04T20,27,7,680.0,680.0,680.0,680.0,1,640,640,0,
2026-09-04T20,27,12,800.0,800.0,800.0,800.0,1,252,252,0,
2026-09-04T20,28,0,990.0,990.0,970.0,970.0,,,,0,
2026-09-04T20,28,1,970.0,970.0,970.0,970.0,1,878,878,0,
2026-09-04T20,28,3,990.0,990.0,990.0,990.0,2,1149,1149,0,
2026-09-04T20,28,4,990.0,990.0,990.0,990.0,9,5890,5490,0,
2026-09-04T20,28,6,1040.0,1040.0,1040.0,1040.0,1,500,500,0,
2026-09-04T20,28,9,1050.0,1050.0,1050.0,1050.0,1,285,285,0,
2026-09-04T20,29,0,100.0,100.0,99.5,100.0,51,620024,116488,0,
2026-09-04T20,30,0,154.0,154.0,153.0,154.0,56,494817,192718,0,
2026-09-04T20,31,0,197.0,197.0,197.0,197.0,47,858325,591569,0,
2026-09-04T20,32,0,220.0,220.0,220.0,220.0,59,505238,179968,0,
2026-09-04T20,33,0,111.0,111.0,109.0,109.0,29,334863,111756,0,
2026-09-04T20,34,0,90.0,90.0,89.5,89.5,70,906837,58357,0,
2026-09-04T20,35,0,83.0,85.0,83.0,85.0,32,930087,79047,0,
2026-09-04T20,40,0,1.58,1.58,1.58,1.58,75,2345668,778499,0,
2026-09-04T20,40,1,1.69,1.69,1.69,1.69,19,4354899,3148302,0,
2026-09-04T20,40,2,1.67,1.67,1.67,1.67,17,3793657,255355,0,
2026-09-04T20,40,3,1.8,1.8,1.8,1.8,15,4879314,1301773,0,
2026-09-04T20,40,4,1.91,1.91,1.91,1.91,16,2894680,1587258,0,
2026-09-04T20,40,5,2.05,2.05,2.05,2.05,12,6459379,454642,0,
2026-09-04T20,40,6,2.15,2.15,2.15,2.15,4,1061050,857028,0,
2026-09-04T20,40,7,2.5,2.5,2.5,2.5,4,929177,929177,0,
2026-09-04T20,40,8,2.85,2.85,2.85,2.85,3,900000,600000,0,
2026-09-04T20,41,0,4.8,4.8,4.75,4.75,20,261307,102719,0,
2026-09-04T20,41,1,4.8,4.8,4.8,4.8,7,535176,534198,0,
2026-09-04T20,41,2,4.8,4.8,4.8,4.8,11,1679236,583577,0,
2026-09-04T20,41,3,4.9,4.9,4.9,4.9,13,2390355,1574837,0,
2026-09-04T20,41,4,5.1,5.1,5.1,5.1,6,1750479,1274684,0,
2026-09-04T20,41,5,5.6,5.6,5.6,5.6,4,1690728,1690728,0,
2026-09-04T20,41,6,7.3,7.3,7.3,7.3,1,50000,50000,0,
2026-09-04T20,41,8,8.2,8.2,8.2,8.2,2,186498,186498,0,
2026-09-04T20,41,9,8.9,8.9,8.9,8.9,1,159004,159004,0,
2026-09-04T20,41,10,8.9,8.9,8.9,8.9,3,101000,100000,0,
2026-09-04T20,41,11,9.9,9.9,9.9,9.9,2,23103,23103,0,
2026-09-04T20,42,0,5.1,5.1,5.0,5.1,,,,0,
2026-09-04T20,43,0,11.8,11.8,11.7,11.8,,,,0,
2026-09-04T20,44,0,1.26,1.27,1.25,1.27,,,,0,
2026-09-04T20,45,0,15.6,15.6,15.6,15.6,,,,0,
2026-09-04T20,46,0,26.5,26.5,26.25,26.25,,,,0,
2026-09-04T20,47,0,434.0,434.0,432.0,432.0,,,,0,
2026-09-04T20,48,0,218.0,218.0,216.0,216.0,,,,0,
2026-09-04T20,49,0,910.0,910.0,910.0,910.0,,,,0,
2026-09-04T20,50,0,326.0,326.0,326.0,326.0,,,,0,
2026-09-04T20,51,0,775.0,775.0,775.0,775.0,,,,0,
2026-09-04T20,52,0,600.0,605.0,595.0,605.0,,,,0,
2026-09-04T20,53,0,3410.0,3410.0,3410.0,3410.0,,,,0,
2026-09-04T20,54,0,6500.0,6500.0,6500.0,6500.0,,,,0,
2026-09-04T20,55,0,2300.0,2300.0,2300.0,2300.0,,,,0,
2026-09-04T20,56,0,4400.0,4400.0,4400.0,4400.0,,,,0,
2026-09-04T20,57,0,5600.0,5600.0,5600.0,5600.0,,,,0,
2026-09-04T20,58,0,121.0,121.0,121.0,121.0,,,,0,
2026-09-04T20,59,0,65.5,65.5,65.0,65.5,,,,0,
2026-09-04T20,60,0,5.7,5.7,5.6,5.6,,,,0,
2026-09-04T20,61,0,19.2,19.2,19.1,19.1,,,,0,
2026-09-04T20,62,0,22.25,22.25,22.25,22.25,,,,0,
2026-09-04T20,63,0,33.75,33.75,33.75,33.75,,,,0,
2026-09-04T20,64,0,46.75,46.75,46.75,46.75,,,,0,
2026-09-04T20,65,0,12.9,12.9,12.9,12.9,,,,0,
2026-09-04T20,66,0,0.278,0.278,0.277,0.277,,,,0,
2026-09-04T20,67,0,11.8,11.8,11.8,11.8,,,,0,
2026-09-04T20,68,0,32.25,32.25,32.25,32.25,,,,0,
2026-09-04T20,69,0,6350.0,6350.0,6300.0,6300.0,,,,0,
2026-09-04T20,70,0,800.0,800.0,800.0,800.0,,,,0,
2026-09-04T20,71,0,1560.0,1560.0,1560.0,1560.0,,,,0,
2026-09-04T20,72,0,1.58,1.58,1.58,1.58,,,,0,
2026-09-04T20,73,0,26.75,27.75,26.75,27.25,,,,0,
2026-09-04T20,74,0,20.5,20.5,20.25,20.25,,,,0,
2026-09-04T20,75,0,6.3,6.3,6.3,6.3,,,,0,
2026-09-04T20,76,0,60.0,60.0,59.5,59.5,,,,0,
2026-09-04T20,77,0,2600.0,2600.0,2600.0,2600.0,,,,0,
2026-09-04T20,78,0,1860.0,1870.0,1860.0,1870.0,,,,0,
2026-09-04T20,79,0,875.0,880.0,875.0,880.0,,,,0,
2026-09-04T20,80,0,4540.0,4540.0,4540.0,4540.0,,,,0,
2026-09-04T20,81,0,5175.0,5175.0,5175.0,5175.0,,,,0,
2026-09-04T20,82,0,1500.0,1510.0,1500.0,1510.0,,,,0,
2026-09-04T20,83,0,30.5,30.5,30.25,30.25,,,,0,
2026-09-04T20,84,0,8875.0,8875.0,8875.0,8875.0,,,,0,
2026-09-04T20,85,0,7400.0,7400.0,7400.0,7400.0,,,,0,
2026-09-04T20,86,0,10200.0,10200.0,10100.0,10100.0,,,,0,
2026-09-04T20,87,0,515.0,515.0,515.0,515.0,,,,0,
2026-09-04T20,88,0,10500.0,10500.0,10500.0,10500.0,,,,0,
2026-09-04T20,89,0,4410.0,4410.0,4410.0,4410.0,,,,0,
2026-09-04T20,98,0,840.0,840.0,840.0,840.0,,,,0,
2026-09-04T20,100,0,111.0,111.0,111.0,111.0,,,,0,
2026-09-04T20,101,0,200.0,200.0,199.0,199.0,,,,0,
2026-09-04T20,102,0,2.7,2.7,2.65,2.65,,,,0,
2026-09-04T20,103,0,6.8,6.8,6.8,6.8,,,,0,
2026-09-04T20,104,0,0.995,1.0,0.995,1.0,,,,0,
2026-09-04T20,105,0,1.51,1.51,1.51,1.51,,,,0,
2026-09-04T20,106,0,4.55,4.55,4.45,4.45,,,,0,
2026-09-04T20,107,0,20.0,20.0,20.0,20.0,,,,0,
2026-09-04T20,108,0,9.9,10.1,9.9,10.1,,,,0,
2026-09-04T20,109,0,107.0,108.0,107.0,108.0,,,,0,
2026-09-04T20,110,0,199.0,199.0,197.0,197.0,,,,0,
2026-09-04T20,111,0,2560.0,2590.0,2560.0,2590.0,,,,0,
2026-09-04T20,112,0,2210.0,2210.0,2210.0,2210.0,,,,0,
2026-09-04T20,113,0,112.0,116.0,112.0,116.0,,,,0,
2026-09-04T20,114,0,650.0,650.0,650.0,650.0,,,,0,
2026-09-04T20,115,0,127.0,127.0,127.0,127.0,,,,0,
2026-09-04T20,116,0,38.25,38.5,38.25,38.5,,,,0,
2026-09-04T20,117,0,6.4,6.4,6.4,6.4,,,,0,
2026-09-04T20,118,0,0.82,0.82,0.815,0.815,,,,0,
2026-09-04T20,119,0,33.25,33.25,33.25,33.25,,,,0,
2026-09-04T20,120,0,2.75,2.75,2.75,2.75,,,,0,
2026-09-04T20,121,0,150.0,150.0,150.0,150.0,,,,0,
2026-09-04T20,122,0,128.0,128.0,128.0,128.0,,,,0,
2026-09-04T20,123,0,292.0,292.0,292.0,292.0,,,,0,
2026-09-04T20,124,0,34.75,34.75,34.75,34.75,,,,0,
2026-09-04T20,125,0,25.75,25.75,25.75,25.75,,,,0,
2026-09-04T20,126,0,55.5,55.5,55.5,55.5,,,,0,
2026-09-04T20,127,0,474.0,474.0,474.0,474.0,,,,0,
2026-09-04T20,128,0,53.5,53.5,53.5,53.5,,,,0,
2026-09-04T20,129,0,2140.0,2140.0,2140.0,2140.0,,,,0,
2026-09-04T20,130,0,2000.0,2000.0,2000.0,2000.0,,,,0,
2026-09-04T20,131,0,2340.0,2340.0,2340.0,2340.0,,,,0,
2026-09-04T20,132,0,2230.0,2230.0,2230.0,2230.0,,,,0,
2026-09-04T20,133,0,18.2,18.2,18.1,18.1,,,,0,
2026-09-04T20,134,0,49.25,49.25,49.0,49.0,,,,0,
2026-09-04T20,135,0,17.8,17.8,17.8,17.8,,,,0,
2026-09-04T20,136,0,1.53,1.53,1.53,1.53,,,,0,
2026-09-04T20,137,0,125.0,125.0,124.0,124.0,,,,0,
2026-09-04T20,138,0,1220.0,1220.0,1220.0,1220.0,,,,0,
2026-09-04T20,139,0,9.9,9.9,9.9,9.9,,,,0,
2026-09-04T20,140,0,256.0,256.0,254.0,254.0,,,,0,
2026-09-04T20,141,0,34.5,34.5,34.5,34.5,,,,0,
2026-09-04T20,142,0,790.0,790.0,785.0,785.0,,,,0,
2026-09-04T20,143,0,705.0,705.0,705.0,705.0,,,,0,
2026-09-04T20,144,0,17.4,17.4,17.4,17.4,,,,0,
2026-09-04T20,145,0,136.0,136.0,136.0,136.0,,,,0,
2026-09-04T20,146,0,6.3,6.3,6.3,6.3,,,,0,
2026-09-04T20,147,0,39.5,39.5,39.5,39.5,,,,0,
2026-09-04T20,148,0,33.0,33.0,33.0,33.0,,,,0,
2026-09-04T20,149,0,790.0,790.0,790.0,790.0,,,,0,
2026-09-04T20,150,0,376.0,376.0,376.0,376.0,,,,0,
2026-09-04T20,151,0,382.0,382.0,382.0,382.0,,,,0,
2026-09-04T20,152,0,234.0,234.0,234.0,234.0,,,,0,
2026-09-04T20,153,0,81.5,81.5,81.5,81.5,,,,0,
2026-09-04T20,154,0,81.0,81.0,81.0,81.0,,,,0,
2026-09-04T20,155,0,129.0,129.0,129.0,129.0,,,,0,
