heure,kind,quality,prix,vendu,disparu,n_evt
2026-09-04T12,106,0,4.35,7049,,1
2026-09-04T14,106,0,4.4,5628,,1
2026-09-04T14,106,1,4.45,8000,,1
2026-09-04T14,106,2,4.8,31296,,2
2026-09-04T15,106,0,4.4,3968,,1
2026-09-04T15,106,0,4.45,5721,,1
2026-09-04T16,106,0,4.5,350,,1
2026-09-04T16,106,0,4.55,6173,,2
2026-09-04T16,106,2,4.75,162,,1
2026-09-04T17,106,0,4.45,25938,,3
2026-09-04T17,106,0,4.55,6874,,1
2026-09-04T18,106,0,4.15,415,,1
2026-09-04T18,106,0,4.2,100,,1
2026-09-04T18,106,0,4.4,40,,1
2026-09-04T18,106,2,4.8,20028,,1
2026-09-04T21,106,0,4.3,1048,,1
2026-09-04T21,106,0,4.35,1911,,1
2026-09-04T21,106,0,4.4,1570,,1
2026-09-04T21,106,0,4.45,1926,,1
2026-09-04T21,106,0,4.5,7000,,2
2026-09-04T21,106,0,4.55,13031,,1
2026-09-04T21,106,2,4.8,16547,,2
2026-09-04T23,106,0,4.35,0,2676,1
2026-09-04T23,106,0,4.4,599,11073,4
2026-09-04T23,106,0,4.45,0,13500,1
2026-09-04T23,106,0,4.5,0,1500,1
2026-09-04T23,106,0,4.55,28831,356,3
2026-09-04T23,106,1,4.7,0,2322,1
2026-09-04T23,106,1,4.75,0,1518,1
2026-09-04T23,106,2,4.8,23745,8453,2
2026-09-05T00,106,0,4.45,0,2171,1
2026-09-05T00,106,0,4.5,0,104,1
2026-09-05T00,106,0,4.55,33215,0,2
2026-09-05T00,106,2,4.8,11547,0,2
2026-09-05T01,106,0,4.55,33727,0,3
2026-09-05T01,106,2,4.3,1620,0,1
2026-09-05T01,106,2,4.8,36000,0,1
2026-09-05T02,106,0,4.05,0,10660,1
2026-09-05T02,106,0,4.2,1381,0,1
2026-09-05T02,106,2,4.3,6977,0,1
2026-09-05T03,106,0,3.95,0,806,1
2026-09-05T03,106,0,4.0,0,1262,2
2026-09-05T03,106,0,4.1,0,23361,2
2026-09-05T03,106,0,4.15,0,20729,2
2026-09-05T03,106,0,4.2,16204,1378,5
2026-09-05T03,106,1,4.5,28623,0,1
2026-09-05T03,106,1,4.75,0,1000,1
2026-09-05T03,106,2,4.25,0,1000,1
2026-09-05T03,106,2,4.3,0,3194,1
2026-09-05T03,106,3,4.8,0,2000,1
2026-09-05T03,106,3,4.85,7048,0,1
2026-09-05T04,106,0,4.15,0,5000,1
2026-09-05T04,106,0,4.2,8287,445,3
2026-09-05T04,106,1,4.5,0,15124,1
2026-09-05T05,106,0,4.1,9300,34902,5
2026-09-05T05,106,0,4.15,0,92,1
2026-09-05T05,106,0,4.2,0,8287,4
2026-09-05T05,106,0,4.25,0,3623,2
2026-09-05T05,106,0,4.3,0,2114,1
2026-09-05T05,106,0,4.4,0,27,1
2026-09-05T05,106,0,4.5,0,2550,1
2026-09-05T05,106,0,4.55,0,156563,2
2026-09-05T05,106,2,4.75,0,6232,1
2026-09-05T05,106,2,4.8,14887,0,1
2026-09-05T06,106,0,4.5,1593,22602,4
2026-09-05T06,106,0,4.6,4765,0,2
2026-09-05T06,106,1,4.7,3379,1000,2
2026-09-05T07,106,0,4.45,0,100,1
2026-09-05T07,106,0,4.5,0,258,1
2026-09-05T07,106,0,4.55,0,2372,3
2026-09-05T07,106,0,4.6,11006,8928,11
2026-09-05T07,106,0,4.65,26022,54,3
2026-09-05T07,106,1,4.65,0,4200,1
2026-09-05T08,106,2,4.35,47250,0,1
2026-09-05T08,106,2,4.45,28300,0,1
2026-09-05T08,106,3,4.75,0,2000,1
2026-09-05T08,106,3,4.8,34758,0,1
2026-09-05T09,106,0,4.15,0,320,1
2026-09-05T09,106,0,4.2,116,600,2
2026-09-05T09,106,0,4.25,300,25644,3
2026-09-05T09,106,2,4.35,0,14517,1
2026-09-05T09,106,2,4.45,5629,0,1
2026-09-05T10,106,0,4.15,0,300,1
2026-09-05T10,106,0,4.2,0,3984,2
2026-09-05T10,106,0,4.25,0,399,2
2026-09-05T10,106,0,4.3,20381,3695,6
2026-09-05T10,106,1,4.6,0,1418,1
2026-09-05T10,106,1,4.7,0,21621,1
2026-09-05T10,106,2,4.45,0,32651,1
2026-09-05T10,106,2,4.5,0,20000,1
2026-09-05T10,106,2,4.6,0,7405,1
2026-09-05T10,106,2,4.75,0,53833,2
2026-09-05T10,106,3,4.75,0,40000,1
2026-09-05T11,106,0,4.25,0,450,1
2026-09-05T11,106,0,4.3,0,930,3
2026-09-05T11,106,0,4.55,0,2021,1
2026-09-05T11,106,0,4.6,0,500,1
2026-09-05T11,106,0,4.65,2114,4398,3
2026-09-05T11,106,1,4.6,0,1000,1
2026-09-05T11,106,1,4.65,0,1128,1
2026-09-05T11,106,1,4.75,6663,0,1
2026-09-05T11,106,3,4.8,118017,0,3
2026-09-05T12,106,0,4.05,0,300,1
2026-09-05T12,106,0,4.1,0,1882,1
2026-09-05T12,106,0,4.15,0,11540,3
2026-09-05T12,106,0,4.2,0,500,1
2026-09-05T12,106,0,4.25,0,9449,1
2026-09-05T12,106,0,4.3,0,6907,1
2026-09-05T12,106,0,4.35,0,9500,2
2026-09-05T12,106,0,4.4,0,3172,1
2026-09-05T12,106,0,4.45,0,436,1
2026-09-05T12,106,0,4.5,0,52,1
2026-09-05T12,106,0,4.55,0,3754,2
2026-09-05T12,106,0,4.6,0,980,1
2026-09-05T12,106,0,4.65,0,1790,1
2026-09-05T12,106,1,4.75,1500,0,1
2026-09-05T12,106,2,4.75,0,1000,1
2026-09-05T12,106,3,4.8,18735,0,1
2026-09-05T13,106,0,3.7,0,3400,1
2026-09-05T13,106,0,4.1,0,27230,1
2026-09-05T13,106,0,4.15,0,369,1
2026-09-05T13,106,0,4.2,0,4961,2
2026-09-05T13,106,0,4.25,3072,0,2
2026-09-05T13,106,1,4.7,0,1770,2
2026-09-05T13,106,1,4.75,6730,0,1
2026-09-05T13,106,3,4.8,2654,0,1
2026-09-05T14,106,0,4.05,0,1469,2
2026-09-05T14,106,0,4.1,0,85,1
2026-09-05T14,106,0,4.15,0,3695,2
2026-09-05T14,106,0,4.2,0,6379,3
2026-09-05T14,106,0,4.25,0,5768,3
2026-09-05T14,106,0,4.3,0,2368,3
2026-09-05T14,106,0,4.35,0,1408,3
2026-09-05T14,106,0,4.4,0,1672,1
2026-09-05T14,106,0,4.45,0,144,1
2026-09-05T14,106,0,4.5,24971,90,2
2026-09-05T14,106,1,4.75,0,11986,1
2026-09-05T14,106,2,4.8,5005,0,1
2026-09-05T14,106,3,4.8,0,15054,1
2026-09-05T14,106,4,4.8,14549,5451,2
2026-09-05T15,106,0,4.35,0,1862,1
2026-09-05T15,106,0,4.4,0,313,1
2026-09-05T15,106,0,4.45,0,10505,5
2026-09-05T15,106,0,4.5,5280,6587,3
2026-09-05T15,106,0,4.55,0,18394,2
2026-09-05T15,106,0,4.6,634,0,1
2026-09-05T15,106,2,4.75,0,8133,1
2026-09-05T15,106,2,4.8,5151,23295,4
2026-09-05T15,106,3,4.85,37195,0,1
2026-09-05T17,106,2,4.75,8700,0,1
2026-09-05T18,106,0,4.1,0,236,1
2026-09-05T18,106,0,4.15,7882,11158,6
2026-09-05T18,106,0,4.2,38800,0,3
2026-09-05T19,106,0,3.95,0,993,1
2026-09-05T19,106,0,4.0,0,1856,2
2026-09-05T19,106,0,4.05,1846,1654,2
2026-09-05T19,106,0,4.1,0,203,1
2026-09-05T19,106,0,4.15,0,139,1
2026-09-05T19,106,0,4.2,95267,0,2
2026-09-05T20,106,0,3.95,0,175,1
2026-09-05T20,106,0,4.0,0,1103,1
2026-09-05T20,106,0,4.15,0,3344,3
2026-09-05T20,106,0,4.2,11481,17143,9
2026-09-05T20,106,0,4.25,2934,0,1
2026-09-05T20,106,2,4.7,0,40,1
2026-09-05T20,106,2,4.75,0,4720,1
2026-09-05T20,106,2,4.8,0,11638,1
2026-09-05T20,106,3,4.85,0,355619,1
2026-09-05T21,106,0,3.8,0,26664,1
2026-09-05T21,106,0,4.05,0,570,1
2026-09-05T21,106,1,4.5,0,38000,1
2026-09-05T21,106,2,4.8,0,58380,2
2026-09-05T21,106,2,4.85,739,0,1
2026-09-05T21,106,3,4.9,119639,76965,3
2026-09-05T23,106,0,3.75,0,15206,1
2026-09-05T23,106,0,3.8,0,2451,1
2026-09-05T23,106,0,3.85,0,795,1
2026-09-05T23,106,0,3.9,0,6719,1
2026-09-05T23,106,0,4.0,0,26037,2
2026-09-05T23,106,0,4.15,0,497,2
2026-09-05T23,106,0,4.2,0,3903,2
2026-09-05T23,106,0,4.25,0,36548,2
2026-09-05T23,106,0,4.3,0,1032,2
2026-09-05T23,106,0,4.35,0,11567,3
2026-09-05T23,106,0,4.4,0,7067,2
2026-09-05T23,106,0,4.45,0,309,1
2026-09-05T23,106,1,4.5,0,44113,1
2026-09-05T23,106,1,4.55,0,1428,1
2026-09-05T23,106,1,4.6,357,0,1
2026-09-05T23,106,2,4.85,7000,0,1
2026-09-05T23,106,3,4.9,20000,0,1
2026-09-06T00,106,0,3.8,0,104,1
2026-09-06T00,106,0,3.85,0,1783,3
2026-09-06T00,106,0,3.9,0,347,1
2026-09-06T00,106,0,3.95,0,1408,1
2026-09-06T00,106,0,4.0,0,64,1
2026-09-06T00,106,0,4.1,0,5845,1
2026-09-06T00,106,0,4.15,0,220,1
2026-09-06T00,106,0,4.2,0,1278,2
2026-09-06T00,106,0,4.25,0,1916,2
2026-09-06T00,106,0,4.3,25391,74526,5
2026-09-06T00,106,0,4.35,0,1439,3
2026-09-06T00,106,0,4.45,0,9676,1
2026-09-06T00,106,0,4.5,0,8658,2
2026-09-06T00,106,1,4.55,0,2000,1
2026-09-06T00,106,3,4.9,96384,44633,3
2026-09-06T00,106,3,4.95,101800,153938,3
2026-09-06T00,106,3,5.0,0,60000,1
2026-09-06T00,106,4,5.1,16835,43140,3
2026-09-06T00,106,4,5.2,0,24264,1
2026-09-06T00,106,4,5.3,0,16768,1
2026-09-06T00,106,4,5.4,0,38018,1
2026-09-06T00,106,4,5.5,0,15456,1
2026-09-06T00,106,4,5.6,75122,0,1
2026-09-06T01,106,0,4.5,0,328,1
2026-09-06T01,106,0,4.55,5879,23435,5
2026-09-06T01,106,1,4.55,0,1000,1
2026-09-06T01,106,1,4.6,41560,0,5
2026-09-06T02,106,0,4.05,108,749,2
2026-09-06T02,106,0,4.1,0,2678,1
2026-09-06T02,106,0,4.15,0,875,1
2026-09-06T02,106,0,4.2,0,1086,1
2026-09-06T02,106,0,4.25,0,657,1
2026-09-06T02,106,0,4.3,200,1345,3
2026-09-06T02,106,0,4.35,59,1401,4
2026-09-06T02,106,0,4.4,2147,0,1
2026-09-06T03,106,0,4.0,0,301,2
2026-09-06T03,106,0,4.35,0,231,1
2026-09-06T03,106,0,4.4,20,6826,3
2026-09-06T03,106,0,4.45,15622,0,5
2026-09-06T03,106,2,4.6,200,0,1
2026-09-06T04,106,0,4.0,0,200,1
2026-09-06T04,106,0,4.05,0,3375,1
2026-09-06T04,106,0,4.1,1009,25519,2
2026-09-06T04,106,0,4.4,0,500,1
2026-09-06T04,106,0,4.45,656,0,1
2026-09-06T04,106,1,4.4,1750,0,1
2026-09-06T04,106,3,5.4,7676,0,1
2026-09-06T05,106,0,3.75,0,17950,1
2026-09-06T05,106,0,3.8,0,197,1
2026-09-06T05,106,0,3.9,0,581,1
2026-09-06T05,106,0,3.95,0,14065,3
2026-09-06T05,106,0,4.0,8319,65,3
2026-09-06T05,106,0,4.05,175,941,2
2026-09-06T05,106,0,4.1,0,4115,1
2026-09-06T05,106,1,4.4,5000,0,1
2026-09-06T06,106,0,3.65,0,141,1
2026-09-06T06,106,0,3.7,0,123,1
2026-09-06T06,106,0,3.75,0,633,1
2026-09-06T06,106,0,3.8,0,8275,2
2026-09-06T06,106,0,3.85,0,6392,3
2026-09-06T06,106,0,3.9,0,958,3
2026-09-06T06,106,0,3.95,2087,0,2
2026-09-06T06,106,1,4.35,0,2229,1
2026-09-06T07,106,0,3.65,0,335,1
2026-09-06T07,106,0,3.9,0,451,1
2026-09-06T07,106,0,3.95,0,2530,2
2026-09-06T07,106,0,4.0,0,6665,2
2026-09-06T07,106,0,4.05,0,249,1
2026-09-06T07,106,0,4.1,5522,0,2
2026-09-06T08,106,0,3.65,0,13,1
2026-09-06T08,106,0,3.7,0,6362,2
2026-09-06T08,106,0,3.75,390,100,3
2026-09-06T08,106,0,3.8,437,1006,3
2026-09-06T08,106,0,3.85,26,2786,4
2026-09-06T08,106,0,4.0,1242,285,2
2026-09-06T08,106,1,4.25,0,1000,1
2026-09-06T08,106,1,4.3,15497,0,1
2026-09-06T08,106,2,4.5,0,8465,1
2026-09-06T08,106,2,4.6,9205,0,1
2026-09-06T09,106,0,3.65,100,30182,3
2026-09-06T09,106,0,3.7,826,54475,3
2026-09-06T09,106,0,3.75,0,1914,1
2026-09-06T09,106,0,3.8,0,157,2
2026-09-06T09,106,0,3.9,0,143,1
2026-09-06T09,106,0,4.0,0,40758,1
2026-09-06T09,106,0,4.05,11000,0,2
2026-09-06T10,106,0,3.75,0,1000,1
2026-09-06T10,106,0,3.8,0,1319,1
2026-09-06T10,106,0,3.85,0,2363,2
2026-09-06T10,106,0,3.9,13800,218,3
2026-09-06T11,106,0,3.65,0,270,1
2026-09-06T11,106,0,3.7,0,108,1
2026-09-06T11,106,0,3.75,0,597,2
2026-09-06T11,106,0,3.8,3792,7211,5
2026-09-06T11,106,0,3.85,0,434,2
2026-09-06T11,106,0,3.9,0,2606,3
2026-09-06T11,106,0,3.95,5400,7089,4
2026-09-06T11,106,0,4.0,0,13258,3
2026-09-06T11,106,0,4.05,0,49555,2
2026-09-06T12,106,0,3.65,0,171,1
2026-09-06T12,106,0,3.7,0,165,1
2026-09-06T12,106,0,3.8,0,47206,1
2026-09-06T12,106,0,3.85,0,5514,2
2026-09-06T12,106,0,3.9,1567,18703,4
2026-09-06T12,106,0,3.95,0,358,2
2026-09-06T12,106,0,4.0,2378,1742,4
2026-09-06T12,106,0,4.05,0,4687,2
2026-09-06T12,106,0,4.1,368,17895,2
2026-09-06T12,106,1,4.15,0,3000,1
2026-09-06T12,106,1,4.2,0,1507,1
2026-09-06T12,106,1,4.25,0,3415,2
2026-09-06T12,106,1,4.3,0,39338,2
2026-09-06T12,106,1,4.35,0,29936,2
2026-09-06T12,106,1,4.4,0,73093,1
2026-09-06T12,106,2,4.45,11052,0,1
2026-09-06T13,106,0,3.95,0,120,1
2026-09-06T13,106,0,4.0,380,663,3
2026-09-06T13,106,0,4.05,0,141,1
2026-09-06T13,106,0,4.1,0,23673,5
2026-09-06T13,106,0,4.15,0,8978,2
2026-09-06T13,106,0,4.2,30,646,3
2026-09-06T13,106,0,4.25,76,1574,4
2026-09-06T13,106,0,4.3,650,4350,2
2026-09-06T13,106,1,4.35,528,1472,2
2026-09-06T13,106,1,4.4,0,20000,1
2026-09-06T13,106,2,4.45,6883,0,3
2026-09-06T13,106,3,5.2,18280,8942,3
2026-09-06T14,106,0,3.8,0,686,2
2026-09-06T14,106,0,3.85,0,383,2
2026-09-06T14,106,0,3.9,0,4891,1
2026-09-06T14,106,0,3.95,0,200,1
2026-09-06T14,106,0,4.0,0,198,1
2026-09-06T14,106,0,4.1,0,100,1
2026-09-06T14,106,0,4.15,1408,0,2
2026-09-06T14,106,0,4.3,0,295,1
2026-09-06T14,106,0,4.35,0,19116,3
2026-09-06T14,106,0,4.4,4286,47167,5
2026-09-06T14,106,1,4.4,1000,0,1
2026-09-06T14,106,2,4.45,0,16590,1
2026-09-06T14,106,2,4.5,0,1500,1
2026-09-06T14,106,2,4.55,35523,0,1
2026-09-06T14,106,3,5.2,13364,0,1
2026-09-06T15,106,0,3.75,0,200,1
2026-09-06T15,106,0,3.8,0,2020,1
2026-09-06T15,106,0,3.85,0,327,1
2026-09-06T15,106,0,3.9,0,244,2
2026-09-06T15,106,0,3.95,0,593,2
2026-09-06T15,106,0,4.0,0,100,1
2026-09-06T15,106,0,4.05,0,5784,2
2026-09-06T15,106,0,4.1,0,11864,4
2026-09-06T15,106,0,4.15,0,473,1
2026-09-06T15,106,0,4.2,0,4909,2
2026-09-06T15,106,0,4.25,991,4304,4
2026-09-06T15,106,0,4.3,0,24121,3
2026-09-06T15,106,0,4.35,3225,5225,3
2026-09-06T15,106,0,4.4,1459,62095,3
2026-09-06T15,106,0,4.45,119572,0,1
2026-09-06T15,106,1,4.4,0,4817,1
2026-09-06T15,106,1,4.45,0,76370,3
2026-09-06T15,106,1,4.5,7500,22534,3
2026-09-06T15,106,2,4.55,54638,1576,4
2026-09-06T16,106,0,3.8,0,53,1
2026-09-06T16,106,0,3.85,0,7000,1
2026-09-06T16,106,0,4.2,0,12926,1
2026-09-06T16,106,0,4.25,0,1991,2
2026-09-06T16,106,0,4.3,324,200,2
2026-09-06T16,106,0,4.35,0,200,1
2026-09-06T16,106,0,4.4,0,117465,5
2026-09-06T16,106,0,4.45,14494,0,3
2026-09-06T16,106,1,4.4,0,23756,1
2026-09-06T17,106,0,4.0,0,1614,1
2026-09-06T17,106,0,4.15,0,4355,1
2026-09-06T17,106,0,4.2,0,15487,3
2026-09-06T17,106,0,4.25,0,1066,2
2026-09-06T17,106,0,4.3,0,750,5
2026-09-06T17,106,0,4.35,0,2410,2
2026-09-06T17,106,0,4.4,15150,1581,4
2026-09-06T17,106,1,4.45,1449,3051,2
2026-09-06T17,106,1,4.55,0,13270,1
2026-09-06T17,106,1,4.6,0,43670,1
2026-09-06T17,106,1,4.65,0,9693,1
2026-09-06T17,106,2,4.5,0,8466,1
2026-09-06T17,106,2,4.55,0,10041,1
2026-09-06T17,106,2,4.6,0,25988,2
2026-09-06T18,106,0,4.25,0,1297,3
2026-09-06T18,106,0,4.3,0,11331,3
2026-09-06T18,106,0,4.35,93,574,4
2026-09-06T18,106,0,4.4,0,5618,2
2026-09-06T18,106,0,4.45,9401,0,2
2026-09-06T18,106,1,4.55,0,3930,1
2026-09-06T18,106,2,4.6,101070,0,1
2026-09-06T19,106,0,3.9,0,962,1
2026-09-06T19,106,0,3.95,0,3718,2
2026-09-06T19,106,0,4.0,0,2298,4
2026-09-06T19,106,0,4.05,0,4325,2
2026-09-06T19,106,0,4.1,650,255,3
2026-09-06T19,106,0,4.15,0,1058,2
2026-09-06T19,106,0,4.2,930,15045,2
2026-09-06T19,106,0,4.25,0,4940,1
2026-09-06T19,106,0,4.3,0,200,1
2026-09-06T19,106,0,4.35,0,5506,3
2026-09-06T19,106,0,4.4,0,21735,6
2026-09-06T19,106,0,4.45,76941,0,5
2026-09-06T19,106,2,4.55,4123,0,1
2026-09-06T19,106,2,4.6,5000,0,1
2026-09-06T20,106,0,3.95,0,268,1
2026-09-06T20,106,0,4.0,0,10797,1
2026-09-06T20,106,0,4.05,0,90,1
2026-09-06T20,106,0,4.15,0,470,1
2026-09-06T20,106,0,4.2,0,269,1
2026-09-06T20,106,0,4.25,0,365,1
2026-09-06T20,106,0,4.3,60,3140,3
2026-09-06T20,106,0,4.35,0,600,3
2026-09-06T20,106,0,4.4,8801,3080,3
2026-09-06T20,106,0,4.45,55510,0,3
2026-09-06T21,106,0,3.65,0,592,1
2026-09-06T21,106,0,3.7,0,2000,1
2026-09-06T21,106,0,3.8,0,126,1
2026-09-06T21,106,0,3.85,0,2049,1
2026-09-06T21,106,0,3.9,0,105,1
2026-09-06T21,106,0,4.0,0,10,1
2026-09-06T21,106,0,4.3,0,231,2
2026-09-06T21,106,0,4.35,0,726,2
2026-09-06T21,106,0,4.4,0,984,3
2026-09-06T21,106,0,4.45,92741,0,2
2026-09-06T21,106,1,4.55,11277,0,1
2026-09-06T21,106,2,4.55,4500,3155,3
2026-09-06T21,106,2,4.6,27713,0,1
2026-09-06T22,106,0,4.1,1500,500,2
2026-09-06T22,106,0,4.15,0,7199,2
2026-09-06T22,106,0,4.2,0,1566,1
2026-09-06T22,106,0,4.25,0,600,2
2026-09-06T22,106,0,4.3,2150,6345,5
2026-09-06T22,106,0,4.35,0,556,2
2026-09-06T22,106,0,4.4,0,4930,5
2026-09-06T22,106,0,4.45,16528,0,1
2026-09-06T22,106,1,4.55,5756,0,1
2026-09-06T22,106,3,4.8,0,33189,1
2026-09-06T22,106,3,4.85,0,10018,1
2026-09-06T22,106,3,5.2,0,18356,1
2026-09-06T22,106,3,5.3,51861,0,1
2026-09-06T23,106,0,4.3,0,1249,3
2026-09-06T23,106,0,4.35,800,3862,3
2026-09-06T23,106,0,4.4,450,8491,5
2026-09-06T23,106,0,4.45,29466,0,1
2026-09-06T23,106,1,4.55,1000,0,1
2026-09-07T01,106,0,4.0,0,700,2
2026-09-07T01,106,0,4.05,0,500,1
2026-09-07T01,106,0,4.1,0,500,1
2026-09-07T01,106,0,4.15,0,500,1
2026-09-07T01,106,0,4.2,127,315,3
2026-09-07T01,106,0,4.25,0,21192,4
2026-09-07T01,106,0,4.35,0,3772,3
2026-09-07T01,106,0,4.4,0,895,3
2026-09-07T01,106,0,4.45,17156,0,1
2026-09-07T01,106,1,4.25,0,1000,1
2026-09-07T01,106,1,4.3,0,6731,1
2026-09-07T01,106,3,5.2,16372,0,1
2026-09-07T02,106,0,4.0,0,8186,1
2026-09-07T02,106,0,4.15,0,290,1
2026-09-07T02,106,0,4.2,0,2594,2
2026-09-07T02,106,0,4.25,0,1065,2
2026-09-07T02,106,0,4.3,49,2545,6
2026-09-07T02,106,0,4.35,863,849,4
2026-09-07T02,106,0,4.4,1425,0,1
2026-09-07T02,106,1,4.0,3000,27000,2
2026-09-07T03,106,0,4.3,0,551,2
2026-09-07T03,106,0,4.35,0,1248,1
2026-09-07T03,106,0,4.4,2676,17808,4
2026-09-07T03,106,1,4.45,2516,3484,2
2026-09-07T03,106,2,4.5,1333,0,1
2026-09-07T04,106,0,4.15,0,1107,1
2026-09-07T04,106,0,4.2,0,206,1
2026-09-07T04,106,0,4.25,6954,1711,2
2026-09-07T04,106,0,4.3,0,11716,3
2026-09-07T04,106,0,4.35,0,3241,1
2026-09-07T04,106,0,4.4,0,3832,2
2026-09-07T04,106,1,4.45,1233,0,2
2026-09-07T04,106,2,4.5,22255,667,3
2026-09-07T05,106,0,4.0,0,3015,2
2026-09-07T05,106,0,4.15,0,1000,2
2026-09-07T05,106,0,4.2,0,24058,2
2026-09-07T05,106,0,4.25,0,7207,2
2026-09-07T05,106,0,4.3,0,4753,4
2026-09-07T05,106,0,4.35,1704,20481,4
2026-09-07T05,106,1,4.4,27801,0,3
2026-09-07T05,106,2,4.5,50000,43939,2
2026-09-07T05,106,2,4.55,0,62759,1
2026-09-07T05,106,3,5.1,0,2000,1
2026-09-07T05,106,3,5.2,27800,0,1
2026-09-07T06,106,0,4.2,0,963,1
2026-09-07T06,106,0,4.25,0,1000,1
2026-09-07T06,106,0,4.3,0,390,1
2026-09-07T06,106,0,4.35,0,360,2
2026-09-07T06,106,1,4.4,1755,0,1
2026-09-07T06,106,2,4.55,489,0,1
2026-09-07T07,106,0,4.15,0,323,1
2026-09-07T07,106,0,4.2,455,4266,3
2026-09-07T07,106,0,4.25,0,723,2
2026-09-07T07,106,0,4.3,690,8624,3
2026-09-07T08,106,0,4.2,0,2007,2
2026-09-07T08,106,0,4.25,0,602,2
2026-09-07T08,106,0,4.3,0,7427,5
2026-09-07T08,106,0,4.35,0,8512,3
2026-09-07T08,106,0,4.4,2405,0,4
2026-09-07T08,106,1,4.35,0,50000,1
2026-09-07T08,106,1,4.4,0,9281,2
2026-09-07T08,106,1,4.45,719,0,1
2026-09-07T08,106,2,4.45,4973,0,1
2026-09-07T09,106,0,3.95,0,1587,1
2026-09-07T09,106,0,4.15,500,2141,3
2026-09-07T09,106,0,4.2,0,929,2
2026-09-07T09,106,0,4.25,0,76,1
2026-09-07T09,106,0,4.3,0,1881,1
2026-09-07T09,106,0,4.35,1483,225,2
2026-09-07T09,106,1,4.4,22828,0,2
2026-09-07T10,106,0,4.15,0,394,1
2026-09-07T10,106,0,4.2,0,61,1
2026-09-07T10,106,0,4.25,0,2099,3
2026-09-07T10,106,0,4.3,475,1486,6
2026-09-07T10,106,0,4.35,9646,11334,9
2026-09-07T10,106,2,4.45,23000,0,1
2026-09-07T11,106,0,3.95,0,275,2
2026-09-07T11,106,0,4.0,0,75,1
2026-09-07T11,106,0,4.05,316,0,2
2026-09-07T11,106,0,4.1,0,15,1
2026-09-07T11,106,0,4.15,0,100,1
2026-09-07T11,106,0,4.2,0,24255,1
2026-09-07T11,106,0,4.35,0,8040,3
2026-09-07T11,106,1,4.4,5696,0,1
2026-09-07T11,106,2,4.4,0,8837,1
2026-09-07T12,106,0,3.95,0,2762,1
2026-09-07T12,106,0,4.0,0,2728,3
2026-09-07T12,106,0,4.05,0,2662,3
2026-09-07T12,106,0,4.1,0,367,3
2026-09-07T12,106,0,4.15,478,3857,5
2026-09-07T12,106,0,4.2,1469,487,4
2026-09-07T12,106,0,4.25,0,2986,2
2026-09-07T12,106,0,4.3,0,4518,2
2026-09-07T12,106,0,4.35,0,844,1
2026-09-07T12,106,1,4.35,0,1000,1
2026-09-07T12,106,1,4.4,18837,0,2
2026-09-07T12,106,2,4.45,0,25472,1
2026-09-07T12,106,2,4.5,0,5199,1
2026-09-07T12,106,2,4.55,15280,0,1
2026-09-07T13,106,0,3.95,0,39,1
2026-09-07T13,106,0,4.1,0,4542,1
2026-09-07T13,106,0,4.15,0,91,1
2026-09-07T13,106,0,4.2,0,21032,2
2026-09-07T13,106,0,4.25,0,1128,1
2026-09-07T13,106,1,4.05,7900,100,2
2026-09-07T13,106,1,4.1,3436,6882,5
2026-09-07T13,106,1,4.3,1175,0,2
2026-09-07T13,106,2,4.45,6211,0,1
2026-09-07T13,106,2,4.5,12277,0,1
2026-09-07T14,106,0,3.7,0,13998,1
2026-09-07T14,106,0,3.75,0,1021,3
2026-09-07T14,106,0,3.8,0,187,1
2026-09-07T14,106,0,3.85,0,2216,2
2026-09-07T14,106,0,3.9,0,1462,2
2026-09-07T14,106,0,3.95,0,15105,2
2026-09-07T14,106,0,4.0,0,2304,3
2026-09-07T14,106,0,4.05,6091,21347,5
2026-09-07T14,106,0,4.1,0,3179,2
2026-09-07T14,106,0,4.15,1991,14891,3
2026-09-07T14,106,1,4.25,0,3485,1
2026-09-07T14,106,1,4.3,3492,0,1
2026-09-07T14,106,2,4.45,7435,0,1
2026-09-07T14,106,3,5.1,0,9172,1
2026-09-07T14,106,3,5.2,4451,0,1
2026-09-07T15,106,0,4.1,0,122,2
2026-09-07T15,106,0,4.15,0,19817,2
2026-09-07T15,106,0,4.2,1038,7602,5
2026-09-07T15,106,0,4.25,2160,8605,7
2026-09-07T15,106,0,4.3,0,1808,5
2026-09-07T15,106,0,4.35,13422,65230,5
2026-09-07T15,106,0,4.4,16709,0,1
2026-09-07T15,106,1,4.3,0,40931,1
2026-09-07T15,106,1,4.35,0,1950,1
2026-09-07T15,106,1,4.4,0,99728,2
2026-09-07T15,106,2,4.4,1828,3179,2
2026-09-07T15,106,2,4.45,12052,0,1
2026-09-07T16,106,0,4.1,0,2488,3
2026-09-07T16,106,0,4.15,0,1900,3
2026-09-07T16,106,0,4.2,1,1109,4
2026-09-07T16,106,0,4.25,0,5277,5
2026-09-07T16,106,0,4.3,712,14975,7
2026-09-07T16,106,0,4.35,0,7594,4
2026-09-07T16,106,0,4.4,8822,10728,6
2026-09-07T16,106,1,4.3,0,36,1
2026-09-07T16,106,1,4.35,0,4535,1
2026-09-07T16,106,1,4.4,77249,4029,2
2026-09-07T16,106,2,4.45,17904,0,3
2026-09-07T17,106,0,4.15,0,2339,3
2026-09-07T17,106,0,4.2,0,1932,2
2026-09-07T17,106,0,4.25,12658,28680,3
2026-09-07T17,106,0,4.3,0,1205,2
2026-09-07T17,106,0,4.35,0,2638,2
2026-09-07T17,106,1,4.35,1848,4463,3
2026-09-07T17,106,1,4.4,20232,0,2
2026-09-07T17,106,3,5.1,0,8061,1
2026-09-07T17,106,3,5.2,0,1377,1
2026-09-07T17,106,3,5.3,10141,0,1
2026-09-07T18,106,0,3.75,0,400,1
2026-09-07T18,106,0,3.8,0,100,1
2026-09-07T18,106,0,3.85,0,3306,1
2026-09-07T18,106,0,3.9,0,692,1
2026-09-07T18,106,0,3.95,0,861,1
2026-09-07T18,106,3,5.3,69072,0,1
2026-09-07T19,106,0,3.9,0,20405,2
2026-09-07T19,106,0,3.95,0,927,1
2026-09-07T19,106,0,4.0,0,772,1
2026-09-07T19,106,0,4.1,0,528,2
2026-09-07T19,106,0,4.15,0,10000,1
2026-09-07T19,106,0,4.2,2208,4420,3
2026-09-07T19,106,0,4.25,350,2065,3
2026-09-07T19,106,0,4.3,0,18301,4
2026-09-07T19,106,1,4.35,625,0,1
2026-09-07T19,106,2,4.3,4099,0,1
2026-09-07T20,106,0,4.1,0,229,1
2026-09-07T20,106,0,4.15,0,539,1
2026-09-07T20,106,0,4.2,0,4913,3
2026-09-07T20,106,0,4.25,2708,5350,8
2026-09-07T20,106,0,4.3,0,3773,4
2026-09-07T20,106,0,4.35,345,9709,4
2026-09-07T20,106,1,4.1,0,681,1
2026-09-07T20,106,1,4.2,0,2953,1
2026-09-07T20,106,1,4.25,1910,8090,2
2026-09-07T20,106,1,4.3,2846,35347,2
2026-09-07T20,106,1,4.35,0,542,1
2026-09-07T20,106,1,4.4,17180,0,1
2026-09-07T20,106,2,4.3,0,7144,1
2026-09-07T20,106,2,4.35,0,27911,1
2026-09-07T20,106,2,4.4,0,40000,1
2026-09-07T20,106,2,4.45,0,256398,1
2026-09-07T20,106,2,4.5,0,30311,1
2026-09-07T20,106,2,4.55,0,54584,2
2026-09-07T20,106,2,4.6,14390,0,1
2026-09-07T21,106,0,4.25,0,3748,4
2026-09-07T21,106,0,4.3,3436,4191,6
2026-09-07T21,106,0,4.35,0,523,2
2026-09-07T21,106,1,4.35,0,5105,2
2026-09-07T21,106,1,4.4,29873,0,3
2026-09-07T21,106,2,4.6,93535,0,1
2026-09-07T21,106,3,5.3,27202,45638,2
2026-09-07T21,106,4,5.3,0,10340,1
2026-09-07T22,106,0,3.8,0,900,1
2026-09-07T22,106,0,3.9,0,958,2
2026-09-07T22,106,0,3.95,412,0,1
2026-09-07T22,106,0,4.1,0,147,1
2026-09-07T22,106,0,4.15,453,0,1
2026-09-07T22,106,0,4.2,0,1000,1
2026-09-07T22,106,0,4.25,0,4578,1
2026-09-07T22,106,0,4.3,2711,2816,2
2026-09-07T22,106,0,4.35,0,177,1
2026-09-07T22,106,1,4.4,22997,0,2
2026-09-07T22,106,2,4.25,0,1000,1
2026-09-07T22,106,3,5.3,113424,0,1
2026-09-07T23,106,0,3.75,0,64,1
2026-09-07T23,106,0,3.8,0,650,2
2026-09-07T23,106,0,3.85,0,1556,2
2026-09-07T23,106,0,3.9,845,1290,3
2026-09-07T23,106,0,3.95,0,274,3
2026-09-07T23,106,0,4.0,9839,25331,5
2026-09-07T23,106,0,4.05,878,4425,4
2026-09-07T23,106,0,4.1,0,316,1
2026-09-07T23,106,0,4.15,0,1050,2
2026-09-07T23,106,0,4.2,8634,0,1
2026-09-07T23,106,2,4.55,0,500,1
2026-09-07T23,106,2,4.6,30538,0,1
2026-09-07T23,106,3,5.3,0,59374,1
2026-09-07T23,106,3,5.4,1996,0,1
2026-09-07T23,106,4,5.4,0,20000,1
2026-09-07T23,106,4,5.5,0,62332,1
2026-09-07T23,106,4,5.6,0,4422,1
2026-09-07T23,106,5,5.7,0,41849,1
2026-09-07T23,106,6,5.8,0,2995,1
2026-09-08T00,106,0,3.9,0,1000,1
2026-09-08T00,106,0,3.95,0,623,2
2026-09-08T00,106,0,4.0,0,1325,2
2026-09-08T00,106,0,4.1,0,2160,1
2026-09-08T00,106,0,4.15,621,1000,2
2026-09-08T00,106,0,4.2,0,13271,3
2026-09-08T00,106,0,4.25,0,2988,3
2026-09-08T00,106,0,4.3,0,22000,2
2026-09-08T00,106,0,4.35,0,871,1
2026-09-08T00,106,1,4.2,0,3964,1
2026-09-08T00,106,1,4.4,64607,0,3
2026-09-08T00,106,2,4.55,0,2500,1
2026-09-08T00,106,2,4.6,15909,0,1
2026-09-08T01,106,0,4.15,0,17678,1
2026-09-08T01,106,0,4.2,0,327,1
2026-09-08T01,106,0,4.25,0,2850,2
2026-09-08T01,106,0,4.3,0,2498,4
2026-09-08T01,106,0,4.35,0,7521,8
2026-09-08T01,106,0,4.4,9735,3632,6
2026-09-08T01,106,1,4.4,2869,5092,3
2026-09-08T01,106,1,4.45,333,0,1
2026-09-08T01,106,3,5.3,7057,0,1
2026-09-08T02,106,0,4.15,0,9427,1
2026-09-08T02,106,0,4.2,2075,16670,3
2026-09-08T03,106,0,4.05,0,300,1
2026-09-08T03,106,0,4.1,0,1099,1
2026-09-08T03,106,0,4.15,0,5301,2
2026-09-08T03,106,0,4.2,0,22843,1
2026-09-08T03,106,0,4.25,0,534,1
2026-09-08T03,106,0,4.3,0,30,1
2026-09-08T03,106,0,4.35,0,2664,3
2026-09-08T03,106,0,4.4,250,21663,9
2026-09-08T03,106,0,4.45,0,458024,6
2026-09-08T03,106,1,4.45,0,35423,3
2026-09-08T04,106,0,4.15,0,5936,1
2026-09-08T04,106,0,4.2,0,9622,2
2026-09-08T04,106,0,4.25,0,1963,3
2026-09-08T04,106,0,4.3,0,11147,3
2026-09-08T04,106,2,4.5,500,500,2
2026-09-08T04,106,3,5.0,12850,0,1
2026-09-08T05,106,0,3.95,0,1188,1
2026-09-08T05,106,0,4.0,0,500,1
2026-09-08T05,106,0,4.1,0,2366,1
2026-09-08T05,106,0,4.15,0,8301,1
2026-09-08T05,106,0,4.2,1000,8496,4
2026-09-08T05,106,0,4.25,13417,2614,7
2026-09-08T05,106,0,4.3,2370,0,2
2026-09-08T05,106,1,4.35,0,35592,2
2026-09-08T05,106,1,4.4,0,38665,1
2026-09-08T05,106,1,4.45,0,1000,1
2026-09-08T05,106,1,4.5,0,37348,2
2026-09-08T05,106,1,4.55,30,0,1
2026-09-08T05,106,2,4.4,0,25494,1
2026-09-08T05,106,2,4.45,0,28286,1
2026-09-08T05,106,2,4.5,0,74841,1
2026-09-08T05,106,2,4.55,0,2000,1
2026-09-08T05,106,2,4.6,34896,0,1
2026-09-08T06,106,0,3.8,1515,4272,2
2026-09-08T06,106,0,4.05,0,1431,1
2026-09-08T06,106,0,4.1,0,6965,3
2026-09-08T06,106,0,4.15,0,11617,2
2026-09-08T06,106,0,4.2,0,10534,3
2026-09-08T06,106,1,4.05,0,30000,1
2026-09-08T06,106,1,4.1,0,30,1
2026-09-08T06,106,2,4.5,0,6429,1
2026-09-08T06,106,2,4.6,2351,0,1
2026-09-08T07,106,0,4.15,0,50,1
2026-09-08T07,106,0,4.2,0,2816,2
2026-09-08T07,106,0,4.25,0,15142,2
2026-09-08T07,106,0,4.3,7504,105089,6
2026-09-08T07,106,0,4.35,516,3822,5
2026-09-08T07,106,0,4.4,7993,2435,4
2026-09-08T08,106,0,4.05,0,1881,1
2026-09-08T08,106,0,4.1,0,400,1
2026-09-08T08,106,0,4.15,4070,0,1
2026-09-08T08,106,1,4.45,0,509,1
2026-09-08T08,106,2,4.5,19984,1835,2
2026-09-08T08,106,2,4.55,0,1293,1
2026-09-08T08,106,2,4.6,28381,0,1
2026-09-08T09,106,0,3.9,0,990,1
2026-09-08T09,106,0,3.95,0,5085,3
2026-09-08T09,106,0,4.0,0,1567,2
2026-09-08T09,106,0,4.05,0,5063,6
2026-09-08T09,106,0,4.1,0,727,2
2026-09-08T09,106,0,4.15,2044,5789,3
2026-09-08T09,106,0,4.2,585,1375,2
2026-09-08T09,106,1,4.0,0,3783,1
2026-09-08T09,106,3,5.0,23000,0,1
2026-09-08T10,106,0,3.95,0,2000,1
2026-09-08T10,106,0,4.05,0,1369,2
2026-09-08T10,106,0,4.1,0,5191,2
2026-09-08T10,106,0,4.15,0,20907,3
2026-09-08T10,106,0,4.2,0,12182,6
2026-09-08T10,106,0,4.25,6702,4860,6
2026-09-08T10,106,0,4.3,2941,1562,3
2026-09-08T10,106,1,4.5,0,8743,3
2026-09-08T11,106,0,3.9,0,50,1
2026-09-08T11,106,0,3.95,0,200,1
2026-09-08T11,106,0,4.0,0,1000,1
2026-09-08T11,106,0,4.1,7071,467,5
2026-09-08T11,106,0,4.15,0,1905,1
2026-09-08T11,106,0,4.2,0,4552,1
2026-09-08T11,106,0,4.25,21612,0,2
2026-09-08T12,106,0,3.65,0,1323,2
2026-09-08T12,106,0,3.7,0,26,1
2026-09-08T12,106,0,3.75,0,503,2
2026-09-08T12,106,0,3.8,0,2559,3
2026-09-08T12,106,0,3.85,0,3417,3
2026-09-08T12,106,0,3.9,13395,4046,3
2026-09-08T12,106,0,3.95,0,3340,1
2026-09-08T12,106,0,4.0,0,3187,4
2026-09-08T12,106,0,4.05,0,6132,2
2026-09-08T12,106,0,4.1,0,10604,2
2026-09-08T12,106,0,4.2,0,1245,3
2026-09-08T12,106,1,4.2,0,1293,2
2026-09-08T12,106,1,4.25,8696,0,2
2026-09-08T12,106,2,4.5,0,10127,1
2026-09-08T12,106,2,4.55,2867,9801,2
2026-09-08T13,106,0,3.95,0,1334,2
2026-09-08T13,106,0,4.0,0,2811,1
2026-09-08T13,106,0,4.05,0,453,1
2026-09-08T13,106,0,4.1,0,3110,3
2026-09-08T13,106,0,4.15,694,3275,6
2026-09-08T13,106,0,4.2,1885,6286,3
2026-09-08T13,106,1,3.9,0,947,1
2026-09-08T13,106,1,4.25,4683,0,2
2026-09-08T13,106,3,4.5,10000,0,1
2026-09-08T14,106,0,3.9,0,761,2
2026-09-08T14,106,0,3.95,0,34747,2
2026-09-08T14,106,0,4.0,1894,9589,8
2026-09-08T14,106,0,4.05,0,9277,3
2026-09-08T14,106,0,4.1,1001,1754,5
2026-09-08T14,106,0,4.15,3111,7984,3
2026-09-08T14,106,2,4.45,350,0,1
2026-09-08T14,106,3,4.45,0,4448,1
2026-09-08T14,106,3,4.5,9261,0,1
2026-09-08T15,106,0,3.65,0,346,1
2026-09-08T15,106,0,3.7,0,279,1
2026-09-08T15,106,0,3.75,0,2132,3
2026-09-08T15,106,0,3.8,0,5134,4
2026-09-08T15,106,0,3.85,0,1507,3
2026-09-08T15,106,0,3.9,950,2569,4
2026-09-08T15,106,0,3.95,0,64,1
2026-09-08T15,106,0,4.0,0,2840,2
2026-09-08T15,106,0,4.05,625,4536,2
2026-09-08T15,106,1,4.1,0,8233,1
2026-09-08T15,106,1,4.2,0,2450,1
2026-09-08T15,106,1,4.25,8533,0,1
2026-09-08T15,106,2,4.35,1500,10700,2
2026-09-08T15,106,2,4.4,0,99999,1
2026-09-08T16,106,0,3.7,0,156,1
2026-09-08T16,106,0,3.75,0,532,1
2026-09-08T16,106,0,3.8,0,4677,2
2026-09-08T16,106,0,3.85,484,11341,4
2026-09-08T16,106,0,3.9,2176,74258,4
2026-09-08T16,106,0,3.95,0,1273,3
2026-09-08T16,106,0,4.0,0,46327,3
2026-09-08T16,106,0,4.05,1,0,1
2026-09-08T16,106,1,3.35,0,827,1
2026-09-08T16,106,1,4.15,0,2813,1
2026-09-08T16,106,1,4.2,0,1394,1
2026-09-08T16,106,1,4.25,0,87188,1
2026-09-08T16,106,2,4.3,0,10586,1
2026-09-08T16,106,2,4.35,0,15918,1
2026-09-08T16,106,2,4.4,1999,0,1
2026-09-08T16,106,3,3.9,0,1479,1
2026-09-08T17,106,0,3.35,0,1591,4
2026-09-08T17,106,0,3.4,2712,4556,4
2026-09-08T17,106,0,3.45,0,14515,2
2026-09-08T17,106,0,3.5,0,3,1
2026-09-08T17,106,0,3.75,0,12000,1
2026-09-08T17,106,0,3.8,0,9213,2
2026-09-08T17,106,0,3.85,0,20803,2
2026-09-08T17,106,0,3.9,0,11750,3
2026-09-08T17,106,0,3.95,0,100,1
2026-09-08T17,106,0,4.0,563,7701,7
2026-09-08T17,106,0,4.05,0,2783,3
2026-09-08T17,106,0,4.1,0,19119,3
2026-09-08T17,106,0,4.15,10594,480,2
2026-09-08T17,106,1,4.25,0,1712,1
2026-09-08T17,106,1,4.3,0,2449,1
2026-09-08T17,106,2,4.4,711,0,1
2026-09-08T17,106,3,4.5,0,20739,1
2026-09-08T17,106,3,5.0,16844,5338,3
2026-09-08T18,106,0,3.7,0,659,1
2026-09-08T18,106,0,3.75,0,699,2
2026-09-08T18,106,0,3.9,0,1410,2
2026-09-08T18,106,0,3.95,0,43687,4
2026-09-08T18,106,0,4.0,0,10225,4
2026-09-08T18,106,0,4.05,0,8096,1
2026-09-08T18,106,0,4.1,0,500,2
2026-09-08T18,106,0,4.15,0,8363,2
2026-09-08T18,106,0,4.2,271,0,1
2026-09-08T18,106,1,3.75,4731,2316,3
2026-09-08T18,106,1,4.15,0,3995,1
2026-09-08T18,106,2,4.35,15431,0,2
2026-09-08T18,106,3,3.8,0,13226,1
2026-09-08T18,106,3,4.05,0,13226,1
2026-09-08T19,106,0,3.6,0,1066,2
2026-09-08T19,106,0,3.65,0,27305,2
2026-09-08T19,106,0,3.75,0,819,1
2026-09-08T19,106,0,3.8,0,40000,1
2026-09-08T19,106,0,3.85,0,4648,5
2026-09-08T19,106,0,3.9,553,5390,4
2026-09-08T19,106,0,3.95,0,178,1
2026-09-08T19,106,0,4.0,0,1770,2
2026-09-08T19,106,1,4.2,0,3557,1
2026-09-08T19,106,1,4.25,0,1283,1
2026-09-08T19,106,1,4.3,0,4277,1
2026-09-08T19,106,1,4.35,3402,0,2
2026-09-08T19,106,2,4.35,0,4569,1
2026-09-08T19,106,2,4.4,2848,0,1
2026-09-08T20,106,0,3.65,0,1381,2
2026-09-08T20,106,0,3.7,0,230,2
2026-09-08T20,106,0,3.75,0,15,1
2026-09-08T20,106,0,3.85,0,420,2
2026-09-08T20,106,0,3.9,0,2000,1
2026-09-08T20,106,0,3.95,0,772,2
2026-09-08T20,106,0,4.0,0,781,3
2026-09-08T20,106,0,4.05,0,1800,2
2026-09-08T20,106,0,4.1,0,2537,3
2026-09-08T20,106,0,4.15,9956,6069,8
2026-09-08T20,106,0,4.2,7234,0,1
2026-09-08T20,106,1,4.3,0,2500,1
2026-09-08T20,106,1,4.35,0,14798,1
2026-09-08T21,106,0,3.8,0,500,1
2026-09-08T21,106,0,3.85,0,500,1
2026-09-08T21,106,0,3.9,0,500,1
2026-09-08T21,106,0,3.95,0,4269,3
2026-09-08T21,106,0,4.0,0,3589,6
2026-09-08T21,106,0,4.05,1424,8146,5
2026-09-08T21,106,0,4.1,0,2475,4
2026-09-08T21,106,0,4.15,209,19900,3
2026-09-08T21,106,0,4.2,3531,64166,10
2026-09-08T21,106,0,4.25,8668,0,1
2026-09-08T21,106,1,4.2,0,1800,1
2026-09-08T21,106,1,4.25,0,10000,1
2026-09-08T21,106,2,4.4,0,196436,1
2026-09-08T21,106,2,4.45,0,37797,2
2026-09-08T21,106,2,4.5,0,12260,1
2026-09-08T21,106,2,4.55,0,9438,1
2026-09-08T21,106,2,4.6,0,50917,2
2026-09-08T21,106,2,4.65,0,16837,1
2026-09-08T21,106,2,4.7,16168,0,1
2026-09-08T22,106,0,3.7,0,1000,1
2026-09-08T22,106,0,3.8,0,13681,4
2026-09-08T22,106,0,3.85,0,1757,2
2026-09-08T22,106,0,3.9,0,390,1
2026-09-08T22,106,0,3.95,0,9755,1
2026-09-08T22,106,0,4.0,0,10172,2
2026-09-08T22,106,0,4.1,0,1871,2
2026-09-08T22,106,0,4.15,0,4591,5
2026-09-08T22,106,0,4.2,945,4015,2
2026-09-08T22,106,1,4.2,9049,951,3
2026-09-08T23,106,0,3.85,0,314,1
2026-09-08T23,106,0,3.9,0,308,1
2026-09-08T23,106,0,3.95,0,1726,2
2026-09-08T23,106,0,4.0,0,17065,3
2026-09-08T23,106,0,4.05,324,12108,5
2026-09-08T23,106,0,4.1,0,5885,2
2026-09-08T23,106,0,4.15,0,75,1
2026-09-08T23,106,0,4.2,0,23210,3
2026-09-08T23,106,0,4.25,5804,0,2
2026-09-08T23,106,1,4.2,0,5503,1
2026-09-08T23,106,1,4.25,0,4379,1
2026-09-08T23,106,1,4.3,0,2551,1
2026-09-08T23,106,1,4.4,7302,0,1
2026-09-09T00,106,0,3.7,0,2120,1
2026-09-09T00,106,0,3.75,0,1478,3
2026-09-09T00,106,0,3.8,1174,20842,3
2026-09-09T00,106,0,3.85,0,1000,1
2026-09-09T00,106,0,3.9,0,2269,1
2026-09-09T00,106,0,3.95,12506,1580,4
2026-09-09T00,106,0,4.0,0,296,1
2026-09-09T01,106,0,3.95,0,3536,1
2026-09-09T01,106,0,4.0,0,3415,3
2026-09-09T01,106,0,4.05,0,9826,5
2026-09-09T01,106,0,4.1,54983,150017,5
2026-09-09T01,106,0,4.2,0,2123,1
2026-09-09T01,106,0,4.25,0,28416,7
2026-09-09T01,106,0,4.3,0,46498,7
2026-09-09T01,106,0,4.35,10745,8218,3
2026-09-09T01,106,1,4.05,0,3000,1
2026-09-09T01,106,1,4.1,0,3863,1
2026-09-09T01,106,1,4.15,0,7000,1
2026-09-09T01,106,1,4.35,0,3209,2
2026-09-09T01,106,1,4.4,8991,1407,3
2026-09-09T01,106,4,5.0,7419,0,1
2026-09-09T02,106,0,3.95,0,6993,3
2026-09-09T02,106,0,4.0,0,6889,3
2026-09-09T02,106,0,4.05,59,0,1
2026-09-09T02,106,0,4.35,6767,0,1
2026-09-09T02,106,1,4.2,0,3973,1
2026-09-09T02,106,1,4.35,27,0,1
2026-09-09T03,106,0,3.45,0,61,1
2026-09-09T03,106,0,3.85,0,100,1
2026-09-09T03,106,0,3.9,0,500,1
2026-09-09T03,106,0,3.95,0,1000,1
2026-09-09T03,106,0,4.0,2000,0,1
2026-09-09T03,106,0,4.05,0,591,2
2026-09-09T03,106,0,4.1,0,7078,4
2026-09-09T03,106,1,4.35,1049,0,1
2026-09-09T04,106,0,3.8,0,32314,1
2026-09-09T04,106,0,3.85,0,109,1
2026-09-09T04,106,0,3.9,0,11606,3
2026-09-09T04,106,0,3.95,0,5353,3
2026-09-09T04,106,0,4.0,11021,11209,7
2026-09-09T04,106,0,4.05,356,15088,2
2026-09-09T04,106,1,4.25,400,0,1
2026-09-09T04,106,3,4.9,16986,6014,2
2026-09-09T05,106,0,3.8,0,100,1
2026-09-09T05,106,0,3.85,0,4077,3
2026-09-09T05,106,0,3.9,4125,28459,4
2026-09-09T05,106,0,3.95,26162,99,3
2026-09-09T05,106,1,4.15,0,1000,1
2026-09-09T05,106,1,4.2,7500,0,1
2026-09-09T05,106,2,4.5,0,3800,1
2026-09-09T05,106,2,4.55,0,2000,1
2026-09-09T05,106,2,4.6,8590,0,1
2026-09-09T06,106,0,3.5,0,252,1
2026-09-09T06,106,0,3.55,0,10357,2
2026-09-09T06,106,0,3.6,0,5403,1
2026-09-09T06,106,0,3.65,0,530,1
2026-09-09T06,106,0,3.7,0,1853,2
2026-09-09T06,106,0,3.75,0,13168,2
2026-09-09T06,106,0,3.8,0,25000,2
2026-09-09T06,106,0,3.85,0,3509,3
2026-09-09T06,106,0,3.9,0,3520,4
2026-09-09T06,106,0,3.95,2209,133001,4
2026-09-09T06,106,0,4.0,0,19431,2
2026-09-09T06,106,1,4.15,680,0,1
2026-09-09T06,106,2,3.6,0,9065,1
2026-09-09T06,106,2,3.65,0,3917,1
2026-09-09T07,106,0,3.35,0,500,1
2026-09-09T07,106,0,3.4,0,18117,1
2026-09-09T07,106,0,3.45,0,6056,2
2026-09-09T07,106,0,3.75,0,3207,1
2026-09-09T07,106,0,3.8,0,228,1
2026-09-09T07,106,0,3.9,0,5564,1
2026-09-09T07,106,0,3.95,0,4079,3
2026-09-09T07,106,0,4.0,0,14903,6
2026-09-09T07,106,0,4.05,193,1909,4
2026-09-09T07,106,0,4.1,3471,600,2
2026-09-09T07,106,1,4.05,112024,355,3
2026-09-09T07,106,1,4.1,200,0,1
2026-09-09T07,106,1,4.15,0,3573,1
2026-09-09T07,106,1,4.2,3927,0,1
2026-09-09T08,106,0,3.65,0,212,1
2026-09-09T08,106,0,3.7,0,2473,1
2026-09-09T08,106,0,3.75,0,1198,2
2026-09-09T08,106,0,3.8,0,3338,1
2026-09-09T08,106,0,3.9,0,2434,1
2026-09-09T08,106,0,3.95,0,557,1
2026-09-09T08,106,1,4.0,1000,0,1
2026-09-09T08,106,4,4.95,0,42207,2
2026-09-09T08,106,4,5.0,0,29181,1
2026-09-09T09,106,0,3.5,0,76,1
2026-09-09T09,106,0,3.55,0,9934,1
2026-09-09T09,106,0,3.6,0,7228,1
2026-09-09T09,106,0,3.65,0,151,1
2026-09-09T09,106,0,3.75,0,3725,1
2026-09-09T09,106,0,3.8,0,1000,1
2026-09-09T09,106,0,3.85,0,53,1
2026-09-09T09,106,0,3.9,0,2747,1
2026-09-09T09,106,0,3.95,0,3436,2
2026-09-09T09,106,0,4.0,0,24487,9
2026-09-09T09,106,1,3.6,0,4138,1
2026-09-09T09,106,1,4.0,0,678,1
2026-09-09T09,106,1,4.05,70656,17320,5
2026-09-09T09,106,3,4.85,0,9748,1
2026-09-09T09,106,3,4.9,1885,42534,2
2026-09-09T09,106,3,5.0,76707,0,1
2026-09-09T10,106,0,3.9,0,641,2
2026-09-09T10,106,0,3.95,0,3009,4
2026-09-09T10,106,0,4.0,321,1591,5
2026-09-09T10,106,0,4.05,8361,57919,7
2026-09-09T10,106,2,4.15,0,30000,1
2026-09-09T10,106,2,4.2,0,51117,1
2026-09-09T10,106,2,4.25,0,29000,1
2026-09-09T10,106,2,4.3,0,7530,1
2026-09-09T10,106,2,4.35,0,15793,1
2026-09-09T10,106,2,4.4,0,7032,1
2026-09-09T10,106,2,4.5,0,43720,1
2026-09-09T11,106,0,3.65,0,3029,1
2026-09-09T11,106,0,3.7,0,451,2
2026-09-09T11,106,0,3.75,0,191,1
2026-09-09T11,106,0,3.8,694,263,2
2026-09-09T11,106,0,3.85,0,20470,2
2026-09-09T11,106,0,3.9,0,26545,5
2026-09-09T11,106,0,3.95,2701,28733,5
2026-09-09T11,106,0,4.0,2819,0,1
2026-09-09T11,106,1,4.0,0,1161,1
2026-09-09T11,106,1,4.05,0,3964,1
2026-09-09T11,106,1,4.1,0,8900,1
2026-09-09T11,106,1,4.15,0,34300,2
2026-09-09T11,106,1,4.2,0,41026,1
2026-09-09T11,106,6,3.8,0,10,1
2026-09-09T11,106,12,10.0,1000,0,1
2026-09-09T12,106,0,3.7,0,565,1
2026-09-09T12,106,0,3.75,0,2888,2
2026-09-09T12,106,0,3.8,100,906,3
2026-09-09T12,106,0,3.85,0,11092,3
2026-09-09T12,106,0,3.9,0,279,2
2026-09-09T12,106,0,3.95,0,3314,4
2026-09-09T12,106,0,4.0,19677,68210,10
2026-09-09T12,106,1,4.05,0,4993,1
2026-09-09T12,106,1,4.15,0,1000,1
2026-09-09T12,106,1,4.2,10999,0,1
2026-09-09T13,106,0,3.75,1611,5634,4
2026-09-09T13,106,0,3.8,1761,4090,3
2026-09-09T13,106,0,3.85,0,20589,2
2026-09-09T13,106,0,3.9,0,890,2
2026-09-09T13,106,0,3.95,0,5064,3
2026-09-09T13,106,0,4.0,1746,1425,3
2026-09-09T13,106,0,4.05,4240,0,1
2026-09-09T13,106,1,4.0,46,0,1
2026-09-09T13,106,1,4.15,1000,0,1
2026-09-09T13,106,3,5.0,0,83737,1
2026-09-09T13,106,3,5.3,0,97943,1
2026-09-09T13,106,3,5.4,20484,0,1
2026-09-09T14,106,0,3.7,0,22046,1
2026-09-09T14,106,0,3.75,0,3611,1
2026-09-09T14,106,0,3.8,0,2000,1
2026-09-09T14,106,0,3.85,0,3353,4
2026-09-09T14,106,0,3.9,0,3495,3
2026-09-09T14,106,0,3.95,10640,9763,8
2026-09-09T14,106,0,4.0,1506,26055,2
2026-09-09T14,106,1,3.95,0,2000,1
2026-09-09T14,106,1,4.0,0,3950,1
2026-09-09T14,106,2,4.45,0,1600,1
2026-09-09T14,106,2,4.5,0,4550,1
2026-09-09T14,106,2,4.55,9200,0,1
2026-09-09T14,106,3,5.1,13527,0,1
2026-09-09T15,106,0,3.85,0,977,2
2026-09-09T15,106,0,3.9,0,837,3
2026-09-09T15,106,0,3.95,0,2968,4
2026-09-09T15,106,1,3.95,0,3430,1
2026-09-09T15,106,1,4.0,9524,0,3
2026-09-09T15,106,2,4.5,0,87312,2
2026-09-09T15,106,2,4.55,30425,0,2
2026-09-09T16,106,0,3.35,0,524,1
2026-09-09T16,106,0,3.4,0,957,2
2026-09-09T16,106,0,3.7,0,971,1
2026-09-09T16,106,0,3.75,0,195,1
2026-09-09T16,106,0,3.8,2120,4537,4
2026-09-09T16,106,0,3.85,0,2065,1
2026-09-09T16,106,0,3.95,0,4677,2
2026-09-09T16,106,0,4.0,0,35250,6
2026-09-09T16,106,0,4.05,1589,7722,3
2026-09-09T16,106,1,3.85,2528,0,1
2026-09-09T16,106,1,4.0,0,40476,2
2026-09-09T16,106,1,4.05,0,1913,1
2026-09-09T16,106,1,4.1,0,1000,1
2026-09-09T17,106,0,3.6,0,10000,1
2026-09-09T17,106,0,3.65,0,170,1
2026-09-09T17,106,0,3.75,0,3900,1
2026-09-09T17,106,0,3.8,0,102,1
2026-09-09T17,106,0,3.85,0,5051,3
2026-09-09T17,106,0,3.9,0,16128,4
2026-09-09T17,106,0,3.95,0,10027,6
2026-09-09T17,106,0,4.0,0,14220,6
2026-09-09T17,106,0,4.05,8195,2530,4
2026-09-09T17,106,0,4.1,2785,21919,6
2026-09-09T17,106,1,3.85,0,2149,1
2026-09-09T17,106,1,4.0,0,1000,1
2026-09-09T18,106,0,3.75,0,25085,1
2026-09-09T18,106,0,3.8,0,4860,3
2026-09-09T18,106,0,3.85,0,2926,4
2026-09-09T18,106,0,3.9,21831,0,4
2026-09-09T18,106,1,4.1,0,3364,1
2026-09-09T18,106,1,4.15,0,23021,1
2026-09-09T18,106,1,4.2,0,2955,2
2026-09-09T18,106,1,4.25,0,97177,2
2026-09-09T18,106,1,4.3,0,17040,3
2026-09-09T18,106,1,4.4,0,2060,1
2026-09-09T18,106,1,4.45,0,2252,1
2026-09-09T18,106,3,4.5,0,27778,1
2026-09-09T19,106,0,3.6,0,15100,1
2026-09-09T19,106,0,3.75,0,17527,3
2026-09-09T19,106,0,3.8,0,8661,3
2026-09-09T19,106,0,3.85,1269,2000,3
2026-09-09T19,106,0,3.9,2230,79762,5
2026-09-09T19,106,0,3.95,0,1336,2
2026-09-09T19,106,0,4.0,4873,4870,3
2026-09-09T19,106,1,4.45,0,6820,1
2026-09-09T19,106,1,4.5,0,4496,1
2026-09-09T19,106,2,4.5,0,3954,1
2026-09-09T19,106,2,4.55,16027,9789,3
2026-09-09T20,106,0,3.8,0,10192,2
2026-09-09T20,106,0,3.85,34148,14795,10
2026-09-09T20,106,0,3.9,0,2060,5
2026-09-09T20,106,0,3.95,4102,1587,4
2026-09-09T20,106,0,4.0,448,672,3
2026-09-09T20,106,1,4.15,0,3964,1
2026-09-09T20,106,1,4.45,0,6000,1
2026-09-09T20,106,2,4.5,55408,0,3
2026-09-09T21,106,0,3.75,0,759,1
2026-09-09T21,106,0,3.8,13832,2213,3
2026-09-09T21,106,0,3.85,0,7278,3
2026-09-09T21,106,0,3.9,0,31635,3
2026-09-09T21,106,0,3.95,0,21562,2
2026-09-09T21,106,0,4.0,4305,8165,10
2026-09-09T21,106,0,4.05,0,2799,2
2026-09-09T21,106,0,4.1,0,30633,6
2026-09-09T21,106,0,4.15,0,21822,1
2026-09-09T21,106,1,4.25,0,10000,1
2026-09-09T21,106,1,4.3,5000,11380,2
2026-09-09T21,106,1,4.45,0,4855,1
2026-09-09T21,106,1,4.5,2714,0,1
2026-09-09T21,106,2,4.45,0,21,1
2026-09-09T21,106,2,4.5,0,95215,1
2026-09-09T22,106,0,3.8,0,200,1
2026-09-09T22,106,0,3.85,0,14753,2
2026-09-09T22,106,0,3.9,0,5230,2
2026-09-09T22,106,0,3.95,0,3616,2
2026-09-09T22,106,0,4.0,1314,26919,5
2026-09-09T22,106,0,4.05,995,745,3
2026-09-09T22,106,0,4.1,9775,2225,3
2026-09-09T22,106,1,4.15,0,3994,1
2026-09-09T22,106,1,4.45,0,1166,1
2026-09-09T22,106,1,4.5,0,1975,1
2026-09-09T22,106,2,4.55,8217,0,4
2026-09-09T23,106,0,3.8,0,492,1
2026-09-09T23,106,0,3.85,0,1265,1
2026-09-09T23,106,0,3.9,0,9500,1
2026-09-09T23,106,0,3.95,0,1279,1
2026-09-09T23,106,0,4.0,0,6998,5
2026-09-09T23,106,0,4.05,0,8709,4
2026-09-09T23,106,0,4.1,0,18797,2
2026-09-09T23,106,0,4.15,7650,0,1
2026-09-09T23,106,2,4.55,5696,24383,4
2026-09-09T23,106,2,4.6,6663,7390,3
2026-09-10T00,106,0,3.75,0,2750,2
2026-09-10T00,106,0,3.8,17250,0,1
2026-09-10T00,106,0,3.85,363,0,2
2026-09-10T01,106,0,3.7,0,1671,1
2026-09-10T01,106,0,3.75,0,223,1
2026-09-10T01,106,0,3.8,1280,4482,3
2026-09-10T01,106,0,3.85,0,175168,5
2026-09-10T01,106,0,3.9,454,3266,4
2026-09-10T01,106,0,3.95,1,3655,2
2026-09-10T01,106,3,4.9,7726,0,1
2026-09-10T02,106,0,3.45,0,3589,2
2026-09-10T02,106,0,3.5,0,732,2
2026-09-10T02,106,0,3.55,0,876,3
2026-09-10T02,106,0,3.6,3920,2376,2
2026-09-10T02,106,0,3.65,0,6874,1
2026-09-10T02,106,0,3.7,0,229,1
2026-09-10T02,106,0,3.75,0,10,1
2026-09-10T02,106,0,3.8,1028,73414,2
2026-09-10T02,106,1,4.05,4000,0,1
2026-09-10T02,106,1,4.25,400,0,1
2026-09-10T03,106,0,3.7,0,2231,1
2026-09-10T03,106,0,3.75,0,567,1
2026-09-10T03,106,0,3.8,0,2001,1
2026-09-10T03,106,0,3.85,0,3836,2
2026-09-10T03,106,0,3.9,6611,15866,7
2026-09-10T03,106,1,3.95,0,1000,1
2026-09-10T03,106,1,4.0,1989,0,1
2026-09-10T03,106,2,4.4,0,10000,1
2026-09-10T03,106,2,4.45,46500,0,1
2026-09-10T04,106,0,3.65,0,209,1
2026-09-10T04,106,0,3.7,0,70546,3
2026-09-10T04,106,0,3.75,0,1934,2
2026-09-10T04,106,0,3.8,0,1280,4
2026-09-10T04,106,0,3.85,16093,606,3
2026-09-10T04,106,0,3.9,4175,0,1
2026-09-10T04,106,1,3.95,1065,0,1
2026-09-10T04,106,2,4.35,0,8299,1
2026-09-10T04,106,2,4.4,3685,0,1
2026-09-10T05,106,0,3.4,0,566,1
2026-09-10T05,106,0,3.45,750,2954,2
2026-09-10T05,106,0,3.5,0,15,1
2026-09-10T05,106,0,3.55,0,3268,2
2026-09-10T05,106,0,3.6,381,50,2
2026-09-10T05,106,0,3.65,17388,15,2
2026-09-10T05,106,1,3.95,400,0,1
2026-09-10T05,106,2,3.6,0,13350,1
2026-09-10T05,106,2,4.35,0,1000,1
2026-09-10T05,106,2,4.4,0,6180,1
2026-09-10T05,106,2,4.45,35738,0,1
2026-09-10T06,106,0,3.35,0,2314,1
2026-09-10T06,106,0,3.4,0,3000,1
2026-09-10T06,106,0,3.45,0,12080,5
2026-09-10T06,106,0,3.5,0,3358,1
2026-09-10T06,106,0,3.55,0,9624,3
2026-09-10T06,106,0,3.6,0,13009,3
2026-09-10T06,106,0,3.65,0,1177,1
2026-09-10T06,106,0,3.7,0,25342,6
2026-09-10T06,106,0,3.75,0,241,1
2026-09-10T06,106,0,3.8,0,2481,2
2026-09-10T06,106,0,3.85,0,7609,4
2026-09-10T06,106,0,3.9,350,20556,9
2026-09-10T06,106,0,3.95,0,4245,2
2026-09-10T06,106,1,3.9,4000,1000,2
2026-09-10T06,106,1,3.95,0,29600,1
2026-09-10T06,106,1,4.0,1804,0,1
2026-09-10T07,106,0,3.7,0,1000,1
2026-09-10T07,106,0,3.75,0,129,1
2026-09-10T07,106,0,3.8,0,2935,3
2026-09-10T07,106,0,3.85,0,2658,4
2026-09-10T07,106,0,3.9,1579,5689,5
2026-09-10T07,106,0,3.95,1061,0,1
2026-09-10T07,106,1,3.85,0,3601,1
2026-09-10T07,106,1,3.9,0,87327,1
2026-09-10T07,106,1,3.95,14268,1156,2
2026-09-10T07,106,2,4.35,0,6315,1
2026-09-10T07,106,2,4.4,30465,0,1
2026-09-10T07,106,3,4.75,0,5600,1
2026-09-10T07,106,3,4.8,0,239509,2
2026-09-10T07,106,3,4.85,0,17000,1
2026-09-10T07,106,3,4.9,0,24608,1
2026-09-10T07,106,3,4.95,0,2500,1
2026-09-10T07,106,3,5.0,0,10000,1
2026-09-10T07,106,3,5.1,4355,24717,2
2026-09-10T07,106,4,5.5,0,20000,1
2026-09-10T08,106,0,3.6,0,303,1
2026-09-10T08,106,0,3.65,750,5320,5
2026-09-10T08,106,0,3.7,1566,3496,5
2026-09-10T08,106,0,3.75,4956,3852,3
2026-09-10T08,106,1,3.95,1500,29165,3
2026-09-10T08,106,2,4.4,12170,0,2
2026-09-10T09,106,0,3.55,0,192,1
2026-09-10T09,106,0,3.6,0,464,2
2026-09-10T09,106,0,3.7,0,2355,1
2026-09-10T09,106,0,3.75,0,46234,2
2026-09-10T09,106,0,3.8,727,5427,5
2026-09-10T09,106,0,3.85,7,446,3
2026-09-10T09,106,0,3.9,0,3861,3
2026-09-10T09,106,0,3.95,0,7600,2
2026-09-10T09,106,0,4.0,737,61685,13
2026-09-10T09,106,0,4.05,0,7458,5
2026-09-10T09,106,1,3.95,0,22500,1
2026-09-10T09,106,1,4.0,0,26207,1
2026-09-10T09,106,1,4.05,0,118483,1
2026-09-10T09,106,3,5.1,11633,64012,2
2026-09-10T09,106,3,5.2,45229,54771,2
2026-09-10T09,106,3,5.4,14301,0,1
2026-09-10T10,106,0,3.8,0,500,1
2026-09-10T10,106,0,3.85,0,4281,3
2026-09-10T10,106,0,3.9,11713,31325,7
2026-09-10T10,106,0,3.95,200,5232,4
2026-09-10T10,106,0,4.0,0,16722,5
2026-09-10T10,106,2,4.4,0,7365,1
2026-09-10T11,106,0,3.65,0,18187,1
2026-09-10T11,106,0,3.7,0,1286,2
2026-09-10T11,106,0,3.75,0,3474,3
2026-09-10T11,106,0,3.8,0,9100,4
2026-09-10T11,106,0,3.85,0,1747,2
2026-09-10T11,106,0,3.9,0,4495,3
2026-09-10T11,106,0,3.95,1364,13544,10
2026-09-10T11,106,0,4.0,2921,5635,7
2026-09-10T11,106,0,4.05,26599,0,1
2026-09-10T11,106,1,4.05,0,3424,1
2026-09-10T11,106,1,4.1,0,4985,1
2026-09-10T11,106,1,4.25,0,4600,1
2026-09-10T11,106,1,4.3,841,0,1
2026-09-10T11,106,2,4.4,0,2172,1
2026-09-10T11,106,2,4.45,20828,0,1
2026-09-10T12,106,0,3.6,0,47,1
2026-09-10T12,106,0,3.65,0,570,2
2026-09-10T12,106,0,3.7,2799,13593,4
2026-09-10T12,106,0,3.75,5036,4294,3
2026-09-10T12,106,0,3.8,0,900,1
2026-09-10T12,106,0,3.85,0,401,2
2026-09-10T12,106,0,3.9,0,11421,4
2026-09-10T12,106,0,3.95,196,0,1
2026-09-10T12,106,1,4.2,0,1000,1
2026-09-10T12,106,1,4.25,3796,0,1
2026-09-10T13,106,0,3.6,0,347,1
2026-09-10T13,106,0,3.65,0,116,1
2026-09-10T13,106,0,3.7,0,531,1
2026-09-10T13,106,0,3.75,9526,1000,3
2026-09-10T13,106,0,3.8,0,3591,1
2026-09-10T13,106,0,3.85,0,24047,2
2026-09-10T13,106,0,3.9,0,3707,2
2026-09-10T13,106,0,3.95,0,3003,1
2026-09-10T13,106,0,4.0,0,29112,4
2026-09-10T13,106,0,4.05,1461,0,1
2026-09-10T14,106,0,3.65,800,2828,2
2026-09-10T14,106,0,3.7,0,4150,3
2026-09-10T14,106,0,3.75,8296,26474,2
2026-09-10T14,106,0,3.8,0,6513,3
2026-09-10T14,106,0,3.85,231,5447,6
2026-09-10T14,106,0,3.9,0,714,1
2026-09-10T14,106,0,3.95,0,32984,1
2026-09-10T14,106,0,4.0,0,53,1
2026-09-10T14,106,0,4.05,11427,3052,3
2026-09-10T14,106,1,4.05,0,43000,1
2026-09-10T14,106,1,4.1,0,4963,1
2026-09-10T14,106,1,4.2,0,10000,1
2026-09-10T14,106,1,4.25,0,1257,1
2026-09-10T14,106,1,4.3,0,159,1
2026-09-10T14,106,2,4.3,0,1000,1
2026-09-10T14,106,2,4.35,0,2000,1
2026-09-10T14,106,2,4.4,0,88918,2
2026-09-10T14,106,2,4.45,0,411,1
2026-09-10T14,106,3,5.0,13575,0,1
2026-09-10T15,106,0,3.55,0,1062,2
2026-09-10T15,106,0,3.6,361,23406,7
2026-09-10T15,106,0,3.65,0,21204,3
2026-09-10T15,106,0,3.7,0,5021,3
2026-09-10T15,106,0,3.75,0,5637,1
2026-09-10T15,106,0,3.8,827,3283,6
2026-09-10T15,106,0,3.85,147,0,1
2026-09-10T15,106,1,4.15,4,0,1
2026-09-10T15,106,3,5.0,9987,0,1
2026-09-10T16,106,0,3.5,0,81,1
2026-09-10T16,106,0,3.55,0,429,1
2026-09-10T16,106,0,3.6,0,247,1
2026-09-10T16,106,0,3.65,0,97,1
2026-09-10T16,106,0,3.7,0,880,1
2026-09-10T16,106,0,3.75,0,161,1
2026-09-10T16,106,0,3.8,0,2906,5
2026-09-10T16,106,0,3.85,0,2677,3
2026-09-10T16,106,0,3.9,553,22072,6
2026-09-10T16,106,0,3.95,0,54674,6
2026-09-10T16,106,0,4.0,3500,2640,5
2026-09-10T16,106,1,4.05,3190,1058,2
2026-09-10T16,106,3,4.95,0,5508,1
2026-09-10T16,106,3,5.0,647,0,1
2026-09-10T17,106,0,3.6,6918,445,2
2026-09-10T17,106,0,3.65,0,150,2
2026-09-10T17,106,0,3.7,0,784,2
2026-09-10T17,106,0,3.85,3989,5345,3
2026-09-10T17,106,1,3.75,497,2502,3
2026-09-10T17,106,3,5.0,0,10558,1
2026-09-10T17,106,3,5.1,0,30612,1
2026-09-10T18,106,0,3.5,0,1067,1
2026-09-10T18,106,0,3.55,0,500,1
2026-09-10T18,106,0,3.6,0,10827,3
2026-09-10T18,106,0,3.65,0,3399,2
2026-09-10T18,106,0,3.7,9000,10496,4
2026-09-10T18,106,0,3.75,0,1662,2
2026-09-10T18,106,0,3.8,1263,7333,4
2026-09-10T18,106,0,3.85,0,10755,5
2026-09-10T18,106,0,3.9,33281,7945,7
2026-09-10T18,106,0,3.95,0,2674,2
2026-09-10T18,106,1,3.55,0,12645,1
2026-09-10T18,106,1,3.9,0,5000,1
2026-09-10T18,106,1,3.95,16991,1737,3
2026-09-10T19,106,0,3.65,4002,0,2
2026-09-10T19,106,0,3.8,1,3987,3
2026-09-10T19,106,0,3.85,0,3000,1
2026-09-10T19,106,0,3.9,3866,9693,2
2026-09-10T19,106,0,3.95,0,1400,1
2026-09-10T19,106,0,4.0,6354,0,1
2026-09-10T19,106,1,3.85,0,1717,1
2026-09-10T19,106,1,3.9,0,1512,1
2026-09-10T19,106,1,3.95,0,270,1
2026-09-10T19,106,1,4.0,0,2126,1
2026-09-10T19,106,1,4.05,20146,6664,2
2026-09-10T19,106,1,4.1,0,9506,1
2026-09-10T19,106,1,4.15,0,4990,1
2026-09-10T19,106,1,4.25,19376,0,2
2026-09-10T20,106,0,3.6,0,1656,2
2026-09-10T20,106,0,3.65,2509,48051,4
2026-09-10T20,106,0,3.7,0,20742,2
2026-09-10T20,106,0,3.75,0,1822,3
2026-09-10T20,106,0,3.8,0,5778,5
2026-09-10T20,106,0,3.85,0,1575,2
2026-09-10T20,106,0,3.9,0,81235,4
2026-09-10T20,106,0,3.95,0,798,1
2026-09-10T20,106,0,4.0,731,2478,5
2026-09-10T20,106,1,3.85,352,1648,3
2026-09-10T20,106,1,3.9,0,24500,1
2026-09-10T20,106,1,3.95,0,677,1
2026-09-10T20,106,1,4.0,0,4993,1
2026-09-10T20,106,1,4.2,7867,0,1
2026-09-10T20,106,2,4.3,0,2000,1
2026-09-10T20,106,2,4.35,0,11988,1
2026-09-10T20,106,2,4.4,0,2139,1
2026-09-10T20,106,2,4.45,464,399535,3
2026-09-10T20,106,2,4.5,0,105000,1
2026-09-10T21,106,0,3.75,0,268,1
2026-09-10T21,106,0,3.8,0,174,1
2026-09-10T21,106,0,3.85,10,22327,5
2026-09-10T21,106,0,3.9,14546,8185,3
2026-09-10T21,106,0,3.95,0,473,1
2026-09-10T21,106,0,4.0,10336,2164,3
2026-09-10T21,106,1,3.95,5756,0,1
2026-09-10T21,106,1,4.2,11277,0,1
2026-09-10T21,106,2,4.5,29708,0,1
2026-09-10T22,106,0,3.75,0,703,1
2026-09-10T22,106,0,3.8,0,775,1
2026-09-10T22,106,0,3.85,1,0,1
2026-09-10T22,106,0,3.9,0,4184,3
2026-09-10T22,106,0,3.95,0,4858,3
2026-09-10T22,106,0,4.0,1,35083,8
2026-09-10T22,106,0,4.05,0,9636,3
2026-09-10T22,106,0,4.1,0,41802,6
2026-09-10T22,106,1,3.9,0,2373,1
2026-09-10T22,106,1,3.95,0,20853,2
2026-09-10T22,106,1,4.0,11567,4126,3
2026-09-10T23,106,0,3.45,0,11830,1
2026-09-10T23,106,0,3.5,58,942,2
2026-09-10T23,106,0,3.55,0,7537,1
2026-09-10T23,106,0,3.6,0,2285,2
2026-09-10T23,106,0,3.65,0,21,1
2026-09-10T23,106,0,3.7,0,2953,2
2026-09-10T23,106,0,3.75,0,1000,1
2026-09-10T23,106,0,3.8,0,2409,1
2026-09-10T23,106,0,3.85,974,979,4
2026-09-10T23,106,0,3.9,681,0,1
2026-09-10T23,106,1,4.2,61822,0,4
2026-09-10T23,106,2,4.4,19735,0,1
2026-09-11T00,106,0,3.75,0,70,1
2026-09-11T00,106,0,3.8,0,65,2
2026-09-11T00,106,0,3.85,900,1343,4
2026-09-11T00,106,0,3.9,0,774,3
2026-09-11T00,106,0,4.0,0,9492,3
2026-09-11T00,106,0,4.05,239,274,2
2026-09-11T00,106,0,4.1,0,339,1
2026-09-11T00,106,0,4.15,896,2350,2
2026-09-11T00,106,1,4.05,0,4996,1
2026-09-11T00,106,1,4.2,400,0,1
2026-09-11T00,106,2,4.35,0,19154,1
2026-09-11T01,106,0,3.65,0,443,1
2026-09-11T01,106,0,3.7,0,1381,2
2026-09-11T01,106,0,3.75,0,4553,1
2026-09-11T01,106,0,3.8,79,2268,2
2026-09-11T01,106,0,3.85,0,5310,1
2026-09-11T01,106,0,3.9,0,42778,5
2026-09-11T01,106,2,4.35,0,4011,1
2026-09-11T02,106,0,3.7,0,360,1
2026-09-11T02,106,0,3.75,0,100,1
2026-09-11T02,106,0,3.8,0,773,1
2026-09-11T02,106,0,3.85,0,2463,1
2026-09-11T02,106,0,3.9,0,15368,2
2026-09-11T02,106,0,3.95,1568,783,2
2026-09-11T02,106,1,4.05,0,2000,1
2026-09-11T02,106,1,4.1,200,5000,2
2026-09-11T02,106,3,4.85,3958,0,1
2026-09-11T03,106,0,3.75,0,6703,1
2026-09-11T03,106,0,3.8,0,1456,1
2026-09-11T03,106,0,3.85,4185,36862,3
2026-09-11T03,106,1,4.1,0,8252,1
2026-09-11T03,106,1,4.15,2473,3517,2
2026-09-11T04,106,0,3.55,0,100,1
2026-09-11T04,106,0,3.6,0,11844,4
2026-09-11T04,106,0,3.65,0,349,3
2026-09-11T04,106,0,3.7,0,186,2
2026-09-11T04,106,0,3.75,0,5711,4
2026-09-11T04,106,0,3.8,0,5211,2
2026-09-11T04,106,0,3.85,0,11727,2
2026-09-11T04,106,0,3.9,2848,448,3
2026-09-11T04,106,0,3.95,1100,8530,4
2026-09-11T04,106,0,4.0,29140,670,5
2026-09-11T04,106,1,4.0,3000,0,1
2026-09-11T04,106,2,4.35,0,4500,1
2026-09-11T05,106,0,3.55,0,1783,1
2026-09-11T05,106,0,3.6,0,113,2
2026-09-11T05,106,0,3.65,0,1622,3
2026-09-11T05,106,0,3.7,465,1921,4
2026-09-11T05,106,0,3.75,0,25,1
2026-09-11T05,106,0,3.8,0,8878,3
2026-09-11T05,106,0,3.85,4619,28269,3
2026-09-11T05,106,0,3.9,1981,0,1
2026-09-11T05,106,1,3.9,330,2000,2
2026-09-11T05,106,2,4.3,0,48393,1
2026-09-11T06,106,0,3.55,0,26,1
2026-09-11T06,106,0,3.6,174,38468,3
2026-09-11T06,106,0,3.65,0,2594,3
2026-09-11T06,106,0,3.7,59521,417,7
2026-09-11T06,106,1,3.9,200,0,1
2026-09-11T06,106,2,4.25,0,2000,1
2026-09-11T07,106,0,3.5,0,1550,1
2026-09-11T07,106,0,3.55,0,466,3
2026-09-11T07,106,0,3.6,3889,1629,4
2026-09-11T07,106,0,3.65,4097,19354,3
2026-09-11T07,106,0,3.7,0,32315,5
2026-09-11T07,106,0,3.75,0,1734,4
2026-09-11T07,106,0,3.8,0,65,1
2026-09-11T07,106,1,3.75,0,14470,1
2026-09-11T07,106,1,3.8,200,7800,2
2026-09-11T07,106,1,3.85,4587,0,1
2026-09-11T08,106,0,3.55,0,74008,2
2026-09-11T08,106,0,3.6,0,200,1
2026-09-11T08,106,0,3.65,0,4587,2
2026-09-11T08,106,0,3.7,0,1845,3
2026-09-11T08,106,0,3.75,0,7383,3
2026-09-11T08,106,0,3.8,1166,5334,2
2026-09-11T08,106,0,3.85,0,5984,2
2026-09-11T08,106,0,3.9,5756,0,1
2026-09-11T08,106,1,3.75,0,20000,1
2026-09-11T08,106,1,3.85,0,5413,1
2026-09-11T08,106,1,3.9,0,30093,3
2026-09-11T08,106,1,3.95,0,30000,1
2026-09-11T08,106,1,4.0,0,1995,1
2026-09-11T08,106,2,4.2,0,300500,1
2026-09-11T09,106,0,3.75,0,2268,1
2026-09-11T09,106,0,3.8,0,591,2
2026-09-11T09,106,0,3.85,0,6486,7
2026-09-11T09,106,0,3.9,0,98950,8
2026-09-11T09,106,1,3.9,0,6358,1
2026-09-11T09,106,1,3.95,2881,0,2
2026-09-11T09,106,4,4.95,0,30000,1
2026-09-11T09,106,4,5.0,0,5000,1
2026-09-11T09,106,4,5.3,0,22718,1
2026-09-11T09,106,4,5.4,0,72952,3
2026-09-11T10,106,0,3.65,8600,0,1
2026-09-11T10,106,0,3.7,0,1594,3
2026-09-11T10,106,0,3.75,538,3230,4
2026-09-11T10,106,0,3.8,0,12144,3
2026-09-11T10,106,0,3.85,0,5781,4
2026-09-11T10,106,1,3.9,74478,0,3
2026-09-11T10,106,3,4.8,0,38920,1
2026-09-11T10,106,3,4.85,0,14833,2
2026-09-11T10,106,3,4.9,0,55175,1
2026-09-11T10,106,3,5.0,0,10000,1
2026-09-11T10,106,3,5.1,24838,0,2
2026-09-11T11,106,0,3.55,0,138,2
2026-09-11T11,106,0,3.6,0,4922,3
2026-09-11T11,106,0,3.65,0,33408,5
2026-09-11T11,106,0,3.7,0,9694,4
2026-09-11T11,106,0,3.75,0,17151,7
2026-09-11T11,106,0,3.8,0,9017,4
2026-09-11T11,106,0,3.85,2427,14416,4
2026-09-11T11,106,1,3.9,8971,0,2
2026-09-11T11,106,2,4.1,0,20540,1
2026-09-11T11,106,2,4.15,6460,2866,2
2026-09-11T11,106,2,4.2,0,1633,1
2026-09-11T11,106,2,4.25,0,14184,1
2026-09-11T12,106,0,3.75,0,433,1
2026-09-11T12,106,0,3.8,0,256,2
2026-09-11T12,106,0,3.85,139,2796,4
2026-09-11T12,106,0,3.9,15464,1994,4
2026-09-11T12,106,0,3.95,3252,0,1
2026-09-11T12,106,1,3.85,0,1000,1
2026-09-11T12,106,1,3.9,0,6338,1
2026-09-11T12,106,1,3.95,2670,2501,3
2026-09-11T12,106,1,4.0,1000,0,1
2026-09-11T12,106,3,5.1,0,4544,1
2026-09-11T12,106,3,5.3,0,50000,1
2026-09-11T12,106,3,5.4,14528,0,1
2026-09-11T13,106,0,3.55,0,1232,2
2026-09-11T13,106,0,3.6,0,4145,2
2026-09-11T13,106,0,3.65,327,868,4
2026-09-11T13,106,0,3.7,0,3528,2
2026-09-11T13,106,0,3.75,1324,26593,6
2026-09-11T13,106,0,3.8,5157,449,3
2026-09-11T13,106,1,3.95,0,1758,1
2026-09-11T13,106,1,4.0,0,4288,1
2026-09-11T13,106,1,4.05,0,2255,1
2026-09-11T13,106,1,4.1,8787,0,1
2026-09-11T13,106,2,4.2,0,3600,1
2026-09-11T13,106,2,4.25,22495,0,1
2026-09-11T14,106,0,3.7,480,1656,2
2026-09-11T14,106,0,3.75,0,1785,2
2026-09-11T14,106,0,3.8,14726,19733,7
2026-09-11T14,106,0,3.85,0,11543,4
2026-09-11T14,106,0,3.9,855,24730,5
2026-09-11T14,106,0,3.95,8,0,1
2026-09-11T14,106,2,4.25,7381,0,1
2026-09-11T14,106,3,5.3,13488,0,1
2026-09-11T15,106,0,3.85,0,3810,3
2026-09-11T15,106,0,3.9,147,34333,8
2026-09-11T15,106,0,3.95,0,17997,8
2026-09-11T15,106,0,4.0,149193,0,2
2026-09-11T15,106,1,4.0,2,5995,2
2026-09-11T15,106,1,4.05,2,0,1
2026-09-11T16,106,0,3.55,0,174,1
2026-09-11T16,106,0,3.65,0,9142,2
2026-09-11T16,106,0,3.7,0,140,1
2026-09-11T16,106,0,3.75,0,7284,3
2026-09-11T16,106,0,3.8,0,12878,2
2026-09-11T16,106,0,3.85,0,1617,4
2026-09-11T16,106,0,3.9,0,8224,3
2026-09-11T16,106,1,3.95,1389,0,1
2026-09-11T16,106,2,4.25,15793,0,1
2026-09-11T17,106,0,3.55,0,2199,3
2026-09-11T17,106,0,3.6,0,1195,3
2026-09-11T17,106,0,3.65,0,8459,3
2026-09-11T17,106,0,3.75,0,1405,2
2026-09-11T17,106,0,3.8,0,153,2
2026-09-11T17,106,0,3.85,701,741,2
2026-09-11T17,106,0,3.9,0,5586,1
2026-09-11T17,106,1,3.8,0,29146,1
2026-09-11T17,106,1,3.95,0,23611,1
2026-09-11T17,106,1,4.0,0,2993,1
2026-09-11T17,106,1,4.05,3315,0,1
2026-09-11T18,106,0,3.65,0,277,2
2026-09-11T18,106,0,3.7,0,2415,3
2026-09-11T18,106,0,3.75,0,23643,5
2026-09-11T18,106,0,3.8,0,2983,3
2026-09-11T18,106,0,3.85,13589,1751,4
2026-09-11T18,106,0,3.9,1390,0,1
2026-09-11T18,106,1,4.05,0,1401,1
2026-09-11T18,106,1,4.1,0,11240,3
2026-09-11T18,106,1,4.15,7359,0,1
2026-09-11T18,106,2,4.25,2848,0,1
2026-09-11T19,106,0,3.65,0,10424,3
2026-09-11T19,106,0,3.7,28362,366,3
2026-09-11T19,106,0,3.85,0,2328,1
2026-09-11T19,106,0,3.9,0,16785,5
2026-09-11T19,106,0,3.95,13984,0,1
2026-09-11T19,106,1,3.65,0,1,1
2026-09-11T19,106,1,3.7,0,3623,1
2026-09-11T19,106,1,3.95,0,2000,1
2026-09-11T19,106,1,4.0,0,4986,1
2026-09-11T19,106,1,4.1,0,3014,1
2026-09-11T19,106,1,4.15,5329,0,1
2026-09-11T19,106,2,4.2,0,49305,1
2026-09-11T19,106,2,4.25,0,52747,2
2026-09-11T19,106,2,4.3,0,524402,2
2026-09-11T20,106,0,3.55,0,5270,3
2026-09-11T20,106,0,3.6,15511,71035,4
2026-09-11T20,106,0,3.65,0,13642,2
2026-09-11T20,106,0,3.7,0,29122,2
2026-09-11T20,106,0,3.75,0,4601,2
2026-09-11T20,106,0,3.8,0,8193,3
2026-09-11T20,106,0,3.85,0,15173,4
2026-09-11T20,106,0,3.9,0,7012,3
2026-09-11T20,106,0,3.95,5116,0,1
2026-09-11T20,106,2,4.3,0,131713,1
2026-09-11T20,106,2,4.35,142776,0,3
2026-09-11T21,106,0,3.55,0,1262,2
2026-09-11T21,106,0,3.65,0,2252,1
2026-09-11T21,106,0,3.7,0,190,1
2026-09-11T21,106,0,3.75,0,4381,2
2026-09-11T21,106,0,3.8,7401,1325,4
2026-09-11T21,106,0,3.85,175,0,1
2026-09-11T21,106,1,3.95,200,0,1
2026-09-11T21,106,2,4.3,0,13050,1
2026-09-11T21,106,2,4.35,51090,55323,4
2026-09-11T22,106,0,3.6,0,1067,1
2026-09-11T22,106,0,3.65,20,3970,3
2026-09-11T22,106,0,3.7,0,2982,2
2026-09-11T22,106,0,3.75,0,14748,4
2026-09-11T22,106,0,3.8,475,3916,5
2026-09-11T22,106,0,3.85,0,19315,6
2026-09-11T22,106,0,3.9,998,90491,5
2026-09-11T22,106,0,3.95,28400,0,3
2026-09-11T22,106,1,3.95,0,911,1
2026-09-11T22,106,1,4.0,3500,4985,2
2026-09-11T22,106,1,4.05,18213,0,2
2026-09-11T23,106,0,3.85,1720,10647,4
2026-09-11T23,106,0,3.9,0,8745,2
2026-09-11T23,106,0,3.95,6911,29131,3
2026-09-11T23,106,1,3.95,0,33742,2
2026-09-11T23,106,1,4.0,1803,0,1
2026-09-11T23,106,3,5.0,0,26467,1
2026-09-11T23,106,3,5.2,0,17487,2
2026-09-11T23,106,3,5.3,0,36512,1
2026-09-11T23,106,3,5.4,32864,118150,2
2026-09-11T23,106,4,5.2,0,23000,1
2026-09-11T23,106,4,5.4,0,70676,2
2026-09-11T23,106,5,5.5,227128,0,2
2026-09-12T00,106,0,3.65,0,2355,2
2026-09-12T00,106,0,3.75,0,150,2
2026-09-12T00,106,0,3.8,512,35,2
2026-09-12T00,106,0,3.9,0,1440,1
2026-09-12T00,106,0,3.95,0,281,1
2026-09-12T00,106,1,4.0,0,48840,2
2026-09-12T00,106,1,4.05,12977,0,2
2026-09-12T00,106,2,4.25,21659,0,1
2026-09-12T00,106,4,5.5,0,7612,1
2026-09-12T00,106,5,5.5,0,28694,1
2026-09-12T00,106,6,5.6,15865,0,2
2026-09-12T01,106,0,3.6,0,68,1
2026-09-12T01,106,0,3.65,0,4516,1
2026-09-12T01,106,0,3.7,0,1699,1
2026-09-12T01,106,0,3.75,0,1000,1
2026-09-12T01,106,0,3.8,0,4609,1
2026-09-12T01,106,0,3.85,0,2772,2
2026-09-12T01,106,0,3.9,177,2545,4
2026-09-12T01,106,0,3.95,12188,0,2
2026-09-12T01,106,1,4.05,21668,0,1
2026-09-12T02,106,0,3.65,0,802,1
2026-09-12T02,106,0,3.7,2001,156,3
2026-09-12T02,106,0,3.75,2026,1318,2
2026-09-12T02,106,0,3.95,8,17948,4
2026-09-12T02,106,0,4.0,11887,0,1
2026-09-12T02,106,1,4.0,200,4774,2
2026-09-12T02,106,1,4.05,56264,0,1
2026-09-12T03,106,0,3.65,0,10418,1
2026-09-12T03,106,0,3.7,0,3749,1
2026-09-12T03,106,0,3.75,0,3474,2
2026-09-12T03,106,0,3.8,0,10076,1
2026-09-12T03,106,0,3.85,0,955,1
2026-09-12T03,106,0,3.9,0,31216,2
2026-09-12T03,106,0,3.95,0,11498,4
2026-09-12T03,106,0,4.0,11332,0,3
2026-09-12T03,106,1,4.05,11740,0,2
2026-09-12T04,106,0,3.75,0,373,1
2026-09-12T04,106,0,3.8,976,4910,4
2026-09-12T04,106,0,3.85,4838,73674,4
2026-09-12T04,106,0,3.9,0,8696,3
2026-09-12T04,106,0,3.95,0,2854,3
2026-09-12T04,106,1,3.95,0,11407,1
2026-09-12T04,106,1,4.0,0,2279,1
2026-09-12T04,106,1,4.05,707,0,1
2026-09-12T05,106,0,3.55,0,115,1
2026-09-12T05,106,0,3.6,0,5610,1
2026-09-12T05,106,0,3.65,0,12742,2
2026-09-12T05,106,0,3.7,27922,57761,3
2026-09-12T05,106,0,3.8,0,436,1
2026-09-12T05,106,0,3.85,6640,0,1
2026-09-12T05,106,1,3.9,0,4483,1
2026-09-12T05,106,1,3.95,0,1000,1
2026-09-12T05,106,1,4.0,0,17009,1
2026-09-12T05,106,1,4.05,3620,0,1
2026-09-12T05,106,2,4.15,0,18994,1
2026-09-12T05,106,2,4.2,0,2000,1
2026-09-12T06,106,0,3.75,0,2528,2
2026-09-12T06,106,0,3.8,3230,10493,4
2026-09-12T06,106,0,3.85,9430,10356,5
2026-09-12T06,106,1,4.0,200,0,1
2026-09-12T06,106,2,4.2,1100,12805,2
2026-09-12T06,106,2,4.25,0,16142,1
2026-09-12T06,106,2,4.3,3658,0,1
2026-09-12T06,106,3,4.9,0,20,1
2026-09-12T06,106,3,4.95,31980,0,1
2026-09-12T07,106,0,3.55,16177,335,3
2026-09-12T07,106,0,3.6,0,600,1
2026-09-12T07,106,0,3.65,0,1629,1
2026-09-12T07,106,0,3.7,0,1825,1
2026-09-12T07,106,0,3.75,0,1446,1
2026-09-12T07,106,0,3.8,1309,0,1
2026-09-12T07,106,2,4.3,4110,26890,2
2026-09-12T07,106,3,4.95,91292,0,1
2026-09-12T08,106,0,3.55,21807,33651,6
2026-09-12T08,106,0,3.6,3480,23439,5
2026-09-12T08,106,0,3.65,0,1825,2
2026-09-12T08,106,0,3.7,0,3206,2
2026-09-12T08,106,0,3.75,0,11733,2
2026-09-12T09,106,0,3.55,1000,39092,2
2026-09-12T09,106,0,3.6,0,250,1
2026-09-12T09,106,0,3.65,0,86,2
2026-09-12T09,106,0,3.7,0,11369,4
2026-09-12T09,106,0,3.75,0,5113,2
2026-09-12T09,106,0,3.8,1927,0,1
2026-09-12T09,106,1,3.9,2000,0,1
2026-09-12T09,106,2,4.25,0,250,1
2026-09-12T10,106,0,3.7,350,17020,4
2026-09-12T10,106,0,3.75,849,1291,3
2026-09-12T10,106,0,3.8,39408,0,2
2026-09-12T11,106,0,3.45,0,3196,2
2026-09-12T11,106,0,3.5,0,12978,3
2026-09-12T11,106,0,3.55,0,294,2
2026-09-12T11,106,0,3.6,0,4006,3
2026-09-12T11,106,0,3.65,0,20,1
2026-09-12T11,106,0,3.7,0,40817,2
2026-09-12T11,106,0,3.75,0,1441,1
2026-09-12T11,106,0,3.8,0,6239,6
2026-09-12T11,106,1,3.7,0,4297,1
2026-09-12T11,106,1,3.9,0,62727,2
2026-09-12T11,106,2,4.25,43704,0,1
2026-09-12T11,106,3,4.95,0,14306,1
2026-09-12T11,106,3,5.0,148324,0,2
2026-09-12T12,106,0,3.5,0,500,1
2026-09-12T12,106,0,3.55,0,755,2
2026-09-12T12,106,0,3.6,0,500,1
2026-09-12T12,106,0,3.65,0,500,1
2026-09-12T12,106,0,3.7,17466,8210,6
2026-09-12T12,106,0,3.75,1317,23103,7
2026-09-12T12,106,0,3.8,1997,6694,2
2026-09-12T12,106,1,3.8,66788,64147,3
2026-09-12T12,106,1,3.85,0,15000,1
2026-09-12T12,106,1,3.9,161,0,1
2026-09-12T12,106,2,4.25,25635,0,1
2026-09-12T12,106,3,4.9,6317,0,1
2026-09-12T12,106,12,10.0,101,0,1
2026-09-12T13,106,0,3.35,0,70,1
2026-09-12T13,106,0,3.4,0,11103,1
2026-09-12T13,106,0,3.55,0,54,1
2026-09-12T13,106,0,3.6,0,120,1
2026-09-12T13,106,0,3.65,0,1382,2
2026-09-12T13,106,0,3.7,0,878,1
2026-09-12T13,106,0,3.75,0,3313,2
2026-09-12T13,106,0,3.8,233,9906,6
2026-09-12T13,106,0,3.85,204,0,1
2026-09-12T13,106,1,3.85,0,3005,1
2026-09-12T13,106,1,3.9,0,9420,2
2026-09-12T13,106,1,3.95,600,6216,3
2026-09-12T13,106,1,4.0,5535,0,1
2026-09-12T14,106,0,3.35,0,1384,1
2026-09-12T14,106,0,3.4,0,772,1
2026-09-12T14,106,0,3.45,0,27301,2
2026-09-12T14,106,0,3.5,0,1280,2
2026-09-12T14,106,0,3.55,0,7459,2
2026-09-12T14,106,0,3.6,4035,0,1
2026-09-12T14,106,0,3.65,0,2610,1
2026-09-12T14,106,0,3.7,0,1561,2
2026-09-12T14,106,0,3.75,0,5966,2
2026-09-12T14,106,0,3.8,1114,4001,4
2026-09-12T14,106,0,3.85,15357,0,1
2026-09-12T14,106,3,4.9,14940,0,1
2026-09-12T15,106,0,3.55,0,3920,4
2026-09-12T15,106,0,3.6,0,7241,4
2026-09-12T15,106,0,3.65,6900,9087,3
2026-09-12T15,106,0,3.7,0,2428,3
2026-09-12T15,106,0,3.75,0,5904,3
2026-09-12T15,106,0,3.8,0,18780,4
2026-09-12T15,106,0,3.85,6953,24596,6
2026-09-12T15,106,0,3.9,2986,1075,3
2026-09-12T15,106,1,3.95,0,9078,2
2026-09-12T15,106,1,4.0,0,30629,4
2026-09-12T15,106,1,4.05,0,372537,1
2026-09-12T15,106,1,4.1,0,3190,1
2026-09-12T15,106,1,4.15,0,152029,1
2026-09-12T15,106,2,4.2,43841,0,1
2026-09-12T16,106,0,3.6,0,366,1
2026-09-12T16,106,0,3.7,0,36717,3
2026-09-12T16,106,0,3.75,0,9659,4
2026-09-12T16,106,0,3.8,973,50688,3
2026-09-12T16,106,0,3.85,0,62,1
2026-09-12T17,106,0,3.65,6126,9259,2
2026-09-12T17,106,0,3.7,0,5323,1
2026-09-12T17,106,0,3.75,1331,8960,3
2026-09-12T17,106,0,3.8,0,20927,3
2026-09-12T17,106,0,3.85,1890,1316,3
2026-09-12T17,106,1,3.95,0,10000,1
2026-09-12T17,106,1,4.0,0,21000,1
2026-09-12T17,106,1,4.05,0,6952,1
2026-09-12T17,106,1,4.15,0,10384,1
2026-09-12T17,106,1,4.2,0,31821,1
2026-09-12T17,106,2,4.2,0,38962,1
2026-09-12T17,106,2,4.25,50373,0,1
2026-09-12T18,106,0,3.55,0,240,2
2026-09-12T18,106,0,3.6,0,1899,1
2026-09-12T18,106,0,3.65,0,805,2
2026-09-12T18,106,0,3.7,3827,5928,4
2026-09-12T18,106,0,3.75,1957,17664,4
2026-09-12T18,106,0,3.8,375,1286,5
2026-09-12T18,106,0,3.85,0,2163,3
2026-09-12T18,106,0,3.9,1247,61161,9
2026-09-12T18,106,0,3.95,500,474,4
2026-09-12T19,106,0,3.75,0,338,1
2026-09-12T19,106,0,3.8,0,1409,3
2026-09-12T19,106,0,3.85,0,59148,5
2026-09-12T19,106,0,3.9,0,4302,3
2026-09-12T19,106,0,3.95,0,79065,2
2026-09-12T19,106,1,4.0,108361,0,4
2026-09-12T19,106,2,4.2,0,13130,1
2026-09-12T19,106,2,4.25,0,382547,2
2026-09-12T19,106,2,4.3,0,98012,1
2026-09-12T20,106,0,3.7,0,26,1
2026-09-12T20,106,0,3.8,25194,0,1
2026-09-12T20,106,0,3.85,0,1410,4
2026-09-12T20,106,0,3.9,0,6733,2
2026-09-12T20,106,0,3.95,5447,0,1
2026-09-12T20,106,1,3.95,0,30000,1
2026-09-12T20,106,1,4.0,5380,0,1
2026-09-12T20,106,2,4.3,397,0,1
2026-09-12T21,106,0,3.35,0,408,1
2026-09-12T21,106,0,3.4,0,2016,1
2026-09-12T21,106,0,3.45,0,3000,1
2026-09-12T21,106,0,3.5,0,8000,2
2026-09-12T21,106,0,3.6,5899,1000,2
2026-09-12T21,106,0,3.65,0,196,1
2026-09-12T21,106,0,3.75,1331,0,1
2026-09-12T21,106,1,4.0,12377,0,1
2026-09-12T21,106,2,4.2,15661,42349,2
2026-09-12T21,106,2,4.25,13819,2000,2
2026-09-12T22,106,0,3.45,3407,3008,3
2026-09-12T22,106,0,3.5,0,2456,1
2026-09-12T22,106,0,3.55,300,11054,5
2026-09-12T22,106,0,3.6,4591,4110,3
2026-09-12T22,106,0,3.65,0,13363,4
2026-09-12T22,106,0,3.7,215,778,3
2026-09-12T22,106,2,4.25,0,6235,1
2026-09-12T22,106,2,4.3,6831,2727,2
2026-09-12T23,106,0,3.35,0,3000,1
2026-09-12T23,106,0,3.4,0,68,1
2026-09-12T23,106,0,3.45,0,1,1
2026-09-12T23,106,0,3.5,0,1317,1
2026-09-12T23,106,0,3.55,0,1986,2
2026-09-12T23,106,0,3.6,9438,6126,8
2026-09-12T23,106,0,3.65,0,9216,2
2026-09-12T23,106,1,3.95,0,5902,1
2026-09-12T23,106,1,4.0,11427,0,2
2026-09-13T00,106,0,3.55,0,30954,2
2026-09-13T00,106,0,3.6,0,21632,1
2026-09-13T00,106,3,4.8,0,8700,1
2026-09-13T00,106,3,4.85,2081,0,1
2026-09-13T01,106,0,3.5,0,7166,2
2026-09-13T01,106,0,3.55,0,21,1
2026-09-13T01,106,0,3.6,0,14247,2
2026-09-13T01,106,0,3.65,0,11113,4
2026-09-13T01,106,0,3.7,0,12666,4
2026-09-13T01,106,0,3.75,0,8869,1
2026-09-13T01,106,0,3.8,3062,11684,4
2026-09-13T01,106,0,3.85,0,2094,1
2026-09-13T01,106,0,3.9,0,7716,3
2026-09-13T01,106,1,3.95,3486,3949,2
2026-09-13T01,106,2,4.2,0,2500,1
2026-09-13T01,106,2,4.25,0,30000,1
2026-09-13T01,106,2,4.3,0,43236,1
2026-09-13T02,106,0,3.65,0,2418,1
2026-09-13T02,106,0,3.75,0,3179,2
2026-09-13T02,106,0,3.8,0,3417,2
2026-09-13T02,106,0,3.85,14313,621,3
2026-09-13T02,106,0,3.9,9,5138,4
2026-09-13T02,106,0,3.95,0,17348,2
2026-09-13T02,106,1,3.95,0,26514,1
2026-09-13T02,106,1,4.0,11316,34780,4
2026-09-13T02,106,1,4.05,0,7993,1
2026-09-13T02,106,1,4.1,0,113663,2
2026-09-13T03,106,0,3.5,0,35,1
2026-09-13T03,106,0,3.55,0,52,1
2026-09-13T03,106,0,3.6,0,96,1
2026-09-13T03,106,0,3.85,173,427,2
2026-09-13T03,106,0,3.9,1334,191,2
2026-09-13T03,106,1,4.2,4317,0,1
2026-09-13T04,106,0,3.55,0,500,1
2026-09-13T04,106,0,3.6,0,26,1
2026-09-13T04,106,0,3.65,0,5123,1
2026-09-13T04,106,0,3.7,0,1298,2
2026-09-13T04,106,0,3.75,0,3364,1
2026-09-13T04,106,0,3.8,0,2998,2
2026-09-13T04,106,0,3.85,14298,0,1
2026-09-14T04,106,0,3.65,4500,0,1
2026-09-14T04,106,0,3.7,0,408,1
2026-09-14T04,106,0,3.75,0,7799,1
2026-09-14T04,106,0,3.85,0,60467,5
2026-09-14T04,106,0,3.9,54336,61500,7
2026-09-14T04,106,0,3.95,0,12311,2
2026-09-14T04,106,0,4.0,0,197990,26
2026-09-14T04,106,0,4.05,0,12797,3
2026-09-14T04,106,0,4.1,0,40750,4
2026-09-14T04,106,0,4.15,0,4621,3
2026-09-14T04,106,0,4.2,0,32,1
2026-09-14T04,106,1,3.9,0,26045,1
2026-09-14T04,106,1,3.95,0,43175,1
2026-09-14T04,106,1,4.0,0,3995,1
2026-09-14T04,106,1,4.1,0,15000,1
2026-09-14T04,106,1,4.15,0,3028,1
2026-09-14T04,106,2,4.15,0,25000,1
2026-09-14T04,106,2,4.2,0,355,1
2026-09-14T04,106,2,4.25,0,232652,1
2026-09-14T04,106,2,4.3,0,15291,2
2026-09-14T04,106,2,4.35,0,100088,5
2026-09-14T04,106,3,4.8,0,5500,1
2026-09-14T04,106,3,4.85,0,248746,2
2026-09-14T04,106,3,4.9,10678,0,1
2026-09-14T04,106,6,5.1,57170,0,1
2026-09-14T05,106,0,3.65,0,9386,1
2026-09-14T05,106,0,3.7,0,1757,1
2026-09-14T05,106,0,3.75,1275,15522,3
2026-09-14T05,106,0,3.8,6000,400,4
2026-09-14T05,106,1,3.9,0,1000,1
2026-09-14T05,106,1,3.95,20830,0,1
2026-09-14T05,106,3,3.8,0,11763,1
2026-09-14T05,106,3,4.8,11450,5000,2
2026-09-14T06,106,0,3.65,0,198,1
2026-09-14T06,106,0,3.7,825,41255,4
2026-09-14T06,106,0,3.75,0,30595,2
2026-09-14T06,106,0,3.8,9753,6059,5
2026-09-14T06,106,0,3.85,7129,49,4
2026-09-14T06,106,1,3.85,0,600,1
2026-09-14T07,106,0,3.6,1547,12217,2
2026-09-14T07,106,0,3.65,0,696,1
2026-09-14T07,106,0,3.7,0,37,1
2026-09-14T07,106,0,3.75,0,671,2
2026-09-14T07,106,0,3.8,0,23501,4
2026-09-14T07,106,0,3.85,4839,35446,2
2026-09-14T07,106,1,3.9,0,9517,1
2026-09-14T07,106,1,3.95,0,17844,1
2026-09-14T07,106,2,4.15,0,104,1
2026-09-14T07,106,2,4.2,16896,0,1
2026-09-14T08,106,0,3.7,0,2639,1
2026-09-14T08,106,0,3.75,586,0,1
2026-09-14T08,106,0,3.8,0,2258,2
2026-09-14T08,106,0,3.85,2,743,3
2026-09-14T08,106,0,3.9,10556,17500,5
2026-09-14T08,106,0,3.95,1180,0,1
2026-09-14T08,106,1,4.05,0,1010,1
2026-09-14T08,106,1,4.1,2621,0,1
2026-09-14T08,106,3,4.75,91292,0,1
2026-09-14T09,106,0,3.5,0,195,1
2026-09-14T09,106,0,3.55,0,21552,2
2026-09-14T09,106,0,3.6,41826,1870,4
2026-09-14T09,106,0,3.65,0,3750,1
2026-09-14T09,106,0,3.7,0,1003,2
2026-09-14T09,106,2,4.2,10896,8104,2
2026-09-14T10,106,0,3.3,0,7771,1
2026-09-14T10,106,0,3.35,0,8171,3
2026-09-14T10,106,0,3.4,0,19086,4
2026-09-14T10,106,0,3.45,45,5506,3
2026-09-14T10,106,0,3.5,0,14664,2
2026-09-14T10,106,0,3.55,0,5961,1
2026-09-14T10,106,0,3.6,0,4170,2
2026-09-14T10,106,0,3.65,865,34135,2
2026-09-14T10,106,0,3.7,0,12279,4
2026-09-14T10,106,0,3.75,0,980,1
2026-09-14T10,106,0,3.8,10649,5092,2
2026-09-14T10,106,1,3.9,15161,0,1
2026-09-14T11,106,0,3.4,0,406,1
2026-09-14T11,106,0,3.45,0,300,1
2026-09-14T11,106,0,3.5,0,72,1
2026-09-14T11,106,0,3.6,0,53,2
2026-09-14T11,106,0,3.65,0,2284,1
2026-09-14T11,106,0,3.7,0,363,1
2026-09-14T11,106,0,3.75,3003,0,1
2026-09-14T11,106,0,3.8,1000,0,1
2026-09-14T11,106,1,3.9,2532,0,2
2026-09-14T11,106,2,4.2,10268,0,2
2026-09-14T12,106,0,3.3,0,7000,1
2026-09-14T12,106,0,3.35,0,18315,1
2026-09-14T12,106,0,3.4,0,181,1
2026-09-14T12,106,0,3.45,0,100,1
2026-09-14T12,106,0,3.5,0,2893,2
2026-09-14T12,106,0,3.55,0,9092,2
2026-09-14T12,106,0,3.65,0,2357,2
2026-09-14T12,106,0,3.7,0,36035,8
2026-09-14T12,106,0,3.75,22040,13542,4
2026-09-14T12,106,0,3.8,0,9471,2
2026-09-14T12,106,0,3.9,0,22614,2
2026-09-14T12,106,0,3.95,1114,41590,2
2026-09-14T12,106,1,3.9,0,3307,2
2026-09-14T12,106,1,3.95,4428,1533,2
2026-09-14T12,106,2,3.95,0,2200,1
2026-09-14T13,106,0,3.6,0,524,2
2026-09-14T13,106,0,3.65,0,4130,2
2026-09-14T13,106,0,3.7,0,2700,2
2026-09-14T13,106,0,3.75,16955,2268,2
2026-09-14T13,106,0,3.8,710,1711,2
2026-09-14T13,106,12,10.0,422,0,2
2026-09-14T14,106,0,3.65,0,1277,2
2026-09-14T14,106,0,3.7,0,40839,3
2026-09-14T14,106,0,3.75,0,11135,4
2026-09-14T14,106,0,3.8,3948,12411,11
2026-09-14T14,106,0,3.85,5009,0,1
2026-09-14T14,106,1,3.85,0,2063,1
2026-09-14T14,106,2,3.85,0,21164,1
2026-09-14T14,106,2,3.9,0,2000,1
2026-09-14T14,106,2,3.95,421,0,1
2026-09-14T14,106,3,4.7,15098,5198,2
2026-09-14T14,106,3,4.75,84802,0,1
2026-09-14T15,106,0,3.7,0,2298,1
2026-09-14T15,106,0,3.75,14848,15793,2
2026-09-14T15,106,0,3.8,0,460,3
2026-09-14T15,106,0,3.85,0,16960,4
2026-09-14T15,106,0,3.9,0,34350,2
2026-09-14T15,106,0,3.95,0,14954,2
2026-09-14T15,106,0,4.0,0,101762,16
2026-09-14T15,106,1,3.9,0,15321,2
2026-09-14T15,106,1,4.0,0,20000,1
2026-09-14T15,106,2,3.9,0,93753,2
2026-09-14T15,106,2,3.95,0,60164,1
2026-09-14T15,106,2,4.0,0,19559,1
2026-09-14T15,106,2,4.05,0,99,1
2026-09-14T15,106,2,4.1,1401,0,1
2026-09-14T15,106,3,4.75,143630,0,2
2026-09-14T16,106,0,3.4,0,728,1
2026-09-14T16,106,0,3.45,0,11327,2
2026-09-14T16,106,0,3.5,0,10000,1
2026-09-14T16,106,0,3.7,0,941,1
2026-09-14T16,106,0,3.75,0,3008,3
2026-09-14T16,106,0,3.8,8403,481,6
2026-09-14T16,106,1,3.55,0,915,1
2026-09-14T16,106,1,3.9,470,0,1
2026-09-14T16,106,1,3.95,1918,0,1
2026-09-14T16,106,2,4.1,42056,0,2
2026-09-14T17,106,0,3.65,0,5690,1
2026-09-14T17,106,0,3.7,0,4007,4
2026-09-14T17,106,0,3.75,7996,6650,6
2026-09-14T17,106,0,3.8,2585,12200,4
2026-09-14T17,106,0,3.85,0,22827,4
2026-09-14T17,106,1,3.85,0,11353,2
2026-09-14T17,106,1,3.9,2350,4515,3
2026-09-14T17,106,2,4.1,0,25578,1
2026-09-14T17,106,2,4.15,0,100000,1
2026-09-14T17,106,2,4.2,0,30240,3
2026-09-14T17,106,3,4.75,0,22189,1
2026-09-14T17,106,3,4.8,40711,0,1
2026-09-14T17,106,4,4.8,0,37100,1
2026-09-14T18,106,0,3.45,0,2360,1
2026-09-14T18,106,0,3.5,0,274,1
2026-09-14T18,106,0,3.7,0,410,1
2026-09-14T18,106,0,3.75,4780,20186,4
2026-09-14T18,106,0,3.8,4579,2522,3
2026-09-14T18,106,0,3.85,2051,0,1
2026-09-14T18,106,1,3.85,2486,7514,2
2026-09-14T18,106,1,3.9,0,5225,2
2026-09-14T18,106,1,3.95,0,23177,2
2026-09-14T18,106,1,4.0,30393,5469,3
2026-09-14T19,106,0,3.45,0,1946,1
2026-09-14T19,106,0,3.5,0,10094,2
2026-09-14T19,106,0,3.55,3168,0,3
2026-09-14T19,106,0,3.6,6722,0,1
2026-09-14T19,106,0,3.65,0,1322,1
2026-09-14T19,106,0,3.7,50,0,1
2026-09-14T19,106,1,3.9,0,5974,1
2026-09-14T19,106,1,3.95,0,4534,1
2026-09-14T19,106,1,4.0,4385,2611,3
2026-09-14T20,106,0,3.45,0,3648,1
2026-09-14T20,106,0,3.55,0,630,2
2026-09-14T20,106,0,3.6,0,1678,2
2026-09-14T20,106,0,3.65,0,1218,2
2026-09-14T20,106,0,3.7,0,225,2
2026-09-14T20,106,0,3.75,0,14823,2
2026-09-14T20,106,0,3.8,0,43126,5
2026-09-14T20,106,1,3.85,0,64224,1
2026-09-14T20,106,1,3.9,0,6993,1
2026-09-14T20,106,1,3.95,0,12797,2
2026-09-14T20,106,1,4.0,11371,3240,2
2026-09-14T20,106,1,4.05,0,13910,2
2026-09-14T20,106,1,4.1,0,73856,1
2026-09-14T20,106,2,4.1,0,42667,1
2026-09-14T20,106,2,4.15,0,21845,1
2026-09-14T20,106,2,4.2,22665,317733,4
2026-09-14T21,106,0,3.4,0,2272,1
2026-09-14T21,106,0,3.5,0,8590,2
2026-09-14T21,106,0,3.55,6124,15766,6
2026-09-14T21,106,0,3.6,0,8303,3
2026-09-14T21,106,0,3.65,1000,2330,5
2026-09-14T21,106,0,3.7,0,3017,3
2026-09-14T21,106,1,4.1,0,6384,1
2026-09-14T21,106,1,4.15,0,22679,3
2026-09-14T21,106,2,4.2,9374,0,1
2026-09-14T22,106,0,3.55,1700,2425,2
2026-09-14T22,106,0,3.6,0,3947,1
2026-09-14T22,106,0,3.65,0,16773,3
2026-09-14T22,106,0,3.7,0,32938,3
2026-09-14T22,106,0,3.75,35625,0,3
2026-09-14T23,106,0,3.4,0,375,1
2026-09-14T23,106,0,3.45,0,2202,1
2026-09-14T23,106,0,3.5,0,929,1
2026-09-14T23,106,0,3.55,883,2047,3
2026-09-14T23,106,0,3.6,30253,24983,4
2026-09-14T23,106,0,3.65,0,206,1
2026-09-14T23,106,0,3.7,0,245,1
2026-09-14T23,106,2,4.2,300,8204,2
2026-09-14T23,106,2,4.25,0,39536,3
2026-09-14T23,106,2,4.3,0,21806,2
2026-09-14T23,106,2,4.35,0,85364,2
2026-09-14T23,106,2,4.4,42853,0,1
2026-09-14T23,106,3,4.7,0,203066,1
2026-09-14T23,106,3,4.75,0,700,1
2026-09-14T23,106,3,4.8,70425,25312,3
2026-09-15T00,106,0,3.55,0,300,1
2026-09-15T00,106,0,3.6,0,611,2
2026-09-15T00,106,0,3.65,0,10269,4
2026-09-15T00,106,0,3.7,0,2337,1
2026-09-15T00,106,0,3.75,23806,86434,7
2026-09-15T00,106,1,3.8,0,43186,1
2026-09-15T00,106,2,4.4,15793,0,1
2026-09-15T00,106,3,4.8,0,174676,1
2026-09-15T00,106,3,4.85,39368,0,1
2026-09-15T01,106,0,3.6,0,1000,1
2026-09-15T01,106,0,3.65,0,1019,1
2026-09-15T01,106,0,3.7,106,766,4
2026-09-15T01,106,0,3.75,7764,118,7
2026-09-15T01,106,1,3.8,0,26128,1
2026-09-15T01,106,1,3.85,0,36863,1
2026-09-15T01,106,1,3.9,11342,984,3
2026-09-15T01,106,3,4.4,0,40000,1
2026-09-15T01,106,3,4.85,0,50632,2
2026-09-15T01,106,3,4.9,20879,38521,3
2026-09-15T02,106,0,3.55,0,4354,1
2026-09-15T02,106,0,3.6,10888,4485,5
2026-09-15T02,106,0,3.65,0,1000,1
2026-09-15T02,106,0,3.7,0,6423,4
2026-09-15T02,106,0,3.75,0,3149,3
2026-09-15T02,106,1,3.8,6752,0,1
2026-09-15T02,106,1,3.85,0,1000,1
2026-09-15T02,106,1,3.9,3623,0,1
2026-09-15T02,106,3,4.9,6259,0,1
2026-09-15T03,106,0,3.35,0,115,1
2026-09-15T03,106,0,3.4,0,26,1
2026-09-15T03,106,0,3.5,0,35319,1
2026-09-15T03,106,0,3.55,0,145,1
2026-09-15T03,106,0,3.6,0,200,1
2026-09-15T03,106,0,3.65,0,103,1
2026-09-15T03,106,0,3.75,0,1033,1
2026-09-15T03,106,1,3.65,126,29874,2
2026-09-15T03,106,1,3.8,9655,0,2
2026-09-15T03,106,2,4.0,0,105000,1
2026-09-15T03,106,2,4.2,0,48196,1
2026-09-15T03,106,2,4.25,0,16000,1
2026-09-15T03,106,2,4.3,0,41437,1
2026-09-15T03,106,2,4.4,80705,0,1
2026-09-15T03,106,3,3.6,0,16366,1
2026-09-15T04,106,0,3.65,0,588,3
2026-09-15T04,106,0,3.7,0,4002,4
2026-09-15T04,106,0,3.75,0,6047,2
2026-09-15T04,106,0,3.8,5845,9388,10
2026-09-15T04,106,1,3.7,150,99692,2
2026-09-15T04,106,1,3.75,92728,102037,2
2026-09-15T04,106,1,3.8,0,44061,1
2026-09-15T04,106,1,3.85,3418,0,1
2026-09-15T04,106,2,4.4,80544,0,2
2026-09-15T04,106,3,4.4,0,115883,1
2026-09-15T05,106,0,3.25,0,424,1
2026-09-15T05,106,0,3.3,3576,8490,4
2026-09-15T05,106,0,3.35,1806,5610,5
2026-09-15T05,106,0,3.4,0,100,1
2026-09-15T05,106,0,3.45,0,1477,1
2026-09-15T05,106,0,3.5,0,950,1
2026-09-15T05,106,0,3.55,500,0,1
2026-09-15T05,106,0,3.6,1223,0,1
2026-09-15T05,106,3,4.75,15404,17346,2
2026-09-15T06,106,0,3.4,0,6,1
2026-09-15T06,106,0,3.45,200,14900,3
2026-09-15T06,106,0,3.5,0,1474,1
2026-09-15T06,106,0,3.55,0,2302,2
2026-09-15T06,106,0,3.6,0,9858,2
2026-09-15T11,106,0,3.45,0,588,1
2026-09-15T11,106,0,3.5,0,577,1
2026-09-15T11,106,0,3.55,0,711,1
2026-09-15T11,106,0,3.6,0,1000,1
2026-09-15T11,106,0,3.65,0,4581,1
2026-09-15T11,106,0,3.7,0,11225,4
2026-09-15T11,106,0,3.75,0,2514,1
2026-09-15T11,106,0,3.8,48297,7721,3
2026-09-15T11,106,1,3.7,0,2000,1
2026-09-15T11,106,1,3.75,0,6425,2
2026-09-15T11,106,1,3.8,0,1000,1
2026-09-15T11,106,1,3.85,19392,0,1
2026-09-15T11,106,2,4.25,5450,0,1
2026-09-15T11,106,3,4.75,0,18666,1
2026-09-15T12,106,0,3.3,0,940,1
2026-09-15T12,106,0,3.4,0,2266,1
2026-09-15T12,106,0,3.45,0,100,1
2026-09-15T12,106,0,3.5,0,216,1
2026-09-15T12,106,0,3.55,0,164,1
2026-09-15T12,106,0,3.6,0,433,1
2026-09-15T12,106,0,3.65,0,7424,2
2026-09-15T12,106,0,3.7,0,100,1
2026-09-15T12,106,0,3.75,0,3295,1
2026-09-15T12,106,0,3.8,0,7619,4
2026-09-15T12,106,0,3.85,6218,5276,4
2026-09-15T12,106,1,3.85,0,4036,2
2026-09-15T12,106,1,3.9,336,3283,3
2026-09-15T12,106,2,4.0,36394,0,2
2026-09-15T13,106,0,3.35,0,818,2
2026-09-15T13,106,0,3.4,181,0,1
2026-09-15T13,106,0,3.45,0,2348,4
2026-09-15T13,106,0,3.5,2942,542,3
2026-09-15T13,106,0,3.55,1000,0,1
2026-09-15T14,106,0,3.35,0,14122,2
2026-09-15T14,106,0,3.4,0,13719,1
2026-09-15T14,106,0,3.45,0,20000,1
2026-09-15T14,106,0,3.5,0,2125,1
2026-09-15T14,106,0,3.55,0,12217,3
2026-09-15T14,106,0,3.6,0,1355,3
2026-09-15T14,106,0,3.65,0,8598,3
2026-09-15T14,106,0,3.7,0,3723,4
2026-09-15T14,106,0,3.75,146,1432,4
2026-09-15T14,106,0,3.8,685,8910,5
2026-09-15T14,106,0,3.85,3785,0,2
2026-09-15T14,106,1,3.85,0,3225,1
2026-09-15T14,106,1,3.95,7018,0,1
2026-09-15T14,106,2,3.85,0,21164,1
2026-09-15T14,106,2,3.9,0,12791,1
2026-09-15T14,106,2,3.95,10007,2107,2
2026-09-15T14,106,3,4.75,44462,0,2
2026-09-15T15,106,0,3.7,0,1791,1
2026-09-15T15,106,0,3.75,0,100,1
2026-09-15T15,106,0,3.8,918,14997,7
2026-09-15T15,106,0,3.85,0,6069,4
2026-09-15T15,106,0,3.9,29380,70626,15
2026-09-15T15,106,2,4.0,0,263606,1
2026-09-15T15,106,2,4.05,0,17121,1
2026-09-15T15,106,2,4.1,0,50000,1
2026-09-15T15,106,2,4.15,0,32842,3
2026-09-15T15,106,2,4.2,0,579642,2
2026-09-15T16,106,0,3.7,0,3389,1
2026-09-15T16,106,0,3.75,0,5000,1
2026-09-15T16,106,0,3.8,5484,12297,6
2026-09-15T16,106,0,3.85,617,669,4
2026-09-15T16,106,0,3.9,1747,38129,3
2026-09-15T16,106,1,3.9,3000,0,1
2026-09-15T16,106,3,4.7,0,50000,1
2026-09-15T16,106,3,4.75,0,14112,1
2026-09-15T16,106,3,4.8,33857,0,1
2026-09-15T16,106,4,4.75,0,11977,1
2026-09-15T16,106,4,4.8,0,33684,1
2026-09-15T17,106,0,3.7,0,6955,3
2026-09-15T17,106,0,3.75,0,2000,1
2026-09-15T17,106,0,3.8,852,1244,3
2026-09-15T17,106,1,3.9,16154,3501,2
2026-09-15T18,106,0,3.5,0,6681,3
2026-09-15T18,106,0,3.55,0,10199,3
2026-09-15T18,106,0,3.6,0,3026,6
2026-09-15T18,106,0,3.65,25518,16207,4
2026-09-15T18,106,0,3.7,0,2288,2
2026-09-15T18,106,0,3.75,0,7986,2
2026-09-15T18,106,0,3.8,18598,2014,3
2026-09-15T18,106,0,3.85,497,8742,6
2026-09-15T18,106,1,3.9,7666,0,1
2026-09-15T18,106,2,4.2,0,1643,1
2026-09-15T19,106,0,3.8,0,1267,1
2026-09-15T19,106,0,3.85,0,1618,2
2026-09-15T19,106,0,3.9,31595,39180,8
2026-09-15T19,106,1,3.9,0,4180,1
2026-09-15T20,106,0,3.5,0,2092,1
2026-09-15T20,106,0,3.55,0,157,2
2026-09-15T20,106,0,3.6,0,2173,2
2026-09-15T20,106,0,3.65,0,636,1
2026-09-15T20,106,0,3.7,3126,7481,4
2026-09-15T20,106,0,3.75,0,37110,2
2026-09-15T20,106,0,3.8,6750,4611,3
2026-09-15T20,106,0,3.85,0,5,1
2026-09-15T20,106,0,3.9,25349,5377,4
2026-09-15T20,106,1,3.85,0,10000,1
2026-09-15T20,106,1,3.9,0,2000,1
2026-09-15T20,106,1,3.95,25000,0,2
2026-09-15T21,106,0,3.75,0,2112,1
2026-09-15T21,106,0,3.8,0,100,1
2026-09-15T21,106,0,3.85,1000,6890,7
2026-09-15T21,106,0,3.9,14947,8349,6
2026-09-15T21,106,1,3.95,3263,9114,2
2026-09-15T22,106,0,3.7,0,9,1
2026-09-15T22,106,0,3.8,0,5671,4
2026-09-15T22,106,0,3.85,2300,9000,2
2026-09-15T22,106,0,3.9,2559,4479,4
2026-09-15T22,106,1,3.95,0,7504,1
2026-09-15T22,106,1,4.0,4263,7185,2
2026-09-15T22,106,2,4.05,0,8994,1
2026-09-15T22,106,2,4.1,0,9961,1
2026-09-15T22,106,2,4.15,30473,0,1
2026-09-16T04,106,0,3.85,0,7700,1
2026-09-16T04,106,0,3.9,0,61418,4
2026-09-16T04,106,0,3.95,0,16938,7
2026-09-16T04,106,0,4.0,77621,35857,8
2026-09-16T04,106,1,4.0,0,68967,2
2026-09-16T04,106,2,4.15,0,56692,1
2026-09-16T04,106,2,4.2,0,27719,1
2026-09-16T04,106,2,4.25,1281,0,1
2026-09-16T04,106,3,4.65,8524,0,1
2026-09-16T04,106,6,5.1,2222,0,1
2026-09-16T05,106,0,3.25,0,500,1
2026-09-16T05,106,0,3.3,0,20,1
2026-09-16T05,106,0,3.35,0,727,1
2026-09-16T05,106,0,3.4,0,185,1
2026-09-16T05,106,1,3.95,10337,0,1
2026-09-16T05,106,2,4.15,0,60256,2
2026-09-16T05,106,2,4.2,0,15250,1
2026-09-16T06,106,0,3.4,4594,4853,2
2026-09-16T06,106,0,3.45,0,26703,1
2026-09-16T06,106,0,3.5,0,1372,1
2026-09-16T06,106,0,3.55,4989,11,2
2026-09-16T06,106,0,3.6,550,2002,2
2026-09-16T06,106,0,3.65,1092,4257,3
2026-09-16T06,106,0,3.7,1000,13000,3
2026-09-16T06,106,0,3.75,0,8912,3
2026-09-16T06,106,0,3.8,9507,583,4
2026-09-16T06,106,1,3.95,0,3150,1
2026-09-16T06,106,1,4.0,0,2670,2
2026-09-16T06,106,1,4.05,2420,0,1
2026-09-16T06,106,4,4.55,0,40000,1
2026-09-16T06,106,4,4.75,0,82862,2
2026-09-16T06,106,4,4.8,0,24000,1
2026-09-16T06,106,4,4.95,0,33487,1
2026-09-16T07,106,0,3.55,0,17241,1
2026-09-16T07,106,0,3.6,0,4315,2
2026-09-16T07,106,0,3.65,0,444,3
2026-09-16T07,106,0,3.7,0,243,1
2026-09-16T07,106,0,3.75,685,255,3
2026-09-16T07,106,0,3.8,0,712,2
2026-09-16T07,106,1,3.7,0,18349,1
2026-09-16T07,106,1,3.8,0,5000,1
2026-09-16T07,106,2,4.25,39379,0,3
2026-09-16T08,106,0,3.45,0,776,1
2026-09-16T08,106,0,3.65,0,1656,2
2026-09-16T08,106,0,3.7,0,33588,1
2026-09-16T08,106,0,3.75,0,8283,2
2026-09-16T08,106,0,3.8,11470,23303,4
2026-09-16T08,106,0,3.85,0,23993,1
2026-09-16T08,106,1,3.85,6066,43608,3
2026-09-16T08,106,3,4.5,0,19500,1
2026-09-16T08,106,4,4.8,0,24800,1
2026-09-16T08,106,4,4.95,0,32341,1
2026-09-16T08,106,5,5.0,0,80498,1
2026-09-16T09,106,0,3.5,5311,2141,3
2026-09-16T09,106,0,3.55,0,2343,2
2026-09-16T09,106,0,3.6,9802,20605,5
2026-09-16T09,106,0,3.65,0,4150,2
2026-09-16T09,106,0,3.7,0,11111,1
2026-09-16T09,106,0,3.8,0,2192,1
2026-09-16T09,106,0,3.85,0,1008,1
2026-09-16T09,106,0,3.9,0,9427,2
2026-09-16T09,106,1,3.9,206,18769,4
2026-09-16T09,106,2,4.2,0,1136,1
2026-09-16T09,106,2,4.25,38312,1190,2
2026-09-16T09,106,3,4.6,0,13783,1
2026-09-16T09,106,3,4.65,77509,0,1
2026-09-16T10,106,0,3.3,0,225,1
2026-09-16T10,106,0,3.6,3062,8094,5
2026-09-16T10,106,0,3.65,0,7073,2
2026-09-16T10,106,0,3.7,0,6893,2
2026-09-16T10,106,0,3.75,6,0,1
2026-09-16T10,106,1,3.65,243,29757,2
2026-09-16T10,106,1,3.9,12504,0,1
2026-09-16T10,106,4,5.0,0,45249,1
2026-09-16T10,106,6,5.1,0,40608,1
2026-09-16T11,106,0,3.7,0,591,1
2026-09-16T11,106,0,3.75,0,2270,3
2026-09-16T11,106,0,3.8,0,10587,3
2026-09-16T11,106,0,3.85,0,120,2
2026-09-16T11,106,0,3.9,700,20904,6
2026-09-16T11,106,0,3.95,0,101,1
2026-09-16T11,106,0,4.0,27611,0,2
2026-09-16T11,106,1,3.85,0,6789,1
2026-09-16T11,106,1,3.9,0,10253,1
2026-09-16T11,106,1,3.95,0,24760,2
2026-09-16T11,106,2,4.2,0,57860,1
2026-09-16T11,106,2,4.25,0,94445,2
2026-09-16T11,106,2,4.3,0,139099,2
2026-09-16T11,106,2,4.35,8596,0,1
2026-09-16T12,106,0,3.5,0,788,1
2026-09-16T12,106,0,3.55,0,9432,1
2026-09-16T12,106,0,3.6,0,3905,3
2026-09-16T12,106,0,3.65,15597,140364,5
2026-09-16T12,106,0,3.7,0,21168,1
2026-09-16T12,106,0,3.75,0,2500,2
2026-09-16T12,106,0,3.8,126,0,1
2026-09-16T12,106,1,3.95,3126,0,1
2026-09-16T13,106,0,3.65,0,33713,1
2026-09-16T13,106,0,3.7,0,1361,2
2026-09-16T13,106,0,3.75,0,10756,3
2026-09-16T13,106,0,3.8,516,3363,5
2026-09-16T13,106,0,3.85,911,1,2
2026-09-16T13,106,0,3.9,500,2787,3
2026-09-16T13,106,1,3.95,0,11874,1
2026-09-16T13,106,1,4.0,0,1753,2
2026-09-16T13,106,1,4.05,0,22610,1
2026-09-16T13,106,1,4.1,154608,908,3
2026-09-16T13,106,3,4.55,0,3000,1
2026-09-16T13,106,3,4.6,0,26037,1
2026-09-16T13,106,3,4.65,0,25271,1
2026-09-16T13,106,3,4.7,75193,0,2
2026-09-16T14,106,0,3.6,0,77,1
2026-09-16T14,106,0,3.8,0,447,2
2026-09-16T14,106,0,3.85,0,2598,3
2026-09-16T14,106,0,3.9,0,17521,4
2026-09-16T14,106,0,3.95,1746,19829,7
2026-09-16T14,106,0,4.0,8097,0,3
2026-09-16T14,106,1,3.9,0,5645,1
2026-09-16T14,106,1,4.0,0,15525,4
2026-09-16T14,106,1,4.05,5013,2000,2
2026-09-16T14,106,1,4.1,4000,0,1
2026-09-16T14,106,2,4.2,5748,0,1
2026-09-16T14,106,3,4.7,14898,0,1
2026-09-16T15,106,0,3.6,0,553,1
2026-09-16T15,106,0,3.65,0,1179,2
2026-09-16T15,106,0,3.7,4396,10521,5
2026-09-16T15,106,0,3.75,0,190886,3
2026-09-16T15,106,0,3.8,0,625,4
2026-09-16T15,106,0,3.85,0,35087,3
2026-09-16T15,106,0,3.9,2860,300,3
2026-09-16T15,106,0,3.95,0,3000,2
2026-09-16T15,106,0,4.0,2841,0,2
2026-09-16T15,106,1,4.0,0,674,1
2026-09-16T15,106,1,4.05,915,0,1
2026-09-16T16,106,0,3.55,0,1150,2
2026-09-16T16,106,0,3.6,0,229,2
2026-09-16T16,106,0,3.65,0,2656,2
2026-09-16T16,106,0,3.7,0,1060,2
2026-09-16T16,106,0,3.75,0,338,2
2026-09-16T16,106,0,3.8,4437,2673,5
2026-09-16T16,106,0,3.85,45785,11832,5
2026-09-16T16,106,1,3.95,0,100,1
2026-09-16T16,106,1,4.0,1682,0,2
2026-09-16T16,106,2,4.15,0,21164,1
2026-09-16T16,106,2,4.2,0,24813,1
2026-09-16T17,106,0,3.3,0,7041,1
2026-09-16T17,106,0,3.5,0,4000,1
2026-09-16T17,106,0,3.65,0,4181,2
2026-09-16T17,106,0,3.7,0,6286,4
2026-09-16T17,106,0,3.75,10257,20000,3
2026-09-16T17,106,0,3.8,16486,26278,2
2026-09-16T17,106,0,3.85,3118,11618,3
2026-09-16T17,106,3,4.7,5980,69824,2
2026-09-16T18,106,0,3.5,0,35,1
2026-09-16T18,106,0,3.55,0,5306,2
2026-09-16T18,106,0,3.6,0,322,2
2026-09-16T18,106,0,3.65,0,744,2
2026-09-16T18,106,0,3.7,16966,16687,7
2026-09-16T18,106,0,3.75,1129,68504,3
2026-09-16T18,106,0,3.8,0,8061,1
2026-09-16T18,106,3,4.65,143630,0,1
2026-09-16T19,106,0,3.55,0,800,2
2026-09-16T19,106,0,3.6,6052,983,2
2026-09-16T19,106,0,3.65,0,538,1
2026-09-16T19,106,0,3.7,0,1500,1
2026-09-16T19,106,0,3.75,0,39938,1
2026-09-16T19,106,0,3.8,0,3313,3
2026-09-16T19,106,0,3.85,0,12105,6
2026-09-16T19,106,0,3.9,0,24151,2
2026-09-16T19,106,0,4.0,76662,0,2
2026-09-16T19,106,1,3.8,0,5000,1
2026-09-16T19,106,1,3.85,0,7000,1
2026-09-16T19,106,1,3.9,0,2279,1
2026-09-16T19,106,1,3.95,0,2626,1
2026-09-16T19,106,1,4.0,0,28318,1
2026-09-16T19,106,1,4.05,0,19884,1
2026-09-16T19,106,2,4.0,0,9000,1
2026-09-16T19,106,2,4.1,0,30560,1
2026-09-16T19,106,2,4.15,0,260987,1
2026-09-16T19,106,3,4.0,0,6460,1
2026-09-16T21,106,0,3.45,0,366,1
2026-09-16T21,106,0,3.5,2588,25471,3
2026-09-16T21,106,0,3.6,0,3948,1
2026-09-16T21,106,0,3.7,0,26796,3
2026-09-16T21,106,0,3.75,1708,1769,2
2026-09-16T21,106,0,3.8,0,289,1
2026-09-16T21,106,1,4.0,7377,5000,2
2026-09-16T21,106,1,4.1,35000,0,1
2026-09-16T21,106,3,4.6,500,0,1
2026-09-16T22,106,0,3.4,0,379,1
2026-09-16T22,106,0,3.5,0,6382,5
2026-09-16T22,106,0,3.55,0,500,1
2026-09-16T22,106,0,3.7,0,5577,2
2026-09-16T22,106,0,3.75,0,21640,4
2026-09-16T22,106,0,3.8,0,25866,4
2026-09-16T22,106,0,3.85,389,23561,5
2026-09-16T22,106,0,3.9,3995,24791,5
2026-09-16T22,106,0,3.95,21782,100,2
2026-09-16T22,106,1,3.5,11000,64474,2
2026-09-16T22,106,1,3.95,4700,10704,3
2026-09-16T22,106,1,4.0,10892,0,3
2026-09-16T23,106,0,3.9,0,113,1
2026-09-16T23,106,0,3.95,0,3218,1
2026-09-16T23,106,1,4.0,6669,0,1
2026-09-17T04,106,0,3.95,0,6041,1
2026-09-17T04,106,0,4.0,87035,939,2
2026-09-17T04,106,1,3.9,5332,0,1
2026-09-17T04,106,1,4.0,0,28170,2
2026-09-17T04,106,1,4.05,0,462,1
2026-09-17T04,106,1,4.1,163968,0,1
2026-09-17T04,106,3,4.5,0,3639,1
2026-09-17T04,106,3,4.6,5277,1924,2
2026-09-17T04,106,12,10.0,1,0,1
2026-09-17T05,106,0,3.25,0,20,1
2026-09-17T05,106,0,3.35,0,201,2
2026-09-17T05,106,0,3.4,0,3437,1
2026-09-17T05,106,0,3.45,0,3684,2
2026-09-17T05,106,0,3.5,980,107977,6
2026-09-17T05,106,1,3.9,200,0,1
2026-09-17T05,106,3,4.6,0,3874,1
2026-09-17T05,106,3,4.65,51776,0,2
2026-09-17T05,106,4,4.8,0,46332,2
2026-09-17T05,106,5,5.1,0,46048,1
2026-09-17T06,106,0,3.4,0,30508,2
2026-09-17T06,106,0,3.45,3335,5768,2
2026-09-17T06,106,0,3.5,0,627,1
2026-09-17T06,106,0,3.55,0,33788,4
2026-09-17T06,106,0,3.6,0,113543,3
2026-09-17T06,106,0,3.65,0,21650,2
2026-09-17T06,106,0,3.7,0,6728,3
2026-09-17T06,106,0,3.75,359,33,2
2026-09-17T06,106,0,3.8,467,0,1
2026-09-17T06,106,1,3.9,0,20596,1
2026-09-17T07,106,0,3.35,0,50,1
2026-09-17T07,106,0,3.4,0,1050,1
2026-09-17T07,106,0,3.45,0,17669,1
2026-09-17T07,106,0,3.5,0,49,1
2026-09-17T07,106,0,3.55,0,5862,2
2026-09-17T07,106,0,3.6,0,3532,2
2026-09-17T07,106,0,3.65,1935,726,3
2026-09-17T07,106,0,3.7,710,1265,2
2026-09-17T07,106,0,3.8,1176,19440,8
2026-09-17T07,106,0,3.85,0,294,1
2026-09-17T07,106,0,3.9,9880,1800,2
2026-09-17T07,106,1,3.95,4750,0,1
2026-09-17T07,106,2,4.05,0,2314,2
2026-09-17T07,106,2,4.1,0,10303,1
2026-09-17T07,106,2,4.15,9600,31945,5
2026-09-17T07,106,2,4.2,4511,0,1
2026-09-17T07,106,12,10.0,0,82869,1
2026-09-17T08,106,0,3.6,4938,14890,2
2026-09-17T08,106,0,3.65,0,2852,3
2026-09-17T08,106,0,3.7,0,14000,1
2026-09-17T08,106,0,3.75,0,4953,2
2026-09-17T08,106,0,3.8,8000,65726,7
2026-09-17T08,106,0,3.85,0,2526,1
2026-09-17T08,106,0,3.9,0,22401,2
2026-09-17T08,106,0,3.95,0,729,2
2026-09-17T08,106,0,4.0,0,406195,28
2026-09-17T08,106,0,4.05,9441,134155,7
2026-09-17T08,106,0,4.1,0,30282,7
2026-09-17T08,106,1,3.9,0,6583,2
2026-09-17T08,106,1,3.95,0,25938,2
2026-09-17T08,106,1,4.0,0,74688,4
2026-09-17T08,106,1,4.05,0,15646,1
2026-09-17T08,106,1,4.1,0,413192,2
2026-09-17T09,106,0,3.5,0,4876,1
2026-09-17T09,106,0,3.65,0,3707,1
2026-09-17T09,106,0,3.7,0,3531,1
2026-09-17T09,106,0,3.75,0,2000,1
2026-09-17T09,106,3,4.65,0,26326,1
2026-09-17T10,106,0,3.5,0,2170,3
2026-09-17T10,106,0,3.55,0,40,1
2026-09-17T10,106,0,3.6,0,1897,2
2026-09-17T10,106,0,3.65,0,350,2
2026-09-17T10,106,0,3.7,0,2126,3
2026-09-17T10,106,0,3.75,992,1073,4
2026-09-17T10,106,0,3.8,8837,7915,4
2026-09-17T10,106,0,3.85,389,7090,3
2026-09-17T10,106,0,3.9,2022,4451,3
2026-09-17T10,106,1,3.9,0,1857,1
2026-09-17T10,106,1,3.95,0,1248,1
2026-09-17T10,106,1,4.0,0,885,1
2026-09-17T10,106,1,4.05,0,7529,2
2026-09-17T10,106,1,4.1,7237,0,1
2026-09-17T11,106,0,3.55,0,2147,2
2026-09-17T11,106,0,3.65,0,949,1
2026-09-17T11,106,0,3.7,1026,103,2
2026-09-17T11,106,0,3.75,0,248,1
2026-09-17T11,106,0,3.8,1500,4110,2
2026-09-17T11,106,0,3.85,2192,2029,3
2026-09-17T11,106,0,3.9,4539,0,1
2026-09-17T11,106,2,4.05,4362,0,1
2026-09-17T12,106,0,3.35,0,708,1
2026-09-17T12,106,0,3.4,0,1789,2
2026-09-17T12,106,0,3.45,0,2134,3
2026-09-17T12,106,0,3.5,586,8869,3
2026-09-17T12,106,0,3.55,0,9254,1
2026-09-17T12,106,0,3.6,0,8693,2
2026-09-17T12,106,0,3.65,0,9284,2
2026-09-17T12,106,2,4.0,187430,0,2
2026-09-17T13,106,0,3.45,0,541,1
2026-09-17T13,106,0,3.55,0,161,2
2026-09-17T13,106,0,3.6,0,14347,3
2026-09-17T13,106,0,3.65,12000,585,2
2026-09-17T13,106,0,3.7,0,10160,3
2026-09-17T13,106,0,3.75,0,100,1
2026-09-17T13,106,3,4.6,0,20000,1
2026-09-17T13,106,3,4.65,0,6064,1
2026-09-17T13,106,3,4.7,0,78020,1
2026-09-17T13,106,3,4.75,25948,20000,2
2026-09-17T14,106,0,3.55,1363,48365,3
2026-09-17T14,106,0,3.6,0,2245,3
2026-09-17T14,106,0,3.65,0,14548,3
2026-09-17T14,106,0,3.7,38032,14427,8
2026-09-17T14,106,0,3.75,32,70828,5
2026-09-17T14,106,0,3.8,0,941,2
2026-09-17T14,106,0,3.85,3233,0,1
2026-09-17T14,106,1,3.85,0,3746,1
2026-09-17T14,106,1,3.9,0,2500,1
2026-09-17T14,106,3,4.75,15067,0,1
2026-09-17T15,106,0,3.25,0,7403,1
2026-09-17T15,106,0,3.3,2000,27572,2
2026-09-17T15,106,0,3.5,0,20351,2
2026-09-17T15,106,0,3.55,5171,3970,4
2026-09-17T15,106,0,3.6,6360,4376,6
2026-09-17T15,106,0,3.65,0,46634,2
2026-09-17T15,106,0,3.7,0,542,2
2026-09-17T16,106,0,3.65,0,251,1
2026-09-17T16,106,0,3.7,0,491,2
2026-09-17T16,106,0,3.75,9323,28921,7
2026-09-17T16,106,2,3.8,15291,0,2
2026-09-17T16,106,3,4.75,0,82985,1
2026-09-17T16,106,3,4.8,0,70979,1
2026-09-17T16,106,3,4.85,0,40000,1
2026-09-17T16,106,4,4.85,0,17782,1
2026-09-17T17,106,0,3.45,0,112,1
2026-09-17T17,106,0,3.5,0,1082,2
2026-09-17T17,106,0,3.55,0,500,2
2026-09-17T17,106,0,3.6,0,27829,4
2026-09-17T17,106,0,3.65,23379,8601,4
2026-09-17T17,106,0,3.7,27644,3831,5
2026-09-17T17,106,0,3.75,0,192,1
2026-09-17T17,106,2,3.8,3485,76633,3
2026-09-17T17,106,2,3.85,0,21164,1
2026-09-17T17,106,2,3.9,0,77124,1
2026-09-17T17,106,2,3.95,6849,0,1
2026-09-17T18,106,0,3.5,0,521,1
2026-09-17T18,106,0,3.55,0,133,1
2026-09-17T18,106,0,3.6,0,1007,1
2026-09-17T18,106,0,3.65,6318,10696,2
2026-09-17T18,106,0,3.7,0,672,1
2026-09-17T18,106,0,3.75,0,261,1
2026-09-17T18,106,0,3.8,1163,155,3
2026-09-17T18,106,1,3.7,0,4527,1
2026-09-17T18,106,1,3.75,0,7278,1
2026-09-17T18,106,1,3.8,0,28623,1
2026-09-17T18,106,1,3.85,0,7600,1
2026-09-17T18,106,1,3.9,0,100000,1
2026-09-17T18,106,2,3.95,37461,147298,3
2026-09-17T18,106,2,4.0,2821,0,1
2026-09-17T18,106,3,4.85,43630,100000,2
2026-09-17T19,106,0,3.5,0,1,1
2026-09-17T19,106,0,3.65,0,48649,1
2026-09-17T19,106,0,3.7,0,991,2
2026-09-17T19,106,0,3.75,0,413,1
2026-09-17T19,106,0,3.8,0,1434,1
2026-09-17T19,106,0,3.85,2500,13365,5
2026-09-17T19,106,0,3.9,37079,28882,9
2026-09-17T19,106,1,3.95,6439,815,2
2026-09-17T20,106,0,3.35,0,100,1
2026-09-17T20,106,0,3.4,0,50,1
2026-09-17T20,106,0,3.45,488,871,3
2026-09-17T20,106,0,3.65,0,393,1
2026-09-17T20,106,0,3.7,0,56,1
2026-09-17T20,106,0,3.75,0,398,1
2026-09-17T20,106,0,3.8,0,1750,1
2026-09-17T20,106,1,4.0,0,3207,2
2026-09-17T20,106,1,4.05,0,2462,1
2026-09-17T20,106,1,4.1,0,5778,2
2026-09-17T20,106,1,4.15,4183,0,1
2026-09-17T20,106,2,4.0,0,109749,1
2026-09-17T20,106,2,4.05,0,20677,1
2026-09-17T20,106,2,4.1,0,2000,1
2026-09-17T20,106,2,4.15,0,58631,2
2026-09-17T20,106,2,4.2,0,65690,3
2026-09-17T21,106,0,3.3,0,1252,1
2026-09-17T21,106,0,3.35,0,1084,1
2026-09-17T21,106,0,3.4,0,54,1
2026-09-17T21,106,0,3.45,0,28476,2
2026-09-17T21,106,0,3.5,0,100,1
2026-09-17T21,106,0,3.55,0,400,1
2026-09-17T21,106,0,3.6,0,100,1
2026-09-17T21,106,0,3.65,0,5027,2
2026-09-17T21,106,0,3.7,185,6423,4
2026-09-17T21,106,0,3.75,0,6459,3
2026-09-17T21,106,0,3.8,15732,50614,7
2026-09-17T21,106,0,3.85,7750,1196,6
2026-09-17T21,106,0,3.9,0,36734,1
2026-09-17T21,106,1,3.65,0,21084,1
2026-09-17T22,106,0,3.55,0,2000,1
2026-09-17T22,106,0,3.6,0,486,1
2026-09-17T22,106,0,3.65,0,1811,2
2026-09-17T22,106,0,3.7,15519,46494,3
2026-09-17T22,106,0,3.75,0,1016,1
2026-09-17T22,106,1,4.0,6700,0,2
2026-09-17T23,106,0,3.65,0,1249,1
2026-09-17T23,106,0,3.7,0,9145,2
2026-09-17T23,106,0,3.75,0,572,2
2026-09-17T23,106,0,3.8,0,27576,2
2026-09-17T23,106,0,3.85,0,16480,4
2026-09-17T23,106,0,3.9,14639,40290,7
2026-09-17T23,106,1,3.95,200,0,1
2026-09-17T23,106,2,4.2,37904,0,1
2026-09-18T00,106,0,3.6,38,0,1
2026-09-18T00,106,1,3.95,0,5560,1
2026-09-18T00,106,1,4.0,6569,0,1
2026-09-18T01,106,0,3.3,0,480,1
2026-09-18T01,106,0,3.35,0,5000,1
2026-09-18T01,106,0,3.4,0,7123,1
2026-09-18T01,106,0,3.45,0,1663,2
2026-09-18T01,106,0,3.5,0,74196,3
2026-09-18T01,106,0,3.55,0,8464,2
2026-09-18T01,106,0,3.6,15855,1191,4
2026-09-18T01,106,0,3.65,36107,30078,5
2026-09-18T01,106,2,4.15,0,4000,1
2026-09-18T01,106,2,4.2,0,14232,1
2026-09-18T01,106,2,4.25,15768,0,1
2026-09-18T02,106,0,3.55,3063,4655,2
2026-09-18T02,106,0,3.6,2381,18345,5
2026-09-18T02,106,0,3.65,4323,0,2
2026-09-18T03,106,0,3.5,0,110,2
2026-09-18T03,106,0,3.55,0,6000,2
2026-09-18T03,106,0,3.6,1780,6387,5
2026-09-18T03,106,0,3.65,12717,24376,6
2026-09-18T03,106,0,3.7,0,12878,4
2026-09-18T03,106,0,3.75,0,8449,1
2026-09-18T03,106,1,3.6,0,935,1
2026-09-18T03,106,1,3.85,0,1641,1
2026-09-18T03,106,1,3.9,20018,0,1
2026-09-18T04,106,0,3.35,0,7,1
2026-09-18T04,106,0,3.4,0,561,2
2026-09-18T04,106,0,3.45,0,48,1
2026-09-18T04,106,0,3.5,0,64,1
2026-09-18T04,106,0,3.6,0,52,1
2026-09-18T04,106,0,3.7,0,512,2
2026-09-18T04,106,0,3.75,0,15402,3
2026-09-18T04,106,0,3.8,0,45554,5
2026-09-18T04,106,0,3.85,3589,2123,5
2026-09-18T04,106,0,3.9,7304,24044,4
2026-09-18T04,106,0,3.95,0,25449,2
2026-09-18T04,106,0,4.0,0,6534,10
2026-09-18T04,106,0,4.05,0,2603,1
2026-09-18T04,106,0,4.1,0,10030,2
2026-09-18T04,106,1,3.7,24822,0,2
2026-09-18T04,106,1,3.9,0,14317,1
2026-09-18T04,106,1,3.95,0,2000,1
2026-09-18T04,106,1,4.0,0,33391,2
2026-09-18T04,106,1,4.05,0,2965,1
2026-09-18T04,106,1,4.1,2961,39,2
2026-09-18T04,106,1,4.15,23126,0,1
2026-09-18T04,106,2,4.2,8240,29053,3
2026-09-18T04,106,2,4.25,49065,11052,3
2026-09-18T05,106,0,3.5,0,4200,1
2026-09-18T05,106,0,3.55,0,22919,2
2026-09-18T05,106,0,3.6,0,6524,7
2026-09-18T05,106,0,3.65,711,9122,4
2026-09-18T05,106,0,3.7,0,5364,1
2026-09-18T05,106,0,3.75,0,902,1
2026-09-18T05,106,0,3.8,0,12293,1
2026-09-18T05,106,0,3.85,0,6411,1
2026-09-18T05,106,0,3.9,0,45249,1
2026-09-18T05,106,1,3.7,200,4978,2
2026-09-18T05,106,1,3.85,0,6312,1
2026-09-18T05,106,2,4.25,750,0,1
2026-09-18T05,106,3,4.45,0,21530,2
2026-09-18T05,106,3,4.5,1470,0,1
2026-09-18T06,106,0,3.65,0,1000,1
2026-09-18T06,106,0,3.75,0,290,1
2026-09-18T06,106,0,3.8,0,2868,3
2026-09-18T06,106,0,3.85,0,20000,1
2026-09-18T06,106,0,3.9,0,8012,3
2026-09-18T06,106,1,3.85,7009,991,3
2026-09-18T06,106,1,3.9,0,2000,1
2026-09-18T06,106,1,3.95,35948,0,3
2026-09-18T06,106,2,4.1,537,0,1
2026-09-18T06,106,4,4.55,0,28918,2
2026-09-18T06,106,4,4.6,0,37100,1
2026-09-18T07,106,0,3.75,1319,0,3
2026-09-18T07,106,0,3.8,0,751,2
2026-09-18T07,106,1,3.75,0,182,1
2026-09-18T07,106,1,3.8,0,8701,1
2026-09-18T07,106,1,3.85,2311,906,2
2026-09-18T07,106,1,3.9,0,4000,1
2026-09-18T07,106,1,3.95,26211,0,1
2026-09-18T07,106,2,4.1,0,1694,1
2026-09-18T07,106,2,4.15,0,7810,1
2026-09-18T07,106,2,4.2,0,2000,1
2026-09-18T07,106,2,4.25,28246,60250,2
2026-09-18T08,106,0,3.35,0,1000,1
2026-09-18T08,106,0,3.4,0,1362,1
2026-09-18T08,106,0,3.45,0,86,1
2026-09-18T08,106,0,3.5,13270,16520,3
2026-09-18T08,106,0,3.55,0,138,1
2026-09-18T08,106,0,3.6,0,2930,1
2026-09-18T08,106,0,3.65,0,491,1
2026-09-18T08,106,0,3.7,0,20036,2
2026-09-18T08,106,0,3.75,4580,2062,2
2026-09-18T08,106,0,3.8,1121,647,2
2026-09-18T08,106,3,3.4,0,22927,1
2026-09-18T08,106,3,4.35,0,20655,1
2026-09-18T09,106,0,3.55,0,5050,2
2026-09-18T09,106,0,3.6,0,5782,5
2026-09-18T09,106,0,3.7,0,1000,1
2026-09-18T09,106,0,3.75,8129,12513,3
2026-09-18T09,106,0,3.8,14100,3557,5
2026-09-18T09,106,1,3.95,6000,0,1
2026-09-18T09,106,2,4.2,0,36722,2
2026-09-18T09,106,2,4.25,25688,0,1
2026-09-18T09,106,3,4.4,5500,17427,2
2026-09-18T09,106,3,4.45,0,10177,1
2026-09-18T09,106,3,4.5,0,38530,1
2026-09-18T09,106,4,4.75,25158,0,1
2026-09-18T10,106,0,3.35,0,2625,2
2026-09-18T10,106,0,3.4,0,4195,2
2026-09-18T10,106,0,3.45,0,590,1
2026-09-18T10,106,0,3.5,0,190,1
2026-09-18T10,106,0,3.55,62,1283,3
2026-09-18T10,106,0,3.6,0,16865,2
2026-09-18T10,106,0,3.65,0,27396,3
2026-09-18T10,106,0,3.7,0,45985,1
2026-09-18T10,106,0,3.75,0,11550,3
2026-09-18T11,106,0,3.5,0,3143,3
2026-09-18T11,106,0,3.55,0,1983,1
2026-09-18T11,106,0,3.6,0,979,1
2026-09-18T11,106,0,3.65,2750,155,2
2026-09-18T11,106,0,3.7,0,1496,2
2026-09-18T11,106,0,3.75,6844,0,1
2026-09-18T11,106,1,3.9,6317,24514,2
2026-09-18T11,106,1,3.95,5901,7445,3
2026-09-18T11,106,2,4.25,1462,0,1
2026-09-18T11,106,3,3.6,0,20204,1
2026-09-18T11,106,3,4.75,0,3270,1
2026-09-18T12,106,0,3.6,0,4016,3
2026-09-18T12,106,0,3.65,0,4,1
2026-09-18T12,106,0,3.7,0,56087,1
2026-09-18T12,106,0,3.75,0,247,2
2026-09-18T12,106,0,3.8,0,25647,5
2026-09-18T12,106,0,3.85,3129,17146,7
2026-09-18T12,106,0,3.9,4083,18481,6
2026-09-18T12,106,1,3.9,0,2000,1
2026-09-18T12,106,1,3.95,5097,29785,3
2026-09-18T12,106,1,4.0,40215,30000,2
2026-09-18T12,106,2,4.1,1500,0,1
2026-09-18T13,106,0,3.5,0,531,2
2026-09-18T13,106,0,3.55,0,9792,1
2026-09-18T13,106,0,3.6,0,9,1
2026-09-18T13,106,0,3.65,0,512,1
2026-09-18T13,106,0,3.75,3876,200,3
2026-09-18T13,106,0,3.8,0,821,2
2026-09-18T13,106,0,3.85,2934,0,2
2026-09-18T14,106,0,3.65,0,37,1
2026-09-18T14,106,0,3.7,0,4122,3
2026-09-18T14,106,0,3.75,8327,21187,5
2026-09-18T14,106,0,3.8,0,1953,2
2026-09-18T14,106,0,3.85,0,5937,2
2026-09-18T14,106,0,3.9,36268,42244,7
2026-09-18T14,106,0,3.95,0,384,3
2026-09-18T14,106,1,3.95,0,1539,1
2026-09-18T14,106,1,4.0,4448,0,1
2026-09-18T14,106,2,3.9,11107,0,1
2026-09-18T14,106,2,3.95,0,110474,2
2026-09-18T14,106,2,4.0,0,93174,2
2026-09-18T14,106,2,4.05,0,19398,1
2026-09-18T14,106,2,4.1,0,424,1
2026-09-18T14,106,2,4.15,0,424,1
2026-09-18T14,106,2,4.2,26106,0,1
2026-09-18T14,106,4,4.75,15035,0,1
2026-09-18T14,106,12,7.0,1,0,1
