heure,kind,quality,prix,vendu,disparu,n_evt
2026-09-04T12,74,0,22.75,6740,,1
2026-09-04T14,74,0,20.5,6200,,1
2026-09-04T14,74,1,22.5,15007,,1
2026-09-04T14,74,2,22.5,53,,1
2026-09-04T14,74,2,22.75,5025,,1
2026-09-04T15,74,0,20.5,672,,1
2026-09-04T15,74,0,20.75,5904,,1
2026-09-04T15,74,0,21.0,1017,,1
2026-09-04T15,74,1,22.75,9921,,1
2026-09-04T15,74,2,23.0,61634,,2
2026-09-04T15,74,4,23.25,32443,,1
2026-09-04T16,74,0,21.0,100,,1
2026-09-04T17,74,2,22.75,15436,,1
2026-09-04T17,74,5,24.25,5614,,1
2026-09-04T18,74,0,19.7,160,,1
2026-09-04T18,74,1,22.75,5766,,1
2026-09-04T18,74,2,22.75,13239,,1
2026-09-04T18,74,3,23.5,45738,,2
2026-09-04T18,74,5,24.25,16426,,1
2026-09-04T21,74,0,19.4,23367,,1
2026-09-04T21,74,0,19.5,439,,1
2026-09-04T21,74,0,19.6,139,,1
2026-09-04T21,74,0,19.7,268,,1
2026-09-04T21,74,0,19.8,590,,1
2026-09-04T21,74,0,20.0,1666,,1
2026-09-04T21,74,0,20.25,576,,1
2026-09-04T21,74,1,22.0,12809,,1
2026-09-04T21,74,1,22.25,1011,,1
2026-09-04T21,74,2,22.0,11090,,1
2026-09-04T21,74,2,22.25,148,,1
2026-09-04T21,74,2,22.5,4797,,2
2026-09-04T21,74,3,23.0,1839,,1
2026-09-04T21,74,3,23.25,16545,,1
2026-09-04T23,74,0,20.5,0,174,1
2026-09-04T23,74,0,20.75,0,1599,1
2026-09-04T23,74,0,21.0,300,0,1
2026-09-04T23,74,1,22.5,0,1,1
2026-09-04T23,74,2,22.25,0,5624,1
2026-09-04T23,74,2,22.5,0,1466,1
2026-09-04T23,74,3,23.0,10000,0,1
2026-09-05T00,74,0,20.25,0,127,1
2026-09-05T00,74,0,20.5,1373,0,1
2026-09-05T00,74,1,22.25,0,1390,1
2026-09-05T00,74,1,22.5,0,732,1
2026-09-05T00,74,1,22.75,0,3624,1
2026-09-05T00,74,2,22.75,0,22742,2
2026-09-05T00,74,2,23.0,29969,0,1
2026-09-05T00,74,3,23.0,0,5000,1
2026-09-05T00,74,3,23.25,0,26985,2
2026-09-05T00,74,3,23.5,598,0,1
2026-09-05T00,74,7,23.0,24742,0,2
2026-09-05T01,74,0,19.0,248,2,2
2026-09-05T01,74,0,20.0,0,102,1
2026-09-05T01,74,0,20.25,0,926,2
2026-09-05T01,74,0,20.5,315,0,1
2026-09-05T01,74,1,22.25,0,6000,1
2026-09-05T01,74,2,22.75,0,1794,1
2026-09-05T01,74,7,23.0,24021,0,1
2026-09-05T02,74,0,19.0,0,276,1
2026-09-05T03,74,0,19.0,0,26,1
2026-09-05T03,74,0,19.8,0,23,1
2026-09-05T03,74,0,19.9,0,893,1
2026-09-05T03,74,1,22.0,20327,497,2
2026-09-05T03,74,2,22.0,0,2398,1
2026-09-05T03,74,3,22.5,0,1545,1
2026-09-05T03,74,7,22.75,455,13574,2
2026-09-05T04,74,0,19.6,0,1631,1
2026-09-05T04,74,0,19.7,4500,87,2
2026-09-05T04,74,0,19.8,0,1327,1
2026-09-05T04,74,0,19.9,0,184,1
2026-09-05T04,74,0,20.25,60,1131,2
2026-09-05T04,74,0,20.5,325,3544,3
2026-09-05T05,74,0,19.7,0,1415,1
2026-09-05T05,74,0,19.8,0,6963,2
2026-09-05T05,74,0,19.9,1623,0,1
2026-09-05T05,74,2,22.0,0,12552,1
2026-09-05T05,74,2,22.25,0,10019,3
2026-09-05T05,74,2,22.5,0,20010,2
2026-09-05T05,74,3,22.5,0,2202,1
2026-09-05T05,74,5,22.75,20000,0,1
2026-09-05T06,74,0,19.8,0,924,1
2026-09-05T06,74,1,21.5,0,1493,1
2026-09-05T06,74,1,21.75,12893,0,2
2026-09-05T06,74,2,21.75,0,10708,1
2026-09-05T06,74,2,22.0,0,6038,1
2026-09-05T06,74,3,22.5,0,5352,1
2026-09-05T06,74,3,22.75,0,41112,1
2026-09-05T06,74,4,22.75,0,3503,1
2026-09-05T06,74,5,22.75,0,25877,1
2026-09-05T06,74,7,23.0,0,18315,1
2026-09-05T07,74,0,19.3,0,279,1
2026-09-05T07,74,0,19.4,0,1,1
2026-09-05T07,74,0,19.5,0,540,1
2026-09-05T07,74,0,19.6,0,8533,1
2026-09-05T07,74,0,19.7,0,534,1
2026-09-05T07,74,0,19.8,0,111,1
2026-09-05T07,74,0,19.9,0,11204,1
2026-09-05T07,74,0,20.0,4527,1758,5
2026-09-05T07,74,1,21.25,988,0,1
2026-09-05T07,74,2,22.25,0,7177,2
2026-09-05T07,74,2,22.5,0,5000,1
2026-09-05T07,74,2,22.75,0,3705,2
2026-09-05T07,74,2,23.0,25789,0,1
2026-09-05T07,74,3,22.75,0,617,1
2026-09-05T07,74,3,23.0,0,4247,1
2026-09-05T07,74,3,23.25,22282,0,1
2026-09-05T08,74,0,19.6,0,176,1
2026-09-05T08,74,0,19.7,0,4361,2
2026-09-05T08,74,0,19.8,0,49,1
2026-09-05T08,74,0,19.9,0,1347,1
2026-09-05T08,74,0,20.0,7123,0,1
2026-09-05T08,74,1,20.75,0,3458,1
2026-09-05T08,74,1,21.0,0,3494,1
2026-09-05T08,74,1,21.25,0,1368,1
2026-09-05T08,74,1,21.75,28713,0,1
2026-09-05T08,74,2,22.5,0,9263,1
2026-09-05T08,74,3,22.75,0,26860,1
2026-09-05T08,74,3,23.0,61,544,2
2026-09-05T09,74,0,19.7,0,18885,2
2026-09-05T09,74,0,19.8,800,133,2
2026-09-05T09,74,0,19.9,0,20092,1
2026-09-05T09,74,1,21.25,54507,0,2
2026-09-05T09,74,4,24.0,0,19568,1
2026-09-05T10,74,0,19.8,0,1842,2
2026-09-05T10,74,0,19.9,4234,271,3
2026-09-05T10,74,0,20.0,2423,0,1
2026-09-05T10,74,2,22.25,0,1272,1
2026-09-05T10,74,3,22.5,2840,0,1
2026-09-05T11,74,0,19.9,0,79,1
2026-09-05T11,74,0,20.0,1422,54720,4
2026-09-05T11,74,1,21.25,0,14715,1
2026-09-05T11,74,3,22.5,6481,24069,2
2026-09-05T12,74,0,19.8,0,245,1
2026-09-05T12,74,0,19.9,0,144,1
2026-09-05T12,74,0,20.0,0,146,1
2026-09-05T12,74,0,20.25,1293,0,1
2026-09-05T12,74,1,20.75,315,0,1
2026-09-05T12,74,1,21.25,0,1382,1
2026-09-05T12,74,2,21.75,0,17500,2
2026-09-05T12,74,2,22.0,0,4277,1
2026-09-05T12,74,2,22.25,0,20000,1
2026-09-05T13,74,0,19.0,0,607,1
2026-09-05T13,74,0,19.8,0,1110,1
2026-09-05T13,74,0,19.9,1797,486,2
2026-09-05T13,74,0,20.0,0,15773,2
2026-09-05T13,74,0,20.25,0,5975,5
2026-09-05T13,74,0,20.5,0,6130,2
2026-09-05T13,74,0,20.75,2556,0,1
2026-09-05T13,74,1,20.75,0,8039,2
2026-09-05T13,74,1,21.0,0,15754,1
2026-09-05T13,74,1,21.25,0,5026,1
2026-09-05T13,74,1,21.5,0,20503,2
2026-09-05T13,74,1,21.75,0,25963,4
2026-09-05T13,74,1,22.0,0,7768,3
2026-09-05T13,74,3,22.25,229544,161905,2
2026-09-05T13,74,3,22.5,12474,0,1
2026-09-05T13,74,4,23.75,0,66190,1
2026-09-05T14,74,0,20.5,0,500,1
2026-09-05T14,74,3,22.5,0,10326,1
2026-09-05T15,74,0,19.5,0,222,1
2026-09-05T15,74,0,19.6,0,2594,1
2026-09-05T15,74,0,19.8,0,8549,1
2026-09-05T15,74,0,19.9,0,1646,1
2026-09-05T15,74,0,20.0,279,103,2
2026-09-05T15,74,0,20.25,0,600,1
2026-09-05T15,74,0,20.5,0,173,2
2026-09-05T15,74,0,20.75,2853,0,2
2026-09-05T15,74,2,22.5,0,14998,3
2026-09-05T15,74,3,22.75,6936,2640,2
2026-09-05T15,74,3,23.0,23,0,1
2026-09-05T16,74,0,19.7,0,445,1
2026-09-05T16,74,0,19.8,0,381,1
2026-09-05T16,74,0,19.9,0,5,1
2026-09-05T16,74,0,20.0,0,1824,2
2026-09-05T16,74,0,20.25,0,2425,1
2026-09-05T16,74,0,20.5,1108,0,1
2026-09-05T16,74,2,22.75,0,109585,2
2026-09-05T16,74,3,22.75,0,3064,1
2026-09-05T16,74,7,23.0,39051,0,1
2026-09-05T17,74,0,19.7,1500,0,1
2026-09-05T17,74,0,20.25,0,5517,1
2026-09-05T17,74,0,20.5,5181,0,1
2026-09-05T17,74,1,21.0,0,2368,1
2026-09-05T17,74,1,21.25,0,10284,1
2026-09-05T17,74,1,21.5,0,950,1
2026-09-05T17,74,1,21.75,0,3394,1
2026-09-05T17,74,7,23.0,6802,0,1
2026-09-05T18,74,0,19.6,0,47,1
2026-09-05T18,74,0,19.7,0,1192,1
2026-09-05T18,74,0,19.8,0,1546,2
2026-09-05T18,74,0,19.9,0,4909,2
2026-09-05T18,74,0,20.0,0,24,1
2026-09-05T18,74,0,20.25,0,64,1
2026-09-05T18,74,0,20.5,400,2199,3
2026-09-05T18,74,0,20.75,1478,0,1
2026-09-05T18,74,1,21.5,0,4163,1
2026-09-05T18,74,1,21.75,0,1767,1
2026-09-05T18,74,1,22.0,221,0,1
2026-09-05T18,74,2,22.5,0,5500,1
2026-09-05T18,74,2,22.75,0,4696,1
2026-09-05T18,74,2,23.0,7000,0,1
2026-09-05T18,74,3,22.25,0,1133,1
2026-09-05T18,74,3,22.5,0,4000,1
2026-09-05T18,74,3,23.0,0,22126,1
2026-09-05T18,74,7,23.0,23643,2105,2
2026-09-05T19,74,1,22.0,14771,3221,2
2026-09-05T19,74,2,22.5,5289,0,1
2026-09-05T19,74,3,23.25,14844,0,1
2026-09-05T20,74,0,19.4,0,7520,2
2026-09-05T20,74,0,19.5,0,269,2
2026-09-05T20,74,1,21.0,0,5651,1
2026-09-05T20,74,1,21.25,0,6921,1
2026-09-05T20,74,1,21.5,15463,405,2
2026-09-05T20,74,2,22.5,0,3485,1
2026-09-05T20,74,2,22.75,0,10841,3
2026-09-05T20,74,3,23.0,1110,5104,2
2026-09-05T20,74,3,23.25,24081,12874,2
2026-09-05T21,74,1,21.75,0,867,1
2026-09-05T21,74,1,22.0,16533,0,1
2026-09-05T21,74,2,21.5,0,4097,1
2026-09-05T21,74,2,21.75,0,6791,1
2026-09-05T21,74,2,22.0,0,20936,1
2026-09-05T23,74,0,19.5,0,695,1
2026-09-05T23,74,0,19.6,0,347,1
2026-09-05T23,74,0,19.7,0,713,2
2026-09-05T23,74,0,19.8,0,3549,1
2026-09-05T23,74,0,19.9,0,1,1
2026-09-05T23,74,0,20.0,13351,156,2
2026-09-05T23,74,1,22.0,0,23934,4
2026-09-05T23,74,1,22.25,40748,0,1
2026-09-05T23,74,2,22.25,0,1285,1
2026-09-05T23,74,2,22.5,4606,0,1
2026-09-05T23,74,3,23.25,0,5919,1
2026-09-06T00,74,0,19.3,0,818,2
2026-09-06T00,74,0,19.4,20,0,1
2026-09-06T00,74,1,22.25,0,47633,1
2026-09-06T00,74,1,22.5,0,507,2
2026-09-06T00,74,2,22.5,0,6114,1
2026-09-06T00,74,2,22.75,0,20000,1
2026-09-06T00,74,2,23.0,48800,0,1
2026-09-06T00,74,3,22.75,5910,9090,2
2026-09-06T00,74,3,23.0,0,14771,1
2026-09-06T00,74,3,23.25,27249,0,1
2026-09-06T00,74,5,24.25,0,57960,1
2026-09-06T01,74,0,19.3,0,86,1
2026-09-06T01,74,0,19.4,0,7115,3
2026-09-06T01,74,0,19.5,4000,892,2
2026-09-06T01,74,1,20.0,0,39,1
2026-09-06T01,74,2,22.75,0,3373,1
2026-09-06T01,74,2,23.0,11425,0,1
2026-09-06T01,74,7,23.0,0,54994,1
2026-09-06T02,74,0,19.3,100,790,2
2026-09-06T02,74,0,19.4,0,1612,1
2026-09-06T02,74,0,19.5,0,1189,2
2026-09-06T02,74,0,19.6,0,15145,1
2026-09-06T02,74,0,19.7,0,2355,1
2026-09-06T02,74,0,19.8,0,122,1
2026-09-06T02,74,0,19.9,0,1000,1
2026-09-06T02,74,0,20.0,600,0,1
2026-09-06T03,74,0,19.5,0,200,1
2026-09-06T03,74,0,19.6,2236,14039,3
2026-09-06T03,74,1,18.0,0,159,1
2026-09-06T03,74,1,20.75,0,7460,1
2026-09-06T03,74,1,21.0,0,500,1
2026-09-06T03,74,1,21.25,3828,0,1
2026-09-06T04,74,0,19.5,0,85,1
2026-09-06T04,74,0,19.6,0,1150,1
2026-09-06T04,74,0,19.7,0,9481,2
2026-09-06T04,74,0,19.8,0,139,1
2026-09-06T04,74,0,20.0,1032,0,1
2026-09-06T04,74,2,22.5,0,1398,1
2026-09-06T04,74,3,22.5,0,11600,1
2026-09-06T04,74,3,22.75,3456,0,1
2026-09-06T05,74,0,19.6,69,2031,2
2026-09-06T05,74,0,19.7,0,7,1
2026-09-06T05,74,0,19.8,0,2200,1
2026-09-06T05,74,0,19.9,0,1128,1
2026-09-06T05,74,0,20.0,680,0,1
2026-09-06T05,74,1,21.0,0,4022,1
2026-09-06T05,74,1,21.25,0,8598,2
2026-09-06T05,74,1,21.5,0,19430,1
2026-09-06T05,74,1,21.75,0,8934,1
2026-09-06T05,74,1,22.0,0,7163,1
2026-09-06T05,74,2,22.25,0,9102,2
2026-09-06T05,74,3,22.25,0,5816,1
2026-09-06T05,74,3,22.5,19432,0,3
2026-09-06T06,74,0,19.8,5000,298,2
2026-09-06T06,74,0,19.9,0,5842,2
2026-09-06T06,74,0,20.0,0,8849,3
2026-09-06T06,74,2,20.75,0,5802,1
2026-09-06T06,74,2,21.0,0,39248,1
2026-09-06T07,74,0,19.8,0,749,1
2026-09-06T07,74,0,19.9,0,1181,1
2026-09-06T07,74,1,20.0,732,0,1
2026-09-06T07,74,2,21.5,0,7038,1
2026-09-06T07,74,2,21.75,0,16385,2
2026-09-06T07,74,2,22.0,0,8787,2
2026-09-06T07,74,2,22.25,0,10985,1
2026-09-06T07,74,3,22.25,0,400,1
2026-09-06T07,74,3,22.5,0,24047,2
2026-09-06T07,74,3,22.75,0,59270,2
2026-09-06T08,74,1,19.7,1000,3920,2
2026-09-06T08,74,1,19.8,1966,19793,2
2026-09-06T08,74,1,19.9,0,882,1
2026-09-06T08,74,1,20.0,0,4173,2
2026-09-06T08,74,1,20.75,2622,378,2
2026-09-06T08,74,4,23.5,20000,6394,2
2026-09-06T08,74,5,23.75,80000,170000,2
2026-09-06T08,74,5,24.0,137489,0,1
2026-09-06T08,74,7,24.0,0,6117,1
2026-09-06T09,74,0,19.4,0,80,1
2026-09-06T09,74,0,19.5,0,1253,2
2026-09-06T09,74,3,21.5,35000,0,1
2026-09-06T09,74,4,24.0,0,3075,1
2026-09-06T09,74,4,24.25,8634,0,1
2026-09-06T09,74,5,24.0,0,12511,1
2026-09-06T09,74,7,22.0,180000,0,1
2026-09-06T10,74,0,19.4,0,575,1
2026-09-06T10,74,0,19.5,0,1251,1
2026-09-06T10,74,0,19.6,103,560,2
2026-09-06T10,74,1,20.0,0,359,1
2026-09-06T10,74,1,20.25,0,1372,1
2026-09-06T10,74,1,20.5,0,8687,1
2026-09-06T10,74,1,20.75,0,790,1
2026-09-06T10,74,2,21.0,0,1100,1
2026-09-06T10,74,2,21.25,4535,0,1
2026-09-06T10,74,3,21.0,0,457,1
2026-09-06T10,74,3,21.25,0,2045,1
2026-09-06T10,74,7,22.0,126592,0,1
2026-09-06T11,74,0,19.2,0,1564,1
2026-09-06T11,74,0,19.3,0,102,1
2026-09-06T11,74,0,19.4,0,828,2
2026-09-06T11,74,0,19.5,0,374,1
2026-09-06T11,74,0,19.6,0,237,1
2026-09-06T11,74,0,19.7,0,918,2
2026-09-06T11,74,0,19.8,0,2016,1
2026-09-06T11,74,0,19.9,0,466,1
2026-09-06T11,74,0,20.0,0,2639,3
2026-09-06T11,74,0,20.25,76,2225,6
2026-09-06T11,74,1,21.0,0,14521,2
2026-09-06T11,74,1,21.25,0,2949,1
2026-09-06T11,74,2,21.25,0,15465,1
2026-09-06T11,74,3,21.5,10065,0,1
2026-09-06T11,74,7,22.0,5000,0,1
2026-09-06T12,74,0,19.5,0,948,1
2026-09-06T12,74,0,19.6,0,1130,1
2026-09-06T12,74,0,19.7,488,0,1
2026-09-06T12,74,2,21.0,0,6620,1
2026-09-06T12,74,3,20.5,10000,19177,2
2026-09-06T12,74,3,20.75,823,0,1
2026-09-06T12,74,3,21.0,5887,0,1
2026-09-06T12,74,7,22.0,0,995000,1
2026-09-06T13,74,0,19.3,0,854,2
2026-09-06T13,74,0,19.4,448,26,2
2026-09-06T13,74,0,19.7,0,3634,1
2026-09-06T13,74,0,19.8,0,3604,2
2026-09-06T13,74,0,19.9,0,1390,1
2026-09-06T13,74,1,20.0,0,5000,1
2026-09-06T13,74,1,20.25,0,82,1
2026-09-06T13,74,1,20.5,3000,6174,2
2026-09-06T13,74,2,20.75,0,4479,1
2026-09-06T13,74,2,21.0,0,3620,1
2026-09-06T13,74,3,20.75,0,20601,1
2026-09-06T13,74,3,21.0,10944,58169,2
2026-09-06T13,74,3,21.25,0,107192,1
2026-09-06T13,74,3,21.5,0,177528,1
2026-09-06T13,74,3,21.75,6312,0,1
2026-09-06T13,74,4,21.75,0,6312,1
2026-09-06T14,74,0,19.6,0,135,1
2026-09-06T14,74,0,19.7,165,201,2
2026-09-06T14,74,0,19.8,0,523,1
2026-09-06T14,74,0,19.9,268,0,1
2026-09-06T14,74,1,20.75,6000,0,1
2026-09-06T15,74,0,19.8,0,30,1
2026-09-06T15,74,0,19.9,0,350,1
2026-09-06T15,74,0,20.0,169,1380,2
2026-09-06T15,74,1,20.5,0,328,1
2026-09-06T15,74,1,20.75,0,1026,1
2026-09-06T15,74,1,21.0,10,0,1
2026-09-06T15,74,3,21.5,0,2944,1
2026-09-06T15,74,3,21.75,0,37280,2
2026-09-06T15,74,3,22.0,0,27455,1
2026-09-06T15,74,3,22.75,2509,1324,2
2026-09-06T15,74,3,23.0,0,30000,1
2026-09-06T16,74,0,19.5,0,619,1
2026-09-06T16,74,0,19.6,10400,1043,3
2026-09-06T16,74,0,19.7,2558,1937,2
2026-09-06T16,74,0,19.8,0,5181,1
2026-09-06T16,74,0,19.9,0,1246,1
2026-09-06T16,74,0,20.0,0,1660,3
2026-09-06T16,74,0,20.25,0,1117,1
2026-09-06T16,74,0,20.5,25,1062,3
2026-09-06T16,74,2,21.25,0,16002,1
2026-09-06T17,74,1,21.0,9306,2224,3
2026-09-06T17,74,2,21.25,0,20000,1
2026-09-06T17,74,2,21.5,0,10743,2
2026-09-06T17,74,2,21.75,0,4000,1
2026-09-06T17,74,2,22.75,0,5575,2
2026-09-06T17,74,2,23.0,80988,55986,5
2026-09-06T17,74,3,22.75,0,5660,1
2026-09-06T17,74,3,23.0,7847,10726,3
2026-09-06T18,74,0,19.4,0,2406,2
2026-09-06T18,74,0,19.5,0,3683,4
2026-09-06T18,74,0,19.6,0,867,4
2026-09-06T18,74,0,19.7,4001,1866,5
2026-09-06T18,74,0,19.8,1033,1703,2
2026-09-06T18,74,0,19.9,0,245,1
2026-09-06T18,74,0,20.0,3006,0,1
2026-09-06T18,74,1,21.0,15914,0,2
2026-09-06T18,74,2,22.5,1,173,2
2026-09-06T18,74,2,22.75,0,5905,3
2026-09-06T18,74,2,23.0,30836,0,2
2026-09-06T18,74,3,23.25,0,30064,3
2026-09-06T18,74,3,23.5,19990,41978,5
2026-09-06T19,74,0,19.8,0,1216,1
2026-09-06T19,74,0,19.9,775,0,1
2026-09-06T19,74,1,20.5,0,2500,1
2026-09-06T19,74,2,22.75,0,20234,2
2026-09-06T19,74,3,23.5,27934,0,2
2026-09-06T19,74,7,24.5,0,80071,1
2026-09-06T20,74,0,19.6,0,26217,3
2026-09-06T20,74,1,20.75,0,493,1
2026-09-06T20,74,1,21.0,0,7087,1
2026-09-06T20,74,1,21.25,7903,800,2
2026-09-06T20,74,2,22.5,1280,385,2
2026-09-06T20,74,7,23.0,0,80698,1
2026-09-06T21,74,0,19.0,0,1636,1
2026-09-06T21,74,0,19.1,0,594,1
2026-09-06T21,74,0,19.2,0,463,3
2026-09-06T21,74,0,19.3,0,1232,2
2026-09-06T21,74,0,19.4,0,865,3
2026-09-06T21,74,0,19.5,2120,596,2
2026-09-06T21,74,0,19.6,3245,12879,2
2026-09-06T21,74,0,19.7,0,2298,1
2026-09-06T21,74,0,19.8,0,12890,1
2026-09-06T21,74,1,20.5,0,1123,1
2026-09-06T21,74,1,20.75,0,3327,1
2026-09-06T21,74,1,21.0,0,260,1
2026-09-06T21,74,1,21.25,0,3794,2
2026-09-06T21,74,1,21.75,0,1000,1
2026-09-06T21,74,1,22.0,7845,1402,3
2026-09-06T21,74,2,22.25,0,354,1
2026-09-06T21,74,2,22.5,8086,5776,4
2026-09-06T21,74,2,22.75,22465,0,2
2026-09-06T22,74,0,19.3,0,80,1
2026-09-06T22,74,0,19.4,0,444,1
2026-09-06T22,74,0,19.5,0,990,1
2026-09-06T22,74,0,19.6,0,284,1
2026-09-06T22,74,0,19.7,0,116,1
2026-09-06T22,74,0,19.8,0,37,1
2026-09-06T22,74,0,19.9,0,191,1
2026-09-06T22,74,0,20.0,4772,0,1
2026-09-06T22,74,2,22.25,0,30000,1
2026-09-06T22,74,3,22.5,33169,0,3
2026-09-06T23,74,0,19.8,500,500,2
2026-09-06T23,74,0,19.9,0,246,3
2026-09-06T23,74,0,20.0,0,6140,3
2026-09-06T23,74,0,20.25,0,2734,1
2026-09-06T23,74,0,20.5,21767,41,2
2026-09-07T00,74,0,19.6,300,0,1
2026-09-07T00,74,3,22.5,27583,0,1
2026-09-07T01,74,0,19.6,0,29,1
2026-09-07T01,74,0,19.7,0,1000,1
2026-09-07T01,74,0,19.8,0,123,3
2026-09-07T01,74,0,19.9,500,846,2
2026-09-07T01,74,0,20.0,0,1120,1
2026-09-07T01,74,0,20.25,0,1200,4
2026-09-07T01,74,0,20.5,1280,0,2
2026-09-07T01,74,1,21.0,0,352,1
2026-09-07T01,74,1,21.25,0,10000,1
2026-09-07T01,74,1,21.5,0,4215,1
2026-09-07T01,74,2,22.0,6100,13900,2
2026-09-07T01,74,2,22.25,0,10186,1
2026-09-07T01,74,2,22.5,0,3823,2
2026-09-07T01,74,2,22.75,0,67235,1
2026-09-07T01,74,2,23.0,74252,0,1
2026-09-07T01,74,3,22.25,0,20000,1
2026-09-07T01,74,3,22.5,34271,3722,5
2026-09-07T01,74,7,23.0,0,30340,1
2026-09-07T02,74,0,19.6,0,431,1
2026-09-07T02,74,0,19.7,0,845,1
2026-09-07T02,74,0,19.9,0,963,1
2026-09-07T02,74,0,20.0,0,129,2
2026-09-07T02,74,0,20.25,0,404,1
2026-09-07T02,74,0,20.5,1343,19901,4
2026-09-07T02,74,0,20.75,9521,0,1
2026-09-07T02,74,1,22.25,0,15,1
2026-09-07T02,74,1,22.5,0,208,1
2026-09-07T02,74,1,22.75,0,4620,1
2026-09-07T02,74,2,22.75,0,23804,2
2026-09-07T02,74,2,23.0,0,216267,2
2026-09-07T03,74,0,20.5,0,815,1
2026-09-07T03,74,0,20.75,7769,4923,4
2026-09-07T03,74,2,22.75,0,3000,1
2026-09-07T03,74,3,23.0,0,15000,1
2026-09-07T03,74,4,23.25,436,0,1
2026-09-07T04,74,0,19.8,0,300,1
2026-09-07T04,74,0,19.9,0,1088,1
2026-09-07T04,74,1,19.9,0,3880,1
2026-09-07T04,74,3,22.75,1000,0,1
2026-09-07T05,74,0,19.3,0,1284,1
2026-09-07T05,74,0,19.4,0,11001,1
2026-09-07T05,74,0,19.7,0,1289,1
2026-09-07T05,74,0,19.8,0,104,1
2026-09-07T05,74,0,19.9,0,949,1
2026-09-07T05,74,0,20.0,0,5324,2
2026-09-07T05,74,0,20.25,343,0,2
2026-09-07T05,74,1,21.25,0,2198,1
2026-09-07T05,74,1,21.5,0,535,1
2026-09-07T05,74,1,21.75,0,1540,1
2026-09-07T05,74,1,22.0,0,1500,1
2026-09-07T05,74,1,22.25,0,200,1
2026-09-07T05,74,2,22.0,0,7135,1
2026-09-07T05,74,2,22.25,11919,2034,3
2026-09-07T05,74,3,22.5,3835,0,2
2026-09-07T05,74,4,23.0,0,16101,1
2026-09-07T05,74,4,23.25,46990,0,1
2026-09-07T06,74,0,19.9,0,712,1
2026-09-07T06,74,0,20.0,0,807,2
2026-09-07T06,74,0,20.25,4625,1414,3
2026-09-07T06,74,2,22.25,0,5000,1
2026-09-07T06,74,2,22.5,0,26000,1
2026-09-07T06,74,2,22.75,603,397,2
2026-09-07T06,74,2,23.0,0,13961,1
2026-09-07T06,74,3,22.25,500,232,2
2026-09-07T06,74,3,22.5,0,6165,1
2026-09-07T06,74,3,22.75,0,2851,1
2026-09-07T06,74,3,23.0,9851,15729,2
2026-09-07T06,74,4,23.25,0,52574,1
2026-09-07T07,74,0,19.4,0,5017,1
2026-09-07T07,74,0,19.5,0,42,1
2026-09-07T07,74,0,19.6,0,3181,1
2026-09-07T07,74,0,19.7,0,1797,1
2026-09-07T07,74,0,19.8,0,1815,2
2026-09-07T07,74,1,21.75,0,321,1
2026-09-07T07,74,1,22.0,613,0,1
2026-09-07T08,74,0,19.4,0,127,1
2026-09-07T08,74,0,19.5,0,369,1
2026-09-07T08,74,0,19.6,0,1,1
2026-09-07T08,74,0,19.7,503,40,2
2026-09-07T08,74,0,19.8,0,321,1
2026-09-07T08,74,0,19.9,0,10073,1
2026-09-07T08,74,0,20.0,1025,0,1
2026-09-07T08,74,2,22.75,0,2203,1
2026-09-07T08,74,2,23.0,0,41277,2
2026-09-07T08,74,2,23.25,0,28385,1
2026-09-07T08,74,3,22.75,0,3591,1
2026-09-07T08,74,3,23.0,0,7428,1
2026-09-07T08,74,3,23.25,0,13103,1
2026-09-07T08,74,4,23.25,0,40053,1
2026-09-07T09,74,0,19.6,0,381,1
2026-09-07T09,74,0,19.7,0,3425,2
2026-09-07T09,74,0,19.8,2562,31,2
2026-09-07T09,74,0,20.0,0,5401,1
2026-09-07T09,74,0,20.25,0,14687,3
2026-09-07T09,74,0,20.5,5515,0,1
2026-09-07T09,74,1,21.75,0,4862,1
2026-09-07T09,74,1,22.0,138,0,1
2026-09-07T09,74,2,22.75,0,6121,2
2026-09-07T09,74,2,23.0,1500,0,1
2026-09-07T09,74,3,23.0,0,691,1
2026-09-07T09,74,5,23.5,26408,0,1
2026-09-07T10,74,0,20.25,844,85,2
2026-09-07T10,74,0,20.5,846,6513,2
2026-09-07T10,74,1,21.75,0,2475,1
2026-09-07T10,74,2,22.5,0,3589,1
2026-09-07T10,74,2,22.75,0,3000,1
2026-09-07T10,74,2,23.0,3411,0,1
2026-09-07T12,74,0,19.6,0,665,1
2026-09-07T12,74,0,19.7,0,214,1
2026-09-07T12,74,0,19.8,4660,461,2
2026-09-07T12,74,1,21.5,0,2115,2
2026-09-07T12,74,1,21.75,0,6710,2
2026-09-07T12,74,1,22.0,6289,11175,3
2026-09-07T12,74,1,22.25,0,3098,1
2026-09-07T12,74,2,22.0,0,2200,1
2026-09-07T12,74,2,22.25,0,10000,1
2026-09-07T12,74,2,22.5,18811,41204,4
2026-09-07T12,74,2,22.75,0,18267,2
2026-09-07T12,74,2,23.0,0,38340,3
2026-09-07T12,74,3,23.0,0,6016,2
2026-09-07T12,74,3,23.25,0,6714,1
2026-09-07T12,74,4,23.25,0,6798,1
2026-09-07T12,74,5,23.5,0,2592,1
2026-09-07T13,74,0,19.5,0,173,1
2026-09-07T13,74,0,19.6,1352,0,1
2026-09-07T13,74,0,19.7,1,3690,3
2026-09-07T13,74,0,19.8,0,421,1
2026-09-07T13,74,0,19.9,607,431,2
2026-09-07T13,74,1,22.5,0,682,1
2026-09-07T13,74,1,22.75,0,13311,1
2026-09-07T13,74,1,23.0,6229,0,1
2026-09-07T13,74,2,23.0,1997,0,1
2026-09-07T13,74,3,22.5,0,22402,1
2026-09-07T13,74,3,23.0,0,9531,1
2026-09-07T14,74,0,19.5,0,5281,2
2026-09-07T14,74,0,19.6,550,2388,3
2026-09-07T14,74,0,19.7,0,2204,1
2026-09-07T14,74,0,19.8,0,365,1
2026-09-07T14,74,0,19.9,0,14393,1
2026-09-07T14,74,1,22.5,4636,0,2
2026-09-07T14,74,2,23.0,0,3003,1
2026-09-07T14,74,3,23.0,0,1009,1
2026-09-07T14,74,3,23.25,2435,0,2
2026-09-07T15,74,0,19.7,0,1011,1
2026-09-07T15,74,0,19.8,1059,0,1
2026-09-07T15,74,1,22.25,0,1226,1
2026-09-07T15,74,1,22.5,2570,0,1
2026-09-07T15,74,2,22.75,0,3540,1
2026-09-07T15,74,2,23.0,0,10000,1
2026-09-07T15,74,3,23.25,7950,0,1
2026-09-07T16,74,0,19.4,0,813,1
2026-09-07T16,74,0,19.5,0,18071,1
2026-09-07T16,74,0,19.6,0,189,1
2026-09-07T16,74,0,19.7,0,826,1
2026-09-07T16,74,0,19.8,0,1,1
2026-09-07T16,74,0,19.9,0,6053,2
2026-09-07T16,74,1,22.25,0,3247,1
2026-09-07T16,74,2,22.25,0,1539,1
2026-09-07T16,74,2,22.5,0,12112,1
2026-09-07T16,74,4,23.5,0,25309,1
2026-09-07T16,74,4,23.75,33280,0,1
2026-09-07T16,74,5,23.75,0,3411,1
2026-09-07T17,74,0,19.7,0,400,1
2026-09-07T17,74,0,19.8,0,23135,3
2026-09-07T17,74,0,19.9,0,1566,1
2026-09-07T17,74,1,22.5,530,0,1
2026-09-07T17,74,2,22.5,0,201,1
2026-09-07T17,74,2,22.75,7513,1352,2
2026-09-07T17,74,2,23.25,0,21569,2
2026-09-07T17,74,3,22.75,0,2241,1
2026-09-07T17,74,3,23.0,1220,24816,3
2026-09-07T17,74,3,23.25,0,15150,1
2026-09-07T17,74,3,23.5,1904,0,1
2026-09-07T18,74,0,19.8,142,0,1
2026-09-07T18,74,1,22.0,5000,42,2
2026-09-07T18,74,1,22.25,2140,0,1
2026-09-07T18,74,3,23.25,0,260,1
2026-09-07T18,74,3,23.5,0,27904,1
2026-09-07T18,74,4,23.75,39898,0,2
2026-09-07T19,74,0,19.8,0,52,1
2026-09-07T19,74,0,19.9,0,407,2
2026-09-07T19,74,0,20.0,14838,423,3
2026-09-07T19,74,1,22.0,0,1206,1
2026-09-07T19,74,1,22.25,0,4860,1
2026-09-07T19,74,2,22.5,879,17210,3
2026-09-07T19,74,2,22.75,0,4000,1
2026-09-07T19,74,2,23.0,0,461,1
2026-09-07T19,74,2,23.25,7794,0,2
2026-09-07T19,74,3,22.75,0,53032,2
2026-09-07T19,74,7,23.0,0,89572,1
2026-09-07T20,74,0,18.9,0,59,1
2026-09-07T20,74,0,19.0,0,9958,1
2026-09-07T20,74,0,19.1,0,539,2
2026-09-07T20,74,0,19.2,0,1000,1
2026-09-07T20,74,0,19.3,0,116,1
2026-09-07T20,74,0,19.4,0,462,1
2026-09-07T20,74,0,19.5,0,154,1
2026-09-07T20,74,1,21.5,0,284,1
2026-09-07T20,74,1,21.75,0,2527,1
2026-09-07T20,74,1,22.0,0,4000,1
2026-09-07T20,74,1,22.25,0,6606,3
2026-09-07T20,74,1,22.5,0,5044,1
2026-09-07T20,74,1,22.75,0,2110,1
2026-09-07T20,74,1,23.0,2470,10581,2
2026-09-07T20,74,2,23.25,0,7610,1
2026-09-07T20,74,2,23.5,0,361,1
2026-09-07T20,74,3,22.5,0,4000,1
2026-09-07T20,74,3,23.5,0,98,1
2026-09-07T20,74,4,23.75,51180,0,2
2026-09-07T20,74,7,23.0,0,17716,1
2026-09-07T20,74,7,24.0,0,100000,1
2026-09-07T21,74,0,19.2,0,239,1
2026-09-07T21,74,0,19.3,0,1973,2
2026-09-07T21,74,0,19.4,0,2425,2
2026-09-07T21,74,0,19.5,0,1777,2
2026-09-07T21,74,0,19.6,0,1260,1
2026-09-07T21,74,1,22.75,0,217,1
2026-09-07T21,74,1,23.0,10928,802,2
2026-09-07T21,74,2,22.0,0,20916,1
2026-09-07T21,74,2,23.25,0,20000,1
2026-09-07T21,74,2,23.5,70000,0,1
2026-09-07T21,74,4,23.75,0,34406,1
2026-09-07T21,74,5,24.25,8226,0,1
2026-09-07T22,74,0,19.5,675,0,1
2026-09-07T22,74,2,23.0,0,6667,1
2026-09-07T22,74,2,23.25,1033,0,1
2026-09-07T23,74,0,19.2,0,4772,1
2026-09-07T23,74,0,19.3,0,96,1
2026-09-07T23,74,0,19.4,0,569,1
2026-09-07T23,74,2,22.75,3898,0,1
2026-09-08T00,74,0,19.4,3769,106,3
2026-09-08T00,74,0,19.5,0,24385,3
2026-09-08T00,74,2,22.5,0,15192,2
2026-09-08T00,74,3,23.0,7608,0,1
2026-09-08T00,74,7,23.0,0,19975,1
2026-09-08T01,74,0,19.1,0,966,1
2026-09-08T01,74,0,19.2,4118,0,1
2026-09-08T01,74,1,20.0,0,41,1
2026-09-08T01,74,1,21.75,0,835,1
2026-09-08T01,74,1,22.0,0,4378,2
2026-09-08T01,74,1,22.25,7584,10006,2
2026-09-08T01,74,1,22.5,1085,0,2
2026-09-08T01,74,2,22.5,0,4507,1
2026-09-08T01,74,2,22.75,2,1998,2
2026-09-08T02,74,0,19.1,1800,0,1
2026-09-08T02,74,1,19.0,0,2372,2
2026-09-08T02,74,1,20.0,0,81,1
2026-09-08T02,74,1,21.75,0,1760,1
2026-09-08T02,74,2,22.75,0,11998,1
2026-09-08T02,74,2,23.0,0,24336,2
2026-09-08T02,74,2,23.25,0,67,1
2026-09-08T02,74,2,23.5,91388,0,2
2026-09-08T02,74,3,22.75,0,3829,1
2026-09-08T02,74,3,23.0,0,7392,1
2026-09-08T02,74,3,23.25,0,19690,1
2026-09-08T03,74,0,18.8,0,3782,1
2026-09-08T03,74,0,18.9,0,3192,1
2026-09-08T03,74,0,19.0,0,604,1
2026-09-08T03,74,0,19.1,0,1341,1
2026-09-08T03,74,2,23.25,715,0,1
2026-09-08T03,74,3,22.75,0,2164,1
2026-09-08T03,74,7,23.0,0,7121,1
2026-09-08T04,74,0,18.9,0,907,1
2026-09-08T04,74,0,19.0,0,632,1
2026-09-08T04,74,0,19.1,4894,445,3
2026-09-08T04,74,0,19.2,3122,0,1
2026-09-08T04,74,2,23.0,0,5927,1
2026-09-08T04,74,3,23.25,0,4853,1
2026-09-08T04,74,3,23.5,1147,0,1
2026-09-08T05,74,0,18.9,0,7660,1
2026-09-08T05,74,1,21.25,0,869,1
2026-09-08T05,74,1,21.5,0,5385,1
2026-09-08T05,74,1,21.75,21722,10313,3
2026-09-08T05,74,1,22.0,0,35818,4
2026-09-08T05,74,1,22.25,0,2416,1
2026-09-08T05,74,1,22.5,0,2779,1
2026-09-08T05,74,2,22.5,0,14020,1
2026-09-08T05,74,2,22.75,0,3800,1
2026-09-08T05,74,4,23.0,28493,0,2
2026-09-08T05,74,9,30.0,0,22302,1
2026-09-08T06,74,0,18.8,0,4068,1
2026-09-08T06,74,0,18.9,0,543,1
2026-09-08T06,74,0,19.0,0,8659,3
2026-09-08T06,74,0,19.1,0,3360,3
2026-09-08T06,74,0,19.2,1425,11701,3
2026-09-08T06,74,0,19.3,0,65,1
2026-09-08T06,74,0,19.4,0,851,1
2026-09-08T06,74,0,19.5,0,5160,1
2026-09-08T06,74,1,22.75,0,324,1
2026-09-08T06,74,1,23.0,2356,0,1
2026-09-08T06,74,2,23.0,0,2031,1
2026-09-08T06,74,3,22.75,0,2220,1
2026-09-08T06,74,3,23.25,0,16646,1
2026-09-08T06,74,3,23.5,0,1963,1
2026-09-08T06,74,3,23.75,1093,0,1
2026-09-08T06,74,4,23.0,0,21507,1
2026-09-08T06,74,5,24.25,0,10521,1
2026-09-08T06,74,5,24.5,0,2491,1
2026-09-08T06,74,7,24.0,0,11476,1
2026-09-08T06,74,7,24.75,0,71981,1
2026-09-08T07,74,0,19.6,0,5090,1
2026-09-08T07,74,0,19.7,2000,3153,4
2026-09-08T07,74,1,22.5,1070,0,1
2026-09-08T07,74,2,22.0,0,21685,1
2026-09-08T07,74,2,22.75,0,2561,1
2026-09-08T07,74,2,23.0,0,13900,1
2026-09-08T07,74,2,23.25,0,4000,1
2026-09-08T07,74,3,23.75,0,71320,2
2026-09-08T08,74,0,19.3,0,6816,1
2026-09-08T08,74,0,19.4,0,50,1
2026-09-08T08,74,0,19.5,50,415,2
2026-09-08T08,74,0,19.6,0,1803,2
2026-09-08T08,74,0,19.7,0,446,1
2026-09-08T08,74,0,19.8,1000,0,1
2026-09-08T08,74,1,22.0,0,4357,1
2026-09-08T08,74,1,22.25,0,5870,1
2026-09-08T08,74,1,22.5,0,4216,1
2026-09-08T08,74,1,22.75,0,381,1
2026-09-08T08,74,1,23.0,0,10860,2
2026-09-08T08,74,2,23.0,0,531,1
2026-09-08T08,74,2,23.25,6127,1068,2
2026-09-08T08,74,2,23.5,25358,0,1
2026-09-08T09,74,0,19.5,0,1246,1
2026-09-08T09,74,0,19.6,0,650,2
2026-09-08T09,74,0,19.7,0,4423,2
2026-09-08T09,74,0,19.8,2163,77305,3
2026-09-08T09,74,2,23.25,0,2888,1
2026-09-08T09,74,2,23.5,22137,0,1
2026-09-08T09,74,3,23.5,0,149,1
2026-09-08T09,74,3,23.75,0,5436,1
2026-09-08T09,74,3,24.0,0,2259,1
2026-09-08T09,74,4,24.25,27468,0,2
2026-09-08T10,74,0,19.7,0,2877,2
2026-09-08T10,74,0,19.8,64,1936,2
2026-09-08T10,74,0,19.9,0,1000,1
2026-09-08T10,74,0,20.0,9358,27918,7
2026-09-08T10,74,1,22.25,14618,428,2
2026-09-08T10,74,2,22.5,0,606,1
2026-09-08T11,74,0,19.6,0,2263,1
2026-09-08T11,74,0,19.7,0,296,1
2026-09-08T11,74,0,19.8,0,485,1
2026-09-08T11,74,0,19.9,0,567,1
2026-09-08T11,74,0,20.0,20386,3549,3
2026-09-08T11,74,2,22.75,0,6200,2
2026-09-08T12,74,0,19.9,0,5140,1
2026-09-08T12,74,0,20.0,0,9435,2
2026-09-08T12,74,0,20.25,6986,0,1
2026-09-08T12,74,1,21.75,586,0,1
2026-09-08T12,74,2,22.25,0,13562,2
2026-09-08T12,74,2,22.5,1,0,1
2026-09-08T13,74,0,18.9,500,871,2
2026-09-08T13,74,0,19.0,0,293,1
2026-09-08T13,74,0,19.1,0,1050,2
2026-09-08T13,74,0,19.2,6473,0,2
2026-09-08T13,74,3,23.75,0,1461,1
2026-09-08T13,74,3,24.0,0,10000,1
2026-09-08T13,74,4,24.0,0,6513,1
2026-09-08T13,74,4,24.25,25725,0,2
2026-09-08T14,74,0,19.0,0,7385,1
2026-09-08T14,74,0,19.1,0,362,1
2026-09-08T14,74,0,19.2,10000,3527,2
2026-09-08T14,74,0,19.3,0,513,2
2026-09-08T14,74,0,19.4,1819,34,3
2026-09-08T14,74,0,19.5,0,396,1
2026-09-08T14,74,1,20.5,0,4899,1
2026-09-08T14,74,1,21.0,0,1172,1
2026-09-08T14,74,1,21.25,0,2400,1
2026-09-08T14,74,1,21.5,5529,0,1
2026-09-08T15,74,0,19.4,0,4945,1
2026-09-08T15,74,0,19.5,0,256,1
2026-09-08T15,74,0,19.6,0,1924,1
2026-09-08T15,74,0,19.7,0,743,1
2026-09-08T15,74,0,19.8,0,300,1
2026-09-08T15,74,0,19.9,0,368,1
2026-09-08T15,74,0,20.0,100,3021,3
2026-09-08T15,74,0,20.25,828,335,2
2026-09-08T15,74,1,20.75,0,4000,1
2026-09-08T15,74,1,21.0,4050,0,1
2026-09-08T15,74,2,22.25,0,2326,1
2026-09-08T15,74,2,22.5,0,10547,2
2026-09-08T15,74,3,23.25,0,1366,1
2026-09-08T15,74,3,23.5,0,391,1
2026-09-08T15,74,3,23.75,0,25000,1
2026-09-08T16,74,0,19.9,0,5001,2
2026-09-08T16,74,0,20.0,0,3185,4
2026-09-08T16,74,0,20.25,5723,172,4
2026-09-08T16,74,1,20.5,0,341,1
2026-09-08T16,74,1,20.75,0,49525,2
2026-09-08T16,74,1,21.0,16185,0,1
2026-09-08T17,74,1,21.0,0,12065,1
2026-09-08T17,74,1,21.25,0,600,1
2026-09-08T17,74,1,21.5,0,246,1
2026-09-08T17,74,1,21.75,0,4144,2
2026-09-08T17,74,1,22.25,0,50000,1
2026-09-08T17,74,2,22.0,0,8991,1
2026-09-08T17,74,2,22.25,0,2805,1
2026-09-08T17,74,3,22.0,19,3846,2
2026-09-08T17,74,3,22.25,0,13386,1
2026-09-08T17,74,12,40.0,0,499,1
2026-09-08T18,74,0,19.4,0,58,1
2026-09-08T18,74,0,19.5,78,320,2
2026-09-08T18,74,0,19.6,0,759,2
2026-09-08T18,74,0,19.7,0,161,1
2026-09-08T18,74,0,19.8,0,862,1
2026-09-08T18,74,0,19.9,0,3,1
2026-09-08T18,74,0,20.0,3665,0,3
2026-09-08T18,74,1,21.5,0,3000,1
2026-09-08T18,74,1,21.75,5253,0,2
2026-09-08T18,74,2,22.25,0,6913,2
2026-09-08T18,74,2,22.5,0,12553,2
2026-09-08T18,74,2,22.75,11288,0,2
2026-09-08T18,74,3,22.25,0,2138,2
2026-09-08T18,74,3,22.5,16594,17114,3
2026-09-08T18,74,4,24.25,6291,0,1
2026-09-08T18,74,7,23.0,0,22948,1
2026-09-08T18,74,7,24.0,0,32388,1
2026-09-08T19,74,0,19.7,830,5754,4
2026-09-08T19,74,0,19.8,0,5049,1
2026-09-08T19,74,1,21.5,0,376,1
2026-09-08T19,74,1,21.75,0,121,1
2026-09-08T19,74,1,22.0,503,0,1
2026-09-08T19,74,2,22.25,0,281,1
2026-09-08T19,74,2,22.5,0,19316,2
2026-09-08T19,74,2,22.75,0,90722,2
2026-09-08T19,74,2,23.0,0,10685,2
2026-09-08T19,74,2,23.25,0,43714,2
2026-09-08T19,74,2,23.5,0,33339,2
2026-09-08T19,74,2,23.75,5923,0,1
2026-09-08T19,74,3,23.75,0,16000,2
2026-09-08T19,74,4,24.25,10849,40516,2
2026-09-08T20,74,0,19.7,280,0,1
2026-09-08T20,74,1,20.75,0,2703,1
2026-09-08T20,74,1,21.25,0,2585,1
2026-09-08T20,74,1,21.5,188,0,1
2026-09-08T21,74,0,19.4,0,1842,1
2026-09-08T21,74,0,19.5,0,73,1
2026-09-08T21,74,0,19.6,213,1663,4
2026-09-08T21,74,0,19.7,0,7,1
2026-09-08T21,74,0,19.8,0,2360,2
2026-09-08T21,74,0,19.9,0,626,2
2026-09-08T21,74,0,20.0,1412,7179,2
2026-09-08T21,74,1,20.75,0,5000,1
2026-09-08T21,74,1,21.0,0,2911,1
2026-09-08T21,74,1,21.25,0,27,1
2026-09-08T21,74,1,21.5,0,2628,1
2026-09-08T21,74,1,21.75,6089,0,1
2026-09-08T22,74,0,19.4,0,915,1
2026-09-08T22,74,0,19.5,0,140,1
2026-09-08T22,74,0,19.6,0,481,1
2026-09-08T22,74,0,19.7,1,0,1
2026-09-08T22,74,1,19.8,0,2000,1
2026-09-08T22,74,1,19.9,0,4190,1
2026-09-08T22,74,1,21.5,826,0,1
2026-09-08T22,74,2,22.25,0,5000,1
2026-09-08T22,74,2,22.5,0,8669,3
2026-09-08T22,74,2,22.75,0,20000,1
2026-09-08T22,74,2,23.0,0,5399,1
2026-09-08T23,74,0,19.6,0,747,3
2026-09-08T23,74,0,19.7,603,59,2
2026-09-08T23,74,0,19.8,0,171,1
2026-09-08T23,74,0,19.9,0,2157,2
2026-09-08T23,74,0,20.0,743,0,1
2026-09-08T23,74,2,22.75,10849,9151,3
2026-09-08T23,74,2,23.0,0,10872,1
2026-09-08T23,74,2,23.25,0,45516,1
2026-09-08T23,74,4,23.5,28046,0,1
2026-09-09T00,74,0,18.8,0,563,1
2026-09-09T00,74,0,18.9,0,689,1
2026-09-09T00,74,0,19.0,0,33,1
2026-09-09T00,74,0,19.1,0,515,1
2026-09-09T00,74,0,19.2,0,1898,2
2026-09-09T00,74,2,19.9,0,4677,1
2026-09-09T00,74,2,20.0,0,42420,1
2026-09-09T00,74,2,23.0,0,10000,1
2026-09-09T00,74,2,23.25,2340,0,1
2026-09-09T00,74,4,23.5,0,44074,1
2026-09-09T01,74,0,19.2,0,111,2
2026-09-09T01,74,0,19.3,0,126,2
2026-09-09T01,74,1,19.0,0,109,1
2026-09-09T01,74,1,21.0,0,5024,2
2026-09-09T01,74,1,21.25,0,735,1
2026-09-09T01,74,1,21.5,0,83,1
2026-09-09T01,74,1,21.75,0,12496,1
2026-09-09T01,74,1,22.0,156,7643,2
2026-09-09T01,74,2,22.0,0,346,1
2026-09-09T01,74,2,22.25,9808,0,1
2026-09-09T02,74,0,19.2,0,64,1
2026-09-09T02,74,0,19.3,0,1071,1
2026-09-09T02,74,0,19.4,0,599,1
2026-09-09T02,74,0,19.5,1302,2857,3
2026-09-09T02,74,0,19.6,0,2815,1
2026-09-09T02,74,0,19.7,2428,137,2
2026-09-09T02,74,0,19.8,0,190,1
2026-09-09T02,74,0,19.9,273,0,1
2026-09-09T03,74,0,19.9,0,146,1
2026-09-09T04,74,0,19.4,0,100,1
2026-09-09T04,74,1,21.25,0,277,1
2026-09-09T04,74,1,21.5,0,1168,1
2026-09-09T04,74,1,21.75,0,13298,1
2026-09-09T04,74,5,22.75,0,32000,1
2026-09-09T04,74,7,23.0,0,10495,1
2026-09-09T05,74,0,19.0,0,637,2
2026-09-09T05,74,0,19.1,0,1000,1
2026-09-09T05,74,0,19.2,0,724,1
2026-09-09T05,74,0,19.3,0,6683,1
2026-09-09T05,74,0,19.4,0,9786,1
2026-09-09T05,74,0,19.5,0,2613,3
2026-09-09T05,74,0,19.6,0,2206,3
2026-09-09T05,74,0,19.7,0,2265,1
2026-09-09T05,74,0,19.8,0,464,1
2026-09-09T05,74,0,19.9,31819,5950,4
2026-09-09T05,74,2,21.75,0,6602,1
2026-09-09T05,74,2,22.0,0,2607,1
2026-09-09T05,74,2,22.25,0,24617,3
2026-09-09T05,74,2,22.5,0,11772,1
2026-09-09T05,74,2,23.0,0,4000,1
2026-09-09T05,74,2,23.25,0,27660,2
2026-09-09T05,74,2,23.5,4576,0,1
2026-09-09T05,74,3,22.75,0,2638,1
2026-09-09T05,74,3,23.0,0,49786,2
2026-09-09T05,74,3,23.25,0,1362,1
2026-09-09T05,74,3,23.5,0,2764,1
2026-09-09T05,74,4,23.75,0,26293,1
2026-09-09T05,74,7,24.0,36798,0,1
2026-09-09T06,74,0,19.9,1453,0,2
2026-09-09T06,74,1,20.25,0,5852,1
2026-09-09T06,74,1,20.5,0,2931,1
2026-09-09T06,74,1,20.75,0,299,1
2026-09-09T06,74,1,21.0,0,5293,1
2026-09-09T06,74,1,21.25,0,15066,1
2026-09-09T06,74,1,21.5,6000,0,1
2026-09-09T07,74,0,19.5,1100,0,1
2026-09-09T07,74,0,19.8,0,202,1
2026-09-09T07,74,0,19.9,32421,0,3
2026-09-09T07,74,1,21.25,940,0,1
2026-09-09T07,74,2,22.75,200,18044,4
2026-09-09T08,74,0,19.4,0,9,1
2026-09-09T08,74,0,19.5,0,147,2
2026-09-09T08,74,0,19.6,0,27577,3
2026-09-09T08,74,0,19.7,0,3541,4
2026-09-09T08,74,0,19.8,391,1976,3
2026-09-09T08,74,0,19.9,6000,0,1
2026-09-09T08,74,1,20.75,0,4859,1
2026-09-09T08,74,1,21.0,1051,5327,2
2026-09-09T08,74,1,21.25,0,1535,1
2026-09-09T08,74,1,21.5,0,337,1
2026-09-09T08,74,1,21.75,4017,0,1
2026-09-09T08,74,2,23.0,0,114896,2
2026-09-09T08,74,3,23.0,0,4086,1
2026-09-09T08,74,3,23.25,0,3762,1
2026-09-09T08,74,3,23.5,0,5644,1
2026-09-09T09,74,3,23.25,0,2956,1
2026-09-09T09,74,3,23.5,0,6709,2
2026-09-09T09,74,3,23.75,0,15000,1
2026-09-09T09,74,3,24.0,0,5661,2
2026-09-09T09,74,4,24.25,28468,0,2
2026-09-09T09,74,7,24.0,0,5714,1
2026-09-09T10,74,0,19.1,0,187,1
2026-09-09T10,74,0,19.2,0,14556,1
2026-09-09T10,74,0,19.3,0,2551,1
2026-09-09T10,74,0,19.4,0,262,1
2026-09-09T10,74,0,19.5,7398,0,1
2026-09-09T10,74,1,20.75,0,5000,1
2026-09-09T10,74,1,21.0,9000,0,1
2026-09-09T10,74,2,23.0,0,23998,3
2026-09-09T10,74,2,23.25,3571,16429,2
2026-09-09T10,74,3,23.25,0,15000,1
2026-09-09T10,74,3,23.5,97731,0,1
2026-09-09T11,74,0,19.5,0,1,1
2026-09-09T11,74,0,19.6,0,1061,3
2026-09-09T11,74,0,19.7,0,4794,1
2026-09-09T11,74,0,19.8,5628,574,2
2026-09-09T11,74,0,19.9,21684,0,2
2026-09-09T11,74,1,21.0,0,1000,1
2026-09-09T11,74,1,21.25,0,4000,1
2026-09-09T11,74,1,21.5,0,1202,1
2026-09-09T11,74,1,21.75,0,772,1
2026-09-09T11,74,1,22.0,10939,14844,2
2026-09-09T11,74,2,23.25,0,356,2
2026-09-09T11,74,2,23.5,12084,4432,4
2026-09-09T11,74,3,23.5,0,905,1
2026-09-09T12,74,0,19.8,0,4061,3
2026-09-09T12,74,0,19.9,3959,10908,6
2026-09-09T12,74,1,21.75,7864,0,1
2026-09-09T12,74,2,23.5,0,62284,1
2026-09-09T12,74,2,23.75,0,27494,2
2026-09-09T12,74,4,23.75,12083,0,1
2026-09-09T12,74,4,24.0,0,5967,1
2026-09-09T12,74,7,24.0,0,52911,1
2026-09-09T13,74,0,19.3,0,30,1
2026-09-09T13,74,0,19.4,970,4724,2
2026-09-09T13,74,0,19.5,0,522,1
2026-09-09T13,74,0,19.6,0,1000,1
2026-09-09T13,74,0,19.7,518,1344,2
2026-09-09T13,74,0,19.8,0,3349,1
2026-09-09T13,74,0,19.9,3271,0,1
2026-09-09T13,74,2,22.25,0,5000,1
2026-09-09T13,74,2,22.5,0,16264,1
2026-09-09T13,74,2,22.75,5777,0,1
2026-09-09T13,74,4,23.75,0,77917,1
2026-09-09T13,74,4,24.0,0,620,1
2026-09-09T13,74,4,24.25,0,160683,1
2026-09-09T13,74,5,24.75,0,3251,1
2026-09-09T13,74,7,25.0,0,30000,1
2026-09-09T14,74,0,19.7,0,2750,2
2026-09-09T14,74,0,19.9,0,6179,4
2026-09-09T14,74,0,20.0,17944,37824,9
2026-09-09T14,74,1,21.25,0,1987,2
2026-09-09T14,74,1,21.5,513,0,2
2026-09-09T15,74,0,19.8,0,10,1
2026-09-09T15,74,0,19.9,0,634,2
2026-09-09T15,74,0,20.0,21258,2343,7
2026-09-09T15,74,2,22.5,0,1,1
2026-09-09T15,74,2,22.75,0,410,1
2026-09-09T16,74,1,21.25,0,15492,1
2026-09-09T16,74,1,21.5,0,1382,2
2026-09-09T16,74,1,21.75,0,1266,1
2026-09-09T16,74,1,22.0,7140,0,1
2026-09-09T16,74,2,22.75,0,7003,1
2026-09-09T16,74,3,23.0,0,7215,1
2026-09-09T16,74,3,23.25,3585,0,1
2026-09-09T17,74,0,19.3,0,9171,1
2026-09-09T17,74,0,19.4,1459,34,3
2026-09-09T17,74,1,21.75,1639,361,2
2026-09-09T18,74,0,19.3,0,3354,2
2026-09-09T18,74,0,19.4,0,13798,1
2026-09-09T18,74,0,19.5,0,2707,1
2026-09-09T18,74,0,19.6,0,300,1
2026-09-09T18,74,0,19.7,0,55,1
2026-09-09T18,74,0,19.8,0,4769,1
2026-09-09T18,74,0,19.9,0,771,2
2026-09-09T18,74,0,20.0,1009,4431,2
2026-09-09T18,74,1,21.5,0,10682,2
2026-09-09T18,74,1,21.75,0,624,2
2026-09-09T18,74,1,22.0,3771,1153,3
2026-09-09T18,74,2,22.5,0,803,1
2026-09-09T18,74,2,22.75,1673,23903,2
2026-09-09T18,74,2,23.0,430,2245,2
2026-09-09T18,74,3,22.5,0,24253,1
2026-09-09T18,74,3,23.25,0,19585,1
2026-09-09T18,74,3,23.5,0,1493,1
2026-09-09T18,74,3,23.75,0,410,1
2026-09-09T18,74,3,24.0,4413,0,1
2026-09-09T18,74,7,24.0,0,6150,1
2026-09-09T19,74,0,19.5,0,14479,4
2026-09-09T19,74,0,19.6,0,10,1
2026-09-09T19,74,0,19.8,1087,0,2
2026-09-09T19,74,1,21.5,0,1077,1
2026-09-09T19,74,1,21.75,0,1352,1
2026-09-09T19,74,1,22.0,0,22479,1
2026-09-09T19,74,2,23.0,1655,22880,3
2026-09-09T19,74,3,23.75,19362,0,1
2026-09-09T20,74,0,19.7,0,1519,2
2026-09-09T20,74,0,19.8,0,289,1
2026-09-09T20,74,0,19.9,0,6474,2
2026-09-09T20,74,0,20.0,32897,1095,3
2026-09-09T20,74,1,22.25,0,20000,1
2026-09-09T20,74,1,22.5,22196,8176,4
2026-09-09T20,74,2,22.75,5849,0,1
2026-09-09T20,74,3,23.75,0,2446,1
2026-09-09T20,74,3,24.0,9847,0,1
2026-09-09T20,74,5,23.75,0,11900,1
2026-09-09T20,74,7,24.0,0,17868,1
2026-09-09T21,74,0,19.9,0,356,1
2026-09-09T21,74,0,20.0,0,23642,4
2026-09-09T21,74,0,20.25,1560,9750,5
2026-09-09T21,74,1,22.25,0,662,1
2026-09-09T21,74,1,22.5,19896,208,3
2026-09-09T21,74,1,22.75,4439,0,1
2026-09-09T21,74,2,22.5,0,3091,1
2026-09-09T21,74,2,22.75,2083,11588,2
2026-09-09T21,74,2,23.0,0,38678,2
2026-09-09T21,74,2,23.25,19426,3483,3
2026-09-09T22,74,0,20.0,0,1079,1
2026-09-09T22,74,0,20.25,0,4587,3
2026-09-09T22,74,0,20.5,1113,3315,4
2026-09-09T22,74,0,20.75,0,11926,3
2026-09-09T22,74,0,21.0,110,0,1
2026-09-09T23,74,0,20.0,130,41048,2
2026-09-09T23,74,0,20.25,0,625,1
2026-09-09T23,74,0,20.5,0,3086,2
2026-09-09T23,74,0,20.75,0,995,2
2026-09-09T23,74,0,21.0,437,16155,5
2026-09-09T23,74,0,21.25,1963,0,1
2026-09-09T23,74,1,21.25,0,544,1
2026-09-09T23,74,1,21.5,0,499,1
2026-09-09T23,74,1,21.75,0,333,1
2026-09-09T23,74,1,22.0,1712,0,1
2026-09-10T00,74,2,22.5,0,1111,1
2026-09-10T00,74,2,22.75,3889,5012,2
2026-09-10T00,74,2,23.0,2952,0,1
2026-09-10T00,74,3,23.5,0,27359,3
2026-09-10T00,74,3,23.75,224,0,1
2026-09-10T01,74,0,17.7,0,82,1
2026-09-10T01,74,0,17.8,0,4590,1
2026-09-10T01,74,0,17.9,0,5408,1
2026-09-10T01,74,0,18.0,0,1100,1
2026-09-10T01,74,0,19.6,0,48,1
2026-09-10T01,74,0,19.7,400,70,2
2026-09-10T01,74,1,20.0,0,153,1
2026-09-10T01,74,1,22.0,0,4477,2
2026-09-10T01,74,1,22.25,3723,1027,2
2026-09-10T01,74,1,22.5,0,3482,1
2026-09-10T01,74,1,22.75,45,867,2
2026-09-10T01,74,1,23.0,0,3006,1
2026-09-10T01,74,2,23.0,0,348,1
2026-09-10T01,74,2,23.25,0,12574,2
2026-09-10T01,74,2,23.5,4553,0,1
2026-09-10T01,74,3,23.25,0,8574,1
2026-09-10T02,74,0,19.6,0,20,1
2026-09-10T02,74,0,19.7,0,100,1
2026-09-10T02,74,0,19.8,0,3854,1
2026-09-10T02,74,0,19.9,0,466,1
2026-09-10T02,74,2,23.25,0,11951,1
2026-09-10T02,74,2,23.5,0,30701,3
2026-09-10T02,74,2,23.75,23193,22779,5
2026-09-10T02,74,3,23.75,0,28923,1
2026-09-10T03,74,0,19.9,0,1583,2
2026-09-10T03,74,0,20.0,715,22,2
2026-09-10T03,74,1,20.0,0,6000,1
2026-09-10T03,74,1,23.0,0,83,1
2026-09-10T03,74,1,23.25,0,927,1
2026-09-10T03,74,2,23.75,174,0,1
2026-09-10T04,74,0,19.7,0,100,1
2026-09-10T04,74,0,19.8,0,13023,1
2026-09-10T04,74,0,19.9,800,1,2
2026-09-10T04,74,3,23.0,0,1178,2
2026-09-10T04,74,3,23.25,2799,1343,3
2026-09-10T04,74,3,23.5,0,2261,1
2026-09-10T04,74,4,23.75,0,1960,1
2026-09-10T05,74,0,19.8,0,10592,3
2026-09-10T05,74,0,19.9,0,919,2
2026-09-10T05,74,0,20.0,7,0,1
2026-09-10T05,74,1,22.25,1500,13594,3
2026-09-10T05,74,1,22.5,406,0,1
2026-09-10T05,74,2,23.25,0,5394,1
2026-09-10T05,74,3,23.5,0,7608,1
2026-09-10T05,74,3,23.75,5014,0,1
2026-09-10T06,74,0,19.9,204,154,2
2026-09-10T06,74,0,20.0,0,3434,2
2026-09-10T06,74,0,20.25,779,28,2
2026-09-10T06,74,1,22.25,0,777,1
2026-09-10T06,74,1,22.5,0,3616,1
2026-09-10T06,74,1,22.75,782,0,2
2026-09-10T06,74,2,19.8,0,706,1
2026-09-10T06,74,2,23.0,0,13250,1
2026-09-10T06,74,2,23.25,0,5415,1
2026-09-10T06,74,2,23.5,3995,3600,2
2026-09-10T06,74,3,23.5,0,482,1
2026-09-10T06,74,3,23.75,0,20172,2
2026-09-10T06,74,3,24.0,0,740,1
2026-09-10T06,74,4,24.0,0,2434,1
2026-09-10T06,74,4,24.25,100000,0,1
2026-09-10T06,74,7,24.0,0,44605,1
2026-09-10T07,74,0,19.4,2000,0,1
2026-09-10T07,74,0,19.9,20,0,1
2026-09-10T07,74,1,21.75,635,0,1
2026-09-10T07,74,2,21.75,0,2482,1
2026-09-10T07,74,2,22.0,0,706,1
2026-09-10T07,74,2,23.25,0,2677,1
2026-09-10T07,74,2,23.5,4011,0,2
2026-09-10T07,74,4,24.25,15000,0,1
2026-09-10T08,74,0,19.2,8000,3693,3
2026-09-10T08,74,0,19.3,8545,0,1
2026-09-10T08,74,0,19.4,2000,0,1
2026-09-10T08,74,1,21.5,0,147,1
2026-09-10T08,74,1,21.75,0,112,1
2026-09-10T08,74,1,22.5,0,3261,1
2026-09-10T08,74,1,22.75,2390,418,2
2026-09-10T08,74,1,23.25,0,6130,1
2026-09-10T08,74,1,23.5,938,0,1
2026-09-10T08,74,2,23.5,9113,17926,3
2026-09-10T08,74,2,23.75,0,6633,1
2026-09-10T08,74,3,24.0,0,5094,1
2026-09-10T08,74,4,24.0,0,19699,1
2026-09-10T09,74,0,18.9,0,2976,1
2026-09-10T09,74,0,19.0,0,2099,1
2026-09-10T09,74,0,19.1,0,203,2
2026-09-10T09,74,0,19.2,0,12895,1
2026-09-10T09,74,0,19.3,0,446,2
2026-09-10T09,74,0,19.4,0,100,1
2026-09-10T09,74,0,19.5,754,26,2
2026-09-10T09,74,0,19.6,0,96,1
2026-09-10T09,74,0,19.7,0,1485,1
2026-09-10T09,74,0,19.9,776,1284,5
2026-09-10T09,74,0,20.0,0,2778,3
2026-09-10T09,74,0,20.25,720,85,2
2026-09-10T09,74,2,24.0,2264,0,1
2026-09-10T09,74,4,24.25,33415,0,1
2026-09-10T10,74,0,19.9,0,1046,2
2026-09-10T10,74,0,20.0,0,139,1
2026-09-10T10,74,1,22.75,0,1000,1
2026-09-10T10,74,1,23.0,0,637,1
2026-09-10T10,74,1,23.25,0,1084,1
2026-09-10T10,74,1,23.5,6468,0,1
2026-09-10T10,74,2,23.5,0,962,1
2026-09-10T10,74,3,24.0,0,15000,1
2026-09-10T10,74,4,23.75,0,104677,1
2026-09-10T10,74,4,24.0,0,5889,1
2026-09-10T11,74,0,19.6,0,794,1
2026-09-10T11,74,0,19.7,2809,1817,2
2026-09-10T11,74,0,19.8,0,200,1
2026-09-10T11,74,0,19.9,0,1348,2
2026-09-10T11,74,0,20.0,0,8020,5
2026-09-10T11,74,0,20.25,0,1259,2
2026-09-10T11,74,0,20.5,0,2090,3
2026-09-10T11,74,0,20.75,0,934,1
2026-09-10T11,74,0,21.0,7498,283,3
2026-09-10T11,74,1,22.0,0,21670,1
2026-09-10T11,74,2,23.25,0,5900,1
2026-09-10T11,74,2,23.5,0,267,1
2026-09-10T11,74,2,23.75,833,23148,5
2026-09-10T11,74,2,24.0,11145,0,1
2026-09-10T11,74,3,24.0,0,6697,1
2026-09-10T11,74,3,24.5,0,79285,2
2026-09-10T11,74,4,24.25,0,51585,1
2026-09-10T11,74,4,24.5,0,18100,1
2026-09-10T11,74,4,24.75,0,200000,1
2026-09-10T11,74,5,24.75,0,5400,1
2026-09-10T12,74,0,21.0,0,7502,1
2026-09-10T12,74,0,21.25,1756,1479,2
2026-09-10T12,74,2,23.5,0,1223,1
2026-09-10T12,74,2,23.75,0,16659,1
2026-09-10T12,74,2,24.0,0,34790,4
2026-09-10T12,74,2,24.25,0,10000,1
2026-09-10T12,74,4,24.75,89028,0,1
2026-09-10T13,74,0,19.8,0,1807,2
2026-09-10T13,74,0,19.9,0,1815,1
2026-09-10T13,74,0,20.5,269,461,2
2026-09-10T13,74,1,22.5,0,1391,1
2026-09-10T13,74,1,22.75,0,10000,1
2026-09-10T13,74,2,23.5,0,5375,1
2026-09-10T13,74,2,23.75,11076,9159,3
2026-09-10T13,74,2,24.0,3871,10902,2
2026-09-10T14,74,0,19.6,0,1000,1
2026-09-10T14,74,0,19.7,0,898,2
2026-09-10T14,74,0,19.8,0,857,1
2026-09-10T14,74,0,19.9,0,8963,2
2026-09-10T14,74,0,20.0,11459,6065,4
2026-09-10T14,74,0,20.25,0,931,2
2026-09-10T14,74,0,20.5,0,2119,4
2026-09-10T14,74,0,20.75,0,4920,2
2026-09-10T14,74,0,21.0,18176,6315,5
2026-09-10T14,74,1,22.5,0,2402,1
2026-09-10T14,74,1,22.75,0,584,1
2026-09-10T14,74,1,23.0,0,1050,1
2026-09-10T14,74,1,23.25,3222,0,1
2026-09-10T14,74,2,23.75,42394,1307,2
2026-09-10T15,74,0,21.0,41495,0,2
2026-09-10T15,74,1,23.0,0,582,1
2026-09-10T15,74,1,23.25,4998,3062,2
2026-09-10T15,74,1,23.5,14369,0,2
2026-09-10T15,74,2,23.75,11366,0,1
2026-09-10T15,74,3,24.0,0,865,1
2026-09-10T15,74,3,24.25,135094,0,2
2026-09-10T15,74,7,24.0,0,68670,1
2026-09-10T16,74,0,20.0,0,1177,1
2026-09-10T16,74,0,20.25,3295,1491,3
2026-09-10T16,74,0,20.5,0,1240,1
2026-09-10T16,74,0,20.75,88,308,2
2026-09-10T16,74,2,23.25,0,10000,1
2026-09-10T16,74,2,23.5,12578,0,1
2026-09-10T17,74,0,19.7,0,500,1
2026-09-10T17,74,0,19.8,0,293,2
2026-09-10T17,74,0,19.9,0,3127,3
2026-09-10T17,74,0,20.0,3687,1004,4
2026-09-10T17,74,0,20.25,0,3289,2
2026-09-10T17,74,0,20.5,0,1589,3
2026-09-10T17,74,0,20.75,0,24491,1
2026-09-10T17,74,1,23.0,26298,1248,3
2026-09-10T17,74,2,23.0,0,1611,1
2026-09-10T17,74,2,23.25,0,8272,1
2026-09-10T17,74,2,23.5,3728,0,1
2026-09-10T17,74,3,24.0,0,10000,1
2026-09-10T17,74,3,24.25,2000,0,1
2026-09-10T18,74,0,19.9,100,0,1
2026-09-10T18,74,2,22.75,0,286,1
2026-09-10T18,74,2,23.5,1000,0,1
2026-09-10T18,74,4,23.0,8158,72566,2
2026-09-10T18,74,4,23.75,8000,0,1
2026-09-10T19,74,0,19.7,0,1230,1
2026-09-10T19,74,0,19.8,0,1000,1
2026-09-10T19,74,0,19.9,0,800,1
2026-09-10T19,74,0,20.0,0,180,2
2026-09-10T19,74,0,20.25,0,353,1
2026-09-10T19,74,0,20.5,466,0,1
2026-09-10T19,74,2,23.5,5849,0,1
2026-09-10T19,74,4,23.75,0,17000,1
2026-09-10T19,74,7,24.0,13798,0,1
2026-09-10T20,74,0,19.8,0,355,1
2026-09-10T20,74,0,19.9,0,273,1
2026-09-10T20,74,0,20.0,0,1497,1
2026-09-10T20,74,0,20.25,0,162,1
2026-09-10T20,74,0,20.5,0,41,1
2026-09-10T20,74,0,20.75,0,10066,2
2026-09-10T20,74,0,21.0,0,21045,2
2026-09-10T20,74,0,21.25,0,5091,2
2026-09-10T20,74,0,21.5,12335,0,2
2026-09-10T20,74,1,21.5,0,8534,2
2026-09-10T20,74,1,21.75,0,4000,1
2026-09-10T20,74,1,22.0,0,917,1
2026-09-10T20,74,2,23.25,1848,4604,3
2026-09-10T20,74,3,23.75,0,5498,1
2026-09-10T20,74,3,24.0,0,1183,1
2026-09-10T20,74,7,24.0,0,3994,1
2026-09-10T21,74,0,20.5,681,0,1
2026-09-10T21,74,1,22.0,0,5000,1
2026-09-10T21,74,1,22.25,0,4139,1
2026-09-10T21,74,1,22.5,0,3442,2
2026-09-10T21,74,1,22.75,0,9709,1
2026-09-10T21,74,1,23.0,0,11849,3
2026-09-10T21,74,1,23.25,0,12643,2
2026-09-10T21,74,2,23.25,0,21021,2
2026-09-10T21,74,2,23.5,15811,0,1
2026-09-10T21,74,7,25.0,8250,0,1
2026-09-10T22,74,0,20.25,400,0,1
2026-09-10T22,74,2,23.25,45,0,1
2026-09-10T22,74,2,23.5,5188,0,1
2026-09-10T23,74,0,19.8,0,419,2
2026-09-10T23,74,0,19.9,0,219,1
2026-09-10T23,74,0,20.0,0,753,2
2026-09-10T23,74,0,20.25,0,7088,2
2026-09-10T23,74,0,20.5,0,2077,3
2026-09-10T23,74,0,20.75,0,87,1
2026-09-10T23,74,0,21.0,19946,127,2
2026-09-10T23,74,1,20.0,0,4190,1
2026-09-11T00,74,0,21.0,0,1409,1
2026-09-11T00,74,0,21.25,1829,3262,2
2026-09-11T00,74,1,20.0,0,992,1
2026-09-11T00,74,2,23.0,0,7400,1
2026-09-11T00,74,2,23.25,0,4443,1
2026-09-11T00,74,2,23.5,15349,18177,4
2026-09-11T00,74,3,23.75,0,2761,1
2026-09-11T00,74,3,24.0,0,15000,1
2026-09-11T00,74,3,24.25,2840,131126,2
2026-09-11T00,74,4,24.0,0,5587,1
2026-09-11T00,74,4,24.25,0,16263,1
2026-09-11T01,74,0,19.7,0,469,1
2026-09-11T01,74,0,19.8,0,108,2
2026-09-11T01,74,0,19.9,0,245,1
2026-09-11T01,74,0,20.0,0,1019,2
2026-09-11T01,74,1,19.9,0,2430,1
2026-09-11T01,74,1,22.25,0,408,1
2026-09-11T01,74,1,22.5,0,3500,1
2026-09-11T01,74,2,22.75,13200,1604,2
2026-09-11T01,74,2,23.5,396,0,1
2026-09-11T03,74,0,19.9,0,971,1
2026-09-11T03,74,0,20.0,29,0,1
2026-09-11T04,74,0,19.7,1500,20363,2
2026-09-11T04,74,0,19.9,108,0,1
2026-09-11T04,74,1,21.5,0,4261,1
2026-09-11T04,74,1,22.25,0,1643,1
2026-09-11T04,74,1,22.5,0,1307,1
2026-09-11T04,74,2,22.75,13,12930,2
2026-09-11T04,74,2,23.25,0,10000,1
2026-09-11T04,74,2,23.5,0,99511,3
2026-09-11T04,74,2,23.75,12434,0,1
2026-09-11T04,74,3,23.75,0,36450,2
2026-09-11T05,74,0,19.5,0,799,2
2026-09-11T05,74,0,19.6,0,11176,2
2026-09-11T05,74,0,19.7,0,2068,1
2026-09-11T05,74,0,19.8,0,537,1
2026-09-11T05,74,0,19.9,0,1,1
2026-09-11T05,74,0,20.0,0,382,1
2026-09-11T05,74,0,20.25,0,807,2
2026-09-11T05,74,1,22.5,4000,21,2
2026-09-11T05,74,1,22.75,0,5859,2
2026-09-11T05,74,1,23.0,0,25000,2
2026-09-11T05,74,2,22.75,0,10511,1
2026-09-11T05,74,2,23.0,0,9222,1
2026-09-11T05,74,2,23.25,0,6400,1
2026-09-11T05,74,2,23.5,0,4628,1
2026-09-11T05,74,3,23.75,0,2884,1
2026-09-11T06,74,0,20.0,0,653,1
2026-09-11T06,74,0,20.25,0,1751,1
2026-09-11T06,74,0,20.5,0,1427,1
2026-09-11T06,74,0,20.75,134,866,2
2026-09-11T06,74,1,23.0,0,332,1
2026-09-11T06,74,1,23.25,0,2091,1
2026-09-11T06,74,2,23.0,0,15865,1
2026-09-11T06,74,2,23.25,0,2893,1
2026-09-11T06,74,4,23.0,0,60000,1
2026-09-11T06,74,7,24.0,8412,41372,2
2026-09-11T07,74,0,20.0,100,0,1
2026-09-11T07,74,1,22.5,0,1900,1
2026-09-11T07,74,2,23.0,590,0,1
2026-09-11T07,74,5,24.5,3857,3143,2
2026-09-11T08,74,0,19.9,0,3788,2
2026-09-11T08,74,0,20.0,0,940,2
2026-09-11T08,74,1,22.75,0,4766,1
2026-09-11T08,74,2,22.75,0,880,1
2026-09-11T08,74,2,23.0,5251,0,2
2026-09-11T09,74,0,19.8,0,1191,1
2026-09-11T09,74,0,19.9,0,3617,1
2026-09-11T09,74,1,21.75,0,1486,1
2026-09-11T09,74,1,22.0,0,2342,1
2026-09-11T09,74,1,22.25,0,1392,1
2026-09-11T09,74,2,22.5,0,377,1
2026-09-11T09,74,4,24.25,0,163485,1
2026-09-11T09,74,5,24.5,57833,0,1
2026-09-11T10,74,0,19.7,2000,0,1
2026-09-11T10,74,0,19.9,0,6249,1
2026-09-11T10,74,0,20.0,300,1060,3
2026-09-11T10,74,0,20.5,0,527,2
2026-09-11T10,74,0,20.75,0,2032,1
2026-09-11T10,74,0,21.0,1221,1582,4
2026-09-11T10,74,1,22.5,2324,0,1
2026-09-11T10,74,2,22.75,0,4433,1
2026-09-11T10,74,2,23.0,3274,0,1
2026-09-11T11,74,0,19.7,0,4018,1
2026-09-11T11,74,0,19.8,0,750,1
2026-09-11T11,74,0,19.9,0,2256,2
2026-09-11T11,74,0,20.0,0,3851,2
2026-09-11T11,74,0,20.25,0,891,1
2026-09-11T11,74,0,20.5,0,200,1
2026-09-11T11,74,0,20.75,0,946,1
2026-09-11T11,74,0,21.0,0,18320,2
2026-09-11T11,74,0,21.25,10364,0,1
2026-09-11T11,74,1,22.0,0,1199,2
2026-09-11T11,74,1,22.25,0,3000,1
2026-09-11T11,74,1,22.5,2204,0,1
2026-09-11T11,74,2,23.0,0,1089,1
2026-09-11T11,74,2,23.25,33,51996,6
2026-09-11T11,74,3,23.75,0,22251,1
2026-09-11T11,74,4,24.0,0,74016,1
2026-09-11T13,74,0,19.8,0,351,1
2026-09-11T13,74,0,19.9,0,5325,1
2026-09-11T13,74,0,20.0,0,1239,4
2026-09-11T13,74,0,20.25,0,1049,3
2026-09-11T13,74,0,20.5,0,258,1
2026-09-11T13,74,0,20.75,0,658,1
2026-09-11T13,74,0,21.0,0,209,1
2026-09-11T13,74,0,21.25,2413,1737,4
2026-09-11T13,74,0,21.5,9263,0,1
2026-09-11T13,74,1,22.25,0,12430,1
2026-09-11T13,74,1,22.5,0,12089,2
2026-09-11T13,74,1,23.0,0,2412,1
2026-09-11T13,74,2,22.5,0,1100,1
2026-09-11T13,74,2,22.75,0,22632,1
2026-09-11T13,74,2,23.0,0,10826,1
2026-09-11T13,74,2,23.5,598,0,1
2026-09-11T13,74,3,23.25,0,98562,1
2026-09-11T13,74,3,24.0,0,1713,1
2026-09-11T13,74,3,24.25,0,26756,1
2026-09-11T13,74,4,24.25,0,6595,1
2026-09-11T14,74,0,20.5,0,2816,2
2026-09-11T14,74,0,20.75,0,998,1
2026-09-11T14,74,0,21.0,0,315,1
2026-09-11T14,74,0,21.25,11994,0,1
2026-09-11T14,74,2,23.25,0,15719,1
2026-09-11T14,74,2,23.5,57764,39402,3
2026-09-11T14,74,3,23.5,0,42055,1
2026-09-11T15,74,0,20.75,0,178,1
2026-09-11T15,74,0,21.0,4185,1815,3
2026-09-11T15,74,0,21.25,4612,30667,3
2026-09-11T15,74,0,21.5,4969,0,1
2026-09-11T15,74,1,22.0,0,3469,1
2026-09-11T15,74,1,22.5,1024,3976,2
2026-09-11T15,74,1,22.75,0,497,1
2026-09-11T15,74,1,23.0,0,33382,2
2026-09-11T15,74,1,23.25,0,2736,1
2026-09-11T15,74,2,23.25,0,3000,1
2026-09-11T15,74,2,23.5,104458,0,4
2026-09-11T15,74,3,24.0,0,15000,2
2026-09-11T15,74,5,24.25,50000,0,1
2026-09-11T15,74,5,24.5,100000,0,1
2026-09-11T16,74,0,20.0,861,36594,4
2026-09-11T16,74,0,20.5,0,1028,1
2026-09-11T16,74,0,20.75,1749,534,3
2026-09-11T16,74,1,23.25,0,2019,1
2026-09-11T16,74,2,23.25,0,6766,1
2026-09-11T16,74,2,23.5,25836,0,1
2026-09-11T17,74,0,20.0,0,10915,2
2026-09-11T17,74,0,20.25,0,6144,3
2026-09-11T17,74,0,20.5,4226,0,4
2026-09-11T17,74,2,23.25,0,2408,2
2026-09-11T17,74,2,23.5,0,34164,1
2026-09-11T17,74,2,23.75,26846,0,1
2026-09-11T17,74,4,23.75,0,12345,1
2026-09-11T18,74,0,19.7,0,186,1
2026-09-11T18,74,0,19.8,0,1048,1
2026-09-11T18,74,0,19.9,0,120,1
2026-09-11T18,74,0,20.0,928,10710,2
2026-09-11T18,74,0,20.25,0,179,1
2026-09-11T18,74,0,20.5,0,1836,3
2026-09-11T18,74,0,20.75,0,1711,2
2026-09-11T18,74,0,21.0,5058,0,1
2026-09-11T18,74,1,19.9,0,4376,1
2026-09-11T18,74,1,22.5,0,132,1
2026-09-11T18,74,1,22.75,0,1925,1
2026-09-11T18,74,1,23.0,1016,484,2
2026-09-11T18,74,1,23.25,0,2000,1
2026-09-11T18,74,1,23.5,0,8905,2
2026-09-11T18,74,2,20.0,0,46938,1
2026-09-11T18,74,2,23.5,0,8329,1
2026-09-11T18,74,2,23.75,20242,0,2
2026-09-11T18,74,3,23.75,8983,0,1
2026-09-11T18,74,4,23.75,0,11017,1
2026-09-11T18,74,7,24.0,55251,0,1
2026-09-11T19,74,1,23.25,0,4000,1
2026-09-11T19,74,1,23.5,698,0,1
2026-09-11T19,74,2,23.25,0,3000,1
2026-09-11T19,74,2,23.5,0,10518,2
2026-09-11T19,74,3,23.5,0,12481,1
2026-09-11T19,74,3,23.75,30014,47842,2
2026-09-11T19,74,4,24.0,0,24000,1
2026-09-11T19,74,5,24.25,9543,0,1
2026-09-11T19,74,7,24.0,0,25113,1
2026-09-11T20,74,0,19.7,0,2327,1
2026-09-11T20,74,0,19.8,0,2285,1
2026-09-11T20,74,0,19.9,0,69,1
2026-09-11T20,74,0,20.0,0,1045,1
2026-09-11T20,74,0,20.25,0,443,2
2026-09-11T20,74,0,20.5,0,509,1
2026-09-11T20,74,0,20.75,0,2809,1
2026-09-11T20,74,0,21.0,0,17838,3
2026-09-11T20,74,0,21.25,0,4898,3
2026-09-11T20,74,0,21.5,0,22334,3
2026-09-11T20,74,0,21.75,0,5140,2
2026-09-11T20,74,0,22.0,1651,0,1
2026-09-11T20,74,1,22.25,0,5316,2
2026-09-11T20,74,1,22.5,0,4723,1
2026-09-11T20,74,1,22.75,0,479,1
2026-09-11T20,74,1,23.0,1033,488,2
2026-09-11T20,74,2,23.25,12000,0,1
2026-09-11T21,74,0,21.25,0,120,1
2026-09-11T21,74,0,21.5,200,1957,2
2026-09-11T21,74,0,21.75,0,238,1
2026-09-11T21,74,0,22.0,1685,0,1
2026-09-11T21,74,5,24.25,46160,0,1
2026-09-11T22,74,0,20.5,0,193,1
2026-09-11T22,74,0,20.75,0,25,1
2026-09-11T22,74,0,21.0,1782,0,1
2026-09-11T22,74,2,23.0,280,580,2
2026-09-11T22,74,2,23.25,84,716,3
2026-09-11T23,74,3,23.75,0,2965,1
2026-09-11T23,74,5,24.0,0,12700,1
2026-09-11T23,74,7,24.0,0,39875,1
2026-09-12T00,74,0,19.9,0,89,2
2026-09-12T00,74,0,20.0,0,118,1
2026-09-12T00,74,1,20.25,793,0,1
2026-09-12T00,74,2,23.0,0,741,1
2026-09-12T00,74,2,23.25,18058,0,1
2026-09-12T00,74,5,24.25,30272,0,1
2026-09-12T01,74,0,20.25,0,681,2
2026-09-12T01,74,0,20.5,0,800,1
2026-09-12T01,74,0,20.75,0,1229,3
2026-09-12T01,74,0,21.0,19,12750,6
2026-09-12T01,74,0,21.25,0,1469,2
2026-09-12T01,74,0,21.5,0,322,3
2026-09-12T01,74,0,22.0,3208,11901,8
2026-09-12T01,74,0,22.25,0,724,3
2026-09-12T01,74,0,22.5,0,146614,1
2026-09-12T01,74,0,22.75,30550,0,1
2026-09-12T01,74,1,20.25,0,4607,1
2026-09-12T01,74,1,21.25,0,1470,1
2026-09-12T01,74,1,21.5,0,415,1
2026-09-12T01,74,1,21.75,0,376,1
2026-09-12T01,74,1,22.0,0,276,1
2026-09-12T01,74,1,22.25,0,1875,2
2026-09-12T01,74,1,22.5,8501,3418,3
2026-09-12T01,74,1,22.75,0,1839,2
2026-09-12T01,74,1,23.0,0,341,1
2026-09-12T01,74,1,23.25,0,15461,1
2026-09-12T01,74,2,23.0,0,783,2
2026-09-12T01,74,2,23.25,0,4858,2
2026-09-12T01,74,2,23.5,0,9894,1
2026-09-12T01,74,2,23.75,36657,0,3
2026-09-12T01,74,5,24.25,19929,0,1
2026-09-12T02,74,0,22.0,818,0,1
2026-09-12T02,74,1,23.5,1179,0,1
2026-09-12T02,74,2,23.25,0,9378,1
2026-09-12T02,74,2,23.5,3734,0,1
2026-09-12T02,74,3,23.5,0,1309,1
2026-09-12T03,74,2,23.25,6000,0,1
2026-09-12T04,74,0,20.0,0,1875,1
2026-09-12T04,74,0,20.25,0,300,1
2026-09-12T04,74,1,23.0,1423,0,1
2026-09-12T04,74,3,23.0,0,2577,1
2026-09-12T04,74,3,23.25,0,1909,1
2026-09-12T05,74,0,20.0,0,28409,1
2026-09-12T05,74,1,22.5,0,3000,1
2026-09-12T05,74,1,22.75,0,6637,2
2026-09-12T05,74,2,23.0,2950,3974,2
2026-09-12T05,74,3,23.25,0,13960,1
2026-09-12T05,74,7,24.0,16000,0,1
2026-09-12T06,74,0,20.0,0,895,2
2026-09-12T06,74,0,20.25,0,611,1
2026-09-12T06,74,0,20.5,0,2472,2
2026-09-12T06,74,1,22.0,673,0,1
2026-09-12T06,74,2,23.25,0,33493,3
2026-09-12T06,74,2,23.5,0,16266,1
2026-09-12T06,74,2,23.75,4478,9917,2
2026-09-12T06,74,3,23.25,0,242,1
2026-09-12T06,74,3,23.5,0,73351,1
2026-09-12T06,74,3,23.75,0,20000,1
2026-09-12T07,74,0,19.8,0,3586,1
2026-09-12T07,74,0,19.9,47,2533,3
2026-09-12T07,74,0,20.0,0,66,1
2026-09-12T07,74,1,20.5,0,3400,1
2026-09-12T07,74,1,21.5,2940,0,1
2026-09-12T07,74,2,23.0,0,40362,1
2026-09-12T07,74,3,23.5,8000,0,1
2026-09-12T08,74,0,19.5,750,64,2
2026-09-12T08,74,0,20.0,0,7658,1
2026-09-12T08,74,0,20.25,808,1359,4
2026-09-12T08,74,1,21.5,0,544,1
2026-09-12T08,74,1,22.0,0,873,1
2026-09-12T08,74,1,22.25,0,1573,1
2026-09-12T08,74,1,22.5,0,2400,1
2026-09-12T08,74,1,22.75,0,3798,1
2026-09-12T08,74,1,23.0,0,4368,1
2026-09-12T08,74,1,23.25,0,1000,1
2026-09-12T08,74,2,23.25,0,7571,1
2026-09-12T08,74,3,23.5,39510,0,2
2026-09-12T09,74,0,19.8,0,464,1
2026-09-12T09,74,0,20.0,0,299,1
2026-09-12T09,74,0,20.25,3637,2020,2
2026-09-12T09,74,1,19.9,0,170,1
2026-09-12T09,74,3,23.25,1000,0,1
2026-09-12T09,74,4,23.0,0,30000,1
2026-09-12T09,74,4,23.75,6591,9280,2
2026-09-12T09,74,5,24.0,0,35590,1
2026-09-12T09,74,5,24.25,0,50000,1
2026-09-12T09,74,7,24.0,0,1821,1
2026-09-12T10,74,0,20.0,0,957,2
2026-09-12T10,74,0,20.25,0,3211,1
2026-09-12T10,74,0,20.5,0,12702,1
2026-09-12T10,74,0,20.75,0,2716,2
2026-09-12T10,74,0,21.0,414,0,1
2026-09-12T10,74,3,23.25,0,8450,1
2026-09-12T10,74,3,23.5,0,21632,1
2026-09-12T10,74,5,24.5,200000,0,1
2026-09-12T11,74,0,19.5,356,0,1
2026-09-12T11,74,0,20.0,0,721,1
2026-09-12T11,74,0,20.25,0,1438,2
2026-09-12T11,74,0,20.5,0,323,1
2026-09-12T11,74,0,21.0,6688,830,2
2026-09-12T11,74,1,21.75,8069,0,1
2026-09-12T11,74,2,23.0,0,1090,1
2026-09-12T11,74,2,23.25,2885,22597,3
2026-09-12T11,74,3,23.25,0,5733,2
2026-09-12T11,74,3,23.5,14843,0,2
2026-09-12T12,74,0,19.5,0,1081,1
2026-09-12T12,74,0,19.6,0,914,2
2026-09-12T12,74,0,19.7,0,167,2
2026-09-12T12,74,0,19.8,443,1117,4
2026-09-12T12,74,0,19.9,9864,0,2
2026-09-12T12,74,1,21.25,0,1803,2
2026-09-12T12,74,1,21.5,3873,0,1
2026-09-12T13,74,0,19.6,0,2606,1
2026-09-12T13,74,0,19.7,0,314,2
2026-09-12T13,74,0,19.9,94,372,3
2026-09-12T13,74,1,20.5,0,3244,1
2026-09-12T13,74,1,21.0,0,1901,1
2026-09-12T13,74,1,21.25,1821,374,2
2026-09-12T13,74,1,21.5,4211,0,1
2026-09-12T13,74,2,23.0,0,5000,1
2026-09-12T13,74,3,23.0,0,15000,1
2026-09-12T13,74,3,23.25,0,4265,1
2026-09-12T13,74,3,23.5,40400,0,1
2026-09-12T14,74,0,19.5,0,251,1
2026-09-12T14,74,0,19.7,0,533,3
2026-09-12T14,74,0,19.8,422,3204,4
2026-09-12T14,74,0,19.9,984,22,3
2026-09-12T14,74,0,20.0,0,5624,2
2026-09-12T14,74,0,20.25,0,3072,3
2026-09-12T14,74,0,20.5,0,1368,1
2026-09-12T14,74,0,20.75,0,15738,2
2026-09-12T14,74,0,21.0,14619,4753,5
2026-09-12T14,74,1,21.0,1526,3208,2
2026-09-12T14,74,1,21.25,22579,0,2
2026-09-12T14,74,2,23.25,0,4002,1
2026-09-12T14,74,3,23.5,46448,44604,4
2026-09-12T14,74,4,23.75,0,6483,1
2026-09-12T15,74,1,21.0,0,2000,1
2026-09-12T15,74,1,21.25,0,13868,1
2026-09-12T15,74,1,21.5,0,9442,1
2026-09-12T15,74,1,21.75,2636,4534,3
2026-09-12T15,74,2,23.0,0,6076,1
2026-09-12T15,74,2,23.25,6079,32128,2
2026-09-12T16,74,0,19.6,600,370,2
2026-09-12T16,74,0,19.7,0,4804,2
2026-09-12T16,74,2,23.5,49627,623,2
2026-09-12T16,74,3,23.5,0,16416,1
2026-09-12T17,74,0,19.5,8055,5617,4
2026-09-12T17,74,0,19.6,0,2919,1
2026-09-12T17,74,0,19.7,0,5252,1
2026-09-12T17,74,0,19.8,0,229,1
2026-09-12T17,74,0,19.9,0,968,2
2026-09-12T17,74,0,20.0,0,1753,3
2026-09-12T17,74,0,20.25,0,6865,2
2026-09-12T17,74,0,20.5,0,1611,1
2026-09-12T17,74,0,20.75,1069,5003,3
2026-09-12T17,74,0,21.25,34,798,2
2026-09-12T17,74,1,20.75,0,4447,2
2026-09-12T17,74,1,21.0,0,159,1
2026-09-12T17,74,1,21.25,0,1507,2
2026-09-12T17,74,2,22.5,0,10822,1
2026-09-12T17,74,2,23.25,0,1200,1
2026-09-12T17,74,2,23.5,12506,0,1
2026-09-12T17,74,3,23.75,0,53770,2
2026-09-12T18,74,1,21.25,0,1185,1
2026-09-12T18,74,1,21.5,0,1931,1
2026-09-12T18,74,1,21.75,0,10853,1
2026-09-12T18,74,1,22.0,894,1070,2
2026-09-12T18,74,2,23.0,0,1073,1
2026-09-12T18,74,2,23.25,0,3000,1
2026-09-12T18,74,2,23.5,5927,0,1
2026-09-12T18,74,3,23.75,3378,48855,3
2026-09-12T18,74,7,22.75,0,8513,1
2026-09-12T18,74,7,23.0,0,26973,1
2026-09-12T18,74,7,24.0,40000,0,2
2026-09-12T19,74,0,19.9,0,56,1
2026-09-12T19,74,0,20.0,0,244,1
2026-09-12T19,74,0,20.25,0,15980,1
2026-09-12T19,74,0,20.5,0,3275,1
2026-09-12T19,74,0,20.75,0,218,1
2026-09-12T19,74,0,21.0,0,5269,1
2026-09-12T19,74,0,21.25,110,278,3
2026-09-12T19,74,0,21.5,4884,12888,3
2026-09-12T19,74,1,21.5,0,4028,1
2026-09-12T19,74,1,21.75,0,473,1
2026-09-12T19,74,1,22.0,8177,1494,2
2026-09-12T19,74,2,23.25,0,9098,1
2026-09-12T19,74,2,23.5,6293,0,1
2026-09-12T20,74,0,20.0,0,3458,1
2026-09-12T20,74,0,21.0,770,1000,2
2026-09-12T20,74,0,21.25,1,388,2
2026-09-12T20,74,0,21.5,17118,0,1
2026-09-12T20,74,1,21.25,0,5587,1
2026-09-12T20,74,1,21.5,0,4551,1
2026-09-12T20,74,1,21.75,0,3606,3
2026-09-12T20,74,1,22.0,3923,17413,4
2026-09-12T20,74,1,22.25,0,5458,1
2026-09-12T20,74,1,22.5,0,23442,2
2026-09-12T20,74,1,22.75,0,4649,1
2026-09-12T20,74,2,22.0,0,181,1
2026-09-12T20,74,2,23.25,9370,0,2
2026-09-12T20,74,7,24.0,0,28302,1
2026-09-12T21,74,0,20.25,0,1538,2
2026-09-12T21,74,0,20.5,0,444,2
2026-09-12T21,74,0,20.75,0,318,1
2026-09-12T21,74,0,21.0,0,1866,4
2026-09-12T21,74,0,21.25,0,1000,1
2026-09-12T21,74,0,21.5,3000,0,1
2026-09-12T21,74,2,22.5,0,7147,1
2026-09-12T22,74,0,20.5,1,0,1
2026-09-12T22,74,2,22.5,0,10000,1
2026-09-12T22,74,2,22.75,0,5000,1
2026-09-12T22,74,2,23.0,0,847,1
2026-09-12T22,74,2,23.25,0,2633,1
2026-09-12T22,74,2,23.5,0,157334,1
2026-09-12T22,74,3,23.75,18420,3464,2
2026-09-12T23,74,0,19.8,0,738,1
2026-09-12T23,74,0,19.9,0,847,1
2026-09-12T23,74,0,20.0,0,245,2
2026-09-12T23,74,0,20.25,0,1618,2
2026-09-12T23,74,0,20.5,0,3103,3
2026-09-12T23,74,0,20.75,0,1835,1
2026-09-12T23,74,0,21.0,0,8158,1
2026-09-12T23,74,0,21.5,5319,9543,3
2026-09-12T23,74,1,21.5,0,933,1
2026-09-12T23,74,2,21.25,0,1145,1
2026-09-12T23,74,2,21.5,0,16296,1
2026-09-13T00,74,2,23.25,3971,278,2
2026-09-13T00,74,3,22.75,0,3423,1
2026-09-13T00,74,3,23.5,1849,0,1
2026-09-13T00,74,7,23.0,0,23127,1
2026-09-13T01,74,0,19.9,1027,0,1
2026-09-13T01,74,1,21.0,0,468,1
2026-09-13T01,74,1,21.25,0,5000,1
2026-09-13T01,74,1,21.5,0,3628,1
2026-09-13T01,74,1,21.75,0,305,1
2026-09-13T01,74,1,22.0,0,281,1
2026-09-13T01,74,1,22.25,0,1689,1
2026-09-13T01,74,1,22.5,0,1000,1
2026-09-13T01,74,1,23.25,3129,0,1
2026-09-13T01,74,2,23.0,0,222,1
2026-09-13T01,74,2,23.25,0,2109,1
2026-09-13T02,74,0,19.5,0,1013,1
2026-09-13T02,74,0,19.7,0,347,1
2026-09-13T02,74,0,19.8,2875,0,1
2026-09-13T03,74,0,19.7,0,5000,1
2026-09-13T03,74,0,19.8,0,125,1
2026-09-13T03,74,0,19.9,0,8518,3
2026-09-13T03,74,0,20.0,0,1027,1
2026-09-13T03,74,0,20.25,0,3420,2
2026-09-13T03,74,0,20.5,0,827,1
2026-09-13T03,74,0,20.75,0,284,3
2026-09-13T03,74,0,21.0,0,2665,4
2026-09-13T03,74,0,21.25,0,1040,2
2026-09-13T03,74,0,21.5,947,2686,4
2026-09-13T03,74,0,21.75,0,1000,1
2026-09-13T03,74,0,22.0,0,2473,3
2026-09-13T03,74,0,22.25,0,1160,2
2026-09-13T03,74,1,21.0,0,450,1
2026-09-13T03,74,1,21.5,0,696,1
2026-09-13T03,74,1,21.75,0,33252,1
2026-09-13T03,74,1,22.0,0,5606,1
2026-09-13T03,74,1,22.25,0,977,1
2026-09-13T03,74,2,22.5,0,10756,1
2026-09-13T03,74,2,22.75,12814,0,1
2026-09-14T04,74,0,20.0,0,264,1
2026-09-14T04,74,0,20.25,0,120,2
2026-09-14T04,74,0,20.5,0,175,1
2026-09-14T04,74,0,20.75,0,416,1
2026-09-14T04,74,0,21.0,0,1370,3
2026-09-14T04,74,0,21.25,1902,0,1
2026-09-14T04,74,0,22.5,0,317,1
2026-09-14T04,74,0,22.75,0,5502,2
2026-09-14T04,74,0,23.0,0,225,2
2026-09-14T04,74,0,23.25,0,370,1
2026-09-14T04,74,0,24.0,0,318,1
2026-09-14T04,74,1,23.25,0,634,1
2026-09-14T04,74,1,23.5,17880,0,1
2026-09-14T04,74,2,22.75,0,5064,2
2026-09-14T04,74,2,23.75,0,5522,1
2026-09-14T04,74,2,24.0,0,20219,2
2026-09-14T04,74,2,24.25,0,21294,2
2026-09-14T04,74,3,23.0,0,25000,1
2026-09-14T04,74,3,23.5,0,12794,1
2026-09-14T04,74,3,23.75,0,31580,1
2026-09-14T04,74,3,24.0,0,15000,1
2026-09-14T04,74,3,24.25,0,1160,1
2026-09-14T04,74,3,24.5,0,5818,2
2026-09-14T04,74,4,23.75,0,36900,1
2026-09-14T04,74,4,24.0,0,108954,1
2026-09-14T04,74,4,24.5,0,591,1
2026-09-14T04,74,4,24.75,0,110972,1
2026-09-14T04,74,5,24.25,0,13337,1
2026-09-14T04,74,5,24.5,0,438310,1
2026-09-14T04,74,5,24.75,0,14400,1
2026-09-14T04,74,7,24.0,0,21684,1
2026-09-14T04,74,7,24.75,0,7469,1
2026-09-14T04,74,7,26.0,0,5000,1
2026-09-14T04,74,8,27.0,8260,0,1
2026-09-14T05,74,0,19.9,0,210,1
2026-09-14T05,74,0,20.5,0,2792,1
2026-09-14T05,74,0,20.75,0,1640,1
2026-09-14T05,74,0,21.0,10392,0,1
2026-09-14T05,74,1,21.5,1445,0,1
2026-09-14T05,74,2,22.75,2140,0,1
2026-09-14T05,74,3,23.5,0,1909,1
2026-09-14T05,74,3,23.75,0,91692,3
2026-09-14T05,74,4,23.75,0,59170,1
2026-09-14T05,74,7,24.0,10000,0,1
2026-09-14T05,74,12,36.0,1,0,1
2026-09-14T06,74,0,19.9,0,3877,3
2026-09-14T06,74,0,20.0,1092,11782,5
2026-09-14T06,74,0,20.25,0,677,2
2026-09-14T06,74,0,20.5,0,2276,1
2026-09-14T06,74,0,20.75,3586,425,2
2026-09-14T06,74,0,21.0,2138,0,2
2026-09-14T06,74,1,20.75,0,18927,1
2026-09-14T06,74,1,21.0,0,143,1
2026-09-14T06,74,1,21.25,0,4179,1
2026-09-14T06,74,1,21.5,0,2792,1
2026-09-14T06,74,1,21.75,6139,1888,2
2026-09-14T06,74,2,22.75,0,5386,2
2026-09-14T06,74,2,23.0,0,39748,2
2026-09-14T07,74,0,20.0,8664,5491,2
2026-09-14T07,74,0,20.25,0,111,1
2026-09-14T07,74,0,20.5,0,93,1
2026-09-14T07,74,0,20.75,0,2547,1
2026-09-14T07,74,0,21.0,10269,0,1
2026-09-14T07,74,2,23.25,7918,604,2
2026-09-14T07,74,3,23.25,0,895,1
2026-09-14T07,74,4,23.75,4519,0,1
2026-09-14T08,74,1,21.5,288,0,1
2026-09-14T08,74,1,21.75,1133,10204,2
2026-09-14T09,74,0,20.0,0,363,1
2026-09-14T09,74,0,20.25,0,2610,1
2026-09-14T09,74,0,20.5,0,2800,2
2026-09-14T09,74,0,20.75,0,1239,2
2026-09-14T09,74,0,21.0,5000,0,1
2026-09-14T09,74,3,23.25,0,512,1
2026-09-14T09,74,3,23.5,0,27856,3
2026-09-14T09,74,3,23.75,0,3934,1
2026-09-14T09,74,4,23.5,0,16126,1
2026-09-14T09,74,4,23.75,0,7481,1
2026-09-14T09,74,5,23.75,0,5858,1
2026-09-14T09,74,7,23.75,0,54474,1
2026-09-14T10,74,0,20.0,0,569,1
2026-09-14T10,74,0,20.25,0,4232,4
2026-09-14T10,74,0,20.5,4,1490,3
2026-09-14T10,74,1,21.5,0,3144,2
2026-09-14T10,74,1,21.75,0,350,1
2026-09-14T10,74,1,22.0,0,11373,3
2026-09-14T10,74,1,22.25,0,395,1
2026-09-14T10,74,2,22.75,0,1800,1
2026-09-14T10,74,2,23.0,11944,2037,3
2026-09-14T11,74,0,19.5,0,3246,2
2026-09-14T11,74,0,20.25,0,927,1
2026-09-14T11,74,0,20.5,0,4732,2
2026-09-14T11,74,0,20.75,0,1624,3
2026-09-14T11,74,0,21.0,8463,25692,7
2026-09-14T11,74,0,21.25,0,1794,3
2026-09-14T11,74,0,21.5,0,1308,3
2026-09-14T11,74,0,21.75,107,324,2
2026-09-14T11,74,1,22.25,0,4745,1
2026-09-14T11,74,1,22.5,0,3279,1
2026-09-14T11,74,1,22.75,0,1866,1
2026-09-14T11,74,2,23.0,82,52,2
2026-09-14T12,74,1,21.75,500,4500,2
2026-09-14T12,74,2,22.75,0,1545,1
2026-09-14T12,74,2,23.0,0,23918,2
2026-09-14T12,74,2,23.25,1875,15471,2
2026-09-14T12,74,3,23.25,1203,712,2
2026-09-14T13,74,0,19.7,0,2043,1
2026-09-14T13,74,0,19.8,0,100,1
2026-09-14T13,74,0,19.9,0,1417,1
2026-09-14T13,74,0,20.0,0,580,1
2026-09-14T13,74,2,22.5,0,7437,1
2026-09-14T13,74,2,22.75,0,5821,1
2026-09-14T13,74,2,23.0,0,1040,1
2026-09-14T13,74,2,23.25,0,1125,1
2026-09-14T13,74,2,23.5,5304,0,1
2026-09-14T13,74,3,23.25,0,15000,1
2026-09-14T13,74,3,23.5,0,4832,1
2026-09-14T13,74,3,23.75,0,19518,2
2026-09-14T13,74,3,24.0,13494,0,1
2026-09-14T13,74,5,23.75,0,959,1
2026-09-14T13,74,7,24.0,0,9273,1
2026-09-14T14,74,0,19.6,0,855,1
2026-09-14T14,74,0,19.7,2017,0,1
2026-09-14T14,74,0,19.8,0,3100,1
2026-09-14T14,74,1,21.5,0,1860,1
2026-09-14T14,74,1,21.75,0,1073,1
2026-09-14T14,74,1,23.5,0,5905,2
2026-09-14T14,74,2,23.25,0,1661,1
2026-09-14T14,74,2,23.5,0,18184,2
2026-09-14T14,74,2,23.75,1748,215663,3
2026-09-14T14,74,3,23.75,22021,6536,3
2026-09-14T14,74,3,24.0,35605,51000,3
2026-09-14T14,74,4,25.25,12750,0,1
2026-09-14T15,74,0,19.7,0,870,1
2026-09-14T15,74,0,19.9,0,747,1
2026-09-14T15,74,0,20.0,383,6973,7
2026-09-14T15,74,0,20.25,0,757,1
2026-09-14T15,74,0,20.5,0,36,1
2026-09-14T15,74,0,20.75,0,541,1
2026-09-14T15,74,0,21.0,0,2967,4
2026-09-14T15,74,0,21.25,0,288,1
2026-09-14T15,74,0,21.5,0,3335,3
2026-09-14T15,74,1,23.75,25,0,1
2026-09-14T15,74,3,24.25,0,15000,1
2026-09-14T15,74,3,24.5,0,144601,2
2026-09-14T15,74,7,24.0,0,47444,1
2026-09-14T16,74,0,19.4,0,220,1
2026-09-14T16,74,0,19.5,0,131,1
2026-09-14T16,74,0,19.6,1000,1320,3
2026-09-14T16,74,0,19.7,754,0,1
2026-09-14T16,74,0,20.5,0,59,1
2026-09-14T16,74,0,20.75,1968,0,1
2026-09-14T16,74,1,23.25,0,1629,1
2026-09-14T16,74,2,23.0,0,178,1
2026-09-14T16,74,2,23.25,0,1221,2
2026-09-14T16,74,2,23.5,7045,4238,4
2026-09-14T16,74,5,25.0,0,120000,1
2026-09-14T16,74,7,24.75,0,1000,1
2026-09-14T16,74,7,25.0,0,30000,1
2026-09-14T17,74,0,19.3,0,1135,2
2026-09-14T17,74,0,19.4,14138,222,2
2026-09-14T17,74,0,19.5,0,41500,1
2026-09-14T17,74,0,19.7,0,8254,1
2026-09-14T17,74,0,19.8,0,610,2
2026-09-14T17,74,0,19.9,5023,155,2
2026-09-14T17,74,0,20.0,0,11406,3
2026-09-14T17,74,0,20.25,11395,701,4
2026-09-14T17,74,1,22.5,0,9015,1
2026-09-14T17,74,1,22.75,0,919,1
2026-09-14T17,74,2,22.75,0,8446,1
2026-09-14T17,74,2,23.0,421,0,1
2026-09-14T17,74,2,23.5,0,10297,1
2026-09-14T17,74,2,23.75,1703,0,1
2026-09-14T17,74,3,24.75,0,5112,1
2026-09-14T17,74,3,25.0,3759,0,1
2026-09-14T18,74,0,19.9,832,168,2
2026-09-14T18,74,0,20.0,0,107,1
2026-09-14T18,74,0,20.25,5000,6911,5
2026-09-14T18,74,0,20.5,759,178,2
2026-09-14T18,74,0,20.75,122,0,1
2026-09-14T18,74,1,22.75,0,2129,1
2026-09-14T18,74,1,23.0,0,8063,1
2026-09-14T18,74,1,23.25,0,4204,2
2026-09-14T18,74,1,23.5,1073,0,1
2026-09-14T18,74,2,22.5,0,866,1
2026-09-14T18,74,2,22.75,0,8253,1
2026-09-14T18,74,2,23.0,0,11528,1
2026-09-14T18,74,2,23.5,2655,14088,2
2026-09-14T18,74,2,23.75,0,10030,2
2026-09-14T18,74,3,23.5,0,29837,1
2026-09-14T18,74,3,24.5,0,2480,1
2026-09-14T18,74,3,24.75,16783,0,3
2026-09-14T19,74,0,19.8,0,1426,1
2026-09-14T19,74,0,19.9,0,247,1
2026-09-14T19,74,0,20.0,0,788,1
2026-09-14T19,74,0,20.25,2539,0,1
2026-09-14T19,74,2,22.25,0,760,1
2026-09-14T19,74,2,22.5,0,2430,1
2026-09-14T19,74,2,22.75,0,6285,1
2026-09-14T19,74,2,23.0,7999,0,1
2026-09-14T19,74,5,25.75,0,1724,1
2026-09-14T19,74,7,26.0,6026,0,1
2026-09-14T20,74,0,20.25,0,7850,2
2026-09-14T20,74,0,20.5,753,272,2
2026-09-14T20,74,0,20.75,0,8229,3
2026-09-14T20,74,0,21.0,100,1593,4
2026-09-14T20,74,0,21.25,4767,0,1
2026-09-14T20,74,1,22.0,0,1000,1
2026-09-14T20,74,1,23.0,0,3000,1
2026-09-14T20,74,1,23.25,0,5000,1
2026-09-14T20,74,1,23.5,1175,5371,2
2026-09-14T20,74,2,22.75,0,959,1
2026-09-14T20,74,2,23.0,0,30238,2
2026-09-14T20,74,2,23.25,0,126,1
2026-09-14T20,74,2,23.5,0,345,1
2026-09-14T20,74,3,24.5,0,12880,2
2026-09-14T20,74,3,24.75,8152,0,1
2026-09-14T21,74,1,23.0,0,191,1
2026-09-14T21,74,1,23.25,0,1160,1
2026-09-14T21,74,1,23.5,0,2825,1
2026-09-14T21,74,1,23.75,2436,0,1
2026-09-14T21,74,2,23.5,0,17789,1
2026-09-14T21,74,2,23.75,0,1887,2
2026-09-14T21,74,2,24.0,0,14196,2
2026-09-14T21,74,2,24.25,0,92466,2
2026-09-14T21,74,3,24.75,0,2162,1
2026-09-14T21,74,3,25.0,0,62884,1
2026-09-14T21,74,4,25.25,8292,0,1
2026-09-14T22,74,0,19.7,200,658,3
2026-09-14T22,74,0,19.8,0,680,2
2026-09-14T22,74,0,19.9,0,599,1
2026-09-14T22,74,0,20.0,0,6797,4
2026-09-14T22,74,0,20.25,0,1042,2
2026-09-14T22,74,0,20.5,0,1170,1
2026-09-14T22,74,0,20.75,0,1346,1
2026-09-14T22,74,0,21.0,0,4137,6
2026-09-14T22,74,0,21.25,0,4860,1
2026-09-14T22,74,0,21.5,0,3068,3
2026-09-14T22,74,0,21.75,0,3105,3
2026-09-14T22,74,0,22.0,0,1000,1
2026-09-14T22,74,0,22.25,0,462,1
2026-09-14T22,74,0,22.5,0,676,1
2026-09-14T22,74,1,23.25,4636,0,1
2026-09-14T23,74,0,22.25,2054,0,1
2026-09-14T23,74,1,22.5,0,5000,1
2026-09-14T23,74,1,23.25,0,633,1
2026-09-14T23,74,1,23.5,0,5560,1
2026-09-14T23,74,2,23.5,0,10000,1
2026-09-14T23,74,2,23.75,8269,15,2
2026-09-15T00,74,0,21.5,0,5,1
2026-09-15T00,74,0,21.75,0,848,2
2026-09-15T00,74,0,22.0,0,210,1
2026-09-15T00,74,0,22.25,3,0,1
2026-09-15T00,74,2,22.75,0,1311,1
2026-09-15T00,74,2,23.0,7084,0,1
2026-09-15T00,74,7,24.0,30272,0,1
2026-09-15T01,74,0,19.7,0,218,1
2026-09-15T01,74,0,19.8,0,425,2
2026-09-15T01,74,0,19.9,0,1000,1
2026-09-15T01,74,0,20.0,0,1113,1
2026-09-15T01,74,2,21.75,12109,10855,2
2026-09-15T02,74,0,21.0,0,1494,1
2026-09-15T02,74,0,21.25,0,730,1
2026-09-15T02,74,0,21.5,0,363,1
2026-09-15T02,74,0,21.75,0,485,1
2026-09-15T02,74,0,22.0,0,1607,2
2026-09-15T02,74,0,22.25,2286,0,1
2026-09-15T02,74,2,22.75,0,210,1
2026-09-15T02,74,2,23.0,0,24615,1
2026-09-15T02,74,3,23.25,0,15000,1
2026-09-15T02,74,3,23.5,0,3935,1
2026-09-15T02,74,4,23.5,0,2714,1
2026-09-15T02,74,5,23.75,11065,0,1
2026-09-15T02,74,7,23.0,0,17406,1
2026-09-15T03,74,0,20.5,0,245,1
2026-09-15T03,74,0,20.75,4235,0,1
2026-09-15T03,74,0,21.75,0,1014,2
2026-09-15T03,74,0,22.0,0,1000,1
2026-09-15T03,74,0,22.25,3741,0,1
2026-09-15T03,74,1,22.75,31,0,1
2026-09-15T03,74,2,22.75,0,2072,1
2026-09-15T03,74,2,23.0,0,10000,1
2026-09-15T03,74,2,23.25,0,8998,2
2026-09-15T03,74,2,23.5,13930,0,1
2026-09-15T04,74,2,22.5,0,8982,1
2026-09-15T04,74,2,23.25,0,2568,1
2026-09-15T04,74,2,23.5,0,53105,2
2026-09-15T04,74,3,23.25,0,5715,1
2026-09-15T04,74,5,23.75,27626,0,1
2026-09-15T05,74,0,19.5,0,2830,1
2026-09-15T05,74,0,19.6,0,574,1
2026-09-15T05,74,0,19.7,0,355,1
2026-09-15T05,74,0,19.8,0,1935,1
2026-09-15T05,74,0,19.9,0,1468,1
2026-09-15T05,74,0,20.0,0,16152,4
2026-09-15T05,74,0,20.25,0,2008,1
2026-09-15T05,74,0,20.5,7491,0,3
2026-09-15T05,74,1,21.75,0,2965,1
2026-09-15T05,74,1,22.0,6535,19,2
2026-09-15T05,74,1,22.75,0,5560,2
2026-09-15T05,74,2,22.5,0,4295,1
2026-09-15T05,74,2,22.75,0,11564,1
2026-09-15T05,74,2,23.0,0,1117,1
2026-09-15T05,74,2,23.25,0,424,1
2026-09-15T05,74,2,23.5,12838,20000,2
2026-09-15T05,74,3,23.5,0,1000,1
2026-09-15T05,74,3,23.75,4481,0,1
2026-09-15T05,74,5,23.75,0,6309,1
2026-09-15T06,74,2,22.75,10476,0,1
2026-09-15T06,74,2,23.0,16039,0,1
2026-09-15T06,74,4,24.75,46742,0,1
2026-09-15T06,74,7,24.0,0,21057,1
2026-09-15T11,74,0,19.3,0,221,1
2026-09-15T11,74,0,19.4,0,13211,1
2026-09-15T11,74,0,19.5,0,850,1
2026-09-15T11,74,0,19.6,0,133,1
2026-09-15T11,74,0,19.7,0,3702,2
2026-09-15T11,74,0,19.8,12147,3030,3
2026-09-15T11,74,1,22.5,0,5000,1
2026-09-15T11,74,1,23.0,0,20000,1
2026-09-15T11,74,1,23.25,4407,0,1
2026-09-15T11,74,2,22.75,0,1392,1
2026-09-15T11,74,2,23.0,0,49074,2
2026-09-15T11,74,2,23.25,0,143,1
2026-09-15T11,74,3,23.5,0,28153,1
2026-09-15T11,74,3,23.75,0,15519,1
2026-09-15T11,74,3,24.25,0,15000,1
2026-09-15T12,74,0,19.7,0,3762,2
2026-09-15T12,74,0,19.8,8211,0,2
2026-09-15T12,74,1,22.5,0,4328,1
2026-09-15T12,74,2,22.75,0,3480,2
2026-09-15T12,74,2,23.0,3483,0,1
2026-09-15T12,74,3,23.5,0,870,1
2026-09-15T12,74,3,23.75,0,18696,1
2026-09-15T12,74,5,25.0,0,4963,1
2026-09-15T12,74,5,25.25,0,100,1
2026-09-15T12,74,5,25.5,0,4390,1
2026-09-15T12,74,7,25.75,0,100,1
2026-09-15T12,74,7,26.0,5447,0,1
2026-09-15T13,74,0,19.5,1500,0,1
2026-09-15T13,74,1,22.25,0,11339,1
2026-09-15T13,74,1,22.5,0,2653,1
2026-09-15T13,74,2,22.25,0,10000,1
2026-09-15T13,74,2,22.5,0,2966,1
2026-09-15T13,74,2,22.75,3635,906,2
2026-09-15T13,74,2,23.0,6068,0,1
2026-09-15T14,74,0,19.0,0,4453,1
2026-09-15T14,74,0,19.1,0,991,1
2026-09-15T14,74,0,19.2,0,2505,1
2026-09-15T14,74,0,19.3,0,1564,1
2026-09-15T14,74,0,19.4,0,825,1
2026-09-15T14,74,0,19.5,0,3343,2
2026-09-15T14,74,0,19.6,0,1506,2
2026-09-15T14,74,0,19.7,481,738,2
2026-09-15T14,74,0,19.8,0,6513,3
2026-09-15T14,74,0,19.9,22846,925,2
2026-09-15T14,74,1,22.75,15435,0,2
2026-09-15T14,74,2,22.5,0,517,1
2026-09-15T14,74,2,22.75,0,36082,2
2026-09-15T14,74,2,23.0,5025,449,2
2026-09-15T14,74,4,23.75,0,100000,1
2026-09-15T14,74,7,26.0,3000,0,1
2026-09-15T15,74,0,19.3,0,1206,1
2026-09-15T15,74,0,19.4,0,24023,5
2026-09-15T15,74,0,19.5,0,5855,1
2026-09-15T15,74,0,19.7,0,5558,1
2026-09-15T15,74,0,19.8,0,2024,2
2026-09-15T15,74,0,19.9,0,11228,5
2026-09-15T15,74,0,20.0,10,90,2
2026-09-15T15,74,1,22.25,457,0,1
2026-09-15T15,74,3,23.75,0,15000,1
2026-09-15T15,74,4,24.0,0,80393,1
2026-09-15T16,74,0,18.9,0,14607,1
2026-09-15T16,74,0,19.0,0,123,1
2026-09-15T16,74,0,19.5,0,2523,2
2026-09-15T16,74,0,19.6,0,1823,1
2026-09-15T16,74,0,19.7,2007,0,1
2026-09-15T16,74,1,21.75,0,557,1
2026-09-15T16,74,1,22.0,0,1433,1
2026-09-15T16,74,1,22.25,12839,0,2
2026-09-15T16,74,2,22.5,0,7857,1
2026-09-15T16,74,2,22.75,0,1575,1
2026-09-15T16,74,2,23.0,11425,0,1
2026-09-15T17,74,0,19.4,0,525,1
2026-09-15T17,74,0,19.5,0,323,1
2026-09-15T17,74,0,19.6,0,598,1
2026-09-15T17,74,0,19.7,4889,4905,4
2026-09-15T17,74,1,22.0,0,1323,1
2026-09-15T17,74,1,22.25,0,16839,1
2026-09-15T17,74,1,22.5,30229,1552,4
2026-09-15T17,74,2,22.75,0,1362,1
2026-09-15T17,74,2,23.0,0,4538,2
2026-09-15T17,74,2,23.25,0,101,1
2026-09-15T17,74,2,23.5,0,7301,2
2026-09-15T17,74,2,23.75,0,11731,1
2026-09-15T17,74,3,24.0,0,13871,2
2026-09-15T17,74,4,24.25,26239,0,1
2026-09-15T18,74,0,19.1,0,711,1
2026-09-15T18,74,0,19.2,0,150,1
2026-09-15T18,74,0,19.3,0,640,1
2026-09-15T18,74,0,19.4,0,527,1
2026-09-15T18,74,0,19.5,0,1452,2
2026-09-15T18,74,0,19.6,0,258,2
2026-09-15T18,74,0,19.7,0,3666,3
2026-09-15T18,74,1,22.5,184,18963,3
2026-09-15T18,74,1,22.75,16,0,1
2026-09-15T18,74,2,23.25,0,301,1
2026-09-15T18,74,2,23.5,0,470,1
2026-09-15T18,74,2,23.75,26608,28140,4
2026-09-15T18,74,2,24.0,33506,11986,3
2026-09-15T18,74,3,24.0,75469,1219,3
2026-09-15T18,74,3,24.25,0,7309,1
2026-09-15T18,74,3,24.5,0,4328,1
2026-09-15T18,74,4,24.25,69252,4509,2
2026-09-15T18,74,4,24.5,0,10865,1
2026-09-15T18,74,4,24.75,31368,0,1
2026-09-15T19,74,0,19.6,0,7786,1
2026-09-15T19,74,0,19.8,308,0,1
2026-09-15T19,74,12,36.0,1,0,1
2026-09-15T20,74,0,19.4,0,600,1
2026-09-15T20,74,0,19.5,0,2582,1
2026-09-15T20,74,0,19.6,0,488,1
2026-09-15T20,74,0,19.7,0,1145,1
2026-09-15T20,74,0,19.8,0,984,2
2026-09-15T20,74,0,19.9,0,280,1
2026-09-15T20,74,0,20.0,0,14919,7
2026-09-15T20,74,0,20.25,12,9812,3
2026-09-15T20,74,0,20.5,0,3977,1
2026-09-15T20,74,0,20.75,0,327,1
2026-09-15T20,74,0,21.0,0,10915,2
2026-09-15T20,74,0,21.25,6751,0,1
2026-09-15T20,74,1,21.75,0,9756,1
2026-09-15T20,74,1,22.0,0,1173,1
2026-09-15T20,74,1,22.25,4588,0,1
2026-09-15T20,74,2,22.25,0,6070,1
2026-09-15T20,74,2,22.5,0,730,1
2026-09-15T20,74,2,22.75,0,13016,2
2026-09-15T20,74,2,23.0,0,10000,1
2026-09-15T20,74,2,23.25,0,515,1
2026-09-15T20,74,2,23.5,0,21871,1
2026-09-15T20,74,10,27.0,0,15000,1
2026-09-15T20,74,10,27.5,0,250000,1
2026-09-15T21,74,0,19.5,0,567,1
2026-09-15T21,74,0,19.6,0,433,1
2026-09-15T21,74,0,19.7,0,315,1
2026-09-15T21,74,2,23.25,0,433,1
2026-09-15T21,74,2,23.5,0,1260,1
2026-09-15T21,74,2,23.75,0,5813,2
2026-09-15T21,74,2,24.0,0,17232,1
2026-09-15T21,74,2,24.25,0,3660,1
2026-09-15T21,74,2,24.5,0,2481,1
2026-09-15T21,74,3,24.0,0,2674,1
2026-09-15T21,74,3,24.25,0,8518,1
2026-09-15T21,74,3,24.5,0,7215,1
2026-09-15T21,74,4,24.75,70506,0,2
2026-09-15T21,74,5,26.75,19473,0,1
2026-09-15T21,74,7,26.0,0,5527,1
2026-09-15T21,74,7,26.75,0,1000,1
2026-09-15T22,74,0,19.8,0,1000,1
2026-09-15T22,74,0,19.9,0,2507,2
2026-09-15T22,74,0,20.0,0,1780,2
2026-09-15T22,74,0,20.25,869,0,1
2026-09-15T22,74,1,21.5,0,5000,1
2026-09-15T22,74,1,21.75,0,5000,1
2026-09-15T22,74,1,22.0,2735,5265,2
2026-09-15T22,74,2,24.0,0,894,1
2026-09-15T22,74,2,24.25,0,3653,1
2026-09-15T22,74,2,24.5,1872,0,1
2026-09-16T04,74,0,19.9,0,478,1
2026-09-16T04,74,0,20.0,0,23134,4
2026-09-16T04,74,0,20.25,0,4965,2
2026-09-16T04,74,0,20.5,0,1560,1
2026-09-16T04,74,0,20.75,0,1580,1
2026-09-16T04,74,0,21.0,0,5849,2
2026-09-16T04,74,0,21.25,0,3169,1
2026-09-16T04,74,0,21.5,0,2516,2
2026-09-16T04,74,0,21.75,0,1246,2
2026-09-16T04,74,1,21.5,0,7609,1
2026-09-16T04,74,1,21.75,0,367,1
2026-09-16T04,74,1,22.0,0,4474,1
2026-09-16T04,74,1,22.5,0,5772,1
2026-09-16T04,74,1,22.75,13,4549,2
2026-09-16T04,74,2,22.75,448,552,2
2026-09-16T04,74,3,25.0,68508,4937,2
2026-09-16T04,74,4,24.75,0,10904,1
2026-09-16T05,74,0,19.3,0,47,1
2026-09-16T05,74,0,19.4,0,11286,3
2026-09-16T05,74,0,19.5,1586,1939,4
2026-09-16T05,74,0,19.6,0,959,2
2026-09-16T05,74,1,19.6,0,20381,1
2026-09-16T05,74,1,20.0,0,3400,1
2026-09-16T05,74,2,22.5,4744,0,1
2026-09-16T05,74,3,24.75,0,3919,1
2026-09-16T05,74,3,25.0,10859,0,2
2026-09-16T05,74,7,23.0,0,152484,1
2026-09-16T05,74,7,26.0,43000,0,1
2026-09-16T06,74,0,19.6,0,614,1
2026-09-16T06,74,0,19.7,9,1248,3
2026-09-16T06,74,0,19.8,0,1357,2
2026-09-16T06,74,0,19.9,0,3091,2
2026-09-16T06,74,0,20.0,0,4414,3
2026-09-16T07,74,0,19.9,0,906,1
2026-09-16T07,74,0,20.0,55636,9634,4
2026-09-16T07,74,1,20.75,1001,0,1
2026-09-16T07,74,2,22.25,0,7908,1
2026-09-16T07,74,2,22.5,0,53669,2
2026-09-16T07,74,2,22.75,0,3552,1
2026-09-16T07,74,2,23.0,0,4268,2
2026-09-16T07,74,2,23.25,0,17469,2
2026-09-16T07,74,2,23.5,0,16263,1
2026-09-16T07,74,2,23.75,0,6540,1
2026-09-16T07,74,2,24.0,0,5000,1
2026-09-16T07,74,2,24.25,0,5000,1
2026-09-16T07,74,2,24.5,64611,928,2
2026-09-16T07,74,4,25.25,8952,0,1
2026-09-16T07,74,7,25.0,0,9048,1
2026-09-16T08,74,0,19.7,0,9086,1
2026-09-16T08,74,0,19.8,0,522,1
2026-09-16T08,74,0,19.9,0,4725,1
2026-09-16T08,74,0,20.0,1200,0,1
2026-09-16T08,74,1,20.75,0,3999,1
2026-09-16T08,74,1,21.0,0,4920,1
2026-09-16T08,74,1,21.25,4451,0,1
2026-09-16T08,74,3,24.5,4500,0,1
2026-09-16T09,74,0,18.9,0,2747,1
2026-09-16T09,74,0,19.0,0,731,1
2026-09-16T09,74,0,19.7,1000,0,1
2026-09-16T09,74,0,19.9,0,145,1
2026-09-16T09,74,0,20.0,55,0,1
2026-09-16T09,74,1,20.75,0,1432,1
2026-09-16T09,74,1,21.0,0,14067,2
2026-09-16T09,74,1,21.25,1438,11687,2
2026-09-16T09,74,1,21.5,0,6899,1
2026-09-16T09,74,3,24.5,0,2208,1
2026-09-16T09,74,3,24.75,0,1860,1
2026-09-16T09,74,3,25.0,0,20282,2
2026-09-16T09,74,4,25.25,0,28029,1
2026-09-16T10,74,0,19.3,0,595,1
2026-09-16T10,74,0,19.4,0,2245,2
2026-09-16T10,74,0,19.5,330,2418,3
2026-09-16T10,74,1,21.25,0,24023,1
2026-09-16T10,74,1,21.5,0,3000,1
2026-09-16T10,74,1,22.25,1000,0,1
2026-09-16T10,74,2,22.75,0,2133,1
2026-09-16T10,74,3,23.0,22395,0,1
2026-09-16T11,74,0,19.4,0,662,1
2026-09-16T11,74,0,19.5,4397,744,4
2026-09-16T11,74,0,19.6,0,3107,2
2026-09-16T11,74,0,19.7,9693,0,2
2026-09-16T11,74,2,23.5,7502,13153,3
2026-09-16T11,74,2,23.75,0,3000,1
2026-09-16T11,74,2,24.5,13849,0,1
2026-09-16T11,74,3,23.0,0,18308,1
2026-09-16T11,74,4,24.75,0,68322,1
2026-09-16T11,74,4,25.5,0,64789,1
2026-09-16T11,74,5,25.5,0,936,1
2026-09-16T12,74,0,19.3,0,1489,3
2026-09-16T12,74,0,19.4,1800,3021,2
2026-09-16T12,74,0,19.5,0,2114,3
2026-09-16T12,74,0,19.6,6191,0,1
2026-09-16T12,74,1,22.0,0,1000,1
2026-09-16T12,74,1,22.25,1000,0,1
2026-09-16T12,74,2,23.25,0,8269,2
2026-09-16T12,74,2,23.5,0,543,1
2026-09-16T12,74,2,23.75,0,514,1
2026-09-16T12,74,2,24.0,10674,0,1
2026-09-16T13,74,0,19.5,0,8568,1
2026-09-16T13,74,0,19.6,0,6487,2
2026-09-16T13,74,0,19.7,203,10383,3
2026-09-16T13,74,0,19.8,0,414,1
2026-09-16T13,74,0,19.9,300,1052,4
2026-09-16T13,74,0,20.0,11135,0,1
2026-09-16T13,74,1,21.5,555,4679,2
2026-09-16T13,74,1,21.75,0,5000,1
2026-09-16T13,74,2,23.25,16171,0,2
2026-09-16T14,74,0,19.4,9000,11833,5
2026-09-16T14,74,0,19.5,800,130,2
2026-09-16T14,74,0,19.6,370,0,1
2026-09-16T14,74,1,19.5,0,4576,1
2026-09-16T14,74,1,21.75,0,524,1
2026-09-16T14,74,1,22.0,0,3352,1
2026-09-16T14,74,1,22.25,0,18630,3
2026-09-16T14,74,1,22.75,5141,14750,3
2026-09-16T14,74,2,23.0,0,874,1
2026-09-16T14,74,2,23.25,0,29009,1
2026-09-16T14,74,2,23.5,0,86,1
2026-09-16T14,74,2,23.75,0,3000,1
2026-09-16T14,74,2,24.0,0,23664,1
2026-09-16T14,74,2,24.25,0,3305,1
2026-09-16T14,74,3,24.5,0,1713,1
2026-09-16T14,74,3,24.75,0,3930,1
2026-09-16T14,74,3,25.0,7943,0,1
2026-09-16T15,74,0,19.3,0,10759,2
2026-09-16T15,74,0,19.4,44,4958,5
2026-09-16T15,74,0,19.5,0,1269,2
2026-09-16T15,74,0,19.6,0,3716,1
2026-09-16T15,74,0,19.7,0,8744,2
2026-09-16T15,74,0,19.9,0,808,1
2026-09-16T15,74,0,20.0,1121,0,1
2026-09-16T15,74,2,22.75,0,12927,2
2026-09-16T15,74,2,23.0,6095,27,3
2026-09-16T15,74,2,23.75,0,3000,1
2026-09-16T15,74,3,24.5,492,0,1
2026-09-16T16,74,0,19.7,0,1376,2
2026-09-16T16,74,0,19.8,587,1705,3
2026-09-16T16,74,0,19.9,0,2985,4
2026-09-16T16,74,0,20.0,1910,0,2
2026-09-16T17,74,0,18.9,0,200,1
2026-09-16T17,74,0,19.0,0,780,1
2026-09-16T17,74,0,19.6,0,590,1
2026-09-16T17,74,0,19.7,0,342,1
2026-09-16T17,74,0,19.8,0,1545,1
2026-09-16T17,74,0,20.0,976,1153,2
2026-09-16T17,74,1,22.0,0,1175,1
2026-09-16T17,74,1,22.25,0,2000,1
2026-09-16T17,74,1,22.5,0,2712,2
2026-09-16T17,74,1,22.75,0,15861,1
2026-09-16T17,74,2,23.0,552,0,1
2026-09-16T17,74,2,23.75,0,3033,2
2026-09-16T17,74,2,24.0,0,1428,1
2026-09-16T17,74,2,24.25,1028,0,1
2026-09-16T17,74,3,24.5,0,1360,1
2026-09-16T17,74,4,24.75,98640,0,2
2026-09-16T18,74,0,19.4,0,522,1
2026-09-16T18,74,0,19.5,0,37,1
2026-09-16T18,74,0,19.6,0,499,1
2026-09-16T18,74,0,19.7,2745,3252,3
2026-09-16T18,74,0,19.8,0,1150,2
2026-09-16T18,74,0,19.9,2479,0,2
2026-09-16T18,74,2,22.75,832,608,2
2026-09-16T18,74,2,23.0,0,9063,1
2026-09-16T18,74,2,23.25,531,47,2
2026-09-16T18,74,3,24.75,57640,0,1
2026-09-16T18,74,4,24.75,9000,42360,2
2026-09-16T19,74,0,19.3,0,274,1
2026-09-16T19,74,0,19.4,0,3111,1
2026-09-16T19,74,0,19.5,0,2176,2
2026-09-16T19,74,0,19.6,0,987,2
2026-09-16T19,74,0,19.7,0,3142,2
2026-09-16T19,74,1,21.75,0,1614,1
2026-09-16T19,74,1,22.0,0,10081,1
2026-09-16T19,74,1,22.25,0,352,1
2026-09-16T19,74,1,22.75,2431,0,1
2026-09-16T19,74,2,22.5,3388,6350,2
2026-09-16T19,74,2,22.75,0,222,1
2026-09-16T19,74,2,23.0,0,10000,1
2026-09-16T19,74,2,23.25,0,36047,1
2026-09-16T19,74,2,23.5,0,8811,1
2026-09-16T19,74,2,23.75,0,2400,1
2026-09-16T19,74,2,24.0,0,17555,1
2026-09-16T19,74,2,24.25,0,15419,1
2026-09-16T19,74,3,24.25,0,4023,1
2026-09-16T19,74,3,24.5,14393,5400,3
2026-09-16T19,74,3,24.75,102313,0,1
2026-09-16T21,74,0,19.7,500,46,2
2026-09-16T21,74,0,19.8,0,2375,1
2026-09-16T21,74,0,19.9,0,3824,2
2026-09-16T21,74,0,20.0,20134,0,1
2026-09-16T21,74,1,22.75,0,12927,2
2026-09-16T21,74,1,23.0,24464,0,1
2026-09-16T21,74,2,22.75,0,14889,1
2026-09-16T21,74,2,23.0,0,1316,1
2026-09-16T21,74,2,23.25,0,3524,1
2026-09-16T21,74,2,23.5,0,5698,1
2026-09-16T21,74,2,23.75,0,3000,1
2026-09-16T21,74,2,24.0,0,3350,1
2026-09-16T21,74,2,24.25,0,1829,1
2026-09-16T21,74,2,24.5,118670,32546,3
2026-09-16T21,74,3,24.5,0,7832,2
2026-09-16T21,74,3,24.75,42663,3736,2
2026-09-16T21,74,7,25.0,54000,0,1
2026-09-16T22,74,0,19.3,0,50,1
2026-09-16T22,74,0,19.4,0,1511,1
2026-09-16T22,74,0,19.5,0,1084,2
2026-09-16T22,74,0,19.6,0,638,2
2026-09-16T22,74,0,19.7,1239,773,4
2026-09-16T22,74,3,25.0,7724,0,1
2026-09-16T22,74,7,25.0,0,299,1
2026-09-16T23,74,0,19.7,0,274,1
2026-09-16T23,74,0,19.8,0,17,1
2026-09-17T04,74,0,19.8,0,5867,2
2026-09-17T04,74,0,19.9,0,2563,3
2026-09-17T04,74,0,20.0,30779,0,1
2026-09-17T04,74,1,20.0,0,728,1
2026-09-17T04,74,1,22.0,0,1097,1
2026-09-17T04,74,1,22.25,0,6732,1
2026-09-17T04,74,1,22.5,0,6047,1
2026-09-17T04,74,1,22.75,0,1492,1
2026-09-17T04,74,1,23.0,0,23023,1
2026-09-17T04,74,1,23.25,0,3720,1
2026-09-17T04,74,2,24.25,0,1391,1
2026-09-17T04,74,2,24.5,60491,3153,2
2026-09-17T04,74,3,25.0,0,6953,2
2026-09-17T04,74,4,25.25,13840,0,1
2026-09-17T05,74,0,18.5,0,1219,1
2026-09-17T05,74,0,18.6,0,1402,1
2026-09-17T05,74,0,18.7,0,147,1
2026-09-17T05,74,0,18.8,780,557,2
2026-09-17T05,74,0,18.9,0,7414,2
2026-09-17T05,74,0,19.0,5300,8740,3
2026-09-17T05,74,0,19.1,0,5350,2
2026-09-17T05,74,0,19.2,1290,379,2
2026-09-17T05,74,4,24.75,0,49195,1
2026-09-17T05,74,4,25.25,0,1160,1
2026-09-17T05,74,4,25.5,0,10284,1
2026-09-17T05,74,5,25.5,0,4270,1
2026-09-17T05,74,5,25.75,4333,0,1
2026-09-17T06,74,0,19.1,0,230,1
2026-09-17T06,74,0,19.2,0,12883,1
2026-09-17T06,74,0,19.3,0,5766,4
2026-09-17T06,74,0,19.4,0,1037,1
2026-09-17T06,74,0,19.5,0,633,1
2026-09-17T06,74,0,19.7,0,1000,1
2026-09-17T06,74,0,19.9,0,1879,2
2026-09-17T06,74,0,20.0,4386,9572,8
2026-09-17T06,74,2,23.5,0,3600,1
2026-09-17T06,74,2,23.75,0,8574,2
2026-09-17T06,74,2,24.0,0,13114,1
2026-09-17T06,74,2,24.25,0,7219,1
2026-09-17T06,74,2,24.5,14156,0,2
2026-09-17T06,74,3,24.5,0,3856,1
2026-09-17T07,74,0,19.8,0,1576,3
2026-09-17T07,74,0,19.9,4433,0,1
2026-09-17T07,74,1,22.75,1000,157,2
2026-09-17T07,74,1,23.0,0,1796,1
2026-09-17T07,74,1,23.25,3988,5059,2
2026-09-17T07,74,2,24.25,0,7300,1
2026-09-17T07,74,2,24.5,10741,0,1
2026-09-17T08,74,0,19.6,0,2877,2
2026-09-17T08,74,0,19.7,1020,0,1
2026-09-17T09,74,0,18.9,0,5972,1
2026-09-17T09,74,0,19.0,0,667,1
2026-09-17T09,74,0,19.1,0,1996,2
2026-09-17T09,74,0,19.2,4228,0,1
2026-09-17T09,74,2,23.5,0,6667,2
2026-09-17T09,74,2,23.75,0,13136,2
2026-09-17T09,74,2,24.0,7429,0,1
2026-09-17T10,74,0,18.9,1500,402,2
2026-09-17T10,74,0,19.0,3130,863,2
2026-09-17T10,74,1,22.5,964,0,1
2026-09-17T10,74,2,23.25,0,2000,1
2026-09-17T10,74,2,23.5,10362,2638,2
2026-09-17T10,74,3,24.25,0,9176,1
2026-09-17T10,74,3,24.5,0,40284,2
2026-09-17T10,74,3,24.75,0,15000,1
2026-09-17T11,74,0,18.7,0,281,1
2026-09-17T11,74,0,18.8,0,575,1
2026-09-17T11,74,0,18.9,0,4803,3
2026-09-17T11,74,0,19.0,0,5543,4
2026-09-17T11,74,0,19.1,0,1981,1
2026-09-17T11,74,0,19.2,0,3802,2
2026-09-17T11,74,0,19.3,0,994,1
2026-09-17T11,74,0,19.4,0,1441,2
2026-09-17T11,74,1,22.5,4000,0,1
2026-09-17T11,74,2,23.25,0,1626,1
2026-09-17T11,74,2,23.5,0,9638,1
2026-09-17T11,74,2,23.75,0,10871,2
2026-09-17T11,74,2,24.0,0,13273,3
2026-09-17T11,74,2,24.25,29610,2204,2
2026-09-17T11,74,2,24.5,5897,124390,3
2026-09-17T12,74,0,18.7,0,224,1
2026-09-17T12,74,0,18.8,0,130,1
2026-09-17T12,74,0,18.9,0,2903,3
2026-09-17T12,74,0,19.0,0,5440,1
2026-09-17T12,74,0,19.2,0,902,1
2026-09-17T12,74,0,19.3,0,2129,1
2026-09-17T12,74,0,19.4,0,145,1
2026-09-17T12,74,0,19.5,0,7603,4
2026-09-17T12,74,0,19.6,0,6364,5
2026-09-17T12,74,0,19.7,0,9102,3
2026-09-17T12,74,0,19.8,433,6175,3
2026-09-17T12,74,0,19.9,0,20363,1
2026-09-17T12,74,0,20.0,0,11868,1
2026-09-17T12,74,1,21.25,500,0,1
2026-09-17T12,74,2,24.25,20664,8655,3
2026-09-17T12,74,3,25.0,0,439,1
2026-09-17T12,74,3,25.25,12343,0,1
2026-09-17T12,74,5,25.25,0,7218,1
2026-09-17T13,74,0,19.6,0,501,1
2026-09-17T13,74,0,19.7,0,1315,2
2026-09-17T13,74,0,19.8,0,10443,1
2026-09-17T13,74,0,19.9,0,304,1
2026-09-17T13,74,0,20.0,0,5163,7
2026-09-17T13,74,0,20.25,0,4461,5
2026-09-17T13,74,0,20.5,0,1494,2
2026-09-17T13,74,0,20.75,0,1000,1
2026-09-17T13,74,1,21.25,0,8120,1
2026-09-17T13,74,1,21.5,0,5508,2
2026-09-17T13,74,1,21.75,30492,0,1
2026-09-17T13,74,2,24.75,0,33,1
2026-09-17T13,74,2,25.0,1335,4084,3
2026-09-17T13,74,4,25.25,9674,0,1
2026-09-17T14,74,0,19.5,0,2647,1
2026-09-17T14,74,0,20.0,490,0,1
2026-09-17T14,74,2,24.5,5231,369,2
2026-09-17T14,74,3,24.5,0,3928,1
2026-09-17T14,74,4,24.75,23785,0,1
2026-09-17T15,74,0,19.0,0,5620,1
2026-09-17T15,74,0,19.1,0,955,1
2026-09-17T15,74,0,19.2,0,3438,1
2026-09-17T15,74,0,19.3,0,2590,1
2026-09-17T15,74,0,19.4,0,212,1
2026-09-17T15,74,0,19.5,0,480,2
2026-09-17T15,74,0,19.6,0,1146,2
2026-09-17T15,74,0,19.7,0,1136,2
2026-09-17T15,74,0,19.8,0,788,1
2026-09-17T15,74,0,19.9,0,867,1
2026-09-17T15,74,0,20.0,1630,1350,2
2026-09-17T15,74,0,20.25,0,324,2
2026-09-17T15,74,0,20.5,0,4191,3
2026-09-17T15,74,0,20.75,0,1000,1
2026-09-17T15,74,1,21.0,0,2111,1
2026-09-17T15,74,1,21.25,0,5029,2
2026-09-17T15,74,1,21.5,1818,2182,2
2026-09-17T15,74,1,21.75,3840,0,1
2026-09-17T15,74,2,23.75,9627,96182,2
2026-09-17T15,74,3,24.25,0,3597,1
2026-09-17T15,74,4,24.5,0,100000,1
2026-09-17T16,74,0,19.5,0,20,1
2026-09-17T16,74,0,19.6,0,493,1
2026-09-17T16,74,0,19.7,0,346,1
2026-09-17T16,74,0,19.8,0,65,1
2026-09-17T16,74,0,19.9,0,5784,1
2026-09-17T16,74,0,20.0,8871,0,1
2026-09-17T16,74,1,21.0,0,1326,1
2026-09-17T16,74,1,21.25,0,10831,1
2026-09-17T16,74,1,21.5,0,5426,1
2026-09-17T16,74,1,21.75,6502,0,2
2026-09-17T17,74,0,19.0,0,686,1
2026-09-17T17,74,0,19.4,0,109,1
2026-09-17T17,74,0,19.5,0,643,1
2026-09-17T17,74,0,19.6,0,1964,3
2026-09-17T17,74,0,19.7,0,327,3
2026-09-17T17,74,0,19.8,0,907,1
2026-09-17T17,74,0,19.9,0,84,1
2026-09-17T17,74,0,20.0,365,65,2
2026-09-17T17,74,1,21.5,0,945,1
2026-09-17T17,74,1,21.75,34929,0,2
2026-09-17T17,74,2,23.25,0,10000,1
2026-09-17T17,74,2,23.5,0,2050,1
2026-09-17T17,74,3,24.0,0,10853,1
2026-09-17T17,74,3,24.25,0,10000,1
2026-09-17T17,74,3,24.5,0,16580,1
2026-09-17T17,74,4,24.75,0,17572,1
2026-09-17T17,74,4,25.0,0,100000,1
2026-09-17T17,74,5,25.25,57678,0,1
2026-09-17T18,74,0,19.4,0,7470,1
2026-09-17T18,74,0,19.5,1499,3857,3
2026-09-17T18,74,0,19.6,0,103,1
2026-09-17T18,74,0,19.7,0,252,1
2026-09-17T18,74,0,19.8,0,4981,1
2026-09-17T18,74,0,19.9,0,775,1
2026-09-17T18,74,0,20.0,1347,0,1
2026-09-17T18,74,1,21.75,2495,0,1
2026-09-17T18,74,4,25.0,70566,0,1
2026-09-17T19,74,0,19.5,0,74,1
2026-09-17T19,74,0,19.6,0,772,2
2026-09-17T19,74,0,19.7,0,34,1
2026-09-17T19,74,0,19.8,0,261,1
2026-09-17T19,74,0,19.9,0,1408,1
2026-09-17T19,74,0,20.0,0,415,1
2026-09-17T19,74,0,20.25,0,57,1
2026-09-17T19,74,0,20.5,484,2145,4
2026-09-17T19,74,0,20.75,0,1124,2
2026-09-17T19,74,1,21.0,12675,1010,4
2026-09-17T19,74,2,23.5,996,0,1
2026-09-17T19,74,3,24.5,0,3247,1
2026-09-17T19,74,3,24.75,0,80923,1
2026-09-17T19,74,4,25.0,0,29434,1
2026-09-17T20,74,0,19.9,0,1446,1
2026-09-17T20,74,0,20.0,0,738,2
2026-09-17T20,74,0,20.25,0,52,1
2026-09-17T20,74,0,20.5,0,792,2
2026-09-17T20,74,0,20.75,0,958,1
2026-09-17T20,74,0,21.0,1520,27767,4
2026-09-17T20,74,0,21.25,0,4752,1
2026-09-17T20,74,0,21.5,0,1550,2
2026-09-17T20,74,1,20.5,132,317,2
2026-09-17T20,74,1,20.75,0,7963,1
2026-09-17T20,74,1,21.0,0,1372,1
2026-09-17T20,74,1,21.25,0,17738,2
2026-09-17T20,74,1,21.5,0,16229,3
2026-09-17T20,74,1,21.75,34292,0,3
2026-09-17T20,74,2,22.25,0,1883,2
2026-09-17T20,74,2,22.5,0,10620,1
2026-09-17T20,74,2,22.75,0,4333,1
2026-09-17T20,74,2,23.0,0,5300,1
2026-09-17T20,74,2,23.25,2669,0,1
2026-09-17T20,74,3,23.75,0,1925,1
2026-09-17T20,74,3,25.0,0,4307,1
2026-09-17T20,74,5,25.25,30523,62335,2
2026-09-17T20,74,7,24.0,19089,22440,2
2026-09-17T21,74,0,19.8,0,66,1
2026-09-17T21,74,0,19.9,0,20,1
2026-09-17T21,74,0,20.0,0,48,1
2026-09-17T21,74,0,20.25,0,20,1
2026-09-17T21,74,0,20.5,0,22,1
2026-09-17T21,74,0,20.75,389,1255,3
2026-09-17T21,74,1,21.25,0,555,1
2026-09-17T21,74,1,21.5,0,208,1
2026-09-17T21,74,2,23.0,0,6923,1
2026-09-17T21,74,2,23.25,0,26124,2
2026-09-17T21,74,2,23.5,0,4414,2
2026-09-17T21,74,2,23.75,0,88114,1
2026-09-17T21,74,2,24.0,0,1735,1
2026-09-17T21,74,2,24.25,0,1043,1
2026-09-17T21,74,2,24.5,0,25444,1
2026-09-17T21,74,2,24.75,5505,0,1
2026-09-17T21,74,3,23.0,0,34872,1
2026-09-17T22,74,0,19.0,300,0,1
2026-09-17T22,74,0,20.0,0,411,1
2026-09-17T22,74,0,20.25,0,329,1
2026-09-17T22,74,0,20.5,0,63,1
2026-09-17T22,74,0,20.75,0,1148,1
2026-09-17T22,74,0,21.0,2908,141,2
2026-09-17T22,74,2,24.75,5080,0,1
2026-09-17T23,74,0,18.9,0,88,1
2026-09-17T23,74,0,19.0,0,362,1
2026-09-17T23,74,0,19.9,6900,0,1
2026-09-17T23,74,0,20.5,0,82,1
2026-09-17T23,74,0,20.75,0,486,1
2026-09-17T23,74,0,21.0,977,0,1
2026-09-17T23,74,1,20.0,0,2766,1
2026-09-17T23,74,1,20.25,0,3335,1
2026-09-17T23,74,1,20.5,0,4052,1
2026-09-17T23,74,1,20.75,0,2000,1
2026-09-17T23,74,1,21.0,0,6930,1
2026-09-17T23,74,1,21.75,29058,0,2
2026-09-18T00,74,0,19.5,5500,0,1
2026-09-18T00,74,1,21.5,0,3920,1
2026-09-18T00,74,1,21.75,11780,0,1
2026-09-18T00,74,2,22.0,0,11080,1
2026-09-18T00,74,2,23.5,0,5564,2
2026-09-18T00,74,2,23.75,0,44051,1
2026-09-18T00,74,3,25.0,0,19079,2
2026-09-18T00,74,4,25.25,10961,0,1
2026-09-18T01,74,0,19.3,0,380,1
2026-09-18T01,74,0,19.4,0,2352,4
2026-09-18T01,74,0,19.5,359,3493,3
2026-09-18T01,74,0,19.7,0,1257,2
2026-09-18T01,74,0,19.8,0,359,1
2026-09-18T01,74,0,19.9,0,1058,1
2026-09-18T01,74,0,20.0,0,2499,2
2026-09-18T01,74,0,20.25,1443,0,1
2026-09-18T01,74,1,21.5,0,800,1
2026-09-18T01,74,1,21.75,2834,0,1
2026-09-18T01,74,2,24.0,0,14347,1
2026-09-18T01,74,2,24.25,0,2603,2
2026-09-18T01,74,2,24.5,12588,1157,2
2026-09-18T02,74,0,18.9,0,405,1
2026-09-18T02,74,0,19.0,0,433,1
2026-09-18T02,74,0,20.0,0,5533,1
2026-09-18T02,74,0,20.25,9291,0,1
2026-09-18T02,74,3,24.25,11156,0,2
2026-09-18T03,74,0,19.8,0,91,1
2026-09-18T03,74,0,19.9,968,9,2
2026-09-18T03,74,0,20.0,0,503,1
2026-09-18T03,74,0,20.25,0,3631,2
2026-09-18T03,74,0,20.5,0,4445,2
2026-09-18T03,74,0,20.75,0,6000,1
2026-09-18T03,74,0,21.0,0,2591,2
2026-09-18T03,74,0,21.25,0,20,1
2026-09-18T03,74,0,21.5,0,8358,2
2026-09-18T03,74,1,21.25,4000,1000,2
2026-09-18T03,74,1,21.5,0,1514,2
2026-09-18T03,74,1,21.75,21252,0,3
2026-09-18T04,74,2,23.5,0,11860,1
2026-09-18T04,74,2,23.75,0,3000,1
2026-09-18T05,74,0,19.7,1,1819,2
2026-09-18T05,74,0,19.8,0,130,1
2026-09-18T05,74,0,19.9,0,1056,2
2026-09-18T05,74,2,22.75,0,2214,1
2026-09-18T05,74,2,23.0,0,2634,1
2026-09-18T05,74,2,23.5,0,5414,1
2026-09-18T05,74,2,23.75,0,3365,2
2026-09-18T05,74,2,24.0,0,12078,1
2026-09-18T05,74,2,24.25,0,1195,1
2026-09-18T05,74,3,23.75,0,5190,1
2026-09-18T05,74,3,24.0,0,5947,1
2026-09-18T05,74,3,24.25,0,6790,1
2026-09-18T05,74,3,24.5,35572,15000,2
2026-09-18T06,74,0,18.7,0,690,1
2026-09-18T06,74,0,18.8,0,2613,1
2026-09-18T06,74,0,18.9,0,1490,1
2026-09-18T06,74,0,19.6,0,5507,1
2026-09-18T06,74,0,19.7,0,3782,1
2026-09-18T06,74,0,19.8,0,4141,1
2026-09-18T06,74,0,19.9,0,760,1
2026-09-18T06,74,0,20.0,0,645,1
2026-09-18T06,74,0,20.25,0,9185,1
2026-09-18T06,74,0,20.5,0,828,1
2026-09-18T06,74,0,20.75,2394,0,1
2026-09-18T06,74,1,20.75,0,1272,1
2026-09-18T06,74,1,21.0,16728,0,2
2026-09-18T06,74,2,23.5,0,7230,1
2026-09-18T06,74,2,23.75,0,4000,1
2026-09-18T06,74,3,24.0,1486,619,3
2026-09-18T06,74,3,24.25,0,8724,1
2026-09-18T06,74,7,24.25,0,2447,1
2026-09-18T06,74,7,24.5,8692,0,2
2026-09-18T06,74,11,26.0,850,0,1
2026-09-18T07,74,0,19.6,938,86,2
2026-09-18T07,74,0,19.7,0,356,1
2026-09-18T07,74,0,19.8,0,1123,1
2026-09-18T07,74,0,19.9,174,0,1
2026-09-18T07,74,0,20.0,0,500,1
2026-09-18T07,74,0,20.25,0,4637,2
2026-09-18T07,74,0,20.5,0,2416,1
2026-09-18T07,74,0,20.75,595,1705,2
2026-09-18T07,74,1,21.0,250,5,2
2026-09-18T07,74,1,21.25,1179,5882,5
2026-09-18T07,74,1,21.5,0,19045,2
2026-09-18T07,74,1,21.75,25290,0,2
2026-09-18T07,74,4,25.0,0,8000,1
2026-09-18T07,74,4,25.25,287,0,1
2026-09-18T07,74,7,24.5,10680,40213,2
2026-09-18T08,74,0,19.3,0,468,1
2026-09-18T08,74,0,19.4,0,20000,1
2026-09-18T08,74,0,19.5,0,80,1
2026-09-18T08,74,0,19.6,0,1321,1
2026-09-18T08,74,0,19.7,0,299,1
2026-09-18T09,74,0,19.5,0,73,1
2026-09-18T09,74,1,21.5,385,0,2
2026-09-18T09,74,2,24.0,0,20352,1
2026-09-18T09,74,2,24.25,0,4500,1
2026-09-18T09,74,2,24.5,0,41958,2
2026-09-18T09,74,3,24.5,0,14428,1
2026-09-18T09,74,7,24.5,0,16758,1
2026-09-18T09,74,7,25.0,0,110000,1
2026-09-18T10,74,0,19.0,0,474,1
2026-09-18T10,74,0,19.1,3999,7629,3
2026-09-18T10,74,0,19.2,0,2038,2
2026-09-18T10,74,0,19.3,0,4800,1
2026-09-18T10,74,0,19.4,0,1232,1
2026-09-18T10,74,0,19.5,0,12867,2
2026-09-18T10,74,0,19.6,0,1090,1
2026-09-18T10,74,0,19.7,0,55,2
2026-09-18T10,74,0,19.8,2290,45,3
2026-09-18T10,74,0,19.9,50,0,1
2026-09-18T10,74,1,21.25,0,859,1
2026-09-18T10,74,1,21.5,6791,0,1
2026-09-18T10,74,2,23.5,0,11931,1
2026-09-18T10,74,2,24.25,0,4138,1
2026-09-18T10,74,2,24.5,1302,22835,3
2026-09-18T10,74,3,24.75,14623,0,1
2026-09-18T11,74,0,19.0,0,1098,1
2026-09-18T11,74,0,19.4,0,479,1
2026-09-18T11,74,0,19.5,1,3288,3
2026-09-18T11,74,0,19.6,0,5344,2
2026-09-18T11,74,0,19.7,0,111,1
2026-09-18T11,74,0,19.8,0,311,1
2026-09-18T11,74,0,19.9,0,727,1
2026-09-18T11,74,0,20.0,4988,558,3
2026-09-18T11,74,1,21.5,2000,0,1
2026-09-18T11,74,2,24.25,0,3676,1
2026-09-18T11,74,2,24.5,0,429,1
2026-09-18T11,74,2,24.75,0,34563,1
2026-09-18T11,74,3,24.75,0,16412,1
2026-09-18T11,74,7,25.0,0,12916,1
2026-09-18T12,74,0,19.4,0,5137,1
2026-09-18T12,74,0,19.5,0,617,1
2026-09-18T12,74,0,19.6,0,1,1
2026-09-18T12,74,0,19.7,0,5058,1
2026-09-18T12,74,0,19.8,0,3115,2
2026-09-18T12,74,0,19.9,0,737,2
2026-09-18T12,74,0,20.0,4902,1621,3
2026-09-18T12,74,0,20.5,2206,0,1
2026-09-18T12,74,1,21.0,0,3112,1
2026-09-18T12,74,1,21.25,260,0,1
2026-09-18T12,74,2,24.0,0,3208,1
2026-09-18T12,74,2,24.25,0,85714,1
2026-09-18T12,74,2,24.5,0,8635,1
2026-09-18T12,74,2,24.75,0,69707,2
2026-09-18T12,74,2,25.0,0,8848,2
2026-09-18T12,74,4,25.25,7605,0,1
2026-09-18T13,74,0,19.8,1000,0,1
2026-09-18T13,74,0,19.9,0,114,1
2026-09-18T13,74,0,20.0,0,75,1
2026-09-18T13,74,0,20.25,22373,0,1
2026-09-18T13,74,1,20.75,0,12034,1
2026-09-18T13,74,1,21.0,0,17835,1
2026-09-18T13,74,2,24.0,0,2500,1
2026-09-18T13,74,2,24.25,0,1917,1
2026-09-18T13,74,2,24.5,0,411,1
2026-09-18T13,74,2,24.75,623,0,1
2026-09-18T13,74,3,24.75,0,4692,1
2026-09-18T13,74,4,24.5,0,150000,1
2026-09-18T13,74,4,24.75,0,25179,1
2026-09-18T14,74,0,18.8,0,2045,1
2026-09-18T14,74,0,18.9,0,332,1
2026-09-18T14,74,0,19.0,0,88,1
2026-09-18T14,74,0,19.1,0,223,1
2026-09-18T14,74,0,19.2,0,2883,1
2026-09-18T14,74,0,19.3,0,132,1
2026-09-18T14,74,0,19.4,2074,4094,2
2026-09-18T14,74,1,21.0,0,1348,1
2026-09-18T14,74,1,21.25,0,1109,1
2026-09-18T14,74,1,21.5,0,12908,1
2026-09-18T14,74,2,23.5,0,11259,1
2026-09-18T14,74,2,23.75,0,5000,1
2026-09-18T14,74,2,24.0,0,2500,1
2026-09-18T14,74,2,24.5,0,265,1
2026-09-18T14,74,2,24.75,0,14377,1
2026-09-18T14,74,4,24.75,0,8177,1
2026-09-18T14,74,4,25.0,23785,772,2
2026-09-18T14,74,4,25.25,1510,0,1
2026-09-18T15,74,0,19.4,0,11880,3
2026-09-18T15,74,0,19.5,0,198,1
2026-09-18T15,74,0,19.6,13739,7922,5
2026-09-18T15,74,0,19.7,0,1172,1
2026-09-18T15,74,0,19.8,0,5757,2
2026-09-18T15,74,0,19.9,0,1844,1
2026-09-18T15,74,0,20.0,0,2342,1
2026-09-18T15,74,0,20.25,2802,11044,2
2026-09-18T15,74,1,21.5,1842,34276,3
2026-09-18T16,74,0,19.3,0,386,1
2026-09-18T16,74,0,19.4,0,1240,2
2026-09-18T16,74,0,19.5,0,1623,1
2026-09-18T16,74,0,19.6,0,169,1
2026-09-18T16,74,0,19.7,0,320,2
2026-09-18T16,74,0,19.8,2110,0,1
2026-09-18T16,74,1,21.5,0,1028,1
2026-09-18T16,74,1,21.75,4882,0,1
2026-09-18T17,74,0,19.1,0,719,1
2026-09-18T17,74,0,19.2,0,403,1
2026-09-18T17,74,0,19.3,0,5578,1
2026-09-18T17,74,0,19.4,0,2265,1
2026-09-18T17,74,0,19.5,0,1106,1
2026-09-18T17,74,0,19.6,0,785,2
2026-09-18T17,74,0,19.7,0,2727,3
2026-09-18T17,74,0,19.8,40,2390,3
2026-09-18T17,74,0,19.9,0,125,1
2026-09-18T17,74,1,21.0,0,4312,1
2026-09-18T17,74,1,21.25,0,392,1
2026-09-18T17,74,1,21.5,0,4000,1
2026-09-18T17,74,1,21.75,11596,0,1
2026-09-18T17,74,2,22.75,0,2680,2
2026-09-18T17,74,2,23.0,146,1470,2
2026-09-18T17,74,2,23.25,0,10000,1
2026-09-18T17,74,2,23.5,0,7504,1
2026-09-18T17,74,2,23.75,6000,0,1
2026-09-18T17,74,3,24.25,0,20458,1
2026-09-18T17,74,3,24.5,0,1826,1
2026-09-18T17,74,3,24.75,15360,32544,2
2026-09-18T18,74,0,19.6,0,330,1
2026-09-18T18,74,0,19.7,0,4,1
2026-09-18T18,74,0,19.8,0,5363,2
2026-09-18T18,74,0,19.9,891,431,4
2026-09-18T18,74,0,20.0,376,6793,7
2026-09-18T18,74,0,20.25,0,8645,1
2026-09-18T18,74,1,21.75,14493,0,1
2026-09-18T18,74,2,22.75,0,610,1
2026-09-18T18,74,3,24.25,0,8033,1
2026-09-18T19,74,0,19.5,0,604,1
2026-09-18T19,74,0,19.6,0,246,1
2026-09-18T19,74,1,20.5,1858,0,1
2026-09-18T19,74,2,22.75,0,656,1
2026-09-18T19,74,2,23.0,0,2018,2
2026-09-18T19,74,2,23.25,0,3685,1
2026-09-18T19,74,2,23.5,0,25251,3
2026-09-18T19,74,2,23.75,20788,64236,2
2026-09-18T19,74,2,24.0,0,2500,1
2026-09-18T19,74,3,23.0,0,22602,1
2026-09-18T19,74,3,24.5,3054,0,1
2026-09-18T20,74,0,19.6,1500,368,4
2026-09-18T20,74,0,19.7,1250,4941,4
2026-09-18T20,74,0,19.8,0,1809,2
2026-09-18T20,74,0,19.9,0,1,1
2026-09-18T20,74,0,20.0,0,4617,2
2026-09-18T20,74,0,20.25,0,1023,3
2026-09-18T20,74,0,20.5,0,6714,1
2026-09-18T20,74,0,20.75,0,2261,2
2026-09-18T20,74,0,21.0,7305,2720,3
2026-09-18T20,74,1,20.5,0,18390,1
2026-09-18T20,74,1,20.75,0,18062,1
2026-09-18T20,74,1,21.0,0,10036,2
2026-09-18T20,74,1,21.25,0,3289,1
2026-09-18T20,74,1,21.5,0,20310,2
2026-09-18T20,74,1,21.75,96401,0,1
2026-09-18T21,74,0,20.0,0,96,1
2026-09-18T21,74,0,20.25,4904,0,1
2026-09-18T21,74,1,21.0,0,3506,1
2026-09-18T21,74,1,21.5,2,0,1
2026-09-18T21,74,1,21.75,3494,0,1
2026-09-18T21,74,2,23.5,0,1733,1
2026-09-18T21,74,2,24.25,1882,0,1
2026-09-18T22,74,0,19.0,0,1067,1
2026-09-18T22,74,0,19.5,0,863,1
2026-09-18T22,74,0,19.6,0,14123,2
2026-09-18T22,74,0,19.7,0,1919,1
2026-09-18T22,74,0,19.8,0,1434,1
2026-09-18T22,74,2,23.5,1056,0,1
2026-09-18T22,74,2,23.75,5632,13571,2
2026-09-18T23,74,0,19.7,5788,0,1
2026-09-18T23,74,2,23.5,0,2749,1
2026-09-18T23,74,2,23.75,73352,0,2
2026-09-18T23,74,5,25.25,0,2150,1
2026-09-19T04,74,0,19.5,0,257,1
2026-09-19T04,74,0,19.6,0,221,1
2026-09-19T04,74,0,19.7,0,24237,2
2026-09-19T04,74,0,19.8,0,509,1
2026-09-19T04,74,0,19.9,0,4415,1
2026-09-19T04,74,0,20.0,2774,0,1
2026-09-19T04,74,0,20.25,0,1042,1
2026-09-19T04,74,1,21.25,0,1116,1
2026-09-19T04,74,1,21.5,0,262,1
2026-09-19T04,74,1,21.75,0,176741,2
2026-09-19T04,74,1,22.5,3485,0,1
2026-09-19T04,74,2,23.75,0,5995,1
2026-09-19T04,74,2,24.0,0,1360,1
2026-09-19T04,74,3,24.25,12588,0,1
2026-09-19T04,74,4,24.0,0,24000,1
2026-09-19T05,74,0,19.6,0,4323,1
2026-09-19T05,74,0,19.7,0,1047,2
2026-09-19T05,74,0,19.8,0,1601,1
2026-09-19T05,74,0,19.9,200,405,3
2026-09-19T05,74,0,20.0,10431,0,1
2026-09-19T05,74,2,23.75,0,7178,1
2026-09-19T05,74,5,24.5,0,19514,1
2026-09-19T05,74,7,25.0,21039,0,1
2026-09-19T06,74,3,24.0,0,30405,1
2026-09-19T06,74,4,24.25,80000,20943,2
2026-09-19T06,74,4,24.5,39519,0,1
2026-09-19T07,74,0,18.7,0,7240,1
2026-09-19T07,74,0,18.8,0,266,1
2026-09-19T07,74,0,18.9,0,211,1
2026-09-19T07,74,0,19.0,0,6476,1
2026-09-19T07,74,0,19.1,0,5074,1
2026-09-19T07,74,0,19.2,0,2129,2
2026-09-19T07,74,0,19.3,0,480,2
2026-09-19T07,74,0,19.4,19470,9324,5
2026-09-19T07,74,0,19.5,8824,26064,2
2026-09-19T07,74,1,22.0,0,310,1
2026-09-19T07,74,1,22.25,1000,925,2
2026-09-19T07,74,2,23.75,0,23408,2
2026-09-19T07,74,2,24.0,1628,4881,3
2026-09-19T07,74,2,24.25,12823,14683,4
2026-09-19T07,74,3,24.25,0,54459,2
2026-09-19T07,74,3,24.5,0,16946,1
2026-09-19T07,74,3,24.75,0,25486,1
2026-09-19T07,74,4,24.5,8412,2069,2
2026-09-19T07,74,4,25.0,53407,0,1
2026-09-19T07,74,7,25.0,0,58434,1
2026-09-19T08,74,0,19.5,0,700,1
2026-09-19T08,74,0,19.6,0,1826,2
2026-09-19T08,74,0,19.7,1040,228,2
2026-09-19T08,74,0,19.8,72,9895,3
2026-09-19T08,74,0,19.9,0,2793,1
2026-09-19T08,74,0,20.0,0,23119,6
2026-09-19T08,74,0,20.25,0,2175,2
2026-09-19T08,74,0,20.5,0,1028,2
2026-09-19T08,74,0,20.75,0,1309,3
2026-09-19T08,74,1,22.0,13253,0,1
2026-09-19T09,74,0,19.9,0,886,1
2026-09-19T09,74,0,20.0,0,665,2
2026-09-19T09,74,0,20.25,1084,601,2
2026-09-19T09,74,0,20.5,0,447,2
2026-09-19T09,74,0,20.75,1705,2161,2
2026-09-19T09,74,1,21.75,0,4243,1
2026-09-19T09,74,1,22.0,6567,0,1
2026-09-19T09,74,2,23.75,0,20956,1
2026-09-19T09,74,2,24.0,0,2288,1
2026-09-19T09,74,2,24.25,0,68396,4
2026-09-19T10,74,1,21.5,0,3681,1
2026-09-19T10,74,1,21.75,0,118,1
2026-09-19T10,74,3,24.0,10000,0,1
2026-09-19T11,74,0,18.8,0,5027,1
2026-09-19T11,74,0,18.9,0,316,1
2026-09-19T11,74,0,19.0,0,9684,1
2026-09-19T11,74,0,19.5,0,5000,1
2026-09-19T11,74,0,19.6,493,27182,4
2026-09-19T11,74,0,19.7,0,3253,2
2026-09-19T11,74,0,19.8,0,2690,1
2026-09-19T11,74,0,19.9,891,0,1
2026-09-19T11,74,1,21.75,0,123,1
2026-09-19T11,74,1,22.0,0,4180,1
2026-09-19T11,74,1,22.25,0,4000,1
2026-09-19T11,74,1,22.5,1697,1458,2
2026-09-19T11,74,1,22.75,542,0,1
2026-09-19T11,74,2,23.0,0,4004,1
2026-09-19T11,74,2,23.25,8191,0,1
2026-09-19T11,74,2,23.5,7990,0,1
2026-09-19T12,74,0,19.4,0,1025,1
2026-09-19T12,74,0,19.7,2000,0,1
2026-09-19T12,74,1,22.0,0,3539,1
2026-09-19T12,74,1,22.25,0,112,1
2026-09-19T12,74,1,22.5,0,987,1
2026-09-19T12,74,1,22.75,2374,6419,4
2026-09-19T12,74,2,23.25,0,3736,1
2026-09-19T12,74,2,23.5,0,3,1
2026-09-19T12,74,2,23.75,8103,0,1
2026-09-19T12,74,3,24.0,0,197953,1
2026-09-19T12,74,5,25.25,0,7192,1
2026-09-19T12,74,7,25.0,0,72634,1
2026-09-19T12,74,7,25.5,0,95000,1
2026-09-19T13,74,0,18.8,0,558,1
2026-09-19T13,74,0,18.9,0,985,1
2026-09-19T13,74,0,19.0,0,420,2
2026-09-19T13,74,0,19.1,0,168,1
2026-09-19T13,74,0,19.2,0,283,1
2026-09-19T13,74,0,19.3,0,88,1
2026-09-19T13,74,0,19.4,0,5589,4
2026-09-19T13,74,0,19.5,0,16131,1
2026-09-19T13,74,0,19.6,82,0,1
2026-09-19T13,74,1,22.75,0,11932,1
2026-09-19T13,74,1,23.0,1000,0,1
2026-09-19T13,74,2,23.0,0,6389,1
2026-09-19T13,74,2,23.25,5611,0,1
2026-09-19T14,74,0,19.2,0,101,1
2026-09-19T14,74,0,19.3,0,938,2
2026-09-19T14,74,0,19.4,0,5536,2
2026-09-19T14,74,0,19.5,0,3227,2
2026-09-19T14,74,0,19.6,0,4129,1
2026-09-19T14,74,0,19.7,0,2116,2
2026-09-19T14,74,0,19.8,0,703,1
2026-09-19T14,74,0,19.9,0,3334,3
2026-09-19T14,74,0,20.0,0,2709,3
2026-09-19T14,74,0,20.25,877,1666,4
2026-09-19T14,74,0,20.5,0,357,1
2026-09-19T14,74,0,20.75,0,1045,2
2026-09-19T14,74,0,21.0,277,0,1
2026-09-19T14,74,2,22.75,0,1530,1
2026-09-19T14,74,2,23.0,0,4769,1
2026-09-19T14,74,3,24.25,0,4852,1
2026-09-19T14,74,4,24.75,16820,0,1
2026-09-19T15,74,0,19.6,1437,1445,2
2026-09-19T15,74,0,19.7,0,996,1
2026-09-19T15,74,0,19.8,0,6354,3
2026-09-19T15,74,0,19.9,15056,5648,3
2026-09-19T15,74,1,21.75,787,0,1
2026-09-19T15,74,2,23.0,0,45133,1
2026-09-19T15,74,2,23.25,0,7378,1
2026-09-19T15,74,2,23.5,0,11365,2
2026-09-19T15,74,2,23.75,0,11897,1
2026-09-19T15,74,3,24.25,4084,1641,2
2026-09-19T15,74,3,24.5,0,15307,1
2026-09-19T15,74,3,24.75,0,3618,1
2026-09-19T15,74,4,24.75,0,11685,1
2026-09-19T15,74,7,25.0,7087,0,1
2026-09-19T16,74,0,19.4,0,336,1
2026-09-19T16,74,0,19.5,0,800,3
2026-09-19T16,74,0,19.6,722,10705,4
2026-09-19T16,74,0,19.7,169,3411,2
2026-09-19T16,74,0,19.8,0,285,1
2026-09-19T16,74,0,19.9,10447,0,1
2026-09-19T16,74,2,23.75,0,1348,1
2026-09-19T16,74,2,24.0,0,5000,1
2026-09-19T16,74,2,24.25,0,20907,1
2026-09-19T16,74,2,24.5,41945,0,1
2026-09-19T17,74,0,19.2,0,3110,1
2026-09-19T17,74,0,19.3,0,8551,1
2026-09-19T17,74,0,19.4,0,2180,1
2026-09-19T17,74,0,19.5,0,1140,1
2026-09-19T17,74,0,19.6,0,605,2
2026-09-19T17,74,0,19.7,269,0,1
2026-09-19T17,74,1,20.75,0,526,1
2026-09-19T17,74,1,21.0,0,18520,1
2026-09-19T17,74,1,21.5,0,5224,1
2026-09-19T17,74,1,21.75,1940,0,1
2026-09-19T17,74,2,24.0,19205,63224,2
2026-09-19T17,74,2,24.25,123027,1932,3
2026-09-19T17,74,3,24.25,0,729,1
2026-09-19T17,74,3,24.5,0,2411,1
2026-09-19T17,74,3,24.75,35911,0,1
2026-09-19T18,74,0,19.2,0,853,1
2026-09-19T18,74,0,19.3,0,1276,1
2026-09-19T18,74,0,19.4,0,69,1
2026-09-19T18,74,0,19.5,0,939,2
2026-09-19T18,74,0,19.6,0,3605,2
2026-09-19T18,74,0,19.7,15782,1607,4
2026-09-19T18,74,0,19.8,1216,0,2
2026-09-19T18,74,1,21.75,3450,74,3
2026-09-19T18,74,2,24.0,27,554,2
2026-09-19T18,74,2,24.25,0,67010,1
2026-09-19T18,74,3,24.5,0,19468,1
2026-09-19T18,74,4,24.75,4735,0,1
2026-09-19T19,74,0,19.5,300,0,1
2026-09-19T19,74,1,21.25,0,3563,1
2026-09-19T19,74,1,21.5,0,2051,1
2026-09-19T19,74,1,21.75,7327,0,1
2026-09-19T19,74,2,23.75,0,269,1
2026-09-19T19,74,2,24.0,0,157,1
2026-09-19T19,74,2,24.25,1857,4635,3
2026-09-19T19,74,2,24.5,0,3055,1
2026-09-19T19,74,3,24.75,0,15478,1
2026-09-19T19,74,4,24.75,840,52294,2
2026-09-19T19,74,7,24.0,19572,6559,2
2026-09-19T19,74,7,25.0,2138,0,1
2026-09-19T20,74,0,19.1,0,88,1
2026-09-19T20,74,0,19.2,0,100,1
2026-09-19T20,74,0,19.3,0,390,1
2026-09-19T20,74,0,19.4,0,5126,1
2026-09-19T20,74,0,19.5,0,502,1
2026-09-19T20,74,0,19.6,0,1871,1
2026-09-19T20,74,0,19.7,0,496,2
2026-09-19T20,74,0,19.8,0,9392,1
2026-09-19T20,74,0,19.9,0,7816,1
2026-09-19T20,74,0,20.0,0,2393,2
2026-09-19T20,74,0,20.25,0,6799,2
2026-09-19T20,74,0,20.5,0,4537,5
2026-09-19T20,74,0,20.75,411,12572,8
2026-09-19T20,74,0,21.0,12906,5130,4
2026-09-19T20,74,1,21.75,0,11422,1
2026-09-19T20,74,1,22.0,0,2093,1
2026-09-19T20,74,1,22.5,0,14704,1
2026-09-19T20,74,1,23.0,4690,0,1
2026-09-19T21,74,2,23.0,0,551,1
2026-09-19T21,74,2,23.25,0,490,1
2026-09-19T21,74,10,27.0,0,1000000,1
2026-09-19T21,74,10,28.0,0,1000000,1
2026-09-19T21,74,10,29.0,0,1000000,1
2026-09-19T21,74,10,30.0,0,1000000,1
2026-09-19T21,74,10,31.0,0,1000000,1
2026-09-19T21,74,10,32.0,0,1000000,1
2026-09-19T22,74,0,19.4,0,895,1
2026-09-19T22,74,0,19.5,185,1290,3
2026-09-19T22,74,0,19.6,310,0,1
2026-09-19T22,74,2,23.25,0,1086,1
2026-09-19T22,74,2,23.5,1464,1771,2
2026-09-19T22,74,3,23.75,6199,0,1
2026-09-19T23,74,0,19.0,0,2000,1
2026-09-20T00,74,0,18.9,0,723,2
2026-09-20T00,74,0,19.0,0,1097,1
2026-09-20T00,74,0,19.1,0,500,1
2026-09-20T00,74,0,19.2,0,912,2
2026-09-20T00,74,0,19.3,156,0,1
2026-09-20T00,74,0,19.4,0,1000,1
2026-09-20T00,74,0,19.5,0,399,1
2026-09-20T00,74,0,19.6,2599,17024,2
2026-09-20T00,74,1,21.0,0,10,1
2026-09-20T00,74,1,21.25,13990,0,1
2026-09-20T00,74,3,23.75,10504,16951,2
2026-09-20T01,74,0,19.1,0,233,1
2026-09-20T01,74,0,19.2,0,112,1
2026-09-20T01,74,0,19.3,0,464,2
2026-09-20T01,74,0,19.4,0,46,1
2026-09-20T01,74,2,22.5,0,25850,1
2026-09-20T01,74,2,22.75,0,9354,2
2026-09-20T01,74,2,23.0,0,10130,1
2026-09-20T01,74,2,23.25,3130,2319,2
2026-09-20T01,74,3,23.5,0,15000,1
2026-09-20T01,74,3,23.75,0,5210,1
2026-09-20T01,74,3,24.25,0,12024,1
2026-09-20T01,74,3,24.5,0,10025,2
2026-09-20T01,74,5,24.75,30486,0,1
2026-09-20T02,74,0,19.0,0,55,1
2026-09-20T02,74,0,19.1,0,638,1
2026-09-20T02,74,0,19.2,0,1475,2
2026-09-20T02,74,0,19.3,0,490,2
2026-09-20T02,74,0,19.4,0,4680,3
2026-09-20T02,74,0,19.5,0,1162,1
2026-09-20T02,74,1,20.0,0,6970,1
2026-09-20T02,74,1,21.25,18030,657,2
2026-09-20T02,74,1,22.0,8517,375,2
2026-09-20T02,74,2,23.25,4748,566,2
2026-09-20T03,74,0,18.9,0,3964,1
2026-09-20T03,74,0,19.0,0,34,1
2026-09-20T03,74,0,19.1,0,159,2
2026-09-20T03,74,0,19.2,0,974,2
2026-09-20T03,74,0,19.3,2584,0,1
2026-09-20T03,74,2,23.0,0,6565,1
2026-09-20T03,74,2,23.25,0,14219,1
2026-09-20T03,74,2,23.5,0,3695,2
2026-09-20T03,74,2,23.75,4646,440,2
2026-09-20T03,74,2,24.0,0,3500,1
2026-09-20T03,74,3,24.25,3488,0,1
2026-09-20T04,74,0,19.1,600,12548,2
2026-09-20T04,74,0,19.2,0,226,2
2026-09-20T04,74,0,19.3,1862,1079,6
2026-09-20T04,74,0,19.4,0,477,1
2026-09-20T04,74,0,19.5,0,15180,2
2026-09-20T04,74,0,19.6,224,0,1
2026-09-20T04,74,1,21.75,0,3570,1
2026-09-20T04,74,1,22.0,1637,0,1
2026-09-20T05,74,0,19.4,0,737,1
2026-09-20T05,74,0,19.5,0,2955,2
2026-09-20T05,74,0,19.6,569,639,2
2026-09-20T05,74,0,19.7,0,4476,2
2026-09-20T05,74,0,19.8,0,1791,2
2026-09-20T05,74,0,19.9,0,1410,5
2026-09-20T05,74,0,20.0,0,2512,4
2026-09-20T05,74,0,20.25,0,2032,2
2026-09-20T05,74,0,20.5,0,600,2
2026-09-20T05,74,0,20.75,250,2471,2
2026-09-20T05,74,0,21.0,1477,3565,2
2026-09-20T05,74,2,23.75,0,12139,1
2026-09-20T05,74,7,24.0,0,48627,1
2026-09-20T06,74,0,19.5,0,919,1
2026-09-20T06,74,0,20.25,0,337,1
2026-09-20T06,74,0,20.5,281,0,1
2026-09-20T06,74,2,23.75,0,19805,2
2026-09-20T06,74,3,23.75,0,6304,2
2026-09-20T06,74,3,24.0,0,4108,1
2026-09-20T06,74,3,24.25,4420,0,1
2026-09-20T06,74,7,24.0,0,10592,1
2026-09-20T07,74,0,19.9,0,200,1
2026-09-20T07,74,0,20.0,1729,2019,3
2026-09-20T07,74,0,20.25,1571,7077,2
2026-09-20T07,74,0,20.5,0,1021,1
2026-09-20T07,74,0,20.75,105,2608,3
2026-09-20T07,74,1,21.25,841,33,2
2026-09-20T07,74,1,21.5,0,2598,1
2026-09-20T07,74,1,21.75,0,1402,1
2026-09-20T07,74,1,22.0,0,45837,1
2026-09-20T07,74,3,24.0,0,137,1
2026-09-20T08,74,0,19.7,0,1039,1
2026-09-20T08,74,0,19.8,0,100,1
2026-09-20T08,74,0,19.9,0,1601,1
2026-09-20T08,74,0,20.0,0,9774,1
2026-09-20T08,74,0,20.25,1066,3061,2
2026-09-20T08,74,0,20.75,8600,0,1
2026-09-20T08,74,2,22.5,0,11537,1
2026-09-20T08,74,4,23.25,0,15505,1
2026-09-20T08,74,7,23.5,17761,0,2
2026-09-20T09,74,0,19.2,0,261,1
2026-09-20T09,74,0,19.3,0,376,1
2026-09-20T09,74,0,19.4,0,494,1
2026-09-20T09,74,0,19.5,19,0,1
2026-09-20T09,74,5,24.75,50000,0,1
2026-09-20T09,74,7,23.5,57607,74632,3
2026-09-20T10,74,0,19.1,0,2214,1
2026-09-20T10,74,0,19.2,0,1169,1
2026-09-20T10,74,0,19.3,0,1345,2
2026-09-20T10,74,0,19.4,0,1918,2
2026-09-20T10,74,0,19.5,1204,0,1
2026-09-20T10,74,2,23.25,0,1117,1
2026-09-20T10,74,2,23.5,0,2651,1
2026-09-20T10,74,2,23.75,0,3214,1
2026-09-20T10,74,2,24.0,0,13715,3
2026-09-20T10,74,2,24.25,0,12090,1
2026-09-20T10,74,3,24.0,0,8735,1
2026-09-20T10,74,3,24.25,0,7092,1
2026-09-20T10,74,3,24.5,33339,0,1
2026-09-20T11,74,0,18.8,0,1000,1
2026-09-20T11,74,0,19.5,0,3790,1
2026-09-20T11,74,0,19.7,0,326,1
2026-09-20T11,74,0,19.8,0,85,1
2026-09-20T11,74,0,19.9,563,347,4
2026-09-20T11,74,2,23.25,0,10000,1
2026-09-20T11,74,3,23.5,5000,0,1
2026-09-20T11,74,4,24.5,0,62854,1
2026-09-20T11,74,5,24.75,0,49514,1
2026-09-20T12,74,0,18.7,0,36,1
2026-09-20T12,74,0,18.8,0,355,2
2026-09-20T12,74,0,18.9,1,6093,3
2026-09-20T12,74,0,19.0,0,1139,2
2026-09-20T12,74,0,19.7,0,2093,2
2026-09-20T12,74,0,19.8,0,3410,1
2026-09-20T12,74,1,21.25,141,0,1
2026-09-20T12,74,2,23.0,0,1178,1
2026-09-20T12,74,3,23.5,25709,0,1
2026-09-20T13,74,0,18.7,0,2537,1
2026-09-20T13,74,0,18.8,0,3539,1
2026-09-20T13,74,0,18.9,0,1876,2
2026-09-20T13,74,0,19.0,0,27,1
2026-09-20T13,74,0,19.3,0,1053,1
2026-09-20T13,74,0,19.4,0,210,1
2026-09-20T13,74,0,19.5,400,0,1
2026-09-20T14,74,0,18.6,0,1544,1
2026-09-20T14,74,0,18.7,0,1729,1
2026-09-20T14,74,0,18.8,0,596,1
2026-09-20T14,74,0,18.9,0,1269,2
2026-09-20T14,74,0,19.0,0,348,2
2026-09-20T14,74,0,19.4,0,214,1
2026-09-20T14,74,0,19.5,0,650,1
2026-09-20T14,74,0,19.6,0,1400,1
2026-09-20T14,74,0,19.7,0,6132,1
2026-09-20T14,74,0,19.8,1674,0,2
2026-09-20T14,74,1,20.75,0,154,1
2026-09-20T14,74,1,21.0,0,2500,1
2026-09-20T14,74,1,21.25,0,3747,1
2026-09-20T14,74,1,21.5,0,2931,2
2026-09-20T14,74,1,21.75,0,8313,2
2026-09-20T14,74,1,22.0,0,32037,2
2026-09-20T14,74,1,22.25,0,2598,1
2026-09-20T14,74,1,22.5,12373,3266,3
2026-09-20T14,74,1,22.75,0,3444,1
2026-09-20T14,74,2,22.75,0,1173,2
2026-09-20T14,74,2,23.0,700,20174,4
2026-09-20T14,74,2,23.25,0,32403,3
2026-09-20T14,74,2,23.5,9983,1157,2
2026-09-20T14,74,3,23.5,0,82832,1
2026-09-20T14,74,3,23.75,3654,4841,2
2026-09-20T14,74,3,24.0,0,1055,1
2026-09-20T14,74,4,24.0,0,100000,1
2026-09-20T14,74,7,24.0,0,42282,1
2026-09-20T15,74,0,19.1,0,3564,1
2026-09-20T15,74,0,19.2,0,1,1
2026-09-20T15,74,0,19.3,0,1156,2
2026-09-20T15,74,0,19.4,0,2208,3
2026-09-20T15,74,0,19.5,1000,4142,4
2026-09-20T15,74,0,19.6,2546,1030,3
2026-09-20T15,74,2,23.5,0,5017,1
2026-09-20T16,74,0,19.0,0,332,1
2026-09-20T16,74,0,19.2,0,2608,1
2026-09-20T16,74,0,19.4,0,874,1
2026-09-20T16,74,0,19.5,0,27,1
2026-09-20T16,74,0,19.6,0,10040,2
2026-09-20T16,74,2,23.5,254,0,1
2026-09-20T16,74,3,24.0,0,18844,2
2026-09-20T17,74,0,19.0,0,11,1
2026-09-20T17,74,0,19.3,0,22496,2
2026-09-20T17,74,0,19.4,0,2267,1
2026-09-20T17,74,0,19.5,2172,853,3
2026-09-20T17,74,0,19.6,0,2913,2
2026-09-20T17,74,0,19.7,4092,0,1
2026-09-20T17,74,1,21.5,9808,0,1
2026-09-20T17,74,1,21.75,500,0,1
2026-09-20T17,74,1,22.5,2326,1196,2
2026-09-20T17,74,2,23.0,0,272,1
2026-09-20T17,74,2,23.25,0,10000,1
2026-09-20T17,74,2,23.5,3951,0,1
2026-09-20T17,74,3,21.5,0,10492,1
2026-09-20T18,74,0,19.1,0,934,1
2026-09-20T18,74,0,19.2,0,204,1
2026-09-20T18,74,0,19.3,620,7061,3
2026-09-20T18,74,0,19.4,0,4304,3
2026-09-20T18,74,0,19.5,5342,7109,4
2026-09-20T18,74,0,19.6,0,2855,3
2026-09-20T18,74,0,19.7,537,6269,5
2026-09-20T18,74,1,21.5,0,4557,1
2026-09-20T18,74,1,21.75,0,297,1
2026-09-20T18,74,1,22.0,0,4445,1
2026-09-20T18,74,1,22.25,0,3050,1
2026-09-20T18,74,1,22.5,5937,0,2
2026-09-20T18,74,2,23.0,0,845,1
2026-09-20T18,74,2,23.25,0,10792,1
2026-09-20T18,74,2,23.5,0,2997,1
2026-09-20T18,74,2,23.75,0,21819,3
2026-09-20T18,74,3,24.0,0,3242,1
2026-09-20T18,74,3,24.25,0,20000,1
2026-09-20T18,74,3,24.5,0,106661,2
2026-09-20T18,74,4,24.0,691,49309,2
2026-09-20T18,74,4,24.75,4369,0,1
2026-09-20T18,74,5,24.75,0,7220,1
2026-09-20T19,74,0,19.5,0,137,1
2026-09-20T19,74,0,19.6,0,1078,2
2026-09-20T19,74,0,19.7,0,3329,2
2026-09-20T19,74,0,19.8,0,870,3
2026-09-20T19,74,0,19.9,3600,5115,4
2026-09-20T19,74,1,19.7,0,18,1
2026-09-20T19,74,1,22.0,0,2224,1
2026-09-20T19,74,1,22.25,0,540,1
2026-09-20T19,74,1,22.5,1540,26989,5
2026-09-20T19,74,1,22.75,0,2094,1
2026-09-20T19,74,1,23.0,5377,0,2
2026-09-20T19,74,2,23.0,0,7480,1
2026-09-20T19,74,2,23.25,0,8305,1
2026-09-20T20,74,0,19.0,0,97,1
2026-09-20T20,74,0,19.3,0,585,1
2026-09-20T20,74,0,19.4,0,1261,1
2026-09-20T20,74,0,19.5,0,291,2
2026-09-20T20,74,0,19.6,0,4258,2
2026-09-20T20,74,0,19.7,0,3610,1
2026-09-20T20,74,0,19.8,0,1288,1
2026-09-20T20,74,0,19.9,0,4588,3
2026-09-20T20,74,0,20.0,26157,49587,11
2026-09-20T20,74,1,19.5,0,2314,1
2026-09-20T20,74,2,22.25,0,26259,1
2026-09-20T20,74,10,25.0,12750,0,1
2026-09-20T21,74,0,20.25,534,0,1
2026-09-20T21,74,2,22.0,0,14796,1
2026-09-20T22,74,0,19.5,0,18,1
2026-09-20T22,74,0,19.6,0,614,1
2026-09-20T22,74,0,19.7,0,18,1
2026-09-20T22,74,0,19.8,0,650,1
2026-09-20T22,74,0,19.9,0,19,1
2026-09-20T22,74,0,20.0,594,906,3
2026-09-20T22,74,1,21.75,0,4179,1
2026-09-20T22,74,2,21.75,0,621,1
2026-09-20T22,74,2,22.0,1110,0,1
2026-09-20T22,74,3,24.25,1540,0,1
2026-09-20T22,74,4,24.5,16454,0,1
2026-09-20T22,74,7,24.0,0,15251,1
2026-09-20T23,74,0,18.9,0,74,1
2026-09-20T23,74,0,19.0,0,1018,1
2026-09-20T23,74,0,19.3,113,0,1
2026-09-20T23,74,2,22.0,0,9752,1
2026-09-20T23,74,2,22.25,0,149,1
2026-09-20T23,74,2,22.5,0,4293,1
2026-09-20T23,74,3,24.25,0,13460,1
2026-09-20T23,74,4,24.5,38173,0,1
2026-09-21T00,74,0,19.1,300,2451,2
2026-09-21T00,74,0,19.2,0,681,1
2026-09-21T00,74,0,19.3,78,512,2
2026-09-21T00,74,0,19.4,0,2000,1
2026-09-21T00,74,0,19.5,0,1247,1
2026-09-21T00,74,1,19.9,6103,1499,2
2026-09-21T00,74,3,24.5,0,12791,1
2026-09-21T00,74,4,24.5,27583,17790,2
2026-09-21T00,74,4,24.75,9084,0,1
2026-09-21T00,74,5,24.75,0,2607,1
2026-09-21T01,74,0,18.8,0,1163,1
2026-09-21T01,74,0,18.9,0,53,1
2026-09-21T01,74,0,19.0,0,1266,1
2026-09-21T01,74,0,19.1,0,2400,1
2026-09-21T01,74,0,19.2,0,952,1
2026-09-21T01,74,0,19.3,0,149,2
2026-09-21T01,74,0,19.4,1082,0,1
2026-09-21T01,74,1,21.0,71,0,1
2026-09-21T01,74,2,22.0,0,20805,1
2026-09-21T01,74,2,22.5,0,41471,1
2026-09-21T01,74,2,22.75,0,154,1
2026-09-21T01,74,2,23.0,0,1000,1
2026-09-21T01,74,2,23.25,0,15942,2
2026-09-21T01,74,2,23.5,0,729,1
2026-09-21T01,74,2,23.75,0,20000,1
2026-09-21T01,74,2,24.0,21704,4000,2
2026-09-21T01,74,3,24.5,0,9342,1
2026-09-21T01,74,4,24.75,5658,0,1
2026-09-21T02,74,0,19.4,0,2165,1
2026-09-21T02,74,0,19.6,0,411,1
2026-09-21T02,74,0,19.7,0,1262,3
2026-09-21T02,74,0,19.8,0,1016,2
2026-09-21T02,74,0,19.9,336,513,2
2026-09-21T02,74,0,20.0,0,2289,2
2026-09-21T02,74,0,20.25,1649,6956,7
2026-09-21T02,74,4,24.75,0,105889,2
2026-09-21T03,74,0,19.8,0,24,1
2026-09-21T03,74,0,19.9,0,9,1
2026-09-21T03,74,1,20.75,0,5000,1
2026-09-21T03,74,1,21.0,0,9929,1
2026-09-21T03,74,1,21.25,0,2591,1
2026-09-21T03,74,2,23.0,0,7400,2
2026-09-21T03,74,2,23.25,18857,29615,2
2026-09-21T03,74,2,23.5,0,98,1
2026-09-21T03,74,2,23.75,2236,0,1
2026-09-21T04,74,0,19.4,0,2730,2
2026-09-21T04,74,0,19.5,116,1685,3
2026-09-21T04,74,0,19.6,700,0,1
2026-09-21T04,74,1,21.25,12000,0,1
2026-09-21T05,74,0,18.9,0,2473,1
2026-09-21T05,74,0,19.0,0,563,1
2026-09-21T05,74,0,19.3,0,4463,1
2026-09-21T05,74,0,19.4,9457,3797,2
2026-09-21T05,74,0,19.5,5311,3384,3
2026-09-21T05,74,0,19.6,0,983,2
2026-09-21T05,74,0,19.7,0,21356,2
2026-09-21T05,74,0,19.8,0,18,1
2026-09-21T05,74,0,19.9,246,0,1
2026-09-21T05,74,1,20.75,0,7779,1
2026-09-21T05,74,3,23.25,35000,26240,2
2026-09-21T05,74,7,23.5,43708,0,2
2026-09-21T06,74,0,19.0,0,391,1
2026-09-21T06,74,0,19.2,0,615,1
2026-09-21T06,74,0,19.4,0,1000,1
2026-09-21T06,74,0,19.5,0,1312,1
2026-09-21T06,74,0,19.6,250,11,2
2026-09-21T06,74,0,19.9,0,253,1
2026-09-21T06,74,0,20.0,588,499,3
2026-09-21T06,74,2,22.0,0,7273,1
2026-09-21T06,74,2,22.25,4000,2771,2
2026-09-21T06,74,2,22.5,0,5083,1
2026-09-21T06,74,3,23.5,30292,0,1
2026-09-21T06,74,7,23.5,1000,30292,2
2026-09-21T06,74,10,25.0,170,0,1
2026-09-21T07,74,0,19.8,250,2932,2
2026-09-21T07,74,0,19.9,0,26,1
2026-09-21T07,74,0,20.0,0,7033,1
2026-09-21T07,74,1,20.75,0,5296,1
2026-09-21T07,74,1,21.0,0,598,1
2026-09-21T07,74,1,21.25,0,1114,1
2026-09-21T07,74,1,21.5,6255,0,1
2026-09-21T07,74,2,22.5,8915,0,2
2026-09-21T07,74,7,24.0,30000,0,1
2026-09-21T08,74,0,19.4,0,687,2
2026-09-21T08,74,0,19.5,1948,229,3
2026-09-21T08,74,1,21.5,388,0,1
2026-09-21T08,74,2,22.5,0,16085,2
2026-09-21T08,74,2,23.0,14654,1877,2
2026-09-21T08,74,3,22.75,0,451,1
2026-09-21T08,74,3,23.0,0,8973,1
2026-09-21T08,74,4,23.75,0,9374,1
2026-09-21T08,74,7,24.0,0,386,1
2026-09-21T08,74,10,25.0,49388,0,1
2026-09-21T09,74,0,19.5,0,3494,1
2026-09-21T09,74,0,19.6,0,1416,1
2026-09-21T09,74,0,19.7,0,2616,1
2026-09-21T09,74,0,19.8,0,631,2
2026-09-21T09,74,0,19.9,0,5849,1
2026-09-21T09,74,0,20.0,0,279,1
2026-09-21T09,74,0,20.25,4403,318,2
2026-09-21T09,74,1,20.5,0,3000,1
2026-09-21T09,74,2,22.5,0,3040,1
2026-09-21T09,74,2,23.0,0,8640,1
2026-09-21T09,74,2,23.25,5716,3557,2
2026-09-21T09,74,3,22.5,0,2,1
2026-09-21T09,74,3,22.75,0,495,1
2026-09-21T09,74,3,23.0,5114,0,1
2026-09-21T09,74,3,23.25,0,4587,1
2026-09-21T10,74,0,19.1,0,231,2
2026-09-21T10,74,0,19.2,0,428,1
2026-09-21T10,74,0,19.3,0,159,1
2026-09-21T10,74,0,19.4,0,13839,1
2026-09-21T10,74,0,19.5,717,14710,4
2026-09-21T10,74,0,19.6,0,1152,1
2026-09-21T10,74,0,19.7,0,1951,1
2026-09-21T10,74,1,20.5,0,152632,2
2026-09-21T10,74,1,20.75,630,6,2
2026-09-21T10,74,1,21.0,0,1560,1
2026-09-21T10,74,1,21.25,0,696,1
2026-09-21T10,74,1,21.5,0,24807,2
2026-09-21T10,74,1,21.75,0,122210,1
2026-09-21T11,74,0,19.5,0,405,1
2026-09-21T11,74,0,19.7,0,35,2
2026-09-21T11,74,0,19.8,0,360,1
2026-09-21T11,74,0,19.9,1274,1339,3
2026-09-21T11,74,0,20.0,440,8046,7
2026-09-21T11,74,0,20.25,256,13148,6
2026-09-21T11,74,0,20.5,1016,0,1
2026-09-21T11,74,2,22.5,0,18927,1
2026-09-21T11,74,2,22.75,0,15000,1
2026-09-21T11,74,2,23.0,0,4402,2
2026-09-21T11,74,2,23.25,0,2077,1
2026-09-21T11,74,3,23.0,0,18028,1
2026-09-21T11,74,3,23.5,0,25456,1
2026-09-21T11,74,3,23.75,0,20000,1
2026-09-21T12,74,0,19.1,0,1431,1
2026-09-21T12,74,0,19.2,0,55,1
2026-09-21T12,74,0,19.3,0,1320,2
2026-09-21T12,74,0,19.4,1481,8405,4
2026-09-21T12,74,0,19.5,2538,778,3
2026-09-21T12,74,0,19.6,0,1633,1
2026-09-21T12,74,0,19.8,0,2126,1
2026-09-21T12,74,0,19.9,0,801,1
2026-09-21T12,74,0,20.25,0,5000,1
2026-09-21T12,74,0,20.5,0,5010,4
2026-09-21T12,74,0,20.75,1923,0,1
2026-09-21T12,74,2,22.25,0,1155,1
2026-09-21T12,74,2,22.5,0,6279,1
2026-09-21T12,74,3,24.0,0,4192,1
2026-09-21T13,74,0,19.4,1090,0,1
2026-09-21T13,74,0,19.5,0,2088,1
2026-09-21T13,74,0,19.6,0,20,1
2026-09-21T13,74,0,20.5,0,7346,2
2026-09-21T13,74,0,20.75,1971,3513,2
2026-09-21T13,74,1,21.5,1500,0,1
2026-09-21T13,74,2,23.0,17279,27,3
2026-09-21T13,74,2,23.5,0,4438,1
2026-09-21T14,74,0,18.8,0,2440,1
2026-09-21T14,74,0,18.9,0,85,2
2026-09-21T14,74,0,19.0,10000,10000,2
2026-09-21T14,74,1,21.25,0,252,1
2026-09-21T14,74,1,21.5,0,3372,1
2026-09-21T14,74,1,21.75,2374,0,1
2026-09-21T14,74,2,23.25,5342,4641,2
2026-09-21T14,74,2,23.5,0,1222,2
2026-09-21T14,74,3,23.75,0,4919,1
2026-09-21T14,74,3,24.0,568,0,1
2026-09-21T14,74,10,25.0,40000,0,1
2026-09-21T15,74,0,19.1,0,220,1
2026-09-21T15,74,0,19.2,0,1000,1
2026-09-21T15,74,0,19.3,0,418,1
2026-09-21T15,74,0,19.4,0,10901,2
2026-09-21T15,74,0,19.5,0,466,1
2026-09-21T15,74,0,19.6,0,160,1
2026-09-21T15,74,0,19.7,0,1022,1
2026-09-21T15,74,0,19.8,0,550,2
2026-09-21T15,74,0,19.9,0,5487,2
2026-09-21T15,74,0,20.0,0,3783,3
2026-09-21T15,74,0,20.25,0,12395,2
2026-09-21T15,74,0,20.5,539,3433,4
2026-09-21T15,74,0,20.75,2118,0,1
2026-09-21T15,74,1,20.5,0,4239,1
2026-09-21T15,74,1,20.75,0,4050,2
2026-09-21T15,74,1,21.0,0,3645,2
2026-09-21T15,74,1,21.25,0,800,1
2026-09-21T15,74,1,21.5,0,22,1
2026-09-21T15,74,1,21.75,12186,12959,3
2026-09-21T15,74,1,22.0,1186,0,1
2026-09-21T15,74,2,23.75,637,0,1
2026-09-21T15,74,3,23.75,0,97312,1
2026-09-21T15,74,3,24.0,0,8432,1
2026-09-21T15,74,4,24.25,0,100000,1
2026-09-21T16,74,0,19.3,0,334,1
2026-09-21T16,74,0,19.4,0,190,1
2026-09-21T16,74,0,19.5,0,294,1
2026-09-21T16,74,0,19.6,0,73,1
2026-09-21T16,74,0,19.7,0,768,1
2026-09-21T16,74,0,19.8,0,130,1
2026-09-21T16,74,0,19.9,1485,0,1
2026-09-21T16,74,1,22.0,0,7814,1
2026-09-21T16,74,1,22.25,0,631,1
2026-09-21T16,74,2,23.0,0,66,1
2026-09-21T16,74,2,23.25,0,3662,2
2026-09-21T16,74,2,23.75,4756,1127,2
2026-09-21T16,74,3,24.25,2500,0,1
2026-09-21T16,74,4,24.25,0,80836,1
2026-09-21T16,74,7,24.0,0,68782,1
2026-09-21T17,74,0,19.3,400,0,1
2026-09-21T17,74,0,19.9,0,1463,2
2026-09-21T17,74,0,20.0,11065,0,3
2026-09-21T17,74,1,19.9,0,3502,1
2026-09-21T17,74,1,22.75,0,7173,1
2026-09-21T17,74,1,23.0,0,1277,1
2026-09-21T17,74,1,23.25,8901,20207,4
2026-09-21T17,74,1,23.5,293,0,1
2026-09-21T17,74,2,23.5,0,1304,1
2026-09-21T17,74,2,23.75,0,720,2
2026-09-21T17,74,3,24.0,16199,0,1
2026-09-21T18,74,0,19.2,0,8885,2
2026-09-21T18,74,0,19.3,0,79,1
2026-09-21T18,74,0,19.4,0,460,2
2026-09-21T18,74,0,19.5,0,279,1
2026-09-21T18,74,0,19.6,0,1868,1
2026-09-21T18,74,0,19.7,0,1501,3
2026-09-21T18,74,0,19.8,0,89,1
2026-09-21T18,74,0,20.0,1393,1335,4
2026-09-21T18,74,0,20.25,0,1591,1
2026-09-21T18,74,0,20.5,0,619,1
2026-09-21T18,74,0,20.75,4108,18019,6
2026-09-21T18,74,0,21.0,0,1594,3
2026-09-21T18,74,0,21.25,0,2317,2
2026-09-21T18,74,0,21.5,0,3420,2
2026-09-21T18,74,0,21.75,0,5088,2
2026-09-21T18,74,0,22.0,1444,0,1
2026-09-21T18,74,1,22.75,11315,0,2
2026-09-21T18,74,2,22.0,40000,0,1
2026-09-21T18,74,2,22.75,0,490,1
2026-09-21T19,74,2,21.5,0,1740,1
2026-09-21T19,74,2,21.75,0,7000,1
2026-09-21T19,74,2,22.0,0,27824,1
2026-09-21T19,74,2,22.5,0,3801,2
2026-09-21T19,74,2,22.75,0,18657,2
2026-09-21T19,74,2,23.0,0,3765,1
2026-09-21T19,74,2,23.75,0,377,1
2026-09-21T19,74,2,24.0,90000,123554,2
2026-09-21T19,74,2,24.25,0,8740,1
2026-09-21T19,74,3,23.75,0,1545,1
2026-09-21T19,74,3,24.0,0,3653,2
2026-09-21T19,74,3,24.25,13121,18774,5
2026-09-21T19,74,4,24.0,0,50000,1
2026-09-21T19,74,4,24.5,56734,0,2
2026-09-21T20,74,0,19.6,0,756,1
2026-09-21T20,74,0,19.7,0,1045,1
2026-09-21T20,74,0,19.8,0,33,1
2026-09-21T20,74,0,19.9,0,2134,1
2026-09-21T20,74,0,20.0,5964,0,2
2026-09-21T20,74,1,22.5,5,3792,2
2026-09-21T20,74,1,22.75,22931,0,1
2026-09-21T20,74,2,23.75,0,865,1
2026-09-21T20,74,2,24.0,0,19624,3
2026-09-21T20,74,2,24.25,10971,1998,2
2026-09-21T20,74,3,24.25,1979,3184,2
2026-09-21T20,74,4,24.5,16200,0,1
2026-09-21T21,74,0,18.8,0,19,1
2026-09-21T21,74,0,18.9,0,227,1
2026-09-21T21,74,0,19.0,0,519,1
2026-09-21T21,74,0,19.1,0,744,1
2026-09-21T21,74,0,19.3,0,124,1
2026-09-21T21,74,0,19.4,0,6271,1
2026-09-21T21,74,0,19.5,0,2759,1
2026-09-21T21,74,0,19.6,0,206,1
2026-09-21T21,74,0,19.7,600,8260,2
2026-09-21T21,74,0,19.8,0,6812,1
2026-09-21T21,74,0,19.9,0,5313,1
2026-09-21T21,74,0,20.0,0,2124,2
2026-09-21T21,74,0,20.25,0,4349,1
2026-09-21T21,74,0,20.75,0,5740,2
2026-09-21T21,74,0,21.0,757,0,1
2026-09-21T21,74,1,22.5,0,59804,3
2026-09-21T21,74,1,22.75,9273,0,1
2026-09-21T21,74,2,23.5,0,4098,1
2026-09-21T21,74,2,23.75,0,736,1
2026-09-21T21,74,2,24.0,0,45896,1
2026-09-21T21,74,2,24.25,1000,0,1
2026-09-21T22,74,0,19.5,0,50,1
2026-09-21T22,74,0,19.6,0,85,1
2026-09-21T22,74,0,19.7,0,1261,1
2026-09-21T22,74,0,19.8,0,865,1
2026-09-21T22,74,0,19.9,0,651,1
2026-09-21T22,74,0,20.0,0,10907,3
2026-09-21T22,74,0,21.0,0,3155,4
2026-09-21T22,74,0,21.25,10059,504,2
2026-09-21T22,74,0,21.5,0,168,1
2026-09-21T22,74,0,21.75,0,3320,1
2026-09-21T22,74,0,22.0,0,6417,5
2026-09-21T22,74,0,22.25,0,1040,2
2026-09-21T22,74,0,22.5,3348,3048,4
2026-09-21T22,74,1,21.0,0,6500,1
2026-09-21T22,74,2,22.25,0,20471,1
2026-09-21T22,74,2,22.5,0,1082,1
2026-09-21T22,74,6,24.75,1000,0,1
2026-09-21T23,74,0,21.0,0,18,1
2026-09-21T23,74,0,21.5,1911,0,1
2026-09-21T23,74,2,23.0,0,2331,2
2026-09-21T23,74,2,23.5,6884,0,1
2026-09-21T23,74,3,23.75,0,1174,1
2026-09-21T23,74,4,24.0,28000,0,1
2026-09-21T23,74,6,24.75,16500,0,1
2026-09-22T00,74,0,19.7,0,548,1
2026-09-22T00,74,0,19.8,0,116,1
2026-09-22T00,74,0,19.9,15,0,1
2026-09-22T00,74,1,22.75,0,118,1
2026-09-22T00,74,1,23.25,0,505,1
2026-09-22T00,74,1,23.5,0,3083,1
2026-09-22T00,74,1,23.75,8609,0,1
2026-09-22T00,74,2,23.5,14223,2747,4
2026-09-22T00,74,4,24.0,0,22000,1
2026-09-22T00,74,4,24.25,56934,0,2
2026-09-22T01,74,0,19.9,0,16,1
2026-09-22T01,74,0,20.0,1219,0,1
2026-09-22T02,74,0,19.5,0,2882,1
2026-09-22T02,74,0,19.6,0,451,1
2026-09-22T02,74,0,19.7,0,133,1
2026-09-22T02,74,0,19.8,0,45,1
2026-09-22T02,74,0,19.9,0,7013,3
2026-09-22T02,74,0,20.0,0,781,1
2026-09-22T02,74,1,22.75,0,3650,1
2026-09-22T02,74,1,23.0,2974,0,2
2026-09-22T03,74,0,19.9,617,0,1
2026-09-22T03,74,1,22.75,0,6339,1
2026-09-22T03,74,1,23.0,0,5526,1
2026-09-22T03,74,2,19.7,0,30000,1
2026-09-22T03,74,2,23.0,0,7000,1
2026-09-22T03,74,7,24.0,0,46537,1
2026-09-22T04,74,0,19.7,0,2837,2
2026-09-22T04,74,0,19.8,0,1363,1
2026-09-22T04,74,0,19.9,0,2061,2
2026-09-22T04,74,0,20.0,1562,118,3
2026-09-22T05,74,0,19.3,0,326,1
2026-09-22T05,74,0,19.4,0,5664,1
2026-09-22T05,74,0,19.5,0,264,1
2026-09-22T05,74,0,19.6,0,665,1
2026-09-22T05,74,0,19.7,0,55,1
2026-09-22T05,74,0,19.8,0,3917,1
2026-09-22T05,74,0,19.9,0,18208,2
2026-09-22T05,74,0,20.0,0,134,1
2026-09-22T05,74,0,20.25,0,5927,3
2026-09-22T05,74,0,21.0,4738,0,1
2026-09-22T05,74,1,22.25,0,7940,1
2026-09-22T05,74,1,22.5,8514,0,1
2026-09-22T05,74,2,22.75,0,7913,1
2026-09-22T05,74,2,23.0,0,11262,1
2026-09-22T05,74,2,23.25,3980,0,1
2026-09-22T05,74,3,23.75,0,20293,1
2026-09-22T05,74,3,24.0,0,1653,1
2026-09-22T05,74,4,24.25,10000,0,1
2026-09-22T05,74,7,25.0,0,6470,1
2026-09-22T06,74,0,19.6,0,57,1
2026-09-22T06,74,0,19.7,0,74,1
2026-09-22T06,74,0,19.8,0,27,1
2026-09-22T06,74,0,20.5,300,1604,3
2026-09-22T06,74,0,20.75,367,0,1
2026-09-22T06,74,1,22.5,0,2269,1
2026-09-22T06,74,1,22.75,0,6830,1
2026-09-22T06,74,1,23.0,2255,12649,5
2026-09-22T06,74,2,23.0,0,3181,2
2026-09-22T06,74,2,23.25,2051,0,1
2026-09-22T07,74,0,19.9,0,859,1
2026-09-22T07,74,0,20.0,3433,118,2
2026-09-22T07,74,0,20.25,1775,107,3
2026-09-22T07,74,2,22.75,0,651,1
2026-09-22T07,74,2,23.0,56,0,1
2026-09-22T07,74,2,23.25,0,4849,2
2026-09-22T07,74,2,23.5,0,7395,2
2026-09-22T07,74,2,23.75,0,20199,2
2026-09-22T07,74,2,24.0,11065,0,1
2026-09-22T07,74,3,23.75,0,9403,2
2026-09-22T07,74,4,24.0,6729,0,1
2026-09-22T07,74,7,24.0,0,24919,1
2026-09-22T08,74,0,19.1,0,723,1
2026-09-22T08,74,0,19.2,1149,4361,2
2026-09-22T08,74,0,19.3,0,1887,1
2026-09-22T08,74,1,22.75,5910,0,1
2026-09-22T08,74,2,23.0,4432,0,1
2026-09-22T09,74,0,19.4,0,18,1
2026-09-22T09,74,0,19.5,0,7075,2
2026-09-22T09,74,0,19.8,0,2500,1
2026-09-22T09,74,0,19.9,0,288,1
2026-09-22T09,74,0,20.0,0,203,1
2026-09-22T09,74,0,20.25,5270,0,2
2026-09-22T10,74,0,18.7,0,406,1
2026-09-22T10,74,0,18.8,0,6983,2
2026-09-22T10,74,0,18.9,0,73,1
2026-09-22T10,74,0,19.0,0,2000,1
2026-09-22T10,74,0,19.6,0,40,1
2026-09-22T10,74,0,19.7,0,7,1
2026-09-22T10,74,0,19.8,0,1938,2
2026-09-22T10,74,0,19.9,0,3181,1
2026-09-22T10,74,0,20.0,0,48,1
2026-09-22T10,74,2,22.5,0,140,1
2026-09-22T10,74,2,22.75,12142,2277,3
2026-09-22T10,74,2,23.0,0,6984,2
2026-09-22T10,74,2,23.25,0,485,1
2026-09-22T10,74,2,23.75,0,209,1
2026-09-22T10,74,3,23.5,0,720,1
2026-09-22T10,74,3,23.75,0,31845,1
2026-09-22T11,74,0,18.9,0,19,1
2026-09-22T11,74,0,19.0,0,351,1
2026-09-22T11,74,0,19.6,0,216,1
2026-09-22T11,74,0,19.7,0,198,1
2026-09-22T11,74,0,19.8,264,824,2
2026-09-22T11,74,0,19.9,176,0,1
2026-09-22T11,74,2,23.25,0,221,1
2026-09-22T11,74,3,23.25,0,3492,1
2026-09-22T11,74,3,23.5,14739,0,2
2026-09-22T11,74,5,23.75,0,6528,1
2026-09-22T12,74,0,18.0,0,658,1
2026-09-22T12,74,0,19.5,0,500,1
2026-09-22T12,74,0,19.6,0,13391,2
2026-09-22T12,74,0,19.7,0,78,1
2026-09-22T12,74,0,19.8,0,2390,2
2026-09-22T12,74,0,19.9,0,3762,2
2026-09-22T12,74,0,20.0,0,2066,2
2026-09-22T12,74,0,20.25,0,8796,4
2026-09-22T12,74,0,20.5,0,3857,2
2026-09-22T12,74,0,20.75,18953,0,2
2026-09-22T12,74,1,21.75,0,3116,1
2026-09-22T12,74,1,22.0,0,1623,1
2026-09-22T12,74,1,22.25,0,904,1
2026-09-22T12,74,1,22.5,0,1192,1
2026-09-22T12,74,1,22.75,0,2826,1
2026-09-22T12,74,3,23.5,20387,0,1
2026-09-22T13,74,2,23.0,0,15714,1
2026-09-22T13,74,3,23.25,0,13860,1
2026-09-22T14,74,0,19.2,0,941,1
2026-09-22T14,74,0,19.3,0,308,2
2026-09-22T14,74,0,19.4,0,4277,1
2026-09-22T14,74,0,19.5,0,123,1
2026-09-22T14,74,1,22.25,0,94,1
2026-09-22T14,74,1,22.5,0,1100,1
2026-09-22T14,74,1,22.75,306,0,1
2026-09-22T14,74,3,23.5,44564,0,1
2026-09-22T15,74,0,18.8,0,38,1
2026-09-22T15,74,0,18.9,3981,3230,3
2026-09-22T15,74,0,19.0,0,695,1
2026-09-22T15,74,1,21.75,0,1022,1
2026-09-22T15,74,1,22.0,978,0,1
2026-09-22T15,74,2,22.75,5357,0,1
2026-09-22T16,74,0,18.6,0,1347,1
2026-09-22T16,74,0,18.7,0,482,2
2026-09-22T16,74,0,18.8,0,3132,1
2026-09-22T16,74,0,18.9,0,29541,1
2026-09-22T16,74,0,19.0,0,290,2
2026-09-22T16,74,0,19.1,0,40075,2
2026-09-22T16,74,0,19.2,0,3964,2
2026-09-22T16,74,0,19.3,2963,2629,3
2026-09-22T16,74,0,19.4,0,1407,1
2026-09-22T16,74,0,19.5,0,2308,2
2026-09-22T16,74,0,19.6,0,5030,1
2026-09-22T16,74,0,19.7,0,286,1
2026-09-22T16,74,0,19.8,0,123,1
2026-09-22T16,74,0,19.9,0,9892,1
2026-09-22T16,74,0,20.0,0,131,1
2026-09-22T16,74,0,20.25,54,769,2
2026-09-22T16,74,1,21.5,0,3557,1
2026-09-22T16,74,1,21.75,0,8853,1
2026-09-22T16,74,2,21.75,0,5942,1
2026-09-22T16,74,2,22.0,890,9765,3
2026-09-22T17,74,0,19.9,0,687,1
2026-09-22T17,74,0,20.0,0,39,2
2026-09-22T17,74,0,20.25,2593,4913,4
2026-09-22T17,74,1,21.75,0,871,1
2026-09-22T17,74,1,22.0,19429,0,1
2026-09-22T17,74,2,22.25,0,9760,1
2026-09-22T17,74,2,22.5,0,6100,1
2026-09-22T17,74,2,22.75,0,14663,2
2026-09-22T17,74,2,23.0,0,70016,4
2026-09-22T17,74,2,23.25,0,24543,5
2026-09-22T17,74,3,23.25,0,37771,1
2026-09-22T17,74,3,23.5,0,27347,2
2026-09-22T18,74,0,19.7,0,9313,1
2026-09-22T18,74,0,19.8,0,26,1
2026-09-22T18,74,0,19.9,0,6750,3
2026-09-22T18,74,0,20.0,0,548,4
2026-09-22T18,74,0,20.25,0,7630,5
2026-09-22T18,74,0,20.5,2938,3036,7
2026-09-22T18,74,0,20.75,2557,0,3
2026-09-22T18,74,1,21.75,0,204,1
2026-09-22T18,74,1,22.0,30738,0,3
2026-09-22T18,74,2,23.0,0,708,1
2026-09-22T18,74,2,23.25,0,25762,2
2026-09-22T18,74,2,23.5,0,10815,2
2026-09-22T18,74,2,23.75,0,14161,3
2026-09-22T18,74,3,23.25,0,151515,1
2026-09-22T18,74,3,23.5,0,9442,2
2026-09-22T18,74,5,23.75,0,536,1
2026-09-22T19,74,0,20.75,4036,0,1
2026-09-22T19,74,1,21.5,0,524,1
2026-09-22T19,74,1,21.75,0,5407,1
2026-09-22T19,74,1,22.0,0,7201,1
2026-09-22T19,74,1,22.5,0,950,1
2026-09-22T19,74,3,23.75,0,81,1
2026-09-22T19,74,4,23.75,0,13291,1
2026-09-22T19,74,4,24.0,11804,7170,2
2026-09-22T19,74,4,24.25,45041,0,1
2026-09-22T19,74,7,24.0,0,10287,1
2026-09-22T20,74,0,19.4,0,77,1
2026-09-22T20,74,0,19.5,408,670,2
2026-09-22T20,74,0,19.6,0,605,1
2026-09-22T20,74,0,19.7,0,4,1
2026-09-22T20,74,0,19.8,0,806,1
2026-09-22T20,74,0,19.9,0,1872,2
2026-09-22T20,74,0,20.0,0,1307,2
2026-09-22T20,74,0,20.25,0,902,1
2026-09-22T20,74,0,20.5,0,1333,1
2026-09-22T20,74,0,20.75,0,7402,5
2026-09-22T20,74,0,21.0,775,12157,8
2026-09-22T20,74,0,21.25,0,8723,6
2026-09-22T20,74,0,21.5,5430,0,3
2026-09-22T20,74,2,22.25,0,4894,1
2026-09-22T20,74,2,22.5,609,1761,2
2026-09-22T20,74,2,22.75,0,447,1
2026-09-22T20,74,2,23.0,0,3360,2
2026-09-22T20,74,2,23.25,0,15000,1
2026-09-22T20,74,2,23.5,2478,0,1
2026-09-22T20,74,5,24.75,10979,5971,2
2026-09-22T20,74,6,24.75,0,2500,1
2026-09-22T21,74,3,23.5,0,15000,1
2026-09-22T21,74,3,23.75,2892,0,1
2026-09-22T22,74,0,19.4,0,81,1
2026-09-22T22,74,0,19.5,0,845,3
2026-09-22T22,74,0,19.6,0,804,2
2026-09-22T22,74,0,19.7,956,0,1
2026-09-22T22,74,1,20.0,0,11088,1
2026-09-22T22,74,2,22.25,1020,1773,3
2026-09-22T22,74,2,22.5,8830,3,2
2026-09-22T22,74,2,22.75,0,20000,1
2026-09-22T22,74,2,23.0,0,966,1
2026-09-22T22,74,2,23.25,0,1650,1
2026-09-22T22,74,2,23.5,0,8305,1
2026-09-22T22,74,2,23.75,0,3660,2
2026-09-22T22,74,3,23.75,0,3893,1
2026-09-22T22,74,4,24.0,25577,0,1
2026-09-22T23,74,0,19.4,0,77,1
2026-09-22T23,74,0,19.5,2057,0,1
2026-09-22T23,74,1,21.5,280,0,1
2026-09-22T23,74,4,23.75,0,14128,1
2026-09-22T23,74,7,24.0,0,56466,1
2026-09-23T00,74,0,19.4,0,819,1
2026-09-23T00,74,0,19.5,0,2439,1
2026-09-23T00,74,1,21.5,0,127,1
2026-09-23T00,74,1,21.75,14376,1000,3
2026-09-23T00,74,2,23.75,8570,0,1
2026-09-23T00,74,4,24.0,0,24423,1
2026-09-23T00,74,4,24.25,54515,0,2
2026-09-23T01,74,0,19.2,0,766,1
2026-09-23T01,74,0,19.3,0,31,1
2026-09-23T01,74,0,19.4,2738,0,2
2026-09-23T01,74,1,21.25,600,0,1
2026-09-23T02,74,0,19.2,0,4490,2
2026-09-23T02,74,0,19.3,0,1667,2
2026-09-23T02,74,2,23.0,0,2005,1
2026-09-23T02,74,2,23.25,0,990,1
2026-09-23T02,74,2,23.5,0,13696,1
2026-09-23T02,74,2,23.75,9642,0,1
2026-09-23T03,74,0,18.8,495,3,2
2026-09-23T03,74,0,18.9,0,19,1
2026-09-23T03,74,0,19.0,0,7003,3
2026-09-23T03,74,0,19.1,0,966,1
2026-09-23T03,74,0,19.2,0,2566,1
2026-09-23T03,74,0,19.3,348,0,1
2026-09-23T03,74,1,21.25,0,850,1
2026-09-23T03,74,1,21.5,0,397,1
2026-09-23T03,74,1,21.75,673,0,1
2026-09-23T03,74,2,23.0,0,18864,1
2026-09-23T03,74,2,23.25,0,12776,1
2026-09-23T03,74,2,23.5,0,8000,2
2026-09-23T03,74,2,23.75,6003,20526,4
2026-09-23T03,74,3,23.75,0,31221,2
2026-09-23T03,74,7,24.0,1474,0,1
2026-09-23T04,74,0,19.1,0,1715,1
2026-09-23T04,74,0,19.2,0,2442,2
2026-09-23T04,74,0,19.3,0,303,2
2026-09-23T04,74,0,19.4,0,384,1
2026-09-23T04,74,0,19.5,15018,3482,3
2026-09-23T04,74,0,19.6,0,84,1
2026-09-23T04,74,0,19.7,0,869,1
2026-09-23T04,74,0,19.8,0,3091,2
2026-09-23T04,74,0,19.9,0,18892,2
2026-09-23T04,74,0,20.0,0,4108,3
2026-09-23T04,74,0,20.25,1858,5565,4
2026-09-23T04,74,0,21.0,1279,0,1
2026-09-23T04,74,1,21.25,0,1000,1
2026-09-23T04,74,1,21.5,2714,4171,2
2026-09-23T04,74,1,21.75,0,6938,1
2026-09-23T04,74,1,22.0,7989,0,1
2026-09-23T05,74,0,20.5,3473,59,2
2026-09-23T05,74,0,20.75,441,0,1
2026-09-23T06,74,0,19.6,0,212,1
2026-09-23T06,74,0,19.7,0,44,2
2026-09-23T06,74,0,19.8,0,1078,2
2026-09-23T06,74,0,20.0,0,2113,2
2026-09-23T06,74,0,20.25,0,3232,2
2026-09-23T06,74,1,19.8,0,1166,1
2026-09-23T06,74,1,19.9,0,31937,1
2026-09-23T06,74,4,23.5,0,10679,1
2026-09-23T06,74,7,23.75,49783,0,1
2026-09-23T07,74,0,19.3,0,50000,1
2026-09-23T07,74,0,19.4,0,1247,2
2026-09-23T07,74,0,19.5,0,798,1
2026-09-23T07,74,0,19.9,0,5914,1
2026-09-23T07,74,0,20.0,1,1858,2
2026-09-23T07,74,1,21.5,1006,0,1
2026-09-23T07,74,2,22.5,8548,0,1
2026-09-23T07,74,7,23.75,48000,0,1
2026-09-23T11,74,0,20.0,0,1051,1
2026-09-23T11,74,1,21.25,0,2617,1
2026-09-23T11,74,1,21.5,0,3356,1
2026-09-23T11,74,1,21.75,0,8829,1
2026-09-23T11,74,1,22.0,0,18675,2
2026-09-23T11,74,2,22.5,0,290,1
2026-09-23T11,74,2,22.75,0,2369,1
2026-09-23T11,74,2,23.0,0,7374,2
2026-09-23T11,74,2,23.25,0,16095,2
2026-09-23T11,74,3,23.25,0,35450,2
2026-09-23T11,74,3,23.5,0,9990,3
2026-09-23T11,74,4,24.25,0,83510,1
2026-09-23T11,74,4,24.5,37165,0,1
2026-09-23T11,74,7,23.75,0,12217,1
2026-09-23T11,74,7,24.0,0,10751,1
2026-09-23T12,74,0,19.4,0,116,1
2026-09-23T12,74,0,19.5,1098,4002,5
2026-09-23T12,74,0,19.6,0,97,1
2026-09-23T12,74,0,19.7,3128,0,1
2026-09-23T12,74,1,22.0,0,6862,1
2026-09-23T12,74,1,22.5,0,391,1
2026-09-23T13,74,0,19.5,0,33,1
2026-09-23T13,74,0,19.6,0,1000,1
2026-09-23T13,74,0,19.7,0,2777,2
2026-09-23T13,74,0,19.8,0,1088,2
2026-09-23T13,74,0,19.9,660,217,3
2026-09-23T13,74,0,20.0,8920,6187,5
2026-09-23T13,74,2,23.25,0,3856,3
2026-09-23T13,74,2,23.5,19862,568,4
