heure,kind,quality,prix,vendu,disparu,n_evt
2026-09-04T12,9,0,1.22,42746,,1
2026-09-04T13,9,1,1.21,1182,,1
2026-09-04T14,9,0,1.22,550,,1
2026-09-04T14,9,1,1.22,27206,,1
2026-09-04T15,9,1,1.2,1000,,1
2026-09-04T16,9,0,1.17,9155,,3
2026-09-04T16,9,1,1.2,1805,,1
2026-09-04T17,9,0,1.16,720,,1
2026-09-04T17,9,1,1.2,510,,1
2026-09-04T17,9,2,1.21,291,,1
2026-09-04T18,9,2,1.21,5728,,1
2026-09-04T18,9,3,1.26,14698,,1
2026-09-04T20,9,0,1.15,1569,,1
2026-09-04T20,9,0,1.16,4610,,1
2026-09-04T20,9,0,1.17,193,,1
2026-09-04T20,9,0,1.18,6279,,2
2026-09-04T20,9,0,1.19,24869,,3
2026-09-04T20,9,0,1.21,2338,,2
2026-09-04T20,9,0,1.22,41291,,5
2026-09-04T20,9,1,1.2,107970,,1
2026-09-04T20,9,1,1.22,1414,,1
2026-09-04T20,9,1,1.23,233887,,2
2026-09-04T20,9,2,1.23,3521,,1
2026-09-04T21,9,0,1.12,5294,,1
2026-09-04T21,9,0,1.2,1178,,2
2026-09-04T21,9,0,1.23,34106,,1
2026-09-04T21,9,1,1.2,402,,1
2026-09-04T21,9,1,1.22,3000,,1
2026-09-04T21,9,2,1.23,71188,,1
2026-09-04T21,9,2,1.24,2816,,1
2026-09-04T21,9,2,1.25,117141,,1
2026-09-04T21,9,3,1.25,18207,,1
2026-09-04T21,9,3,1.26,371828,,2
2026-09-04T21,9,3,1.27,3330,,1
2026-09-04T21,9,3,1.28,39963,,1
2026-09-04T21,9,3,1.29,14423,,1
2026-09-04T21,9,3,1.3,122046,,1
2026-09-04T21,9,3,1.31,110000,,2
2026-09-04T23,9,0,1.11,0,8548,3
2026-09-04T23,9,0,1.12,11482,32728,5
2026-09-04T23,9,0,1.13,0,7262,2
2026-09-04T23,9,0,1.14,0,2594,1
2026-09-04T23,9,0,1.15,0,5973,2
2026-09-04T23,9,0,1.17,0,4162,2
2026-09-04T23,9,0,1.18,0,26121,2
2026-09-04T23,9,0,1.19,0,4970,1
2026-09-04T23,9,0,1.2,306,3205,3
2026-09-04T23,9,1,1.19,0,4039,1
2026-09-04T23,9,1,1.2,0,32141,1
2026-09-04T23,9,1,1.21,0,2454,1
2026-09-04T23,9,7,1.78,9500,0,1
2026-09-05T00,9,0,1.2,3000,9580,5
2026-09-05T00,9,0,1.21,0,39405,3
2026-09-05T00,9,0,1.22,0,36712,2
2026-09-05T00,9,0,1.23,170,24893,2
2026-09-05T00,9,0,1.24,0,34223,2
2026-09-05T00,9,1,1.2,0,22601,1
2026-09-05T00,9,1,1.21,0,5590,1
2026-09-05T00,9,1,1.22,0,2000,1
2026-09-05T00,9,1,1.24,0,35520,1
2026-09-05T00,9,1,1.25,0,404736,2
2026-09-05T00,9,2,1.25,0,32500,1
2026-09-05T00,9,2,1.26,1200,0,1
2026-09-05T00,9,3,1.31,16708,0,1
2026-09-05T00,9,4,1.35,2288,0,1
2026-09-05T01,9,0,1.18,2740,0,3
2026-09-05T01,9,2,1.19,0,25201,1
2026-09-05T01,9,2,1.25,1500,0,1
2026-09-05T02,9,0,1.11,0,4310,1
2026-09-05T02,9,0,1.12,0,4167,1
2026-09-05T02,9,0,1.13,0,2049,1
2026-09-05T02,9,0,1.14,0,32,1
2026-09-05T02,9,2,1.19,0,6717,1
2026-09-05T02,9,3,1.2,0,39745,1
2026-09-05T02,9,3,1.31,0,15415,1
2026-09-05T03,9,0,1.11,0,3731,2
2026-09-05T03,9,0,1.12,0,35005,2
2026-09-05T03,9,0,1.13,0,124,1
2026-09-05T03,9,0,1.14,0,7654,1
2026-09-05T03,9,0,1.15,2500,870,3
2026-09-05T03,9,0,1.18,0,16845,3
2026-09-05T03,9,0,1.19,0,43295,2
2026-09-05T03,9,0,1.2,1861,12835,2
2026-09-05T04,9,0,1.17,0,10654,1
2026-09-05T04,9,0,1.18,0,1679,2
2026-09-05T04,9,0,1.19,0,500,1
2026-09-05T04,9,0,1.2,2714,8978,4
2026-09-05T04,9,0,1.21,0,1000,1
2026-09-05T04,9,1,1.22,0,4809,1
2026-09-05T04,9,3,1.32,0,29878,1
2026-09-05T04,9,3,1.34,30122,0,1
2026-09-05T04,9,4,1.35,60000,0,1
2026-09-05T05,9,0,1.15,0,301,1
2026-09-05T05,9,0,1.16,0,38,1
2026-09-05T05,9,0,1.17,0,4716,2
2026-09-05T05,9,0,1.19,2112,0,2
2026-09-05T05,9,1,1.2,2026,0,2
2026-09-05T05,9,2,1.21,0,500000,1
2026-09-05T05,9,2,1.23,0,6323,1
2026-09-05T05,9,2,1.24,0,60004,1
2026-09-05T05,9,2,1.25,0,84391,1
2026-09-05T05,9,2,1.26,0,85890,2
2026-09-05T05,9,2,1.27,0,79177,2
2026-09-05T05,9,4,1.34,54200,0,1
2026-09-05T06,9,0,1.17,0,20148,2
2026-09-05T06,9,0,1.18,200,40922,4
2026-09-05T06,9,1,1.19,931,4069,2
2026-09-05T06,9,7,1.77,0,1,1
2026-09-05T07,9,0,1.18,0,1390,1
2026-09-05T07,9,0,1.19,0,50241,8
2026-09-05T07,9,0,1.2,0,29563,7
2026-09-05T07,9,0,1.21,868,0,1
2026-09-05T07,9,1,1.2,0,160285,1
2026-09-05T07,9,4,1.33,3206,0,1
2026-09-05T08,9,0,1.16,0,2823,2
2026-09-05T08,9,0,1.17,0,4484,2
2026-09-05T08,9,0,1.18,241,2518,3
2026-09-05T08,9,0,1.19,5241,241836,3
2026-09-05T08,9,2,1.24,110,0,1
2026-09-05T09,9,0,1.12,0,367,2
2026-09-05T09,9,0,1.13,0,1010,1
2026-09-05T09,9,0,1.14,0,100,1
2026-09-05T09,9,0,1.15,0,3653,3
2026-09-05T09,9,0,1.16,4198,802,3
2026-09-05T09,9,0,1.17,0,1429,1
2026-09-05T09,9,0,1.18,0,444,1
2026-09-05T09,9,0,1.19,10070,14992,3
2026-09-05T09,9,0,1.2,0,71476,8
2026-09-05T09,9,0,1.21,0,42709,4
2026-09-05T09,9,0,1.22,0,93461,3
2026-09-05T09,9,0,1.23,0,28357,4
2026-09-05T09,9,0,1.24,0,2065,2
2026-09-05T09,9,0,1.25,0,14892,2
2026-09-05T09,9,1,1.25,0,191897,1
2026-09-05T09,9,1,1.26,2868,0,1
2026-09-05T09,9,2,1.24,0,2405,1
2026-09-05T09,9,2,1.25,0,2222,1
2026-09-05T10,9,0,1.15,0,2500,1
2026-09-05T10,9,0,1.16,0,55568,1
2026-09-05T10,9,0,1.17,0,1910,3
2026-09-05T10,9,0,1.18,0,299,1
2026-09-05T10,9,0,1.19,0,200,1
2026-09-05T10,9,0,1.21,0,80,1
2026-09-05T10,9,0,1.22,0,28875,4
2026-09-05T10,9,0,1.23,0,3766,2
2026-09-05T10,9,0,1.24,0,50613,3
2026-09-05T10,9,0,1.25,7885,141382,7
2026-09-05T10,9,1,1.25,0,5000,1
2026-09-05T10,9,2,1.26,11288,0,3
2026-09-05T11,9,0,1.13,0,371,1
2026-09-05T11,9,0,1.14,0,3710,1
2026-09-05T11,9,0,1.15,0,4661,2
2026-09-05T12,9,0,1.12,0,26282,2
2026-09-05T12,9,0,1.13,0,15740,1
2026-09-05T12,9,0,1.14,0,5873,1
2026-09-05T12,9,0,1.15,0,50,1
2026-09-05T12,9,0,1.16,0,8000,1
2026-09-05T12,9,0,1.17,0,25735,3
2026-09-05T12,9,0,1.18,0,1155,1
2026-09-05T12,9,0,1.19,0,7750,1
2026-09-05T12,9,0,1.2,0,3708,3
2026-09-05T12,9,1,1.23,400,0,1
2026-09-05T12,9,2,1.24,10,0,1
2026-09-05T13,9,0,1.11,0,610,2
2026-09-05T13,9,0,1.12,0,500,1
2026-09-05T13,9,0,1.13,0,500,1
2026-09-05T13,9,0,1.14,0,19161,2
2026-09-05T13,9,0,1.15,0,1420,3
2026-09-05T13,9,0,1.16,2356,4803,2
2026-09-05T13,9,0,1.17,0,5653,2
2026-09-05T13,9,1,1.12,0,29704,1
2026-09-05T13,9,1,1.23,1182,319,2
2026-09-05T13,9,2,1.24,1394,0,1
2026-09-05T13,9,3,1.29,6386,0,1
2026-09-05T13,9,7,1.78,0,490500,1
2026-09-05T14,9,0,1.14,0,28861,2
2026-09-05T14,9,0,1.15,0,33682,6
2026-09-05T14,9,0,1.16,1340,13820,3
2026-09-05T14,9,0,1.17,0,7439,1
2026-09-05T14,9,0,1.18,0,21502,4
2026-09-05T14,9,0,1.19,0,177259,3
2026-09-05T14,9,0,1.2,160,9200,3
2026-09-05T14,9,0,1.21,0,117,1
2026-09-05T14,9,0,1.22,0,7471,2
2026-09-05T14,9,0,1.23,0,9891,2
2026-09-05T14,9,0,1.24,0,41409,3
2026-09-05T14,9,0,1.25,0,134051,4
2026-09-05T14,9,0,1.26,5000,0,1
2026-09-05T14,9,1,1.23,0,18427,1
2026-09-05T14,9,1,1.24,0,11811,1
2026-09-05T14,9,1,1.25,0,72847,1
2026-09-05T14,9,1,1.26,0,126050,6
2026-09-05T14,9,1,1.27,0,1162,1
2026-09-05T14,9,2,1.24,1488,2460,2
2026-09-05T14,9,2,1.25,0,118398,2
2026-09-05T14,9,2,1.26,0,8712,1
2026-09-05T14,9,2,1.27,0,59079,2
2026-09-05T14,9,2,1.28,0,32857,1
2026-09-05T14,9,3,1.25,0,43480,1
2026-09-05T14,9,3,1.28,0,10000,1
2026-09-05T15,9,0,1.19,0,1543,1
2026-09-05T15,9,0,1.2,0,2931,2
2026-09-05T15,9,0,1.21,0,1089,1
2026-09-05T15,9,0,1.22,461,0,1
2026-09-05T15,9,4,1.32,5168,0,1
2026-09-05T16,9,0,1.11,0,20,1
2026-09-05T16,9,0,1.12,0,2650,1
2026-09-05T16,9,0,1.13,0,2291,1
2026-09-05T16,9,0,1.14,9039,0,1
2026-09-05T16,9,0,1.22,0,1302,2
2026-09-05T16,9,0,1.23,1198,0,1
2026-09-05T16,9,1,1.17,930,0,2
2026-09-05T17,9,0,1.11,0,6133,1
2026-09-05T17,9,0,1.12,0,1566,2
2026-09-05T17,9,0,1.13,0,1101,2
2026-09-05T17,9,0,1.14,0,11767,2
2026-09-05T17,9,0,1.15,0,5242,2
2026-09-05T17,9,0,1.16,0,33793,2
2026-09-05T17,9,0,1.17,0,4053,2
2026-09-05T17,9,0,1.18,0,663,1
2026-09-05T17,9,0,1.19,0,6330,1
2026-09-05T17,9,1,1.17,0,13100,1
2026-09-05T17,9,1,1.18,0,2604,1
2026-09-05T17,9,1,1.19,0,5199,1
2026-09-05T17,9,1,1.2,51590,0,2
2026-09-05T18,9,0,1.15,0,444,1
2026-09-05T18,9,0,1.16,0,12734,2
2026-09-05T18,9,0,1.17,0,2986,2
2026-09-05T18,9,0,1.18,0,16214,2
2026-09-05T18,9,0,1.19,0,23582,3
2026-09-05T18,9,1,1.2,81639,92920,3
2026-09-05T18,9,3,1.29,500,0,1
2026-09-05T19,9,0,1.13,0,56,1
2026-09-05T19,9,0,1.14,0,6000,1
2026-09-05T19,9,0,1.15,3000,15019,3
2026-09-05T19,9,0,1.16,0,14477,1
2026-09-05T19,9,0,1.17,0,1164,1
2026-09-05T19,9,0,1.18,0,1452,1
2026-09-05T19,9,0,1.19,0,2462,3
2026-09-05T19,9,0,1.2,24973,40077,6
2026-09-05T19,9,0,1.21,0,40,1
2026-09-05T19,9,0,1.22,3385,0,1
2026-09-05T19,9,1,1.24,2980,0,1
2026-09-05T19,9,2,1.24,11400,0,1
2026-09-05T19,9,3,1.29,0,6568,1
2026-09-05T19,9,3,1.3,10058,0,1
2026-09-05T19,9,4,1.32,22070,0,1
2026-09-05T19,9,7,1.72,0,1,1
2026-09-05T19,9,7,1.73,0,1,1
2026-09-05T19,9,7,1.74,0,1,1
2026-09-05T20,9,0,1.11,0,1122,1
2026-09-05T20,9,0,1.12,0,200,1
2026-09-05T20,9,0,1.13,0,560,1
2026-09-05T20,9,0,1.14,0,9721,2
2026-09-05T20,9,0,1.15,3254,1702,4
2026-09-05T20,9,0,1.16,0,23574,1
2026-09-05T20,9,0,1.17,0,3924,2
2026-09-05T20,9,1,1.18,7026,0,1
2026-09-05T20,9,2,1.23,0,3775,1
2026-09-05T20,9,2,1.24,1927,0,1
2026-09-05T21,9,0,1.17,0,891,1
2026-09-05T21,9,0,1.18,1473,4517,4
2026-09-05T21,9,0,1.19,0,994148,3
2026-09-05T21,9,1,1.18,0,58315,1
2026-09-05T21,9,1,1.19,0,587,1
2026-09-05T21,9,1,1.2,2000,0,1
2026-09-05T21,9,2,1.24,0,13602,1
2026-09-05T21,9,2,1.25,0,15852,2
2026-09-05T21,9,3,1.29,0,25000,1
2026-09-05T21,9,4,1.32,0,77206,1
2026-09-05T23,9,0,1.13,0,200,1
2026-09-05T23,9,0,1.17,0,6858,1
2026-09-05T23,9,0,1.18,5000,0,1
2026-09-05T23,9,1,1.18,1720,0,1
2026-09-05T23,9,2,1.26,7950,0,1
2026-09-06T00,9,0,1.11,0,200,1
2026-09-06T00,9,0,1.12,0,8616,2
2026-09-06T00,9,0,1.13,5000,0,1
2026-09-06T00,9,0,1.14,0,3888,2
2026-09-06T00,9,0,1.15,0,10126,5
2026-09-06T00,9,0,1.16,0,18231,3
2026-09-06T00,9,0,1.17,0,1296,1
2026-09-06T00,9,0,1.18,0,6407,3
2026-09-06T00,9,0,1.19,0,2864,1
2026-09-06T00,9,0,1.2,1445,44305,7
2026-09-06T00,9,1,1.17,0,38750,1
2026-09-06T00,9,1,1.18,0,2157,2
2026-09-06T00,9,1,1.19,0,10000,1
2026-09-06T00,9,1,1.2,0,1300,1
2026-09-06T00,9,1,1.21,1200,0,1
2026-09-06T00,9,3,1.27,16708,0,1
2026-09-06T01,9,0,1.11,0,12310,1
2026-09-06T01,9,0,1.12,0,2560,2
2026-09-06T01,9,0,1.13,808,11310,2
2026-09-06T01,9,0,1.14,0,2054,1
2026-09-06T01,9,0,1.15,0,3764,1
2026-09-06T01,9,0,1.16,0,1533,1
2026-09-06T01,9,0,1.17,0,7528,2
2026-09-06T01,9,0,1.18,2333,0,1
2026-09-06T02,9,0,1.13,0,8,1
2026-09-06T02,9,0,1.14,0,2001,1
2026-09-06T02,9,0,1.15,3063,2453,2
2026-09-06T02,9,0,1.16,1481,57671,2
2026-09-06T02,9,0,1.17,0,22820,3
2026-09-06T02,9,0,1.18,0,22179,5
2026-09-06T02,9,0,1.19,0,2530,1
2026-09-06T02,9,0,1.2,0,20695,5
2026-09-06T02,9,0,1.21,0,2675,1
2026-09-06T02,9,0,1.22,0,20505,2
2026-09-06T02,9,1,1.21,0,3800,1
2026-09-06T02,9,1,1.22,0,150000,1
2026-09-06T02,9,2,1.23,0,4517,1
2026-09-06T03,9,0,1.17,0,80,1
2026-09-06T03,9,0,1.18,1020,0,2
2026-09-06T03,9,0,1.23,2500,0,1
2026-09-06T03,9,2,1.24,0,4000,1
2026-09-06T03,9,3,1.26,215955,0,2
2026-09-06T03,9,4,1.32,0,1809,1
2026-09-06T03,9,4,1.33,39797,3394,2
2026-09-06T04,9,0,1.17,0,21802,1
2026-09-06T04,9,0,1.18,0,6405,5
2026-09-06T04,9,0,1.19,0,30173,2
2026-09-06T04,9,0,1.2,1,25570,4
2026-09-06T04,9,0,1.21,0,11172,2
2026-09-06T04,9,0,1.22,645,7831,5
2026-09-06T04,9,0,1.23,5000,361615,6
2026-09-06T04,9,1,1.24,0,24973,2
2026-09-06T04,9,2,1.22,0,165146,1
2026-09-06T04,9,2,1.24,0,77002,2
2026-09-06T04,9,4,1.33,0,3262,1
2026-09-06T04,9,4,1.34,124,0,1
2026-09-06T04,9,7,1.73,0,2,2
2026-09-06T04,9,7,1.74,0,1,1
2026-09-06T05,9,0,1.16,894,0,1
2026-09-06T05,9,0,1.17,0,10522,1
2026-09-06T05,9,0,1.18,0,22,1
2026-09-06T05,9,0,1.19,0,400,1
2026-09-06T05,9,0,1.2,3702,0,3
2026-09-06T05,9,1,1.2,1000,0,1
2026-09-06T05,9,3,1.22,3000,16460,2
2026-09-06T06,9,0,1.16,0,9106,1
2026-09-06T06,9,0,1.17,0,3012,2
2026-09-06T06,9,0,1.18,6504,25759,4
2026-09-06T06,9,0,1.19,10000,43083,5
2026-09-06T06,9,0,1.2,0,9865,2
2026-09-06T06,9,0,1.21,463,0,1
2026-09-06T06,9,1,1.17,0,140000,1
2026-09-06T06,9,1,1.19,0,630,1
2026-09-06T06,9,1,1.2,5520,53755,3
2026-09-06T06,9,2,1.21,0,1323,1
2026-09-06T07,9,0,1.19,100,21292,5
2026-09-06T07,9,0,1.2,5886,6419,5
2026-09-06T07,9,0,1.21,1979,0,1
2026-09-06T08,9,0,1.14,0,1169,1
2026-09-06T08,9,0,1.15,1460,61650,3
2026-09-06T08,9,0,1.16,100,8551,2
2026-09-06T08,9,0,1.17,0,420,1
2026-09-06T08,9,0,1.18,0,13861,1
2026-09-06T08,9,0,1.19,0,805,2
2026-09-06T08,9,0,1.2,4268,0,1
2026-09-06T08,9,2,1.17,65000,195,2
2026-09-06T08,9,2,1.18,2000,0,1
2026-09-06T08,9,7,1.72,0,1,1
2026-09-06T08,9,7,1.73,0,1,1
2026-09-06T08,9,7,1.74,0,1,1
2026-09-06T09,9,0,1.11,0,18044,1
2026-09-06T09,9,0,1.12,0,2716,1
2026-09-06T09,9,0,1.13,0,2963,1
2026-09-06T09,9,0,1.14,0,4356,1
2026-09-06T09,9,0,1.15,0,123232,2
2026-09-06T09,9,0,1.16,0,25550,2
2026-09-06T09,9,0,1.17,0,3671,2
2026-09-06T09,9,2,1.18,0,4687,1
2026-09-06T09,9,4,1.31,0,72789,1
2026-09-06T10,9,0,1.11,2500,368,2
2026-09-06T10,9,0,1.12,0,3596,1
2026-09-06T10,9,0,1.13,0,3185,1
2026-09-06T10,9,0,1.14,3454,1500,2
2026-09-06T10,9,0,1.15,9000,10822,5
2026-09-06T10,9,0,1.16,53539,837,2
2026-09-06T10,9,1,1.22,7786,0,1
2026-09-06T10,9,1,1.23,26,0,1
2026-09-06T10,9,2,1.23,0,205393,1
2026-09-06T11,9,0,1.13,500,0,1
2026-09-06T11,9,0,1.14,100,0,1
2026-09-06T11,9,0,1.15,710,59710,3
2026-09-06T11,9,0,1.16,0,26861,3
2026-09-06T11,9,0,1.17,0,14271,3
2026-09-06T11,9,0,1.18,163797,96872,2
2026-09-06T11,9,0,1.19,0,7590,1
2026-09-06T11,9,0,1.2,0,46314,3
2026-09-06T11,9,0,1.21,590,0,1
2026-09-06T11,9,1,1.2,0,116168,1
2026-09-06T11,9,1,1.21,0,10000,1
2026-09-06T11,9,2,1.22,9262,0,1
2026-09-06T12,9,0,1.13,0,11388,2
2026-09-06T12,9,0,1.14,500,7464,4
2026-09-06T12,9,0,1.15,1698,7274,3
2026-09-06T12,9,0,1.16,0,2880,2
2026-09-06T12,9,0,1.18,1669,0,1
2026-09-06T12,9,0,1.2,0,10892,1
2026-09-06T12,9,3,1.25,0,69286,1
2026-09-06T12,9,3,1.26,0,35929,1
2026-09-06T13,9,0,1.14,0,2598,1
2026-09-06T13,9,0,1.15,0,40000,1
2026-09-06T13,9,0,1.17,0,12262,1
2026-09-06T13,9,0,1.18,0,1231,2
2026-09-06T13,9,0,1.19,0,2311,1
2026-09-06T13,9,0,1.2,0,41279,4
2026-09-06T13,9,0,1.21,487,102820,6
2026-09-06T13,9,1,1.2,0,16041,1
2026-09-06T13,9,1,1.21,0,7370,2
2026-09-06T13,9,1,1.22,4076,5073,2
2026-09-06T13,9,1,1.23,1164,0,1
2026-09-06T13,9,2,1.21,0,25000,1
2026-09-06T13,9,2,1.22,0,7974,1
2026-09-06T13,9,2,1.23,0,10020,1
2026-09-06T13,9,2,1.24,0,7809,2
2026-09-06T13,9,2,1.25,2500,0,1
2026-09-06T13,9,4,1.31,0,1940,1
2026-09-06T13,9,4,1.32,4818,0,1
2026-09-06T14,9,0,1.17,0,15342,1
2026-09-06T14,9,0,1.18,0,4494,2
2026-09-06T14,9,0,1.19,0,5782,2
2026-09-06T14,9,0,1.2,4106,9768,6
2026-09-06T14,9,0,1.21,0,3387,1
2026-09-06T14,9,0,1.22,0,20083,5
2026-09-06T14,9,1,1.22,2048,4952,2
2026-09-06T14,9,1,1.23,69765,0,3
2026-09-06T14,9,4,1.32,0,792,1
2026-09-06T14,9,4,1.33,364,0,1
2026-09-06T14,9,5,1.37,1156,0,1
2026-09-06T15,9,0,1.14,0,441,1
2026-09-06T15,9,0,1.15,0,1233,2
2026-09-06T15,9,0,1.16,0,2873,2
2026-09-06T15,9,0,1.17,0,48803,2
2026-09-06T15,9,0,1.18,0,14185,2
2026-09-06T15,9,0,1.19,0,4190,2
2026-09-06T15,9,0,1.2,4199,4231,3
2026-09-06T15,9,0,1.21,0,64576,2
2026-09-06T15,9,0,1.22,4800,26525,5
2026-09-06T15,9,0,1.23,0,43334,4
2026-09-06T15,9,0,1.24,490,0,1
2026-09-06T15,9,1,1.2,0,150207,1
2026-09-06T15,9,1,1.23,2500,389800,3
2026-09-06T15,9,1,1.24,0,132288,2
2026-09-06T15,9,1,1.25,0,3136,1
2026-09-06T15,9,1,1.26,0,43640,1
2026-09-06T15,9,2,1.24,0,19550,1
2026-09-06T15,9,2,1.25,0,127003,2
2026-09-06T15,9,2,1.26,0,216185,1
2026-09-06T15,9,2,1.27,0,44721,2
2026-09-06T15,9,3,1.24,0,55165,1
2026-09-06T15,9,3,1.25,0,23567,1
2026-09-06T15,9,3,1.26,0,8730,1
2026-09-06T15,9,3,1.27,0,71400,1
2026-09-06T15,9,3,1.28,0,86908,1
2026-09-06T15,9,3,1.29,0,10148,1
2026-09-06T15,9,3,1.3,0,129226,1
2026-09-06T15,9,3,1.31,0,30000,1
2026-09-06T15,9,4,1.32,0,1722,1
2026-09-06T15,9,4,1.33,0,201302,1
2026-09-06T15,9,4,1.34,0,50356,1
2026-09-06T15,9,4,1.37,0,6490,1
2026-09-06T15,9,4,1.39,272564,6390,2
2026-09-06T15,9,5,1.37,0,11946,1
2026-09-06T15,9,5,1.38,0,98454,1
2026-09-06T15,9,7,1.72,0,1,1
2026-09-06T15,9,7,1.73,0,1,1
2026-09-06T15,9,7,1.74,0,1,1
2026-09-06T15,9,7,1.75,997,0,1
2026-09-06T16,9,0,1.11,0,120,1
2026-09-06T16,9,0,1.12,0,5863,1
2026-09-06T16,9,0,1.13,0,200,1
2026-09-06T16,9,0,1.14,0,50,1
2026-09-06T16,9,0,1.15,0,25104,5
2026-09-06T16,9,0,1.16,1448,2268,3
2026-09-06T16,9,0,1.17,0,310,2
2026-09-06T16,9,0,1.18,0,14404,2
2026-09-06T16,9,0,1.19,0,7020,2
2026-09-06T16,9,0,1.2,0,94605,2
2026-09-06T16,9,0,1.21,0,3326,1
2026-09-06T16,9,0,1.22,1806,0,1
2026-09-06T16,9,1,1.26,1000,0,1
2026-09-06T16,9,2,1.26,0,10000,1
2026-09-06T16,9,3,1.29,12160,0,1
2026-09-06T17,9,0,1.15,0,356,1
2026-09-06T17,9,0,1.16,0,1000,1
2026-09-06T17,9,0,1.17,0,200,1
2026-09-06T17,9,0,1.18,44,460,3
2026-09-06T17,9,0,1.19,1466,434,5
2026-09-06T17,9,0,1.2,3290,1779,4
2026-09-06T17,9,0,1.21,772,0,1
2026-09-06T17,9,2,1.26,1000,0,1
2026-09-06T18,9,0,1.12,0,27174,1
2026-09-06T18,9,0,1.13,0,2345,1
2026-09-06T18,9,0,1.14,2500,58378,4
2026-09-06T18,9,0,1.15,7919,33255,4
2026-09-06T18,9,0,1.18,0,22396,1
2026-09-06T18,9,0,1.19,0,1436,1
2026-09-06T18,9,0,1.2,0,39616,3
2026-09-06T18,9,0,1.21,0,4167,2
2026-09-06T18,9,0,1.22,0,26774,2
2026-09-06T18,9,0,1.23,0,14103,2
2026-09-06T18,9,0,1.24,101686,11782,7
2026-09-06T18,9,2,1.26,5730,0,2
2026-09-06T19,9,0,1.14,0,2000,1
2026-09-06T19,9,0,1.15,0,1691,2
2026-09-06T19,9,0,1.16,0,1672,2
2026-09-06T19,9,0,1.17,0,1964,1
2026-09-06T19,9,0,1.18,0,8476,2
2026-09-06T19,9,0,1.19,1616,21091,4
2026-09-06T19,9,0,1.2,738,8716,6
2026-09-06T19,9,0,1.21,0,127190,1
2026-09-06T19,9,0,1.22,0,5959,1
2026-09-06T19,9,0,1.23,0,24081,1
2026-09-06T19,9,0,1.24,40000,0,1
2026-09-06T19,9,1,1.24,0,616,1
2026-09-06T19,9,1,1.25,0,4130,1
2026-09-06T19,9,1,1.26,2944,12531,2
2026-09-06T19,9,1,1.27,0,3000,1
2026-09-06T19,9,1,1.28,1409,0,1
2026-09-06T19,9,2,1.21,0,17513,1
2026-09-06T19,9,2,1.25,0,50000,1
2026-09-06T19,9,2,1.26,0,31033,1
2026-09-06T19,9,2,1.27,0,56987,2
2026-09-06T19,9,2,1.28,0,4855,1
2026-09-06T19,9,2,1.29,0,32251,1
2026-09-06T19,9,2,1.3,0,137167,2
2026-09-06T19,9,3,1.29,0,587840,1
2026-09-06T19,9,3,1.3,10058,1301,2
2026-09-06T19,9,3,1.31,0,50000,1
2026-09-06T20,9,0,1.11,0,300,1
2026-09-06T20,9,0,1.12,0,491,1
2026-09-06T20,9,0,1.13,0,7042,2
2026-09-06T20,9,0,1.14,0,6440,2
2026-09-06T20,9,0,1.15,770,625,2
2026-09-06T20,9,0,1.16,0,3339,2
2026-09-06T20,9,0,1.17,0,1245,1
2026-09-06T20,9,0,1.18,0,2419,2
2026-09-06T20,9,0,1.19,882,415,2
2026-09-06T20,9,0,1.2,0,950,1
2026-09-06T20,9,0,1.21,0,318,1
2026-09-06T20,9,0,1.22,0,2600,1
2026-09-06T20,9,0,1.23,0,24,1
2026-09-06T20,9,0,1.24,5246,257568,4
2026-09-06T20,9,2,1.28,15688,0,4
2026-09-06T21,9,0,1.14,0,908,1
2026-09-06T21,9,0,1.15,0,19555,2
2026-09-06T21,9,0,1.16,1,8599,2
2026-09-06T21,9,0,1.17,0,123,1
2026-09-06T21,9,0,1.18,0,565,1
2026-09-06T21,9,0,1.19,0,4853,3
2026-09-06T21,9,0,1.2,0,453,1
2026-09-06T21,9,0,1.21,2547,0,1
2026-09-06T21,9,1,1.25,0,1130,1
2026-09-06T21,9,1,1.26,870,0,1
2026-09-06T22,9,0,1.14,500,7250,2
2026-09-06T22,9,0,1.15,0,8082,1
2026-09-06T22,9,1,1.24,1200,0,1
2026-09-06T22,9,7,1.72,0,1,1
2026-09-06T22,9,7,1.73,0,1,1
2026-09-06T22,9,7,1.74,0,1,1
2026-09-06T23,9,0,1.14,0,1556,1
2026-09-06T23,9,0,1.15,0,679,2
2026-09-06T23,9,0,1.16,46,8773,3
2026-09-06T23,9,0,1.17,5000,13145,4
2026-09-06T23,9,0,1.18,0,16604,1
2026-09-06T23,9,0,1.19,1180,100766,4
2026-09-06T23,9,0,1.2,1000,0,1
2026-09-06T23,9,2,1.24,16348,0,1
2026-09-07T00,9,0,1.11,100,1741,5
2026-09-07T00,9,0,1.12,2460,2540,2
2026-09-07T00,9,0,1.13,0,8472,2
2026-09-07T00,9,0,1.14,0,13063,1
2026-09-07T00,9,0,1.15,0,3792,1
2026-09-07T00,9,0,1.16,0,88,1
2026-09-07T00,9,0,1.17,0,982,1
2026-09-07T00,9,0,1.19,26181,2567,3
2026-09-07T00,9,0,1.2,445,17433,4
2026-09-07T00,9,3,1.29,16707,0,2
2026-09-07T01,9,0,1.11,0,400,1
2026-09-07T01,9,0,1.12,2274,65867,3
2026-09-07T01,9,0,1.16,0,12541,2
2026-09-07T01,9,0,1.17,5000,60,2
2026-09-07T01,9,1,1.17,0,100699,1
2026-09-07T01,9,1,1.18,73898,0,2
2026-09-07T01,9,1,1.21,36392,0,1
2026-09-07T02,9,0,1.11,0,6847,1
2026-09-07T02,9,0,1.12,0,1341,1
2026-09-07T02,9,0,1.13,0,12413,1
2026-09-07T02,9,0,1.14,5674,9326,3
2026-09-07T02,9,0,1.15,0,18587,1
2026-09-07T02,9,0,1.16,1100,1421,3
2026-09-07T02,9,0,1.17,100,133513,3
2026-09-07T02,9,0,1.18,0,2230,1
2026-09-07T02,9,0,1.2,0,6518,3
2026-09-07T02,9,0,1.21,0,7453,1
2026-09-07T02,9,0,1.22,0,25904,4
2026-09-07T02,9,1,1.18,0,1102,1
2026-09-07T02,9,1,1.21,0,18272,1
2026-09-07T02,9,1,1.22,0,4464,1
2026-09-07T02,9,2,1.23,31344,0,1
2026-09-07T02,9,4,1.38,0,3892,1
2026-09-07T02,9,4,1.39,51064,0,2
2026-09-07T02,9,7,1.73,0,1,1
2026-09-07T02,9,7,1.74,0,1,1
2026-09-07T03,9,0,1.14,0,4150,1
2026-09-07T03,9,2,1.23,1,149,2
2026-09-07T03,9,2,1.24,0,31652,1
2026-09-07T03,9,2,1.25,0,13513,1
2026-09-07T03,9,2,1.26,0,82384,1
2026-09-07T03,9,3,1.28,0,40563,1
2026-09-07T04,9,0,1.14,0,7490,1
2026-09-07T04,9,0,1.15,0,15395,3
2026-09-07T04,9,0,1.16,2500,35419,4
2026-09-07T04,9,0,1.17,0,6118,2
2026-09-07T04,9,0,1.18,0,4241,1
2026-09-07T04,9,0,1.19,0,3200,2
2026-09-07T04,9,0,1.2,0,3996,1
2026-09-07T04,9,0,1.21,0,1909,1
2026-09-07T04,9,0,1.22,0,20903,3
2026-09-07T04,9,0,1.23,3374,20112,5
2026-09-07T04,9,1,1.22,0,9064,1
2026-09-07T04,9,1,1.23,0,33133,2
2026-09-07T04,9,1,1.24,250,0,1
2026-09-07T04,9,3,1.29,0,3293,1
2026-09-07T04,9,3,1.3,533,0,1
2026-09-07T05,9,0,1.22,100,0,1
2026-09-07T05,9,0,1.23,0,1692,2
2026-09-07T05,9,1,1.22,1146,3854,2
2026-09-07T05,9,1,1.24,5766,0,4
2026-09-07T05,9,2,1.26,32616,0,1
2026-09-07T05,9,7,1.67,0,1,1
2026-09-07T05,9,7,1.68,0,1,1
2026-09-07T06,9,0,1.15,70,2825,3
2026-09-07T06,9,0,1.16,0,7240,2
2026-09-07T06,9,0,1.17,1387,5891,5
2026-09-07T06,9,0,1.18,0,1648,2
2026-09-07T06,9,0,1.19,2230,385,3
2026-09-07T06,9,0,1.2,1392,15,2
2026-09-07T06,9,4,1.39,3466,0,1
2026-09-07T07,9,0,1.11,800,0,1
2026-09-07T07,9,0,1.17,0,937,1
2026-09-07T07,9,0,1.18,0,5209,2
2026-09-07T07,9,0,1.19,0,71152,3
2026-09-07T07,9,0,1.2,108271,25893,5
2026-09-07T07,9,1,1.23,800,0,1
2026-09-07T07,9,2,1.24,1000,0,1
2026-09-07T08,9,0,1.11,0,2397,1
2026-09-07T08,9,0,1.12,0,1000,1
2026-09-07T08,9,0,1.13,1084,4206,4
2026-09-07T08,9,0,1.14,0,28286,3
2026-09-07T08,9,0,1.15,0,9943,4
2026-09-07T08,9,0,1.16,0,69083,2
2026-09-07T08,9,0,1.17,5100,10037,4
2026-09-07T08,9,0,1.18,0,100,1
2026-09-07T08,9,0,1.19,0,50,1
2026-09-07T08,9,0,1.2,15732,37701,3
2026-09-07T08,9,1,1.22,400,0,1
2026-09-07T09,9,0,1.15,0,200,1
2026-09-07T09,9,0,1.16,0,200,1
2026-09-07T09,9,0,1.17,310,0,1
2026-09-07T09,9,0,1.18,4987,4663,4
2026-09-07T09,9,0,1.19,0,117,1
2026-09-07T09,9,0,1.2,0,12559,2
2026-09-07T09,9,0,1.21,0,3606,1
2026-09-07T09,9,0,1.22,100,16154,2
2026-09-07T09,9,1,1.22,0,4259,1
2026-09-07T09,9,3,1.27,0,10000,1
2026-09-07T09,9,3,1.28,0,27000,1
2026-09-07T09,9,3,1.29,0,59948,1
2026-09-07T09,9,3,1.3,0,27241,1
2026-09-07T09,9,3,1.32,0,100000,1
2026-09-07T09,9,3,1.33,0,44041,1
2026-09-07T09,9,3,1.34,0,69878,1
2026-09-07T09,9,3,1.38,0,600000,1
2026-09-07T09,9,3,1.41,0,140000,1
2026-09-07T09,9,3,1.49,0,691000,1
2026-09-07T09,9,4,1.37,0,11450,1
2026-09-07T09,9,4,1.38,0,64012,1
2026-09-07T09,9,4,1.39,0,961577,1
2026-09-07T09,9,4,1.4,0,119905,2
2026-09-07T09,9,5,1.48,0,4367,1
2026-09-07T09,9,5,1.49,0,157550,1
2026-09-07T09,9,5,1.5,0,8738,1
2026-09-07T10,9,0,1.15,719,24904,2
2026-09-07T10,9,0,1.16,366,2710,2
2026-09-07T10,9,0,1.17,0,3382,2
2026-09-07T10,9,0,1.18,0,2769,1
2026-09-07T10,9,0,1.2,0,4623,2
2026-09-07T10,9,0,1.21,0,43073,2
2026-09-07T10,9,0,1.22,100,128799,3
2026-09-07T10,9,0,1.23,573,2144,2
2026-09-07T10,9,1,1.21,0,54440,1
2026-09-07T10,9,1,1.22,0,9045,1
2026-09-07T10,9,1,1.23,5000,2283,2
2026-09-07T10,9,2,1.23,0,100000,1
2026-09-07T10,9,2,1.24,0,57413,1
2026-09-07T10,9,5,1.55,56000,0,1
2026-09-07T11,9,0,1.15,0,1400,1
2026-09-07T11,9,0,1.16,0,2905,2
2026-09-07T11,9,0,1.17,833,14762,5
2026-09-07T11,9,0,1.18,0,53378,3
2026-09-07T11,9,0,1.19,1000,13210,4
2026-09-07T11,9,0,1.2,3600,22515,3
2026-09-07T11,9,1,1.18,0,25158,1
2026-09-07T11,9,1,1.19,0,19133,1
2026-09-07T11,9,1,1.2,0,3000,1
2026-09-07T11,9,1,1.21,800,0,1
2026-09-07T12,9,0,1.12,2500,3104,2
2026-09-07T12,9,0,1.13,0,5253,1
2026-09-07T12,9,0,1.14,0,9491,1
2026-09-07T12,9,0,1.15,0,3909,2
2026-09-07T12,9,0,1.17,0,5000,1
2026-09-07T12,9,0,1.18,0,2014,1
2026-09-07T12,9,0,1.19,5133,120649,3
2026-09-07T12,9,0,1.2,0,3984,4
2026-09-07T12,9,0,1.21,0,20662,5
2026-09-07T12,9,0,1.22,119077,0,1
2026-09-07T12,9,1,1.21,0,1659,1
2026-09-07T12,9,1,1.22,0,4000,1
2026-09-07T12,9,3,1.3,6386,0,1
2026-09-07T13,9,0,1.14,0,2084,1
2026-09-07T13,9,0,1.15,0,7667,2
2026-09-07T13,9,0,1.18,0,126,1
2026-09-07T13,9,0,1.19,0,15107,1
2026-09-07T13,9,0,1.2,0,3033,2
2026-09-07T13,9,0,1.21,0,2896,3
2026-09-07T13,9,0,1.22,3851,0,1
2026-09-07T13,9,2,1.21,1610,0,1
2026-09-07T13,9,2,1.22,1020,18409,2
2026-09-07T13,9,3,1.3,0,883,1
2026-09-07T13,9,3,1.34,6000,0,1
2026-09-07T14,9,0,1.12,0,1714,1
2026-09-07T14,9,0,1.13,2430,0,1
2026-09-07T14,9,0,1.14,11200,7055,2
2026-09-07T14,9,0,1.15,995,26477,6
2026-09-07T14,9,2,1.21,2050,0,1
2026-09-07T14,9,3,1.3,0,17544,1
2026-09-07T15,9,0,1.12,0,5000,1
2026-09-07T15,9,0,1.13,1739,5166,4
2026-09-07T15,9,0,1.14,3000,2141,3
2026-09-07T15,9,0,1.15,0,614,2
2026-09-07T15,9,0,1.16,0,50431,6
2026-09-07T15,9,0,1.17,5678,14169,4
2026-09-07T15,9,0,1.18,0,2365,2
2026-09-07T15,9,0,1.19,0,239,1
2026-09-07T15,9,0,1.2,250,41590,7
2026-09-07T15,9,0,1.21,4413,50000,2
2026-09-07T15,9,0,1.22,0,159201,2
2026-09-07T15,9,0,1.23,0,64105,5
2026-09-07T15,9,0,1.24,0,117116,2
2026-09-07T15,9,0,1.25,0,177975,9
2026-09-07T15,9,1,1.18,0,24864,1
2026-09-07T15,9,1,1.23,0,27433,2
2026-09-07T15,9,1,1.24,0,5133,1
2026-09-07T15,9,1,1.25,0,10000,1
2026-09-07T15,9,2,1.19,3522,83154,2
2026-09-07T15,9,2,1.2,0,8364,1
2026-09-07T15,9,2,1.21,0,18555,1
2026-09-07T15,9,2,1.23,0,38000,1
2026-09-07T15,9,2,1.24,0,20000,1
2026-09-07T15,9,2,1.25,0,65295,1
2026-09-07T15,9,4,1.5,0,37691,1
2026-09-07T15,9,4,1.53,7004,0,1
2026-09-07T16,9,0,1.13,0,19512,1
2026-09-07T16,9,0,1.14,0,491,1
2026-09-07T16,9,0,1.15,0,10000,1
2026-09-07T16,9,0,1.17,3148,46852,2
2026-09-07T16,9,0,1.18,0,4469,2
2026-09-07T16,9,0,1.19,0,12222,1
2026-09-07T16,9,0,1.2,0,24128,2
2026-09-07T16,9,0,1.21,1778,5587,2
2026-09-07T16,9,0,1.22,0,37342,1
2026-09-07T16,9,0,1.23,0,8434,3
2026-09-07T16,9,0,1.24,0,2000,1
2026-09-07T16,9,0,1.25,0,360,2
2026-09-07T16,9,1,1.25,0,5000,1
2026-09-07T16,9,2,1.26,0,112352,1
2026-09-07T17,9,0,1.13,0,2870,1
2026-09-07T17,9,0,1.14,0,36221,3
2026-09-07T17,9,0,1.15,800,12002,5
2026-09-07T17,9,0,1.16,0,1888,3
2026-09-07T17,9,0,1.17,0,702,2
2026-09-07T17,9,0,1.18,1339,3577,3
2026-09-07T17,9,0,1.19,328,0,1
2026-09-07T17,9,2,1.26,518,0,1
2026-09-07T18,9,0,1.17,0,20,1
2026-09-07T18,9,0,1.18,0,89880,4
2026-09-07T18,9,0,1.19,0,16982,2
2026-09-07T18,9,0,1.2,0,8449,3
2026-09-07T18,9,0,1.21,0,14845,3
2026-09-07T18,9,0,1.22,5100,6238,3
2026-09-07T18,9,0,1.23,0,992,1
2026-09-07T18,9,0,1.24,0,6247,2
2026-09-07T18,9,0,1.25,0,400,1
2026-09-07T18,9,0,1.26,0,478041,8
2026-09-07T18,9,0,1.27,0,120779,5
2026-09-07T18,9,1,1.24,0,12919,1
2026-09-07T18,9,1,1.25,0,38750,1
2026-09-07T18,9,1,1.26,0,2335,1
2026-09-07T18,9,1,1.27,0,21092,1
2026-09-07T18,9,2,1.26,0,27484,1
2026-09-07T18,9,2,1.27,0,52829,2
2026-09-07T18,9,2,1.28,0,68273,2
2026-09-07T18,9,7,1.73,0,1,1
2026-09-07T18,9,7,1.74,0,1,1
2026-09-07T19,9,0,1.17,0,2106,1
2026-09-07T19,9,0,1.19,0,952,1
2026-09-07T19,9,0,1.2,0,120,1
2026-09-07T19,9,0,1.21,974,390,3
2026-09-07T19,9,0,1.22,0,150,1
2026-09-07T19,9,0,1.23,0,3100,1
2026-09-07T19,9,0,1.24,0,6493,4
2026-09-07T19,9,0,1.25,0,695,2
2026-09-07T19,9,0,1.26,0,897,1
2026-09-07T19,9,1,1.26,47627,6328,2
2026-09-07T19,9,1,1.28,2970,0,1
2026-09-07T19,9,2,1.26,2178,19604,2
2026-09-07T19,9,2,1.27,10255,89745,2
2026-09-07T19,9,2,1.29,0,25670,1
2026-09-07T19,9,3,1.3,0,19114,1
2026-09-07T19,9,3,1.33,0,27508,1
2026-09-07T19,9,4,1.5,24000,0,1
2026-09-07T20,9,0,1.11,0,8338,1
2026-09-07T20,9,0,1.15,0,134,1
2026-09-07T20,9,0,1.16,0,3435,3
2026-09-07T20,9,0,1.17,0,4703,3
2026-09-07T20,9,0,1.18,0,1232,3
2026-09-07T20,9,0,1.19,4022,36769,5
2026-09-07T20,9,0,1.2,0,15305,1
2026-09-07T20,9,1,1.24,1720,0,1
2026-09-07T20,9,5,1.49,11108,0,1
2026-09-07T21,9,0,1.17,0,49,1
2026-09-07T21,9,0,1.18,50,950,3
2026-09-07T21,9,0,1.19,4598,8818,6
2026-09-07T21,9,0,1.2,5576,3674,6
2026-09-07T21,9,1,1.2,0,4326,1
2026-09-07T21,9,1,1.21,5346,0,2
2026-09-07T21,9,2,1.3,0,9171,1
2026-09-07T21,9,2,1.31,3950,0,1
2026-09-07T22,9,0,1.13,0,6967,1
2026-09-07T22,9,0,1.14,0,1594,2
2026-09-07T22,9,0,1.15,0,57,1
2026-09-07T22,9,0,1.16,0,2000,1
2026-09-07T22,9,0,1.17,0,424,1
2026-09-07T22,9,0,1.18,0,230,1
2026-09-07T22,9,0,1.19,0,8,1
2026-09-07T22,9,0,1.2,20000,0,1
2026-09-07T22,9,1,1.21,0,13327,1
2026-09-07T22,9,1,1.22,0,10173,1
2026-09-07T22,9,3,1.34,5026,0,1
2026-09-07T23,9,0,1.13,0,1401,1
2026-09-07T23,9,0,1.14,0,22501,2
2026-09-07T23,9,0,1.15,6446,254,4
2026-09-07T23,9,1,1.11,0,10,1
2026-09-07T23,9,1,1.12,0,10,1
2026-09-07T23,9,1,1.15,0,10,1
2026-09-07T23,9,1,1.17,0,3392,1
2026-09-07T23,9,1,1.18,206,0,1
2026-09-07T23,9,3,1.3,0,13619,1
2026-09-08T00,9,0,1.13,100,20,2
2026-09-08T00,9,0,1.14,0,1817,2
2026-09-08T00,9,0,1.15,0,2824,2
2026-09-08T00,9,0,1.16,339,0,1
2026-09-08T00,9,1,1.18,1200,0,1
2026-09-08T00,9,3,1.3,0,6378,1
2026-09-08T00,9,3,1.33,10330,0,1
2026-09-08T00,9,7,1.73,0,1,1
2026-09-08T00,9,7,1.74,0,1,1
2026-09-08T01,9,0,1.11,0,799,1
2026-09-08T01,9,0,1.12,200,49800,2
2026-09-08T01,9,0,1.13,0,49837,2
2026-09-08T01,9,0,1.14,0,20385,6
2026-09-08T01,9,0,1.15,2458,1640,2
2026-09-08T01,9,1,1.14,0,80,1
2026-09-08T01,9,1,1.15,269950,0,6
2026-09-08T01,9,1,1.16,3560,0,1
2026-09-08T01,9,2,1.26,1500,0,1
2026-09-08T01,9,3,1.33,0,29670,1
2026-09-08T02,9,0,1.13,0,340,1
2026-09-08T02,9,0,1.14,0,269,2
2026-09-08T02,9,0,1.15,0,770,2
2026-09-08T02,9,0,1.16,0,14243,5
2026-09-08T02,9,0,1.17,846,9502,3
2026-09-08T02,9,0,1.18,0,174,1
2026-09-08T02,9,0,1.19,0,9816,2
2026-09-08T02,9,0,1.2,9990,0,1
2026-09-08T02,9,1,1.15,0,330050,1
2026-09-08T02,9,1,1.16,0,1574,1
2026-09-08T02,9,1,1.17,0,6000,1
2026-09-08T02,9,1,1.18,0,9866,1
2026-09-08T02,9,1,1.2,0,115265,1
2026-09-08T02,9,5,1.49,80960,0,1
2026-09-08T03,9,0,1.14,0,814,1
2026-09-08T03,9,0,1.15,186,0,1
2026-09-08T03,9,0,1.16,0,2844,1
2026-09-08T03,9,0,1.17,1169,0,2
2026-09-08T03,9,0,1.18,0,2000,1
2026-09-08T03,9,0,1.19,0,4500,1
2026-09-08T03,9,0,1.2,0,5234,4
2026-09-08T03,9,0,1.21,2500,0,1
2026-09-08T03,9,2,1.22,500000,0,1
2026-09-08T03,9,3,1.33,0,22869,1
2026-09-08T03,9,4,1.48,0,15840,1
2026-09-08T03,9,5,1.49,44160,0,1
2026-09-08T04,9,0,1.12,2500,22700,5
2026-09-08T04,9,0,1.13,0,4344,1
2026-09-08T04,9,0,1.14,0,10000,1
2026-09-08T04,9,0,1.15,0,1774,1
2026-09-08T04,9,0,1.16,0,6961,2
2026-09-08T04,9,0,1.17,0,11332,1
2026-09-08T04,9,0,1.18,0,8,1
2026-09-08T04,9,0,1.19,0,1178,1
2026-09-08T04,9,0,1.2,0,6014,2
2026-09-08T04,9,0,1.21,1654,105535,6
2026-09-08T04,9,0,1.22,0,28735,2
2026-09-08T04,9,1,1.23,0,18251,1
2026-09-08T04,9,2,1.22,0,1077070,1
2026-09-08T04,9,2,1.23,0,43513,1
2026-09-08T04,9,2,1.24,101610,0,2
2026-09-08T04,9,3,1.33,3778,0,1
2026-09-08T05,9,0,1.15,60,0,1
2026-09-08T05,9,0,1.16,0,3190,1
2026-09-08T05,9,0,1.17,0,11320,1
2026-09-08T05,9,0,1.18,0,6222,2
2026-09-08T05,9,0,1.19,1564,0,1
2026-09-08T05,9,1,1.19,2000,0,1
2026-09-08T05,9,1,1.2,1200,0,1
2026-09-08T06,9,0,1.13,0,8393,2
2026-09-08T06,9,0,1.14,0,6296,1
2026-09-08T06,9,0,1.15,0,27696,2
2026-09-08T06,9,0,1.16,0,3168,2
2026-09-08T06,9,0,1.17,5449,20305,5
2026-09-08T06,9,0,1.18,3902,0,2
2026-09-08T06,9,1,1.19,78,0,1
2026-09-08T07,9,0,1.11,3846,856,3
2026-09-08T07,9,0,1.12,100,10671,4
2026-09-08T07,9,0,1.13,2500,3838,2
2026-09-08T07,9,0,1.14,0,770,1
2026-09-08T07,9,0,1.15,0,51839,2
2026-09-08T07,9,0,1.16,0,890,1
2026-09-08T07,9,0,1.17,615,18528,4
2026-09-08T07,9,1,1.18,0,43323,2
2026-09-08T07,9,1,1.19,0,49558,1
2026-09-08T07,9,3,1.29,0,15986,1
2026-09-08T07,9,3,1.3,0,38233,1
2026-09-08T08,9,0,1.12,0,2402,1
2026-09-08T08,9,0,1.13,15000,7789,2
2026-09-08T08,9,0,1.14,0,965,1
2026-09-08T08,9,0,1.16,0,10,1
2026-09-08T08,9,0,1.17,0,23568,2
2026-09-08T08,9,0,1.18,0,45558,3
2026-09-08T08,9,0,1.19,1270,74222,5
2026-09-08T08,9,0,1.2,0,9133,2
2026-09-08T08,9,0,1.21,0,7846,1
2026-09-08T08,9,1,1.2,25208,42776,3
2026-09-08T09,9,0,1.15,250,0,1
2026-09-08T09,9,0,1.17,20,2160,2
2026-09-08T09,9,0,1.18,3687,3030,4
2026-09-08T09,9,0,1.19,0,13676,1
2026-09-08T09,9,0,1.2,0,500,1
2026-09-08T09,9,1,1.19,100,7120,2
2026-09-08T09,9,1,1.2,0,5297,1
2026-09-08T09,9,2,1.2,0,88591,1
2026-09-08T10,9,0,1.11,0,2937,2
2026-09-08T10,9,0,1.12,0,1377,1
2026-09-08T10,9,0,1.13,200,9430,3
2026-09-08T10,9,0,1.14,0,12000,1
2026-09-08T10,9,0,1.15,1000,9337,3
2026-09-08T10,9,0,1.16,0,28282,1
2026-09-08T10,9,0,1.17,0,100,1
2026-09-08T10,9,1,1.17,0,2452,1
2026-09-08T10,9,1,1.18,0,58136,1
2026-09-08T10,9,1,1.19,1000,0,1
2026-09-08T10,9,2,1.19,0,15980,1
2026-09-08T11,9,0,1.11,0,5564,1
2026-09-08T11,9,0,1.12,5000,15743,3
2026-09-08T11,9,0,1.13,2500,8849,3
2026-09-08T11,9,0,1.14,2651,14722,3
2026-09-08T11,9,0,1.15,0,6000,3
2026-09-08T11,9,0,1.16,0,8237,2
2026-09-08T11,9,0,1.17,0,4127,3
2026-09-08T11,9,0,1.18,703,0,1
2026-09-08T11,9,1,1.19,400,0,1
2026-09-08T11,9,2,1.19,0,5102,1
2026-09-08T11,9,2,1.2,0,50748,1
2026-09-08T11,9,2,1.21,0,10145,1
2026-09-08T11,9,2,1.22,0,2814,1
2026-09-08T11,9,2,1.23,0,26973,1
2026-09-08T11,9,2,1.24,0,268440,1
2026-09-08T11,9,2,1.25,0,31304,1
2026-09-08T11,9,3,1.3,0,5791,1
2026-09-08T11,9,3,1.33,10058,0,1
2026-09-08T11,9,4,1.44,5088,0,1
2026-09-08T12,9,0,1.12,0,6525,2
2026-09-08T12,9,0,1.13,0,50000,1
2026-09-08T12,9,0,1.14,0,6231,3
2026-09-08T12,9,0,1.15,400,22228,4
2026-09-08T12,9,0,1.16,20817,18983,3
2026-09-08T12,9,1,1.16,0,1666,1
2026-09-08T12,9,1,1.17,0,5648,1
2026-09-08T13,9,0,1.11,0,13527,1
2026-09-08T13,9,0,1.12,0,1482,2
2026-09-08T13,9,0,1.13,0,8507,1
2026-09-08T13,9,0,1.14,0,1164,1
2026-09-08T13,9,0,1.15,2255,749,2
2026-09-08T13,9,0,1.16,0,2077,1
2026-09-08T13,9,0,1.17,0,1960,1
2026-09-08T13,9,1,1.17,0,963,1
2026-09-08T13,9,1,1.18,2500,1954,2
2026-09-08T13,9,1,1.19,4247,9695,3
2026-09-08T14,9,0,1.11,0,2413,1
2026-09-08T14,9,0,1.12,0,736,1
2026-09-08T14,9,0,1.13,0,1122,3
2026-09-08T14,9,0,1.14,0,24733,3
2026-09-08T14,9,0,1.15,0,4040,3
2026-09-08T14,9,0,1.16,0,1124,2
2026-09-08T14,9,0,1.17,0,4406,2
2026-09-08T14,9,0,1.18,0,22853,3
2026-09-08T14,9,0,1.19,0,25877,4
2026-09-08T14,9,0,1.2,0,73073,5
2026-09-08T14,9,0,1.21,0,6245,1
2026-09-08T14,9,0,1.22,29382,0,1
2026-09-08T14,9,1,1.19,5272,3705,2
2026-09-08T14,9,1,1.2,20295,53004,3
2026-09-08T14,9,1,1.22,0,5406,1
2026-09-08T14,9,7,1.7,0,1,1
2026-09-08T14,9,7,1.71,0,1,1
2026-09-08T14,9,7,1.72,0,1,1
2026-09-08T14,9,7,1.73,0,1,1
2026-09-08T14,9,7,1.74,0,2,2
2026-09-08T15,9,0,1.12,0,1381,2
2026-09-08T15,9,0,1.13,0,632,1
2026-09-08T15,9,0,1.14,0,5456,2
2026-09-08T15,9,0,1.15,0,1418,2
2026-09-08T15,9,0,1.16,851,1320,3
2026-09-08T15,9,0,1.17,0,10827,2
2026-09-08T15,9,0,1.18,5293,4595,4
2026-09-08T15,9,0,1.2,300,0,1
2026-09-08T15,9,1,1.22,1558,0,1
2026-09-08T15,9,4,1.44,3702,0,1
2026-09-08T16,9,0,1.11,0,50,1
2026-09-08T16,9,0,1.12,0,340,1
2026-09-08T16,9,0,1.13,0,1498,1
2026-09-08T16,9,0,1.14,0,200,1
2026-09-08T16,9,0,1.15,412,2335,2
2026-09-08T16,9,0,1.16,157,35293,4
2026-09-08T16,9,0,1.17,0,7877,2
2026-09-08T16,9,0,1.19,0,3000,1
2026-09-08T16,9,0,1.2,0,3262,1
2026-09-08T16,9,0,1.21,0,749,1
2026-09-08T16,9,0,1.22,0,103886,2
2026-09-08T16,9,0,1.23,0,7068,1
2026-09-08T16,9,1,1.22,1900,3338,3
2026-09-08T16,9,1,1.23,5832,9343,2
2026-09-08T16,9,2,1.24,0,110996,1
2026-09-08T16,9,3,1.27,0,26037,1
2026-09-08T16,9,3,1.28,0,47336,1
2026-09-08T17,9,0,1.15,0,311,1
2026-09-08T17,9,0,1.17,0,17685,1
2026-09-08T17,9,0,1.18,0,1568,1
2026-09-08T17,9,0,1.19,0,107,1
2026-09-08T17,9,0,1.2,4893,3139,4
2026-09-08T17,9,0,1.21,81800,0,2
2026-09-08T17,9,10,3.6,2,0,1
2026-09-08T18,9,0,1.14,0,282,1
2026-09-08T18,9,0,1.15,0,13321,3
2026-09-08T18,9,0,1.16,0,4379,3
2026-09-08T18,9,0,1.17,0,52538,5
2026-09-08T18,9,0,1.18,0,28235,3
2026-09-08T18,9,0,1.19,5314,94989,6
2026-09-08T18,9,0,1.2,1632,21146,6
2026-09-08T18,9,0,1.21,0,200,1
2026-09-08T18,9,0,1.24,0,46334,2
2026-09-08T18,9,1,1.23,0,1638,1
2026-09-08T18,9,1,1.24,0,3348,1
2026-09-08T18,9,2,1.25,23630,2660,2
2026-09-08T18,9,2,1.26,3058,0,1
2026-09-08T19,9,0,1.14,0,123,1
2026-09-08T19,9,0,1.15,0,1410,1
2026-09-08T19,9,0,1.16,0,4612,2
2026-09-08T19,9,0,1.17,2606,5631,3
2026-09-08T19,9,0,1.18,0,4910,2
2026-09-08T19,9,0,1.19,2500,2134,3
2026-09-08T19,9,0,1.2,4778,4178,2
2026-09-08T19,9,0,1.21,0,9451,2
2026-09-08T19,9,0,1.22,0,18167,1
2026-09-08T19,9,0,1.23,2645,0,1
2026-09-08T19,9,1,1.23,210,5855,2
2026-09-08T19,9,1,1.24,2954,0,1
2026-09-08T19,9,2,1.24,0,31952,1
2026-09-08T19,9,2,1.25,50,80219,3
2026-09-08T19,9,2,1.26,0,280766,1
2026-09-08T19,9,2,1.27,0,12729,1
2026-09-08T19,9,2,1.28,0,55839,1
2026-09-08T19,9,3,1.28,0,2920,1
2026-09-08T19,9,3,1.29,0,42377,1
2026-09-08T19,9,3,1.3,0,25963,1
2026-09-08T19,9,3,1.32,24320,0,1
2026-09-08T20,9,0,1.18,0,1995,1
2026-09-08T20,9,0,1.2,0,4434,2
2026-09-08T20,9,0,1.21,20016,14050,5
2026-09-08T20,9,0,1.22,2000,0,1
2026-09-08T20,9,1,1.22,2808,0,1
2026-09-08T20,9,2,1.27,65656,0,3
2026-09-08T20,9,3,1.32,0,20680,2
2026-09-08T20,9,3,1.33,400000,0,1
2026-09-08T20,9,4,1.44,0,277337,1
2026-09-08T20,9,4,1.46,0,95465,1
2026-09-08T21,9,0,1.11,0,500,1
2026-09-08T21,9,0,1.12,0,600,2
2026-09-08T21,9,0,1.13,0,17986,1
2026-09-08T21,9,0,1.14,0,10000,1
2026-09-08T21,9,0,1.15,0,1011,1
2026-09-08T21,9,0,1.16,0,3790,1
2026-09-08T21,9,0,1.17,35682,6818,3
2026-09-08T21,9,1,1.11,0,8000,1
2026-09-08T21,9,1,1.22,2000,0,1
2026-09-08T21,9,2,1.27,595,0,1
2026-09-08T22,9,0,1.14,1133,2000,2
2026-09-08T22,9,0,1.15,1000,3529,4
2026-09-08T22,9,0,1.16,4804,12433,5
2026-09-08T22,9,0,1.17,11001,0,2
2026-09-08T22,9,2,1.26,3800,0,1
2026-09-08T23,9,0,1.13,0,10713,1
2026-09-08T23,9,0,1.14,0,2292,2
2026-09-08T23,9,0,1.15,0,1627,2
2026-09-08T23,9,0,1.16,0,21623,2
2026-09-08T23,9,0,1.17,0,118005,3
2026-09-08T23,9,0,1.18,0,209,1
2026-09-08T23,9,0,1.19,0,9257,2
2026-09-08T23,9,0,1.2,200,19101,5
2026-09-08T23,9,0,1.21,400,0,1
2026-09-08T23,9,3,1.29,20000,0,1
2026-09-09T00,9,0,1.18,0,834,1
2026-09-09T00,9,0,1.19,0,1111,1
2026-09-09T00,9,0,1.2,0,7014,4
2026-09-09T00,9,0,1.21,0,278193,4
2026-09-09T00,9,1,1.21,4944,12156,3
2026-09-09T00,9,3,1.29,0,47870,1
2026-09-09T00,9,3,1.3,0,5219,1
2026-09-09T00,9,3,1.32,0,32000,1
2026-09-09T00,9,3,1.33,15320,0,1
2026-09-09T00,9,4,1.45,5128,0,1
2026-09-09T00,9,7,1.72,0,1,1
2026-09-09T00,9,7,1.73,0,1,1
2026-09-09T00,9,7,1.74,0,1,1
2026-09-09T01,9,0,1.14,142,0,1
2026-09-09T01,9,0,1.18,0,18839,3
2026-09-09T01,9,0,1.19,24,4553,2
2026-09-09T01,9,1,1.2,3720,0,1
2026-09-09T02,9,0,1.11,0,30,1
2026-09-09T02,9,0,1.12,12,784,2
2026-09-09T02,9,0,1.13,0,23497,2
2026-09-09T02,9,0,1.14,0,29230,1
2026-09-09T02,9,0,1.15,0,7031,2
2026-09-09T02,9,0,1.16,158,2507,3
2026-09-09T02,9,0,1.17,0,5885,2
2026-09-09T02,9,0,1.18,0,8750,1
2026-09-09T02,9,0,1.19,0,10317,2
2026-09-09T02,9,0,1.2,0,19250,4
2026-09-09T02,9,0,1.21,0,15174,2
2026-09-09T02,9,0,1.22,0,8241,2
2026-09-09T02,9,1,1.18,0,1257,1
2026-09-09T02,9,1,1.19,0,19774,1
2026-09-09T02,9,1,1.2,18770,94133,3
2026-09-09T02,9,1,1.21,0,17696,1
2026-09-09T02,9,1,1.22,0,10192,2
2026-09-09T02,9,1,1.23,3564,0,1
2026-09-09T02,9,2,1.23,0,108516,1
2026-09-09T03,9,0,1.16,0,10361,1
2026-09-09T03,9,0,1.17,1000,2500,3
2026-09-09T03,9,0,1.18,0,3000,2
2026-09-09T03,9,0,1.19,2500,9500,2
2026-09-09T03,9,0,1.2,0,7353,3
2026-09-09T03,9,0,1.21,0,30944,2
2026-09-09T03,9,0,1.22,0,5000,1
2026-09-09T03,9,0,1.23,0,40769,1
2026-09-09T03,9,0,1.24,0,195341,4
2026-09-09T03,9,1,1.22,0,3245,1
2026-09-09T03,9,1,1.23,0,39592,1
2026-09-09T03,9,1,1.24,0,18658,2
2026-09-09T03,9,2,1.22,0,500000,1
2026-09-09T03,9,2,1.23,0,6341,1
2026-09-09T03,9,2,1.24,0,144458,1
2026-09-09T03,9,4,1.45,0,3509,1
2026-09-09T03,9,5,1.47,57344,0,2
2026-09-09T03,9,7,1.74,0,1,1
2026-09-09T04,9,0,1.23,0,3887,2
2026-09-09T04,9,0,1.24,0,10574,3
2026-09-09T04,9,1,1.2,1800,0,1
2026-09-09T04,9,2,1.25,42857,20000,4
2026-09-09T05,9,0,1.14,0,624,1
2026-09-09T05,9,0,1.15,0,10786,1
2026-09-09T05,9,0,1.16,1590,4740,2
2026-09-09T05,9,0,1.17,3000,4228,3
2026-09-09T05,9,0,1.18,0,554,1
2026-09-09T05,9,0,1.19,5650,21498,4
2026-09-09T05,9,0,1.2,0,25566,4
2026-09-09T05,9,1,1.2,0,98200,1
2026-09-09T05,9,1,1.24,6926,0,2
2026-09-09T05,9,2,1.25,0,79971,1
2026-09-09T06,9,0,1.11,95,1757,3
2026-09-09T06,9,0,1.12,0,605,1
2026-09-09T06,9,0,1.13,7986,3553,3
2026-09-09T06,9,0,1.14,1916,0,1
2026-09-09T06,9,0,1.15,2900,0,2
2026-09-09T06,9,1,1.22,3154,0,1
2026-09-09T06,9,2,1.25,0,19343,1
2026-09-09T06,9,2,1.26,0,11200,1
2026-09-09T06,9,2,1.27,0,33749,1
2026-09-09T06,9,2,1.29,32616,9855,2
2026-09-09T07,9,0,1.11,84,1502,3
2026-09-09T07,9,0,1.12,0,10451,2
2026-09-09T07,9,0,1.13,0,12395,3
2026-09-09T07,9,0,1.14,0,21289,3
2026-09-09T07,9,0,1.15,0,20495,3
2026-09-09T07,9,0,1.16,0,20595,2
2026-09-09T07,9,0,1.17,0,2132,1
2026-09-09T07,9,0,1.18,0,17452,3
2026-09-09T07,9,0,1.19,2112,13901,3
2026-09-09T07,9,7,1.74,0,1,1
2026-09-09T08,9,0,1.15,0,3279,1
2026-09-09T08,9,0,1.16,0,3902,2
2026-09-09T08,9,0,1.17,0,11019,1
2026-09-09T08,9,0,1.18,0,8767,2
2026-09-09T08,9,0,1.19,0,28882,2
2026-09-09T08,9,0,1.2,0,57978,5
2026-09-09T08,9,0,1.21,6278,3403,4
2026-09-09T08,9,0,1.22,1790,0,2
2026-09-09T08,9,1,1.21,0,9060,2
2026-09-09T08,9,1,1.22,0,237652,3
2026-09-09T08,9,2,1.28,1100,0,1
2026-09-09T09,9,0,1.17,0,3846,1
2026-09-09T09,9,0,1.18,6737,0,2
2026-09-09T09,9,0,1.19,506,0,2
2026-09-09T09,9,0,1.21,11334,0,1
2026-09-09T10,9,0,1.14,0,3308,1
2026-09-09T10,9,0,1.15,0,51530,2
2026-09-09T10,9,0,1.16,0,6741,2
2026-09-09T10,9,0,1.17,0,7613,2
2026-09-09T10,9,0,1.18,632,35130,6
2026-09-09T10,9,0,1.19,0,25709,2
2026-09-09T10,9,1,1.21,1000,0,1
2026-09-09T10,9,1,1.22,208,0,1
2026-09-09T10,9,5,1.46,0,4369,1
2026-09-09T10,9,5,1.47,27887,0,1
2026-09-09T11,9,0,1.13,0,12153,2
2026-09-09T11,9,0,1.14,2640,25590,3
2026-09-09T11,9,0,1.15,0,2968,1
2026-09-09T11,9,0,1.16,0,1000,2
2026-09-09T11,9,0,1.17,4200,25487,4
2026-09-09T11,9,0,1.18,0,9836,3
2026-09-09T11,9,3,1.31,0,27000,1
2026-09-09T11,9,3,1.32,0,2473,1
2026-09-09T11,9,3,1.33,4049,0,1
2026-09-09T12,9,0,1.12,0,1579,1
2026-09-09T12,9,0,1.13,0,860,1
2026-09-09T12,9,0,1.14,0,5709,1
2026-09-09T12,9,0,1.15,0,1229,3
2026-09-09T12,9,0,1.16,0,1934,1
2026-09-09T12,9,0,1.17,0,7313,1
2026-09-09T12,9,0,1.18,0,2307,2
2026-09-09T12,9,0,1.19,0,138,2
2026-09-09T12,9,1,1.18,0,2327,1
2026-09-09T12,9,1,1.19,0,66052,1
2026-09-09T12,9,1,1.2,2831,0,2
2026-09-09T12,9,3,1.33,10058,0,1
2026-09-09T13,9,0,1.11,0,618,1
2026-09-09T13,9,0,1.12,0,11098,3
2026-09-09T13,9,0,1.13,4473,24274,5
2026-09-09T13,9,0,1.14,12,2988,2
2026-09-09T13,9,0,1.15,0,2112,3
2026-09-09T13,9,0,1.16,0,9952,1
2026-09-09T13,9,0,1.17,0,5747,1
2026-09-09T13,9,0,1.18,0,8437,1
2026-09-09T13,9,0,1.19,0,4396,2
2026-09-09T13,9,0,1.2,0,87518,4
2026-09-09T13,9,0,1.21,0,119486,1
2026-09-09T13,9,0,1.22,0,110412,5
2026-09-09T13,9,1,1.17,0,10964,1
2026-09-09T13,9,1,1.18,0,7413,1
2026-09-09T13,9,1,1.19,0,17165,2
2026-09-09T13,9,1,1.2,0,2805,1
2026-09-09T13,9,1,1.21,0,5461,1
2026-09-09T13,9,1,1.22,0,5027,1
2026-09-09T13,9,1,1.23,0,8538,1
2026-09-09T13,9,4,1.44,7650,0,1
2026-09-09T14,9,0,1.13,0,500,1
2026-09-09T14,9,0,1.14,0,7434,1
2026-09-09T14,9,0,1.15,0,64164,1
2026-09-09T14,9,0,1.16,0,236,1
2026-09-09T14,9,0,1.17,0,6317,5
2026-09-09T14,9,0,1.18,16736,6666,10
2026-09-09T14,9,0,1.19,0,49292,1
2026-09-09T14,9,0,1.2,0,5968,2
2026-09-09T14,9,0,1.21,0,128,1
2026-09-09T14,9,1,1.22,0,3804,1
2026-09-09T14,9,2,1.23,4370,0,2
2026-09-09T15,9,0,1.12,0,1577,1
2026-09-09T15,9,0,1.13,0,1610,1
2026-09-09T15,9,0,1.14,0,3951,2
2026-09-09T15,9,0,1.15,0,14420,3
2026-09-09T15,9,0,1.16,0,48718,2
2026-09-09T15,9,0,1.17,0,5037,2
2026-09-09T15,9,0,1.18,0,5889,2
2026-09-09T15,9,0,1.19,0,10393,3
2026-09-09T15,9,0,1.2,0,13044,2
2026-09-09T15,9,1,1.21,8183,0,1
2026-09-09T15,9,2,1.2,22114,54670,3
2026-09-09T15,9,2,1.23,1266,0,1
2026-09-09T16,9,0,1.14,0,6877,2
2026-09-09T16,9,0,1.15,0,13773,4
2026-09-09T16,9,0,1.16,0,1242,2
2026-09-09T16,9,0,1.17,642,0,1
2026-09-09T16,9,1,1.19,0,75500,1
2026-09-09T16,9,1,1.21,1380,0,1
2026-09-09T16,9,7,1.72,0,1,1
2026-09-09T16,9,7,1.73,0,1,1
2026-09-09T16,9,7,1.74,0,1,1
2026-09-09T17,9,0,1.15,0,100,1
2026-09-09T17,9,0,1.16,0,4756,1
2026-09-09T17,9,0,1.17,6206,8509,5
2026-09-09T17,9,0,1.18,0,2224,4
2026-09-09T17,9,0,1.19,1284,0,1
2026-09-09T17,9,0,1.2,455,0,1
2026-09-09T17,9,1,1.21,0,7246,1
2026-09-09T17,9,1,1.22,0,3128,1
2026-09-09T17,9,2,1.23,1226,0,1
2026-09-09T18,9,0,1.13,0,70446,1
2026-09-09T18,9,0,1.15,0,354,1
2026-09-09T18,9,0,1.16,0,372,1
2026-09-09T18,9,0,1.17,0,2229,2
2026-09-09T18,9,0,1.18,2249,14613,4
2026-09-09T18,9,0,1.19,0,14432,4
2026-09-09T18,9,0,1.2,0,5045,2
2026-09-09T18,9,0,1.21,0,594,1
2026-09-09T18,9,2,1.22,31906,0,1
2026-09-09T19,9,0,1.15,0,10000,1
2026-09-09T19,9,0,1.16,12568,16109,3
2026-09-09T19,9,0,1.17,13937,93565,3
2026-09-09T19,9,0,1.18,0,3705,1
2026-09-09T19,9,0,1.19,0,2327,1
2026-09-09T19,9,0,1.2,0,16417,4
2026-09-09T19,9,0,1.21,0,1807,2
2026-09-09T19,9,0,1.22,0,8804,3
2026-09-09T19,9,0,1.23,0,58369,5
2026-09-09T19,9,0,1.24,12878,112453,5
2026-09-09T19,9,1,1.21,2984,7016,2
2026-09-09T19,9,1,1.22,0,2400,1
2026-09-09T19,9,1,1.23,0,28044,2
2026-09-09T19,9,1,1.24,0,5968,1
2026-09-09T19,9,2,1.22,0,76604,1
2026-09-09T19,9,2,1.23,0,11613,1
2026-09-09T19,9,2,1.24,3547,31453,4
2026-09-09T19,9,2,1.25,74541,1938,3
2026-09-09T19,9,3,1.3,0,158564,1
2026-09-09T19,9,4,1.43,22070,0,1
2026-09-09T20,9,0,1.19,0,37662,3
2026-09-09T20,9,0,1.2,0,3000,1
2026-09-09T20,9,0,1.21,0,37130,1
2026-09-09T20,9,0,1.22,324,61971,4
2026-09-09T20,9,0,1.23,72,10556,4
2026-09-09T20,9,0,1.24,43958,24,3
2026-09-09T20,9,1,1.24,0,5295,1
2026-09-09T20,9,7,1.75,999,0,1
2026-09-09T21,9,0,1.2,0,492,1
2026-09-09T21,9,0,1.21,1957,9659,2
2026-09-09T21,9,0,1.22,0,15045,3
2026-09-09T21,9,0,1.23,3600,33640,5
2026-09-09T21,9,0,1.24,0,227749,2
2026-09-09T21,9,1,1.24,0,7790,1
2026-09-09T21,9,1,1.25,6371,0,2
2026-09-09T21,9,2,1.25,0,274590,3
2026-09-09T22,9,0,1.22,3548,1224,3
2026-09-09T22,9,0,1.23,141,8030,3
2026-09-09T22,9,1,1.25,1720,0,1
2026-09-09T22,9,2,1.26,3800,0,1
2026-09-09T22,9,3,1.3,0,10779,1
2026-09-09T23,9,0,1.16,0,5355,1
2026-09-09T23,9,0,1.17,2500,27192,2
2026-09-09T23,9,0,1.18,0,40676,2
2026-09-09T23,9,0,1.19,446,0,1
2026-09-09T23,9,1,1.19,0,12518,1
2026-09-10T00,9,0,1.15,0,640,1
2026-09-10T00,9,0,1.16,0,3442,2
2026-09-10T00,9,0,1.17,60,45614,3
2026-09-10T00,9,0,1.18,0,5573,2
2026-09-10T00,9,0,1.19,0,25470,4
2026-09-10T00,9,0,1.2,0,76,1
2026-09-10T00,9,0,1.21,0,405,1
2026-09-10T00,9,1,1.2,0,130925,1
2026-09-10T00,9,3,1.32,0,36000,1
2026-09-10T00,9,3,1.33,16708,0,1
2026-09-10T01,9,0,1.16,0,1117,1
2026-09-10T01,9,0,1.17,3963,7820,4
2026-09-10T01,9,0,1.18,20000,44582,4
2026-09-10T01,9,0,1.19,0,1689,2
2026-09-10T01,9,0,1.2,13364,13115,4
2026-09-10T01,9,0,1.21,0,15183,2
2026-09-10T01,9,0,1.22,0,2071,1
2026-09-10T01,9,0,1.23,36,3172,3
2026-09-10T01,9,1,1.2,1246,41009,3
2026-09-10T01,9,1,1.21,0,8210,1
2026-09-10T01,9,1,1.24,438,0,1
2026-09-10T01,9,2,1.21,1500,7208,2
2026-09-10T01,9,2,1.22,0,18996,1
2026-09-10T01,9,2,1.23,0,142864,1
2026-09-10T01,9,2,1.24,0,40000,1
2026-09-10T02,9,0,1.19,1324,0,2
2026-09-10T02,9,0,1.21,316,0,1
2026-09-10T02,9,1,1.23,1126,0,1
2026-09-10T03,9,0,1.12,0,304,1
2026-09-10T03,9,0,1.13,0,6000,1
2026-09-10T03,9,0,1.14,0,6416,1
2026-09-10T03,9,0,1.15,0,31553,3
2026-09-10T03,9,0,1.16,59731,0,2
2026-09-10T03,9,0,1.17,6000,0,1
2026-09-10T03,9,3,1.33,15000,0,1
2026-09-10T03,9,4,1.42,55721,0,2
2026-09-10T04,9,0,1.12,0,2000,1
2026-09-10T04,9,0,1.13,0,613,1
2026-09-10T04,9,0,1.14,0,603,1
2026-09-10T04,9,0,1.15,0,5133,1
2026-09-10T04,9,0,1.16,0,40869,2
2026-09-10T04,9,0,1.17,0,7550,1
2026-09-10T04,9,0,1.18,0,1619,1
2026-09-10T04,9,0,1.19,0,2679,4
2026-09-10T04,9,0,1.2,0,18257,5
2026-09-10T04,9,0,1.21,0,81960,4
2026-09-10T04,9,0,1.22,7992,1707,5
2026-09-10T04,9,0,1.23,4689,669,2
2026-09-10T04,9,1,1.22,0,16103,2
2026-09-10T04,9,1,1.23,0,220328,2
2026-09-10T04,9,2,1.23,0,24344,1
2026-09-10T04,9,2,1.24,3628,0,1
2026-09-10T05,9,0,1.13,0,2000,1
2026-09-10T05,9,0,1.14,0,12218,4
2026-09-10T05,9,0,1.15,0,300,1
2026-09-10T05,9,0,1.17,0,5186,1
2026-09-10T05,9,0,1.18,0,403,1
2026-09-10T05,9,0,1.19,0,2765,3
2026-09-10T05,9,0,1.2,24,4862,3
2026-09-10T05,9,0,1.21,200,711,2
2026-09-10T05,9,0,1.22,2738,0,1
2026-09-10T05,9,7,1.74,0,2,2
2026-09-10T06,9,0,1.12,0,298,1
2026-09-10T06,9,0,1.13,0,769,1
2026-09-10T06,9,0,1.14,0,587,2
2026-09-10T06,9,0,1.15,0,4798,4
2026-09-10T06,9,0,1.16,0,22065,2
2026-09-10T06,9,0,1.17,0,51789,3
2026-09-10T06,9,0,1.18,0,15290,2
2026-09-10T06,9,0,1.19,2471,58002,4
2026-09-10T06,9,0,1.2,0,46685,4
2026-09-10T06,9,0,1.21,16085,2204,3
2026-09-10T06,9,1,1.2,0,10990,2
2026-09-10T06,9,1,1.21,0,26492,2
2026-09-10T06,9,2,1.22,0,64795,1
2026-09-10T06,9,2,1.23,0,26685,1
2026-09-10T06,9,2,1.24,0,59449,1
2026-09-10T06,9,2,1.25,0,135237,2
2026-09-10T06,9,2,1.26,0,13609,1
2026-09-10T06,9,7,1.75,0,998004,1
2026-09-10T07,9,0,1.15,0,285,1
2026-09-10T07,9,0,1.16,3400,6717,6
2026-09-10T07,9,0,1.17,0,713,2
2026-09-10T07,9,0,1.18,188,3554,3
2026-09-10T07,9,0,1.19,0,1000,1
2026-09-10T07,9,0,1.2,0,3631,1
2026-09-10T07,9,0,1.21,4556,0,1
2026-09-10T07,9,1,1.22,0,5109,1
2026-09-10T07,9,1,1.23,969,0,2
2026-09-10T08,9,0,1.2,0,14113,3
2026-09-10T08,9,0,1.21,0,8381,2
2026-09-10T08,9,0,1.22,144760,61386,6
2026-09-10T08,9,0,1.23,0,23011,5
2026-09-10T08,9,1,1.22,0,6000,1
2026-09-10T08,9,1,1.23,0,8031,1
2026-09-10T08,9,1,1.24,2101,0,2
2026-09-10T09,9,0,1.12,0,1474,1
2026-09-10T09,9,0,1.13,0,1701,1
2026-09-10T09,9,0,1.15,0,37469,3
2026-09-10T09,9,0,1.16,302,906,3
2026-09-10T09,9,0,1.17,0,7670,1
2026-09-10T09,9,0,1.18,0,5000,1
2026-09-10T09,9,0,1.19,0,4060,4
2026-09-10T09,9,0,1.21,690,0,1
2026-09-10T09,9,4,1.39,3028,0,1
2026-09-10T09,9,7,1.74,0,1,1
2026-09-10T09,9,7,1.75,0,1,1
2026-09-10T10,9,0,1.15,0,5000,1
2026-09-10T10,9,0,1.16,0,437,1
2026-09-10T10,9,0,1.17,0,2076,2
2026-09-10T10,9,0,1.18,0,5993,3
2026-09-10T10,9,0,1.19,244,4769,3
2026-09-10T10,9,1,1.19,0,5481,2
2026-09-10T10,9,1,1.2,37579,0,3
2026-09-10T11,9,0,1.14,0,4528,2
2026-09-10T11,9,0,1.15,0,8612,2
2026-09-10T11,9,0,1.16,0,23332,3
2026-09-10T11,9,0,1.17,0,36370,5
2026-09-10T11,9,0,1.18,0,5366,3
2026-09-10T11,9,0,1.19,0,1330,1
2026-09-10T11,9,0,1.2,0,13043,5
2026-09-10T11,9,0,1.21,6207,4050,2
2026-09-10T11,9,1,1.18,0,25458,1
2026-09-10T11,9,1,1.19,3280,75895,3
2026-09-10T11,9,1,1.2,400,36204,3
2026-09-10T11,9,2,1.24,0,12769,1
2026-09-10T11,9,2,1.25,12231,0,1
2026-09-10T11,9,3,1.29,0,55538,1
2026-09-10T12,9,0,1.21,0,29408,3
2026-09-10T12,9,0,1.22,5451,6716,6
2026-09-10T12,9,0,1.23,3000,16940,3
2026-09-10T12,9,1,1.22,0,1383,1
2026-09-10T12,9,1,1.23,0,12143,2
2026-09-10T12,9,1,1.24,26396,8583,5
2026-09-10T13,9,0,1.18,0,7900,1
2026-09-10T13,9,0,1.19,0,685,1
2026-09-10T13,9,0,1.2,0,14033,2
2026-09-10T13,9,0,1.21,0,68359,4
2026-09-10T13,9,0,1.22,0,2693,3
2026-09-10T13,9,0,1.23,5000,1980,2
2026-09-10T13,9,1,1.23,0,6628,1
2026-09-10T13,9,1,1.24,21067,0,4
2026-09-10T13,9,3,1.28,0,7142,1
2026-09-10T13,9,3,1.29,7556,0,1
2026-09-10T14,9,0,1.14,0,1400,1
2026-09-10T14,9,0,1.15,0,5206,2
2026-09-10T14,9,0,1.16,0,13914,2
2026-09-10T14,9,0,1.17,0,500,1
2026-09-10T14,9,0,1.18,0,2059,2
2026-09-10T14,9,0,1.19,0,12268,4
2026-09-10T14,9,0,1.2,0,12532,4
2026-09-10T14,9,0,1.21,96,14874,3
2026-09-10T15,9,0,1.13,0,6982,2
2026-09-10T15,9,0,1.14,0,5253,2
2026-09-10T15,9,0,1.15,0,2500,1
2026-09-10T15,9,0,1.16,208,1088,2
2026-09-10T15,9,0,1.17,0,2255,1
2026-09-10T15,9,0,1.18,0,1230,2
2026-09-10T15,9,0,1.19,6087,43575,3
2026-09-10T15,9,0,1.2,8823,14797,3
2026-09-10T15,9,1,1.23,196,0,1
2026-09-10T16,9,0,1.17,1158,1075,4
2026-09-10T16,9,0,1.19,0,7913,2
2026-09-10T16,9,0,1.2,9648,89519,7
2026-09-10T16,9,1,1.21,6812,31938,2
2026-09-10T16,9,1,1.22,4780,0,1
2026-09-10T16,9,2,1.25,16391,7769,2
2026-09-10T16,9,3,1.28,7100,8709,2
2026-09-10T16,9,3,1.29,0,12444,1
2026-09-10T17,9,0,1.17,0,5026,2
2026-09-10T17,9,0,1.18,0,11367,3
2026-09-10T17,9,0,1.19,4099,8084,4
2026-09-10T17,9,0,1.2,1323,56145,7
2026-09-10T17,9,0,1.21,10959,27671,5
2026-09-10T17,9,1,1.19,0,34402,1
2026-09-10T17,9,1,1.2,388,35,2
2026-09-10T18,9,0,1.14,0,1430,2
2026-09-10T18,9,0,1.15,0,10086,3
2026-09-10T18,9,0,1.16,0,28009,5
2026-09-10T18,9,0,1.17,324623,4528,4
2026-09-10T18,9,0,1.18,26917,10127,6
2026-09-10T18,9,1,1.17,0,3088,1
2026-09-10T18,9,1,1.18,0,5377,1
2026-09-10T18,9,1,1.19,6293,707,3
2026-09-10T18,9,1,1.2,0,3474,1
2026-09-10T18,9,2,1.24,3000,0,1
2026-09-10T18,9,2,1.25,5512,0,2
2026-09-10T18,9,4,1.38,3180,0,1
2026-09-10T18,9,6,1.76,1900,0,1
2026-09-10T18,9,7,1.86,0,1,1
2026-09-10T18,9,7,1.87,0,1,1
2026-09-10T18,9,7,1.88,0,1,1
2026-09-10T18,9,7,1.89,0,2,2
2026-09-10T19,9,0,1.15,3000,4973,3
2026-09-10T19,9,0,1.16,0,190702,2
2026-09-10T19,9,0,1.17,0,1167005,2
2026-09-10T19,9,0,1.18,2500,135966,4
2026-09-10T19,9,0,1.19,0,92036,5
2026-09-10T19,9,1,1.21,2974,0,1
2026-09-10T19,9,2,1.23,0,50413,1
2026-09-10T19,9,2,1.24,0,14430,1
2026-09-10T19,9,2,1.25,0,127473,1
2026-09-10T19,9,2,1.26,0,49617,2
2026-09-10T19,9,2,1.27,0,118513,3
2026-09-10T19,9,2,1.28,0,104249,3
2026-09-10T19,9,2,1.29,0,181546,3
2026-09-10T19,9,2,1.3,0,20000,1
2026-09-10T19,9,3,1.28,0,67957,1
2026-09-10T19,9,3,1.29,0,7097,1
2026-09-10T19,9,3,1.3,0,11300,1
2026-09-10T20,9,0,1.16,0,649,1
2026-09-10T20,9,0,1.17,0,14990,3
2026-09-10T20,9,0,1.18,0,39034,1
2026-09-10T20,9,0,1.19,0,2956,3
2026-09-10T20,9,0,1.2,0,13840,7
2026-09-10T20,9,0,1.21,0,14470,5
2026-09-10T20,9,1,1.2,2000,4000,2
2026-09-10T20,9,1,1.21,0,11935,2
2026-09-10T20,9,1,1.22,54724,0,5
2026-09-10T20,9,5,1.37,14406,0,1
2026-09-10T21,9,0,1.13,0,164,1
2026-09-10T21,9,0,1.14,0,9022,1
2026-09-10T21,9,0,1.15,0,859,2
2026-09-10T21,9,0,1.18,96,0,1
2026-09-10T21,9,0,1.19,0,991,1
2026-09-10T21,9,0,1.2,1509,0,1
2026-09-10T21,9,1,1.22,7516,0,2
2026-09-10T21,9,2,1.26,31264,0,3
2026-09-10T21,9,3,1.31,0,14478,1
2026-09-10T22,9,0,1.13,0,3000,1
2026-09-10T22,9,0,1.14,0,8501,2
2026-09-10T22,9,0,1.15,1523,4283,2
2026-09-10T22,9,0,1.16,0,1100,1
2026-09-10T22,9,0,1.17,0,4441,1
2026-09-10T22,9,0,1.18,0,21335,2
2026-09-10T22,9,0,1.19,0,57659,2
2026-09-10T22,9,0,1.2,0,123945,9
2026-09-10T22,9,0,1.21,600,22255,2
2026-09-10T22,9,1,1.2,0,20481,2
2026-09-10T22,9,1,1.21,0,5000,1
2026-09-10T22,9,1,1.22,34284,0,1
2026-09-10T23,9,0,1.12,0,32,1
2026-09-10T23,9,0,1.13,1968,0,1
2026-09-10T23,9,0,1.16,0,26630,2
2026-09-10T23,9,0,1.17,1500,1138,2
2026-09-11T00,9,0,1.12,0,3164,2
2026-09-11T00,9,0,1.13,0,10344,1
2026-09-11T00,9,0,1.14,0,1259,2
2026-09-11T00,9,0,1.15,0,430,2
2026-09-11T00,9,0,1.16,5000,10631,4
2026-09-11T00,9,0,1.17,1756,5234,4
2026-09-11T00,9,0,1.18,902,2858,3
2026-09-11T00,9,0,1.19,0,2443,1
2026-09-11T00,9,0,1.2,7050,258774,4
2026-09-11T00,9,1,1.2,6882,44045,3
2026-09-11T00,9,3,1.32,16708,0,1
2026-09-11T01,9,0,1.11,0,12741,2
2026-09-11T01,9,0,1.12,7607,37578,5
2026-09-11T01,9,0,1.13,0,32386,1
2026-09-11T01,9,0,1.14,0,2086,1
2026-09-11T01,9,0,1.15,0,21720,1
2026-09-11T01,9,0,1.16,0,1168,2
2026-09-11T01,9,0,1.17,421,1629,2
2026-09-11T01,9,0,1.18,0,412,2
2026-09-11T01,9,0,1.19,0,891,1
2026-09-11T01,9,0,1.2,0,21445,2
2026-09-11T01,9,0,1.21,0,15767,2
2026-09-11T01,9,0,1.22,0,67877,4
2026-09-11T01,9,1,1.14,0,4761,1
2026-09-11T01,9,1,1.15,0,7039,1
2026-09-11T01,9,1,1.16,0,100000,1
2026-09-11T01,9,1,1.18,0,34639,1
2026-09-11T01,9,1,1.19,0,23684,1
2026-09-11T01,9,1,1.2,0,51234,2
2026-09-11T01,9,1,1.21,0,5132,1
2026-09-11T01,9,1,1.22,0,4965,1
2026-09-11T01,9,1,1.23,126853,70854,3
2026-09-11T01,9,1,1.24,50436,0,1
2026-09-11T01,9,2,1.23,0,134919,1
2026-09-11T01,9,2,1.24,1600,181457,2
2026-09-11T02,9,0,1.12,0,1711,1
2026-09-11T02,9,0,1.13,12,1,2
2026-09-11T02,9,0,1.21,0,21582,2
2026-09-11T02,9,0,1.22,155,1320,4
2026-09-11T02,9,1,1.23,17290,3448,3
2026-09-11T03,9,0,1.18,0,34598,2
2026-09-11T03,9,0,1.19,96,1731,3
2026-09-11T03,9,0,1.2,2800,4033,4
2026-09-11T03,9,1,1.23,32323,0,2
2026-09-11T03,9,2,1.21,3903,0,1
2026-09-11T03,9,2,1.25,0,50005,2
2026-09-11T03,9,3,1.3,0,48879,1
2026-09-11T04,9,0,1.15,0,420,1
2026-09-11T04,9,0,1.16,0,4627,1
2026-09-11T04,9,0,1.17,5000,2830,2
2026-09-11T04,9,0,1.18,0,3692,1
2026-09-11T04,9,0,1.19,5000,15000,2
2026-09-11T04,9,0,1.2,48,2652,2
2026-09-11T04,9,0,1.21,878,24303,2
2026-09-11T04,9,0,1.22,2501,732,4
2026-09-11T04,9,1,1.23,5668,0,2
2026-09-11T04,9,2,1.21,0,1690,1
2026-09-11T04,9,7,1.8,0,1,1
2026-09-11T04,9,7,1.85,0,1,1
2026-09-11T04,9,7,1.86,0,1,1
2026-09-11T04,9,7,1.87,0,1,1
2026-09-11T04,9,7,1.88,0,1,1
2026-09-11T04,9,7,1.89,0,1,1
2026-09-11T05,9,0,1.14,0,9677,2
2026-09-11T05,9,0,1.15,0,11192,3
2026-09-11T05,9,0,1.16,0,60314,5
2026-09-11T05,9,0,1.17,3264,51305,3
2026-09-11T05,9,0,1.18,0,3130,1
2026-09-11T05,9,1,1.14,0,6438,1
2026-09-11T05,9,5,1.37,55130,0,1
2026-09-11T05,9,7,1.13,0,1,1
2026-09-11T06,9,0,1.15,0,11691,1
2026-09-11T06,9,0,1.16,0,538,2
2026-09-11T06,9,0,1.17,907,9485,2
2026-09-11T06,9,0,1.18,2194,0,1
2026-09-11T06,9,1,1.2,690,0,2
2026-09-11T06,9,2,1.24,32616,0,1
2026-09-11T07,9,0,1.13,0,300,1
2026-09-11T07,9,0,1.14,9615,17296,4
2026-09-11T07,9,0,1.15,0,32352,3
2026-09-11T08,9,0,1.13,0,7548,1
2026-09-11T08,9,0,1.14,0,5400,2
2026-09-11T08,9,0,1.15,0,1706,2
2026-09-11T08,9,0,1.16,0,59828,4
2026-09-11T08,9,0,1.17,0,1648,1
2026-09-11T08,9,0,1.18,0,2261,1
2026-09-11T08,9,0,1.19,0,7938,1
2026-09-11T08,9,0,1.2,0,20190,2
2026-09-11T08,9,1,1.19,3431,21597,2
2026-09-11T08,9,1,1.2,0,61402,2
2026-09-11T08,9,1,1.21,4705,0,4
2026-09-11T08,9,2,1.23,10176,0,2
2026-09-11T09,9,0,1.18,0,683,2
2026-09-11T09,9,0,1.19,490,10292,4
2026-09-11T09,9,0,1.2,0,16917,4
2026-09-11T09,9,0,1.21,0,6200,1
2026-09-11T09,9,0,1.22,109333,79968,7
2026-09-11T09,9,1,1.2,0,9932,1
2026-09-11T09,9,1,1.21,3090,36122,2
2026-09-11T09,9,1,1.22,0,11448,1
2026-09-11T09,9,1,1.23,29244,0,2
2026-09-11T09,9,2,1.23,1000,17726,2
2026-09-11T09,9,3,1.27,5756,0,1
2026-09-11T10,9,0,1.16,0,407,1
2026-09-11T10,9,0,1.17,0,1187,1
2026-09-11T10,9,0,1.18,4543,19395,3
2026-09-11T10,9,0,1.19,84,1125,4
2026-09-11T10,9,0,1.2,5209,3844,7
2026-09-11T10,9,1,1.19,0,2000,1
2026-09-11T10,9,1,1.2,0,775,1
2026-09-11T10,9,1,1.21,225,0,1
2026-09-11T10,9,2,1.21,21142,910,3
2026-09-11T11,9,0,1.15,0,1000,1
2026-09-11T11,9,0,1.16,2500,6346,2
2026-09-11T11,9,0,1.17,0,1154,1
2026-09-11T11,9,0,1.18,0,3349,3
2026-09-11T11,9,0,1.19,2800,31611,4
2026-09-11T11,9,0,1.2,0,2735,6
2026-09-11T11,9,0,1.21,0,1558,2
2026-09-11T11,9,0,1.22,3772,2145,2
2026-09-11T11,9,1,1.21,0,35033,1
2026-09-11T11,9,1,1.22,0,59369,1
2026-09-11T11,9,1,1.23,0,236110,3
2026-09-11T11,9,1,1.24,0,508653,1
2026-09-11T11,9,2,1.22,0,550,1
2026-09-11T11,9,2,1.23,0,9980,1
2026-09-11T11,9,2,1.24,0,7857,1
2026-09-11T11,9,3,1.27,0,8338,1
2026-09-11T11,9,3,1.28,0,40433,1
2026-09-11T11,9,3,1.29,0,5000,1
2026-09-11T12,9,0,1.14,0,898,2
2026-09-11T12,9,0,1.15,4946,5816,2
2026-09-11T12,9,0,1.16,0,20000,1
2026-09-11T12,9,0,1.17,96,0,1
2026-09-11T12,9,2,1.22,1000,0,1
2026-09-11T13,9,0,1.15,0,108,1
2026-09-11T13,9,0,1.16,0,5539,2
2026-09-11T13,9,0,1.17,8321,102039,7
2026-09-11T13,9,0,1.18,2398,8297,2
2026-09-11T13,9,1,1.18,0,8850,2
2026-09-11T13,9,1,1.19,38,10528,2
2026-09-11T13,9,1,1.2,63,0,1
2026-09-11T13,9,2,1.21,50677,0,1
2026-09-11T13,9,3,1.29,2852,0,1
2026-09-11T14,9,0,1.13,20000,26649,5
2026-09-11T14,9,0,1.14,0,18492,3
2026-09-11T14,9,0,1.15,0,9124,1
2026-09-11T14,9,0,1.16,0,5161,1
2026-09-11T14,9,0,1.17,0,1593,1
2026-09-11T14,9,0,1.18,0,9800,1
2026-09-11T14,9,0,1.19,100,1515,2
2026-09-11T14,9,0,1.2,0,50584,4
2026-09-11T14,9,1,1.19,586,404,2
2026-09-11T14,9,1,1.2,2463,10454,4
2026-09-11T14,9,2,1.2,0,3381,1
2026-09-11T14,9,2,1.21,6266,0,3
2026-09-11T15,9,0,1.13,2054,25100,5
2026-09-11T15,9,0,1.14,0,108,1
2026-09-11T15,9,0,1.15,15039,0,2
2026-09-11T15,9,0,1.17,0,1208,1
2026-09-11T15,9,0,1.18,0,7373,2
2026-09-11T15,9,0,1.19,0,977,2
2026-09-11T15,9,0,1.2,0,67778,4
2026-09-11T15,9,0,1.21,0,10363,3
2026-09-11T15,9,0,1.22,45609,9866,4
2026-09-11T15,9,1,1.2,0,4853,1
2026-09-11T15,9,1,1.21,0,6000,1
2026-09-11T15,9,1,1.22,1000,17550,2
2026-09-11T15,9,1,1.23,6231,4656,2
2026-09-11T15,9,1,1.24,3405,0,1
2026-09-11T15,9,2,1.2,0,4336,1
2026-09-11T15,9,2,1.21,0,23734,1
2026-09-11T15,9,2,1.22,0,22584,1
2026-09-11T15,9,2,1.23,0,1,1
2026-09-11T15,9,2,1.24,0,17919,1
2026-09-11T15,9,2,1.25,179615,31380,4
2026-09-11T15,9,2,1.26,1100,0,1
2026-09-11T15,9,3,1.28,3224,0,1
2026-09-11T16,9,0,1.13,0,840,1
2026-09-11T16,9,0,1.14,0,8067,3
2026-09-11T16,9,0,1.15,0,24561,3
2026-09-11T16,9,0,1.16,0,4577,1
2026-09-11T16,9,0,1.17,0,15063,3
2026-09-11T16,9,0,1.18,700,1931,3
2026-09-11T16,9,0,1.19,0,5162,2
2026-09-11T16,9,0,1.2,0,6036,2
2026-09-11T16,9,0,1.22,4823,0,1
2026-09-11T16,9,1,1.22,0,3890,1
2026-09-11T17,9,0,1.13,0,1000,1
2026-09-11T17,9,0,1.14,0,137,1
2026-09-11T17,9,0,1.15,0,2642,2
2026-09-11T17,9,0,1.16,5085,2406,5
2026-09-11T17,9,0,1.17,9796,0,3
2026-09-11T18,9,0,1.13,0,2210,2
2026-09-11T18,9,0,1.14,0,55647,3
2026-09-11T18,9,0,1.15,0,4283,4
2026-09-11T18,9,0,1.16,60970,26601,3
2026-09-11T18,9,0,1.17,0,30501,2
2026-09-11T18,9,0,1.18,0,31546,2
2026-09-11T18,9,0,1.19,0,305,1
2026-09-11T18,9,0,1.2,0,334,2
2026-09-11T18,9,0,1.21,0,4341,3
2026-09-11T18,9,0,1.22,10,64643,5
2026-09-11T18,9,0,1.23,2500,254384,7
2026-09-11T18,9,1,1.22,900,5376,2
2026-09-11T18,9,1,1.23,0,311134,3
2026-09-11T18,9,1,1.24,0,2121,1
2026-09-11T18,9,2,1.24,0,23376,1
2026-09-11T19,9,0,1.13,0,1372,1
2026-09-11T19,9,0,1.14,0,16012,2
2026-09-11T19,9,0,1.15,0,180,2
2026-09-11T19,9,0,1.16,0,4918,2
2026-09-11T19,9,0,1.17,0,1527,2
2026-09-11T19,9,0,1.18,0,9263,2
2026-09-11T19,9,0,1.19,0,3374,1
2026-09-11T19,9,0,1.2,1000,5425,4
2026-09-11T19,9,0,1.21,0,486,1
2026-09-11T19,9,0,1.22,0,1855,1
2026-09-11T19,9,0,1.23,0,7100,1
2026-09-11T19,9,2,1.25,3252,21788,2
2026-09-11T19,9,2,1.26,0,19227,1
2026-09-11T19,9,2,1.27,0,217020,1
2026-09-11T19,9,3,1.28,0,16222,1
2026-09-11T19,9,3,1.29,0,7148,1
2026-09-11T19,9,3,1.3,7740,0,2
2026-09-11T19,9,7,1.14,0,1,1
2026-09-11T20,9,0,1.13,0,672,1
2026-09-11T20,9,0,1.14,0,12082,2
2026-09-11T20,9,0,1.15,341,11329,4
2026-09-11T20,9,0,1.16,0,24435,2
2026-09-11T20,9,0,1.17,1,66347,3
2026-09-11T20,9,0,1.18,2300,2000,3
2026-09-11T21,9,0,1.14,0,1079,1
2026-09-11T21,9,0,1.15,0,46619,2
2026-09-11T21,9,0,1.16,0,30287,3
2026-09-11T21,9,0,1.17,3958,4593,4
2026-09-11T21,9,1,1.22,2000,0,1
2026-09-11T21,9,2,1.25,8700,0,1
2026-09-11T22,9,0,1.13,0,1465,2
2026-09-11T22,9,0,1.14,0,3539,1
2026-09-11T22,9,0,1.15,0,27980,3
2026-09-11T22,9,0,1.16,0,18042,1
2026-09-11T22,9,0,1.17,300,8412,3
2026-09-11T22,9,0,1.18,0,52,1
2026-09-11T22,9,0,1.19,0,13172,2
2026-09-11T22,9,0,1.2,0,31700,4
2026-09-11T22,9,0,1.21,0,8038,2
2026-09-11T22,9,0,1.22,0,32183,2
2026-09-11T22,9,0,1.23,0,1200,1
2026-09-11T22,9,0,1.24,2770,0,1
2026-09-11T22,9,1,1.21,0,5870,1
2026-09-11T22,9,1,1.22,0,21552,1
2026-09-11T22,9,1,1.23,0,19057,1
2026-09-11T22,9,1,1.24,0,7000,1
2026-09-11T22,9,2,1.23,1876,0,1
2026-09-11T22,9,2,1.24,0,30000,1
2026-09-11T23,9,0,1.16,0,3464,2
2026-09-11T23,9,0,1.17,0,700,1
2026-09-11T23,9,0,1.18,0,37606,1
2026-09-11T23,9,0,1.19,0,16094,3
2026-09-11T23,9,0,1.2,1000,2120,3
2026-09-11T23,9,0,1.21,0,1065,1
2026-09-11T23,9,0,1.22,0,1410,1
2026-09-11T23,9,0,1.23,0,1000,1
2026-09-11T23,9,1,1.2,1547,0,1
2026-09-11T23,9,1,1.24,550,8508,2
2026-09-11T23,9,2,1.23,0,101927,1
2026-09-11T23,9,2,1.24,0,111235,1
2026-09-11T23,9,2,1.25,21000,0,2
2026-09-12T00,9,0,1.13,0,1321,1
2026-09-12T00,9,0,1.14,4669,10,3
2026-09-12T00,9,0,1.15,0,2798,1
2026-09-12T00,9,0,1.16,0,2941,1
2026-09-12T00,9,0,1.17,449,0,1
2026-09-12T00,9,2,1.25,0,1056,1
2026-09-12T00,9,2,1.26,0,62624,1
2026-09-12T00,9,2,1.27,0,11235,1
2026-09-12T00,9,3,1.28,17376,0,2
2026-09-12T00,9,4,1.35,1994,0,1
2026-09-12T01,9,0,1.13,5108,20612,6
2026-09-12T01,9,0,1.14,0,47079,5
2026-09-12T01,9,0,1.15,0,57797,2
2026-09-12T01,9,0,1.16,0,350,1
2026-09-12T01,9,0,1.17,316,2829,3
2026-09-12T01,9,1,1.17,1200,0,1
2026-09-12T01,9,1,1.18,8872,0,1
2026-09-12T01,9,3,1.25,0,35501,1
2026-09-12T01,9,3,1.28,0,27260,1
2026-09-12T01,9,3,1.29,0,18000,1
2026-09-12T01,9,3,1.3,0,46462,1
2026-09-12T01,9,3,1.32,57122,38911,2
2026-09-12T02,9,0,1.13,0,4301,2
2026-09-12T02,9,0,1.14,824,19373,3
2026-09-12T02,9,0,1.15,1,96362,9
2026-09-12T02,9,0,1.16,0,6624,2
2026-09-12T02,9,0,1.17,0,23040,2
2026-09-12T02,9,0,1.18,0,31305,2
2026-09-12T02,9,0,1.2,0,23490,1
2026-09-12T02,9,1,1.17,0,18903,2
2026-09-12T02,9,1,1.18,0,63913,1
2026-09-12T02,9,1,1.19,0,5000,1
2026-09-12T02,9,1,1.2,0,85596,3
2026-09-12T02,9,1,1.21,0,13060,1
2026-09-12T02,9,1,1.22,0,4230,1
2026-09-12T02,9,2,1.23,806,49194,2
2026-09-12T02,9,4,1.35,87460,0,1
2026-09-12T02,9,7,1.83,0,1,1
2026-09-12T02,9,7,1.84,0,1,1
2026-09-12T02,9,7,1.85,0,2,2
2026-09-12T02,9,7,1.86,0,1,1
2026-09-12T02,9,7,1.88,0,1,1
2026-09-12T02,9,7,1.89,0,1,1
2026-09-12T03,9,0,1.17,0,1528,1
2026-09-12T03,9,0,1.18,200,0,1
2026-09-12T03,9,0,1.2,1000,120,2
2026-09-12T03,9,0,1.21,117,1747,4
2026-09-12T03,9,0,1.22,3296,8029,3
2026-09-12T03,9,3,1.3,0,4385,1
2026-09-12T03,9,3,1.32,15615,0,1
2026-09-12T04,9,0,1.15,0,2593,1
2026-09-12T04,9,0,1.16,0,10000,1
2026-09-12T04,9,0,1.17,0,33,1
2026-09-12T04,9,0,1.18,0,786,2
2026-09-12T04,9,0,1.19,2668,3833,4
2026-09-12T04,9,0,1.2,0,19758,2
2026-09-12T04,9,0,1.21,0,1380,1
2026-09-12T04,9,1,1.22,0,2503,1
2026-09-12T04,9,1,1.23,0,5856,1
2026-09-12T04,9,1,1.24,0,7559,1
2026-09-12T04,9,1,1.25,0,31909,2
2026-09-12T04,9,1,1.26,0,100000,1
2026-09-12T04,9,2,1.24,0,16496,1
2026-09-12T04,9,2,1.27,0,16782,1
2026-09-12T04,9,2,1.28,0,36983,2
2026-09-12T04,9,2,1.29,0,100427,2
2026-09-12T04,9,2,1.3,0,69182,2
2026-09-12T05,9,0,1.13,0,15844,2
2026-09-12T05,9,0,1.14,1886,746,3
2026-09-12T05,9,0,1.15,0,1234,2
2026-09-12T05,9,0,1.16,0,6517,2
2026-09-12T05,9,0,1.17,644,0,1
2026-09-12T05,9,0,1.18,0,3052,2
2026-09-12T05,9,0,1.19,1948,0,1
2026-09-12T05,9,1,1.26,45,0,1
2026-09-12T05,9,3,1.28,1000,0,1
2026-09-12T05,9,4,1.35,49997,0,2
2026-09-12T06,9,0,1.13,0,1500,1
2026-09-12T06,9,0,1.14,2132,5898,2
2026-09-12T06,9,0,1.15,7357,570,5
2026-09-12T06,9,0,1.16,100,0,1
2026-09-12T06,9,1,1.25,513,0,1
2026-09-12T06,9,2,1.26,2000,0,1
2026-09-12T07,9,0,1.13,446,3210,4
2026-09-12T07,9,0,1.14,4146,33458,6
2026-09-12T07,9,0,1.15,0,22012,4
2026-09-12T07,9,0,1.16,5000,95039,3
2026-09-12T07,9,0,1.17,5020,0,1
2026-09-12T07,9,3,1.28,8718,0,2
2026-09-12T08,9,0,1.14,0,803,2
2026-09-12T08,9,0,1.15,0,8462,2
2026-09-12T08,9,0,1.16,0,2436,2
2026-09-12T08,9,0,1.17,0,70309,1
2026-09-12T08,9,0,1.18,0,200,1
2026-09-12T08,9,0,1.19,0,54586,2
2026-09-12T08,9,0,1.2,0,158511,4
2026-09-12T08,9,0,1.21,0,25622,2
2026-09-12T08,9,0,1.22,0,21818,4
2026-09-12T08,9,0,1.23,0,71873,4
2026-09-12T08,9,1,1.23,0,10000,1
2026-09-12T08,9,2,1.24,4496,0,1
2026-09-12T08,9,2,1.25,1682,0,1
2026-09-12T08,9,4,1.33,20700,0,1
2026-09-12T08,9,7,1.88,0,1,1
2026-09-12T08,9,7,1.89,0,1,1
2026-09-12T09,9,0,1.18,0,17685,2
2026-09-12T09,9,0,1.19,16,2984,2
2026-09-12T09,9,0,1.2,0,5753,2
2026-09-12T09,9,0,1.21,24,0,1
2026-09-12T09,9,0,1.22,0,332,1
2026-09-12T09,9,0,1.23,0,956,1
2026-09-12T09,9,0,1.24,500,0,1
2026-09-12T09,9,1,1.24,0,3975,1
2026-09-12T09,9,1,1.25,0,2833,1
2026-09-12T09,9,1,1.26,0,31975,1
2026-09-12T09,9,2,1.24,2350,27766,2
2026-09-12T09,9,2,1.25,0,20970,1
2026-09-12T09,9,2,1.26,0,73602,1
2026-09-12T09,9,3,1.27,23339,0,1
2026-09-12T10,9,0,1.17,0,116563,2
2026-09-12T10,9,0,1.18,0,2889,2
2026-09-12T10,9,0,1.19,3322,1813,4
2026-09-12T10,9,0,1.2,0,5000,1
2026-09-12T10,9,0,1.21,0,5063,2
2026-09-12T10,9,1,1.21,1800,2295,3
2026-09-12T10,9,1,1.22,2642,0,1
2026-09-12T11,9,0,1.14,0,9659,3
2026-09-12T11,9,0,1.15,2600,4400,3
2026-09-12T11,9,0,1.16,0,14251,2
2026-09-12T11,9,0,1.17,0,9797,2
2026-09-12T11,9,0,1.18,0,20000,1
2026-09-12T11,9,0,1.19,46,626,2
2026-09-12T11,9,0,1.2,0,10340,1
2026-09-12T11,9,1,1.21,1303,97,2
2026-09-12T11,9,2,1.26,0,3219,1
2026-09-12T11,9,3,1.27,5432,0,1
2026-09-12T12,9,0,1.13,1000,0,1
2026-09-12T12,9,0,1.15,0,3197,2
2026-09-12T12,9,0,1.16,6430,0,2
2026-09-12T12,9,3,1.26,0,7244,1
2026-09-12T12,9,3,1.27,21000,0,2
2026-09-12T13,9,0,1.13,0,6100,2
2026-09-12T13,9,0,1.14,0,1000,1
2026-09-12T13,9,0,1.15,0,4761,2
2026-09-12T13,9,0,1.16,0,7870,3
2026-09-12T13,9,0,1.17,0,61217,5
2026-09-12T13,9,0,1.18,0,6475,2
2026-09-12T13,9,0,1.19,1209,405,2
2026-09-12T13,9,1,1.18,1076,0,1
2026-09-12T13,9,1,1.2,0,6994,1
2026-09-12T13,9,1,1.21,0,4406,1
2026-09-12T13,9,1,1.22,3412,0,1
2026-09-12T13,9,3,1.27,12396,0,2
2026-09-12T13,9,5,1.31,2908,0,1
2026-09-12T14,9,0,1.14,0,357,1
2026-09-12T14,9,0,1.15,34,33164,4
2026-09-12T14,9,0,1.16,1688,14837,4
2026-09-12T14,9,0,1.17,0,14892,3
2026-09-12T14,9,0,1.18,0,34251,1
2026-09-12T14,9,1,1.17,0,2661,1
2026-09-12T14,9,1,1.18,0,9666,1
2026-09-12T14,9,1,1.19,12348,0,3
2026-09-12T14,9,7,2.0,0,1,1
2026-09-12T14,9,7,2.1,0,1,1
2026-09-12T15,9,0,1.13,20000,44386,5
2026-09-12T15,9,0,1.14,5332,0,2
2026-09-12T15,9,1,1.19,0,5495,1
2026-09-12T16,9,0,1.13,0,1589,1
2026-09-12T16,9,0,1.14,0,29043,1
2026-09-12T16,9,0,1.15,1437,33703,7
2026-09-12T16,9,0,1.16,0,970,1
2026-09-12T16,9,0,1.17,0,1,1
2026-09-12T16,9,0,1.18,0,263,1
2026-09-12T16,9,0,1.19,0,17963,1
2026-09-12T16,9,0,1.2,0,13949,5
2026-09-12T16,9,0,1.21,0,87700,1
2026-09-12T16,9,0,1.22,0,15709,2
2026-09-12T16,9,0,1.23,0,115276,3
2026-09-12T16,9,0,1.24,158,736,2
2026-09-12T16,9,1,1.19,0,15536,2
2026-09-12T16,9,1,1.2,8086,12149,3
2026-09-12T16,9,1,1.21,0,37760,1
2026-09-12T16,9,1,1.22,0,12053,1
2026-09-12T16,9,1,1.23,0,5000,1
2026-09-12T16,9,1,1.24,0,18405,1
2026-09-12T16,9,1,1.25,0,10,1
2026-09-12T16,9,1,1.28,2000,0,1
2026-09-12T16,9,2,1.26,0,49532,1
2026-09-12T16,9,2,1.27,0,91555,1
2026-09-12T16,9,2,1.3,0,111795,2
2026-09-12T16,9,2,1.31,0,282497,2
2026-09-12T16,9,2,1.32,0,53634,1
2026-09-12T16,9,3,1.27,0,23732,1
2026-09-12T16,9,3,1.28,0,5782,1
2026-09-12T16,9,3,1.32,0,27263,1
2026-09-12T16,9,3,1.33,293591,0,1
2026-09-12T16,9,4,1.33,0,915876,1
2026-09-12T16,9,5,1.3,0,5687,1
2026-09-12T16,9,5,1.31,0,44092,1
2026-09-12T17,9,0,1.15,0,10128,1
2026-09-12T17,9,0,1.16,0,3900,1
2026-09-12T17,9,0,1.17,0,11869,1
2026-09-12T17,9,0,1.18,956,13038,3
2026-09-12T17,9,0,1.19,0,6075,2
2026-09-12T17,9,0,1.2,0,4403,4
2026-09-12T17,9,0,1.21,20,3260,3
2026-09-12T17,9,0,1.22,0,3140,2
2026-09-12T17,9,0,1.23,0,1428,2
2026-09-12T17,9,0,1.24,96665,54030,8
2026-09-12T17,9,1,1.28,30,0,1
2026-09-12T18,9,0,1.14,0,5293,1
2026-09-12T18,9,0,1.15,0,136,1
2026-09-12T18,9,0,1.16,0,157478,3
2026-09-12T18,9,0,1.17,0,115,1
2026-09-12T18,9,0,1.18,0,148782,1
2026-09-12T18,9,0,1.21,0,31366,2
2026-09-12T18,9,0,1.22,400,0,1
2026-09-12T18,9,2,1.29,6034,0,1
2026-09-12T18,9,4,1.34,0,11250,1
2026-09-12T19,9,0,1.12,0,22078,1
2026-09-12T19,9,0,1.13,0,4199,1
2026-09-12T19,9,0,1.14,0,70,1
2026-09-12T19,9,0,1.15,129,11968,3
2026-09-12T19,9,0,1.16,0,49586,3
2026-09-12T19,9,0,1.17,0,14974,2
2026-09-12T19,9,0,1.18,0,17200,3
2026-09-12T19,9,0,1.19,0,156,1
2026-09-12T19,9,0,1.2,508,522,2
2026-09-12T19,9,0,1.21,4660,10368,4
2026-09-12T19,9,0,1.22,16270,3386,5
2026-09-12T19,9,1,1.27,3226,0,1
2026-09-12T20,9,0,1.17,2500,0,1
2026-09-12T20,9,0,1.21,0,2199,2
2026-09-12T20,9,0,1.22,4610,38310,5
2026-09-12T20,9,1,1.23,122,14003,2
2026-09-12T21,9,0,1.13,0,9310,3
2026-09-12T21,9,0,1.14,400,13935,3
2026-09-12T21,9,0,1.15,0,61371,4
2026-09-12T21,9,0,1.16,370,0,1
2026-09-12T21,9,0,1.17,1250,2038,2
2026-09-12T21,9,1,1.21,0,4723,1
2026-09-12T21,9,1,1.22,3948,0,2
2026-09-12T21,9,2,1.28,7904,0,1
2026-09-12T21,9,3,1.28,0,40777,1
2026-09-12T21,9,7,2.1,0,1,1
2026-09-12T22,9,0,1.12,0,16550,1
2026-09-12T22,9,0,1.13,27,6605,2
2026-09-12T22,9,0,1.14,0,2064,2
2026-09-12T22,9,0,1.15,0,3905,5
2026-09-12T22,9,0,1.16,0,9201,2
2026-09-12T22,9,0,1.17,0,3218,1
2026-09-12T22,9,1,1.21,0,408,1
2026-09-12T22,9,1,1.22,4292,0,1
2026-09-12T22,9,3,1.29,0,14370,1
2026-09-12T23,9,0,1.14,0,10741,1
2026-09-12T23,9,0,1.15,0,4532,3
2026-09-12T23,9,0,1.16,500,5043,4
2026-09-12T23,9,0,1.17,20117,4314,5
2026-09-12T23,9,0,1.18,0,37294,2
2026-09-12T23,9,0,1.19,0,1901,2
2026-09-12T23,9,2,1.26,20000,0,1
2026-09-13T00,9,0,1.12,0,875,1
2026-09-13T00,9,0,1.13,0,5000,1
2026-09-13T00,9,0,1.14,0,7336,2
2026-09-13T00,9,0,1.15,0,888,1
2026-09-13T00,9,0,1.17,3250,0,1
2026-09-13T00,9,0,1.18,220,7576,2
2026-09-13T00,9,1,1.2,0,46887,1
2026-09-13T00,9,1,1.21,4584,0,2
2026-09-13T01,9,0,1.12,0,1932,1
2026-09-13T01,9,0,1.13,0,1716,2
2026-09-13T01,9,0,1.14,2148,533,2
2026-09-13T01,9,0,1.15,0,14370,3
2026-09-13T01,9,0,1.16,0,3551,2
2026-09-13T01,9,0,1.17,152,1791,3
2026-09-13T01,9,0,1.18,11237,0,2
2026-09-13T01,9,0,1.19,0,16294,1
2026-09-13T01,9,1,1.21,2406,5472,2
2026-09-13T01,9,1,1.22,716,0,1
2026-09-13T01,9,2,1.25,2000,0,1
2026-09-13T01,9,3,1.29,1000,0,1
2026-09-13T02,9,0,1.12,0,20694,3
2026-09-13T02,9,0,1.13,647,2654,4
2026-09-13T02,9,0,1.14,0,583,1
2026-09-13T02,9,0,1.15,0,1334,1
2026-09-13T02,9,0,1.16,824,4292,3
2026-09-13T02,9,0,1.17,0,1753,1
2026-09-13T02,9,0,1.18,0,2075,1
2026-09-13T02,9,0,1.19,0,8917,1
2026-09-13T02,9,0,1.2,0,112080,1
2026-09-13T02,9,0,1.21,501,50,3
2026-09-13T02,9,1,1.2,0,15497,1
2026-09-13T02,9,1,1.21,0,76956,1
2026-09-13T02,9,1,1.22,0,105022,2
2026-09-13T02,9,3,1.29,0,14869,1
2026-09-13T03,9,0,1.15,0,1000,1
2026-09-13T03,9,0,1.16,0,214,1
2026-09-13T03,9,0,1.17,0,3723,1
2026-09-13T03,9,0,1.18,0,700,1
2026-09-13T03,9,0,1.19,0,1143,1
2026-09-13T03,9,0,1.2,0,2050,1
2026-09-13T03,9,0,1.21,0,499,1
2026-09-13T03,9,0,1.22,0,14232,2
2026-09-13T03,9,1,1.21,0,37990,1
2026-09-13T03,9,1,1.22,0,962,1
2026-09-13T03,9,1,1.23,30087,0,4
2026-09-13T03,9,3,1.3,11458,15312,2
2026-09-13T03,9,3,1.32,50000,0,1
2026-09-13T03,9,7,2.0,0,1,1
2026-09-13T03,9,7,2.05,0,1,1
2026-09-13T03,9,7,2.1,0,1,1
2026-09-13T04,9,0,1.19,0,21838,1
2026-09-13T04,9,2,1.24,0,262134,3
2026-09-13T04,9,2,1.25,0,183270,1
2026-09-14T04,9,0,1.15,90,0,1
2026-09-14T04,9,0,1.17,0,2411,1
2026-09-14T04,9,0,1.18,0,200,1
2026-09-14T04,9,0,1.19,0,3475,1
2026-09-14T04,9,0,1.2,2000,20493,3
2026-09-14T04,9,0,1.21,5905,724,3
2026-09-14T04,9,0,1.22,0,100,1
2026-09-14T04,9,0,1.23,0,27955,2
2026-09-14T04,9,0,1.24,0,271394,6
2026-09-14T04,9,0,1.25,0,502,1
2026-09-14T04,9,1,1.23,0,181741,1
2026-09-14T04,9,1,1.24,0,223945,1
2026-09-14T04,9,1,1.25,0,9654,1
2026-09-14T04,9,2,1.26,0,88705,1
2026-09-14T04,9,2,1.27,0,125000,2
2026-09-14T04,9,2,1.28,0,181387,2
2026-09-14T04,9,2,1.29,0,53966,1
2026-09-14T04,9,2,1.32,0,50000,1
2026-09-14T04,9,3,1.32,0,70000,1
2026-09-14T04,9,3,1.33,60000,0,1
2026-09-14T04,9,4,1.35,0,107305,1
2026-09-14T04,9,5,1.37,59182,0,1
2026-09-14T04,9,7,1.89,250000,0,1
2026-09-14T05,9,0,1.12,468,7221,4
2026-09-14T05,9,0,1.13,2335,1694,3
2026-09-14T05,9,0,1.14,0,4572,1
2026-09-14T05,9,0,1.15,0,2685,2
2026-09-14T05,9,0,1.16,10,30,2
2026-09-14T05,9,0,1.19,0,238,1
2026-09-14T05,9,0,1.2,2195,12455,4
2026-09-14T05,9,0,1.21,0,47680,4
2026-09-14T05,9,0,1.22,0,32313,2
2026-09-14T05,9,1,1.21,0,6390,1
2026-09-14T05,9,1,1.22,1000,20406,2
2026-09-14T05,9,1,1.23,24820,0,1
2026-09-14T05,9,3,1.33,3474,0,1
2026-09-14T05,9,4,1.35,53826,0,1
2026-09-14T06,9,0,1.17,0,743,2
2026-09-14T06,9,0,1.18,46,187,2
2026-09-14T06,9,0,1.19,5007,0,1
2026-09-14T06,9,0,1.21,0,50,1
2026-09-14T06,9,1,1.23,950,0,1
2026-09-14T06,9,2,1.22,50,0,1
2026-09-14T07,9,0,1.13,0,36688,1
2026-09-14T07,9,0,1.14,0,213,1
2026-09-14T07,9,0,1.15,51,6658,4
2026-09-14T07,9,0,1.16,212,371,2
2026-09-14T07,9,0,1.17,957,5718,4
2026-09-14T07,9,0,1.18,5518,0,1
2026-09-14T07,9,1,1.2,340,2183,2
2026-09-14T07,9,2,1.21,267,0,1
2026-09-14T07,9,4,1.33,782,0,1
2026-09-14T08,9,0,1.14,4706,10964,3
2026-09-14T08,9,0,1.15,0,28191,4
2026-09-14T08,9,0,1.16,0,36518,2
2026-09-14T08,9,0,1.17,0,50301,3
2026-09-14T08,9,0,1.18,0,4482,1
2026-09-14T08,9,0,1.2,0,10754,2
2026-09-14T08,9,0,1.21,0,2000,1
2026-09-14T08,9,0,1.22,55,32238,4
2026-09-14T08,9,0,1.23,0,18877,2
2026-09-14T08,9,0,1.24,7800,304498,2
2026-09-14T08,9,1,1.21,0,9791,1
2026-09-14T08,9,1,1.23,0,84784,1
2026-09-14T08,9,1,1.24,0,7000,1
2026-09-14T08,9,2,1.21,850,25783,2
2026-09-14T08,9,2,1.22,0,4501,1
2026-09-14T08,9,2,1.24,0,1513,1
2026-09-14T08,9,2,1.25,15499,0,1
2026-09-14T08,9,7,1.79,0,1,1
2026-09-14T08,9,7,1.8,0,1,1
2026-09-14T08,9,7,1.87,0,1,1
2026-09-14T08,9,7,1.88,0,1,1
2026-09-14T09,9,0,1.13,0,6485,1
2026-09-14T09,9,0,1.14,1000,1155,2
2026-09-14T09,9,0,1.15,7039,12335,3
2026-09-14T09,9,0,1.17,0,20000,1
2026-09-14T09,9,0,1.18,0,11988,2
2026-09-14T09,9,0,1.19,0,304,1
2026-09-14T09,9,1,1.24,390,0,1
2026-09-14T09,9,3,1.3,0,51205,1
2026-09-14T09,9,3,1.33,0,39092,1
2026-09-14T09,9,3,1.34,0,8974,1
2026-09-14T09,9,3,1.45,0,30000,1
2026-09-14T09,9,3,1.5,0,400000,1
2026-09-14T09,9,4,1.33,0,124111,1
2026-09-14T09,9,4,1.34,0,9850,1
2026-09-14T09,9,4,1.35,0,27533,1
2026-09-14T09,9,4,1.36,0,8300,1
2026-09-14T09,9,4,1.37,0,77052,1
2026-09-14T09,9,4,1.39,0,5432,1
2026-09-14T09,9,4,1.42,0,139269,1
2026-09-14T09,9,4,1.44,0,520,1
2026-09-14T09,9,4,1.47,0,4910,1
2026-09-14T09,9,4,1.48,0,1473022,1
2026-09-14T09,9,4,1.5,0,46000,1
2026-09-14T09,9,5,1.36,0,4231,1
2026-09-14T09,9,5,1.37,0,67092,1
2026-09-14T09,9,5,1.46,0,4367,1
2026-09-14T09,9,5,1.47,0,108323,1
2026-09-14T09,9,5,1.48,0,254367,2
2026-09-14T09,9,5,1.49,0,3772,1
2026-09-14T10,9,0,1.16,0,40,1
2026-09-14T10,9,0,1.17,0,20506,2
2026-09-14T10,9,0,1.18,0,3704,2
2026-09-14T10,9,0,1.19,7500,9160,4
2026-09-14T10,9,0,1.2,0,3920,3
2026-09-14T10,9,0,1.21,2554,14002,3
2026-09-14T10,9,1,1.19,1000,0,1
2026-09-14T10,9,1,1.2,4984,83483,2
2026-09-14T10,9,3,1.5,100000,0,1
2026-09-14T11,9,0,1.12,0,47441,2
2026-09-14T11,9,0,1.13,0,1874,2
2026-09-14T11,9,0,1.14,2442,208,3
2026-09-14T11,9,0,1.15,0,29894,1
2026-09-14T11,9,1,1.18,4560,0,1
2026-09-14T11,9,1,1.19,16262,0,2
2026-09-14T11,9,2,1.23,5113,463,2
2026-09-14T12,9,0,1.12,500,8320,3
2026-09-14T12,9,0,1.13,0,19110,2
2026-09-14T12,9,0,1.14,0,24350,2
2026-09-14T12,9,0,1.15,0,14243,3
2026-09-14T12,9,0,1.16,0,3492,3
2026-09-14T12,9,0,1.17,0,5438,1
2026-09-14T12,9,0,1.18,0,7372,2
2026-09-14T12,9,0,1.19,0,5512,1
2026-09-14T12,9,0,1.21,0,446,1
2026-09-14T12,9,0,1.22,0,49899,3
2026-09-14T12,9,0,1.23,4500,25551,3
2026-09-14T12,9,1,1.16,0,5530,1
2026-09-14T12,9,1,1.17,1276,58273,2
2026-09-14T12,9,1,1.18,0,9002,1
2026-09-14T12,9,1,1.19,0,94318,1
2026-09-14T12,9,1,1.2,0,5487,1
2026-09-14T12,9,1,1.21,0,15888,1
2026-09-14T12,9,1,1.22,0,881,1
2026-09-14T12,9,1,1.23,0,2959,1
2026-09-14T12,9,1,1.24,800,5473,2
2026-09-14T12,9,2,1.23,0,55522,1
2026-09-14T12,9,2,1.24,0,5989,1
2026-09-14T12,9,5,1.5,10964,0,1
2026-09-14T13,9,0,1.16,0,7830,1
2026-09-14T13,9,0,1.17,50,56,2
2026-09-14T13,9,0,1.18,0,10000,1
2026-09-14T13,9,0,1.19,0,2093,1
2026-09-14T13,9,0,1.2,0,8401,1
2026-09-14T13,9,0,1.21,0,325,2
2026-09-14T13,9,0,1.22,4530,190570,2
2026-09-14T13,9,1,1.22,1612,43392,2
2026-09-14T13,9,1,1.24,1000,0,1
2026-09-14T13,9,4,1.46,6666,0,1
2026-09-14T13,9,10,3.0,222,0,1
2026-09-14T14,9,0,1.15,27514,606,3
2026-09-14T14,9,0,1.16,0,1464,1
2026-09-14T14,9,0,1.17,0,25864,1
2026-09-14T14,9,0,1.18,0,1380,2
2026-09-14T14,9,0,1.19,0,1899,2
2026-09-14T14,9,0,1.2,473,1199,3
2026-09-14T14,9,0,1.22,200,10154,3
2026-09-14T14,9,1,1.22,0,9152,2
2026-09-14T14,9,1,1.23,4653,0,2
2026-09-14T14,9,4,1.46,6002,0,1
2026-09-14T15,9,0,1.15,0,1952,3
2026-09-14T15,9,0,1.16,0,62162,1
2026-09-14T15,9,0,1.17,0,50,1
2026-09-14T15,9,0,1.18,0,13168,2
2026-09-14T15,9,0,1.19,10000,47584,3
2026-09-14T15,9,0,1.2,0,24359,3
2026-09-14T15,9,0,1.21,0,25212,3
2026-09-14T15,9,0,1.22,948,2430,4
2026-09-14T15,9,0,1.23,0,29254,5
2026-09-14T15,9,1,1.21,0,14844,1
2026-09-14T15,9,1,1.22,0,28760,1
2026-09-14T15,9,1,1.23,0,1746,1
2026-09-14T15,9,1,1.24,13151,4952,3
2026-09-14T15,9,2,1.22,0,105994,1
2026-09-14T15,9,2,1.23,0,71499,1
2026-09-14T15,9,2,1.24,0,2091,1
2026-09-14T15,9,5,1.5,0,57669,1
2026-09-14T15,9,5,1.51,0,156139,1
2026-09-14T16,9,0,1.19,858,0,1
2026-09-14T16,9,0,1.21,1098,26,2
2026-09-14T16,9,0,1.22,0,155,1
2026-09-14T16,9,0,1.23,4951,0,2
2026-09-14T16,9,1,1.24,2341,0,1
2026-09-14T16,9,2,1.24,3000,0,1
2026-09-14T16,9,4,1.46,4490,0,1
2026-09-14T17,9,0,1.13,0,114,1
2026-09-14T17,9,0,1.14,0,5377,1
2026-09-14T17,9,0,1.15,8049,53574,4
2026-09-14T17,9,0,1.16,0,1120,2
2026-09-14T17,9,0,1.17,0,8363,2
2026-09-14T17,9,0,1.18,0,5950,2
2026-09-14T17,9,0,1.19,0,21305,3
2026-09-14T17,9,0,1.2,3843,21723,3
2026-09-14T17,9,0,1.21,0,105527,2
2026-09-14T17,9,1,1.22,4052,0,2
2026-09-14T17,9,2,1.22,0,22596,1
2026-09-14T17,9,2,1.23,2000,0,1
2026-09-14T18,9,0,1.19,0,3000,1
2026-09-14T18,9,0,1.2,0,2592,3
2026-09-14T18,9,0,1.21,6159,10962,3
2026-09-14T18,9,0,1.22,0,11805,1
2026-09-14T18,9,0,1.23,36489,1346,3
2026-09-14T18,9,1,1.22,0,948,1
2026-09-14T18,9,2,1.22,0,84,1
2026-09-14T18,9,2,1.23,6036,3758,2
2026-09-14T19,9,0,1.12,0,11552,1
2026-09-14T19,9,0,1.13,0,7970,1
2026-09-14T19,9,0,1.14,0,5030,2
2026-09-14T19,9,0,1.15,0,31147,1
2026-09-14T19,9,0,1.16,0,9450,1
2026-09-14T19,9,0,1.17,2649,51068,5
2026-09-14T19,9,0,1.18,10110,275,3
2026-09-14T19,9,1,1.23,0,1430,1
2026-09-14T19,9,2,1.24,2730,0,2
2026-09-14T19,9,7,1.84,0,1,1
2026-09-14T19,9,7,1.85,0,1,1
2026-09-14T19,9,7,1.86,0,1,1
2026-09-14T19,9,7,1.87,0,1,1
2026-09-14T19,9,7,1.88,0,1,1
2026-09-14T20,9,0,1.12,0,1000,1
2026-09-14T20,9,0,1.16,0,3287,1
2026-09-14T20,9,0,1.17,4722,6902,4
2026-09-14T20,9,0,1.18,21152,0,3
2026-09-14T20,9,2,1.23,0,111430,1
2026-09-14T20,9,2,1.24,0,40154,2
2026-09-14T20,9,2,1.25,0,256553,3
2026-09-14T20,9,2,1.26,0,126275,3
2026-09-14T20,9,2,1.27,0,55301,3
2026-09-14T20,9,2,1.28,5370,104917,3
2026-09-14T20,9,7,1.87,0,1,1
2026-09-14T20,9,7,1.88,0,2,2
2026-09-14T21,9,0,1.16,0,8970,3
2026-09-14T21,9,0,1.17,5073,6374,7
2026-09-14T21,9,0,1.18,7290,0,2
2026-09-14T21,9,1,1.23,2000,0,1
2026-09-14T21,9,2,1.28,8750,0,2
2026-09-14T22,9,0,1.13,0,1844,1
2026-09-14T22,9,0,1.14,0,3413,1
2026-09-14T22,9,0,1.15,0,836,2
2026-09-14T22,9,0,1.16,0,6314,2
2026-09-14T22,9,0,1.17,0,58436,5
2026-09-14T22,9,0,1.18,4950,0,3
2026-09-14T22,9,1,1.17,100,2520,2
2026-09-14T22,9,1,1.18,22,3816,2
2026-09-14T22,9,1,1.19,0,34586,1
2026-09-14T22,9,1,1.2,1694,0,1
2026-09-14T22,9,7,1.88,0,1,1
2026-09-14T23,9,0,1.14,0,1617,1
2026-09-14T23,9,0,1.15,0,20425,2
2026-09-14T23,9,0,1.16,458,143981,4
2026-09-14T23,9,0,1.17,1500,113,2
2026-09-14T23,9,2,1.27,20000,0,1
2026-09-15T00,9,0,1.14,0,350,1
2026-09-15T00,9,0,1.15,66,33,2
2026-09-15T00,9,0,1.16,0,1500,2
2026-09-15T00,9,0,1.17,167,262,2
2026-09-15T00,9,3,1.33,13748,0,1
2026-09-15T01,9,0,1.12,4663,4239,3
2026-09-15T01,9,0,1.13,100,12206,2
2026-09-15T01,9,3,1.33,0,17010,1
2026-09-15T01,9,3,1.37,0,76109,1
2026-09-15T02,9,0,1.13,0,4309,4
2026-09-15T02,9,0,1.14,0,5507,5
2026-09-15T02,9,0,1.15,50,4775,3
2026-09-15T02,9,0,1.16,2550,120,2
2026-09-15T02,9,0,1.17,0,28051,3
2026-09-15T02,9,0,1.18,0,95737,7
2026-09-15T02,9,0,1.19,0,8004,3
2026-09-15T02,9,1,1.18,0,2958,1
2026-09-15T02,9,1,1.19,0,45481,2
2026-09-15T02,9,1,1.2,59521,3394,3
2026-09-15T02,9,7,1.88,0,1,1
2026-09-15T03,9,0,1.14,0,200,1
2026-09-15T03,9,0,1.15,0,1216,1
2026-09-15T03,9,0,1.16,0,3130,2
2026-09-15T03,9,0,1.17,0,2500,1
2026-09-15T03,9,0,1.18,2500,3582,5
2026-09-15T03,9,0,1.19,0,84990,7
2026-09-15T03,9,1,1.18,0,13000,1
2026-09-15T03,9,1,1.19,0,201425,1
2026-09-15T03,9,1,1.2,5025,0,2
2026-09-15T04,9,0,1.2,0,153275,8
2026-09-15T04,9,0,1.21,0,164422,6
2026-09-15T04,9,0,1.22,0,36117,4
2026-09-15T04,9,1,1.2,400,35688,4
2026-09-15T04,9,1,1.21,0,2674,1
2026-09-15T04,9,1,1.22,3455,12901,5
2026-09-15T04,9,1,1.23,2500,0,1
2026-09-15T04,9,2,1.24,0,193950,1
2026-09-15T04,9,2,1.25,0,49970,1
2026-09-15T05,9,0,1.2,5,37770,5
2026-09-15T05,9,0,1.21,400,1007200,4
2026-09-15T05,9,0,1.22,370,265,3
2026-09-15T05,9,1,1.22,0,24129,1
2026-09-15T05,9,2,1.23,2940,0,1
2026-09-15T05,9,3,1.38,3448,0,1
2026-09-15T05,9,7,1.88,0,1,1
2026-09-15T06,9,0,1.2,1013,0,2
2026-09-15T11,9,0,1.2,0,61216,1
2026-09-15T11,9,0,1.21,0,39548,4
2026-09-15T11,9,0,1.22,0,61812,2
2026-09-15T11,9,2,1.2,4800,0,1
2026-09-15T11,9,2,1.23,4920,0,1
2026-09-15T12,9,0,1.2,550,33907,11
2026-09-15T12,9,0,1.21,0,25095,7
2026-09-15T12,9,0,1.22,771,16626,2
2026-09-15T12,9,1,1.2,0,42075,1
2026-09-15T12,9,1,1.23,2500,0,1
2026-09-15T12,9,2,1.2,0,395200,1
2026-09-15T12,9,2,1.23,0,29401,1
2026-09-15T13,9,0,1.2,9509,0,4
2026-09-15T13,9,1,1.22,2500,0,1
2026-09-15T13,9,2,1.23,14884,0,1
2026-09-15T13,9,3,1.3,7896,0,1
2026-09-15T13,9,7,1.84,0,1,1
2026-09-15T13,9,7,1.85,0,1,1
2026-09-15T13,9,7,1.86,0,1,1
2026-09-15T13,9,7,1.87,0,1,1
2026-09-15T13,9,7,1.88,0,1,1
2026-09-15T14,9,0,1.2,1652,0,3
2026-09-15T14,9,1,1.2,1256,0,2
2026-09-15T14,9,1,1.22,1540,0,1
2026-09-15T14,9,2,1.23,1000,0,1
2026-09-15T15,9,0,1.2,10045,68658,13
2026-09-15T15,9,0,1.21,0,22714,3
2026-09-15T15,9,0,1.22,0,25272,5
2026-09-15T15,9,0,1.23,948,0,1
2026-09-15T15,9,1,1.2,16,492,2
2026-09-15T15,9,1,1.21,0,8390,1
2026-09-15T15,9,1,1.22,652,2054,3
2026-09-15T15,9,1,1.23,0,2400,1
2026-09-15T15,9,1,1.24,97915,0,1
2026-09-15T15,9,2,1.23,28892,25336,4
2026-09-15T15,9,2,1.24,0,12169,1
2026-09-15T15,9,3,1.29,0,10000,1
2026-09-15T15,9,3,1.3,964,0,1
2026-09-15T15,9,7,1.88,0,1,1
2026-09-15T16,9,0,1.2,12,0,1
2026-09-15T16,9,0,1.21,0,8139,1
2026-09-15T16,9,0,1.22,1756,2336,3
2026-09-15T16,9,0,1.23,822,0,1
2026-09-15T16,9,1,1.2,532,40040,2
2026-09-15T17,9,0,1.2,0,10600,4
2026-09-15T17,9,0,1.21,0,1000,1
2026-09-15T17,9,1,1.21,4245,1755,4
2026-09-15T17,9,2,1.21,0,121000,1
2026-09-15T17,9,2,1.22,24737,0,3
2026-09-15T18,9,0,1.2,0,34742,2
2026-09-15T18,9,0,1.21,0,2965,2
2026-09-15T18,9,0,1.22,0,154309,7
2026-09-15T18,9,0,1.23,0,112260,11
2026-09-15T18,9,0,1.24,5380,209356,10
2026-09-15T18,9,1,1.24,0,65034,3
2026-09-15T18,9,1,1.25,15858,288633,9
2026-09-15T18,9,2,1.22,0,5263,1
2026-09-15T18,9,2,1.23,0,108414,1
2026-09-15T18,9,2,1.24,0,7684,1
2026-09-15T18,9,2,1.25,0,86285,3
2026-09-15T19,9,0,1.2,0,3027,1
2026-09-15T19,9,0,1.25,0,6536,1
2026-09-15T19,9,1,1.25,77220,0,8
2026-09-15T20,9,0,1.2,0,82,1
2026-09-15T20,9,0,1.22,0,36008,2
2026-09-15T20,9,0,1.23,0,4472,1
2026-09-15T20,9,1,1.23,6100,0,1
2026-09-15T20,9,1,1.25,27920,0,1
2026-09-15T20,9,2,1.23,0,895,1
2026-09-15T20,9,2,1.24,9476,129,4
2026-09-15T20,9,2,1.25,17105,895,2
2026-09-15T20,9,7,1.87,0,1,1
2026-09-15T20,9,7,1.88,0,1,1
2026-09-15T21,9,0,1.2,9116,195,6
2026-09-15T21,9,1,1.2,0,10,1
2026-09-15T21,9,1,1.21,1805,0,2
2026-09-15T21,9,1,1.22,2000,0,1
2026-09-15T22,9,0,1.2,0,57659,6
2026-09-15T22,9,0,1.21,727,23234,3
2026-09-15T22,9,0,1.22,0,613,2
2026-09-15T22,9,1,1.21,0,195,1
2026-09-15T22,9,1,1.22,0,234,1
2026-09-15T22,9,2,1.23,674,0,1
2026-09-15T22,9,3,1.3,0,88804,1
2026-09-16T04,9,0,1.2,0,2429,2
2026-09-16T04,9,0,1.21,0,3696,3
2026-09-16T04,9,0,1.22,33471,7998,3
2026-09-16T04,9,0,1.24,0,242730,1
2026-09-16T04,9,0,1.25,0,384410,1
2026-09-16T04,9,1,1.23,0,3900,1
2026-09-16T04,9,1,1.25,1000,4018148,2
2026-09-16T04,9,2,1.23,0,99326,1
2026-09-16T04,9,2,1.24,0,92982,1
2026-09-16T04,9,2,1.25,0,38017,1
2026-09-16T04,9,2,1.26,1100,0,1
2026-09-16T04,9,3,1.33,4148,0,1
2026-09-16T05,9,0,1.2,8104,11084,6
2026-09-16T05,9,0,1.21,3000,14292,4
2026-09-16T05,9,0,1.22,670,110951,2
2026-09-16T05,9,1,1.22,0,1880,1
2026-09-16T05,9,1,1.23,165032,3580,3
2026-09-16T05,9,2,1.22,30185,0,1
2026-09-16T05,9,2,1.23,0,20748,1
2026-09-16T05,9,7,1.88,0,1,1
2026-09-16T06,9,0,1.2,1003,3702,4
2026-09-16T06,9,1,1.21,9111,0,3
2026-09-16T07,9,0,1.2,18607,0,4
2026-09-16T07,9,0,1.25,2300,0,1
2026-09-16T07,9,3,1.3,4914,0,1
2026-09-16T08,9,0,1.2,5157,5105,9
2026-09-16T08,9,0,1.21,3417,3707,2
2026-09-16T08,9,1,1.21,3162,11842,2
2026-09-16T08,9,2,1.22,6360,0,1
2026-09-16T09,9,0,1.2,28994,23577,7
2026-09-16T09,9,0,1.21,0,143491,2
2026-09-16T09,9,2,1.21,100,38213,2
2026-09-16T09,9,2,1.22,0,335240,1
2026-09-16T09,9,2,1.23,0,14962,1
2026-09-16T09,9,2,1.24,0,47268,1
2026-09-16T09,9,2,1.25,0,9000,1
2026-09-16T10,9,0,1.2,11949,75,8
2026-09-16T11,9,0,1.2,4925,207331,11
2026-09-16T11,9,1,1.22,938,0,1
2026-09-16T11,9,2,1.25,1000,0,1
2026-09-16T11,9,3,1.29,0,62186,1
2026-09-16T12,9,0,1.2,3990,1011,3
2026-09-16T12,9,1,1.2,3166,0,3
2026-09-16T12,9,3,1.3,7110,0,1
2026-09-16T13,9,1,1.2,3694,1694,3
2026-09-16T13,9,2,1.2,4212,0,3
2026-09-16T14,9,0,1.2,17000,0,3
2026-09-16T14,9,1,1.2,0,2699,1
2026-09-16T14,9,1,1.21,0,36620,3
2026-09-16T14,9,1,1.22,223,0,1
2026-09-16T14,9,2,1.2,105198,2020,5
2026-09-16T14,9,2,1.21,0,4434,1
2026-09-16T14,9,2,1.22,0,20000,1
2026-09-16T14,9,2,1.23,0,82811,1
2026-09-16T14,9,6,1.36,0,10000,1
2026-09-16T14,9,6,1.5,0,10000,1
2026-09-16T14,9,7,1.85,0,1,1
2026-09-16T14,9,7,1.86,0,1,1
2026-09-16T14,9,7,1.87,0,1,1
2026-09-16T14,9,7,1.88,0,1,1
2026-09-16T15,9,0,1.2,1000,100774,14
2026-09-16T15,9,0,1.21,93172,7183,3
2026-09-16T15,9,1,1.21,1085,73395,2
2026-09-16T16,9,0,1.2,0,5601,6
2026-09-16T16,9,0,1.21,586,79345,9
2026-09-16T16,9,0,1.22,0,130322,5
2026-09-16T16,9,1,1.21,574,14308,3
2026-09-16T16,9,1,1.22,0,9408,1
2026-09-16T16,9,1,1.23,3922,42076,3
2026-09-16T16,9,2,1.23,0,53454,1
2026-09-16T16,9,7,1.87,0,1,1
2026-09-16T16,9,7,1.88,0,1,1
2026-09-16T17,9,0,1.2,0,2982,4
2026-09-16T17,9,0,1.21,3569,312,3
2026-09-16T17,9,0,1.22,0,1345,1
2026-09-16T17,9,1,1.21,2000,0,1
2026-09-16T17,9,1,1.23,1088,0,1
2026-09-16T18,9,0,1.2,4360,26194,12
2026-09-16T18,9,0,1.21,0,16436,2
2026-09-16T18,9,0,1.22,0,89570,3
2026-09-16T18,9,1,1.2,0,5582,1
2026-09-16T18,9,1,1.21,0,2046,1
2026-09-16T18,9,1,1.22,482,9518,2
2026-09-16T18,9,2,1.23,6000,85146,3
2026-09-16T19,9,0,1.2,2212,2908,3
2026-09-16T19,9,0,1.21,0,8357,2
2026-09-16T19,9,0,1.22,0,30841,3
2026-09-16T19,9,0,1.23,0,21383,3
2026-09-16T19,9,0,1.24,0,19004,2
2026-09-16T19,9,1,1.23,9136,468099,3
2026-09-16T19,9,1,1.24,1240,27453,3
2026-09-16T19,9,1,1.25,0,88020,1
2026-09-16T19,9,2,1.24,0,19525,1
2026-09-16T19,9,2,1.25,0,61409,2
2026-09-16T19,9,3,1.26,0,10000,1
2026-09-16T19,9,3,1.27,0,385243,1
2026-09-16T19,9,3,1.29,0,25993,1
2026-09-16T19,9,3,1.3,0,12976,1
2026-09-16T21,9,0,1.2,2500,12411,3
2026-09-16T21,9,0,1.21,0,2161,2
2026-09-16T21,9,0,1.22,1123,348,2
2026-09-16T21,9,0,1.23,0,20056,1
2026-09-16T21,9,0,1.24,1741,0,1
2026-09-16T21,9,1,1.24,0,7300,1
2026-09-16T21,9,1,1.25,0,20060,1
2026-09-16T21,9,1,1.26,0,13050,2
2026-09-16T21,9,1,1.27,0,1774,1
2026-09-16T21,9,2,1.26,0,107375,3
2026-09-16T21,9,2,1.27,0,71796,3
2026-09-16T21,9,2,1.28,0,2063,1
2026-09-16T21,9,2,1.29,0,187462,2
2026-09-16T21,9,2,1.3,0,120319,2
2026-09-16T21,9,2,1.31,6196,0,1
2026-09-16T21,9,3,1.31,0,100000,1
2026-09-16T21,9,3,1.32,0,60230,1
2026-09-16T21,9,3,1.33,0,32,1
2026-09-16T21,9,3,1.35,0,417149,1
2026-09-16T21,9,3,1.36,32000,3000,2
2026-09-16T21,9,4,1.37,4740,0,1
2026-09-16T21,9,5,1.36,0,266844,1
2026-09-16T21,9,5,1.48,0,4230,1
2026-09-16T21,9,5,1.49,0,101671,2
2026-09-16T21,9,5,1.51,0,207206,1
2026-09-16T21,9,5,1.52,0,102025,1
2026-09-16T21,9,5,1.64,0,500000,1
2026-09-16T21,9,6,1.64,0,5247,1
2026-09-16T21,9,6,1.65,607,0,1
2026-09-16T21,9,7,1.84,0,1,1
2026-09-16T21,9,7,1.85,0,1,1
2026-09-16T21,9,7,1.87,0,1,1
2026-09-16T21,9,7,1.88,0,1,1
2026-09-16T22,9,0,1.2,7500,70859,4
2026-09-16T22,9,0,1.21,0,22450,2
2026-09-16T22,9,0,1.22,0,742,2
2026-09-16T22,9,0,1.23,1372,328,2
2026-09-16T22,9,1,1.23,5889,4378,2
2026-09-16T22,9,1,1.24,0,10000,1
2026-09-17T04,9,0,1.2,0,9528,1
2026-09-17T04,9,0,1.21,0,11032,3
2026-09-17T04,9,1,1.23,0,35594,1
2026-09-17T04,9,6,1.65,249393,0,1
2026-09-17T05,9,0,1.2,900,18315,5
2026-09-17T05,9,0,1.21,307,11750,3
2026-09-17T05,9,0,1.22,447,3323,5
2026-09-17T05,9,0,1.23,1177,628,2
2026-09-17T05,9,1,1.23,0,3541,1
2026-09-17T05,9,2,1.2,6976,23984,2
2026-09-17T05,9,3,1.33,3224,0,1
2026-09-17T05,9,4,1.37,26000,0,1
2026-09-17T05,9,7,1.85,0,1,1
2026-09-17T06,9,0,1.2,430,26527,6
2026-09-17T06,9,0,1.21,0,15556,1
2026-09-17T06,9,0,1.22,383,5259,4
2026-09-17T06,9,0,1.23,9820,38823,3
2026-09-17T06,9,1,1.23,0,6836,1
2026-09-17T06,9,4,1.37,0,755145,1
2026-09-17T06,9,7,1.86,0,1,1
2026-09-17T06,9,7,1.87,0,1,1
2026-09-17T06,9,7,1.88,0,1,1
2026-09-17T07,9,0,1.2,120,326,4
2026-09-17T07,9,0,1.21,81,11331,4
2026-09-17T07,9,0,1.22,3498,289,2
2026-09-17T07,9,0,1.23,4556,0,2
2026-09-17T07,9,2,1.24,6600,0,1
2026-09-17T07,9,3,1.3,6234,0,1
2026-09-17T08,9,0,1.2,7186,9759,5
2026-09-17T08,9,0,1.21,10221,50779,5
2026-09-17T08,9,0,1.22,0,7351,2
2026-09-17T08,9,0,1.23,4954,0,2
2026-09-17T09,9,0,1.2,1550,2244,4
2026-09-17T09,9,0,1.21,3267,0,1
2026-09-17T09,9,1,1.2,0,114099,1
2026-09-17T09,9,7,1.87,0,1,1
2026-09-17T09,9,7,1.88,0,1,1
2026-09-17T10,9,0,1.2,150,61942,9
2026-09-17T10,9,0,1.21,0,9726,2
2026-09-17T10,9,0,1.22,57143,100,2
2026-09-17T10,9,1,1.2,3157,2956,4
2026-09-17T10,9,1,1.21,6501,2196,3
2026-09-17T10,9,1,1.22,0,15014,2
2026-09-17T10,9,2,1.23,5987,0,2
2026-09-17T10,9,10,3.0,1,0,1
2026-09-17T11,9,0,1.2,13500,0,2
2026-09-17T11,9,2,1.21,3150,0,2
2026-09-17T11,9,3,1.29,0,60137,2
2026-09-17T12,9,0,1.2,996,112552,9
2026-09-17T12,9,1,1.2,0,9961,1
2026-09-17T12,9,1,1.21,8520,22668,4
2026-09-17T12,9,2,1.2,5000,887,2
2026-09-17T12,9,2,1.21,2765,2585,2
2026-09-17T12,9,2,1.22,9580,0,1
2026-09-17T13,9,0,1.2,2759,10672,6
2026-09-17T13,9,1,1.2,18299,19245,4
2026-09-17T13,9,2,1.2,0,20000,1
2026-09-17T13,9,2,1.21,0,41636,1
2026-09-17T14,9,0,1.2,20134,0,4
2026-09-17T14,9,1,1.2,5,3002,3
2026-09-17T14,9,1,1.21,0,52480,1
2026-09-17T15,9,0,1.2,26,27007,9
2026-09-17T15,9,0,1.21,2096,6628,5
2026-09-17T15,9,1,1.2,1290,28726,2
2026-09-17T15,9,1,1.21,6984,3341,4
2026-09-17T15,9,7,1.87,0,1,1
2026-09-17T16,9,0,1.2,8,8467,3
2026-09-17T16,9,0,1.21,9407,125784,5
2026-09-17T16,9,1,1.21,0,7065,1
2026-09-17T16,9,2,1.21,0,8478,1
2026-09-17T16,9,2,1.22,44200,0,1
2026-09-17T16,9,3,1.28,8664,0,1
2026-09-17T16,9,7,1.86,0,2,2
2026-09-17T16,9,7,1.87,0,1,1
2026-09-17T16,9,7,1.88,0,1,1
2026-09-17T17,9,0,1.2,101,523,2
2026-09-17T17,9,2,1.21,0,2409,1
2026-09-17T17,9,2,1.22,0,14006,2
2026-09-17T17,9,2,1.23,0,46770,1
2026-09-17T17,9,2,1.24,0,204836,3
2026-09-17T18,9,0,1.2,39783,725752,13
2026-09-17T18,9,0,1.21,915,42,2
2026-09-17T18,9,1,1.2,0,52082,4
2026-09-17T18,9,1,1.21,1651,357,2
2026-09-17T18,9,1,1.22,0,7606,1
2026-09-17T18,9,1,1.23,27314,0,1
2026-09-17T18,9,2,1.24,4728,0,1
2026-09-17T18,9,7,1.88,0,1,1
2026-09-17T19,9,0,1.2,2587,2784,7
2026-09-17T19,9,0,1.21,4085,4191,4
2026-09-17T19,9,1,1.22,0,6462,1
2026-09-17T19,9,1,1.23,0,103093,1
2026-09-17T19,9,1,1.24,0,107497,2
2026-09-17T19,9,2,1.23,8322,41678,4
2026-09-17T19,9,2,1.24,0,5602,1
2026-09-17T19,9,2,1.25,0,100722,2
2026-09-17T19,9,2,1.26,0,12452,1
2026-09-17T19,9,2,1.27,0,8995,1
2026-09-17T19,9,2,1.28,0,7300,1
2026-09-17T19,9,2,1.29,0,100000,1
2026-09-17T19,9,2,1.3,0,14174,1
2026-09-17T19,9,3,1.28,0,30124,1
2026-09-17T19,9,3,1.29,0,13488,1
2026-09-17T19,9,3,1.3,0,29766,1
2026-09-17T19,9,10,3.0,20000,0,1
2026-09-17T20,9,0,1.2,1622,9370,7
2026-09-17T20,9,0,1.21,0,30722,7
2026-09-17T20,9,0,1.22,14952,37862,6
2026-09-17T20,9,1,1.23,1800,0,1
2026-09-17T20,9,1,1.24,644,0,1
2026-09-17T20,9,2,1.3,6380,0,2
2026-09-17T20,9,3,1.32,1495,0,1
2026-09-17T21,9,0,1.2,10000,200,3
2026-09-17T21,9,0,1.21,4276,0,2
2026-09-17T21,9,1,1.22,1876,0,1
2026-09-17T21,9,1,1.23,2000,0,1
2026-09-17T21,9,5,1.36,0,102252,1
2026-09-17T22,9,0,1.2,1920,26770,9
2026-09-17T22,9,0,1.21,0,21975,4
2026-09-17T22,9,0,1.22,0,53813,7
2026-09-17T22,9,0,1.23,0,139105,6
2026-09-17T22,9,1,1.2,0,4610,1
2026-09-17T22,9,1,1.21,1781,3219,2
2026-09-17T22,9,1,1.22,0,7812,1
2026-09-17T22,9,1,1.23,0,6200,1
2026-09-17T22,9,1,1.24,0,4011,1
2026-09-17T22,9,2,1.26,9120,0,1
2026-09-17T23,9,0,1.24,300,0,1
2026-09-17T23,9,1,1.2,22349,77342,5
2026-09-18T00,9,0,1.2,967,691,4
2026-09-18T00,9,1,1.2,0,2868,1
2026-09-18T00,9,1,1.25,0,7212,1
2026-09-18T00,9,2,1.24,0,8200,1
2026-09-18T00,9,2,1.25,0,17624,1
2026-09-18T00,9,3,1.31,0,4000,1
2026-09-18T00,9,3,1.32,14216,0,1
2026-09-18T01,9,0,1.2,2486,0,1
2026-09-18T01,9,2,1.25,3952,0,1
2026-09-18T01,9,4,1.33,25040,0,1
2026-09-18T02,9,1,1.2,9986,0,4
2026-09-18T02,9,2,1.24,0,54066,1
2026-09-18T02,9,2,1.25,0,107478,1
2026-09-18T03,9,0,1.2,22457,557,5
2026-09-18T03,9,1,1.2,0,65500,1
2026-09-18T03,9,10,3.0,0,948181,1
2026-09-18T04,9,0,1.2,0,125771,11
2026-09-18T04,9,0,1.21,10346,76623,7
2026-09-18T04,9,1,1.21,0,1817,1
2026-09-18T04,9,2,1.22,7990,0,1
2026-09-18T04,9,3,1.31,4044,0,1
2026-09-18T04,9,4,1.33,0,1027438,1
2026-09-18T05,9,0,1.2,571,6218,5
2026-09-18T05,9,1,1.21,2271,4560,4
2026-09-18T05,9,7,1.86,0,1,1
2026-09-18T05,9,7,1.87,0,1,1
2026-09-18T05,9,7,1.88,0,2,2
2026-09-18T06,9,0,1.2,13226,0,2
2026-09-18T06,9,2,1.2,10500,0,3
2026-09-18T07,9,0,1.2,141813,56983,7
2026-09-18T07,9,1,1.2,6828,0,3
2026-09-18T07,9,2,1.2,0,42155,2
2026-09-18T07,9,3,1.3,6410,0,2
2026-09-18T08,9,0,1.2,0,109857,7
2026-09-18T08,9,0,1.21,0,1033,3
2026-09-18T08,9,0,1.22,53136,5800,6
2026-09-18T08,9,1,1.2,0,24473,1
2026-09-18T08,9,1,1.21,0,1480,1
2026-09-18T08,9,1,1.22,0,1116,2
2026-09-18T08,9,1,1.23,0,14959,2
2026-09-18T08,9,1,1.25,7720,3150,2
2026-09-18T08,9,2,1.21,0,22268,1
2026-09-18T08,9,2,1.22,0,5528,1
2026-09-18T08,9,2,1.23,0,200000,1
2026-09-18T08,9,2,1.24,0,8003,1
2026-09-18T08,9,2,1.25,0,5311,1
2026-09-18T08,9,2,1.26,6568,0,1
2026-09-18T09,9,0,1.2,100,10800,2
2026-09-18T09,9,0,1.21,5001,4033,4
2026-09-18T09,9,0,1.22,60,0,1
2026-09-18T09,9,1,1.22,0,4500,1
2026-09-18T09,9,1,1.23,559,741,2
2026-09-18T09,9,7,1.2,0,1,1
2026-09-18T09,9,7,1.7,0,1,1
2026-09-18T09,9,7,1.87,0,1,1
2026-09-18T09,9,7,1.88,0,1,1
2026-09-18T10,9,0,1.2,6499,7066,8
2026-09-18T10,9,0,1.21,196,0,2
2026-09-18T10,9,1,1.22,0,967,1
2026-09-18T10,9,1,1.23,5533,0,1
2026-09-18T11,9,0,1.2,21700,0,5
2026-09-18T11,9,3,1.29,0,68046,1
2026-09-18T12,9,0,1.2,8498,6962,7
2026-09-18T12,9,1,1.2,4512,500,3
2026-09-18T12,9,1,1.21,7600,0,1
2026-09-18T12,9,3,1.3,6222,0,1
2026-09-18T13,9,1,1.2,4787,313,4
2026-09-18T13,9,2,1.2,19630,0,3
2026-09-18T14,9,0,1.2,1704,0,2
2026-09-18T14,9,1,1.2,1543,822,3
2026-09-18T14,9,2,1.2,1288,19278,3
2026-09-18T14,9,2,1.21,162397,75891,2
2026-09-18T15,9,0,1.2,200,149488,19
2026-09-18T15,9,0,1.21,11128,0,2
2026-09-18T15,9,1,1.2,0,9789,1
2026-09-18T15,9,1,1.21,0,79192,3
2026-09-18T15,9,1,1.22,0,776,1
2026-09-18T15,9,1,1.23,14,10,2
2026-09-18T15,9,2,1.21,38128,146835,3
2026-09-18T15,9,2,1.22,0,20323,1
2026-09-18T15,9,2,1.23,0,183349,3
2026-09-18T15,9,2,1.24,0,1672,2
2026-09-18T15,9,2,1.25,0,81000,1
2026-09-18T15,9,2,1.26,0,135993,2
2026-09-18T16,9,0,1.2,2140,14658,5
2026-09-18T16,9,0,1.21,288,38838,6
2026-09-18T16,9,0,1.22,5551,0,1
2026-09-18T16,9,1,1.2,500,0,1
2026-09-18T16,9,3,1.29,150000,0,1
2026-09-18T16,9,7,1.82,0,1,1
2026-09-18T16,9,7,1.83,0,1,1
2026-09-18T16,9,7,1.84,0,1,1
2026-09-18T16,9,7,1.85,0,2,2
2026-09-18T16,9,7,1.86,0,1,1
2026-09-18T16,9,7,1.87,0,1,1
2026-09-18T16,9,7,1.88,0,1,1
2026-09-18T17,9,0,1.2,0,41886,5
2026-09-18T17,9,0,1.21,0,14141,4
2026-09-18T17,9,0,1.22,0,57397,4
2026-09-18T17,9,0,1.23,0,302,2
2026-09-18T17,9,0,1.24,0,62242,12
2026-09-18T17,9,0,1.25,2073,164371,26
2026-09-18T17,9,0,1.26,500,76127,4
2026-09-18T17,9,0,1.27,27856,500,2
2026-09-18T17,9,1,1.2,0,1434,1
2026-09-18T17,9,1,1.21,0,19576,1
2026-09-18T17,9,1,1.22,0,2473,2
2026-09-18T17,9,1,1.23,0,1263,1
2026-09-18T17,9,1,1.24,0,47543,1
2026-09-18T17,9,1,1.25,10000,84981,3
2026-09-18T17,9,1,1.26,1109,102869,3
2026-09-18T17,9,1,1.27,0,9649,2
2026-09-18T17,9,2,1.27,0,16364,1
2026-09-18T17,9,2,1.28,0,13630,1
2026-09-18T17,9,3,1.29,3422,0,2
2026-09-18T18,9,0,1.2,150,5127,4
2026-09-18T18,9,0,1.21,8700,7336,6
2026-09-18T18,9,0,1.22,0,500,1
2026-09-18T18,9,1,1.26,3722,0,1
2026-09-18T18,9,1,1.27,3114,0,1
2026-09-18T18,9,3,1.29,14392,0,1
2026-09-18T19,9,0,1.2,2600,24242,8
2026-09-18T19,9,0,1.21,1635,48986,4
2026-09-18T19,9,0,1.22,0,273,1
2026-09-18T19,9,0,1.23,0,1500,1
2026-09-18T19,9,1,1.24,1471,6000,2
2026-09-18T19,9,2,1.28,0,24792,1
2026-09-18T19,9,3,1.29,0,182370,2
2026-09-18T19,9,3,1.3,0,92948,1
2026-09-18T19,9,7,1.87,0,1,1
2026-09-18T19,9,7,1.88,0,1,1
2026-09-18T19,9,7,1.89,0,150000,1
2026-09-18T20,9,0,1.2,0,16565,5
2026-09-18T20,9,0,1.21,61449,51475,3
2026-09-18T20,9,0,1.22,0,8081,3
2026-09-18T20,9,0,1.23,1100,27493,4
2026-09-18T20,9,0,1.24,0,70949,2
2026-09-18T20,9,1,1.22,0,641,1
2026-09-18T20,9,1,1.23,0,42092,1
2026-09-18T20,9,1,1.24,0,10655,1
2026-09-18T20,9,1,1.25,6365,0,1
2026-09-18T20,9,2,1.24,4594,30056,2
2026-09-18T20,9,3,1.31,0,4600,1
2026-09-18T20,9,3,1.32,5458,0,1
2026-09-18T21,9,0,1.2,10501,0,2
2026-09-18T21,9,0,1.24,50,0,1
2026-09-18T21,9,1,1.24,0,14198,1
2026-09-18T21,9,1,1.25,5262,93,4
2026-09-18T21,9,2,1.25,0,26000,1
2026-09-18T21,9,2,1.26,0,40320,1
2026-09-18T22,9,0,1.2,0,15777,1
2026-09-18T22,9,0,1.21,2000,4981,3
2026-09-18T22,9,0,1.22,0,915,2
2026-09-18T22,9,0,1.23,0,14851,1
2026-09-18T22,9,0,1.24,0,5069,3
2026-09-18T22,9,0,1.25,0,1954,2
2026-09-18T22,9,1,1.25,0,8280,1
2026-09-18T22,9,1,1.26,34680,0,2
2026-09-18T22,9,3,1.31,2734,0,1
2026-09-18T23,9,0,1.2,17568,0,6
2026-09-18T23,9,1,1.24,1600,0,1
2026-09-18T23,9,2,1.25,7248,0,1
2026-09-19T04,9,0,1.2,94,14669,4
2026-09-19T04,9,0,1.21,0,10843,2
2026-09-19T04,9,0,1.22,0,3992,1
2026-09-19T04,9,0,1.23,0,51533,1
2026-09-19T04,9,0,1.24,0,3538,2
2026-09-19T04,9,0,1.25,0,200,1
2026-09-19T04,9,1,1.24,0,137203,1
2026-09-19T04,9,1,1.25,0,7,1
2026-09-19T04,9,1,1.26,45260,0,1
2026-09-19T04,9,2,1.25,0,100449,2
2026-09-19T04,9,2,1.26,0,9674,1
2026-09-19T04,9,2,1.27,0,379994,1
2026-09-19T04,9,2,1.28,0,20872,1
2026-09-19T04,9,2,1.29,0,1446,1
2026-09-19T04,9,2,1.3,0,25964,3
2026-09-19T04,9,2,1.31,0,14158,2
2026-09-19T04,9,2,1.32,0,973,1
2026-09-19T04,9,3,1.3,0,32722,1
2026-09-19T04,9,3,1.31,0,26266,1
2026-09-19T04,9,3,1.32,0,19751,1
2026-09-19T04,9,4,1.33,156036,0,1
2026-09-19T05,9,0,1.2,200,0,1
2026-09-19T05,9,1,1.2,4594,0,3
2026-09-19T05,9,4,1.33,16422,0,1
2026-09-19T06,9,0,1.2,424,33442,6
2026-09-19T06,9,0,1.21,0,396074,1
2026-09-19T06,9,1,1.2,13995,5545,4
2026-09-19T06,9,1,1.21,0,5520,1
2026-09-19T06,9,4,1.32,0,6960,1
2026-09-19T07,9,0,1.2,12040,7152,9
2026-09-19T07,9,0,1.21,0,120390,1
2026-09-19T07,9,2,1.21,10000,0,1
2026-09-19T08,9,0,1.2,98061,0,8
2026-09-19T08,9,4,1.33,50000,0,1
2026-09-19T09,9,0,1.2,4344,956864,8
2026-09-19T09,9,2,1.2,2650,0,3
2026-09-19T09,9,2,1.21,18767,0,2
2026-09-19T09,9,4,1.33,22070,0,1
2026-09-19T09,9,7,1.88,0,1,1
2026-09-19T09,9,7,1.89,0,1,1
2026-09-19T10,9,0,1.2,889,6087,7
2026-09-19T10,9,0,1.21,14786,32123,6
2026-09-19T10,9,1,1.2,0,59560,1
2026-09-19T10,9,1,1.21,4586,19871,4
2026-09-19T10,9,2,1.2,0,17350,1
2026-09-19T10,9,2,1.21,0,18401,1
2026-09-19T10,9,2,1.22,0,7300,1
2026-09-19T10,9,2,1.23,0,19672,1
2026-09-19T10,9,2,1.24,0,34514,2
2026-09-19T10,9,2,1.25,12127,0,1
2026-09-19T11,9,0,1.2,0,519,2
2026-09-19T11,9,0,1.21,2000,5048,2
2026-09-19T11,9,1,1.2,11500,5394,4
2026-09-19T11,9,1,1.21,0,522,1
2026-09-19T11,9,2,1.23,4500,0,1
2026-09-19T12,9,0,1.2,1662,200,3
2026-09-19T12,9,0,1.21,2758,0,1
2026-09-19T12,9,1,1.2,100,0,1
2026-09-19T12,9,7,1.89,0,1,1
2026-09-19T13,9,0,1.2,5000,13842,5
2026-09-19T13,9,1,1.2,0,14490,1
2026-09-19T13,9,2,1.2,33024,33336,6
2026-09-19T13,9,2,1.21,6808,0,1
2026-09-19T13,9,4,1.33,2376,0,1
2026-09-19T14,9,0,1.2,5000,130998,5
2026-09-19T14,9,0,1.21,0,238027,5
2026-09-19T14,9,1,1.21,0,6743,3
2026-09-19T14,9,2,1.21,0,10192,1
2026-09-19T14,9,2,1.22,2815,513,4
2026-09-19T15,9,0,1.2,4006,7686,7
2026-09-19T15,9,1,1.21,0,1527,1
2026-09-19T15,9,1,1.22,181423,0,2
2026-09-19T15,9,2,1.23,2193,0,1
2026-09-19T16,9,0,1.2,432,41813,9
2026-09-19T16,9,0,1.21,124,22840,4
2026-09-19T16,9,0,1.22,0,443748,5
2026-09-19T16,9,0,1.23,14374,10914,3
2026-09-19T16,9,1,1.22,3140,21323,3
2026-09-19T16,9,1,1.23,0,1470,1
2026-09-19T16,9,1,1.24,29800,0,1
2026-09-19T16,9,2,1.23,0,3285,1
2026-09-19T16,9,2,1.24,0,22407,1
2026-09-19T16,9,3,1.28,4244,0,1
2026-09-19T17,9,0,1.2,15206,28179,12
2026-09-19T17,9,0,1.21,0,200,1
2026-09-19T17,9,1,1.22,0,954,1
2026-09-19T17,9,1,1.23,0,36774,1
2026-09-19T18,9,0,1.2,597,5314,2
2026-09-19T18,9,0,1.21,0,100,1
2026-09-19T18,9,0,1.22,0,300,2
2026-09-19T18,9,0,1.23,0,2462,3
2026-09-19T18,9,0,1.24,2534,4599,6
2026-09-19T18,9,1,1.24,0,51514,2
2026-09-19T18,9,2,1.25,49889,55388,6
2026-09-19T18,9,3,1.28,0,44499,1
2026-09-19T18,9,3,1.29,0,12000,1
2026-09-19T18,9,3,1.3,43501,0,1
2026-09-19T18,9,7,1.87,0,1,1
2026-09-19T18,9,7,1.88,0,1,1
2026-09-19T18,9,7,1.89,0,1,1
2026-09-19T19,9,0,1.2,300,19788,7
2026-09-19T19,9,0,1.21,784,11122,4
2026-09-19T19,9,0,1.22,8,100,2
2026-09-19T19,9,0,1.23,3137,17706,2
2026-09-19T19,9,1,1.24,400,0,1
2026-09-19T19,9,2,1.23,0,125350,1
2026-09-19T19,9,2,1.24,0,10461,1
2026-09-19T19,9,2,1.25,0,12228,1
2026-09-19T19,9,2,1.27,0,33079,1
2026-09-19T19,9,3,1.3,0,47770,1
2026-09-19T19,9,4,1.33,4812,319226,2
2026-09-19T19,9,4,1.34,0,9120,1
2026-09-19T19,9,4,1.35,0,10080,1
2026-09-19T19,9,4,1.38,0,11260,1
2026-09-19T20,9,0,1.2,9172,30415,8
2026-09-19T20,9,0,1.21,90,4891,3
2026-09-19T20,9,0,1.22,32816,11363,4
2026-09-19T20,9,1,1.24,0,7091,1
2026-09-19T20,9,1,1.25,0,20735,2
2026-09-19T20,9,2,1.26,10256,0,1
2026-09-19T21,9,0,1.2,0,7352,5
2026-09-19T21,9,0,1.21,0,4030,3
2026-09-19T21,9,0,1.22,2928,27224,6
2026-09-19T21,9,0,1.23,4610,0,3
2026-09-19T21,9,2,1.24,0,36553,1
2026-09-19T21,9,2,1.25,10000,0,1
2026-09-19T21,9,3,1.3,0,12980,1
2026-09-19T21,9,7,1.89,0,1,1
2026-09-19T22,9,0,1.2,3931,100,2
2026-09-19T22,9,2,1.24,3599,3974,2
2026-09-19T22,9,2,1.25,1582,0,2
2026-09-19T22,9,3,1.3,0,3599,1
2026-09-19T22,9,3,1.31,1427,0,1
2026-09-19T22,9,7,1.89,0,1,1
2026-09-19T23,9,0,1.2,0,81173,7
2026-09-19T23,9,2,1.23,5000,0,1
2026-09-20T00,9,0,1.2,400,51419,6
2026-09-20T00,9,1,1.21,5200,1864,2
2026-09-20T00,9,1,1.22,1542,0,1
2026-09-20T00,9,2,1.22,0,93846,1
2026-09-20T00,9,2,1.23,0,87084,1
2026-09-20T00,9,2,1.24,0,81728,1
2026-09-20T00,9,2,1.25,0,8653,1
2026-09-20T00,9,2,1.26,0,167669,1
2026-09-20T00,9,3,1.3,4098,35363,2
2026-09-20T01,9,0,1.2,41,309,5
2026-09-20T01,9,0,1.21,3359,0,1
2026-09-20T01,9,1,1.21,0,6666,2
2026-09-20T01,9,1,1.22,5198,0,1
2026-09-20T01,9,2,1.29,1500,0,1
2026-09-20T01,9,4,1.39,0,38231,1
2026-09-20T01,9,4,1.4,0,58430,1
2026-09-20T01,9,4,1.41,17339,0,1
2026-09-20T02,9,0,1.2,10,2123,5
2026-09-20T02,9,0,1.21,17093,0,1
2026-09-20T02,9,1,1.2,0,34042,1
2026-09-20T02,9,1,1.21,1170,0,1
2026-09-20T02,9,2,1.29,3624,17968,2
2026-09-20T02,9,2,1.3,0,100,1
2026-09-20T02,9,3,1.31,2852,0,1
2026-09-20T03,9,0,1.2,0,41419,6
2026-09-20T03,9,0,1.21,0,240917,7
2026-09-20T03,9,0,1.22,0,2844,3
2026-09-20T03,9,0,1.23,100000,114960,3
2026-09-20T03,9,0,1.24,80,30769,4
2026-09-20T03,9,1,1.2,0,5063,1
2026-09-20T03,9,1,1.21,0,3146,1
2026-09-20T03,9,1,1.22,0,16060,1
2026-09-20T03,9,1,1.23,0,180390,2
2026-09-20T03,9,1,1.24,0,42706,1
2026-09-20T03,9,1,1.26,0,30657,1
2026-09-20T03,9,3,1.31,0,169842,2
2026-09-20T04,9,0,1.2,2500,31609,2
2026-09-20T04,9,0,1.21,0,1643,2
2026-09-20T04,9,0,1.22,0,256,1
2026-09-20T04,9,0,1.23,0,522,1
2026-09-20T04,9,0,1.24,2579,550,2
2026-09-20T04,9,3,1.32,3710,0,1
2026-09-20T05,9,0,1.2,13564,13936,6
2026-09-20T05,9,1,1.24,3072,0,1
2026-09-20T05,9,1,1.25,2000,0,1
2026-09-20T05,9,4,1.41,0,74079,1
2026-09-20T05,9,4,1.43,30000,0,1
2026-09-20T06,9,0,1.2,0,6130,4
2026-09-20T06,9,0,1.21,3734,236,4
2026-09-20T06,9,0,1.22,0,3000,1
2026-09-20T06,9,0,1.23,0,60547,1
2026-09-20T06,9,0,1.24,0,68913,1
2026-09-20T06,9,0,1.25,2500,500,2
2026-09-20T06,9,1,1.24,50,28232,3
2026-09-20T06,9,1,1.25,0,6088,1
2026-09-20T06,9,3,1.25,0,32649,1
2026-09-20T06,9,7,1.87,0,1,1
2026-09-20T06,9,7,1.88,0,1,1
2026-09-20T06,9,7,1.89,0,1,1
2026-09-20T07,9,0,1.2,3766,2173,4
2026-09-20T07,9,0,1.21,26,44275,4
2026-09-20T07,9,0,1.22,0,46721,3
2026-09-20T07,9,0,1.23,3660,4638,3
2026-09-20T07,9,0,1.24,0,8405,2
2026-09-20T07,9,0,1.25,136,12856,4
2026-09-20T07,9,1,1.26,19090,7884,2
2026-09-20T07,9,1,1.27,12446,395174,2
2026-09-20T07,9,2,1.28,0,41290,1
2026-09-20T07,9,3,1.3,0,47077,1
2026-09-20T07,9,4,1.41,2276,0,1
2026-09-20T07,9,7,1.9,0,1687840,1
2026-09-20T08,9,0,1.2,5222,23,3
2026-09-20T08,9,0,1.21,0,58277,2
2026-09-20T08,9,0,1.22,0,1717,2
2026-09-20T08,9,0,1.23,0,6656,3
2026-09-20T08,9,0,1.24,253,3128,3
2026-09-20T08,9,0,1.25,0,2136,3
2026-09-20T08,9,0,1.26,5234,29853,8
2026-09-20T08,9,1,1.26,0,6059,1
2026-09-20T08,9,1,1.27,159638,0,1
2026-09-20T08,9,3,1.32,800,0,1
2026-09-20T08,9,7,1.9,0,2,2
2026-09-20T08,9,7,2.0,0,3,3
2026-09-20T09,9,0,1.2,0,680,2
2026-09-20T09,9,0,1.21,0,1121,2
2026-09-20T09,9,0,1.22,1971,894,4
2026-09-20T09,9,0,1.23,0,3990,2
2026-09-20T09,9,0,1.24,94224,0,2
2026-09-20T09,9,2,1.25,0,25000,1
2026-09-20T09,9,2,1.26,0,30259,1
2026-09-20T09,9,3,1.32,3396,0,1
2026-09-20T10,9,0,1.2,0,2364,4
2026-09-20T10,9,0,1.21,4800,8035,6
2026-09-20T10,9,0,1.22,0,28127,5
2026-09-20T10,9,0,1.23,9826,136399,5
2026-09-20T10,9,0,1.24,0,197103,2
2026-09-20T10,9,0,1.25,0,100,1
2026-09-20T10,9,0,1.26,0,4168,2
2026-09-20T10,9,0,1.27,104401,0,2
2026-09-20T10,9,1,1.25,0,9750,1
2026-09-20T10,9,1,1.26,0,368,1
2026-09-20T10,9,1,1.27,0,58382,2
2026-09-20T10,9,2,1.24,0,3702,1
2026-09-20T10,9,2,1.25,0,14798,1
2026-09-20T10,9,2,1.26,0,10000,1
2026-09-20T10,9,2,1.27,0,46028,1
2026-09-20T10,9,3,1.29,10058,0,1
2026-09-20T11,9,0,1.2,24,688,3
2026-09-20T11,9,0,1.22,0,100,1
2026-09-20T11,9,0,1.24,0,100,1
2026-09-20T11,9,0,1.26,0,100,1
2026-09-20T11,9,1,1.25,1364,0,2
2026-09-20T11,9,7,2.25,0,1,1
2026-09-20T12,9,0,1.12,0,7732,1
2026-09-20T12,9,0,1.16,0,300,1
2026-09-20T12,9,0,1.17,700,1048,2
2026-09-20T12,9,0,1.18,0,600,2
2026-09-20T12,9,0,1.19,0,6418,3
2026-09-20T12,9,0,1.2,11949,7958,4
2026-09-20T12,9,0,1.21,0,354,1
2026-09-20T12,9,0,1.22,0,1336,1
2026-09-20T12,9,0,1.23,0,22237,2
2026-09-20T12,9,0,1.24,0,100,1
2026-09-20T12,9,0,1.27,71760,0,1
2026-09-20T12,9,1,1.23,0,14,1
2026-09-20T12,9,1,1.24,0,7667,2
2026-09-20T12,9,1,1.25,0,23636,1
2026-09-20T12,9,1,1.27,0,1370,1
2026-09-20T12,9,2,1.26,0,2827,1
2026-09-20T12,9,2,1.27,0,1461,1
2026-09-20T12,9,3,1.29,0,19169,1
2026-09-20T12,9,3,1.3,0,28974,1
2026-09-20T13,9,0,1.16,0,300,1
2026-09-20T13,9,0,1.17,0,548,1
2026-09-20T13,9,0,1.18,0,506,3
2026-09-20T13,9,0,1.2,0,2015,2
2026-09-20T13,9,0,1.21,0,4961,3
2026-09-20T13,9,0,1.22,0,2673,2
2026-09-20T13,9,0,1.23,0,4267,4
2026-09-20T13,9,0,1.24,250,2445,4
2026-09-20T13,9,0,1.25,1709,1596,3
2026-09-20T13,9,1,1.25,0,10036,2
2026-09-20T13,9,1,1.26,10545,0,2
2026-09-20T13,9,2,1.26,1656,0,1
2026-09-20T13,9,4,1.41,2322,0,1
2026-09-20T14,9,0,1.12,0,2040,1
2026-09-20T14,9,0,1.13,4460,10440,2
2026-09-20T14,9,0,1.14,610,480,2
2026-09-20T14,9,0,1.15,0,300,1
2026-09-20T14,9,0,1.17,0,3033,3
2026-09-20T14,9,0,1.18,0,27475,3
2026-09-20T14,9,0,1.19,0,302,1
2026-09-20T14,9,0,1.2,4748,62370,3
2026-09-20T14,9,0,1.21,0,14314,1
2026-09-20T14,9,0,1.23,0,431,2
2026-09-20T14,9,0,1.24,0,20204,2
2026-09-20T14,9,1,1.24,9460,22675,3
2026-09-20T14,9,1,1.25,30006,5974,3
2026-09-20T15,9,0,1.16,1164,5172,4
2026-09-20T15,9,0,1.17,11800,0,1
2026-09-20T15,9,0,1.19,0,1120,1
2026-09-20T15,9,4,1.41,13200,0,1
2026-09-20T15,9,5,1.48,0,4368,1
2026-09-20T15,9,5,1.49,5882,0,1
2026-09-20T16,9,0,1.12,2924,1125,3
2026-09-20T16,9,0,1.13,0,3381,2
2026-09-20T16,9,0,1.14,0,497,1
2026-09-20T16,9,0,1.15,761,14122,2
2026-09-20T16,9,0,1.16,234,1848,2
2026-09-20T16,9,0,1.17,2900,0,1
2026-09-20T16,9,3,1.32,8196,0,1
2026-09-20T17,9,0,1.12,0,3348,2
2026-09-20T17,9,0,1.13,690,8218,5
2026-09-20T17,9,0,1.14,0,10253,3
2026-09-20T17,9,0,1.15,0,6365,2
2026-09-20T17,9,0,1.16,0,666,1
2026-09-20T17,9,0,1.17,0,59895,5
2026-09-20T17,9,0,1.18,0,39082,3
2026-09-20T17,9,0,1.19,0,603,1
2026-09-20T17,9,0,1.2,0,13392,5
2026-09-20T17,9,0,1.21,0,603,2
2026-09-20T17,9,0,1.24,0,250,1
2026-09-20T17,9,0,1.25,22178,81718,6
2026-09-20T17,9,0,1.26,0,8319,3
2026-09-20T17,9,0,1.27,0,284444,9
2026-09-20T17,9,0,1.28,0,9329,1
2026-09-20T17,9,0,1.29,0,130074,4
2026-09-20T17,9,0,1.3,0,30891,13
2026-09-20T17,9,0,1.32,0,7970,2
2026-09-20T17,9,0,1.33,0,5901,3
2026-09-20T17,9,0,1.34,0,460,2
2026-09-20T17,9,0,1.35,0,888,1
2026-09-20T17,9,1,1.21,0,3439,1
2026-09-20T17,9,1,1.22,0,2724,1
2026-09-20T17,9,1,1.24,0,3039,1
2026-09-20T17,9,1,1.25,0,69994,1
2026-09-20T17,9,1,1.26,0,27580,1
2026-09-20T17,9,1,1.28,0,34932,3
2026-09-20T17,9,1,1.29,0,25000,1
2026-09-20T17,9,1,1.33,0,3256,1
2026-09-20T17,9,2,1.22,0,15600,1
2026-09-20T17,9,2,1.23,0,5000,1
2026-09-20T17,9,2,1.24,0,6713,1
2026-09-20T17,9,2,1.25,0,10460,1
2026-09-20T17,9,2,1.26,0,198344,1
2026-09-20T17,9,2,1.27,0,13369,1
2026-09-20T17,9,2,1.28,0,73868,2
2026-09-20T17,9,2,1.29,0,31757,1
2026-09-20T17,9,2,1.3,0,28395,1
2026-09-20T17,9,2,1.31,0,32546,2
2026-09-20T17,9,2,1.32,0,22067,1
2026-09-20T17,9,2,1.33,0,23480,1
2026-09-20T17,9,2,1.34,0,16414,1
2026-09-20T17,9,3,1.31,1090,14003,2
2026-09-20T17,9,3,1.32,0,117403,1
2026-09-20T17,9,3,1.35,0,3354,1
2026-09-20T18,9,0,1.12,0,600,1
2026-09-20T18,9,0,1.13,0,487,1
2026-09-20T18,9,0,1.18,434,1469,2
2026-09-20T18,9,0,1.19,0,68019,3
2026-09-20T18,9,0,1.2,0,4616,2
2026-09-20T18,9,0,1.22,0,300,1
2026-09-20T18,9,0,1.23,0,2350,3
2026-09-20T18,9,0,1.24,20,1769,4
2026-09-20T18,9,2,1.35,5454,1963,3
2026-09-20T18,9,2,1.36,26854,0,1
2026-09-20T19,9,0,1.18,0,12919,2
2026-09-20T19,9,0,1.19,0,2711,3
2026-09-20T19,9,0,1.2,0,19038,7
2026-09-20T19,9,0,1.21,25963,36644,5
2026-09-20T19,9,0,1.22,0,290,2
2026-09-20T19,9,0,1.23,0,6397,3
2026-09-20T19,9,0,1.24,0,3949,1
2026-09-20T19,9,0,1.25,0,615,1
2026-09-20T19,9,0,1.26,13072,0,1
2026-09-20T19,9,1,1.28,2986,0,1
2026-09-20T19,9,2,1.26,0,10000,1
2026-09-20T20,9,0,1.2,208,5187,4
2026-09-20T20,9,0,1.21,2000,5440,4
2026-09-20T20,9,0,1.22,0,30680,1
2026-09-20T20,9,0,1.23,0,3088,1
2026-09-20T20,9,0,1.24,0,215,1
2026-09-20T20,9,0,1.25,0,1290,1
2026-09-20T20,9,0,1.26,0,9606,2
2026-09-20T20,9,0,1.27,0,400,1
2026-09-20T20,9,2,1.27,0,21953,1
2026-09-20T20,9,2,1.28,0,10500,2
2026-09-20T20,9,2,1.29,3446,0,1
2026-09-20T21,9,0,1.16,756,9641,5
2026-09-20T21,9,0,1.17,94788,7543,7
2026-09-20T21,9,0,1.18,0,107,1
2026-09-20T21,9,7,1.98,0,1,1
2026-09-20T22,9,0,1.16,2800,8999,4
2026-09-20T22,9,0,1.17,5456,41364,5
2026-09-20T22,9,0,1.18,0,147,1
2026-09-20T22,9,0,1.19,0,100,1
2026-09-20T22,9,0,1.2,0,13380,5
2026-09-20T22,9,0,1.21,0,25847,2
2026-09-20T22,9,0,1.22,0,1850,3
2026-09-20T22,9,0,1.23,0,708,2
2026-09-20T22,9,0,1.24,0,577,2
2026-09-20T22,9,1,1.24,1718,2530,2
2026-09-20T22,9,1,1.25,58390,0,2
2026-09-20T22,9,2,1.27,2826,0,1
2026-09-20T22,9,2,1.28,2610,0,1
2026-09-20T22,9,3,1.29,0,25000,1
2026-09-20T22,9,3,1.3,0,14143,1
2026-09-20T22,9,4,1.41,3630,0,1
2026-09-20T23,9,0,1.16,0,2275,1
2026-09-20T23,9,0,1.17,5000,16342,3
2026-09-20T23,9,0,1.18,0,12,1
2026-09-20T23,9,0,1.19,0,16622,3
2026-09-20T23,9,0,1.2,12213,0,2
2026-09-20T23,9,1,1.24,0,17845,1
2026-09-20T23,9,1,1.25,0,28342,1
2026-09-20T23,9,2,1.26,0,11000,1
2026-09-21T00,9,0,1.16,11461,19647,5
2026-09-21T00,9,0,1.17,0,260,1
2026-09-21T00,9,1,1.23,22000,0,1
2026-09-21T00,9,2,1.24,1300,0,1
2026-09-21T00,9,3,1.32,16708,0,1
2026-09-21T00,9,5,1.17,387,1882409,2
2026-09-21T00,9,5,1.48,50000,0,1
2026-09-21T01,9,0,1.16,10,45949,4
2026-09-21T01,9,0,1.17,0,1452,2
2026-09-21T01,9,0,1.18,9048,730,3
2026-09-21T01,9,0,1.19,3422,2000,4
2026-09-21T01,9,0,1.2,2070,0,1
2026-09-21T02,9,0,1.14,0,1508,1
2026-09-21T02,9,0,1.15,0,13682,2
2026-09-21T02,9,0,1.16,0,103,1
2026-09-21T02,9,0,1.17,0,105,1
2026-09-21T02,9,0,1.18,1654,9298,3
2026-09-21T02,9,0,1.19,0,18593,2
2026-09-21T02,9,0,1.2,50,0,1
2026-09-21T02,9,2,1.23,0,24,1
2026-09-21T02,9,2,1.24,1976,55846,2
2026-09-21T02,9,2,1.25,0,27153,1
2026-09-21T02,9,2,1.26,0,21201,1
2026-09-21T03,9,0,1.15,40,64519,4
2026-09-21T03,9,0,1.16,0,5000,1
2026-09-21T03,9,0,1.18,4597,2957,4
2026-09-21T03,9,0,1.19,0,5428,3
2026-09-21T03,9,0,1.2,31305,94646,9
2026-09-21T03,9,0,1.21,0,90534,2
2026-09-21T03,9,0,1.22,0,5779,2
2026-09-21T03,9,1,1.21,0,105349,2
2026-09-21T03,9,1,1.22,0,3202,1
2026-09-21T03,9,1,1.23,0,55500,1
2026-09-21T04,9,0,1.18,0,3651,1
2026-09-21T04,9,0,1.19,100,6506,2
2026-09-21T04,9,0,1.2,0,11997,2
2026-09-21T04,9,0,1.21,0,2708,1
2026-09-21T04,9,0,1.22,568,2898,3
2026-09-21T04,9,0,1.23,2240,0,1
2026-09-21T04,9,1,1.24,483,0,2
2026-09-21T05,9,0,1.15,0,5074,1
2026-09-21T05,9,0,1.16,0,6000,1
2026-09-21T05,9,0,1.17,200,1940,3
2026-09-21T05,9,0,1.18,0,2000,1
2026-09-21T05,9,0,1.19,0,16290,1
2026-09-21T05,9,0,1.2,904,39221,5
2026-09-21T05,9,0,1.21,0,8067,2
2026-09-21T05,9,0,1.22,0,16795,1
2026-09-21T05,9,0,1.23,0,27687,2
2026-09-21T06,9,0,1.19,0,4408,1
2026-09-21T06,9,0,1.2,6158,31000,3
2026-09-21T06,9,0,1.21,0,4741,2
2026-09-21T06,9,0,1.22,0,5000,1
2026-09-21T06,9,1,1.19,0,11254,1
2026-09-21T06,9,1,1.2,0,130798,1
2026-09-21T07,9,0,1.17,0,13425,1
2026-09-21T07,9,0,1.18,0,200,1
2026-09-21T07,9,0,1.19,0,500,1
2026-09-21T07,9,0,1.2,696,1503,4
2026-09-21T07,9,0,1.21,6309,2754,4
2026-09-21T08,9,0,1.17,0,252,1
2026-09-21T08,9,0,1.18,0,5100,2
2026-09-21T08,9,0,1.19,0,10652,3
2026-09-21T08,9,0,1.2,3640,8028,8
2026-09-21T08,9,0,1.21,0,7294,3
2026-09-21T08,9,0,1.22,0,8072,2
2026-09-21T08,9,0,1.23,0,38703,2
2026-09-21T08,9,0,1.24,0,839,2
2026-09-21T08,9,1,1.23,0,16280,1
2026-09-21T08,9,1,1.24,4250,5906,2
2026-09-21T08,9,2,1.25,23397,0,4
2026-09-21T08,9,4,1.41,5398,0,1
2026-09-21T09,9,0,1.2,0,350,1
2026-09-21T09,9,0,1.21,8184,3692,4
2026-09-21T09,9,0,1.22,2150,0,1
2026-09-21T09,9,1,1.22,34705,350,2
2026-09-21T10,9,0,1.16,0,2146,1
2026-09-21T10,9,0,1.17,0,9304,1
2026-09-21T10,9,0,1.18,0,11601,3
2026-09-21T10,9,0,1.19,2693,6378,5
2026-09-21T10,9,0,1.2,4672,98490,6
2026-09-21T10,9,0,1.21,50,35050,4
2026-09-21T10,9,0,1.22,7514,0,1
2026-09-21T10,9,1,1.22,0,4677,1
2026-09-21T11,9,0,1.15,0,5000,1
2026-09-21T11,9,0,1.16,0,447,1
2026-09-21T11,9,0,1.17,0,808,1
2026-09-21T11,9,0,1.18,600,8162,3
2026-09-21T11,9,0,1.19,0,4906,2
2026-09-21T11,9,0,1.2,0,3235,3
2026-09-21T11,9,0,1.21,0,2180,3
2026-09-21T11,9,0,1.22,56128,12750,6
2026-09-21T11,9,0,1.23,0,21435,3
2026-09-21T11,9,0,1.24,0,1389,1
2026-09-21T11,9,0,1.25,2569,2313,3
2026-09-21T11,9,1,1.23,0,968,1
2026-09-21T11,9,1,1.24,32,1425,2
2026-09-21T11,9,1,1.25,0,34916,1
2026-09-21T11,9,2,1.25,0,102076,2
2026-09-21T11,9,3,1.3,0,20659,1
2026-09-21T11,9,3,1.32,50000,0,1
2026-09-21T12,9,0,1.19,0,1876,1
2026-09-21T12,9,0,1.2,0,6697,3
2026-09-21T12,9,0,1.21,310,11734,3
2026-09-21T12,9,0,1.22,0,88061,4
2026-09-21T12,9,0,1.23,0,2362,2
2026-09-21T12,9,0,1.24,0,38539,4
2026-09-21T12,9,0,1.25,0,11971,1
2026-09-21T12,9,0,1.26,0,14936,3
2026-09-21T12,9,0,1.27,331,85,2
2026-09-21T12,9,1,1.25,15000,135000,2
2026-09-21T12,9,2,1.26,0,55674,1
2026-09-21T12,9,2,1.27,1544,1824,2
2026-09-21T12,9,3,1.31,6522,0,1
2026-09-21T12,9,7,1.93,0,1,1
2026-09-21T12,9,7,1.94,0,1,1
2026-09-21T12,9,7,1.95,0,1,1
2026-09-21T13,9,0,1.19,0,7300,1
2026-09-21T13,9,0,1.2,204,7882,3
2026-09-21T13,9,0,1.21,0,25794,3
2026-09-21T13,9,0,1.22,8396,3802,4
2026-09-21T13,9,0,1.23,3355,0,1
2026-09-21T13,9,1,1.26,2930,0,1
2026-09-21T13,9,2,1.27,1738,0,1
2026-09-21T14,9,0,1.12,5900,8735,3
2026-09-21T14,9,0,1.13,0,1155,2
2026-09-21T14,9,0,1.14,5867,0,2
2026-09-21T14,9,1,1.25,0,5612,1
2026-09-21T15,9,0,1.14,0,52483,2
2026-09-21T15,9,0,1.15,0,3810,2
2026-09-21T15,9,0,1.16,0,2506,2
2026-09-21T15,9,0,1.17,0,937,2
2026-09-21T15,9,0,1.18,0,2932,2
2026-09-21T15,9,0,1.19,0,4234,3
2026-09-21T15,9,0,1.2,0,4188,2
2026-09-21T15,9,0,1.21,0,6129,3
2026-09-21T15,9,0,1.22,0,12715,4
2026-09-21T15,9,0,1.23,44450,5031,4
2026-09-21T15,9,0,1.24,35279,0,1
2026-09-21T15,9,2,1.27,598,0,1
2026-09-21T15,9,3,1.28,19102,0,2
2026-09-21T15,9,7,1.94,0,1,1
2026-09-21T15,9,7,1.95,0,1,1
2026-09-21T15,9,7,1.96,0,1,1
2026-09-21T15,9,7,1.97,0,1,1
2026-09-21T15,9,7,1.98,0,1,1
2026-09-21T16,9,0,1.16,0,11732,1
2026-09-21T16,9,0,1.17,0,2631,2
2026-09-21T16,9,0,1.18,0,557,2
2026-09-21T16,9,0,1.19,0,28933,6
2026-09-21T16,9,0,1.2,0,164504,6
2026-09-21T16,9,0,1.21,0,18872,2
2026-09-21T16,9,0,1.24,0,78779,2
2026-09-21T16,9,1,1.25,0,209971,2
2026-09-21T16,9,1,1.26,0,8067,1
2026-09-21T16,9,2,1.23,0,72,1
2026-09-21T16,9,2,1.24,0,28293,1
2026-09-21T16,9,2,1.25,0,28000,1
2026-09-21T16,9,2,1.26,0,22285,1
2026-09-21T16,9,2,1.27,8000,0,1
2026-09-21T16,9,3,1.28,0,125,1
2026-09-21T17,9,0,1.18,0,6008,1
2026-09-21T17,9,0,1.19,0,334,2
2026-09-21T17,9,0,1.2,2500,282,2
2026-09-21T17,9,0,1.21,2973,340,2
2026-09-21T17,9,0,1.22,0,1252,2
2026-09-21T17,9,0,1.23,2224,1304,2
2026-09-21T17,9,0,1.24,920,18000,3
2026-09-21T17,9,0,1.25,0,15561,4
2026-09-21T17,9,0,1.26,544,0,1
2026-09-21T18,9,0,1.16,1480,0,1
2026-09-21T18,9,0,1.17,200,0,1
2026-09-21T18,9,0,1.19,148,14810,2
2026-09-21T18,9,0,1.2,0,25666,2
2026-09-21T18,9,0,1.21,29136,0,1
2026-09-21T18,9,1,1.26,12200,0,2
2026-09-21T19,9,0,1.13,0,200,1
2026-09-21T19,9,0,1.14,0,780,1
2026-09-21T19,9,0,1.15,0,4667,2
2026-09-21T19,9,0,1.16,0,10520,2
2026-09-21T19,9,0,1.17,0,2837,1
2026-09-21T19,9,0,1.18,0,28644,2
2026-09-21T19,9,0,1.19,0,9407,2
2026-09-21T19,9,0,1.2,0,2607,3
2026-09-21T19,9,0,1.21,0,78147,2
2026-09-21T19,9,0,1.22,30000,70424,5
2026-09-21T19,9,0,1.23,0,2703,1
2026-09-21T19,9,0,1.24,0,242,1
2026-09-21T19,9,1,1.23,0,12478,1
2026-09-21T19,9,1,1.24,1118,20767,2
2026-09-21T19,9,1,1.25,0,1556,1
2026-09-21T19,9,2,1.27,100,0,1
2026-09-21T19,9,3,1.29,0,74307,1
2026-09-21T19,9,3,1.3,0,120888,1
2026-09-21T19,9,3,1.31,14698,0,1
2026-09-21T19,9,7,1.95,0,1,1
2026-09-21T19,9,7,1.96,0,1,1
2026-09-21T19,9,7,1.97,0,1,1
2026-09-21T19,9,7,1.98,0,1,1
2026-09-21T20,9,0,1.16,0,1373,2
2026-09-21T20,9,0,1.17,5000,62511,4
2026-09-21T20,9,0,1.18,0,11353,2
2026-09-21T20,9,0,1.19,5285,715,2
2026-09-21T20,9,1,1.22,2778,0,1
2026-09-21T20,9,2,1.27,6312,0,1
2026-09-21T21,9,0,1.16,0,4614,1
2026-09-21T21,9,0,1.17,0,7404,2
2026-09-21T21,9,0,1.18,0,2350,1
2026-09-21T21,9,0,1.19,0,9617,3
2026-09-21T21,9,0,1.2,0,437,3
2026-09-21T21,9,0,1.21,11772,17382,7
2026-09-21T21,9,0,1.22,10130,0,2
2026-09-21T21,9,1,1.21,144,5558,3
2026-09-21T21,9,1,1.22,0,6303,1
2026-09-21T22,9,0,1.16,0,100,1
2026-09-21T22,9,0,1.17,4254,5313,6
2026-09-21T22,9,0,1.18,0,2866,1
2026-09-21T22,9,0,1.19,4384,0,1
2026-09-21T22,9,2,1.23,52626,0,1
2026-09-21T22,9,4,1.39,22070,0,1
2026-09-21T23,9,0,1.16,30,54725,2
2026-09-21T23,9,0,1.18,103,153,2
2026-09-21T23,9,1,1.19,1720,14167,2
2026-09-21T23,9,2,1.22,0,604,1
2026-09-21T23,9,2,1.23,19396,0,1
2026-09-21T23,9,3,1.3,0,26588,1
2026-09-22T00,9,0,1.16,5166,13255,6
2026-09-22T00,9,0,1.17,0,31160,3
2026-09-22T00,9,0,1.18,124,0,1
2026-09-22T00,9,1,1.2,5218,0,1
2026-09-22T00,9,2,1.23,1600,0,1
2026-09-22T00,9,3,1.3,0,144750,1
2026-09-22T00,9,3,1.31,0,3780,1
2026-09-22T00,9,3,1.32,12928,0,1
2026-09-22T01,9,0,1.16,0,1500,1
2026-09-22T01,9,0,1.17,2362,5519,3
2026-09-22T01,9,0,1.18,171000,0,1
2026-09-22T01,9,1,1.18,0,509,1
2026-09-22T01,9,1,1.19,0,9465,1
2026-09-22T01,9,1,1.2,5480,35337,2
2026-09-22T02,9,0,1.16,200,8993,2
2026-09-22T02,9,0,1.17,0,3065,1
2026-09-22T02,9,0,1.18,9,21311,5
2026-09-22T02,9,0,1.19,0,43972,5
2026-09-22T02,9,0,1.2,59161,206520,4
2026-09-22T02,9,0,1.21,0,11062,4
2026-09-22T02,9,0,1.22,1669,73462,3
2026-09-22T02,9,1,1.2,0,115242,3
2026-09-22T02,9,1,1.21,0,834,1
2026-09-22T02,9,1,1.22,0,14797,1
2026-09-22T02,9,1,1.23,0,16342,2
2026-09-22T02,9,2,1.22,0,5892,1
2026-09-22T02,9,2,1.23,0,48438,1
2026-09-22T02,9,2,1.24,0,57350,1
2026-09-22T02,9,9,2.0,0,1,1
2026-09-22T03,9,0,1.19,4,11926,2
2026-09-22T03,9,0,1.2,0,37013,3
2026-09-22T03,9,0,1.21,5000,5168,4
2026-09-22T03,9,0,1.22,1333,0,1
2026-09-22T03,9,2,1.24,0,725,1
2026-09-22T03,9,2,1.25,4275,219987,5
2026-09-22T04,9,0,1.16,0,1525,1
2026-09-22T04,9,0,1.17,2000,13342,2
2026-09-22T04,9,0,1.18,2500,0,1
2026-09-22T04,9,0,1.2,0,1174,1
2026-09-22T04,9,0,1.21,0,12881,1
2026-09-22T04,9,0,1.22,0,292451,1
2026-09-22T04,9,0,1.23,0,10000,1
2026-09-22T04,9,0,1.24,0,100,1
2026-09-22T04,9,0,1.25,0,41136,3
2026-09-22T04,9,0,1.26,0,15326,1
2026-09-22T04,9,0,1.27,1689,30776,6
2026-09-22T04,9,0,1.28,0,10317,4
2026-09-22T04,9,0,1.29,0,2040,1
2026-09-22T04,9,0,1.3,0,28670,2
2026-09-22T04,9,0,1.31,0,4706,2
2026-09-22T04,9,1,1.22,0,10000,1
2026-09-22T04,9,1,1.23,0,50000,1
2026-09-22T04,9,1,1.24,0,23842,1
2026-09-22T04,9,1,1.25,0,54391,1
2026-09-22T04,9,1,1.26,0,87800,1
2026-09-22T04,9,1,1.28,0,16822,2
2026-09-22T04,9,2,1.26,0,34587,1
2026-09-22T04,9,2,1.27,0,71249,1
2026-09-22T04,9,2,1.28,0,94354,3
2026-09-22T04,9,2,1.29,0,132706,1
2026-09-22T04,9,2,1.3,0,17490,1
2026-09-22T04,9,2,1.31,0,11886,1
2026-09-22T04,9,2,1.32,1630,0,1
2026-09-22T04,9,3,1.32,0,128366,1
2026-09-22T04,9,3,1.33,0,25000,1
2026-09-22T05,9,0,1.16,0,10555,2
2026-09-22T05,9,0,1.17,0,4724,2
2026-09-22T05,9,0,1.18,2588,2412,2
2026-09-22T05,9,0,1.19,324,2852,3
2026-09-22T05,9,0,1.2,310,899,2
2026-09-22T05,9,2,1.31,8456,0,2
2026-09-22T05,9,4,1.39,56858,0,1
2026-09-22T05,9,7,1.97,0,1,1
2026-09-22T05,9,7,1.98,0,1,1
2026-09-22T06,9,0,1.19,0,35193,2
2026-09-22T06,9,0,1.2,0,4257,1
2026-09-22T06,9,0,1.21,10837,7060,2
2026-09-22T06,9,0,1.23,0,1434,1
2026-09-22T06,9,0,1.24,774,0,1
2026-09-22T06,9,1,1.24,0,2442,1
2026-09-22T06,9,4,1.39,0,496259,1
2026-09-22T07,9,0,1.16,0,1000,1
2026-09-22T07,9,0,1.17,0,67775,2
2026-09-22T07,9,0,1.18,0,9968,2
2026-09-22T07,9,0,1.19,0,13540,1
2026-09-22T07,9,0,1.2,1152,0,2
2026-09-22T07,9,1,1.24,6636,0,1
2026-09-22T07,9,4,1.37,5904,0,1
2026-09-22T08,9,0,1.16,948,41402,3
2026-09-22T08,9,0,1.17,0,7255,1
2026-09-22T08,9,0,1.18,4398,0,1
2026-09-22T08,9,7,1.96,0,1,1
2026-09-22T08,9,7,1.97,0,1,1
2026-09-22T08,9,7,1.98,0,1,1
2026-09-22T09,9,0,1.16,6144,4383,5
2026-09-22T09,9,0,1.17,0,3024,2
2026-09-22T09,9,0,1.18,5675,0,3
2026-09-22T09,9,2,1.26,1,0,1
2026-09-22T09,9,3,1.3,0,41853,1
2026-09-22T09,9,3,1.33,0,25000,1
2026-09-22T09,9,3,1.34,0,300000,1
2026-09-22T09,9,3,1.35,0,203541,1
2026-09-22T09,9,3,1.37,0,10000,1
2026-09-22T09,9,3,1.47,0,26000,1
2026-09-22T09,9,3,1.5,0,500000,1
2026-09-22T09,9,4,1.37,0,6926,1
2026-09-22T09,9,4,1.38,0,601700,1
2026-09-22T09,9,4,1.4,0,165480,1
2026-09-22T09,9,4,1.42,0,6810,1
2026-09-22T09,9,4,1.43,0,270000,1
2026-09-22T09,9,4,1.5,0,51246,1
2026-09-22T09,9,5,1.37,0,136602,1
2026-09-22T09,9,5,1.39,0,4370,1
2026-09-22T09,9,5,1.4,0,7131,1
2026-09-22T09,9,5,1.47,0,4367,1
2026-09-22T09,9,5,1.48,0,276441,1
2026-09-22T09,9,5,1.49,0,314706,1
2026-09-22T09,9,5,1.5,0,8831,1
2026-09-22T10,9,0,1.16,1220,1231,3
2026-09-22T10,9,0,1.17,2794,2096,2
2026-09-22T10,9,0,1.18,5928,0,2
2026-09-22T10,9,7,1.97,0,1,1
2026-09-22T11,9,0,1.16,0,5674,4
2026-09-22T11,9,0,1.17,20,89735,10
2026-09-22T11,9,0,1.18,286,154704,9
2026-09-22T11,9,0,1.19,20,47480,3
2026-09-22T11,9,0,1.2,0,59203,7
2026-09-22T11,9,0,1.21,0,92167,1
2026-09-22T11,9,0,1.22,0,3969,4
2026-09-22T11,9,1,1.19,0,1974,1
2026-09-22T11,9,1,1.2,0,2660,1
2026-09-22T11,9,1,1.21,0,282,1
2026-09-22T11,9,1,1.22,0,46630,1
2026-09-22T11,9,1,1.23,332,20896,3
2026-09-22T12,9,0,1.17,10500,1009,3
2026-09-22T12,9,0,1.18,0,5469,4
2026-09-22T12,9,0,1.19,0,7164,4
2026-09-22T12,9,0,1.2,7514,2216,5
2026-09-22T13,9,0,1.12,3338,4962,4
2026-09-22T13,9,0,1.13,0,18000,1
2026-09-22T13,9,0,1.14,213,2184,3
2026-09-22T13,9,0,1.15,0,655,1
2026-09-22T13,9,0,1.17,0,10,1
2026-09-22T13,9,2,1.23,6000,0,1
2026-09-22T14,9,0,1.15,0,3000,1
2026-09-22T14,9,0,1.16,0,15342,1
2026-09-22T14,9,0,1.17,0,510,1
2026-09-22T14,9,0,1.18,0,3719,3
2026-09-22T14,9,0,1.19,2371,14178,6
2026-09-22T14,9,0,1.2,0,12247,5
2026-09-22T14,9,0,1.21,0,10320,2
2026-09-22T14,9,0,1.22,0,271,1
2026-09-22T14,9,1,1.21,0,37206,2
2026-09-22T14,9,1,1.22,0,2451,1
2026-09-22T14,9,2,1.22,7639,0,2
2026-09-22T14,9,2,1.23,52485,0,1
2026-09-22T15,9,0,1.12,0,2,1
2026-09-22T15,9,0,1.13,0,15912,3
2026-09-22T15,9,0,1.14,1644,39852,2
2026-09-22T15,9,0,1.15,0,24204,3
2026-09-22T15,9,0,1.16,112,42292,4
2026-09-22T15,9,0,1.17,0,42046,3
2026-09-22T15,9,0,1.18,0,2181,1
2026-09-22T15,9,0,1.19,0,38325,2
2026-09-22T15,9,0,1.2,0,7426,3
2026-09-22T15,9,0,1.21,0,12791,3
2026-09-22T15,9,1,1.21,0,20158,1
2026-09-22T15,9,1,1.22,1610,4777,2
2026-09-22T15,9,2,1.22,0,17361,1
2026-09-22T15,9,2,1.23,0,204437,2
2026-09-22T15,9,2,1.24,26384,0,1
2026-09-22T15,9,3,1.4,58,0,1
2026-09-22T16,9,0,1.15,0,5816,1
2026-09-22T16,9,0,1.16,0,6000,1
2026-09-22T16,9,0,1.17,100,4086,4
2026-09-22T16,9,0,1.18,0,978,1
2026-09-22T16,9,0,1.19,0,616,1
2026-09-22T16,9,0,1.2,0,13810,3
2026-09-22T16,9,0,1.21,0,15033,6
2026-09-22T16,9,0,1.22,5667,7444,3
2026-09-22T16,9,1,1.17,0,6021,1
2026-09-22T16,9,1,1.18,0,8299,1
2026-09-22T16,9,1,1.19,0,3389,1
2026-09-22T16,9,1,1.2,0,23666,2
2026-09-22T16,9,1,1.21,0,125513,1
2026-09-22T16,9,1,1.22,0,9102,1
2026-09-22T16,9,1,1.23,0,9425,2
2026-09-22T16,9,1,1.24,0,5417,2
2026-09-22T16,9,1,1.25,0,42149,2
2026-09-22T16,9,2,1.22,0,4800,1
2026-09-22T16,9,2,1.23,0,26002,1
2026-09-22T16,9,2,1.24,0,6628,1
2026-09-22T16,9,2,1.25,0,54156,1
2026-09-22T16,9,2,1.26,0,28061,1
2026-09-22T16,9,2,1.27,20319,0,1
2026-09-22T16,9,4,1.47,9676,0,1
2026-09-22T17,9,0,1.16,0,1639,2
2026-09-22T17,9,0,1.17,3472,10040,4
2026-09-22T17,9,0,1.18,130,7693,5
2026-09-22T17,9,0,1.19,2059,0,2
2026-09-22T17,9,2,1.25,0,10000,1
2026-09-22T18,9,0,1.16,384,16238,4
2026-09-22T18,9,0,1.17,2384,1568,3
2026-09-22T18,9,0,1.18,2204,26160,4
2026-09-22T18,9,0,1.19,0,149747,5
2026-09-22T18,9,1,1.2,0,22521,1
2026-09-22T19,9,0,1.16,0,8680,1
2026-09-22T19,9,0,1.17,0,3000,1
2026-09-22T19,9,0,1.18,0,3059,2
2026-09-22T19,9,0,1.19,200,102157,7
2026-09-22T19,9,0,1.2,750,54531,8
2026-09-22T19,9,0,1.21,50,9628,4
2026-09-22T19,9,1,1.2,2980,27367,2
2026-09-22T19,9,1,1.21,0,23282,2
2026-09-22T19,9,1,1.22,33262,0,2
2026-09-22T19,9,2,1.24,0,4130,1
2026-09-22T19,9,2,1.25,0,9235,2
2026-09-22T19,9,2,1.26,0,21455,1
2026-09-22T19,9,2,1.27,11073,0,1
2026-09-22T20,9,0,1.18,0,164,1
2026-09-22T20,9,0,1.19,0,92621,1
2026-09-22T20,9,0,1.2,0,2731,1
2026-09-22T20,9,0,1.21,0,53583,3
2026-09-22T20,9,0,1.22,0,6274,2
2026-09-22T20,9,0,1.23,0,7035,3
2026-09-22T20,9,0,1.24,0,16455,3
2026-09-22T20,9,0,1.26,0,12154,3
2026-09-22T20,9,0,1.27,0,8311,1
2026-09-22T20,9,0,1.28,0,1023,1
2026-09-22T20,9,0,1.29,0,5607,2
2026-09-22T20,9,0,1.3,0,2460,2
2026-09-22T20,9,0,1.31,5000,86083,5
2026-09-22T20,9,0,1.32,5656,27268,2
2026-09-22T20,9,0,1.33,0,100,1
2026-09-22T20,9,0,1.34,0,350,2
2026-09-22T20,9,0,1.35,322198,0,1
2026-09-22T20,9,1,1.22,0,44238,1
2026-09-22T20,9,1,1.23,0,2542,1
2026-09-22T20,9,1,1.24,0,2366,1
2026-09-22T20,9,1,1.26,0,14549,2
2026-09-22T20,9,1,1.27,0,87698,1
2026-09-22T20,9,1,1.28,0,29320,1
2026-09-22T20,9,1,1.3,0,14040,1
2026-09-22T20,9,1,1.32,0,155728,2
2026-09-22T20,9,1,1.34,0,6810,1
2026-09-22T20,9,2,1.27,0,25120,2
2026-09-22T20,9,2,1.28,0,83766,2
2026-09-22T20,9,2,1.29,0,5209,1
2026-09-22T20,9,2,1.3,0,15301,1
2026-09-22T20,9,2,1.31,0,16109,1
2026-09-22T20,9,2,1.32,0,66928,1
2026-09-22T20,9,2,1.33,0,48683,2
2026-09-22T20,9,2,1.36,13692,0,3
2026-09-22T20,9,3,1.35,4992,30477,2
2026-09-22T20,9,3,1.39,25000,0,1
2026-09-22T21,9,0,1.23,8000,0,1
2026-09-22T21,9,0,1.3,0,208,1
2026-09-22T21,9,0,1.31,612,360,2
2026-09-22T21,9,2,1.3,3600,0,1
2026-09-22T21,9,7,1.95,0,2,2
2026-09-22T21,9,7,1.96,0,1,1
2026-09-22T21,9,7,1.97,0,1,1
2026-09-22T21,9,7,1.98,0,3,3
2026-09-22T22,9,0,1.16,3316,5902,4
2026-09-22T22,9,0,1.17,200,36444,3
2026-09-22T22,9,0,1.18,2245,255,2
2026-09-22T22,9,1,1.25,8352,0,2
2026-09-22T22,9,4,1.42,3172,0,1
2026-09-22T23,9,0,1.16,88,3884,4
2026-09-22T23,9,0,1.17,0,822,1
2026-09-22T23,9,0,1.18,0,173129,1
2026-09-22T23,9,1,1.24,2934,0,2
2026-09-22T23,9,1,1.25,768,0,1
2026-09-23T00,9,0,1.16,11373,8950,4
2026-09-23T00,9,0,1.17,0,3469,2
2026-09-23T00,9,0,1.18,0,5238,2
2026-09-23T00,9,0,1.19,0,11112,3
2026-09-23T00,9,0,1.2,0,183964,5
2026-09-23T00,9,0,1.21,0,1020,2
2026-09-23T00,9,0,1.22,0,2661,2
2026-09-23T00,9,1,1.23,6973,0,2
2026-09-23T01,9,0,1.16,6572,7716,2
2026-09-23T01,9,0,1.17,0,6176,1
2026-09-23T01,9,0,1.18,0,2000,1
2026-09-23T01,9,0,1.2,0,11000,2
2026-09-23T01,9,0,1.21,0,10494,1
2026-09-23T01,9,1,1.22,0,92016,1
2026-09-23T02,9,0,1.18,2500,1987,2
2026-09-23T02,9,0,1.2,2342,7968,4
2026-09-23T02,9,0,1.21,100,955,2
2026-09-23T02,9,0,1.22,0,5260,2
2026-09-23T02,9,1,1.22,3710,345,3
2026-09-23T02,9,1,1.23,0,25843,1
2026-09-23T02,9,2,1.25,0,6361,2
2026-09-23T02,9,2,1.26,680,112634,2
2026-09-23T03,9,0,1.16,0,400,1
2026-09-23T03,9,0,1.17,0,1451,1
2026-09-23T03,9,0,1.18,0,1082,1
2026-09-23T03,9,0,1.19,0,1090,3
2026-09-23T03,9,0,1.2,0,29656,1
2026-09-23T03,9,0,1.21,0,12297,3
2026-09-23T03,9,0,1.22,0,24869,2
2026-09-23T04,9,0,1.16,0,5297,2
2026-09-23T04,9,0,1.17,0,114,1
2026-09-23T04,9,0,1.18,0,11661,3
2026-09-23T04,9,0,1.19,0,11200,3
2026-09-23T04,9,0,1.2,0,1256,2
2026-09-23T04,9,0,1.21,0,656,1
2026-09-23T04,9,0,1.22,0,3215,2
2026-09-23T04,9,1,1.22,2792,9393,2
2026-09-23T04,9,3,1.34,3804,0,1
2026-09-23T05,9,0,1.17,0,11119,1
2026-09-23T05,9,0,1.18,0,80,1
2026-09-23T05,9,0,1.19,0,52415,2
2026-09-23T05,9,0,1.2,6474,24178,5
2026-09-23T05,9,0,1.21,36,0,1
2026-09-23T05,9,0,1.22,5000,0,1
2026-09-23T05,9,7,1.98,0,1,1
2026-09-23T06,9,0,1.18,0,14000,2
2026-09-23T06,9,0,1.19,6408,13706,6
2026-09-23T06,9,0,1.2,3000,2221,3
2026-09-23T06,9,1,1.23,360,0,1
2026-09-23T07,9,0,1.17,0,4830,1
2026-09-23T07,9,0,1.18,3000,607,2
2026-09-23T07,9,0,1.19,5500,0,3
2026-09-23T07,9,4,1.41,3176,0,2
2026-09-23T07,9,7,1.98,0,1,1
2026-09-23T11,9,0,1.13,0,1000,1
2026-09-23T11,9,0,1.14,5024,0,1
2026-09-23T11,9,0,1.15,0,2451,2
2026-09-23T11,9,0,1.16,0,7670,1
2026-09-23T11,9,0,1.17,0,4247,1
2026-09-23T11,9,0,1.18,0,124944,1
2026-09-23T11,9,0,1.19,0,32775,2
2026-09-23T11,9,0,1.2,0,36486,5
2026-09-23T11,9,0,1.21,0,710,1
2026-09-23T11,9,0,1.22,3776,3314,3
2026-09-23T11,9,1,1.22,0,39392,1
2026-09-23T11,9,3,1.3,0,59375,1
2026-09-23T12,9,0,1.14,0,79583,3
2026-09-23T12,9,0,1.15,5050,4800,3
2026-09-23T12,9,0,1.16,0,2087,1
2026-09-23T12,9,0,1.17,0,2000,1
2026-09-23T12,9,0,1.18,0,18715,2
2026-09-23T12,9,0,1.19,0,43319,3
2026-09-23T12,9,0,1.2,37344,70828,2
2026-09-23T12,9,1,1.2,0,2821,1
2026-09-23T12,9,1,1.21,0,5000,1
2026-09-23T12,9,1,1.22,172,0,1
2026-09-23T12,9,3,1.3,6522,0,1
2026-09-23T12,9,7,1.99,113832,0,1
2026-09-23T13,9,0,1.14,0,1151,2
2026-09-23T13,9,0,1.15,4322,46529,5
2026-09-23T13,9,0,1.16,700,11383,2
2026-09-23T13,9,0,1.17,0,6000,1
2026-09-23T13,9,0,1.18,83,1544,3
2026-09-23T13,9,0,1.19,60,3,2
2026-09-23T13,9,1,1.21,1478,0,1
2026-09-23T13,9,4,1.4,0,366596,1
2026-09-23T13,9,4,1.41,0,56621,2
2026-09-23T13,9,5,1.46,0,4366,1
2026-09-23T13,9,5,1.47,0,193482,1
2026-09-23T13,9,5,1.5,0,60000,1
2026-09-23T13,9,5,1.51,216459,0,1
2026-09-23T13,9,6,1.51,0,15630,1
2026-09-23T14,9,0,1.17,0,3478,2
2026-09-23T14,9,0,1.18,0,11066,2
2026-09-23T14,9,0,1.19,0,5772,5
2026-09-23T14,9,0,1.2,3024,47308,8
2026-09-23T14,9,0,1.21,9942,45942,3
2026-09-23T14,9,1,1.2,0,137024,1
2026-09-23T14,9,1,1.21,0,1315,1
2026-09-23T14,9,1,1.22,0,6863,2
2026-09-23T14,9,1,1.23,19743,3604,4
2026-09-23T14,9,2,1.24,5000,0,1
2026-09-23T15,9,0,1.15,1146,0,1
2026-09-23T15,9,0,1.18,0,16479,2
2026-09-23T15,9,0,1.19,0,969,2
2026-09-23T15,9,0,1.2,2553,10903,4
2026-09-23T15,9,0,1.21,0,28851,3
2026-09-23T15,9,0,1.22,0,10581,1
2026-09-23T15,9,0,1.23,50,1707,2
2026-09-23T15,9,1,1.22,0,4928,1
2026-09-23T15,9,1,1.23,9000,497325,6
2026-09-23T15,9,2,1.24,1000,0,1
2026-09-23T15,9,3,1.3,6302,0,2
2026-09-23T15,9,4,1.46,6392,0,1
2026-09-23T15,9,7,1.96,0,1,1
2026-09-23T15,9,7,1.97,0,1,1
2026-09-23T15,9,7,1.98,0,1,1
2026-09-23T16,9,0,1.12,0,1000,1
2026-09-23T16,9,0,1.13,12000,8000,3
2026-09-23T16,9,0,1.14,0,6933,2
2026-09-23T16,9,0,1.15,52,1696,3
2026-09-23T16,9,0,1.18,5692,0,2
2026-09-23T16,9,0,1.19,0,5180,1
2026-09-23T16,9,2,1.23,4000,0,2
2026-09-23T16,9,3,1.3,0,1202,1
2026-09-23T16,9,3,1.34,2348,0,1
2026-09-23T17,9,0,1.14,0,9073,1
2026-09-23T17,9,0,1.15,0,7711,1
2026-09-23T17,9,0,1.16,0,7246,2
2026-09-23T17,9,0,1.17,0,6722,3
2026-09-23T17,9,0,1.18,0,161606,2
2026-09-23T17,9,0,1.19,5050,16501,5
2026-09-23T17,9,0,1.2,30960,20173,10
2026-09-23T17,9,1,1.21,0,141457,1
2026-09-23T17,9,1,1.22,0,59660,1
2026-09-23T17,9,2,1.23,1408,0,1
2026-09-23T17,9,3,1.34,6508,0,1
2026-09-23T18,9,0,1.16,10964,4196,3
2026-09-23T18,9,0,1.17,0,2940,2
2026-09-23T18,9,0,1.18,0,17852,2
2026-09-23T18,9,0,1.19,0,1894,1
2026-09-23T18,9,0,1.2,50,39299,5
2026-09-23T18,9,0,1.21,0,28765,4
2026-09-23T18,9,0,1.22,31000,3000,3
2026-09-23T18,9,1,1.22,0,2527,1
2026-09-23T18,9,2,1.23,0,10592,1
2026-09-23T18,9,2,1.24,9408,0,1
2026-09-23T18,9,7,1.96,0,1,1
2026-09-23T18,9,7,1.97,0,1,1
2026-09-23T18,9,7,1.98,0,1,1
