heure,kind,quality,prix,vendu,disparu,n_evt
2026-09-04T12,60,0,5.9,745,,1
2026-09-04T13,60,1,5.4,409,,1
2026-09-04T14,60,0,5.8,3153,,1
2026-09-04T15,60,0,5.6,774,,1
2026-09-04T15,60,1,5.9,30,,1
2026-09-04T16,60,0,5.8,1000,,1
2026-09-04T17,60,4,6.9,330809,,2
2026-09-04T21,60,0,5.3,26881,,1
2026-09-04T21,60,0,5.4,1516,,1
2026-09-04T21,60,0,5.5,100,,1
2026-09-04T21,60,5,6.8,54155,,1
2026-09-04T21,60,5,6.9,35488,,1
2026-09-04T21,60,5,7.0,3357,,1
2026-09-04T23,60,0,5.0,0,517,1
2026-09-04T23,60,0,5.1,0,222,1
2026-09-04T23,60,0,5.2,0,1500,1
2026-09-04T23,60,0,5.4,0,1576,1
2026-09-04T23,60,0,5.5,0,3087,3
2026-09-04T23,60,0,5.6,0,22849,1
2026-09-04T23,60,0,5.7,0,184,1
2026-09-04T23,60,0,5.8,0,500,1
2026-09-04T23,60,0,5.9,0,20,1
2026-09-04T23,60,1,5.9,0,2000,1
2026-09-04T23,60,1,6.0,0,8203,1
2026-09-05T00,60,0,5.5,0,5,1
2026-09-05T00,60,0,5.6,0,211,1
2026-09-05T00,60,0,5.7,0,798,1
2026-09-05T00,60,3,6.5,0,15000,1
2026-09-05T00,60,4,6.6,0,58000,2
2026-09-05T00,60,4,6.7,0,10503,1
2026-09-05T00,60,4,6.8,2212,17285,2
2026-09-05T01,60,0,4.95,0,931,1
2026-09-05T01,60,0,5.0,0,400,1
2026-09-05T01,60,0,5.1,0,2466,1
2026-09-05T01,60,0,5.2,0,100,1
2026-09-05T01,60,0,5.3,0,880,1
2026-09-05T01,60,0,5.4,0,25,1
2026-09-05T01,60,0,5.5,0,857,1
2026-09-05T01,60,1,5.2,0,100,1
2026-09-05T01,60,1,5.8,100,6337,2
2026-09-05T01,60,1,5.9,0,5000,1
2026-09-05T01,60,1,6.0,0,364,1
2026-09-05T01,60,1,6.1,0,2000,1
2026-09-05T01,60,1,6.2,0,821,1
2026-09-05T02,60,0,5.5,0,1008,2
2026-09-05T02,60,0,5.6,0,5480,1
2026-09-05T03,60,0,5.4,0,1629,1
2026-09-05T03,60,0,5.5,0,1100,1
2026-09-05T03,60,0,5.6,528,0,1
2026-09-05T03,60,2,6.0,3297,0,1
2026-09-05T03,60,3,6.5,300,0,1
2026-09-05T04,60,0,5.6,0,4429,3
2026-09-05T04,60,0,5.7,5400,4600,2
2026-09-05T04,60,0,5.8,0,10692,3
2026-09-05T04,60,0,6.0,0,2000,1
2026-09-05T04,60,1,5.9,0,416,1
2026-09-05T04,60,1,6.0,0,751,1
2026-09-05T04,60,1,6.1,0,843,1
2026-09-05T04,60,2,6.0,0,13203,1
2026-09-05T04,60,2,6.1,0,7525,1
2026-09-05T04,60,2,6.2,32000,3383,2
2026-09-05T05,60,0,5.3,0,185,1
2026-09-05T05,60,0,5.4,0,1560,1
2026-09-05T05,60,0,5.5,0,1441,1
2026-09-05T05,60,0,5.9,5004,0,3
2026-09-05T05,60,1,6.0,12874,0,1
2026-09-05T05,60,6,7.2,0,15212,1
2026-09-05T06,60,0,5.6,0,936,1
2026-09-05T06,60,0,5.7,0,1827,1
2026-09-05T06,60,0,5.8,534,0,1
2026-09-05T06,60,3,6.4,936,28299,2
2026-09-05T07,60,0,5.5,0,469,1
2026-09-05T07,60,0,5.6,0,1240,2
2026-09-05T07,60,0,5.7,503,19780,2
2026-09-05T07,60,2,6.1,0,5000,1
2026-09-05T07,60,2,6.2,3439,0,2
2026-09-05T07,60,3,6.5,945,0,1
2026-09-05T07,60,9,10.0,0,100000,1
2026-09-05T08,60,1,6.0,0,15871,1
2026-09-05T08,60,1,6.1,0,3216,1
2026-09-05T08,60,1,6.3,0,6958,1
2026-09-05T08,60,1,6.4,0,10000,1
2026-09-05T08,60,1,6.5,0,163424,3
2026-09-05T08,60,2,6.1,0,5000,1
2026-09-05T08,60,2,6.2,0,77521,1
2026-09-05T08,60,2,6.3,0,33650,1
2026-09-05T08,60,2,6.4,0,13417,1
2026-09-05T08,60,2,6.5,0,101074,2
2026-09-05T08,60,3,6.4,0,194828,1
2026-09-05T08,60,3,6.5,0,215032,1
2026-09-05T08,60,5,6.8,0,67708,1
2026-09-05T08,60,5,6.9,0,60473,1
2026-09-05T09,60,0,5.3,41,0,1
2026-09-05T09,60,0,5.4,0,1047,1
2026-09-05T09,60,2,6.4,0,21035,1
2026-09-05T09,60,4,6.6,0,86371,3
2026-09-05T09,60,4,6.7,0,113798,1
2026-09-05T09,60,7,7.5,500,0,1
2026-09-05T10,60,0,5.2,0,2555,1
2026-09-05T10,60,0,5.3,0,11453,1
2026-09-05T10,60,0,5.4,0,1000,1
2026-09-05T10,60,0,5.5,0,2936,2
2026-09-05T10,60,0,5.6,0,3127,2
2026-09-05T10,60,0,5.7,1672,0,1
2026-09-05T10,60,2,6.6,0,958,1
2026-09-05T10,60,4,6.8,18064,0,1
2026-09-05T10,60,5,6.9,0,16501,1
2026-09-05T10,60,5,7.0,0,214745,4
2026-09-05T10,60,5,7.1,38754,0,1
2026-09-05T10,60,7,7.5,0,4500,1
2026-09-05T11,60,0,4.95,0,5054,1
2026-09-05T11,60,0,5.0,0,360,1
2026-09-05T11,60,0,5.5,1000,1400,2
2026-09-05T11,60,0,5.7,0,12672,4
2026-09-05T11,60,0,5.8,271,345,3
2026-09-05T11,60,2,5.0,0,12836,1
2026-09-05T12,60,0,5.0,0,3021,1
2026-09-05T12,60,0,5.6,80,4688,3
2026-09-05T12,60,0,5.7,5688,2463,3
2026-09-05T12,60,3,6.3,0,75884,1
2026-09-05T12,60,3,6.4,0,14068,1
2026-09-05T12,60,6,7.2,0,19519,1
2026-09-05T12,60,6,7.3,0,90131,2
2026-09-05T13,60,0,5.6,0,7790,1
2026-09-05T13,60,4,6.6,0,8386,1
2026-09-05T13,60,4,6.7,2944,0,1
2026-09-05T14,60,0,5.0,0,5147,1
2026-09-05T14,60,0,5.2,0,454,1
2026-09-05T14,60,0,5.6,0,4753,1
2026-09-05T14,60,0,5.7,14446,16895,4
2026-09-05T14,60,0,5.8,0,45772,4
2026-09-05T14,60,0,5.9,0,41041,3
2026-09-05T14,60,2,5.5,0,2967,1
2026-09-05T14,60,2,5.6,0,5000,1
2026-09-05T14,60,2,6.3,0,588,1
2026-09-05T14,60,2,6.4,0,13794,2
2026-09-05T14,60,3,6.5,0,7536,1
2026-09-05T14,60,4,6.7,0,2056,1
2026-09-05T14,60,5,7.0,0,21026,1
2026-09-05T15,60,0,5.8,0,175,1
2026-09-05T15,60,0,5.9,3859,8673,4
2026-09-05T15,60,3,6.5,0,11807,1
2026-09-05T15,60,4,6.8,0,18717,2
2026-09-05T16,60,0,5.8,0,149,1
2026-09-05T16,60,0,5.9,0,470,2
2026-09-05T16,60,0,6.0,12000,25366,4
2026-09-05T16,60,0,6.1,0,24331,3
2026-09-05T16,60,1,6.1,0,1676,1
2026-09-05T16,60,1,6.2,13591,0,1
2026-09-05T16,60,4,6.8,22000,0,1
2026-09-05T16,60,5,7.1,150000,0,1
2026-09-05T17,60,0,5.9,0,1727,1
2026-09-05T17,60,0,6.0,1541,0,1
2026-09-05T17,60,0,6.2,0,31145,2
2026-09-05T17,60,0,6.4,8420,14558,3
2026-09-05T17,60,1,6.2,0,3596,1
2026-09-05T17,60,1,6.3,0,2750,1
2026-09-05T17,60,1,6.4,0,1843,1
2026-09-05T17,60,2,6.3,0,20000,1
2026-09-05T17,60,2,6.4,0,13000,1
2026-09-05T17,60,2,6.5,0,1000,1
2026-09-05T17,60,3,6.6,15071,0,1
2026-09-05T18,60,0,6.0,0,1571,1
2026-09-05T18,60,0,6.1,0,6884,2
2026-09-05T18,60,0,6.2,4775,3078,3
2026-09-05T18,60,0,6.3,0,10171,1
2026-09-05T18,60,0,6.4,0,15792,1
2026-09-05T18,60,3,6.5,0,10297,1
2026-09-05T18,60,3,6.6,0,82233,1
2026-09-05T19,60,0,6.0,0,4029,1
2026-09-05T19,60,0,6.1,0,18267,2
2026-09-05T19,60,0,6.2,299,0,1
2026-09-05T19,60,4,6.7,0,7522,1
2026-09-05T20,60,0,6.2,0,45045,2
2026-09-05T20,60,0,6.3,0,56,1
2026-09-05T20,60,1,6.3,0,1313,1
2026-09-05T20,60,1,6.4,60764,0,2
2026-09-05T20,60,2,6.1,0,2976,1
2026-09-05T21,60,0,6.4,0,67695,5
2026-09-05T21,60,0,6.5,0,30806,2
2026-09-05T21,60,1,6.4,38216,976,2
2026-09-05T21,60,1,6.5,0,7869,3
2026-09-05T21,60,3,6.6,22238,0,1
2026-09-05T21,60,4,6.7,0,50000,1
2026-09-05T21,60,5,6.9,0,50000,1
2026-09-05T21,60,6,6.9,0,4000,1
2026-09-05T21,60,12,12.9,0,1,1
2026-09-05T23,60,0,6.6,0,1500,1
2026-09-05T23,60,0,6.7,56022,16676,2
2026-09-05T23,60,2,6.6,0,2000,1
2026-09-05T23,60,2,6.7,0,114254,2
2026-09-05T23,60,3,6.6,0,15874,1
2026-09-05T23,60,4,6.8,39246,0,1
2026-09-06T00,60,0,6.5,0,3482,1
2026-09-06T00,60,0,6.6,0,3498,3
2026-09-06T00,60,0,6.7,0,4721,1
2026-09-06T00,60,3,6.7,0,37042,3
2026-09-06T00,60,4,6.7,1763,23440,2
2026-09-06T00,60,4,6.8,155787,41842,5
2026-09-06T00,60,5,6.9,0,66529,1
2026-09-06T00,60,6,7.2,0,100000,1
2026-09-06T01,60,0,6.5,0,800,1
2026-09-06T01,60,3,6.7,37542,0,3
2026-09-06T01,60,4,6.8,131239,0,8
2026-09-06T01,60,5,7.0,0,40737,1
2026-09-06T02,60,1,6.5,0,530,1
2026-09-06T02,60,3,6.7,120926,0,9
2026-09-06T03,60,0,6.3,520,0,1
2026-09-06T03,60,0,6.4,10,0,1
2026-09-06T03,60,5,7.0,14520,0,1
2026-09-06T04,60,0,6.2,0,400,1
2026-09-06T04,60,0,6.3,0,2480,1
2026-09-06T04,60,0,6.4,0,1964,1
2026-09-06T04,60,0,6.5,0,21421,5
2026-09-06T04,60,2,6.6,87047,0,3
2026-09-06T04,60,4,6.7,0,21091,1
2026-09-06T04,60,5,6.9,0,233444,1
2026-09-06T05,60,0,6.3,0,2500,1
2026-09-06T05,60,0,6.4,0,2559,1
2026-09-06T05,60,0,6.5,0,1362,1
2026-09-06T05,60,1,6.5,0,10744,1
2026-09-06T05,60,2,6.4,0,2812,1
2026-09-06T05,60,3,6.6,41156,0,2
2026-09-06T06,60,0,6.4,1552,131,2
2026-09-06T06,60,0,6.5,0,800,2
2026-09-06T06,60,0,6.6,0,500,1
2026-09-06T06,60,2,6.6,262,0,1
2026-09-06T06,60,3,6.6,41592,51334,3
2026-09-06T07,60,0,6.4,20926,23140,5
2026-09-06T07,60,1,6.4,0,4000,1
2026-09-06T07,60,2,6.3,0,366,1
2026-09-06T07,60,2,6.4,0,5000,1
2026-09-06T07,60,4,6.8,19500,0,1
2026-09-06T07,60,6,7.2,0,16577,1
2026-09-06T08,60,0,6.3,0,969,1
2026-09-06T08,60,0,6.4,1710,1347,4
2026-09-06T08,60,1,6.4,0,1413,1
2026-09-06T08,60,4,6.7,0,68940,1
2026-09-06T08,60,4,6.8,60,0,1
2026-09-06T09,60,0,6.1,0,853,1
2026-09-06T09,60,0,6.2,0,1000,1
2026-09-06T09,60,0,6.3,0,8372,2
2026-09-06T09,60,0,6.4,564,6896,3
2026-09-06T09,60,2,6.4,0,2330,1
2026-09-06T09,60,2,6.5,15775,0,2
2026-09-06T10,60,0,6.1,1500,0,1
2026-09-06T10,60,1,6.2,0,440,1
2026-09-06T10,60,2,6.3,0,5000,1
2026-09-06T10,60,2,6.5,0,18672,1
2026-09-06T10,60,3,6.6,0,33655,2
2026-09-06T10,60,3,6.7,0,118743,1
2026-09-06T10,60,4,6.7,0,2541,1
2026-09-06T10,60,4,6.8,86220,85529,4
2026-09-06T10,60,5,6.9,0,16855,1
2026-09-06T10,60,5,7.0,0,171803,2
2026-09-06T10,60,6,7.0,0,4000,1
2026-09-06T10,60,6,7.3,0,17197,1
2026-09-06T10,60,6,7.4,0,24000,1
2026-09-06T11,60,0,5.5,0,6820,1
2026-09-06T11,60,0,5.6,0,3781,2
2026-09-06T11,60,0,5.7,109,16413,2
2026-09-06T11,60,0,5.8,0,1021,1
2026-09-06T11,60,0,5.9,0,699,1
2026-09-06T11,60,0,6.0,0,22822,1
2026-09-06T11,60,0,6.1,0,500,1
2026-09-06T11,60,0,6.5,1791,6000,2
2026-09-06T11,60,1,6.4,0,5132,1
2026-09-06T11,60,1,6.5,0,100,1
2026-09-06T11,60,2,6.4,0,6000,1
2026-09-06T11,60,2,6.5,0,5000,1
2026-09-06T11,60,3,6.4,0,2895,1
2026-09-06T11,60,3,6.5,0,25322,1
2026-09-06T12,60,0,5.7,0,2500,1
2026-09-06T12,60,0,6.0,0,5480,2
2026-09-06T12,60,0,6.1,18530,6766,6
2026-09-06T12,60,0,6.2,4596,7855,3
2026-09-06T12,60,0,6.3,267,0,1
2026-09-06T12,60,0,6.5,8400,0,1
2026-09-06T12,60,4,6.7,0,9257,2
2026-09-06T12,60,4,6.8,13700,0,1
2026-09-06T13,60,0,6.3,15158,25962,2
2026-09-06T13,60,0,6.4,0,10067,2
2026-09-06T13,60,0,6.5,1200,36312,6
2026-09-06T13,60,1,6.4,0,1820,1
2026-09-06T13,60,2,6.5,33937,92438,6
2026-09-06T13,60,2,6.6,19020,0,2
2026-09-06T13,60,3,6.5,57698,677,2
2026-09-06T13,60,3,6.6,0,10177,1
2026-09-06T13,60,4,6.8,0,3491,2
2026-09-06T13,60,5,7.1,69124,0,1
2026-09-06T14,60,0,6.4,7055,9335,5
2026-09-06T14,60,0,6.5,0,98,1
2026-09-06T14,60,2,6.4,5604,2396,2
2026-09-06T14,60,2,6.5,124941,0,6
2026-09-06T14,60,2,6.6,8882,0,1
2026-09-06T14,60,3,6.4,0,5000,1
2026-09-06T14,60,3,6.6,8358,0,1
2026-09-06T14,60,3,6.7,496,0,1
2026-09-06T15,60,0,6.3,0,1653,1
2026-09-06T15,60,0,6.4,0,2928,3
2026-09-06T15,60,0,6.5,0,27264,4
2026-09-06T15,60,0,6.6,31952,23875,11
2026-09-06T15,60,0,6.7,0,800,1
2026-09-06T15,60,1,6.5,0,2500,1
2026-09-06T15,60,1,6.6,0,2471,1
2026-09-06T15,60,1,6.7,0,900,1
2026-09-06T15,60,1,6.8,7133,4147,2
2026-09-06T15,60,2,6.5,38257,20341,5
2026-09-06T15,60,2,6.6,16437,17939,4
2026-09-06T15,60,2,6.7,0,32912,1
2026-09-06T15,60,3,6.6,0,7960,1
2026-09-06T15,60,3,6.7,0,25804,2
2026-09-06T15,60,4,6.9,20000,0,1
2026-09-06T16,60,0,6.6,0,500,1
2026-09-06T16,60,0,6.7,0,18217,4
2026-09-06T16,60,0,6.8,100,70666,9
2026-09-06T16,60,0,6.9,0,100,1
2026-09-06T16,60,1,6.7,0,357,1
2026-09-06T16,60,1,6.8,59238,11530,8
2026-09-06T16,60,1,6.9,0,83663,1
2026-09-06T16,60,2,6.8,0,3000,1
2026-09-06T16,60,4,6.9,142591,0,4
2026-09-06T17,60,0,6.7,0,4557,2
2026-09-06T17,60,0,6.8,0,28512,1
2026-09-06T17,60,1,6.7,0,1617,1
2026-09-06T17,60,1,6.8,54,32635,3
2026-09-06T17,60,2,6.8,236,1276,2
2026-09-06T17,60,2,6.9,126598,36536,5
2026-09-06T17,60,4,6.9,43747,752951,4
2026-09-06T17,60,5,7.0,0,53153,1
2026-09-06T17,60,5,7.1,100000,0,1
2026-09-06T18,60,0,6.8,52142,36919,3
2026-09-06T18,60,0,6.9,116940,0,3
2026-09-06T18,60,1,6.6,0,900,1
2026-09-06T18,60,1,6.7,0,1200,1
2026-09-06T18,60,1,6.8,0,8246,1
2026-09-06T18,60,1,6.9,0,3661,1
2026-09-06T18,60,2,6.8,0,1127,1
2026-09-06T18,60,2,6.9,35947,38555,4
2026-09-06T19,60,0,6.5,0,400,1
2026-09-06T19,60,0,6.6,4200,5001,3
2026-09-06T19,60,0,6.7,2253,1500,2
2026-09-06T19,60,0,6.8,7394,198,2
2026-09-06T19,60,0,6.9,83733,0,5
2026-09-06T19,60,1,6.7,0,2156,1
2026-09-06T19,60,1,6.8,8634,9366,2
2026-09-06T19,60,2,6.8,0,10000,1
2026-09-06T19,60,5,7.0,25800,0,1
2026-09-06T20,60,0,6.1,0,58,1
2026-09-06T20,60,0,6.4,0,3720,2
2026-09-06T20,60,0,6.5,1680,7229,2
2026-09-06T20,60,0,6.6,3118,14669,3
2026-09-06T20,60,0,6.7,0,3655,1
2026-09-06T20,60,0,6.8,0,667,1
2026-09-06T20,60,1,6.8,0,7381,1
2026-09-06T20,60,2,6.5,0,3000,1
2026-09-06T20,60,2,6.6,0,2180,1
2026-09-06T20,60,3,6.8,0,22495,2
2026-09-06T20,60,3,6.9,83048,15002,3
2026-09-06T20,60,4,6.9,0,37672,1
2026-09-06T20,60,4,7.0,0,214945,1
2026-09-06T20,60,5,7.0,0,4925,1
2026-09-06T20,60,5,7.1,35075,597499,4
2026-09-06T20,60,6,7.3,0,20664,1
2026-09-06T20,60,6,7.4,0,19000,2
2026-09-06T20,60,6,7.5,0,140000,2
2026-09-06T21,60,0,6.6,2798,3527,2
2026-09-06T21,60,0,6.7,0,400,1
2026-09-06T21,60,0,6.8,15026,10100,3
2026-09-06T21,60,1,6.8,0,776,1
2026-09-06T21,60,2,6.8,0,2800,1
2026-09-06T21,60,3,6.8,0,1000,1
2026-09-06T21,60,3,6.9,144848,0,4
2026-09-06T22,60,0,6.7,1,979,3
2026-09-06T22,60,3,6.8,14543,0,2
2026-09-06T22,60,3,6.9,83528,0,2
2026-09-06T23,60,0,6.5,208,92,2
2026-09-06T23,60,1,6.6,0,958,1
2026-09-06T23,60,3,6.6,28163,9171,4
2026-09-06T23,60,3,6.8,12543,22914,3
2026-09-07T00,60,0,6.5,17796,1,2
2026-09-07T00,60,0,6.7,10372,0,2
2026-09-07T00,60,1,6.6,0,100,1
2026-09-07T00,60,2,6.8,1999,0,1
2026-09-07T00,60,3,6.9,0,188576,1
2026-09-07T00,60,4,7.0,0,29036,1
2026-09-07T00,60,4,7.1,0,6881,1
2026-09-07T00,60,7,7.9,1465,0,1
2026-09-07T01,60,0,6.5,20974,5442,3
2026-09-07T01,60,1,6.5,5000,15311,2
2026-09-07T01,60,1,6.6,8420,0,3
2026-09-07T01,60,5,7.6,20076,0,1
2026-09-07T01,60,7,7.9,3060,0,1
2026-09-07T02,60,0,6.4,0,3040,1
2026-09-07T02,60,0,6.5,0,20774,2
2026-09-07T02,60,0,6.6,0,4743,1
2026-09-07T02,60,0,6.7,0,3512,2
2026-09-07T02,60,0,6.8,0,285,1
2026-09-07T02,60,0,6.9,35377,19619,5
2026-09-07T02,60,1,6.5,0,28131,1
2026-09-07T02,60,1,6.6,12286,2164,3
2026-09-07T02,60,1,6.7,0,3197,1
2026-09-07T02,60,1,6.8,0,6738,3
2026-09-07T02,60,1,6.9,724,276,2
2026-09-07T02,60,2,6.5,0,1388,1
2026-09-07T02,60,2,6.7,188,10161,3
2026-09-07T02,60,2,6.8,0,23001,1
2026-09-07T02,60,2,6.9,0,2579,1
2026-09-07T02,60,3,6.9,0,31619,1
2026-09-07T03,60,0,6.9,6693,7575,7
2026-09-07T03,60,1,6.9,45902,25184,5
2026-09-07T03,60,2,6.8,0,2000,1
2026-09-07T03,60,3,6.9,666,1334,2
2026-09-07T03,60,3,7.0,43012,0,1
2026-09-07T03,60,4,7.0,21746,2320,3
2026-09-07T04,60,0,6.5,0,590,1
2026-09-07T04,60,0,6.7,14876,14053,3
2026-09-07T04,60,0,6.8,17386,0,2
2026-09-07T04,60,3,6.8,61289,0,4
2026-09-07T04,60,3,6.9,2500,0,1
2026-09-07T04,60,3,7.0,11610,0,2
2026-09-07T05,60,0,6.3,0,1714,2
2026-09-07T05,60,0,6.5,0,3019,1
2026-09-07T05,60,0,6.6,6649,1184,4
2026-09-07T05,60,0,6.7,11136,0,3
2026-09-07T05,60,1,6.7,1937,537,2
2026-09-07T05,60,2,6.4,200,2023,2
2026-09-07T05,60,2,6.7,0,14439,2
2026-09-07T05,60,3,6.7,8400,24365,2
2026-09-07T06,60,0,6.5,0,200,1
2026-09-07T06,60,0,6.6,0,2040,1
2026-09-07T06,60,0,6.7,17274,5015,4
2026-09-07T06,60,0,6.8,8715,0,1
2026-09-07T06,60,1,6.6,0,3124,1
2026-09-07T06,60,1,6.7,0,16792,1
2026-09-07T06,60,2,6.7,1000,9000,2
2026-09-07T06,60,3,6.8,0,15775,1
2026-09-07T06,60,3,6.9,0,54150,1
2026-09-07T07,60,0,6.8,520,31932,4
2026-09-07T07,60,3,6.8,0,6385,1
2026-09-07T07,60,3,6.9,0,3000,1
2026-09-07T07,60,3,7.0,8827,0,3
2026-09-07T07,60,4,6.5,108,0,1
2026-09-07T08,60,0,6.3,0,1500,1
2026-09-07T08,60,1,6.4,0,802,2
2026-09-07T08,60,2,6.4,0,2009,1
2026-09-07T08,60,3,6.4,0,24,1
2026-09-07T08,60,3,6.9,0,16156,1
2026-09-07T08,60,4,6.5,96578,0,5
2026-09-07T09,60,0,6.2,0,582,1
2026-09-07T09,60,0,6.3,0,1757,1
2026-09-07T09,60,0,6.4,8,0,1
2026-09-07T09,60,2,6.3,418,0,1
2026-09-07T09,60,4,6.4,28325,2282,4
2026-09-07T09,60,4,6.5,18000,0,1
2026-09-07T10,60,0,6.1,0,5000,1
2026-09-07T10,60,0,6.2,0,242,1
2026-09-07T10,60,2,6.3,1000,0,1
2026-09-07T10,60,3,6.3,6815,2209,2
2026-09-07T11,60,0,5.9,2162,1421,2
2026-09-07T11,60,0,6.0,0,6118,2
2026-09-07T11,60,0,6.1,0,294,1
2026-09-07T11,60,0,6.2,0,9266,1
2026-09-07T11,60,1,6.3,0,1392,1
2026-09-07T11,60,1,6.4,17082,0,1
2026-09-07T11,60,2,6.0,0,36536,1
2026-09-07T11,60,2,6.1,0,36,1
2026-09-07T11,60,2,6.3,7363,16219,2
2026-09-07T11,60,3,6.1,0,6,1
2026-09-07T11,60,3,6.2,0,1307,1
2026-09-07T11,60,3,6.3,0,9510,1
2026-09-07T11,60,3,6.4,0,47330,2
2026-09-07T11,60,4,6.5,0,541721,1
2026-09-07T11,60,4,6.9,0,21997,1
2026-09-07T12,60,0,6.3,0,10,1
2026-09-07T12,60,0,6.4,0,194,1
2026-09-07T12,60,0,6.5,0,271,1
2026-09-07T12,60,0,6.6,0,2550,2
2026-09-07T12,60,0,6.7,0,2691,3
2026-09-07T12,60,0,6.8,1018,1774,2
2026-09-07T12,60,0,6.9,0,570,1
2026-09-07T12,60,1,6.4,0,17651,1
2026-09-07T12,60,1,6.7,0,1812,1
2026-09-07T12,60,1,6.8,500,4711,3
2026-09-07T12,60,1,6.9,0,41992,2
2026-09-07T12,60,2,6.8,0,3122,2
2026-09-07T12,60,2,6.9,55973,9558,3
2026-09-07T12,60,3,6.9,0,8692,1
2026-09-07T12,60,4,7.0,16389,0,3
2026-09-07T13,60,0,6.5,0,91,1
2026-09-07T13,60,0,6.7,1739,313,2
2026-09-07T13,60,0,6.8,0,9078,1
2026-09-07T13,60,0,6.9,32635,0,1
2026-09-07T13,60,1,6.5,0,4052,1
2026-09-07T13,60,1,6.8,0,435,1
2026-09-07T13,60,2,6.6,53129,0,4
2026-09-07T13,60,2,6.8,0,3124,2
2026-09-07T13,60,2,6.9,0,19070,1
2026-09-07T14,60,0,6.3,0,300,1
2026-09-07T14,60,0,6.4,0,1862,1
2026-09-07T14,60,0,6.5,0,4573,2
2026-09-07T14,60,0,6.7,0,7374,1
2026-09-07T14,60,0,6.8,459,90,2
2026-09-07T14,60,0,6.9,60,0,1
2026-09-07T14,60,2,6.6,0,10819,1
2026-09-07T14,60,2,6.8,3010,8693,2
2026-09-07T14,60,2,6.9,0,384,1
2026-09-07T14,60,3,6.9,0,1650,1
2026-09-07T14,60,4,6.6,0,100,1
2026-09-07T15,60,0,6.3,0,918,1
2026-09-07T15,60,0,6.4,0,2516,2
2026-09-07T15,60,0,6.5,0,1366,1
2026-09-07T15,60,0,6.6,376,4420,3
2026-09-07T15,60,0,6.7,6508,2156,3
2026-09-07T15,60,0,6.8,17070,633,6
2026-09-07T15,60,2,6.8,1648,0,1
2026-09-07T15,60,2,6.9,4467,0,1
2026-09-07T16,60,0,6.6,0,2615,1
2026-09-07T16,60,0,6.7,39236,38502,7
2026-09-07T16,60,0,6.8,0,7620,1
2026-09-07T16,60,1,6.7,0,1059,1
2026-09-07T16,60,2,6.8,12105,7032,3
2026-09-07T16,60,3,6.8,0,22001,1
2026-09-07T16,60,4,6.8,0,5549,1
2026-09-07T16,60,4,6.9,69649,0,3
2026-09-07T17,60,0,6.6,0,351,1
2026-09-07T17,60,0,6.7,0,90,1
2026-09-07T17,60,0,6.8,43290,7218,3
2026-09-07T17,60,2,6.7,0,1088,1
2026-09-07T17,60,2,6.8,1608,21344,2
2026-09-07T17,60,3,6.9,71349,0,8
2026-09-07T17,60,4,6.9,42030,88321,4
2026-09-07T17,60,5,7.1,0,72496,1
2026-09-07T17,60,5,7.2,0,100000,1
2026-09-07T18,60,0,6.5,0,586,1
2026-09-07T18,60,0,6.6,0,2152,1
2026-09-07T18,60,0,6.7,335,203,2
2026-09-07T18,60,0,6.8,5092,47985,6
2026-09-07T18,60,3,6.8,589,27493,2
2026-09-07T18,60,4,6.7,0,3462,1
2026-09-07T18,60,4,6.8,0,4950,1
2026-09-07T18,60,4,6.9,18904,0,2
2026-09-07T19,60,0,6.2,0,4771,1
2026-09-07T19,60,0,6.3,0,218,1
2026-09-07T19,60,0,6.6,0,2083,1
2026-09-07T19,60,0,6.7,5299,927,3
2026-09-07T19,60,1,6.3,0,2072,1
2026-09-07T19,60,1,6.4,14334,35666,3
2026-09-07T19,60,2,6.4,0,96788,1
2026-09-07T19,60,2,6.5,3696,2304,3
2026-09-07T19,60,2,6.7,0,7712,1
2026-09-07T19,60,3,6.8,0,9786,1
2026-09-07T19,60,4,6.9,946,80256,2
2026-09-07T20,60,0,6.6,43,891,2
2026-09-07T20,60,0,6.7,540,12698,5
2026-09-07T20,60,0,6.8,0,38903,4
2026-09-07T20,60,2,6.8,2000,79166,4
2026-09-07T20,60,3,6.9,5478,0,2
2026-09-07T20,60,4,6.8,0,100,1
2026-09-07T20,60,4,6.9,59126,34573,5
2026-09-07T21,60,0,6.7,1765,3043,3
2026-09-07T21,60,0,6.8,46721,0,4
2026-09-07T21,60,3,6.8,0,15000,1
2026-09-07T21,60,3,6.9,72177,4899,3
2026-09-07T22,60,0,6.7,0,968,1
2026-09-07T22,60,0,6.8,839,10821,7
2026-09-07T22,60,4,6.9,15184,2444,5
2026-09-07T23,60,4,6.9,1590,0,1
2026-09-07T23,60,5,7.2,7000,0,1
2026-09-07T23,60,7,7.5,1550,0,1
2026-09-08T00,60,0,6.3,0,4820,2
2026-09-08T00,60,0,6.4,1612,288,3
2026-09-08T00,60,0,6.5,0,400,1
2026-09-08T00,60,0,6.7,34400,0,3
2026-09-08T00,60,1,6.4,0,5482,1
2026-09-08T00,60,1,6.5,0,4742,1
2026-09-08T00,60,1,6.6,0,400,1
2026-09-08T00,60,1,6.7,21796,5574,3
2026-09-08T00,60,4,6.9,0,33826,1
2026-09-08T00,60,4,7.0,30000,0,1
2026-09-08T00,60,5,7.2,0,78000,1
2026-09-08T00,60,6,7.4,0,3099,1
2026-09-08T00,60,7,7.5,0,48450,1
2026-09-08T01,60,0,6.6,0,613,1
2026-09-08T01,60,0,6.7,14868,1737,2
2026-09-08T01,60,1,6.7,0,6581,1
2026-09-08T01,60,2,6.7,11936,2887,3
2026-09-08T01,60,2,6.8,67602,0,3
2026-09-08T02,60,0,6.3,0,400,1
2026-09-08T02,60,0,6.6,0,1000,1
2026-09-08T02,60,0,6.7,5046,6250,4
2026-09-08T02,60,0,6.8,0,15000,1
2026-09-08T02,60,2,6.7,0,2236,1
2026-09-08T02,60,2,6.8,5875,58673,3
2026-09-08T02,60,4,6.8,8400,0,1
2026-09-08T03,60,0,6.4,0,498,1
2026-09-08T03,60,0,6.5,0,17153,2
2026-09-08T03,60,0,6.6,2495,0,1
2026-09-08T04,60,0,6.5,714,0,1
2026-09-08T04,60,2,6.4,0,2896,1
2026-09-08T04,60,2,6.5,44813,13192,7
2026-09-08T04,60,4,6.7,10000,0,1
2026-09-08T05,60,0,6.1,0,700,1
2026-09-08T05,60,0,6.2,0,1670,1
2026-09-08T05,60,0,6.3,0,20,1
2026-09-08T05,60,0,6.5,18785,28295,6
2026-09-08T05,60,0,6.6,0,17505,1
2026-09-08T05,60,0,6.7,0,6616,1
2026-09-08T05,60,1,6.5,0,2167,1
2026-09-08T05,60,1,6.7,0,41805,1
2026-09-08T05,60,2,6.6,0,19000,1
2026-09-08T05,60,3,6.6,17849,117185,5
2026-09-08T05,60,4,6.7,0,68242,2
2026-09-08T06,60,0,6.2,0,729,1
2026-09-08T06,60,0,6.3,0,6970,2
2026-09-08T06,60,0,6.4,0,9500,1
2026-09-08T06,60,0,6.5,0,847,1
2026-09-08T06,60,0,6.6,3402,0,1
2026-09-08T06,60,3,6.6,58851,0,3
2026-09-08T06,60,3,6.7,113,0,1
2026-09-08T06,60,4,6.8,9869,0,1
2026-09-08T07,60,0,6.3,20,5965,4
2026-09-08T07,60,0,6.4,802,3053,4
2026-09-08T07,60,0,6.6,1881,0,1
2026-09-08T07,60,1,6.4,0,3000,1
2026-09-08T07,60,1,6.5,5210,25597,3
2026-09-08T07,60,1,6.6,0,2238,1
2026-09-08T07,60,3,6.5,0,3870,1
2026-09-08T07,60,3,6.6,12219,15301,2
2026-09-08T07,60,4,6.8,25000,63829,2
2026-09-08T08,60,0,6.1,20046,5745,4
2026-09-08T08,60,0,6.2,0,2459,1
2026-09-08T08,60,0,6.3,5472,8329,2
2026-09-08T08,60,0,6.4,25146,0,3
2026-09-08T08,60,1,6.4,1500,1598,2
2026-09-08T08,60,3,6.6,5876,0,1
2026-09-08T09,60,0,6.3,1888,5041,2
2026-09-08T09,60,0,6.4,0,31594,2
2026-09-08T09,60,0,6.5,0,712,2
2026-09-08T09,60,0,6.6,0,9881,2
2026-09-08T09,60,1,6.4,0,5218,1
2026-09-08T09,60,2,6.5,0,2426,1
2026-09-08T09,60,2,6.6,0,1059,1
2026-09-08T09,60,3,6.5,3807,17361,3
2026-09-08T09,60,3,6.6,10254,25055,4
2026-09-08T09,60,3,6.7,12638,12428,3
2026-09-08T10,60,0,6.3,0,7386,1
2026-09-08T10,60,0,6.6,0,2992,2
2026-09-08T10,60,0,6.7,0,8832,1
2026-09-08T10,60,1,6.7,11122,5374,3
2026-09-08T10,60,2,6.4,0,956,1
2026-09-08T10,60,2,6.5,0,815,1
2026-09-08T10,60,2,6.6,8561,17494,4
2026-09-08T10,60,2,6.7,2685,7315,2
2026-09-08T10,60,3,6.7,0,52393,1
2026-09-08T10,60,3,6.8,36907,0,2
2026-09-08T11,60,0,6.6,0,14424,4
2026-09-08T11,60,2,6.5,0,629,1
2026-09-08T11,60,3,6.8,4740,0,1
2026-09-08T12,60,0,6.4,4139,1334,2
2026-09-08T12,60,0,6.6,0,290,1
2026-09-08T12,60,1,6.5,1708,0,1
2026-09-08T12,60,2,6.5,0,9424,1
2026-09-08T12,60,2,6.6,0,7272,1
2026-09-08T12,60,4,6.5,123440,0,3
2026-09-08T12,60,4,6.6,2408,4795,3
2026-09-08T12,60,4,6.7,9348,0,2
2026-09-08T13,60,0,6.2,0,1303,1
2026-09-08T13,60,0,6.3,0,450,1
2026-09-08T13,60,0,6.4,0,10,1
2026-09-08T13,60,4,6.5,137769,0,6
2026-09-08T14,60,0,5.0,0,74,1
2026-09-08T14,60,0,6.3,0,4000,1
2026-09-08T14,60,1,6.4,0,5170,2
2026-09-08T14,60,1,6.5,28724,54062,4
2026-09-08T14,60,2,6.4,0,705,1
2026-09-08T14,60,2,6.6,0,887,1
2026-09-08T14,60,3,6.6,1869,7221,2
2026-09-08T14,60,4,6.5,0,55796,1
2026-09-08T14,60,4,6.6,0,454,1
2026-09-08T14,60,4,6.7,92226,10725,5
2026-09-08T14,60,4,6.8,151590,100,3
2026-09-08T15,60,0,6.0,512,2080,3
2026-09-08T15,60,0,6.4,0,9024,2
2026-09-08T15,60,0,6.5,4356,19516,4
2026-09-08T15,60,0,6.6,0,2567,2
2026-09-08T15,60,0,6.7,5202,0,1
2026-09-08T15,60,2,6.5,0,64332,1
2026-09-08T15,60,2,6.6,0,3229,1
2026-09-08T15,60,3,6.7,0,394,1
2026-09-08T15,60,4,6.7,8610,0,1
2026-09-08T15,60,4,6.8,30500,0,2
2026-09-08T16,60,0,6.4,0,896,1
2026-09-08T16,60,0,6.5,0,3000,1
2026-09-08T16,60,0,6.6,0,7568,3
2026-09-08T16,60,1,6.6,10600,1728,3
2026-09-08T16,60,2,6.2,0,333,1
2026-09-08T16,60,3,6.5,53887,0,2
2026-09-08T16,60,4,6.7,16392,0,3
2026-09-08T16,60,10,9.7,0,246,1
2026-09-08T16,60,10,9.8,0,1,1
2026-09-08T16,60,10,9.9,753,0,1
2026-09-08T17,60,0,4.95,0,163,1
2026-09-08T17,60,0,5.0,0,127,1
2026-09-08T17,60,0,6.1,0,207,1
2026-09-08T17,60,0,6.2,0,41,1
2026-09-08T17,60,0,6.5,0,1500,1
2026-09-08T17,60,0,6.6,0,13781,3
2026-09-08T17,60,1,6.6,1820,6218,5
2026-09-08T17,60,1,6.7,0,279,1
2026-09-08T17,60,2,6.5,0,355,1
2026-09-08T17,60,2,6.7,0,15222,1
2026-09-08T17,60,3,6.5,0,3901,1
2026-09-08T17,60,3,6.7,0,20000,1
2026-09-08T17,60,3,6.8,58686,0,1
2026-09-08T17,60,4,6.6,5747,41095,2
2026-09-08T17,60,4,6.7,0,103953,1
2026-09-08T17,60,4,6.8,0,388500,1
2026-09-08T17,60,6,7.4,0,27170,1
2026-09-08T18,60,0,6.7,0,85393,3
2026-09-08T18,60,1,6.7,0,1003,1
2026-09-08T18,60,2,6.7,2000,14358,2
2026-09-08T18,60,3,6.7,0,32477,1
2026-09-08T18,60,3,6.8,227594,0,8
2026-09-08T19,60,0,6.6,0,39264,1
2026-09-08T19,60,0,6.7,0,1043,2
2026-09-08T19,60,2,6.7,0,1106,1
2026-09-08T19,60,3,6.8,46684,0,6
2026-09-08T19,60,4,6.8,9572,18006,2
2026-09-08T20,60,0,6.5,0,4653,1
2026-09-08T20,60,0,6.6,0,674,1
2026-09-08T20,60,0,6.7,0,5555,1
2026-09-08T20,60,0,6.8,0,3911,4
2026-09-08T20,60,1,6.6,0,1323,1
2026-09-08T20,60,1,6.8,0,9247,1
2026-09-08T20,60,2,6.7,0,5000,1
2026-09-08T20,60,2,6.8,0,5802,1
2026-09-08T20,60,3,6.7,405,37328,3
2026-09-08T20,60,3,6.8,52687,572702,7
2026-09-08T20,60,4,6.8,0,1149,1
2026-09-08T20,60,4,6.9,0,176794,3
2026-09-08T20,60,4,7.0,13346,0,1
2026-09-08T21,60,0,6.5,0,1500,1
2026-09-08T21,60,0,6.8,8620,4897,4
2026-09-08T21,60,2,6.6,36260,0,2
2026-09-08T21,60,2,6.8,0,6169,1
2026-09-08T21,60,2,6.9,36618,14022,7
2026-09-08T21,60,3,6.9,0,27823,1
2026-09-08T21,60,4,7.0,0,16143,1
2026-09-08T21,60,5,7.2,0,80583,1
2026-09-08T21,60,8,7.5,0,154437,1
2026-09-08T22,60,0,6.4,0,1880,1
2026-09-08T22,60,0,6.5,10500,20474,4
2026-09-08T22,60,0,6.8,0,7963,2
2026-09-08T22,60,2,6.6,0,2362,1
2026-09-08T22,60,2,6.7,0,1767,1
2026-09-08T22,60,2,6.9,523,99525,2
2026-09-08T22,60,4,6.9,19103,0,3
2026-09-08T23,60,0,6.7,0,851,1
2026-09-08T23,60,1,6.6,0,1300,1
2026-09-08T23,60,2,6.7,0,67,1
2026-09-08T23,60,2,6.8,4405,8079,5
2026-09-08T23,60,4,6.9,35165,0,3
2026-09-09T00,60,0,6.4,7615,0,3
2026-09-09T00,60,2,6.7,0,29370,1
2026-09-09T00,60,2,6.8,0,2800,1
2026-09-09T00,60,4,6.9,0,11754,1
2026-09-09T00,60,4,7.0,0,183319,2
2026-09-09T00,60,6,7.4,0,16351,1
2026-09-09T01,60,0,6.4,0,4385,1
2026-09-09T01,60,0,6.5,0,3850,2
2026-09-09T01,60,0,6.6,4419,24451,5
2026-09-09T01,60,0,6.7,0,941,1
2026-09-09T01,60,1,6.7,47617,3024,3
2026-09-09T01,60,2,6.8,0,9599,2
2026-09-09T02,60,0,6.8,0,10802,2
2026-09-09T02,60,0,6.9,3952,900,2
2026-09-09T02,60,1,6.8,0,1830,1
2026-09-09T02,60,1,6.9,0,40609,1
2026-09-09T02,60,2,6.9,0,39562,2
2026-09-09T02,60,4,6.9,148,0,1
2026-09-09T03,60,0,6.4,0,747,1
2026-09-09T03,60,0,6.5,909,0,1
2026-09-09T03,60,0,6.6,0,309,1
2026-09-09T03,60,0,6.7,0,900,1
2026-09-09T03,60,0,6.8,1006,0,1
2026-09-09T03,60,1,6.8,372,2628,2
2026-09-09T03,60,4,6.9,2400,0,1
2026-09-09T04,60,0,6.4,0,1845,1
2026-09-09T04,60,0,6.5,0,491,1
2026-09-09T04,60,0,6.6,1343,8234,3
2026-09-09T04,60,0,6.7,2232,0,1
2026-09-09T04,60,1,6.6,0,2000,1
2026-09-09T04,60,1,6.7,0,7750,1
2026-09-09T05,60,0,6.6,1020,48605,4
2026-09-09T05,60,0,6.7,4302,3973,6
2026-09-09T05,60,3,6.8,16126,4041,4
2026-09-09T05,60,4,6.8,0,7484,1
2026-09-09T05,60,4,6.9,0,107977,1
2026-09-09T05,60,5,7.2,2272,0,1
2026-09-09T05,60,7,7.5,9288,0,1
2026-09-09T06,60,0,6.5,0,13974,4
2026-09-09T06,60,0,6.6,3638,17598,6
2026-09-09T06,60,1,6.6,0,1000,1
2026-09-09T06,60,1,6.7,174,0,1
2026-09-09T06,60,2,6.6,0,1132,1
2026-09-09T06,60,2,6.7,0,1916,1
2026-09-09T06,60,3,6.7,1400,0,1
2026-09-09T07,60,0,6.4,0,3471,2
2026-09-09T07,60,0,6.5,920,953,3
2026-09-09T07,60,0,6.6,0,33763,2
2026-09-09T07,60,0,6.7,5898,588,2
2026-09-09T07,60,1,6.5,0,2499,1
2026-09-09T07,60,1,6.6,0,700,1
2026-09-09T07,60,1,6.7,0,1416,1
2026-09-09T07,60,3,6.7,9942,235,3
2026-09-09T07,60,3,6.8,349,0,1
2026-09-09T08,60,0,6.5,0,2500,1
2026-09-09T08,60,0,6.6,17160,35796,3
2026-09-09T08,60,0,6.7,17011,1187,4
2026-09-09T08,60,1,6.8,28514,0,3
2026-09-09T08,60,2,6.7,0,56964,2
2026-09-09T08,60,2,6.8,0,15370,2
2026-09-09T08,60,3,6.8,2300,24440,2
2026-09-09T08,60,8,6.8,0,57753,1
2026-09-09T09,60,0,6.7,0,540,1
2026-09-09T09,60,0,6.8,21730,7750,4
2026-09-09T09,60,1,6.7,0,1211,1
2026-09-09T09,60,1,6.8,25586,42581,6
2026-09-09T09,60,2,6.6,0,5000,1
2026-09-09T09,60,2,6.8,0,3306,2
2026-09-09T09,60,7,7.5,0,712,1
2026-09-09T10,60,0,6.7,0,140,1
2026-09-09T10,60,0,6.8,43,13266,5
2026-09-09T10,60,2,6.8,4607,3393,2
2026-09-09T10,60,3,6.9,36551,4524,5
2026-09-09T10,60,4,6.9,40805,46602,4
2026-09-09T10,60,4,7.0,0,14181,1
2026-09-09T10,60,5,7.1,36110,0,2
2026-09-09T11,60,0,6.4,0,10000,1
2026-09-09T11,60,0,6.8,63103,0,2
2026-09-09T11,60,1,6.5,0,1206,1
2026-09-09T11,60,2,6.5,0,6536,1
2026-09-09T11,60,2,6.6,63462,0,3
2026-09-09T11,60,3,6.9,4821,0,2
2026-09-09T11,60,10,9.9,0,99246,1
2026-09-09T11,60,10,11.6,0,9999,1
2026-09-09T12,60,0,6.7,0,8489,3
2026-09-09T12,60,0,6.8,13200,0,1
2026-09-09T12,60,2,6.6,17268,19270,2
2026-09-09T12,60,2,6.7,0,20722,1
2026-09-09T12,60,2,6.8,38746,9631,6
2026-09-09T12,60,4,7.0,5060,0,1
2026-09-09T12,60,5,7.1,2000,0,1
2026-09-09T13,60,0,6.3,0,65,1
2026-09-09T13,60,0,6.4,3783,7153,4
2026-09-09T13,60,0,6.8,0,8232,1
2026-09-09T13,60,1,6.3,0,2025,1
2026-09-09T13,60,1,6.4,0,7371,1
2026-09-09T13,60,1,6.5,54053,0,3
2026-09-09T13,60,2,6.7,0,2153,1
2026-09-09T13,60,2,6.8,0,105616,1
2026-09-09T13,60,3,6.9,13613,0,2
2026-09-09T14,60,0,6.3,10913,3670,4
2026-09-09T14,60,0,6.4,0,155,2
2026-09-09T14,60,0,6.5,0,5469,2
2026-09-09T14,60,0,6.6,0,100,1
2026-09-09T14,60,0,6.7,2124,0,1
2026-09-09T14,60,0,6.8,46764,12199,3
2026-09-09T14,60,0,6.9,0,49012,1
2026-09-09T14,60,1,6.5,20954,21949,2
2026-09-09T14,60,2,6.5,0,395,1
2026-09-09T14,60,2,6.8,0,238,1
2026-09-09T14,60,3,6.9,196175,0,1
2026-09-09T15,60,0,6.5,0,27554,4
2026-09-09T15,60,0,6.6,0,1844,2
2026-09-09T15,60,0,6.7,0,10720,2
2026-09-09T15,60,0,6.8,0,13930,2
2026-09-09T15,60,1,6.8,135,1248,2
2026-09-09T15,60,2,6.8,0,9689,2
2026-09-09T15,60,3,6.9,66916,0,4
2026-09-09T15,60,4,6.9,0,7346,1
2026-09-09T15,60,7,7.9,0,630332,1
2026-09-09T15,60,8,7.9,0,999,1
2026-09-09T15,60,10,8.0,0,1000,1
2026-09-09T16,60,0,6.7,0,2000,1
2026-09-09T16,60,0,6.8,0,26177,3
2026-09-09T16,60,3,6.9,73180,0,2
2026-09-09T16,60,4,6.9,81589,5541,4
2026-09-09T17,60,0,6.4,0,457,1
2026-09-09T17,60,0,6.9,0,75580,12
2026-09-09T17,60,1,6.5,0,93545,1
2026-09-09T17,60,1,6.8,0,2822,1
2026-09-09T17,60,2,6.9,0,6000,1
2026-09-09T17,60,3,6.8,14746,0,2
2026-09-09T17,60,3,6.9,67142,47078,4
2026-09-09T17,60,4,6.9,0,3444,1
2026-09-09T17,60,5,7.0,157139,0,4
2026-09-09T17,60,7,7.5,0,50000,1
2026-09-09T18,60,0,6.8,0,13167,1
2026-09-09T18,60,0,6.9,0,357,1
2026-09-09T18,60,2,6.8,9888,11226,2
2026-09-09T18,60,2,6.9,0,61511,2
2026-09-09T18,60,3,6.8,0,1207,1
2026-09-09T18,60,3,6.9,0,784,1
2026-09-09T18,60,3,7.0,275084,0,7
2026-09-09T18,60,4,6.9,0,4987,1
2026-09-09T18,60,4,7.0,0,7897,1
2026-09-09T18,60,5,7.0,0,84238,2
2026-09-09T18,60,5,7.1,2352,109538,2
2026-09-09T19,60,0,6.8,22110,30821,4
2026-09-09T19,60,0,6.9,70582,2064,5
2026-09-09T19,60,1,6.9,0,2000,1
2026-09-09T19,60,3,7.0,17929,0,2
2026-09-09T20,60,0,6.5,0,2923,1
2026-09-09T20,60,0,6.8,0,3945,4
2026-09-09T20,60,0,6.9,27993,837,5
2026-09-09T20,60,1,6.8,0,1247,1
2026-09-09T20,60,2,6.8,0,5000,1
2026-09-09T20,60,2,6.9,8000,22000,2
2026-09-09T20,60,3,7.0,29405,0,1
2026-09-09T21,60,0,6.8,1722,1786,5
2026-09-09T21,60,0,6.9,0,8500,1
2026-09-09T21,60,2,6.9,0,4234,1
2026-09-09T21,60,3,6.9,29601,18515,6
2026-09-09T21,60,3,7.0,42652,0,4
2026-09-09T21,60,4,7.0,0,5221,1
2026-09-09T22,60,1,6.8,0,1824,1
2026-09-09T22,60,2,6.7,1000,0,1
2026-09-09T22,60,3,6.8,4016,0,1
2026-09-09T22,60,3,6.9,3144,0,2
2026-09-09T22,60,3,7.0,2000,0,1
2026-09-09T23,60,0,6.5,0,2000,1
2026-09-09T23,60,0,6.6,0,3362,2
2026-09-09T23,60,0,6.7,0,1548,2
2026-09-09T23,60,1,6.6,0,5000,2
2026-09-09T23,60,1,6.8,0,383,1
2026-09-09T23,60,2,6.7,29534,6000,4
2026-09-09T23,60,3,6.8,0,9762,1
2026-09-09T23,60,3,6.9,12161,0,2
2026-09-10T00,60,0,6.5,0,1467,2
2026-09-10T00,60,1,6.5,5615,4385,2
2026-09-10T00,60,1,6.6,11165,38835,3
2026-09-10T00,60,1,6.7,21592,718,4
2026-09-10T00,60,2,6.8,1172,0,1
2026-09-10T00,60,5,7.2,0,59825,3
2026-09-10T00,60,6,7.3,0,6000,1
2026-09-10T00,60,6,7.4,0,16153,1
2026-09-10T00,60,6,7.5,0,188814,3
2026-09-10T01,60,0,6.6,0,414,1
2026-09-10T01,60,0,6.7,0,5373,2
2026-09-10T01,60,0,6.8,0,9275,1
2026-09-10T01,60,0,6.9,0,2061,2
2026-09-10T01,60,1,6.7,40000,9251,2
2026-09-10T01,60,1,6.9,6462,4850,2
2026-09-10T01,60,2,6.8,0,3741,1
2026-09-10T01,60,3,6.9,0,4695,1
2026-09-10T01,60,3,7.0,39316,0,2
2026-09-10T02,60,0,6.3,0,282,1
2026-09-10T02,60,0,6.4,0,1500,1
2026-09-10T02,60,0,6.5,0,1000,1
2026-09-10T02,60,0,6.6,0,1000,1
2026-09-10T02,60,0,6.7,33348,4652,5
2026-09-10T02,60,0,6.8,0,1874,2
2026-09-10T02,60,1,6.9,8978,0,1
2026-09-10T02,60,4,7.0,45000,0,1
2026-09-10T03,60,0,6.8,0,1200,1
2026-09-10T03,60,0,6.9,435,2500,2
2026-09-10T03,60,1,6.8,5,0,1
2026-09-10T03,60,1,6.9,0,428,1
2026-09-10T03,60,2,6.9,0,1501,1
2026-09-10T04,60,0,6.6,0,11554,1
2026-09-10T04,60,0,6.7,9521,12011,6
2026-09-10T04,60,2,6.8,12900,0,2
2026-09-10T05,60,0,5.9,0,960,1
2026-09-10T05,60,0,6.0,2347,13862,3
2026-09-10T05,60,4,6.9,15000,0,1
2026-09-10T06,60,0,6.0,0,2904,1
2026-09-10T06,60,0,6.1,0,30719,3
2026-09-10T06,60,0,6.2,0,947,1
2026-09-10T06,60,0,6.3,0,6645,3
2026-09-10T06,60,0,6.4,0,1234,1
2026-09-10T06,60,0,6.5,0,21474,2
2026-09-10T06,60,1,6.5,0,4828,1
2026-09-10T06,60,1,6.6,572,2840,2
2026-09-10T06,60,2,6.5,0,6004,1
2026-09-10T06,60,2,6.6,3807,7557,3
2026-09-10T06,60,2,6.7,1708,0,1
2026-09-10T06,60,3,6.7,0,90095,2
2026-09-10T07,60,0,6.5,0,828,1
2026-09-10T07,60,0,6.6,0,282,2
2026-09-10T07,60,0,6.7,0,64654,4
2026-09-10T07,60,1,6.6,0,543,1
2026-09-10T07,60,1,6.7,3400,0,2
2026-09-10T07,60,2,6.7,8400,57788,3
2026-09-10T07,60,3,6.8,1665,0,1
2026-09-10T07,60,7,7.8,0,100,1
2026-09-10T07,60,8,8.6,0,2999,1
2026-09-10T08,60,0,6.6,848,13151,4
2026-09-10T08,60,0,6.7,0,3115,1
2026-09-10T08,60,0,6.8,30794,76,2
2026-09-10T08,60,1,6.7,0,3308,2
2026-09-10T08,60,1,6.8,0,17728,1
2026-09-10T08,60,2,6.8,18994,19331,7
2026-09-10T08,60,3,6.8,1873,13088,3
2026-09-10T09,60,0,6.7,2014,0,3
2026-09-10T09,60,0,6.8,4041,0,1
2026-09-10T09,60,1,6.7,0,33239,1
2026-09-10T09,60,2,6.8,0,5000,1
2026-09-10T09,60,4,6.8,0,58630,1
2026-09-10T09,60,4,6.9,0,53990,1
2026-09-10T09,60,5,7.0,19750,0,2
2026-09-10T10,60,0,6.5,0,2221,1
2026-09-10T10,60,0,6.6,0,2376,1
2026-09-10T10,60,0,6.7,1944,10550,4
2026-09-10T10,60,0,6.8,8773,7245,7
2026-09-10T10,60,1,6.6,0,5002,1
2026-09-10T10,60,1,6.7,0,790,1
2026-09-10T10,60,2,6.8,1479,24199,3
2026-09-10T10,60,3,6.9,19381,0,1
2026-09-10T10,60,4,6.9,0,3360,1
2026-09-10T10,60,5,7.0,0,3096,1
2026-09-10T11,60,0,6.6,0,3037,2
2026-09-10T11,60,0,6.7,0,2198,3
2026-09-10T11,60,1,6.8,0,2000,1
2026-09-10T11,60,2,6.9,6841,2264,2
2026-09-10T11,60,3,6.9,29675,15291,3
2026-09-10T11,60,4,6.9,8400,11270,2
2026-09-10T11,60,5,6.7,16092,0,1
2026-09-10T11,60,5,6.9,18967,1033,3
2026-09-10T12,60,0,6.4,3363,4714,3
2026-09-10T12,60,1,6.4,0,4206,1
2026-09-10T12,60,1,6.5,415,0,1
2026-09-10T12,60,2,6.5,0,1550,1
2026-09-10T12,60,3,6.6,2484,0,1
2026-09-10T12,60,4,6.5,0,4244,1
2026-09-10T12,60,4,6.6,12754,0,1
2026-09-10T12,60,5,6.7,20000,34438,2
2026-09-10T12,60,6,6.9,0,4000,1
2026-09-10T13,60,0,6.0,1000,0,1
2026-09-10T13,60,0,6.4,0,7716,2
2026-09-10T13,60,0,6.5,0,3176,1
2026-09-10T13,60,1,6.5,6804,3514,2
2026-09-10T13,60,2,6.5,0,6788,1
2026-09-10T13,60,3,6.6,89127,0,4
2026-09-10T13,60,4,6.6,70183,19817,3
2026-09-10T14,60,0,6.0,4273,2227,3
2026-09-10T14,60,0,6.4,0,1058,2
2026-09-10T14,60,0,6.5,6502,7818,2
2026-09-10T14,60,0,6.6,0,4733,3
2026-09-10T14,60,0,6.7,300,0,1
2026-09-10T14,60,1,6.6,0,1753,1
2026-09-10T14,60,2,6.5,321,2083,2
2026-09-10T14,60,2,6.6,0,79,1
2026-09-10T14,60,2,6.9,4797,0,1
2026-09-10T14,60,3,6.6,500,6483,2
2026-09-10T14,60,4,7.0,0,51462,1
2026-09-10T14,60,5,6.9,0,18499,1
2026-09-10T14,60,5,7.0,0,5270,1
2026-09-10T14,60,5,7.1,0,31167,1
2026-09-10T14,60,5,7.2,0,65224,2
2026-09-10T15,60,0,6.7,0,2257,2
2026-09-10T15,60,0,6.8,0,5585,2
2026-09-10T15,60,0,6.9,4115,3728,5
2026-09-10T15,60,1,6.8,0,18116,1
2026-09-10T15,60,2,6.9,0,15281,1
2026-09-10T15,60,3,7.0,160777,32741,5
2026-09-10T16,60,0,6.6,0,1683,1
2026-09-10T16,60,0,6.7,244,20296,3
2026-09-10T16,60,0,6.8,2007,12701,3
2026-09-10T16,60,1,6.7,0,6393,1
2026-09-10T16,60,1,6.9,0,16471,1
2026-09-10T16,60,2,6.8,11012,0,1
2026-09-10T16,60,3,6.9,34882,0,4
2026-09-10T17,60,0,6.7,0,11103,3
2026-09-10T17,60,2,6.8,35753,0,6
2026-09-10T17,60,3,6.8,20464,4834,2
2026-09-10T17,60,3,6.9,18200,0,2
2026-09-10T18,60,0,6.6,0,404,1
2026-09-10T18,60,0,6.7,0,3955,1
2026-09-10T18,60,0,6.8,0,57374,3
2026-09-10T18,60,0,6.9,19994,23652,4
2026-09-10T18,60,2,6.7,1770,70269,3
2026-09-10T18,60,2,6.8,59954,2109,3
2026-09-10T18,60,2,6.9,630,9824,4
2026-09-10T18,60,3,6.8,0,12013,1
2026-09-10T18,60,3,6.9,16822,39606,3
2026-09-10T18,60,3,7.0,179766,0,5
2026-09-10T18,60,6,7.5,2000,0,1
2026-09-10T19,60,0,6.6,0,499,2
2026-09-10T19,60,0,6.7,2100,1187,4
2026-09-10T19,60,0,6.8,4254,38373,3
2026-09-10T19,60,0,6.9,0,5593,1
2026-09-10T19,60,1,6.9,0,20849,1
2026-09-10T19,60,3,6.9,0,1612,1
2026-09-10T19,60,3,7.0,134000,0,3
2026-09-10T20,60,0,6.4,0,111,1
2026-09-10T20,60,0,6.5,0,3000,1
2026-09-10T20,60,0,6.6,12281,33077,5
2026-09-10T20,60,0,6.7,0,722,1
2026-09-10T20,60,0,6.8,0,111,1
2026-09-10T20,60,0,6.9,0,329,1
2026-09-10T20,60,2,6.7,4166,0,1
2026-09-10T20,60,2,6.8,0,14000,2
2026-09-10T20,60,3,6.8,0,753,1
2026-09-10T20,60,3,6.9,0,10000,1
2026-09-10T20,60,3,7.0,48757,0,2
2026-09-10T21,60,0,6.5,0,1064,1
2026-09-10T21,60,0,6.6,0,1732,2
2026-09-10T21,60,0,6.8,0,4000,1
2026-09-10T21,60,0,6.9,0,3932,2
2026-09-10T21,60,2,6.6,0,33154,1
2026-09-10T21,60,2,6.7,0,19143,1
2026-09-10T21,60,3,6.7,0,1464,1
2026-09-10T21,60,3,6.8,0,418,1
2026-09-10T21,60,3,6.9,33404,3425,4
2026-09-10T21,60,3,7.0,36079,0,2
2026-09-10T21,60,5,7.0,26051,2288,2
2026-09-10T22,60,0,6.6,0,154,1
2026-09-10T22,60,0,6.7,0,1780,1
2026-09-10T22,60,1,6.8,0,7086,2
2026-09-10T22,60,2,6.8,0,2000,1
2026-09-10T22,60,3,6.9,35882,56616,6
2026-09-10T23,60,0,6.8,1335,206,3
2026-09-10T23,60,0,6.9,1846,4782,4
2026-09-10T23,60,0,7.0,0,1000,1
2026-09-10T23,60,1,6.8,0,2298,2
2026-09-10T23,60,1,6.9,7048,2715,2
2026-09-10T23,60,5,7.0,41283,0,3
2026-09-11T00,60,0,6.4,1638,0,1
2026-09-11T00,60,2,6.8,10445,0,1
2026-09-11T00,60,2,6.9,25280,0,3
2026-09-11T00,60,5,7.0,0,43717,1
2026-09-11T01,60,0,6.4,0,4541,2
2026-09-11T01,60,0,6.5,0,725,2
2026-09-11T01,60,0,6.6,0,3639,4
2026-09-11T01,60,0,6.7,9460,2042,5
2026-09-11T01,60,2,6.8,44435,0,4
2026-09-11T02,60,0,6.6,0,200,1
2026-09-11T02,60,0,6.7,0,1440,2
2026-09-11T02,60,2,6.7,0,10000,1
2026-09-11T02,60,2,6.8,121049,0,8
2026-09-11T03,60,0,6.8,0,8200,3
2026-09-11T03,60,0,6.9,1488,1280,2
2026-09-11T03,60,1,6.7,2978,0,1
2026-09-11T03,60,1,6.8,0,21300,1
2026-09-11T03,60,1,6.9,0,633,1
2026-09-11T03,60,2,6.8,0,144,1
2026-09-11T03,60,2,6.9,8014,25186,2
2026-09-11T03,60,4,7.0,31834,0,2
2026-09-11T04,60,0,6.4,0,1100,1
2026-09-11T04,60,0,6.5,0,3082,1
2026-09-11T04,60,0,6.6,12806,48392,5
2026-09-11T04,60,1,6.6,1978,4636,3
2026-09-11T04,60,2,6.6,0,9220,1
2026-09-11T04,60,2,6.7,21498,19729,4
2026-09-11T05,60,0,6.5,0,500,1
2026-09-11T05,60,0,6.6,7464,18555,4
2026-09-11T05,60,0,6.7,7403,3991,4
2026-09-11T05,60,0,6.8,158,0,1
2026-09-11T05,60,1,6.6,0,34532,1
2026-09-11T05,60,1,6.7,0,6319,1
2026-09-11T05,60,2,6.7,0,3123,1
2026-09-11T05,60,2,6.8,0,1292,1
2026-09-11T06,60,0,6.4,0,340,1
2026-09-11T06,60,0,6.5,8400,15544,2
2026-09-11T06,60,0,6.6,4028,3198,5
2026-09-11T06,60,1,6.7,41848,0,3
2026-09-11T06,60,2,6.7,2177,0,2
2026-09-11T06,60,3,6.9,50000,0,1
2026-09-11T06,60,4,6.9,0,58408,1
2026-09-11T07,60,0,6.1,200,0,1
2026-09-11T07,60,0,6.6,0,3554,2
2026-09-11T07,60,1,6.4,0,16406,1
2026-09-11T07,60,2,6.6,9162,0,1
2026-09-11T07,60,2,6.7,24036,0,2
2026-09-11T07,60,4,6.5,57192,142729,3
2026-09-11T07,60,5,7.0,2500,0,1
2026-09-11T07,60,7,8.0,0,50000,1
2026-09-11T08,60,0,6.0,0,480,1
2026-09-11T08,60,0,6.1,0,1250,1
2026-09-11T08,60,0,6.2,4034,5966,2
2026-09-11T08,60,0,6.3,0,3000,1
2026-09-11T08,60,0,6.4,0,60,1
2026-09-11T08,60,0,6.5,0,500,1
2026-09-11T08,60,0,6.6,0,87,1
2026-09-11T08,60,2,6.3,0,711,1
2026-09-11T08,60,2,6.5,0,979,1
2026-09-11T08,60,2,6.6,1698,19205,4
2026-09-11T08,60,2,6.7,26791,0,4
2026-09-11T08,60,5,7.0,0,147500,1
2026-09-11T09,60,0,6.4,0,3000,1
2026-09-11T09,60,0,6.5,0,1150,1
2026-09-11T09,60,0,6.6,20016,1147,3
2026-09-11T09,60,2,6.7,46329,0,3
2026-09-11T10,60,0,6.4,4209,4859,2
2026-09-11T10,60,0,6.5,22,0,1
2026-09-11T10,60,1,6.3,0,1250,1
2026-09-11T10,60,2,6.4,0,400,1
2026-09-11T10,60,4,6.6,2000,0,1
2026-09-11T11,60,0,6.3,0,5039,2
2026-09-11T11,60,0,6.4,6076,2625,7
2026-09-11T11,60,0,6.5,0,15760,4
2026-09-11T11,60,1,6.5,0,3500,1
2026-09-11T11,60,2,6.6,6719,19799,2
2026-09-11T11,60,4,6.6,1178,3000,2
2026-09-11T11,60,4,6.7,14937,0,1
2026-09-11T11,60,5,6.9,0,36232,1
2026-09-11T11,60,5,7.0,0,100000,1
2026-09-11T12,60,0,6.1,0,10000,1
2026-09-11T12,60,0,6.2,0,60,1
2026-09-11T12,60,0,6.5,1888,1690,2
2026-09-11T12,60,0,6.6,1177,0,1
2026-09-11T12,60,1,6.6,0,7743,1
2026-09-11T12,60,2,6.2,0,25000,1
2026-09-11T12,60,2,6.3,0,300,1
2026-09-11T12,60,2,6.5,39,574,2
2026-09-11T12,60,2,6.7,19938,0,1
2026-09-11T12,60,4,6.6,0,50,1
2026-09-11T12,60,4,6.7,0,4078,1
2026-09-11T13,60,0,6.1,0,537,1
2026-09-11T13,60,0,6.2,0,2101,1
2026-09-11T13,60,0,6.3,0,956,1
2026-09-11T13,60,0,6.4,0,1604,2
2026-09-11T13,60,0,6.5,0,11320,3
2026-09-11T13,60,0,6.6,0,4920,2
2026-09-11T13,60,2,6.5,0,4000,1
2026-09-11T13,60,2,6.6,289,6691,3
2026-09-11T13,60,4,6.7,18811,31522,3
2026-09-11T14,60,0,6.1,5110,599,2
2026-09-11T14,60,0,6.2,0,854,1
2026-09-11T14,60,0,6.3,800,1700,2
2026-09-11T14,60,0,6.5,0,1000,1
2026-09-11T14,60,0,6.6,1937,4511,5
2026-09-11T14,60,1,6.6,0,12998,1
2026-09-11T14,60,2,6.4,0,334,1
2026-09-11T14,60,2,6.7,18832,34121,2
2026-09-11T14,60,4,6.7,37116,0,3
2026-09-11T14,60,5,6.8,3000,68503,2
2026-09-11T15,60,0,6.2,0,209,1
2026-09-11T15,60,0,6.3,0,4017,2
2026-09-11T15,60,0,6.4,4839,847,2
2026-09-11T15,60,0,6.5,0,7049,2
2026-09-11T15,60,1,6.3,0,670,1
2026-09-11T15,60,2,6.4,0,17215,1
2026-09-11T15,60,2,6.5,0,546,1
2026-09-11T15,60,2,6.6,8980,15861,2
2026-09-11T15,60,4,6.7,61537,0,3
2026-09-11T16,60,0,5.9,0,998,1
2026-09-11T16,60,0,6.0,0,500,1
2026-09-11T16,60,0,6.5,0,3053,1
2026-09-11T16,60,0,6.6,0,8000,2
2026-09-11T16,60,0,6.7,27321,14077,7
2026-09-11T16,60,1,6.5,0,1284,1
2026-09-11T16,60,1,6.7,0,47614,1
2026-09-11T16,60,1,6.8,1940,0,1
2026-09-11T16,60,2,6.5,0,252,1
2026-09-11T16,60,2,6.6,0,4949,1
2026-09-11T16,60,2,6.7,78956,29593,8
2026-09-11T16,60,2,6.8,52338,79057,4
2026-09-11T16,60,3,6.8,0,13293,1
2026-09-11T16,60,3,6.9,0,450000,1
2026-09-11T16,60,4,6.7,0,23986,2
2026-09-11T16,60,4,6.8,0,65754,1
2026-09-11T16,60,4,6.9,0,17692,2
2026-09-11T17,60,0,6.7,0,14125,1
2026-09-11T17,60,0,6.8,22979,3091,7
2026-09-11T17,60,0,6.9,85870,148986,8
2026-09-11T17,60,1,6.8,0,42991,4
2026-09-11T17,60,1,6.9,0,3374,1
2026-09-11T17,60,2,6.9,0,986,1
2026-09-11T17,60,5,7.0,17734,0,2
2026-09-11T17,60,6,6.9,0,5000,1
2026-09-11T17,60,6,7.0,3000,2000,2
2026-09-11T18,60,0,6.6,0,10000,1
2026-09-11T18,60,0,6.7,0,144,1
2026-09-11T18,60,0,6.8,0,211,1
2026-09-11T18,60,2,6.7,0,10000,1
2026-09-11T18,60,2,6.8,0,14430,2
2026-09-11T18,60,3,6.9,86891,0,6
2026-09-11T18,60,4,6.9,50,28425,3
2026-09-11T18,60,5,7.0,0,69986,1
2026-09-11T19,60,0,6.5,0,2000,1
2026-09-11T19,60,0,6.6,0,24311,4
2026-09-11T19,60,0,6.7,0,480,1
2026-09-11T19,60,0,6.8,0,190,1
2026-09-11T19,60,1,6.6,0,1000,1
2026-09-11T19,60,2,6.7,0,2569,1
2026-09-11T19,60,3,6.7,71219,32599,5
2026-09-11T19,60,3,6.8,19649,32477,2
2026-09-11T19,60,3,6.9,152622,0,4
2026-09-11T20,60,0,6.7,0,17732,2
2026-09-11T20,60,2,6.7,24150,11051,3
2026-09-11T20,60,2,6.8,9265,1699,4
2026-09-11T20,60,3,6.8,10037,59761,2
2026-09-11T20,60,4,6.8,0,15338,1
2026-09-11T20,60,5,7.1,2000,0,1
2026-09-11T21,60,0,6.7,0,778,1
2026-09-11T21,60,0,6.8,0,2644,2
2026-09-11T21,60,1,6.7,0,2415,1
2026-09-11T21,60,2,6.8,0,1174,1
2026-09-11T21,60,3,6.8,0,7304,1
2026-09-11T21,60,3,6.9,97219,0,7
2026-09-11T21,60,4,6.9,22754,74432,2
2026-09-11T21,60,5,7.1,50000,0,1
2026-09-11T22,60,0,6.5,0,5,1
2026-09-11T22,60,0,6.6,0,1000,1
2026-09-11T22,60,0,6.7,1292,819,3
2026-09-11T22,60,4,6.8,4000,0,1
2026-09-11T22,60,4,6.9,80000,0,1
2026-09-11T22,60,6,7.4,10000,0,1
2026-09-11T23,60,0,6.4,0,968,1
2026-09-11T23,60,0,6.5,0,1000,1
2026-09-11T23,60,0,6.7,0,662,1
2026-09-11T23,60,1,6.6,6432,0,1
2026-09-11T23,60,2,6.8,14120,500,2
2026-09-11T23,60,4,6.8,0,2082,1
2026-09-11T23,60,5,7.0,0,50000,1
2026-09-12T00,60,0,6.5,0,1036,1
2026-09-12T00,60,0,6.6,0,1118,1
2026-09-12T00,60,1,6.5,0,2854,1
2026-09-12T00,60,1,6.6,9554,5064,5
2026-09-12T00,60,2,6.7,18434,0,1
2026-09-12T00,60,3,6.8,0,4000,1
2026-09-12T00,60,4,6.9,2456,0,1
2026-09-12T01,60,0,6.4,0,2000,1
2026-09-12T01,60,0,6.5,328,103,3
2026-09-12T01,60,2,6.6,24308,247,5
2026-09-12T01,60,4,6.8,5817,0,1
2026-09-12T02,60,0,6.5,0,1900,1
2026-09-12T02,60,1,6.5,0,10162,1
2026-09-12T02,60,2,6.6,0,329,1
2026-09-12T02,60,2,6.7,8125,13570,3
2026-09-12T02,60,3,6.7,0,2000,1
2026-09-12T02,60,3,6.8,0,5000,1
2026-09-12T02,60,4,6.7,0,48314,1
2026-09-12T02,60,4,6.8,0,8420,1
2026-09-12T03,60,0,6.4,0,792,1
2026-09-12T03,60,0,6.5,6882,1341,4
2026-09-12T03,60,0,6.6,0,62,1
2026-09-12T03,60,1,6.5,70,805,2
2026-09-12T03,60,1,6.6,4313,4594,3
2026-09-12T03,60,2,6.6,623,20264,3
2026-09-12T03,60,3,6.7,2868,0,1
2026-09-12T03,60,5,7.1,8000,0,1
2026-09-12T03,60,7,7.6,2086,0,1
2026-09-12T04,60,0,6.5,0,11730,2
2026-09-12T04,60,0,6.6,49988,10152,7
2026-09-12T04,60,1,6.6,0,3323,1
2026-09-12T04,60,1,6.8,4747,2871,3
2026-09-12T04,60,2,6.6,0,22877,2
2026-09-12T04,60,2,6.7,13649,41310,5
2026-09-12T04,60,2,6.8,50000,13880,3
2026-09-12T04,60,3,6.7,0,1132,1
2026-09-12T04,60,3,6.8,0,30648,1
2026-09-12T04,60,4,6.8,0,7235,1
2026-09-12T05,60,0,6.3,9156,0,1
2026-09-12T05,60,0,6.4,2622,0,2
2026-09-12T05,60,0,6.5,39799,2,3
2026-09-12T05,60,2,6.7,0,33191,1
2026-09-12T06,60,0,6.2,0,196,1
2026-09-12T06,60,0,6.3,8094,15145,6
2026-09-12T06,60,0,6.4,4881,0,1
2026-09-12T06,60,7,7.3,0,36,1
2026-09-12T06,60,7,7.6,0,97914,1
2026-09-12T06,60,7,7.8,0,50000,1
2026-09-12T07,60,0,6.3,1700,2369,3
2026-09-12T07,60,0,6.4,1742,18611,4
2026-09-12T07,60,0,6.5,6568,2876,3
2026-09-12T07,60,2,6.5,24615,6505,4
2026-09-12T07,60,2,6.6,1094,1045,2
2026-09-12T07,60,4,6.8,0,19455,1
2026-09-12T08,60,0,6.6,5128,36768,8
2026-09-12T08,60,0,6.7,676,2968,4
2026-09-12T08,60,1,6.6,0,1044,1
2026-09-12T08,60,1,6.7,27463,29497,7
2026-09-12T08,60,2,6.6,0,28556,1
2026-09-12T08,60,2,6.7,0,6099,2
2026-09-12T08,60,3,6.8,40390,8921,4
2026-09-12T09,60,0,6.6,0,4780,2
2026-09-12T09,60,0,6.7,1010,2128,3
2026-09-12T09,60,1,6.6,0,4975,2
2026-09-12T09,60,1,6.8,20072,32373,3
2026-09-12T09,60,2,6.7,1119,3754,3
2026-09-12T09,60,2,6.8,1171,25670,4
2026-09-12T09,60,3,6.8,35010,5199,2
2026-09-12T09,60,4,6.8,18086,15088,4
2026-09-12T09,60,4,6.9,16378,0,1
2026-09-12T10,60,0,6.6,0,807,1
2026-09-12T10,60,0,6.7,572,179,2
2026-09-12T10,60,1,6.7,0,1920,1
2026-09-12T10,60,1,6.8,16139,0,5
2026-09-12T10,60,2,6.5,0,222,1
2026-09-12T10,60,5,7.0,25000,0,1
2026-09-12T11,60,0,6.4,0,301,1
2026-09-12T11,60,0,6.5,0,4363,1
2026-09-12T11,60,0,6.6,0,3000,1
2026-09-12T11,60,0,6.7,0,2117,1
2026-09-12T11,60,0,6.8,9972,41268,6
2026-09-12T11,60,1,6.8,0,20333,1
2026-09-12T11,60,4,6.9,48656,201166,5
2026-09-12T11,60,5,7.0,40016,93030,3
2026-09-12T12,60,0,6.6,0,4000,1
2026-09-12T12,60,0,6.7,0,2239,1
2026-09-12T12,60,0,6.8,0,3393,3
2026-09-12T12,60,1,6.5,0,4243,1
2026-09-12T12,60,1,6.7,0,3085,1
2026-09-12T12,60,1,6.8,0,1018,1
2026-09-12T12,60,2,6.4,0,423,1
2026-09-12T12,60,2,6.6,21065,15471,3
2026-09-12T12,60,2,6.7,0,3085,1
2026-09-12T12,60,3,6.9,131361,0,5
2026-09-12T12,60,4,6.8,0,19758,1
2026-09-12T12,60,4,6.9,42913,9974,5
2026-09-12T12,60,5,7.0,0,164840,1
2026-09-12T13,60,0,6.7,0,2981,2
2026-09-12T13,60,0,6.8,1349,11240,4
2026-09-12T13,60,0,6.9,26,0,1
2026-09-12T13,60,1,6.9,0,500,1
2026-09-12T13,60,2,6.9,0,127592,3
2026-09-12T13,60,3,6.9,0,29407,1
2026-09-12T13,60,4,6.9,148518,555,7
2026-09-12T14,60,0,6.8,0,2916,1
2026-09-12T14,60,0,6.9,0,20666,3
2026-09-12T14,60,1,6.9,0,1810,1
2026-09-12T14,60,2,6.8,0,6847,2
2026-09-12T14,60,2,6.9,0,3606,1
2026-09-12T14,60,3,7.0,299904,229508,6
2026-09-12T14,60,4,7.0,8011,64864,3
2026-09-12T14,60,5,7.1,0,90000,1
2026-09-12T14,60,5,7.2,2000,0,1
2026-09-12T14,60,6,7.3,0,10000,1
2026-09-12T15,60,0,6.7,0,805,1
2026-09-12T15,60,0,6.8,1830,1434,3
2026-09-12T15,60,1,6.8,0,3415,1
2026-09-12T15,60,2,6.8,4598,3212,3
2026-09-12T15,60,3,6.9,88819,0,7
2026-09-12T15,60,5,7.2,0,41959,2
2026-09-12T15,60,5,7.3,0,159926,2
2026-09-12T15,60,5,7.4,800,0,1
2026-09-12T15,60,6,7.4,0,17531,1
2026-09-12T15,60,6,7.5,0,25208,2
2026-09-12T16,60,0,6.8,1932,11239,3
2026-09-12T16,60,0,6.9,6774,58366,4
2026-09-12T16,60,2,6.9,0,1137,1
2026-09-12T16,60,3,6.9,7606,3575,2
2026-09-12T16,60,3,7.0,288691,0,7
2026-09-12T16,60,4,7.1,50000,0,1
2026-09-12T16,60,6,7.6,0,45000,1
2026-09-12T17,60,0,6.7,0,10926,1
2026-09-12T17,60,0,6.8,0,24733,3
2026-09-12T17,60,1,6.8,0,1539,1
2026-09-12T17,60,1,6.9,0,18359,1
2026-09-12T17,60,2,6.8,7716,5681,3
2026-09-12T17,60,2,6.9,31240,868,4
2026-09-12T17,60,3,6.9,48450,103709,4
2026-09-12T17,60,3,7.0,219591,0,3
2026-09-12T17,60,4,7.1,120000,0,1
2026-09-12T18,60,0,6.5,0,5411,1
2026-09-12T18,60,0,6.6,7599,0,1
2026-09-12T18,60,0,6.7,0,5000,1
2026-09-12T18,60,1,6.6,0,5640,1
2026-09-12T18,60,2,6.8,14562,0,1
2026-09-12T18,60,2,6.9,0,10998,1
2026-09-12T18,60,3,7.0,110602,48750,8
2026-09-12T18,60,4,7.1,830292,0,1
2026-09-12T18,60,5,7.3,0,127396,1
2026-09-12T19,60,0,6.5,22786,66557,7
2026-09-12T19,60,0,6.6,0,2572,2
2026-09-12T19,60,0,6.9,0,6000,2
2026-09-12T19,60,1,6.7,0,1339,1
2026-09-12T19,60,2,6.6,63961,10039,5
2026-09-12T19,60,2,6.7,636,1364,2
2026-09-12T19,60,2,6.8,6328,39110,3
2026-09-12T19,60,3,6.9,2000,16853,2
2026-09-12T19,60,3,7.0,9533,0,1
2026-09-12T20,60,0,6.5,0,1571,1
2026-09-12T20,60,0,6.8,0,2905,1
2026-09-12T20,60,0,6.9,0,1719,3
2026-09-12T20,60,2,6.9,0,11453,2
2026-09-12T20,60,3,6.9,1714,0,1
2026-09-12T20,60,3,7.0,93683,0,5
2026-09-12T21,60,0,6.7,0,317,1
2026-09-12T21,60,0,6.8,14179,29022,3
2026-09-12T21,60,1,6.9,1728,0,2
2026-09-12T21,60,2,6.9,0,5305,2
2026-09-12T21,60,3,6.9,10702,7017,3
2026-09-12T21,60,3,7.0,18541,0,1
2026-09-12T21,60,4,7.0,0,9937,1
2026-09-12T22,60,0,6.6,0,1160,1
2026-09-12T22,60,1,6.5,0,463,1
2026-09-12T22,60,2,6.6,0,951,1
2026-09-12T22,60,2,6.7,6316,12880,3
2026-09-12T22,60,3,6.8,6548,0,1
2026-09-12T22,60,4,6.8,12032,0,2
2026-09-12T23,60,0,6.5,0,292,1
2026-09-12T23,60,0,6.6,0,750,2
2026-09-12T23,60,0,6.7,954,4945,2
2026-09-12T23,60,1,6.7,0,2050,1
2026-09-12T23,60,2,6.7,0,5000,1
2026-09-12T23,60,3,6.8,27930,0,4
2026-09-12T23,60,4,6.8,0,1387,1
2026-09-12T23,60,4,6.9,2006,0,1
2026-09-13T00,60,0,5.7,0,2574,1
2026-09-13T00,60,1,6.3,0,4382,1
2026-09-13T00,60,2,6.4,8164,4360,2
2026-09-13T00,60,2,6.5,0,810,1
2026-09-13T00,60,3,6.6,100,4324,2
2026-09-13T01,60,1,6.6,0,2359,1
2026-09-13T01,60,2,6.5,15068,0,2
2026-09-13T01,60,3,6.7,9403,0,2
2026-09-13T02,60,0,6.6,5325,3535,3
2026-09-13T02,60,2,6.4,0,1179,1
2026-09-13T02,60,2,6.5,100,2832,2
2026-09-13T02,60,3,6.7,16560,0,3
2026-09-13T02,60,5,7.1,5480,0,1
2026-09-13T03,60,0,6.2,0,3000,1
2026-09-13T03,60,0,6.3,11108,7801,4
2026-09-13T03,60,0,6.4,0,1000,1
2026-09-13T03,60,0,6.5,0,776,1
2026-09-13T03,60,0,6.6,2478,0,1
2026-09-13T03,60,1,6.5,0,2050,1
2026-09-13T03,60,1,6.7,7361,0,1
2026-09-13T03,60,2,6.5,0,198,1
2026-09-13T03,60,2,6.6,0,604,1
2026-09-13T03,60,2,6.7,0,4656,1
2026-09-13T03,60,3,6.7,0,44408,1
2026-09-13T03,60,4,6.8,0,26014,1
2026-09-13T04,60,0,6.6,0,3172,2
2026-09-13T04,60,1,6.7,2979,0,1
2026-09-13T04,60,2,6.6,0,2450,1
2026-09-14T04,60,0,6.7,0,10727,2
2026-09-14T04,60,0,6.9,0,94,1
2026-09-14T04,60,0,7.0,0,2149,3
2026-09-14T04,60,1,6.6,8401,0,1
2026-09-14T04,60,1,6.7,0,39660,1
2026-09-14T04,60,1,6.8,0,1000,1
2026-09-14T04,60,1,6.9,0,597,1
2026-09-14T04,60,2,6.6,0,1929,2
2026-09-14T04,60,2,6.7,4325,0,2
2026-09-14T04,60,2,6.8,0,3028,1
2026-09-14T04,60,2,7.0,0,31048,1
2026-09-14T04,60,3,6.7,1024,20391,2
2026-09-14T04,60,3,6.8,0,93108,1
2026-09-14T04,60,4,6.9,0,72055,1
2026-09-14T04,60,4,7.0,0,300000,1
2026-09-14T04,60,4,7.1,0,40056,1
2026-09-14T04,60,5,7.0,0,21423,1
2026-09-14T04,60,5,7.1,0,36431,1
2026-09-14T04,60,5,7.3,0,97000,1
2026-09-14T04,60,6,7.6,0,100000,1
2026-09-14T04,60,6,7.7,200000,0,1
2026-09-14T04,60,7,7.8,0,50000,1
2026-09-14T05,60,0,6.2,0,2469,1
2026-09-14T05,60,0,6.3,0,5000,1
2026-09-14T05,60,0,6.4,0,324,1
2026-09-14T05,60,0,6.5,0,1219,1
2026-09-14T05,60,0,6.7,0,44018,3
2026-09-14T05,60,0,6.8,215,9967,4
2026-09-14T05,60,1,6.6,1638,3558,2
2026-09-14T05,60,2,6.6,114,161,2
2026-09-14T05,60,2,6.7,0,19751,1
2026-09-14T05,60,3,6.8,0,51600,1
2026-09-14T05,60,3,6.9,0,1810,1
2026-09-14T05,60,4,6.7,0,4238,1
2026-09-14T05,60,4,6.8,0,3469,1
2026-09-14T05,60,4,6.9,44666,1593,3
2026-09-14T05,60,4,7.0,2098,62551,2
2026-09-14T05,60,5,7.1,0,20601,1
2026-09-14T05,60,5,7.2,9679,0,1
2026-09-14T06,60,0,6.4,2214,2482,2
2026-09-14T06,60,0,6.5,0,4480,1
2026-09-14T06,60,0,6.6,676,1252,4
2026-09-14T06,60,0,6.7,0,8087,1
2026-09-14T06,60,0,6.8,38006,0,1
2026-09-14T06,60,1,6.6,2288,0,1
2026-09-14T06,60,2,6.7,22687,0,3
2026-09-14T07,60,0,6.6,0,50,1
2026-09-14T07,60,0,6.7,330,4185,2
2026-09-14T07,60,0,6.8,10849,1918,4
2026-09-14T07,60,1,6.5,0,2000,1
2026-09-14T07,60,1,6.6,0,50030,1
2026-09-14T07,60,2,6.7,0,2313,1
2026-09-14T07,60,2,6.8,0,6613,2
2026-09-14T07,60,2,6.9,22142,0,3
2026-09-14T07,60,3,6.9,0,13698,1
2026-09-14T07,60,5,7.2,1000,0,1
2026-09-14T08,60,0,6.6,0,4039,1
2026-09-14T08,60,0,6.7,59360,39382,6
2026-09-14T08,60,0,6.8,0,10617,1
2026-09-14T08,60,1,6.7,0,175,1
2026-09-14T08,60,2,6.7,43742,3000,2
2026-09-14T08,60,2,6.9,194,494,2
2026-09-14T08,60,3,6.9,0,10000,1
2026-09-14T09,60,0,6.4,0,5461,1
2026-09-14T09,60,0,6.5,0,1785,1
2026-09-14T09,60,0,6.6,3254,0,2
2026-09-14T09,60,1,6.6,21381,12315,2
2026-09-14T09,60,2,6.7,23249,0,3
2026-09-14T10,60,0,6.6,878,7374,6
2026-09-14T10,60,0,6.7,6518,206,2
2026-09-14T10,60,2,6.5,0,256,1
2026-09-14T10,60,2,6.7,11960,69,4
2026-09-14T10,60,3,6.8,102,0,1
2026-09-14T11,60,0,6.6,0,7770,1
2026-09-14T11,60,0,6.7,18244,14460,4
2026-09-14T11,60,0,6.8,6876,1500,3
2026-09-14T11,60,1,6.8,0,3310,1
2026-09-14T11,60,2,6.7,0,1629,1
2026-09-14T11,60,2,6.8,582,16726,3
2026-09-14T11,60,3,6.8,0,9418,1
2026-09-14T11,60,4,6.8,10000,441,2
2026-09-14T11,60,4,6.9,2116,0,2
2026-09-14T12,60,0,6.6,20530,3417,5
2026-09-14T12,60,0,6.7,2954,2628,3
2026-09-14T12,60,0,6.8,38166,43395,5
2026-09-14T12,60,1,6.8,0,3320,1
2026-09-14T12,60,5,6.9,62531,0,3
2026-09-14T13,60,4,6.8,0,6416,1
2026-09-14T13,60,4,6.9,17135,57094,3
2026-09-14T13,60,5,6.9,0,54200,1
2026-09-14T13,60,10,9.0,0,9,1
2026-09-14T13,60,10,10.0,13,0,1
2026-09-14T14,60,0,6.3,0,977,1
2026-09-14T14,60,0,6.4,1000,0,1
2026-09-14T14,60,0,6.5,8400,0,1
2026-09-14T14,60,0,6.6,0,210,1
2026-09-14T14,60,2,6.7,0,28699,1
2026-09-14T14,60,2,6.8,5775,0,2
2026-09-14T15,60,0,6.2,0,811,1
2026-09-14T15,60,0,6.3,0,10,1
2026-09-14T15,60,0,6.4,0,4000,1
2026-09-14T15,60,0,6.5,0,3738,1
2026-09-14T15,60,0,6.6,0,5582,3
2026-09-14T15,60,0,6.7,0,655,1
2026-09-14T15,60,0,6.8,0,4449,2
2026-09-14T15,60,1,6.7,36459,6100,4
2026-09-14T15,60,2,6.6,0,595,1
2026-09-14T15,60,2,6.7,0,6050,1
2026-09-14T15,60,2,6.8,3858,34153,3
2026-09-14T15,60,3,6.8,0,58548,2
2026-09-14T15,60,3,6.9,70186,0,2
2026-09-14T15,60,4,6.9,0,7575,1
2026-09-14T16,60,0,6.7,0,50726,4
2026-09-14T16,60,0,6.8,0,69428,3
2026-09-14T16,60,0,6.9,0,12351,7
2026-09-14T16,60,1,6.9,0,6123,2
2026-09-14T16,60,2,6.8,0,8661,1
2026-09-14T16,60,2,6.9,3649,34456,4
2026-09-14T16,60,3,6.9,0,129589,3
2026-09-14T16,60,4,7.0,46302,0,7
2026-09-14T16,60,5,7.1,0,54841,1
2026-09-14T17,60,0,6.7,0,1708,1
2026-09-14T17,60,0,6.8,8222,7720,4
2026-09-14T17,60,0,6.9,0,4659,2
2026-09-14T17,60,2,6.9,0,15182,2
2026-09-14T17,60,3,6.9,0,101863,1
2026-09-14T17,60,3,7.0,154533,0,6
2026-09-14T17,60,4,7.0,0,22244,1
2026-09-14T18,60,0,6.7,0,222,1
2026-09-14T18,60,0,6.8,0,7133,4
2026-09-14T18,60,0,6.9,5648,45105,3
2026-09-14T18,60,2,6.9,6934,0,2
2026-09-14T18,60,2,7.0,126779,57617,7
2026-09-14T18,60,3,7.0,140078,22912,4
2026-09-14T18,60,5,7.1,3600,0,1
2026-09-14T19,60,0,6.7,0,73,1
2026-09-14T19,60,0,6.8,0,1510,2
2026-09-14T19,60,0,6.9,0,30005,6
2026-09-14T19,60,1,7.0,19926,6721,5
2026-09-14T19,60,2,6.8,0,858,1
2026-09-14T19,60,2,6.9,0,4810,2
2026-09-14T19,60,2,7.0,63432,9789,4
2026-09-14T19,60,3,7.0,29039,0,3
2026-09-14T19,60,4,7.0,0,6518,1
2026-09-14T20,60,0,6.6,0,3425,2
2026-09-14T20,60,0,6.7,0,21412,3
2026-09-14T20,60,0,6.8,0,4339,3
2026-09-14T20,60,0,6.9,24763,6324,3
2026-09-14T20,60,1,6.8,0,2492,2
2026-09-14T20,60,2,6.7,0,9696,1
2026-09-14T20,60,2,6.8,0,3952,1
2026-09-14T20,60,2,6.9,27657,11619,2
2026-09-14T20,60,3,6.9,0,80813,3
2026-09-14T20,60,3,7.0,14331,0,2
2026-09-14T20,60,5,7.1,51000,0,2
2026-09-14T21,60,0,6.8,0,3096,2
2026-09-14T21,60,0,6.9,0,29207,3
2026-09-14T21,60,1,6.9,0,7830,1
2026-09-14T21,60,2,6.9,16580,7465,2
2026-09-14T21,60,4,7.0,157137,12054,4
2026-09-14T21,60,5,7.1,7946,0,1
2026-09-14T22,60,0,6.7,0,80,1
2026-09-14T22,60,0,6.8,0,162,2
2026-09-14T22,60,0,6.9,40432,25250,4
2026-09-14T22,60,2,6.9,1660,7245,2
2026-09-14T22,60,4,7.0,207495,0,2
2026-09-14T23,60,0,6.7,3204,0,1
2026-09-14T23,60,0,6.9,9000,0,1
2026-09-14T23,60,1,6.9,678,0,1
2026-09-14T23,60,2,6.9,0,4322,1
2026-09-14T23,60,3,6.9,3564,19330,2
2026-09-14T23,60,5,7.0,12000,0,2
2026-09-15T00,60,0,6.6,0,1200,1
2026-09-15T00,60,0,6.7,0,3257,1
2026-09-15T00,60,0,6.8,0,1000,1
2026-09-15T00,60,1,6.7,22685,4532,5
2026-09-15T00,60,1,6.8,0,1077,1
2026-09-15T00,60,2,6.8,0,27167,1
2026-09-15T00,60,5,6.9,37332,866,3
2026-09-15T00,60,5,7.0,2604,0,1
2026-09-15T01,60,0,5.6,2580,5241,2
2026-09-15T01,60,0,5.7,0,350,1
2026-09-15T01,60,0,6.0,0,300,1
2026-09-15T01,60,0,6.4,0,2072,3
2026-09-15T01,60,0,6.5,0,100,1
2026-09-15T01,60,0,6.9,0,3734,2
2026-09-15T01,60,1,6.4,0,7160,1
2026-09-15T01,60,1,6.9,0,1822,1
2026-09-15T01,60,4,6.5,157618,28618,7
2026-09-15T01,60,5,7.0,568,0,1
2026-09-15T02,60,0,6.4,0,6000,1
2026-09-15T02,60,0,6.7,0,701,1
2026-09-15T02,60,0,6.8,956,4319,2
2026-09-15T02,60,2,6.4,0,283,1
2026-09-15T02,60,2,6.8,0,4325,1
2026-09-15T02,60,4,6.5,0,800,1
2026-09-15T02,60,4,6.9,20376,0,2
2026-09-15T02,60,5,7.0,3000,0,1
2026-09-15T03,60,0,6.2,0,3000,2
2026-09-15T03,60,0,6.3,0,3902,1
2026-09-15T03,60,0,6.4,2012,0,1
2026-09-15T03,60,0,6.7,0,173,1
2026-09-15T03,60,0,6.8,0,6100,1
2026-09-15T03,60,4,6.9,2127,0,1
2026-09-15T03,60,5,7.0,7000,0,1
2026-09-15T04,60,0,4.7,0,1685,1
2026-09-15T04,60,0,6.3,9023,1592,4
2026-09-15T04,60,0,6.4,0,8279,2
2026-09-15T04,60,0,6.5,0,18914,1
2026-09-15T04,60,0,6.6,0,19451,1
2026-09-15T04,60,0,6.7,0,1656,2
2026-09-15T04,60,2,6.7,0,37858,2
2026-09-15T04,60,3,6.8,17441,0,4
2026-09-15T04,60,5,6.8,0,37490,1
2026-09-15T04,60,7,7.8,0,100000,1
2026-09-15T05,60,0,6.2,0,10887,1
2026-09-15T05,60,0,6.3,0,9494,1
2026-09-15T05,60,0,6.4,500,5167,3
2026-09-15T05,60,0,6.5,0,856,1
2026-09-15T05,60,0,6.6,659,0,1
2026-09-15T05,60,2,6.5,6573,0,2
2026-09-15T05,60,2,6.6,4096,0,1
2026-09-15T05,60,4,6.8,7900,0,1
2026-09-15T06,60,0,6.3,0,747,1
2026-09-15T06,60,0,6.4,9901,0,2
2026-09-15T06,60,2,6.5,0,2889,1
2026-09-15T06,60,2,6.6,0,42189,1
2026-09-15T11,60,0,6.4,0,14441,1
2026-09-15T11,60,0,6.5,0,6294,2
2026-09-15T11,60,0,6.6,0,22244,2
2026-09-15T11,60,0,6.7,1762,0,1
2026-09-15T11,60,1,6.7,0,9012,2
2026-09-15T11,60,2,6.5,0,4000,1
2026-09-15T11,60,2,6.6,0,2000,1
2026-09-15T11,60,2,6.8,0,31452,1
2026-09-15T11,60,3,6.6,0,25000,1
2026-09-15T11,60,3,6.7,0,102185,1
2026-09-15T11,60,3,6.8,0,557,1
2026-09-15T11,60,4,6.8,0,12349,1
2026-09-15T11,60,4,6.9,2000,16035,2
2026-09-15T11,60,5,7.0,85223,0,1
2026-09-15T12,60,0,6.5,1000,2699,2
2026-09-15T12,60,0,6.6,0,200,1
2026-09-15T12,60,0,6.7,0,7521,2
2026-09-15T12,60,1,6.4,0,5420,1
2026-09-15T12,60,1,6.7,0,3545,1
2026-09-15T12,60,1,6.8,7222,0,2
2026-09-15T12,60,2,6.7,32797,10683,4
2026-09-15T12,60,2,6.8,4996,1962,3
2026-09-15T12,60,4,6.9,3000,0,1
2026-09-15T13,60,0,6.2,0,4169,1
2026-09-15T13,60,0,6.3,0,4016,1
2026-09-15T13,60,0,6.6,0,2809,2
2026-09-15T13,60,0,6.7,4413,971,3
2026-09-15T13,60,1,6.4,2995,3005,2
2026-09-15T13,60,2,6.7,0,3001,2
2026-09-15T13,60,2,6.8,213713,830,5
2026-09-15T13,60,4,6.7,0,33533,1
2026-09-15T13,60,4,6.8,25185,15769,3
2026-09-15T14,60,0,6.4,1197,68,2
2026-09-15T14,60,0,6.5,1572,11342,4
2026-09-15T14,60,0,6.6,0,685,1
2026-09-15T14,60,0,6.7,0,1159,2
2026-09-15T14,60,2,6.7,0,19,1
2026-09-15T14,60,2,6.8,8640,1237,5
2026-09-15T14,60,4,6.8,0,3789,1
2026-09-15T14,60,4,6.9,1917,0,1
2026-09-15T15,60,0,6.6,0,3030,2
2026-09-15T15,60,0,6.7,9410,40083,5
2026-09-15T15,60,0,6.8,82455,67854,11
2026-09-15T15,60,1,6.8,0,442,1
2026-09-15T15,60,2,6.8,0,317,1
2026-09-15T15,60,4,6.9,9022,0,3
2026-09-15T16,60,0,6.5,0,714,1
2026-09-15T16,60,0,6.6,0,82,1
2026-09-15T16,60,0,6.7,0,340,1
2026-09-15T16,60,1,6.7,5111,144,2
2026-09-15T16,60,2,6.7,0,409,1
2026-09-15T16,60,3,6.7,0,1664,1
2026-09-15T16,60,3,6.8,36891,0,6
2026-09-15T17,60,0,5.3,0,566,1
2026-09-15T17,60,0,6.7,4280,292,2
2026-09-15T17,60,0,6.8,97,98018,3
2026-09-15T17,60,2,6.7,0,15703,3
2026-09-15T17,60,2,6.8,1421,562,3
2026-09-15T17,60,3,6.8,0,4027,1
2026-09-15T17,60,4,6.9,31384,12801,3
2026-09-15T17,60,5,6.9,29748,68337,3
2026-09-15T17,60,6,7.0,9000,0,1
2026-09-15T17,60,10,10.0,1,0,1
2026-09-15T18,60,0,6.5,0,189,1
2026-09-15T18,60,0,6.6,0,9008,1
2026-09-15T18,60,0,6.7,5212,6536,7
2026-09-15T18,60,0,6.8,41171,12734,5
2026-09-15T18,60,1,6.8,0,15670,1
2026-09-15T18,60,2,6.5,0,504,1
2026-09-15T18,60,2,6.8,0,12438,1
2026-09-15T18,60,3,6.6,0,25861,1
2026-09-15T18,60,3,6.7,0,12644,1
2026-09-15T18,60,4,6.8,47796,0,2
2026-09-15T18,60,4,6.9,29254,4211,2
2026-09-15T19,60,0,6.3,200,3734,3
2026-09-15T19,60,0,6.4,0,5776,1
2026-09-15T19,60,0,6.5,3341,935,4
2026-09-15T19,60,0,6.6,0,2747,1
2026-09-15T19,60,1,6.4,5828,2172,3
2026-09-15T19,60,2,6.4,7623,2048,2
2026-09-15T19,60,2,6.5,0,248,1
2026-09-15T19,60,2,6.6,0,1000,1
2026-09-15T19,60,3,6.7,43980,0,2
2026-09-15T19,60,4,6.7,0,13299,1
2026-09-15T19,60,4,6.8,0,250519,1
2026-09-15T19,60,5,7.0,13000,0,1
2026-09-15T19,60,6,7.0,0,11000,1
2026-09-15T20,60,0,6.2,0,700,1
2026-09-15T20,60,0,6.3,16516,0,2
2026-09-15T20,60,0,6.4,924,283,2
2026-09-15T20,60,0,6.5,0,527,1
2026-09-15T20,60,0,6.6,0,11562,2
2026-09-15T20,60,1,6.6,0,700,1
2026-09-15T20,60,3,6.7,29478,0,2
2026-09-15T21,60,0,6.2,796,6226,5
2026-09-15T21,60,0,6.3,9391,1782,5
2026-09-15T21,60,0,6.4,7090,0,3
2026-09-15T21,60,4,6.7,523,0,1
2026-09-15T22,60,0,6.1,0,2008,1
2026-09-15T22,60,0,6.2,0,1173,1
2026-09-15T22,60,0,6.3,39809,24693,4
2026-09-15T22,60,0,6.4,8262,0,5
2026-09-16T04,60,0,6.4,0,82486,2
2026-09-16T04,60,0,6.5,0,2237,2
2026-09-16T04,60,0,6.6,0,223,1
2026-09-16T04,60,2,6.6,0,38661,3
2026-09-16T04,60,2,6.7,0,10437,2
2026-09-16T04,60,3,6.7,0,9023,1
2026-09-16T04,60,3,6.8,28003,0,1
2026-09-16T04,60,4,6.6,1332,0,1
2026-09-16T04,60,4,6.7,0,4477,1
2026-09-16T04,60,4,6.8,0,24646,1
2026-09-16T04,60,5,6.9,0,300000,1
2026-09-16T04,60,8,8.2,22,0,1
2026-09-16T05,60,0,6.4,0,58,1
2026-09-16T05,60,0,6.5,39942,127,2
2026-09-16T05,60,0,6.6,4109,6017,2
2026-09-16T05,60,2,6.5,0,2196,2
2026-09-16T05,60,2,6.6,0,11086,2
2026-09-16T05,60,2,6.7,12250,24268,3
2026-09-16T05,60,3,6.5,7971,61198,2
2026-09-16T05,60,3,6.7,0,72332,1
2026-09-16T05,60,4,6.6,0,2161,1
2026-09-16T05,60,4,6.7,17505,18733,2
2026-09-16T05,60,4,6.8,0,41254,1
2026-09-16T06,60,0,6.4,520,6975,4
2026-09-16T06,60,0,6.5,0,13843,3
2026-09-16T06,60,0,6.6,2876,5831,3
2026-09-16T06,60,1,6.5,5535,4667,3
2026-09-16T06,60,2,6.6,1895,0,1
2026-09-16T06,60,2,6.7,3317,0,1
2026-09-16T06,60,4,6.9,16000,0,1
2026-09-16T06,60,5,7.0,1,0,1
2026-09-16T07,60,0,6.5,36091,0,4
2026-09-16T07,60,0,6.6,4394,0,1
2026-09-16T07,60,2,6.6,0,6766,1
2026-09-16T08,60,0,6.3,0,474,1
2026-09-16T08,60,0,6.4,0,903,2
2026-09-16T08,60,0,6.5,0,11558,2
2026-09-16T08,60,0,6.6,2004,0,2
2026-09-16T08,60,2,6.6,0,14628,2
2026-09-16T08,60,5,7.0,24300,0,1
2026-09-16T09,60,0,6.4,6382,0,2
2026-09-16T09,60,2,6.5,0,379,1
2026-09-16T10,60,0,6.1,0,707,2
2026-09-16T10,60,0,6.2,0,185,2
2026-09-16T10,60,0,6.3,465,2738,4
2026-09-16T10,60,0,6.4,13529,4538,2
2026-09-16T10,60,2,6.2,0,7293,1
2026-09-16T10,60,2,6.3,0,1000,1
2026-09-16T10,60,2,6.4,0,787,1
2026-09-16T11,60,0,6.3,0,910,1
2026-09-16T11,60,0,6.4,0,1133,1
2026-09-16T11,60,0,6.5,2043,10668,5
2026-09-16T11,60,2,6.5,0,10169,1
2026-09-16T11,60,2,6.6,8541,7455,5
2026-09-16T11,60,5,6.7,11700,0,2
2026-09-16T12,60,0,6.1,0,28901,2
2026-09-16T12,60,0,6.2,0,388,1
2026-09-16T12,60,0,6.3,0,270,1
2026-09-16T12,60,0,6.4,0,4167,1
2026-09-16T12,60,1,6.5,2540,5311,3
2026-09-16T12,60,2,6.2,0,7665,1
2026-09-16T12,60,2,6.3,1000,10078,2
2026-09-16T12,60,2,6.4,0,9757,2
2026-09-16T12,60,2,6.5,6454,4594,2
2026-09-16T12,60,2,6.6,0,8910,2
2026-09-16T12,60,3,6.7,1779,0,1
2026-09-16T12,60,4,6.6,3193,79999,2
2026-09-16T12,60,5,6.7,3072,39236,3
2026-09-16T13,60,0,6.5,0,3004,3
2026-09-16T13,60,0,6.6,15318,29989,9
2026-09-16T13,60,1,6.6,0,7510,1
2026-09-16T13,60,1,6.7,514,0,1
2026-09-16T13,60,2,6.7,27988,21454,3
2026-09-16T13,60,3,6.6,0,30000,1
2026-09-16T13,60,3,6.7,0,23719,1
2026-09-16T13,60,4,6.8,17005,0,1
2026-09-16T14,60,0,6.5,0,2000,1
2026-09-16T14,60,0,6.6,26472,22688,8
2026-09-16T14,60,0,6.7,3664,15987,8
2026-09-16T14,60,0,6.8,5250,0,1
2026-09-16T14,60,1,6.7,0,3986,2
2026-09-16T14,60,1,6.8,0,10000,1
2026-09-16T14,60,2,6.7,0,2000,1
2026-09-16T14,60,2,6.8,21574,9345,3
2026-09-16T14,60,3,6.8,89940,17127,5
2026-09-16T14,60,4,6.8,0,4851,1
2026-09-16T14,60,4,6.9,43371,54746,2
2026-09-16T15,60,0,6.3,0,11218,1
2026-09-16T15,60,0,6.4,0,20,1
2026-09-16T15,60,0,6.5,0,587,1
2026-09-16T15,60,0,6.6,0,100,1
2026-09-16T15,60,0,6.7,474,5994,4
2026-09-16T15,60,0,6.8,55743,6449,2
2026-09-16T15,60,1,6.6,0,3500,1
2026-09-16T15,60,2,6.6,0,1000,1
2026-09-16T15,60,2,6.7,0,8645,1
2026-09-16T15,60,2,6.8,22639,9301,3
2026-09-16T15,60,4,6.8,0,5291,1
2026-09-16T15,60,4,6.9,0,37927,2
2026-09-16T15,60,5,7.0,2000,0,1
2026-09-16T16,60,0,6.7,0,870,1
2026-09-16T16,60,0,6.8,0,8000,1
2026-09-16T16,60,2,6.7,0,51679,1
2026-09-16T16,60,2,6.9,29179,0,2
2026-09-16T16,60,3,6.8,39755,0,2
2026-09-16T16,60,3,6.9,6262,1578190,5
2026-09-16T16,60,5,7.0,14206,728606,6
2026-09-16T17,60,0,6.4,0,701,1
2026-09-16T17,60,0,6.5,0,10,1
2026-09-16T17,60,0,6.7,0,1590,3
2026-09-16T17,60,1,6.8,0,3500,1
2026-09-16T17,60,2,6.9,13971,0,2
2026-09-16T17,60,3,6.8,33527,373524,5
2026-09-16T17,60,3,6.9,0,5426,1
2026-09-16T18,60,0,6.5,0,2188,1
2026-09-16T18,60,0,6.6,0,10004,1
2026-09-16T18,60,0,6.7,0,1559,1
2026-09-16T18,60,0,6.8,1725,0,1
2026-09-16T18,60,1,6.7,0,18016,1
2026-09-16T18,60,1,6.8,0,1000,1
2026-09-16T18,60,3,6.8,0,72683,1
2026-09-16T18,60,3,6.9,0,40019,1
2026-09-16T18,60,5,6.9,0,40000,1
2026-09-16T19,60,0,6.2,0,590,1
2026-09-16T19,60,0,6.3,0,640,2
2026-09-16T19,60,0,6.4,0,2273,1
2026-09-16T19,60,1,6.5,0,2000,1
2026-09-16T19,60,2,6.5,0,3733,1
2026-09-16T21,60,1,6.5,0,75000,1
2026-09-16T21,60,2,6.6,0,2500,1
2026-09-16T21,60,5,7.0,21747,39253,2
2026-09-16T22,60,0,6.0,0,7052,1
2026-09-16T22,60,0,6.1,0,1063,1
2026-09-16T22,60,0,6.2,0,215,1
2026-09-16T22,60,0,6.3,0,2939,1
2026-09-17T04,60,0,5.8,0,939,1
2026-09-17T04,60,0,5.9,0,654,1
2026-09-17T04,60,0,6.0,0,2473,1
2026-09-17T04,60,0,6.1,0,5000,1
2026-09-17T04,60,0,6.2,0,9619,1
2026-09-17T04,60,0,6.3,0,4309,1
2026-09-17T04,60,0,6.4,0,62553,3
2026-09-17T04,60,2,6.3,0,66014,1
2026-09-17T04,60,2,6.4,0,1156,1
2026-09-17T04,60,2,6.5,300,0,1
2026-09-17T04,60,5,7.0,0,117242,1
2026-09-17T04,60,5,7.1,0,136378,1
2026-09-17T05,60,0,5.6,0,694,1
2026-09-17T05,60,0,5.7,1606,0,1
2026-09-17T05,60,0,6.1,0,316,1
2026-09-17T05,60,5,6.9,25507,0,2
2026-09-17T06,60,0,5.5,0,179,1
2026-09-17T06,60,0,5.6,0,1,1
2026-09-17T06,60,0,5.7,3331,68213,6
2026-09-17T06,60,0,5.8,800,0,1
2026-09-17T06,60,2,6.4,0,10000,1
2026-09-17T06,60,5,6.9,0,7902,1
2026-09-17T07,60,0,5.8,649,0,2
2026-09-17T07,60,4,6.6,41538,0,1
2026-09-17T07,60,5,7.0,10000,0,1
2026-09-17T08,60,0,5.8,0,4300,1
2026-09-17T08,60,0,5.9,0,1107,2
2026-09-17T08,60,0,6.0,0,10713,5
2026-09-17T08,60,0,6.1,0,2400,1
2026-09-17T08,60,1,6.0,0,4228,1
2026-09-17T08,60,1,6.1,0,23871,1
2026-09-17T08,60,2,6.2,5799,9201,4
2026-09-17T08,60,7,7.8,1000,0,2
2026-09-17T09,60,0,5.8,0,39149,2
2026-09-17T09,60,0,5.9,0,1712,2
2026-09-17T09,60,0,6.0,0,1411,3
2026-09-17T09,60,0,6.1,0,3660,1
2026-09-17T09,60,0,6.2,0,7953,4
2026-09-17T09,60,0,6.3,0,103,1
2026-09-17T09,60,0,6.4,0,9728,2
2026-09-17T09,60,0,6.5,214,608,3
2026-09-17T09,60,0,6.6,0,63071,4
2026-09-17T09,60,0,6.7,0,30979,3
2026-09-17T09,60,0,6.8,0,31000,2
2026-09-17T09,60,0,6.9,0,9285,3
2026-09-17T09,60,1,6.1,0,5053,2
2026-09-17T09,60,1,6.2,0,5300,1
2026-09-17T09,60,1,6.3,0,6517,1
2026-09-17T09,60,1,6.5,0,1500,1
2026-09-17T09,60,1,6.6,0,14637,1
2026-09-17T09,60,1,6.9,0,42500,1
2026-09-17T09,60,2,6.3,0,19270,1
2026-09-17T09,60,2,6.4,0,17258,1
2026-09-17T09,60,2,6.5,0,45939,2
2026-09-17T09,60,2,6.6,0,15473,2
2026-09-17T09,60,2,6.7,0,72567,3
2026-09-17T09,60,2,6.8,0,10737,1
2026-09-17T09,60,2,6.9,0,150224,2
2026-09-17T09,60,3,6.4,0,10000,1
2026-09-17T09,60,3,6.5,0,20000,1
2026-09-17T09,60,3,6.6,24172,65828,2
2026-09-17T09,60,3,6.7,0,137061,3
2026-09-17T09,60,3,6.8,0,107813,2
2026-09-17T09,60,3,6.9,0,530000,2
2026-09-17T09,60,4,6.6,0,34219,1
2026-09-17T09,60,4,6.7,0,8476,1
2026-09-17T09,60,4,6.8,0,149271,1
2026-09-17T09,60,4,6.9,0,274487,2
2026-09-17T09,60,4,7.0,0,826779,1
2026-09-17T09,60,5,6.9,0,19786,1
2026-09-17T09,60,5,7.0,0,247516,3
2026-09-17T10,60,0,6.8,0,1770,1
2026-09-17T10,60,4,6.9,1586,0,2
2026-09-17T11,60,0,6.0,0,3000,1
2026-09-17T11,60,0,6.3,0,3892,1
2026-09-17T11,60,0,6.4,0,745,1
2026-09-17T11,60,0,6.5,0,8558,2
2026-09-17T11,60,0,6.6,0,500,1
2026-09-17T11,60,2,6.7,0,7700,2
2026-09-17T11,60,2,6.8,0,10660,1
2026-09-17T11,60,4,6.9,1277,21034,3
2026-09-17T11,60,7,7.8,22,0,1
2026-09-17T11,60,8,8.0,22,0,1
2026-09-17T11,60,10,9.9,22,0,1
2026-09-17T12,60,0,6.0,0,3586,1
2026-09-17T12,60,0,6.1,0,18085,1
2026-09-17T12,60,0,6.2,0,2029,1
2026-09-17T12,60,0,6.3,1299,285,2
2026-09-17T12,60,0,6.4,0,4529,1
2026-09-17T12,60,1,6.5,1486,0,1
2026-09-17T12,60,3,6.8,1988,0,1
2026-09-17T13,60,0,6.3,0,3652,1
2026-09-17T13,60,0,6.4,2348,0,1
2026-09-17T13,60,10,9.9,0,68,1
2026-09-17T14,60,0,6.0,0,18038,2
2026-09-17T14,60,1,6.1,3812,16260,2
2026-09-17T14,60,1,6.2,0,3000,1
2026-09-17T14,60,2,6.3,0,10869,1
2026-09-17T14,60,4,6.7,6500,0,1
2026-09-17T15,60,0,6.1,0,1908,2
2026-09-17T15,60,0,6.2,0,4058,3
2026-09-17T15,60,0,6.3,791,3384,5
2026-09-17T15,60,0,6.4,0,15979,4
2026-09-17T15,60,0,6.5,18322,24532,5
2026-09-17T15,60,1,6.3,0,11498,1
2026-09-17T15,60,1,6.5,0,6117,2
2026-09-17T15,60,1,6.6,0,1000,1
2026-09-17T15,60,2,6.4,0,3253,1
2026-09-17T15,60,2,6.5,0,1604,1
2026-09-17T15,60,2,6.6,0,3000,1
2026-09-17T15,60,3,6.6,0,10000,1
2026-09-17T15,60,4,6.7,13200,70505,3
2026-09-17T15,60,5,7.0,554,0,1
2026-09-17T16,60,0,6.2,0,30,1
2026-09-17T16,60,0,6.3,0,50,1
2026-09-17T16,60,0,6.4,0,195,1
2026-09-17T16,60,0,6.5,5528,197,2
2026-09-17T17,60,0,5.3,0,12,1
2026-09-17T17,60,0,5.4,588,4412,2
2026-09-17T17,60,0,5.5,0,2131,1
2026-09-17T17,60,0,6.0,0,665,1
2026-09-17T17,60,0,6.1,17,0,1
2026-09-17T17,60,0,6.3,410,0,1
2026-09-17T17,60,2,6.5,1500,0,1
2026-09-17T18,60,0,5.5,0,588,1
2026-09-17T18,60,0,5.6,0,2215,3
2026-09-17T18,60,0,5.7,0,18368,2
2026-09-17T18,60,0,5.8,0,11401,2
2026-09-17T18,60,0,5.9,0,20295,2
2026-09-17T18,60,0,6.0,0,3120,2
2026-09-17T18,60,0,6.1,0,420,1
2026-09-17T18,60,0,6.3,0,2410,1
2026-09-17T18,60,0,6.4,0,261,1
2026-09-17T18,60,0,6.5,0,3422,3
2026-09-17T18,60,2,6.5,0,22500,1
2026-09-17T18,60,3,6.6,40036,0,3
2026-09-17T18,60,5,6.9,0,27549,1
2026-09-17T18,60,5,7.0,0,104982,1
2026-09-17T19,60,3,6.5,2500,0,1
2026-09-17T19,60,3,6.6,0,5823,1
2026-09-17T19,60,5,7.0,100,0,1
2026-09-17T20,60,0,5.7,0,710,3
2026-09-17T20,60,0,5.8,886,0,2
2026-09-17T21,60,0,5.7,0,1001,1
2026-09-17T21,60,0,5.8,0,4455,2
2026-09-17T21,60,8,7.9,88000,0,1
2026-09-17T22,60,0,5.0,0,999,1
2026-09-17T22,60,0,5.7,0,10255,1
2026-09-17T22,60,0,5.8,0,5730,1
2026-09-17T22,60,0,5.9,0,802,1
2026-09-17T22,60,0,6.0,0,3323,2
2026-09-17T22,60,0,6.1,1487,192,3
2026-09-17T22,60,0,6.2,0,1474,1
2026-09-17T22,60,3,6.5,40000,0,1
2026-09-17T22,60,4,6.7,0,16382,1
2026-09-17T22,60,4,6.8,71,13547,3
2026-09-17T23,60,0,5.9,0,1619,1
2026-09-17T23,60,0,6.0,4000,145,3
2026-09-17T23,60,0,6.1,0,3773,1
2026-09-17T23,60,0,6.2,0,8297,2
2026-09-17T23,60,0,6.3,20553,0,1
2026-09-17T23,60,2,6.2,0,1000,1
2026-09-17T23,60,2,6.3,0,1763,1
2026-09-17T23,60,2,6.4,2294,1662,2
2026-09-18T00,60,0,5.8,0,5,1
2026-09-18T00,60,2,6.3,0,31426,1
2026-09-18T00,60,3,6.5,0,33319,1
2026-09-18T00,60,5,6.9,0,21995,1
2026-09-18T01,60,0,5.4,0,1606,1
2026-09-18T01,60,0,5.5,0,1173,2
2026-09-18T01,60,0,5.7,0,1047,2
2026-09-18T01,60,0,5.8,0,500,1
2026-09-18T01,60,0,5.9,0,18432,1
2026-09-18T01,60,0,6.0,0,1000,1
2026-09-18T01,60,0,6.1,0,783,2
2026-09-18T01,60,0,6.2,7565,0,2
2026-09-18T02,60,0,6.2,154,26035,6
2026-09-18T02,60,0,6.3,0,11225,2
2026-09-18T02,60,1,6.3,0,3000,1
2026-09-18T02,60,2,6.2,0,9354,2
2026-09-18T02,60,2,6.3,19739,57597,5
2026-09-18T02,60,2,6.4,20068,0,1
2026-09-18T03,60,0,6.0,0,4103,3
2026-09-18T03,60,0,6.1,4811,0,1
2026-09-18T03,60,4,6.7,87560,8212,4
2026-09-18T04,60,0,5.9,7985,0,4
2026-09-18T04,60,0,6.1,100,0,1
2026-09-18T04,60,2,6.2,100,0,1
2026-09-18T04,60,4,6.5,77477,0,2
2026-09-18T05,60,0,5.4,5700,23894,3
2026-09-18T05,60,0,5.6,575,25,2
2026-09-18T05,60,5,6.8,8500,0,1
2026-09-18T06,60,0,5.2,1144,2856,2
2026-09-18T06,60,0,5.3,0,307,1
2026-09-18T06,60,0,5.4,0,12886,1
2026-09-18T06,60,0,5.5,0,214,1
2026-09-18T06,60,0,5.6,0,1230,1
2026-09-18T06,60,0,5.7,0,253,1
2026-09-18T06,60,0,5.8,0,1613,2
2026-09-18T06,60,0,5.9,3765,56286,5
2026-09-18T06,60,1,5.9,0,2520,1
2026-09-18T06,60,4,6.4,0,21279,1
2026-09-18T06,60,6,7.5,1000,0,1
2026-09-18T07,60,1,5.8,2000,0,1
2026-09-18T07,60,3,6.1,6000,0,1
2026-09-18T07,60,4,6.5,0,102295,1
2026-09-18T07,60,5,6.8,0,95823,1
2026-09-18T08,60,0,5.3,0,1560,1
2026-09-18T08,60,1,5.8,0,16931,1
2026-09-18T08,60,2,5.9,0,22417,1
2026-09-18T08,60,2,6.0,0,24637,4
2026-09-18T08,60,2,6.1,0,30000,1
2026-09-18T08,60,3,6.1,0,1395,1
2026-09-18T08,60,3,6.2,0,30000,1
2026-09-18T09,60,0,5.4,0,57,1
2026-09-18T09,60,0,5.5,0,414,2
2026-09-18T09,60,0,5.6,0,5909,1
2026-09-18T09,60,0,5.7,0,40469,3
2026-09-18T09,60,0,5.8,0,3000,1
2026-09-18T09,60,0,5.9,0,12216,3
2026-09-18T09,60,0,6.0,1,0,1
2026-09-18T10,60,0,5.7,0,982,1
2026-09-18T10,60,0,5.8,0,16,1
2026-09-18T10,60,0,5.9,0,24703,1
2026-09-18T10,60,0,6.0,0,112744,8
2026-09-18T10,60,0,6.1,0,1700,1
2026-09-18T10,60,0,6.3,0,601,1
2026-09-18T10,60,1,6.3,40,0,1
2026-09-18T10,60,2,6.0,0,4985,1
2026-09-18T10,60,2,6.1,0,3446,1
2026-09-18T10,60,2,6.2,0,264,1
2026-09-18T10,60,2,6.3,0,21464,3
2026-09-18T10,60,2,6.4,103,32964,2
2026-09-18T10,60,3,6.3,0,22402,1
2026-09-18T10,60,3,6.4,0,38935,2
2026-09-18T10,60,3,6.6,0,7548,1
2026-09-18T10,60,3,6.7,0,3290,1
2026-09-18T10,60,3,6.8,0,119570,3
2026-09-18T10,60,4,6.8,0,21300,1
2026-09-18T10,60,4,6.9,0,3677,1
2026-09-18T11,60,0,5.9,200,1292,2
2026-09-18T11,60,0,6.0,0,1376,2
2026-09-18T11,60,0,6.1,0,308,2
2026-09-18T11,60,0,6.2,2468,3446,3
2026-09-18T11,60,2,6.3,500,0,1
2026-09-18T12,60,0,5.7,0,1951,1
2026-09-18T12,60,0,5.8,0,2632,3
2026-09-18T13,60,0,5.4,0,317,1
2026-09-18T13,60,0,5.5,2526,1474,3
2026-09-18T13,60,0,5.6,0,250,1
2026-09-18T13,60,0,5.7,0,2015,1
2026-09-18T13,60,0,5.8,0,56,1
2026-09-18T13,60,0,5.9,4431,0,1
2026-09-18T14,60,0,5.3,0,230,2
2026-09-18T14,60,0,5.4,2520,3911,2
2026-09-18T14,60,0,5.5,2604,20103,4
2026-09-18T14,60,0,5.6,240,0,1
2026-09-18T14,60,2,6.1,0,8287,1
2026-09-18T14,60,2,6.2,1500,0,1
2026-09-18T15,60,0,5.3,0,74,1
2026-09-18T15,60,0,5.4,0,237,1
2026-09-18T15,60,0,5.5,0,519,1
2026-09-18T15,60,0,5.6,0,812,1
2026-09-18T15,60,0,5.7,0,11571,4
2026-09-18T15,60,0,5.8,0,3607,2
2026-09-18T15,60,0,5.9,17460,34600,5
2026-09-18T15,60,0,6.0,10053,5491,3
2026-09-18T15,60,1,6.0,0,8750,1
2026-09-18T15,60,1,6.1,41920,75230,2
2026-09-18T15,60,2,6.1,0,518,1
2026-09-18T15,60,2,6.2,0,26162,1
2026-09-18T15,60,4,6.6,3000,0,1
2026-09-18T16,60,0,6.0,0,19618,2
2026-09-18T16,60,0,6.1,0,8105,4
2026-09-18T16,60,0,6.2,0,167294,3
2026-09-18T16,60,0,6.3,0,12084,2
2026-09-18T16,60,0,6.4,0,71630,6
2026-09-18T16,60,0,6.5,100,8918,2
2026-09-18T16,60,1,6.2,0,915,1
2026-09-18T16,60,1,6.3,0,2573,1
2026-09-18T16,60,1,6.4,0,6407,2
2026-09-18T16,60,2,6.3,0,134787,2
2026-09-18T16,60,2,6.4,0,53733,2
2026-09-18T16,60,2,6.5,0,51849,3
2026-09-18T16,60,2,6.6,1100,2000,2
2026-09-18T16,60,4,6.5,0,43810,1
2026-09-18T16,60,4,6.6,0,6368,1
2026-09-18T16,60,4,6.7,0,237168,2
2026-09-18T16,60,7,7.8,250,0,1
2026-09-18T17,60,0,6.4,0,196,1
2026-09-18T17,60,0,6.5,0,526,2
2026-09-18T17,60,2,6.5,1304,0,1
2026-09-18T17,60,2,6.6,374,0,1
2026-09-18T18,60,0,5.5,0,118,1
2026-09-18T18,60,0,5.6,82,775,2
2026-09-18T18,60,0,5.7,0,10000,1
2026-09-18T18,60,0,5.8,0,3366,3
2026-09-18T18,60,0,5.9,0,284,1
2026-09-18T18,60,0,6.0,0,3905,2
2026-09-18T18,60,0,6.1,0,1109,1
2026-09-18T18,60,0,6.2,0,1834,1
2026-09-18T18,60,0,6.3,0,2195,1
2026-09-18T18,60,0,6.4,0,625,1
2026-09-18T18,60,1,6.3,0,5000,1
2026-09-18T18,60,1,6.4,0,6900,1
2026-09-18T18,60,2,6.5,24007,0,1
2026-09-18T18,60,4,6.8,0,70552,1
2026-09-18T19,60,0,6.0,0,1845,1
2026-09-18T19,60,0,6.1,0,2325,2
2026-09-18T19,60,0,6.2,4469,3206,2
2026-09-18T19,60,5,6.9,19493,0,2
2026-09-18T20,60,0,6.0,0,508,1
2026-09-18T20,60,0,6.1,820,0,1
2026-09-18T20,60,2,6.5,0,75834,1
2026-09-18T21,60,0,5.8,1000,0,1
2026-09-18T21,60,0,6.0,0,387,1
2026-09-18T21,60,0,6.1,0,2180,1
2026-09-18T21,60,0,6.2,8202,9361,6
2026-09-18T21,60,1,6.3,0,9351,2
2026-09-18T21,60,1,6.4,0,4395,1
2026-09-18T21,60,3,6.2,544,0,1
2026-09-18T21,60,3,6.6,202,0,1
2026-09-18T21,60,4,6.6,0,14000,1
2026-09-18T22,60,0,5.3,0,1078,1
2026-09-18T22,60,0,5.4,0,1471,1
2026-09-18T22,60,0,5.5,0,2755,2
2026-09-18T22,60,2,6.0,0,35368,1
2026-09-18T22,60,3,6.2,0,38526,1
2026-09-18T23,60,0,5.6,0,2824,2
2026-09-18T23,60,0,5.7,4210,18182,5
2026-09-18T23,60,0,5.8,0,803,1
2026-09-18T23,60,0,5.9,0,15027,4
2026-09-18T23,60,0,6.0,3675,0,1
2026-09-18T23,60,2,6.1,0,13697,1
2026-09-18T23,60,4,6.6,0,300000,1
2026-09-19T04,60,0,5.7,0,346,1
2026-09-19T04,60,0,5.8,0,1000,1
2026-09-19T04,60,0,6.0,0,5715,1
2026-09-19T04,60,0,6.1,0,3482,1
2026-09-19T04,60,0,6.2,0,3080,3
2026-09-19T04,60,0,6.3,9711,0,1
2026-09-19T04,60,2,6.2,0,310,1
2026-09-19T04,60,2,6.3,0,1444,1
2026-09-19T04,60,4,6.7,22,0,1
2026-09-19T04,60,5,6.9,0,65139,1
2026-09-19T04,60,5,7.0,3000,0,1
2026-09-19T04,60,6,7.5,22,0,1
2026-09-19T05,60,0,5.9,0,193,1
2026-09-19T05,60,0,6.0,0,40,1
2026-09-19T05,60,0,6.1,0,35705,4
2026-09-19T05,60,2,6.2,41231,0,1
2026-09-19T05,60,6,7.5,3000,0,1
2026-09-19T06,60,0,5.7,0,100,1
2026-09-19T06,60,0,5.8,0,11539,2
2026-09-19T06,60,0,5.9,0,2168,3
2026-09-19T06,60,0,6.0,0,2021,2
2026-09-19T06,60,0,6.1,0,1850,1
2026-09-19T06,60,1,6.1,0,4000,1
2026-09-19T06,60,2,6.0,4804,17295,4
2026-09-19T06,60,2,6.1,0,16341,1
2026-09-19T06,60,2,6.2,0,20673,1
2026-09-19T06,60,3,6.3,535,0,1
2026-09-19T07,60,0,5.9,0,176,1
2026-09-19T07,60,0,6.0,0,4356,1
2026-09-19T07,60,7,7.8,0,48728,1
2026-09-19T08,60,0,5.5,0,850,2
2026-09-19T08,60,0,5.6,60,1200,3
2026-09-19T08,60,0,5.7,0,11949,4
2026-09-19T08,60,0,5.8,0,1433,3
2026-09-19T08,60,0,5.9,0,4378,3
2026-09-19T08,60,0,6.0,0,19466,4
2026-09-19T08,60,1,6.1,0,66320,1
2026-09-19T09,60,0,5.8,0,1099,1
2026-09-19T09,60,0,5.9,0,76,1
2026-09-19T10,60,0,5.4,0,313,1
2026-09-19T10,60,0,5.5,0,750,1
2026-09-19T10,60,0,5.7,0,573,1
2026-09-19T10,60,0,5.8,0,177,1
2026-09-19T10,60,0,5.9,0,6203,1
2026-09-19T11,60,0,5.5,2095,5,3
2026-09-19T11,60,2,6.0,1000,0,1
2026-09-19T12,60,0,5.3,0,6906,1
2026-09-19T12,60,0,5.4,0,37010,2
2026-09-19T12,60,0,5.5,0,3905,1
2026-09-19T12,60,0,5.6,0,45820,1
2026-09-19T12,60,0,5.7,0,70,1
2026-09-19T12,60,0,5.8,0,498,2
2026-09-19T12,60,0,5.9,0,515,1
2026-09-19T12,60,0,6.0,0,14485,4
2026-09-19T12,60,0,6.1,0,4644,3
2026-09-19T12,60,0,6.2,0,33719,6
2026-09-19T12,60,0,6.3,20,127603,4
2026-09-19T12,60,1,6.0,0,1000,1
2026-09-19T12,60,2,6.0,10043,1281,2
2026-09-19T12,60,2,6.1,0,40000,1
2026-09-19T12,60,2,6.2,0,10000,1
2026-09-19T12,60,2,6.3,0,39366,2
2026-09-19T12,60,2,6.4,0,122616,3
2026-09-19T12,60,3,6.3,0,29465,1
2026-09-19T12,60,3,6.4,0,15685,1
2026-09-19T12,60,4,6.4,0,39733,2
2026-09-19T13,60,0,5.8,0,5000,1
2026-09-19T13,60,0,5.9,600,12363,3
2026-09-19T13,60,0,6.0,0,1745,2
2026-09-19T13,60,0,6.1,13263,6011,3
2026-09-19T13,60,0,6.2,0,30,1
2026-09-19T13,60,0,6.3,13023,23,3
2026-09-19T13,60,1,6.3,0,5027,1
2026-09-19T13,60,4,6.5,0,96885,1
2026-09-19T13,60,4,6.6,5000,0,1
2026-09-19T14,60,0,5.3,0,2000,1
2026-09-19T14,60,0,5.4,0,8338,1
2026-09-19T14,60,0,5.5,0,131,1
2026-09-19T14,60,0,5.6,3200,6800,2
2026-09-19T14,60,0,5.9,0,2533,2
2026-09-19T14,60,0,6.0,0,716,1
2026-09-19T14,60,0,6.1,0,6737,1
2026-09-19T14,60,2,6.3,5800,0,2
2026-09-19T14,60,4,6.6,29000,0,1
2026-09-19T15,60,0,6.1,0,2734,1
2026-09-19T15,60,0,6.2,0,4395,3
2026-09-19T15,60,0,6.3,0,30834,2
2026-09-19T15,60,0,6.4,13941,5923,3
2026-09-19T15,60,1,6.4,0,1576,1
2026-09-19T15,60,2,6.2,2500,500,2
2026-09-19T15,60,2,6.3,0,19200,1
2026-09-19T15,60,2,6.4,0,10000,1
2026-09-19T15,60,4,6.6,28978,11341,2
2026-09-19T15,60,5,6.8,25000,0,1
2026-09-19T16,60,0,5.5,0,1080,1
2026-09-19T16,60,0,5.6,0,2460,1
2026-09-19T16,60,0,5.7,0,334,1
2026-09-19T16,60,0,5.8,0,25296,2
2026-09-19T16,60,0,5.9,0,3337,3
2026-09-19T16,60,0,6.0,0,458,1
2026-09-19T16,60,0,6.1,0,160,1
2026-09-19T16,60,0,6.2,0,724,1
2026-09-19T16,60,1,6.2,0,2697,1
2026-09-19T16,60,2,6.2,0,15000,1
2026-09-19T16,60,2,6.3,32254,0,1
2026-09-19T16,60,5,6.8,1000,0,1
2026-09-19T17,60,0,5.9,0,2167,2
2026-09-19T17,60,0,6.0,257,0,1
2026-09-19T17,60,2,6.1,0,8734,1
2026-09-19T17,60,2,6.2,0,14000,1
2026-09-19T17,60,2,6.3,0,941,1
2026-09-19T17,60,3,6.4,13000,0,1
2026-09-19T17,60,3,6.5,0,103216,1
2026-09-19T17,60,4,6.4,550000,1450000,3
2026-09-19T18,60,0,5.5,0,565,1
2026-09-19T18,60,0,5.6,0,334,1
2026-09-19T18,60,0,5.7,0,3060,3
2026-09-19T18,60,0,5.8,4540,598,3
2026-09-19T18,60,0,5.9,101,1221,3
2026-09-19T18,60,0,6.0,0,3008,1
2026-09-19T18,60,0,6.1,0,504,1
2026-09-19T18,60,2,6.3,77119,0,2
2026-09-19T18,60,5,6.7,4000,30632,2
2026-09-19T19,60,0,5.6,0,2099,1
2026-09-19T19,60,0,5.7,0,256,1
2026-09-19T19,60,0,5.8,900,600,2
2026-09-19T19,60,2,6.2,1000,0,1
2026-09-19T19,60,4,6.6,5000,0,1
2026-09-19T20,60,0,5.7,152,0,1
2026-09-19T20,60,3,6.4,3000,0,1
2026-09-19T20,60,4,6.6,0,1249,1
2026-09-19T20,60,6,7.5,0,60000,1
2026-09-19T21,60,0,5.6,0,6345,1
2026-09-19T21,60,0,5.7,0,600,1
2026-09-19T21,60,0,5.8,1403,101785,6
2026-09-19T21,60,0,5.9,4708,292,2
2026-09-19T21,60,1,6.0,0,2000,1
2026-09-19T21,60,3,6.3,0,10993,1
2026-09-19T21,60,3,6.4,19007,0,1
2026-09-19T21,60,8,7.9,20000,0,1
2026-09-19T22,60,0,5.7,0,1001,1
2026-09-19T22,60,0,5.8,0,98,1
2026-09-19T22,60,0,5.9,1500,115,2
2026-09-19T22,60,2,6.0,7795,19762,2
2026-09-19T23,60,0,5.5,0,213,1
2026-09-19T23,60,0,5.6,0,5,1
2026-09-19T23,60,0,5.7,0,1239,1
2026-09-19T23,60,0,5.8,0,10000,1
2026-09-19T23,60,0,5.9,8543,6980,2
2026-09-20T00,60,0,5.7,0,880,1
2026-09-20T00,60,0,5.8,0,2948,1
2026-09-20T00,60,0,5.9,0,8064,2
2026-09-20T00,60,0,6.0,0,200,1
2026-09-20T00,60,1,5.9,0,3000,1
2026-09-20T00,60,1,6.0,0,4000,1
2026-09-20T00,60,2,6.1,4564,0,1
2026-09-20T00,60,3,6.3,0,14609,1
2026-09-20T00,60,4,6.5,0,70000,1
2026-09-20T00,60,6,6.9,0,30000,1
2026-09-20T01,60,0,5.8,402,849,3
2026-09-20T01,60,1,5.9,1651,0,1
2026-09-20T02,60,0,5.4,0,500,1
2026-09-20T02,60,0,5.6,0,342,1
2026-09-20T02,60,0,5.7,520,153,2
2026-09-20T02,60,0,5.8,0,1275,1
2026-09-20T02,60,1,5.9,0,4598,1
2026-09-20T02,60,1,6.1,0,30289,1
2026-09-20T02,60,2,5.9,0,886,1
2026-09-20T02,60,2,6.0,0,632,1
2026-09-20T02,60,2,6.1,0,1436,1
2026-09-20T02,60,5,6.8,0,188820,2
2026-09-20T03,60,0,5.7,0,11974,1
2026-09-20T03,60,0,5.8,0,7149,2
2026-09-20T03,60,0,5.9,0,7597,3
2026-09-20T03,60,0,6.0,4292,13440,6
2026-09-20T03,60,0,6.1,633,9163,5
2026-09-20T03,60,0,6.2,0,3116,2
2026-09-20T03,60,0,6.3,0,30566,2
2026-09-20T03,60,0,6.4,2762,0,1
2026-09-20T03,60,2,6.1,0,4120,1
2026-09-20T03,60,2,6.2,0,3695,1
2026-09-20T03,60,2,6.3,51641,10243,5
2026-09-20T03,60,2,6.4,0,2000,1
2026-09-20T03,60,3,6.4,0,68009,1
2026-09-20T04,60,0,6.0,1,11115,3
2026-09-20T04,60,0,6.1,0,1793,2
2026-09-20T04,60,0,6.2,0,254,2
2026-09-20T04,60,0,6.3,1247,0,1
2026-09-20T04,60,1,6.3,14259,0,1
2026-09-20T04,60,2,6.4,200,0,1
2026-09-20T05,60,0,5.7,0,1539,1
2026-09-20T05,60,0,5.8,0,3607,2
2026-09-20T05,60,0,5.9,0,6421,2
2026-09-20T05,60,0,6.0,1500,217,2
2026-09-20T05,60,0,6.1,0,147,1
2026-09-20T05,60,10,9.9,0,900,1
2026-09-20T06,60,0,6.0,0,116,1
2026-09-20T06,60,0,6.1,1485,2980,5
2026-09-20T06,60,1,6.2,0,6153,2
2026-09-20T06,60,1,6.3,0,58543,1
2026-09-20T06,60,2,6.2,0,12390,1
2026-09-20T06,60,2,6.3,0,7082,1
2026-09-20T06,60,4,6.4,0,18628,1
2026-09-20T06,60,4,6.5,6000,0,1
2026-09-20T06,60,5,6.9,17400,0,1
2026-09-20T07,60,0,5.5,0,1500,1
2026-09-20T07,60,0,5.6,0,14779,1
2026-09-20T07,60,0,5.7,0,98978,2
2026-09-20T07,60,0,5.8,0,7995,1
2026-09-20T07,60,0,5.9,0,60796,1
2026-09-20T07,60,1,6.0,0,40640,1
2026-09-20T07,60,2,6.1,0,11955,2
2026-09-20T08,60,0,5.4,0,532,1
2026-09-20T08,60,0,5.5,0,2000,1
2026-09-20T08,60,0,5.6,0,2168,1
2026-09-20T08,60,0,5.7,0,3,1
2026-09-20T08,60,0,5.8,997,0,1
2026-09-20T09,60,0,5.3,0,837,1
2026-09-20T09,60,0,5.4,0,1546,3
2026-09-20T09,60,0,5.5,0,373,1
2026-09-20T09,60,0,5.6,0,7363,3
2026-09-20T09,60,4,6.4,14000,0,2
2026-09-20T10,60,0,5.5,565,1342,3
2026-09-20T10,60,0,5.6,100,280,2
2026-09-20T10,60,0,5.7,0,2568,1
2026-09-20T10,60,2,5.4,0,3000,1
2026-09-20T10,60,2,5.5,2000,24412,2
2026-09-20T11,60,0,5.3,0,340,1
2026-09-20T11,60,0,5.4,360,43587,2
2026-09-20T11,60,0,5.5,0,6893,2
2026-09-20T11,60,0,5.6,0,3408,2
2026-09-20T11,60,0,5.7,0,3708,1
2026-09-20T11,60,0,5.8,0,519,1
2026-09-20T11,60,2,5.9,0,20507,1
2026-09-20T12,60,0,5.5,0,582,1
2026-09-20T12,60,0,5.6,0,387,2
2026-09-20T12,60,0,5.7,750,1200,2
2026-09-20T12,60,0,5.8,0,291,1
2026-09-20T12,60,1,5.8,1555,5889,2
2026-09-20T12,60,1,5.9,0,2,1
2026-09-20T12,60,1,6.0,0,12206,2
2026-09-20T12,60,1,6.1,0,57887,1
2026-09-20T12,60,2,6.0,0,7765,1
2026-09-20T12,60,2,6.1,0,38968,2
2026-09-20T12,60,2,6.2,0,243326,1
2026-09-20T12,60,4,6.3,6600,0,1
2026-09-20T13,60,0,5.8,0,1509,1
2026-09-20T13,60,0,5.9,0,4182,3
2026-09-20T13,60,0,6.0,456,4310,3
2026-09-20T13,60,0,6.1,8861,0,1
2026-09-20T13,60,1,6.0,0,932,1
2026-09-20T13,60,1,6.1,0,3014,1
2026-09-20T13,60,4,6.3,0,65400,1
2026-09-20T15,60,0,5.4,0,293,1
2026-09-20T15,60,0,5.5,0,59,1
2026-09-20T15,60,0,5.6,0,3470,2
2026-09-20T15,60,0,5.7,0,12508,1
2026-09-20T15,60,0,5.8,0,113,1
2026-09-20T15,60,0,5.9,0,200,1
2026-09-20T15,60,0,6.0,0,4649,2
2026-09-20T15,60,2,6.0,0,2200,2
2026-09-20T15,60,2,6.1,8708,0,1
2026-09-20T16,60,0,5.5,0,18,1
2026-09-20T16,60,0,5.6,90,8883,2
2026-09-20T16,60,0,5.7,0,1865,3
2026-09-20T16,60,0,5.8,2382,8735,4
2026-09-20T16,60,4,6.1,250,19750,2
2026-09-20T17,60,0,5.5,0,1947,2
2026-09-20T17,60,0,5.6,0,1407,3
2026-09-20T17,60,0,5.7,50,775,2
2026-09-20T17,60,1,5.7,1302,0,1
2026-09-20T17,60,2,5.8,0,721,1
2026-09-20T17,60,2,5.9,5000,0,1
2026-09-20T17,60,4,6.1,0,111381,1
2026-09-20T17,60,4,6.2,11000,0,1
2026-09-20T18,60,0,5.4,700,392,3
2026-09-20T18,60,0,5.5,543,6071,2
2026-09-20T18,60,0,5.6,235043,0,5
2026-09-20T18,60,2,5.6,1100,12567,2
2026-09-20T18,60,2,5.7,0,1521,1
2026-09-20T18,60,2,5.8,1400,0,2
2026-09-20T18,60,8,7.9,1,0,1
2026-09-20T19,60,0,5.4,0,2607,1
2026-09-20T19,60,0,5.5,0,361,1
2026-09-20T19,60,0,5.6,0,20208,2
2026-09-20T19,60,1,5.7,0,14320,2
2026-09-20T19,60,2,5.6,0,1767,1
2026-09-20T19,60,5,6.6,0,60259,1
2026-09-20T19,60,8,7.8,1620,0,1
2026-09-20T20,60,0,5.4,0,350,1
2026-09-20T20,60,0,5.5,0,18651,4
2026-09-20T20,60,0,5.6,0,18820,4
2026-09-20T20,60,0,5.7,0,7439,3
2026-09-20T20,60,0,5.8,12100,2857,4
2026-09-20T20,60,1,6.0,0,7567,1
2026-09-20T20,60,2,5.8,0,8600,1
2026-09-20T20,60,2,5.9,0,10000,1
2026-09-20T20,60,4,6.1,0,7770,1
2026-09-20T21,60,0,5.4,0,55,1
2026-09-20T21,60,0,5.5,0,630,3
2026-09-20T21,60,0,5.6,10027,1669,3
2026-09-20T21,60,0,5.7,100,0,1
2026-09-20T21,60,1,5.8,1100,0,1
2026-09-20T22,60,0,5.4,0,194,1
2026-09-20T22,60,0,5.5,0,1061,2
2026-09-20T22,60,0,5.6,36489,0,3
2026-09-20T22,60,1,5.6,533,9180,3
2026-09-20T22,60,2,5.6,0,11256,1
2026-09-20T22,60,2,5.7,3000,0,1
2026-09-20T23,60,0,5.5,0,2047,3
2026-09-20T23,60,0,5.6,48479,13092,7
2026-09-20T23,60,0,5.7,996,248,2
2026-09-20T23,60,1,5.6,0,5794,2
2026-09-20T23,60,1,5.7,0,1194,1
2026-09-20T23,60,2,5.7,0,27000,1
2026-09-20T23,60,2,5.8,0,36536,1
2026-09-20T23,60,4,6.1,5500,0,1
2026-09-21T00,60,0,5.7,0,249,1
2026-09-21T00,60,0,5.8,0,101184,4
2026-09-21T00,60,0,5.9,0,3735,4
2026-09-21T00,60,0,6.0,0,531,1
2026-09-21T00,60,0,6.1,0,6420,1
2026-09-21T00,60,0,6.2,8264,195,2
2026-09-21T00,60,0,6.3,0,577,2
2026-09-21T00,60,1,5.8,0,10960,1
2026-09-21T00,60,1,5.9,0,2000,1
2026-09-21T00,60,1,6.1,0,299,1
2026-09-21T00,60,1,6.2,0,1473,2
2026-09-21T00,60,1,6.3,4589,10365,5
2026-09-21T00,60,2,5.9,0,31115,2
2026-09-21T00,60,2,6.0,0,24000,2
2026-09-21T00,60,2,6.1,0,38731,2
2026-09-21T00,60,2,6.2,0,102921,1
2026-09-21T00,60,2,6.3,0,15000,1
2026-09-21T00,60,3,6.1,0,62389,2
2026-09-21T00,60,4,6.1,0,17757,1
2026-09-21T00,60,4,6.2,0,48382,1
2026-09-21T00,60,4,6.3,0,110036,1
2026-09-21T00,60,4,6.4,88992,425748,7
2026-09-21T00,60,5,6.5,0,125637,1
2026-09-21T00,60,5,6.6,0,22575,1
2026-09-21T01,60,0,6.2,0,13575,2
2026-09-21T01,60,0,6.3,0,20000,1
2026-09-21T01,60,2,6.2,676,0,1
2026-09-21T01,60,2,6.3,4158,22347,3
2026-09-21T01,60,4,6.3,0,59421,1
2026-09-21T01,60,4,6.4,40162,0,5
2026-09-21T02,60,0,6.2,0,3812,1
2026-09-21T02,60,1,6.2,18338,5299,3
2026-09-21T02,60,1,6.3,0,2000,1
2026-09-21T02,60,2,6.2,0,1324,1
2026-09-21T02,60,2,6.3,0,1559,1
2026-09-21T02,60,4,6.4,187138,64897,6
2026-09-21T03,60,0,6.0,0,351,1
2026-09-21T03,60,0,6.1,0,500,1
2026-09-21T03,60,0,6.2,0,1605,1
2026-09-21T03,60,0,6.3,5947,1105,2
2026-09-21T03,60,1,6.3,0,5688,1
2026-09-21T03,60,4,6.4,145926,0,4
2026-09-21T04,60,0,5.8,684,32,2
2026-09-21T04,60,0,6.0,877,1110,3
2026-09-21T04,60,0,6.1,21464,14477,2
2026-09-21T04,60,0,6.2,0,1977,1
2026-09-21T04,60,0,6.3,11845,0,1
2026-09-21T04,60,1,6.3,0,5000,1
2026-09-21T04,60,2,6.1,0,15599,2
2026-09-21T04,60,2,6.2,0,10500,1
2026-09-21T04,60,3,6.3,3527,0,1
2026-09-21T04,60,11,10.0,0,69,1
2026-09-21T05,60,0,5.9,0,1428,2
2026-09-21T05,60,0,6.0,3980,18008,4
2026-09-21T05,60,0,6.1,1309,4681,3
2026-09-21T05,60,0,6.2,27,110,2
2026-09-21T05,60,1,6.2,656,3400,2
2026-09-21T05,60,2,6.1,0,1000,1
2026-09-21T05,60,2,6.2,0,19413,1
2026-09-21T05,60,3,6.3,5006,0,2
2026-09-21T05,60,4,6.4,4400,0,1
2026-09-21T05,60,5,6.6,22000,0,2
2026-09-21T06,60,0,5.9,0,1786,2
2026-09-21T06,60,0,6.0,242,2214,2
2026-09-21T06,60,0,6.1,321,520,2
2026-09-21T06,60,0,6.2,0,560,1
2026-09-21T06,60,1,6.1,0,3855,1
2026-09-21T06,60,1,6.2,0,820,1
2026-09-21T06,60,2,6.2,5024,0,1
2026-09-21T06,60,3,6.3,23276,0,2
2026-09-21T06,60,4,6.3,12649,0,2
2026-09-21T07,60,0,5.8,0,737,2
2026-09-21T07,60,0,5.9,0,1574,2
2026-09-21T07,60,0,6.0,3501,5071,4
2026-09-21T07,60,0,6.2,4942,0,1
2026-09-21T07,60,1,6.1,23055,1803,4
2026-09-21T07,60,2,6.1,0,8000,1
2026-09-21T07,60,2,6.2,20433,23802,2
2026-09-21T07,60,4,6.3,5000,4722,2
2026-09-21T08,60,0,5.9,0,5364,2
2026-09-21T08,60,0,6.0,0,1737,2
2026-09-21T08,60,0,6.1,0,485,1
2026-09-21T08,60,0,6.2,0,11355,3
2026-09-21T08,60,1,6.2,0,16350,1
2026-09-21T08,60,2,6.0,0,1095,1
2026-09-21T08,60,3,6.3,27093,3889,8
2026-09-21T08,60,4,6.4,7214,0,1
2026-09-21T08,60,5,6.4,0,4000,1
2026-09-21T08,60,5,6.6,0,87386,2
2026-09-21T08,60,5,6.7,0,94544,1
2026-09-21T08,60,5,6.8,0,49641,1
2026-09-21T08,60,6,6.9,28429,20000,2
2026-09-21T09,60,0,6.1,0,2552,1
2026-09-21T09,60,0,6.2,0,10039,4
2026-09-21T09,60,0,6.3,55,21915,6
2026-09-21T09,60,2,6.3,0,2766,1
2026-09-21T09,60,4,6.4,33568,0,3
2026-09-21T09,60,10,9.9,98,0,1
2026-09-21T10,60,0,5.9,0,500,1
2026-09-21T10,60,0,6.0,0,543,2
2026-09-21T10,60,0,6.1,0,718,2
2026-09-21T10,60,0,6.2,1957,1250,2
2026-09-21T10,60,0,6.3,0,2114,1
2026-09-21T10,60,2,6.3,2759,26973,2
2026-09-21T10,60,4,6.4,29351,0,3
2026-09-21T10,60,5,6.7,222,0,1
2026-09-21T10,60,6,6.9,100,0,1
2026-09-21T11,60,0,6.1,0,10000,1
2026-09-21T11,60,0,6.2,0,721,2
2026-09-21T11,60,0,6.3,0,19390,3
2026-09-21T11,60,1,6.2,87706,0,4
2026-09-21T11,60,2,6.3,0,2567,1
2026-09-21T11,60,4,6.4,236699,0,5
2026-09-21T11,60,10,9.9,1,0,1
2026-09-21T12,60,0,6.1,0,600,1
2026-09-21T12,60,1,6.2,9638,0,3
2026-09-21T12,60,4,6.4,7000,0,1
2026-09-21T13,60,0,5.3,270,6980,3
2026-09-21T13,60,0,5.4,0,2000,1
2026-09-21T13,60,0,5.5,0,378,1
2026-09-21T13,60,0,5.6,0,885,1
2026-09-21T13,60,0,5.7,0,2807,1
2026-09-21T13,60,0,5.8,0,734,1
2026-09-21T13,60,0,5.9,0,600,1
2026-09-21T13,60,0,6.0,0,5,1
2026-09-21T13,60,0,6.1,0,7758,2
2026-09-21T13,60,0,6.2,0,2127,4
2026-09-21T13,60,1,6.2,0,3730,1
2026-09-21T13,60,2,6.0,400,6000,2
2026-09-21T13,60,2,6.1,0,10813,1
2026-09-21T13,60,2,6.2,0,70000,1
2026-09-21T13,60,3,6.3,245304,0,2
2026-09-21T14,60,0,5.9,0,1050,1
2026-09-21T14,60,0,6.0,0,4224,3
2026-09-21T14,60,0,6.1,6398,520,2
2026-09-21T14,60,3,6.1,4136,3864,2
2026-09-21T14,60,3,6.3,6301,0,1
2026-09-21T14,60,4,6.2,0,120,1
2026-09-21T14,60,4,6.3,407448,0,2
2026-09-21T15,60,0,5.8,0,166,1
2026-09-21T15,60,0,5.9,0,629,1
2026-09-21T15,60,0,6.1,0,9942,2
2026-09-21T15,60,1,5.9,0,6126,1
2026-09-21T15,60,2,6.0,0,5073,1
2026-09-21T15,60,2,6.1,9000,25367,2
2026-09-21T15,60,2,6.2,53862,0,4
2026-09-21T15,60,4,6.3,5000,0,1
2026-09-21T16,60,0,5.9,0,166,1
2026-09-21T16,60,0,6.0,1752,82,2
2026-09-21T16,60,5,6.7,0,116621,3
2026-09-21T17,60,0,5.3,20,6417,3
2026-09-21T17,60,0,5.4,0,4753,3
2026-09-21T17,60,0,5.5,10521,17091,5
2026-09-21T17,60,0,5.6,9531,28778,3
2026-09-21T17,60,4,6.1,10000,16710,2
2026-09-21T17,60,4,6.2,0,10534,1
2026-09-21T18,60,0,5.5,0,486,1
2026-09-21T18,60,0,5.6,0,588,2
2026-09-21T18,60,0,5.7,2923,13637,6
2026-09-21T18,60,0,5.8,0,2324,2
2026-09-21T18,60,0,5.9,3386,620,4
2026-09-21T19,60,0,5.5,0,50,1
2026-09-21T19,60,0,5.6,0,652,2
2026-09-21T19,60,0,5.7,0,7941,2
2026-09-21T19,60,0,5.8,9570,25055,5
2026-09-21T19,60,0,5.9,60920,82209,6
2026-09-21T19,60,1,5.8,0,19209,1
2026-09-21T19,60,1,5.9,0,2439,1
2026-09-21T19,60,2,6.1,622,0,1
2026-09-21T19,60,6,6.9,20000,0,1
2026-09-21T20,60,0,5.9,0,13086,2
2026-09-21T20,60,0,6.0,0,23542,3
2026-09-21T20,60,0,6.1,88344,31544,4
2026-09-21T20,60,0,6.2,0,3972,6
2026-09-21T20,60,1,6.0,0,1000,1
2026-09-21T20,60,1,6.1,0,38827,3
2026-09-21T20,60,2,6.1,0,9378,1
2026-09-21T20,60,2,6.2,4426,83576,4
2026-09-21T20,60,3,6.2,0,25158,1
2026-09-21T20,60,4,6.2,0,7384,1
2026-09-21T20,60,4,6.3,207272,0,4
2026-09-21T21,60,0,6.2,0,1404,1
2026-09-21T21,60,2,6.0,0,5065,1
2026-09-21T21,60,2,6.1,0,3000,1
2026-09-21T21,60,4,6.3,288889,0,7
2026-09-21T22,60,0,5.9,290,734,3
2026-09-21T22,60,0,6.0,0,100,1
2026-09-21T22,60,1,5.7,1000,0,1
2026-09-21T22,60,2,6.0,2379,0,1
2026-09-21T23,60,0,5.8,0,1889,1
2026-09-21T23,60,0,5.9,687,49,2
2026-09-21T23,60,1,5.6,50,350,2
2026-09-21T23,60,1,5.7,0,26540,1
2026-09-21T23,60,2,5.8,0,43288,2
2026-09-21T23,60,2,5.9,0,40000,1
2026-09-21T23,60,2,6.0,26607,0,2
2026-09-21T23,60,3,6.1,21000,0,2
2026-09-21T23,60,4,6.2,0,46156,1
2026-09-22T00,60,0,5.9,21556,336,4
2026-09-22T00,60,2,6.0,38442,0,3
2026-09-22T01,60,0,5.7,0,154,1
2026-09-22T01,60,0,5.9,0,18760,3
2026-09-22T01,60,1,6.0,950,0,1
2026-09-22T01,60,2,5.8,200,7200,2
2026-09-22T01,60,2,5.9,2000,432,2
2026-09-22T01,60,2,6.0,0,15456,1
2026-09-22T02,60,0,5.8,0,249,1
2026-09-22T02,60,0,5.9,200,6367,2
2026-09-22T02,60,1,6.0,0,19822,3
2026-09-22T02,60,2,6.1,0,3150,1
2026-09-22T02,60,3,6.1,0,26974,1
2026-09-22T02,60,3,6.2,0,69944,1
2026-09-22T02,60,3,6.3,0,46765,1
2026-09-22T02,60,4,6.3,0,504421,1
2026-09-22T02,60,4,6.4,36000,0,1
2026-09-22T03,60,0,5.7,0,1215,2
2026-09-22T03,60,0,5.8,0,2263,2
2026-09-22T03,60,0,5.9,0,49,1
2026-09-22T03,60,1,6.0,0,2459,1
2026-09-22T04,60,0,5.3,0,4845,2
2026-09-22T04,60,0,5.4,2643,11068,3
2026-09-22T04,60,0,5.5,10,22399,4
2026-09-22T04,60,0,5.6,0,27862,2
2026-09-22T04,60,2,5.6,7977,16554,2
2026-09-22T05,60,0,5.3,24732,32117,5
2026-09-22T05,60,0,5.4,2784,0,1
2026-09-22T05,60,5,6.6,150000,36234,2
2026-09-22T06,60,0,5.3,4000,4290,5
2026-09-22T06,60,0,5.4,43109,42932,4
2026-09-22T06,60,5,6.6,5153,0,1
2026-09-22T07,60,0,5.4,0,32602,1
2026-09-22T07,60,0,5.5,12463,346,5
2026-09-22T07,60,0,5.6,5086,37503,5
2026-09-22T07,60,0,5.7,0,5317,2
2026-09-22T07,60,0,5.8,0,986,1
2026-09-22T07,60,0,5.9,0,2643,1
2026-09-22T07,60,0,6.0,0,514,2
2026-09-22T07,60,1,5.7,0,2545,1
2026-09-22T07,60,1,5.9,2266,14956,3
2026-09-22T07,60,1,6.0,0,19873,2
2026-09-22T07,60,2,5.5,0,1604,1
2026-09-22T07,60,2,5.7,0,6870,1
2026-09-22T07,60,2,5.8,0,13745,1
2026-09-22T07,60,2,5.9,0,25200,3
2026-09-22T07,60,2,6.0,0,33297,1
2026-09-22T07,60,2,6.1,0,30156,1
2026-09-22T07,60,3,6.2,0,21251,1
2026-09-22T07,60,4,6.3,4422,0,1
2026-09-22T08,60,0,6.0,0,170,1
2026-09-22T08,60,2,6.1,580,0,1
2026-09-22T08,60,4,6.3,0,26157,1
2026-09-22T08,60,4,6.4,64301,0,1
2026-09-22T09,60,0,5.5,0,107,1
2026-09-22T09,60,0,5.6,0,2538,1
2026-09-22T09,60,0,5.7,0,106,1
2026-09-22T09,60,0,5.8,0,1294,1
2026-09-22T09,60,0,5.9,0,68,1
2026-09-22T09,60,0,6.0,17308,918,3
2026-09-22T09,60,2,6.1,5496,0,1
2026-09-22T09,60,4,6.4,50000,0,1
2026-09-22T09,60,5,6.6,30294,0,2
2026-09-22T10,60,0,5.7,0,3256,1
2026-09-22T10,60,0,5.8,1881,5776,3
2026-09-22T10,60,0,5.9,0,1124,2
2026-09-22T10,60,0,6.0,874,14436,3
2026-09-22T10,60,0,6.1,4200,0,1
2026-09-22T10,60,1,6.0,0,795,1
2026-09-22T10,60,2,6.0,0,50,1
2026-09-22T10,60,2,6.1,0,28493,2
2026-09-22T10,60,2,6.2,20527,0,1
2026-09-22T10,60,3,6.2,0,3296,1
2026-09-22T10,60,3,6.3,222,0,1
2026-09-22T11,60,0,5.8,0,669,1
2026-09-22T11,60,0,5.9,0,761,2
2026-09-22T11,60,0,6.0,0,10616,3
2026-09-22T11,60,0,6.1,700,2413,3
2026-09-22T11,60,2,6.1,7700,10000,3
2026-09-22T11,60,2,6.2,19000,0,1
2026-09-22T11,60,3,6.2,4000,0,1
2026-09-22T11,60,5,6.6,4500,0,1
2026-09-22T12,60,0,5.7,0,1582,2
2026-09-22T12,60,0,5.8,0,15562,3
2026-09-22T12,60,0,6.0,0,600,1
2026-09-22T12,60,0,6.1,0,3571,1
2026-09-22T12,60,1,5.7,0,1947,1
2026-09-22T12,60,2,5.8,0,85597,1
2026-09-22T12,60,2,5.9,0,2544,1
2026-09-22T12,60,2,6.1,19624,9212,2
2026-09-22T12,60,3,6.2,3123,0,1
2026-09-22T12,60,5,6.5,0,37910,1
2026-09-22T13,60,0,5.9,1743,3872,2
2026-09-22T13,60,0,6.0,0,752,1
2026-09-22T13,60,2,6.0,0,1149,1
2026-09-22T13,60,2,6.1,36585,0,2
2026-09-22T14,60,0,5.3,0,1042,2
2026-09-22T14,60,0,5.4,0,1290,1
2026-09-22T14,60,0,5.5,0,92,1
2026-09-22T14,60,0,5.6,7724,0,1
2026-09-22T14,60,2,5.6,0,1068,1
2026-09-22T14,60,2,5.8,0,515,1
2026-09-22T14,60,2,5.9,0,11713,1
2026-09-22T14,60,2,6.0,0,7593,1
2026-09-22T14,60,3,6.2,34850,0,2
2026-09-22T14,60,5,6.4,0,6352,1
2026-09-22T14,60,5,6.6,0,10053,1
2026-09-22T15,60,0,5.3,0,68,1
2026-09-22T15,60,0,5.4,0,2656,2
2026-09-22T15,60,0,5.5,9742,10891,5
2026-09-22T15,60,0,5.6,0,1323,1
2026-09-22T15,60,0,5.7,0,375,1
2026-09-22T15,60,2,5.9,2289,0,1
2026-09-22T16,60,0,5.6,0,879,1
2026-09-22T16,60,0,5.7,0,422,1
2026-09-22T16,60,0,5.8,0,760,3
2026-09-22T16,60,0,5.9,0,3026,4
2026-09-22T16,60,0,6.0,2596,1038,3
2026-09-22T16,60,1,5.7,0,21442,1
2026-09-22T16,60,1,5.9,0,3290,1
2026-09-22T16,60,1,6.0,0,20507,2
2026-09-22T16,60,2,5.8,0,2214,2
2026-09-22T16,60,2,5.9,0,12711,1
2026-09-22T16,60,2,6.0,0,8800,2
2026-09-22T16,60,2,6.1,0,18343,1
2026-09-22T16,60,3,6.1,6765,5572,2
2026-09-22T16,60,3,6.2,61895,0,2
2026-09-22T17,60,0,5.8,0,150,1
2026-09-22T17,60,0,5.9,0,325,1
2026-09-22T17,60,0,6.0,0,3964,3
2026-09-22T17,60,0,6.1,0,18446,4
2026-09-22T17,60,0,6.2,0,1887,3
2026-09-22T17,60,1,6.1,0,2000,1
2026-09-22T17,60,1,6.2,2499,30196,5
2026-09-22T17,60,2,6.2,34296,19544,3
2026-09-22T17,60,3,6.2,0,73840,3
2026-09-22T17,60,3,6.3,43980,0,3
2026-09-22T17,60,4,6.3,15000,20458,2
2026-09-22T17,60,4,6.4,112000,0,1
2026-09-22T18,60,0,5.5,0,3409,1
2026-09-22T18,60,0,5.6,0,11405,1
2026-09-22T18,60,0,5.7,1250,2809,2
2026-09-22T18,60,0,5.8,0,333,1
2026-09-22T18,60,0,5.9,0,5773,1
2026-09-22T18,60,0,6.0,0,2255,1
2026-09-22T18,60,0,6.1,28,686,2
2026-09-22T18,60,1,6.0,0,8000,1
2026-09-22T18,60,2,6.0,2045,7955,3
2026-09-22T18,60,2,6.1,0,8000,1
2026-09-22T18,60,3,6.2,1867,0,1
2026-09-22T18,60,4,6.3,20000,0,1
2026-09-22T19,60,0,5.5,0,500,1
2026-09-22T19,60,0,5.6,0,8147,2
2026-09-22T19,60,0,5.7,0,1398,1
2026-09-22T19,60,0,5.8,2122,290,2
2026-09-22T19,60,0,5.9,0,2491,1
2026-09-22T19,60,0,6.1,0,1472,1
2026-09-22T19,60,1,6.1,0,20296,1
2026-09-22T19,60,3,6.2,0,82760,2
2026-09-22T19,60,4,6.2,0,68165,1
2026-09-22T19,60,4,6.3,12000,0,1
2026-09-22T20,60,0,5.8,0,1359,1
2026-09-22T20,60,0,5.9,0,590,1
2026-09-22T20,60,0,6.0,0,1697,2
2026-09-22T20,60,0,6.1,4000,356,2
2026-09-22T20,60,0,6.2,91704,1619,3
2026-09-22T20,60,2,6.2,6062,1483,2
2026-09-22T21,60,0,5.8,0,68,1
2026-09-22T21,60,0,5.9,5,1511,3
2026-09-22T21,60,0,6.0,0,6102,5
2026-09-22T21,60,0,6.1,0,5088,2
2026-09-22T21,60,0,6.2,0,5365,2
2026-09-22T21,60,1,6.2,1561,0,1
2026-09-22T21,60,4,6.2,0,13069,2
2026-09-22T21,60,4,6.3,42924,0,2
2026-09-22T21,60,10,9.9,1000,0,1
2026-09-22T22,60,0,5.9,0,133,1
2026-09-22T22,60,0,6.0,0,2536,3
2026-09-22T22,60,0,6.1,4058,197,2
2026-09-22T22,60,4,6.3,14784,0,1
2026-09-22T23,60,0,5.5,0,336,2
2026-09-22T23,60,0,5.6,0,7249,2
2026-09-22T23,60,0,5.7,0,1750,1
2026-09-22T23,60,0,6.1,2854,66163,3
2026-09-22T23,60,0,6.2,1219,0,1
2026-09-22T23,60,1,6.1,0,1500,1
2026-09-22T23,60,1,6.2,0,159,1
2026-09-22T23,60,2,6.2,0,14366,2
2026-09-23T00,60,0,5.9,9182,3501,3
2026-09-23T00,60,0,6.0,11499,601,3
2026-09-23T00,60,0,6.1,0,13892,2
2026-09-23T00,60,0,6.2,0,7602,3
2026-09-23T00,60,0,6.3,0,5968,4
2026-09-23T00,60,1,6.3,0,1133,1
2026-09-23T00,60,2,6.3,0,8300,1
2026-09-23T00,60,3,6.3,0,257723,2
2026-09-23T00,60,4,6.3,100000,33064,2
2026-09-23T00,60,4,6.4,132957,0,2
2026-09-23T01,60,0,6.0,0,2241,1
2026-09-23T01,60,0,6.1,0,903,1
2026-09-23T01,60,2,6.2,1347,6610,2
2026-09-23T01,60,3,6.3,16,19984,2
2026-09-23T01,60,4,6.4,62090,0,3
2026-09-23T02,60,0,5.3,0,437,1
2026-09-23T02,60,0,5.4,863,0,1
2026-09-23T02,60,0,6.0,600,0,1
2026-09-23T03,60,0,5.3,0,72,1
2026-09-23T03,60,0,5.4,0,32,1
2026-09-23T03,60,0,5.5,0,1200,1
2026-09-23T03,60,0,5.6,220,2230,2
2026-09-23T03,60,0,5.9,0,10740,2
2026-09-23T03,60,0,6.0,0,11689,2
2026-09-23T03,60,1,6.0,0,3000,1
2026-09-23T03,60,2,6.0,0,11754,1
2026-09-23T04,60,0,5.4,1734,0,1
2026-09-23T04,60,0,5.6,0,5314,1
2026-09-23T04,60,0,5.7,6713,17835,3
2026-09-23T04,60,0,5.8,1800,0,1
2026-09-23T05,60,0,5.3,2500,43307,3
2026-09-23T05,60,0,5.4,2473,47929,3
2026-09-23T05,60,0,5.5,0,2000,1
2026-09-23T05,60,0,5.6,0,720,1
2026-09-23T05,60,0,5.7,0,500,1
2026-09-23T05,60,0,5.8,0,2058,1
2026-09-23T05,60,0,5.9,0,40,1
2026-09-23T05,60,2,5.8,0,1000,1
2026-09-23T05,60,2,5.9,0,20000,1
2026-09-23T05,60,2,6.0,6782,0,1
2026-09-23T05,60,3,6.1,0,5858,1
2026-09-23T05,60,4,6.1,2863,0,1
2026-09-23T05,60,4,6.2,50000,0,1
2026-09-23T05,60,5,6.6,10000,0,1
2026-09-23T06,60,0,5.9,8004,5094,5
2026-09-23T06,60,0,6.0,835,0,1
2026-09-23T06,60,2,6.0,2700,3299,2
2026-09-23T06,60,4,6.1,17265,5934,2
2026-09-23T06,60,4,6.2,30158,0,1
2026-09-23T06,60,5,6.5,50000,0,1
2026-09-23T07,60,0,5.5,0,1998,2
2026-09-23T07,60,0,5.6,0,1000,1
2026-09-23T07,60,0,5.7,0,1435,2
2026-09-23T07,60,0,5.8,0,113,1
2026-09-23T07,60,0,5.9,0,4878,2
2026-09-23T07,60,0,6.0,0,28119,2
2026-09-23T07,60,3,6.1,0,6941,1
2026-09-23T07,60,4,6.1,7395,0,2
2026-09-23T07,60,4,6.2,92698,0,2
2026-09-23T11,60,0,5.6,0,1315,1
2026-09-23T11,60,0,5.7,0,2023,1
2026-09-23T11,60,0,5.8,0,3079,1
2026-09-23T11,60,0,5.9,0,246,1
2026-09-23T11,60,0,6.1,244,944,2
2026-09-23T11,60,2,6.0,1076,0,1
2026-09-23T11,60,4,6.1,0,20614,1
2026-09-23T11,60,4,6.2,0,50000,1
2026-09-23T11,60,4,6.3,99617,0,1
2026-09-23T11,60,5,6.5,0,62377,1
2026-09-23T11,60,5,6.6,22,0,1
2026-09-23T11,60,6,6.9,11350,0,1
2026-09-23T11,60,7,7.3,1394,0,1
2026-09-23T12,60,0,5.8,0,1717,1
2026-09-23T12,60,0,5.9,10666,164,2
2026-09-23T12,60,0,6.0,186,2763,4
2026-09-23T12,60,2,5.9,0,1275,1
2026-09-23T12,60,2,6.0,0,26682,1
2026-09-23T12,60,2,6.1,0,42438,2
2026-09-23T12,60,3,6.1,0,24081,1
2026-09-23T12,60,3,6.2,50879,0,2
2026-09-23T12,60,4,6.3,21000,0,1
2026-09-23T12,60,6,6.9,9550,0,1
2026-09-23T13,60,0,5.7,0,519,1
2026-09-23T13,60,0,5.8,0,1928,1
2026-09-23T13,60,0,5.9,29314,10406,7
2026-09-23T13,60,0,6.0,3820,734,3
2026-09-23T13,60,2,6.1,5370,0,3
2026-09-23T13,60,3,6.2,9805,0,1
2026-09-23T13,60,4,6.3,8008,0,2
2026-09-23T14,60,0,5.3,0,311,1
2026-09-23T14,60,0,5.4,0,1543,1
2026-09-23T14,60,0,5.8,168,0,1
2026-09-23T14,60,0,5.9,0,1694,1
2026-09-23T14,60,0,6.0,0,14747,2
2026-09-23T14,60,0,6.1,0,30983,2
2026-09-23T14,60,2,5.9,0,1924,1
2026-09-23T14,60,2,6.1,0,630,1
2026-09-23T14,60,3,6.2,0,122513,2
2026-09-23T14,60,4,6.3,0,758529,3
2026-09-23T14,60,5,6.5,0,63691,1
2026-09-23T15,60,0,5.4,2481,100,2
2026-09-23T15,60,0,5.5,0,1036,1
2026-09-23T15,60,0,5.6,0,500,1
2026-09-23T15,60,0,5.7,0,1720,1
2026-09-23T15,60,0,5.8,0,1212,3
2026-09-23T15,60,0,5.9,0,14056,2
2026-09-23T15,60,2,5.9,0,978,1
2026-09-23T16,60,0,5.3,0,78,1
2026-09-23T16,60,0,5.4,0,8226,1
2026-09-23T16,60,0,5.5,0,1082,1
2026-09-23T16,60,0,5.6,0,2499,1
2026-09-23T16,60,0,5.7,0,1000,1
2026-09-23T16,60,0,5.8,2576,0,1
2026-09-23T16,60,2,6.0,500,0,1
2026-09-23T17,60,0,5.3,50,2107,3
2026-09-23T17,60,0,5.4,0,8953,1
2026-09-23T17,60,0,5.5,0,1069,1
2026-09-23T17,60,0,5.6,0,16727,2
2026-09-23T17,60,0,5.7,0,15437,1
2026-09-23T17,60,0,5.8,0,27,1
2026-09-23T17,60,0,5.9,0,1982,1
2026-09-23T17,60,0,6.0,0,15,1
2026-09-23T17,60,0,6.1,0,13472,2
2026-09-23T17,60,0,6.2,100,86880,2
2026-09-23T17,60,1,6.0,0,4700,1
2026-09-23T17,60,1,6.1,0,10063,1
2026-09-23T17,60,1,6.2,0,11477,1
2026-09-23T17,60,2,6.0,0,800,1
2026-09-23T17,60,2,6.1,0,35708,2
2026-09-23T17,60,2,6.2,0,35634,1
2026-09-23T17,60,3,6.2,0,16929,1
2026-09-23T17,60,5,6.5,20000,0,1
2026-09-23T18,60,0,5.6,0,710,1
2026-09-23T18,60,0,5.7,0,803,1
2026-09-23T18,60,0,5.8,200,339,2
2026-09-23T18,60,0,5.9,0,25,1
2026-09-23T18,60,0,6.1,1382,0,1
2026-09-23T18,60,4,6.3,10541,176382,2
2026-09-23T19,60,0,5.7,0,984,1
2026-09-23T19,60,0,5.8,0,4188,1
2026-09-23T19,60,2,6.0,0,1316,1
2026-09-23T19,60,2,6.2,0,4254,2
2026-09-23T19,60,4,6.3,1159,0,1
2026-09-23T20,60,0,5.8,0,702,1
2026-09-23T20,60,0,5.9,0,823,1
2026-09-23T20,60,0,6.0,0,2020,1
2026-09-23T20,60,1,6.1,0,1318,1
2026-09-23T21,60,0,5.6,0,148,1
2026-09-23T21,60,0,5.7,24852,0,1
2026-09-23T21,60,0,5.9,0,484,1
2026-09-23T21,60,0,6.0,650,0,1
2026-09-23T21,60,3,6.1,0,5699,1
2026-09-23T21,60,5,6.5,0,16882,1
2026-09-23T21,60,5,6.6,0,39405,2
2026-09-23T22,60,2,5.9,0,1000,1
2026-09-23T23,60,0,5.5,16250,1745,4
2026-09-23T23,60,4,6.2,0,50298,1
2026-09-23T23,60,4,6.3,70873,13249,4
2026-09-24T00,60,1,5.7,1260,0,1
2026-09-24T00,60,4,6.3,0,145303,1
2026-09-24T00,60,5,6.6,0,150000,1
2026-09-24T01,60,0,5.4,0,1574,1
2026-09-24T01,60,0,5.5,1895,43999,2
2026-09-24T01,60,0,5.6,0,5072,2
2026-09-24T01,60,0,5.7,0,50704,2
2026-09-24T01,60,0,5.8,0,1748,2
2026-09-24T01,60,0,5.9,0,588,1
2026-09-24T01,60,1,5.7,0,20462,2
2026-09-24T01,60,1,5.8,0,1697,1
2026-09-24T01,60,2,5.8,0,15053,1
2026-09-24T01,60,2,5.9,0,1572,1
2026-09-24T02,60,0,5.6,0,422,1
2026-09-24T02,60,0,5.7,78,1088,2
2026-09-24T02,60,0,5.9,0,2528,1
2026-09-24T02,60,2,5.9,0,14000,1
2026-09-24T02,60,2,6.0,1384,2616,2
2026-09-24T02,60,2,6.1,3384,0,1
2026-09-24T03,60,0,5.5,1200,0,1
2026-09-24T04,60,0,5.3,845,10134,3
2026-09-24T04,60,0,5.4,0,15913,1
2026-09-24T04,60,0,5.5,0,3283,2
2026-09-24T04,60,0,5.6,0,16238,1
2026-09-24T04,60,0,5.7,0,481,1
2026-09-24T04,60,0,5.8,0,1420,3
2026-09-24T04,60,0,5.9,0,33928,1
2026-09-24T04,60,0,6.0,0,9101,5
2026-09-24T04,60,1,5.9,5085,39799,3
2026-09-24T04,60,1,6.0,0,9152,1
2026-09-24T04,60,2,5.9,25815,44289,2
2026-09-24T04,60,2,6.0,0,50000,1
2026-09-24T05,60,0,5.6,0,3538,2
2026-09-24T05,60,0,5.7,3107,546,3
2026-09-24T05,60,0,5.8,0,8611,1
2026-09-24T05,60,0,5.9,16365,0,3
2026-09-24T05,60,2,6.0,0,1500,1
2026-09-24T05,60,4,6.1,0,123839,1
2026-09-24T05,60,4,6.2,5000,40262,2
2026-09-24T05,60,4,6.3,0,60272,1
2026-09-24T05,60,5,6.7,3903,0,1
2026-09-24T05,60,6,6.8,26042,0,2
2026-09-24T06,60,0,5.5,1,0,1
2026-09-24T06,60,0,5.6,0,3624,1
2026-09-24T06,60,0,5.7,520,0,1
2026-09-24T06,60,0,5.8,0,1085,1
2026-09-24T06,60,0,5.9,0,6679,1
2026-09-24T06,60,1,5.9,17230,0,2
2026-09-24T06,60,2,6.0,0,1000,1
2026-09-24T06,60,3,6.1,2000,0,1
2026-09-24T06,60,5,6.6,22,0,1
2026-09-24T06,60,6,6.8,22,0,1
2026-09-24T07,60,0,5.3,0,507,1
2026-09-24T07,60,0,5.5,0,9565,3
2026-09-24T07,60,1,5.7,7615,0,2
