heure,kind,quality,prix,vendu,disparu,n_evt
2026-09-04T12,22,0,89.0,20046,,2
2026-09-04T12,22,0,90.0,1928,,1
2026-09-04T12,22,0,90.5,6630,,1
2026-09-04T12,22,0,91.0,11692,,1
2026-09-04T13,22,3,89.0,2338,,1
2026-09-04T13,22,4,90.0,989,,1
2026-09-04T13,22,5,90.5,3250,,1
2026-09-04T14,22,4,90.5,1698,,1
2026-09-04T14,22,5,91.0,17228,,1
2026-09-04T14,22,7,91.5,7950,,1
2026-09-04T15,22,6,90.0,10320,,2
2026-09-04T16,22,2,89.5,4566,,2
2026-09-04T16,22,5,91.0,1962,,1
2026-09-04T16,22,6,91.0,1655,,1
2026-09-04T17,22,2,89.0,708,,1
2026-09-04T17,22,2,89.5,9121,,2
2026-09-04T18,22,0,89.0,55,,1
2026-09-04T18,22,3,90.0,5194,,1
2026-09-04T18,22,4,90.0,27190,,2
2026-09-04T21,22,0,88.0,35,,1
2026-09-04T21,22,0,88.5,154,,2
2026-09-04T21,22,0,89.5,733,,2
2026-09-04T21,22,0,90.0,2246,,1
2026-09-04T21,22,1,88.0,49,,1
2026-09-04T21,22,1,88.5,749,,2
2026-09-04T21,22,1,89.0,289,,1
2026-09-04T21,22,1,89.5,2634,,4
2026-09-04T21,22,2,89.0,28,,1
2026-09-04T21,22,2,89.5,4870,,2
2026-09-04T21,22,3,89.5,1345,,2
2026-09-04T21,22,3,90.0,4480,,1
2026-09-04T21,22,4,90.0,14606,,1
2026-09-04T21,22,4,90.5,22128,,4
2026-09-04T21,22,5,91.0,41772,,1
2026-09-04T21,22,7,91.5,7830,,1
2026-09-04T23,22,0,89.5,0,113,1
2026-09-04T23,22,0,90.0,0,2903,1
2026-09-04T23,22,1,90.0,0,268,2
2026-09-04T23,22,3,90.5,10923,18730,2
2026-09-04T23,22,4,91.0,3933,10000,2
2026-09-04T23,22,5,91.0,0,18340,1
2026-09-05T00,22,0,87.5,0,217,1
2026-09-05T00,22,0,89.5,0,18,1
2026-09-05T00,22,0,90.0,2108,0,1
2026-09-05T00,22,4,88.0,0,9220,1
2026-09-05T01,22,0,86.5,0,32,1
2026-09-05T01,22,0,87.5,0,5,1
2026-09-05T01,22,0,88.0,109,30,2
2026-09-05T01,22,0,89.0,0,6293,2
2026-09-05T01,22,0,89.5,0,22,1
2026-09-05T01,22,0,90.0,2942,0,1
2026-09-05T01,22,1,87.5,0,34,1
2026-09-05T01,22,1,88.5,0,78,1
2026-09-05T01,22,1,89.0,0,1659,2
2026-09-05T01,22,3,89.5,0,1000,1
2026-09-05T01,22,3,90.0,0,1816,1
2026-09-05T01,22,4,90.0,1129,9319,2
2026-09-05T01,22,4,90.5,184,0,1
2026-09-05T02,22,0,88.5,0,183,1
2026-09-05T02,22,0,89.0,0,736,2
2026-09-05T02,22,2,89.0,0,894,1
2026-09-05T02,22,2,89.5,25877,784,4
2026-09-05T02,22,2,90.0,1060,0,1
2026-09-05T02,22,3,90.5,0,12532,1
2026-09-05T02,22,4,90.0,926,790,2
2026-09-05T02,22,4,90.5,0,4706,1
2026-09-05T02,22,4,91.0,9309,0,2
2026-09-05T02,22,5,91.0,4259,5741,2
2026-09-05T03,22,0,87.0,0,300,1
2026-09-05T03,22,0,87.5,900,3070,2
2026-09-05T03,22,0,88.0,0,327,1
2026-09-05T03,22,0,88.5,0,9,1
2026-09-05T03,22,0,89.0,0,23,1
2026-09-05T03,22,1,89.5,0,161,1
2026-09-05T03,22,2,88.0,3000,3204,2
2026-09-05T03,22,2,89.0,551,4676,3
2026-09-05T03,22,3,88.5,0,441,1
2026-09-05T03,22,3,89.0,0,24,1
2026-09-05T03,22,3,89.5,2029,0,1
2026-09-05T03,22,4,89.5,589,0,1
2026-09-05T04,22,0,88.0,0,28,1
2026-09-05T04,22,0,88.5,50,976,2
2026-09-05T04,22,1,88.5,0,54,1
2026-09-05T04,22,1,89.0,689,0,1
2026-09-05T04,22,4,88.5,0,1728,1
2026-09-05T04,22,4,89.0,5325,14714,2
2026-09-05T04,22,4,89.5,9513,0,1
2026-09-05T04,22,5,90.0,0,11719,1
2026-09-05T04,22,5,90.5,0,6383,2
2026-09-05T04,22,6,91.0,9708,0,2
2026-09-05T05,22,0,87.5,0,48,1
2026-09-05T05,22,0,88.0,0,35,2
2026-09-05T05,22,0,89.0,0,4058,3
2026-09-05T05,22,1,87.5,0,957,1
2026-09-05T05,22,1,88.0,0,198,1
2026-09-05T05,22,1,89.0,0,1790,2
2026-09-05T05,22,2,88.0,0,10366,2
2026-09-05T05,22,2,88.5,15250,0,3
2026-09-05T05,22,3,88.5,0,6037,1
2026-09-05T05,22,4,88.5,0,2500,1
2026-09-05T05,22,4,89.0,0,552,1
2026-09-05T05,22,4,89.5,2504,10895,3
2026-09-05T06,22,0,86.5,0,500,1
2026-09-05T06,22,0,87.0,280,0,1
2026-09-05T06,22,0,87.5,0,3071,1
2026-09-05T06,22,1,88.0,7053,0,4
2026-09-05T06,22,2,88.0,1006,0,1
2026-09-05T06,22,2,88.5,0,590,1
2026-09-05T06,22,2,89.0,0,1500,1
2026-09-05T06,22,3,89.0,0,992,1
2026-09-05T06,22,3,89.5,6320,0,4
2026-09-05T06,22,4,90.0,0,3545,1
2026-09-05T06,22,4,90.5,4138,55,3
2026-09-05T06,22,5,90.5,0,7006,1
2026-09-05T06,22,6,90.5,0,10000,1
2026-09-05T07,22,0,86.5,0,2033,2
2026-09-05T07,22,0,87.0,316,117,3
2026-09-05T07,22,0,87.5,134,912,3
2026-09-05T07,22,1,87.5,0,167,1
2026-09-05T07,22,1,88.0,3581,1509,3
2026-09-05T07,22,2,87.5,5426,2057,2
2026-09-05T07,22,2,88.0,0,4136,2
2026-09-05T07,22,2,88.5,2118,996,3
2026-09-05T07,22,3,89.5,2200,0,1
2026-09-05T07,22,5,90.5,20880,0,1
2026-09-05T07,22,11,108.0,0,24423,1
2026-09-05T08,22,0,86.0,0,170,1
2026-09-05T08,22,0,86.5,0,306,1
2026-09-05T08,22,0,87.0,1200,1006,2
2026-09-05T08,22,0,87.5,36,2194,3
2026-09-05T08,22,1,88.5,244,56,2
2026-09-05T08,22,1,89.5,0,1696,1
2026-09-05T08,22,2,88.0,420,6325,2
2026-09-05T08,22,2,88.5,0,7903,2
2026-09-05T08,22,2,89.0,0,9548,1
2026-09-05T08,22,3,89.0,500,7500,2
2026-09-05T08,22,3,89.5,0,11423,1
2026-09-05T08,22,3,90.0,12200,0,1
2026-09-05T08,22,4,90.0,0,6069,2
2026-09-05T08,22,4,90.5,28600,0,1
2026-09-05T08,22,5,90.0,0,85,1
2026-09-05T08,22,5,90.5,5375,24370,4
2026-09-05T09,22,0,86.0,0,237,1
2026-09-05T09,22,0,86.5,0,137,1
2026-09-05T09,22,0,87.0,0,500,1
2026-09-05T09,22,0,87.5,0,63,1
2026-09-05T09,22,0,88.0,0,289,1
2026-09-05T09,22,1,88.0,13200,0,2
2026-09-05T09,22,2,88.5,100,6881,2
2026-09-05T09,22,3,88.5,0,4402,1
2026-09-05T09,22,3,89.0,740,0,1
2026-09-05T09,22,4,88.5,0,1818,1
2026-09-05T09,22,5,91.5,3339,2000,2
2026-09-05T09,22,6,91.0,0,1292,1
2026-09-05T09,22,6,91.5,0,5000,1
2026-09-05T09,22,7,91.0,0,220,1
2026-09-05T09,22,7,91.5,0,378,1
2026-09-05T09,22,7,92.0,3890,0,1
2026-09-05T10,22,0,86.0,3043,1747,2
2026-09-05T10,22,0,86.5,1368,0,2
2026-09-05T10,22,1,87.0,0,54,1
2026-09-05T10,22,1,87.5,2003,0,2
2026-09-05T10,22,2,87.5,0,46,2
2026-09-05T10,22,2,88.0,0,3951,4
2026-09-05T10,22,2,88.5,5347,0,3
2026-09-05T10,22,3,89.0,2469,0,1
2026-09-05T10,22,4,89.0,500,3241,2
2026-09-05T10,22,5,91.5,1499,0,1
2026-09-05T10,22,7,92.0,600,0,1
2026-09-05T11,22,0,85.5,0,14571,1
2026-09-05T11,22,0,86.0,272,15057,3
2026-09-05T11,22,0,86.5,0,949,1
2026-09-05T11,22,0,87.0,0,551,2
2026-09-05T11,22,0,87.5,4011,1951,4
2026-09-05T11,22,1,86.5,0,175,1
2026-09-05T11,22,1,87.0,0,500,1
2026-09-05T11,22,1,87.5,808,10605,6
2026-09-05T11,22,1,88.0,12414,0,1
2026-09-05T11,22,2,88.5,0,29689,1
2026-09-05T11,22,3,87.5,0,5445,1
2026-09-05T11,22,3,88.0,0,376,1
2026-09-05T11,22,4,88.5,29,5722,2
2026-09-05T11,22,4,89.0,6351,0,1
2026-09-05T11,22,7,88.0,1010,10990,2
2026-09-05T12,22,0,85.0,0,2302,2
2026-09-05T12,22,0,85.5,1705,2759,2
2026-09-05T12,22,0,86.0,0,61,1
2026-09-05T12,22,0,86.5,0,773,1
2026-09-05T12,22,0,87.0,0,359,2
2026-09-05T12,22,0,87.5,0,2369,1
2026-09-05T12,22,1,87.0,0,47,1
2026-09-05T12,22,1,87.5,0,6499,2
2026-09-05T12,22,2,87.5,0,2694,1
2026-09-05T12,22,3,87.5,0,3323,1
2026-09-05T12,22,4,88.0,9364,387,2
2026-09-05T12,22,4,88.5,9417,0,2
2026-09-05T13,22,0,86.5,0,88,1
2026-09-05T13,22,0,87.5,0,4737,1
2026-09-05T13,22,1,87.5,0,572,3
2026-09-05T13,22,2,87.0,0,479,1
2026-09-05T13,22,2,87.5,0,5023,1
2026-09-05T13,22,2,88.0,1126,0,1
2026-09-05T13,22,3,87.5,0,7821,1
2026-09-05T13,22,3,88.0,4543,5555,5
2026-09-05T13,22,4,88.0,0,5405,1
2026-09-05T13,22,4,88.5,8426,0,3
2026-09-05T13,22,6,90.5,165,0,1
2026-09-05T13,22,7,87.5,0,2635,1
2026-09-05T14,22,0,87.5,0,526,1
2026-09-05T14,22,2,87.5,3095,1451,2
2026-09-05T14,22,3,88.0,7490,0,2
2026-09-05T14,22,4,88.0,0,15165,2
2026-09-05T14,22,4,88.5,15386,13546,3
2026-09-05T14,22,5,90.0,9654,0,2
2026-09-05T14,22,6,90.5,0,3305,1
2026-09-05T14,22,6,91.0,4645,0,1
2026-09-05T14,22,7,87.5,0,1000,1
2026-09-05T15,22,0,87.0,0,158,1
2026-09-05T15,22,0,87.5,0,1751,2
2026-09-05T15,22,1,87.5,0,3343,2
2026-09-05T15,22,1,88.0,2470,0,1
2026-09-05T15,22,2,87.5,0,735,1
2026-09-05T15,22,2,88.0,302,3468,2
2026-09-05T15,22,3,88.0,0,626,1
2026-09-05T15,22,4,88.0,57,0,1
2026-09-05T16,22,0,87.0,0,1188,3
2026-09-05T16,22,1,87.5,399,445,2
2026-09-05T16,22,1,88.0,0,491,2
2026-09-05T16,22,2,87.5,0,1168,1
2026-09-05T16,22,2,88.0,0,4439,1
2026-09-05T16,22,3,87.5,0,5647,1
2026-09-05T16,22,3,88.5,0,8500,1
2026-09-05T16,22,3,89.0,0,7106,2
2026-09-05T16,22,4,88.0,5240,3030,2
2026-09-05T16,22,4,88.5,0,11614,1
2026-09-05T16,22,4,89.0,0,2081,1
2026-09-05T16,22,4,89.5,8847,19161,3
2026-09-05T16,22,5,89.5,0,404,1
2026-09-05T16,22,5,90.0,21520,0,1
2026-09-05T16,22,6,90.0,0,10000,1
2026-09-05T17,22,0,87.0,0,35,1
2026-09-05T17,22,0,88.0,0,399,1
2026-09-05T17,22,2,88.0,1390,0,1
2026-09-05T17,22,3,89.0,0,14643,1
2026-09-05T17,22,3,89.5,6293,0,1
2026-09-05T17,22,5,90.0,3985,0,1
2026-09-05T17,22,7,88.0,0,1694,1
2026-09-05T17,22,8,95.5,9448,0,1
2026-09-05T18,22,0,86.5,0,60,1
2026-09-05T18,22,0,87.5,0,19,1
2026-09-05T18,22,0,88.0,0,1343,2
2026-09-05T18,22,0,89.0,0,257,3
2026-09-05T18,22,1,88.0,0,200,1
2026-09-05T18,22,1,89.0,0,900,1
2026-09-05T18,22,2,87.0,1240,1804,2
2026-09-05T18,22,2,87.5,0,583,1
2026-09-05T18,22,2,88.0,14370,300,2
2026-09-05T18,22,2,88.5,0,2308,1
2026-09-05T18,22,3,87.5,0,1918,1
2026-09-05T18,22,3,89.0,0,846,2
2026-09-05T18,22,3,89.5,18662,8266,3
2026-09-05T18,22,4,89.5,424,0,1
2026-09-05T18,22,5,89.5,4791,1152,2
2026-09-05T18,22,6,91.0,0,16355,2
2026-09-05T18,22,7,91.5,12468,0,1
2026-09-05T19,22,0,86.5,0,12,1
2026-09-05T19,22,0,87.0,0,60,1
2026-09-05T19,22,1,87.5,8896,0,1
2026-09-05T19,22,2,88.0,2318,0,2
2026-09-05T19,22,4,89.5,630,0,1
2026-09-05T19,22,5,89.5,1487,0,1
2026-09-05T20,22,0,86.0,0,39,1
2026-09-05T20,22,0,86.5,0,1436,1
2026-09-05T20,22,0,87.0,0,1825,2
2026-09-05T20,22,0,87.5,0,1528,2
2026-09-05T20,22,0,88.5,0,50,1
2026-09-05T20,22,0,89.0,0,84,1
2026-09-05T20,22,0,89.5,15,0,1
2026-09-05T20,22,1,87.5,0,244,1
2026-09-05T20,22,1,88.0,0,838,1
2026-09-05T20,22,1,88.5,0,415,1
2026-09-05T20,22,1,89.0,0,2447,2
2026-09-05T20,22,1,89.5,0,1000,1
2026-09-05T20,22,2,87.5,2023,1862,2
2026-09-05T20,22,2,88.0,0,7716,2
2026-09-05T20,22,2,88.5,5645,1411,2
2026-09-05T20,22,2,89.0,0,394,1
2026-09-05T20,22,2,89.5,0,4362,1
2026-09-05T20,22,3,89.0,0,227,1
2026-09-05T20,22,3,89.5,0,2599,1
2026-09-05T20,22,4,88.0,0,10707,1
2026-09-05T20,22,4,89.0,0,4858,1
2026-09-05T20,22,4,89.5,0,8896,3
2026-09-05T20,22,4,90.0,19857,0,3
2026-09-05T20,22,5,89.5,3613,900,3
2026-09-05T20,22,5,90.0,0,29966,1
2026-09-05T20,22,7,87.5,0,840,1
2026-09-05T21,22,0,86.0,0,22,1
2026-09-05T21,22,0,86.5,0,1990,1
2026-09-05T21,22,0,88.0,0,84,1
2026-09-05T21,22,0,89.5,0,466,2
2026-09-05T21,22,1,89.0,0,929,1
2026-09-05T21,22,1,89.5,0,775,1
2026-09-05T21,22,4,90.0,5492,996,3
2026-09-05T21,22,5,90.5,0,7665,1
2026-09-05T21,22,5,91.0,0,982,1
2026-09-05T21,22,6,91.0,0,2850,1
2026-09-05T23,22,0,88.0,0,52,1
2026-09-05T23,22,0,88.5,169,0,1
2026-09-05T23,22,1,89.5,0,2471,1
2026-09-05T23,22,1,90.0,0,683,1
2026-09-05T23,22,2,90.0,0,2462,1
2026-09-05T23,22,3,90.0,0,23339,4
2026-09-05T23,22,4,90.0,0,3284,1
2026-09-05T23,22,4,90.5,35346,64147,3
2026-09-05T23,22,7,91.5,0,2532,1
2026-09-05T23,22,7,92.0,803,0,1
2026-09-06T00,22,0,88.0,0,20,1
2026-09-06T00,22,0,88.5,5921,6612,5
2026-09-06T00,22,0,89.5,0,33,1
2026-09-06T00,22,1,88.5,0,1432,1
2026-09-06T00,22,1,89.0,18,152,2
2026-09-06T00,22,1,89.5,178,0,1
2026-09-06T00,22,3,89.5,0,267,1
2026-09-06T00,22,4,90.0,3303,1059,2
2026-09-06T00,22,4,90.5,0,760,1
2026-09-06T00,22,4,91.0,16935,0,1
2026-09-06T00,22,5,91.0,0,20000,1
2026-09-06T01,22,0,85.5,952,1671,3
2026-09-06T01,22,0,86.0,6783,551,6
2026-09-06T01,22,0,86.5,5,2504,3
2026-09-06T01,22,1,86.5,0,221,1
2026-09-06T01,22,1,87.0,540,120,3
2026-09-06T01,22,1,87.5,0,2114,1
2026-09-06T01,22,2,87.5,2629,0,1
2026-09-06T01,22,2,88.0,569,0,1
2026-09-06T01,22,3,85.5,0,1000,1
2026-09-06T01,22,4,91.0,6064,0,3
2026-09-06T02,22,0,84.5,0,100,1
2026-09-06T02,22,0,85.0,0,210,2
2026-09-06T02,22,0,85.5,0,266,2
2026-09-06T02,22,0,86.0,1069,63,4
2026-09-06T02,22,0,86.5,0,1826,2
2026-09-06T02,22,0,87.0,532,30,4
2026-09-06T02,22,2,87.0,100,2934,3
2026-09-06T02,22,2,87.5,4265,232,5
2026-09-06T02,22,3,88.0,68,0,1
2026-09-06T02,22,3,88.5,1724,0,1
2026-09-06T03,22,0,86.5,0,663,1
2026-09-06T03,22,0,87.0,7,2,2
2026-09-06T03,22,0,87.5,1900,5482,6
2026-09-06T03,22,0,88.0,0,401,1
2026-09-06T03,22,1,87.5,0,1109,1
2026-09-06T03,22,2,88.0,2234,8090,5
2026-09-06T03,22,3,88.0,1118,16807,3
2026-09-06T03,22,3,88.5,7758,0,3
2026-09-06T03,22,4,88.5,0,448,1
2026-09-06T03,22,4,89.0,0,5972,2
2026-09-06T03,22,4,89.5,2730,0,2
2026-09-06T04,22,0,86.0,0,1740,1
2026-09-06T04,22,0,88.5,0,1471,1
2026-09-06T04,22,1,88.0,0,20,1
2026-09-06T04,22,1,88.5,30,670,3
2026-09-06T04,22,3,88.5,508,10,2
2026-09-06T04,22,3,89.0,11425,3246,7
2026-09-06T04,22,4,89.0,231,17189,3
2026-09-06T04,22,4,89.5,0,9506,1
2026-09-06T04,22,4,90.0,0,4295,1
2026-09-06T04,22,4,90.5,360,0,1
2026-09-06T04,22,5,89.5,2500,10620,2
2026-09-06T04,22,5,90.5,0,6596,1
2026-09-06T05,22,0,87.5,0,282,2
2026-09-06T05,22,0,88.0,4224,701,7
2026-09-06T05,22,0,89.0,2335,604,4
2026-09-06T05,22,1,89.0,0,1708,1
2026-09-06T05,22,1,89.5,0,238,1
2026-09-06T05,22,2,88.5,1878,1800,4
2026-09-06T05,22,2,90.0,600,0,1
2026-09-06T05,22,3,89.0,0,12780,1
2026-09-06T05,22,3,89.5,0,263,1
2026-09-06T05,22,3,90.0,1202,15290,3
2026-09-06T05,22,3,90.5,2410,0,1
2026-09-06T05,22,4,90.0,610,0,1
2026-09-06T05,22,4,90.5,1145,1290,2
2026-09-06T05,22,6,91.5,6420,0,1
2026-09-06T06,22,0,87.0,0,332,1
2026-09-06T06,22,0,87.5,0,1204,2
2026-09-06T06,22,0,88.0,90,140,2
2026-09-06T06,22,0,88.5,0,381,2
2026-09-06T06,22,0,89.0,686,867,3
2026-09-06T06,22,0,89.5,0,230,1
2026-09-06T06,22,0,90.0,0,2350,1
2026-09-06T06,22,1,88.5,785,18,3
2026-09-06T06,22,1,90.0,0,1200,1
2026-09-06T06,22,2,87.0,0,4438,1
2026-09-06T06,22,2,89.0,27,4223,2
2026-09-06T06,22,2,90.0,1960,6911,3
2026-09-06T06,22,3,89.0,450,1815,2
2026-09-06T06,22,3,89.5,165,218,2
2026-09-06T06,22,3,90.0,0,4927,2
2026-09-06T06,22,4,89.5,0,23000,1
2026-09-06T06,22,4,90.0,660,747,2
2026-09-06T06,22,4,90.5,10788,0,3
2026-09-06T06,22,5,87.5,9954,6401,2
2026-09-06T06,22,7,88.0,7891,7109,3
2026-09-06T07,22,0,88.5,0,365,2
2026-09-06T07,22,0,89.0,0,112,1
2026-09-06T07,22,0,89.5,0,244,1
2026-09-06T07,22,1,90.0,0,592,1
2026-09-06T07,22,2,89.0,15331,0,6
2026-09-06T07,22,2,89.5,0,1936,1
2026-09-06T07,22,2,90.5,0,1726,2
2026-09-06T07,22,3,90.5,696,20807,4
2026-09-06T07,22,4,90.5,12122,3694,7
2026-09-06T07,22,4,91.0,0,5099,2
2026-09-06T07,22,5,91.0,0,13030,1
2026-09-06T08,22,0,85.0,0,4,1
2026-09-06T08,22,0,88.0,0,172,1
2026-09-06T08,22,0,88.5,0,159,1
2026-09-06T08,22,2,88.5,1267,2000,2
2026-09-06T08,22,2,89.0,9471,0,7
2026-09-06T08,22,4,90.5,0,641,1
2026-09-06T08,22,4,91.0,8903,0,1
2026-09-06T08,22,5,91.0,0,116,1
2026-09-06T08,22,6,91.5,180,0,1
2026-09-06T09,22,0,86.0,912,534,2
2026-09-06T09,22,0,86.5,0,27,1
2026-09-06T09,22,0,87.0,0,562,2
2026-09-06T09,22,0,87.5,2562,428,2
2026-09-06T09,22,0,88.0,910,1091,3
2026-09-06T09,22,2,88.0,0,3,1
2026-09-06T09,22,2,88.5,3821,0,7
2026-09-06T09,22,3,89.5,0,333,1
2026-09-06T09,22,3,90.0,5926,0,2
2026-09-06T09,22,4,90.0,2604,74,4
2026-09-06T09,22,4,90.5,2868,0,1
2026-09-06T09,22,6,91.0,6500,0,2
2026-09-06T10,22,0,87.5,0,1347,1
2026-09-06T10,22,0,88.0,622,1381,4
2026-09-06T10,22,0,88.5,0,2390,3
2026-09-06T10,22,1,88.0,1994,1369,2
2026-09-06T10,22,1,89.0,4476,2975,3
2026-09-06T10,22,2,87.0,0,500,1
2026-09-06T10,22,2,88.0,277,210,2
2026-09-06T10,22,2,88.5,0,1726,1
2026-09-06T10,22,2,89.0,30022,8671,6
2026-09-06T10,22,3,89.5,22406,0,2
2026-09-06T10,22,4,90.0,121,0,1
2026-09-06T10,22,5,91.0,4191,2033,3
2026-09-06T10,22,6,91.0,0,1106,1
2026-09-06T11,22,0,86.5,0,769,1
2026-09-06T11,22,0,87.0,0,130,1
2026-09-06T11,22,0,88.5,0,1000,2
2026-09-06T11,22,0,89.0,834,0,1
2026-09-06T11,22,1,88.5,0,442,2
2026-09-06T11,22,2,89.0,13742,10644,7
2026-09-06T11,22,3,89.0,0,549,1
2026-09-06T11,22,3,89.5,8533,0,3
2026-09-06T11,22,4,90.0,0,3633,1
2026-09-06T11,22,4,90.5,7707,0,1
2026-09-06T12,22,1,88.0,0,1864,1
2026-09-06T12,22,2,84.0,0,184,1
2026-09-06T12,22,2,84.5,955,6482,3
2026-09-06T12,22,2,87.0,0,43,1
2026-09-06T12,22,2,87.5,3387,200,3
2026-09-06T12,22,2,88.0,11471,0,3
2026-09-06T12,22,2,89.0,558,0,1
2026-09-06T12,22,3,85.0,400,6692,2
2026-09-06T12,22,3,85.5,0,4114,1
2026-09-06T12,22,3,88.0,0,1715,1
2026-09-06T12,22,3,89.5,710,0,1
2026-09-06T12,22,4,85.5,0,17394,1
2026-09-06T12,22,4,86.0,0,1000,1
2026-09-06T12,22,4,88.0,0,420,1
2026-09-06T12,22,5,88.5,1500,0,1
2026-09-06T13,22,0,86.5,0,79,1
2026-09-06T13,22,0,87.0,1034,1357,8
2026-09-06T13,22,0,87.5,437,0,2
2026-09-06T13,22,1,87.0,0,268,1
2026-09-06T13,22,1,87.5,1343,7,3
2026-09-06T13,22,2,87.0,0,330,1
2026-09-06T13,22,2,87.5,0,4126,1
2026-09-06T13,22,2,88.0,4735,0,4
2026-09-06T13,22,3,88.0,1636,5255,2
2026-09-06T13,22,3,88.5,480,1617,2
2026-09-06T13,22,4,88.5,282,28027,3
2026-09-06T13,22,4,89.5,3428,1572,2
2026-09-06T13,22,4,90.0,0,17233,1
2026-09-06T13,22,5,88.5,0,886,1
2026-09-06T13,22,5,90.0,0,4130,1
2026-09-06T13,22,5,90.5,695,0,1
2026-09-06T13,22,7,89.0,6788,2212,2
2026-09-06T14,22,0,86.0,1594,1415,4
2026-09-06T14,22,0,86.5,40,1218,5
2026-09-06T14,22,0,87.0,0,1938,2
2026-09-06T14,22,0,87.5,2017,209,2
2026-09-06T14,22,1,87.0,254,220,3
2026-09-06T14,22,1,87.5,0,28,1
2026-09-06T14,22,1,88.0,680,0,2
2026-09-06T14,22,2,87.5,0,219,1
2026-09-06T14,22,2,88.0,10266,1750,7
2026-09-06T14,22,2,89.0,0,193,1
2026-09-06T14,22,3,88.5,0,5966,1
2026-09-06T14,22,3,89.0,0,639,1
2026-09-06T14,22,3,89.5,9517,5153,4
2026-09-06T14,22,3,90.0,2078,0,1
2026-09-06T14,22,4,87.5,0,793,1
2026-09-06T14,22,4,90.0,900,3108,3
2026-09-06T14,22,4,90.5,142,0,1
2026-09-06T14,22,5,90.5,0,4305,1
2026-09-06T14,22,6,90.5,2380,0,2
2026-09-06T14,22,6,91.0,7770,0,1
2026-09-06T14,22,7,88.0,0,1000,1
2026-09-06T14,22,7,89.0,609,3391,2
2026-09-06T15,22,0,87.0,67,509,4
2026-09-06T15,22,0,87.5,0,92,1
2026-09-06T15,22,2,87.5,700,876,2
2026-09-06T15,22,2,88.0,8646,9188,7
2026-09-06T15,22,3,89.5,0,965,1
2026-09-06T15,22,3,90.0,5,0,1
2026-09-06T15,22,5,91.0,157,0,1
2026-09-06T15,22,6,90.5,0,913,1
2026-09-06T15,22,6,91.0,0,2230,1
2026-09-06T16,22,0,85.5,0,30,1
2026-09-06T16,22,0,86.0,0,100,1
2026-09-06T16,22,0,86.5,0,1630,2
2026-09-06T16,22,0,87.0,0,9049,2
2026-09-06T16,22,0,87.5,0,693,3
2026-09-06T16,22,0,88.0,30,334,4
2026-09-06T16,22,0,88.5,34,128,2
2026-09-06T16,22,0,89.0,0,1641,2
2026-09-06T16,22,0,89.5,0,1000,1
2026-09-06T16,22,1,88.0,16787,11144,7
2026-09-06T16,22,1,88.5,0,3630,2
2026-09-06T16,22,1,89.0,32,2680,3
2026-09-06T16,22,1,89.5,0,2271,1
2026-09-06T16,22,2,87.0,0,4026,1
2026-09-06T16,22,2,87.5,1050,294,2
2026-09-06T16,22,2,89.0,0,2584,1
2026-09-06T16,22,2,89.5,2573,5358,5
2026-09-06T16,22,3,88.5,3648,3941,2
2026-09-06T16,22,3,89.0,0,2549,1
2026-09-06T16,22,3,89.5,3443,2807,3
2026-09-06T16,22,3,90.0,4760,0,2
2026-09-06T16,22,4,89.5,100,1265,2
2026-09-06T16,22,4,90.0,7285,1177,3
2026-09-06T16,22,7,88.0,0,2000,1
2026-09-06T16,22,8,95.0,5810,8953,2
2026-09-06T16,22,8,95.5,0,1319,1
2026-09-06T16,22,9,95.5,0,1736,1
2026-09-06T16,22,9,96.0,1432,0,1
2026-09-06T17,22,0,88.5,171,20,3
2026-09-06T17,22,0,89.0,133,17,2
2026-09-06T17,22,0,89.5,0,85,1
2026-09-06T17,22,1,89.5,474,0,1
2026-09-06T17,22,2,88.5,0,887,1
2026-09-06T17,22,2,89.0,0,842,1
2026-09-06T17,22,2,89.5,160,148,2
2026-09-06T17,22,3,89.0,4143,0,2
2026-09-06T17,22,4,90.0,34148,3329,7
2026-09-06T17,22,7,89.0,0,3000,1
2026-09-06T18,22,0,86.5,0,67,1
2026-09-06T18,22,0,87.0,0,2380,2
2026-09-06T18,22,0,87.5,464,0,1
2026-09-06T18,22,0,88.5,0,282,1
2026-09-06T18,22,0,89.0,0,571,2
2026-09-06T18,22,1,89.0,100,18,2
2026-09-06T18,22,2,87.0,2809,4247,2
2026-09-06T18,22,2,89.0,1881,1206,2
2026-09-06T18,22,3,87.0,0,791,1
2026-09-06T18,22,3,87.5,8852,0,3
2026-09-06T18,22,3,89.0,0,3518,1
2026-09-06T18,22,4,88.0,0,142,1
2026-09-06T18,22,4,88.5,0,971,1
2026-09-06T18,22,4,89.0,0,5481,1
2026-09-06T18,22,4,89.5,19598,0,2
2026-09-06T18,22,5,89.0,19447,2477,2
2026-09-06T18,22,6,90.5,6000,0,1
2026-09-06T18,22,7,87.0,0,2000,1
2026-09-06T19,22,0,87.0,0,253,1
2026-09-06T19,22,0,87.5,30,398,4
2026-09-06T19,22,0,88.0,750,262,3
2026-09-06T19,22,1,87.0,396,0,1
2026-09-06T19,22,1,87.5,0,2079,1
2026-09-06T19,22,1,88.0,0,385,1
2026-09-06T19,22,1,88.5,7747,0,2
2026-09-06T19,22,2,86.5,0,68,1
2026-09-06T19,22,2,87.0,0,1166,2
2026-09-06T19,22,2,88.0,210,395,2
2026-09-06T19,22,3,87.5,560,798,2
2026-09-06T19,22,3,88.0,0,308,1
2026-09-06T19,22,3,88.5,0,1281,1
2026-09-06T19,22,3,89.0,0,7669,1
2026-09-06T19,22,4,89.0,410,1597,4
2026-09-06T19,22,4,89.5,0,16827,1
2026-09-06T19,22,5,89.5,9498,914,3
2026-09-06T19,22,6,90.0,0,70000,1
2026-09-06T19,22,7,88.0,0,2000,1
2026-09-06T20,22,0,85.0,0,13,1
2026-09-06T20,22,0,85.5,0,2148,1
2026-09-06T20,22,0,86.0,1987,335,4
2026-09-06T20,22,0,86.5,10,642,3
2026-09-06T20,22,0,88.5,5,0,1
2026-09-06T20,22,1,87.0,658,1722,2
2026-09-06T20,22,1,88.5,0,3448,1
2026-09-06T20,22,1,89.0,396,1760,3
2026-09-06T20,22,1,89.5,0,748,1
2026-09-06T20,22,2,86.5,500,4740,2
2026-09-06T20,22,2,87.0,1500,1009,3
2026-09-06T20,22,2,87.5,0,50,1
2026-09-06T20,22,2,88.0,0,8829,3
2026-09-06T20,22,2,88.5,0,200,1
2026-09-06T20,22,2,89.0,0,1440,1
2026-09-06T20,22,2,89.5,3208,1949,3
2026-09-06T20,22,3,88.5,156,26,2
2026-09-06T20,22,3,89.0,0,263,1
2026-09-06T20,22,3,89.5,0,2025,4
2026-09-06T20,22,4,89.5,0,278,1
2026-09-06T20,22,5,90.0,36941,0,6
2026-09-06T21,22,0,88.5,1599,204,3
2026-09-06T21,22,0,89.0,1387,2080,7
2026-09-06T21,22,1,89.0,1446,0,1
2026-09-06T21,22,1,89.5,0,647,1
2026-09-06T21,22,2,89.5,0,593,1
2026-09-06T21,22,3,89.0,1501,0,1
2026-09-06T21,22,3,89.5,2903,0,1
2026-09-06T21,22,4,89.5,5306,0,2
2026-09-06T21,22,4,90.0,433,2831,3
2026-09-06T21,22,5,90.0,28044,5015,4
2026-09-06T22,22,0,88.5,0,72,1
2026-09-06T22,22,0,89.0,877,747,3
2026-09-06T22,22,1,89.0,2363,1434,5
2026-09-06T22,22,3,89.0,369,190,2
2026-09-06T22,22,3,89.5,2555,5027,6
2026-09-06T22,22,4,89.5,6909,3599,5
2026-09-06T22,22,4,90.0,2087,0,1
2026-09-06T22,22,5,90.0,0,386,1
2026-09-06T22,22,5,90.5,1650,0,1
2026-09-06T22,22,6,90.5,0,4000,1
2026-09-06T23,22,0,86.5,142,310,3
2026-09-06T23,22,0,87.0,0,470,1
2026-09-06T23,22,0,89.0,700,1274,5
2026-09-06T23,22,1,88.5,0,1499,1
2026-09-06T23,22,1,89.0,0,3487,1
2026-09-06T23,22,1,89.5,821,2428,4
2026-09-06T23,22,2,89.5,756,0,1
2026-09-06T23,22,3,89.5,270,81,2
2026-09-06T23,22,4,89.5,0,1350,1
2026-09-06T23,22,4,90.0,8981,1154,4
2026-09-07T00,22,0,85.5,0,90,1
2026-09-07T00,22,0,86.5,60,233,2
2026-09-07T00,22,0,87.0,1177,1398,3
2026-09-07T00,22,0,87.5,5435,0,2
2026-09-07T00,22,0,89.0,854,0,2
2026-09-07T00,22,1,88.5,30,495,2
2026-09-07T00,22,3,89.0,1210,1141,3
2026-09-07T00,22,4,89.5,220,0,2
2026-09-07T00,22,5,90.5,23083,0,1
2026-09-07T01,22,0,86.0,0,367,1
2026-09-07T01,22,0,87.0,0,339,1
2026-09-07T01,22,0,87.5,1547,418,6
2026-09-07T01,22,1,85.5,0,1264,1
2026-09-07T01,22,1,86.5,688,2562,2
2026-09-07T01,22,1,88.0,611,0,2
2026-09-07T01,22,2,88.0,9457,169,3
2026-09-07T01,22,2,88.5,2560,0,1
2026-09-07T01,22,3,89.0,1122,1408,2
2026-09-07T01,22,4,89.0,1261,959,2
2026-09-07T01,22,4,89.5,4023,0,1
2026-09-07T01,22,5,90.0,0,3222,1
2026-09-07T01,22,5,90.5,1676,0,1
2026-09-07T02,22,0,88.0,0,284,2
2026-09-07T02,22,0,88.5,3495,708,4
2026-09-07T02,22,0,89.0,829,9891,2
2026-09-07T02,22,0,89.5,0,767,1
2026-09-07T02,22,1,88.0,0,1254,1
2026-09-07T02,22,1,89.5,0,581,1
2026-09-07T02,22,2,88.0,0,1069,1
2026-09-07T02,22,2,88.5,10848,3663,6
2026-09-07T02,22,2,89.5,0,6277,1
2026-09-07T02,22,3,89.0,0,1802,1
2026-09-07T02,22,3,90.0,1574,0,1
2026-09-07T02,22,4,89.0,0,831,2
2026-09-07T02,22,4,89.5,3152,244,5
2026-09-07T02,22,4,90.0,0,10611,1
2026-09-07T02,22,5,90.5,4696,0,1
2026-09-07T02,22,6,89.0,0,5000,1
2026-09-07T02,22,6,91.0,0,5000,1
2026-09-07T02,22,6,91.5,2,5000,2
2026-09-07T02,22,7,91.0,0,220,1
2026-09-07T02,22,7,91.5,0,2000,1
2026-09-07T03,22,0,88.5,0,146,1
2026-09-07T03,22,0,89.0,0,714,1
2026-09-07T03,22,0,89.5,0,2331,2
2026-09-07T03,22,1,89.5,0,1206,1
2026-09-07T03,22,2,87.5,1895,0,2
2026-09-07T03,22,2,89.5,0,2512,1
2026-09-07T03,22,3,90.0,15175,4742,7
2026-09-07T03,22,4,88.0,50,0,1
2026-09-07T03,22,4,88.5,29932,0,2
2026-09-07T03,22,5,90.5,3978,0,2
2026-09-07T03,22,6,91.0,3897,0,1
2026-09-07T04,22,0,87.0,768,0,1
2026-09-07T04,22,2,87.5,9852,4744,4
2026-09-07T04,22,2,88.0,0,3421,2
2026-09-07T04,22,4,88.0,0,3253,1
2026-09-07T04,22,4,88.5,9827,0,5
2026-09-07T05,22,0,86.5,0,47,1
2026-09-07T05,22,0,87.0,0,3000,1
2026-09-07T05,22,1,86.5,0,748,1
2026-09-07T05,22,1,87.5,0,58,1
2026-09-07T05,22,2,87.0,6468,463,4
2026-09-07T05,22,2,87.5,0,41,1
2026-09-07T05,22,2,88.0,2056,1118,2
2026-09-07T05,22,3,88.0,5742,170,5
2026-09-07T05,22,4,88.0,400,1242,3
2026-09-07T05,22,4,88.5,2008,0,2
2026-09-07T05,22,5,88.5,3732,977,3
2026-09-07T06,22,0,86.5,0,1148,2
2026-09-07T06,22,0,87.0,1565,1190,2
2026-09-07T06,22,1,86.5,0,25,1
2026-09-07T06,22,1,87.0,0,4777,1
2026-09-07T06,22,1,87.5,5824,0,4
2026-09-07T06,22,2,86.0,0,800,1
2026-09-07T06,22,2,86.5,0,61,1
2026-09-07T06,22,2,87.0,2008,542,5
2026-09-07T06,22,2,87.5,556,581,3
2026-09-07T06,22,3,88.0,1290,3,3
2026-09-07T06,22,3,90.0,0,8965,1
2026-09-07T06,22,4,88.5,16265,0,4
2026-09-07T06,22,5,89.0,6909,0,1
2026-09-07T07,22,0,84.5,150,0,1
2026-09-07T07,22,0,86.5,665,0,1
2026-09-07T07,22,0,87.0,341,0,2
2026-09-07T07,22,1,84.5,0,153,1
2026-09-07T07,22,1,85.0,77,0,1
2026-09-07T07,22,1,86.0,0,597,1
2026-09-07T07,22,1,86.5,1608,192,3
2026-09-07T07,22,2,86.5,0,296,1
2026-09-07T07,22,2,87.0,0,1135,1
2026-09-07T07,22,2,87.5,530,2000,3
2026-09-07T07,22,3,87.5,1560,1882,2
2026-09-07T07,22,3,88.0,2937,0,2
2026-09-07T07,22,5,88.5,215,0,1
2026-09-07T07,22,10,98.0,0,9946,1
2026-09-07T08,22,0,84.0,0,77,1
2026-09-07T08,22,0,84.5,0,50,1
2026-09-07T08,22,0,85.5,0,800,1
2026-09-07T08,22,0,86.0,0,324,2
2026-09-07T08,22,0,86.5,0,66,1
2026-09-07T08,22,0,87.0,0,124,1
2026-09-07T08,22,0,87.5,3041,231,4
2026-09-07T08,22,1,85.0,73,1066,2
2026-09-07T08,22,1,86.5,0,54,1
2026-09-07T08,22,1,87.5,0,2299,1
2026-09-07T08,22,1,88.0,2279,343,3
2026-09-07T08,22,2,87.0,0,2244,3
2026-09-07T08,22,2,87.5,0,1009,2
2026-09-07T08,22,2,88.0,0,7094,1
2026-09-07T08,22,2,89.5,720,377,2
2026-09-07T08,22,3,87.5,1355,1220,3
2026-09-07T08,22,3,88.0,0,17821,1
2026-09-07T08,22,3,90.0,7243,0,1
2026-09-07T08,22,4,88.5,0,17270,2
2026-09-07T08,22,5,88.0,0,15,1
2026-09-07T08,22,5,88.5,0,6801,1
2026-09-07T08,22,5,89.0,0,6549,1
2026-09-07T08,22,5,89.5,0,3320,1
2026-09-07T08,22,5,90.5,9583,153,2
2026-09-07T08,22,6,90.5,0,7781,1
2026-09-07T08,22,6,91.0,127,0,1
2026-09-07T09,22,0,87.5,2233,884,4
2026-09-07T09,22,0,88.0,0,225,1
2026-09-07T09,22,0,89.0,0,584,1
2026-09-07T09,22,1,87.5,0,45,1
2026-09-07T09,22,1,88.0,412,1675,2
2026-09-07T09,22,2,87.0,0,1500,1
2026-09-07T09,22,2,89.0,0,783,1
2026-09-07T09,22,2,89.5,100,743,3
2026-09-07T09,22,2,90.0,11584,0,2
2026-09-07T09,22,3,87.5,0,191,1
2026-09-07T09,22,3,90.0,16287,8956,4
2026-09-07T09,22,4,89.5,0,2164,1
2026-09-07T09,22,4,90.0,0,1389,1
2026-09-07T09,22,5,90.0,0,216,1
2026-09-07T09,22,5,91.0,2783,0,1
2026-09-07T09,22,6,91.0,0,3117,1
2026-09-07T09,22,7,88.0,0,6440,1
2026-09-07T10,22,0,85.5,0,617,1
2026-09-07T10,22,0,86.0,0,1,1
2026-09-07T10,22,0,87.0,0,656,1
2026-09-07T10,22,0,87.5,50,971,3
2026-09-07T10,22,0,88.0,0,288,1
2026-09-07T10,22,0,88.5,0,207,1
2026-09-07T10,22,0,89.0,288,42,2
2026-09-07T10,22,1,88.5,300,305,2
2026-09-07T10,22,1,89.0,723,2056,2
2026-09-07T10,22,1,89.5,0,1060,1
2026-09-07T10,22,2,89.5,0,267,2
2026-09-07T10,22,3,89.5,242,9383,3
2026-09-07T10,22,3,90.0,16973,0,3
2026-09-07T10,22,4,89.5,18,5881,3
2026-09-07T10,22,4,90.0,5276,4724,3
2026-09-07T10,22,5,90.5,4350,0,1
2026-09-07T10,22,6,91.0,900,0,1
2026-09-07T11,22,0,87.5,0,2487,3
2026-09-07T11,22,0,88.0,0,1100,1
2026-09-07T11,22,0,89.5,2731,0,2
2026-09-07T11,22,1,87.5,0,643,1
2026-09-07T11,22,1,88.0,112,651,2
2026-09-07T11,22,1,88.5,154,511,2
2026-09-07T11,22,1,90.0,1407,0,1
2026-09-07T11,22,2,88.5,0,1186,2
2026-09-07T11,22,2,89.0,1229,1211,4
2026-09-07T11,22,2,90.0,0,1753,1
2026-09-07T11,22,3,89.5,1010,12567,5
2026-09-07T11,22,3,90.0,5762,21491,5
2026-09-07T11,22,4,89.5,0,1958,1
2026-09-07T11,22,4,90.0,2058,368,3
2026-09-07T11,22,5,90.5,0,596,1
2026-09-07T11,22,5,91.0,4346,0,1
2026-09-07T11,22,6,91.0,1392,7708,2
2026-09-07T12,22,0,87.5,0,24,1
2026-09-07T12,22,0,88.0,0,181,1
2026-09-07T12,22,0,88.5,202,598,3
2026-09-07T12,22,0,89.0,0,830,1
2026-09-07T12,22,0,89.5,0,5648,4
2026-09-07T12,22,1,88.5,0,188,2
2026-09-07T12,22,1,89.0,0,376,1
2026-09-07T12,22,1,89.5,0,100,1
2026-09-07T12,22,1,90.0,1546,2389,2
2026-09-07T12,22,2,89.5,0,4655,1
2026-09-07T12,22,3,89.0,6096,632,3
2026-09-07T12,22,3,89.5,568,478,2
2026-09-07T12,22,4,89.0,0,357,1
2026-09-07T12,22,4,89.5,0,4290,3
2026-09-07T12,22,4,90.0,16016,22665,8
2026-09-07T12,22,4,90.5,4973,0,1
2026-09-07T12,22,5,90.5,0,2915,1
2026-09-07T12,22,7,89.5,0,3000,1
2026-09-07T13,22,0,86.5,0,500,1
2026-09-07T13,22,0,87.0,0,273,1
2026-09-07T13,22,0,87.5,327,161,3
2026-09-07T13,22,0,88.0,0,1113,1
2026-09-07T13,22,0,89.0,0,250,1
2026-09-07T13,22,1,88.0,0,56,1
2026-09-07T13,22,1,89.5,0,920,1
2026-09-07T13,22,2,88.0,1577,818,2
2026-09-07T13,22,2,88.5,1373,3416,2
2026-09-07T13,22,2,89.5,792,1000,2
2026-09-07T13,22,2,90.0,4816,0,1
2026-09-07T13,22,3,88.5,0,598,1
2026-09-07T13,22,3,89.0,7241,0,2
2026-09-07T13,22,3,90.0,4000,1483,2
2026-09-07T13,22,4,88.5,0,956,1
2026-09-07T13,22,4,89.5,0,9687,1
2026-09-07T13,22,5,90.5,0,2963,1
2026-09-07T13,22,5,91.0,10297,0,1
2026-09-07T13,22,6,91.0,3715,0,1
2026-09-07T13,22,7,89.0,0,2000,1
2026-09-07T13,22,7,90.0,0,1443,1
2026-09-07T13,22,8,91.0,0,827,1
2026-09-07T13,22,9,91.0,0,1000,1
2026-09-07T14,22,0,86.5,0,3,1
2026-09-07T14,22,0,87.0,145,68,2
2026-09-07T14,22,0,87.5,300,438,4
2026-09-07T14,22,0,88.0,1510,1550,4
2026-09-07T14,22,1,87.5,0,98,1
2026-09-07T14,22,1,88.0,280,186,3
2026-09-07T14,22,2,88.0,0,5000,1
2026-09-07T14,22,2,88.5,6032,5183,4
2026-09-07T14,22,2,89.0,604,5220,3
2026-09-07T14,22,2,89.5,322,0,1
2026-09-07T14,22,3,87.0,0,12491,1
2026-09-07T14,22,3,88.5,0,11575,2
2026-09-07T14,22,3,89.0,2473,17494,3
2026-09-07T14,22,3,89.5,0,278,1
2026-09-07T14,22,4,89.0,7560,2256,2
2026-09-07T14,22,4,89.5,5549,5937,3
2026-09-07T14,22,6,91.0,0,2142,1
2026-09-07T14,22,7,91.5,5808,0,1
2026-09-07T15,22,0,87.5,0,5829,2
2026-09-07T15,22,0,88.0,0,3185,4
2026-09-07T15,22,0,88.5,1435,3105,2
2026-09-07T15,22,1,88.0,1242,24,3
2026-09-07T15,22,1,88.5,0,505,1
2026-09-07T15,22,2,88.5,0,26,1
2026-09-07T15,22,3,88.0,0,2958,1
2026-09-07T15,22,3,89.0,7714,0,1
2026-09-07T15,22,4,88.5,2677,0,2
2026-09-07T15,22,4,89.0,3294,0,2
2026-09-07T15,22,7,89.0,0,10452,1
2026-09-07T16,22,0,88.0,0,486,1
2026-09-07T16,22,0,88.5,0,4284,2
2026-09-07T16,22,0,89.5,0,265,1
2026-09-07T16,22,0,90.0,0,59,1
2026-09-07T16,22,1,88.0,0,3597,1
2026-09-07T16,22,1,88.5,0,500,1
2026-09-07T16,22,1,89.0,900,6892,4
2026-09-07T16,22,1,89.5,0,1593,2
2026-09-07T16,22,1,90.0,2468,405,3
2026-09-07T16,22,2,89.5,0,8234,1
2026-09-07T16,22,2,90.0,3215,12926,2
2026-09-07T16,22,3,89.0,0,6286,2
2026-09-07T16,22,3,89.5,0,7000,1
2026-09-07T16,22,3,90.0,4345,1547,3
2026-09-07T16,22,4,88.5,0,3371,1
2026-09-07T16,22,4,89.0,0,44250,2
2026-09-07T16,22,4,89.5,11968,8739,2
2026-09-07T16,22,4,90.0,0,183,1
2026-09-07T16,22,4,90.5,26788,0,3
2026-09-07T16,22,5,90.0,803,2041,2
2026-09-07T16,22,7,90.5,0,999,1
2026-09-07T16,22,7,91.0,7343,0,2
2026-09-07T16,22,9,92.0,0,10000,1
2026-09-07T16,22,9,95.0,3590,0,1
2026-09-07T17,22,0,87.0,150,46,2
2026-09-07T17,22,0,87.5,405,812,3
2026-09-07T17,22,0,88.0,0,157,1
2026-09-07T17,22,0,88.5,5951,21191,4
2026-09-07T17,22,0,89.0,0,622,1
2026-09-07T17,22,1,87.5,1085,1595,2
2026-09-07T17,22,1,88.0,3310,2327,2
2026-09-07T17,22,1,88.5,0,1013,1
2026-09-07T17,22,1,89.0,0,142,1
2026-09-07T17,22,1,90.0,28,0,1
2026-09-07T17,22,2,89.0,83,1000,2
2026-09-07T17,22,2,89.5,2010,236,4
2026-09-07T17,22,3,89.0,0,537,1
2026-09-07T17,22,3,89.5,1988,0,1
2026-09-07T17,22,4,89.5,0,145,1
2026-09-07T17,22,4,90.0,3510,1142,2
2026-09-07T17,22,4,90.5,8946,6278,4
2026-09-07T17,22,5,90.0,298,519,2
2026-09-07T17,22,5,90.5,0,473,1
2026-09-07T17,22,6,90.5,0,7135,1
2026-09-07T17,22,7,90.0,0,780,1
2026-09-07T17,22,7,91.0,5000,0,1
2026-09-07T18,22,0,87.0,0,7532,1
2026-09-07T18,22,0,87.5,0,1210,2
2026-09-07T18,22,0,88.0,0,324,2
2026-09-07T18,22,0,88.5,0,72,1
2026-09-07T18,22,1,88.5,0,371,1
2026-09-07T18,22,1,90.0,433,0,1
2026-09-07T18,22,2,88.5,0,530,1
2026-09-07T18,22,2,89.0,3350,6300,5
2026-09-07T18,22,2,89.5,648,4277,2
2026-09-07T18,22,2,90.0,0,967,1
2026-09-07T18,22,3,87.0,0,600,1
2026-09-07T18,22,3,89.5,0,1212,1
2026-09-07T18,22,4,87.5,0,5538,1
2026-09-07T18,22,4,89.5,0,232,1
2026-09-07T18,22,4,90.0,15419,7318,4
2026-09-07T18,22,5,88.0,0,1862,1
2026-09-07T18,22,6,88.5,0,1000,1
2026-09-07T18,22,7,89.0,257,1743,2
2026-09-07T19,22,0,88.0,0,1032,1
2026-09-07T19,22,0,88.5,50,22,2
2026-09-07T19,22,0,89.0,0,1645,3
2026-09-07T19,22,1,88.5,0,100,1
2026-09-07T19,22,2,87.5,0,600,1
2026-09-07T19,22,2,88.0,1636,421,2
2026-09-07T19,22,2,88.5,2328,3025,3
2026-09-07T19,22,2,89.0,1609,4756,4
2026-09-07T19,22,2,89.5,19215,0,1
2026-09-07T19,22,4,88.0,0,3250,1
2026-09-07T19,22,4,90.0,4564,0,3
2026-09-07T19,22,7,88.5,0,3000,1
2026-09-07T19,22,7,91.0,3532,0,1
2026-09-07T20,22,0,84.5,0,900,1
2026-09-07T20,22,0,85.0,551,98,3
2026-09-07T20,22,0,85.5,0,1003,1
2026-09-07T20,22,0,87.5,0,394,2
2026-09-07T20,22,0,88.0,868,291,2
2026-09-07T20,22,0,89.0,0,129,2
2026-09-07T20,22,0,89.5,120,0,1
2026-09-07T20,22,1,87.5,0,45,1
2026-09-07T20,22,1,88.0,0,276,1
2026-09-07T20,22,1,88.5,75,125,2
2026-09-07T20,22,1,90.0,0,1295,1
2026-09-07T20,22,1,90.5,2100,0,1
2026-09-07T20,22,2,88.5,0,180,1
2026-09-07T20,22,2,89.0,240,2111,4
2026-09-07T20,22,2,89.5,4026,9207,4
2026-09-07T20,22,2,90.0,1560,0,1
2026-09-07T20,22,3,89.0,0,1119,2
2026-09-07T20,22,3,89.5,0,8978,1
2026-09-07T20,22,3,90.0,0,11570,1
2026-09-07T20,22,3,90.5,0,5189,2
2026-09-07T20,22,4,89.5,2160,13095,2
2026-09-07T20,22,4,90.0,0,25752,2
2026-09-07T20,22,4,90.5,14503,11755,4
2026-09-07T20,22,5,90.5,1932,2869,3
2026-09-07T20,22,6,90.5,2382,618,2
2026-09-07T20,22,7,91.0,35919,0,3
2026-09-07T21,22,0,87.5,0,23,1
2026-09-07T21,22,0,89.5,0,156,1
2026-09-07T21,22,0,90.0,0,863,2
2026-09-07T21,22,1,88.0,636,1762,4
2026-09-07T21,22,1,89.0,1420,0,3
2026-09-07T21,22,1,90.5,1873,1566,2
2026-09-07T21,22,2,89.0,9216,0,1
2026-09-07T21,22,2,89.5,1190,3364,3
2026-09-07T21,22,2,90.0,0,2067,1
2026-09-07T21,22,2,90.5,0,1283,1
2026-09-07T21,22,4,90.0,19823,0,3
2026-09-07T21,22,5,91.0,10129,0,1
2026-09-07T21,22,6,91.0,2691,0,2
2026-09-07T21,22,6,91.5,1518,0,1
2026-09-07T21,22,7,91.0,0,2498,1
2026-09-07T21,22,7,91.5,0,4192,1
2026-09-07T22,22,0,87.5,0,5305,2
2026-09-07T22,22,0,88.0,0,2446,1
2026-09-07T22,22,0,88.5,0,26,2
2026-09-07T22,22,0,89.0,0,510,2
2026-09-07T22,22,1,88.5,0,988,1
2026-09-07T22,22,1,89.0,0,2067,1
2026-09-07T22,22,2,88.5,2000,758,2
2026-09-07T22,22,2,89.0,3688,2096,4
2026-09-07T22,22,3,89.0,0,224,1
2026-09-07T22,22,3,89.5,79,0,1
2026-09-07T22,22,4,89.0,1355,3991,2
2026-09-07T22,22,4,89.5,16588,491,7
2026-09-07T22,22,4,90.0,7418,0,1
2026-09-07T22,22,6,90.0,6318,1050,2
2026-09-07T23,22,0,87.0,30,7270,2
2026-09-07T23,22,0,87.5,0,623,1
2026-09-07T23,22,1,87.5,0,500,1
2026-09-07T23,22,1,88.0,457,543,3
2026-09-07T23,22,1,88.5,882,0,1
2026-09-07T23,22,2,89.0,0,214,1
2026-09-07T23,22,2,89.5,2684,0,1
2026-09-07T23,22,3,89.5,3894,988,3
2026-09-07T23,22,4,89.5,0,1227,1
2026-09-07T23,22,5,90.5,0,1518,1
2026-09-07T23,22,6,91.0,1008,0,1
2026-09-08T00,22,0,88.5,756,2169,4
2026-09-08T00,22,0,89.0,244,0,2
2026-09-08T00,22,1,88.5,0,9870,2
2026-09-08T00,22,2,88.5,30,0,1
2026-09-08T00,22,2,89.0,205,1362,4
2026-09-08T00,22,2,89.5,1016,5258,4
2026-09-08T00,22,3,89.5,30,520,2
2026-09-08T00,22,4,90.0,2359,0,3
2026-09-08T01,22,0,87.5,0,25,1
2026-09-08T01,22,0,88.0,0,2810,1
2026-09-08T01,22,0,88.5,0,57,1
2026-09-08T01,22,0,89.0,1099,0,5
2026-09-08T01,22,1,88.0,0,1706,1
2026-09-08T01,22,1,88.5,10,288,2
2026-09-08T01,22,1,89.0,592,290,3
2026-09-08T01,22,2,88.5,0,2703,1
2026-09-08T01,22,2,89.0,0,1611,2
2026-09-08T01,22,2,89.5,0,933,1
2026-09-08T01,22,3,89.5,4055,2045,2
2026-09-08T01,22,3,90.5,12528,0,2
2026-09-08T01,22,4,90.0,11822,6658,2
2026-09-08T01,22,5,90.5,1000,976,2
2026-09-08T01,22,6,91.0,1680,0,1
2026-09-08T02,22,0,87.5,0,2599,1
2026-09-08T02,22,0,88.0,0,328,1
2026-09-08T02,22,0,88.5,0,1997,3
2026-09-08T02,22,0,89.0,1824,461,3
2026-09-08T02,22,0,89.5,21211,0,2
2026-09-08T02,22,1,88.5,0,1370,1
2026-09-08T02,22,1,89.0,0,295,1
2026-09-08T02,22,1,89.5,0,566,1
2026-09-08T02,22,2,89.0,0,695,1
2026-09-08T02,22,2,89.5,1000,1380,2
2026-09-08T02,22,2,90.0,455,0,1
2026-09-08T02,22,3,90.0,600,492,2
2026-09-08T02,22,4,90.0,0,1065,1
2026-09-08T02,22,4,90.5,900,0,1
2026-09-08T02,22,5,90.5,0,1563,1
2026-09-08T02,22,6,91.0,7670,0,2
2026-09-08T03,22,0,88.5,300,1500,2
2026-09-08T03,22,0,89.0,60,2236,2
2026-09-08T03,22,0,89.5,348,13737,3
2026-09-08T03,22,0,90.0,0,514,1
2026-09-08T03,22,1,89.0,0,179,1
2026-09-08T03,22,1,89.5,0,2083,1
2026-09-08T03,22,1,90.0,0,1269,2
2026-09-08T03,22,2,90.0,2171,956,3
2026-09-08T03,22,3,89.5,2210,0,1
2026-09-08T03,22,3,90.5,13211,0,3
2026-09-08T03,22,4,90.0,0,7146,1
2026-09-08T03,22,4,90.5,7891,14298,3
2026-09-08T03,22,5,90.5,1704,0,1
2026-09-08T03,22,6,90.5,2560,7589,2
2026-09-08T03,22,6,91.0,3897,0,1
2026-09-08T04,22,0,88.0,0,424,2
2026-09-08T04,22,0,88.5,0,446,1
2026-09-08T04,22,0,89.0,5302,925,5
2026-09-08T04,22,1,88.5,32,0,1
2026-09-08T04,22,1,89.0,0,413,1
2026-09-08T04,22,2,88.5,14072,0,2
2026-09-08T04,22,2,89.0,0,2173,2
2026-09-08T04,22,3,89.0,15880,0,2
2026-09-08T04,22,3,89.5,17270,0,2
2026-09-08T05,22,0,86.5,0,100,1
2026-09-08T05,22,0,87.0,0,599,2
2026-09-08T05,22,1,87.0,0,376,1
2026-09-08T05,22,1,87.5,2425,4,3
2026-09-08T05,22,1,88.0,0,1000,1
2026-09-08T05,22,1,88.5,0,406,1
2026-09-08T05,22,2,88.0,0,820,1
2026-09-08T05,22,2,88.5,6676,2732,3
2026-09-08T05,22,3,87.5,3571,0,1
2026-09-08T05,22,3,89.0,1713,301,2
2026-09-08T05,22,4,88.5,0,3971,1
2026-09-08T05,22,5,89.5,0,1018,1
2026-09-08T05,22,6,90.0,2135,0,1
2026-09-08T05,22,7,89.0,12465,0,3
2026-09-08T06,22,0,86.5,577,3018,5
2026-09-08T06,22,0,87.0,1470,746,5
2026-09-08T06,22,1,87.5,5358,0,2
2026-09-08T06,22,2,87.0,271,1216,3
2026-09-08T06,22,2,87.5,540,460,2
2026-09-08T06,22,2,88.0,0,3611,2
2026-09-08T06,22,3,87.5,650,21613,3
2026-09-08T06,22,3,88.0,0,3080,1
2026-09-08T06,22,3,89.0,500,0,1
2026-09-08T06,22,3,89.5,1454,0,1
2026-09-08T06,22,5,88.0,0,5000,1
2026-09-08T06,22,5,90.0,949,0,1
2026-09-08T06,22,6,90.0,0,1865,1
2026-09-08T06,22,7,89.0,2799,2686,3
2026-09-08T07,22,0,87.0,179,825,3
2026-09-08T07,22,1,87.0,0,820,2
2026-09-08T07,22,1,87.5,3552,9453,6
2026-09-08T07,22,1,88.0,100,0,1
2026-09-08T07,22,2,88.5,0,1224,2
2026-09-08T07,22,2,89.0,3277,0,1
2026-09-08T07,22,3,88.0,0,5855,1
2026-09-08T07,22,3,88.5,0,3791,1
2026-09-08T07,22,3,89.0,0,2290,3
2026-09-08T07,22,3,89.5,1654,0,2
2026-09-08T07,22,4,89.5,927,917,2
2026-09-08T07,22,5,89.5,0,742,1
2026-09-08T07,22,5,90.0,0,12371,1
2026-09-08T08,22,0,86.5,2202,213,2
2026-09-08T08,22,0,87.0,0,1737,1
2026-09-08T08,22,0,87.5,1491,1504,5
2026-09-08T08,22,1,87.5,0,807,2
2026-09-08T08,22,1,88.0,58054,0,1
2026-09-08T08,22,2,87.0,0,1208,1
2026-09-08T08,22,2,87.5,0,1673,1
2026-09-08T08,22,2,88.5,330,0,1
2026-09-08T08,22,3,89.5,6479,0,2
2026-09-08T08,22,4,88.0,12942,0,4
2026-09-08T08,22,5,90.0,1724,0,2
2026-09-08T08,22,7,88.0,0,3000,1
2026-09-08T09,22,0,86.5,0,7066,2
2026-09-08T09,22,0,87.0,656,1130,3
2026-09-08T09,22,0,87.5,30,29,2
2026-09-08T09,22,1,87.0,0,3701,1
2026-09-08T09,22,1,87.5,4365,374,3
2026-09-08T09,22,2,86.5,0,150,1
2026-09-08T09,22,2,87.5,0,2566,2
2026-09-08T09,22,3,89.0,0,1874,1
2026-09-08T09,22,3,89.5,0,2891,1
2026-09-08T09,22,3,90.0,0,2321,1
2026-09-08T09,22,3,90.5,0,8576,1
2026-09-08T09,22,4,87.5,0,1857,1
2026-09-08T09,22,4,88.0,48353,38705,6
2026-09-08T09,22,4,90.5,0,32233,2
2026-09-08T09,22,5,90.0,0,7831,2
2026-09-08T09,22,5,90.5,0,17824,1
2026-09-08T09,22,6,90.5,0,6305,1
2026-09-08T10,22,0,87.0,0,751,2
2026-09-08T10,22,0,87.5,0,758,2
2026-09-08T10,22,0,88.5,0,73,1
2026-09-08T10,22,0,89.0,5887,0,1
2026-09-08T10,22,1,87.0,0,1000,1
2026-09-08T10,22,1,87.5,2073,8948,5
2026-09-08T10,22,1,88.0,0,2456,1
2026-09-08T10,22,2,87.0,0,285,1
2026-09-08T10,22,2,87.5,0,282,1
2026-09-08T10,22,2,88.0,60747,8038,7
2026-09-08T10,22,2,88.5,0,1431,1
2026-09-08T10,22,2,89.0,2477,3144,2
2026-09-08T10,22,2,89.5,536,0,1
2026-09-08T10,22,3,90.0,0,502,1
2026-09-08T10,22,3,90.5,1894,0,1
2026-09-08T10,22,4,90.5,63,6335,2
2026-09-08T10,22,6,91.0,10300,0,3
2026-09-08T11,22,0,88.5,0,500,1
2026-09-08T11,22,0,89.0,7764,0,3
2026-09-08T11,22,1,88.5,150,494,2
2026-09-08T11,22,1,89.0,841,159,4
2026-09-08T11,22,2,89.0,1630,5081,4
2026-09-08T11,22,2,89.5,1500,0,1
2026-09-08T11,22,3,89.5,1239,111,2
2026-09-08T11,22,4,89.5,4498,10034,2
2026-09-08T11,22,4,90.0,0,5571,1
2026-09-08T11,22,6,90.5,1988,0,1
2026-09-08T11,22,7,89.0,0,5000,1
2026-09-08T12,22,0,88.0,0,2374,2
2026-09-08T12,22,0,88.5,0,500,1
2026-09-08T12,22,0,89.0,1874,4526,7
2026-09-08T12,22,1,88.5,0,2663,2
2026-09-08T12,22,2,88.0,0,1126,2
2026-09-08T12,22,2,88.5,0,1300,1
2026-09-08T12,22,2,89.0,3393,364,3
2026-09-08T12,22,2,89.5,6526,0,2
2026-09-08T12,22,3,89.0,1024,2003,4
2026-09-08T12,22,3,89.5,10706,9050,3
2026-09-08T12,22,5,90.0,0,6091,2
2026-09-08T12,22,6,90.5,6223,0,1
2026-09-08T13,22,0,88.0,1281,0,1
2026-09-08T13,22,0,88.5,0,133,1
2026-09-08T13,22,0,89.0,0,266,2
2026-09-08T13,22,1,88.0,1104,0,1
2026-09-08T13,22,1,88.5,15,452,2
2026-09-08T13,22,2,89.0,1386,3270,2
2026-09-08T13,22,2,89.5,200,0,1
2026-09-08T13,22,3,87.5,0,5000,1
2026-09-08T13,22,3,89.0,0,696,1
2026-09-08T13,22,3,89.5,8573,0,2
2026-09-08T13,22,3,90.0,3034,362,3
2026-09-08T13,22,5,90.0,0,3925,1
2026-09-08T13,22,6,90.5,280,2009,2
2026-09-08T13,22,6,91.0,901,0,1
2026-09-08T13,22,7,89.0,2900,0,3
2026-09-08T14,22,0,87.0,0,200,1
2026-09-08T14,22,0,87.5,655,4960,5
2026-09-08T14,22,0,88.0,2544,7499,4
2026-09-08T14,22,1,87.5,0,275,1
2026-09-08T14,22,1,88.0,1539,1205,5
2026-09-08T14,22,1,88.5,5784,0,4
2026-09-08T14,22,2,88.5,917,664,3
2026-09-08T14,22,3,88.0,0,661,1
2026-09-08T14,22,3,88.5,0,261,1
2026-09-08T14,22,3,89.0,17049,0,2
2026-09-08T14,22,3,89.5,6085,0,1
2026-09-08T14,22,4,90.5,1917,0,2
2026-09-08T14,22,6,90.0,0,10000,1
2026-09-08T14,22,6,91.0,7950,0,1
2026-09-08T14,22,7,89.0,0,1746,1
2026-09-08T15,22,0,88.5,0,161,1
2026-09-08T15,22,0,89.0,0,1741,5
2026-09-08T15,22,0,89.5,3180,0,1
2026-09-08T15,22,1,88.5,0,2699,1
2026-09-08T15,22,1,90.0,100,427,2
2026-09-08T15,22,2,89.0,0,719,1
2026-09-08T15,22,2,89.5,0,3092,2
2026-09-08T15,22,3,89.0,12081,5870,2
2026-09-08T15,22,3,89.5,0,2395,2
2026-09-08T15,22,3,90.0,0,5456,1
2026-09-08T15,22,4,89.5,4181,0,1
2026-09-08T15,22,4,90.5,11963,0,1
2026-09-08T15,22,5,90.0,0,4484,2
2026-09-08T15,22,6,90.5,18799,1201,4
2026-09-08T16,22,0,87.5,1000,176,3
2026-09-08T16,22,0,88.0,0,1043,2
2026-09-08T16,22,0,88.5,0,48,1
2026-09-08T16,22,0,89.5,2010,0,3
2026-09-08T16,22,1,88.5,0,2094,1
2026-09-08T16,22,1,89.0,0,400,1
2026-09-08T16,22,2,88.0,0,80,1
2026-09-08T16,22,2,88.5,582,2645,2
2026-09-08T16,22,2,89.0,1087,5328,2
2026-09-08T16,22,3,88.5,0,838,1
2026-09-08T16,22,3,89.0,4668,2000,2
2026-09-08T16,22,4,89.5,0,14472,1
2026-09-08T16,22,4,90.0,2910,0,1
2026-09-08T16,22,6,91.0,0,33903,2
2026-09-08T16,22,7,89.0,0,4000,1
2026-09-08T16,22,7,91.0,0,5000,1
2026-09-08T16,22,8,94.5,2685,0,1
2026-09-08T16,22,9,94.5,0,10000,1
2026-09-08T17,22,0,88.0,938,541,5
2026-09-08T17,22,0,88.5,0,153,1
2026-09-08T17,22,1,88.5,1789,1514,3
2026-09-08T17,22,2,88.5,163,27816,4
2026-09-08T17,22,2,89.0,0,731,1
2026-09-08T17,22,3,88.5,0,14600,2
2026-09-08T17,22,3,89.0,29401,8388,8
2026-09-08T17,22,4,89.5,2636,1641,2
2026-09-08T17,22,11,110.0,1,0,1
2026-09-08T18,22,0,87.5,664,0,1
2026-09-08T18,22,0,88.0,0,723,2
2026-09-08T18,22,0,88.5,6,78,2
2026-09-08T18,22,1,88.5,0,806,1
2026-09-08T18,22,2,88.5,4721,0,2
2026-09-08T18,22,2,89.0,4344,0,6
2026-09-08T18,22,3,89.0,520,527,2
2026-09-08T18,22,4,89.5,12224,24692,4
2026-09-08T18,22,4,90.0,4350,0,1
2026-09-08T18,22,5,90.0,330,1400,2
2026-09-08T18,22,5,90.5,0,575,1
2026-09-08T18,22,5,91.0,19842,0,1
2026-09-08T18,22,6,91.0,5303,412,2
2026-09-08T19,22,0,87.5,0,2481,2
2026-09-08T19,22,0,88.0,64,1118,2
2026-09-08T19,22,0,88.5,0,140,1
2026-09-08T19,22,0,89.0,661,1521,4
2026-09-08T19,22,1,87.0,0,12627,1
2026-09-08T19,22,1,87.5,1211,789,2
2026-09-08T19,22,1,89.5,80,335,3
2026-09-08T19,22,1,90.0,1405,0,2
2026-09-08T19,22,2,88.0,1407,2837,3
2026-09-08T19,22,2,88.5,0,2335,1
2026-09-08T19,22,2,89.0,0,444,1
2026-09-08T19,22,3,88.5,0,83,1
2026-09-08T19,22,3,89.5,0,266,1
2026-09-08T19,22,3,90.0,0,1531,1
2026-09-08T19,22,4,89.0,0,6981,1
2026-09-08T19,22,4,89.5,0,30219,1
2026-09-08T19,22,4,90.0,0,19740,1
2026-09-08T19,22,4,90.5,4416,12010,4
2026-09-08T19,22,5,91.0,67404,0,4
2026-09-08T19,22,6,91.5,4446,0,1
2026-09-08T19,22,7,91.5,0,76,1
2026-09-08T20,22,0,87.5,468,2411,3
2026-09-08T20,22,0,88.0,0,43,2
2026-09-08T20,22,0,88.5,0,476,3
2026-09-08T20,22,0,89.0,349,951,4
2026-09-08T20,22,0,89.5,0,810,1
2026-09-08T20,22,0,90.0,0,115,1
2026-09-08T20,22,1,89.0,178,418,3
2026-09-08T20,22,1,90.0,0,190,1
2026-09-08T20,22,1,90.5,6823,0,3
2026-09-08T20,22,2,87.0,0,784,1
2026-09-08T20,22,2,88.0,570,2111,3
2026-09-08T20,22,2,88.5,678,1037,3
2026-09-08T20,22,2,89.0,0,1445,2
2026-09-08T20,22,2,89.5,151,579,2
2026-09-08T20,22,3,90.0,0,132,1
2026-09-08T20,22,3,90.5,3420,507,3
2026-09-08T20,22,4,90.5,0,1388,1
2026-09-08T20,22,5,90.5,0,2980,1
2026-09-08T20,22,5,91.0,14778,0,5
2026-09-08T20,22,6,91.0,401,13398,3
2026-09-08T21,22,0,89.0,0,360,1
2026-09-08T21,22,0,89.5,968,2336,5
2026-09-08T21,22,0,90.0,100,175,2
2026-09-08T21,22,2,89.5,0,56,1
2026-09-08T21,22,2,90.0,46,2216,3
2026-09-08T21,22,2,90.5,36671,0,6
2026-09-08T21,22,4,90.0,0,29,1
2026-09-08T21,22,4,90.5,124,613,2
2026-09-08T21,22,5,91.0,12337,0,4
2026-09-08T22,22,0,87.5,0,118,1
2026-09-08T22,22,0,88.0,0,1148,1
2026-09-08T22,22,0,89.5,0,1505,2
2026-09-08T22,22,0,90.0,0,329,2
2026-09-08T22,22,1,89.0,0,179,1
2026-09-08T22,22,2,89.5,0,2043,1
2026-09-08T22,22,2,90.0,1215,357,2
2026-09-08T22,22,3,90.0,3152,1746,4
2026-09-08T22,22,3,90.5,10713,0,3
2026-09-08T22,22,4,90.5,0,71,1
2026-09-08T22,22,5,90.5,13995,2589,7
2026-09-08T22,22,5,91.0,1653,0,1
2026-09-08T23,22,0,88.5,0,459,1
2026-09-08T23,22,0,89.5,35,0,1
2026-09-08T23,22,0,90.0,30,0,1
2026-09-08T23,22,1,89.0,1289,728,4
2026-09-08T23,22,2,89.5,1320,2162,2
2026-09-08T23,22,2,90.5,941,0,1
2026-09-08T23,22,3,90.0,10737,0,3
2026-09-08T23,22,3,90.5,0,534,1
2026-09-08T23,22,4,90.0,2808,0,1
2026-09-09T00,22,0,87.5,0,48,1
2026-09-09T00,22,0,88.0,340,596,3
2026-09-09T00,22,0,88.5,326,674,2
2026-09-09T00,22,0,89.0,0,50,1
2026-09-09T00,22,0,89.5,0,7357,2
2026-09-09T00,22,0,90.0,0,2441,2
2026-09-09T00,22,1,89.0,0,34,1
2026-09-09T00,22,1,90.0,0,315,3
2026-09-09T00,22,2,89.5,0,1500,1
2026-09-09T00,22,2,90.0,0,426,1
2026-09-09T00,22,2,90.5,18595,0,6
2026-09-09T00,22,3,90.0,3202,3656,2
2026-09-09T00,22,4,90.0,0,21286,1
2026-09-09T00,22,4,90.5,0,2700,1
2026-09-09T00,22,5,90.5,0,2199,1
2026-09-09T00,22,5,91.0,17730,4666,4
2026-09-09T01,22,0,89.0,449,3956,3
2026-09-09T01,22,0,90.0,918,2807,3
2026-09-09T01,22,1,90.0,0,87,1
2026-09-09T01,22,2,89.5,0,1238,2
2026-09-09T01,22,3,89.0,818,2450,2
2026-09-09T01,22,3,90.0,5941,2445,5
2026-09-09T01,22,3,90.5,2473,0,2
2026-09-09T01,22,5,91.0,7872,0,3
2026-09-09T02,22,0,88.0,0,500,1
2026-09-09T02,22,0,88.5,301,281,2
2026-09-09T02,22,0,89.5,0,2589,2
2026-09-09T02,22,0,90.0,1440,2800,4
2026-09-09T02,22,1,88.5,0,105,1
2026-09-09T02,22,1,90.0,0,117,1
2026-09-09T02,22,2,90.0,2033,11292,4
2026-09-09T02,22,3,89.0,0,500,1
2026-09-09T02,22,3,90.0,0,8012,2
2026-09-09T02,22,3,90.5,3918,13609,2
2026-09-09T02,22,5,90.5,0,17212,2
2026-09-09T02,22,5,91.0,9450,0,2
2026-09-09T02,22,6,90.5,760,0,2
2026-09-09T03,22,0,89.0,0,338,1
2026-09-09T03,22,0,89.5,0,791,4
2026-09-09T03,22,0,90.0,775,0,3
2026-09-09T03,22,1,89.5,0,484,1
2026-09-09T03,22,1,90.0,0,172,1
2026-09-09T03,22,2,90.0,2844,0,2
2026-09-09T03,22,2,90.5,12031,0,2
2026-09-09T03,22,4,90.5,0,5000,1
2026-09-09T03,22,5,90.5,0,521,1
2026-09-09T03,22,5,91.0,8336,0,1
2026-09-09T03,22,6,90.5,4629,5111,4
2026-09-09T03,22,6,91.0,12624,1143,5
2026-09-09T04,22,0,89.0,0,544,2
2026-09-09T04,22,0,89.5,1875,2781,3
2026-09-09T04,22,0,90.0,0,2754,3
2026-09-09T04,22,1,90.0,0,474,1
2026-09-09T04,22,2,89.5,6020,124,2
2026-09-09T04,22,2,90.0,768,7472,5
2026-09-09T04,22,2,90.5,36993,0,8
2026-09-09T04,22,3,90.5,0,1283,1
2026-09-09T04,22,4,90.5,0,857,2
2026-09-09T04,22,4,91.0,2539,2805,2
2026-09-09T04,22,5,90.5,0,3241,1
2026-09-09T04,22,5,91.0,15200,60611,5
2026-09-09T04,22,6,91.0,0,1632,1
2026-09-09T04,22,6,91.5,7739,21168,4
2026-09-09T04,22,7,91.5,0,221,2
2026-09-09T05,22,0,88.0,0,666,1
2026-09-09T05,22,0,88.5,0,400,1
2026-09-09T05,22,0,89.0,332,675,3
2026-09-09T05,22,0,89.5,0,224,1
2026-09-09T05,22,0,90.0,0,618,1
2026-09-09T05,22,1,89.5,0,317,2
2026-09-09T05,22,1,90.0,669,313,2
2026-09-09T05,22,2,90.0,3398,0,1
2026-09-09T05,22,2,90.5,74304,0,2
2026-09-09T05,22,3,89.5,4406,0,1
2026-09-09T05,22,3,90.0,76,195,2
2026-09-09T05,22,4,89.0,0,30,1
2026-09-09T05,22,4,89.5,2555,0,1
2026-09-09T05,22,4,90.0,760,4874,2
2026-09-09T05,22,4,90.5,3135,0,3
2026-09-09T05,22,4,91.0,1019,0,1
2026-09-09T06,22,0,88.0,0,486,1
2026-09-09T06,22,0,88.5,0,466,2
2026-09-09T06,22,0,89.0,0,3293,1
2026-09-09T06,22,1,88.5,4855,302,2
2026-09-09T06,22,2,88.5,4106,1172,4
2026-09-09T06,22,2,89.0,0,3315,1
2026-09-09T06,22,3,89.0,760,260,2
2026-09-09T06,22,3,89.5,9834,4046,3
2026-09-09T06,22,4,89.5,15093,989,4
2026-09-09T06,22,5,89.5,0,368,1
2026-09-09T06,22,5,90.0,15218,0,3
2026-09-09T07,22,0,87.0,0,173,1
2026-09-09T07,22,0,87.5,40,962,4
2026-09-09T07,22,0,88.0,192,608,3
2026-09-09T07,22,1,88.5,365,0,1
2026-09-09T07,22,2,88.0,0,600,1
2026-09-09T07,22,2,88.5,150,77,2
2026-09-09T07,22,3,88.5,1880,9456,3
2026-09-09T07,22,3,89.5,4379,6053,2
2026-09-09T07,22,5,89.0,7158,1154,5
2026-09-09T07,22,5,89.5,0,1018,1
2026-09-09T08,22,0,87.0,0,1101,1
2026-09-09T08,22,0,87.5,0,519,2
2026-09-09T08,22,0,88.0,2158,4916,2
2026-09-09T08,22,1,87.5,0,2672,1
2026-09-09T08,22,1,88.0,0,198,2
2026-09-09T08,22,1,88.5,0,68,1
2026-09-09T08,22,1,89.0,0,7328,2
2026-09-09T08,22,2,87.5,0,381,1
2026-09-09T08,22,2,88.0,1904,6713,2
2026-09-09T08,22,2,88.5,854,0,1
2026-09-09T08,22,2,89.0,0,432,1
2026-09-09T08,22,3,89.0,0,711,1
2026-09-09T08,22,3,89.5,8962,0,2
2026-09-09T08,22,5,90.0,190,0,1
2026-09-09T08,22,6,91.0,300,0,1
2026-09-09T09,22,0,86.5,0,692,1
2026-09-09T09,22,0,87.0,0,520,1
2026-09-09T09,22,0,87.5,502,78,2
2026-09-09T09,22,0,88.0,0,842,1
2026-09-09T09,22,1,86.5,0,4249,1
2026-09-09T09,22,1,87.0,0,196,1
2026-09-09T09,22,2,87.0,180,451,2
2026-09-09T09,22,2,87.5,1336,0,1
2026-09-09T09,22,2,88.0,982,1290,4
2026-09-09T09,22,2,88.5,0,486,1
2026-09-09T09,22,3,88.5,180,7985,2
2026-09-09T09,22,4,89.0,4643,45357,2
2026-09-09T09,22,4,89.5,0,3934,1
2026-09-09T09,22,4,90.0,3448,5292,2
2026-09-09T09,22,5,90.0,5900,465,2
2026-09-09T09,22,7,89.0,0,6000,1
2026-09-09T10,22,0,87.0,0,3871,3
2026-09-09T10,22,0,87.5,244,826,3
2026-09-09T10,22,0,88.0,225,494,4
2026-09-09T10,22,0,88.5,16451,0,3
2026-09-09T10,22,1,88.5,0,619,1
2026-09-09T10,22,2,87.5,0,6385,1
2026-09-09T10,22,2,88.0,0,1488,2
2026-09-09T10,22,2,89.0,0,1407,1
2026-09-09T10,22,2,89.5,0,1027,1
2026-09-09T10,22,3,89.5,1198,4084,2
2026-09-09T10,22,4,89.5,0,16212,3
2026-09-09T10,22,4,90.0,18776,4517,5
2026-09-09T11,22,0,88.0,0,205,1
2026-09-09T11,22,0,88.5,20388,13608,5
2026-09-09T11,22,0,89.0,0,1846,1
2026-09-09T11,22,1,88.0,0,314,1
2026-09-09T11,22,1,88.5,0,299,1
2026-09-09T11,22,1,89.0,180,2615,2
2026-09-09T11,22,3,89.0,0,28,1
2026-09-09T11,22,3,89.5,0,394,1
2026-09-09T11,22,4,89.0,8020,0,3
2026-09-09T11,22,4,89.5,0,10769,3
2026-09-09T11,22,4,90.0,14121,317,6
2026-09-09T11,22,5,90.5,0,6442,3
2026-09-09T12,22,0,87.5,0,1500,1
2026-09-09T12,22,0,88.0,0,1160,1
2026-09-09T12,22,0,88.5,0,1491,1
2026-09-09T12,22,0,89.0,0,19,1
2026-09-09T12,22,1,88.5,2132,926,6
2026-09-09T12,22,2,88.5,0,1000,1
2026-09-09T12,22,2,89.0,0,3830,2
2026-09-09T12,22,2,89.5,1371,991,3
2026-09-09T12,22,3,89.0,0,8047,5
2026-09-09T12,22,3,89.5,5730,9679,3
2026-09-09T12,22,3,90.0,267,0,1
2026-09-09T12,22,4,89.0,10703,5704,3
2026-09-09T12,22,4,90.0,5468,2810,3
2026-09-09T12,22,4,90.5,7704,0,2
2026-09-09T12,22,6,90.5,2752,7748,3
2026-09-09T12,22,7,89.5,0,3000,1
2026-09-09T13,22,0,88.0,0,455,1
2026-09-09T13,22,0,89.5,0,630,1
2026-09-09T13,22,1,89.5,0,302,1
2026-09-09T13,22,2,88.5,1039,4507,2
2026-09-09T13,22,2,89.5,0,552,1
2026-09-09T13,22,3,88.5,0,2345,1
2026-09-09T13,22,3,89.0,4528,9403,3
2026-09-09T13,22,3,90.0,24317,0,5
2026-09-09T13,22,4,90.5,3045,0,2
2026-09-09T13,22,5,90.5,0,4964,2
2026-09-09T13,22,7,91.0,3910,0,1
2026-09-09T13,22,9,91.0,9543,3090,2
2026-09-09T14,22,0,87.5,0,240,2
2026-09-09T14,22,0,88.0,0,1283,5
2026-09-09T14,22,0,88.5,0,552,1
2026-09-09T14,22,1,88.5,956,72,2
2026-09-09T14,22,2,88.0,2883,0,1
2026-09-09T14,22,2,88.5,2021,5863,4
2026-09-09T14,22,2,89.0,15629,0,2
2026-09-09T14,22,3,90.0,16855,0,2
2026-09-09T14,22,4,90.5,10063,6777,3
2026-09-09T14,22,5,89.0,0,11549,1
2026-09-09T14,22,6,91.0,4492,0,1
2026-09-09T14,22,7,91.0,0,3458,1
2026-09-09T15,22,0,88.0,0,3061,1
2026-09-09T15,22,0,89.5,0,459,1
2026-09-09T15,22,1,88.5,0,169,1
2026-09-09T15,22,1,89.5,0,1618,2
2026-09-09T15,22,2,88.0,301,2266,2
2026-09-09T15,22,2,88.5,0,621,1
2026-09-09T15,22,2,89.0,1533,11111,3
2026-09-09T15,22,2,89.5,0,1448,1
2026-09-09T15,22,2,90.0,1126,0,1
2026-09-09T15,22,3,89.0,0,221,1
2026-09-09T15,22,3,89.5,0,665,1
2026-09-09T15,22,3,90.0,4327,14001,6
2026-09-09T15,22,4,89.5,0,5988,1
2026-09-09T15,22,4,90.0,0,1257,1
2026-09-09T15,22,4,90.5,76754,0,2
2026-09-09T15,22,6,91.0,4471,0,1
2026-09-09T15,22,7,90.0,0,3353,1
2026-09-09T16,22,0,89.0,0,761,1
2026-09-09T16,22,0,90.0,0,2499,1
2026-09-09T16,22,1,89.5,0,1798,1
2026-09-09T16,22,1,90.0,0,163,1
2026-09-09T16,22,2,90.0,3926,13886,7
2026-09-09T16,22,2,90.5,17153,0,3
2026-09-09T16,22,4,90.5,780,24774,2
2026-09-09T16,22,5,91.0,0,40635,2
2026-09-09T16,22,6,91.0,5283,5454,3
2026-09-09T16,22,9,92.0,19500,0,1
2026-09-09T17,22,0,88.0,0,131,1
2026-09-09T17,22,0,88.5,0,10,1
2026-09-09T17,22,0,89.0,18659,0,5
2026-09-09T17,22,2,90.0,0,1012,2
2026-09-09T17,22,3,89.5,0,2349,1
2026-09-09T17,22,3,90.0,4040,15960,2
2026-09-09T17,22,3,90.5,0,13969,2
2026-09-09T17,22,4,90.5,1355,42906,3
2026-09-09T17,22,4,91.0,4000,3914,3
2026-09-09T17,22,5,91.0,949,19491,3
2026-09-09T17,22,7,90.0,5400,0,1
2026-09-09T18,22,0,89.0,2637,7239,3
2026-09-09T18,22,0,89.5,100,1480,4
2026-09-09T18,22,0,90.0,1114,1523,3
2026-09-09T18,22,1,89.5,0,779,2
2026-09-09T18,22,1,90.0,1001,1601,5
2026-09-09T18,22,2,89.0,0,138,1
2026-09-09T18,22,2,89.5,0,1613,2
2026-09-09T18,22,2,90.5,21474,0,4
2026-09-09T18,22,3,90.5,0,114,1
2026-09-09T18,22,4,90.5,0,937,1
2026-09-09T18,22,6,90.5,480,0,1
2026-09-09T18,22,7,90.0,0,1600,1
2026-09-09T19,22,0,87.0,0,348,1
2026-09-09T19,22,0,87.5,0,2221,2
2026-09-09T19,22,0,88.0,390,1966,3
2026-09-09T19,22,0,88.5,0,2857,1
2026-09-09T19,22,1,89.5,840,2834,2
2026-09-09T19,22,2,87.5,0,551,1
2026-09-09T19,22,2,89.5,0,605,1
2026-09-09T19,22,2,90.0,532,0,1
2026-09-09T19,22,3,89.5,0,26398,1
2026-09-09T19,22,3,90.0,0,467,1
2026-09-09T19,22,4,87.5,0,4308,1
2026-09-09T19,22,4,88.0,33587,0,3
2026-09-09T19,22,4,90.5,4110,0,1
2026-09-09T19,22,5,91.0,4571,0,1
2026-09-09T19,22,6,90.5,4862,14658,2
2026-09-09T19,22,6,91.0,0,7500,1
2026-09-09T20,22,0,87.5,100,533,2
2026-09-09T20,22,0,88.0,0,1418,1
2026-09-09T20,22,0,88.5,0,487,2
2026-09-09T20,22,1,87.5,0,9507,1
2026-09-09T20,22,1,88.0,0,250,1
2026-09-09T20,22,1,88.5,0,418,2
2026-09-09T20,22,1,89.0,1636,5472,5
2026-09-09T20,22,2,87.5,0,1018,1
2026-09-09T20,22,2,89.0,0,231,1
2026-09-09T20,22,2,89.5,104,0,1
2026-09-09T20,22,3,90.0,0,111,1
2026-09-09T20,22,4,88.0,4122,32291,2
2026-09-09T20,22,4,89.5,27694,0,2
2026-09-09T20,22,4,90.0,600,10373,2
2026-09-09T20,22,4,90.5,316,0,1
2026-09-09T20,22,9,91.0,2300,0,1
2026-09-09T21,22,0,87.5,0,55,1
2026-09-09T21,22,0,88.0,0,432,2
2026-09-09T21,22,0,88.5,1340,2779,5
2026-09-09T21,22,1,88.0,0,2102,1
2026-09-09T21,22,1,88.5,2680,0,1
2026-09-09T21,22,1,89.0,7924,0,2
2026-09-09T21,22,2,88.0,0,93,1
2026-09-09T21,22,2,88.5,718,2001,4
2026-09-09T21,22,2,89.0,867,1785,3
2026-09-09T21,22,3,88.5,0,2066,1
2026-09-09T21,22,3,89.0,0,3027,1
2026-09-09T21,22,4,89.0,3423,0,2
2026-09-09T21,22,4,89.5,1670,0,1
2026-09-09T21,22,5,90.5,0,4818,2
2026-09-09T21,22,6,91.0,6194,0,1
2026-09-09T21,22,9,91.0,0,2511,1
2026-09-09T22,22,0,87.5,2906,3413,4
2026-09-09T22,22,0,88.0,0,2374,3
2026-09-09T22,22,0,88.5,170,821,3
2026-09-09T22,22,1,88.0,1124,259,2
2026-09-09T22,22,1,88.5,11541,2735,3
2026-09-09T22,22,1,89.0,605,10005,3
2026-09-09T22,22,2,89.0,1500,297,2
2026-09-09T22,22,3,89.0,0,262,1
2026-09-09T22,22,4,89.0,1486,1225,3
2026-09-09T22,22,4,89.5,4345,0,1
2026-09-09T22,22,7,90.0,3388,0,2
2026-09-09T23,22,0,87.5,4170,3036,7
2026-09-09T23,22,0,88.0,36,0,1
2026-09-09T23,22,1,88.0,0,198,1
2026-09-09T23,22,1,88.5,0,181,1
2026-09-09T23,22,1,89.0,0,3738,3
2026-09-09T23,22,2,89.0,500,4997,2
2026-09-09T23,22,2,89.5,0,2773,1
2026-09-09T23,22,3,89.0,0,776,1
2026-09-09T23,22,3,89.5,9661,21944,7
2026-09-09T23,22,4,89.0,0,4514,1
2026-09-09T23,22,4,89.5,0,33738,1
2026-09-09T23,22,4,90.0,0,3426,1
2026-09-09T23,22,4,90.5,57,16932,2
2026-09-09T23,22,7,90.0,312,8625,2
2026-09-10T00,22,0,88.0,0,18,1
2026-09-10T00,22,0,88.5,0,548,2
2026-09-10T00,22,0,89.0,1910,3773,5
2026-09-10T00,22,0,89.5,139,51,3
2026-09-10T00,22,1,89.5,0,836,3
2026-09-10T00,22,1,90.0,1469,34,3
2026-09-10T00,22,2,90.0,2986,2958,3
2026-09-10T00,22,3,90.0,0,14357,3
2026-09-10T00,22,3,90.5,3058,0,1
2026-09-10T00,22,4,90.5,11887,6942,3
2026-09-10T01,22,0,88.5,0,12,1
2026-09-10T01,22,0,89.0,1071,1817,2
2026-09-10T01,22,0,89.5,295,6565,3
2026-09-10T01,22,0,90.0,0,5549,2
2026-09-10T01,22,0,90.5,0,951,1
2026-09-10T01,22,1,89.5,0,150,1
2026-09-10T01,22,1,90.0,0,877,2
2026-09-10T01,22,1,90.5,0,3790,1
2026-09-10T01,22,2,90.5,0,28766,1
2026-09-10T01,22,3,90.0,1700,2618,2
2026-09-10T01,22,3,90.5,167,1905,2
2026-09-10T01,22,4,90.5,4980,2406,2
2026-09-10T01,22,5,90.5,180,1312,2
2026-09-10T01,22,5,91.0,62090,0,5
2026-09-10T01,22,6,91.0,0,3806,1
2026-09-10T02,22,0,88.0,854,381,3
2026-09-10T02,22,0,88.5,0,1209,2
2026-09-10T02,22,0,89.0,1471,779,3
2026-09-10T02,22,0,89.5,295,0,2
2026-09-10T02,22,1,88.0,0,273,1
2026-09-10T02,22,1,88.5,24,54,2
2026-09-10T02,22,1,89.0,0,11274,3
2026-09-10T02,22,1,90.0,2162,0,2
2026-09-10T02,22,2,90.0,0,3296,1
2026-09-10T02,22,3,90.0,0,12702,2
2026-09-10T02,22,4,90.5,0,1055,1
2026-09-10T02,22,4,91.0,2708,0,2
2026-09-10T02,22,5,91.0,0,2989,1
2026-09-10T03,22,0,87.5,0,1297,1
2026-09-10T03,22,0,88.0,0,991,1
2026-09-10T03,22,0,89.0,0,403,1
2026-09-10T03,22,0,89.5,573,1459,3
2026-09-10T03,22,1,89.0,6746,1749,4
2026-09-10T03,22,1,89.5,12863,1837,2
2026-09-10T03,22,1,90.0,0,26,1
2026-09-10T03,22,2,90.0,0,620,1
2026-09-10T03,22,2,90.5,2514,619,2
2026-09-10T03,22,3,90.5,6454,3047,5
2026-09-10T03,22,4,90.5,1350,1702,3
2026-09-10T03,22,5,91.0,5335,0,1
2026-09-10T03,22,6,91.0,8513,2487,3
2026-09-10T04,22,0,88.0,0,1405,1
2026-09-10T04,22,0,88.5,1,122,2
2026-09-10T04,22,0,89.0,1308,0,2
2026-09-10T04,22,0,89.5,0,200,1
2026-09-10T04,22,1,90.0,972,0,3
2026-09-10T04,22,2,89.5,3310,6648,3
2026-09-10T04,22,2,90.0,6383,13309,3
2026-09-10T04,22,3,89.5,0,331,1
2026-09-10T04,22,4,90.0,0,16070,2
2026-09-10T04,22,4,90.5,0,2391,2
2026-09-10T04,22,5,90.5,5854,560,2
2026-09-10T04,22,7,91.0,1008,0,1
2026-09-10T05,22,0,87.5,0,1498,3
2026-09-10T05,22,0,89.0,0,1841,1
2026-09-10T05,22,0,89.5,0,271,3
2026-09-10T05,22,1,87.5,0,1164,2
2026-09-10T05,22,1,90.0,2244,999,2
2026-09-10T05,22,2,88.0,6624,9132,4
2026-09-10T05,22,2,88.5,4103,5895,3
2026-09-10T05,22,2,89.0,6422,951,4
2026-09-10T05,22,2,89.5,0,1163,1
2026-09-10T05,22,2,90.0,0,6164,1
2026-09-10T05,22,3,90.5,1079,8046,2
2026-09-10T05,22,4,90.5,12330,2002,3
2026-09-10T05,22,7,88.0,3037,17963,4
2026-09-10T05,22,7,91.0,754,0,1
2026-09-10T06,22,0,88.0,0,223,1
2026-09-10T06,22,0,88.5,25,1097,2
2026-09-10T06,22,2,88.5,7544,0,4
2026-09-10T06,22,2,89.0,14018,0,4
2026-09-10T06,22,3,89.0,536,408,2
2026-09-10T06,22,4,90.5,0,29763,1
2026-09-10T06,22,5,91.0,6119,2911,2
2026-09-10T06,22,6,91.5,1269,0,1
2026-09-10T06,22,7,91.0,0,3651,1
2026-09-10T06,22,7,91.5,0,5000,1
2026-09-10T07,22,0,87.5,0,357,2
2026-09-10T07,22,0,88.5,0,411,1
2026-09-10T07,22,0,89.0,0,539,3
2026-09-10T07,22,0,89.5,0,1200,2
2026-09-10T07,22,1,88.0,0,542,1
2026-09-10T07,22,1,89.0,0,2993,1
2026-09-10T07,22,1,90.0,0,391,1
2026-09-10T07,22,1,90.5,90,0,1
2026-09-10T07,22,2,88.0,0,974,1
2026-09-10T07,22,2,88.5,60867,5306,7
2026-09-10T07,22,2,89.0,0,338,1
2026-09-10T07,22,2,90.5,359,0,1
2026-09-10T07,22,3,89.5,0,3191,2
2026-09-10T07,22,3,90.0,0,2024,1
2026-09-10T07,22,4,88.5,0,4829,1
2026-09-10T07,22,4,90.5,0,1321,1
2026-09-10T07,22,5,91.0,0,1668,1
2026-09-10T07,22,7,89.0,0,2000,1
2026-09-10T08,22,0,89.5,241,169,5
2026-09-10T08,22,0,90.0,0,71,1
2026-09-10T08,22,0,90.5,0,2324,3
2026-09-10T08,22,1,90.5,0,1093,2
2026-09-10T08,22,2,90.0,0,723,1
2026-09-10T08,22,2,90.5,0,1606,3
2026-09-10T08,22,2,91.0,222,0,1
2026-09-10T08,22,3,90.5,4376,0,1
2026-09-10T08,22,3,91.0,31769,5956,6
2026-09-10T08,22,4,91.0,23778,58427,5
2026-09-10T08,22,5,91.5,322,0,1
2026-09-10T08,22,6,91.5,260,8471,2
2026-09-10T09,22,0,88.0,120,829,2
2026-09-10T09,22,0,89.0,0,8488,3
2026-09-10T09,22,0,89.5,0,1629,1
2026-09-10T09,22,0,90.0,39,0,2
2026-09-10T09,22,1,89.0,120,0,1
2026-09-10T09,22,2,88.5,0,426,1
2026-09-10T09,22,2,89.0,0,1068,1
2026-09-10T09,22,3,89.0,0,856,1
2026-09-10T09,22,3,90.5,8167,0,1
2026-09-10T09,22,4,89.5,45290,0,5
2026-09-10T09,22,4,90.5,0,8573,1
2026-09-10T09,22,5,91.0,0,1454,1
2026-09-10T09,22,5,91.5,5229,417,2
2026-09-10T09,22,9,92.0,0,500,1
2026-09-10T10,22,0,87.5,0,840,1
2026-09-10T10,22,0,88.5,1,238,2
2026-09-10T10,22,0,89.0,0,192,1
2026-09-10T10,22,0,89.5,0,81,1
2026-09-10T10,22,0,90.0,837,5256,3
2026-09-10T10,22,1,88.0,264,5647,3
2026-09-10T10,22,1,88.5,0,888,1
2026-09-10T10,22,1,89.0,1874,1460,4
2026-09-10T10,22,2,89.5,0,2000,1
2026-09-10T10,22,3,88.5,0,298,1
2026-09-10T10,22,3,90.0,0,733,1
2026-09-10T10,22,3,90.5,66741,0,7
2026-09-10T10,22,4,88.5,0,20000,1
2026-09-10T10,22,4,89.0,0,2081,1
2026-09-10T10,22,4,89.5,0,4710,1
2026-09-10T10,22,4,91.0,3607,0,3
2026-09-10T10,22,5,91.5,455,0,1
2026-09-10T10,22,6,92.0,900,0,1
2026-09-10T10,22,7,90.0,0,1300,1
2026-09-10T11,22,0,89.0,0,50,1
2026-09-10T11,22,1,88.0,0,1542,1
2026-09-10T11,22,1,89.5,894,648,2
2026-09-10T11,22,2,89.0,0,2211,1
2026-09-10T11,22,2,89.5,0,2110,1
2026-09-10T11,22,3,90.0,0,5099,1
2026-09-10T11,22,3,90.5,7986,0,4
2026-09-10T11,22,4,90.5,9758,752,5
2026-09-10T11,22,4,91.0,4350,0,1
2026-09-10T11,22,5,89.5,0,2153,1
2026-09-10T11,22,7,90.0,350,1650,2
2026-09-10T12,22,0,87.5,1584,0,4
2026-09-10T12,22,0,88.0,157,2141,3
2026-09-10T12,22,0,88.5,0,33,1
2026-09-10T12,22,0,89.0,813,669,4
2026-09-10T12,22,0,89.5,2519,0,2
2026-09-10T12,22,1,88.5,150,0,1
2026-09-10T12,22,1,89.5,29,1866,2
2026-09-10T12,22,1,90.0,0,200,1
2026-09-10T12,22,2,88.5,0,3858,1
2026-09-10T12,22,2,89.5,0,2073,1
2026-09-10T12,22,2,90.0,3500,2015,3
2026-09-10T12,22,3,89.5,0,3506,1
2026-09-10T12,22,3,90.0,1070,0,1
2026-09-10T12,22,3,90.5,28097,0,6
2026-09-10T12,22,5,90.5,0,3351,2
2026-09-10T12,22,6,91.0,13278,0,3
2026-09-10T12,22,7,90.0,0,360,1
2026-09-10T13,22,0,87.5,0,1369,1
2026-09-10T13,22,0,88.0,0,8221,3
2026-09-10T13,22,0,88.5,0,305,2
2026-09-10T13,22,0,89.0,100,1834,5
2026-09-10T13,22,0,89.5,896,14213,2
2026-09-10T13,22,1,88.0,0,544,1
2026-09-10T13,22,1,88.5,0,176,1
2026-09-10T13,22,1,89.0,0,2795,2
2026-09-10T13,22,1,89.5,0,988,2
2026-09-10T13,22,2,87.5,0,219,1
2026-09-10T13,22,2,88.5,774,2731,3
2026-09-10T13,22,2,89.0,5359,3832,5
2026-09-10T13,22,2,89.5,540,597,3
2026-09-10T13,22,2,90.0,0,1500,1
2026-09-10T13,22,3,89.5,40,21795,4
2026-09-10T13,22,3,90.0,120,4742,2
2026-09-10T13,22,3,90.5,9244,0,2
2026-09-10T13,22,5,90.5,0,15828,1
2026-09-10T13,22,6,91.0,12318,0,2
2026-09-10T14,22,0,89.0,468,732,3
2026-09-10T14,22,0,89.5,0,120,1
2026-09-10T14,22,0,90.0,0,1249,1
2026-09-10T14,22,1,89.5,0,251,2
2026-09-10T14,22,1,90.0,0,1161,4
2026-09-10T14,22,2,90.0,0,457,1
2026-09-10T14,22,3,90.0,49,51,2
2026-09-10T14,22,3,90.5,5522,0,7
2026-09-10T14,22,4,90.0,0,1623,1
2026-09-10T14,22,4,90.5,21578,17305,4
2026-09-10T14,22,6,91.0,24930,0,1
2026-09-10T15,22,0,88.0,0,3117,1
2026-09-10T15,22,0,88.5,0,675,1
2026-09-10T15,22,0,89.0,2061,0,2
2026-09-10T15,22,1,89.0,0,284,1
2026-09-10T15,22,1,89.5,0,101,1
2026-09-10T15,22,1,90.0,1961,0,2
2026-09-10T15,22,2,90.0,1604,7580,4
2026-09-10T15,22,3,90.5,16599,24046,4
2026-09-10T15,22,4,90.5,0,21318,2
2026-09-10T15,22,5,90.5,2180,4915,2
2026-09-10T15,22,6,90.5,0,4299,1
2026-09-10T15,22,6,91.0,40022,0,1
2026-09-10T16,22,0,89.0,290,2174,4
2026-09-10T16,22,0,89.5,811,598,2
2026-09-10T16,22,0,90.0,24830,2304,5
2026-09-10T16,22,1,89.5,0,329,1
2026-09-10T16,22,1,90.0,0,2208,2
2026-09-10T16,22,2,90.0,0,2372,3
2026-09-10T16,22,3,90.0,0,910,1
2026-09-10T16,22,3,90.5,3891,260,2
2026-09-10T16,22,4,89.5,0,843,1
2026-09-10T16,22,4,90.0,0,2194,1
2026-09-10T16,22,4,90.5,0,6447,1
2026-09-10T16,22,5,90.5,20458,2362,5
2026-09-10T16,22,6,91.0,4053,0,2
2026-09-10T16,22,9,93.0,19515,0,1
2026-09-10T17,22,0,88.0,0,493,1
2026-09-10T17,22,0,88.5,0,237,1
2026-09-10T17,22,0,89.0,404,629,3
2026-09-10T17,22,0,89.5,0,6383,5
2026-09-10T17,22,0,90.0,0,8356,3
2026-09-10T17,22,0,90.5,0,800,3
2026-09-10T17,22,1,90.0,0,2912,1
2026-09-10T17,22,1,90.5,2209,1766,2
2026-09-10T17,22,2,90.0,0,2828,1
2026-09-10T17,22,2,90.5,7941,781,4
2026-09-10T17,22,5,91.0,701,0,1
2026-09-10T17,22,6,91.0,13433,16476,4
2026-09-10T17,22,7,90.5,640,4360,2
2026-09-10T18,22,0,89.0,0,197,1
2026-09-10T18,22,0,89.5,300,216,2
2026-09-10T18,22,0,90.0,0,840,1
2026-09-10T18,22,1,89.5,0,636,1
2026-09-10T18,22,2,88.5,0,1492,1
2026-09-10T18,22,2,89.0,0,3779,1
2026-09-10T18,22,2,90.0,1430,0,2
2026-09-10T18,22,3,88.5,0,3407,1
2026-09-10T18,22,3,89.5,0,2140,1
2026-09-10T18,22,3,90.0,0,1938,1
2026-09-10T18,22,3,90.5,49887,0,6
2026-09-10T18,22,4,90.5,0,618,1
2026-09-10T18,22,5,90.5,2465,2619,3
2026-09-10T18,22,5,91.0,840,0,1
2026-09-10T18,22,7,89.0,0,1000,1
2026-09-10T19,22,0,89.0,234,1852,4
2026-09-10T19,22,0,89.5,500,990,3
2026-09-10T19,22,0,91.0,0,286,1
2026-09-10T19,22,1,89.5,0,2480,1
2026-09-10T19,22,2,89.5,0,6058,3
2026-09-10T19,22,2,90.0,7534,1111,5
2026-09-10T19,22,3,89.5,0,326,1
2026-09-10T19,22,3,90.0,2500,410,2
2026-09-10T19,22,4,90.0,0,423,1
2026-09-10T19,22,5,90.0,4824,8642,3
2026-09-10T19,22,5,90.5,64,0,1
2026-09-10T20,22,0,87.5,830,0,2
2026-09-10T20,22,0,88.0,0,371,1
2026-09-10T20,22,0,88.5,830,150,3
2026-09-10T20,22,0,89.0,0,46,1
2026-09-10T20,22,1,89.5,410,1298,3
2026-09-10T20,22,2,88.5,0,391,1
2026-09-10T20,22,2,89.0,0,85,1
2026-09-10T20,22,2,89.5,150,946,3
2026-09-10T20,22,2,90.0,2741,30000,3
2026-09-10T20,22,3,90.0,0,2117,2
2026-09-10T20,22,3,90.5,6449,0,3
2026-09-10T20,22,4,89.0,0,10968,1
2026-09-10T20,22,4,90.0,647,0,1
2026-09-10T20,22,5,90.5,80707,22851,8
2026-09-10T20,22,5,91.0,22996,0,3
2026-09-10T20,22,6,91.0,0,21005,1
2026-09-10T21,22,0,87.5,0,627,1
2026-09-10T21,22,0,88.0,0,3872,3
2026-09-10T21,22,0,88.5,62,2611,5
2026-09-10T21,22,0,89.0,0,619,2
2026-09-10T21,22,0,89.5,0,256,1
2026-09-10T21,22,1,89.0,8195,2794,4
2026-09-10T21,22,2,88.0,0,151,1
2026-09-10T21,22,2,89.0,0,995,1
2026-09-10T21,22,2,89.5,5414,0,3
2026-09-10T21,22,3,89.5,142,2164,2
2026-09-10T21,22,4,90.0,0,341,1
2026-09-10T21,22,5,91.0,9213,2624,2
2026-09-10T21,22,6,91.5,3744,0,2
2026-09-10T21,22,7,88.0,0,4800,1
2026-09-10T21,22,7,91.5,0,220,1
2026-09-10T22,22,0,87.5,202,4838,3
2026-09-10T22,22,0,88.0,0,234,1
2026-09-10T22,22,0,88.5,1877,0,5
2026-09-10T22,22,1,88.0,0,320,1
2026-09-10T22,22,2,88.5,4751,7059,4
2026-09-10T22,22,2,89.0,545,0,2
2026-09-10T22,22,3,89.0,0,500,1
2026-09-10T22,22,3,89.5,4743,1068,4
2026-09-10T22,22,5,91.5,0,3446,1
2026-09-10T22,22,6,91.5,0,17756,2
2026-09-10T22,22,6,92.0,3656,0,2
2026-09-10T22,22,7,92.0,0,52,1
2026-09-10T23,22,0,87.5,0,397,2
2026-09-10T23,22,0,88.0,2151,1066,5
2026-09-10T23,22,1,88.0,2099,2718,3
2026-09-10T23,22,1,88.5,1643,0,1
2026-09-10T23,22,2,88.5,11661,1840,7
2026-09-10T23,22,2,89.0,33,0,1
2026-09-10T23,22,3,87.5,0,5500,1
2026-09-10T23,22,3,90.0,2131,5054,4
2026-09-10T23,22,3,90.5,2647,0,1
2026-09-10T23,22,4,90.5,0,2209,1
2026-09-11T00,22,0,87.5,4992,4218,5
2026-09-11T00,22,0,88.0,0,348,1
2026-09-11T00,22,0,88.5,0,2899,2
2026-09-11T00,22,1,88.5,0,164,1
2026-09-11T00,22,2,88.0,1207,0,2
2026-09-11T00,22,2,88.5,0,635,1
2026-09-11T00,22,2,89.0,0,20473,4
2026-09-11T00,22,2,89.5,2323,0,2
2026-09-11T00,22,3,89.0,745,0,1
2026-09-11T00,22,3,89.5,1195,0,1
2026-09-11T00,22,4,91.0,6518,0,2
2026-09-11T00,22,6,92.0,0,18827,2
2026-09-11T01,22,0,87.5,0,931,1
2026-09-11T01,22,1,87.5,0,450,1
2026-09-11T01,22,1,88.0,0,100,1
2026-09-11T01,22,1,88.5,1616,1194,2
2026-09-11T01,22,2,87.5,0,888,1
2026-09-11T01,22,2,88.0,81,13671,3
2026-09-11T01,22,3,89.0,33083,0,8
2026-09-11T01,22,4,90.5,7536,3804,2
2026-09-11T01,22,4,91.0,5400,0,1
2026-09-11T01,22,5,91.5,3342,0,1
2026-09-11T02,22,0,87.5,0,168,2
2026-09-11T02,22,0,88.0,0,1315,3
2026-09-11T02,22,0,88.5,0,1099,1
2026-09-11T02,22,0,89.0,0,2175,2
2026-09-11T02,22,0,89.5,220,0,1
2026-09-11T02,22,1,88.5,0,200,1
2026-09-11T02,22,1,89.0,1024,1209,4
2026-09-11T02,22,1,89.5,1429,3230,5
2026-09-11T02,22,2,89.5,6436,4165,3
2026-09-11T02,22,2,90.0,273,0,1
2026-09-11T02,22,3,89.0,0,4076,1
2026-09-11T02,22,3,89.5,0,1821,1
2026-09-11T02,22,3,90.0,34482,927,5
2026-09-11T02,22,4,90.5,453,0,2
2026-09-11T03,22,0,89.0,0,75,1
2026-09-11T03,22,0,89.5,15,13986,5
2026-09-11T03,22,0,90.5,0,719,1
2026-09-11T03,22,2,90.0,6174,430,4
2026-09-11T03,22,3,90.5,35800,5216,4
2026-09-11T03,22,4,90.5,0,2011,1
2026-09-11T03,22,4,91.0,15717,0,2
2026-09-11T03,22,5,91.0,1884,576,2
2026-09-11T04,22,0,89.5,660,375,2
2026-09-11T04,22,0,90.0,0,1990,2
2026-09-11T04,22,1,89.5,2683,112,2
2026-09-11T04,22,1,90.0,509,941,4
2026-09-11T04,22,1,90.5,0,6520,2
2026-09-11T04,22,2,90.0,0,9567,3
2026-09-11T04,22,2,90.5,10999,3821,5
2026-09-11T04,22,4,90.5,13889,6971,5
2026-09-11T04,22,4,91.0,10442,5034,5
2026-09-11T04,22,5,91.0,9224,1320,3
2026-09-11T04,22,5,91.5,1290,0,2
2026-09-11T04,22,6,91.5,0,11500,1
2026-09-11T05,22,0,88.5,0,299,1
2026-09-11T05,22,0,89.0,145,336,2
2026-09-11T05,22,0,89.5,69,988,3
2026-09-11T05,22,0,90.5,0,200,1
2026-09-11T05,22,1,89.0,0,763,2
2026-09-11T05,22,2,89.5,4942,291,2
2026-09-11T05,22,2,90.0,0,1253,1
2026-09-11T05,22,2,90.5,1148,1560,2
2026-09-11T05,22,3,89.5,0,8304,1
2026-09-11T05,22,4,90.0,2039,11578,2
2026-09-11T05,22,4,90.5,3031,17147,3
2026-09-11T05,22,4,91.0,23442,0,4
2026-09-11T05,22,5,91.0,0,3519,1
2026-09-11T05,22,7,91.5,500,0,1
2026-09-11T06,22,0,88.0,0,2796,1
2026-09-11T06,22,0,88.5,888,1611,4
2026-09-11T06,22,0,89.5,0,500,1
2026-09-11T06,22,1,89.5,5199,5880,3
2026-09-11T06,22,2,89.5,274,5827,3
2026-09-11T06,22,4,90.0,5543,713,6
2026-09-11T06,22,4,90.5,787,0,1
2026-09-11T06,22,6,91.5,667,0,1
2026-09-11T06,22,7,91.5,3798,1918,3
2026-09-11T07,22,0,87.5,20,0,1
2026-09-11T07,22,0,88.0,0,262,2
2026-09-11T07,22,1,88.0,0,944,1
2026-09-11T07,22,2,88.0,0,2212,1
2026-09-11T07,22,4,88.0,1030,0,1
2026-09-11T07,22,4,88.5,22507,0,8
2026-09-11T07,22,4,90.5,273,0,1
2026-09-11T07,22,7,88.0,0,3000,1
2026-09-11T08,22,0,87.5,0,294,2
2026-09-11T08,22,0,88.0,0,837,1
2026-09-11T08,22,0,88.5,0,122,1
2026-09-11T08,22,1,87.5,0,667,1
2026-09-11T08,22,1,88.0,0,262,1
2026-09-11T08,22,1,89.0,0,33,1
2026-09-11T08,22,2,87.5,0,4258,2
2026-09-11T08,22,2,88.0,15511,30218,3
2026-09-11T08,22,2,88.5,1616,53673,5
2026-09-11T08,22,2,89.0,0,2493,2
2026-09-11T08,22,2,89.5,598,658,3
2026-09-11T08,22,2,90.0,222,0,1
2026-09-11T08,22,3,88.0,0,6509,1
2026-09-11T08,22,3,89.0,0,1201,1
2026-09-11T08,22,4,88.0,0,623,1
2026-09-11T08,22,4,88.5,4289,23204,3
2026-09-11T08,22,4,90.0,0,2215,2
2026-09-11T08,22,4,90.5,1892,0,3
2026-09-11T08,22,6,91.5,0,9333,1
2026-09-11T08,22,6,92.0,0,15000,2
2026-09-11T08,22,7,92.5,500,0,1
2026-09-11T09,22,0,87.5,1657,0,2
2026-09-11T09,22,0,88.0,3420,0,2
2026-09-11T09,22,0,89.0,177,0,1
2026-09-11T09,22,1,89.0,0,263,1
2026-09-11T09,22,2,89.5,0,781,1
2026-09-11T09,22,2,90.0,4021,0,2
2026-09-11T09,22,3,90.0,479,3036,4
2026-09-11T09,22,4,90.5,6300,5282,2
2026-09-11T09,22,5,91.0,3473,1351,3
2026-09-11T09,22,6,92.0,300,0,1
2026-09-11T10,22,0,87.5,0,4661,3
2026-09-11T10,22,0,88.0,4696,257,4
2026-09-11T10,22,0,88.5,0,192,1
2026-09-11T10,22,1,88.5,0,258,1
2026-09-11T10,22,1,89.0,0,1022,3
2026-09-11T10,22,1,89.5,0,2915,3
2026-09-11T10,22,2,88.5,0,74,1
2026-09-11T10,22,2,89.5,0,15,1
2026-09-11T10,22,2,90.0,2192,5851,2
2026-09-11T10,22,3,89.5,0,4004,2
2026-09-11T10,22,3,90.0,0,5175,1
2026-09-11T10,22,4,90.0,29892,0,5
2026-09-11T10,22,5,91.0,2740,0,1
2026-09-11T10,22,6,92.0,0,4700,1
2026-09-11T10,22,7,89.0,1373,3627,2
2026-09-11T10,22,7,91.0,1000,3574,2
2026-09-11T10,22,9,92.5,1721,0,1
2026-09-11T11,22,0,89.0,1292,1011,3
2026-09-11T11,22,0,89.5,561,3278,5
2026-09-11T11,22,1,89.0,0,216,1
2026-09-11T11,22,1,89.5,0,996,2
2026-09-11T11,22,2,89.5,1049,0,2
2026-09-11T11,22,2,90.0,10727,0,3
2026-09-11T11,22,3,89.5,550,3505,4
2026-09-11T11,22,3,90.0,150,0,1
2026-09-11T11,22,4,90.0,4183,14400,2
2026-09-11T11,22,4,90.5,6042,0,1
2026-09-11T11,22,5,90.5,0,2246,1
2026-09-11T11,22,5,91.0,0,195,1
2026-09-11T11,22,5,91.5,0,5152,1
2026-09-11T11,22,6,92.0,3190,0,2
2026-09-11T12,22,0,88.5,0,12,1
2026-09-11T12,22,0,89.0,0,344,2
2026-09-11T12,22,0,89.5,787,258,3
2026-09-11T12,22,1,89.5,0,3626,3
2026-09-11T12,22,1,90.0,5828,1150,5
2026-09-11T12,22,2,89.5,750,819,4
2026-09-11T12,22,2,90.0,849,10405,5
2026-09-11T12,22,2,90.5,0,1360,1
2026-09-11T12,22,2,91.0,1904,0,1
2026-09-11T12,22,3,90.0,0,4649,4
2026-09-11T12,22,3,90.5,4413,13632,5
2026-09-11T12,22,3,91.5,0,55,1
2026-09-11T12,22,4,90.5,9034,1634,2
2026-09-11T12,22,4,91.0,14157,10890,4
2026-09-11T12,22,4,92.0,15905,0,3
2026-09-11T12,22,5,91.5,0,3273,1
2026-09-11T12,22,5,92.0,0,45573,2
2026-09-11T12,22,6,92.0,3676,3804,2
2026-09-11T12,22,7,92.0,0,12000,1
2026-09-11T13,22,0,88.5,0,143,2
2026-09-11T13,22,0,89.0,1173,2096,5
2026-09-11T13,22,0,89.5,2571,6400,3
2026-09-11T13,22,1,89.5,156,132,2
2026-09-11T13,22,1,90.0,434,711,4
2026-09-11T13,22,1,91.0,13476,0,1
2026-09-11T13,22,2,89.5,4017,745,4
2026-09-11T13,22,2,90.0,2745,9,2
2026-09-11T13,22,2,90.5,331,3805,2
2026-09-11T13,22,2,91.0,0,7007,2
2026-09-11T13,22,3,90.5,0,1001,2
2026-09-11T13,22,3,91.0,1070,848,3
2026-09-11T13,22,4,91.5,350,2220,2
2026-09-11T13,22,4,92.0,16699,0,2
2026-09-11T13,22,5,91.5,423,0,1
2026-09-11T13,22,6,92.0,0,5000,1
2026-09-11T13,22,9,92.5,1826,0,1
2026-09-11T14,22,0,89.0,0,49,1
2026-09-11T14,22,0,89.5,1167,1533,2
2026-09-11T14,22,0,90.0,0,1317,2
2026-09-11T14,22,0,90.5,400,1385,3
2026-09-11T14,22,0,91.0,14138,9027,6
2026-09-11T14,22,0,91.5,0,129,1
2026-09-11T14,22,1,91.0,5696,2301,4
2026-09-11T14,22,1,91.5,0,639,1
2026-09-11T14,22,2,91.5,234,1086,3
2026-09-11T14,22,3,91.5,0,1103,1
2026-09-11T14,22,3,92.0,0,368,2
2026-09-11T14,22,4,92.0,21703,61427,6
2026-09-11T14,22,5,91.5,0,1623,1
2026-09-11T14,22,5,92.0,374,6427,2
2026-09-11T14,22,7,92.0,0,5000,1
2026-09-11T14,22,9,92.5,5761,0,3
2026-09-11T15,22,0,89.0,0,78,1
2026-09-11T15,22,0,89.5,0,3755,1
2026-09-11T15,22,0,90.0,0,472,1
2026-09-11T15,22,0,90.5,0,2936,3
2026-09-11T15,22,0,91.5,0,81,1
2026-09-11T15,22,1,89.5,0,1789,2
2026-09-11T15,22,1,91.0,965,625,2
2026-09-11T15,22,2,89.5,3823,6030,3
2026-09-11T15,22,3,90.5,0,1400,1
2026-09-11T15,22,3,91.0,12237,354,3
2026-09-11T15,22,4,92.0,634,0,1
2026-09-11T15,22,5,92.0,0,479,1
2026-09-11T15,22,7,90.0,5013,2695,4
2026-09-11T15,22,9,92.5,4442,0,2
2026-09-11T16,22,0,90.0,0,375,1
2026-09-11T16,22,0,90.5,9,75,3
2026-09-11T16,22,0,91.0,0,172,2
2026-09-11T16,22,2,91.0,2659,7807,4
2026-09-11T16,22,2,91.5,0,3982,2
2026-09-11T16,22,3,91.5,7682,1129,2
2026-09-11T16,22,4,91.5,0,3401,3
2026-09-11T16,22,4,92.0,2061,0,1
2026-09-11T16,22,6,91.5,0,901,1
2026-09-11T16,22,6,92.0,9897,103,5
2026-09-11T17,22,0,88.5,0,37,1
2026-09-11T17,22,0,89.0,1359,748,5
2026-09-11T17,22,0,89.5,0,569,2
2026-09-11T17,22,2,90.0,0,3281,3
2026-09-11T17,22,3,90.0,5301,12327,4
2026-09-11T17,22,4,90.0,2700,127,2
2026-09-11T17,22,4,90.5,18192,0,6
2026-09-11T17,22,5,91.0,302,0,1
2026-09-11T18,22,0,87.5,0,240,1
2026-09-11T18,22,0,88.0,0,1038,2
2026-09-11T18,22,0,88.5,2815,1480,4
2026-09-11T18,22,0,89.0,0,234,1
2026-09-11T18,22,0,89.5,3462,174,2
2026-09-11T18,22,0,90.0,0,250,1
2026-09-11T18,22,2,89.0,780,300,3
2026-09-11T18,22,2,89.5,355,806,3
2026-09-11T18,22,2,90.0,609,1017,3
2026-09-11T18,22,3,90.0,2781,1990,3
2026-09-11T18,22,4,90.5,14301,0,2
2026-09-11T18,22,6,91.0,2630,0,1
2026-09-11T19,22,0,88.0,15940,11630,8
2026-09-11T19,22,0,89.5,0,1132,2
2026-09-11T19,22,1,88.5,692,231,4
2026-09-11T19,22,2,88.0,0,6276,1
2026-09-11T19,22,2,88.5,0,4123,3
2026-09-11T19,22,2,89.0,0,1730,3
2026-09-11T19,22,2,89.5,2267,755,2
2026-09-11T19,22,3,90.0,0,4557,1
2026-09-11T19,22,4,88.5,22502,0,1
2026-09-11T19,22,4,90.0,0,9218,2
2026-09-11T19,22,4,90.5,4620,0,2
2026-09-11T19,22,5,90.5,0,974,1
2026-09-11T19,22,6,91.0,265,2881,2
2026-09-11T19,22,7,89.0,239,0,1
2026-09-11T20,22,0,87.5,240,416,4
2026-09-11T20,22,0,88.0,1437,1020,3
2026-09-11T20,22,1,88.0,936,357,2
2026-09-11T20,22,1,88.5,290,0,1
2026-09-11T20,22,2,87.5,0,1290,1
2026-09-11T20,22,2,88.0,0,5330,2
2026-09-11T20,22,2,89.0,281,0,1
2026-09-11T20,22,3,90.0,0,112,1
2026-09-11T20,22,4,88.5,23550,2892,6
2026-09-11T20,22,5,90.5,24626,0,2
2026-09-11T20,22,7,89.0,3897,3864,2
2026-09-11T21,22,0,87.5,6140,93,4
2026-09-11T21,22,0,88.0,127,151,3
2026-09-11T21,22,1,87.5,22,1972,4
2026-09-11T21,22,1,88.0,0,1363,1
2026-09-11T21,22,1,88.5,1089,0,2
2026-09-11T21,22,2,88.0,0,405,1
2026-09-11T21,22,2,88.5,0,350,2
2026-09-11T21,22,2,89.0,0,3029,2
2026-09-11T21,22,2,89.5,0,227,1
2026-09-11T21,22,3,89.0,405,138,2
2026-09-11T21,22,3,90.0,1155,0,2
2026-09-11T21,22,4,90.0,600,1212,2
2026-09-11T21,22,4,90.5,14000,0,1
2026-09-11T21,22,5,90.5,0,11748,1
2026-09-11T21,22,5,91.0,0,1798,1
2026-09-11T21,22,5,91.5,0,1785,1
2026-09-11T21,22,6,91.5,0,2500,1
2026-09-11T21,22,8,91.5,0,10635,1
2026-09-11T21,22,9,92.5,9431,0,1
2026-09-11T22,22,0,87.5,0,2042,1
2026-09-11T22,22,0,88.0,0,973,2
2026-09-11T22,22,0,88.5,0,107,2
2026-09-11T22,22,0,89.0,128,3921,4
2026-09-11T22,22,0,89.5,241,2182,3
2026-09-11T22,22,0,90.0,0,1000,1
2026-09-11T22,22,1,88.5,0,3235,1
2026-09-11T22,22,1,89.0,1460,0,1
2026-09-11T22,22,2,89.0,0,204,1
2026-09-11T22,22,2,89.5,0,1113,1
2026-09-11T22,22,2,90.0,225,1495,4
2026-09-11T22,22,2,91.0,0,1051,1
2026-09-11T22,22,3,87.5,320,2980,2
2026-09-11T22,22,3,89.5,0,1313,1
2026-09-11T22,22,3,90.0,1732,1185,4
2026-09-11T22,22,3,90.5,2253,1658,4
2026-09-11T22,22,4,90.0,2677,2224,2
2026-09-11T22,22,4,90.5,0,18099,1
2026-09-11T22,22,4,91.0,0,14224,1
2026-09-11T22,22,4,92.0,2688,12358,3
2026-09-11T22,22,9,92.5,3196,0,1
2026-09-11T23,22,0,88.5,0,625,1
2026-09-11T23,22,0,89.0,0,1096,1
2026-09-11T23,22,0,89.5,269,1308,2
2026-09-11T23,22,0,90.0,0,404,1
2026-09-11T23,22,0,90.5,0,608,2
2026-09-11T23,22,0,91.0,0,982,1
2026-09-11T23,22,0,91.5,0,18,1
2026-09-11T23,22,1,89.0,0,84,1
2026-09-11T23,22,1,90.0,30,0,1
2026-09-11T23,22,2,91.5,872,219,2
2026-09-11T23,22,2,92.0,1572,0,1
2026-09-11T23,22,3,91.0,0,3579,2
2026-09-11T23,22,4,91.5,744,818,3
2026-09-11T23,22,4,92.0,1942,1058,3
2026-09-11T23,22,9,92.5,1492,0,1
2026-09-12T00,22,0,87.5,500,886,3
2026-09-12T00,22,0,88.0,3,744,3
2026-09-12T00,22,0,88.5,607,543,4
2026-09-12T00,22,0,89.0,1665,2753,2
2026-09-12T00,22,0,89.5,0,477,1
2026-09-12T00,22,0,90.0,0,200,1
2026-09-12T00,22,0,91.0,4088,0,1
2026-09-12T00,22,1,90.0,0,502,1
2026-09-12T00,22,1,90.5,2911,441,4
2026-09-12T00,22,2,91.0,7521,1482,3
2026-09-12T00,22,3,91.0,1559,2359,2
2026-09-12T00,22,3,91.5,3152,5766,3
2026-09-12T00,22,4,91.5,564,0,1
2026-09-12T00,22,4,92.0,6390,0,1
2026-09-12T00,22,9,92.5,3016,0,2
2026-09-12T01,22,0,88.5,0,1000,1
2026-09-12T01,22,0,89.0,0,906,1
2026-09-12T01,22,0,89.5,0,1660,3
2026-09-12T01,22,0,90.0,797,662,3
2026-09-12T01,22,0,90.5,56,9,3
2026-09-12T01,22,1,90.0,0,3319,2
2026-09-12T01,22,2,90.5,0,1845,1
2026-09-12T01,22,3,90.5,0,43,1
2026-09-12T01,22,4,91.0,9721,0,5
2026-09-12T02,22,0,88.5,0,152,1
2026-09-12T02,22,0,89.0,0,414,1
2026-09-12T02,22,0,89.5,0,65,1
2026-09-12T02,22,0,90.0,1027,4560,4
2026-09-12T02,22,0,90.5,0,2421,1
2026-09-12T02,22,0,91.0,13632,0,2
2026-09-12T02,22,1,91.0,0,506,1
2026-09-12T02,22,2,91.0,0,1,1
2026-09-12T02,22,3,91.5,0,1629,1
2026-09-12T02,22,4,90.5,0,581,1
2026-09-12T02,22,4,91.0,15340,1154,3
2026-09-12T02,22,4,91.5,0,2305,2
2026-09-12T02,22,4,92.0,6419,0,2
2026-09-12T02,22,5,91.5,0,2249,1
2026-09-12T02,22,5,92.0,5295,4164,2
2026-09-12T02,22,7,91.0,7559,4261,2
2026-09-12T02,22,8,94.0,3217,0,1
2026-09-12T02,22,9,92.5,0,760,1
2026-09-12T02,22,9,93.0,0,313,1
2026-09-12T02,22,9,94.5,4290,0,1
2026-09-12T03,22,0,91.0,0,8091,2
2026-09-12T03,22,0,91.5,0,701,1
2026-09-12T03,22,1,91.5,0,1262,2
2026-09-12T03,22,2,91.5,0,3491,2
2026-09-12T03,22,3,90.5,0,61,1
2026-09-12T03,22,4,91.0,0,1503,1
2026-09-12T03,22,5,92.0,6499,0,6
2026-09-12T03,22,6,92.0,499,0,1
2026-09-12T03,22,7,92.0,17414,0,5
2026-09-12T04,22,0,87.5,0,150,1
2026-09-12T04,22,0,88.0,0,162,1
2026-09-12T04,22,0,88.5,0,16,1
2026-09-12T04,22,0,89.0,66,0,1
2026-09-12T04,22,0,89.5,319,0,1
2026-09-12T04,22,1,90.5,5244,0,1
2026-09-12T04,22,2,88.5,0,874,1
2026-09-12T04,22,2,90.5,6390,0,2
2026-09-12T04,22,3,90.0,0,500,1
2026-09-12T04,22,4,90.5,0,3999,1
2026-09-12T04,22,4,91.0,7807,0,3
2026-09-12T04,22,5,91.0,5146,1684,2
2026-09-12T04,22,5,91.5,0,648,1
2026-09-12T04,22,6,92.0,5443,0,1
2026-09-12T04,22,7,89.0,0,3978,1
2026-09-12T04,22,7,92.0,0,847,1
2026-09-12T05,22,0,87.5,300,100,2
2026-09-12T05,22,0,88.0,44,245,3
2026-09-12T05,22,0,88.5,801,0,1
2026-09-12T05,22,1,88.0,345,23,2
2026-09-12T05,22,1,88.5,1825,1318,6
2026-09-12T05,22,1,89.0,3594,0,2
2026-09-12T05,22,2,89.0,0,1370,1
2026-09-12T05,22,2,89.5,418,0,2
2026-09-12T05,22,3,89.0,0,963,1
2026-09-12T05,22,3,89.5,0,203,1
2026-09-12T05,22,4,90.0,14357,9407,3
2026-09-12T05,22,4,91.0,5274,0,3
2026-09-12T06,22,0,87.5,0,2786,3
2026-09-12T06,22,0,88.0,0,1329,1
2026-09-12T06,22,0,88.5,4432,10337,3
2026-09-12T06,22,1,87.5,0,156,1
2026-09-12T06,22,1,88.0,0,1233,1
2026-09-12T06,22,1,88.5,2889,2806,3
2026-09-12T06,22,1,89.0,13330,0,3
2026-09-12T06,22,2,88.0,0,946,1
2026-09-12T06,22,2,88.5,0,4591,1
2026-09-12T06,22,2,89.0,2258,9521,4
2026-09-12T06,22,2,89.5,1132,2916,2
2026-09-12T06,22,4,89.5,0,594,1
2026-09-12T06,22,4,90.0,6810,0,2
2026-09-12T06,22,7,89.0,0,3000,1
2026-09-12T07,22,0,88.0,0,508,1
2026-09-12T07,22,0,88.5,546,2487,4
2026-09-12T07,22,0,89.0,1738,465,5
2026-09-12T07,22,1,88.5,0,66,1
2026-09-12T07,22,1,89.0,1238,7939,5
2026-09-12T07,22,1,89.5,0,280,1
2026-09-12T07,22,2,89.0,0,292,1
2026-09-12T07,22,2,89.5,0,4942,1
2026-09-12T07,22,4,89.5,1540,0,1
2026-09-12T07,22,4,90.0,54205,0,4
2026-09-12T08,22,0,87.5,0,136,1
2026-09-12T08,22,0,88.0,0,2502,2
2026-09-12T08,22,0,88.5,448,2686,4
2026-09-12T08,22,1,88.0,0,2629,1
2026-09-12T08,22,1,88.5,0,266,1
2026-09-12T08,22,2,88.5,120,3909,4
2026-09-12T08,22,3,88.5,0,5,1
2026-09-12T08,22,3,89.0,4859,6215,5
2026-09-12T08,22,3,89.5,4929,0,1
2026-09-12T08,22,4,88.5,0,2128,1
2026-09-12T08,22,4,89.0,868,5526,3
2026-09-12T08,22,4,89.5,0,7030,1
2026-09-12T08,22,4,90.0,0,15394,1
2026-09-12T08,22,4,90.5,0,15459,1
2026-09-12T08,22,5,90.5,0,7461,2
2026-09-12T08,22,5,91.0,1276,1993,2
2026-09-12T08,22,6,91.5,3691,0,1
2026-09-12T08,22,7,89.0,3414,0,3
2026-09-12T09,22,0,88.5,24,2340,6
2026-09-12T09,22,0,89.0,262,352,3
2026-09-12T09,22,0,89.5,344,0,1
2026-09-12T09,22,1,88.5,0,94,1
2026-09-12T09,22,2,88.5,0,1239,1
2026-09-12T09,22,2,89.0,4496,8841,5
2026-09-12T09,22,3,89.5,0,831,2
2026-09-12T09,22,4,90.0,9116,0,5
2026-09-12T09,22,7,89.0,0,586,1
2026-09-12T09,22,7,91.0,900,0,1
2026-09-12T10,22,0,89.0,0,778,1
2026-09-12T10,22,0,89.5,147,10408,4
2026-09-12T10,22,0,90.0,0,1223,3
2026-09-12T10,22,1,88.0,0,1388,1
2026-09-12T10,22,1,88.5,702,108,2
2026-09-12T10,22,1,89.5,0,1602,1
2026-09-12T10,22,2,89.0,8132,3413,4
2026-09-12T10,22,2,90.0,0,1262,2
2026-09-12T10,22,2,90.5,526,18124,3
2026-09-12T10,22,3,89.5,0,548,2
2026-09-12T10,22,4,90.0,9678,1206,4
2026-09-12T10,22,4,91.0,10184,0,1
2026-09-12T10,22,5,90.5,0,1561,1
2026-09-12T10,22,5,91.0,0,1684,1
2026-09-12T10,22,7,90.5,2232,0,3
2026-09-12T10,22,7,91.0,0,4132,1
2026-09-12T11,22,0,88.0,0,230,1
2026-09-12T11,22,0,88.5,534,831,5
2026-09-12T11,22,0,89.0,30,424,2
2026-09-12T11,22,0,89.5,0,473,1
2026-09-12T11,22,1,89.0,0,262,2
2026-09-12T11,22,2,89.5,1258,2566,3
2026-09-12T11,22,3,89.5,22,1467,2
2026-09-12T11,22,3,90.0,2249,0,1
2026-09-12T11,22,4,89.5,0,2614,1
2026-09-12T11,22,4,90.0,1988,0,2
2026-09-12T11,22,6,90.0,2960,7040,2
2026-09-12T11,22,7,87.5,0,152928,1
2026-09-12T12,22,0,87.5,0,1020,1
2026-09-12T12,22,0,88.0,0,2173,1
2026-09-12T12,22,0,88.5,2467,5564,6
2026-09-12T12,22,2,87.0,0,6221,1
2026-09-12T12,22,2,88.5,3307,3461,2
2026-09-12T12,22,3,87.0,0,1455,1
2026-09-12T12,22,3,87.5,615,5600,3
2026-09-12T12,22,3,88.0,13487,5840,3
2026-09-12T12,22,3,89.0,1976,0,2
2026-09-12T12,22,4,89.0,0,14675,1
2026-09-12T12,22,4,90.0,1590,3911,2
2026-09-12T12,22,5,89.5,0,2991,1
2026-09-12T12,22,5,90.0,0,1146,1
2026-09-12T12,22,5,91.0,2373,0,1
2026-09-12T12,22,7,90.5,0,1507,1
2026-09-12T13,22,0,88.0,0,149,1
2026-09-12T13,22,0,88.5,584,992,6
2026-09-12T13,22,0,89.0,602,435,4
2026-09-12T13,22,0,89.5,0,138,1
2026-09-12T13,22,1,88.5,0,1200,1
2026-09-12T13,22,1,89.0,0,4019,2
2026-09-12T13,22,1,89.5,100,525,2
2026-09-12T13,22,2,89.0,0,1012,1
2026-09-12T13,22,2,89.5,0,5508,2
2026-09-12T13,22,2,90.0,2252,1771,2
2026-09-12T13,22,2,90.5,8111,9211,3
2026-09-12T13,22,3,89.0,0,4905,1
2026-09-12T13,22,3,89.5,0,1667,2
2026-09-12T13,22,3,90.0,200,5734,3
2026-09-12T13,22,3,90.5,0,400,1
2026-09-12T13,22,4,90.5,5162,0,1
2026-09-12T13,22,4,91.0,27063,0,4
2026-09-12T13,22,5,90.5,0,5088,1
2026-09-12T13,22,5,91.0,0,1780,2
2026-09-12T14,22,0,87.5,0,150,1
2026-09-12T14,22,0,88.0,9098,3325,5
2026-09-12T14,22,0,88.5,1192,3461,5
2026-09-12T14,22,0,89.0,0,1788,2
2026-09-12T14,22,0,89.5,0,1960,1
2026-09-12T14,22,0,90.0,766,0,2
2026-09-12T14,22,1,89.0,0,6649,1
2026-09-12T14,22,1,89.5,250,622,2
2026-09-12T14,22,2,88.5,0,258,1
2026-09-12T14,22,2,89.0,0,314,1
2026-09-12T14,22,2,89.5,0,3169,2
2026-09-12T14,22,2,90.0,0,4338,2
2026-09-12T14,22,4,90.0,0,1019,1
2026-09-12T14,22,4,90.5,1529,0,1
2026-09-12T14,22,5,90.5,3058,1171,4
2026-09-12T14,22,7,90.0,0,7000,1
2026-09-12T15,22,0,89.0,4992,374,6
2026-09-12T15,22,1,89.0,0,146,1
2026-09-12T15,22,1,89.5,0,413,3
2026-09-12T15,22,1,90.0,913,0,1
2026-09-12T15,22,2,90.0,0,70,1
2026-09-12T15,22,3,89.5,270,0,1
2026-09-12T15,22,3,90.0,504,4558,4
2026-09-12T15,22,4,89.5,200,165,2
2026-09-12T15,22,4,90.0,0,806,2
2026-09-12T15,22,5,90.0,4331,1159,2
2026-09-12T15,22,5,90.5,12521,0,2
2026-09-12T15,22,11,110.0,0,999,1
2026-09-12T16,22,0,87.5,1920,2409,4
2026-09-12T16,22,0,89.0,3000,0,1
2026-09-12T16,22,1,87.5,1539,0,2
2026-09-12T16,22,1,88.0,2848,59,2
2026-09-12T16,22,2,88.5,0,1715,1
2026-09-12T16,22,2,89.0,18292,0,4
2026-09-12T16,22,3,89.5,2901,33171,2
2026-09-12T16,22,5,90.0,7155,931,3
2026-09-12T16,22,8,94.0,0,2871,1
2026-09-12T16,22,8,94.5,0,2315,1
2026-09-12T16,22,9,94.5,0,5710,1
2026-09-12T16,22,9,95.0,3824,0,1
2026-09-12T17,22,0,87.5,0,787,2
2026-09-12T17,22,0,88.0,0,1258,1
2026-09-12T17,22,0,88.5,0,1627,2
2026-09-12T17,22,0,89.0,838,0,2
2026-09-12T17,22,1,87.5,1160,7527,3
2026-09-12T17,22,1,88.0,0,152,1
2026-09-12T17,22,1,88.5,0,182,1
2026-09-12T17,22,1,89.0,0,176,1
2026-09-12T17,22,2,88.0,210,2117,3
2026-09-12T17,22,2,88.5,0,2625,2
2026-09-12T17,22,2,89.0,4239,7155,3
2026-09-12T17,22,3,88.5,3578,4804,4
2026-09-12T17,22,3,89.0,963,2123,2
2026-09-12T17,22,3,89.5,2604,0,2
2026-09-12T17,22,4,88.0,0,848,1
2026-09-12T17,22,4,89.0,0,2184,2
2026-09-12T17,22,5,89.5,207,876,2
2026-09-12T17,22,5,90.0,1745,0,2
2026-09-12T17,22,7,88.0,0,4358,1
2026-09-12T18,22,0,88.5,960,45,2
2026-09-12T18,22,0,89.0,1292,3303,3
2026-09-12T18,22,0,89.5,0,777,1
2026-09-12T18,22,0,90.0,0,232,1
2026-09-12T18,22,1,89.5,0,3700,2
2026-09-12T18,22,1,90.0,0,1283,1
2026-09-12T18,22,2,89.0,6293,1504,3
2026-09-12T18,22,2,89.5,810,1158,3
2026-09-12T18,22,3,89.5,0,13464,2
2026-09-12T18,22,3,90.0,0,4077,2
2026-09-12T18,22,4,89.5,0,2260,1
2026-09-12T18,22,4,90.0,0,6960,1
2026-09-12T18,22,5,88.0,0,6420,1
2026-09-12T18,22,5,90.0,49848,21199,7
2026-09-12T18,22,5,90.5,4828,0,1
2026-09-12T18,22,7,90.0,1783,9680,2
2026-09-12T19,22,0,87.0,0,642,1
2026-09-12T19,22,0,88.0,0,181,1
2026-09-12T19,22,0,88.5,0,1016,1
2026-09-12T19,22,1,88.5,50,519,2
2026-09-12T19,22,2,87.0,10,145,2
2026-09-12T19,22,2,87.5,0,949,1
2026-09-12T19,22,2,88.0,1906,0,1
2026-09-12T19,22,2,88.5,0,4459,1
2026-09-12T19,22,3,87.5,0,597,1
2026-09-12T19,22,3,88.0,0,2675,1
2026-09-12T19,22,3,88.5,14728,0,1
2026-09-12T19,22,3,89.0,97,2565,4
2026-09-12T20,22,0,87.0,0,169,1
2026-09-12T20,22,0,87.5,0,2015,2
2026-09-12T20,22,0,88.0,120,0,2
2026-09-12T20,22,1,87.0,513,2287,3
2026-09-12T20,22,1,87.5,0,115,1
2026-09-12T20,22,1,88.0,0,405,1
2026-09-12T20,22,2,88.0,1100,19056,4
2026-09-12T20,22,2,88.5,4931,0,2
2026-09-12T20,22,2,89.0,2227,0,2
2026-09-12T20,22,3,88.0,165,396,2
2026-09-12T20,22,3,88.5,0,8034,1
2026-09-12T20,22,3,89.0,0,7923,1
2026-09-12T20,22,3,89.5,0,8412,1
2026-09-12T20,22,3,90.0,0,29067,1
2026-09-12T20,22,4,89.5,3338,12634,3
2026-09-12T20,22,4,90.0,0,44903,1
2026-09-12T20,22,5,88.5,0,32559,1
2026-09-12T20,22,5,89.5,0,4561,2
2026-09-12T20,22,5,90.0,0,965,1
2026-09-12T20,22,5,90.5,0,19634,1
2026-09-12T20,22,6,90.0,0,5000,1
2026-09-12T20,22,6,90.5,39000,0,3
2026-09-12T20,22,7,89.0,0,5079,1
2026-09-12T21,22,0,87.0,1332,133,3
2026-09-12T21,22,0,87.5,0,2193,4
2026-09-12T21,22,0,88.0,0,204,2
2026-09-12T21,22,1,87.0,0,406,1
2026-09-12T21,22,1,87.5,0,1639,1
2026-09-12T21,22,2,87.0,517,793,2
2026-09-12T21,22,2,87.5,0,255,2
2026-09-12T21,22,2,88.0,0,1065,1
2026-09-12T21,22,2,88.5,0,64,1
2026-09-12T21,22,2,89.0,0,1944,1
2026-09-12T21,22,2,89.5,0,420,1
2026-09-12T21,22,3,88.0,5933,0,5
2026-09-12T21,22,3,90.0,6043,5651,4
2026-09-12T21,22,6,90.5,21153,0,4
2026-09-12T22,22,0,88.0,0,600,1
2026-09-12T22,22,0,88.5,0,2923,3
2026-09-12T22,22,0,89.0,1377,1925,3
2026-09-12T22,22,0,89.5,120,0,1
2026-09-12T22,22,1,89.0,0,109,1
2026-09-12T22,22,1,89.5,1150,878,3
2026-09-12T22,22,1,90.0,0,802,1
2026-09-12T22,22,2,88.0,0,271,1
2026-09-12T22,22,2,88.5,0,2800,1
2026-09-12T22,22,2,89.0,0,1530,1
2026-09-12T22,22,2,89.5,0,10,1
2026-09-12T22,22,2,90.0,0,2406,1
2026-09-12T22,22,3,88.0,0,4567,1
2026-09-12T22,22,3,89.0,0,3854,1
2026-09-12T22,22,3,90.0,4746,6715,5
2026-09-12T22,22,5,89.5,0,219,1
2026-09-12T22,22,5,90.0,19599,401,4
2026-09-12T22,22,6,90.5,16937,2910,4
2026-09-12T22,22,10,91.0,4346,0,1
2026-09-12T23,22,0,87.0,0,457,1
2026-09-12T23,22,0,87.5,0,1221,1
2026-09-12T23,22,0,88.5,0,385,2
2026-09-12T23,22,0,89.0,0,919,2
2026-09-12T23,22,0,89.5,973,859,3
2026-09-12T23,22,1,89.5,2110,344,3
2026-09-12T23,22,2,89.0,0,412,1
2026-09-12T23,22,2,89.5,0,991,1
2026-09-12T23,22,3,89.5,0,5672,1
2026-09-12T23,22,3,90.0,6596,0,5
2026-09-12T23,22,4,90.0,2330,84,3
2026-09-12T23,22,4,90.5,0,14019,3
2026-09-12T23,22,6,90.0,0,5000,1
2026-09-13T00,22,0,88.5,0,1025,2
2026-09-13T00,22,0,89.0,2375,1610,3
2026-09-13T00,22,0,89.5,0,5684,4
2026-09-13T00,22,3,90.0,27574,4847,9
2026-09-13T00,22,4,90.0,0,9,1
2026-09-13T01,22,0,88.0,0,1590,2
2026-09-13T01,22,0,88.5,165,121,2
2026-09-13T01,22,0,89.0,0,2128,1
2026-09-13T01,22,0,89.5,1823,0,3
2026-09-13T01,22,1,89.0,329,0,1
2026-09-13T01,22,2,89.5,0,303,1
2026-09-13T01,22,3,90.0,14435,0,5
2026-09-13T01,22,4,90.0,1934,1000,2
2026-09-13T01,22,4,90.5,0,14326,1
2026-09-13T01,22,5,90.5,0,2813,2
2026-09-13T01,22,6,91.0,2052,0,1
2026-09-13T01,22,7,91.0,0,3000,1
2026-09-13T01,22,10,91.0,0,5654,1
2026-09-13T02,22,0,88.0,0,3365,2
2026-09-13T02,22,0,88.5,70,205,3
2026-09-13T02,22,0,89.0,0,222,1
2026-09-13T02,22,1,88.5,0,4120,2
2026-09-13T02,22,1,89.0,317,3973,3
2026-09-13T02,22,2,89.0,1756,1364,3
2026-09-13T02,22,2,89.5,2617,0,2
2026-09-13T02,22,3,89.0,8,4868,2
2026-09-13T02,22,3,90.0,4072,0,1
2026-09-13T02,22,4,90.0,0,3354,1
2026-09-13T02,22,4,90.5,4740,0,2
2026-09-13T02,22,5,90.0,0,850,1
2026-09-13T03,22,0,88.0,0,1244,1
2026-09-13T03,22,0,88.5,0,2033,1
2026-09-13T03,22,0,89.0,859,195,2
2026-09-13T03,22,0,89.5,0,86,1
2026-09-13T03,22,1,89.0,1280,0,2
2026-09-13T03,22,1,89.5,0,1150,1
2026-09-13T03,22,2,89.0,0,817,1
2026-09-13T03,22,2,89.5,0,1924,1
2026-09-13T03,22,3,89.5,0,6382,1
2026-09-13T03,22,3,90.0,21172,0,5
2026-09-13T03,22,4,90.5,0,4900,1
2026-09-13T03,22,5,90.0,2411,0,4
2026-09-13T03,22,6,91.0,1828,0,1
2026-09-14T04,22,0,87.5,0,158,1
2026-09-14T04,22,0,88.0,0,79,1
2026-09-14T04,22,0,88.5,0,1743,2
2026-09-14T04,22,1,88.0,0,879,1
2026-09-14T04,22,1,88.5,18565,10945,9
2026-09-14T04,22,1,89.0,0,15913,3
2026-09-14T04,22,1,89.5,0,5970,1
2026-09-14T04,22,2,88.5,193,6741,3
2026-09-14T04,22,2,89.0,0,642,1
2026-09-14T04,22,2,89.5,0,4000,1
2026-09-14T04,22,3,88.5,0,7349,1
2026-09-14T04,22,3,89.0,0,12783,3
2026-09-14T04,22,3,89.5,0,3990,1
2026-09-14T04,22,3,90.0,10800,58321,2
2026-09-14T04,22,4,88.5,0,555,1
2026-09-14T04,22,4,89.0,0,4795,2
2026-09-14T04,22,4,89.5,0,49000,1
2026-09-14T04,22,4,91.0,3165,0,1
2026-09-14T04,22,5,89.0,5592,8585,4
2026-09-14T04,22,5,89.5,0,28627,2
2026-09-14T04,22,5,90.0,0,2202,2
2026-09-14T04,22,5,90.5,4393,4150,2
2026-09-14T04,22,5,91.0,0,846,1
2026-09-14T04,22,6,88.5,0,4452,1
2026-09-14T04,22,6,90.0,0,2797,1
2026-09-14T04,22,6,90.5,0,10500,1
2026-09-14T04,22,6,91.0,0,1120,1
2026-09-14T04,22,6,91.5,0,150309,2
2026-09-14T04,22,7,89.0,0,9325,1
2026-09-14T04,22,7,91.5,0,10000,1
2026-09-14T04,22,9,94.5,5520,0,1
2026-09-14T05,22,0,88.5,0,5569,2
2026-09-14T05,22,0,89.0,0,1073,1
2026-09-14T05,22,1,89.0,0,1955,1
2026-09-14T05,22,2,88.5,0,529,1
2026-09-14T05,22,2,89.5,0,59971,6
2026-09-14T05,22,3,89.0,0,939,1
2026-09-14T05,22,3,89.5,0,880,1
2026-09-14T05,22,3,90.0,30963,0,3
2026-09-14T05,22,4,89.0,0,691,1
2026-09-14T05,22,4,89.5,100,4453,3
2026-09-14T05,22,4,90.0,12849,0,3
2026-09-14T05,22,5,90.0,0,1798,1
2026-09-14T06,22,0,88.5,0,2464,1
2026-09-14T06,22,0,89.5,0,3122,3
2026-09-14T06,22,0,90.0,0,625,1
2026-09-14T06,22,1,89.0,0,75,1
2026-09-14T06,22,1,89.5,0,2472,1
2026-09-14T06,22,1,90.0,0,594,1
2026-09-14T06,22,1,90.5,34036,0,4
2026-09-14T06,22,2,89.5,0,4836,1
2026-09-14T06,22,2,90.0,2465,2482,5
2026-09-14T06,22,2,90.5,0,19084,1
2026-09-14T06,22,3,90.0,6476,9882,5
2026-09-14T06,22,3,90.5,0,2506,1
2026-09-14T06,22,4,90.0,0,10091,2
2026-09-14T06,22,4,90.5,0,20985,2
2026-09-14T06,22,4,91.0,6246,1845,3
2026-09-14T06,22,5,90.5,0,5722,2
2026-09-14T06,22,5,91.0,4304,12230,3
2026-09-14T06,22,6,91.0,0,4342,1
2026-09-14T07,22,0,88.5,0,2514,3
2026-09-14T07,22,0,89.0,428,3416,4
2026-09-14T07,22,0,89.5,1372,489,5
2026-09-14T07,22,0,90.0,0,220,2
2026-09-14T07,22,1,88.5,0,360,1
2026-09-14T07,22,1,89.0,0,93,1
2026-09-14T07,22,1,90.0,0,69,1
2026-09-14T07,22,1,90.5,19222,0,1
2026-09-14T07,22,2,89.5,16990,0,3
2026-09-14T07,22,3,89.5,0,450,1
2026-09-14T07,22,3,90.5,0,813,1
2026-09-14T07,22,4,91.0,3602,6067,4
2026-09-14T07,22,5,89.0,0,125,1
2026-09-14T07,22,5,91.0,0,738,1
2026-09-14T07,22,6,91.5,7040,0,1
2026-09-14T07,22,7,89.5,0,1000,1
2026-09-14T07,22,7,90.0,0,4000,1
2026-09-14T07,22,7,91.5,0,8208,1
2026-09-14T08,22,0,88.0,0,200,1
2026-09-14T08,22,0,88.5,0,238,3
2026-09-14T08,22,0,89.0,3425,5075,4
2026-09-14T08,22,1,89.0,0,475,3
2026-09-14T08,22,2,89.5,8771,0,8
2026-09-14T08,22,3,90.0,4500,0,1
2026-09-14T08,22,4,90.5,25,0,1
2026-09-14T08,22,4,91.0,6129,5085,2
2026-09-14T08,22,5,91.5,9481,0,3
2026-09-14T08,22,6,91.5,0,4460,1
2026-09-14T09,22,0,89.0,0,164,1
2026-09-14T09,22,0,89.5,20,4936,5
2026-09-14T09,22,0,90.0,1402,434,3
2026-09-14T09,22,1,87.5,0,171,1
2026-09-14T09,22,1,88.0,0,144,1
2026-09-14T09,22,1,88.5,0,130,1
2026-09-14T09,22,1,89.0,0,1256,2
2026-09-14T09,22,1,89.5,0,79,1
2026-09-14T09,22,1,90.0,132,446,2
2026-09-14T09,22,1,90.5,0,29588,2
2026-09-14T09,22,2,89.5,0,13846,3
2026-09-14T09,22,2,90.0,0,1300,1
2026-09-14T09,22,3,90.0,0,1127,1
2026-09-14T09,22,3,90.5,510,4908,2
2026-09-14T09,22,3,91.0,1319,0,2
2026-09-14T09,22,4,90.5,0,1390,2
2026-09-14T09,22,4,91.0,0,81957,1
2026-09-14T09,22,5,90.5,0,5636,1
2026-09-14T09,22,5,91.0,3704,0,3
2026-09-14T09,22,9,94.5,14280,0,1
2026-09-14T10,22,0,88.0,0,178,1
2026-09-14T10,22,0,88.5,60,367,3
2026-09-14T10,22,0,89.0,1199,423,4
2026-09-14T10,22,0,89.5,0,774,1
2026-09-14T10,22,0,90.0,1604,0,3
2026-09-14T10,22,2,89.5,0,5085,1
2026-09-14T10,22,2,90.0,0,1500,1
2026-09-14T10,22,3,90.5,0,475,1
2026-09-14T10,22,4,90.5,3399,0,1
2026-09-14T10,22,5,90.5,400,0,1
2026-09-14T10,22,5,91.0,5741,0,3
2026-09-14T10,22,7,90.0,0,5000,1
2026-09-14T11,22,0,88.0,589,721,2
2026-09-14T11,22,0,88.5,0,126,1
2026-09-14T11,22,0,89.0,639,2272,4
2026-09-14T11,22,0,89.5,590,175,3
2026-09-14T11,22,1,89.5,0,236,1
2026-09-14T11,22,1,90.0,0,3248,2
2026-09-14T11,22,2,89.5,0,3842,2
2026-09-14T11,22,2,90.0,0,300,1
2026-09-14T11,22,3,90.0,1065,7158,3
2026-09-14T11,22,4,90.5,0,254,1
2026-09-14T11,22,5,90.0,0,5362,1
2026-09-14T11,22,5,90.5,10482,229,4
2026-09-14T11,22,5,91.0,11281,0,1
2026-09-14T11,22,7,90.0,247,0,1
2026-09-14T11,22,7,92.0,1800,0,1
2026-09-14T12,22,0,87.0,1112,249,3
2026-09-14T12,22,0,87.5,527,735,3
2026-09-14T12,22,0,88.0,447,0,1
2026-09-14T12,22,0,90.0,2336,0,1
2026-09-14T12,22,1,88.0,2439,364,3
2026-09-14T12,22,2,88.5,435,822,3
2026-09-14T12,22,2,90.0,0,12964,2
2026-09-14T12,22,3,88.5,0,7593,1
2026-09-14T12,22,3,89.0,5943,0,3
2026-09-14T12,22,3,90.5,110,0,1
2026-09-14T12,22,4,90.5,342,1034,3
2026-09-14T12,22,5,91.0,0,7949,1
2026-09-14T12,22,5,91.5,2301,4038,3
2026-09-14T12,22,6,91.5,2139,0,1
2026-09-14T12,22,7,88.5,0,225,1
2026-09-14T12,22,7,90.0,0,2753,1
2026-09-14T12,22,7,92.0,2230,0,1
2026-09-14T13,22,0,87.0,0,1189,2
2026-09-14T13,22,0,87.5,0,2852,3
2026-09-14T13,22,0,88.0,119,3712,2
2026-09-14T13,22,1,87.5,0,221,2
2026-09-14T13,22,1,88.0,4153,398,4
2026-09-14T13,22,2,88.5,13306,0,4
2026-09-14T13,22,3,88.5,0,852,1
2026-09-14T13,22,3,89.0,4937,691,4
2026-09-14T13,22,3,89.5,0,15468,1
2026-09-14T13,22,3,90.0,0,4716,1
2026-09-14T13,22,4,90.5,2154,0,1
2026-09-14T13,22,5,91.0,13605,0,2
2026-09-14T13,22,11,110.0,2,0,1
2026-09-14T14,22,0,87.0,0,866,1
2026-09-14T14,22,0,87.5,0,809,2
2026-09-14T14,22,0,88.0,0,4815,1
2026-09-14T14,22,0,88.5,0,957,2
2026-09-14T14,22,0,89.0,641,509,4
2026-09-14T14,22,0,89.5,0,1100,1
2026-09-14T14,22,0,90.0,343,0,2
2026-09-14T14,22,1,88.0,0,341,1
2026-09-14T14,22,1,89.0,0,2162,1
2026-09-14T14,22,1,89.5,0,66,1
2026-09-14T14,22,2,87.5,0,11472,1
2026-09-14T14,22,2,88.0,0,1844,1
2026-09-14T14,22,2,88.5,12432,8008,2
2026-09-14T14,22,2,89.0,420,1080,2
2026-09-14T14,22,2,89.5,0,527,1
2026-09-14T14,22,3,89.0,0,3206,1
2026-09-14T14,22,3,89.5,0,27168,1
2026-09-14T14,22,3,90.0,9900,769,3
2026-09-14T14,22,3,90.5,0,5106,2
2026-09-14T14,22,4,90.0,0,1167,2
2026-09-14T14,22,4,90.5,0,3304,2
2026-09-14T14,22,4,91.0,13960,0,3
2026-09-14T14,22,5,90.5,0,148,1
2026-09-14T14,22,5,91.0,5938,13421,2
2026-09-14T14,22,6,91.5,2864,0,2
2026-09-14T15,22,0,88.0,0,7129,2
2026-09-14T15,22,0,88.5,558,1287,3
2026-09-14T15,22,0,89.0,0,4987,2
2026-09-14T15,22,0,89.5,136,0,1
2026-09-14T15,22,0,90.0,3048,697,3
2026-09-14T15,22,1,88.5,0,1231,2
2026-09-14T15,22,1,89.0,5984,6242,3
2026-09-14T15,22,1,89.5,0,712,1
2026-09-14T15,22,2,89.0,0,1137,1
2026-09-14T15,22,2,89.5,0,2428,2
2026-09-14T15,22,2,90.0,1901,3757,3
2026-09-14T15,22,2,90.5,17638,0,3
2026-09-14T15,22,3,90.0,0,135,1
2026-09-14T15,22,4,91.0,10088,0,1
2026-09-14T15,22,6,90.5,0,4000,1
2026-09-14T15,22,7,89.5,0,3000,1
2026-09-14T15,22,7,91.0,5009,7217,2
2026-09-14T16,22,0,89.0,0,1951,3
2026-09-14T16,22,0,89.5,1075,2143,5
2026-09-14T16,22,0,90.0,0,623,2
2026-09-14T16,22,0,90.5,0,2044,1
2026-09-14T16,22,1,89.5,198,157,2
2026-09-14T16,22,2,90.0,0,608,1
2026-09-14T16,22,2,90.5,0,5848,1
2026-09-14T16,22,4,90.0,0,126,1
2026-09-14T16,22,4,90.5,35546,8422,7
2026-09-14T16,22,4,91.0,23638,0,5
2026-09-14T16,22,5,91.0,0,3735,1
2026-09-14T17,22,0,87.5,0,626,1
2026-09-14T17,22,0,88.0,0,221,1
2026-09-14T17,22,0,88.5,0,635,1
2026-09-14T17,22,0,90.5,0,2015,1
2026-09-14T17,22,1,88.0,0,219,1
2026-09-14T17,22,1,88.5,0,71,1
2026-09-14T17,22,2,88.0,0,1669,1
2026-09-14T17,22,2,88.5,0,999,1
2026-09-14T17,22,2,89.0,6699,697,5
2026-09-14T17,22,3,89.5,25129,0,2
2026-09-14T17,22,3,90.5,0,654,1
2026-09-14T17,22,3,91.0,234,0,1
2026-09-14T17,22,4,89.5,0,9481,1
2026-09-14T17,22,4,91.0,0,1746,1
2026-09-14T17,22,5,91.5,33013,0,1
2026-09-14T17,22,6,91.5,0,6497,1
2026-09-14T17,22,7,90.0,1819,1156,2
2026-09-14T18,22,0,89.0,660,348,2
2026-09-14T18,22,1,89.0,0,1298,2
2026-09-14T18,22,2,89.0,0,1932,2
2026-09-14T18,22,2,89.5,2148,0,3
2026-09-14T18,22,3,89.5,14035,836,7
2026-09-14T18,22,3,90.0,0,1953,1
2026-09-14T18,22,4,90.5,0,231,1
2026-09-14T18,22,5,91.0,600,1346,2
2026-09-14T18,22,6,91.5,0,1606,1
2026-09-14T18,22,7,92.0,2291,0,1
2026-09-14T19,22,0,89.0,339,16489,2
2026-09-14T19,22,0,89.5,0,3422,2
2026-09-14T19,22,0,90.0,140,0,1
2026-09-14T19,22,0,90.5,0,110,1
2026-09-14T19,22,1,89.0,0,400,1
2026-09-14T19,22,2,89.0,0,2880,1
2026-09-14T19,22,2,89.5,1694,2086,5
2026-09-14T19,22,2,90.0,376,20243,3
2026-09-14T19,22,3,90.0,12583,1831,4
2026-09-14T19,22,3,91.0,2693,1638,2
2026-09-14T19,22,4,90.0,0,327,1
2026-09-14T19,22,4,90.5,0,5268,1
2026-09-14T19,22,4,91.0,0,24597,2
2026-09-14T19,22,5,90.5,0,120,1
2026-09-14T19,22,5,91.0,0,1409,1
2026-09-14T19,22,5,91.5,967,0,1
2026-09-14T19,22,6,91.5,1372,0,1
2026-09-14T20,22,0,88.0,0,5463,3
2026-09-14T20,22,0,88.5,691,391,5
2026-09-14T20,22,0,89.0,0,4,1
2026-09-14T20,22,1,88.5,1621,3725,4
2026-09-14T20,22,1,89.0,340,1801,2
2026-09-14T20,22,1,89.5,3099,0,1
2026-09-14T20,22,2,89.0,0,1565,1
2026-09-14T20,22,2,89.5,0,592,1
2026-09-14T20,22,3,89.0,0,3030,1
2026-09-14T20,22,3,89.5,12038,16747,3
2026-09-14T20,22,3,90.0,10093,0,3
2026-09-14T20,22,4,91.0,0,45042,2
2026-09-14T20,22,6,91.5,83406,2628,5
2026-09-14T20,22,7,91.0,0,5093,1
2026-09-14T21,22,0,88.5,1,2873,5
2026-09-14T21,22,0,89.0,0,1838,2
2026-09-14T21,22,1,88.0,910,179,2
2026-09-14T21,22,1,88.5,0,133,1
2026-09-14T21,22,1,89.0,0,603,2
2026-09-14T21,22,1,89.5,9004,0,3
2026-09-14T21,22,2,88.5,14,2121,2
2026-09-14T21,22,2,89.0,0,108,1
2026-09-14T21,22,2,89.5,20577,937,6
2026-09-14T21,22,3,89.5,2125,920,2
2026-09-14T21,22,3,90.0,0,15966,3
2026-09-14T21,22,3,90.5,5316,0,1
2026-09-14T21,22,6,91.0,6030,0,1
2026-09-14T21,22,6,91.5,13117,0,2
2026-09-14T22,22,0,89.0,0,754,2
2026-09-14T22,22,0,89.5,600,2581,4
2026-09-14T22,22,0,90.0,0,1316,3
2026-09-14T22,22,1,89.0,0,617,1
2026-09-14T22,22,1,89.5,681,4936,3
2026-09-14T22,22,1,90.0,0,441,2
2026-09-14T22,22,2,90.0,0,465,2
2026-09-14T22,22,2,90.5,2941,0,2
2026-09-14T22,22,3,90.5,7444,6363,7
2026-09-14T22,22,3,91.0,402,0,1
2026-09-14T22,22,4,91.0,0,349,1
2026-09-14T22,22,6,91.0,3087,458,2
2026-09-14T22,22,6,91.5,500,0,1
2026-09-14T23,22,0,87.0,4995,0,4
2026-09-14T23,22,1,88.5,400,53,3
2026-09-14T23,22,1,89.5,1799,0,2
2026-09-14T23,22,2,89.0,2240,2476,3
2026-09-14T23,22,2,89.5,317,683,2
2026-09-14T23,22,2,90.0,456,0,1
2026-09-14T23,22,3,90.5,4234,0,1
2026-09-14T23,22,4,90.5,3600,0,1
2026-09-14T23,22,5,91.0,0,2518,1
2026-09-14T23,22,6,91.5,1230,0,1
2026-09-15T00,22,0,87.0,0,539,2
2026-09-15T00,22,0,87.5,24,0,1
2026-09-15T00,22,1,88.0,0,86,1
2026-09-15T00,22,1,89.0,500,1426,2
2026-09-15T00,22,1,89.5,0,1881,1
2026-09-15T00,22,2,88.5,20,0,1
2026-09-15T00,22,2,89.5,0,1238,1
2026-09-15T00,22,3,90.0,8012,0,2
2026-09-15T00,22,4,89.0,3600,0,1
2026-09-15T00,22,4,90.0,0,3700,1
2026-09-15T00,22,6,91.5,8133,43614,2
2026-09-15T01,22,0,87.5,0,358,1
2026-09-15T01,22,0,88.0,0,162,2
2026-09-15T01,22,0,88.5,0,93,1
2026-09-15T01,22,1,87.0,0,158,1
2026-09-15T01,22,1,87.5,0,274,1
2026-09-15T01,22,2,88.5,0,52,1
2026-09-15T01,22,2,89.0,13009,0,5
2026-09-15T01,22,3,87.5,45,406,2
2026-09-15T01,22,3,88.0,2452,2611,3
2026-09-15T01,22,3,88.5,4510,1204,5
2026-09-15T01,22,3,90.0,2130,0,1
2026-09-15T01,22,4,89.0,6030,2370,3
2026-09-15T01,22,4,90.5,1184,0,1
2026-09-15T01,22,5,90.5,0,151,1
2026-09-15T01,22,5,91.0,4439,613,2
2026-09-15T01,22,10,105.0,0,199,1
2026-09-15T01,22,10,106.0,101,0,1
2026-09-15T02,22,0,88.5,0,1904,1
2026-09-15T02,22,0,89.0,0,760,2
2026-09-15T02,22,0,89.5,0,275,2
2026-09-15T02,22,0,90.0,218,6807,2
2026-09-15T02,22,1,90.0,4181,1431,4
2026-09-15T02,22,2,89.0,506,755,4
2026-09-15T02,22,2,90.0,0,788,2
2026-09-15T02,22,3,89.5,355,2948,2
2026-09-15T02,22,3,90.0,0,266,1
2026-09-15T02,22,3,90.5,7834,726,3
2026-09-15T02,22,4,89.5,0,2462,1
2026-09-15T02,22,4,90.0,0,2500,1
2026-09-15T02,22,4,90.5,7330,779,3
2026-09-15T03,22,0,89.5,311,577,2
2026-09-15T03,22,0,90.0,0,1994,3
2026-09-15T03,22,1,89.5,325,379,2
2026-09-15T03,22,1,90.0,135,0,1
2026-09-15T03,22,2,89.5,1898,787,2
2026-09-15T03,22,2,90.0,0,315,1
2026-09-15T03,22,2,90.5,0,2059,1
2026-09-15T03,22,3,90.5,0,3968,1
2026-09-15T03,22,4,90.0,0,1426,1
2026-09-15T03,22,4,90.5,2912,1630,2
2026-09-15T03,22,5,89.0,30,1082,2
2026-09-15T03,22,5,90.0,0,1038,1
2026-09-15T03,22,5,90.5,7174,3937,4
2026-09-15T03,22,5,91.0,7742,0,2
2026-09-15T03,22,6,91.0,0,2679,1
2026-09-15T03,22,11,110.0,20,0,1
2026-09-15T04,22,0,89.0,0,277,1
2026-09-15T04,22,0,89.5,0,46,1
2026-09-15T04,22,0,90.0,54,1572,3
2026-09-15T04,22,1,88.5,0,99,1
2026-09-15T04,22,1,89.0,900,0,3
2026-09-15T04,22,1,90.0,14146,1221,2
2026-09-15T04,22,2,89.5,0,1698,1
2026-09-15T04,22,2,90.0,137,0,1
2026-09-15T04,22,4,90.0,0,159,1
2026-09-15T04,22,4,90.5,11116,3222,5
2026-09-15T04,22,5,90.5,8157,8605,4
2026-09-15T04,22,5,91.0,27331,0,1
2026-09-15T04,22,6,91.0,2321,5234,2
2026-09-15T05,22,0,88.0,1000,778,3
2026-09-15T05,22,0,88.5,0,60,1
2026-09-15T05,22,0,89.0,0,2500,1
2026-09-15T05,22,1,88.5,5351,819,5
2026-09-15T05,22,1,89.0,30,1214,2
2026-09-15T05,22,2,89.0,5566,2958,3
2026-09-15T05,22,2,90.0,5484,0,3
2026-09-15T05,22,3,89.5,0,200,1
2026-09-15T05,22,4,89.5,0,84,1
2026-09-15T05,22,4,90.5,0,23586,1
2026-09-15T05,22,4,91.0,6356,10010,3
2026-09-15T05,22,5,91.0,5201,4008,2
2026-09-15T05,22,6,91.0,0,3679,1
2026-09-15T05,22,6,91.5,3900,0,1
2026-09-15T05,22,7,90.0,3978,4120,2
2026-09-15T06,22,0,87.5,0,22,1
2026-09-15T06,22,0,90.5,0,874,1
2026-09-15T06,22,1,87.5,22,2235,3
2026-09-15T06,22,1,89.0,0,472,1
2026-09-15T06,22,2,88.0,2320,4863,4
2026-09-15T06,22,2,88.5,358,680,2
2026-09-15T06,22,2,89.0,0,993,1
2026-09-15T06,22,2,89.5,0,538,1
2026-09-15T06,22,2,90.0,0,1094,1
2026-09-15T06,22,2,90.5,0,3534,1
2026-09-15T06,22,3,90.0,580,2206,3
2026-09-15T06,22,3,90.5,0,985,1
2026-09-15T06,22,3,91.0,884,2574,3
2026-09-15T06,22,4,91.0,0,7694,2
2026-09-15T06,22,5,91.0,1767,1879,2
2026-09-15T06,22,5,91.5,167,6177,2
2026-09-15T06,22,6,91.5,3823,3777,2
2026-09-15T11,22,0,90.0,0,57,1
2026-09-15T11,22,0,90.5,0,186,1
2026-09-15T11,22,1,90.5,0,116,1
2026-09-15T11,22,1,91.0,0,1042,1
2026-09-15T11,22,2,91.0,0,1197,1
2026-09-15T11,22,3,91.0,0,5098,2
2026-09-15T11,22,4,91.5,100,0,1
2026-09-15T11,22,4,92.0,45033,0,1
2026-09-15T11,22,5,91.0,0,70000,1
2026-09-15T11,22,5,91.5,0,23833,1
2026-09-15T11,22,5,92.0,0,5858,2
2026-09-15T11,22,6,92.0,0,11058,2
2026-09-15T11,22,7,92.0,0,9679,1
2026-09-15T11,22,7,93.0,0,21467,1
2026-09-15T12,22,0,88.5,0,69,1
2026-09-15T12,22,0,90.0,75,0,1
2026-09-15T12,22,1,88.0,1110,5,2
2026-09-15T12,22,1,90.5,0,63,1
2026-09-15T12,22,2,88.5,10345,0,2
2026-09-15T12,22,3,89.0,4814,0,1
2026-09-15T12,22,3,90.5,100,0,1
2026-09-15T12,22,3,91.0,111,0,1
2026-09-15T12,22,4,91.5,14072,0,1
2026-09-15T12,22,5,93.0,9943,0,1
2026-09-15T12,22,6,92.0,1100,10900,2
2026-09-15T12,22,6,94.0,2000,0,1
2026-09-15T12,22,7,92.5,12620,57,2
2026-09-15T12,22,9,93.0,0,10000,1
2026-09-15T12,22,9,93.5,0,40000,1
2026-09-15T13,22,0,87.5,0,500,1
2026-09-15T13,22,0,88.0,0,5026,3
2026-09-15T13,22,0,88.5,0,37,1
2026-09-15T13,22,0,89.0,0,2884,2
2026-09-15T13,22,0,89.5,488,146,2
2026-09-15T13,22,0,90.0,0,373,1
2026-09-15T13,22,0,90.5,0,1000,1
2026-09-15T13,22,0,91.0,0,1311,2
2026-09-15T13,22,1,89.0,0,310,1
2026-09-15T13,22,2,88.5,6592,17183,5
2026-09-15T13,22,2,91.0,0,6,1
2026-09-15T13,22,3,88.5,3980,4994,2
2026-09-15T13,22,3,89.0,0,1465,1
2026-09-15T13,22,3,89.5,2672,1581,4
2026-09-15T13,22,3,90.5,0,1806,1
2026-09-15T13,22,3,91.0,1270,3594,4
2026-09-15T13,22,3,91.5,0,3312,1
2026-09-15T13,22,3,92.0,13669,6726,4
2026-09-15T13,22,4,89.5,0,503,1
2026-09-15T13,22,4,90.0,0,4109,1
2026-09-15T13,22,4,91.5,3600,9861,2
2026-09-15T13,22,4,92.0,5902,3755,2
2026-09-15T13,22,5,93.0,7105,0,1
2026-09-15T14,22,0,91.0,0,282,2
2026-09-15T14,22,0,91.5,0,1558,3
2026-09-15T14,22,1,91.0,268,575,3
2026-09-15T14,22,1,91.5,0,100,1
2026-09-15T14,22,2,91.5,3779,8021,5
2026-09-15T14,22,2,92.0,24724,1722,4
2026-09-15T14,22,3,92.0,100,7875,3
2026-09-15T14,22,4,92.0,0,1221,2
2026-09-15T14,22,4,92.5,0,468,3
2026-09-15T14,22,5,92.0,0,278,1
2026-09-15T14,22,5,92.5,0,3500,1
2026-09-15T14,22,5,93.0,22701,0,3
2026-09-15T15,22,0,89.5,0,2,1
2026-09-15T15,22,0,90.5,0,161,1
2026-09-15T15,22,0,91.0,310,191,2
2026-09-15T15,22,0,91.5,1058,0,1
2026-09-15T15,22,1,90.0,0,158,1
2026-09-15T15,22,1,90.5,0,1107,1
2026-09-15T15,22,1,91.0,0,219,1
2026-09-15T15,22,1,91.5,0,419,1
2026-09-15T15,22,2,91.0,0,1991,1
2026-09-15T15,22,2,91.5,893,0,1
2026-09-15T15,22,2,92.0,7739,0,3
2026-09-15T15,22,3,91.5,0,2880,1
2026-09-15T15,22,3,92.0,0,1505,1
2026-09-15T15,22,3,92.5,0,555,1
2026-09-15T15,22,4,92.5,0,127,1
2026-09-15T15,22,4,93.0,5509,0,1
2026-09-15T15,22,5,92.5,1615,89,2
2026-09-15T15,22,5,93.0,2229,251,2
2026-09-15T16,22,0,90.0,0,1000,1
2026-09-15T16,22,1,88.5,1258,303,5
2026-09-15T16,22,1,89.0,0,30,1
2026-09-15T16,22,2,89.0,219,2302,3
2026-09-15T16,22,2,90.5,0,453,1
2026-09-15T16,22,2,91.0,5430,0,3
2026-09-15T16,22,2,91.5,6482,0,2
2026-09-15T16,22,3,89.5,2985,5758,3
2026-09-15T16,22,3,91.5,200,0,1
2026-09-15T16,22,9,94.0,5897,0,1
2026-09-15T17,22,0,89.0,0,1189,1
2026-09-15T17,22,0,89.5,0,135,1
2026-09-15T17,22,0,90.0,769,181,3
2026-09-15T17,22,0,90.5,47,619,3
2026-09-15T17,22,0,91.0,0,1240,1
2026-09-15T17,22,0,91.5,0,3645,1
2026-09-15T17,22,2,89.5,0,1827,1
2026-09-15T17,22,2,90.0,0,1278,2
2026-09-15T17,22,2,90.5,1540,2974,4
2026-09-15T17,22,2,91.0,0,1362,1
2026-09-15T17,22,2,91.5,0,9,1
2026-09-15T17,22,3,90.5,0,123,1
2026-09-15T17,22,3,91.0,1222,5792,2
2026-09-15T17,22,3,91.5,983,2431,3
2026-09-15T17,22,3,92.0,1437,0,1
2026-09-15T17,22,4,90.5,3600,15127,3
2026-09-15T17,22,4,91.0,2545,3045,3
2026-09-15T17,22,4,91.5,0,989,1
2026-09-15T17,22,4,92.0,803,133,2
2026-09-15T17,22,7,90.0,0,6000,1
2026-09-15T18,22,0,89.5,0,246,1
2026-09-15T18,22,1,89.5,310,114,2
2026-09-15T18,22,1,90.5,0,259,1
2026-09-15T18,22,1,91.0,363,0,3
2026-09-15T18,22,2,91.0,1522,732,2
2026-09-15T18,22,2,91.5,3317,1038,4
2026-09-15T18,22,2,92.0,16258,0,2
2026-09-15T18,22,3,90.0,4337,0,3
2026-09-15T18,22,3,91.5,0,194,1
2026-09-15T18,22,3,92.0,901,17855,5
2026-09-15T18,22,4,92.0,0,840,1
2026-09-15T18,22,4,92.5,1053,0,1
2026-09-15T18,22,6,93.0,0,6000,1
2026-09-15T18,22,7,92.0,2139,2000,2
2026-09-15T18,22,9,94.0,700,0,1
2026-09-15T19,22,0,88.5,0,245,2
2026-09-15T19,22,0,89.0,1119,881,3
2026-09-15T19,22,1,88.5,2,1144,3
2026-09-15T19,22,1,89.0,0,530,2
2026-09-15T19,22,1,90.0,1,0,1
2026-09-15T19,22,1,91.0,0,285,1
2026-09-15T19,22,2,89.0,0,1700,2
2026-09-15T19,22,2,90.0,0,1000,1
2026-09-15T19,22,3,89.0,0,375,2
2026-09-15T19,22,3,89.5,3711,8477,4
2026-09-15T19,22,3,90.0,0,23130,1
2026-09-15T19,22,4,90.5,23074,4926,3
2026-09-15T20,22,0,88.0,0,147,1
2026-09-15T20,22,0,88.5,0,183,1
2026-09-15T20,22,1,88.5,428,633,3
2026-09-15T20,22,1,89.0,5143,4535,6
2026-09-15T20,22,1,89.5,1305,0,1
2026-09-15T20,22,2,88.5,0,980,1
2026-09-15T20,22,2,89.0,0,215,1
2026-09-15T20,22,2,89.5,1128,1676,2
2026-09-15T20,22,2,90.5,362,0,1
2026-09-15T20,22,3,88.0,0,1000,1
2026-09-15T20,22,3,89.5,0,524,1
2026-09-15T20,22,3,90.0,693,5952,2
2026-09-15T20,22,4,90.5,0,1314,1
2026-09-15T20,22,4,91.0,840,0,1
2026-09-15T20,22,5,91.0,753,49150,2
2026-09-15T20,22,5,91.5,0,754,1
2026-09-15T20,22,6,91.0,0,5000,1
2026-09-15T20,22,7,91.5,0,76,1
2026-09-15T20,22,7,92.0,670,0,1
2026-09-15T21,22,0,88.0,0,101,1
2026-09-15T21,22,0,89.5,0,1432,1
2026-09-15T21,22,1,88.5,0,360,1
2026-09-15T21,22,1,89.0,0,3638,1
2026-09-15T21,22,1,89.5,110,1073,3
2026-09-15T21,22,2,88.5,3664,9974,3
2026-09-15T21,22,2,89.0,15960,801,5
2026-09-15T21,22,2,89.5,6561,1385,2
2026-09-15T21,22,2,90.0,21294,0,3
2026-09-15T21,22,3,91.0,0,2684,1
2026-09-15T21,22,3,91.5,0,7880,1
2026-09-15T21,22,3,92.0,3836,0,1
2026-09-15T21,22,4,91.0,0,1756,1
2026-09-15T21,22,4,91.5,0,1234,1
2026-09-15T21,22,4,92.5,0,8947,1
2026-09-15T21,22,4,93.0,0,13714,1
2026-09-15T21,22,4,93.5,1378,1710,2
2026-09-15T21,22,5,92.5,0,2378,1
2026-09-15T21,22,5,93.0,0,4106,2
2026-09-15T21,22,5,93.5,3121,27821,4
2026-09-15T21,22,5,94.0,3661,0,2
2026-09-15T21,22,6,91.5,0,546,1
2026-09-15T21,22,6,94.0,0,3000,1
2026-09-15T21,22,7,92.0,6325,1389,3
2026-09-15T21,22,7,94.0,0,2000,1
2026-09-15T21,22,9,94.0,5211,26123,2
2026-09-15T22,22,0,88.5,0,518,1
2026-09-15T22,22,0,89.0,360,707,2
2026-09-15T22,22,0,89.5,5,3354,3
2026-09-15T22,22,1,89.5,200,783,3
2026-09-15T22,22,2,90.0,13290,0,4
2026-09-15T22,22,3,92.0,7668,0,1
2026-09-15T22,22,5,94.0,13005,7090,4
2026-09-15T22,22,9,94.5,5214,0,1
2026-09-16T04,22,0,89.5,0,472,1
2026-09-16T04,22,0,90.0,4780,0,2
2026-09-16T04,22,1,90.0,0,1202,2
2026-09-16T04,22,2,90.0,0,15416,1
2026-09-16T04,22,2,90.5,0,638,1
2026-09-16T04,22,2,91.5,985,466,3
2026-09-16T04,22,3,92.0,0,169447,1
2026-09-16T04,22,5,94.0,0,6073,1
2026-09-16T04,22,7,94.0,0,10000,1
2026-09-16T04,22,9,94.5,0,4786,1
2026-09-16T05,22,0,90.0,0,894,2
2026-09-16T05,22,0,90.5,0,1820,4
2026-09-16T05,22,0,91.0,40,689,3
2026-09-16T05,22,1,89.5,134,462,2
2026-09-16T05,22,1,90.0,0,144,1
2026-09-16T05,22,1,90.5,0,665,1
2026-09-16T05,22,1,91.0,0,5100,3
2026-09-16T05,22,2,91.0,0,5633,3
2026-09-16T05,22,2,91.5,17850,0,7
2026-09-16T05,22,4,92.0,5730,0,1
2026-09-16T05,22,5,91.0,330,2726,2
2026-09-16T05,22,5,91.5,0,959,1
2026-09-16T05,22,5,92.0,31044,0,3
2026-09-16T06,22,0,89.5,0,919,2
2026-09-16T06,22,0,90.0,0,1866,3
2026-09-16T06,22,0,90.5,0,1803,2
2026-09-16T06,22,0,91.5,0,149,2
2026-09-16T06,22,1,90.0,0,1775,1
2026-09-16T06,22,1,91.0,0,307,1
2026-09-16T06,22,1,91.5,0,162,1
2026-09-16T06,22,2,91.5,7027,2596,5
2026-09-16T06,22,3,90.0,0,2355,1
2026-09-16T06,22,5,90.5,12741,4905,4
2026-09-16T06,22,5,92.0,7897,0,2
2026-09-16T06,22,6,94.0,0,4909,1
2026-09-16T06,22,7,91.0,4252,9748,3
2026-09-16T06,22,7,92.0,6366,4995,2
2026-09-16T06,22,7,94.5,948,0,1
2026-09-16T07,22,0,88.5,0,42,1
2026-09-16T07,22,1,89.0,178,0,2
2026-09-16T07,22,1,91.0,0,87,1
2026-09-16T07,22,2,89.5,0,334,1
2026-09-16T07,22,2,91.0,27239,0,2
2026-09-16T07,22,3,91.5,2760,0,2
2026-09-16T07,22,5,90.0,0,761,1
2026-09-16T07,22,5,92.0,15212,0,2
2026-09-16T07,22,7,89.5,0,2000,1
2026-09-16T07,22,7,94.5,949,56,2
2026-09-16T08,22,0,88.5,0,5203,1
2026-09-16T08,22,0,89.5,1508,494,4
2026-09-16T08,22,0,90.0,265,0,2
2026-09-16T08,22,0,90.5,0,941,1
2026-09-16T08,22,1,88.5,0,154,1
2026-09-16T08,22,1,89.0,0,2361,1
2026-09-16T08,22,1,91.0,0,499,1
2026-09-16T08,22,2,90.0,18514,18132,4
2026-09-16T08,22,2,91.0,0,3678,1
2026-09-16T08,22,3,90.5,394,728,2
2026-09-16T08,22,3,91.0,150,0,1
2026-09-16T08,22,3,91.5,258,0,1
2026-09-16T08,22,5,91.5,270,0,1
2026-09-16T08,22,5,92.0,3965,0,2
2026-09-16T08,22,7,90.0,0,1106,1
2026-09-16T09,22,0,89.0,0,213,2
2026-09-16T09,22,0,89.5,0,2036,3
2026-09-16T09,22,0,90.0,1877,2562,4
2026-09-16T09,22,0,90.5,0,491,3
2026-09-16T09,22,0,91.0,87,0,1
2026-09-16T09,22,1,90.0,0,354,1
2026-09-16T09,22,1,90.5,287,20,2
2026-09-16T09,22,2,90.5,0,920,1
2026-09-16T09,22,2,91.0,1080,799,4
2026-09-16T09,22,2,91.5,1480,0,2
2026-09-16T09,22,3,90.5,0,3052,1
2026-09-16T09,22,3,91.0,0,238,1
2026-09-16T09,22,3,91.5,0,6060,1
2026-09-16T09,22,5,91.0,3466,5350,3
2026-09-16T09,22,5,91.5,1568,2924,4
2026-09-16T09,22,5,92.0,25454,0,2
2026-09-16T10,22,0,89.0,0,40,1
2026-09-16T10,22,0,89.5,0,174,1
2026-09-16T10,22,0,90.0,50,67,2
2026-09-16T10,22,0,90.5,0,270,1
2026-09-16T10,22,0,91.0,1389,284,5
2026-09-16T10,22,1,89.5,0,187,1
2026-09-16T10,22,1,90.0,337,100,2
2026-09-16T10,22,1,90.5,0,753,1
2026-09-16T10,22,1,91.0,0,1322,2
2026-09-16T10,22,2,91.5,3705,10997,4
2026-09-16T10,22,3,90.0,246,141,2
2026-09-16T10,22,3,90.5,0,6761,2
2026-09-16T10,22,3,91.0,3719,0,1
2026-09-16T10,22,3,92.0,9460,0,2
2026-09-16T10,22,4,91.5,0,8225,1
2026-09-16T10,22,4,92.0,3147,5291,4
2026-09-16T10,22,5,92.0,0,3373,1
2026-09-16T10,22,5,92.5,0,5636,1
2026-09-16T10,22,5,93.0,655,0,1
2026-09-16T10,22,7,94.0,900,0,1
2026-09-16T11,22,0,89.0,0,358,1
2026-09-16T11,22,0,90.0,946,28213,6
2026-09-16T11,22,1,90.5,0,1076,2
2026-09-16T11,22,2,89.0,0,9497,1
2026-09-16T11,22,3,89.0,0,148,1
2026-09-16T11,22,3,89.5,160,0,1
2026-09-16T11,22,3,91.0,7177,20345,5
2026-09-16T11,22,4,91.5,0,1632,2
2026-09-16T11,22,4,92.0,17212,0,2
2026-09-16T11,22,5,93.0,0,1488,1
2026-09-16T11,22,6,93.5,4168,0,1
2026-09-16T11,22,7,90.5,1224,2776,2
2026-09-16T12,22,0,90.0,0,2993,2
2026-09-16T12,22,0,91.0,0,1934,1
2026-09-16T12,22,0,91.5,1935,5857,4
2026-09-16T12,22,1,91.5,0,328,2
2026-09-16T12,22,2,90.5,0,2000,1
2026-09-16T12,22,2,91.0,0,117,1
2026-09-16T12,22,2,92.0,10015,0,1
2026-09-16T12,22,3,89.5,0,440,1
2026-09-16T12,22,3,90.5,0,5447,1
2026-09-16T12,22,3,91.0,0,21610,2
2026-09-16T12,22,3,91.5,0,512,1
2026-09-16T12,22,3,92.0,19866,3195,6
2026-09-16T12,22,4,90.0,0,3023,1
2026-09-16T12,22,4,92.0,1458,761,3
2026-09-16T12,22,4,92.5,0,141,1
2026-09-16T12,22,5,91.0,0,1820,1
2026-09-16T12,22,5,93.0,2083,1411,2
2026-09-16T12,22,5,93.5,3195,0,2
2026-09-16T12,22,6,93.5,0,9332,1
2026-09-16T12,22,7,91.0,0,1076,1
2026-09-16T12,22,8,98.0,0,5000,1
2026-09-16T13,22,0,89.5,0,200,1
2026-09-16T13,22,0,90.0,0,986,1
2026-09-16T13,22,0,90.5,0,102,1
2026-09-16T13,22,0,91.0,0,66,1
2026-09-16T13,22,0,91.5,0,5440,3
2026-09-16T13,22,0,92.0,0,3840,2
2026-09-16T13,22,0,92.5,0,30,1
2026-09-16T13,22,0,94.0,1488,2978,3
2026-09-16T13,22,1,91.0,0,782,1
2026-09-16T13,22,1,91.5,0,503,1
2026-09-16T13,22,2,90.0,0,400,1
2026-09-16T13,22,2,92.0,4373,95891,4
2026-09-16T13,22,3,92.0,0,12132,1
2026-09-16T13,22,3,92.5,0,20386,1
2026-09-16T13,22,3,93.0,2064,1242,2
2026-09-16T13,22,3,94.0,0,14910,2
2026-09-16T13,22,4,93.0,0,936,1
2026-09-16T13,22,4,94.0,0,2605,1
2026-09-16T13,22,5,93.5,468,4927,3
2026-09-16T13,22,5,94.0,0,10563,2
2026-09-16T13,22,5,94.5,539,0,1
2026-09-16T13,22,6,94.5,2085,12415,2
2026-09-16T13,22,7,94.0,0,2100,1
2026-09-16T13,22,7,94.5,28169,882,3
2026-09-16T13,22,9,95.0,0,17529,1
2026-09-16T14,22,0,92.0,0,100,2
2026-09-16T14,22,0,92.5,0,261,1
2026-09-16T14,22,0,93.0,0,93,1
2026-09-16T14,22,0,93.5,0,322,1
2026-09-16T14,22,0,94.0,0,522,1
2026-09-16T14,22,1,92.5,0,54,1
2026-09-16T14,22,1,93.0,0,264,1
2026-09-16T14,22,2,93.0,2508,7193,4
2026-09-16T14,22,2,94.0,0,1044,1
2026-09-16T14,22,3,93.5,2019,31699,3
2026-09-16T14,22,3,94.0,1127,11591,3
2026-09-16T14,22,4,94.5,9535,23403,4
2026-09-16T14,22,5,94.5,7748,7567,3
2026-09-16T14,22,6,95.0,3073,1927,2
2026-09-16T14,22,6,96.0,1208,0,1
2026-09-16T14,22,7,92.0,0,1805,1
2026-09-16T14,22,7,95.0,1500,3500,2
2026-09-16T14,22,8,98.0,0,5000,1
2026-09-16T14,22,10,105.0,0,100,1
2026-09-16T14,22,10,106.0,0,9899,1
2026-09-16T15,22,0,93.0,0,307,1
2026-09-16T15,22,0,94.0,0,11461,1
2026-09-16T15,22,0,94.5,0,339,2
2026-09-16T15,22,0,95.0,0,471,1
2026-09-16T15,22,0,95.5,0,65,1
2026-09-16T15,22,1,92.5,0,303,1
2026-09-16T15,22,1,94.5,0,788,1
2026-09-16T15,22,1,95.0,0,469,1
2026-09-16T15,22,1,95.5,0,1615,2
2026-09-16T15,22,2,93.0,0,2454,1
2026-09-16T15,22,2,95.5,0,775,1
2026-09-16T15,22,3,94.0,0,840,1
2026-09-16T15,22,3,94.5,0,732,1
2026-09-16T15,22,3,95.5,3187,9955,2
2026-09-16T15,22,5,94.5,6,6494,2
2026-09-16T15,22,5,95.0,19919,81,5
2026-09-16T15,22,5,95.5,1407,2093,2
2026-09-16T15,22,6,96.0,19619,0,4
2026-09-16T16,22,0,93.5,0,69,1
2026-09-16T16,22,0,94.0,0,25,1
2026-09-16T16,22,0,94.5,0,936,2
2026-09-16T16,22,0,95.0,0,584,1
2026-09-16T16,22,1,94.5,990,471,4
2026-09-16T16,22,1,95.0,105,1051,3
2026-09-16T16,22,2,95.0,0,4296,2
2026-09-16T16,22,3,95.0,0,153,1
2026-09-16T16,22,4,95.5,0,979,1
2026-09-16T16,22,5,95.0,0,953,2
2026-09-16T16,22,5,95.5,8820,0,2
2026-09-16T16,22,6,95.5,6243,1757,5
2026-09-16T16,22,6,96.0,5919,0,1
2026-09-16T17,22,0,91.5,0,8,1
2026-09-16T17,22,0,92.0,0,35,1
2026-09-16T17,22,0,92.5,0,72,1
2026-09-16T17,22,0,93.0,1850,84,3
2026-09-16T17,22,0,93.5,0,65,1
2026-09-16T17,22,0,94.0,0,1000,1
2026-09-16T17,22,0,94.5,499,309,3
2026-09-16T17,22,0,95.0,0,80,1
2026-09-16T17,22,1,94.0,0,702,1
2026-09-16T17,22,2,94.5,0,74,1
2026-09-16T17,22,2,95.0,0,867,1
2026-09-16T17,22,3,95.5,10337,0,2
2026-09-16T17,22,5,95.0,0,733,1
2026-09-16T17,22,5,95.5,14547,3761,5
2026-09-16T17,22,6,96.0,5356,0,3
2026-09-16T17,22,7,93.0,0,3070,1
2026-09-16T17,22,7,95.0,0,512,1
2026-09-16T18,22,0,94.5,0,153,1
2026-09-16T18,22,0,95.0,0,2379,4
2026-09-16T18,22,1,95.0,0,275,1
2026-09-16T18,22,2,93.5,0,2986,1
2026-09-16T18,22,2,94.0,0,4940,2
2026-09-16T18,22,2,94.5,2422,1147,3
2026-09-16T18,22,3,95.0,30,535,2
2026-09-16T18,22,3,95.5,15033,0,1
2026-09-16T18,22,4,95.0,0,274,1
2026-09-16T18,22,4,95.5,35274,14086,6
2026-09-16T18,22,5,95.5,326,783,3
2026-09-16T18,22,5,96.0,6622,0,2
2026-09-16T18,22,6,95.5,0,5860,1
2026-09-16T18,22,6,96.0,0,17898,1
2026-09-16T19,22,0,93.0,0,37,1
2026-09-16T19,22,0,93.5,5,0,1
2026-09-16T19,22,0,94.0,0,107,1
2026-09-16T19,22,1,93.0,51,0,1
2026-09-16T19,22,1,93.5,0,1404,1
2026-09-16T19,22,1,94.0,0,589,1
2026-09-16T19,22,3,92.5,0,6018,1
2026-09-16T19,22,3,93.5,1963,0,1
2026-09-16T19,22,3,94.5,2855,1237,2
2026-09-16T19,22,4,93.0,1207,0,1
2026-09-16T19,22,4,94.5,0,409,1
2026-09-16T19,22,4,95.5,0,6,1
2026-09-16T19,22,5,93.0,0,5023,1
2026-09-16T19,22,5,93.5,1037,0,2
2026-09-16T19,22,5,96.0,0,13378,1
2026-09-16T19,22,5,97.0,2833,0,1
2026-09-16T19,22,7,95.0,3000,5244,2
2026-09-16T21,22,0,89.5,0,4,1
2026-09-16T21,22,0,90.0,60,50,2
2026-09-16T21,22,2,90.0,0,5098,1
2026-09-16T21,22,2,90.5,245,0,1
2026-09-16T21,22,3,90.5,1237,2293,2
2026-09-16T21,22,3,93.0,3698,0,1
2026-09-16T21,22,4,90.5,1458,542,2
2026-09-16T21,22,4,93.0,0,79325,1
2026-09-16T21,22,7,91.0,88,0,1
2026-09-16T21,22,7,93.5,39475,0,1
2026-09-16T22,22,0,89.0,0,406,2
2026-09-16T22,22,0,89.5,6265,4219,2
2026-09-16T22,22,0,92.0,32,3780,3
2026-09-16T22,22,0,92.5,2335,480,2
2026-09-16T22,22,1,90.0,0,1219,2
2026-09-16T22,22,1,93.0,0,2668,1
2026-09-16T22,22,2,90.5,3828,824,4
2026-09-16T22,22,3,90.0,0,3222,1
2026-09-16T22,22,3,90.5,3177,14589,3
2026-09-16T22,22,3,93.0,0,57317,1
2026-09-16T22,22,3,93.5,5282,0,1
2026-09-16T22,22,4,90.0,0,306,1
2026-09-16T22,22,4,93.0,0,1291,1
2026-09-16T22,22,4,93.5,16848,5693,2
2026-09-16T22,22,5,90.5,0,9724,1
2026-09-16T22,22,5,93.5,0,4562,1
2026-09-16T22,22,7,91.0,2760,1320,2
2026-09-16T22,22,7,93.5,1000,41188,2
2026-09-16T22,22,9,96.0,873,0,1
2026-09-16T22,22,10,96.0,2993,5007,2
2026-09-16T23,22,0,92.0,0,2249,1
2026-09-16T23,22,0,92.5,0,458,1
2026-09-16T23,22,2,93.0,602,0,1
2026-09-16T23,22,4,95.5,7364,0,1
2026-09-17T04,22,0,93.5,0,1303,1
2026-09-17T04,22,0,94.5,0,36,1
2026-09-17T04,22,1,93.0,0,633,1
2026-09-17T04,22,1,95.5,0,157,1
2026-09-17T04,22,2,93.0,0,521,1
2026-09-17T04,22,2,94.5,0,3431,1
2026-09-17T04,22,3,93.5,0,2755,1
2026-09-17T04,22,3,94.5,0,5163,1
2026-09-17T04,22,3,95.0,0,100707,2
2026-09-17T04,22,3,95.5,2191,0,1
2026-09-17T04,22,4,95.5,0,47336,1
2026-09-17T05,22,0,91.0,0,3240,1
2026-09-17T05,22,0,91.5,0,376,2
2026-09-17T05,22,0,92.0,0,697,2
2026-09-17T05,22,0,92.5,0,1269,1
2026-09-17T05,22,0,93.5,209,1483,2
2026-09-17T05,22,1,92.5,0,355,2
2026-09-17T05,22,1,93.0,0,511,1
2026-09-17T05,22,1,93.5,41,0,1
2026-09-17T05,22,2,92.5,1000,2992,2
2026-09-17T05,22,2,93.0,5124,1090,3
2026-09-17T05,22,3,93.5,4578,5422,2
2026-09-17T05,22,4,92.5,200,0,1
2026-09-17T05,22,4,93.5,2331,10142,2
2026-09-17T05,22,4,94.0,41234,0,4
2026-09-17T05,22,5,94.0,0,1362,1
2026-09-17T05,22,5,94.5,8311,0,2
2026-09-17T05,22,6,95.0,4857,0,1
2026-09-17T06,22,0,90.5,0,1192,1
2026-09-17T06,22,0,92.0,0,265,1
2026-09-17T06,22,0,93.0,0,2084,3
2026-09-17T06,22,1,90.5,0,1233,1
2026-09-17T06,22,1,91.0,25,488,2
2026-09-17T06,22,1,91.5,0,70,1
2026-09-17T06,22,1,92.0,0,12,1
2026-09-17T06,22,2,90.0,0,31316,1
2026-09-17T06,22,2,92.0,6010,270,3
2026-09-17T06,22,3,92.5,0,12097,1
2026-09-17T06,22,4,92.5,0,838,1
2026-09-17T06,22,4,93.5,46013,0,6
2026-09-17T06,22,5,94.5,7068,0,2
2026-09-17T07,22,0,91.5,0,136,1
2026-09-17T07,22,0,92.5,0,1773,1
2026-09-17T07,22,0,93.0,60,0,1
2026-09-17T07,22,1,91.5,0,87,1
2026-09-17T07,22,1,92.0,0,366,1
2026-09-17T07,22,2,91.0,0,427,1
2026-09-17T07,22,2,92.5,0,720,2
2026-09-17T07,22,2,93.0,0,586,1
2026-09-17T07,22,3,91.5,0,1413,1
2026-09-17T07,22,3,93.0,4484,6072,3
2026-09-17T07,22,4,91.5,0,5816,1
2026-09-17T07,22,4,93.5,7563,0,1
2026-09-17T07,22,5,92.0,90,2700,2
2026-09-17T07,22,6,93.5,5259,0,3
2026-09-17T08,22,0,90.5,0,51,1
2026-09-17T08,22,0,91.0,850,3353,3
2026-09-17T08,22,0,92.0,0,256,1
2026-09-17T08,22,0,92.5,36518,0,2
2026-09-17T08,22,1,93.0,0,3139,1
2026-09-17T08,22,2,91.0,0,64,1
2026-09-17T08,22,3,91.0,0,1295,2
2026-09-17T08,22,4,91.5,21477,28398,5
2026-09-17T08,22,6,93.5,19490,0,5
2026-09-17T09,22,0,91.5,760,63,2
2026-09-17T09,22,0,92.5,0,17779,2
2026-09-17T09,22,1,90.0,0,1339,1
2026-09-17T09,22,1,91.5,500,0,1
2026-09-17T09,22,1,92.0,0,61,1
2026-09-17T09,22,2,92.5,0,284,1
2026-09-17T09,22,2,93.0,85200,0,4
2026-09-17T09,22,6,93.5,3933,0,1
2026-09-17T09,22,7,93.0,0,4000,1
2026-09-17T10,22,0,91.5,0,3118,2
2026-09-17T10,22,0,92.0,0,2832,2
2026-09-17T10,22,1,91.5,0,1095,1
2026-09-17T10,22,1,92.0,0,194,1
2026-09-17T10,22,1,92.5,0,231,1
2026-09-17T10,22,2,92.0,3491,1841,2
2026-09-17T10,22,2,92.5,4585,7795,6
2026-09-17T10,22,3,92.0,0,33594,2
2026-09-17T10,22,3,92.5,2985,2697,3
2026-09-17T10,22,4,92.5,2768,16807,6
2026-09-17T10,22,4,93.0,4832,175,3
2026-09-17T10,22,5,93.0,41988,1468,5
2026-09-17T10,22,6,93.0,100,12900,2
2026-09-17T10,22,6,93.5,25000,21470,2
2026-09-17T10,22,7,92.5,0,3000,1
2026-09-17T10,22,7,94.0,8033,0,1
2026-09-17T11,22,0,89.0,0,166,1
2026-09-17T11,22,0,89.5,0,509,1
2026-09-17T11,22,0,90.5,0,661,1
2026-09-17T11,22,0,91.0,875,0,1
2026-09-17T11,22,0,92.0,0,139,1
2026-09-17T11,22,0,93.0,0,910,2
2026-09-17T11,22,1,90.0,0,392,1
2026-09-17T11,22,1,91.0,534,0,2
2026-09-17T11,22,1,92.0,0,1492,1
2026-09-17T11,22,2,91.5,13923,0,5
2026-09-17T11,22,2,92.0,0,974,2
2026-09-17T11,22,2,92.5,0,2693,2
2026-09-17T11,22,2,93.0,13903,29476,2
2026-09-17T11,22,3,92.0,0,3279,1
2026-09-17T11,22,3,92.5,5028,5272,2
2026-09-17T11,22,3,93.0,0,352,1
2026-09-17T11,22,4,93.0,114,168,2
2026-09-17T11,22,4,93.5,45632,0,1
2026-09-17T11,22,5,93.0,6016,20556,2
2026-09-17T11,22,5,93.5,0,37436,1
2026-09-17T11,22,6,95.0,0,5143,1
2026-09-17T11,22,7,94.0,0,2646,1
2026-09-17T11,22,7,95.5,5111,0,1
2026-09-17T12,22,0,90.5,0,2412,3
2026-09-17T12,22,0,91.0,0,1909,3
2026-09-17T12,22,1,90.5,2986,1745,4
2026-09-17T12,22,1,91.0,899,5762,2
2026-09-17T12,22,2,91.0,68,1697,4
2026-09-17T12,22,2,91.5,76816,0,7
2026-09-17T12,22,3,91.5,0,529,1
2026-09-17T12,22,3,92.0,0,209,1
2026-09-17T12,22,3,92.5,0,533,1
2026-09-17T12,22,3,93.0,1248,0,1
2026-09-17T12,22,4,93.0,0,2251,1
2026-09-17T12,22,4,93.5,0,1003,1
2026-09-17T12,22,5,93.5,0,5925,2
2026-09-17T12,22,5,94.0,9725,3494,3
2026-09-17T13,22,0,91.0,0,68,1
2026-09-17T13,22,0,91.5,717,681,3
2026-09-17T13,22,0,92.0,500,4571,3
2026-09-17T13,22,0,92.5,0,317,1
2026-09-17T13,22,0,93.0,0,227,1
2026-09-17T13,22,3,92.5,0,3137,1
2026-09-17T13,22,3,93.0,0,7702,2
2026-09-17T13,22,4,93.0,0,434,1
2026-09-17T13,22,4,93.5,19947,0,4
2026-09-17T13,22,5,93.5,2097,3567,3
2026-09-17T13,22,7,93.0,0,1607,1
2026-09-17T13,22,9,96.0,6000,0,1
2026-09-17T14,22,0,92.5,0,1470,2
2026-09-17T14,22,0,93.0,840,760,3
2026-09-17T14,22,0,93.5,0,675,1
2026-09-17T14,22,1,92.5,0,61,1
2026-09-17T14,22,1,93.0,0,474,1
2026-09-17T14,22,1,93.5,1815,225,4
2026-09-17T14,22,2,93.0,0,521,1
2026-09-17T14,22,2,93.5,0,35,1
2026-09-17T14,22,3,92.0,0,10469,1
2026-09-17T14,22,3,93.0,0,365,1
2026-09-17T14,22,3,93.5,8085,7718,8
2026-09-17T14,22,4,93.5,0,3081,2
2026-09-17T14,22,5,94.0,5905,0,2
2026-09-17T14,22,6,94.0,1297,4368,3
2026-09-17T14,22,7,93.5,0,1437,1
2026-09-17T15,22,0,92.0,0,495,1
2026-09-17T15,22,0,92.5,0,61,1
2026-09-17T15,22,1,92.0,0,103,1
2026-09-17T15,22,1,93.0,0,510,1
2026-09-17T15,22,2,92.5,0,6789,1
2026-09-17T15,22,2,93.0,5207,401,4
2026-09-17T15,22,2,93.5,0,3871,1
2026-09-17T15,22,3,92.5,13153,5599,2
2026-09-17T15,22,4,93.0,11397,1253,4
2026-09-17T15,22,4,94.0,15611,0,1
2026-09-17T15,22,5,93.5,0,733,1
2026-09-17T15,22,5,94.0,2764,4370,2
2026-09-17T15,22,6,94.0,851,3484,2
2026-09-17T15,22,6,94.5,2425,0,3
2026-09-17T16,22,0,91.5,0,28,1
2026-09-17T16,22,0,92.0,0,154,1
2026-09-17T16,22,0,92.5,0,291,1
2026-09-17T16,22,1,92.5,0,1770,1
2026-09-17T16,22,2,91.0,0,1044,1
2026-09-17T16,22,2,92.5,58,301,2
2026-09-17T16,22,2,93.0,1726,0,3
2026-09-17T16,22,3,91.0,0,1516,1
2026-09-17T16,22,3,91.5,2349,5651,4
2026-09-17T16,22,3,93.0,10258,769,4
2026-09-17T16,22,5,94.0,5005,0,1
2026-09-17T16,22,7,93.0,0,1820,1
2026-09-17T17,22,0,91.5,0,58,1
2026-09-17T17,22,0,92.0,0,100,1
2026-09-17T17,22,1,90.0,0,1598,1
2026-09-17T17,22,1,92.0,0,163,1
2026-09-17T17,22,1,92.5,0,2563,2
2026-09-17T17,22,2,91.5,0,267,1
2026-09-17T17,22,2,92.0,88,1962,2
2026-09-17T17,22,3,92.0,0,2598,1
2026-09-17T17,22,3,92.5,0,2365,2
2026-09-17T17,22,3,93.0,3072,0,2
2026-09-17T17,22,4,92.5,0,977,1
2026-09-17T17,22,4,93.0,10630,3172,4
2026-09-17T17,22,5,92.5,0,966,1
2026-09-17T17,22,5,93.5,0,544,1
2026-09-17T17,22,5,94.0,5329,0,2
2026-09-17T17,22,6,92.5,0,2000,1
2026-09-17T17,22,7,93.0,0,2000,1
2026-09-17T18,22,0,91.0,0,30,1
2026-09-17T18,22,0,91.5,0,23,2
2026-09-17T18,22,0,92.0,804,1011,3
2026-09-17T18,22,0,92.5,1024,14,2
2026-09-17T18,22,0,93.0,315,0,1
2026-09-17T18,22,2,91.5,0,43,1
2026-09-17T18,22,2,92.0,4705,381,5
2026-09-17T18,22,2,93.0,0,1509,2
2026-09-17T18,22,3,92.5,1704,1616,3
2026-09-17T18,22,3,93.0,44,5859,5
2026-09-17T18,22,3,93.5,3676,5565,4
2026-09-17T18,22,4,93.5,0,1407,1
2026-09-17T18,22,4,94.0,0,4517,1
2026-09-17T18,22,5,94.0,4987,39624,3
2026-09-17T18,22,6,94.0,3689,3010,2
2026-09-17T18,22,7,94.0,14045,0,2
2026-09-17T18,22,7,94.5,15895,0,1
2026-09-17T19,22,0,90.5,0,28,1
2026-09-17T19,22,0,91.0,0,919,1
2026-09-17T19,22,0,91.5,0,181,1
2026-09-17T19,22,0,92.0,0,179,1
2026-09-17T19,22,0,92.5,1063,0,2
2026-09-17T19,22,1,92.0,0,10,1
2026-09-17T19,22,1,92.5,0,7767,3
2026-09-17T19,22,1,93.0,0,713,2
2026-09-17T19,22,2,91.5,0,899,1
2026-09-17T19,22,2,93.0,610,197,2
2026-09-17T19,22,3,92.0,0,9639,1
2026-09-17T19,22,3,93.0,0,927,1
2026-09-17T19,22,4,93.5,19843,0,4
2026-09-17T19,22,5,91.5,0,2210,1
2026-09-17T19,22,5,92.0,0,2700,1
2026-09-17T19,22,6,93.0,1916,2084,2
2026-09-17T19,22,6,93.5,2354,5646,4
2026-09-17T20,22,0,91.0,0,250,1
2026-09-17T20,22,0,91.5,0,100,1
2026-09-17T20,22,0,92.0,0,176,1
2026-09-17T20,22,0,92.5,271,1476,4
2026-09-17T20,22,0,93.0,0,685,1
2026-09-17T20,22,1,88.0,0,801,1
2026-09-17T20,22,1,91.5,254,3490,2
2026-09-17T20,22,1,92.0,0,5113,3
2026-09-17T20,22,1,92.5,0,127,2
2026-09-17T20,22,1,93.0,0,71,1
2026-09-17T20,22,2,92.5,1036,4310,3
2026-09-17T20,22,2,93.0,2125,247,2
2026-09-17T20,22,3,92.5,2330,7348,2
2026-09-17T20,22,3,93.0,3732,3593,2
2026-09-17T20,22,3,93.5,3345,0,3
2026-09-17T20,22,4,93.5,0,1907,2
2026-09-17T20,22,4,94.0,0,5481,1
2026-09-17T20,22,5,94.0,0,860,1
2026-09-17T20,22,5,94.5,0,4621,1
2026-09-17T20,22,5,95.0,3878,20430,4
2026-09-17T20,22,6,93.5,0,5000,1
2026-09-17T20,22,6,94.5,0,7575,1
2026-09-17T20,22,7,93.0,178,0,1
2026-09-17T20,22,7,94.0,0,1850,1
2026-09-17T20,22,7,94.5,2652,1464,2
2026-09-17T20,22,7,95.0,0,2000,1
2026-09-17T20,22,7,95.5,1878,0,1
2026-09-17T21,22,0,91.5,0,60,1
2026-09-17T21,22,0,92.0,0,688,1
2026-09-17T21,22,0,92.5,662,820,3
2026-09-17T21,22,0,93.5,0,200,1
2026-09-17T21,22,1,92.5,0,296,1
2026-09-17T21,22,1,93.0,345,491,3
2026-09-17T21,22,1,93.5,0,202,1
2026-09-17T21,22,2,93.5,500,659,2
2026-09-17T21,22,2,94.0,5861,3268,3
2026-09-17T21,22,2,94.5,0,11021,2
2026-09-17T21,22,3,92.0,0,1500,1
2026-09-17T21,22,3,93.5,5363,4016,2
2026-09-17T21,22,3,94.0,0,3512,2
2026-09-17T21,22,3,94.5,1955,0,1
2026-09-17T21,22,3,95.0,1562,0,1
2026-09-17T21,22,4,94.0,0,422,1
2026-09-17T21,22,6,94.5,9863,137,4
2026-09-17T21,22,7,93.0,8728,4533,3
2026-09-17T21,22,7,95.0,0,100,1
2026-09-17T22,22,0,93.5,40,16,2
2026-09-17T22,22,0,94.0,0,7,1
2026-09-17T22,22,0,94.5,0,895,1
2026-09-17T22,22,2,93.5,0,1083,1
2026-09-17T22,22,2,94.5,0,300,1
2026-09-17T22,22,3,94.5,0,122,1
2026-09-17T22,22,3,95.0,37901,0,6
2026-09-17T22,22,7,94.0,408,3992,3
2026-09-17T22,22,7,95.5,3087,0,1
2026-09-17T23,22,0,91.5,21,0,1
2026-09-17T23,22,0,94.5,0,6100,1
2026-09-17T23,22,1,94.5,1760,432,2
2026-09-17T23,22,2,94.5,1000,537,2
2026-09-17T23,22,3,94.5,120,353,2
2026-09-17T23,22,3,95.0,10536,0,4
2026-09-17T23,22,4,95.0,780,993,2
2026-09-17T23,22,5,94.5,4020,0,2
2026-09-17T23,22,6,95.0,3215,0,1
2026-09-17T23,22,7,95.5,1000,0,1
2026-09-18T00,22,0,91.5,0,167,1
2026-09-18T00,22,0,93.0,548,551,5
2026-09-18T00,22,0,93.5,2723,666,3
2026-09-18T00,22,0,94.5,7400,3400,4
2026-09-18T00,22,1,93.0,0,726,1
2026-09-18T00,22,2,92.5,54,1670,2
2026-09-18T00,22,2,94.5,0,328,1
2026-09-18T00,22,3,93.5,3181,2819,3
2026-09-18T00,22,3,95.0,13760,0,4
2026-09-18T00,22,4,94.0,0,674,1
2026-09-18T00,22,5,94.5,17941,241,2
2026-09-18T00,22,5,95.0,0,4040,1
2026-09-18T00,22,5,95.5,4357,0,2
2026-09-18T00,22,6,95.0,0,1785,1
2026-09-18T00,22,7,95.5,4301,4623,2
2026-09-18T01,22,0,94.0,1241,462,5
2026-09-18T01,22,0,94.5,1394,3849,3
2026-09-18T01,22,1,94.5,0,1265,1
2026-09-18T01,22,2,91.0,0,217,1
2026-09-18T01,22,2,92.0,0,2674,1
2026-09-18T01,22,2,92.5,0,262,1
2026-09-18T01,22,3,94.5,0,8002,1
2026-09-18T01,22,3,95.0,26427,0,3
2026-09-18T01,22,5,93.0,20,2088,2
2026-09-18T01,22,5,95.0,2580,16,3
2026-09-18T01,22,5,95.5,6280,0,1
2026-09-18T02,22,0,93.5,280,364,2
2026-09-18T02,22,0,94.0,1,1120,2
2026-09-18T02,22,0,94.5,60,124,2
2026-09-18T02,22,2,94.5,1490,341,2
2026-09-18T02,22,3,94.5,1000,11035,2
2026-09-18T02,22,3,95.0,8675,0,3
2026-09-18T02,22,5,95.0,3591,7455,3
2026-09-18T02,22,5,95.5,0,684,1
2026-09-18T02,22,9,96.0,4716,0,1
2026-09-18T03,22,0,93.5,0,1307,1
2026-09-18T03,22,0,94.0,0,371,4
2026-09-18T03,22,0,94.5,0,1638,3
2026-09-18T03,22,0,95.0,0,458,2
2026-09-18T03,22,1,94.0,0,930,1
2026-09-18T03,22,1,94.5,0,280,1
2026-09-18T03,22,1,95.0,665,0,1
2026-09-18T03,22,2,94.5,135,0,1
2026-09-18T03,22,2,95.0,0,1212,1
2026-09-18T03,22,2,96.0,0,3,1
2026-09-18T03,22,3,94.5,0,2024,1
2026-09-18T03,22,3,95.0,0,2907,3
2026-09-18T03,22,3,95.5,5903,16536,4
2026-09-18T03,22,5,95.0,0,2919,1
2026-09-18T03,22,5,95.5,0,819,1
2026-09-18T03,22,5,96.0,15789,4211,5
2026-09-18T03,22,5,97.0,1445,0,1
2026-09-18T03,22,6,95.5,0,5457,1
2026-09-18T03,22,9,96.0,2697,5714,3
2026-09-18T04,22,0,93.5,0,161,1
2026-09-18T04,22,0,94.0,0,414,1
2026-09-18T04,22,0,94.5,200,51,2
2026-09-18T04,22,1,94.0,0,204,1
2026-09-18T04,22,1,94.5,0,159,1
2026-09-18T04,22,1,95.0,14149,43,4
2026-09-18T04,22,2,94.5,0,468,1
2026-09-18T04,22,2,95.0,590,5880,3
2026-09-18T04,22,3,95.0,0,1341,2
2026-09-18T04,22,4,94.5,8983,0,1
2026-09-18T04,22,5,94.5,0,433,1
2026-09-18T04,22,5,95.0,0,11503,2
2026-09-18T04,22,5,95.5,17575,0,3
2026-09-18T05,22,0,93.0,0,500,1
2026-09-18T05,22,0,93.5,0,596,1
2026-09-18T05,22,0,94.5,0,42,1
2026-09-18T05,22,1,92.0,0,653,1
2026-09-18T05,22,1,92.5,0,959,2
2026-09-18T05,22,1,93.0,476,714,2
2026-09-18T05,22,1,93.5,0,199,1
2026-09-18T05,22,2,91.5,372,430,2
2026-09-18T05,22,2,93.5,1876,3214,3
2026-09-18T05,22,2,94.0,0,485,1
2026-09-18T05,22,2,94.5,0,821,1
2026-09-18T05,22,3,92.0,1314,0,1
2026-09-18T05,22,3,93.0,1024,1367,2
2026-09-18T05,22,3,94.0,0,1400,1
2026-09-18T05,22,4,93.5,0,3620,1
2026-09-18T05,22,4,94.0,7563,6229,3
2026-09-18T05,22,4,94.5,4767,1250,2
2026-09-18T05,22,5,94.5,0,366,1
2026-09-18T05,22,5,95.0,6243,405,5
2026-09-18T05,22,5,95.5,15988,0,2
2026-09-18T05,22,6,96.0,3060,0,1
2026-09-18T06,22,0,90.5,0,350,1
2026-09-18T06,22,0,91.0,738,55,3
2026-09-18T06,22,0,93.5,168,330,3
2026-09-18T06,22,1,93.5,0,136,1
2026-09-18T06,22,1,94.0,52809,0,6
2026-09-18T06,22,2,94.0,0,540,2
2026-09-18T06,22,2,94.5,6,0,1
2026-09-18T06,22,2,95.0,2072,0,1
2026-09-18T06,22,3,92.0,0,903,1
2026-09-18T06,22,3,95.0,0,511,1
2026-09-18T06,22,4,95.0,5700,0,2
2026-09-18T06,22,5,95.5,5656,0,1
2026-09-18T06,22,6,96.0,4857,0,1
2026-09-18T07,22,0,92.5,0,183,1
2026-09-18T07,22,0,93.0,0,199,1
2026-09-18T07,22,1,92.5,0,105,1
2026-09-18T07,22,1,93.0,0,24,1
2026-09-18T07,22,1,93.5,2000,561,2
2026-09-18T07,22,2,92.5,0,2000,1
2026-09-18T07,22,2,93.0,5,31838,3
2026-09-18T07,22,2,93.5,50,0,1
2026-09-18T07,22,3,94.0,791,0,2
2026-09-18T07,22,5,93.5,14395,0,3
2026-09-18T07,22,6,96.0,0,2083,1
2026-09-18T07,22,6,97.0,15655,0,2
2026-09-18T07,22,7,93.5,3179,3000,2
2026-09-18T08,22,0,91.5,0,167,1
2026-09-18T08,22,0,93.0,0,1692,1
2026-09-18T08,22,1,92.0,694,0,1
2026-09-18T08,22,1,93.0,0,92,1
2026-09-18T08,22,1,94.0,3117,0,2
2026-09-18T08,22,2,93.0,0,65,1
2026-09-18T08,22,2,93.5,19093,2796,6
2026-09-18T08,22,3,94.0,0,4349,1
2026-09-18T08,22,4,92.0,0,605,1
2026-09-18T08,22,4,92.5,4490,0,2
2026-09-18T08,22,5,93.5,0,3652,1
2026-09-18T08,22,5,94.0,0,1580,1
2026-09-18T08,22,5,94.5,6247,0,4
2026-09-18T08,22,6,97.0,5897,0,1
2026-09-18T08,22,7,93.5,0,3729,1
2026-09-18T09,22,0,90.5,0,33,1
2026-09-18T09,22,0,91.5,0,1100,2
2026-09-18T09,22,0,92.0,0,56,1
2026-09-18T09,22,1,90.0,0,13,1
2026-09-18T09,22,1,90.5,0,135,1
2026-09-18T09,22,1,91.0,0,619,1
2026-09-18T09,22,1,91.5,0,498,1
2026-09-18T09,22,1,92.0,0,438,1
2026-09-18T09,22,2,90.5,0,290,1
2026-09-18T09,22,2,91.0,0,1228,1
2026-09-18T09,22,2,92.0,0,100,1
2026-09-18T09,22,3,90.5,0,3,1
2026-09-18T09,22,3,91.0,0,5443,1
2026-09-18T09,22,3,91.5,2096,2156,4
2026-09-18T09,22,3,92.0,0,29,1
2026-09-18T09,22,4,92.0,0,164,1
2026-09-18T09,22,4,92.5,37335,0,3
2026-09-18T09,22,7,92.5,0,840,1
2026-09-18T10,22,0,91.5,0,31,1
2026-09-18T10,22,0,92.0,0,117,2
2026-09-18T10,22,2,91.5,0,1561,1
2026-09-18T10,22,3,91.5,0,9104,1
2026-09-18T10,22,3,92.0,124,377,2
2026-09-18T10,22,4,92.0,0,6459,1
2026-09-18T10,22,4,92.5,37170,0,8
2026-09-18T10,22,5,92.5,400,33356,3
2026-09-18T10,22,6,96.0,1020,0,1
2026-09-18T11,22,0,90.5,400,208,2
2026-09-18T11,22,0,91.0,20,555,3
2026-09-18T11,22,0,91.5,0,269,2
2026-09-18T11,22,0,92.0,543,3076,6
2026-09-18T11,22,0,92.5,3769,1321,4
2026-09-18T11,22,0,93.0,0,2104,3
2026-09-18T11,22,0,93.5,0,41,1
2026-09-18T11,22,1,91.5,0,169,1
2026-09-18T11,22,1,94.0,5121,0,1
2026-09-18T11,22,2,92.5,0,88,1
2026-09-18T11,22,2,93.0,0,1202,1
2026-09-18T11,22,2,93.5,0,3585,2
2026-09-18T11,22,2,94.0,80,258,2
2026-09-18T11,22,3,92.0,0,8629,1
2026-09-18T11,22,3,92.5,0,7895,2
2026-09-18T11,22,3,94.0,0,983,1
2026-09-18T11,22,3,94.5,1175,1784,2
2026-09-18T11,22,4,92.0,298,471,2
2026-09-18T11,22,4,92.5,4675,3306,2
2026-09-18T11,22,4,94.5,0,1266,2
2026-09-18T11,22,4,95.0,6547,0,2
2026-09-18T11,22,5,93.0,966,2050,2
2026-09-18T11,22,5,94.5,0,1818,1
2026-09-18T11,22,5,95.0,0,1631,1
2026-09-18T11,22,5,95.5,7000,0,2
2026-09-18T11,22,6,96.0,7200,0,1
2026-09-18T11,22,7,92.0,0,2000,1
2026-09-18T12,22,0,93.5,0,101,1
2026-09-18T12,22,1,93.0,0,248,1
2026-09-18T12,22,1,93.5,720,307,3
2026-09-18T12,22,1,94.0,16548,0,4
2026-09-18T12,22,2,94.0,1338,0,2
2026-09-18T12,22,3,93.5,0,65,1
2026-09-18T12,22,3,94.5,1897,0,1
2026-09-18T12,22,4,94.0,0,736,1
2026-09-18T12,22,4,94.5,12798,472,4
2026-09-18T12,22,4,95.0,11716,0,1
2026-09-18T12,22,6,95.5,7910,0,1
2026-09-18T13,22,0,92.5,0,147,1
2026-09-18T13,22,0,93.0,400,2693,2
2026-09-18T13,22,1,93.5,0,87,1
2026-09-18T13,22,1,94.0,7850,0,1
2026-09-18T13,22,2,92.5,0,1074,1
2026-09-18T13,22,2,93.0,276,0,1
2026-09-18T13,22,2,93.5,400,0,1
2026-09-18T13,22,2,94.0,6640,12266,3
2026-09-18T13,22,3,89.0,29,0,1
2026-09-18T13,22,3,94.0,0,72,1
2026-09-18T13,22,4,89.0,4150,2321,3
2026-09-18T13,22,4,94.5,6587,0,2
2026-09-18T13,22,6,95.5,7275,0,2
2026-09-18T14,22,0,93.0,20,6299,4
2026-09-18T14,22,0,93.5,300,2887,4
2026-09-18T14,22,0,94.0,0,119,1
2026-09-18T14,22,1,93.5,0,2706,3
2026-09-18T14,22,1,94.0,20485,4088,7
2026-09-18T14,22,2,88.5,0,182,1
2026-09-18T14,22,2,92.0,0,333,1
2026-09-18T14,22,2,93.0,0,180,1
2026-09-18T14,22,2,93.5,0,1522,1
2026-09-18T14,22,2,94.0,0,3232,3
2026-09-18T14,22,2,94.5,5625,738,6
2026-09-18T14,22,3,89.0,0,15664,2
2026-09-18T14,22,3,94.5,17605,21738,4
2026-09-18T14,22,4,94.0,0,327,1
2026-09-18T14,22,4,94.5,720,1895,2
2026-09-18T14,22,4,95.0,7920,3745,5
2026-09-18T14,22,5,95.5,2215,0,1
2026-09-18T14,22,6,95.5,0,315,1
2026-09-18T14,22,7,89.0,0,3000,1
2026-09-18T15,22,0,93.0,1431,5680,3
2026-09-18T15,22,0,93.5,0,120,1
2026-09-18T15,22,0,94.0,0,433,1
2026-09-18T15,22,0,95.5,0,1362,2
2026-09-18T15,22,1,92.0,0,1520,1
2026-09-18T15,22,1,93.5,0,240,1
2026-09-18T15,22,1,94.0,100,650,3
2026-09-18T15,22,1,95.0,0,1327,1
2026-09-18T15,22,2,93.0,0,1295,1
2026-09-18T15,22,2,93.5,0,16359,1
2026-09-18T15,22,2,94.0,14316,283,5
2026-09-18T15,22,2,94.5,1017,4053,3
2026-09-18T15,22,2,95.0,0,2611,2
2026-09-18T15,22,2,95.5,0,520,1
2026-09-18T15,22,3,94.5,0,312,1
2026-09-18T15,22,3,95.0,0,2724,1
2026-09-18T15,22,3,95.5,260,372,2
2026-09-18T15,22,4,95.0,3819,603,2
2026-09-18T15,22,5,95.0,1572,338,2
2026-09-18T15,22,5,95.5,8750,12816,4
2026-09-18T15,22,5,96.0,6912,0,1
2026-09-18T15,22,6,96.0,0,1780,1
2026-09-18T15,22,6,97.0,0,3168,1
2026-09-18T15,22,6,97.5,11960,0,1
2026-09-18T15,22,7,95.0,2778,0,1
2026-09-18T16,22,0,94.5,0,100,1
2026-09-18T16,22,0,95.5,0,841,2
2026-09-18T16,22,1,95.5,0,121,1
2026-09-18T16,22,2,94.5,0,119,1
2026-09-18T16,22,2,96.0,5375,100,4
2026-09-18T16,22,3,96.0,116,845,2
2026-09-18T16,22,4,96.0,160,8945,3
2026-09-18T16,22,5,95.0,0,317,1
2026-09-18T16,22,5,96.0,5805,7283,3
2026-09-18T16,22,5,96.5,26962,0,4
2026-09-18T16,22,7,95.0,0,222,1
2026-09-18T17,22,1,93.5,0,37,1
2026-09-18T17,22,1,94.0,0,1646,2
2026-09-18T17,22,2,96.0,822,388,3
2026-09-18T17,22,3,94.5,1118,1385,3
2026-09-18T17,22,4,95.0,135,0,1
2026-09-18T17,22,4,96.0,0,28871,1
2026-09-18T17,22,5,90.0,0,3,1
2026-09-18T17,22,5,94.0,0,2402,1
2026-09-18T18,22,0,90.5,0,333,1
2026-09-18T18,22,0,91.0,0,2080,1
2026-09-18T18,22,0,92.5,0,3052,1
2026-09-18T18,22,0,93.0,280,1598,3
2026-09-18T18,22,0,94.0,0,2000,1
2026-09-18T18,22,0,94.5,0,58,1
2026-09-18T18,22,0,95.0,680,288,2
2026-09-18T18,22,1,94.0,0,685,1
2026-09-18T18,22,1,94.5,310,490,3
2026-09-18T18,22,2,94.0,0,1227,2
2026-09-18T18,22,2,94.5,95,2381,2
2026-09-18T18,22,3,94.5,0,206,2
2026-09-18T18,22,3,95.0,34680,1374,3
2026-09-18T18,22,3,95.5,10416,0,3
2026-09-18T18,22,4,95.0,0,777,1
2026-09-18T18,22,4,95.5,6387,34,5
2026-09-18T19,22,0,94.0,549,468,3
2026-09-18T19,22,1,93.0,0,62,1
2026-09-18T19,22,1,93.5,6724,0,3
2026-09-18T19,22,1,94.0,0,459,1
2026-09-18T19,22,1,94.5,0,345,1
2026-09-18T19,22,2,91.5,0,1405,1
2026-09-18T19,22,2,92.0,0,90,1
2026-09-18T19,22,2,94.5,600,705,2
2026-09-18T19,22,2,95.0,0,6008,2
2026-09-18T19,22,3,95.0,0,4169,1
2026-09-18T19,22,3,95.5,2684,0,2
2026-09-18T19,22,4,94.5,0,523,1
2026-09-18T19,22,4,95.0,1047,1676,2
2026-09-18T19,22,4,95.5,0,13443,2
2026-09-18T19,22,6,94.0,0,478,1
2026-09-18T19,22,6,96.5,10541,0,1
2026-09-18T20,22,0,91.5,1056,2966,4
2026-09-18T20,22,0,92.0,4906,1208,6
2026-09-18T20,22,0,92.5,216,985,3
2026-09-18T20,22,0,93.0,0,338,1
2026-09-18T20,22,1,92.5,0,97,1
2026-09-18T20,22,1,93.0,0,1108,1
2026-09-18T20,22,1,93.5,0,8397,1
2026-09-18T20,22,1,94.0,400,0,1
2026-09-18T20,22,1,94.5,0,519,2
2026-09-18T20,22,1,95.0,2167,0,2
2026-09-18T20,22,2,92.5,0,1558,1
2026-09-18T20,22,2,93.0,2951,235,2
2026-09-18T20,22,2,93.5,0,83,1
2026-09-18T20,22,2,94.0,0,229,1
2026-09-18T20,22,2,94.5,0,740,1
2026-09-18T20,22,2,95.0,0,910,1
2026-09-18T20,22,3,89.0,0,1822,1
2026-09-18T20,22,3,91.5,80,4920,2
2026-09-18T20,22,3,94.5,0,206,2
2026-09-18T20,22,3,95.0,5278,5244,2
2026-09-18T20,22,3,95.5,282,0,1
2026-09-18T20,22,4,95.0,4138,10373,2
2026-09-18T20,22,4,96.0,0,12223,1
2026-09-18T20,22,5,95.5,4523,2887,5
2026-09-18T20,22,5,96.0,343,8310,2
2026-09-18T20,22,5,96.5,0,1928,1
2026-09-18T20,22,5,97.0,8213,0,1
2026-09-18T20,22,6,96.0,7633,906,2
2026-09-18T20,22,6,96.5,0,4459,1
2026-09-18T21,22,0,93.0,0,17,1
2026-09-18T21,22,0,93.5,0,3675,2
2026-09-18T21,22,0,94.0,0,6892,2
2026-09-18T21,22,0,94.5,0,6588,1
2026-09-18T21,22,1,94.0,22775,1553,3
2026-09-18T21,22,1,94.5,63,826,2
2026-09-18T21,22,1,95.0,8310,0,3
2026-09-18T21,22,2,96.0,0,4631,1
2026-09-18T21,22,3,95.5,7594,9023,2
2026-09-18T21,22,3,96.0,0,2063,1
2026-09-18T21,22,3,96.5,21862,0,3
2026-09-18T21,22,4,97.5,400,895,2
2026-09-18T21,22,5,97.0,8000,20809,3
2026-09-18T21,22,5,98.0,3320,2500,3
2026-09-18T21,22,6,97.5,0,5540,1
2026-09-18T21,22,6,98.0,99675,325,3
2026-09-18T22,22,0,94.0,0,22,1
2026-09-18T22,22,0,94.5,1147,2113,6
2026-09-18T22,22,0,95.0,0,858,2
2026-09-18T22,22,1,95.0,129,753,4
2026-09-18T22,22,2,95.5,8705,1295,5
2026-09-18T22,22,2,96.0,3320,896,2
2026-09-18T22,22,3,96.5,4323,718,2
2026-09-18T22,22,4,97.0,1033,0,2
2026-09-18T22,22,5,97.5,0,906,1
2026-09-18T22,22,5,98.0,31825,0,1
2026-09-18T23,22,0,93.5,60,0,1
2026-09-18T23,22,0,94.0,145,0,2
2026-09-18T23,22,1,94.0,1900,0,2
2026-09-18T23,22,2,96.0,50,0,1
2026-09-18T23,22,3,96.0,3993,84,2
2026-09-18T23,22,3,96.5,2016,0,2
2026-09-18T23,22,4,97.0,4200,0,1
2026-09-18T23,22,5,98.0,0,4855,1
2026-09-18T23,22,5,99.0,5869,1500,2
2026-09-18T23,22,7,101.0,0,1,1
2026-09-18T23,22,7,102.0,4999,0,1
2026-09-19T04,22,0,93.0,0,2177,1
2026-09-19T04,22,0,93.5,0,76,1
2026-09-19T04,22,0,94.0,0,2014,2
2026-09-19T04,22,0,94.5,0,4684,2
2026-09-19T04,22,0,95.0,0,102,2
2026-09-19T04,22,0,95.5,0,779,1
2026-09-19T04,22,1,94.0,0,1646,1
2026-09-19T04,22,1,95.0,0,94,1
2026-09-19T04,22,1,95.5,0,999,1
2026-09-19T04,22,3,95.0,200,1492,2
2026-09-19T04,22,3,95.5,4688,0,1
2026-09-19T04,22,3,96.0,0,1999,2
2026-09-19T04,22,4,97.0,0,27924,2
2026-09-19T04,22,4,97.5,0,2706,2
2026-09-19T04,22,4,98.0,0,5822,1
2026-09-19T04,22,5,96.5,2325,0,1
2026-09-19T04,22,5,98.0,0,50000,1
2026-09-19T04,22,5,99.0,0,14131,1
2026-09-19T04,22,5,100.0,0,1334,1
2026-09-19T04,22,6,101.0,0,1864,1
2026-09-19T04,22,7,102.0,0,35001,1
2026-09-19T04,22,7,103.0,0,10000,1
2026-09-19T04,22,7,106.0,0,1000,1
2026-09-19T04,22,9,104.0,0,10000,1
2026-09-19T04,22,10,107.0,2355,0,1
2026-09-19T05,22,0,93.5,261,1014,4
2026-09-19T05,22,0,94.0,494,2160,4
2026-09-19T05,22,0,94.5,26,5157,3
2026-09-19T05,22,0,95.5,215,0,1
2026-09-19T05,22,1,95.0,0,350,1
2026-09-19T05,22,1,95.5,0,500,1
2026-09-19T05,22,2,94.5,1556,3539,2
2026-09-19T05,22,2,95.0,0,882,2
2026-09-19T05,22,3,95.5,900,10335,5
2026-09-19T05,22,3,96.0,12956,0,3
2026-09-19T05,22,4,96.0,3869,15291,3
2026-09-19T05,22,4,96.5,2994,0,1
2026-09-19T05,22,5,96.5,3836,1341,3
2026-09-19T05,22,6,100.0,1843,0,1
2026-09-19T05,22,7,95.0,1167,7665,2
2026-09-19T06,22,0,93.0,0,106,1
2026-09-19T06,22,0,94.5,0,49,1
2026-09-19T06,22,0,95.5,0,340,1
2026-09-19T06,22,1,93.5,570,326,2
2026-09-19T06,22,1,94.0,0,522,2
2026-09-19T06,22,1,95.0,348,656,2
2026-09-19T06,22,1,95.5,40,17,2
2026-09-19T06,22,2,94.0,1540,1124,2
2026-09-19T06,22,2,94.5,0,5505,2
2026-09-19T06,22,2,95.5,0,8358,2
2026-09-19T06,22,3,94.0,0,663,1
2026-09-19T06,22,3,94.5,1569,3872,3
2026-09-19T06,22,3,95.0,0,5473,2
2026-09-19T06,22,3,95.5,99,1533,2
2026-09-19T06,22,4,96.0,18457,0,3
2026-09-19T06,22,5,96.5,0,948,1
2026-09-19T06,22,5,97.0,0,1104,1
2026-09-19T06,22,5,97.5,2456,0,1
2026-09-19T07,22,0,92.5,10,0,1
2026-09-19T07,22,0,93.0,0,941,2
2026-09-19T07,22,0,93.5,0,483,1
2026-09-19T07,22,1,92.5,1995,1048,3
2026-09-19T07,22,1,93.5,1616,0,1
2026-09-19T07,22,2,91.5,0,10,1
2026-09-19T07,22,2,92.5,0,20,1
2026-09-19T07,22,2,93.0,102,1425,4
2026-09-19T07,22,2,93.5,1711,290,4
2026-09-19T07,22,2,94.0,6986,0,3
2026-09-19T07,22,3,93.5,0,272,1
2026-09-19T07,22,4,94.0,17000,0,2
2026-09-19T07,22,4,96.0,1313,0,1
2026-09-19T07,22,5,97.0,324,0,1
2026-09-19T07,22,6,99.5,2000,0,1
2026-09-19T07,22,7,96.0,0,7583,1
2026-09-19T08,22,0,92.5,2927,166,5
2026-09-19T08,22,0,93.0,0,701,2
2026-09-19T08,22,1,93.5,48,0,1
2026-09-19T08,22,2,92.5,240,0,1
2026-09-19T08,22,2,93.0,2500,1473,2
2026-09-19T08,22,2,93.5,0,2,1
2026-09-19T08,22,3,92.5,4064,0,1
2026-09-19T08,22,3,93.5,0,170,1
2026-09-19T08,22,4,94.0,20754,0,2
2026-09-19T08,22,5,93.5,3645,0,4
2026-09-19T08,22,5,94.0,1591,0,1
2026-09-19T09,22,0,92.0,0,120,1
2026-09-19T09,22,0,92.5,0,1881,2
2026-09-19T09,22,0,93.0,0,1641,2
2026-09-19T09,22,1,92.5,0,204,1
2026-09-19T09,22,1,93.5,1286,0,1
2026-09-19T09,22,2,92.0,0,50,1
2026-09-19T09,22,2,92.5,0,3678,1
2026-09-19T09,22,2,93.0,6995,888,5
2026-09-19T09,22,3,92.5,0,4805,1
2026-09-19T09,22,3,93.0,7328,23052,6
2026-09-19T09,22,4,94.0,17812,0,1
2026-09-19T09,22,5,93.5,520,15835,2
2026-09-19T09,22,5,94.0,1630,453,2
2026-09-19T09,22,6,96.0,0,10000,1
2026-09-19T09,22,6,97.5,0,4078,1
2026-09-19T09,22,6,98.0,2661,0,1
2026-09-19T10,22,0,91.5,0,361,1
2026-09-19T10,22,0,92.5,0,185,1
2026-09-19T10,22,0,93.0,0,42,1
2026-09-19T10,22,1,91.5,0,421,1
2026-09-19T10,22,1,93.0,1491,0,1
2026-09-19T10,22,2,91.5,0,2648,2
2026-09-19T10,22,2,92.0,16726,11164,8
2026-09-19T10,22,2,94.0,0,28090,1
2026-09-19T10,22,3,92.5,0,1774,1
2026-09-19T10,22,3,93.5,233,410,2
2026-09-19T10,22,4,93.0,0,100,1
2026-09-19T10,22,4,93.5,2497,872,4
2026-09-19T10,22,4,94.0,5568,0,1
2026-09-19T10,22,5,93.5,0,2928,1
2026-09-19T10,22,5,94.0,1001,2845,2
2026-09-19T11,22,0,92.0,0,154,1
2026-09-19T11,22,0,92.5,0,73,1
2026-09-19T11,22,0,93.0,211,524,4
2026-09-19T11,22,1,93.0,0,29,1
2026-09-19T11,22,1,93.5,1582,0,5
2026-09-19T11,22,2,92.5,0,80,1
2026-09-19T11,22,2,93.0,0,570,1
2026-09-19T11,22,2,93.5,0,344,1
2026-09-19T11,22,3,93.0,0,307,1
2026-09-19T11,22,3,93.5,0,5827,1
2026-09-19T11,22,4,93.5,12938,0,2
2026-09-19T11,22,4,94.0,10965,0,4
2026-09-19T11,22,5,94.0,0,1001,1
2026-09-19T11,22,5,94.5,15000,0,1
2026-09-19T11,22,6,98.0,5897,0,1
2026-09-19T11,22,9,106.0,8695,0,1
2026-09-19T12,22,0,92.0,13,115,2
2026-09-19T12,22,0,92.5,44,578,2
2026-09-19T12,22,0,93.0,2024,319,2
2026-09-19T12,22,1,92.0,0,477,1
2026-09-19T12,22,1,92.5,0,34,1
2026-09-19T12,22,2,92.5,0,41,1
2026-09-19T12,22,2,93.0,3370,1176,3
2026-09-19T12,22,3,93.0,0,939,1
2026-09-19T12,22,4,93.0,0,123,1
2026-09-19T12,22,4,93.5,8582,6345,7
2026-09-19T12,22,5,94.0,16102,0,2
2026-09-19T12,22,7,94.0,755,0,1
2026-09-19T13,22,0,91.5,0,1523,2
2026-09-19T13,22,0,92.0,65,5193,2
2026-09-19T13,22,0,92.5,248,1419,4
2026-09-19T13,22,0,93.0,144,1849,3
2026-09-19T13,22,1,92.0,2090,930,2
2026-09-19T13,22,1,93.5,1130,0,2
2026-09-19T13,22,2,92.5,0,3616,1
2026-09-19T13,22,3,92.5,30462,9545,3
2026-09-19T13,22,3,93.0,0,3027,1
2026-09-19T13,22,4,93.0,178,152,2
2026-09-19T13,22,5,93.5,4138,6973,3
2026-09-19T13,22,5,94.0,1500,0,1
2026-09-19T13,22,7,94.0,741,3504,2
2026-09-19T14,22,0,90.5,0,338,1
2026-09-19T14,22,0,91.0,0,201,1
2026-09-19T14,22,0,91.5,200,348,2
2026-09-19T14,22,0,92.0,0,169,1
2026-09-19T14,22,0,92.5,7257,495,4
2026-09-19T14,22,0,93.0,0,1045,3
2026-09-19T14,22,1,91.5,0,814,1
2026-09-19T14,22,1,93.0,1475,109,3
2026-09-19T14,22,1,93.5,3240,0,1
2026-09-19T14,22,2,91.5,0,4277,1
2026-09-19T14,22,2,92.0,0,12983,3
2026-09-19T14,22,2,92.5,55,6470,3
2026-09-19T14,22,2,93.0,0,1721,1
2026-09-19T14,22,3,93.0,822,4749,2
2026-09-19T14,22,3,93.5,0,580,1
2026-09-19T14,22,4,93.5,0,6469,3
2026-09-19T14,22,5,93.5,164,158,3
2026-09-19T14,22,5,94.0,20646,0,3
2026-09-19T15,22,0,92.0,0,97,1
2026-09-19T15,22,0,92.5,0,1430,1
2026-09-19T15,22,0,93.0,992,3065,4
2026-09-19T15,22,0,93.5,0,1561,2
2026-09-19T15,22,1,92.5,0,2520,1
2026-09-19T15,22,1,93.0,0,2531,3
2026-09-19T15,22,1,93.5,6324,704,4
2026-09-19T15,22,2,93.0,0,3551,1
2026-09-19T15,22,2,93.5,0,1953,1
2026-09-19T15,22,2,94.0,302,0,1
2026-09-19T15,22,3,94.0,0,115,1
2026-09-19T15,22,4,93.5,0,857,1
2026-09-19T15,22,4,94.0,12370,6444,5
2026-09-19T15,22,5,93.5,0,1505,1
2026-09-19T15,22,5,94.0,2815,8937,2
2026-09-19T16,22,0,90.5,0,80,1
2026-09-19T16,22,0,91.0,40,2161,2
2026-09-19T16,22,0,91.5,0,90,1
2026-09-19T16,22,0,92.5,5661,0,3
2026-09-19T16,22,0,94.0,139,53,2
2026-09-19T16,22,1,92.0,0,518,2
2026-09-19T16,22,1,92.5,704,1602,4
2026-09-19T16,22,1,93.0,180,0,1
2026-09-19T16,22,1,93.5,0,131,1
2026-09-19T16,22,2,93.0,1648,645,2
2026-09-19T16,22,2,94.0,0,565,1
2026-09-19T16,22,3,93.0,5560,8976,6
2026-09-19T16,22,4,93.0,0,2,1
2026-09-19T16,22,4,93.5,4853,0,1
2026-09-19T16,22,5,94.5,15176,25000,2
2026-09-19T16,22,5,95.0,2177,0,1
2026-09-19T17,22,0,91.0,0,1,1
2026-09-19T17,22,0,91.5,567,86,2
2026-09-19T17,22,0,92.0,1310,258,5
2026-09-19T17,22,0,92.5,3471,0,3
2026-09-19T17,22,1,92.5,148,229,2
2026-09-19T17,22,1,93.0,104,0,1
2026-09-19T17,22,2,92.5,0,2096,1
2026-09-19T17,22,2,93.0,1230,476,2
2026-09-19T17,22,2,93.5,100,0,1
2026-09-19T17,22,3,94.0,50,0,1
2026-09-19T17,22,4,93.5,0,2253,2
2026-09-19T17,22,5,93.5,1332,0,1
2026-09-19T17,22,5,94.0,0,700,1
2026-09-19T17,22,5,94.5,1563,0,1
2026-09-19T18,22,0,90.5,120,1601,5
2026-09-19T18,22,0,91.0,147,2432,4
2026-09-19T18,22,0,91.5,3115,3580,2
2026-09-19T18,22,0,92.0,0,14,1
2026-09-19T18,22,0,92.5,0,1694,2
2026-09-19T18,22,0,93.0,0,167,1
2026-09-19T18,22,1,90.5,0,222,1
2026-09-19T18,22,1,93.0,0,984,2
2026-09-19T18,22,2,91.5,0,1937,1
2026-09-19T18,22,2,93.0,32,2853,3
2026-09-19T18,22,2,93.5,0,1935,1
2026-09-19T18,22,2,94.0,10,0,1
2026-09-19T18,22,3,91.0,6161,2500,5
2026-09-19T18,22,3,92.0,0,387,1
2026-09-19T18,22,3,94.0,0,173,1
2026-09-19T18,22,4,94.0,0,1388,2
2026-09-19T18,22,4,94.5,5006,0,1
2026-09-19T18,22,5,93.5,0,4772,1
2026-09-19T18,22,5,94.0,0,3218,2
2026-09-19T18,22,5,94.5,5407,3653,3
2026-09-19T19,22,0,92.5,0,1147,1
2026-09-19T19,22,0,93.0,0,408,1
2026-09-19T19,22,0,93.5,0,10,1
2026-09-19T19,22,1,93.0,0,512,1
2026-09-19T19,22,1,93.5,0,149,1
2026-09-19T19,22,2,93.0,600,1655,2
2026-09-19T19,22,2,93.5,2793,304,4
2026-09-19T19,22,2,94.0,0,569,2
2026-09-19T19,22,3,91.0,0,27877,1
2026-09-19T19,22,4,94.5,0,994,1
2026-09-19T19,22,5,93.5,0,8534,1
2026-09-19T19,22,5,94.5,0,92,1
2026-09-19T19,22,5,95.0,935,20417,3
2026-09-19T19,22,5,96.0,17795,2205,3
2026-09-19T19,22,6,93.0,39236,30972,2
2026-09-19T19,22,6,96.5,3489,0,1
2026-09-19T19,22,7,95.0,0,6000,1
2026-09-19T19,22,8,103.0,1988,0,1
2026-09-19T20,22,0,91.5,0,175,1
2026-09-19T20,22,0,92.0,368,669,5
2026-09-19T20,22,0,93.0,0,190,1
2026-09-19T20,22,0,93.5,0,150,1
2026-09-19T20,22,1,93.0,2135,0,2
2026-09-19T20,22,1,93.5,0,279,1
2026-09-19T20,22,1,94.0,1957,400,2
2026-09-19T20,22,3,92.5,2182,618,2
2026-09-19T20,22,3,94.0,2880,0,1
2026-09-19T20,22,4,95.5,0,784,1
2026-09-19T20,22,4,96.0,3626,0,1
2026-09-19T20,22,5,94.5,0,15290,1
2026-09-19T20,22,5,95.0,0,2131,1
2026-09-19T20,22,5,96.0,0,983,1
2026-09-19T20,22,6,96.5,0,16511,1
2026-09-19T20,22,6,97.5,8411,0,1
2026-09-19T21,22,0,91.0,0,30,1
2026-09-19T21,22,0,91.5,47,0,1
2026-09-19T21,22,0,92.0,100,1,2
2026-09-19T21,22,0,92.5,0,844,2
2026-09-19T21,22,1,92.5,70,290,2
2026-09-19T21,22,1,93.0,4481,1084,2
2026-09-19T21,22,1,93.5,0,3020,2
2026-09-19T21,22,1,94.0,660,0,1
2026-09-19T21,22,2,91.5,540,0,1
2026-09-19T21,22,2,93.0,0,370,1
2026-09-19T21,22,2,93.5,14320,9921,4
2026-09-19T21,22,2,94.0,2813,17763,3
2026-09-19T21,22,3,93.5,0,1321,1
2026-09-19T21,22,3,94.0,0,4787,2
2026-09-19T21,22,3,94.5,1751,1356,2
2026-09-19T21,22,3,95.0,1082,0,1
2026-09-19T21,22,4,95.0,8022,11978,3
2026-09-19T21,22,4,95.5,2000,0,1
2026-09-19T22,22,0,91.5,0,163,1
2026-09-19T22,22,0,92.0,0,280,1
2026-09-19T22,22,0,92.5,1400,584,3
2026-09-19T22,22,0,93.0,0,1966,1
2026-09-19T22,22,1,92.5,0,1969,1
2026-09-19T22,22,1,93.0,655,258,2
2026-09-19T22,22,2,91.5,0,2092,1
2026-09-19T22,22,2,92.0,0,2925,1
2026-09-19T22,22,2,92.5,0,382,1
2026-09-19T22,22,2,93.0,5192,2199,6
2026-09-19T22,22,2,93.5,7479,0,5
2026-09-19T22,22,3,94.5,600,0,1
2026-09-19T22,22,4,95.0,628,3366,3
2026-09-19T22,22,4,95.5,10637,5958,2
2026-09-19T22,22,4,96.0,10200,0,1
2026-09-19T22,22,5,96.0,0,19,1
2026-09-19T22,22,5,96.5,5653,0,1
2026-09-19T23,22,0,93.5,778,0,2
2026-09-19T23,22,1,92.0,0,329,1
2026-09-19T23,22,1,92.5,0,229,1
2026-09-19T23,22,1,94.0,0,383,1
2026-09-19T23,22,2,93.0,0,4813,2
2026-09-19T23,22,2,93.5,34798,2942,3
2026-09-19T23,22,2,94.0,0,1000,1
2026-09-19T23,22,2,94.5,3313,0,1
2026-09-19T23,22,3,94.5,3786,8687,4
2026-09-19T23,22,3,95.0,0,265,1
2026-09-19T23,22,3,95.5,0,395,1
2026-09-19T23,22,4,95.5,0,1058,1
2026-09-19T23,22,4,96.0,30,1277,2
2026-09-20T00,22,0,92.5,0,300,2
2026-09-20T00,22,0,93.0,552,431,3
2026-09-20T00,22,0,93.5,27,5657,5
2026-09-20T00,22,0,94.0,9833,5708,5
2026-09-20T00,22,1,93.0,0,1000,1
2026-09-20T00,22,1,93.5,779,121,4
2026-09-20T00,22,1,94.0,0,1545,1
2026-09-20T00,22,2,93.5,0,303,1
2026-09-20T00,22,2,94.0,0,812,1
2026-09-20T00,22,2,94.5,13289,0,3
2026-09-20T00,22,3,95.0,10884,0,1
2026-09-20T00,22,4,95.5,0,648,1
2026-09-20T00,22,5,96.0,1282,0,1
2026-09-20T01,22,0,94.0,0,511,1
2026-09-20T01,22,0,95.0,0,74,1
2026-09-20T01,22,1,94.5,0,709,1
2026-09-20T01,22,1,95.0,32,968,2
2026-09-20T01,22,2,94.5,0,7178,1
2026-09-20T01,22,2,95.0,0,404,1
2026-09-20T01,22,2,95.5,1199,0,1
2026-09-20T01,22,3,95.0,0,7292,1
2026-09-20T01,22,3,95.5,3097,13077,7
2026-09-20T01,22,4,95.0,0,716,1
2026-09-20T01,22,4,95.5,0,318,1
2026-09-20T01,22,4,96.0,5740,0,2
2026-09-20T01,22,5,95.5,0,1808,1
2026-09-20T01,22,5,96.0,0,2229,1
2026-09-20T01,22,6,96.5,865,0,1
2026-09-20T02,22,0,93.0,0,1219,1
2026-09-20T02,22,0,93.5,41,218,3
2026-09-20T02,22,0,95.0,48,77,2
2026-09-20T02,22,0,95.5,0,816,2
2026-09-20T02,22,1,93.5,0,2249,1
2026-09-20T02,22,1,95.0,0,82,1
2026-09-20T02,22,1,95.5,0,1195,2
2026-09-20T02,22,2,93.5,75,2430,2
2026-09-20T02,22,2,94.0,6870,1701,3
2026-09-20T02,22,2,95.0,3670,3374,2
2026-09-20T02,22,2,95.5,693,2885,3
2026-09-20T02,22,3,95.0,0,626,1
2026-09-20T02,22,3,95.5,0,7301,1
2026-09-20T02,22,5,95.5,231,6853,4
2026-09-20T02,22,5,96.0,14276,0,4
2026-09-20T03,22,0,93.0,0,100,1
2026-09-20T03,22,0,94.0,0,577,1
2026-09-20T03,22,0,94.5,0,255,1
2026-09-20T03,22,1,93.5,1628,0,2
2026-09-20T03,22,1,94.5,0,6073,1
2026-09-20T03,22,1,95.5,819,0,2
2026-09-20T03,22,2,95.0,0,6789,1
2026-09-20T03,22,2,95.5,0,658,1
2026-09-20T03,22,3,95.5,0,955,1
2026-09-20T03,22,5,96.0,31025,0,6
2026-09-20T03,22,7,90.5,622,79082,2
2026-09-20T04,22,0,92.0,0,2604,1
2026-09-20T04,22,1,92.0,0,147,1
2026-09-20T04,22,1,93.5,0,4310,1
2026-09-20T04,22,1,95.5,0,1106,1
2026-09-20T04,22,2,92.5,6287,1766,4
2026-09-20T04,22,2,93.5,2680,0,1
2026-09-20T04,22,2,95.0,0,20,1
2026-09-20T04,22,3,94.5,1477,5923,2
2026-09-20T04,22,5,95.0,6889,0,3
2026-09-20T04,22,5,95.5,318,0,1
2026-09-20T04,22,5,96.0,8299,0,2
2026-09-20T05,22,0,91.5,0,63,1
2026-09-20T05,22,0,92.0,295,0,2
2026-09-20T05,22,0,92.5,0,450,1
2026-09-20T05,22,1,92.5,376,0,1
2026-09-20T05,22,2,91.5,210,370,3
2026-09-20T05,22,2,93.0,795,574,2
2026-09-20T05,22,2,93.5,2028,0,2
2026-09-20T05,22,3,92.0,7761,0,4
2026-09-20T05,22,3,94.5,7402,0,2
2026-09-20T05,22,4,94.5,12000,0,1
2026-09-20T05,22,5,94.5,0,1593,1
2026-09-20T06,22,0,92.0,0,3359,1
2026-09-20T06,22,0,93.5,0,1969,2
2026-09-20T06,22,1,91.5,0,400,1
2026-09-20T06,22,1,92.5,0,108,1
2026-09-20T06,22,1,93.0,60,565,2
2026-09-20T06,22,1,93.5,0,1418,1
2026-09-20T06,22,2,93.5,4301,451,2
2026-09-20T06,22,2,94.0,494,416,3
2026-09-20T06,22,3,92.0,0,1029,1
2026-09-20T06,22,3,93.5,1200,979,2
2026-09-20T06,22,3,94.0,3586,0,1
2026-09-20T06,22,3,94.5,3390,7598,3
2026-09-20T06,22,4,94.5,0,1512,1
2026-09-20T06,22,4,95.0,2351,0,1
2026-09-20T06,22,5,95.0,8528,2449,2
2026-09-20T06,22,7,94.0,6762,11238,3
2026-09-20T07,22,0,92.5,0,66,1
2026-09-20T07,22,0,93.0,1867,0,2
2026-09-20T07,22,2,92.0,10643,0,3
2026-09-20T07,22,3,92.5,1172,0,2
2026-09-20T07,22,4,93.0,0,7223,1
2026-09-20T07,22,5,93.0,0,18816,1
2026-09-20T07,22,5,93.5,34369,113,7
2026-09-20T07,22,5,94.5,0,1683,1
2026-09-20T07,22,6,95.0,0,2395,1
2026-09-20T07,22,7,94.0,0,2000,1
2026-09-20T08,22,0,90.5,0,122,1
2026-09-20T08,22,0,91.5,0,224,1
2026-09-20T08,22,1,91.5,1311,3105,2
2026-09-20T08,22,1,92.5,146,458,3
2026-09-20T08,22,2,91.0,2400,3223,2
2026-09-20T08,22,2,91.5,0,1188,1
2026-09-20T08,22,2,92.0,800,2588,2
2026-09-20T08,22,2,92.5,2024,2049,3
2026-09-20T08,22,2,93.0,12984,0,5
2026-09-20T08,22,3,92.5,1543,470,4
2026-09-20T08,22,3,93.0,0,7000,1
2026-09-20T08,22,3,94.0,0,607,1
2026-09-20T08,22,3,94.5,0,6390,1
2026-09-20T08,22,5,94.5,0,1853,1
2026-09-20T08,22,5,95.0,550,0,1
2026-09-20T08,22,6,95.0,0,1637,1
2026-09-20T08,22,6,96.0,1088,3395,2
2026-09-20T09,22,0,93.0,0,805,1
2026-09-20T09,22,0,93.5,0,513,2
2026-09-20T09,22,0,94.0,4552,0,4
2026-09-20T09,22,1,93.0,0,272,1
2026-09-20T09,22,2,92.5,0,889,2
2026-09-20T09,22,2,93.0,105,9904,2
2026-09-20T09,22,2,93.5,0,583,1
2026-09-20T09,22,2,94.5,0,8040,1
2026-09-20T09,22,3,92.0,0,225,1
2026-09-20T09,22,3,92.5,0,906,1
2026-09-20T09,22,3,94.0,0,7885,1
2026-09-20T09,22,3,94.5,1716,4339,4
2026-09-20T09,22,4,90.0,4202,0,1
2026-09-20T09,22,4,92.0,6525,0,2
2026-09-20T09,22,4,92.5,2593,0,2
2026-09-20T09,22,4,93.0,84,0,1
2026-09-20T09,22,4,95.0,8506,0,1
2026-09-20T09,22,5,95.0,100,14254,2
2026-09-20T10,22,0,89.0,0,585,2
2026-09-20T10,22,0,91.0,0,108,1
2026-09-20T10,22,0,91.5,0,354,1
2026-09-20T10,22,1,89.0,0,254,1
2026-09-20T10,22,1,89.5,0,459,1
2026-09-20T10,22,2,89.5,24232,1073,8
2026-09-20T10,22,3,91.5,3000,0,1
2026-09-20T10,22,4,90.0,0,32797,1
2026-09-20T10,22,4,92.0,15825,0,3
2026-09-20T10,22,6,95.0,0,1300,1
2026-09-20T10,22,6,96.0,0,3912,1
2026-09-20T10,22,6,96.5,1055,0,1
2026-09-20T10,22,7,92.0,0,4000,1
2026-09-20T10,22,8,103.0,10020,0,1
2026-09-20T11,22,0,89.0,0,1,1
2026-09-20T11,22,0,92.0,20,0,1
2026-09-20T11,22,0,92.5,0,518,1
2026-09-20T11,22,1,89.5,150,184,2
2026-09-20T11,22,1,90.0,0,259,1
2026-09-20T11,22,1,92.5,0,19,1
2026-09-20T11,22,2,90.0,0,1554,1
2026-09-20T11,22,2,90.5,0,2803,1
2026-09-20T11,22,2,91.0,0,1419,1
2026-09-20T11,22,2,92.5,0,546,1
2026-09-20T11,22,3,91.5,0,469,1
2026-09-20T11,22,3,92.5,0,648,1
2026-09-20T11,22,4,92.0,2879,24771,2
2026-09-20T11,22,4,92.5,0,3474,2
2026-09-20T11,22,4,93.0,33127,0,8
2026-09-20T11,22,5,93.5,0,3179,1
2026-09-20T11,22,7,93.0,1958,42,2
2026-09-20T12,22,0,92.0,0,4300,2
2026-09-20T12,22,0,92.5,0,5224,2
2026-09-20T12,22,0,93.0,278,74,3
2026-09-20T12,22,1,90.0,0,417,1
2026-09-20T12,22,1,92.0,0,4442,1
2026-09-20T12,22,1,93.5,500,0,1
2026-09-20T12,22,2,90.5,200,227,2
2026-09-20T12,22,2,91.0,453,337,2
2026-09-20T12,22,2,92.0,0,3170,1
2026-09-20T12,22,2,93.5,0,10,1
2026-09-20T12,22,3,92.5,0,6192,2
2026-09-20T12,22,3,93.0,2507,1005,2
2026-09-20T12,22,4,91.5,0,380,1
2026-09-20T12,22,4,92.0,10798,1787,2
2026-09-20T12,22,4,92.5,9854,10041,3
2026-09-20T12,22,4,93.0,5984,10805,2
2026-09-20T12,22,5,93.0,0,689,1
2026-09-20T12,22,5,93.5,0,1027,1
2026-09-20T12,22,5,94.0,14857,0,4
2026-09-20T12,22,6,95.0,580,0,1
2026-09-20T13,22,0,93.0,0,2371,1
2026-09-20T13,22,0,93.5,12051,0,2
2026-09-20T13,22,1,92.0,0,231,1
2026-09-20T13,22,1,93.5,0,3097,1
2026-09-20T13,22,2,93.0,1940,465,3
2026-09-20T13,22,2,93.5,248,0,2
2026-09-20T13,22,3,92.5,633,7889,3
2026-09-20T13,22,3,93.5,0,2675,1
2026-09-20T13,22,4,93.0,6420,683,2
2026-09-20T13,22,4,93.5,0,122,1
2026-09-20T13,22,5,93.0,0,1952,1
2026-09-20T13,22,5,93.5,0,1000,1
2026-09-20T13,22,5,94.0,4882,1261,4
2026-09-20T13,22,5,94.5,67238,388,6
2026-09-20T13,22,6,95.0,0,277,1
2026-09-20T13,22,6,95.5,6223,0,1
2026-09-20T13,22,7,94.0,0,3000,1
2026-09-20T14,22,0,92.0,0,168,1
2026-09-20T14,22,0,92.5,0,100,1
2026-09-20T14,22,0,93.0,0,208,2
2026-09-20T14,22,0,93.5,0,5071,6
2026-09-20T14,22,0,94.0,12129,0,6
2026-09-20T14,22,1,91.5,0,1559,1
2026-09-20T14,22,1,94.0,305,327,2
2026-09-20T14,22,2,93.0,0,8677,2
2026-09-20T14,22,2,93.5,0,4928,2
2026-09-20T14,22,2,94.0,0,528,1
2026-09-20T14,22,3,93.5,0,662,1
2026-09-20T14,22,3,94.0,0,9152,3
2026-09-20T14,22,3,94.5,4642,5261,3
2026-09-20T14,22,5,94.5,18280,31482,3
2026-09-20T14,22,5,95.0,36037,0,2
2026-09-20T14,22,6,95.5,3950,0,1
2026-09-20T15,22,0,92.5,0,273,1
2026-09-20T15,22,0,93.0,50,184,2
2026-09-20T15,22,0,93.5,807,873,2
2026-09-20T15,22,0,94.0,9936,4232,5
2026-09-20T15,22,1,94.0,40,121,2
2026-09-20T15,22,2,94.0,0,1223,2
2026-09-20T15,22,3,94.5,5198,2676,5
2026-09-20T15,22,4,94.5,0,497,1
2026-09-20T15,22,5,94.5,0,289,1
2026-09-20T15,22,5,95.0,1734,387,2
2026-09-20T15,22,6,95.5,4752,0,1
2026-09-20T16,22,0,89.0,0,40,1
2026-09-20T16,22,0,89.5,0,1,1
2026-09-20T16,22,0,93.0,4,66,2
2026-09-20T16,22,0,93.5,0,109,1
2026-09-20T16,22,0,94.0,0,985,2
2026-09-20T16,22,1,90.0,0,252,1
2026-09-20T16,22,1,93.5,0,463,1
2026-09-20T16,22,2,94.0,0,3318,2
2026-09-20T16,22,3,94.5,21267,11595,7
2026-09-20T16,22,3,95.0,1244,0,1
2026-09-20T16,22,4,94.0,0,3955,1
2026-09-20T16,22,4,94.5,1053,1578,3
2026-09-20T16,22,4,95.0,0,1143,1
2026-09-20T16,22,5,95.0,1097,13540,2
2026-09-20T16,22,6,95.5,0,575,1
2026-09-20T16,22,7,94.0,0,2000,1
2026-09-20T17,22,0,91.0,0,114,1
2026-09-20T17,22,0,91.5,0,192,1
2026-09-20T17,22,0,92.0,0,852,1
2026-09-20T17,22,0,92.5,0,333,1
2026-09-20T17,22,0,93.0,3576,5443,4
2026-09-20T17,22,0,93.5,0,465,2
2026-09-20T17,22,0,94.0,219,829,2
2026-09-20T17,22,2,93.0,0,565,2
2026-09-20T17,22,2,93.5,0,1002,2
2026-09-20T17,22,2,94.0,1734,266,2
2026-09-20T17,22,3,94.5,1943,1982,3
2026-09-20T17,22,3,95.0,1845,0,1
2026-09-20T17,22,5,94.5,0,565,1
2026-09-20T17,22,5,95.0,0,3973,2
2026-09-20T17,22,5,95.5,24,26894,3
2026-09-20T17,22,6,95.5,0,542,1
2026-09-20T18,22,0,93.0,0,69,1
2026-09-20T18,22,0,93.5,500,131,4
2026-09-20T18,22,0,94.0,0,76,2
2026-09-20T18,22,0,94.5,0,3275,3
2026-09-20T18,22,1,94.0,1723,1243,4
2026-09-20T18,22,1,94.5,80,51,3
2026-09-20T18,22,2,94.0,0,200,1
2026-09-20T18,22,2,94.5,0,5549,2
2026-09-20T18,22,3,94.0,0,97,1
2026-09-20T18,22,3,94.5,0,6873,3
2026-09-20T18,22,3,95.0,76490,0,7
2026-09-20T18,22,4,95.0,0,389,1
2026-09-20T18,22,4,95.5,6935,23064,4
2026-09-20T18,22,5,95.5,0,2533,2
2026-09-20T18,22,5,96.0,1015,0,1
2026-09-20T18,22,6,96.0,0,6423,1
2026-09-20T19,22,0,93.5,0,138,3
2026-09-20T19,22,0,94.0,0,89,1
2026-09-20T19,22,1,92.0,0,332,1
2026-09-20T19,22,1,93.5,0,8866,1
2026-09-20T19,22,1,94.0,2279,947,4
2026-09-20T19,22,2,93.5,0,18,1
2026-09-20T19,22,2,94.5,186,0,1
2026-09-20T19,22,3,94.0,702,2997,5
2026-09-20T19,22,3,94.5,0,27,1
2026-09-20T19,22,5,93.5,546,0,1
2026-09-20T19,22,5,95.5,3000,0,1
2026-09-20T20,22,0,90.5,0,366,1
2026-09-20T20,22,0,91.0,825,369,2
2026-09-20T20,22,0,91.5,0,694,2
2026-09-20T20,22,0,92.0,0,1240,1
2026-09-20T20,22,2,91.0,0,483,1
2026-09-20T20,22,2,91.5,0,3591,1
2026-09-20T20,22,2,92.0,0,2861,2
2026-09-20T20,22,3,91.5,0,210,1
2026-09-20T20,22,3,92.0,19560,0,4
2026-09-20T20,22,3,92.5,21807,0,4
2026-09-20T20,22,4,93.0,0,804,1
2026-09-20T20,22,4,95.5,20000,0,1
2026-09-20T20,22,5,92.5,0,19260,1
2026-09-20T20,22,5,93.0,0,660,2
2026-09-20T20,22,5,93.5,0,2295,1
2026-09-20T20,22,5,94.5,0,3668,2
2026-09-20T20,22,5,95.0,1249,4412,4
2026-09-20T20,22,5,95.5,16037,2514,3
2026-09-20T20,22,5,96.0,0,37607,2
2026-09-20T20,22,5,96.5,0,5466,1
2026-09-20T20,22,6,95.5,0,1072,1
2026-09-20T20,22,6,96.0,2000,3000,2
2026-09-20T20,22,6,96.5,0,5814,2
2026-09-20T20,22,6,97.0,18602,198,2
2026-09-20T20,22,7,100.0,1526,462,3
2026-09-20T21,22,0,90.5,0,188,1
2026-09-20T21,22,0,91.0,0,123,1
2026-09-20T21,22,0,92.0,0,39,1
2026-09-20T21,22,0,92.5,0,1000,1
2026-09-20T21,22,0,93.5,180,326,2
2026-09-20T21,22,0,94.5,0,476,1
2026-09-20T21,22,1,91.5,10,290,2
2026-09-20T21,22,1,94.5,15,3222,3
2026-09-20T21,22,2,92.0,6172,456,3
2026-09-20T21,22,2,92.5,0,871,1
2026-09-20T21,22,2,93.5,35,9105,3
2026-09-20T21,22,2,94.5,343,11258,4
2026-09-20T21,22,3,92.0,6850,10395,2
2026-09-20T21,22,3,92.5,1100,10682,2
2026-09-20T21,22,3,94.0,3945,3815,2
2026-09-20T21,22,3,95.0,20242,1597,6
2026-09-20T21,22,4,95.5,0,11233,2
2026-09-20T21,22,4,96.0,0,2605,1
2026-09-20T21,22,4,96.5,11745,4460,3
2026-09-20T21,22,5,96.5,0,11111,1
2026-09-20T21,22,6,97.0,12280,5000,3
2026-09-20T21,22,7,92.0,0,2000,1
2026-09-20T22,22,0,94.5,129,85,5
2026-09-20T22,22,1,94.0,1000,2108,2
2026-09-20T22,22,1,94.5,455,113,2
2026-09-20T22,22,3,94.5,0,4755,2
2026-09-20T22,22,3,95.0,18929,1652,8
2026-09-20T22,22,4,95.5,43,1321,2
2026-09-20T23,22,0,93.5,0,98,1
2026-09-20T23,22,0,94.0,459,32,2
2026-09-20T23,22,1,94.0,680,481,2
2026-09-20T23,22,2,93.5,0,637,1
2026-09-20T23,22,2,94.0,1440,0,1
2026-09-20T23,22,2,94.5,200,0,1
2026-09-20T23,22,3,94.5,268,0,1
2026-09-20T23,22,3,95.0,8725,233,3
2026-09-20T23,22,4,95.5,0,29956,1
2026-09-20T23,22,4,96.0,6202,0,1
2026-09-20T23,22,6,97.0,1420,0,1
2026-09-21T00,22,0,92.0,0,503,1
2026-09-21T00,22,0,92.5,20,1895,3
2026-09-21T00,22,0,93.0,0,342,1
2026-09-21T00,22,0,93.5,4810,1701,5
2026-09-21T00,22,0,94.0,715,106,3
2026-09-21T00,22,0,94.5,0,313,2
2026-09-21T00,22,1,94.0,0,484,1
2026-09-21T00,22,2,94.0,0,336,1
2026-09-21T00,22,2,94.5,0,8088,2
2026-09-21T00,22,2,95.0,11626,0,4
2026-09-21T00,22,3,94.5,1064,94,2
2026-09-21T00,22,3,95.0,0,2921,1
2026-09-21T00,22,4,96.0,10731,0,2
2026-09-21T00,22,6,97.0,891,0,1
2026-09-21T01,22,0,93.5,10,56,2
2026-09-21T01,22,0,94.5,0,27,1
2026-09-21T01,22,0,95.5,0,600,1
2026-09-21T01,22,1,95.0,200,0,1
2026-09-21T01,22,2,94.0,0,403,1
2026-09-21T01,22,2,95.0,0,30928,1
2026-09-21T01,22,3,95.5,0,396,1
2026-09-21T01,22,3,96.0,2296,107728,5
2026-09-21T01,22,3,96.5,683,0,1
2026-09-21T01,22,4,94.5,13307,5585,2
2026-09-21T01,22,4,96.0,0,4681,1
2026-09-21T01,22,4,96.5,0,5858,1
2026-09-21T01,22,5,95.0,0,1253,1
2026-09-21T01,22,5,96.0,0,3474,1
2026-09-21T01,22,5,96.5,3782,4884,4
2026-09-21T01,22,6,97.0,142,0,1
2026-09-21T02,22,0,94.0,4,484,3
2026-09-21T02,22,0,94.5,0,86,1
2026-09-21T02,22,1,94.5,164,910,2
2026-09-21T02,22,1,95.0,0,2632,1
2026-09-21T02,22,2,95.5,0,109,1
2026-09-21T02,22,2,96.0,0,5204,2
2026-09-21T02,22,3,96.0,0,7076,1
2026-09-21T02,22,3,96.5,13403,0,7
2026-09-21T02,22,4,88.0,0,4012,1
2026-09-21T02,22,4,96.5,0,1337,1
2026-09-21T02,22,5,96.5,0,3182,1
2026-09-21T02,22,6,97.0,11758,0,2
2026-09-21T03,22,0,94.0,0,154,2
2026-09-21T03,22,0,94.5,0,190,1
2026-09-21T03,22,0,95.5,0,76,1
2026-09-21T03,22,0,96.0,0,2732,4
2026-09-21T03,22,1,94.5,0,1276,1
2026-09-21T03,22,1,96.0,0,1473,1
2026-09-21T03,22,1,96.5,0,54,1
2026-09-21T03,22,2,96.5,30,689,2
2026-09-21T03,22,3,95.0,5971,655,3
2026-09-21T03,22,3,95.5,0,3438,1
2026-09-21T03,22,3,96.5,1285,2312,2
2026-09-21T03,22,5,95.0,0,1371,1
2026-09-21T03,22,5,97.0,19838,0,2
2026-09-21T03,22,6,96.5,11549,4951,2
2026-09-21T03,22,6,97.0,14679,228,3
2026-09-21T03,22,6,97.5,5897,0,1
2026-09-21T04,22,0,92.5,0,12,1
2026-09-21T04,22,0,93.0,0,1197,1
2026-09-21T04,22,0,94.5,276,5732,2
2026-09-21T04,22,0,95.0,0,900,1
2026-09-21T04,22,2,93.0,0,266,1
2026-09-21T04,22,2,95.0,0,331,1
2026-09-21T04,22,2,95.5,0,595,1
2026-09-21T04,22,2,96.0,495,9379,4
2026-09-21T04,22,4,95.5,11653,1163,4
2026-09-21T04,22,4,96.0,0,4902,1
2026-09-21T04,22,5,94.0,0,227,1
2026-09-21T04,22,5,94.5,0,43,1
2026-09-21T04,22,5,96.0,0,851,1
2026-09-21T04,22,5,96.5,15608,0,4
2026-09-21T04,22,5,97.0,2550,0,1
2026-09-21T04,22,6,97.5,0,3192,1
2026-09-21T04,22,6,98.0,0,1442,1
2026-09-21T04,22,6,99.5,0,3000,1
2026-09-21T04,22,7,95.0,0,4000,1
2026-09-21T04,22,9,104.0,9420,0,2
2026-09-21T05,22,0,95.0,0,457,2
2026-09-21T05,22,0,95.5,60,155,3
2026-09-21T05,22,1,96.0,472,0,1
2026-09-21T05,22,2,95.5,0,3562,1
2026-09-21T05,22,2,96.0,4255,3803,5
2026-09-21T05,22,2,96.5,1656,0,1
2026-09-21T05,22,3,96.0,0,376,1
2026-09-21T05,22,3,96.5,8166,0,3
2026-09-21T05,22,4,96.5,2478,0,1
2026-09-21T05,22,5,96.5,0,1028,1
2026-09-21T05,22,5,97.0,3854,3967,3
2026-09-21T06,22,0,93.0,5291,0,1
2026-09-21T06,22,0,95.0,251,0,1
2026-09-21T06,22,0,95.5,0,6000,1
2026-09-21T06,22,1,93.5,0,149,1
2026-09-21T06,22,2,94.0,51,91,2
2026-09-21T06,22,2,95.0,6605,1240,2
2026-09-21T06,22,2,95.5,167,0,1
2026-09-21T06,22,3,95.0,0,100,1
2026-09-21T06,22,3,96.0,3000,0,1
2026-09-21T06,22,4,95.5,0,2578,1
2026-09-21T06,22,4,96.0,60,0,1
2026-09-21T06,22,5,96.0,164,0,1
2026-09-21T06,22,6,98.0,4267,0,1
2026-09-21T07,22,0,93.0,0,2539,1
2026-09-21T07,22,0,93.5,0,228,1
2026-09-21T07,22,0,94.0,0,370,2
2026-09-21T07,22,1,94.0,0,15,1
2026-09-21T07,22,1,94.5,2121,0,5
2026-09-21T07,22,2,94.0,0,2343,3
2026-09-21T07,22,2,94.5,2625,480,3
2026-09-21T07,22,2,95.0,0,1090,1
2026-09-21T07,22,2,95.5,533,2011,2
2026-09-21T07,22,3,95.5,0,4860,1
2026-09-21T07,22,4,96.0,10526,0,3
2026-09-21T07,22,5,95.5,0,749,1
2026-09-21T07,22,5,96.0,1482,591,2
2026-09-21T08,22,0,89.5,0,1710,1
2026-09-21T08,22,0,91.5,10,0,1
2026-09-21T08,22,0,94.5,0,391,2
2026-09-21T08,22,0,95.0,0,635,1
2026-09-21T08,22,1,94.5,0,2895,1
2026-09-21T08,22,2,89.5,0,1020,1
2026-09-21T08,22,2,90.0,0,12956,1
2026-09-21T08,22,2,95.0,1007,171,4
2026-09-21T08,22,3,94.5,0,2787,1
2026-09-21T08,22,3,95.0,0,4355,1
2026-09-21T08,22,4,92.0,2306,753,3
2026-09-21T08,22,4,92.5,2,0,1
2026-09-21T08,22,4,95.5,12911,0,2
2026-09-21T08,22,5,96.0,1342,0,1
2026-09-21T09,22,0,91.0,0,10,1
2026-09-21T09,22,0,91.5,130,1208,4
2026-09-21T09,22,1,91.5,162,266,2
2026-09-21T09,22,1,92.0,0,3795,2
2026-09-21T09,22,2,92.0,0,537,1
2026-09-21T09,22,4,92.0,11034,450,2
2026-09-21T09,22,4,92.5,12228,0,5
2026-09-21T10,22,0,91.5,1892,3494,2
2026-09-21T10,22,0,93.0,0,267,1
2026-09-21T10,22,0,94.5,0,541,1
2026-09-21T10,22,0,95.0,60,0,1
2026-09-21T10,22,1,91.5,0,748,3
2026-09-21T10,22,1,92.0,0,134,1
2026-09-21T10,22,2,92.0,0,1581,2
2026-09-21T10,22,2,94.0,0,3668,1
2026-09-21T10,22,2,95.0,0,3783,2
2026-09-21T10,22,2,95.5,0,7174,1
2026-09-21T10,22,3,94.5,0,2098,1
2026-09-21T10,22,4,92.0,32546,4360,3
2026-09-21T10,22,4,92.5,59923,17,6
2026-09-21T10,22,4,94.5,3050,16277,2
2026-09-21T10,22,4,95.5,0,12351,1
2026-09-21T10,22,5,93.0,0,1875,1
2026-09-21T10,22,5,95.0,0,20000,1
2026-09-21T10,22,5,95.5,438,7500,3
2026-09-21T10,22,5,96.0,19191,0,1
2026-09-21T10,22,6,98.0,1899,5824,2
2026-09-21T11,22,0,93.0,0,65,1
2026-09-21T11,22,0,93.5,465,18,4
2026-09-21T11,22,0,94.0,0,667,1
2026-09-21T11,22,0,95.0,0,46,1
2026-09-21T11,22,0,95.5,0,1504,2
2026-09-21T11,22,1,90.0,0,343,1
2026-09-21T11,22,1,94.5,0,162,1
2026-09-21T11,22,2,94.0,535,5633,2
2026-09-21T11,22,2,94.5,0,303,1
2026-09-21T11,22,3,94.5,0,614,1
2026-09-21T11,22,4,95.0,15974,0,7
2026-09-21T11,22,4,96.0,29050,0,2
2026-09-21T11,22,5,96.0,3364,1327,2
2026-09-21T11,22,6,97.5,680,0,1
2026-09-21T12,22,0,95.0,0,2441,1
2026-09-21T12,22,0,95.5,0,2032,1
2026-09-21T12,22,1,92.0,0,35,1
2026-09-21T12,22,1,95.0,134,716,2
2026-09-21T12,22,1,95.5,0,2630,1
2026-09-21T12,22,2,95.0,0,860,1
2026-09-21T12,22,2,95.5,0,6789,1
2026-09-21T12,22,3,95.0,4630,0,1
2026-09-21T12,22,3,96.0,10646,0,5
2026-09-21T12,22,4,95.0,0,3576,1
2026-09-21T12,22,4,96.0,9063,13529,5
2026-09-21T12,22,4,96.5,669,6088,2
2026-09-21T12,22,5,96.0,0,4806,2
2026-09-21T12,22,5,96.5,0,6089,2
2026-09-21T12,22,6,96.5,3830,0,1
2026-09-21T12,22,6,97.0,4866,0,1
2026-09-21T12,22,7,96.0,140,52,2
2026-09-21T13,22,0,93.5,1000,1000,2
2026-09-21T13,22,0,94.0,0,134,1
2026-09-21T13,22,0,94.5,0,1014,1
2026-09-21T13,22,0,95.0,4479,260,2
2026-09-21T13,22,0,95.5,0,9322,2
2026-09-21T13,22,0,96.0,0,1445,2
2026-09-21T13,22,1,95.0,0,595,1
2026-09-21T13,22,1,95.5,0,1000,1
2026-09-21T13,22,1,96.0,0,4093,2
2026-09-21T13,22,2,94.5,0,100,1
2026-09-21T13,22,2,95.0,1374,4448,6
2026-09-21T13,22,2,96.0,0,2359,4
2026-09-21T13,22,2,96.5,2371,209,5
2026-09-21T13,22,3,94.5,0,6809,1
2026-09-21T13,22,3,95.0,3777,11769,2
2026-09-21T13,22,3,95.5,1090,2326,2
2026-09-21T13,22,3,96.0,5759,7459,2
2026-09-21T13,22,3,96.5,0,1615,1
2026-09-21T13,22,4,96.0,0,10000,1
2026-09-21T13,22,4,96.5,0,9453,2
2026-09-21T13,22,5,96.0,0,895,1
2026-09-21T13,22,5,97.0,7473,0,3
2026-09-21T13,22,6,96.5,512,10842,2
2026-09-21T13,22,6,97.0,12027,107,3
2026-09-21T14,22,0,94.5,0,498,1
2026-09-21T14,22,0,95.0,0,350,1
2026-09-21T14,22,0,96.0,0,641,1
2026-09-21T14,22,1,94.5,0,388,2
2026-09-21T14,22,1,95.0,0,865,1
2026-09-21T14,22,1,95.5,0,210,1
2026-09-21T14,22,1,96.0,0,358,2
2026-09-21T14,22,2,95.0,0,25,1
2026-09-21T14,22,2,95.5,0,6046,1
2026-09-21T14,22,2,96.0,0,1853,3
2026-09-21T14,22,2,96.5,11151,353,3
2026-09-21T14,22,3,95.5,0,500,1
2026-09-21T14,22,3,96.0,2915,10120,3
2026-09-21T14,22,3,96.5,1088,911,4
2026-09-21T14,22,4,96.0,0,766,1
2026-09-21T14,22,4,96.5,19128,871,4
2026-09-21T14,22,4,97.0,3929,0,3
2026-09-21T14,22,5,96.5,0,221,1
2026-09-21T14,22,5,97.0,0,13831,2
2026-09-21T14,22,6,97.5,6828,911,2
2026-09-21T14,22,6,98.0,0,3101,1
2026-09-21T14,22,6,98.5,0,880,1
2026-09-21T14,22,6,99.5,3058,0,1
2026-09-21T14,22,7,96.5,0,3000,1
2026-09-21T15,22,0,94.0,0,416,2
2026-09-21T15,22,0,96.0,0,100,1
2026-09-21T15,22,1,94.0,8813,3488,3
2026-09-21T15,22,1,94.5,0,4373,1
2026-09-21T15,22,1,95.0,0,790,1
2026-09-21T15,22,1,96.0,0,1,1
2026-09-21T15,22,2,94.5,0,2961,1
2026-09-21T15,22,2,95.0,0,188,1
2026-09-21T15,22,3,95.0,0,215,1
2026-09-21T15,22,3,95.5,1977,8501,2
2026-09-21T15,22,3,96.0,0,5542,1
2026-09-21T15,22,3,96.5,8436,0,4
2026-09-21T15,22,4,96.5,0,465,1
2026-09-21T15,22,4,97.0,965,0,1
2026-09-21T16,22,0,93.5,0,337,1
2026-09-21T16,22,0,94.5,0,187,1
2026-09-21T16,22,0,96.0,0,214,2
2026-09-21T16,22,1,94.0,2669,0,4
2026-09-21T16,22,2,93.5,1511,909,2
2026-09-21T16,22,2,94.0,31,769,2
2026-09-21T16,22,2,94.5,0,8027,2
2026-09-21T16,22,2,95.0,0,6801,1
2026-09-21T16,22,2,95.5,0,383,1
2026-09-21T16,22,3,96.5,1979,0,2
2026-09-21T16,22,4,95.0,5010,0,3
2026-09-21T16,22,5,96.0,3827,0,2
2026-09-21T16,22,6,98.0,1176,0,1
2026-09-21T16,22,6,99.5,0,16942,1
2026-09-21T17,22,0,94.0,0,663,2
2026-09-21T17,22,0,94.5,0,429,3
2026-09-21T17,22,1,94.0,0,3345,3
2026-09-21T17,22,2,94.0,0,264,1
2026-09-21T17,22,2,94.5,146,636,2
2026-09-21T17,22,4,95.0,10478,4960,6
2026-09-21T17,22,4,95.5,4951,0,1
2026-09-21T17,22,5,95.5,1951,7,2
2026-09-21T17,22,6,98.0,0,2,1
2026-09-21T17,22,7,100.0,641,0,1
2026-09-21T18,22,0,94.0,0,1088,1
2026-09-21T18,22,0,94.5,0,369,3
2026-09-21T18,22,0,95.5,0,1558,2
2026-09-21T18,22,1,94.5,0,402,1
2026-09-21T18,22,1,95.5,0,3775,1
2026-09-21T18,22,1,96.0,0,1500,1
2026-09-21T18,22,2,94.5,0,123,1
2026-09-21T18,22,2,95.0,3793,1296,4
2026-09-21T18,22,2,96.0,0,595,1
2026-09-21T18,22,2,96.5,2394,2226,3
2026-09-21T18,22,3,95.0,0,41,1
2026-09-21T18,22,3,95.5,2948,1453,3
2026-09-21T18,22,3,96.0,0,263,1
2026-09-21T18,22,3,96.5,5672,575,2
2026-09-21T18,22,4,95.5,447,14452,2
2026-09-21T18,22,4,96.5,0,225,1
2026-09-21T18,22,5,95.5,0,807,1
2026-09-21T18,22,5,96.0,0,9007,1
2026-09-21T18,22,5,97.0,11017,0,4
2026-09-21T18,22,7,95.5,0,3000,1
2026-09-21T18,22,7,100.0,1196,0,2
2026-09-21T18,22,8,102.0,5620,0,1
2026-09-21T18,22,9,104.0,6210,0,1
2026-09-21T19,22,0,94.0,0,24,1
2026-09-21T19,22,0,94.5,3,198,2
2026-09-21T19,22,0,95.0,10,1000,3
2026-09-21T19,22,0,95.5,0,699,2
2026-09-21T19,22,1,95.5,0,473,2
2026-09-21T19,22,2,95.5,0,403,1
2026-09-21T19,22,2,96.0,6015,0,2
2026-09-21T19,22,3,95.5,410,0,2
2026-09-21T19,22,3,96.0,717,0,1
2026-09-21T19,22,4,96.5,22820,67180,2
2026-09-21T19,22,4,97.0,0,12342,2
2026-09-21T19,22,5,96.5,0,944,1
2026-09-21T19,22,5,97.0,0,3220,1
2026-09-21T19,22,5,97.5,1996,0,1
2026-09-21T19,22,6,98.0,0,371,1
2026-09-21T19,22,7,100.0,1629,0,1
2026-09-21T20,22,0,94.0,6,7388,4
2026-09-21T20,22,0,94.5,4451,0,3
2026-09-21T20,22,1,93.5,0,103,1
2026-09-21T20,22,2,94.0,0,20456,4
2026-09-21T20,22,2,94.5,12254,1747,7
2026-09-21T20,22,3,94.5,0,25,1
2026-09-21T20,22,3,95.0,17450,0,6
2026-09-21T20,22,3,95.5,3090,0,1
2026-09-21T20,22,4,96.0,0,1256,1
2026-09-21T20,22,5,96.5,11165,0,2
2026-09-21T20,22,7,100.0,3976,0,1
2026-09-21T21,22,0,94.5,0,5183,7
2026-09-21T21,22,0,95.0,0,891,2
2026-09-21T21,22,1,95.0,75,925,2
2026-09-21T21,22,1,95.5,0,159,2
2026-09-21T21,22,2,94.0,0,713,1
2026-09-21T21,22,2,94.5,0,3428,2
2026-09-21T21,22,2,95.0,0,3802,3
2026-09-21T21,22,2,95.5,0,15940,2
2026-09-21T21,22,2,96.0,27636,0,5
2026-09-21T21,22,3,95.0,2813,6322,2
2026-09-21T21,22,3,95.5,0,16307,2
2026-09-21T21,22,3,96.0,22326,25973,4
2026-09-21T21,22,4,97.0,0,2012,1
2026-09-21T21,22,5,96.5,0,10417,1
2026-09-21T21,22,5,97.0,0,641,1
2026-09-21T21,22,5,97.5,5726,0,1
2026-09-21T22,22,0,94.0,0,1,1
2026-09-21T22,22,0,94.5,2265,787,5
2026-09-21T22,22,0,95.0,99,1,2
2026-09-21T22,22,0,95.5,492,543,3
2026-09-21T22,22,1,95.5,0,2541,2
2026-09-21T22,22,2,95.5,0,628,2
2026-09-21T22,22,2,96.0,29886,0,5
2026-09-21T22,22,3,95.5,3000,0,1
2026-09-21T22,22,3,96.0,5716,937,4
2026-09-21T22,22,5,97.5,0,1143,1
2026-09-21T22,22,5,98.0,1457,0,1
2026-09-21T23,22,0,94.5,0,5370,1
2026-09-21T23,22,0,95.0,0,33,1
2026-09-21T23,22,1,94.0,934,235,4
2026-09-21T23,22,1,95.0,0,604,1
2026-09-21T23,22,1,95.5,0,106,1
2026-09-21T23,22,1,96.0,1104,0,1
2026-09-21T23,22,2,96.0,15921,1775,5
2026-09-21T23,22,3,95.0,0,1147,1
2026-09-21T23,22,3,95.5,0,2650,1
2026-09-21T23,22,3,96.0,0,1827,1
2026-09-21T23,22,3,96.5,706,0,1
2026-09-21T23,22,4,96.5,2993,0,2
2026-09-21T23,22,5,97.0,1158,0,1
2026-09-22T00,22,0,96.0,0,633,2
2026-09-22T00,22,0,96.5,60,27,2
2026-09-22T00,22,1,96.0,11,1717,2
2026-09-22T00,22,1,96.5,268,3055,3
2026-09-22T00,22,3,96.0,0,559,1
2026-09-22T00,22,3,96.5,0,1956,1
2026-09-22T00,22,3,97.0,25335,0,2
2026-09-22T00,22,4,96.5,0,155,1
2026-09-22T00,22,4,97.0,27895,2316,4
2026-09-22T00,22,5,97.0,0,3266,1
2026-09-22T01,22,0,94.5,0,2500,1
2026-09-22T01,22,0,95.0,0,491,1
2026-09-22T01,22,0,95.5,0,6231,2
2026-09-22T01,22,0,96.0,0,120,1
2026-09-22T01,22,1,94.5,0,3132,1
2026-09-22T01,22,1,96.0,0,183,1
2026-09-22T01,22,2,95.0,0,100,1
2026-09-22T01,22,2,95.5,1766,1489,2
2026-09-22T01,22,2,96.0,0,984,1
2026-09-22T01,22,2,96.5,193,964,2
2026-09-22T01,22,3,96.0,3435,65,2
2026-09-22T01,22,4,96.5,0,162,1
2026-09-22T01,22,4,97.0,1578,0,1
2026-09-22T01,22,5,96.5,0,78,1
2026-09-22T01,22,5,97.0,2791,7081,2
2026-09-22T01,22,5,97.5,4671,0,1
2026-09-22T01,22,6,99.0,0,1127,1
2026-09-22T01,22,6,99.5,0,3024,1
2026-09-22T01,22,7,100.0,6000,0,1
2026-09-22T02,22,0,96.5,2253,0,3
2026-09-22T02,22,1,96.5,179,0,1
2026-09-22T02,22,2,96.0,0,69,1
2026-09-22T02,22,2,96.5,581,1157,2
2026-09-22T02,22,4,97.0,35671,0,8
2026-09-22T02,22,5,97.0,0,674,1
2026-09-22T02,22,5,97.5,6296,0,1
2026-09-22T03,22,0,95.5,0,144,1
2026-09-22T03,22,0,96.0,1683,138,4
2026-09-22T03,22,0,96.5,0,2028,1
2026-09-22T03,22,1,96.0,141,861,2
2026-09-22T03,22,1,96.5,0,1033,1
2026-09-22T03,22,3,96.0,475,3408,2
2026-09-22T03,22,3,96.5,868,3190,2
2026-09-22T03,22,4,97.0,29110,0,4
2026-09-22T03,22,5,97.5,5138,0,2
2026-09-22T04,22,0,94.0,0,772,1
2026-09-22T04,22,0,94.5,84,164,3
2026-09-22T04,22,0,95.0,0,157,1
2026-09-22T04,22,0,96.0,0,2225,1
2026-09-22T04,22,1,96.0,1200,0,1
2026-09-22T04,22,2,95.0,396,6409,2
2026-09-22T04,22,2,95.5,4521,198,4
2026-09-22T04,22,3,95.5,0,9745,1
2026-09-22T04,22,3,96.0,4504,3002,4
2026-09-22T04,22,3,96.5,25619,2823,4
2026-09-22T04,22,4,97.0,8170,47684,4
2026-09-22T04,22,5,97.5,0,2944,1
2026-09-22T04,22,5,98.0,11176,0,2
2026-09-22T04,22,6,99.0,8000,0,1
2026-09-22T05,22,0,95.5,0,165,1
2026-09-22T05,22,1,96.0,4751,0,3
2026-09-22T05,22,2,95.5,0,2085,2
2026-09-22T05,22,3,95.5,690,0,1
2026-09-22T05,22,3,96.0,0,317,1
2026-09-22T05,22,3,97.0,4000,0,1
2026-09-22T05,22,4,97.0,5675,2242,3
2026-09-22T05,22,4,97.5,0,12187,1
2026-09-22T05,22,5,97.5,5730,0,1
2026-09-22T05,22,5,98.0,6729,0,2
2026-09-22T05,22,6,99.0,4267,0,1
2026-09-22T05,22,7,96.0,0,6599,1
2026-09-22T06,22,0,94.0,0,1280,4
2026-09-22T06,22,0,95.0,0,111,1
2026-09-22T06,22,0,95.5,0,1267,1
2026-09-22T06,22,1,93.5,0,1308,1
2026-09-22T06,22,1,94.0,0,1464,1
2026-09-22T06,22,1,94.5,0,534,1
2026-09-22T06,22,1,96.0,538,8562,2
2026-09-22T06,22,2,94.0,250,346,2
2026-09-22T06,22,2,94.5,260,0,1
2026-09-22T06,22,2,95.0,0,40,1
2026-09-22T06,22,2,95.5,0,40,1
2026-09-22T06,22,3,94.0,0,1959,1
2026-09-22T06,22,3,94.5,0,2177,1
2026-09-22T06,22,3,95.5,294,3857,2
2026-09-22T06,22,3,96.0,0,931,1
2026-09-22T06,22,3,96.5,398,411,2
2026-09-22T06,22,3,97.0,41,0,1
2026-09-22T06,22,4,94.0,0,7000,1
2026-09-22T06,22,4,95.0,8063,0,2
2026-09-22T06,22,4,97.0,0,5958,1
2026-09-22T06,22,5,97.5,4722,0,1
2026-09-22T06,22,6,99.0,2288,0,1
2026-09-22T07,22,0,94.0,0,3007,2
2026-09-22T07,22,0,94.5,834,0,3
2026-09-22T07,22,1,94.5,178,1166,4
2026-09-22T07,22,2,94.0,0,20,1
2026-09-22T07,22,2,94.5,0,1292,2
2026-09-22T07,22,4,94.5,0,1161,1
2026-09-22T07,22,4,95.0,18662,0,8
2026-09-22T07,22,6,99.0,132,4445,2
2026-09-22T08,22,0,94.5,1227,3346,8
2026-09-22T08,22,2,93.5,0,852,1
2026-09-22T08,22,2,94.0,0,20,1
2026-09-22T08,22,4,94.5,4628,1177,3
2026-09-22T08,22,4,95.0,28212,0,5
2026-09-22T09,22,0,94.0,1455,192,3
2026-09-22T09,22,2,93.0,1740,0,2
2026-09-22T09,22,2,93.5,700,1264,2
2026-09-22T09,22,2,94.0,932,3419,3
2026-09-22T09,22,3,94.5,0,165,1
2026-09-22T09,22,4,95.0,4628,0,2
2026-09-22T10,22,0,91.5,0,419,1
2026-09-22T10,22,1,91.0,0,156,1
2026-09-22T10,22,1,91.5,220,1,2
2026-09-22T10,22,1,92.0,0,4812,1
2026-09-22T10,22,1,92.5,0,64,1
2026-09-22T10,22,2,92.0,21002,12001,4
2026-09-22T10,22,2,93.0,0,1671,2
2026-09-22T10,22,2,93.5,0,1726,1
2026-09-22T10,22,2,94.0,12178,441,6
2026-09-22T10,22,3,94.5,0,1057,1
2026-09-22T10,22,4,94.0,0,947,1
2026-09-22T10,22,4,94.5,0,1491,1
2026-09-22T10,22,4,95.0,3469,0,2
2026-09-22T10,22,7,94.5,0,6000,1
2026-09-22T11,22,0,93.0,0,296,2
2026-09-22T11,22,0,93.5,0,212,1
2026-09-22T11,22,0,94.0,4324,128,5
2026-09-22T11,22,1,94.0,0,918,2
2026-09-22T11,22,1,94.5,133,0,1
2026-09-22T11,22,2,93.5,0,1712,1
2026-09-22T11,22,2,94.0,0,8848,2
2026-09-22T11,22,2,94.5,3620,1659,3
2026-09-22T11,22,3,93.5,2838,336,2
2026-09-22T11,22,3,94.5,0,2750,1
2026-09-22T11,22,4,94.5,0,362,1
2026-09-22T11,22,4,95.0,10805,11619,4
2026-09-22T11,22,5,94.0,50,2860,3
2026-09-22T11,22,5,95.5,0,1280,1
2026-09-22T11,22,5,96.0,15137,1120,2
2026-09-22T11,22,6,98.0,0,4034,1
2026-09-22T11,22,6,98.5,0,1000,1
2026-09-22T12,22,0,93.5,0,79,1
2026-09-22T12,22,0,94.0,318,3809,4
2026-09-22T12,22,0,95.5,0,771,1
2026-09-22T12,22,1,94.5,191,1538,3
2026-09-22T12,22,2,94.5,0,2669,1
2026-09-22T12,22,2,95.0,0,2018,1
2026-09-22T12,22,2,95.5,0,3758,2
2026-09-22T12,22,3,93.5,2196,1251,2
2026-09-22T12,22,3,94.0,0,2772,1
2026-09-22T12,22,3,95.0,12705,4863,4
2026-09-22T12,22,4,94.5,0,4112,1
2026-09-22T12,22,4,95.0,3899,4811,3
2026-09-22T12,22,4,95.5,10,1438,2
2026-09-22T12,22,5,95.5,469,2710,2
2026-09-22T12,22,5,96.0,22794,0,5
2026-09-22T12,22,6,97.5,1000,0,1
2026-09-22T13,22,0,95.5,0,2174,2
2026-09-22T13,22,0,96.0,0,5158,2
2026-09-22T13,22,1,92.0,0,421,1
2026-09-22T13,22,1,95.5,0,1102,1
2026-09-22T13,22,2,95.0,60,3814,2
2026-09-22T13,22,3,96.5,23324,4502,4
2026-09-22T13,22,4,95.5,0,6991,1
2026-09-22T13,22,5,96.0,18645,13424,4
2026-09-22T13,22,5,96.5,3199,1301,2
2026-09-22T13,22,5,97.0,0,498,1
2026-09-22T14,22,0,95.5,0,173,1
2026-09-22T14,22,0,96.0,0,24,1
2026-09-22T14,22,1,94.5,0,40,1
2026-09-22T14,22,3,95.0,960,0,1
2026-09-22T14,22,3,96.0,0,3843,1
2026-09-22T14,22,3,96.5,21360,0,4
2026-09-22T14,22,4,97.0,3305,0,1
2026-09-22T14,22,6,97.5,500,2925,2
2026-09-22T14,22,6,98.5,5025,0,1
2026-09-22T15,22,0,94.5,0,781,1
2026-09-22T15,22,0,95.5,0,73,1
2026-09-22T15,22,1,90.0,0,423,1
2026-09-22T15,22,1,94.0,0,77,1
2026-09-22T15,22,1,94.5,0,5075,1
2026-09-22T15,22,1,95.0,150,223,2
2026-09-22T15,22,1,95.5,3473,3015,3
2026-09-22T15,22,2,94.5,0,1312,1
2026-09-22T15,22,2,95.0,8055,6406,2
2026-09-22T15,22,2,96.0,0,3951,1
2026-09-22T15,22,3,95.0,0,11360,1
2026-09-22T15,22,3,96.5,0,29994,1
2026-09-22T15,22,4,95.0,3486,13303,2
2026-09-22T15,22,4,95.5,1285,12641,2
2026-09-22T15,22,4,97.0,10326,0,1
2026-09-22T15,22,6,98.5,3529,0,1
2026-09-22T15,22,7,96.5,0,1600,1
2026-09-22T16,22,0,95.0,0,853,2
2026-09-22T16,22,0,95.5,0,359,2
2026-09-22T16,22,0,96.0,0,28,1
2026-09-22T16,22,1,95.0,88,1412,2
2026-09-22T16,22,1,96.0,100,326,2
2026-09-22T16,22,2,95.5,0,1194,1
2026-09-22T16,22,2,96.0,0,2916,2
2026-09-22T16,22,2,96.5,3218,0,1
2026-09-22T16,22,3,96.5,25353,8008,7
2026-09-22T16,22,4,96.5,0,2629,1
2026-09-22T16,22,4,97.0,63431,0,1
2026-09-22T16,22,5,94.0,0,65,1
2026-09-22T16,22,5,97.0,1290,0,1
2026-09-22T16,22,6,98.5,0,9946,1
2026-09-22T16,22,6,99.0,0,4868,1
2026-09-22T16,22,7,99.0,0,2000,1
2026-09-22T17,22,0,95.0,300,0,1
2026-09-22T17,22,0,95.5,564,748,2
2026-09-22T17,22,0,96.0,370,475,3
2026-09-22T17,22,1,96.0,0,2990,1
2026-09-22T17,22,2,96.0,0,2622,1
2026-09-22T17,22,2,96.5,11012,4639,5
2026-09-22T17,22,3,96.0,5688,0,2
2026-09-22T17,22,4,96.5,5174,0,2
2026-09-22T17,22,5,96.5,0,3017,1
2026-09-22T17,22,5,97.0,510,0,1
2026-09-22T17,22,7,96.5,198,802,2
2026-09-22T17,22,9,104.0,0,7886,1
2026-09-22T18,22,0,94.5,0,2941,2
2026-09-22T18,22,0,95.0,256,789,2
2026-09-22T18,22,1,94.5,0,214,1
2026-09-22T18,22,1,95.0,338,0,1
2026-09-22T18,22,2,95.0,13979,150,4
2026-09-22T18,22,2,95.5,686,1005,2
2026-09-22T18,22,3,95.0,0,301,1
2026-09-22T18,22,3,95.5,0,1345,1
2026-09-22T18,22,3,96.0,17212,0,1
2026-09-22T18,22,4,96.5,2532,0,1
2026-09-22T18,22,5,96.5,0,13819,1
2026-09-22T19,22,0,93.5,0,729,1
2026-09-22T19,22,0,94.0,5305,0,5
2026-09-22T19,22,1,94.5,0,835,1
2026-09-22T19,22,1,95.0,692,8778,2
2026-09-22T19,22,2,94.5,0,457,2
2026-09-22T19,22,2,95.0,4230,575,4
2026-09-22T19,22,2,95.5,0,2296,1
2026-09-22T19,22,3,95.0,0,4084,3
2026-09-22T19,22,3,95.5,3406,379,4
2026-09-22T19,22,3,96.0,2867,0,1
2026-09-22T19,22,4,95.5,6549,4494,2
2026-09-22T19,22,4,96.0,0,2513,2
2026-09-22T19,22,5,96.0,1772,174,2
2026-09-22T19,22,5,96.5,5667,0,2
2026-09-22T20,22,0,93.0,0,1,1
2026-09-22T20,22,0,93.5,0,62,2
2026-09-22T20,22,0,94.0,2637,12627,8
2026-09-22T20,22,1,94.5,500,3727,4
2026-09-22T20,22,2,94.5,0,5294,2
2026-09-22T20,22,2,95.0,848,1017,4
2026-09-22T20,22,3,95.0,2700,12577,3
2026-09-22T20,22,3,95.5,13011,2423,4
2026-09-22T20,22,3,96.0,5379,0,1
2026-09-22T20,22,4,96.5,25737,16557,2
2026-09-22T20,22,4,97.0,11115,0,1
2026-09-22T20,22,5,95.5,0,614,1
2026-09-22T20,22,5,96.5,0,1333,1
2026-09-22T20,22,5,97.0,15797,12149,4
2026-09-22T20,22,6,97.0,0,2285,2
2026-09-22T21,22,0,94.0,0,59,1
2026-09-22T21,22,0,94.5,156,3,3
2026-09-22T21,22,0,95.5,500,400,2
2026-09-22T21,22,0,96.0,0,39,1
2026-09-22T21,22,1,94.5,0,139,1
2026-09-22T21,22,1,95.0,0,2679,3
2026-09-22T21,22,1,96.0,3728,1083,2
2026-09-22T21,22,3,95.5,0,3166,2
2026-09-22T21,22,3,96.0,60864,3315,7
2026-09-22T21,22,3,96.5,9457,0,3
2026-09-22T21,22,4,96.5,0,741,1
2026-09-22T21,22,5,97.5,13678,0,3
2026-09-22T21,22,6,98.5,0,1638,1
2026-09-22T21,22,7,96.0,0,1000,1
2026-09-22T22,22,0,95.5,0,33,1
2026-09-22T22,22,1,96.0,0,893,1
2026-09-22T22,22,2,96.0,0,1682,1
2026-09-22T22,22,2,96.5,10026,0,3
2026-09-22T22,22,3,95.5,239,0,1
2026-09-22T22,22,3,96.0,0,5565,1
2026-09-22T22,22,3,96.5,26508,6072,5
2026-09-22T22,22,4,96.5,1204,0,1
2026-09-22T23,22,0,94.0,4100,1500,3
2026-09-22T23,22,0,94.5,0,229,1
2026-09-22T23,22,0,95.0,0,226,1
2026-09-22T23,22,0,95.5,287,0,1
2026-09-22T23,22,0,96.0,0,1292,2
2026-09-22T23,22,0,96.5,146,0,1
2026-09-22T23,22,1,96.5,420,1296,2
2026-09-22T23,22,2,96.5,0,6322,1
2026-09-22T23,22,3,95.5,1873,288,2
2026-09-22T23,22,3,96.5,4457,1046,3
2026-09-22T23,22,4,96.5,0,8262,2
2026-09-22T23,22,4,97.0,19505,0,4
2026-09-22T23,22,5,97.0,0,9124,1
2026-09-22T23,22,6,98.0,0,50000,1
2026-09-23T00,22,0,94.5,0,74,1
2026-09-23T00,22,0,95.0,0,656,3
2026-09-23T00,22,0,95.5,346,4,2
2026-09-23T00,22,0,96.0,0,508,1
2026-09-23T00,22,1,95.5,168,127,3
2026-09-23T00,22,2,95.5,0,344,1
2026-09-23T00,22,2,96.0,0,1086,1
2026-09-23T00,22,2,96.5,1919,0,2
2026-09-23T00,22,3,96.0,0,513,1
2026-09-23T00,22,3,96.5,0,8510,2
2026-09-23T00,22,4,97.0,21694,0,4
2026-09-23T00,22,5,96.0,0,1026,1
2026-09-23T01,22,0,96.0,0,300,1
2026-09-23T01,22,0,96.5,0,253,3
2026-09-23T01,22,1,96.5,400,184,3
2026-09-23T01,22,2,96.5,4069,6844,7
2026-09-23T01,22,3,96.0,0,2000,1
2026-09-23T01,22,3,96.5,0,150,1
2026-09-23T01,22,3,97.0,11581,0,4
2026-09-23T01,22,4,97.0,28,2717,2
2026-09-23T01,22,5,97.0,2100,494,3
2026-09-23T01,22,5,97.5,691,0,1
2026-09-23T01,22,7,99.0,1017,0,1
2026-09-23T02,22,0,96.0,0,31,1
2026-09-23T02,22,0,96.5,0,2300,1
2026-09-23T02,22,1,95.0,4023,0,3
2026-09-23T02,22,3,96.0,1952,1063,3
2026-09-23T02,22,3,96.5,0,879,1
2026-09-23T02,22,4,96.5,377,898,2
2026-09-23T02,22,5,96.0,1000,175,2
2026-09-23T02,22,5,97.0,8517,0,2
2026-09-23T03,22,0,94.5,0,54,1
2026-09-23T03,22,0,95.0,36,1424,2
2026-09-23T03,22,0,96.0,0,1838,1
2026-09-23T03,22,0,96.5,0,744,1
2026-09-23T03,22,1,95.0,0,990,1
2026-09-23T03,22,2,96.0,1012,2531,2
2026-09-23T03,22,2,96.5,0,2176,1
2026-09-23T03,22,5,95.5,649,12456,2
2026-09-23T03,22,5,96.0,338,4010,3
2026-09-23T03,22,5,96.5,5347,9444,2
2026-09-23T03,22,5,97.0,16498,0,6
2026-09-23T03,22,7,99.0,3225,0,1
2026-09-23T03,22,8,100.0,5990,0,1
2026-09-23T04,22,0,96.0,121,0,1
2026-09-23T04,22,1,94.0,7079,0,3
2026-09-23T04,22,1,94.5,0,199,1
2026-09-23T04,22,1,96.5,10623,0,1
2026-09-23T04,22,4,95.0,2640,8964,3
2026-09-23T04,22,4,96.5,4653,0,3
2026-09-23T04,22,5,95.5,35,0,1
2026-09-23T04,22,5,97.0,27318,0,3
2026-09-23T05,22,0,93.0,0,380,1
2026-09-23T05,22,0,93.5,2580,0,2
2026-09-23T05,22,1,93.5,414,0,1
2026-09-23T05,22,1,94.0,42672,0,6
2026-09-23T05,22,2,94.5,0,1898,1
2026-09-23T05,22,2,95.0,500,0,2
2026-09-23T05,22,4,95.5,10800,0,1
2026-09-23T05,22,4,96.5,0,2467,1
2026-09-23T05,22,5,95.0,635,251,2
2026-09-23T05,22,5,95.5,5430,4957,3
2026-09-23T05,22,5,97.0,8353,0,2
2026-09-23T06,22,0,93.5,0,134,1
2026-09-23T06,22,1,93.0,480,763,3
2026-09-23T06,22,1,93.5,56,4786,3
2026-09-23T06,22,1,94.0,18160,0,6
2026-09-23T06,22,2,94.0,0,2123,1
2026-09-23T06,22,2,94.5,0,1143,2
2026-09-23T06,22,2,95.0,861,424,4
2026-09-23T06,22,3,94.5,0,5450,1
2026-09-23T06,22,3,95.0,200,0,1
2026-09-23T06,22,3,95.5,0,859,1
2026-09-23T06,22,4,95.0,0,1676,1
2026-09-23T06,22,4,95.5,123,11,2
2026-09-23T06,22,4,96.0,2155,0,1
2026-09-23T06,22,5,96.0,0,1475,1
2026-09-23T06,22,6,98.0,6267,0,1
2026-09-23T07,22,0,93.5,0,887,2
2026-09-23T07,22,1,93.0,0,193,1
2026-09-23T07,22,1,93.5,0,1199,1
2026-09-23T07,22,1,94.0,4794,0,3
2026-09-23T07,22,2,93.0,0,345,1
2026-09-23T07,22,2,93.5,734,5858,2
2026-09-23T07,22,2,95.5,2327,0,1
2026-09-23T07,22,3,93.5,1880,214,2
2026-09-23T07,22,3,95.0,0,1144,1
2026-09-23T07,22,3,95.5,0,5281,1
2026-09-23T07,22,4,93.5,0,395,1
2026-09-23T07,22,4,94.0,8414,0,1
2026-09-23T07,22,4,95.5,1415,3314,2
2026-09-23T07,22,5,95.5,315,7138,2
2026-09-23T07,22,5,96.0,0,1508,1
2026-09-23T07,22,5,96.5,0,2612,1
2026-09-23T07,22,5,97.0,1783,0,1
2026-09-23T11,22,0,94.5,0,531,1
2026-09-23T11,22,0,95.0,0,338,1
2026-09-23T11,22,1,94.0,0,5375,1
2026-09-23T11,22,1,94.5,0,3579,1
2026-09-23T11,22,2,93.5,0,21,1
2026-09-23T11,22,2,94.5,9525,0,2
2026-09-23T11,22,2,95.0,489,0,1
2026-09-23T11,22,2,95.5,0,5154,1
2026-09-23T11,22,4,94.0,0,91586,1
2026-09-23T11,22,4,96.0,12983,0,2
2026-09-23T11,22,5,96.0,0,1433,1
2026-09-23T11,22,5,97.0,250,0,1
2026-09-23T11,22,6,98.0,20,0,1
2026-09-23T11,22,7,99.0,3976,0,1
2026-09-23T11,22,8,100.0,0,17798,1
2026-09-23T12,22,0,94.5,6,1591,6
2026-09-23T12,22,0,95.0,318,0,1
2026-09-23T12,22,1,94.5,0,246,1
2026-09-23T12,22,1,95.0,27,567,3
2026-09-23T12,22,1,95.5,0,4486,2
2026-09-23T12,22,2,94.5,0,4169,2
2026-09-23T12,22,2,95.0,1047,1456,2
2026-09-23T12,22,2,95.5,0,11644,3
2026-09-23T12,22,2,96.0,566,4144,2
2026-09-23T12,22,3,96.0,0,1731,1
2026-09-23T12,22,4,96.0,0,24,1
2026-09-23T12,22,5,96.0,12654,0,1
2026-09-23T12,22,5,96.5,9110,0,1
2026-09-23T12,22,6,97.0,3500,0,1
2026-09-23T12,22,7,94.0,0,1000,1
2026-09-23T12,22,7,95.0,2293,497,4
2026-09-23T12,22,10,94.5,0,1718,1
2026-09-23T13,22,0,94.5,0,2120,1
2026-09-23T13,22,0,95.0,2600,1937,7
2026-09-23T13,22,0,96.0,0,1153,2
2026-09-23T13,22,1,95.5,0,318,1
2026-09-23T13,22,1,96.5,689,3841,2
2026-09-23T13,22,2,95.5,14932,3309,4
2026-09-23T13,22,2,96.0,91,3753,5
2026-09-23T13,22,3,96.5,0,1482,1
2026-09-23T13,22,4,96.5,3382,6393,2
2026-09-23T13,22,5,96.0,511,1328,2
2026-09-23T13,22,5,96.5,4946,1958,3
2026-09-23T13,22,5,97.0,10817,0,2
2026-09-23T13,22,6,97.0,3157,10343,2
2026-09-23T14,22,0,95.0,0,3547,1
2026-09-23T14,22,0,95.5,0,95,1
2026-09-23T14,22,0,96.5,29,67,2
2026-09-23T14,22,1,95.0,0,2715,1
2026-09-23T14,22,1,96.0,2385,3520,2
2026-09-23T14,22,1,96.5,0,1348,1
2026-09-23T14,22,2,95.5,0,3425,2
2026-09-23T14,22,2,96.0,7576,10972,6
2026-09-23T14,22,2,96.5,2106,2357,2
2026-09-23T14,22,2,97.0,2620,0,1
2026-09-23T14,22,3,95.0,0,21,1
2026-09-23T14,22,3,97.0,6663,13130,6
2026-09-23T14,22,3,97.5,5963,1382,2
2026-09-23T14,22,5,96.5,626,6472,2
2026-09-23T14,22,5,97.0,14799,11665,5
2026-09-23T14,22,5,97.5,0,3199,1
2026-09-23T14,22,6,97.5,0,5356,1
2026-09-23T15,22,0,96.0,0,1198,1
2026-09-23T15,22,0,96.5,0,580,2
2026-09-23T15,22,1,96.5,150,310,2
2026-09-23T15,22,2,96.5,0,209,1
2026-09-23T15,22,2,97.0,16230,0,6
2026-09-23T15,22,3,97.5,3936,0,2
2026-09-23T15,22,5,97.0,0,565,1
2026-09-23T15,22,6,97.5,0,310,1
2026-09-23T15,22,6,98.0,12851,0,3
2026-09-23T16,22,0,95.5,0,27,1
2026-09-23T16,22,0,96.0,0,778,2
2026-09-23T16,22,0,97.0,2108,363,5
2026-09-23T16,22,1,96.5,0,1038,2
2026-09-23T16,22,1,97.0,0,761,1
2026-09-23T16,22,1,97.5,101,914,2
2026-09-23T16,22,2,97.0,0,13824,2
2026-09-23T16,22,2,97.5,680,319,3
2026-09-23T16,22,3,96.5,0,875,1
2026-09-23T16,22,3,97.0,0,3987,1
2026-09-23T16,22,3,97.5,0,23259,2
2026-09-23T16,22,4,97.0,0,2367,1
2026-09-23T16,22,4,97.5,3456,11740,5
2026-09-23T16,22,4,98.0,2225,2617,2
2026-09-23T16,22,5,97.5,0,3523,1
2026-09-23T16,22,5,98.0,0,53971,2
2026-09-23T16,22,6,98.0,0,862,1
2026-09-23T17,22,0,95.5,0,319,2
2026-09-23T17,22,0,96.5,0,295,1
2026-09-23T17,22,0,97.0,1261,83,2
2026-09-23T17,22,1,96.5,2521,4937,4
2026-09-23T17,22,1,97.0,0,50,1
2026-09-23T17,22,2,95.5,0,1590,1
2026-09-23T17,22,2,96.0,3784,2989,8
2026-09-23T17,22,2,96.5,0,26,1
2026-09-23T17,22,2,97.0,0,1816,1
2026-09-23T17,22,2,97.5,7330,0,2
2026-09-23T17,22,3,97.5,0,1670,1
2026-09-23T17,22,4,97.5,780,1846,2
2026-09-23T17,22,4,98.0,329,0,2
2026-09-23T17,22,6,98.0,0,792,1
2026-09-23T17,22,7,96.5,5130,419,2
2026-09-23T17,22,7,98.0,0,5000,1
2026-09-23T17,22,7,98.5,0,1207,1
2026-09-23T17,22,7,99.0,0,3495,1
2026-09-23T18,22,0,94.5,0,56,1
2026-09-23T18,22,0,96.5,0,67,2
2026-09-23T18,22,0,97.0,33,311,3
2026-09-23T18,22,1,97.0,0,1070,2
2026-09-23T18,22,1,97.5,27775,0,2
2026-09-23T18,22,2,96.0,0,147,1
2026-09-23T18,22,2,97.5,1225,6445,2
2026-09-23T18,22,3,95.0,524,0,1
2026-09-23T18,22,3,97.5,16119,3659,3
2026-09-23T18,22,4,97.5,0,5648,1
2026-09-23T18,22,4,98.0,17122,0,1
2026-09-23T18,22,6,98.0,30,0,1
2026-09-23T19,22,0,93.5,0,259,1
2026-09-23T19,22,0,94.0,0,499,2
2026-09-23T19,22,1,94.0,124,11098,6
2026-09-23T19,22,1,94.5,1987,0,2
2026-09-23T19,22,2,93.5,0,68,1
2026-09-23T19,22,2,94.5,10082,776,6
2026-09-23T19,22,3,92.5,0,2929,1
2026-09-23T19,22,3,95.0,0,2662,4
2026-09-23T19,22,3,95.5,0,3479,1
2026-09-23T19,22,4,95.5,132,308,2
2026-09-23T19,22,5,95.0,761,0,2
2026-09-23T19,22,5,96.5,16327,3673,2
2026-09-23T19,22,6,96.5,0,5755,1
2026-09-23T19,22,6,97.0,0,20000,1
2026-09-23T19,22,6,97.5,0,13004,1
2026-09-23T19,22,6,98.0,0,376,1
2026-09-23T19,22,6,98.5,0,18500,1
2026-09-23T19,22,6,99.5,0,3934,1
2026-09-23T19,22,7,95.0,0,1000,1
2026-09-23T19,22,7,96.0,0,1976,1
2026-09-23T19,22,7,99.0,0,5000,1
2026-09-23T19,22,7,99.5,0,1000,1
2026-09-23T19,22,7,100.0,25375,0,1
2026-09-23T20,22,1,94.5,3433,0,3
2026-09-23T20,22,2,95.0,327,0,1
2026-09-23T20,22,3,95.0,0,4107,1
2026-09-23T20,22,4,98.0,40306,0,1
2026-09-23T20,22,5,95.0,0,912,1
2026-09-23T20,22,5,98.5,11714,0,1
2026-09-23T21,22,0,94.5,0,4677,1
2026-09-23T21,22,0,96.0,0,147,2
2026-09-23T21,22,0,97.0,0,5019,3
2026-09-23T21,22,0,97.5,0,127,2
2026-09-23T21,22,1,94.5,0,3763,1
2026-09-23T21,22,1,97.0,0,5274,1
2026-09-23T21,22,1,97.5,0,3116,3
2026-09-23T21,22,2,95.0,0,6516,1
2026-09-23T21,22,2,97.0,0,1123,1
2026-09-23T21,22,2,97.5,25,1653,4
2026-09-23T21,22,3,97.5,0,91,1
2026-09-23T21,22,3,98.0,36647,0,5
2026-09-23T21,22,5,98.5,11705,0,2
2026-09-23T21,22,6,99.0,0,589,1
2026-09-23T21,22,6,99.5,3678,0,1
2026-09-23T22,22,0,96.0,0,11,1
2026-09-23T22,22,0,97.5,29,862,3
2026-09-23T22,22,0,98.0,0,2015,1
2026-09-23T22,22,1,96.0,639,3680,2
2026-09-23T22,22,1,98.0,0,52,1
2026-09-23T22,22,2,97.5,0,1466,2
2026-09-23T22,22,3,97.5,0,1216,1
2026-09-23T22,22,3,98.0,4243,70455,8
2026-09-23T22,22,3,98.5,8856,0,3
2026-09-23T22,22,4,96.5,0,944,1
2026-09-23T22,22,4,98.0,0,89652,1
2026-09-23T22,22,5,98.5,492,1212,2
2026-09-23T22,22,7,97.0,0,1000,1
2026-09-23T23,22,0,94.5,0,541,1
2026-09-23T23,22,0,95.0,0,24,1
2026-09-23T23,22,0,95.5,0,15,1
2026-09-23T23,22,0,96.0,1076,9981,3
2026-09-23T23,22,0,96.5,51,1983,3
2026-09-23T23,22,0,97.0,0,370,1
2026-09-23T23,22,0,97.5,490,194,2
2026-09-23T23,22,0,98.0,0,33,1
2026-09-23T23,22,1,97.0,0,1113,1
2026-09-23T23,22,1,97.5,0,58,1
2026-09-23T23,22,2,98.0,0,2436,1
2026-09-23T23,22,3,98.0,0,10416,1
2026-09-23T23,22,3,98.5,11305,0,3
2026-09-23T23,22,4,98.0,732,2075,3
2026-09-23T23,22,4,98.5,0,733,1
2026-09-23T23,22,5,98.5,66635,3365,7
2026-09-24T00,22,0,95.5,400,0,2
2026-09-24T00,22,0,98.0,0,23,1
2026-09-24T00,22,0,98.5,161,0,2
2026-09-24T00,22,1,97.0,0,823,1
2026-09-24T00,22,1,97.5,0,250,1
2026-09-24T00,22,1,98.0,582,3503,2
2026-09-24T00,22,1,98.5,0,504,1
2026-09-24T00,22,2,98.0,0,141,1
2026-09-24T00,22,2,98.5,862,1138,2
2026-09-24T00,22,3,98.5,0,12751,2
2026-09-24T00,22,4,98.5,3057,0,1
2026-09-24T00,22,5,98.5,0,7,1
2026-09-24T00,22,5,99.0,5578,681,4
2026-09-24T00,22,6,99.0,0,1849,2
2026-09-24T01,22,0,95.5,0,400,1
2026-09-24T01,22,0,97.0,0,151,1
2026-09-24T01,22,1,97.5,131,280,2
2026-09-24T01,22,1,98.0,0,256,1
2026-09-24T01,22,2,98.0,136,22,2
2026-09-24T01,22,3,97.5,0,1361,1
2026-09-24T01,22,4,98.5,2389,554,4
2026-09-24T01,22,5,98.0,0,620,1
2026-09-24T01,22,5,98.5,5063,2547,2
2026-09-24T01,22,5,99.0,3075,0,4
2026-09-24T01,22,6,99.0,0,504,1
2026-09-24T02,22,0,95.5,0,2,1
2026-09-24T02,22,0,96.0,300,4296,3
2026-09-24T02,22,0,96.5,400,123,3
2026-09-24T02,22,0,97.0,0,79,1
2026-09-24T02,22,0,98.5,0,6784,3
2026-09-24T02,22,1,97.5,4370,232,2
2026-09-24T02,22,2,97.5,0,1420,1
2026-09-24T02,22,2,98.0,0,1000,1
2026-09-24T02,22,2,98.5,4945,814,3
2026-09-24T02,22,5,99.0,10677,7285,10
2026-09-24T02,22,6,99.0,306,178,2
2026-09-24T03,22,0,98.5,0,182,1
2026-09-24T03,22,0,99.0,0,80,1
2026-09-24T03,22,2,98.0,0,866,1
2026-09-24T03,22,2,98.5,0,434,1
2026-09-24T03,22,5,98.5,773,2621,2
2026-09-24T03,22,5,99.0,0,9550,2
2026-09-24T03,22,6,99.0,14607,0,4
2026-09-24T03,22,7,99.5,25688,0,3
2026-09-24T04,22,0,97.0,0,183,1
2026-09-24T04,22,0,97.5,0,1426,2
2026-09-24T04,22,0,98.0,0,380,2
2026-09-24T04,22,0,98.5,0,882,1
2026-09-24T04,22,1,97.5,0,1269,1
2026-09-24T04,22,1,98.0,8544,21,2
2026-09-24T04,22,1,98.5,2306,1140,3
2026-09-24T04,22,2,98.5,0,4073,1
2026-09-24T04,22,2,99.0,2275,2613,2
2026-09-24T04,22,3,99.0,0,8661,1
2026-09-24T04,22,5,98.5,0,10349,1
2026-09-24T04,22,5,99.0,134,0,1
2026-09-24T04,22,5,99.5,18054,0,3
2026-09-24T04,22,6,99.0,0,4393,1
2026-09-24T04,22,6,99.5,4563,31848,4
2026-09-24T04,22,7,98.0,0,8017,1
2026-09-24T04,22,7,99.5,4938,3140,2
2026-09-24T04,22,7,100.0,5990,0,1
2026-09-24T04,22,8,102.0,5159,0,1
2026-09-24T04,22,9,102.0,95,7791,2
2026-09-24T05,22,0,96.0,0,91,1
2026-09-24T05,22,0,96.5,0,8,1
2026-09-24T05,22,0,97.0,0,139,1
2026-09-24T05,22,0,99.0,0,469,1
2026-09-24T05,22,1,98.5,0,1000,1
2026-09-24T05,22,1,99.5,0,3056,1
2026-09-24T05,22,2,98.0,0,961,1
2026-09-24T05,22,2,98.5,0,822,1
2026-09-24T05,22,3,96.0,0,1168,1
2026-09-24T05,22,3,98.5,0,1965,1
2026-09-24T05,22,4,97.0,13444,47920,3
2026-09-24T05,22,5,96.0,0,21845,1
2026-09-24T05,22,5,99.0,12231,7635,3
2026-09-24T05,22,5,99.5,0,1946,1
2026-09-24T05,22,6,96.5,4620,905,3
2026-09-24T05,22,6,100.0,485,18157,2
2026-09-24T05,22,7,96.0,0,1000,1
2026-09-24T05,22,7,97.0,1218,5752,2
2026-09-24T05,22,7,100.0,6384,20770,3
2026-09-24T06,22,0,97.0,76,2184,2
2026-09-24T06,22,0,98.0,0,539,1
2026-09-24T06,22,0,99.0,308,1190,2
2026-09-24T06,22,1,97.5,0,1384,1
2026-09-24T06,22,1,98.5,0,1583,1
2026-09-24T06,22,2,95.5,0,4179,1
2026-09-24T06,22,2,98.0,0,4,1
2026-09-24T06,22,2,98.5,0,2712,1
2026-09-24T06,22,2,99.0,0,7900,1
2026-09-24T06,22,2,100.0,0,1508,1
2026-09-24T06,22,3,96.0,0,3721,1
2026-09-24T06,22,3,98.5,0,82,1
2026-09-24T06,22,3,99.5,0,29999,1
2026-09-24T06,22,4,99.0,4868,5656,5
2026-09-24T06,22,4,99.5,0,605,1
2026-09-24T06,22,5,100.0,0,24747,3
2026-09-24T06,22,6,99.0,0,685,1
2026-09-24T06,22,6,99.5,0,10851,1
2026-09-24T06,22,6,100.0,5089,14426,3
2026-09-24T06,22,6,101.0,17,0,1
2026-09-24T07,22,0,96.0,0,450,1
2026-09-24T07,22,0,99.5,1820,111,3
2026-09-24T07,22,1,96.0,0,2468,1
2026-09-24T07,22,2,96.0,0,877,1
2026-09-24T07,22,3,100.0,5000,0,2
2026-09-24T07,22,4,96.0,0,527,1
2026-09-24T07,22,4,96.5,18841,0,4
2026-09-24T07,22,4,100.0,0,1292,1
2026-09-24T07,22,5,98.5,500,0,1
2026-09-24T07,22,6,101.0,19169,0,2
2026-09-24T07,22,7,96.5,0,1000,1
2026-09-24T08,22,0,95.5,0,332,1
2026-09-24T08,22,0,96.0,32,75,2
2026-09-24T08,22,1,95.5,425,560,2
2026-09-24T08,22,1,96.0,0,221,1
2026-09-24T08,22,2,96.0,54,8799,3
2026-09-24T08,22,3,96.0,0,4574,1
2026-09-24T08,22,4,96.0,0,8984,1
2026-09-24T08,22,4,96.5,32895,0,6
2026-09-24T08,22,5,98.5,250,0,1
2026-09-24T08,22,7,96.0,0,1000,1
2026-09-24T09,22,2,93.0,3415,0,3
2026-09-24T09,22,2,94.0,1051,0,2
2026-09-24T09,22,4,96.5,1709,51555,3
2026-09-24T09,22,4,100.0,18,0,1
2026-09-24T09,22,5,98.5,0,2640,1
2026-09-24T09,22,5,99.0,0,1347,1
2026-09-24T09,22,6,101.0,600,814,2
2026-09-24T09,22,7,102.0,2290,0,1
2026-09-24T09,22,8,102.0,0,5705,1
2026-09-24T10,22,0,93.0,0,762,1
2026-09-24T10,22,0,93.5,2,0,1
2026-09-24T10,22,1,93.5,0,63,1
2026-09-24T10,22,2,93.0,550,6035,2
2026-09-24T10,22,2,93.5,0,61,1
2026-09-24T10,22,2,94.0,28341,10557,8
2026-09-24T10,22,3,97.0,0,378,1
2026-09-24T10,22,3,97.5,510,1142,3
2026-09-24T10,22,3,98.0,17540,12460,7
2026-09-24T10,22,3,99.0,1561,0,1
2026-09-24T10,22,4,99.5,5098,0,1
2026-09-24T10,22,5,99.5,0,1862,1
2026-09-24T10,22,6,100.0,3657,0,1
2026-09-24T11,22,0,93.0,642,485,2
2026-09-24T11,22,0,93.5,0,1616,1
2026-09-24T11,22,0,94.0,0,242,1
2026-09-24T11,22,0,96.0,0,5061,2
2026-09-24T11,22,0,96.5,0,100,1
2026-09-24T11,22,0,97.0,0,306,1
2026-09-24T11,22,1,93.0,0,491,1
2026-09-24T11,22,1,93.5,0,73,1
2026-09-24T11,22,1,96.5,100,7005,2
2026-09-24T11,22,1,98.0,30,0,1
2026-09-24T11,22,2,94.0,2655,803,2
2026-09-24T11,22,2,97.0,664,3966,2
2026-09-24T11,22,2,97.5,0,2496,1
2026-09-24T11,22,2,98.0,0,3000,2
2026-09-24T11,22,2,98.5,0,4279,1
2026-09-24T11,22,3,98.0,0,771,1
2026-09-24T11,22,3,98.5,0,990,1
2026-09-24T11,22,3,99.0,3773,0,1
2026-09-24T11,22,4,98.5,0,3386,1
2026-09-24T11,22,4,99.0,18449,0,3
2026-09-24T12,22,0,97.5,75,1083,3
2026-09-24T12,22,0,98.0,360,1996,3
2026-09-24T12,22,0,98.5,648,4045,2
2026-09-24T12,22,1,98.0,0,1590,2
2026-09-24T12,22,2,97.5,0,3396,2
2026-09-24T12,22,2,98.0,2730,2270,5
2026-09-24T12,22,2,98.5,7568,2000,6
2026-09-24T12,22,4,99.0,11816,27761,4
2026-09-24T12,22,6,99.5,10142,0,2
2026-09-24T13,22,0,97.0,0,474,1
2026-09-24T13,22,0,97.5,1152,5717,2
2026-09-24T13,22,0,98.0,0,735,1
2026-09-24T13,22,0,98.5,0,221,1
2026-09-24T13,22,0,99.0,0,166,2
2026-09-24T13,22,1,97.5,0,77,1
2026-09-24T13,22,2,98.0,928,16473,2
2026-09-24T13,22,2,98.5,0,3062,1
2026-09-24T13,22,3,98.5,2741,6894,5
2026-09-24T13,22,3,99.0,25225,19440,6
2026-09-24T13,22,4,99.0,0,14377,1
2026-09-24T13,22,5,99.0,0,2945,1
2026-09-24T13,22,5,99.5,2484,0,3
2026-09-24T13,22,6,99.5,0,9844,2
2026-09-24T14,22,0,98.5,200,841,4
2026-09-24T14,22,0,99.0,0,62,1
2026-09-24T14,22,0,99.5,435,0,2
2026-09-24T14,22,1,99.0,993,867,4
2026-09-24T14,22,1,99.5,0,72,1
2026-09-24T14,22,2,98.5,0,54,1
2026-09-24T14,22,3,99.5,2179,3842,4
2026-09-24T14,22,4,99.0,0,1,1
2026-09-24T14,22,4,99.5,5277,9625,2
2026-09-24T14,22,5,99.5,840,8196,3
2026-09-24T14,22,6,99.5,0,547,1
2026-09-24T14,22,6,100.0,32267,0,5
2026-09-24T15,22,0,98.0,223,77,2
2026-09-24T15,22,0,98.5,0,1367,3
2026-09-24T15,22,0,99.0,17168,395,4
2026-09-24T15,22,0,99.5,9249,0,2
2026-09-24T15,22,1,98.5,8395,3722,3
2026-09-24T15,22,1,99.0,0,1466,2
2026-09-24T15,22,2,99.0,0,1838,1
2026-09-24T15,22,2,99.5,0,5339,1
2026-09-24T15,22,3,99.5,32892,0,4
2026-09-24T15,22,4,99.5,0,4256,2
2026-09-24T15,22,6,100.0,6436,0,2
2026-09-24T15,22,7,98.0,0,1000,1
2026-09-24T15,22,7,99.0,0,1000,1
2026-09-24T15,22,7,100.0,3691,1969,2
2026-09-24T16,22,0,98.0,0,1605,3
2026-09-24T16,22,0,98.5,2472,562,3
2026-09-24T16,22,0,99.0,0,1477,5
2026-09-24T16,22,1,98.0,0,171,1
2026-09-24T16,22,1,99.0,500,2805,2
2026-09-24T16,22,2,97.5,0,5,1
2026-09-24T16,22,2,98.5,0,1465,1
2026-09-24T16,22,2,99.0,0,3607,3
2026-09-24T16,22,3,98.5,990,1536,2
2026-09-24T16,22,3,99.0,0,546,2
2026-09-24T16,22,3,99.5,60955,0,7
2026-09-24T16,22,4,99.0,2612,3776,2
2026-09-24T16,22,4,99.5,0,15796,1
2026-09-24T17,22,0,98.0,300,0,1
2026-09-24T17,22,0,98.5,80,0,1
2026-09-24T17,22,0,99.5,2221,0,1
2026-09-24T17,22,1,98.0,0,58,1
2026-09-24T17,22,1,99.5,0,1372,3
2026-09-24T17,22,2,99.5,20,0,1
2026-09-24T17,22,3,99.0,0,6,1
2026-09-24T17,22,3,99.5,4914,1238,2
2026-09-24T17,22,5,99.5,0,1094,1
2026-09-24T17,22,6,99.5,0,299,1
2026-09-24T17,22,6,100.0,19643,0,5
2026-09-24T17,22,7,98.5,692,0,1
2026-09-24T18,22,0,96.0,627,5226,3
2026-09-24T18,22,0,96.5,2807,0,3
2026-09-24T18,22,0,97.0,52,0,1
2026-09-24T18,22,1,93.0,0,379,1
2026-09-24T18,22,1,95.5,0,6249,1
2026-09-24T18,22,1,96.0,1493,0,1
2026-09-24T18,22,2,98.5,0,972,1
2026-09-24T18,22,3,97.5,0,8591,1
2026-09-24T18,22,3,98.0,0,200,1
2026-09-24T18,22,3,98.5,0,12424,1
2026-09-24T18,22,4,99.0,14257,2457,4
2026-09-24T18,22,4,99.5,0,2998,1
2026-09-24T18,22,6,99.5,0,271,1
2026-09-24T18,22,6,100.0,22728,0,2
2026-09-24T18,22,7,97.0,384,0,1
2026-09-24T18,22,7,98.5,215,93,2
2026-09-24T19,22,0,94.0,0,1,1
2026-09-24T19,22,0,94.5,1,1102,2
2026-09-24T19,22,0,95.5,0,295,2
2026-09-24T19,22,0,96.0,0,300,1
2026-09-24T19,22,0,96.5,0,3915,3
2026-09-24T19,22,0,97.0,0,147,1
2026-09-24T19,22,0,97.5,65,1136,3
2026-09-24T19,22,0,98.0,0,748,2
2026-09-24T19,22,0,98.5,0,73,1
2026-09-24T19,22,1,94.5,1447,679,2
2026-09-24T19,22,1,95.0,726,964,2
2026-09-24T19,22,1,95.5,0,17,1
2026-09-24T19,22,1,96.0,760,1646,3
2026-09-24T19,22,1,96.5,0,511,1
2026-09-24T19,22,1,98.0,0,19,1
2026-09-24T19,22,1,98.5,27,281,3
2026-09-24T19,22,1,99.0,0,218,1
2026-09-24T19,22,2,97.0,0,6,1
2026-09-24T19,22,2,97.5,0,5,1
2026-09-24T19,22,2,98.0,0,1,1
2026-09-24T19,22,2,98.5,0,123,1
2026-09-24T19,22,2,99.0,10196,6159,6
2026-09-24T19,22,3,99.5,5051,0,1
2026-09-24T19,22,4,99.0,0,629,1
2026-09-24T19,22,4,99.5,803,5695,4
2026-09-24T19,22,6,99.5,0,718,2
2026-09-24T19,22,6,100.0,12154,0,2
2026-09-24T19,22,7,97.0,0,1616,2
2026-09-24T20,22,0,95.0,0,89,1
2026-09-24T20,22,0,98.0,0,9,2
2026-09-24T20,22,0,99.0,674,437,4
2026-09-24T20,22,1,98.0,0,382,1
2026-09-24T20,22,1,98.5,19681,3693,5
2026-09-24T20,22,3,99.0,312,6306,3
2026-09-24T20,22,3,99.5,37951,0,3
2026-09-24T20,22,5,100.0,44434,0,4
2026-09-24T20,22,6,100.0,0,12555,2
2026-09-24T20,22,7,99.0,0,241,1
2026-09-24T20,22,7,101.0,5129,0,1
2026-09-24T21,22,0,97.5,481,1166,2
2026-09-24T21,22,0,98.0,0,63,2
2026-09-24T21,22,1,97.5,1916,2350,4
2026-09-24T21,22,1,98.0,0,86,1
2026-09-24T21,22,1,98.5,0,1542,2
2026-09-24T21,22,2,97.5,0,163,1
2026-09-24T21,22,2,98.0,0,115,1
2026-09-24T21,22,2,98.5,258,0,1
2026-09-24T21,22,2,99.0,228,1017,2
2026-09-24T21,22,3,99.0,7605,4022,4
2026-09-24T21,22,4,97.5,0,1447,1
2026-09-24T21,22,4,99.5,8035,0,2
2026-09-24T21,22,6,98.0,3480,5625,2
2026-09-24T21,22,6,99.5,0,3399,1
2026-09-24T21,22,7,98.0,780,220,2
2026-09-24T22,22,0,95.5,1000,0,1
2026-09-24T22,22,0,97.5,90,79,2
2026-09-24T22,22,0,98.0,0,2692,1
2026-09-24T22,22,0,98.5,0,547,1
2026-09-24T22,22,1,96.5,0,1136,1
2026-09-24T22,22,2,98.5,3829,611,2
2026-09-24T22,22,3,98.5,5211,4594,4
2026-09-24T22,22,3,99.0,180,2164,2
2026-09-24T22,22,4,99.5,3129,2224,3
2026-09-24T22,22,7,100.0,6740,0,2
2026-09-24T23,22,0,94.0,0,535,1
2026-09-24T23,22,0,94.5,0,801,2
2026-09-24T23,22,0,95.0,0,1545,2
2026-09-24T23,22,0,95.5,400,609,2
2026-09-24T23,22,0,98.5,263,0,1
2026-09-24T23,22,1,93.5,0,1000,1
2026-09-24T23,22,2,94.0,0,213,1
2026-09-24T23,22,2,95.5,4920,4930,3
2026-09-24T23,22,2,97.5,828,388,2
2026-09-24T23,22,3,95.5,0,2872,1
2026-09-24T23,22,3,96.0,4215,1785,3
2026-09-24T23,22,4,99.0,1118,11000,2
2026-09-25T00,22,0,97.5,2797,282,4
2026-09-25T00,22,0,98.5,0,161,1
2026-09-25T00,22,1,98.0,2818,986,5
2026-09-25T00,22,2,98.5,0,126,1
2026-09-25T00,22,2,99.0,301,267,2
2026-09-25T00,22,4,99.0,0,5884,1
2026-09-25T00,22,4,99.5,5322,0,2
2026-09-25T00,22,5,99.5,7358,0,2
2026-09-25T00,22,6,99.5,0,1792,1
2026-09-25T01,22,0,97.5,166,984,2
2026-09-25T01,22,0,98.0,0,139,1
2026-09-25T01,22,0,98.5,30,359,2
2026-09-25T01,22,0,99.0,622,147,3
2026-09-25T01,22,1,98.0,0,319,1
2026-09-25T01,22,1,99.0,0,122,1
2026-09-25T01,22,2,97.5,0,1000,1
2026-09-25T01,22,2,98.0,1698,2585,2
2026-09-25T01,22,2,99.0,2240,592,3
2026-09-25T01,22,4,99.5,0,11074,1
2026-09-25T01,22,5,98.5,2567,4,2
2026-09-25T01,22,5,99.5,532,1110,2
2026-09-25T01,22,6,99.0,226,0,1
2026-09-25T01,22,7,99.5,2300,0,1
2026-09-25T02,22,0,98.5,4256,3879,3
2026-09-25T02,22,0,99.0,0,1801,4
2026-09-25T02,22,3,98.5,0,226,1
2026-09-25T02,22,3,99.0,229,1582,3
2026-09-25T02,22,3,99.5,27563,0,5
2026-09-25T02,22,4,99.5,0,2383,1
2026-09-25T02,22,5,98.5,0,730,1
2026-09-25T02,22,5,99.5,2086,12497,2
2026-09-25T02,22,6,99.0,0,260,1
2026-09-25T02,22,7,99.5,0,2726,1
2026-09-25T02,22,7,100.0,5390,0,1
2026-09-25T03,22,0,98.0,0,1000,1
2026-09-25T03,22,0,98.5,353,1602,5
2026-09-25T03,22,0,99.0,0,706,4
2026-09-25T03,22,1,99.0,69,334,5
2026-09-25T03,22,2,99.0,0,1141,1
2026-09-25T03,22,3,99.0,1805,6363,3
2026-09-25T03,22,4,99.0,0,625,1
2026-09-25T03,22,6,99.0,0,18032,1
2026-09-25T03,22,6,99.5,5297,0,4
2026-09-25T03,22,7,100.0,2869,0,1
2026-09-25T04,22,0,98.5,0,567,1
2026-09-25T04,22,2,97.0,620,338,2
2026-09-25T04,22,2,97.5,4027,0,4
2026-09-25T04,22,3,98.0,5174,0,2
2026-09-25T04,22,5,98.0,640,1456,3
2026-09-25T04,22,5,99.0,10398,0,2
2026-09-25T04,22,6,99.5,0,3241,1
2026-09-25T04,22,7,100.0,2774,0,1
2026-09-25T04,22,8,103.0,0,704,1
2026-09-25T04,22,9,102.0,0,6031,1
2026-09-25T04,22,9,103.0,5999,4001,2
2026-09-25T04,22,10,104.0,2225,0,1
2026-09-25T05,22,0,96.5,242,401,2
2026-09-25T05,22,2,94.5,0,2000,1
2026-09-25T05,22,2,97.0,13325,1126,6
2026-09-25T05,22,2,97.5,1268,596,2
2026-09-25T05,22,3,98.0,0,2205,1
2026-09-25T05,22,4,97.0,5242,5440,3
2026-09-25T05,22,5,98.5,29026,1386,6
2026-09-25T05,22,6,98.5,1862,0,1
2026-09-25T05,22,7,97.0,0,3000,1
2026-09-25T06,22,0,96.5,0,189,2
2026-09-25T06,22,0,98.0,0,78,1
2026-09-25T06,22,0,99.0,0,175,1
2026-09-25T06,22,1,97.5,0,2203,1
2026-09-25T06,22,1,98.0,0,2225,1
2026-09-25T06,22,1,98.5,0,537,1
2026-09-25T06,22,1,99.0,0,894,2
2026-09-25T06,22,2,97.0,0,621,1
2026-09-25T06,22,2,97.5,0,1935,1
2026-09-25T06,22,2,98.0,0,137,1
2026-09-25T06,22,2,98.5,0,2000,1
2026-09-25T06,22,2,99.0,0,1000,1
2026-09-25T06,22,3,97.5,0,4806,1
2026-09-25T06,22,3,98.0,0,2087,1
2026-09-25T06,22,3,99.0,0,2040,1
2026-09-25T06,22,3,99.5,12436,0,6
2026-09-25T06,22,4,98.0,0,2039,1
2026-09-25T06,22,4,99.0,0,10000,1
2026-09-25T06,22,5,98.5,0,10375,2
2026-09-25T06,22,5,99.0,6117,13937,4
2026-09-25T06,22,5,99.5,0,3121,1
2026-09-25T06,22,6,98.5,0,892,1
2026-09-25T06,22,6,99.5,0,9919,1
2026-09-25T06,22,6,100.0,9059,0,2
2026-09-25T06,22,7,99.5,2595,1222,2
2026-09-25T06,22,7,100.0,0,2227,1
2026-09-25T07,22,0,98.0,870,2245,4
2026-09-25T07,22,1,98.0,0,3050,1
2026-09-25T07,22,1,98.5,0,250,2
2026-09-25T07,22,2,97.0,0,958,1
2026-09-25T07,22,2,97.5,0,4005,1
2026-09-25T07,22,2,98.0,0,646,1
2026-09-25T07,22,2,98.5,3746,2340,5
2026-09-25T07,22,2,99.0,7878,0,3
2026-09-25T07,22,3,99.0,0,731,2
2026-09-25T07,22,4,88.5,54592,0,1
2026-09-25T07,22,5,99.0,0,2694,2
2026-09-25T07,22,5,99.5,6665,0,3
2026-09-25T07,22,7,90.5,50000,0,1
2026-09-25T08,22,0,96.5,0,3472,2
2026-09-25T08,22,1,94.5,0,443,1
2026-09-25T08,22,2,95.0,257,0,1
2026-09-25T08,22,2,97.5,3954,0,2
2026-09-25T08,22,3,97.5,0,1623,1
2026-09-25T08,22,4,88.5,0,4703,1
2026-09-25T08,22,4,97.0,0,4813,1
2026-09-25T08,22,4,98.0,4936,0,4
2026-09-25T08,22,5,99.5,220,0,1
2026-09-25T08,22,6,99.5,300,0,1
2026-09-25T08,22,7,90.5,9003,28660,2
2026-09-25T08,22,7,97.5,0,4000,1
2026-09-25T08,22,7,99.0,0,1000,1
2026-09-25T09,22,0,92.5,0,44,1
2026-09-25T09,22,0,94.0,0,151,1
2026-09-25T09,22,1,90.0,0,2094,1
2026-09-25T09,22,1,93.0,0,296,1
2026-09-25T09,22,1,93.5,0,389,1
2026-09-25T09,22,1,94.0,0,281,1
2026-09-25T09,22,2,93.5,5484,0,2
2026-09-25T09,22,2,94.0,0,35,1
2026-09-25T09,22,2,94.5,8576,2895,4
2026-09-25T09,22,2,95.0,5914,0,3
2026-09-25T09,22,3,94.5,0,2794,1
2026-09-25T09,22,3,97.0,0,3211,1
2026-09-25T09,22,4,97.5,3044,0,1
2026-09-25T09,22,5,99.5,6788,0,1
2026-09-25T09,22,6,99.5,0,2898,1
2026-09-25T09,22,7,95.0,514,486,2
2026-09-25T09,22,7,101.0,0,1438,2
2026-09-25T09,22,7,102.0,2538,0,1
2026-09-25T10,22,1,92.5,0,286,1
2026-09-25T10,22,1,93.0,305,3036,3
2026-09-25T10,22,2,91.0,0,1,1
2026-09-25T10,22,2,92.5,852,629,2
2026-09-25T10,22,2,93.0,0,28,1
2026-09-25T10,22,2,93.5,21390,0,5
2026-09-25T10,22,3,97.0,500,244,2
2026-09-25T10,22,4,97.5,2277,1049,5
2026-09-25T10,22,4,98.0,2984,3656,3
2026-09-25T10,22,5,99.5,38,0,1
2026-09-25T11,22,0,90.5,0,6644,1
2026-09-25T11,22,0,91.0,0,614,1
2026-09-25T11,22,0,92.5,2535,17985,2
2026-09-25T11,22,0,93.0,0,250,1
2026-09-25T11,22,0,93.5,219,4739,4
2026-09-25T11,22,0,94.5,0,920,1
2026-09-25T11,22,1,91.0,0,92,1
2026-09-25T11,22,1,92.5,0,147,1
2026-09-25T11,22,1,93.0,0,509,1
2026-09-25T11,22,1,94.0,0,1956,1
2026-09-25T11,22,1,94.5,1741,18,2
2026-09-25T11,22,2,90.0,0,400,1
2026-09-25T11,22,2,91.5,0,230,1
2026-09-25T11,22,2,92.0,0,2000,1
2026-09-25T11,22,2,92.5,0,100,1
2026-09-25T11,22,2,93.5,1043,30191,2
2026-09-25T11,22,2,94.5,1234,2025,3
2026-09-25T11,22,2,95.0,615,0,1
2026-09-25T11,22,3,96.5,0,4797,1
2026-09-25T11,22,3,97.0,0,627,1
2026-09-25T11,22,3,97.5,833,0,1
2026-09-25T11,22,4,97.0,621,0,1
2026-09-25T11,22,4,97.5,1000,1063,2
2026-09-25T11,22,5,97.0,1140,0,1
2026-09-25T11,22,5,98.0,0,1702,1
2026-09-25T11,22,6,99.0,698,0,1
