heure,kind,quality,ouverture,haut,bas,cloture,n_releves,volume,valeur,profondeur_5pct
2026-09-03T19,1,0,0.261,0.261,0.26,0.26,2,0,0,614531693
2026-09-03T19,2,0,0.368,0.368,0.366,0.366,2,0,0,78510877
2026-09-03T19,3,0,2.2,2.2,2.2,2.2,2,0,0,81846
2026-09-03T19,4,0,2.2,2.2,2.2,2.2,2,0,0,19987
2026-09-03T19,5,0,2.95,2.95,2.95,2.95,2,0,0,868014
2026-09-03T19,6,0,0.71,0.71,0.71,0.71,2,0,0,12172688
2026-09-03T19,7,0,39.5,39.5,39.5,39.5,2,0,0,116468
2026-09-03T19,8,0,10.5,10.5,10.5,10.5,2,0,0,55021
2026-09-03T19,9,0,1.17,1.17,1.17,1.17,2,0,0,1550441
2026-09-03T19,10,0,29.25,29.25,29.25,29.25,1,0,0,
2026-09-03T19,11,0,40.75,40.75,40.75,40.75,2,0,0,508229
2026-09-03T19,12,0,41.0,41.25,41.0,41.25,2,0,0,1540836
2026-09-03T19,13,0,0.365,0.366,0.365,0.366,2,0,0,151472308
2026-09-03T19,14,0,10.8,10.8,10.8,10.8,2,0,0,798768
2026-09-03T19,15,0,10.2,10.3,10.2,10.3,2,0,0,1156348
2026-09-03T19,16,0,9.0,9.0,9.0,9.0,2,0,0,2137689
2026-09-03T19,17,0,14.4,14.5,14.4,14.5,2,0,0,3925836
2026-09-03T19,18,0,20.0,20.25,20.0,20.25,2,0,0,528325
2026-09-03T19,19,0,11.2,11.2,11.1,11.1,2,0,0,312310
2026-09-03T19,20,0,111.0,112.0,111.0,112.0,2,0,0,122766
2026-09-03T19,21,0,55.5,55.5,55.5,55.5,1,0,0,
2026-09-03T19,22,0,87.0,87.0,87.0,87.0,1,0,0,
2026-09-03T19,23,0,129.0,129.0,129.0,129.0,1,0,0,
2026-09-03T19,24,0,615.0,615.0,610.0,610.0,2,0,0,5373
2026-09-03T19,25,0,755.0,755.0,755.0,755.0,2,0,0,38786
2026-09-03T19,26,0,1220.0,1220.0,1220.0,1220.0,2,0,0,32293
2026-09-03T19,27,0,575.0,575.0,575.0,575.0,2,0,0,12921
2026-09-03T19,28,0,960.0,960.0,960.0,960.0,2,0,0,2659
2026-09-03T19,29,0,99.5,99.5,99.5,99.5,2,0,0,386269
2026-09-03T19,30,0,155.0,157.0,155.0,157.0,2,0,0,259842
2026-09-03T19,31,0,204.0,204.0,202.0,202.0,2,0,0,446383
2026-09-03T19,32,0,212.0,212.0,212.0,212.0,2,0,0,201900
2026-09-03T19,33,0,113.0,113.0,113.0,113.0,2,0,0,213261
2026-09-03T19,34,0,92.5,92.5,92.5,92.5,1,0,0,
2026-09-03T19,35,0,86.5,86.5,86.5,86.5,1,0,0,
2026-09-03T19,40,0,1.4,1.4,1.4,1.4,1,0,0,
2026-09-03T19,41,0,4.55,4.8,4.55,4.8,2,0,0,2030283
2026-09-03T19,42,0,4.95,5.0,4.95,5.0,2,0,0,39862
2026-09-03T19,43,0,11.5,11.5,11.4,11.4,2,0,0,352884
2026-09-03T19,44,0,1.24,1.26,1.24,1.26,2,0,0,7936535
2026-09-03T19,45,0,16.1,16.1,15.9,15.9,2,0,0,360677
2026-09-03T19,46,0,27.25,27.25,27.0,27.0,2,0,0,66706
2026-09-03T19,47,0,430.0,430.0,430.0,430.0,2,0,0,18800
2026-09-03T19,48,0,222.0,222.0,222.0,222.0,2,0,0,106484
2026-09-03T19,49,0,950.0,950.0,950.0,950.0,2,0,0,5126
2026-09-03T19,50,0,336.0,336.0,336.0,336.0,2,0,0,24309
2026-09-03T19,51,0,790.0,790.0,790.0,790.0,1,0,0,
2026-09-03T19,52,0,610.0,610.0,610.0,610.0,1,0,0,
2026-09-03T19,53,0,3380.0,3380.0,3380.0,3380.0,1,0,0,
2026-09-03T19,54,0,6450.0,6450.0,6450.0,6450.0,2,0,0,1861
2026-09-03T19,55,0,2240.0,2240.0,2240.0,2240.0,2,0,0,3972
2026-09-03T19,56,0,4340.0,4340.0,4340.0,4340.0,2,0,0,14586
2026-09-03T19,57,0,5575.0,5575.0,5575.0,5575.0,2,0,0,6723
2026-09-03T19,58,0,126.0,126.0,126.0,126.0,2,0,0,232121
2026-09-03T19,59,0,65.0,65.0,65.0,65.0,2,0,0,878534
2026-09-03T19,60,0,5.5,5.5,5.5,5.5,2,0,0,10533
2026-09-03T19,61,0,18.8,18.8,18.8,18.8,2,0,0,41846
2026-09-03T19,62,0,22.25,22.25,22.25,22.25,2,0,0,272719
2026-09-03T19,63,0,32.5,32.5,32.5,32.5,2,0,0,17700
2026-09-03T19,64,0,45.25,45.25,45.25,45.25,1,0,0,
2026-09-03T19,65,0,13.2,13.2,13.2,13.2,1,0,0,
2026-09-03T19,66,0,0.28,0.28,0.278,0.278,2,0,0,9612362
2026-09-03T19,67,0,11.8,11.8,11.8,11.8,1,0,0,
2026-09-03T19,68,0,32.0,32.0,32.0,32.0,2,0,0,472669
2026-09-03T19,69,0,6475.0,6475.0,6475.0,6475.0,2,0,0,9409
2026-09-03T19,70,0,805.0,805.0,805.0,805.0,2,0,0,23806
2026-09-03T19,71,0,1540.0,1540.0,1540.0,1540.0,2,0,0,5907
2026-09-03T19,72,0,1.68,1.68,1.68,1.68,2,0,0,1238016
2026-09-03T19,73,0,26.5,26.5,26.5,26.5,2,0,0,428444
2026-09-03T19,74,0,20.0,20.0,19.9,19.9,2,0,0,60946
2026-09-03T19,75,0,6.2,6.3,6.2,6.3,2,0,0,1615435
2026-09-03T19,76,0,57.5,57.5,57.0,57.0,2,0,0,35712
2026-09-03T19,77,0,2680.0,2680.0,2680.0,2680.0,2,0,0,2058
2026-09-03T19,78,0,1840.0,1840.0,1840.0,1840.0,1,0,0,
2026-09-03T19,79,0,870.0,870.0,870.0,870.0,1,0,0,
2026-09-03T19,80,0,4450.0,4450.0,4450.0,4450.0,1,0,0,
2026-09-03T19,81,0,5175.0,5175.0,5175.0,5175.0,2,0,0,2708
2026-09-03T19,82,0,1500.0,1500.0,1500.0,1500.0,2,0,0,7382
2026-09-03T19,83,0,30.0,30.0,30.0,30.0,2,0,0,44440
2026-09-03T19,84,0,8950.0,8950.0,8950.0,8950.0,2,0,0,600
2026-09-03T19,85,0,7425.0,7425.0,7425.0,7425.0,2,0,0,102
2026-09-03T19,86,0,10000.0,10000.0,10000.0,10000.0,2,0,0,309
2026-09-03T19,87,0,484.0,484.0,484.0,484.0,2,0,0,2917
2026-09-03T19,88,0,11000.0,11000.0,11000.0,11000.0,2,0,0,969
2026-09-03T19,89,0,4400.0,4410.0,4400.0,4410.0,2,0,0,3525
2026-09-03T19,98,0,845.0,845.0,840.0,840.0,2,0,0,21170
2026-09-03T19,100,0,111.0,111.0,111.0,111.0,1,0,0,
2026-09-03T19,101,0,197.0,197.0,197.0,197.0,1,0,0,
2026-09-03T19,102,0,2.75,2.75,2.75,2.75,1,0,0,
2026-09-03T19,103,0,6.8,6.9,6.8,6.9,2,0,0,1896908
2026-09-03T19,104,0,0.97,0.97,0.97,0.97,2,0,0,2483957
2026-09-03T19,105,0,1.49,1.49,1.49,1.49,2,0,0,240751
2026-09-03T19,106,0,4.15,4.15,4.15,4.15,2,0,0,27639
2026-09-03T19,107,0,20.75,21.5,20.75,21.5,2,0,0,748527
2026-09-03T19,108,0,10.0,10.0,9.7,9.7,2,0,0,337684
2026-09-03T19,109,0,109.0,109.0,109.0,109.0,2,0,0,243727
2026-09-03T19,110,0,200.0,200.0,200.0,200.0,2,0,0,59633
2026-09-03T19,111,0,2600.0,2600.0,2600.0,2600.0,2,0,0,92890
2026-09-03T19,112,0,2190.0,2190.0,2190.0,2190.0,2,0,0,19543
2026-09-03T19,113,0,127.0,127.0,127.0,127.0,2,0,0,59314
2026-09-03T19,114,0,650.0,650.0,650.0,650.0,2,0,0,8517
2026-09-03T19,115,0,130.0,130.0,130.0,130.0,1,0,0,
2026-09-03T19,116,0,39.0,39.0,39.0,39.0,1,0,0,
2026-09-03T19,117,0,7.2,7.2,7.2,7.2,1,0,0,
2026-09-03T19,118,0,0.775,0.775,0.77,0.77,2,0,0,88043
2026-09-03T19,119,0,31.5,31.5,31.5,31.5,2,0,0,9346
2026-09-03T19,120,0,2.6,2.6,2.55,2.55,2,0,0,176071
2026-09-03T19,121,0,149.0,149.0,148.0,148.0,2,0,0,3592
2026-09-03T19,122,0,126.0,126.0,126.0,126.0,2,0,0,43820
2026-09-03T19,123,0,298.0,298.0,298.0,298.0,2,0,0,66425
2026-09-03T19,124,0,36.25,36.25,36.25,36.25,2,0,0,89718
2026-09-03T19,125,0,25.0,26.75,25.0,26.75,2,0,0,59362
2026-09-03T19,126,0,55.0,55.0,55.0,55.0,2,0,0,116377
2026-09-03T19,127,0,478.0,478.0,478.0,478.0,2,0,0,16794
2026-09-03T19,128,0,56.5,56.5,56.5,56.5,1,0,0,
2026-09-03T19,129,0,2180.0,2180.0,2180.0,2180.0,1,0,0,
2026-09-03T19,130,0,2060.0,2060.0,2060.0,2060.0,1,0,0,
2026-09-03T19,131,0,2390.0,2390.0,2390.0,2390.0,2,0,0,2069
2026-09-03T19,132,0,2210.0,2210.0,2200.0,2200.0,2,0,0,295
2026-09-03T19,133,0,18.2,18.2,17.9,17.9,2,0,0,383234
2026-09-03T19,134,0,49.5,49.5,49.25,49.25,2,0,0,78756
2026-09-03T19,135,0,17.9,17.9,17.8,17.8,2,0,0,301616
2026-09-03T19,136,0,1.58,1.58,1.58,1.58,2,0,0,1320610
2026-09-03T19,137,0,126.0,126.0,126.0,126.0,2,0,0,35066
2026-09-03T19,138,0,1260.0,1260.0,1260.0,1260.0,2,0,0,415
2026-09-03T19,139,0,10.1,10.1,10.1,10.1,2,0,0,752089
2026-09-03T19,140,0,256.0,260.0,256.0,260.0,2,0,0,32440
2026-09-03T19,141,0,37.0,37.0,37.0,37.0,1,0,0,
2026-09-03T19,142,0,780.0,780.0,780.0,780.0,1,0,0,
2026-09-03T19,143,0,760.0,760.0,760.0,760.0,1,0,0,
2026-09-03T19,144,0,17.2,17.2,17.2,17.2,2,0,0,28002
2026-09-03T19,145,0,135.0,135.0,135.0,135.0,2,0,0,656599
2026-09-03T19,146,0,6.5,6.5,6.5,6.5,2,0,0,22130
2026-09-03T19,147,0,40.0,40.0,40.0,40.0,2,0,0,480970
2026-09-03T19,148,0,33.25,33.25,33.25,33.25,2,0,0,52586
2026-09-03T19,149,0,725.0,725.0,725.0,725.0,2,0,0,65
2026-09-03T19,150,0,390.0,390.0,390.0,390.0,2,0,0,407
2026-09-03T19,151,0,232.0,232.0,232.0,232.0,2,0,0,1252
2026-09-03T19,152,0,234.0,234.0,234.0,234.0,2,0,0,228
2026-09-03T19,153,0,79.0,79.0,78.0,78.0,2,0,0,1945
2026-09-03T19,154,0,77.0,77.0,77.0,77.0,1,0,0,
2026-09-03T19,155,0,130.0,130.0,130.0,130.0,1,0,0,
2026-09-03T21,1,0,0.258,0.258,0.258,0.258,2,0,0,703578238
2026-09-03T21,2,0,0.369,0.369,0.365,0.365,2,0,0,15884110
2026-09-03T21,3,0,2.3,2.3,2.3,2.3,2,0,0,67714
2026-09-03T21,4,0,2.5,2.5,2.5,2.5,2,0,0,937828
2026-09-03T21,5,0,2.85,2.85,2.85,2.85,2,0,0,54565
2026-09-03T21,6,0,0.7,0.7,0.695,0.695,2,0,0,9299701
2026-09-03T21,7,0,40.0,40.0,40.0,40.0,2,0,0,198697
2026-09-03T21,8,0,10.7,10.7,10.6,10.6,2,0,0,198716
2026-09-03T21,9,0,1.13,1.14,1.13,1.14,2,0,0,46174
2026-09-03T21,10,0,29.0,29.0,29.0,29.0,1,0,0,
2026-09-03T21,11,0,41.25,41.25,41.25,41.25,2,0,0,470117
2026-09-03T21,12,0,41.0,41.0,41.0,41.0,2,0,0,1356642
2026-09-03T21,13,0,0.365,0.367,0.365,0.367,2,0,0,101775528
2026-09-03T21,14,0,11.2,11.2,11.2,11.2,2,0,0,3094432
2026-09-03T21,15,0,10.0,10.0,9.9,9.9,2,0,0,148827
2026-09-03T21,16,0,8.7,8.7,8.7,8.7,2,0,0,428956
2026-09-03T21,17,0,14.6,14.6,14.5,14.5,2,0,0,3116003
2026-09-03T21,18,0,20.25,20.25,20.0,20.0,2,0,0,16364
2026-09-03T21,19,0,11.0,11.0,11.0,11.0,2,0,0,206032
2026-09-03T21,20,0,108.0,109.0,108.0,109.0,2,0,0,2823
2026-09-03T21,21,0,57.5,57.5,57.5,57.5,1,0,0,
2026-09-03T21,22,0,89.5,89.5,89.5,89.5,1,0,0,
2026-09-03T21,23,0,127.0,127.0,127.0,127.0,1,0,0,
2026-09-03T21,24,0,620.0,625.0,620.0,625.0,2,0,0,38662
2026-09-03T21,25,0,730.0,730.0,725.0,725.0,2,0,0,2020
2026-09-03T21,26,0,1210.0,1210.0,1210.0,1210.0,2,0,0,8484
2026-09-03T21,27,0,570.0,570.0,570.0,570.0,2,0,0,6018
2026-09-03T21,28,0,950.0,950.0,950.0,950.0,2,0,0,1771
2026-09-03T21,29,0,99.5,99.5,98.0,98.0,2,0,0,206108
2026-09-03T21,30,0,155.0,155.0,155.0,155.0,2,0,0,143437
2026-09-03T21,31,0,200.0,200.0,200.0,200.0,2,0,0,410412
2026-09-03T21,32,0,214.0,218.0,214.0,218.0,2,0,0,157496
2026-09-03T21,33,0,109.0,109.0,108.0,108.0,2,0,0,84574
2026-09-03T21,34,0,94.5,94.5,94.5,94.5,1,0,0,
2026-09-03T21,35,0,86.5,86.5,86.5,86.5,1,0,0,
2026-09-03T21,40,0,1.6,1.6,1.6,1.6,1,0,0,
2026-09-03T21,41,0,4.75,4.75,4.75,4.75,1,0,0,
2026-09-03T21,42,0,5.2,5.2,5.2,5.2,2,0,0,964303
2026-09-03T21,43,0,11.1,11.5,11.1,11.5,2,0,0,713939
2026-09-03T21,44,0,1.26,1.26,1.26,1.26,2,0,0,10485886
2026-09-03T21,45,0,16.0,16.0,16.0,16.0,2,0,0,269127
2026-09-03T21,46,0,27.5,27.5,27.5,27.5,2,0,0,155030
2026-09-03T21,47,0,444.0,444.0,444.0,444.0,2,0,0,49542
2026-09-03T21,48,0,220.0,220.0,220.0,220.0,2,0,0,6215
2026-09-03T21,49,0,950.0,950.0,950.0,950.0,2,0,0,4950
2026-09-03T21,50,0,340.0,340.0,340.0,340.0,2,0,0,50111
2026-09-03T21,51,0,790.0,790.0,790.0,790.0,2,0,0,38792
2026-09-03T21,52,0,600.0,600.0,600.0,600.0,1,0,0,
2026-09-03T21,53,0,3390.0,3390.0,3390.0,3390.0,1,0,0,
2026-09-03T21,54,0,6400.0,6400.0,6400.0,6400.0,1,0,0,
2026-09-03T21,55,0,2250.0,2250.0,2250.0,2250.0,2,0,0,2474
2026-09-03T21,56,0,4370.0,4370.0,4370.0,4370.0,2,0,0,14414
2026-09-03T21,57,0,5575.0,5575.0,5575.0,5575.0,2,0,0,5159
2026-09-03T21,58,0,126.0,126.0,126.0,126.0,2,0,0,221855
2026-09-03T21,59,0,64.5,64.5,64.5,64.5,2,0,0,757382
2026-09-03T21,60,0,5.8,5.8,5.8,5.8,2,0,0,113778
2026-09-03T21,61,0,18.9,18.9,18.9,18.9,2,0,0,325766
2026-09-03T21,62,0,22.0,22.0,22.0,22.0,2,0,0,109360
2026-09-03T21,63,0,32.5,32.5,32.5,32.5,2,0,0,17216
2026-09-03T21,64,0,47.0,47.0,47.0,47.0,2,0,0,270142
2026-09-03T21,65,0,13.2,13.2,13.2,13.2,1,0,0,
2026-09-03T21,66,0,0.282,0.282,0.282,0.282,1,0,0,
2026-09-03T21,67,0,11.8,11.8,11.8,11.8,1,0,0,
2026-09-03T21,68,0,31.75,31.75,31.75,31.75,1,0,0,
2026-09-03T21,69,0,6325.0,6400.0,6325.0,6400.0,2,0,0,5199
2026-09-03T21,70,0,805.0,805.0,805.0,805.0,2,0,0,16821
2026-09-03T21,71,0,1530.0,1530.0,1520.0,1520.0,2,0,0,5801
2026-09-03T21,72,0,1.64,1.64,1.64,1.64,2,0,0,1053479
2026-09-03T21,73,0,26.0,26.0,26.0,26.0,2,0,0,52569
2026-09-03T21,74,0,19.8,20.0,19.8,20.0,2,0,0,82277
2026-09-03T21,75,0,6.1,6.1,6.1,6.1,2,0,0,1148333
2026-09-03T21,76,0,59.0,59.0,59.0,59.0,2,0,0,107652
2026-09-03T21,77,0,2640.0,2650.0,2640.0,2650.0,2,0,0,1338
2026-09-03T21,78,0,1840.0,1850.0,1840.0,1850.0,2,0,0,2104
2026-09-03T21,79,0,865.0,865.0,865.0,865.0,2,0,0,22087
2026-09-03T21,80,0,4450.0,4450.0,4450.0,4450.0,1,0,0,
2026-09-03T21,81,0,5175.0,5175.0,5175.0,5175.0,1,0,0,
2026-09-03T21,82,0,1500.0,1500.0,1500.0,1500.0,1,0,0,
2026-09-03T21,83,0,29.75,29.75,29.75,29.75,2,0,0,28520
2026-09-03T21,84,0,8975.0,8975.0,8975.0,8975.0,2,0,0,569
2026-09-03T21,85,0,7450.0,7450.0,7450.0,7450.0,2,0,0,101
2026-09-03T21,86,0,10000.0,10000.0,10000.0,10000.0,2,0,0,514
2026-09-03T21,87,0,484.0,484.0,484.0,484.0,2,0,0,2897
2026-09-03T21,88,0,11000.0,11000.0,11000.0,11000.0,2,0,0,881
2026-09-03T21,89,0,4420.0,4420.0,4420.0,4420.0,2,0,0,3323
2026-09-03T21,98,0,855.0,860.0,855.0,860.0,2,0,0,27935
2026-09-03T21,100,0,112.0,113.0,112.0,113.0,2,0,0,451779
2026-09-03T21,101,0,199.0,199.0,197.0,197.0,2,0,0,425237
2026-09-03T21,102,0,2.65,2.65,2.65,2.65,1,0,0,
2026-09-03T21,103,0,6.7,6.7,6.7,6.7,1,0,0,
2026-09-03T21,104,0,0.975,0.975,0.975,0.975,1,0,0,
2026-09-03T21,105,0,1.58,1.58,1.57,1.57,2,0,0,1904413
2026-09-03T21,106,0,4.1,4.1,4.1,4.1,2,0,0,21814
2026-09-03T21,107,0,21.25,21.5,21.25,21.5,2,0,0,709866
2026-09-03T21,108,0,10.1,10.1,10.0,10.0,2,0,0,1228555
2026-09-03T21,109,0,111.0,112.0,111.0,112.0,2,0,0,236183
2026-09-03T21,110,0,202.0,202.0,196.0,196.0,2,0,0,26805
2026-09-03T21,111,0,2600.0,2600.0,2580.0,2580.0,2,0,0,112342
2026-09-03T21,112,0,2200.0,2200.0,2200.0,2200.0,2,0,0,12039
2026-09-03T21,113,0,130.0,130.0,129.0,129.0,2,0,0,45107
2026-09-03T21,114,0,655.0,655.0,650.0,650.0,2,0,0,4079
2026-09-03T21,115,0,126.0,126.0,126.0,126.0,1,0,0,
2026-09-03T21,116,0,39.75,39.75,39.5,39.5,2,0,0,111560
2026-09-03T21,117,0,6.9,6.9,6.9,6.9,1,0,0,
2026-09-03T21,118,0,0.785,0.785,0.785,0.785,1,0,0,
2026-09-03T21,119,0,31.0,31.0,30.75,30.75,2,0,0,10146
2026-09-03T21,120,0,2.5,2.5,2.5,2.5,2,0,0,133866
2026-09-03T21,121,0,140.0,140.0,140.0,140.0,2,0,0,108
2026-09-03T21,122,0,127.0,127.0,126.0,126.0,2,0,0,16654
2026-09-03T21,123,0,292.0,292.0,292.0,292.0,2,0,0,31553
2026-09-03T21,124,0,36.25,36.25,36.0,36.0,2,0,0,71816
2026-09-03T21,125,0,25.25,25.25,25.25,25.25,2,0,0,5189
2026-09-03T21,126,0,56.0,56.0,55.5,55.5,2,0,0,212346
2026-09-03T21,127,0,478.0,478.0,478.0,478.0,2,0,0,16326
2026-09-03T21,128,0,55.0,55.0,55.0,55.0,2,0,0,95944
2026-09-03T21,129,0,2170.0,2170.0,2170.0,2170.0,1,0,0,
2026-09-03T21,130,0,2050.0,2050.0,2050.0,2050.0,1,0,0,
2026-09-03T21,131,0,2400.0,2400.0,2400.0,2400.0,1,0,0,
2026-09-03T21,132,0,2180.0,2180.0,2180.0,2180.0,2,0,0,210
2026-09-03T21,133,0,17.2,17.3,17.2,17.3,2,0,0,29722
2026-09-03T21,134,0,49.5,50.0,49.5,50.0,2,0,0,99897
2026-09-03T21,135,0,17.8,17.8,17.8,17.8,2,0,0,346368
2026-09-03T21,136,0,1.55,1.55,1.52,1.52,2,0,0,71198
2026-09-03T21,137,0,125.0,125.0,124.0,124.0,2,0,0,21820
2026-09-03T21,138,0,1270.0,1270.0,1270.0,1270.0,2,0,0,271
2026-09-03T21,139,0,9.9,10.1,9.9,10.1,2,0,0,630862
2026-09-03T21,140,0,258.0,258.0,258.0,258.0,2,0,0,26044
2026-09-03T21,141,0,36.5,36.5,36.5,36.5,2,0,0,37954
2026-09-03T21,142,0,775.0,775.0,775.0,775.0,1,0,0,
2026-09-03T21,143,0,760.0,760.0,760.0,760.0,1,0,0,
2026-09-03T21,144,0,17.1,17.1,17.1,17.1,1,0,0,
2026-09-03T21,145,0,137.0,137.0,135.0,135.0,2,0,0,673856
2026-09-03T21,146,0,7.0,7.0,6.9,6.9,2,0,0,375019
2026-09-03T21,147,0,39.5,39.5,39.5,39.5,2,0,0,395756
2026-09-03T21,148,0,33.0,33.25,33.0,33.25,2,0,0,68463
2026-09-03T21,149,0,725.0,725.0,725.0,725.0,2,0,0,115
2026-09-03T21,150,0,386.0,386.0,384.0,384.0,2,0,0,459
2026-09-03T21,151,0,232.0,232.0,232.0,232.0,2,0,0,1251
2026-09-03T21,152,0,234.0,234.0,234.0,234.0,2,0,0,227
2026-09-03T21,153,0,69.0,69.0,69.0,69.0,2,0,0,3497
2026-09-03T21,154,0,76.5,76.5,76.5,76.5,2,0,0,3391
2026-09-03T21,155,0,130.0,130.0,130.0,130.0,1,0,0,
2026-09-03T23,1,0,0.257,0.257,0.257,0.257,1,0,0,
2026-09-03T23,2,0,0.37,0.37,0.37,0.37,1,0,0,
2026-09-03T23,3,0,2.35,2.35,2.35,2.35,1,0,0,
2026-09-03T23,4,0,2.4,2.4,2.4,2.4,1,0,0,
2026-09-03T23,5,0,2.75,2.75,2.75,2.75,1,0,0,
2026-09-03T23,6,0,0.63,0.63,0.63,0.63,1,0,0,
2026-09-03T23,7,0,40.0,40.0,40.0,40.0,1,0,0,
2026-09-03T23,8,0,10.9,10.9,10.9,10.9,1,0,0,
2026-09-03T23,9,0,1.15,1.15,1.15,1.15,1,0,0,
2026-09-03T23,10,0,28.5,28.5,28.5,28.5,1,0,0,
2026-09-03T23,11,0,41.5,41.5,41.5,41.5,1,0,0,
2026-09-03T23,12,0,40.0,40.0,40.0,40.0,1,0,0,
2026-09-03T23,13,0,0.367,0.367,0.367,0.367,1,0,0,
2026-09-03T23,14,0,10.8,10.8,10.8,10.8,1,0,0,
2026-09-03T23,15,0,10.1,10.1,10.1,10.1,1,0,0,
2026-09-03T23,16,0,8.7,8.7,8.7,8.7,1,0,0,
2026-09-03T23,17,0,14.5,14.5,14.5,14.5,1,0,0,
2026-09-03T23,18,0,20.25,20.25,20.25,20.25,1,0,0,
2026-09-03T23,19,0,11.2,11.2,11.2,11.2,1,0,0,
2026-09-03T23,20,0,113.0,113.0,113.0,113.0,1,0,0,
2026-09-03T23,21,0,55.0,55.0,55.0,55.0,1,0,0,
2026-09-03T23,22,0,86.5,86.5,86.5,86.5,1,0,0,
2026-09-03T23,23,0,127.0,127.0,127.0,127.0,1,0,0,
2026-09-03T23,24,0,590.0,590.0,590.0,590.0,1,0,0,
2026-09-03T23,25,0,725.0,725.0,725.0,725.0,1,0,0,
2026-09-03T23,26,0,1200.0,1200.0,1200.0,1200.0,1,0,0,
2026-09-03T23,27,0,565.0,565.0,565.0,565.0,1,0,0,
2026-09-03T23,28,0,950.0,950.0,950.0,950.0,1,0,0,
2026-09-03T23,29,0,99.5,99.5,99.5,99.5,1,0,0,
2026-09-03T23,30,0,153.0,153.0,153.0,153.0,1,0,0,
2026-09-03T23,31,0,202.0,202.0,202.0,202.0,1,0,0,
2026-09-03T23,32,0,216.0,216.0,216.0,216.0,1,0,0,
2026-09-03T23,33,0,111.0,111.0,111.0,111.0,1,0,0,
2026-09-03T23,34,0,95.5,95.5,95.5,95.5,1,0,0,
2026-09-03T23,35,0,86.0,86.0,86.0,86.0,1,0,0,
2026-09-03T23,40,0,1.46,1.46,1.46,1.46,1,0,0,
2026-09-03T23,41,0,4.8,4.8,4.8,4.8,1,0,0,
2026-09-03T23,42,0,4.9,4.9,4.9,4.9,1,0,0,
2026-09-03T23,43,0,11.5,11.5,11.5,11.5,1,0,0,
2026-09-03T23,44,0,1.26,1.26,1.26,1.26,1,0,0,
2026-09-03T23,45,0,15.7,15.7,15.7,15.7,1,0,0,
2026-09-03T23,46,0,25.5,25.5,25.5,25.5,1,0,0,
2026-09-03T23,47,0,442.0,442.0,442.0,442.0,1,0,0,
2026-09-03T23,48,0,230.0,230.0,230.0,230.0,1,0,0,
2026-09-03T23,49,0,950.0,950.0,950.0,950.0,1,0,0,
2026-09-03T23,50,0,338.0,338.0,338.0,338.0,1,0,0,
2026-09-03T23,51,0,770.0,770.0,770.0,770.0,1,0,0,
2026-09-03T23,52,0,600.0,600.0,600.0,600.0,1,0,0,
2026-09-03T23,53,0,3390.0,3390.0,3390.0,3390.0,1,0,0,
2026-09-03T23,54,0,6375.0,6375.0,6375.0,6375.0,1,0,0,
2026-09-03T23,55,0,2240.0,2240.0,2240.0,2240.0,1,0,0,
2026-09-03T23,56,0,4350.0,4350.0,4350.0,4350.0,1,0,0,
2026-09-03T23,57,0,5600.0,5600.0,5600.0,5600.0,1,0,0,
2026-09-03T23,58,0,128.0,128.0,128.0,128.0,1,0,0,
2026-09-03T23,59,0,65.0,65.0,65.0,65.0,1,0,0,
2026-09-03T23,60,0,5.9,5.9,5.9,5.9,1,0,0,
2026-09-03T23,61,0,18.7,18.7,18.7,18.7,1,0,0,
2026-09-03T23,62,0,22.25,22.25,22.25,22.25,1,0,0,
2026-09-03T23,63,0,33.25,33.25,33.25,33.25,1,0,0,
2026-09-03T23,64,0,46.5,46.5,46.5,46.5,1,0,0,
2026-09-03T23,65,0,13.2,13.2,13.2,13.2,1,0,0,
2026-09-03T23,66,0,0.283,0.283,0.283,0.283,1,0,0,
2026-09-03T23,67,0,11.8,11.8,11.8,11.8,1,0,0,
2026-09-03T23,68,0,30.25,30.25,30.25,30.25,1,0,0,
2026-09-03T23,69,0,6425.0,6425.0,6425.0,6425.0,1,0,0,
2026-09-03T23,70,0,810.0,810.0,810.0,810.0,1,0,0,
2026-09-03T23,71,0,1520.0,1520.0,1520.0,1520.0,1,0,0,
2026-09-03T23,72,0,1.61,1.61,1.61,1.61,1,0,0,
2026-09-03T23,73,0,26.0,26.0,26.0,26.0,1,0,0,
2026-09-03T23,74,0,19.9,19.9,19.9,19.9,1,0,0,
2026-09-03T23,75,0,6.1,6.1,6.1,6.1,1,0,0,
2026-09-03T23,76,0,58.0,58.0,58.0,58.0,1,0,0,
2026-09-03T23,77,0,2660.0,2660.0,2660.0,2660.0,1,0,0,
2026-09-03T23,78,0,1850.0,1850.0,1850.0,1850.0,1,0,0,
2026-09-03T23,79,0,880.0,880.0,880.0,880.0,1,0,0,
2026-09-03T23,80,0,4450.0,4450.0,4450.0,4450.0,1,0,0,
2026-09-03T23,81,0,5175.0,5175.0,5175.0,5175.0,1,0,0,
2026-09-03T23,82,0,1500.0,1500.0,1500.0,1500.0,1,0,0,
2026-09-03T23,83,0,30.0,30.0,30.0,30.0,1,0,0,
2026-09-03T23,84,0,8975.0,8975.0,8975.0,8975.0,1,0,0,
2026-09-03T23,85,0,7400.0,7400.0,7400.0,7400.0,1,0,0,
2026-09-03T23,86,0,10000.0,10000.0,10000.0,10000.0,1,0,0,
2026-09-03T23,87,0,484.0,484.0,484.0,484.0,1,0,0,
2026-09-03T23,88,0,11000.0,11000.0,11000.0,11000.0,1,0,0,
2026-09-03T23,89,0,4420.0,4420.0,4420.0,4420.0,1,0,0,
2026-09-03T23,98,0,860.0,860.0,860.0,860.0,1,0,0,
2026-09-03T23,100,0,113.0,113.0,113.0,113.0,1,0,0,
2026-09-03T23,101,0,198.0,198.0,198.0,198.0,1,0,0,
2026-09-03T23,102,0,2.5,2.5,2.5,2.5,1,0,0,
2026-09-03T23,103,0,6.6,6.6,6.6,6.6,1,0,0,
2026-09-03T23,104,0,0.945,0.945,0.945,0.945,1,0,0,
2026-09-03T23,105,0,1.56,1.56,1.56,1.56,1,0,0,
2026-09-03T23,106,0,4.25,4.25,4.25,4.25,1,0,0,
2026-09-03T23,107,0,21.25,21.25,21.25,21.25,1,0,0,
2026-09-03T23,108,0,10.1,10.1,10.1,10.1,1,0,0,
2026-09-03T23,109,0,110.0,110.0,110.0,110.0,1,0,0,
2026-09-03T23,110,0,199.0,199.0,199.0,199.0,1,0,0,
2026-09-03T23,111,0,2590.0,2590.0,2590.0,2590.0,1,0,0,
2026-09-03T23,112,0,2210.0,2210.0,2210.0,2210.0,1,0,0,
2026-09-03T23,113,0,129.0,129.0,129.0,129.0,1,0,0,
2026-09-03T23,114,0,660.0,660.0,660.0,660.0,1,0,0,
2026-09-03T23,115,0,123.0,123.0,123.0,123.0,1,0,0,
2026-09-03T23,116,0,39.5,39.5,39.5,39.5,1,0,0,
2026-09-03T23,117,0,6.9,6.9,6.9,6.9,1,0,0,
2026-09-03T23,118,0,0.745,0.745,0.745,0.745,1,0,0,
2026-09-03T23,119,0,31.0,31.0,31.0,31.0,1,0,0,
2026-09-03T23,120,0,2.3,2.3,2.3,2.3,1,0,0,
2026-09-03T23,121,0,146.0,146.0,146.0,146.0,1,0,0,
2026-09-03T23,122,0,125.0,125.0,125.0,125.0,1,0,0,
2026-09-03T23,123,0,292.0,292.0,292.0,292.0,1,0,0,
2026-09-03T23,124,0,36.5,36.5,36.5,36.5,1,0,0,
2026-09-03T23,125,0,25.25,25.25,25.25,25.25,1,0,0,
2026-09-03T23,126,0,53.5,53.5,53.5,53.5,1,0,0,
2026-09-03T23,127,0,478.0,478.0,478.0,478.0,1,0,0,
2026-09-03T23,128,0,54.5,54.5,54.5,54.5,1,0,0,
2026-09-03T23,129,0,2160.0,2160.0,2160.0,2160.0,1,0,0,
2026-09-03T23,130,0,2060.0,2060.0,2060.0,2060.0,1,0,0,
2026-09-03T23,131,0,2400.0,2400.0,2400.0,2400.0,1,0,0,
2026-09-03T23,132,0,2190.0,2190.0,2190.0,2190.0,1,0,0,
2026-09-03T23,133,0,17.8,17.8,17.8,17.8,1,0,0,
2026-09-03T23,134,0,48.5,48.5,48.5,48.5,1,0,0,
2026-09-03T23,135,0,17.8,17.8,17.8,17.8,1,0,0,
2026-09-03T23,136,0,1.41,1.41,1.41,1.41,1,0,0,
2026-09-03T23,137,0,122.0,122.0,122.0,122.0,1,0,0,
2026-09-03T23,138,0,1300.0,1300.0,1300.0,1300.0,1,0,0,
2026-09-03T23,139,0,10.0,10.0,10.0,10.0,1,0,0,
2026-09-03T23,140,0,262.0,262.0,262.0,262.0,1,0,0,
2026-09-03T23,141,0,36.5,36.5,36.5,36.5,1,0,0,
2026-09-03T23,142,0,760.0,760.0,760.0,760.0,1,0,0,
2026-09-03T23,143,0,740.0,740.0,740.0,740.0,1,0,0,
2026-09-03T23,144,0,17.7,17.7,17.7,17.7,1,0,0,
2026-09-03T23,145,0,132.0,132.0,132.0,132.0,1,0,0,
2026-09-03T23,146,0,6.8,6.8,6.8,6.8,1,0,0,
2026-09-03T23,147,0,39.75,39.75,39.75,39.75,1,0,0,
2026-09-03T23,148,0,33.25,33.25,33.25,33.25,1,0,0,
2026-09-03T23,149,0,725.0,725.0,725.0,725.0,1,0,0,
2026-09-03T23,150,0,350.0,350.0,350.0,350.0,1,0,0,
2026-09-03T23,151,0,232.0,232.0,232.0,232.0,1,0,0,
2026-09-03T23,152,0,234.0,234.0,234.0,234.0,1,0,0,
2026-09-03T23,153,0,69.0,69.0,69.0,69.0,1,0,0,
2026-09-03T23,154,0,76.5,76.5,76.5,76.5,1,0,0,
2026-09-03T23,155,0,130.0,130.0,130.0,130.0,1,0,0,
2026-09-04T00,1,0,0.258,0.258,0.258,0.258,1,0,0,646844871
2026-09-04T00,2,0,0.37,0.37,0.37,0.37,1,0,0,18020297
2026-09-04T00,3,0,2.45,2.45,2.45,2.45,1,0,0,1369837
2026-09-04T00,4,0,2.5,2.5,2.5,2.5,1,0,0,352000
2026-09-04T00,5,0,2.95,2.95,2.95,2.95,1,0,0,640984
2026-09-04T00,6,0,0.63,0.63,0.63,0.63,1,0,0,398694
2026-09-04T00,7,0,40.0,40.0,40.0,40.0,1,0,0,180872
2026-09-04T00,8,0,11.0,11.0,11.0,11.0,1,0,0,806314
2026-09-04T00,9,0,1.16,1.16,1.16,1.16,1,0,0,41732
2026-09-04T00,10,0,29.5,29.5,29.5,29.5,1,0,0,1975983
2026-09-04T00,11,0,38.0,38.0,38.0,38.0,1,0,0,400
2026-09-04T00,12,0,40.5,40.5,40.5,40.5,1,0,0,1089401
2026-09-04T00,13,0,0.363,0.363,0.363,0.363,1,0,0,88665663
2026-09-04T00,14,0,11.1,11.1,11.1,11.1,1,0,0,959988
2026-09-04T00,15,0,10.3,10.3,10.3,10.3,1,0,0,1327824
2026-09-04T00,16,0,8.9,8.9,8.9,8.9,1,0,0,1776040
2026-09-04T00,17,0,14.7,14.7,14.7,14.7,1,0,0,3826108
2026-09-04T00,18,0,19.9,19.9,19.9,19.9,1,0,0,72033
2026-09-04T00,22,0,88.5,88.5,88.5,88.5,1,0,0,259074
2026-09-04T00,23,0,129.0,129.0,129.0,129.0,1,0,0,48469
2026-09-04T00,24,0,615.0,615.0,615.0,615.0,1,0,0,18741
2026-09-04T00,25,0,725.0,725.0,725.0,725.0,1,0,0,3372
2026-09-04T00,26,0,1200.0,1200.0,1200.0,1200.0,1,0,0,6615
2026-09-04T00,27,0,565.0,565.0,565.0,565.0,1,0,0,3770
2026-09-04T00,28,0,950.0,950.0,950.0,950.0,1,0,0,2792
2026-09-04T00,29,0,100.0,100.0,100.0,100.0,1,0,0,300355
2026-09-04T00,30,0,155.0,155.0,155.0,155.0,1,0,0,165594
2026-09-04T00,31,0,204.0,204.0,204.0,204.0,1,0,0,382885
2026-09-04T00,35,0,85.5,85.5,85.5,85.5,1,0,0,61282
2026-09-04T00,40,0,1.5,1.5,1.5,1.5,1,0,0,43491
2026-09-04T00,41,0,4.8,4.8,4.8,4.8,1,0,0,2240298
2026-09-04T00,42,0,5.3,5.3,5.3,5.3,1,0,0,2614826
2026-09-04T00,43,0,11.5,11.5,11.5,11.5,1,0,0,935151
2026-09-04T00,44,0,1.24,1.24,1.24,1.24,1,0,0,4541647
2026-09-04T00,45,0,15.8,15.8,15.8,15.8,1,0,0,585880
2026-09-04T00,46,0,25.5,25.5,25.5,25.5,1,0,0,11685
2026-09-04T00,47,0,442.0,442.0,442.0,442.0,1,0,0,48458
2026-09-04T00,48,0,230.0,230.0,230.0,230.0,1,0,0,65912
2026-09-04T00,52,0,605.0,605.0,605.0,605.0,1,0,0,34518
2026-09-04T00,53,0,3390.0,3390.0,3390.0,3390.0,1,0,0,4430
2026-09-04T00,54,0,6375.0,6375.0,6375.0,6375.0,1,0,0,1555
2026-09-04T00,55,0,2240.0,2240.0,2240.0,2240.0,1,0,0,3131
2026-09-04T00,56,0,4350.0,4350.0,4350.0,4350.0,1,0,0,14126
2026-09-04T00,57,0,5600.0,5600.0,5600.0,5600.0,1,0,0,5240
2026-09-04T00,58,0,128.0,128.0,128.0,128.0,1,0,0,237947
2026-09-04T00,59,0,64.5,64.5,64.5,64.5,1,0,0,767337
2026-09-04T00,60,0,6.0,6.0,6.0,6.0,1,0,0,169527
2026-09-04T00,61,0,18.7,18.7,18.7,18.7,1,0,0,42798
2026-09-04T00,65,0,13.2,13.2,13.2,13.2,1,0,0,319529
2026-09-04T00,66,0,0.285,0.285,0.285,0.285,1,0,0,43945275
2026-09-04T00,67,0,11.8,11.8,11.8,11.8,1,0,0,122412
2026-09-04T00,68,0,30.5,30.5,30.5,30.5,1,0,0,9909
2026-09-04T00,69,0,6475.0,6475.0,6475.0,6475.0,1,0,0,9551
2026-09-04T00,70,0,810.0,810.0,810.0,810.0,1,0,0,15207
2026-09-04T00,71,0,1530.0,1530.0,1530.0,1530.0,1,0,0,6776
2026-09-04T00,72,0,1.67,1.67,1.67,1.67,1,0,0,1549748
2026-09-04T00,73,0,26.25,26.25,26.25,26.25,1,0,0,83737
2026-09-04T00,74,0,19.6,19.6,19.6,19.6,1,0,0,30153
2026-09-04T00,78,0,1850.0,1850.0,1850.0,1850.0,1,0,0,2088
2026-09-04T00,79,0,880.0,880.0,880.0,880.0,1,0,0,55211
2026-09-04T00,80,0,4450.0,4450.0,4450.0,4450.0,1,0,0,351
2026-09-04T00,81,0,5175.0,5175.0,5175.0,5175.0,1,0,0,2207
2026-09-04T00,82,0,1500.0,1500.0,1500.0,1500.0,1,0,0,6798
2026-09-04T00,83,0,30.0,30.0,30.0,30.0,1,0,0,36209
2026-09-04T00,84,0,8950.0,8950.0,8950.0,8950.0,1,0,0,592
2026-09-04T00,85,0,7400.0,7400.0,7400.0,7400.0,1,0,0,94
2026-09-04T00,86,0,10000.0,10000.0,10000.0,10000.0,1,0,0,504
2026-09-04T00,87,0,484.0,484.0,484.0,484.0,1,0,0,2887
2026-09-04T00,100,0,114.0,114.0,114.0,114.0,1,0,0,470040
2026-09-04T00,101,0,198.0,198.0,198.0,198.0,1,0,0,376946
2026-09-04T00,102,0,2.6,2.6,2.6,2.6,1,0,0,1693162
2026-09-04T00,103,0,6.5,6.5,6.5,6.5,1,0,0,8343
2026-09-04T00,104,0,0.95,0.95,0.95,0.95,1,0,0,402109
2026-09-04T00,105,0,1.58,1.58,1.58,1.58,1,0,0,1835667
2026-09-04T00,106,0,4.35,4.35,4.35,4.35,1,0,0,88808
2026-09-04T00,107,0,21.5,21.5,21.5,21.5,1,0,0,707230
2026-09-04T00,108,0,10.2,10.2,10.2,10.2,1,0,0,1428517
2026-09-04T00,109,0,111.0,111.0,111.0,111.0,1,0,0,227091
2026-09-04T00,113,0,129.0,129.0,129.0,129.0,1,0,0,45940
2026-09-04T00,114,0,650.0,650.0,650.0,650.0,1,0,0,4235
2026-09-04T00,115,0,125.0,125.0,125.0,125.0,1,0,0,39000
2026-09-04T00,116,0,40.0,40.0,40.0,40.0,1,0,0,127785
2026-09-04T00,117,0,7.1,7.1,7.1,7.1,1,0,0,383672
2026-09-04T00,118,0,0.74,0.74,0.74,0.74,1,0,0,1334
2026-09-04T00,119,0,31.0,31.0,31.0,31.0,1,0,0,12785
2026-09-04T00,120,0,2.35,2.35,2.35,2.35,1,0,0,10378
2026-09-04T00,121,0,146.0,146.0,146.0,146.0,1,0,0,3801
2026-09-04T00,122,0,128.0,128.0,128.0,128.0,1,0,0,32516
2026-09-04T00,126,0,54.0,54.0,54.0,54.0,1,0,0,10051
2026-09-04T00,127,0,478.0,478.0,478.0,478.0,1,0,0,11551
2026-09-04T00,128,0,54.5,54.5,54.5,54.5,1,0,0,96010
2026-09-04T00,129,0,2160.0,2160.0,2160.0,2160.0,1,0,0,539
2026-09-04T00,130,0,2060.0,2060.0,2060.0,2060.0,1,0,0,1536
2026-09-04T00,131,0,2400.0,2400.0,2400.0,2400.0,1,0,0,2005
2026-09-04T00,132,0,2190.0,2190.0,2190.0,2190.0,1,0,0,262
2026-09-04T00,133,0,18.4,18.4,18.4,18.4,1,0,0,457062
2026-09-04T00,134,0,48.5,48.5,48.5,48.5,1,0,0,24380
2026-09-04T00,135,0,17.7,17.7,17.7,17.7,1,0,0,285436
2026-09-04T00,139,0,9.9,9.9,9.9,9.9,1,0,0,598250
2026-09-04T00,140,0,258.0,258.0,258.0,258.0,1,0,0,24724
2026-09-04T00,141,0,36.5,36.5,36.5,36.5,1,0,0,37897
2026-09-04T00,142,0,760.0,760.0,760.0,760.0,1,0,0,1476
2026-09-04T00,143,0,740.0,740.0,740.0,740.0,1,0,0,932
2026-09-04T00,144,0,17.7,17.7,17.7,17.7,1,0,0,160932
2026-09-04T00,145,0,131.0,131.0,131.0,131.0,1,0,0,204365
2026-09-04T00,146,0,7.0,7.0,7.0,7.0,1,0,0,590750
2026-09-04T00,147,0,39.75,39.75,39.75,39.75,1,0,0,394421
2026-09-04T00,148,0,33.25,33.25,33.25,33.25,1,0,0,68463
2026-09-04T00,152,0,234.0,234.0,234.0,234.0,1,0,0,227
2026-09-04T00,153,0,69.0,69.0,69.0,69.0,1,0,0,3017
2026-09-04T00,154,0,76.5,76.5,76.5,76.5,1,0,0,2845
2026-09-04T00,155,0,130.0,130.0,130.0,130.0,1,0,0,7287
2026-09-04T01,1,0,0.255,0.255,0.255,0.255,1,0,0,
2026-09-04T01,2,0,0.375,0.375,0.375,0.375,1,0,0,
2026-09-04T01,3,0,2.45,2.45,2.45,2.45,1,0,0,
2026-09-04T01,4,0,2.45,2.45,2.45,2.45,1,0,0,
2026-09-04T01,5,0,2.9,2.9,2.9,2.9,1,0,0,
2026-09-04T01,6,0,0.635,0.635,0.635,0.635,1,0,0,
2026-09-04T01,7,0,39.5,39.5,39.5,39.5,1,0,0,
2026-09-04T01,8,0,10.8,10.8,10.8,10.8,1,0,0,
2026-09-04T01,9,0,1.18,1.18,1.18,1.18,1,0,0,
2026-09-04T01,10,0,29.0,29.0,29.0,29.0,1,0,0,
2026-09-04T01,11,0,41.0,41.0,41.0,41.0,1,0,0,
2026-09-04T01,12,0,41.0,41.0,41.0,41.0,1,0,0,
2026-09-04T01,13,0,0.363,0.363,0.363,0.363,1,0,0,
2026-09-04T01,14,0,10.9,10.9,10.9,10.9,1,0,0,
2026-09-04T01,15,0,9.5,9.5,9.5,9.5,1,0,0,
2026-09-04T01,16,0,8.8,8.8,8.8,8.8,1,0,0,
2026-09-04T01,17,0,14.5,14.5,14.5,14.5,1,0,0,
2026-09-04T01,18,0,21.25,21.25,21.25,21.25,1,0,0,
2026-09-04T01,19,0,11.0,11.0,11.0,11.0,1,0,0,
2026-09-04T01,20,0,115.0,115.0,115.0,115.0,1,0,0,
2026-09-04T01,21,0,59.0,59.0,59.0,59.0,1,0,0,
2026-09-04T01,22,0,89.0,89.0,89.0,89.0,1,0,0,
2026-09-04T01,23,0,127.0,127.0,127.0,127.0,1,0,0,
2026-09-04T01,24,0,615.0,615.0,615.0,615.0,1,0,0,
2026-09-04T01,25,0,765.0,765.0,765.0,765.0,1,0,0,
2026-09-04T01,26,0,1200.0,1200.0,1200.0,1200.0,1,0,0,
2026-09-04T01,27,0,565.0,565.0,565.0,565.0,1,0,0,
2026-09-04T01,28,0,950.0,950.0,950.0,950.0,1,0,0,
2026-09-04T01,29,0,100.0,100.0,100.0,100.0,1,0,0,
2026-09-04T01,30,0,156.0,156.0,156.0,156.0,1,0,0,
2026-09-04T01,31,0,200.0,200.0,200.0,200.0,1,0,0,
2026-09-04T01,32,0,210.0,210.0,210.0,210.0,1,0,0,
2026-09-04T01,33,0,108.0,108.0,108.0,108.0,1,0,0,
2026-09-04T01,34,0,96.5,96.5,96.5,96.5,1,0,0,
2026-09-04T01,35,0,86.5,86.5,86.5,86.5,1,0,0,
2026-09-04T01,40,0,1.5,1.5,1.5,1.5,1,0,0,
2026-09-04T01,41,0,4.6,4.6,4.6,4.6,1,0,0,
2026-09-04T01,42,0,5.3,5.3,5.3,5.3,1,0,0,
2026-09-04T01,43,0,11.6,11.6,11.6,11.6,1,0,0,
2026-09-04T01,44,0,1.22,1.22,1.22,1.22,1,0,0,
2026-09-04T01,45,0,13.0,13.0,13.0,13.0,1,0,0,
2026-09-04T01,46,0,27.0,27.0,27.0,27.0,1,0,0,
2026-09-04T01,47,0,442.0,442.0,442.0,442.0,1,0,0,
2026-09-04T01,48,0,230.0,230.0,230.0,230.0,1,0,0,
2026-09-04T01,49,0,950.0,950.0,950.0,950.0,1,0,0,
2026-09-04T01,50,0,338.0,338.0,338.0,338.0,1,0,0,
2026-09-04T01,51,0,785.0,785.0,785.0,785.0,1,0,0,
2026-09-04T01,52,0,605.0,605.0,605.0,605.0,1,0,0,
2026-09-04T01,53,0,3390.0,3390.0,3390.0,3390.0,1,0,0,
2026-09-04T01,54,0,6375.0,6375.0,6375.0,6375.0,1,0,0,
2026-09-04T01,55,0,2240.0,2240.0,2240.0,2240.0,1,0,0,
2026-09-04T01,56,0,4350.0,4350.0,4350.0,4350.0,1,0,0,
2026-09-04T01,57,0,5500.0,5500.0,5500.0,5500.0,1,0,0,
2026-09-04T01,58,0,126.0,126.0,126.0,126.0,1,0,0,
2026-09-04T01,59,0,63.0,63.0,63.0,63.0,1,0,0,
2026-09-04T01,60,0,6.4,6.4,6.4,6.4,1,0,0,
2026-09-04T01,61,0,18.8,18.8,18.8,18.8,1,0,0,
2026-09-04T01,62,0,22.25,22.25,22.25,22.25,1,0,0,
2026-09-04T01,63,0,33.75,33.75,33.75,33.75,1,0,0,
2026-09-04T01,64,0,47.25,47.25,47.25,47.25,1,0,0,
2026-09-04T01,65,0,13.2,13.2,13.2,13.2,1,0,0,
2026-09-04T01,66,0,0.272,0.272,0.272,0.272,1,0,0,
2026-09-04T01,67,0,11.8,11.8,11.8,11.8,1,0,0,
2026-09-04T01,68,0,32.75,32.75,32.75,32.75,1,0,0,
2026-09-04T01,69,0,6500.0,6500.0,6500.0,6500.0,1,0,0,
2026-09-04T01,70,0,795.0,795.0,795.0,795.0,1,0,0,
2026-09-04T01,71,0,1530.0,1530.0,1530.0,1530.0,1,0,0,
2026-09-04T01,72,0,1.69,1.69,1.69,1.69,1,0,0,
2026-09-04T01,73,0,26.25,26.25,26.25,26.25,1,0,0,
2026-09-04T01,74,0,19.7,19.7,19.7,19.7,1,0,0,
2026-09-04T01,75,0,6.1,6.1,6.1,6.1,1,0,0,
2026-09-04T01,76,0,59.0,59.0,59.0,59.0,1,0,0,
2026-09-04T01,77,0,2650.0,2650.0,2650.0,2650.0,1,0,0,
2026-09-04T01,78,0,1850.0,1850.0,1850.0,1850.0,1,0,0,
2026-09-04T01,79,0,855.0,855.0,855.0,855.0,1,0,0,
2026-09-04T01,80,0,4450.0,4450.0,4450.0,4450.0,1,0,0,
2026-09-04T01,81,0,5175.0,5175.0,5175.0,5175.0,1,0,0,
2026-09-04T01,82,0,1500.0,1500.0,1500.0,1500.0,1,0,0,
2026-09-04T01,83,0,29.5,29.5,29.5,29.5,1,0,0,
2026-09-04T01,84,0,8975.0,8975.0,8975.0,8975.0,1,0,0,
2026-09-04T01,85,0,7400.0,7400.0,7400.0,7400.0,1,0,0,
2026-09-04T01,86,0,10000.0,10000.0,10000.0,10000.0,1,0,0,
2026-09-04T01,87,0,484.0,484.0,484.0,484.0,1,0,0,
2026-09-04T01,88,0,11000.0,11000.0,11000.0,11000.0,1,0,0,
2026-09-04T01,89,0,4410.0,4410.0,4410.0,4410.0,1,0,0,
2026-09-04T01,98,0,855.0,855.0,855.0,855.0,1,0,0,
2026-09-04T01,100,0,113.0,113.0,113.0,113.0,1,0,0,
2026-09-04T01,101,0,199.0,199.0,199.0,199.0,1,0,0,
2026-09-04T01,102,0,2.65,2.65,2.65,2.65,1,0,0,
2026-09-04T01,103,0,6.7,6.7,6.7,6.7,1,0,0,
2026-09-04T01,104,0,0.955,0.955,0.955,0.955,1,0,0,
2026-09-04T01,105,0,1.57,1.57,1.57,1.57,1,0,0,
2026-09-04T01,106,0,4.45,4.45,4.45,4.45,1,0,0,
2026-09-04T01,107,0,21.25,21.25,21.25,21.25,1,0,0,
2026-09-04T01,108,0,10.0,10.0,10.0,10.0,1,0,0,
2026-09-04T01,109,0,109.0,109.0,109.0,109.0,1,0,0,
2026-09-04T01,110,0,198.0,198.0,198.0,198.0,1,0,0,
2026-09-04T01,111,0,2590.0,2590.0,2590.0,2590.0,1,0,0,
2026-09-04T01,112,0,2220.0,2220.0,2220.0,2220.0,1,0,0,
2026-09-04T01,113,0,131.0,131.0,131.0,131.0,1,0,0,
2026-09-04T01,114,0,640.0,640.0,640.0,640.0,1,0,0,
2026-09-04T01,115,0,125.0,125.0,125.0,125.0,1,0,0,
2026-09-04T01,116,0,40.0,40.0,40.0,40.0,1,0,0,
2026-09-04T01,117,0,7.0,7.0,7.0,7.0,1,0,0,
2026-09-04T01,118,0,0.84,0.84,0.84,0.84,1,0,0,
2026-09-04T01,119,0,32.25,32.25,32.25,32.25,1,0,0,
2026-09-04T01,120,0,2.45,2.45,2.45,2.45,1,0,0,
2026-09-04T01,121,0,146.0,146.0,146.0,146.0,1,0,0,
2026-09-04T01,122,0,127.0,127.0,127.0,127.0,1,0,0,
2026-09-04T01,123,0,298.0,298.0,298.0,298.0,1,0,0,
2026-09-04T01,124,0,36.25,36.25,36.25,36.25,1,0,0,
2026-09-04T01,125,0,25.25,25.25,25.25,25.25,1,0,0,
2026-09-04T01,126,0,55.5,55.5,55.5,55.5,1,0,0,
2026-09-04T01,127,0,478.0,478.0,478.0,478.0,1,0,0,
2026-09-04T01,128,0,54.5,54.5,54.5,54.5,1,0,0,
2026-09-04T01,129,0,2140.0,2140.0,2140.0,2140.0,1,0,0,
2026-09-04T01,130,0,2060.0,2060.0,2060.0,2060.0,1,0,0,
2026-09-04T01,131,0,2400.0,2400.0,2400.0,2400.0,1,0,0,
2026-09-04T01,132,0,2200.0,2200.0,2200.0,2200.0,1,0,0,
2026-09-04T01,133,0,18.0,18.0,18.0,18.0,1,0,0,
2026-09-04T01,134,0,48.5,48.5,48.5,48.5,1,0,0,
2026-09-04T01,135,0,17.8,17.8,17.8,17.8,1,0,0,
2026-09-04T01,136,0,1.37,1.37,1.37,1.37,1,0,0,
2026-09-04T01,137,0,126.0,126.0,126.0,126.0,1,0,0,
2026-09-04T01,138,0,1220.0,1220.0,1220.0,1220.0,1,0,0,
2026-09-04T01,139,0,10.0,10.0,10.0,10.0,1,0,0,
2026-09-04T01,140,0,260.0,260.0,260.0,260.0,1,0,0,
2026-09-04T01,141,0,36.0,36.0,36.0,36.0,1,0,0,
2026-09-04T01,142,0,780.0,780.0,780.0,780.0,1,0,0,
2026-09-04T01,143,0,730.0,730.0,730.0,730.0,1,0,0,
2026-09-04T01,144,0,17.7,17.7,17.7,17.7,1,0,0,
2026-09-04T01,145,0,135.0,135.0,135.0,135.0,1,0,0,
2026-09-04T01,146,0,6.9,6.9,6.9,6.9,1,0,0,
2026-09-04T01,147,0,39.75,39.75,39.75,39.75,1,0,0,
2026-09-04T01,148,0,33.25,33.25,33.25,33.25,1,0,0,
2026-09-04T01,149,0,730.0,730.0,730.0,730.0,1,0,0,
2026-09-04T01,150,0,382.0,382.0,382.0,382.0,1,0,0,
2026-09-04T01,151,0,232.0,232.0,232.0,232.0,1,0,0,
2026-09-04T01,152,0,234.0,234.0,234.0,234.0,1,0,0,
2026-09-04T01,153,0,69.0,69.0,69.0,69.0,1,0,0,
2026-09-04T01,154,0,72.0,72.0,72.0,72.0,1,0,0,
2026-09-04T01,155,0,130.0,130.0,130.0,130.0,1,0,0,
2026-09-04T04,1,0,0.26,0.26,0.26,0.26,1,0,0,634947283
2026-09-04T04,2,0,0.369,0.369,0.369,0.369,1,0,0,29316388
2026-09-04T04,3,0,2.4,2.4,2.4,2.4,1,0,0,991318
2026-09-04T04,4,0,2.6,2.6,2.6,2.6,1,0,0,1292455
2026-09-04T04,5,0,2.9,2.9,2.9,2.9,1,0,0,54068
2026-09-04T04,6,0,0.685,0.685,0.685,0.685,1,0,0,5839139
2026-09-04T04,7,0,39.5,39.5,39.5,39.5,1,0,0,102868
2026-09-04T04,8,0,10.9,10.9,10.9,10.9,1,0,0,413705
2026-09-04T04,9,0,1.18,1.18,1.18,1.18,1,0,0,71790
2026-09-04T04,10,0,28.5,28.5,28.5,28.5,1,0,0,543186
2026-09-04T04,11,0,41.0,41.0,41.0,41.0,1,0,0,802398
2026-09-04T04,12,0,41.25,41.25,41.25,41.25,1,0,0,1297565
2026-09-04T04,13,0,0.363,0.363,0.363,0.363,1,0,0,105295877
2026-09-04T04,14,0,10.9,10.9,10.9,10.9,1,0,0,1036350
2026-09-04T04,15,0,9.7,9.7,9.7,9.7,1,0,0,36887
2026-09-04T04,16,0,8.4,8.4,8.4,8.4,1,0,0,134310
2026-09-04T04,17,0,14.1,14.1,14.1,14.1,1,0,0,940003
2026-09-04T04,18,0,20.5,20.5,20.5,20.5,1,0,0,340341
2026-09-04T04,19,0,10.9,10.9,10.9,10.9,1,0,0,224231
2026-09-04T04,24,0,625.0,625.0,625.0,625.0,1,0,0,25225
2026-09-04T04,25,0,760.0,760.0,760.0,760.0,1,0,0,28793
2026-09-04T04,26,0,1170.0,1170.0,1170.0,1170.0,1,0,0,1818
2026-09-04T04,27,0,560.0,560.0,560.0,560.0,1,0,0,5892
2026-09-04T04,28,0,945.0,945.0,945.0,945.0,1,0,0,2680
2026-09-04T04,29,0,99.0,99.0,99.0,99.0,1,0,0,142804
2026-09-04T04,30,0,157.0,157.0,157.0,157.0,1,0,0,282948
2026-09-04T04,31,0,200.0,200.0,200.0,200.0,1,0,0,430912
2026-09-04T04,32,0,212.0,212.0,212.0,212.0,1,0,0,129164
2026-09-04T04,33,0,109.0,109.0,109.0,109.0,1,0,0,55724
2026-09-04T04,41,0,4.35,4.35,4.35,4.35,1,0,0,36252
2026-09-04T04,42,0,4.9,4.9,4.9,4.9,1,0,0,297115
2026-09-04T04,43,0,11.2,11.2,11.2,11.2,1,0,0,510612
2026-09-04T04,44,0,1.28,1.28,1.28,1.28,1,0,0,12660230
2026-09-04T04,45,0,15.8,15.8,15.8,15.8,1,0,0,664017
2026-09-04T04,46,0,27.0,27.0,27.0,27.0,1,0,0,8820
2026-09-04T04,47,0,436.0,436.0,436.0,436.0,1,0,0,15111
2026-09-04T04,48,0,222.0,222.0,222.0,222.0,1,0,0,58960
2026-09-04T04,49,0,945.0,945.0,945.0,945.0,1,0,0,5078
2026-09-04T04,50,0,340.0,340.0,340.0,340.0,1,0,0,62460
2026-09-04T04,55,0,2240.0,2240.0,2240.0,2240.0,1,0,0,3049
2026-09-04T04,56,0,4350.0,4350.0,4350.0,4350.0,1,0,0,15125
2026-09-04T04,57,0,5575.0,5575.0,5575.0,5575.0,1,0,0,4757
2026-09-04T04,58,0,130.0,130.0,130.0,130.0,1,0,0,115877
2026-09-04T04,59,0,63.5,63.5,63.5,63.5,1,0,0,495367
2026-09-04T04,60,0,6.0,6.0,6.0,6.0,1,0,0,50460
2026-09-04T04,61,0,19.0,19.0,19.0,19.0,1,0,0,2047642
2026-09-04T04,62,0,22.0,22.0,22.0,22.0,1,0,0,86632
2026-09-04T04,63,0,34.25,34.25,34.25,34.25,1,0,0,388535
2026-09-04T04,64,0,47.25,47.25,47.25,47.25,1,0,0,86584
2026-09-04T04,65,0,13.2,13.2,13.2,13.2,1,0,0,338937
2026-09-04T04,66,0,0.275,0.275,0.275,0.275,1,0,0,5006705
2026-09-04T04,70,0,810.0,810.0,810.0,810.0,1,0,0,16123
2026-09-04T04,71,0,1560.0,1560.0,1560.0,1560.0,1,0,0,23192
2026-09-04T04,72,0,1.55,1.55,1.55,1.55,1,0,0,351459
2026-09-04T04,73,0,26.5,26.5,26.5,26.5,1,0,0,103040
2026-09-04T04,74,0,20.25,20.25,20.25,20.25,1,0,0,90324
2026-09-04T04,75,0,6.2,6.2,6.2,6.2,1,0,0,1678664
2026-09-04T04,76,0,57.0,57.0,57.0,57.0,1,0,0,26688
2026-09-04T04,77,0,2680.0,2680.0,2680.0,2680.0,1,0,0,3298
2026-09-04T04,78,0,1860.0,1860.0,1860.0,1860.0,1,0,0,2494
2026-09-04T04,79,0,835.0,835.0,835.0,835.0,1,0,0,4527
2026-09-04T04,80,0,4450.0,4450.0,4450.0,4450.0,1,0,0,263
2026-09-04T04,81,0,5175.0,5175.0,5175.0,5175.0,1,0,0,2205
2026-09-04T04,82,0,1510.0,1510.0,1510.0,1510.0,1,0,0,5039
2026-09-04T04,83,0,30.0,30.0,30.0,30.0,1,0,0,38091
2026-09-04T04,84,0,8975.0,8975.0,8975.0,8975.0,1,0,0,625
2026-09-04T04,85,0,7375.0,7375.0,7375.0,7375.0,1,0,0,99
2026-09-04T04,86,0,10000.0,10000.0,10000.0,10000.0,1,0,0,419
2026-09-04T04,87,0,484.0,484.0,484.0,484.0,1,0,0,2887
2026-09-04T04,88,0,10900.0,10900.0,10900.0,10900.0,1,0,0,255
2026-09-04T04,89,0,4400.0,4400.0,4400.0,4400.0,1,0,0,3384
2026-09-04T04,102,0,2.5,2.5,2.5,2.5,1,0,0,295802
2026-09-04T04,103,0,6.4,6.4,6.4,6.4,1,0,0,188357
2026-09-04T04,104,0,0.95,0.95,0.95,0.95,1,0,0,316306
2026-09-04T04,105,0,1.54,1.54,1.54,1.54,1,0,0,2287097
2026-09-04T04,106,0,4.05,4.05,4.05,4.05,1,0,0,20023
2026-09-04T04,107,0,20.25,20.25,20.25,20.25,1,0,0,78571
2026-09-04T04,108,0,10.0,10.0,10.0,10.0,1,0,0,1328304
2026-09-04T04,109,0,108.0,108.0,108.0,108.0,1,0,0,170621
2026-09-04T04,110,0,193.0,193.0,193.0,193.0,1,0,0,78579
2026-09-04T04,111,0,2590.0,2590.0,2590.0,2590.0,1,0,0,127561
2026-09-04T04,112,0,2190.0,2190.0,2190.0,2190.0,1,0,0,11719
2026-09-04T04,113,0,119.0,119.0,119.0,119.0,1,0,0,19552
2026-09-04T04,117,0,7.0,7.0,7.0,7.0,1,0,0,374437
2026-09-04T04,118,0,0.815,0.815,0.815,0.815,1,0,0,464135
2026-09-04T04,119,0,31.5,31.5,31.5,31.5,1,0,0,20742
2026-09-04T04,120,0,2.4,2.4,2.4,2.4,1,0,0,53255
2026-09-04T04,121,0,146.0,146.0,146.0,146.0,1,0,0,4338
2026-09-04T04,122,0,125.0,125.0,125.0,125.0,1,0,0,14705
2026-09-04T04,123,0,300.0,300.0,300.0,300.0,1,0,0,16287
2026-09-04T04,124,0,36.0,36.0,36.0,36.0,1,0,0,84996
2026-09-04T04,125,0,26.0,26.0,26.0,26.0,1,0,0,22237
2026-09-04T04,126,0,57.0,57.0,57.0,57.0,1,0,0,101983
2026-09-04T04,127,0,476.0,476.0,476.0,476.0,1,0,0,10767
2026-09-04T04,128,0,53.5,53.5,53.5,53.5,1,0,0,96281
2026-09-04T04,129,0,2050.0,2050.0,2050.0,2050.0,1,0,0,76
2026-09-04T04,130,0,2050.0,2050.0,2050.0,2050.0,1,0,0,1493
2026-09-04T04,131,0,2400.0,2400.0,2400.0,2400.0,1,0,0,1985
2026-09-04T04,132,0,2230.0,2230.0,2230.0,2230.0,1,0,0,272
2026-09-04T04,136,0,1.25,1.25,1.25,1.25,1,0,0,64
2026-09-04T04,137,0,126.0,126.0,126.0,126.0,1,0,0,27452
2026-09-04T04,138,0,1200.0,1200.0,1200.0,1200.0,1,0,0,15
2026-09-04T04,139,0,10.0,10.0,10.0,10.0,1,0,0,689938
2026-09-04T04,140,0,260.0,260.0,260.0,260.0,1,0,0,30743
2026-09-04T04,141,0,36.5,36.5,36.5,36.5,1,0,0,37880
2026-09-04T04,142,0,760.0,760.0,760.0,760.0,1,0,0,967
2026-09-04T04,143,0,720.0,720.0,720.0,720.0,1,0,0,2773
2026-09-04T04,144,0,17.7,17.7,17.7,17.7,1,0,0,160932
2026-09-04T04,145,0,135.0,135.0,135.0,135.0,1,0,0,864834
2026-09-04T04,146,0,7.0,7.0,7.0,7.0,1,0,0,625615
2026-09-04T04,147,0,39.75,39.75,39.75,39.75,1,0,0,399430
2026-09-04T04,148,0,33.25,33.25,33.25,33.25,1,0,0,68463
2026-09-04T04,149,0,740.0,740.0,740.0,740.0,1,0,0,132
2026-09-04T04,150,0,346.0,346.0,346.0,346.0,1,0,0,27
2026-09-04T04,151,0,232.0,232.0,232.0,232.0,1,0,0,1241
2026-09-04T04,152,0,234.0,234.0,234.0,234.0,1,0,0,227
2026-09-04T04,153,0,69.0,69.0,69.0,69.0,1,0,0,2302
2026-09-04T04,154,0,71.0,71.0,71.0,71.0,1,0,0,2588
2026-09-04T04,155,0,130.0,130.0,130.0,130.0,1,0,0,7287
2026-09-04T06,1,0,0.255,0.255,0.255,0.255,1,0,0,
2026-09-04T06,2,0,0.36,0.36,0.36,0.36,1,0,0,
2026-09-04T06,3,0,2.2,2.2,2.2,2.2,1,0,0,
2026-09-04T06,4,0,2.3,2.3,2.3,2.3,1,0,0,
2026-09-04T06,5,0,2.8,2.8,2.8,2.8,1,0,0,
2026-09-04T06,6,0,0.695,0.695,0.695,0.695,1,0,0,
2026-09-04T06,7,0,39.75,39.75,39.75,39.75,1,0,0,
2026-09-04T06,8,0,10.7,10.7,10.7,10.7,1,0,0,
2026-09-04T06,9,0,1.2,1.2,1.2,1.2,1,0,0,
2026-09-04T06,10,0,29.25,29.25,29.25,29.25,1,0,0,
2026-09-04T06,11,0,41.0,41.0,41.0,41.0,1,0,0,
2026-09-04T06,12,0,40.75,40.75,40.75,40.75,1,0,0,
2026-09-04T06,13,0,0.369,0.369,0.369,0.369,1,0,0,
2026-09-04T06,14,0,11.2,11.2,11.2,11.2,1,0,0,
2026-09-04T06,15,0,10.5,10.5,10.5,10.5,1,0,0,
2026-09-04T06,16,0,8.5,8.5,8.5,8.5,1,0,0,
2026-09-04T06,17,0,14.2,14.2,14.2,14.2,1,0,0,
2026-09-04T06,18,0,20.5,20.5,20.5,20.5,1,0,0,
2026-09-04T06,19,0,10.8,10.8,10.8,10.8,1,0,0,
2026-09-04T06,20,0,109.0,109.0,109.0,109.0,1,0,0,
2026-09-04T06,21,0,55.0,55.0,55.0,55.0,1,0,0,
2026-09-04T06,22,0,88.5,88.5,88.5,88.5,1,0,0,
2026-09-04T06,23,0,127.0,127.0,127.0,127.0,1,0,0,
2026-09-04T06,24,0,635.0,635.0,635.0,635.0,1,0,0,
2026-09-04T06,25,0,755.0,755.0,755.0,755.0,1,0,0,
2026-09-04T06,26,0,1150.0,1150.0,1150.0,1150.0,1,0,0,
2026-09-04T06,27,0,560.0,560.0,560.0,560.0,1,0,0,
2026-09-04T06,28,0,940.0,940.0,940.0,940.0,1,0,0,
2026-09-04T06,29,0,99.5,99.5,99.5,99.5,1,0,0,
2026-09-04T06,30,0,154.0,154.0,154.0,154.0,1,0,0,
2026-09-04T06,31,0,200.0,200.0,200.0,200.0,1,0,0,
2026-09-04T06,32,0,206.0,206.0,206.0,206.0,1,0,0,
2026-09-04T06,33,0,109.0,109.0,109.0,109.0,1,0,0,
2026-09-04T06,34,0,95.5,95.5,95.5,95.5,1,0,0,
2026-09-04T06,35,0,87.0,87.0,87.0,87.0,1,0,0,
2026-09-04T06,40,0,1.6,1.6,1.6,1.6,1,0,0,
2026-09-04T06,41,0,4.5,4.5,4.5,4.5,1,0,0,
2026-09-04T06,42,0,5.0,5.0,5.0,5.0,1,0,0,
2026-09-04T06,43,0,11.4,11.4,11.4,11.4,1,0,0,
2026-09-04T06,44,0,1.27,1.27,1.27,1.27,1,0,0,
2026-09-04T06,45,0,15.8,15.8,15.8,15.8,1,0,0,
2026-09-04T06,46,0,28.75,28.75,28.75,28.75,1,0,0,
2026-09-04T06,47,0,442.0,442.0,442.0,442.0,1,0,0,
2026-09-04T06,48,0,224.0,224.0,224.0,224.0,1,0,0,
2026-09-04T06,49,0,945.0,945.0,945.0,945.0,1,0,0,
2026-09-04T06,50,0,330.0,330.0,330.0,330.0,1,0,0,
2026-09-04T06,51,0,785.0,785.0,785.0,785.0,1,0,0,
2026-09-04T06,52,0,605.0,605.0,605.0,605.0,1,0,0,
2026-09-04T06,53,0,3390.0,3390.0,3390.0,3390.0,1,0,0,
2026-09-04T06,54,0,6400.0,6400.0,6400.0,6400.0,1,0,0,
2026-09-04T06,55,0,2250.0,2250.0,2250.0,2250.0,1,0,0,
2026-09-04T06,56,0,4340.0,4340.0,4340.0,4340.0,1,0,0,
2026-09-04T06,57,0,5600.0,5600.0,5600.0,5600.0,1,0,0,
2026-09-04T06,58,0,129.0,129.0,129.0,129.0,1,0,0,
2026-09-04T06,59,0,65.0,65.0,65.0,65.0,1,0,0,
2026-09-04T06,60,0,5.6,5.6,5.6,5.6,1,0,0,
2026-09-04T06,61,0,19.6,19.6,19.6,19.6,1,0,0,
2026-09-04T06,62,0,22.0,22.0,22.0,22.0,1,0,0,
2026-09-04T06,63,0,33.75,33.75,33.75,33.75,1,0,0,
2026-09-04T06,64,0,48.5,48.5,48.5,48.5,1,0,0,
2026-09-04T06,65,0,13.1,13.1,13.1,13.1,1,0,0,
2026-09-04T06,66,0,0.28,0.28,0.28,0.28,1,0,0,
2026-09-04T06,67,0,12.0,12.0,12.0,12.0,1,0,0,
2026-09-04T06,68,0,32.25,32.25,32.25,32.25,1,0,0,
2026-09-04T06,69,0,6500.0,6500.0,6500.0,6500.0,1,0,0,
2026-09-04T06,70,0,810.0,810.0,810.0,810.0,1,0,0,
2026-09-04T06,71,0,1560.0,1560.0,1560.0,1560.0,1,0,0,
2026-09-04T06,72,0,1.64,1.64,1.64,1.64,1,0,0,
2026-09-04T06,73,0,27.0,27.0,27.0,27.0,1,0,0,
2026-09-04T06,74,0,19.9,19.9,19.9,19.9,1,0,0,
2026-09-04T06,75,0,6.4,6.4,6.4,6.4,1,0,0,
2026-09-04T06,76,0,58.5,58.5,58.5,58.5,1,0,0,
2026-09-04T06,77,0,2650.0,2650.0,2650.0,2650.0,1,0,0,
2026-09-04T06,78,0,1860.0,1860.0,1860.0,1860.0,1,0,0,
2026-09-04T06,79,0,845.0,845.0,845.0,845.0,1,0,0,
2026-09-04T06,80,0,4440.0,4440.0,4440.0,4440.0,1,0,0,
2026-09-04T06,81,0,5150.0,5150.0,5150.0,5150.0,1,0,0,
2026-09-04T06,82,0,1510.0,1510.0,1510.0,1510.0,1,0,0,
2026-09-04T06,83,0,31.0,31.0,31.0,31.0,1,0,0,
2026-09-04T06,84,0,8975.0,8975.0,8975.0,8975.0,1,0,0,
2026-09-04T06,85,0,7350.0,7350.0,7350.0,7350.0,1,0,0,
2026-09-04T06,86,0,10000.0,10000.0,10000.0,10000.0,1,0,0,
2026-09-04T06,87,0,484.0,484.0,484.0,484.0,1,0,0,
2026-09-04T06,88,0,10800.0,10800.0,10800.0,10800.0,1,0,0,
2026-09-04T06,89,0,4400.0,4400.0,4400.0,4400.0,1,0,0,
2026-09-04T06,98,0,855.0,855.0,855.0,855.0,1,0,0,
2026-09-04T06,100,0,111.0,111.0,111.0,111.0,1,0,0,
2026-09-04T06,101,0,196.0,196.0,196.0,196.0,1,0,0,
2026-09-04T06,102,0,2.65,2.65,2.65,2.65,1,0,0,
2026-09-04T06,103,0,6.9,6.9,6.9,6.9,1,0,0,
2026-09-04T06,104,0,0.95,0.95,0.95,0.95,1,0,0,
2026-09-04T06,105,0,1.58,1.58,1.58,1.58,1,0,0,
2026-09-04T06,106,0,4.25,4.25,4.25,4.25,1,0,0,
2026-09-04T06,107,0,20.25,20.25,20.25,20.25,1,0,0,
2026-09-04T06,108,0,9.9,9.9,9.9,9.9,1,0,0,
2026-09-04T06,109,0,109.0,109.0,109.0,109.0,1,0,0,
2026-09-04T06,110,0,196.0,196.0,196.0,196.0,1,0,0,
2026-09-04T06,111,0,2570.0,2570.0,2570.0,2570.0,1,0,0,
2026-09-04T06,112,0,2190.0,2190.0,2190.0,2190.0,1,0,0,
2026-09-04T06,113,0,127.0,127.0,127.0,127.0,1,0,0,
2026-09-04T06,114,0,640.0,640.0,640.0,640.0,1,0,0,
2026-09-04T06,115,0,125.0,125.0,125.0,125.0,1,0,0,
2026-09-04T06,116,0,39.0,39.0,39.0,39.0,1,0,0,
2026-09-04T06,117,0,6.8,6.8,6.8,6.8,1,0,0,
2026-09-04T06,118,0,0.78,0.78,0.78,0.78,1,0,0,
2026-09-04T06,119,0,31.75,31.75,31.75,31.75,1,0,0,
2026-09-04T06,120,0,2.6,2.6,2.6,2.6,1,0,0,
2026-09-04T06,121,0,145.0,145.0,145.0,145.0,1,0,0,
2026-09-04T06,122,0,131.0,131.0,131.0,131.0,1,0,0,
2026-09-04T06,123,0,298.0,298.0,298.0,298.0,1,0,0,
2026-09-04T06,124,0,35.5,35.5,35.5,35.5,1,0,0,
2026-09-04T06,125,0,27.25,27.25,27.25,27.25,1,0,0,
2026-09-04T06,126,0,55.0,55.0,55.0,55.0,1,0,0,
2026-09-04T06,127,0,476.0,476.0,476.0,476.0,1,0,0,
2026-09-04T06,128,0,54.0,54.0,54.0,54.0,1,0,0,
2026-09-04T06,129,0,2040.0,2040.0,2040.0,2040.0,1,0,0,
2026-09-04T06,130,0,2050.0,2050.0,2050.0,2050.0,1,0,0,
2026-09-04T06,131,0,2400.0,2400.0,2400.0,2400.0,1,0,0,
2026-09-04T06,132,0,2170.0,2170.0,2170.0,2170.0,1,0,0,
2026-09-04T06,133,0,17.3,17.3,17.3,17.3,1,0,0,
2026-09-04T06,134,0,49.0,49.0,49.0,49.0,1,0,0,
2026-09-04T06,135,0,17.8,17.8,17.8,17.8,1,0,0,
2026-09-04T06,136,0,1.49,1.49,1.49,1.49,1,0,0,
2026-09-04T06,137,0,114.0,114.0,114.0,114.0,1,0,0,
2026-09-04T06,138,0,1180.0,1180.0,1180.0,1180.0,1,0,0,
2026-09-04T06,139,0,9.9,9.9,9.9,9.9,1,0,0,
2026-09-04T06,140,0,252.0,252.0,252.0,252.0,1,0,0,
2026-09-04T06,141,0,36.5,36.5,36.5,36.5,1,0,0,
2026-09-04T06,142,0,760.0,760.0,760.0,760.0,1,0,0,
2026-09-04T06,143,0,715.0,715.0,715.0,715.0,1,0,0,
2026-09-04T06,144,0,17.7,17.7,17.7,17.7,1,0,0,
2026-09-04T06,145,0,136.0,136.0,136.0,136.0,1,0,0,
2026-09-04T06,146,0,6.8,6.8,6.8,6.8,1,0,0,
2026-09-04T06,147,0,39.75,39.75,39.75,39.75,1,0,0,
2026-09-04T06,148,0,33.25,33.25,33.25,33.25,1,0,0,
2026-09-04T06,149,0,715.0,715.0,715.0,715.0,1,0,0,
2026-09-04T06,150,0,380.0,380.0,380.0,380.0,1,0,0,
2026-09-04T06,151,0,232.0,232.0,232.0,232.0,1,0,0,
2026-09-04T06,152,0,234.0,234.0,234.0,234.0,1,0,0,
2026-09-04T06,153,0,60.0,60.0,60.0,60.0,1,0,0,
2026-09-04T06,154,0,50.0,50.0,50.0,50.0,1,0,0,
2026-09-04T06,155,0,130.0,130.0,130.0,130.0,1,0,0,
2026-09-04T09,1,0,0.253,0.253,0.253,0.253,1,0,0,330642763
2026-09-04T09,2,0,0.369,0.369,0.369,0.369,1,0,0,27290004
2026-09-04T09,3,0,2.15,2.15,2.15,2.15,1,0,0,4427
2026-09-04T09,4,0,2.5,2.5,2.5,2.5,1,0,0,249337
2026-09-04T09,5,0,3.05,3.05,3.05,3.05,1,0,0,2989919
2026-09-04T09,6,0,0.665,0.665,0.665,0.665,1,0,0,427882
2026-09-04T09,7,0,39.75,39.75,39.75,39.75,1,0,0,162285
2026-09-04T09,8,0,11.0,11.0,11.0,11.0,1,0,0,696486
2026-09-04T09,9,0,1.16,1.16,1.16,1.16,1,0,0,77965
2026-09-04T09,12,0,41.0,41.0,41.0,41.0,1,0,0,1624912
2026-09-04T09,13,0,0.37,0.37,0.37,0.37,1,0,0,82123810
2026-09-04T09,14,0,11.0,11.0,11.0,11.0,1,0,0,2366556
2026-09-04T09,15,0,10.2,10.2,10.2,10.2,1,0,0,823246
2026-09-04T09,16,0,8.4,8.4,8.4,8.4,1,0,0,633963
2026-09-04T09,17,0,14.8,14.8,14.8,14.8,1,0,0,5134544
2026-09-04T09,18,0,21.0,21.0,21.0,21.0,1,0,0,1281113
2026-09-04T09,19,0,10.8,10.8,10.8,10.8,1,0,0,262806
2026-09-04T09,20,0,107.0,107.0,107.0,107.0,1,0,0,33546
2026-09-04T09,21,0,58.5,58.5,58.5,58.5,1,0,0,521746
2026-09-04T09,25,0,755.0,755.0,755.0,755.0,1,0,0,38250
2026-09-04T09,26,0,1170.0,1170.0,1170.0,1170.0,1,0,0,1892
2026-09-04T09,27,0,560.0,560.0,560.0,560.0,1,0,0,5494
2026-09-04T09,28,0,940.0,940.0,940.0,940.0,1,0,0,2697
2026-09-04T09,29,0,103.0,103.0,103.0,103.0,1,0,0,312757
2026-09-04T09,30,0,156.0,156.0,156.0,156.0,1,0,0,168812
2026-09-04T09,31,0,199.0,199.0,199.0,199.0,1,0,0,514702
2026-09-04T09,32,0,216.0,216.0,216.0,216.0,1,0,0,157009
2026-09-04T09,33,0,108.0,108.0,108.0,108.0,1,0,0,105763
2026-09-04T09,34,0,94.5,94.5,94.5,94.5,1,0,0,283798
2026-09-04T09,42,0,5.1,5.1,5.1,5.1,1,0,0,370067
2026-09-04T09,43,0,11.4,11.4,11.4,11.4,1,0,0,598393
2026-09-04T09,44,0,1.24,1.24,1.24,1.24,1,0,0,3674138
2026-09-04T09,45,0,15.5,15.5,15.5,15.5,1,0,0,237465
2026-09-04T09,46,0,28.0,28.0,28.0,28.0,1,0,0,191072
2026-09-04T09,47,0,442.0,442.0,442.0,442.0,1,0,0,64049
2026-09-04T09,48,0,222.0,222.0,222.0,222.0,1,0,0,46865
2026-09-04T09,49,0,945.0,945.0,945.0,945.0,1,0,0,5009
2026-09-04T09,50,0,320.0,320.0,320.0,320.0,1,0,0,7597
2026-09-04T09,51,0,770.0,770.0,770.0,770.0,1,0,0,22543
2026-09-04T09,55,0,2250.0,2250.0,2250.0,2250.0,1,0,0,4626
2026-09-04T09,56,0,4380.0,4380.0,4380.0,4380.0,1,0,0,10929
2026-09-04T09,57,0,5575.0,5575.0,5575.0,5575.0,1,0,0,3677
2026-09-04T09,58,0,127.0,127.0,127.0,127.0,1,0,0,118151
2026-09-04T09,59,0,63.5,63.5,63.5,63.5,1,0,0,518181
2026-09-04T09,60,0,5.7,5.7,5.7,5.7,1,0,0,37918
2026-09-04T09,61,0,19.7,19.7,19.7,19.7,1,0,0,4682245
2026-09-04T09,62,0,22.5,22.5,22.5,22.5,1,0,0,226371
2026-09-04T09,63,0,33.75,33.75,33.75,33.75,1,0,0,207898
2026-09-04T09,64,0,47.5,47.5,47.5,47.5,1,0,0,138644
2026-09-04T09,68,0,30.75,30.75,30.75,30.75,1,0,0,9676
2026-09-04T09,69,0,6450.0,6450.0,6450.0,6450.0,1,0,0,7269
2026-09-04T09,70,0,810.0,810.0,810.0,810.0,1,0,0,16323
2026-09-04T09,71,0,1560.0,1560.0,1560.0,1560.0,1,0,0,23325
2026-09-04T09,72,0,1.67,1.67,1.67,1.67,1,0,0,1271291
2026-09-04T09,73,0,26.75,26.75,26.75,26.75,1,0,0,331252
2026-09-04T09,74,0,19.8,19.8,19.8,19.8,1,0,0,58283
2026-09-04T09,75,0,6.2,6.2,6.2,6.2,1,0,0,1954395
2026-09-04T09,76,0,60.5,60.5,60.5,60.5,1,0,0,251625
2026-09-04T09,77,0,2650.0,2650.0,2650.0,2650.0,1,0,0,1877
2026-09-04T09,81,0,5175.0,5175.0,5175.0,5175.0,1,0,0,2181
2026-09-04T09,82,0,1510.0,1510.0,1510.0,1510.0,1,0,0,7984
2026-09-04T09,83,0,30.5,30.5,30.5,30.5,1,0,0,87445
2026-09-04T09,84,0,8950.0,8950.0,8950.0,8950.0,1,0,0,1580
2026-09-04T09,85,0,7375.0,7375.0,7375.0,7375.0,1,0,0,93
2026-09-04T09,86,0,10000.0,10000.0,10000.0,10000.0,1,0,0,531
2026-09-04T09,87,0,486.0,486.0,486.0,486.0,1,0,0,2837
2026-09-04T09,88,0,10700.0,10700.0,10700.0,10700.0,1,0,0,212
2026-09-04T09,89,0,4410.0,4410.0,4410.0,4410.0,1,0,0,1700
2026-09-04T09,98,0,850.0,850.0,850.0,850.0,1,0,0,17951
2026-09-04T09,103,0,6.7,6.7,6.7,6.7,1,0,0,491794
2026-09-04T09,104,0,0.98,0.98,0.98,0.98,1,0,0,2523051
2026-09-04T09,105,0,1.54,1.54,1.54,1.54,1,0,0,1670729
2026-09-04T09,106,0,4.2,4.2,4.2,4.2,1,0,0,14275
2026-09-04T09,107,0,20.5,20.5,20.5,20.5,1,0,0,136261
2026-09-04T09,108,0,10.0,10.0,10.0,10.0,1,0,0,1818029
2026-09-04T09,109,0,111.0,111.0,111.0,111.0,1,0,0,234714
2026-09-04T09,110,0,198.0,198.0,198.0,198.0,1,0,0,100830
2026-09-04T09,111,0,2590.0,2590.0,2590.0,2590.0,1,0,0,115313
2026-09-04T09,112,0,2180.0,2180.0,2180.0,2180.0,1,0,0,11678
2026-09-04T09,116,0,39.25,39.25,39.25,39.25,1,0,0,138300
2026-09-04T09,117,0,6.9,6.9,6.9,6.9,1,0,0,321817
2026-09-04T09,118,0,0.765,0.765,0.765,0.765,1,0,0,410874
2026-09-04T09,119,0,31.25,31.25,31.25,31.25,1,0,0,30075
2026-09-04T09,120,0,2.7,2.7,2.7,2.7,1,0,0,148908
2026-09-04T09,121,0,150.0,150.0,150.0,150.0,1,0,0,2727
2026-09-04T09,122,0,131.0,131.0,131.0,131.0,1,0,0,145752
2026-09-04T09,123,0,300.0,300.0,300.0,300.0,1,0,0,23791
2026-09-04T09,124,0,34.75,34.75,34.75,34.75,1,0,0,44150
2026-09-04T09,125,0,27.0,27.0,27.0,27.0,1,0,0,149189
2026-09-04T09,129,0,2030.0,2030.0,2030.0,2030.0,1,0,0,92
2026-09-04T09,130,0,2000.0,2000.0,2000.0,2000.0,1,0,0,390
2026-09-04T09,131,0,2400.0,2400.0,2400.0,2400.0,1,0,0,1985
2026-09-04T09,132,0,2140.0,2140.0,2140.0,2140.0,1,0,0,330
2026-09-04T09,133,0,17.7,17.7,17.7,17.7,1,0,0,70261
2026-09-04T09,134,0,49.0,49.0,49.0,49.0,1,0,0,40523
2026-09-04T09,135,0,17.9,17.9,17.9,17.9,1,0,0,577844
2026-09-04T09,136,0,1.47,1.47,1.47,1.47,1,0,0,74203
2026-09-04T09,137,0,125.0,125.0,125.0,125.0,1,0,0,26727
2026-09-04T09,138,0,1180.0,1180.0,1180.0,1180.0,1,0,0,44
2026-09-04T09,142,0,755.0,755.0,755.0,755.0,1,0,0,402
2026-09-04T09,143,0,715.0,715.0,715.0,715.0,1,0,0,2648
2026-09-04T09,144,0,17.4,17.4,17.4,17.4,1,0,0,131219
2026-09-04T09,145,0,135.0,135.0,135.0,135.0,1,0,0,874849
2026-09-04T09,146,0,6.7,6.7,6.7,6.7,1,0,0,84864
2026-09-04T09,147,0,39.75,39.75,39.75,39.75,1,0,0,407677
2026-09-04T09,148,0,33.25,33.25,33.25,33.25,1,0,0,70599
2026-09-04T09,149,0,715.0,715.0,715.0,715.0,1,0,0,138
2026-09-04T09,150,0,380.0,380.0,380.0,380.0,1,0,0,1411
2026-09-04T09,151,0,232.0,232.0,232.0,232.0,1,0,0,1367
2026-09-04T09,155,0,130.0,130.0,130.0,130.0,1,0,0,7653
2026-09-04T11,1,0,0.255,0.255,0.255,0.255,1,0,0,
2026-09-04T11,2,0,0.361,0.361,0.361,0.361,1,0,0,
2026-09-04T11,3,0,2.25,2.25,2.25,2.25,1,0,0,
2026-09-04T11,4,0,2.2,2.2,2.2,2.2,1,0,0,
2026-09-04T11,5,0,2.85,2.85,2.85,2.85,1,0,0,
2026-09-04T11,6,0,0.665,0.665,0.665,0.665,1,0,0,
2026-09-04T11,7,0,41.0,41.0,41.0,41.0,1,0,0,
2026-09-04T11,8,0,11.1,11.1,11.1,11.1,1,0,0,
2026-09-04T11,9,0,1.18,1.18,1.18,1.18,1,0,0,
2026-09-04T11,10,0,29.0,29.0,29.0,29.0,1,0,0,
2026-09-04T11,11,0,41.75,41.75,41.75,41.75,1,0,0,
2026-09-04T11,12,0,39.5,39.5,39.5,39.5,1,0,0,
2026-09-04T11,13,0,0.36,0.36,0.36,0.36,1,0,0,
2026-09-04T11,14,0,10.8,10.8,10.8,10.8,1,0,0,
2026-09-04T11,15,0,10.4,10.4,10.4,10.4,1,0,0,
2026-09-04T11,16,0,8.5,8.5,8.5,8.5,1,0,0,
2026-09-04T11,17,0,14.6,14.6,14.6,14.6,1,0,0,
2026-09-04T11,18,0,20.25,20.25,20.25,20.25,1,0,0,
2026-09-04T11,19,0,11.2,11.2,11.2,11.2,1,0,0,
2026-09-04T11,20,0,109.0,109.0,109.0,109.0,1,0,0,
2026-09-04T11,21,0,56.5,56.5,56.5,56.5,1,0,0,
2026-09-04T11,22,0,88.5,88.5,88.5,88.5,1,0,0,
2026-09-04T11,23,0,129.0,129.0,129.0,129.0,1,0,0,
2026-09-04T11,24,0,635.0,635.0,635.0,635.0,1,0,0,
2026-09-04T11,25,0,755.0,755.0,755.0,755.0,1,0,0,
2026-09-04T11,26,0,1200.0,1200.0,1200.0,1200.0,1,0,0,
2026-09-04T11,27,0,555.0,555.0,555.0,555.0,1,0,0,
2026-09-04T11,28,0,940.0,940.0,940.0,940.0,1,0,0,
2026-09-04T11,29,0,102.0,102.0,102.0,102.0,1,0,0,
2026-09-04T11,30,0,155.0,155.0,155.0,155.0,1,0,0,
2026-09-04T11,31,0,200.0,200.0,200.0,200.0,1,0,0,
2026-09-04T11,32,0,210.0,210.0,210.0,210.0,1,0,0,
2026-09-04T11,33,0,103.0,103.0,103.0,103.0,1,0,0,
2026-09-04T11,34,0,91.0,91.0,91.0,91.0,1,0,0,
2026-09-04T11,35,0,82.5,82.5,82.5,82.5,1,0,0,
2026-09-04T11,40,0,1.48,1.48,1.48,1.48,1,0,0,
2026-09-04T11,41,0,4.5,4.5,4.5,4.5,1,0,0,
2026-09-04T11,42,0,4.95,4.95,4.95,4.95,1,0,0,
2026-09-04T11,43,0,11.4,11.4,11.4,11.4,1,0,0,
2026-09-04T11,44,0,1.22,1.22,1.22,1.22,1,0,0,
2026-09-04T11,45,0,15.1,15.1,15.1,15.1,1,0,0,
2026-09-04T11,46,0,27.5,27.5,27.5,27.5,1,0,0,
2026-09-04T11,47,0,440.0,440.0,440.0,440.0,1,0,0,
2026-09-04T11,48,0,222.0,222.0,222.0,222.0,1,0,0,
2026-09-04T11,49,0,950.0,950.0,950.0,950.0,1,0,0,
2026-09-04T11,50,0,316.0,316.0,316.0,316.0,1,0,0,
2026-09-04T11,51,0,780.0,780.0,780.0,780.0,1,0,0,
2026-09-04T11,52,0,615.0,615.0,615.0,615.0,1,0,0,
2026-09-04T11,53,0,3400.0,3400.0,3400.0,3400.0,1,0,0,
2026-09-04T11,54,0,6275.0,6275.0,6275.0,6275.0,1,0,0,
2026-09-04T11,55,0,2220.0,2220.0,2220.0,2220.0,1,0,0,
2026-09-04T11,56,0,4400.0,4400.0,4400.0,4400.0,1,0,0,
2026-09-04T11,57,0,5575.0,5575.0,5575.0,5575.0,1,0,0,
2026-09-04T11,58,0,128.0,128.0,128.0,128.0,1,0,0,
2026-09-04T11,59,0,64.0,64.0,64.0,64.0,1,0,0,
2026-09-04T11,60,0,5.8,5.8,5.8,5.8,1,0,0,
2026-09-04T11,61,0,19.7,19.7,19.7,19.7,1,0,0,
2026-09-04T11,62,0,22.25,22.25,22.25,22.25,1,0,0,
2026-09-04T11,63,0,33.0,33.0,33.0,33.0,1,0,0,
2026-09-04T11,64,0,46.25,46.25,46.25,46.25,1,0,0,
2026-09-04T11,65,0,13.0,13.0,13.0,13.0,1,0,0,
2026-09-04T11,66,0,0.276,0.276,0.276,0.276,1,0,0,
2026-09-04T11,67,0,11.9,11.9,11.9,11.9,1,0,0,
2026-09-04T11,68,0,32.5,32.5,32.5,32.5,1,0,0,
2026-09-04T11,69,0,6425.0,6425.0,6425.0,6425.0,1,0,0,
2026-09-04T11,70,0,805.0,805.0,805.0,805.0,1,0,0,
2026-09-04T11,71,0,1560.0,1560.0,1560.0,1560.0,1,0,0,
2026-09-04T11,72,0,1.69,1.69,1.69,1.69,1,0,0,
2026-09-04T11,73,0,26.0,26.0,26.0,26.0,1,0,0,
2026-09-04T11,74,0,20.0,20.0,20.0,20.0,1,0,0,
2026-09-04T11,75,0,6.1,6.1,6.1,6.1,1,0,0,
2026-09-04T11,76,0,57.0,57.0,57.0,57.0,1,0,0,
2026-09-04T11,77,0,2630.0,2630.0,2630.0,2630.0,1,0,0,
2026-09-04T11,78,0,1860.0,1860.0,1860.0,1860.0,1,0,0,
2026-09-04T11,79,0,860.0,860.0,860.0,860.0,1,0,0,
2026-09-04T11,80,0,4460.0,4460.0,4460.0,4460.0,1,0,0,
2026-09-04T11,81,0,5175.0,5175.0,5175.0,5175.0,1,0,0,
2026-09-04T11,82,0,1510.0,1510.0,1510.0,1510.0,1,0,0,
2026-09-04T11,83,0,30.5,30.5,30.5,30.5,1,0,0,
2026-09-04T11,84,0,8925.0,8925.0,8925.0,8925.0,1,0,0,
2026-09-04T11,85,0,7375.0,7375.0,7375.0,7375.0,1,0,0,
2026-09-04T11,86,0,10100.0,10100.0,10100.0,10100.0,1,0,0,
2026-09-04T11,87,0,486.0,486.0,486.0,486.0,1,0,0,
2026-09-04T11,88,0,10400.0,10400.0,10400.0,10400.0,1,0,0,
2026-09-04T11,89,0,4350.0,4350.0,4350.0,4350.0,1,0,0,
2026-09-04T11,98,0,860.0,860.0,860.0,860.0,1,0,0,
2026-09-04T11,100,0,111.0,111.0,111.0,111.0,1,0,0,
2026-09-04T11,101,0,197.0,197.0,197.0,197.0,1,0,0,
2026-09-04T11,102,0,2.5,2.5,2.5,2.5,1,0,0,
2026-09-04T11,103,0,6.9,6.9,6.9,6.9,1,0,0,
2026-09-04T11,104,0,0.99,0.99,0.99,0.99,1,0,0,
2026-09-04T11,105,0,1.57,1.57,1.57,1.57,1,0,0,
2026-09-04T11,106,0,4.3,4.3,4.3,4.3,1,0,0,
2026-09-04T11,107,0,20.75,20.75,20.75,20.75,1,0,0,
2026-09-04T11,108,0,9.9,9.9,9.9,9.9,1,0,0,
2026-09-04T11,109,0,109.0,109.0,109.0,109.0,1,0,0,
2026-09-04T11,110,0,197.0,197.0,197.0,197.0,1,0,0,
2026-09-04T11,111,0,2580.0,2580.0,2580.0,2580.0,1,0,0,
2026-09-04T11,112,0,2200.0,2200.0,2200.0,2200.0,1,0,0,
2026-09-04T11,113,0,124.0,124.0,124.0,124.0,1,0,0,
2026-09-04T11,114,0,650.0,650.0,650.0,650.0,1,0,0,
2026-09-04T11,115,0,129.0,129.0,129.0,129.0,1,0,0,
2026-09-04T11,116,0,39.5,39.5,39.5,39.5,1,0,0,
2026-09-04T11,117,0,6.7,6.7,6.7,6.7,1,0,0,
2026-09-04T11,118,0,0.78,0.78,0.78,0.78,1,0,0,
2026-09-04T11,119,0,32.0,32.0,32.0,32.0,1,0,0,
2026-09-04T11,120,0,2.55,2.55,2.55,2.55,1,0,0,
2026-09-04T11,121,0,150.0,150.0,150.0,150.0,1,0,0,
2026-09-04T11,122,0,128.0,128.0,128.0,128.0,1,0,0,
2026-09-04T11,123,0,300.0,300.0,300.0,300.0,1,0,0,
2026-09-04T11,124,0,35.5,35.5,35.5,35.5,1,0,0,
2026-09-04T11,125,0,26.0,26.0,26.0,26.0,1,0,0,
2026-09-04T11,126,0,55.0,55.0,55.0,55.0,1,0,0,
2026-09-04T11,127,0,476.0,476.0,476.0,476.0,1,0,0,
2026-09-04T11,128,0,54.0,54.0,54.0,54.0,1,0,0,
2026-09-04T11,129,0,2050.0,2050.0,2050.0,2050.0,1,0,0,
2026-09-04T11,130,0,2000.0,2000.0,2000.0,2000.0,1,0,0,
2026-09-04T11,131,0,2400.0,2400.0,2400.0,2400.0,1,0,0,
2026-09-04T11,132,0,2140.0,2140.0,2140.0,2140.0,1,0,0,
2026-09-04T11,133,0,18.4,18.4,18.4,18.4,1,0,0,
2026-09-04T11,134,0,49.75,49.75,49.75,49.75,1,0,0,
2026-09-04T11,135,0,16.9,16.9,16.9,16.9,1,0,0,
2026-09-04T11,136,0,1.39,1.39,1.39,1.39,1,0,0,
2026-09-04T11,137,0,123.0,123.0,123.0,123.0,1,0,0,
2026-09-04T11,138,0,1160.0,1160.0,1160.0,1160.0,1,0,0,
2026-09-04T11,139,0,9.9,9.9,9.9,9.9,1,0,0,
2026-09-04T11,140,0,254.0,254.0,254.0,254.0,1,0,0,
2026-09-04T11,141,0,35.5,35.5,35.5,35.5,1,0,0,
2026-09-04T11,142,0,750.0,750.0,750.0,750.0,1,0,0,
2026-09-04T11,143,0,715.0,715.0,715.0,715.0,1,0,0,
2026-09-04T11,144,0,17.4,17.4,17.4,17.4,1,0,0,
2026-09-04T11,145,0,136.0,136.0,136.0,136.0,1,0,0,
2026-09-04T11,146,0,6.7,6.7,6.7,6.7,1,0,0,
2026-09-04T11,147,0,39.5,39.5,39.5,39.5,1,0,0,
2026-09-04T11,148,0,33.25,33.25,33.25,33.25,1,0,0,
2026-09-04T11,149,0,715.0,715.0,715.0,715.0,1,0,0,
2026-09-04T11,150,0,374.0,374.0,374.0,374.0,1,0,0,
2026-09-04T11,151,0,388.0,388.0,388.0,388.0,1,0,0,
2026-09-04T11,152,0,234.0,234.0,234.0,234.0,1,0,0,
2026-09-04T11,153,0,105.0,105.0,105.0,105.0,1,0,0,
2026-09-04T11,154,0,78.5,78.5,78.5,78.5,1,0,0,
2026-09-04T11,155,0,132.0,132.0,132.0,132.0,1,0,0,
2026-09-04T12,1,0,0.26,0.26,0.25,0.258,50,27492662,7214392,516794864
2026-09-04T12,2,0,0.366,0.366,0.358,0.365,50,18546312,8065175,30180122
2026-09-04T12,3,0,1.98,2.5,1.98,2.15,50,162846,389853,24065
2026-09-04T12,4,0,2.4,2.55,2.4,2.5,49,60232,150187,146874
2026-09-04T12,5,0,2.65,3.1,2.6,3.0,48,224072,672968,991802
2026-09-04T12,6,0,0.7,0.7,0.66,0.665,48,111065,77516,4536971
2026-09-04T12,7,0,39.75,39.75,39.5,39.75,48,36849,1596353,92354
2026-09-04T12,8,0,11.2,11.3,10.9,11.0,49,21798,246137,1197885
2026-09-04T12,9,0,1.2,1.22,1.18,1.19,48,43196,52693,1043447
2026-09-04T12,10,0,28.5,29.0,28.25,29.0,50,168251,5073348,627920
2026-09-04T12,11,0,41.5,41.5,41.25,41.25,49,0,0,691560
2026-09-04T12,12,0,40.75,40.75,40.25,40.25,48,25195,1031614,1615930
2026-09-04T12,13,0,0.362,0.366,0.36,0.36,49,55998195,26231391,121099099
2026-09-04T12,14,0,10.5,11.1,10.5,11.1,49,35965,402212,2089932
2026-09-04T12,15,0,10.3,10.4,10.2,10.2,49,0,0,522994
2026-09-04T12,16,0,8.5,8.5,8.3,8.4,49,76029,668947,620513
2026-09-04T12,17,0,14.4,14.4,14.3,14.3,49,373689,5516943,2890626
2026-09-04T12,18,0,20.5,21.0,20.0,20.0,49,12446,259520,400434
2026-09-04T12,19,0,11.2,11.2,11.1,11.1,50,45782,540220,153634
2026-09-04T12,20,0,108.0,110.0,108.0,109.0,50,16899,1925545,23912
2026-09-04T12,21,0,57.5,58.5,57.5,58.5,49,101418,6026690,474433
2026-09-04T12,22,0,87.5,89.0,87.0,88.0,49,80009,7186210,204010
2026-09-04T12,23,0,128.0,129.0,128.0,129.0,48,14580,1909213,109023
2026-09-04T12,24,0,615.0,615.0,600.0,610.0,49,24,15200,6514
2026-09-04T12,25,0,750.0,750.0,740.0,750.0,49,6201,4900480,20307
2026-09-04T12,26,0,1200.0,1200.0,1190.0,1190.0,49,815,998620,6437
2026-09-04T12,27,0,560.0,560.0,560.0,560.0,48,0,0,5166
2026-09-04T12,28,0,940.0,945.0,940.0,940.0,49,0,0,3743
2026-09-04T12,29,0,101.0,105.0,101.0,103.0,48,110,11330,249403
2026-09-04T12,30,0,151.0,153.0,149.0,153.0,48,0,0,120120
2026-09-04T12,31,0,200.0,200.0,200.0,200.0,49,1021,204200,564674
2026-09-04T12,32,0,218.0,218.0,214.0,216.0,48,0,0,130666
2026-09-04T12,33,0,107.0,108.0,105.0,108.0,48,690,74520,106707
2026-09-04T12,34,0,89.0,89.5,89.0,89.5,48,270,24165,109272
2026-09-04T12,35,0,82.5,83.5,82.0,82.5,48,0,0,351329
2026-09-04T12,40,0,1.51,1.56,1.49,1.55,49,36155,55179,432109
2026-09-04T12,41,0,4.85,4.85,4.75,4.8,49,57888,304250,1394188
2026-09-04T12,42,0,5.1,5.1,4.9,4.95,49,41000,216296,874238
2026-09-04T12,43,0,11.4,11.7,11.2,11.5,49,52703,617260,851408
2026-09-04T12,44,0,1.25,1.25,1.24,1.25,49,481256,621570,6374444
2026-09-04T12,45,0,15.1,15.7,15.1,15.3,49,54952,846502,98909
2026-09-04T12,46,0,27.25,28.0,27.0,27.75,49,3245,90996,151978
2026-09-04T12,47,0,440.0,440.0,440.0,440.0,49,7683,3565542,64880
2026-09-04T12,48,0,222.0,222.0,220.0,222.0,50,2702,606062,7154
2026-09-04T12,49,0,950.0,950.0,950.0,950.0,50,1974,2050180,5167
2026-09-04T12,50,0,320.0,320.0,318.0,320.0,49,2913,1026950,8461
2026-09-04T12,51,0,775.0,775.0,770.0,775.0,49,1000,800000,19011
2026-09-04T12,52,0,610.0,610.0,600.0,605.0,48,0,0,27302
2026-09-04T12,53,0,3420.0,3420.0,3410.0,3410.0,49,21,72240,5151
2026-09-04T12,54,0,6450.0,6475.0,6450.0,6450.0,48,0,0,998
2026-09-04T12,55,0,2260.0,2270.0,2260.0,2260.0,48,0,0,4658
2026-09-04T12,56,0,4420.0,4420.0,4410.0,4410.0,49,2,8840,10604
2026-09-04T12,57,0,5600.0,5600.0,5575.0,5575.0,50,604,3445850,9856
2026-09-04T12,58,0,126.0,126.0,126.0,126.0,49,0,0,127652
2026-09-04T12,59,0,64.0,64.0,64.0,64.0,49,10,640,1230432
2026-09-04T12,60,0,5.5,5.9,5.5,5.7,48,3202,18646,78932
2026-09-04T12,61,0,19.5,19.5,19.3,19.3,48,10,195,4231868
2026-09-04T12,62,0,22.5,22.5,22.5,22.5,48,1,22,453660
2026-09-04T12,63,0,32.5,32.5,32.5,32.5,48,201,6532,183208
2026-09-04T12,64,0,47.0,47.0,47.0,47.0,49,1,47,146175
2026-09-04T12,65,0,13.1,13.1,13.1,13.1,49,16600,217460,491251
2026-09-04T12,66,0,0.268,0.28,0.252,0.278,50,4718982,1330505,5072883
2026-09-04T12,67,0,11.8,11.8,11.8,11.8,49,0,0,165182
2026-09-04T12,68,0,31.25,32.5,31.25,32.5,49,10000,332500,415971
2026-09-04T12,69,0,6200.0,6250.0,6200.0,6250.0,49,282,1852125,238
2026-09-04T12,70,0,800.0,800.0,800.0,800.0,49,11,8800,15916
2026-09-04T12,71,0,1570.0,1570.0,1570.0,1570.0,49,10,15700,31672
2026-09-04T12,72,0,1.63,1.68,1.63,1.66,49,22141,37045,1593806
2026-09-04T12,73,0,26.5,26.75,26.0,26.0,49,178416,5851343,193462
2026-09-04T12,74,0,20.25,20.25,19.8,20.0,50,23616,528167,62042
2026-09-04T12,75,0,6.3,6.4,6.3,6.3,48,296947,1915248,4110246
2026-09-04T12,76,0,59.0,59.0,58.0,59.0,48,5418,329512,87352
2026-09-04T12,77,0,2610.0,2610.0,2610.0,2610.0,48,1301,3731870,2639
2026-09-04T12,78,0,1860.0,1860.0,1860.0,1860.0,48,0,0,2805
2026-09-04T12,79,0,870.0,870.0,855.0,860.0,48,3591,3248035,32014
2026-09-04T12,80,0,4460.0,4460.0,4460.0,4460.0,49,40,198400,166
2026-09-04T12,81,0,5175.0,5175.0,5175.0,5175.0,49,109,575800,2289
2026-09-04T12,82,0,1510.0,1510.0,1510.0,1510.0,49,116,187340,7839
2026-09-04T12,83,0,30.5,30.5,29.75,29.75,49,146470,4901784,35684
2026-09-04T12,84,0,8900.0,8925.0,8900.0,8900.0,48,18,180000,1156
2026-09-04T12,85,0,7375.0,7375.0,7375.0,7375.0,48,0,0,91
2026-09-04T12,86,0,10100.0,10100.0,10100.0,10100.0,48,0,0,1160
2026-09-04T12,87,0,484.0,484.0,484.0,484.0,49,50,28620,2861
2026-09-04T12,88,0,10600.0,10600.0,10600.0,10600.0,49,40,453200,302
2026-09-04T12,89,0,4350.0,4350.0,4350.0,4350.0,49,12,56880,1485
2026-09-04T12,98,0,855.0,855.0,855.0,855.0,49,1,855,16473
2026-09-04T12,100,0,111.0,111.0,111.0,111.0,49,35302,3918522,944341
2026-09-04T12,101,0,199.0,199.0,197.0,199.0,48,13723,2730877,363762
2026-09-04T12,102,0,2.65,2.75,2.65,2.75,48,194168,533962,4256423
2026-09-04T12,103,0,6.7,7.0,6.7,6.8,48,133400,956188,214044
2026-09-04T12,104,0,0.975,0.99,0.97,0.98,49,155465,163733,2534155
2026-09-04T12,105,0,1.56,1.56,1.56,1.56,49,42699,67218,2024046
2026-09-04T12,106,0,4.0,4.0,3.8,3.9,48,19735,84139,28846
2026-09-04T12,107,0,19.9,21.0,19.9,21.0,49,7952,164504,254605
2026-09-04T12,108,0,9.9,10.1,9.9,10.0,48,13184,133158,1655402
2026-09-04T12,109,0,111.0,111.0,110.0,111.0,48,640,71040,204849
2026-09-04T12,110,0,195.0,195.0,194.0,194.0,48,640,124160,139674
2026-09-04T12,111,0,2600.0,2600.0,2560.0,2570.0,48,1819,4715070,97009
2026-09-04T12,112,0,2180.0,2190.0,2180.0,2180.0,48,32,69760,12135
2026-09-04T12,113,0,127.0,127.0,124.0,125.0,48,140,17500,29554
2026-09-04T12,114,0,645.0,655.0,645.0,655.0,48,156,142740,4182
2026-09-04T12,115,0,126.0,130.0,126.0,129.0,49,10330,1405021,88864
2026-09-04T12,116,0,39.0,39.25,38.75,39.0,49,495,19672,112358
2026-09-04T12,117,0,6.8,7.0,6.6,6.8,49,65103,541957,44639
2026-09-04T12,118,0,0.78,0.78,0.775,0.775,49,0,0,450879
2026-09-04T12,119,0,30.75,32.25,30.75,32.0,49,3391,106146,50688
2026-09-04T12,120,0,2.7,2.85,2.65,2.65,49,92346,313409,1854682
2026-09-04T12,121,0,150.0,150.0,149.0,150.0,49,2076,453374,3287
2026-09-04T12,122,0,128.0,128.0,126.0,127.0,49,3340,433106,22991
2026-09-04T12,123,0,298.0,298.0,296.0,296.0,49,287,84952,25277
2026-09-04T12,124,0,36.5,36.75,36.0,36.0,48,0,0,146258
2026-09-04T12,125,0,25.75,26.25,25.0,26.0,47,0,0,21310
2026-09-04T12,126,0,54.5,56.0,54.5,55.5,48,0,0,51583
2026-09-04T12,127,0,476.0,476.0,476.0,476.0,48,5,2380,15434
2026-09-04T12,128,0,53.5,53.5,53.5,53.5,48,0,0,96117
2026-09-04T12,129,0,2130.0,2130.0,2130.0,2130.0,48,0,0,310
2026-09-04T12,130,0,2040.0,2040.0,2040.0,2040.0,49,0,0,1261
2026-09-04T12,131,0,2390.0,2390.0,2380.0,2380.0,49,0,0,2026
2026-09-04T12,132,0,2130.0,2130.0,2130.0,2130.0,48,0,0,184
2026-09-04T12,133,0,17.8,18.1,17.5,17.8,49,351140,10263487,14872
2026-09-04T12,134,0,49.5,49.75,49.5,49.75,49,6916,371168,90778
2026-09-04T12,135,0,17.6,17.7,17.3,17.4,48,8931,158097,238478
2026-09-04T12,136,0,1.51,1.51,1.5,1.5,48,60100,94950,103360
2026-09-04T12,137,0,125.0,126.0,120.0,120.0,49,743,93181,29915
2026-09-04T12,138,0,1170.0,1280.0,1170.0,1280.0,49,100,123240,724
2026-09-04T12,139,0,10.0,10.1,10.0,10.0,50,30614,310501,635965
2026-09-04T12,140,0,258.0,262.0,258.0,258.0,50,6,1548,21390
2026-09-04T12,141,0,35.25,35.25,35.0,35.0,49,105005,7329515,22654
2026-09-04T12,142,0,760.0,760.0,760.0,760.0,49,595,583015,1108
2026-09-04T12,143,0,705.0,720.0,705.0,720.0,48,6000,5488950,4094
2026-09-04T12,144,0,17.4,17.4,17.4,17.4,47,0,0,131219
2026-09-04T12,145,0,135.0,136.0,132.0,136.0,48,110,14960,1042683
2026-09-04T12,146,0,6.5,6.6,6.1,6.1,47,0,0,29758
2026-09-04T12,147,0,39.5,39.5,39.25,39.25,47,0,0,412446
2026-09-04T12,148,0,33.25,33.25,33.25,33.25,49,0,0,70599
2026-09-04T12,149,0,725.0,780.0,725.0,780.0,48,579,538150,110
2026-09-04T12,150,0,368.0,368.0,368.0,368.0,49,0,0,1398
2026-09-04T12,151,0,386.0,386.0,384.0,384.0,49,0,0,5404
2026-09-04T12,152,0,234.0,234.0,234.0,234.0,49,0,0,225
2026-09-04T12,153,0,87.5,87.5,80.0,80.0,49,63,5040,3288
2026-09-04T12,154,0,84.5,84.5,84.5,84.5,49,0,0,16
2026-09-04T12,155,0,131.0,131.0,131.0,131.0,50,0,0,6622
2026-09-04T13,1,0,0.255,0.262,0.253,0.259,69,0,0,
2026-09-04T13,2,0,0.361,0.367,0.359,0.367,69,0,0,
2026-09-04T13,3,0,2.3,2.4,2.1,2.15,69,0,0,
2026-09-04T13,4,0,2.45,2.55,2.35,2.4,69,0,0,
2026-09-04T13,5,0,2.9,2.95,2.7,2.95,69,0,0,
2026-09-04T13,6,0,0.705,0.715,0.68,0.68,69,0,0,
2026-09-04T13,7,0,39.75,40.75,39.5,40.25,69,0,0,
2026-09-04T13,8,0,11.2,11.2,8.3,10.9,69,0,0,
2026-09-04T13,9,0,1.16,1.22,1.15,1.21,69,0,0,
2026-09-04T13,10,0,29.25,29.25,27.75,29.0,69,0,0,
2026-09-04T13,11,0,41.0,42.0,40.25,41.75,69,0,0,
2026-09-04T13,12,0,41.0,41.25,40.75,41.0,69,0,0,
2026-09-04T13,13,0,0.356,0.362,0.355,0.362,69,0,0,
2026-09-04T13,14,0,10.9,11.0,10.4,10.6,69,0,0,
2026-09-04T13,15,0,10.3,10.4,9.6,9.6,69,0,0,
2026-09-04T13,16,0,8.3,8.6,8.2,8.4,69,0,0,
2026-09-04T13,17,0,14.5,14.5,14.3,14.4,69,0,0,
2026-09-04T13,18,0,20.25,21.0,20.0,20.0,69,0,0,
2026-09-04T13,19,0,11.1,11.1,10.9,10.9,69,0,0,
2026-09-04T13,20,0,109.0,111.0,107.0,107.0,69,0,0,
2026-09-04T13,21,0,57.5,59.0,57.5,58.5,69,0,0,
2026-09-04T13,22,0,86.0,89.0,86.0,87.5,69,0,0,
2026-09-04T13,23,0,129.0,129.0,126.0,126.0,69,0,0,
2026-09-04T13,24,0,615.0,615.0,605.0,615.0,69,0,0,
2026-09-04T13,25,0,755.0,755.0,745.0,745.0,69,0,0,
2026-09-04T13,26,0,1190.0,1190.0,1170.0,1170.0,69,0,0,
2026-09-04T13,27,0,560.0,560.0,560.0,560.0,69,0,0,
2026-09-04T13,28,0,935.0,935.0,930.0,930.0,69,0,0,
2026-09-04T13,29,0,105.0,105.0,101.0,104.0,69,0,0,
2026-09-04T13,30,0,154.0,155.0,150.0,154.0,69,0,0,
2026-09-04T13,31,0,200.0,202.0,200.0,200.0,69,0,0,
2026-09-04T13,32,0,212.0,218.0,212.0,216.0,69,0,0,
2026-09-04T13,33,0,108.0,108.0,106.0,108.0,69,0,0,
2026-09-04T13,34,0,89.5,89.5,88.5,89.0,69,0,0,
2026-09-04T13,35,0,82.0,83.5,82.0,82.0,69,0,0,
2026-09-04T13,40,0,1.49,1.5,1.47,1.5,69,0,0,
2026-09-04T13,41,0,4.6,4.7,4.6,4.65,69,0,0,
2026-09-04T13,42,0,5.0,5.2,4.9,4.9,69,0,0,
2026-09-04T13,43,0,11.6,11.7,11.4,11.6,69,0,0,
2026-09-04T13,44,0,1.23,1.25,1.2,1.22,69,0,0,
2026-09-04T13,45,0,15.8,16.0,15.8,16.0,69,0,0,
2026-09-04T13,46,0,27.25,28.25,26.0,26.75,69,0,0,
2026-09-04T13,47,0,440.0,440.0,438.0,438.0,69,0,0,
2026-09-04T13,48,0,222.0,222.0,222.0,222.0,69,0,0,
2026-09-04T13,49,0,950.0,950.0,945.0,945.0,69,0,0,
2026-09-04T13,50,0,320.0,320.0,316.0,316.0,69,0,0,
2026-09-04T13,51,0,775.0,775.0,770.0,775.0,69,0,0,
2026-09-04T13,52,0,615.0,615.0,610.0,615.0,69,0,0,
2026-09-04T13,53,0,3410.0,3460.0,3410.0,3460.0,69,0,0,
2026-09-04T13,54,0,6475.0,6475.0,6475.0,6475.0,69,0,0,
2026-09-04T13,55,0,2270.0,2320.0,2270.0,2320.0,69,0,0,
2026-09-04T13,56,0,4410.0,4430.0,4380.0,4430.0,69,0,0,
2026-09-04T13,57,0,5575.0,5600.0,5575.0,5600.0,69,0,0,
2026-09-04T13,58,0,125.0,125.0,125.0,125.0,69,0,0,
2026-09-04T13,59,0,63.0,65.0,63.0,65.0,69,0,0,
2026-09-04T13,60,0,5.6,5.6,5.3,5.3,69,0,0,
2026-09-04T13,61,0,19.3,19.3,19.3,19.3,69,0,0,
2026-09-04T13,62,0,22.5,22.5,22.5,22.5,69,0,0,
2026-09-04T13,63,0,32.75,33.75,32.75,33.75,69,0,0,
2026-09-04T13,64,0,47.0,47.0,46.5,46.75,69,0,0,
2026-09-04T13,65,0,13.1,13.2,13.1,13.2,69,0,0,
2026-09-04T13,66,0,0.275,0.281,0.25,0.277,69,0,0,
2026-09-04T13,67,0,11.8,11.8,11.8,11.8,69,0,0,
2026-09-04T13,68,0,32.25,32.25,30.0,31.25,69,0,0,
2026-09-04T13,69,0,6250.0,6525.0,6250.0,6525.0,69,0,0,
2026-09-04T13,70,0,800.0,800.0,800.0,800.0,69,0,0,
2026-09-04T13,71,0,1570.0,1570.0,1560.0,1560.0,69,0,0,
2026-09-04T13,72,0,1.62,1.62,1.6,1.61,69,0,0,
2026-09-04T13,73,0,26.75,27.0,25.5,26.75,69,0,0,
2026-09-04T13,74,0,19.6,20.5,19.6,19.9,69,0,0,
2026-09-04T13,75,0,6.3,6.4,6.0,6.2,69,0,0,
2026-09-04T13,76,0,57.5,58.0,57.0,58.0,69,0,0,
2026-09-04T13,77,0,2610.0,2610.0,2600.0,2600.0,69,0,0,
2026-09-04T13,78,0,1860.0,1860.0,1820.0,1820.0,69,0,0,
2026-09-04T13,79,0,875.0,880.0,860.0,860.0,69,0,0,
2026-09-04T13,80,0,4460.0,4460.0,4460.0,4460.0,69,0,0,
2026-09-04T13,81,0,5100.0,5100.0,5075.0,5075.0,69,0,0,
2026-09-04T13,82,0,1510.0,1510.0,1510.0,1510.0,69,0,0,
2026-09-04T13,83,0,29.75,30.25,29.5,29.5,69,0,0,
2026-09-04T13,84,0,8925.0,8925.0,8900.0,8925.0,69,0,0,
2026-09-04T13,85,0,7375.0,7375.0,7375.0,7375.0,69,0,0,
2026-09-04T13,86,0,10000.0,10200.0,10000.0,10200.0,69,0,0,
2026-09-04T13,87,0,484.0,484.0,484.0,484.0,69,0,0,
2026-09-04T13,88,0,10600.0,10600.0,10500.0,10500.0,69,0,0,
2026-09-04T13,89,0,4350.0,4350.0,4350.0,4350.0,69,0,0,
2026-09-04T13,98,0,860.0,860.0,855.0,855.0,69,0,0,
2026-09-04T13,100,0,111.0,111.0,111.0,111.0,69,0,0,
2026-09-04T13,101,0,197.0,199.0,196.0,197.0,69,0,0,
2026-09-04T13,102,0,2.65,2.75,2.65,2.7,69,0,0,
2026-09-04T13,103,0,7.0,7.0,6.7,6.9,69,0,0,
2026-09-04T13,104,0,0.98,1.0,0.98,0.995,69,0,0,
2026-09-04T13,105,0,1.56,1.58,1.55,1.57,69,0,0,
2026-09-04T13,106,0,3.95,4.35,3.9,4.35,69,0,0,
2026-09-04T13,107,0,21.0,21.0,20.0,20.75,69,0,0,
2026-09-04T13,108,0,10.1,10.1,9.8,9.8,69,0,0,
2026-09-04T13,109,0,111.0,112.0,110.0,112.0,69,0,0,
2026-09-04T13,110,0,194.0,196.0,190.0,195.0,69,0,0,
2026-09-04T13,111,0,2610.0,2610.0,2540.0,2580.0,69,0,0,
2026-09-04T13,112,0,2200.0,2220.0,2200.0,2210.0,69,0,0,
2026-09-04T13,113,0,122.0,124.0,100.0,124.0,69,0,0,
2026-09-04T13,114,0,650.0,655.0,650.0,655.0,69,0,0,
2026-09-04T13,115,0,130.0,130.0,125.0,125.0,69,0,0,
2026-09-04T13,116,0,38.5,39.0,38.25,38.75,69,0,0,
2026-09-04T13,117,0,6.8,7.2,6.6,7.1,69,0,0,
2026-09-04T13,118,0,0.77,0.77,0.76,0.765,69,0,0,
2026-09-04T13,119,0,32.0,32.5,31.75,32.0,69,0,0,
2026-09-04T13,120,0,2.6,2.85,2.5,2.5,69,0,0,
2026-09-04T13,121,0,150.0,150.0,149.0,150.0,69,0,0,
2026-09-04T13,122,0,127.0,130.0,127.0,130.0,69,0,0,
2026-09-04T13,123,0,294.0,296.0,290.0,290.0,69,0,0,
2026-09-04T13,124,0,36.0,36.0,35.25,35.5,69,0,0,
2026-09-04T13,125,0,25.5,27.25,25.5,26.75,69,0,0,
2026-09-04T13,126,0,56.0,56.0,54.0,56.0,69,0,0,
2026-09-04T13,127,0,476.0,476.0,476.0,476.0,69,0,0,
2026-09-04T13,128,0,53.5,53.5,53.5,53.5,69,0,0,
2026-09-04T13,129,0,2130.0,2130.0,2130.0,2130.0,69,0,0,
2026-09-04T13,130,0,2040.0,2040.0,2030.0,2030.0,69,0,0,
2026-09-04T13,131,0,2380.0,2380.0,2370.0,2380.0,69,0,0,
2026-09-04T13,132,0,2130.0,2130.0,2130.0,2130.0,69,0,0,
2026-09-04T13,133,0,19.0,19.0,17.6,17.6,69,0,0,
2026-09-04T13,134,0,49.25,49.25,48.75,48.75,69,0,0,
2026-09-04T13,135,0,17.0,17.4,17.0,17.3,69,0,0,
2026-09-04T13,136,0,1.48,1.52,1.48,1.51,69,0,0,
2026-09-04T13,137,0,126.0,126.0,125.0,126.0,69,0,0,
2026-09-04T13,138,0,1270.0,1270.0,1260.0,1260.0,69,0,0,
2026-09-04T13,139,0,10.0,10.0,9.4,9.6,69,0,0,
2026-09-04T13,140,0,262.0,262.0,260.0,260.0,69,0,0,
2026-09-04T13,141,0,35.0,35.0,35.0,35.0,69,0,0,
2026-09-04T13,142,0,755.0,755.0,755.0,755.0,69,0,0,
2026-09-04T13,143,0,720.0,720.0,715.0,715.0,69,0,0,
2026-09-04T13,144,0,17.4,17.4,17.4,17.4,69,0,0,
2026-09-04T13,145,0,136.0,136.0,133.0,135.0,69,0,0,
2026-09-04T13,146,0,6.6,6.9,6.4,6.6,69,0,0,
2026-09-04T13,147,0,39.25,39.75,39.25,39.75,69,0,0,
2026-09-04T13,148,0,33.25,33.25,30.0,30.0,69,0,0,
2026-09-04T13,149,0,780.0,790.0,780.0,790.0,69,0,0,
2026-09-04T13,150,0,368.0,368.0,364.0,364.0,69,0,0,
2026-09-04T13,151,0,384.0,384.0,384.0,384.0,69,0,0,
2026-09-04T13,152,0,234.0,234.0,234.0,234.0,69,0,0,
2026-09-04T13,155,0,131.0,131.0,131.0,131.0,69,0,0,
2026-09-04T14,1,0,0.259,0.262,0.25,0.26,81,0,0,
2026-09-04T14,2,0,0.367,0.371,0.358,0.369,81,0,0,
2026-09-04T14,3,0,2.15,2.45,1.99,2.3,81,0,0,
2026-09-04T14,4,0,2.4,2.5,2.2,2.4,81,0,0,
2026-09-04T14,5,0,2.95,3.0,2.75,2.85,81,0,0,
2026-09-04T14,6,0,0.68,0.705,0.65,0.7,81,0,0,
2026-09-04T14,7,0,40.25,41.25,40.0,40.5,81,0,0,
2026-09-04T14,8,0,10.9,11.0,10.8,10.9,81,0,0,
2026-09-04T14,9,0,1.21,1.22,0.94,1.19,81,0,0,
2026-09-04T14,10,0,29.0,29.5,28.75,29.0,81,0,0,
2026-09-04T14,11,0,41.75,41.75,40.0,41.75,81,0,0,
2026-09-04T14,12,0,41.0,41.0,39.0,40.75,81,0,0,
2026-09-04T14,13,0,0.362,0.362,0.358,0.361,81,0,0,
2026-09-04T14,14,0,10.6,11.1,10.5,10.9,81,0,0,
2026-09-04T14,15,0,9.6,10.3,9.5,9.5,81,0,0,
2026-09-04T14,16,0,8.4,8.5,8.0,8.5,81,0,0,
2026-09-04T14,17,0,14.4,14.7,14.2,14.4,81,0,0,
2026-09-04T14,18,0,20.0,21.0,19.2,20.75,81,0,0,
2026-09-04T14,19,0,10.9,11.2,10.8,11.2,81,0,0,
2026-09-04T14,20,0,107.0,110.0,107.0,109.0,81,0,0,
2026-09-04T14,21,0,58.5,58.5,57.0,58.0,81,0,0,
2026-09-04T14,22,0,87.5,90.5,87.0,89.0,81,0,0,
2026-09-04T14,23,0,126.0,127.0,126.0,127.0,81,0,0,
2026-09-04T14,24,0,615.0,630.0,615.0,630.0,81,0,0,
2026-09-04T14,25,0,745.0,755.0,730.0,735.0,81,0,0,
2026-09-04T14,26,0,1170.0,1180.0,1170.0,1180.0,81,0,0,
2026-09-04T14,27,0,560.0,570.0,560.0,570.0,81,0,0,
2026-09-04T14,28,0,930.0,945.0,930.0,945.0,81,0,0,
2026-09-04T14,29,0,104.0,106.0,104.0,105.0,81,0,0,
2026-09-04T14,30,0,154.0,154.0,152.0,153.0,81,0,0,
2026-09-04T14,31,0,200.0,200.0,199.0,199.0,81,0,0,
2026-09-04T14,32,0,216.0,218.0,210.0,212.0,81,0,0,
2026-09-04T14,33,0,108.0,110.0,108.0,110.0,81,0,0,
2026-09-04T14,34,0,89.0,89.0,88.5,89.0,81,0,0,
2026-09-04T14,35,0,82.0,83.0,82.0,83.0,81,0,0,
2026-09-04T14,40,0,1.5,1.55,1.45,1.45,81,0,0,
2026-09-04T14,41,0,4.65,4.65,4.55,4.6,81,0,0,
2026-09-04T14,42,0,4.9,5.2,4.75,5.0,81,0,0,
2026-09-04T14,43,0,11.6,11.6,11.2,11.4,81,0,0,
2026-09-04T14,44,0,1.22,1.25,1.22,1.25,81,0,0,
2026-09-04T14,45,0,16.0,16.0,15.4,15.5,81,0,0,
2026-09-04T14,46,0,26.75,28.0,26.0,26.75,81,0,0,
2026-09-04T14,47,0,438.0,442.0,438.0,442.0,81,0,0,
2026-09-04T14,48,0,222.0,222.0,222.0,222.0,81,0,0,
2026-09-04T14,49,0,945.0,945.0,945.0,945.0,81,0,0,
2026-09-04T14,50,0,316.0,320.0,312.0,320.0,81,0,0,
2026-09-04T14,51,0,775.0,775.0,765.0,770.0,81,0,0,
2026-09-04T14,52,0,615.0,615.0,610.0,610.0,81,0,0,
2026-09-04T14,53,0,3460.0,3460.0,3460.0,3460.0,81,0,0,
2026-09-04T14,54,0,6475.0,6475.0,6475.0,6475.0,81,0,0,
2026-09-04T14,55,0,2320.0,2320.0,2300.0,2300.0,81,0,0,
2026-09-04T14,56,0,4430.0,4430.0,4430.0,4430.0,81,0,0,
2026-09-04T14,57,0,5600.0,5600.0,5575.0,5575.0,81,0,0,
2026-09-04T14,58,0,125.0,125.0,123.0,123.0,81,0,0,
2026-09-04T14,59,0,65.0,66.0,65.0,66.0,81,0,0,
2026-09-04T14,60,0,5.3,5.8,5.3,5.7,81,0,0,
2026-09-04T14,61,0,19.3,19.5,18.9,18.9,81,0,0,
2026-09-04T14,62,0,22.5,22.5,22.0,22.25,81,0,0,
2026-09-04T14,63,0,33.75,33.75,33.75,33.75,81,0,0,
2026-09-04T14,64,0,46.75,46.75,46.75,46.75,81,0,0,
2026-09-04T14,65,0,13.2,13.2,13.0,13.1,81,0,0,
2026-09-04T14,66,0,0.277,0.279,0.23,0.279,81,0,0,
2026-09-04T14,67,0,11.8,11.8,11.8,11.8,81,0,0,
2026-09-04T14,68,0,31.25,32.0,30.0,31.75,81,0,0,
2026-09-04T14,69,0,6525.0,6525.0,6450.0,6525.0,81,0,0,
2026-09-04T14,70,0,800.0,805.0,800.0,805.0,81,0,0,
2026-09-04T14,71,0,1560.0,1580.0,1560.0,1570.0,81,0,0,
2026-09-04T14,72,0,1.61,1.65,1.44,1.64,81,0,0,
2026-09-04T14,73,0,26.75,27.25,26.25,26.5,81,0,0,
2026-09-04T14,74,0,19.9,20.5,19.7,20.5,81,0,0,
2026-09-04T14,75,0,6.2,6.2,6.0,6.1,81,0,0,
2026-09-04T14,76,0,58.0,60.5,58.0,60.5,81,0,0,
2026-09-04T14,77,0,2600.0,2610.0,2600.0,2610.0,81,0,0,
2026-09-04T14,78,0,1820.0,1820.0,1820.0,1820.0,81,0,0,
2026-09-04T14,79,0,860.0,890.0,860.0,865.0,81,0,0,
2026-09-04T14,80,0,4460.0,4460.0,4460.0,4460.0,81,0,0,
2026-09-04T14,81,0,5075.0,5175.0,5075.0,5175.0,81,0,0,
2026-09-04T14,82,0,1510.0,1510.0,1510.0,1510.0,81,0,0,
2026-09-04T14,83,0,29.5,30.5,29.5,30.0,81,0,0,
2026-09-04T14,84,0,8925.0,8925.0,8900.0,8900.0,81,0,0,
2026-09-04T14,85,0,7375.0,7450.0,7375.0,7450.0,81,0,0,
2026-09-04T14,86,0,10200.0,10200.0,10200.0,10200.0,81,0,0,
2026-09-04T14,87,0,484.0,484.0,484.0,484.0,81,0,0,
2026-09-04T14,88,0,10500.0,10600.0,10500.0,10600.0,81,0,0,
2026-09-04T14,89,0,4350.0,4400.0,4350.0,4400.0,81,0,0,
2026-09-04T14,98,0,855.0,860.0,850.0,860.0,81,0,0,
2026-09-04T14,100,0,111.0,111.0,111.0,111.0,81,0,0,
2026-09-04T14,101,0,197.0,198.0,196.0,198.0,81,0,0,
2026-09-04T14,102,0,2.7,2.8,2.6,2.65,81,0,0,
2026-09-04T14,103,0,6.9,6.9,6.7,6.7,81,0,0,
2026-09-04T14,104,0,0.995,1.0,0.995,1.0,81,0,0,
2026-09-04T14,105,0,1.57,1.58,1.56,1.57,81,0,0,
2026-09-04T14,106,0,4.35,4.4,3.95,4.0,81,0,0,
2026-09-04T14,107,0,20.75,21.0,20.25,20.25,81,0,0,
2026-09-04T14,108,0,9.8,10.1,9.8,9.9,81,0,0,
2026-09-04T14,109,0,112.0,112.0,109.0,112.0,81,0,0,
2026-09-04T14,110,0,195.0,199.0,193.0,199.0,81,0,0,
2026-09-04T14,111,0,2580.0,2610.0,2540.0,2570.0,81,0,0,
2026-09-04T14,112,0,2210.0,2220.0,2160.0,2200.0,81,0,0,
2026-09-04T14,113,0,124.0,124.0,122.0,122.0,81,0,0,
2026-09-04T14,114,0,655.0,665.0,650.0,650.0,81,0,0,
2026-09-04T14,115,0,125.0,130.0,125.0,126.0,81,0,0,
2026-09-04T14,116,0,38.75,39.25,38.75,39.0,81,0,0,
2026-09-04T14,117,0,7.1,7.2,7.0,7.2,81,0,0,
2026-09-04T14,118,0,0.765,0.775,0.7,0.775,81,0,0,
2026-09-04T14,119,0,32.0,32.5,31.75,31.75,81,0,0,
2026-09-04T14,120,0,2.5,2.6,2.35,2.6,81,0,0,
2026-09-04T14,121,0,150.0,150.0,150.0,150.0,81,0,0,
2026-09-04T14,122,0,130.0,130.0,129.0,130.0,81,0,0,
2026-09-04T14,123,0,290.0,294.0,290.0,290.0,81,0,0,
2026-09-04T14,124,0,35.5,36.5,34.75,36.5,81,0,0,
2026-09-04T14,125,0,26.75,27.25,24.0,27.0,81,0,0,
2026-09-04T14,126,0,56.0,56.5,55.5,55.5,81,0,0,
2026-09-04T14,127,0,476.0,476.0,474.0,474.0,81,0,0,
2026-09-04T14,128,0,53.5,54.0,53.5,54.0,81,0,0,
2026-09-04T14,129,0,2130.0,2170.0,2130.0,2160.0,81,0,0,
2026-09-04T14,130,0,2030.0,2030.0,2030.0,2030.0,81,0,0,
2026-09-04T14,131,0,2380.0,2380.0,2380.0,2380.0,81,0,0,
2026-09-04T14,132,0,2130.0,2130.0,2130.0,2130.0,81,0,0,
2026-09-04T14,133,0,17.6,18.0,16.7,17.6,81,0,0,
2026-09-04T14,134,0,48.75,49.75,48.75,49.75,81,0,0,
2026-09-04T14,135,0,17.3,17.4,17.2,17.4,81,0,0,
2026-09-04T14,136,0,1.51,1.51,1.4,1.49,81,0,0,
2026-09-04T14,137,0,126.0,126.0,126.0,126.0,81,0,0,
2026-09-04T14,138,0,1260.0,1260.0,1260.0,1260.0,81,0,0,
2026-09-04T14,139,0,9.6,10.1,9.6,10.1,81,0,0,
2026-09-04T14,140,0,260.0,262.0,256.0,260.0,81,0,0,
2026-09-04T14,141,0,35.0,35.0,35.0,35.0,81,0,0,
2026-09-04T14,142,0,755.0,755.0,755.0,755.0,81,0,0,
2026-09-04T14,143,0,715.0,715.0,715.0,715.0,81,0,0,
2026-09-04T14,144,0,17.4,17.4,17.4,17.4,81,0,0,
2026-09-04T14,145,0,135.0,136.0,133.0,136.0,81,0,0,
2026-09-04T14,146,0,6.6,6.8,6.5,6.5,81,0,0,
2026-09-04T14,147,0,39.75,39.75,39.5,39.5,81,0,0,
2026-09-04T14,148,0,30.0,30.0,30.0,30.0,81,0,0,
2026-09-04T14,149,0,790.0,790.0,790.0,790.0,81,0,0,
2026-09-04T14,150,0,364.0,364.0,360.0,360.0,81,0,0,
2026-09-04T14,151,0,384.0,384.0,384.0,384.0,81,0,0,
2026-09-04T14,152,0,234.0,234.0,234.0,234.0,81,0,0,
2026-09-04T14,153,0,82.0,82.0,82.0,82.0,51,0,0,
2026-09-04T14,154,0,78.0,78.0,77.0,77.0,80,0,0,
2026-09-04T14,155,0,131.0,131.0,131.0,131.0,81,0,0,
2026-09-04T15,1,0,0.26,0.262,0.256,0.258,106,0,0,
2026-09-04T15,2,0,0.369,0.371,0.362,0.366,106,0,0,
2026-09-04T15,3,0,2.3,2.4,1.99,1.99,106,0,0,
2026-09-04T15,4,0,2.4,2.55,2.15,2.15,106,0,0,
2026-09-04T15,5,0,2.85,2.9,2.45,2.8,106,0,0,
2026-09-04T15,6,0,0.7,0.715,0.69,0.69,106,0,0,
2026-09-04T15,7,0,40.5,41.0,40.25,41.0,106,0,0,
2026-09-04T15,8,0,10.9,11.0,10.6,10.9,106,0,0,
2026-09-04T15,9,0,1.19,1.2,1.1,1.17,106,0,0,
2026-09-04T15,10,0,29.0,29.5,27.75,28.75,106,0,0,
2026-09-04T15,11,0,41.75,42.0,41.25,41.25,106,0,0,
2026-09-04T15,12,0,40.75,41.25,40.0,40.0,106,0,0,
2026-09-04T15,13,0,0.361,0.364,0.361,0.363,106,0,0,
2026-09-04T15,14,0,10.9,11.1,10.5,11.0,106,0,0,
2026-09-04T15,15,0,9.5,10.2,9.5,10.2,106,0,0,
2026-09-04T15,16,0,8.5,8.6,8.3,8.5,106,0,0,
2026-09-04T15,17,0,14.4,14.8,14.3,14.8,106,0,0,
2026-09-04T15,18,0,20.75,20.75,19.5,19.9,106,0,0,
2026-09-04T15,19,0,11.2,11.2,11.1,11.2,106,0,0,
2026-09-04T15,20,0,109.0,111.0,109.0,109.0,106,0,0,
2026-09-04T15,21,0,58.0,58.5,57.0,57.5,106,0,0,
2026-09-04T15,22,0,89.0,90.5,88.0,88.5,106,0,0,
2026-09-04T15,23,0,127.0,131.0,126.0,129.0,106,0,0,
2026-09-04T15,24,0,630.0,645.0,620.0,645.0,106,0,0,
2026-09-04T15,25,0,735.0,760.0,730.0,755.0,106,0,0,
2026-09-04T15,26,0,1180.0,1200.0,1170.0,1200.0,106,0,0,
2026-09-04T15,27,0,570.0,570.0,570.0,570.0,106,0,0,
2026-09-04T15,28,0,945.0,945.0,935.0,945.0,106,0,0,
2026-09-04T15,29,0,105.0,106.0,101.0,101.0,106,0,0,
2026-09-04T15,30,0,153.0,154.0,150.0,153.0,106,0,0,
2026-09-04T15,31,0,199.0,199.0,198.0,199.0,106,0,0,
2026-09-04T15,32,0,212.0,212.0,206.0,206.0,106,0,0,
2026-09-04T15,33,0,110.0,111.0,107.0,107.0,106,0,0,
2026-09-04T15,34,0,89.0,89.0,88.0,88.0,106,0,0,
2026-09-04T15,35,0,83.0,83.0,79.5,82.0,106,0,0,
2026-09-04T15,40,0,1.45,1.59,1.44,1.54,106,0,0,
2026-09-04T15,41,0,4.6,4.7,4.5,4.6,106,0,0,
2026-09-04T15,42,0,5.0,5.2,4.8,5.1,106,0,0,
2026-09-04T15,43,0,11.4,11.6,11.4,11.6,106,0,0,
2026-09-04T15,44,0,1.25,1.26,1.22,1.22,106,0,0,
2026-09-04T15,45,0,15.5,15.9,13.0,15.7,106,0,0,
2026-09-04T15,46,0,26.75,28.5,24.0,27.25,106,0,0,
2026-09-04T15,47,0,442.0,444.0,442.0,444.0,106,0,0,
2026-09-04T15,48,0,222.0,222.0,222.0,222.0,106,0,0,
2026-09-04T15,49,0,945.0,945.0,940.0,940.0,106,0,0,
2026-09-04T15,50,0,320.0,320.0,314.0,320.0,106,0,0,
2026-09-04T15,51,0,770.0,770.0,750.0,765.0,106,0,0,
2026-09-04T15,52,0,610.0,610.0,610.0,610.0,106,0,0,
2026-09-04T15,53,0,3460.0,3460.0,3430.0,3430.0,106,0,0,
2026-09-04T15,54,0,6475.0,6475.0,6475.0,6475.0,106,0,0,
2026-09-04T15,55,0,2300.0,2320.0,2290.0,2320.0,106,0,0,
2026-09-04T15,56,0,4430.0,4430.0,4420.0,4420.0,106,0,0,
2026-09-04T15,57,0,5575.0,5600.0,5575.0,5600.0,106,0,0,
2026-09-04T15,58,0,123.0,123.0,121.0,121.0,106,0,0,
2026-09-04T15,59,0,66.0,66.0,64.5,64.5,106,0,0,
2026-09-04T15,60,0,5.7,5.9,5.5,5.5,106,0,0,
2026-09-04T15,61,0,18.9,19.4,18.0,18.0,106,0,0,
2026-09-04T15,62,0,22.25,22.25,21.75,21.75,106,0,0,
2026-09-04T15,63,0,33.75,33.75,33.75,33.75,106,0,0,
2026-09-04T15,64,0,46.75,47.0,46.5,47.0,106,0,0,
2026-09-04T15,65,0,13.1,13.2,13.1,13.1,106,0,0,
2026-09-04T15,66,0,0.279,0.281,0.268,0.268,106,0,0,
2026-09-04T15,67,0,11.8,11.8,11.8,11.8,106,0,0,
2026-09-04T15,68,0,31.75,32.5,31.5,31.5,106,0,0,
2026-09-04T15,69,0,6525.0,6525.0,6400.0,6475.0,106,0,0,
2026-09-04T15,70,0,805.0,805.0,800.0,805.0,106,0,0,
2026-09-04T15,71,0,1570.0,1590.0,1570.0,1580.0,106,0,0,
2026-09-04T15,72,0,1.64,1.64,1.57,1.57,106,0,0,
2026-09-04T15,73,0,26.5,27.5,26.0,27.0,106,0,0,
2026-09-04T15,74,0,20.5,21.0,20.0,21.0,106,0,0,
2026-09-04T15,75,0,6.1,6.4,6.1,6.2,106,0,0,
2026-09-04T15,76,0,60.5,60.5,59.5,59.5,106,0,0,
2026-09-04T15,77,0,2610.0,2610.0,2590.0,2590.0,106,0,0,
2026-09-04T15,78,0,1820.0,1860.0,1820.0,1840.0,106,0,0,
2026-09-04T15,79,0,865.0,885.0,865.0,870.0,106,0,0,
2026-09-04T15,80,0,4460.0,4460.0,4460.0,4460.0,106,0,0,
2026-09-04T15,81,0,5175.0,5175.0,5150.0,5150.0,106,0,0,
2026-09-04T15,82,0,1510.0,1510.0,1510.0,1510.0,106,0,0,
2026-09-04T15,83,0,30.0,30.25,30.0,30.25,106,0,0,
2026-09-04T15,84,0,8900.0,8900.0,8900.0,8900.0,106,0,0,
2026-09-04T15,85,0,7450.0,7450.0,7450.0,7450.0,106,0,0,
2026-09-04T15,86,0,10200.0,10300.0,10200.0,10300.0,106,0,0,
2026-09-04T15,87,0,484.0,525.0,484.0,525.0,106,0,0,
2026-09-04T15,88,0,10600.0,10600.0,10600.0,10600.0,106,0,0,
2026-09-04T15,89,0,4400.0,4400.0,4400.0,4400.0,106,0,0,
2026-09-04T15,98,0,860.0,860.0,860.0,860.0,106,0,0,
2026-09-04T15,100,0,111.0,111.0,111.0,111.0,106,0,0,
2026-09-04T15,101,0,198.0,200.0,197.0,200.0,106,0,0,
2026-09-04T15,102,0,2.65,2.7,2.55,2.55,106,0,0,
2026-09-04T15,103,0,6.7,6.7,6.5,6.5,106,0,0,
2026-09-04T15,104,0,1.0,1.0,0.99,1.0,106,0,0,
2026-09-04T15,105,0,1.57,1.57,1.54,1.54,106,0,0,
2026-09-04T15,106,0,4.0,4.45,4.0,4.25,106,0,0,
2026-09-04T15,107,0,20.25,20.5,20.0,20.25,106,0,0,
2026-09-04T15,108,0,9.9,9.9,9.7,9.8,106,0,0,
2026-09-04T15,109,0,112.0,112.0,110.0,112.0,106,0,0,
2026-09-04T15,110,0,199.0,199.0,198.0,199.0,106,0,0,
2026-09-04T15,111,0,2570.0,2600.0,2550.0,2560.0,106,0,0,
2026-09-04T15,112,0,2200.0,2220.0,2140.0,2190.0,106,0,0,
2026-09-04T15,113,0,122.0,122.0,119.0,122.0,106,0,0,
2026-09-04T15,114,0,650.0,660.0,645.0,650.0,106,0,0,
2026-09-04T15,115,0,126.0,129.0,125.0,126.0,106,0,0,
2026-09-04T15,116,0,39.0,39.25,39.0,39.25,106,0,0,
2026-09-04T15,117,0,7.2,7.2,7.0,7.1,106,0,0,
2026-09-04T15,118,0,0.775,0.775,0.765,0.765,106,0,0,
2026-09-04T15,119,0,31.75,31.75,31.25,31.5,106,0,0,
2026-09-04T15,120,0,2.6,2.75,2.6,2.6,106,0,0,
2026-09-04T15,121,0,150.0,150.0,149.0,150.0,106,0,0,
2026-09-04T15,122,0,130.0,130.0,125.0,130.0,106,0,0,
2026-09-04T15,123,0,290.0,294.0,284.0,292.0,106,0,0,
2026-09-04T15,124,0,36.5,36.5,34.0,34.0,106,0,0,
2026-09-04T15,125,0,27.0,27.0,24.75,25.5,106,0,0,
2026-09-04T15,126,0,55.5,58.0,55.5,57.0,106,0,0,
2026-09-04T15,127,0,474.0,474.0,474.0,474.0,106,0,0,
2026-09-04T15,128,0,54.0,54.0,54.0,54.0,106,0,0,
2026-09-04T15,129,0,2160.0,2160.0,2160.0,2160.0,106,0,0,
2026-09-04T15,130,0,2030.0,2030.0,2020.0,2020.0,106,0,0,
2026-09-04T15,131,0,2380.0,2380.0,2380.0,2380.0,106,0,0,
2026-09-04T15,132,0,2130.0,2130.0,2130.0,2130.0,106,0,0,
2026-09-04T15,133,0,17.6,18.0,17.6,17.9,106,0,0,
2026-09-04T15,134,0,49.75,49.75,49.5,49.75,106,0,0,
2026-09-04T15,135,0,17.4,17.6,17.2,17.4,106,0,0,
2026-09-04T15,136,0,1.49,1.52,1.47,1.47,106,0,0,
2026-09-04T15,137,0,126.0,126.0,126.0,126.0,106,0,0,
2026-09-04T15,138,0,1260.0,1260.0,1250.0,1250.0,106,0,0,
2026-09-04T15,139,0,10.1,10.1,9.8,9.9,106,0,0,
2026-09-04T15,140,0,260.0,260.0,258.0,258.0,106,0,0,
2026-09-04T15,141,0,35.0,35.0,35.0,35.0,106,0,0,
2026-09-04T15,142,0,755.0,755.0,755.0,755.0,106,0,0,
2026-09-04T15,143,0,715.0,715.0,715.0,715.0,106,0,0,
2026-09-04T15,144,0,17.4,17.4,17.4,17.4,106,0,0,
2026-09-04T15,145,0,136.0,136.0,133.0,133.0,106,0,0,
2026-09-04T15,146,0,6.5,6.7,6.0,6.2,106,0,0,
2026-09-04T15,147,0,39.5,39.5,39.5,39.5,106,0,0,
2026-09-04T15,148,0,30.0,30.0,30.0,30.0,106,0,0,
2026-09-04T15,149,0,790.0,790.0,790.0,790.0,106,0,0,
2026-09-04T15,150,0,360.0,388.0,360.0,384.0,106,0,0,
2026-09-04T15,151,0,384.0,384.0,384.0,384.0,106,0,0,
2026-09-04T15,152,0,234.0,234.0,234.0,234.0,106,0,0,
2026-09-04T15,153,0,82.0,82.0,82.0,82.0,106,0,0,
2026-09-04T15,154,0,77.0,77.0,77.0,77.0,106,0,0,
2026-09-04T15,155,0,131.0,131.0,131.0,131.0,106,0,0,
2026-09-04T16,1,0,0.257,0.261,0.249,0.255,105,0,0,
2026-09-04T16,2,0,0.366,0.37,0.355,0.365,105,0,0,
2026-09-04T16,3,0,2.0,2.45,2.0,2.2,105,0,0,
2026-09-04T16,4,0,2.15,2.45,2.15,2.35,105,0,0,
2026-09-04T16,5,0,2.8,2.95,2.7,2.85,105,0,0,
2026-09-04T16,6,0,0.69,0.705,0.66,0.675,105,0,0,
2026-09-04T16,7,0,41.0,41.0,39.75,40.0,105,0,0,
2026-09-04T16,8,0,10.9,11.1,10.7,11.1,105,0,0,
2026-09-04T16,9,0,1.17,1.17,1.12,1.15,105,0,0,
2026-09-04T16,10,0,28.5,28.75,28.25,28.5,105,0,0,
2026-09-04T16,11,0,41.25,42.0,40.25,41.75,105,0,0,
2026-09-04T16,12,0,40.0,41.0,40.0,40.0,105,0,0,
2026-09-04T16,13,0,0.363,0.364,0.36,0.36,105,0,0,
2026-09-04T16,14,0,10.9,11.1,10.6,11.0,105,0,0,
2026-09-04T16,15,0,10.2,10.4,9.9,9.9,105,0,0,
2026-09-04T16,16,0,8.5,8.6,8.1,8.4,105,0,0,
2026-09-04T16,17,0,14.8,14.9,14.3,14.7,105,0,0,
2026-09-04T16,18,0,19.9,21.0,19.8,20.25,105,0,0,
2026-09-04T16,19,0,11.2,11.2,11.1,11.1,105,0,0,
2026-09-04T16,20,0,109.0,111.0,105.0,106.0,105,0,0,
2026-09-04T16,21,0,57.5,58.5,56.5,58.0,105,0,0,
2026-09-04T16,22,0,88.5,89.5,87.0,88.5,105,0,0,
2026-09-04T16,23,0,129.0,133.0,128.0,133.0,105,0,0,
2026-09-04T16,24,0,645.0,645.0,630.0,635.0,105,0,0,
2026-09-04T16,25,0,755.0,765.0,755.0,760.0,105,0,0,
2026-09-04T16,26,0,1200.0,1210.0,1170.0,1170.0,105,0,0,
2026-09-04T16,27,0,570.0,580.0,570.0,580.0,105,0,0,
2026-09-04T16,28,0,945.0,945.0,945.0,945.0,105,0,0,
2026-09-04T16,29,0,101.0,101.0,99.5,100.0,105,0,0,
2026-09-04T16,30,0,153.0,154.0,151.0,153.0,105,0,0,
2026-09-04T16,31,0,199.0,199.0,198.0,199.0,105,0,0,
2026-09-04T16,32,0,206.0,218.0,204.0,204.0,105,0,0,
2026-09-04T16,33,0,107.0,107.0,106.0,107.0,105,0,0,
2026-09-04T16,34,0,88.0,89.0,87.0,87.0,105,0,0,
2026-09-04T16,35,0,82.0,83.0,81.0,81.0,105,0,0,
2026-09-04T16,40,0,1.54,1.58,1.52,1.58,105,0,0,
2026-09-04T16,41,0,4.6,4.7,4.6,4.7,105,0,0,
2026-09-04T16,42,0,5.1,5.2,4.9,4.9,105,0,0,
2026-09-04T16,43,0,11.5,11.7,11.3,11.6,105,0,0,
2026-09-04T16,44,0,1.22,1.28,1.21,1.28,105,0,0,
2026-09-04T16,45,0,15.7,15.7,15.5,15.7,105,0,0,
2026-09-04T16,46,0,27.25,28.75,26.5,28.25,105,0,0,
2026-09-04T16,47,0,444.0,450.0,440.0,448.0,105,0,0,
2026-09-04T16,48,0,222.0,224.0,222.0,222.0,105,0,0,
2026-09-04T16,49,0,940.0,940.0,940.0,940.0,105,0,0,
2026-09-04T16,50,0,320.0,320.0,320.0,320.0,105,0,0,
2026-09-04T16,51,0,765.0,775.0,765.0,775.0,105,0,0,
2026-09-04T16,52,0,610.0,615.0,600.0,610.0,105,0,0,
2026-09-04T16,53,0,3430.0,3430.0,3430.0,3430.0,105,0,0,
2026-09-04T16,54,0,6475.0,6475.0,6475.0,6475.0,105,0,0,
2026-09-04T16,55,0,2320.0,2320.0,2310.0,2310.0,105,0,0,
2026-09-04T16,56,0,4420.0,4420.0,4400.0,4400.0,105,0,0,
2026-09-04T16,57,0,5600.0,5600.0,5300.0,5575.0,105,0,0,
2026-09-04T16,58,0,121.0,122.0,119.0,122.0,105,0,0,
2026-09-04T16,59,0,64.5,65.0,64.5,65.0,105,0,0,
2026-09-04T16,60,0,5.5,5.9,5.5,5.5,105,0,0,
2026-09-04T16,61,0,19.3,19.5,18.0,19.3,105,0,0,
2026-09-04T16,62,0,21.75,21.75,21.75,21.75,105,0,0,
2026-09-04T16,63,0,33.75,33.75,33.5,33.5,105,0,0,
2026-09-04T16,64,0,47.0,47.0,47.0,47.0,105,0,0,
2026-09-04T16,65,0,13.1,13.1,13.1,13.1,105,0,0,
2026-09-04T16,66,0,0.268,0.28,0.266,0.279,105,0,0,
2026-09-04T16,67,0,11.8,11.8,11.8,11.8,105,0,0,
2026-09-04T16,68,0,31.5,31.5,31.25,31.5,105,0,0,
2026-09-04T16,69,0,6475.0,6475.0,6400.0,6400.0,105,0,0,
2026-09-04T16,70,0,805.0,805.0,750.0,805.0,105,0,0,
2026-09-04T16,71,0,1580.0,1580.0,1560.0,1560.0,105,0,0,
2026-09-04T16,72,0,1.57,1.69,1.57,1.69,105,0,0,
2026-09-04T16,73,0,27.0,27.5,26.0,27.5,105,0,0,
2026-09-04T16,74,0,21.0,21.0,19.8,19.8,105,0,0,
2026-09-04T16,75,0,6.2,6.3,6.1,6.2,105,0,0,
2026-09-04T16,76,0,59.5,59.5,59.5,59.5,105,0,0,
2026-09-04T16,77,0,2590.0,2590.0,2560.0,2560.0,105,0,0,
2026-09-04T16,78,0,1840.0,1840.0,1830.0,1840.0,105,0,0,
2026-09-04T16,79,0,870.0,890.0,860.0,890.0,105,0,0,
2026-09-04T16,80,0,4460.0,4460.0,4460.0,4460.0,105,0,0,
2026-09-04T16,81,0,5150.0,5150.0,5125.0,5125.0,105,0,0,
2026-09-04T16,82,0,1510.0,1510.0,1510.0,1510.0,105,0,0,
2026-09-04T16,83,0,30.0,30.25,29.25,30.25,105,0,0,
2026-09-04T16,84,0,8900.0,8900.0,8875.0,8875.0,105,0,0,
2026-09-04T16,85,0,7425.0,7425.0,7425.0,7425.0,105,0,0,
2026-09-04T16,86,0,10300.0,10300.0,10300.0,10300.0,105,0,0,
2026-09-04T16,87,0,525.0,525.0,520.0,520.0,105,0,0,
2026-09-04T16,88,0,10600.0,10600.0,10500.0,10500.0,105,0,0,
2026-09-04T16,89,0,4400.0,4400.0,4400.0,4400.0,105,0,0,
2026-09-04T16,98,0,860.0,860.0,860.0,860.0,105,0,0,
2026-09-04T16,100,0,111.0,111.0,110.0,111.0,105,0,0,
2026-09-04T16,101,0,200.0,200.0,194.0,200.0,105,0,0,
2026-09-04T16,102,0,2.55,2.65,2.55,2.6,105,0,0,
2026-09-04T16,103,0,6.5,6.8,6.5,6.6,105,0,0,
2026-09-04T16,104,0,1.0,1.0,0.995,1.0,105,0,0,
2026-09-04T16,105,0,1.54,1.58,1.52,1.57,105,0,0,
2026-09-04T16,106,0,4.25,4.55,4.25,4.5,105,0,0,
2026-09-04T16,107,0,20.25,20.5,20.0,20.25,105,0,0,
2026-09-04T16,108,0,9.8,10.2,9.7,10.1,105,0,0,
2026-09-04T16,109,0,112.0,112.0,106.0,109.0,105,0,0,
2026-09-04T16,110,0,199.0,200.0,197.0,199.0,105,0,0,
2026-09-04T16,111,0,2560.0,2600.0,2550.0,2600.0,105,0,0,
2026-09-04T16,112,0,2190.0,2220.0,2190.0,2210.0,105,0,0,
2026-09-04T16,113,0,122.0,124.0,121.0,123.0,105,0,0,
2026-09-04T16,114,0,650.0,660.0,645.0,655.0,105,0,0,
2026-09-04T16,115,0,126.0,130.0,126.0,128.0,105,0,0,
2026-09-04T16,116,0,39.25,39.25,39.0,39.0,105,0,0,
2026-09-04T16,117,0,7.1,7.3,7.1,7.3,105,0,0,
2026-09-04T16,118,0,0.77,0.825,0.76,0.825,105,0,0,
2026-09-04T16,119,0,31.5,32.75,31.25,32.0,105,0,0,
2026-09-04T16,120,0,2.6,2.65,2.45,2.5,105,0,0,
2026-09-04T16,121,0,150.0,150.0,149.0,150.0,105,0,0,
2026-09-04T16,122,0,130.0,130.0,128.0,129.0,105,0,0,
2026-09-04T16,123,0,292.0,296.0,286.0,294.0,105,0,0,
2026-09-04T16,124,0,34.0,37.5,33.75,35.75,105,0,0,
2026-09-04T16,125,0,25.5,27.25,22.0,25.5,105,0,0,
2026-09-04T16,126,0,57.0,61.5,50.0,58.0,105,0,0,
2026-09-04T16,127,0,474.0,474.0,474.0,474.0,105,0,0,
2026-09-04T16,128,0,54.0,54.0,54.0,54.0,105,0,0,
2026-09-04T16,129,0,2160.0,2160.0,2160.0,2160.0,105,0,0,
2026-09-04T16,130,0,2020.0,2020.0,2020.0,2020.0,105,0,0,
2026-09-04T16,131,0,2380.0,2380.0,2370.0,2370.0,105,0,0,
2026-09-04T16,132,0,2130.0,2250.0,2130.0,2250.0,105,0,0,
2026-09-04T16,133,0,17.9,19.0,17.6,18.2,105,0,0,
2026-09-04T16,134,0,49.75,50.0,49.5,50.0,105,0,0,
2026-09-04T16,135,0,17.4,17.5,17.1,17.5,105,0,0,
2026-09-04T16,136,0,1.47,1.52,1.45,1.45,105,0,0,
2026-09-04T16,137,0,126.0,126.0,125.0,125.0,105,0,0,
2026-09-04T16,138,0,1250.0,1250.0,1240.0,1240.0,105,0,0,
2026-09-04T16,139,0,9.9,10.5,9.9,9.9,105,0,0,
2026-09-04T16,140,0,258.0,260.0,254.0,260.0,105,0,0,
2026-09-04T16,141,0,35.0,35.0,35.0,35.0,105,0,0,
2026-09-04T16,142,0,755.0,810.0,755.0,805.0,105,0,0,
2026-09-04T16,143,0,715.0,720.0,715.0,715.0,105,0,0,
2026-09-04T16,144,0,17.4,17.4,17.4,17.4,105,0,0,
2026-09-04T16,145,0,134.0,136.0,130.0,135.0,105,0,0,
2026-09-04T16,146,0,6.2,6.4,5.4,6.3,105,0,0,
2026-09-04T16,147,0,39.5,39.5,39.5,39.5,105,0,0,
2026-09-04T16,148,0,30.0,33.0,30.0,33.0,105,0,0,
2026-09-04T16,149,0,790.0,795.0,790.0,790.0,105,0,0,
2026-09-04T16,150,0,384.0,384.0,380.0,380.0,105,0,0,
2026-09-04T16,151,0,384.0,384.0,384.0,384.0,105,0,0,
2026-09-04T16,152,0,234.0,234.0,234.0,234.0,105,0,0,
2026-09-04T16,153,0,82.0,82.0,82.0,82.0,105,0,0,
2026-09-04T16,154,0,77.0,77.0,77.0,77.0,105,0,0,
2026-09-04T16,155,0,131.0,131.0,130.0,130.0,105,0,0,
2026-09-04T17,1,0,0.258,0.261,0.254,0.261,107,0,0,
2026-09-04T17,2,0,0.365,0.372,0.356,0.368,107,0,0,
2026-09-04T17,3,0,2.2,2.45,2.1,2.1,107,0,0,
2026-09-04T17,4,0,2.35,2.4,2.2,2.2,107,0,0,
2026-09-04T17,5,0,2.8,2.8,2.65,2.8,107,0,0,
2026-09-04T17,6,0,0.68,0.68,0.655,0.655,107,0,0,
2026-09-04T17,7,0,40.0,40.25,39.5,40.0,107,0,0,
2026-09-04T17,8,0,11.0,11.1,10.5,11.0,107,0,0,
2026-09-04T17,9,0,1.15,1.21,1.1,1.14,107,0,0,
2026-09-04T17,10,0,28.75,28.75,27.5,28.25,107,0,0,
2026-09-04T17,11,0,41.75,41.75,37.5,41.5,107,0,0,
2026-09-04T17,12,0,40.0,41.0,39.5,40.0,107,0,0,
2026-09-04T17,13,0,0.361,0.364,0.36,0.363,107,0,0,
2026-09-04T17,14,0,11.0,11.1,10.8,11.1,107,0,0,
2026-09-04T17,15,0,9.9,10.1,9.8,10.0,107,0,0,
2026-09-04T17,16,0,8.5,8.7,8.3,8.7,107,0,0,
2026-09-04T17,17,0,14.7,14.9,14.0,14.9,107,0,0,
2026-09-04T17,18,0,20.75,21.0,19.8,20.75,107,0,0,
2026-09-04T17,19,0,11.1,11.3,11.0,11.3,107,0,0,
2026-09-04T17,20,0,106.0,110.0,106.0,110.0,107,0,0,
2026-09-04T17,21,0,58.0,59.5,57.0,58.5,107,0,0,
2026-09-04T17,22,0,88.5,89.5,86.5,88.0,107,0,0,
2026-09-04T17,23,0,133.0,133.0,129.0,129.0,107,0,0,
2026-09-04T17,24,0,635.0,645.0,620.0,640.0,107,0,0,
2026-09-04T17,25,0,760.0,765.0,750.0,765.0,107,0,0,
2026-09-04T17,26,0,1170.0,1210.0,1170.0,1200.0,107,0,0,
2026-09-04T17,27,0,580.0,580.0,580.0,580.0,107,0,0,
2026-09-04T17,28,0,945.0,945.0,935.0,935.0,107,0,0,
2026-09-04T17,29,0,100.0,101.0,99.0,99.0,107,0,0,
2026-09-04T17,30,0,153.0,154.0,150.0,153.0,107,0,0,
2026-09-04T17,31,0,199.0,199.0,198.0,198.0,107,0,0,
2026-09-04T17,32,0,216.0,216.0,210.0,212.0,107,0,0,
2026-09-04T17,33,0,107.0,107.0,103.0,106.0,107,0,0,
2026-09-04T17,34,0,87.0,88.0,86.0,86.0,107,0,0,
2026-09-04T17,35,0,81.0,83.0,80.5,82.0,107,0,0,
2026-09-04T17,40,0,1.58,1.58,1.53,1.55,107,0,0,
2026-09-04T17,41,0,4.7,4.7,4.6,4.7,107,0,0,
2026-09-04T17,42,0,4.9,4.9,4.7,4.8,107,0,0,
2026-09-04T17,43,0,11.6,11.8,11.4,11.8,107,0,0,
2026-09-04T17,44,0,1.28,1.28,1.25,1.26,107,0,0,
2026-09-04T17,45,0,15.7,15.7,13.0,15.7,107,0,0,
2026-09-04T17,46,0,28.25,28.5,27.0,27.5,107,0,0,
2026-09-04T17,47,0,448.0,448.0,446.0,446.0,107,0,0,
2026-09-04T17,48,0,222.0,222.0,220.0,220.0,107,0,0,
2026-09-04T17,49,0,940.0,940.0,940.0,940.0,107,0,0,
2026-09-04T17,50,0,320.0,320.0,318.0,318.0,107,0,0,
2026-09-04T17,51,0,775.0,785.0,775.0,785.0,107,0,0,
2026-09-04T17,52,0,610.0,610.0,600.0,600.0,107,0,0,
2026-09-04T17,53,0,3430.0,3430.0,3410.0,3410.0,107,0,0,
2026-09-04T17,54,0,6475.0,6500.0,6475.0,6500.0,107,0,0,
2026-09-04T17,55,0,2310.0,2320.0,2310.0,2320.0,107,0,0,
2026-09-04T17,56,0,4400.0,4410.0,4400.0,4410.0,107,0,0,
2026-09-04T17,57,0,5575.0,5600.0,5575.0,5600.0,107,0,0,
2026-09-04T17,58,0,122.0,124.0,121.0,121.0,107,0,0,
2026-09-04T17,59,0,65.0,65.0,64.0,64.0,107,0,0,
2026-09-04T17,60,0,5.5,6.9,5.5,6.6,107,0,0,
2026-09-04T17,61,0,19.3,19.3,19.0,19.0,107,0,0,
2026-09-04T17,62,0,21.75,21.75,21.75,21.75,107,0,0,
2026-09-04T17,63,0,33.5,33.5,33.5,33.5,107,0,0,
2026-09-04T17,64,0,47.0,47.0,46.75,46.75,107,0,0,
2026-09-04T17,65,0,13.1,13.2,13.1,13.1,107,0,0,
2026-09-04T17,66,0,0.278,0.28,0.266,0.28,107,0,0,
2026-09-04T17,67,0,11.8,11.8,11.8,11.8,107,0,0,
2026-09-04T17,68,0,31.5,32.0,31.25,32.0,107,0,0,
2026-09-04T17,69,0,6400.0,6525.0,6300.0,6525.0,107,0,0,
2026-09-04T17,70,0,800.0,805.0,790.0,800.0,107,0,0,
2026-09-04T17,71,0,1560.0,1560.0,1550.0,1550.0,107,0,0,
2026-09-04T17,72,0,1.69,1.69,1.53,1.66,107,0,0,
2026-09-04T17,73,0,27.25,27.75,26.75,27.25,107,0,0,
2026-09-04T17,74,0,19.8,20.25,19.7,19.7,107,0,0,
2026-09-04T17,75,0,6.2,6.4,6.1,6.4,107,0,0,
2026-09-04T17,76,0,59.5,60.5,59.5,59.5,107,0,0,
2026-09-04T17,77,0,2560.0,2610.0,2560.0,2610.0,107,0,0,
2026-09-04T17,78,0,1840.0,1850.0,1840.0,1850.0,107,0,0,
2026-09-04T17,79,0,890.0,890.0,870.0,870.0,107,0,0,
2026-09-04T17,80,0,4460.0,4470.0,4450.0,4470.0,107,0,0,
2026-09-04T17,81,0,5175.0,5175.0,5150.0,5175.0,107,0,0,
2026-09-04T17,82,0,1510.0,1510.0,1510.0,1510.0,107,0,0,
2026-09-04T17,83,0,30.25,31.0,30.0,31.0,107,0,0,
2026-09-04T17,84,0,8875.0,8875.0,8875.0,8875.0,107,0,0,
2026-09-04T17,85,0,7425.0,7425.0,7425.0,7425.0,107,0,0,
2026-09-04T17,86,0,10300.0,10400.0,10300.0,10300.0,107,0,0,
2026-09-04T17,87,0,520.0,520.0,515.0,515.0,107,0,0,
2026-09-04T17,88,0,10500.0,10500.0,10500.0,10500.0,107,0,0,
2026-09-04T17,89,0,4400.0,4400.0,4400.0,4400.0,107,0,0,
2026-09-04T17,98,0,860.0,865.0,860.0,865.0,107,0,0,
2026-09-04T17,100,0,111.0,111.0,111.0,111.0,107,0,0,
2026-09-04T17,101,0,198.0,200.0,197.0,199.0,107,0,0,
2026-09-04T17,102,0,2.6,2.75,2.6,2.75,107,0,0,
2026-09-04T17,103,0,6.6,6.6,6.4,6.4,107,0,0,
2026-09-04T17,104,0,1.0,1.0,1.0,1.0,107,0,0,
2026-09-04T17,105,0,1.57,1.57,1.51,1.54,107,0,0,
2026-09-04T17,106,0,4.5,4.5,4.1,4.1,107,0,0,
2026-09-04T17,107,0,20.25,20.5,19.8,19.8,107,0,0,
2026-09-04T17,108,0,10.1,10.2,9.7,9.9,107,0,0,
2026-09-04T17,109,0,109.0,110.0,107.0,108.0,107,0,0,
2026-09-04T17,110,0,199.0,200.0,195.0,195.0,107,0,0,
2026-09-04T17,111,0,2600.0,2600.0,2520.0,2590.0,107,0,0,
2026-09-04T17,112,0,2210.0,2220.0,2200.0,2220.0,107,0,0,
2026-09-04T17,113,0,123.0,123.0,120.0,120.0,107,0,0,
2026-09-04T17,114,0,655.0,655.0,650.0,655.0,107,0,0,
2026-09-04T17,115,0,128.0,129.0,122.0,126.0,107,0,0,
2026-09-04T17,116,0,39.0,39.0,38.75,38.75,107,0,0,
2026-09-04T17,117,0,7.3,7.3,6.0,7.1,107,0,0,
2026-09-04T17,118,0,0.825,0.83,0.82,0.83,107,0,0,
2026-09-04T17,119,0,32.0,33.0,31.25,32.25,107,0,0,
2026-09-04T17,120,0,2.5,2.65,2.35,2.6,107,0,0,
2026-09-04T17,121,0,150.0,150.0,150.0,150.0,107,0,0,
2026-09-04T17,122,0,129.0,129.0,127.0,127.0,107,0,0,
2026-09-04T17,123,0,294.0,298.0,294.0,294.0,107,0,0,
2026-09-04T17,124,0,35.75,35.75,34.5,34.5,107,0,0,
2026-09-04T17,125,0,25.5,25.5,24.75,25.25,107,0,0,
2026-09-04T17,126,0,58.0,60.0,57.5,58.0,107,0,0,
2026-09-04T17,127,0,474.0,474.0,472.0,474.0,107,0,0,
2026-09-04T17,128,0,54.0,54.0,54.0,54.0,107,0,0,
2026-09-04T17,129,0,2160.0,2160.0,2150.0,2150.0,107,0,0,
2026-09-04T17,130,0,2020.0,2020.0,2020.0,2020.0,107,0,0,
2026-09-04T17,131,0,2370.0,2370.0,2370.0,2370.0,107,0,0,
2026-09-04T17,132,0,2250.0,2250.0,2250.0,2250.0,107,0,0,
2026-09-04T17,133,0,18.3,18.3,17.5,18.3,107,0,0,
2026-09-04T17,134,0,50.0,50.0,49.75,49.75,107,0,0,
2026-09-04T17,135,0,17.5,17.6,17.3,17.3,107,0,0,
2026-09-04T17,136,0,1.45,1.48,1.4,1.47,107,0,0,
2026-09-04T17,137,0,125.0,125.0,124.0,124.0,107,0,0,
2026-09-04T17,138,0,1240.0,1240.0,1240.0,1240.0,107,0,0,
2026-09-04T17,139,0,9.8,10.1,9.7,10.1,107,0,0,
2026-09-04T17,140,0,260.0,260.0,258.0,260.0,107,0,0,
2026-09-04T17,141,0,35.0,35.0,35.0,35.0,107,0,0,
2026-09-04T17,142,0,805.0,805.0,800.0,800.0,107,0,0,
2026-09-04T17,143,0,715.0,715.0,715.0,715.0,107,0,0,
2026-09-04T17,144,0,17.4,17.4,17.4,17.4,107,0,0,
2026-09-04T17,145,0,135.0,136.0,133.0,135.0,107,0,0,
2026-09-04T17,146,0,6.3,6.4,5.0,6.2,107,0,0,
2026-09-04T17,147,0,39.5,39.5,39.5,39.5,107,0,0,
2026-09-04T17,148,0,33.0,33.0,33.0,33.0,107,0,0,
2026-09-04T17,149,0,790.0,790.0,790.0,790.0,107,0,0,
2026-09-04T17,150,0,380.0,380.0,376.0,376.0,107,0,0,
2026-09-04T17,151,0,384.0,384.0,384.0,384.0,107,0,0,
2026-09-04T17,152,0,234.0,234.0,234.0,234.0,107,0,0,
2026-09-04T17,153,0,82.0,82.0,81.5,82.0,107,0,0,
2026-09-04T17,154,0,77.0,77.0,77.0,77.0,107,0,0,
2026-09-04T17,155,0,130.0,130.0,130.0,130.0,107,0,0,
2026-09-04T18,1,0,0.261,0.263,0.251,0.258,100,0,0,
2026-09-04T18,2,0,0.368,0.373,0.361,0.37,100,0,0,
2026-09-04T18,3,0,2.05,2.4,1.99,2.15,100,0,0,
2026-09-04T18,4,0,2.2,2.45,2.15,2.35,100,0,0,
2026-09-04T18,5,0,2.8,2.8,2.55,2.55,100,0,0,
2026-09-04T18,6,0,0.655,0.68,0.655,0.665,100,0,0,
2026-09-04T18,7,0,40.0,40.0,38.25,38.5,100,0,0,
2026-09-04T18,8,0,11.0,11.2,10.8,11.0,100,0,0,
2026-09-04T18,9,0,1.1,1.2,1.1,1.15,100,0,0,
2026-09-04T18,10,0,28.25,29.25,25.25,29.25,100,0,0,
2026-09-04T18,11,0,41.5,41.5,41.0,41.25,100,0,0,
2026-09-04T18,12,0,41.0,41.25,40.25,41.25,100,0,0,
2026-09-04T18,13,0,0.361,0.364,0.358,0.364,100,0,0,
2026-09-04T18,14,0,11.1,11.1,10.8,11.0,100,0,0,
2026-09-04T18,15,0,10.0,10.3,9.6,10.2,100,0,0,
2026-09-04T18,16,0,8.7,8.8,8.0,8.5,100,0,0,
2026-09-04T18,17,0,14.7,14.9,14.2,14.5,100,0,0,
2026-09-04T18,18,0,20.75,21.0,19.9,20.5,100,0,0,
2026-09-04T18,19,0,11.3,11.5,11.1,11.4,100,0,0,
2026-09-04T18,20,0,110.0,110.0,101.0,110.0,100,0,0,
2026-09-04T18,21,0,58.5,60.0,56.0,57.5,100,0,0,
2026-09-04T18,22,0,88.0,90.5,86.5,90.0,100,0,0,
2026-09-04T18,23,0,129.0,131.0,129.0,131.0,100,0,0,
2026-09-04T18,24,0,640.0,645.0,635.0,640.0,100,0,0,
2026-09-04T18,25,0,765.0,765.0,765.0,765.0,100,0,0,
2026-09-04T18,26,0,1200.0,1210.0,1190.0,1190.0,100,0,0,
2026-09-04T18,27,0,580.0,580.0,580.0,580.0,100,0,0,
2026-09-04T18,28,0,935.0,935.0,935.0,935.0,100,0,0,
2026-09-04T18,29,0,99.0,101.0,98.0,100.0,100,0,0,
2026-09-04T18,30,0,153.0,154.0,152.0,154.0,100,0,0,
2026-09-04T18,31,0,198.0,198.0,198.0,198.0,100,0,0,
2026-09-04T18,32,0,212.0,218.0,210.0,218.0,100,0,0,
2026-09-04T18,33,0,106.0,110.0,104.0,109.0,100,0,0,
2026-09-04T18,34,0,86.0,91.5,85.5,91.5,100,0,0,
2026-09-04T18,35,0,82.0,83.5,82.0,83.0,100,0,0,
2026-09-04T18,40,0,1.55,1.55,1.47,1.51,100,0,0,
2026-09-04T18,41,0,4.7,4.7,4.5,4.7,100,0,0,
2026-09-04T18,42,0,4.8,5.2,4.8,4.85,100,0,0,
2026-09-04T18,43,0,11.8,11.8,11.5,11.8,100,0,0,
2026-09-04T18,44,0,1.26,1.27,1.25,1.26,100,0,0,
2026-09-04T18,45,0,15.7,15.7,15.4,15.7,100,0,0,
2026-09-04T18,46,0,27.25,27.75,26.5,26.5,100,0,0,
2026-09-04T18,47,0,446.0,448.0,434.0,434.0,100,0,0,
2026-09-04T18,48,0,220.0,222.0,220.0,222.0,100,0,0,
2026-09-04T18,49,0,940.0,940.0,935.0,935.0,100,0,0,
2026-09-04T18,50,0,318.0,320.0,318.0,320.0,100,0,0,
2026-09-04T18,51,0,785.0,785.0,780.0,785.0,100,0,0,
2026-09-04T18,52,0,600.0,610.0,600.0,610.0,100,0,0,
2026-09-04T18,53,0,3410.0,3410.0,3410.0,3410.0,100,0,0,
2026-09-04T18,54,0,6500.0,6500.0,6500.0,6500.0,100,0,0,
2026-09-04T18,55,0,2320.0,2320.0,2310.0,2310.0,100,0,0,
2026-09-04T18,56,0,4410.0,4410.0,4410.0,4410.0,100,0,0,
2026-09-04T18,57,0,5600.0,5600.0,5600.0,5600.0,100,0,0,
2026-09-04T18,58,0,121.0,127.0,121.0,127.0,100,0,0,
2026-09-04T18,59,0,64.0,66.0,64.0,66.0,100,0,0,
2026-09-04T18,60,0,6.5,6.5,5.6,5.6,100,0,0,
2026-09-04T18,61,0,19.0,19.0,18.6,19.0,100,0,0,
2026-09-04T18,62,0,21.75,22.25,21.75,22.25,100,0,0,
2026-09-04T18,63,0,33.5,34.0,33.5,34.0,100,0,0,
2026-09-04T18,64,0,46.75,47.0,44.0,44.0,100,0,0,
2026-09-04T18,65,0,13.1,13.1,13.1,13.1,100,0,0,
2026-09-04T18,66,0,0.279,0.283,0.25,0.279,100,0,0,
2026-09-04T18,67,0,11.8,11.8,11.8,11.8,100,0,0,
2026-09-04T18,68,0,32.0,32.0,30.0,30.0,100,0,0,
2026-09-04T18,69,0,6500.0,6500.0,6300.0,6425.0,100,0,0,
2026-09-04T18,70,0,800.0,805.0,800.0,805.0,100,0,0,
2026-09-04T18,71,0,1550.0,1550.0,1540.0,1550.0,100,0,0,
2026-09-04T18,72,0,1.66,1.66,1.59,1.6,100,0,0,
2026-09-04T18,73,0,27.0,27.75,25.75,27.0,100,0,0,
2026-09-04T18,74,0,19.7,19.8,19.3,19.6,100,0,0,
2026-09-04T18,75,0,6.4,6.4,6.2,6.4,100,0,0,
2026-09-04T18,76,0,59.5,59.5,59.0,59.0,100,0,0,
2026-09-04T18,77,0,2610.0,2610.0,2580.0,2600.0,100,0,0,
2026-09-04T18,78,0,1850.0,1860.0,1840.0,1860.0,100,0,0,
2026-09-04T18,79,0,870.0,890.0,870.0,890.0,100,0,0,
2026-09-04T18,80,0,4470.0,4480.0,4470.0,4480.0,100,0,0,
2026-09-04T18,81,0,5175.0,5175.0,5125.0,5150.0,100,0,0,
2026-09-04T18,82,0,1510.0,1510.0,1510.0,1510.0,100,0,0,
2026-09-04T18,83,0,30.75,31.25,30.5,30.75,100,0,0,
2026-09-04T18,84,0,8875.0,8900.0,8875.0,8875.0,100,0,0,
2026-09-04T18,85,0,7425.0,7425.0,7400.0,7400.0,100,0,0,
2026-09-04T18,86,0,10300.0,10300.0,10200.0,10200.0,100,0,0,
2026-09-04T18,87,0,515.0,515.0,515.0,515.0,100,0,0,
2026-09-04T18,88,0,10500.0,10500.0,10400.0,10500.0,100,0,0,
2026-09-04T18,89,0,4400.0,4400.0,4390.0,4390.0,100,0,0,
2026-09-04T18,98,0,865.0,865.0,865.0,865.0,100,0,0,
2026-09-04T18,100,0,111.0,111.0,111.0,111.0,100,0,0,
2026-09-04T18,101,0,198.0,200.0,197.0,198.0,100,0,0,
2026-09-04T18,102,0,2.65,2.75,2.55,2.7,100,0,0,
2026-09-04T18,103,0,6.4,6.6,6.3,6.6,100,0,0,
2026-09-04T18,104,0,1.0,1.0,0.995,0.995,100,0,0,
2026-09-04T18,105,0,1.54,1.54,1.5,1.5,100,0,0,
2026-09-04T18,106,0,4.1,4.55,3.95,4.55,100,0,0,
2026-09-04T18,107,0,19.8,19.8,19.7,19.8,100,0,0,
2026-09-04T18,108,0,10.0,10.1,9.9,10.0,100,0,0,
2026-09-04T18,109,0,108.0,108.0,107.0,107.0,100,0,0,
2026-09-04T18,110,0,195.0,198.0,195.0,197.0,100,0,0,
2026-09-04T18,111,0,2570.0,2600.0,2550.0,2560.0,100,0,0,
2026-09-04T18,112,0,2220.0,2220.0,2210.0,2220.0,100,0,0,
2026-09-04T18,113,0,120.0,120.0,116.0,118.0,100,0,0,
2026-09-04T18,114,0,655.0,660.0,655.0,655.0,100,0,0,
2026-09-04T18,115,0,126.0,128.0,121.0,123.0,100,0,0,
2026-09-04T18,116,0,38.75,38.75,38.5,38.5,100,0,0,
2026-09-04T18,117,0,7.1,7.1,6.8,6.8,100,0,0,
2026-09-04T18,118,0,0.83,0.83,0.82,0.82,100,0,0,
2026-09-04T18,119,0,32.25,32.25,31.0,31.25,100,0,0,
2026-09-04T18,120,0,2.6,2.7,2.55,2.6,100,0,0,
2026-09-04T18,121,0,150.0,150.0,149.0,149.0,100,0,0,
2026-09-04T18,122,0,127.0,128.0,125.0,128.0,100,0,0,
2026-09-04T18,123,0,294.0,298.0,292.0,292.0,100,0,0,
2026-09-04T18,124,0,34.5,34.5,32.75,33.75,100,0,0,
2026-09-04T18,125,0,25.25,26.25,24.5,26.0,100,0,0,
2026-09-04T18,126,0,58.0,58.0,55.0,55.0,100,0,0,
2026-09-04T18,127,0,474.0,474.0,472.0,472.0,100,0,0,
2026-09-04T18,128,0,54.0,54.0,54.0,54.0,100,0,0,
2026-09-04T18,129,0,2150.0,2150.0,2150.0,2150.0,100,0,0,
2026-09-04T18,130,0,2020.0,2020.0,2020.0,2020.0,100,0,0,
2026-09-04T18,131,0,2370.0,2370.0,2360.0,2360.0,100,0,0,
2026-09-04T18,132,0,2250.0,2250.0,2230.0,2230.0,100,0,0,
2026-09-04T18,133,0,18.3,18.3,17.9,18.1,100,0,0,
2026-09-04T18,134,0,49.75,49.75,49.25,49.5,100,0,0,
2026-09-04T18,135,0,17.3,17.9,17.3,17.8,100,0,0,
2026-09-04T18,136,0,1.47,1.52,1.47,1.52,100,0,0,
2026-09-04T18,137,0,120.0,126.0,120.0,126.0,100,0,0,
2026-09-04T18,138,0,1240.0,1240.0,1230.0,1230.0,100,0,0,
2026-09-04T18,139,0,10.1,10.1,9.6,10.0,100,0,0,
2026-09-04T18,140,0,260.0,260.0,252.0,258.0,100,0,0,
2026-09-04T18,141,0,35.0,35.0,34.75,34.75,100,0,0,
2026-09-04T18,142,0,800.0,800.0,795.0,800.0,100,0,0,
2026-09-04T18,143,0,715.0,715.0,715.0,715.0,100,0,0,
2026-09-04T18,144,0,17.4,17.4,17.4,17.4,100,0,0,
2026-09-04T18,145,0,135.0,136.0,134.0,134.0,100,0,0,
2026-09-04T18,146,0,6.2,6.5,6.0,6.5,100,0,0,
2026-09-04T18,147,0,39.5,39.5,39.5,39.5,100,0,0,
2026-09-04T18,148,0,33.0,33.0,33.0,33.0,100,0,0,
2026-09-04T18,149,0,790.0,790.0,790.0,790.0,100,0,0,
2026-09-04T18,150,0,376.0,378.0,372.0,378.0,100,0,0,
2026-09-04T18,151,0,384.0,384.0,384.0,384.0,100,0,0,
2026-09-04T18,152,0,234.0,234.0,234.0,234.0,100,0,0,
2026-09-04T18,153,0,82.0,82.0,81.5,81.5,100,0,0,
2026-09-04T18,154,0,77.0,82.0,77.0,81.5,100,0,0,
2026-09-04T18,155,0,130.0,130.0,130.0,130.0,100,0,0,
