heure,kind,quality,prix,vendu,disparu,n_evt
2026-09-04T12,21,0,58.5,21328,,2
2026-09-04T12,21,0,59.0,34410,,1
2026-09-04T12,21,0,60.0,20550,,2
2026-09-04T12,21,0,63.0,267,,1
2026-09-04T13,21,2,58.0,5859,,1
2026-09-04T13,21,5,63.0,3250,,1
2026-09-04T13,21,6,64.0,150,,1
2026-09-04T14,21,2,58.0,1103,,1
2026-09-04T14,21,2,59.0,36898,,2
2026-09-04T15,21,1,58.5,9464,,1
2026-09-04T15,21,2,58.5,494,,2
2026-09-04T15,21,3,59.5,691,,1
2026-09-04T15,21,4,60.0,14099,,1
2026-09-04T16,21,1,57.5,1194,,2
2026-09-04T16,21,2,58.0,303,,1
2026-09-04T16,21,2,58.5,1128,,2
2026-09-04T16,21,3,59.0,2039,,1
2026-09-04T16,21,3,59.5,3656,,1
2026-09-04T16,21,4,60.0,2848,,1
2026-09-04T16,21,5,60.5,26152,,2
2026-09-04T16,21,6,64.0,1856,,1
2026-09-04T17,21,1,58.5,2127,,2
2026-09-04T17,21,2,59.5,8396,,2
2026-09-04T17,21,3,60.0,2459,,1
2026-09-04T17,21,4,61.0,824,,1
2026-09-04T18,21,0,57.0,10196,,1
2026-09-04T18,21,1,58.5,1031,,1
2026-09-04T18,21,2,59.5,190,,1
2026-09-04T18,21,3,59.5,2000,,1
2026-09-04T18,21,3,60.0,6321,,2
2026-09-04T18,21,4,61.0,6443,,2
2026-09-04T21,21,0,57.5,83,,1
2026-09-04T21,21,0,59.0,671,,1
2026-09-04T21,21,1,57.5,7670,,1
2026-09-04T21,21,1,59.0,1177,,3
2026-09-04T21,21,2,58.0,1930,,1
2026-09-04T21,21,2,58.5,5138,,1
2026-09-04T21,21,2,59.0,30542,,5
2026-09-04T21,21,3,59.5,4362,,1
2026-09-04T21,21,4,61.0,26878,,2
2026-09-04T21,21,5,62.5,4167,,1
2026-09-04T23,21,0,59.0,0,701,1
2026-09-04T23,21,3,59.0,0,5005,1
2026-09-04T23,21,3,59.5,51458,0,2
2026-09-05T00,21,0,58.5,0,258,1
2026-09-05T00,21,0,59.0,0,74,1
2026-09-05T00,21,1,58.5,64,0,1
2026-09-05T00,21,1,59.0,0,189,1
2026-09-05T00,21,2,59.5,1079,0,1
2026-09-05T00,21,3,59.5,5056,13538,4
2026-09-05T00,21,4,60.5,0,5842,1
2026-09-05T00,21,4,61.0,1106,0,1
2026-09-05T01,21,1,58.5,0,153,1
2026-09-05T01,21,1,59.0,8717,9304,2
2026-09-05T01,21,2,59.0,0,1529,1
2026-09-05T01,21,2,59.5,11600,13624,4
2026-09-05T01,21,3,59.0,13444,0,2
2026-09-05T01,21,3,60.0,12336,0,1
2026-09-05T01,21,4,60.5,300,0,1
2026-09-05T01,21,5,63.0,0,3042,1
2026-09-05T01,21,5,63.5,7480,0,2
2026-09-05T01,21,6,63.5,0,15199,1
2026-09-05T02,21,0,57.0,0,2588,2
2026-09-05T02,21,1,58.5,8363,0,3
2026-09-05T02,21,2,57.5,7419,4829,2
2026-09-05T02,21,2,58.0,0,2316,1
2026-09-05T02,21,3,59.0,18878,0,3
2026-09-05T02,21,4,60.0,0,1766,1
2026-09-05T02,21,4,60.5,0,882,1
2026-09-05T02,21,4,61.0,25990,3900,2
2026-09-05T02,21,4,61.5,9452,0,1
2026-09-05T03,21,0,58.0,0,142,1
2026-09-05T03,21,1,56.0,0,52,1
2026-09-05T03,21,1,56.5,0,327,1
2026-09-05T03,21,1,57.0,0,8120,1
2026-09-05T03,21,1,57.5,0,3739,1
2026-09-05T03,21,1,58.0,3197,4108,3
2026-09-05T03,21,1,58.5,0,1219,1
2026-09-05T03,21,3,58.0,0,3368,1
2026-09-05T03,21,3,58.5,0,3151,1
2026-09-05T03,21,3,59.0,3710,5545,3
2026-09-05T03,21,3,59.5,3962,0,1
2026-09-05T03,21,5,63.0,0,3000,1
2026-09-05T03,21,6,63.5,0,50000,1
2026-09-05T04,21,0,57.0,0,330,1
2026-09-05T04,21,0,57.5,0,1983,1
2026-09-05T04,21,0,58.0,0,148,1
2026-09-05T04,21,0,58.5,0,50,1
2026-09-05T04,21,1,58.0,0,420,1
2026-09-05T04,21,1,58.5,1036,0,1
2026-09-05T04,21,1,59.0,0,843,1
2026-09-05T04,21,2,59.5,20451,0,2
2026-09-05T04,21,3,59.0,0,6059,1
2026-09-05T04,21,3,59.5,0,682,1
2026-09-05T04,21,3,60.0,16543,0,2
2026-09-05T04,21,5,63.5,0,4954,1
2026-09-05T04,21,6,64.0,12348,0,2
2026-09-05T05,21,0,57.5,0,365,1
2026-09-05T05,21,0,58.0,0,6517,1
2026-09-05T05,21,0,58.5,0,134,1
2026-09-05T05,21,1,57.0,0,6979,1
2026-09-05T05,21,1,57.5,10841,15782,2
2026-09-05T05,21,1,58.0,0,541,1
2026-09-05T05,21,1,58.5,19035,3790,2
2026-09-05T05,21,1,59.0,288,0,1
2026-09-05T05,21,2,58.5,0,173,1
2026-09-05T05,21,2,59.0,6928,15334,3
2026-09-05T05,21,3,59.5,6947,0,1
2026-09-05T05,21,4,61.0,20128,0,1
2026-09-05T05,21,5,64.0,0,26629,1
2026-09-05T05,21,5,66.0,0,5000,1
2026-09-05T05,21,6,64.0,3576,2959,2
2026-09-05T05,21,6,66.5,9982,0,1
2026-09-05T05,21,7,66.5,0,1000,1
2026-09-05T06,21,0,58.0,480,1609,2
2026-09-05T06,21,0,58.5,30,0,1
2026-09-05T06,21,1,58.5,10747,1253,3
2026-09-05T06,21,1,59.0,2682,0,1
2026-09-05T06,21,2,59.0,7916,318,2
2026-09-05T06,21,2,59.5,0,21980,2
2026-09-05T06,21,3,59.0,11802,295,3
2026-09-05T06,21,3,59.5,0,8474,1
2026-09-05T06,21,3,60.0,53791,0,1
2026-09-05T06,21,4,60.5,0,10000,1
2026-09-05T06,21,4,61.0,300,0,1
2026-09-05T07,21,0,56.5,0,6417,1
2026-09-05T07,21,0,57.0,15,267,2
2026-09-05T07,21,0,57.5,0,2284,1
2026-09-05T07,21,1,58.0,0,2916,1
2026-09-05T07,21,1,58.5,765,0,1
2026-09-05T07,21,3,60.0,6422,0,1
2026-09-05T07,21,4,61.0,2147,0,1
2026-09-05T07,21,5,65.0,14447,11701,3
2026-09-05T07,21,6,66.5,13236,0,1
2026-09-05T08,21,0,56.5,0,678,2
2026-09-05T08,21,0,57.0,0,788,1
2026-09-05T08,21,0,57.5,0,766,1
2026-09-05T08,21,0,58.0,0,820,1
2026-09-05T08,21,1,56.5,900,0,1
2026-09-05T08,21,1,57.0,800,0,1
2026-09-05T08,21,1,58.0,0,1199,1
2026-09-05T08,21,1,58.5,4886,0,1
2026-09-05T08,21,2,57.0,3472,27722,3
2026-09-05T08,21,3,57.5,10950,0,3
2026-09-05T08,21,4,61.0,26762,0,2
2026-09-05T08,21,5,66.0,4800,0,1
2026-09-05T08,21,6,66.5,0,6727,1
2026-09-05T08,21,7,67.0,0,25171,1
2026-09-05T08,21,7,67.5,16750,0,1
2026-09-05T09,21,0,55.0,0,377,2
2026-09-05T09,21,0,55.5,1559,1961,2
2026-09-05T09,21,0,56.0,0,15325,1
2026-09-05T09,21,0,56.5,0,200,1
2026-09-05T09,21,0,57.5,0,169,1
2026-09-05T09,21,1,56.5,0,1103,1
2026-09-05T09,21,1,57.0,497,3609,3
2026-09-05T09,21,2,56.5,0,1107,1
2026-09-05T09,21,2,57.0,0,36962,1
2026-09-05T09,21,2,57.5,0,131,1
2026-09-05T09,21,3,57.0,0,9739,1
2026-09-05T09,21,3,57.5,65000,93455,2
2026-09-05T09,21,3,58.0,4776,0,2
2026-09-05T09,21,6,61.0,8340,0,1
2026-09-05T10,21,0,55.5,0,21678,1
2026-09-05T10,21,0,56.0,0,1000,1
2026-09-05T10,21,0,56.5,0,294,1
2026-09-05T10,21,0,57.5,896,0,1
2026-09-05T10,21,1,56.5,0,1121,1
2026-09-05T10,21,1,57.0,3166,2974,3
2026-09-05T10,21,1,57.5,1315,0,1
2026-09-05T10,21,2,57.5,0,500,1
2026-09-05T10,21,2,58.0,0,4051,2
2026-09-05T10,21,3,58.0,4000,16058,3
2026-09-05T10,21,3,58.5,2327,0,1
2026-09-05T10,21,3,59.0,0,542,1
2026-09-05T10,21,3,59.5,0,8179,1
2026-09-05T10,21,4,60.0,1866,0,1
2026-09-05T10,21,6,61.0,1620,0,2
2026-09-05T11,21,0,57.5,0,1842,2
2026-09-05T11,21,0,58.5,0,8110,1
2026-09-05T11,21,0,59.0,7761,0,2
2026-09-05T11,21,1,57.5,6852,7459,2
2026-09-05T11,21,1,58.0,0,10000,1
2026-09-05T11,21,1,58.5,0,649,1
2026-09-05T11,21,1,59.0,0,1030,1
2026-09-05T11,21,2,59.0,0,22805,1
2026-09-05T11,21,3,58.0,0,7774,1
2026-09-05T11,21,3,58.5,0,2202,1
2026-09-05T11,21,3,59.0,0,1692,1
2026-09-05T11,21,4,59.5,4467,0,1
2026-09-05T12,21,0,57.5,0,198,2
2026-09-05T12,21,0,58.0,0,4408,2
2026-09-05T12,21,0,58.5,0,102,1
2026-09-05T12,21,0,59.0,2613,0,1
2026-09-05T12,21,2,59.0,6877,10938,2
2026-09-05T12,21,3,59.5,32363,33825,3
2026-09-05T12,21,4,59.5,15636,6879,2
2026-09-05T12,21,4,60.0,4197,12937,2
2026-09-05T12,21,4,60.5,0,261,1
2026-09-05T12,21,4,61.0,11346,0,1
2026-09-05T12,21,6,61.0,21658,8060,3
2026-09-05T13,21,0,58.5,150,0,1
2026-09-05T13,21,0,59.0,500,0,1
2026-09-05T13,21,1,57.0,0,589,1
2026-09-05T13,21,1,57.5,0,3202,2
2026-09-05T13,21,1,58.5,662,0,1
2026-09-05T13,21,2,58.0,3053,3260,2
2026-09-05T13,21,2,58.5,5150,0,1
2026-09-05T13,21,3,59.0,2385,0,1
2026-09-05T13,21,3,59.5,5701,0,1
2026-09-05T13,21,4,61.0,1434,0,1
2026-09-05T13,21,6,64.0,0,2923,1
2026-09-05T13,21,6,65.0,1952,0,1
2026-09-05T14,21,0,57.5,0,85,1
2026-09-05T14,21,1,58.0,2110,0,1
2026-09-05T14,21,1,58.5,1630,315,2
2026-09-05T14,21,2,58.5,0,4635,1
2026-09-05T14,21,3,59.0,536,93,2
2026-09-05T14,21,6,65.0,3280,0,1
2026-09-05T15,21,0,57.0,0,1012,2
2026-09-05T15,21,1,57.5,38615,0,3
2026-09-05T15,21,3,59.0,0,1464,1
2026-09-05T16,21,0,58.5,0,7093,1
2026-09-05T16,21,1,57.5,10946,24871,2
2026-09-05T16,21,1,58.0,110,0,1
2026-09-05T16,21,2,57.5,0,15582,1
2026-09-05T16,21,2,58.0,0,4974,3
2026-09-05T16,21,3,58.0,0,3114,1
2026-09-05T16,21,3,58.5,16112,0,2
2026-09-05T16,21,4,57.5,0,13609,1
2026-09-05T16,21,6,61.0,1240,0,2
2026-09-05T17,21,0,57.0,0,1638,1
2026-09-05T17,21,0,57.5,0,1309,1
2026-09-05T17,21,1,57.5,1835,14301,2
2026-09-05T17,21,1,58.0,0,5680,2
2026-09-05T17,21,1,58.5,0,2897,2
2026-09-05T17,21,2,58.5,0,4167,2
2026-09-05T17,21,2,59.0,3465,324,3
2026-09-05T17,21,3,58.5,0,20312,1
2026-09-05T17,21,3,59.0,0,62842,1
2026-09-05T17,21,4,59.5,0,4211,1
2026-09-05T17,21,4,60.0,0,2485,1
2026-09-05T17,21,4,60.5,19742,0,1
2026-09-05T17,21,6,61.0,0,22096,1
2026-09-05T18,21,0,57.0,0,1905,2
2026-09-05T18,21,0,57.5,500,479,2
2026-09-05T18,21,0,58.0,0,6835,2
2026-09-05T18,21,1,57.5,0,9642,1
2026-09-05T18,21,1,58.0,0,11100,1
2026-09-05T18,21,1,58.5,0,4702,2
2026-09-05T18,21,1,59.0,494,0,1
2026-09-05T18,21,2,58.0,0,1905,1
2026-09-05T18,21,2,58.5,0,30,2
2026-09-05T18,21,2,59.0,2511,2382,4
2026-09-05T18,21,2,59.5,15283,2460,4
2026-09-05T18,21,3,59.5,11775,18462,5
2026-09-05T18,21,3,60.0,2461,0,1
2026-09-05T18,21,5,63.5,600,0,1
2026-09-05T18,21,6,64.0,30447,0,2
2026-09-05T19,21,0,57.0,0,803,1
2026-09-05T19,21,0,57.5,0,192,2
2026-09-05T19,21,0,58.0,474,5031,3
2026-09-05T19,21,0,58.5,0,194,1
2026-09-05T19,21,1,58.5,20,1428,2
2026-09-05T19,21,1,59.0,1038,0,1
2026-09-05T19,21,2,58.5,0,4046,1
2026-09-05T19,21,2,59.0,952,1904,3
2026-09-05T19,21,3,59.5,0,10577,1
2026-09-05T19,21,3,60.0,748,0,1
2026-09-05T19,21,4,60.5,0,5258,1
2026-09-05T19,21,4,61.0,0,16297,1
2026-09-05T19,21,4,61.5,14402,0,2
2026-09-05T19,21,5,63.5,16947,0,1
2026-09-05T19,21,6,64.0,12605,0,1
2026-09-05T20,21,0,59.0,6885,0,1
2026-09-05T20,21,1,58.5,0,4813,1
2026-09-05T20,21,1,59.0,3702,5535,3
2026-09-05T20,21,1,59.5,2505,0,1
2026-09-05T20,21,2,59.5,0,959,1
2026-09-05T20,21,3,59.5,0,5602,1
2026-09-05T20,21,3,60.0,4427,851,4
2026-09-05T20,21,4,61.5,4978,0,1
2026-09-05T20,21,5,63.5,0,7453,1
2026-09-05T20,21,6,64.0,23737,0,1
2026-09-05T21,21,2,59.5,0,1161,1
2026-09-05T21,21,3,60.0,1644,0,1
2026-09-05T23,21,0,55.5,0,448,1
2026-09-05T23,21,0,56.0,0,532,1
2026-09-05T23,21,0,56.5,2345,0,1
2026-09-05T23,21,0,58.0,0,416,1
2026-09-05T23,21,0,58.5,7314,15,2
2026-09-05T23,21,1,57.5,120,0,1
2026-09-05T23,21,1,59.0,0,846,1
2026-09-05T23,21,2,58.0,0,1,1
2026-09-05T23,21,2,58.5,0,3201,1
2026-09-05T23,21,3,59.0,0,21112,1
2026-09-05T23,21,4,61.5,30561,0,1
2026-09-05T23,21,5,63.5,603,0,1
2026-09-05T23,21,6,64.0,0,182,1
2026-09-05T23,21,6,65.0,9823,0,1
2026-09-06T00,21,0,56.0,25,250,3
2026-09-06T00,21,0,56.5,152,4758,4
2026-09-06T00,21,0,57.0,0,377,1
2026-09-06T00,21,1,56.5,783,2217,3
2026-09-06T00,21,1,57.0,11112,2645,6
2026-09-06T00,21,1,57.5,0,1370,1
2026-09-06T00,21,2,57.5,2893,2568,3
2026-09-06T00,21,2,58.0,5594,459,2
2026-09-06T00,21,3,58.5,1000,0,1
2026-09-06T00,21,4,60.5,300,25508,2
2026-09-06T00,21,4,61.0,0,1,1
2026-09-06T00,21,4,61.5,0,88895,2
2026-09-06T00,21,4,62.0,112872,0,2
2026-09-06T00,21,5,63.5,5580,0,1
2026-09-06T01,21,0,56.0,405,228,4
2026-09-06T01,21,0,56.5,2236,481,3
2026-09-06T01,21,0,57.0,1043,605,2
2026-09-06T01,21,0,57.5,0,723,2
2026-09-06T01,21,1,57.0,0,558,2
2026-09-06T01,21,1,57.5,9297,6308,7
2026-09-06T01,21,1,58.0,379,0,1
2026-09-06T01,21,2,57.5,0,15508,1
2026-09-06T01,21,2,58.0,0,8342,1
2026-09-06T01,21,2,58.5,12382,0,1
2026-09-06T01,21,3,58.5,10079,1488,4
2026-09-06T01,21,4,62.0,17687,0,4
2026-09-06T02,21,0,57.0,400,2494,4
2026-09-06T02,21,0,57.5,4352,2585,8
2026-09-06T02,21,0,58.0,10,210,2
2026-09-06T02,21,1,57.5,311,2480,3
2026-09-06T02,21,1,58.0,2354,357,2
2026-09-06T02,21,2,57.5,0,693,1
2026-09-06T02,21,2,58.0,723,0,2
2026-09-06T02,21,2,58.5,7068,0,1
2026-09-06T02,21,3,58.5,9941,4150,6
2026-09-06T02,21,3,59.0,2098,5461,2
2026-09-06T02,21,4,62.0,2239,0,1
2026-09-06T02,21,6,61.0,0,72850,1
2026-09-06T03,21,0,58.0,900,525,4
2026-09-06T03,21,0,58.5,0,4944,2
2026-09-06T03,21,0,59.0,5409,1832,5
2026-09-06T03,21,1,57.0,0,6066,1
2026-09-06T03,21,1,57.5,10,4149,2
2026-09-06T03,21,1,59.0,0,310,1
2026-09-06T03,21,2,58.0,0,1277,1
2026-09-06T03,21,2,58.5,0,120,1
2026-09-06T03,21,2,59.0,0,4095,1
2026-09-06T03,21,2,59.5,1011,0,1
2026-09-06T03,21,3,59.0,0,7481,2
2026-09-06T03,21,3,59.5,82663,8819,10
2026-09-06T03,21,3,60.0,7793,0,1
2026-09-06T03,21,4,61.5,1700,0,1
2026-09-06T03,21,4,62.0,103,0,2
2026-09-06T03,21,5,63.5,6164,0,1
2026-09-06T04,21,0,57.5,1772,0,4
2026-09-06T04,21,0,58.0,0,13,1
2026-09-06T04,21,0,58.5,0,3524,2
2026-09-06T04,21,1,58.0,396,0,1
2026-09-06T04,21,2,59.5,200,0,1
2026-09-06T04,21,3,58.0,70,0,1
2026-09-06T04,21,3,59.0,28847,0,5
2026-09-06T04,21,5,63.5,1961,11917,2
2026-09-06T05,21,0,57.0,3032,2276,5
2026-09-06T05,21,1,57.0,0,947,1
2026-09-06T05,21,1,57.5,14437,5270,7
2026-09-06T05,21,2,57.5,2195,0,3
2026-09-06T05,21,2,58.0,0,4222,1
2026-09-06T05,21,3,57.5,0,120,1
2026-09-06T05,21,3,58.0,18451,1967,2
2026-09-06T05,21,3,58.5,433,11,2
2026-09-06T05,21,3,59.0,0,9989,1
2026-09-06T05,21,3,59.5,0,684,1
2026-09-06T05,21,3,60.0,7610,726,2
2026-09-06T05,21,7,61.0,53730,0,2
2026-09-06T06,21,0,56.5,0,428,1
2026-09-06T06,21,0,57.0,179,1593,3
2026-09-06T06,21,0,57.5,0,2916,2
2026-09-06T06,21,1,57.0,0,6775,2
2026-09-06T06,21,2,57.5,5165,9907,6
2026-09-06T06,21,2,58.0,15889,9232,7
2026-09-06T06,21,3,58.0,0,214,1
2026-09-06T06,21,3,58.5,0,11247,1
2026-09-06T06,21,5,60.5,10032,2153,3
2026-09-06T06,21,5,61.0,0,17827,1
2026-09-06T06,21,6,61.0,0,18181,1
2026-09-06T06,21,7,61.0,8014,52318,2
2026-09-06T07,21,0,56.5,0,266,1
2026-09-06T07,21,0,57.0,2180,1610,4
2026-09-06T07,21,0,57.5,0,6252,3
2026-09-06T07,21,1,57.5,906,547,2
2026-09-06T07,21,1,58.0,6237,0,5
2026-09-06T07,21,2,58.0,0,4138,3
2026-09-06T07,21,2,58.5,0,1500,1
2026-09-06T07,21,3,59.0,4546,3611,2
2026-09-06T07,21,3,59.5,0,6582,2
2026-09-06T07,21,3,60.0,375,0,1
2026-09-06T07,21,5,63.0,8472,0,1
2026-09-06T07,21,6,65.0,2540,0,1
2026-09-06T08,21,0,56.5,478,2400,4
2026-09-06T08,21,0,57.5,242,2770,3
2026-09-06T08,21,1,57.0,0,571,1
2026-09-06T08,21,1,57.5,0,558,1
2026-09-06T08,21,1,58.0,758,0,2
2026-09-06T08,21,2,57.5,0,388,1
2026-09-06T08,21,2,58.0,3959,3942,4
2026-09-06T08,21,2,58.5,1000,0,1
2026-09-06T08,21,3,57.5,0,1437,1
2026-09-06T08,21,3,58.0,0,510,1
2026-09-06T08,21,3,58.5,0,5913,1
2026-09-06T08,21,3,59.0,1647,0,1
2026-09-06T08,21,4,61.0,807,0,1
2026-09-06T08,21,5,62.5,0,4270,1
2026-09-06T08,21,5,63.0,0,10688,1
2026-09-06T08,21,5,63.5,18192,0,2
2026-09-06T09,21,0,57.0,0,444,1
2026-09-06T09,21,1,57.0,252,128,3
2026-09-06T09,21,1,58.0,5220,3920,5
2026-09-06T09,21,2,57.5,20076,3087,6
2026-09-06T09,21,2,58.0,11913,0,1
2026-09-06T09,21,2,58.5,327,0,1
2026-09-06T09,21,3,58.5,0,1343,1
2026-09-06T09,21,3,59.0,0,8,1
2026-09-06T09,21,3,59.5,449,2151,3
2026-09-06T09,21,4,61.0,2868,0,1
2026-09-06T10,21,0,57.0,0,843,2
2026-09-06T10,21,0,57.5,0,45,1
2026-09-06T10,21,1,56.5,0,328,1
2026-09-06T10,21,1,57.0,14329,605,4
2026-09-06T10,21,2,57.5,30599,11463,9
2026-09-06T10,21,2,58.0,26314,0,4
2026-09-06T10,21,3,59.0,0,261,1
2026-09-06T10,21,3,59.5,3384,0,2
2026-09-06T10,21,4,61.0,3500,0,1
2026-09-06T10,21,6,61.0,500,0,1
2026-09-06T10,21,6,63.0,4488,0,3
2026-09-06T11,21,0,57.5,88,272,2
2026-09-06T11,21,0,58.0,11967,0,3
2026-09-06T11,21,1,58.0,28864,9008,5
2026-09-06T11,21,2,58.0,3970,854,3
2026-09-06T11,21,2,58.5,1,3052,2
2026-09-06T11,21,2,59.0,21029,0,1
2026-09-06T11,21,3,59.0,0,1466,2
2026-09-06T11,21,3,59.5,11220,0,2
2026-09-06T11,21,4,60.5,0,20000,1
2026-09-06T11,21,4,61.0,2620,0,1
2026-09-06T11,21,6,61.0,3204,4035,2
2026-09-06T12,21,0,57.5,5356,2610,4
2026-09-06T12,21,0,58.0,510,1323,3
2026-09-06T12,21,0,59.5,6155,50,4
2026-09-06T12,21,1,58.5,0,11014,2
2026-09-06T12,21,1,59.0,0,152,1
2026-09-06T12,21,1,59.5,0,4656,1
2026-09-06T12,21,2,58.0,0,282,1
2026-09-06T12,21,2,58.5,0,2676,1
2026-09-06T12,21,2,59.0,9699,4357,8
2026-09-06T12,21,2,59.5,826,2136,4
2026-09-06T12,21,3,59.5,385,6303,4
2026-09-06T12,21,3,60.0,66237,3583,8
2026-09-06T12,21,4,60.5,1092,9252,2
2026-09-06T12,21,5,61.0,3268,0,1
2026-09-06T13,21,0,58.0,0,1163,1
2026-09-06T13,21,0,58.5,3860,0,4
2026-09-06T13,21,1,57.5,0,382,1
2026-09-06T13,21,1,58.0,0,2975,1
2026-09-06T13,21,1,58.5,0,1170,1
2026-09-06T13,21,2,58.5,0,1141,1
2026-09-06T13,21,2,59.0,0,400,2
2026-09-06T13,21,2,59.5,2739,0,1
2026-09-06T13,21,3,59.0,0,538,2
2026-09-06T13,21,3,59.5,10183,9043,6
2026-09-06T13,21,3,60.0,8981,3295,4
2026-09-06T13,21,4,61.0,2840,0,1
2026-09-06T13,21,5,61.0,750,20982,2
2026-09-06T13,21,6,62.0,11795,0,3
2026-09-06T14,21,0,57.5,0,24,1
2026-09-06T14,21,0,58.0,160,2950,5
2026-09-06T14,21,0,58.5,14629,1168,7
2026-09-06T14,21,0,59.0,0,18,1
2026-09-06T14,21,0,59.5,108,0,1
2026-09-06T14,21,1,58.5,0,381,1
2026-09-06T14,21,1,59.0,0,450,1
2026-09-06T14,21,1,59.5,0,2813,1
2026-09-06T14,21,2,59.5,7935,5668,6
2026-09-06T14,21,3,59.0,256,2543,2
2026-09-06T14,21,3,59.5,11216,19430,2
2026-09-06T14,21,3,60.0,14275,0,5
2026-09-06T14,21,4,60.5,0,1073,1
2026-09-06T14,21,4,61.0,1820,1474,2
2026-09-06T14,21,4,61.5,2932,0,1
2026-09-06T14,21,5,61.0,15207,2182,3
2026-09-06T14,21,6,62.0,0,12276,1
2026-09-06T14,21,6,63.0,2004,0,1
2026-09-06T15,21,0,57.5,30,1127,3
2026-09-06T15,21,0,58.0,0,21,1
2026-09-06T15,21,0,58.5,1350,0,3
2026-09-06T15,21,1,57.0,0,550,1
2026-09-06T15,21,2,57.5,350,6332,3
2026-09-06T15,21,2,59.0,0,7437,1
2026-09-06T15,21,3,58.0,1462,70,3
2026-09-06T15,21,3,58.5,531,0,1
2026-09-06T15,21,3,59.5,27970,0,1
2026-09-06T16,21,0,58.0,0,328,2
2026-09-06T16,21,0,58.5,200,5657,5
2026-09-06T16,21,1,58.5,0,2219,1
2026-09-06T16,21,1,59.0,0,8653,2
2026-09-06T16,21,2,58.0,2259,803,2
2026-09-06T16,21,2,58.5,6673,2971,5
2026-09-06T16,21,2,59.0,0,979,1
2026-09-06T16,21,2,59.5,72396,0,8
2026-09-06T16,21,3,58.0,0,895,1
2026-09-06T16,21,3,58.5,0,4179,2
2026-09-06T16,21,3,59.0,6814,1659,3
2026-09-06T16,21,3,59.5,0,2030,1
2026-09-06T16,21,3,60.0,1657,0,1
2026-09-06T16,21,4,61.0,9917,0,2
2026-09-06T16,21,5,61.5,0,3530,1
2026-09-06T17,21,0,56.5,0,31,1
2026-09-06T17,21,0,57.0,0,1061,1
2026-09-06T17,21,0,57.5,792,554,2
2026-09-06T17,21,0,58.0,0,24,1
2026-09-06T17,21,0,59.0,40,0,1
2026-09-06T17,21,1,58.5,1385,0,2
2026-09-06T17,21,1,59.0,0,855,1
2026-09-06T17,21,2,59.5,16147,0,5
2026-09-06T17,21,3,59.5,1724,0,1
2026-09-06T17,21,4,60.5,5000,0,1
2026-09-06T17,21,6,62.0,0,7614,1
2026-09-06T17,21,6,62.5,35645,0,2
2026-09-06T18,21,0,57.0,0,100,1
2026-09-06T18,21,0,57.5,1293,1815,3
2026-09-06T18,21,0,58.0,0,300,1
2026-09-06T18,21,1,57.0,0,734,1
2026-09-06T18,21,1,58.0,786,1129,3
2026-09-06T18,21,1,58.5,5657,0,1
2026-09-06T18,21,2,57.5,149,1874,2
2026-09-06T18,21,2,58.0,618,21321,4
2026-09-06T18,21,2,58.5,888,2000,4
2026-09-06T18,21,3,58.5,0,3999,1
2026-09-06T18,21,4,59.0,8233,1255,3
2026-09-06T18,21,6,62.5,0,6227,1
2026-09-06T18,21,6,63.0,4189,0,1
2026-09-06T19,21,0,57.5,1291,71,4
2026-09-06T19,21,0,58.5,5987,14,3
2026-09-06T19,21,1,58.0,8414,3737,2
2026-09-06T19,21,1,58.5,0,459,1
2026-09-06T19,21,1,59.0,0,10881,1
2026-09-06T19,21,2,58.5,0,3241,2
2026-09-06T19,21,2,59.0,0,4251,1
2026-09-06T19,21,3,58.0,0,802,1
2026-09-06T19,21,3,58.5,0,192,1
2026-09-06T19,21,3,59.0,20408,13350,8
2026-09-06T19,21,3,59.5,191,1810,2
2026-09-06T19,21,4,60.5,0,301,1
2026-09-06T19,21,4,61.0,23120,15143,2
2026-09-06T19,21,4,61.5,45983,10636,5
2026-09-06T19,21,5,61.0,0,3550,1
2026-09-06T19,21,6,63.0,3300,0,2
2026-09-06T20,21,0,58.0,0,268,1
2026-09-06T20,21,0,58.5,1556,1747,3
2026-09-06T20,21,0,59.0,4777,708,4
2026-09-06T20,21,0,59.5,5495,0,1
2026-09-06T20,21,1,59.5,3464,1640,6
2026-09-06T20,21,2,59.5,1729,4828,5
2026-09-06T20,21,2,60.0,3136,8012,3
2026-09-06T20,21,3,59.5,1000,6229,2
2026-09-06T20,21,3,60.0,2275,27811,2
2026-09-06T20,21,3,60.5,0,214,2
2026-09-06T20,21,3,61.0,7888,1000,4
2026-09-06T20,21,4,61.0,1021,18979,2
2026-09-06T20,21,4,61.5,2371,10936,2
2026-09-06T20,21,4,62.0,1,0,1
2026-09-06T21,21,0,58.0,609,0,1
2026-09-06T21,21,0,58.5,926,985,3
2026-09-06T21,21,1,57.5,0,450,1
2026-09-06T21,21,1,58.0,1822,1041,6
2026-09-06T21,21,1,58.5,3778,0,3
2026-09-06T21,21,1,59.0,153,0,1
2026-09-06T21,21,2,59.0,20042,954,6
2026-09-06T21,21,2,59.5,3594,0,1
2026-09-06T21,21,3,60.5,0,2429,1
2026-09-06T21,21,3,61.0,15699,0,3
2026-09-06T21,21,5,62.0,198,0,1
2026-09-06T21,21,6,61.5,0,7574,1
2026-09-06T21,21,7,62.0,2316,0,2
2026-09-06T22,21,0,57.5,0,343,2
2026-09-06T22,21,0,58.0,6472,2779,8
2026-09-06T22,21,1,58.0,1152,0,1
2026-09-06T22,21,2,58.0,0,577,1
2026-09-06T22,21,2,58.5,4139,0,3
2026-09-06T22,21,3,60.5,2844,0,2
2026-09-06T22,21,5,62.0,16311,0,2
2026-09-06T22,21,7,62.0,0,37074,1
2026-09-06T23,21,0,57.0,0,493,1
2026-09-06T23,21,0,57.5,0,10,1
2026-09-06T23,21,0,58.0,267,654,3
2026-09-06T23,21,0,58.5,2892,2042,4
2026-09-06T23,21,1,58.0,1200,2379,2
2026-09-06T23,21,1,58.5,0,6647,2
2026-09-06T23,21,1,59.0,5997,646,4
2026-09-06T23,21,2,58.5,11909,2210,6
2026-09-06T23,21,2,59.0,447,4095,4
2026-09-06T23,21,2,59.5,6506,0,1
2026-09-07T00,21,0,56.5,1200,175,2
2026-09-07T00,21,0,57.0,1514,11530,3
2026-09-07T00,21,0,58.5,2588,0,4
2026-09-07T00,21,1,57.0,4301,1387,3
2026-09-07T00,21,1,57.5,16178,0,2
2026-09-07T00,21,2,58.5,0,250,1
2026-09-07T00,21,2,59.0,702,0,1
2026-09-07T00,21,4,60.0,0,3998,1
2026-09-07T00,21,4,60.5,100,0,1
2026-09-07T01,21,0,57.5,0,1284,1
2026-09-07T01,21,1,57.0,0,300,1
2026-09-07T01,21,1,57.5,3973,12698,5
2026-09-07T01,21,1,58.0,9990,1872,4
2026-09-07T01,21,1,58.5,328,0,2
2026-09-07T01,21,2,58.0,0,7155,1
2026-09-07T01,21,2,58.5,0,130,1
2026-09-07T01,21,2,59.0,0,3583,1
2026-09-07T01,21,3,59.0,3,4,2
2026-09-07T01,21,3,59.5,6886,6009,3
2026-09-07T01,21,4,60.0,7487,0,1
2026-09-07T01,21,6,61.0,4696,0,1
2026-09-07T02,21,0,58.5,3470,10110,3
2026-09-07T02,21,0,59.0,0,1778,1
2026-09-07T02,21,1,58.0,0,3429,1
2026-09-07T02,21,1,58.5,153,14041,5
2026-09-07T02,21,1,59.0,0,406,1
2026-09-07T02,21,2,59.0,19729,271,5
2026-09-07T02,21,3,59.5,0,3858,2
2026-09-07T02,21,4,60.0,17864,0,3
2026-09-07T03,21,0,59.0,0,245,1
2026-09-07T03,21,1,58.5,0,201,1
2026-09-07T03,21,2,58.5,0,160,1
2026-09-07T03,21,2,59.0,1971,0,2
2026-09-07T03,21,2,59.5,15117,0,3
2026-09-07T03,21,3,58.5,0,517,1
2026-09-07T03,21,3,59.0,4900,7159,4
2026-09-07T03,21,3,59.5,0,289,1
2026-09-07T03,21,4,59.5,6723,0,3
2026-09-07T03,21,4,60.0,49876,0,2
2026-09-07T03,21,6,61.0,11691,0,1
2026-09-07T04,21,0,57.5,0,2726,2
2026-09-07T04,21,0,58.0,0,1500,2
2026-09-07T04,21,0,58.5,0,409,1
2026-09-07T04,21,0,59.0,0,242,3
2026-09-07T04,21,1,58.0,0,988,2
2026-09-07T04,21,2,58.5,180,906,3
2026-09-07T04,21,2,59.0,1520,6811,7
2026-09-07T04,21,2,59.5,12881,15498,9
2026-09-07T04,21,4,59.0,3438,446,2
2026-09-07T04,21,4,59.5,728,1025,2
2026-09-07T04,21,4,60.0,22057,0,3
2026-09-07T04,21,5,60.5,0,11285,2
2026-09-07T04,21,5,62.0,21915,0,1
2026-09-07T04,21,6,61.0,7000,50501,2
2026-09-07T05,21,0,57.5,5325,0,3
2026-09-07T05,21,1,58.5,11172,0,6
2026-09-07T05,21,2,59.0,3919,0,1
2026-09-07T05,21,2,59.5,2100,0,1
2026-09-07T05,21,3,59.0,0,1851,1
2026-09-07T05,21,3,59.5,2395,605,2
2026-09-07T05,21,4,60.0,9434,0,1
2026-09-07T05,21,5,62.0,0,166,1
2026-09-07T05,21,5,62.5,0,1557,1
2026-09-07T05,21,6,63.0,1013,0,1
2026-09-07T06,21,0,56.5,1023,8223,3
2026-09-07T06,21,0,57.5,20,0,1
2026-09-07T06,21,1,56.5,11196,2450,4
2026-09-07T06,21,1,57.0,8381,4731,6
2026-09-07T06,21,1,57.5,1304,0,1
2026-09-07T06,21,2,57.5,0,443,1
2026-09-07T06,21,2,58.0,1207,1168,2
2026-09-07T06,21,2,58.5,132,0,1
2026-09-07T06,21,3,59.0,3461,842,2
2026-09-07T06,21,4,60.0,7495,0,2
2026-09-07T06,21,5,61.0,6390,0,1
2026-09-07T06,21,6,63.0,0,12565,1
2026-09-07T06,21,6,65.0,0,18768,1
2026-09-07T06,21,7,65.5,17127,0,2
2026-09-07T07,21,0,56.5,0,5410,1
2026-09-07T07,21,0,57.0,0,2080,1
2026-09-07T07,21,0,57.5,0,3592,1
2026-09-07T07,21,0,58.0,0,15497,1
2026-09-07T07,21,1,57.0,0,1722,1
2026-09-07T07,21,1,57.5,0,3375,2
2026-09-07T07,21,1,58.0,3169,6053,8
2026-09-07T07,21,2,57.5,0,130,1
2026-09-07T07,21,2,58.0,0,5188,4
2026-09-07T07,21,2,58.5,12,0,1
2026-09-07T07,21,3,58.5,1472,28,2
2026-09-07T07,21,4,59.0,4040,0,1
2026-09-07T07,21,5,61.0,0,15651,1
2026-09-07T07,21,5,61.5,0,10191,1
2026-09-07T07,21,5,62.0,6756,0,1
2026-09-07T08,21,0,57.5,300,350,5
2026-09-07T08,21,1,58.0,10349,3902,7
2026-09-07T08,21,2,58.0,0,464,1
2026-09-07T08,21,2,58.5,18303,6087,2
2026-09-07T08,21,3,58.0,1010,2480,3
2026-09-07T08,21,3,58.5,8229,14453,6
2026-09-07T08,21,3,59.0,0,26354,1
2026-09-07T08,21,4,59.0,0,6517,1
2026-09-07T08,21,4,59.5,409,0,1
2026-09-07T09,21,0,57.5,1920,878,2
2026-09-07T09,21,1,58.0,5407,269,5
2026-09-07T09,21,2,58.0,0,9309,1
2026-09-07T09,21,3,57.5,0,370,1
2026-09-07T09,21,3,58.0,20506,0,3
2026-09-07T09,21,3,58.5,3165,0,1
2026-09-07T09,21,4,59.5,1647,2542,2
2026-09-07T10,21,0,56.5,60,61,2
2026-09-07T10,21,1,57.0,0,632,1
2026-09-07T10,21,1,57.5,1752,754,4
2026-09-07T10,21,1,58.0,22764,0,2
2026-09-07T10,21,2,57.5,160,607,3
2026-09-07T10,21,2,58.0,1,0,1
2026-09-07T10,21,2,58.5,1074,0,1
2026-09-07T10,21,3,58.0,22065,3019,3
2026-09-07T10,21,3,58.5,0,1907,1
2026-09-07T10,21,4,59.5,1097,6149,2
2026-09-07T10,21,4,60.0,486,787,2
2026-09-07T10,21,5,62.0,1200,0,1
2026-09-07T10,21,6,62.0,10370,0,1
2026-09-07T11,21,0,56.5,0,1602,1
2026-09-07T11,21,0,57.0,3002,714,6
2026-09-07T11,21,1,56.5,0,1128,1
2026-09-07T11,21,1,57.0,49,0,1
2026-09-07T11,21,1,57.5,13113,8329,7
2026-09-07T11,21,2,57.5,3621,5867,2
2026-09-07T11,21,2,58.0,1969,1072,3
2026-09-07T11,21,2,58.5,4266,0,1
2026-09-07T11,21,3,58.5,139,19719,3
2026-09-07T11,21,3,59.0,10300,0,1
2026-09-07T11,21,4,60.0,683,0,1
2026-09-07T11,21,6,62.0,4790,0,1
2026-09-07T12,21,0,57.0,2659,1707,2
2026-09-07T12,21,1,57.0,0,8719,2
2026-09-07T12,21,1,58.0,0,16147,2
2026-09-07T12,21,2,57.5,6071,31430,5
2026-09-07T12,21,2,58.0,200,6982,4
2026-09-07T12,21,2,58.5,7689,14005,2
2026-09-07T12,21,3,57.5,0,1153,1
2026-09-07T12,21,3,58.0,2467,811,2
2026-09-07T12,21,3,58.5,0,1033,2
2026-09-07T12,21,4,58.5,0,1567,2
2026-09-07T12,21,4,59.0,1000,0,1
2026-09-07T13,21,0,57.0,842,550,3
2026-09-07T13,21,0,57.5,300,740,2
2026-09-07T13,21,0,58.0,198,2059,2
2026-09-07T13,21,1,57.5,0,1781,1
2026-09-07T13,21,1,58.0,45,222,2
2026-09-07T13,21,1,58.5,16776,0,6
2026-09-07T13,21,2,58.5,0,922,1
2026-09-07T13,21,2,59.0,1019,1081,2
2026-09-07T13,21,3,59.0,0,947,1
2026-09-07T13,21,3,59.5,6228,51521,3
2026-09-07T13,21,3,60.0,0,36840,3
2026-09-07T13,21,3,60.5,3781,0,1
2026-09-07T13,21,4,59.0,0,19000,1
2026-09-07T13,21,4,59.5,0,2820,1
2026-09-07T13,21,4,60.0,6027,2804,2
2026-09-07T13,21,4,60.5,0,17524,1
2026-09-07T13,21,4,61.0,14000,0,1
2026-09-07T13,21,5,61.0,0,10000,1
2026-09-07T13,21,5,61.5,17387,0,3
2026-09-07T14,21,0,58.0,0,642,2
2026-09-07T14,21,0,58.5,616,172,2
2026-09-07T14,21,0,59.0,0,100,1
2026-09-07T14,21,0,59.5,7070,0,1
2026-09-07T14,21,1,58.0,0,8672,1
2026-09-07T14,21,1,58.5,0,9853,2
2026-09-07T14,21,1,59.0,0,86,1
2026-09-07T14,21,1,59.5,0,897,1
2026-09-07T14,21,2,58.5,0,1175,1
2026-09-07T14,21,2,59.0,3200,1183,2
2026-09-07T14,21,2,59.5,2236,7483,4
2026-09-07T14,21,3,59.0,0,21925,2
2026-09-07T14,21,3,59.5,15753,1003,3
2026-09-07T14,21,4,59.5,0,407,1
2026-09-07T14,21,4,60.0,45484,0,2
2026-09-07T14,21,5,61.5,15131,0,1
2026-09-07T15,21,0,57.0,585,803,2
2026-09-07T15,21,0,57.5,0,5000,1
2026-09-07T15,21,0,58.0,3999,480,6
2026-09-07T15,21,0,58.5,2130,0,2
2026-09-07T15,21,1,57.5,4382,0,3
2026-09-07T15,21,1,59.0,2717,0,1
2026-09-07T15,21,2,58.0,218,0,1
2026-09-07T15,21,2,58.5,0,1555,1
2026-09-07T15,21,2,59.0,0,62,1
2026-09-07T15,21,3,58.5,0,2945,1
2026-09-07T15,21,3,59.0,3123,1832,2
2026-09-07T15,21,3,59.5,1503,0,2
2026-09-07T15,21,4,59.5,0,1500,1
2026-09-07T15,21,4,60.0,2868,0,1
2026-09-07T16,21,0,57.5,0,200,1
2026-09-07T16,21,0,58.0,0,9153,2
2026-09-07T16,21,0,58.5,2159,565,3
2026-09-07T16,21,0,59.0,0,500,1
2026-09-07T16,21,1,57.5,11342,9086,4
2026-09-07T16,21,1,58.0,0,286,1
2026-09-07T16,21,1,58.5,1486,10096,5
2026-09-07T16,21,1,59.0,1682,554,3
2026-09-07T16,21,2,58.0,600,3957,2
2026-09-07T16,21,2,59.0,5467,10105,5
2026-09-07T16,21,3,59.0,0,3011,1
2026-09-07T16,21,3,59.5,2500,15431,4
2026-09-07T16,21,4,59.5,0,627,1
2026-09-07T16,21,4,60.0,0,15251,1
2026-09-07T16,21,4,60.5,0,1741,1
2026-09-07T16,21,4,61.0,21622,0,2
2026-09-07T17,21,0,56.5,0,680,2
2026-09-07T17,21,0,57.0,4689,8344,3
2026-09-07T17,21,0,57.5,0,1300,1
2026-09-07T17,21,0,59.0,200,0,2
2026-09-07T17,21,1,58.0,60,0,1
2026-09-07T17,21,1,59.0,0,177,1
2026-09-07T17,21,2,57.5,380,2077,2
2026-09-07T17,21,2,58.0,3113,0,1
2026-09-07T17,21,3,59.0,0,2483,2
2026-09-07T17,21,3,59.5,11888,0,5
2026-09-07T17,21,7,61.5,14400,0,1
2026-09-07T18,21,0,57.0,0,2004,2
2026-09-07T18,21,0,58.0,0,4420,2
2026-09-07T18,21,0,58.5,175,100,2
2026-09-07T18,21,1,57.0,9397,1643,4
2026-09-07T18,21,1,58.0,0,252,1
2026-09-07T18,21,1,58.5,0,40,1
2026-09-07T18,21,2,57.5,0,261,1
2026-09-07T18,21,2,58.0,4629,15931,3
2026-09-07T18,21,2,58.5,0,7477,1
2026-09-07T18,21,3,59.0,8826,2174,2
2026-09-07T18,21,3,59.5,15997,0,2
2026-09-07T18,21,4,59.5,0,785,1
2026-09-07T18,21,4,60.5,0,2065,1
2026-09-07T18,21,4,61.0,3538,0,1
2026-09-07T19,21,0,56.5,1410,6593,2
2026-09-07T19,21,0,57.0,0,1602,2
2026-09-07T19,21,0,57.5,2466,1124,4
2026-09-07T19,21,0,58.0,2127,0,1
2026-09-07T19,21,0,58.5,293,0,1
2026-09-07T19,21,1,57.5,0,38,1
2026-09-07T19,21,1,58.0,6641,1755,5
2026-09-07T19,21,1,59.0,922,2283,3
2026-09-07T19,21,1,59.5,0,1400,1
2026-09-07T19,21,2,58.0,0,3514,3
2026-09-07T19,21,2,58.5,0,898,1
2026-09-07T19,21,2,59.0,2058,7679,6
2026-09-07T19,21,2,59.5,0,10859,2
2026-09-07T19,21,2,60.0,20215,0,1
2026-09-07T19,21,3,57.5,0,1000,1
2026-09-07T19,21,3,59.5,0,8997,2
2026-09-07T19,21,3,60.0,3,111199,4
2026-09-07T19,21,3,60.5,0,66886,2
2026-09-07T19,21,4,60.0,0,5400,1
2026-09-07T19,21,4,60.5,0,8173,2
2026-09-07T19,21,4,61.0,11904,10840,6
2026-09-07T19,21,5,60.5,0,25000,1
2026-09-07T19,21,5,61.0,0,7049,1
2026-09-07T19,21,6,61.0,0,29919,1
2026-09-07T20,21,0,57.0,0,1040,2
2026-09-07T20,21,0,57.5,7045,846,6
2026-09-07T20,21,0,58.0,5184,0,3
2026-09-07T20,21,1,58.0,0,205,1
2026-09-07T20,21,1,58.5,0,34,1
2026-09-07T20,21,1,59.0,5284,762,3
2026-09-07T20,21,2,58.5,0,1754,2
2026-09-07T20,21,2,59.0,585,12357,4
2026-09-07T20,21,2,59.5,0,634,1
2026-09-07T20,21,2,60.0,25752,0,3
2026-09-07T20,21,3,60.0,0,169,1
2026-09-07T20,21,3,60.5,12707,6897,5
2026-09-07T20,21,3,61.0,19129,29512,3
2026-09-07T20,21,4,60.0,0,2854,1
2026-09-07T20,21,4,61.0,1260,36836,2
2026-09-07T20,21,5,61.5,24734,0,5
2026-09-07T20,21,6,62.0,9630,0,1
2026-09-07T20,21,7,61.5,0,23282,1
2026-09-07T21,21,0,57.5,0,210,1
2026-09-07T21,21,0,58.0,481,328,4
2026-09-07T21,21,0,58.5,2033,1860,6
2026-09-07T21,21,0,59.0,234,486,3
2026-09-07T21,21,1,58.5,0,1576,1
2026-09-07T21,21,1,59.0,4008,899,3
2026-09-07T21,21,1,59.5,7443,0,2
2026-09-07T21,21,2,59.0,0,2659,1
2026-09-07T21,21,2,59.5,3,2524,4
2026-09-07T21,21,2,60.0,7516,0,2
2026-09-07T21,21,3,59.5,28147,0,3
2026-09-07T21,21,3,60.0,10587,0,1
2026-09-07T21,21,3,60.5,1918,0,1
2026-09-07T21,21,3,61.0,0,30871,1
2026-09-07T21,21,5,60.5,0,25000,1
2026-09-07T21,21,5,61.0,0,19688,1
2026-09-07T21,21,5,61.5,55558,0,3
2026-09-07T22,21,0,57.5,0,109,1
2026-09-07T22,21,0,58.0,225,2123,6
2026-09-07T22,21,0,58.5,0,666,4
2026-09-07T22,21,0,59.0,0,6646,5
2026-09-07T22,21,1,58.5,0,51,2
2026-09-07T22,21,1,59.0,0,20,1
2026-09-07T22,21,2,58.5,0,27,1
2026-09-07T22,21,2,59.0,2712,557,4
2026-09-07T22,21,2,59.5,13758,0,2
2026-09-07T22,21,3,59.5,6730,15181,5
2026-09-07T22,21,3,60.0,2824,0,1
2026-09-07T22,21,5,61.5,7422,0,1
2026-09-07T23,21,0,58.5,0,100,1
2026-09-07T23,21,1,59.0,1828,0,4
2026-09-07T23,21,1,59.5,2391,0,1
2026-09-07T23,21,2,59.0,3497,1035,3
2026-09-07T23,21,2,59.5,4505,947,5
2026-09-07T23,21,3,59.5,0,715,1
2026-09-07T23,21,4,61.0,0,3492,1
2026-09-07T23,21,5,61.5,25126,0,1
2026-09-08T00,21,0,58.0,0,188,1
2026-09-08T00,21,0,58.5,36,295,2
2026-09-08T00,21,1,58.5,6250,0,3
2026-09-08T00,21,1,59.0,0,1172,1
2026-09-08T00,21,2,59.5,9633,0,1
2026-09-08T00,21,6,60.0,100,0,1
2026-09-08T01,21,1,56.5,34420,0,6
2026-09-08T01,21,1,57.0,685,0,1
2026-09-08T01,21,2,58.0,0,3000,1
2026-09-08T01,21,2,58.5,3569,0,2
2026-09-08T01,21,3,59.5,10036,9964,2
2026-09-08T01,21,3,60.0,9486,0,2
2026-09-08T01,21,4,60.5,56622,0,1
2026-09-08T01,21,5,61.5,5738,0,1
2026-09-08T01,21,6,60.0,0,50444,1
2026-09-08T02,21,0,56.5,0,55,1
2026-09-08T02,21,1,56.5,16533,47801,10
2026-09-08T02,21,1,57.0,345,0,1
2026-09-08T02,21,2,57.5,5700,0,3
2026-09-08T02,21,3,58.5,0,1010,1
2026-09-08T02,21,3,59.0,4496,0,1
2026-09-08T02,21,4,60.5,3386,0,2
2026-09-08T03,21,0,57.0,0,2060,3
2026-09-08T03,21,0,57.5,213,1161,6
2026-09-08T03,21,1,57.0,0,4959,1
2026-09-08T03,21,1,57.5,0,13,1
2026-09-08T03,21,1,58.0,52,4181,3
2026-09-08T03,21,1,58.5,17800,0,5
2026-09-08T03,21,2,57.5,0,2434,1
2026-09-08T03,21,2,58.0,5100,2917,5
2026-09-08T03,21,2,58.5,0,7124,2
2026-09-08T03,21,3,58.5,0,9772,2
2026-09-08T03,21,3,59.0,28458,0,7
2026-09-08T03,21,4,60.0,0,3864,1
2026-09-08T03,21,4,60.5,2196,0,1
2026-09-08T03,21,6,62.0,11691,0,1
2026-09-08T04,21,0,56.5,0,925,1
2026-09-08T04,21,0,57.0,5499,573,3
2026-09-08T04,21,0,57.5,16256,0,3
2026-09-08T04,21,1,57.5,0,1445,1
2026-09-08T04,21,1,58.0,270,0,1
2026-09-08T04,21,2,57.0,2717,700,2
2026-09-08T04,21,2,57.5,0,396,1
2026-09-08T04,21,2,58.0,19777,4187,6
2026-09-08T04,21,2,59.0,0,7586,2
2026-09-08T04,21,3,58.5,0,10731,1
2026-09-08T04,21,3,59.0,0,12014,1
2026-09-08T04,21,3,59.5,0,8000,1
2026-09-08T04,21,4,59.5,0,3431,1
2026-09-08T04,21,4,60.0,22245,0,1
2026-09-08T04,21,4,60.5,8868,0,2
2026-09-08T04,21,5,60.5,0,12680,1
2026-09-08T04,21,6,61.0,9283,0,1
2026-09-08T05,21,0,57.5,2910,710,6
2026-09-08T05,21,1,57.0,0,2600,1
2026-09-08T05,21,1,57.5,7427,4008,5
2026-09-08T05,21,1,58.0,0,487,2
2026-09-08T05,21,2,57.5,3095,3201,3
2026-09-08T05,21,2,58.0,1569,1,3
2026-09-08T05,21,2,58.5,8687,0,3
2026-09-08T05,21,3,58.0,0,904,1
2026-09-08T05,21,3,58.5,0,22911,1
2026-09-08T05,21,3,59.0,0,10521,1
2026-09-08T05,21,3,59.5,0,29463,2
2026-09-08T05,21,4,60.0,53408,0,4
2026-09-08T05,21,5,60.0,0,25000,1
2026-09-08T05,21,6,61.0,2079,0,1
2026-09-08T06,21,0,57.0,0,1000,1
2026-09-08T06,21,0,57.5,6794,0,5
2026-09-08T06,21,1,57.5,0,1230,1
2026-09-08T06,21,1,58.0,750,0,1
2026-09-08T06,21,2,57.5,0,405,1
2026-09-08T06,21,2,58.0,2090,5752,4
2026-09-08T06,21,3,59.0,0,334,1
2026-09-08T06,21,3,59.5,0,12000,1
2026-09-08T06,21,4,60.0,12975,0,2
2026-09-08T06,21,5,60.5,22096,0,2
2026-09-08T07,21,0,57.0,11699,8918,8
2026-09-08T07,21,0,57.5,38,0,1
2026-09-08T07,21,1,57.0,0,6361,1
2026-09-08T07,21,1,57.5,1000,441,2
2026-09-08T07,21,2,57.5,0,632,1
2026-09-08T07,21,2,58.0,0,6330,1
2026-09-08T07,21,2,58.5,0,1388,1
2026-09-08T07,21,2,59.0,0,3558,2
2026-09-08T07,21,3,59.5,0,12844,2
2026-09-08T07,21,4,59.5,6308,4669,3
2026-09-08T07,21,4,60.0,12000,0,1
2026-09-08T08,21,0,57.0,0,4801,1
2026-09-08T08,21,0,57.5,0,9011,2
2026-09-08T08,21,0,58.0,0,696,2
2026-09-08T08,21,0,58.5,262,4838,4
2026-09-08T08,21,0,59.0,0,850,3
2026-09-08T08,21,1,57.5,456,8544,2
2026-09-08T08,21,1,58.0,0,9291,3
2026-09-08T08,21,1,58.5,0,4897,2
2026-09-08T08,21,1,59.0,0,507,1
2026-09-08T08,21,1,59.5,11054,4298,5
2026-09-08T08,21,2,59.5,267,4910,3
2026-09-08T08,21,3,59.5,0,1333,1
2026-09-08T08,21,4,59.5,2622,265,2
2026-09-08T08,21,4,60.0,18755,0,1
2026-09-08T08,21,5,60.0,0,4464,1
2026-09-08T08,21,6,60.0,22809,13201,3
2026-09-08T08,21,6,60.5,3344,0,1
2026-09-08T09,21,0,57.5,0,68,1
2026-09-08T09,21,0,58.0,12211,794,7
2026-09-08T09,21,1,57.0,573,0,1
2026-09-08T09,21,1,58.5,1690,3815,2
2026-09-08T09,21,1,59.0,1795,127,3
2026-09-08T09,21,2,58.5,0,1193,1
2026-09-08T09,21,2,59.0,0,2116,2
2026-09-08T09,21,2,59.5,0,700,1
2026-09-08T09,21,3,59.0,0,854,1
2026-09-08T09,21,3,59.5,2967,5835,2
2026-09-08T09,21,3,60.0,3743,0,1
2026-09-08T09,21,4,60.0,0,6958,1
2026-09-08T10,21,0,56.5,0,2541,1
2026-09-08T10,21,0,57.0,85,1003,3
2026-09-08T10,21,1,56.5,0,782,1
2026-09-08T10,21,1,57.0,10095,2521,4
2026-09-08T10,21,1,57.5,1670,21249,2
2026-09-08T10,21,1,58.0,2978,0,2
2026-09-08T10,21,2,57.0,0,155,1
2026-09-08T10,21,2,57.5,0,2898,2
2026-09-08T10,21,2,58.0,3554,1002,6
2026-09-08T10,21,3,58.0,0,1455,1
2026-09-08T10,21,3,58.5,24827,7846,5
2026-09-08T10,21,6,60.0,2060,8573,4
2026-09-08T10,21,6,60.5,7897,0,1
2026-09-08T11,21,0,57.0,0,11,1
2026-09-08T11,21,0,57.5,0,162,2
2026-09-08T11,21,0,58.0,11718,126,10
2026-09-08T11,21,1,57.5,0,4465,1
2026-09-08T11,21,1,58.0,2120,13595,2
2026-09-08T11,21,1,59.0,500,4478,2
2026-09-08T11,21,1,59.5,2308,0,2
2026-09-08T11,21,2,58.5,0,1017,1
2026-09-08T11,21,2,59.0,0,200,1
2026-09-08T11,21,2,59.5,0,623,2
2026-09-08T11,21,2,60.0,1733,0,2
2026-09-08T11,21,3,58.5,0,9552,1
2026-09-08T11,21,3,59.0,483,5209,3
2026-09-08T11,21,3,59.5,0,8280,1
2026-09-08T11,21,3,60.0,0,22625,1
2026-09-08T11,21,4,59.5,5735,72759,3
2026-09-08T11,21,5,60.0,0,25000,1
2026-09-08T11,21,5,60.5,1245,0,1
2026-09-08T11,21,6,60.5,2088,2205,3
2026-09-08T12,21,0,57.0,1205,1678,4
2026-09-08T12,21,0,57.5,560,1856,5
2026-09-08T12,21,0,58.0,10000,2651,5
2026-09-08T12,21,0,58.5,0,1954,3
2026-09-08T12,21,1,59.0,2000,8358,5
2026-09-08T12,21,1,59.5,19426,0,4
2026-09-08T12,21,2,59.5,0,3302,3
2026-09-08T12,21,2,60.0,2572,323,2
2026-09-08T12,21,3,59.5,0,2113,1
2026-09-08T12,21,3,60.0,1347,5384,4
2026-09-08T12,21,3,60.5,36237,511,3
2026-09-08T12,21,4,60.0,0,4726,2
2026-09-08T12,21,4,60.5,23094,26862,3
2026-09-08T12,21,5,60.5,0,3916,1
2026-09-08T13,21,0,58.0,0,1141,2
2026-09-08T13,21,0,59.0,0,118,2
2026-09-08T13,21,0,59.5,77,0,1
2026-09-08T13,21,1,58.0,1104,54,2
2026-09-08T13,21,1,59.0,0,1050,1
2026-09-08T13,21,1,59.5,13483,2515,7
2026-09-08T13,21,2,58.5,25479,0,5
2026-09-08T13,21,3,59.5,1647,0,1
2026-09-08T13,21,3,60.0,2000,0,1
2026-09-08T13,21,6,60.0,0,18160,1
2026-09-08T13,21,6,61.0,80,0,1
2026-09-08T14,21,0,57.0,0,300,1
2026-09-08T14,21,0,57.5,0,2107,1
2026-09-08T14,21,0,58.0,0,2000,1
2026-09-08T14,21,0,59.0,0,735,1
2026-09-08T14,21,1,58.0,624,4155,5
2026-09-08T14,21,2,58.0,0,235,1
2026-09-08T14,21,2,58.5,18001,5633,7
2026-09-08T14,21,3,59.5,1108,0,1
2026-09-08T14,21,4,60.5,0,1999,1
2026-09-08T15,21,0,56.5,0,2188,1
2026-09-08T15,21,0,57.0,3999,2065,6
2026-09-08T15,21,1,57.5,8476,2243,5
2026-09-08T15,21,1,58.0,13448,0,5
2026-09-08T15,21,2,57.5,0,1554,1
2026-09-08T15,21,2,58.0,0,3094,1
2026-09-08T15,21,2,58.5,0,2043,1
2026-09-08T15,21,2,59.0,563,0,1
2026-09-08T15,21,3,59.5,17045,1709,6
2026-09-08T16,21,0,57.5,0,961,3
2026-09-08T16,21,0,58.5,0,13,1
2026-09-08T16,21,0,59.0,0,100,1
2026-09-08T16,21,0,59.5,2322,0,2
2026-09-08T16,21,1,57.5,0,956,1
2026-09-08T16,21,1,58.0,2344,8205,7
2026-09-08T16,21,1,58.5,0,370,1
2026-09-08T16,21,2,58.0,0,993,1
2026-09-08T16,21,2,58.5,2493,681,3
2026-09-08T16,21,2,59.0,14732,1249,2
2026-09-08T16,21,2,59.5,0,1018,1
2026-09-08T16,21,3,59.5,0,3405,1
2026-09-08T16,21,3,60.0,6305,0,2
2026-09-08T16,21,5,60.5,0,8005,1
2026-09-08T16,21,6,61.0,8116,0,5
2026-09-08T17,21,0,58.5,180,1433,3
2026-09-08T17,21,0,59.0,0,1113,2
2026-09-08T17,21,0,59.5,12017,0,5
2026-09-08T17,21,1,59.5,2017,0,1
2026-09-08T17,21,1,60.0,11871,117,4
2026-09-08T17,21,2,59.0,0,95,1
2026-09-08T17,21,2,59.5,13265,4821,4
2026-09-08T17,21,2,60.0,0,3723,1
2026-09-08T17,21,3,60.0,3327,3093,6
2026-09-08T17,21,3,60.5,13865,0,1
2026-09-08T17,21,4,60.5,0,3264,1
2026-09-08T17,21,11,70.0,100,0,1
2026-09-08T18,21,0,57.0,60,48,2
2026-09-08T18,21,0,58.0,774,0,2
2026-09-08T18,21,0,58.5,0,75,1
2026-09-08T18,21,1,59.0,2904,1213,4
2026-09-08T18,21,2,59.0,4078,0,2
2026-09-08T18,21,2,59.5,4091,3212,4
2026-09-08T18,21,3,59.5,0,1004,1
2026-09-08T18,21,3,60.5,797,0,1
2026-09-08T18,21,4,60.0,0,7577,1
2026-09-08T18,21,5,60.5,6615,0,1
2026-09-08T18,21,6,61.0,0,8443,1
2026-09-08T18,21,6,62.0,0,333,1
2026-09-08T18,21,6,62.5,4084,0,1
2026-09-08T19,21,0,56.5,5597,9058,3
2026-09-08T19,21,0,57.5,5162,544,3
2026-09-08T19,21,0,58.0,0,878,1
2026-09-08T19,21,0,58.5,0,11,1
2026-09-08T19,21,1,57.0,0,250,1
2026-09-08T19,21,1,57.5,0,236,2
2026-09-08T19,21,1,58.0,7035,1282,7
2026-09-08T19,21,2,58.5,0,2783,2
2026-09-08T19,21,2,59.0,26663,0,3
2026-09-08T19,21,3,59.5,0,2500,1
2026-09-08T19,21,3,60.0,0,3155,1
2026-09-08T19,21,3,60.5,21505,3833,4
2026-09-08T19,21,4,61.0,2868,1004,2
2026-09-08T19,21,4,61.5,33242,0,2
2026-09-08T19,21,5,60.5,0,17279,1
2026-09-08T19,21,5,61.0,0,41345,2
2026-09-08T19,21,5,61.5,0,17601,1
2026-09-08T19,21,5,62.0,15375,17859,3
2026-09-08T20,21,0,57.5,3550,0,1
2026-09-08T20,21,1,57.0,220,61,2
2026-09-08T20,21,1,57.5,11975,0,5
2026-09-08T20,21,1,58.0,10125,2703,3
2026-09-08T20,21,2,57.5,0,2047,1
2026-09-08T20,21,2,58.0,0,818,1
2026-09-08T20,21,2,58.5,2918,0,3
2026-09-08T20,21,3,60.0,100,7710,2
2026-09-08T20,21,3,60.5,0,14130,1
2026-09-08T20,21,3,61.0,29516,0,6
2026-09-08T20,21,4,61.0,0,14788,1
2026-09-08T20,21,4,61.5,24028,0,2
2026-09-08T20,21,5,62.0,0,38810,1
2026-09-08T20,21,6,62.5,15916,0,1
2026-09-08T21,21,0,57.5,150,1223,4
2026-09-08T21,21,0,58.0,0,777,2
2026-09-08T21,21,0,58.5,1161,841,4
2026-09-08T21,21,0,59.0,7910,1088,5
2026-09-08T21,21,0,59.5,5181,0,3
2026-09-08T21,21,1,57.5,0,3464,1
2026-09-08T21,21,1,58.5,0,201,1
2026-09-08T21,21,1,59.0,0,6564,2
2026-09-08T21,21,1,59.5,0,161,2
2026-09-08T21,21,2,58.5,0,706,1
2026-09-08T21,21,2,59.0,0,12259,2
2026-09-08T21,21,2,59.5,2070,7708,6
2026-09-08T21,21,3,60.0,44324,0,5
2026-09-08T21,21,3,60.5,1352,0,1
2026-09-08T21,21,4,61.0,200,16348,2
2026-09-08T21,21,4,61.5,6853,0,1
2026-09-08T21,21,6,62.0,4206,0,1
2026-09-08T22,21,0,57.5,0,169,1
2026-09-08T22,21,0,59.0,43,5124,3
2026-09-08T22,21,0,59.5,983,0,1
2026-09-08T22,21,1,59.5,207,0,1
2026-09-08T22,21,2,59.0,1020,94,2
2026-09-08T22,21,2,59.5,0,6440,2
2026-09-08T22,21,3,59.5,2134,295,5
2026-09-08T22,21,3,60.0,5723,0,3
2026-09-08T22,21,4,61.0,0,4028,1
2026-09-08T22,21,4,61.5,0,6431,2
2026-09-08T22,21,6,62.0,5083,12920,2
2026-09-08T23,21,0,59.5,2816,0,2
2026-09-08T23,21,1,59.0,0,700,1
2026-09-08T23,21,1,59.5,1954,739,3
2026-09-08T23,21,2,59.0,0,2101,1
2026-09-08T23,21,2,59.5,0,1000,1
2026-09-08T23,21,3,59.5,8705,3294,3
2026-09-08T23,21,3,60.0,9460,0,2
2026-09-08T23,21,4,62.0,3091,0,1
2026-09-09T00,21,0,56.5,0,231,1
2026-09-09T00,21,0,57.5,0,59,1
2026-09-09T00,21,0,58.0,1270,830,3
2026-09-09T00,21,0,58.5,24560,1586,8
2026-09-09T00,21,1,58.5,0,26,1
2026-09-09T00,21,1,59.0,1078,0,3
2026-09-09T00,21,2,59.0,0,232,1
2026-09-09T00,21,3,60.0,10908,45787,3
2026-09-09T00,21,3,60.5,25373,0,2
2026-09-09T00,21,6,61.0,21446,0,3
2026-09-09T01,21,0,57.5,161,127,3
2026-09-09T01,21,0,58.0,0,1302,2
2026-09-09T01,21,0,58.5,14729,0,4
2026-09-09T01,21,1,58.5,4632,4961,3
2026-09-09T01,21,1,59.0,0,2025,1
2026-09-09T01,21,2,59.0,0,324,2
2026-09-09T01,21,2,59.5,5515,1071,5
2026-09-09T01,21,3,60.0,5782,4816,4
2026-09-09T01,21,4,60.5,350,2729,2
2026-09-09T01,21,6,61.0,16350,0,3
2026-09-09T02,21,0,57.5,0,3103,2
2026-09-09T02,21,0,58.0,0,1987,2
2026-09-09T02,21,0,58.5,12977,0,7
2026-09-09T02,21,1,59.0,550,317,2
2026-09-09T02,21,3,59.5,715,79,3
2026-09-09T02,21,3,60.0,29456,0,4
2026-09-09T03,21,0,57.5,92,8,2
2026-09-09T03,21,0,58.0,700,3363,3
2026-09-09T03,21,0,58.5,18046,0,3
2026-09-09T03,21,1,57.5,229,0,1
2026-09-09T03,21,1,58.0,444,0,1
2026-09-09T03,21,3,60.0,20448,734,6
2026-09-09T03,21,3,60.5,17751,0,2
2026-09-09T03,21,4,60.5,0,3261,1
2026-09-09T03,21,4,62.0,19409,0,1
2026-09-09T03,21,6,61.0,0,26421,1
2026-09-09T03,21,6,62.5,10000,0,1
2026-09-09T04,21,0,58.0,0,1800,1
2026-09-09T04,21,0,58.5,12759,0,9
2026-09-09T04,21,1,57.5,2700,4652,2
2026-09-09T04,21,1,58.0,0,9556,1
2026-09-09T04,21,1,59.0,7378,0,3
2026-09-09T04,21,2,58.0,0,265,1
2026-09-09T04,21,2,58.5,0,14781,3
2026-09-09T04,21,2,59.0,0,1185,2
2026-09-09T04,21,2,59.5,1881,11494,3
2026-09-09T04,21,2,60.0,4179,0,1
2026-09-09T04,21,3,59.5,0,7632,1
2026-09-09T04,21,3,60.0,0,1017,1
2026-09-09T04,21,3,60.5,1195,0,1
2026-09-09T04,21,5,60.5,0,7930,1
2026-09-09T04,21,6,61.0,5556,20071,2
2026-09-09T04,21,6,62.5,28974,0,2
2026-09-09T05,21,0,57.0,0,531,1
2026-09-09T05,21,0,57.5,0,350,1
2026-09-09T05,21,0,58.5,0,2923,2
2026-09-09T05,21,0,59.0,1320,0,2
2026-09-09T05,21,1,58.0,1977,2778,4
2026-09-09T05,21,1,58.5,0,135,1
2026-09-09T05,21,1,59.0,13660,15493,5
2026-09-09T05,21,2,59.5,0,99,1
2026-09-09T05,21,3,59.5,2410,0,2
2026-09-09T05,21,3,60.0,4241,0,2
2026-09-09T05,21,4,61.0,854,4831,2
2026-09-09T05,21,4,61.5,5669,0,1
2026-09-09T05,21,7,62.0,3450,0,1
2026-09-09T06,21,0,57.5,0,2355,1
2026-09-09T06,21,0,58.0,15372,4360,6
2026-09-09T06,21,0,59.0,0,155,1
2026-09-09T06,21,1,58.5,8627,1244,2
2026-09-09T06,21,1,59.0,0,1000,1
2026-09-09T06,21,2,59.0,0,5289,2
2026-09-09T06,21,3,59.5,1903,278,5
2026-09-09T06,21,4,60.5,0,94,1
2026-09-09T06,21,4,61.0,15728,1122,3
2026-09-09T06,21,4,61.5,20064,0,1
2026-09-09T06,21,7,62.0,22128,0,3
2026-09-09T07,21,0,57.0,0,164,1
2026-09-09T07,21,0,57.5,2790,6356,6
2026-09-09T07,21,1,58.0,3300,0,6
2026-09-09T07,21,2,59.0,1876,124,2
2026-09-09T07,21,3,59.5,12105,4001,5
2026-09-09T07,21,4,60.0,0,15000,1
2026-09-09T07,21,4,60.5,0,10986,1
2026-09-09T07,21,6,61.0,4530,0,1
2026-09-09T08,21,0,56.5,0,500,1
2026-09-09T08,21,0,57.5,0,142,1
2026-09-09T08,21,0,58.0,2591,2371,9
2026-09-09T08,21,1,58.0,2425,7123,5
2026-09-09T08,21,1,58.5,841,1470,3
2026-09-09T08,21,2,57.5,0,1153,1
2026-09-09T08,21,2,58.0,0,989,1
2026-09-09T08,21,2,58.5,829,546,4
2026-09-09T08,21,2,59.0,0,124,1
2026-09-09T08,21,2,59.5,173,1,2
2026-09-09T09,21,0,57.5,7300,0,1
2026-09-09T09,21,0,58.0,0,4,1
2026-09-09T09,21,1,57.5,0,5978,1
2026-09-09T09,21,1,58.0,12381,0,1
2026-09-09T09,21,2,57.5,3000,5560,2
2026-09-09T09,21,2,58.0,0,1301,1
2026-09-09T09,21,2,58.5,47353,2125,10
2026-09-09T09,21,3,59.5,2095,5643,2
2026-09-09T09,21,3,60.0,6812,0,1
2026-09-09T09,21,4,60.5,0,517,1
2026-09-09T09,21,5,60.5,0,26576,1
2026-09-09T09,21,6,60.5,0,4589,1
2026-09-09T09,21,6,61.0,0,21327,1
2026-09-09T09,21,7,62.0,33758,0,1
2026-09-09T10,21,0,57.5,1322,2064,5
2026-09-09T10,21,1,57.5,0,700,1
2026-09-09T10,21,1,58.0,0,11939,2
2026-09-09T10,21,2,58.0,0,1571,4
2026-09-09T10,21,2,58.5,33598,0,8
2026-09-09T10,21,3,59.5,16169,0,3
2026-09-09T10,21,6,61.5,15010,0,2
2026-09-09T11,21,0,56.5,1024,0,1
2026-09-09T11,21,0,57.5,0,478,1
2026-09-09T11,21,1,57.5,0,1404,1
2026-09-09T11,21,1,58.0,7486,0,4
2026-09-09T11,21,2,57.5,0,5,1
2026-09-09T11,21,2,58.0,300,9763,4
2026-09-09T11,21,2,58.5,26694,0,3
2026-09-09T11,21,3,59.5,4488,9398,2
2026-09-09T11,21,3,60.0,13134,25899,4
2026-09-09T11,21,6,61.0,0,9600,1
2026-09-09T11,21,6,61.5,0,34990,1
2026-09-09T11,21,7,62.0,6255,0,1
2026-09-09T12,21,0,56.5,3350,3379,6
2026-09-09T12,21,0,57.0,3,214,2
2026-09-09T12,21,0,57.5,4122,3891,2
2026-09-09T12,21,1,56.5,0,3728,1
2026-09-09T12,21,1,57.0,8298,7775,8
2026-09-09T12,21,1,57.5,0,230,1
2026-09-09T12,21,2,57.5,0,3243,1
2026-09-09T12,21,2,58.0,30036,700,3
2026-09-09T12,21,2,58.5,3300,0,1
2026-09-09T12,21,3,60.0,4169,0,3
2026-09-09T12,21,4,60.5,0,175,1
2026-09-09T12,21,4,61.0,12948,0,2
2026-09-09T12,21,6,61.0,0,13954,1
2026-09-09T12,21,7,62.0,12988,0,2
2026-09-09T13,21,0,58.0,0,1110,3
2026-09-09T13,21,1,58.0,0,9183,1
2026-09-09T13,21,2,58.0,1238,8759,2
2026-09-09T13,21,2,58.5,54408,9619,10
2026-09-09T13,21,4,60.5,2,0,1
2026-09-09T13,21,5,62.0,7000,0,1
2026-09-09T13,21,7,62.0,0,21122,1
2026-09-09T14,21,1,57.0,1475,50,2
2026-09-09T14,21,1,57.5,3330,967,4
2026-09-09T14,21,1,58.0,4465,0,1
2026-09-09T14,21,2,58.0,10741,11187,6
2026-09-09T14,21,2,58.5,13134,0,1
2026-09-09T14,21,3,59.5,0,11691,1
2026-09-09T14,21,4,59.5,0,11204,2
2026-09-09T14,21,4,60.0,0,508,1
2026-09-09T14,21,4,60.5,0,7592,1
2026-09-09T14,21,5,60.0,250,6947,2
2026-09-09T14,21,6,61.0,0,16602,1
2026-09-09T14,21,11,70.0,1000,0,1
2026-09-09T15,21,0,57.0,977,1235,3
2026-09-09T15,21,0,57.5,0,200,1
2026-09-09T15,21,1,57.5,0,7976,1
2026-09-09T15,21,2,57.5,597,0,2
2026-09-09T15,21,2,58.0,14779,0,4
2026-09-09T15,21,3,58.5,2724,0,1
2026-09-09T15,21,3,59.0,1647,0,1
2026-09-09T15,21,4,61.0,248,0,2
2026-09-09T16,21,0,57.5,0,460,1
2026-09-09T16,21,0,58.0,500,975,2
2026-09-09T16,21,1,57.5,3098,7541,5
2026-09-09T16,21,1,58.0,0,22105,2
2026-09-09T16,21,2,57.5,0,12483,1
2026-09-09T16,21,2,58.0,800,2181,3
2026-09-09T16,21,2,58.5,33570,0,4
2026-09-09T16,21,3,58.5,3000,15166,3
2026-09-09T16,21,3,59.0,0,4975,1
2026-09-09T16,21,3,59.5,33990,55000,2
2026-09-09T16,21,4,60.0,0,10000,1
2026-09-09T16,21,4,60.5,0,1080,1
2026-09-09T16,21,4,61.0,25470,0,1
2026-09-09T17,21,0,57.0,0,1000,1
2026-09-09T17,21,0,57.5,3720,507,3
2026-09-09T17,21,0,58.0,12803,4001,5
2026-09-09T17,21,1,58.0,1020,1379,3
2026-09-09T17,21,1,58.5,0,1771,1
2026-09-09T17,21,2,58.5,13579,3903,4
2026-09-09T17,21,2,59.0,4813,6778,4
2026-09-09T17,21,3,60.0,17845,831,3
2026-09-09T17,21,4,60.0,0,3719,1
2026-09-09T17,21,4,61.0,40896,0,2
2026-09-09T18,21,0,57.5,0,450,2
2026-09-09T18,21,0,58.0,16531,0,6
2026-09-09T18,21,1,58.0,975,5570,3
2026-09-09T18,21,1,58.5,0,1380,1
2026-09-09T18,21,1,59.0,3822,0,1
2026-09-09T18,21,2,58.0,2859,1465,2
2026-09-09T18,21,2,58.5,0,66,2
2026-09-09T18,21,2,59.0,4309,1720,5
2026-09-09T18,21,2,59.5,5816,0,2
2026-09-09T18,21,3,59.5,2000,16407,2
2026-09-09T18,21,4,60.5,2156,0,2
2026-09-09T19,21,0,57.0,0,6095,2
2026-09-09T19,21,0,57.5,247,10388,3
2026-09-09T19,21,0,58.0,8049,0,4
2026-09-09T19,21,1,58.0,6151,2496,3
2026-09-09T19,21,1,58.5,6077,0,4
2026-09-09T19,21,2,59.0,1096,1217,2
2026-09-09T19,21,4,59.5,1487,265,2
2026-09-09T19,21,4,60.0,28976,21411,4
2026-09-09T19,21,4,60.5,18975,2099,5
2026-09-09T20,21,0,56.5,560,148,2
2026-09-09T20,21,0,57.0,90,0,1
2026-09-09T20,21,0,57.5,0,1,1
2026-09-09T20,21,1,56.5,0,3279,2
2026-09-09T20,21,1,57.0,0,1197,2
2026-09-09T20,21,1,57.5,170,727,2
2026-09-09T20,21,1,58.0,3932,7590,6
2026-09-09T20,21,1,58.5,3899,0,1
2026-09-09T20,21,2,57.5,2138,31611,3
2026-09-09T20,21,2,58.0,0,1226,1
2026-09-09T20,21,2,58.5,0,568,1
2026-09-09T20,21,2,59.0,1432,1165,3
2026-09-09T20,21,2,59.5,3262,0,1
2026-09-09T20,21,3,59.5,4402,598,2
2026-09-09T20,21,3,60.0,17504,0,4
2026-09-09T20,21,4,60.0,0,9854,1
2026-09-09T20,21,4,60.5,0,5770,2
2026-09-09T20,21,4,61.0,19314,0,2
2026-09-09T21,21,0,57.0,0,3918,1
2026-09-09T21,21,0,57.5,0,101,1
2026-09-09T21,21,0,58.0,0,14178,1
2026-09-09T21,21,0,58.5,0,565,2
2026-09-09T21,21,0,59.0,0,723,1
2026-09-09T21,21,0,59.5,6618,1340,8
2026-09-09T21,21,1,58.5,0,5632,2
2026-09-09T21,21,1,59.0,6923,38992,4
2026-09-09T21,21,1,59.5,0,1000,1
2026-09-09T21,21,2,58.5,0,229,1
2026-09-09T21,21,2,59.0,0,891,2
2026-09-09T21,21,2,59.5,0,17174,5
2026-09-09T21,21,2,60.0,20826,0,3
2026-09-09T21,21,3,60.0,46152,79545,7
2026-09-09T21,21,3,60.5,5669,0,2
2026-09-09T21,21,4,61.0,30805,0,2
2026-09-09T21,21,5,61.5,0,10000,1
2026-09-09T21,21,6,61.5,0,17943,1
2026-09-09T21,21,6,62.0,12773,0,1
2026-09-09T22,21,0,59.5,0,6611,2
2026-09-09T22,21,1,59.0,0,1001,2
2026-09-09T22,21,1,59.5,0,1648,1
2026-09-09T22,21,1,60.0,6541,846,6
2026-09-09T22,21,2,59.5,0,5959,1
2026-09-09T22,21,2,60.0,6670,46795,7
2026-09-09T22,21,3,60.0,0,2379,1
2026-09-09T22,21,3,60.5,4265,0,1
2026-09-09T22,21,4,61.0,3000,0,1
2026-09-09T22,21,6,61.5,1988,0,1
2026-09-09T23,21,0,58.0,0,709,2
2026-09-09T23,21,0,58.5,0,1500,1
2026-09-09T23,21,0,59.0,995,0,2
2026-09-09T23,21,1,59.0,36,773,2
2026-09-09T23,21,1,59.5,900,0,1
2026-09-09T23,21,2,58.0,0,188,1
2026-09-09T23,21,2,58.5,93,2156,2
2026-09-09T23,21,2,59.0,0,1165,1
2026-09-09T23,21,2,59.5,0,1548,2
2026-09-09T23,21,2,60.0,0,633,1
2026-09-09T23,21,3,60.0,0,1600,1
2026-09-09T23,21,3,60.5,20853,0,2
2026-09-09T23,21,4,60.5,2226,7774,2
2026-09-09T23,21,4,61.0,100287,10041,3
2026-09-09T23,21,5,61.0,6814,3186,2
2026-09-10T00,21,0,58.5,300,1884,2
2026-09-10T00,21,0,59.0,1704,2334,4
2026-09-10T00,21,1,59.0,0,111,1
2026-09-10T00,21,1,59.5,13808,0,5
2026-09-10T00,21,2,60.0,0,644,2
2026-09-10T00,21,3,60.5,16972,6227,7
2026-09-10T00,21,4,61.0,0,40465,1
2026-09-10T00,21,6,61.5,14147,0,1
2026-09-10T01,21,0,58.5,5454,6631,4
2026-09-10T01,21,1,58.5,0,11169,1
2026-09-10T01,21,1,59.0,10628,172,3
2026-09-10T01,21,2,59.0,0,170,1
2026-09-10T01,21,3,59.5,45324,0,7
2026-09-10T01,21,4,61.0,789,0,1
2026-09-10T01,21,5,61.0,6291,0,2
2026-09-10T02,21,0,59.0,20,0,1
2026-09-10T02,21,1,59.0,180,0,1
2026-09-10T02,21,1,59.5,1558,0,2
2026-09-10T02,21,2,58.0,3614,0,4
2026-09-10T02,21,2,58.5,1575,0,1
2026-09-10T02,21,2,60.0,0,300,1
2026-09-10T02,21,3,59.5,0,8976,1
2026-09-10T02,21,3,60.5,1084,287,2
2026-09-10T02,21,4,59.0,12050,0,2
2026-09-10T02,21,4,60.5,1434,1566,2
2026-09-10T02,21,6,61.5,8014,0,1
2026-09-10T03,21,0,58.5,0,300,1
2026-09-10T03,21,2,57.5,73,105,2
2026-09-10T03,21,2,58.0,0,2829,2
2026-09-10T03,21,2,58.5,22517,1145,4
2026-09-10T03,21,2,59.0,580,0,2
2026-09-10T03,21,3,58.5,0,2145,1
2026-09-10T03,21,4,59.0,46225,19513,7
2026-09-10T04,21,0,56.5,0,94,1
2026-09-10T04,21,0,58.0,0,507,1
2026-09-10T04,21,0,58.5,3424,297,2
2026-09-10T04,21,0,59.0,0,35,1
2026-09-10T04,21,1,59.0,2189,2491,2
2026-09-10T04,21,2,58.5,0,71,1
2026-09-10T04,21,2,59.0,7360,1366,4
2026-09-10T04,21,3,58.5,65512,53234,5
2026-09-10T04,21,4,59.5,26993,56108,4
2026-09-10T04,21,5,60.5,0,12471,1
2026-09-10T04,21,5,61.0,0,4714,1
2026-09-10T04,21,6,61.0,12861,0,1
2026-09-10T04,21,6,61.5,793,0,1
2026-09-10T05,21,0,58.0,0,4000,1
2026-09-10T05,21,0,58.5,100,508,4
2026-09-10T05,21,0,59.0,0,431,1
2026-09-10T05,21,1,58.5,70,1652,2
2026-09-10T05,21,1,59.0,3778,5263,3
2026-09-10T05,21,1,59.5,32,0,1
2026-09-10T05,21,2,59.0,1520,2976,4
2026-09-10T05,21,2,59.5,10085,4915,3
2026-09-10T05,21,3,59.0,0,22679,1
2026-09-10T05,21,3,59.5,0,3480,1
2026-09-10T05,21,4,59.5,864,1577,2
2026-09-10T05,21,4,60.0,0,2000,1
2026-09-10T05,21,4,60.5,632,0,3
2026-09-10T06,21,0,57.5,1900,810,2
2026-09-10T06,21,0,58.0,1302,0,2
2026-09-10T06,21,0,58.5,1151,2047,3
2026-09-10T06,21,0,59.0,0,1678,1
2026-09-10T06,21,1,59.0,1814,454,3
2026-09-10T06,21,1,59.5,5163,0,3
2026-09-10T06,21,2,59.0,300,0,1
2026-09-10T06,21,3,60.0,7417,5785,4
2026-09-10T06,21,3,60.5,71215,0,1
2026-09-10T06,21,4,60.5,0,9368,1
2026-09-10T06,21,4,61.0,0,4662,2
2026-09-10T06,21,6,61.0,58198,3201,5
2026-09-10T06,21,6,61.5,4236,0,2
2026-09-10T06,21,11,70.0,5,0,1
2026-09-10T07,21,0,58.0,314,15824,5
2026-09-10T07,21,0,58.5,22,0,1
2026-09-10T07,21,1,58.0,0,1940,1
2026-09-10T07,21,1,58.5,12718,4782,6
2026-09-10T07,21,2,58.5,4920,3040,4
2026-09-10T07,21,4,60.0,0,2542,1
2026-09-10T07,21,4,61.0,0,11040,1
2026-09-10T07,21,5,61.0,0,10000,1
2026-09-10T07,21,5,62.0,6930,0,1
2026-09-10T07,21,6,61.5,6934,22537,2
2026-09-10T07,21,6,62.0,0,4427,1
2026-09-10T08,21,0,57.5,0,305,1
2026-09-10T08,21,0,58.0,500,633,3
2026-09-10T08,21,0,58.5,0,1215,1
2026-09-10T08,21,1,58.5,0,3396,3
2026-09-10T08,21,2,58.0,4347,143,2
2026-09-10T08,21,2,58.5,0,15400,1
2026-09-10T08,21,2,59.0,31225,1037,8
2026-09-10T08,21,4,60.5,2700,0,1
2026-09-10T08,21,5,62.0,10023,1047,2
2026-09-10T08,21,6,62.5,7420,0,1
2026-09-10T09,21,0,57.0,0,7781,2
2026-09-10T09,21,0,57.5,0,600,1
2026-09-10T09,21,1,57.5,0,287,1
2026-09-10T09,21,2,58.0,27516,0,7
2026-09-10T09,21,3,60.0,509,30066,2
2026-09-10T09,21,4,60.0,0,2051,1
2026-09-10T09,21,4,60.5,22080,0,1
2026-09-10T10,21,0,58.0,1110,7852,3
2026-09-10T10,21,0,58.5,0,242,1
2026-09-10T10,21,0,59.0,136,2540,3
2026-09-10T10,21,1,58.0,0,906,1
2026-09-10T10,21,1,58.5,0,1441,1
2026-09-10T10,21,1,59.0,0,1945,1
2026-09-10T10,21,2,58.0,10694,6253,4
2026-09-10T10,21,2,58.5,9596,89,3
2026-09-10T10,21,2,59.0,0,8775,1
2026-09-10T10,21,2,59.5,31279,10351,6
2026-09-10T10,21,3,60.0,0,11706,2
2026-09-10T10,21,4,60.0,465,126,2
2026-09-10T10,21,4,60.5,7689,0,3
2026-09-10T10,21,5,62.0,10353,0,1
2026-09-10T10,21,6,61.0,21481,5003,2
2026-09-10T10,21,8,68.0,0,48267,1
2026-09-10T11,21,0,56.5,0,1000,1
2026-09-10T11,21,1,56.5,0,230,1
2026-09-10T11,21,1,57.0,0,126,1
2026-09-10T11,21,1,57.5,0,122,1
2026-09-10T11,21,1,58.5,470,0,2
2026-09-10T11,21,2,57.5,0,13893,2
2026-09-10T11,21,2,58.0,11832,0,4
2026-09-10T11,21,2,59.5,3575,0,2
2026-09-10T11,21,4,60.0,3210,0,4
2026-09-10T12,21,0,56.5,0,922,1
2026-09-10T12,21,0,57.0,1270,1613,3
2026-09-10T12,21,0,57.5,0,500,1
2026-09-10T12,21,2,57.5,8858,1287,6
2026-09-10T12,21,2,58.0,10029,0,3
2026-09-10T12,21,3,59.5,0,3000,1
2026-09-10T12,21,4,59.5,0,652,1
2026-09-10T12,21,4,60.0,34992,11798,3
2026-09-10T12,21,4,60.5,29469,0,2
2026-09-10T12,21,6,61.0,1479,0,1
2026-09-10T13,21,0,57.0,0,486,1
2026-09-10T13,21,0,57.5,0,148,1
2026-09-10T13,21,1,57.5,11782,1639,6
2026-09-10T13,21,2,57.5,996,473,4
2026-09-10T13,21,2,58.0,15488,0,4
2026-09-10T13,21,3,59.0,0,13451,1
2026-09-10T13,21,3,60.0,1409,0,1
2026-09-10T13,21,4,60.0,1200,0,1
2026-09-10T13,21,6,61.0,10003,0,2
2026-09-10T14,21,0,58.0,0,406,1
2026-09-10T14,21,0,58.5,5555,999,6
2026-09-10T14,21,0,59.0,0,518,2
2026-09-10T14,21,1,58.0,3372,3228,2
2026-09-10T14,21,1,58.5,0,163,1
2026-09-10T14,21,2,58.0,6216,848,2
2026-09-10T14,21,2,58.5,0,1908,1
2026-09-10T14,21,2,59.0,0,8746,1
2026-09-10T14,21,3,59.5,60679,7740,5
2026-09-10T14,21,4,59.5,576,2079,2
2026-09-10T14,21,4,60.0,12827,0,2
2026-09-10T15,21,0,57.5,0,4765,1
2026-09-10T15,21,0,58.0,0,5575,1
2026-09-10T15,21,0,59.0,0,123,1
2026-09-10T15,21,1,58.0,0,348,1
2026-09-10T15,21,1,58.5,0,1327,1
2026-09-10T15,21,1,59.0,0,3930,1
2026-09-10T15,21,2,58.5,0,428,1
2026-09-10T15,21,2,59.0,3999,1,4
2026-09-10T15,21,2,59.5,3452,0,1
2026-09-10T15,21,3,59.5,11537,2784,3
2026-09-10T15,21,4,59.5,741,492,2
2026-09-10T15,21,4,60.0,3775,0,1
2026-09-10T16,21,0,58.0,300,4381,4
2026-09-10T16,21,0,58.5,589,0,1
2026-09-10T16,21,0,59.0,0,19371,1
2026-09-10T16,21,0,59.5,250,38172,5
2026-09-10T16,21,1,59.0,0,156,1
2026-09-10T16,21,1,59.5,0,3069,2
2026-09-10T16,21,1,60.0,13051,0,1
2026-09-10T16,21,2,58.5,310,16006,2
2026-09-10T16,21,2,59.0,0,780,1
2026-09-10T16,21,2,59.5,3621,34387,5
2026-09-10T16,21,3,59.5,0,6320,2
2026-09-10T16,21,3,60.0,9981,32801,5
2026-09-10T16,21,4,59.5,0,1911,2
2026-09-10T16,21,4,60.0,16591,5587,3
2026-09-10T16,21,4,60.5,1279,0,2
2026-09-10T16,21,6,61.0,11691,0,1
2026-09-10T17,21,0,58.5,1345,2461,3
2026-09-10T17,21,0,59.0,0,208,1
2026-09-10T17,21,0,59.5,0,366,2
2026-09-10T17,21,1,57.5,0,1495,1
2026-09-10T17,21,1,58.0,105,22,2
2026-09-10T17,21,1,59.5,0,2790,2
2026-09-10T17,21,1,60.0,40984,0,6
2026-09-10T17,21,2,59.0,0,500,1
2026-09-10T17,21,2,59.5,0,4387,2
2026-09-10T17,21,2,60.0,4102,11193,4
2026-09-10T17,21,3,59.5,600,800,2
2026-09-10T17,21,4,60.0,0,5512,1
2026-09-10T17,21,4,60.5,28451,0,3
2026-09-10T17,21,5,62.0,0,17714,2
2026-09-10T17,21,6,61.0,0,14740,1
2026-09-10T17,21,6,62.5,27070,0,2
2026-09-10T18,21,0,59.5,0,560,2
2026-09-10T18,21,1,59.5,133,685,2
2026-09-10T18,21,1,60.0,14925,0,4
2026-09-10T18,21,2,59.5,0,5028,2
2026-09-10T18,21,2,60.0,8260,3861,8
2026-09-10T18,21,3,60.5,27585,0,4
2026-09-10T18,21,4,60.5,0,23332,1
2026-09-10T19,21,0,58.0,2552,7859,4
2026-09-10T19,21,0,58.5,0,191,2
2026-09-10T19,21,0,59.0,0,100,1
2026-09-10T19,21,0,59.5,6921,1587,8
2026-09-10T19,21,1,59.0,0,6346,2
2026-09-10T19,21,1,59.5,0,373,1
2026-09-10T19,21,1,60.0,12235,283,4
2026-09-10T19,21,2,59.0,0,32,1
2026-09-10T19,21,2,60.0,0,3489,2
2026-09-10T19,21,3,59.5,7336,9295,3
2026-09-10T19,21,3,60.0,0,1158,1
2026-09-10T19,21,3,60.5,17545,0,3
2026-09-10T19,21,4,60.5,413,10361,2
2026-09-10T19,21,4,61.0,16079,39872,4
2026-09-10T19,21,5,61.5,19187,10000,2
2026-09-10T20,21,0,59.5,0,329,2
2026-09-10T20,21,1,58.5,0,126,1
2026-09-10T20,21,1,59.0,0,123,1
2026-09-10T20,21,1,60.0,4829,0,3
2026-09-10T20,21,2,59.5,50,583,2
2026-09-10T20,21,2,60.0,3859,126,5
2026-09-10T20,21,3,60.5,23823,0,4
2026-09-10T20,21,4,60.0,0,9356,1
2026-09-10T20,21,4,61.0,0,1481,1
2026-09-10T20,21,5,61.5,80928,0,5
2026-09-10T20,21,11,65.0,3994,0,1
2026-09-10T21,21,0,57.5,0,493,1
2026-09-10T21,21,0,58.0,0,2415,1
2026-09-10T21,21,0,58.5,0,3296,1
2026-09-10T21,21,0,59.0,2019,150,3
2026-09-10T21,21,0,59.5,2259,0,1
2026-09-10T21,21,1,59.0,0,748,2
2026-09-10T21,21,1,59.5,0,3233,1
2026-09-10T21,21,2,59.0,0,261,1
2026-09-10T21,21,2,59.5,651,4600,6
2026-09-10T21,21,2,60.0,0,3179,1
2026-09-10T21,21,3,60.0,287,0,1
2026-09-10T21,21,3,60.5,3116,0,1
2026-09-10T21,21,4,60.0,0,14400,1
2026-09-10T21,21,7,60.5,2318,0,2
2026-09-10T21,21,11,65.0,0,16006,1
2026-09-10T22,21,0,58.0,0,467,1
2026-09-10T22,21,0,58.5,2536,655,8
2026-09-10T22,21,0,59.0,0,481,1
2026-09-10T22,21,0,59.5,119,486,2
2026-09-10T22,21,1,59.5,0,2100,1
2026-09-10T22,21,1,60.0,13742,0,3
2026-09-10T22,21,2,59.5,3042,5169,5
2026-09-10T22,21,2,60.0,1155,548,4
2026-09-10T22,21,3,59.5,0,2404,1
2026-09-10T22,21,3,60.0,859,7581,4
2026-09-10T22,21,3,60.5,3961,0,1
2026-09-10T22,21,5,60.5,0,20802,1
2026-09-10T22,21,5,61.0,1411,0,1
2026-09-10T22,21,7,60.5,40231,8798,6
2026-09-10T23,21,0,58.0,0,288,2
2026-09-10T23,21,0,58.5,655,1698,4
2026-09-10T23,21,0,59.0,2568,0,2
2026-09-10T23,21,1,59.5,0,195,1
2026-09-10T23,21,2,58.0,0,1228,1
2026-09-10T23,21,2,58.5,454,0,1
2026-09-10T23,21,2,59.0,4193,0,2
2026-09-11T00,21,0,57.5,350,1150,2
2026-09-11T00,21,0,58.0,0,53,1
2026-09-11T00,21,0,58.5,150,380,4
2026-09-11T00,21,1,57.5,18241,7423,7
2026-09-11T00,21,1,58.0,0,28,1
2026-09-11T00,21,1,58.5,0,68,1
2026-09-11T00,21,2,58.0,0,1,1
2026-09-11T00,21,2,58.5,690,3183,3
2026-09-11T00,21,2,59.0,3633,0,1
2026-09-11T00,21,4,59.5,1600,0,1
2026-09-11T01,21,0,58.0,0,128,2
2026-09-11T01,21,0,58.5,1828,22,3
2026-09-11T01,21,1,57.5,0,850,1
2026-09-11T01,21,1,58.0,10342,13389,3
2026-09-11T01,21,1,58.5,0,82,1
2026-09-11T01,21,2,58.5,0,1067,2
2026-09-11T01,21,2,59.0,1268,0,2
2026-09-11T01,21,3,59.5,1560,0,1
2026-09-11T01,21,3,60.0,0,1900,1
2026-09-11T01,21,3,60.5,23356,0,1
2026-09-11T01,21,4,59.5,0,3243,1
2026-09-11T01,21,4,60.0,3160,0,1
2026-09-11T01,21,5,61.0,5539,0,2
2026-09-11T02,21,1,58.0,0,143,1
2026-09-11T02,21,1,58.5,0,981,1
2026-09-11T02,21,1,59.0,1660,870,3
2026-09-11T02,21,2,58.5,0,60,1
2026-09-11T02,21,2,59.0,24522,3543,8
2026-09-11T02,21,3,59.0,0,2076,1
2026-09-11T02,21,3,59.5,8700,0,2
2026-09-11T03,21,0,58.5,72,396,4
2026-09-11T03,21,0,59.0,0,1980,3
2026-09-11T03,21,1,59.0,0,6185,2
2026-09-11T03,21,2,58.5,0,1011,1
2026-09-11T03,21,2,59.0,15202,6057,6
2026-09-11T03,21,2,59.5,2040,0,1
2026-09-11T03,21,3,59.5,41009,2931,3
2026-09-11T03,21,4,59.5,483,620,2
2026-09-11T03,21,4,60.0,9391,0,2
2026-09-11T03,21,7,65.0,0,2000,1
2026-09-11T04,21,0,59.5,1458,2585,3
2026-09-11T04,21,1,59.0,1438,0,1
2026-09-11T04,21,1,59.5,1150,2424,4
2026-09-11T04,21,2,59.5,14102,7161,6
2026-09-11T04,21,4,59.5,0,812,1
2026-09-11T04,21,4,60.0,72116,0,8
2026-09-11T04,21,6,61.0,10000,0,1
2026-09-11T05,21,0,58.0,0,543,1
2026-09-11T05,21,1,58.0,1222,2966,3
2026-09-11T05,21,1,58.5,26,1752,3
2026-09-11T05,21,1,59.0,2473,0,2
2026-09-11T05,21,2,58.0,0,3523,2
2026-09-11T05,21,2,59.0,0,1108,2
2026-09-11T05,21,2,59.5,0,9850,1
2026-09-11T05,21,2,60.0,1010,1115,2
2026-09-11T05,21,3,58.5,16488,31128,3
2026-09-11T05,21,3,60.0,0,1174,1
2026-09-11T05,21,3,60.5,538,0,1
2026-09-11T05,21,4,59.0,0,1524,1
2026-09-11T05,21,4,59.5,0,14231,1
2026-09-11T05,21,4,60.0,0,5632,1
2026-09-11T05,21,4,60.5,16252,6665,3
2026-09-11T05,21,5,60.5,0,12586,1
2026-09-11T05,21,6,61.0,62511,0,2
2026-09-11T06,21,0,58.0,300,0,1
2026-09-11T06,21,0,59.0,845,184,2
2026-09-11T06,21,1,59.0,0,4648,1
2026-09-11T06,21,1,59.5,2031,13105,6
2026-09-11T06,21,1,60.0,2655,0,2
2026-09-11T06,21,3,60.5,3102,0,2
2026-09-11T06,21,4,61.0,2724,499,3
2026-09-11T06,21,5,61.0,1571,665,2
2026-09-11T06,21,5,61.5,4322,0,2
2026-09-11T06,21,6,61.0,0,8068,1
2026-09-11T07,21,0,56.5,40,1960,2
2026-09-11T07,21,0,57.0,0,1012,1
2026-09-11T07,21,0,57.5,0,478,2
2026-09-11T07,21,0,58.0,2,1475,4
2026-09-11T07,21,0,58.5,995,700,3
2026-09-11T07,21,1,58.5,2584,536,2
2026-09-11T07,21,1,59.0,320,0,2
2026-09-11T07,21,2,59.0,2225,3409,2
2026-09-11T07,21,2,59.5,2685,0,2
2026-09-11T07,21,3,59.0,0,264,1
2026-09-11T07,21,3,59.5,4366,1485,2
2026-09-11T07,21,4,59.5,0,15000,1
2026-09-11T07,21,5,61.0,0,10000,1
2026-09-11T07,21,5,61.5,2330,0,2
2026-09-11T07,21,6,62.0,10000,0,1
2026-09-11T08,21,0,58.0,0,3512,1
2026-09-11T08,21,0,58.5,8138,0,3
2026-09-11T08,21,1,58.5,21016,3761,4
2026-09-11T08,21,2,58.0,0,604,1
2026-09-11T08,21,2,58.5,5496,525,5
2026-09-11T08,21,2,59.0,898,2311,3
2026-09-11T08,21,3,59.5,0,10634,1
2026-09-11T08,21,4,60.0,0,12534,2
2026-09-11T08,21,4,60.5,0,11175,1
2026-09-11T08,21,6,60.5,18230,0,2
2026-09-11T09,21,0,57.5,0,1732,1
2026-09-11T09,21,0,58.0,3036,0,1
2026-09-11T09,21,1,58.0,0,835,1
2026-09-11T09,21,1,58.5,17335,0,8
2026-09-11T09,21,2,58.5,176,0,1
2026-09-11T09,21,2,59.0,12946,511,2
2026-09-11T09,21,4,59.0,0,10000,1
2026-09-11T09,21,4,59.5,7394,0,2
2026-09-11T10,21,0,57.0,40,3614,3
2026-09-11T10,21,0,57.5,0,60,1
2026-09-11T10,21,1,57.0,2934,9210,4
2026-09-11T10,21,1,57.5,24,411,2
2026-09-11T10,21,1,58.0,1689,0,1
2026-09-11T10,21,2,58.0,0,198,1
2026-09-11T10,21,2,58.5,16708,23116,5
2026-09-11T10,21,2,59.0,32884,11820,3
2026-09-11T10,21,4,59.0,0,3204,1
2026-09-11T10,21,4,59.5,25661,0,3
2026-09-11T10,21,5,60.0,0,31,1
2026-09-11T10,21,5,61.5,21404,0,1
2026-09-11T10,21,6,60.5,0,8972,1
2026-09-11T10,21,6,61.5,0,5273,1
2026-09-11T10,21,6,62.0,15951,8540,2
2026-09-11T10,21,6,62.5,4045,0,1
2026-09-11T11,21,0,56.5,0,95,1
2026-09-11T11,21,1,56.5,0,2932,1
2026-09-11T11,21,1,57.0,9021,0,5
2026-09-11T11,21,1,57.5,2390,118,3
2026-09-11T11,21,1,58.0,1956,0,1
2026-09-11T11,21,3,58.5,0,11708,2
2026-09-11T11,21,3,59.0,2250,17750,2
2026-09-11T11,21,4,59.0,0,10000,1
2026-09-11T11,21,4,59.5,22901,10671,2
2026-09-11T11,21,4,61.0,4806,0,1
2026-09-11T11,21,5,61.5,29601,0,3
2026-09-11T11,21,6,62.5,250,0,1
2026-09-11T12,21,0,57.0,0,6061,2
2026-09-11T12,21,0,57.5,1403,2947,6
2026-09-11T12,21,1,57.0,301,22130,4
2026-09-11T12,21,1,57.5,0,3161,1
2026-09-11T12,21,1,58.0,31624,0,7
2026-09-11T12,21,2,58.5,0,1175,1
2026-09-11T12,21,2,59.0,5393,0,3
2026-09-11T12,21,3,58.5,0,1500,1
2026-09-11T12,21,3,59.0,894,1397,2
2026-09-11T12,21,3,59.5,1660,1950,2
2026-09-11T12,21,3,60.0,616,0,2
2026-09-11T12,21,4,60.0,0,1583,1
2026-09-11T12,21,4,61.0,11880,0,2
2026-09-11T13,21,0,57.5,0,9,1
2026-09-11T13,21,0,58.0,304,6219,3
2026-09-11T13,21,0,58.5,767,0,1
2026-09-11T13,21,1,58.0,9551,7417,8
2026-09-11T13,21,1,58.5,1878,1294,2
2026-09-11T13,21,2,58.5,0,3733,1
2026-09-11T13,21,2,59.0,767,0,1
2026-09-11T13,21,3,59.0,0,2,1
2026-09-11T13,21,3,59.5,2838,0,1
2026-09-11T13,21,4,59.5,0,1,1
2026-09-11T13,21,4,60.0,4214,8286,3
2026-09-11T13,21,4,60.5,9444,0,1
2026-09-11T13,21,5,61.5,7000,0,1
2026-09-11T14,21,0,57.0,2646,2338,4
2026-09-11T14,21,0,57.5,0,573,2
2026-09-11T14,21,0,58.0,0,641,1
2026-09-11T14,21,0,58.5,19168,948,5
2026-09-11T14,21,1,58.5,102,972,3
2026-09-11T14,21,2,58.0,0,8117,1
2026-09-11T14,21,2,58.5,4037,4683,2
2026-09-11T14,21,2,59.0,17372,0,6
2026-09-11T14,21,3,59.0,0,2708,1
2026-09-11T14,21,3,59.5,2265,0,1
2026-09-11T14,21,4,60.0,0,1709,1
2026-09-11T14,21,4,60.5,4390,0,1
2026-09-11T15,21,0,58.0,9533,4600,3
2026-09-11T15,21,0,58.5,0,815,2
2026-09-11T15,21,0,59.0,384,171,2
2026-09-11T15,21,1,58.0,0,5812,1
2026-09-11T15,21,1,59.0,13462,6276,4
2026-09-11T15,21,2,58.5,0,3893,2
2026-09-11T15,21,2,59.0,5242,14192,5
2026-09-11T15,21,2,59.5,774,24669,4
2026-09-11T15,21,3,59.0,0,1088,1
2026-09-11T15,21,3,59.5,0,18609,2
2026-09-11T15,21,4,60.0,3387,674,2
2026-09-11T15,21,4,60.5,7930,0,1
2026-09-11T16,21,0,58.0,3486,2644,3
2026-09-11T16,21,0,58.5,0,2792,1
2026-09-11T16,21,1,58.0,0,58,1
2026-09-11T16,21,1,58.5,0,1575,1
2026-09-11T16,21,2,58.0,27597,713,6
2026-09-11T16,21,2,59.0,2150,2422,4
2026-09-11T16,21,3,58.5,3662,6840,4
2026-09-11T16,21,3,59.0,0,600,1
2026-09-11T16,21,4,59.5,24627,0,4
2026-09-11T16,21,6,61.0,906,0,1
2026-09-11T16,21,11,68.0,3,0,1
2026-09-11T17,21,0,57.5,0,3030,1
2026-09-11T17,21,0,58.5,1230,615,2
2026-09-11T17,21,1,58.5,4800,1510,5
2026-09-11T17,21,3,59.0,49037,3208,8
2026-09-11T17,21,4,59.5,0,5270,1
2026-09-11T17,21,4,60.0,0,2705,1
2026-09-11T17,21,4,60.5,32314,4368,4
2026-09-11T17,21,6,61.0,5025,0,1
2026-09-11T18,21,0,58.0,0,2314,3
2026-09-11T18,21,1,57.5,0,3,1
2026-09-11T18,21,1,58.0,0,544,1
2026-09-11T18,21,1,58.5,420,1704,3
2026-09-11T18,21,1,59.0,5096,0,3
2026-09-11T18,21,2,59.0,1538,4049,3
2026-09-11T18,21,3,58.0,0,3058,1
2026-09-11T18,21,3,58.5,0,1307,1
2026-09-11T18,21,3,59.0,1845,1739,2
2026-09-11T18,21,4,59.0,0,521,1
2026-09-11T18,21,4,59.5,3066,2765,3
2026-09-11T19,21,0,56.5,0,516,1
2026-09-11T19,21,0,57.0,0,1086,1
2026-09-11T19,21,0,58.0,8543,517,5
2026-09-11T19,21,1,57.5,0,3542,1
2026-09-11T19,21,1,58.0,18428,2441,4
2026-09-11T19,21,1,58.5,0,227,1
2026-09-11T19,21,1,59.0,4831,785,3
2026-09-11T19,21,2,59.0,4550,9841,4
2026-09-11T19,21,3,59.0,0,1080,2
2026-09-11T19,21,3,59.5,21208,10299,6
2026-09-11T19,21,4,59.5,24924,12295,3
2026-09-11T19,21,5,60.0,10215,4785,3
2026-09-11T19,21,6,61.0,0,38756,1
2026-09-11T20,21,0,57.5,0,2243,2
2026-09-11T20,21,0,58.0,8397,0,8
2026-09-11T20,21,2,58.5,423,0,1
2026-09-11T20,21,2,59.0,7523,814,3
2026-09-11T20,21,3,59.5,1886,3485,3
2026-09-11T20,21,3,60.0,10567,3430,2
2026-09-11T20,21,4,60.0,0,7926,2
2026-09-11T20,21,4,60.5,3561,0,1
2026-09-11T20,21,6,62.5,11691,0,1
2026-09-11T21,21,0,57.0,200,300,2
2026-09-11T21,21,0,58.0,913,2048,5
2026-09-11T21,21,0,58.5,0,6,1
2026-09-11T21,21,1,57.5,85,315,2
2026-09-11T21,21,1,58.0,0,753,2
2026-09-11T21,21,1,58.5,0,1260,1
2026-09-11T21,21,2,58.5,0,380,1
2026-09-11T21,21,2,59.0,19205,7233,7
2026-09-11T21,21,3,59.5,2690,0,2
2026-09-11T21,21,4,60.5,1613,0,1
2026-09-11T22,21,0,57.5,0,1172,1
2026-09-11T22,21,0,58.0,0,100,1
2026-09-11T22,21,0,59.0,2566,1231,3
2026-09-11T22,21,1,57.5,0,2337,2
2026-09-11T22,21,1,58.0,40,180,2
2026-09-11T22,21,2,58.5,514,5571,4
2026-09-11T22,21,2,59.0,3579,13417,7
2026-09-11T22,21,3,59.0,75,0,1
2026-09-11T22,21,3,59.5,30359,17310,2
2026-09-11T22,21,4,60.0,0,35450,1
2026-09-11T22,21,4,60.5,983,0,1
2026-09-11T22,21,5,61.0,0,6000,1
2026-09-11T22,21,5,61.5,5535,0,1
2026-09-11T22,21,6,61.0,0,5786,1
2026-09-11T22,21,6,62.0,0,21518,1
2026-09-11T22,21,7,61.5,12130,0,1
2026-09-11T23,21,0,58.0,0,190,1
2026-09-11T23,21,0,58.5,0,1080,2
2026-09-11T23,21,0,59.0,0,9434,3
2026-09-11T23,21,1,58.0,0,285,1
2026-09-11T23,21,1,58.5,0,286,1
2026-09-11T23,21,2,58.5,0,1614,1
2026-09-11T23,21,3,59.0,8339,1025,6
2026-09-11T23,21,3,59.5,4479,0,1
2026-09-11T23,21,4,60.5,0,5053,1
2026-09-12T00,21,0,57.5,0,325,1
2026-09-12T00,21,0,58.0,0,500,1
2026-09-12T00,21,1,58.5,0,138,1
2026-09-12T00,21,3,59.0,29972,0,8
2026-09-12T01,21,0,57.5,0,733,1
2026-09-12T01,21,0,58.0,131,329,2
2026-09-12T01,21,0,58.5,148,0,1
2026-09-12T01,21,1,58.0,0,200,1
2026-09-12T01,21,1,58.5,0,364,1
2026-09-12T01,21,2,58.0,0,1405,1
2026-09-12T01,21,2,58.5,40371,2027,8
2026-09-12T01,21,2,59.0,120,0,1
2026-09-12T01,21,3,59.0,0,28,1
2026-09-12T01,21,3,59.5,3312,14270,3
2026-09-12T01,21,3,60.0,9548,0,1
2026-09-12T01,21,4,60.0,0,10711,1
2026-09-12T01,21,4,60.5,4318,0,1
2026-09-12T01,21,5,60.5,27582,2418,3
2026-09-12T02,21,0,58.5,3032,4933,9
2026-09-12T02,21,0,59.0,1,0,1
2026-09-12T02,21,1,58.0,0,2815,1
2026-09-12T02,21,1,58.5,470,1087,2
2026-09-12T02,21,2,58.5,12853,5796,2
2026-09-12T02,21,2,59.0,0,1880,1
2026-09-12T02,21,3,59.0,0,997,1
2026-09-12T02,21,3,59.5,8043,160,4
2026-09-12T02,21,3,60.0,49840,0,1
2026-09-12T02,21,4,60.5,5746,0,1
2026-09-12T03,21,0,58.5,0,2700,1
2026-09-12T03,21,0,59.0,412,84,2
2026-09-12T03,21,1,59.0,4769,151,2
2026-09-12T03,21,2,58.5,0,100,1
2026-09-12T03,21,3,59.0,18169,4956,7
2026-09-12T03,21,3,59.5,3166,0,3
2026-09-12T04,21,0,58.5,0,77,1
2026-09-12T04,21,0,59.0,0,3392,2
2026-09-12T04,21,0,59.5,0,1251,2
2026-09-12T04,21,1,59.0,4108,30210,3
2026-09-12T04,21,2,59.5,0,9437,5
2026-09-12T04,21,3,59.5,30083,15606,5
2026-09-12T04,21,6,59.5,0,20874,1
2026-09-12T04,21,6,60.0,51245,0,6
2026-09-12T05,21,0,59.0,0,1207,2
2026-09-12T05,21,0,59.5,0,8176,1
2026-09-12T05,21,1,59.0,198,909,2
2026-09-12T05,21,1,59.5,6436,9017,4
2026-09-12T05,21,2,59.5,0,5532,1
2026-09-12T05,21,6,60.0,14939,0,5
2026-09-12T06,21,0,58.5,3501,494,5
2026-09-12T06,21,0,59.0,0,1217,1
2026-09-12T06,21,0,59.5,3017,0,1
2026-09-12T06,21,1,59.0,12982,6740,9
2026-09-12T06,21,1,59.5,0,2837,2
2026-09-12T06,21,2,59.5,0,13403,1
2026-09-12T06,21,2,60.0,450,1447,3
2026-09-12T06,21,3,59.5,1300,3700,2
2026-09-12T06,21,3,60.0,11727,18595,4
2026-09-12T06,21,4,60.5,1953,0,2
2026-09-12T06,21,5,60.5,636,0,1
2026-09-12T06,21,6,60.0,13651,5475,4
2026-09-12T07,21,0,57.5,0,1359,1
2026-09-12T07,21,0,58.0,14111,0,3
2026-09-12T07,21,0,58.5,4485,3918,4
2026-09-12T07,21,1,59.0,9881,0,4
2026-09-12T07,21,2,58.0,0,524,1
2026-09-12T07,21,2,58.5,0,7500,1
2026-09-12T07,21,2,59.0,2556,7444,3
2026-09-12T07,21,3,59.5,26149,10925,5
2026-09-12T07,21,3,60.0,13872,0,2
2026-09-12T07,21,4,60.5,0,9271,1
2026-09-12T07,21,5,60.5,8440,3555,2
2026-09-12T07,21,5,61.0,0,1946,1
2026-09-12T07,21,7,61.5,13571,0,1
2026-09-12T08,21,0,57.0,0,100,1
2026-09-12T08,21,0,57.5,0,1657,3
2026-09-12T08,21,0,58.0,9200,6163,5
2026-09-12T08,21,0,58.5,1422,22,3
2026-09-12T08,21,1,58.0,0,271,1
2026-09-12T08,21,1,58.5,2766,1682,2
2026-09-12T08,21,2,58.5,5109,45688,7
2026-09-12T08,21,3,59.0,3319,2100,2
2026-09-12T08,21,3,59.5,0,3843,1
2026-09-12T08,21,4,60.0,0,211,1
2026-09-12T08,21,4,60.5,0,8959,1
2026-09-12T08,21,7,61.5,11073,0,1
2026-09-12T09,21,0,58.0,139,2548,5
2026-09-12T09,21,2,58.5,42,0,1
2026-09-12T09,21,2,59.0,600,0,1
2026-09-12T09,21,3,58.0,1737,103,2
2026-09-12T09,21,3,58.5,8928,1360,3
2026-09-12T09,21,3,59.0,0,654,1
2026-09-12T09,21,4,59.5,3583,0,1
2026-09-12T10,21,0,56.5,0,202,1
2026-09-12T10,21,0,57.0,3434,153,3
2026-09-12T10,21,0,58.0,0,186,1
2026-09-12T10,21,1,57.5,1000,5982,2
2026-09-12T10,21,1,58.5,4891,0,1
2026-09-12T10,21,2,58.0,7400,0,3
2026-09-12T10,21,2,58.5,2596,4654,4
2026-09-12T10,21,3,59.0,0,1692,1
2026-09-12T10,21,3,59.5,1387,5000,2
2026-09-12T10,21,4,59.0,0,1061,1
2026-09-12T10,21,4,59.5,0,7664,1
2026-09-12T10,21,4,60.0,9232,0,1
2026-09-12T10,21,6,61.0,6897,0,1
2026-09-12T11,21,0,57.0,0,123,1
2026-09-12T11,21,0,57.5,1251,743,6
2026-09-12T11,21,0,58.0,1310,0,2
2026-09-12T11,21,2,58.0,7009,11695,7
2026-09-12T11,21,3,58.0,0,13524,1
2026-09-12T11,21,4,60.0,300,0,1
2026-09-12T11,21,5,60.0,0,30478,1
2026-09-12T11,21,5,60.5,0,52271,2
2026-09-12T11,21,6,61.0,2352,0,2
2026-09-12T12,21,0,57.0,0,77,1
2026-09-12T12,21,0,57.5,1008,1812,5
2026-09-12T12,21,0,58.0,9812,0,5
2026-09-12T12,21,1,57.5,0,2947,2
2026-09-12T12,21,2,58.0,1479,3382,3
2026-09-12T12,21,2,58.5,14958,795,3
2026-09-12T12,21,3,58.5,0,5767,1
2026-09-12T12,21,3,59.0,9853,4952,2
2026-09-12T12,21,3,59.5,771,3025,3
2026-09-12T12,21,4,59.5,0,4306,1
2026-09-12T12,21,4,60.0,2358,292,3
2026-09-12T12,21,6,61.0,0,8905,1
2026-09-12T12,21,6,62.5,8014,0,1
2026-09-12T12,21,7,61.5,0,34031,1
2026-09-12T13,21,0,57.0,0,233,1
2026-09-12T13,21,0,58.0,9517,0,1
2026-09-12T13,21,1,57.5,1378,416,2
2026-09-12T13,21,1,58.0,679,0,1
2026-09-12T13,21,2,58.0,2734,8233,6
2026-09-12T13,21,2,58.5,5853,0,3
2026-09-12T13,21,3,58.0,0,917,1
2026-09-12T13,21,3,59.0,0,3112,1
2026-09-12T13,21,4,59.0,33187,1627,2
2026-09-12T13,21,6,61.0,1,0,1
2026-09-12T14,21,0,56.5,4987,131,4
2026-09-12T14,21,0,57.0,5266,611,3
2026-09-12T14,21,0,57.5,829,171,2
2026-09-12T14,21,0,58.0,3327,1656,3
2026-09-12T14,21,1,57.5,0,1517,2
2026-09-12T14,21,1,58.0,0,2936,1
2026-09-12T14,21,2,58.0,0,12326,3
2026-09-12T14,21,2,58.5,15139,0,5
2026-09-12T14,21,3,58.0,0,1834,1
2026-09-12T14,21,4,58.0,0,118,1
2026-09-12T14,21,4,58.5,18000,2703,4
2026-09-12T15,21,0,57.0,0,6827,2
2026-09-12T15,21,0,57.5,773,927,3
2026-09-12T15,21,0,58.0,0,1579,1
2026-09-12T15,21,1,58.0,510,675,4
2026-09-12T15,21,2,58.0,3959,4938,5
2026-09-12T15,21,2,58.5,17148,0,7
2026-09-12T15,21,3,58.0,0,774,1
2026-09-12T15,21,3,58.5,0,2200,1
2026-09-12T15,21,4,59.0,268,2187,2
2026-09-12T15,21,4,59.5,182,0,1
2026-09-12T16,21,0,56.5,499,0,1
2026-09-12T16,21,0,57.0,151,1485,2
2026-09-12T16,21,0,57.5,5340,350,4
2026-09-12T16,21,1,57.5,0,13058,1
2026-09-12T16,21,2,58.0,1907,4646,6
2026-09-12T16,21,3,58.5,5509,6055,2
2026-09-12T16,21,3,59.0,5930,0,3
2026-09-12T16,21,4,59.0,0,262,1
2026-09-12T16,21,4,59.5,10792,1114,2
2026-09-12T17,21,0,56.5,9077,2480,2
2026-09-12T17,21,0,57.0,0,2176,4
2026-09-12T17,21,0,57.5,2372,17172,6
2026-09-12T17,21,0,58.0,0,6077,1
2026-09-12T17,21,1,57.5,120,43,2
2026-09-12T17,21,1,58.0,900,1783,2
2026-09-12T17,21,2,57.5,50,2009,2
2026-09-12T17,21,2,58.0,180,1412,3
2026-09-12T17,21,2,58.5,24317,0,2
2026-09-12T17,21,3,58.0,0,6636,1
2026-09-12T17,21,3,58.5,13730,6534,3
2026-09-12T17,21,3,59.0,1277,0,1
2026-09-12T17,21,4,59.5,0,6285,1
2026-09-12T17,21,4,60.0,15577,4555,2
2026-09-12T17,21,5,60.5,872,0,1
2026-09-12T17,21,6,60.5,46934,1048,3
2026-09-12T18,21,0,57.5,53,672,3
2026-09-12T18,21,0,58.0,388,3451,3
2026-09-12T18,21,1,58.0,124,1212,3
2026-09-12T18,21,1,58.5,10503,0,2
2026-09-12T18,21,2,58.0,3592,920,3
2026-09-12T18,21,2,58.5,34175,1042,8
2026-09-12T18,21,3,58.5,0,2315,1
2026-09-12T18,21,3,59.0,0,3003,2
2026-09-12T18,21,3,59.5,716,1676,2
2026-09-12T18,21,3,60.0,9764,2837,2
2026-09-12T18,21,4,60.5,0,24000,2
2026-09-12T18,21,4,61.0,39473,10590,2
2026-09-12T18,21,5,60.5,1,3627,2
2026-09-12T18,21,6,61.0,33459,31485,2
2026-09-12T19,21,0,56.5,20,1943,3
2026-09-12T19,21,0,57.0,0,1176,3
2026-09-12T19,21,0,57.5,3597,1113,5
2026-09-12T19,21,0,58.0,188,338,3
2026-09-12T19,21,0,58.5,0,788,3
2026-09-12T19,21,1,57.5,0,242,1
2026-09-12T19,21,1,58.5,0,1484,2
2026-09-12T19,21,2,58.0,1981,2982,3
2026-09-12T19,21,2,58.5,0,649,3
2026-09-12T19,21,2,59.0,3617,0,1
2026-09-12T19,21,3,58.5,2596,1895,2
2026-09-12T19,21,3,59.0,0,3630,2
2026-09-12T19,21,3,59.5,51,0,1
2026-09-12T19,21,4,61.0,14921,0,1
2026-09-12T19,21,5,61.0,43545,17617,3
2026-09-12T20,21,0,57.5,410,83,2
2026-09-12T20,21,0,58.0,2861,980,5
2026-09-12T20,21,0,58.5,0,131,1
2026-09-12T20,21,1,58.5,0,4941,1
2026-09-12T20,21,2,58.5,0,1,1
2026-09-12T20,21,2,59.0,7851,21490,6
2026-09-12T20,21,3,59.0,4337,2735,2
2026-09-12T20,21,3,59.5,6302,0,4
2026-09-12T20,21,4,60.5,0,455,1
2026-09-12T20,21,4,61.0,2674,0,2
2026-09-12T21,21,0,57.0,0,5000,1
2026-09-12T21,21,0,57.5,0,2051,2
2026-09-12T21,21,0,58.0,3671,330,7
2026-09-12T21,21,0,58.5,672,529,3
2026-09-12T21,21,1,58.5,350,374,2
2026-09-12T21,21,2,58.5,568,2106,5
2026-09-12T21,21,2,59.0,17251,3240,7
2026-09-12T21,21,3,58.5,0,101,1
2026-09-12T21,21,3,59.0,0,4449,3
2026-09-12T21,21,3,59.5,2635,2492,3
2026-09-12T21,21,3,60.0,9397,0,1
2026-09-12T21,21,4,59.5,4786,0,1
2026-09-12T21,21,4,60.5,0,182,1
2026-09-12T21,21,4,61.0,2904,0,1
2026-09-12T21,21,5,60.0,0,3615,1
2026-09-12T21,21,5,61.0,0,5000,1
2026-09-12T21,21,5,61.5,361,0,1
2026-09-12T21,21,6,61.5,0,1693,1
2026-09-12T21,21,6,62.0,0,12892,1
2026-09-12T21,21,6,62.5,4591,0,1
2026-09-12T22,21,0,57.0,0,540,1
2026-09-12T22,21,0,57.5,810,184,2
2026-09-12T22,21,0,58.5,0,69,1
2026-09-12T22,21,1,58.5,0,700,1
2026-09-12T22,21,1,59.0,13370,21047,6
2026-09-12T22,21,2,58.5,12604,0,1
2026-09-12T22,21,2,59.0,0,2865,1
2026-09-12T22,21,3,59.0,22249,7113,7
2026-09-12T22,21,5,61.5,30051,0,1
2026-09-12T22,21,6,62.5,11691,0,1
2026-09-12T23,21,0,58.0,0,1776,4
2026-09-12T23,21,2,58.5,25756,0,8
2026-09-12T23,21,3,58.5,508,25049,4
2026-09-12T23,21,3,59.0,19762,0,1
2026-09-12T23,21,4,59.5,80000,0,1
2026-09-12T23,21,5,61.0,0,8271,1
2026-09-12T23,21,5,61.5,13497,0,1
2026-09-13T00,21,0,58.0,0,1484,1
2026-09-13T00,21,0,58.5,0,23,1
2026-09-13T00,21,2,58.0,4600,0,1
2026-09-13T00,21,2,58.5,260,1001,3
2026-09-13T00,21,3,58.0,250,0,1
2026-09-13T00,21,3,58.5,5456,3627,3
2026-09-13T00,21,3,59.0,21522,0,6
2026-09-13T00,21,4,59.5,20000,0,1
2026-09-13T01,21,0,57.0,0,4578,1
2026-09-13T01,21,0,57.5,0,2353,1
2026-09-13T01,21,1,57.5,1200,0,2
2026-09-13T01,21,2,57.5,750,0,1
2026-09-13T01,21,2,58.0,4165,2627,4
2026-09-13T01,21,3,58.0,15,347,2
2026-09-13T01,21,3,58.5,1016,1073,3
2026-09-13T01,21,3,59.0,10137,0,1
2026-09-13T01,21,4,59.0,2087,3485,2
2026-09-13T01,21,4,59.5,18539,120819,2
2026-09-13T01,21,4,60.5,6736,0,1
2026-09-13T01,21,5,61.0,0,1000,1
2026-09-13T01,21,7,61.5,4052,0,1
2026-09-13T02,21,0,57.0,18,0,1
2026-09-13T02,21,1,57.0,8075,25543,3
2026-09-13T02,21,1,57.5,1758,0,1
2026-09-13T02,21,2,57.5,19753,641,5
2026-09-13T02,21,4,58.0,7276,0,1
2026-09-13T02,21,4,60.0,0,22943,2
2026-09-13T02,21,4,60.5,190,0,1
2026-09-13T03,21,0,56.5,0,924,1
2026-09-13T03,21,0,57.0,375,635,3
2026-09-13T03,21,0,57.5,1707,0,3
2026-09-13T03,21,1,57.5,0,5257,2
2026-09-13T03,21,2,57.5,26988,1713,5
2026-09-13T03,21,2,58.0,1690,0,1
2026-09-13T03,21,3,58.0,2100,0,1
2026-09-13T03,21,4,58.0,0,11786,1
2026-09-13T03,21,6,60.0,5730,0,2
2026-09-13T04,21,0,57.5,0,1292,1
2026-09-13T04,21,2,58.0,4625,0,1
2026-09-13T04,21,3,58.0,0,4099,1
2026-09-14T04,21,0,59.0,0,4502,1
2026-09-14T04,21,1,58.0,0,28250,2
2026-09-14T04,21,1,58.5,0,1539,2
2026-09-14T04,21,1,59.0,0,43151,2
2026-09-14T04,21,2,58.0,0,11746,3
2026-09-14T04,21,2,58.5,0,5441,1
2026-09-14T04,21,2,59.0,23860,9956,7
2026-09-14T04,21,2,59.5,30843,54943,8
2026-09-14T04,21,3,58.5,0,1392,1
2026-09-14T04,21,3,59.0,0,88307,2
2026-09-14T04,21,3,59.5,0,72365,1
2026-09-14T04,21,3,60.0,0,29702,3
2026-09-14T04,21,3,60.5,22874,9513,2
2026-09-14T04,21,4,59.5,2860,3140,2
2026-09-14T04,21,4,60.0,0,794,1
2026-09-14T04,21,4,60.5,1068,9194,2
2026-09-14T04,21,4,61.0,0,72761,1
2026-09-14T04,21,4,61.5,0,127926,2
2026-09-14T04,21,5,60.5,5000,0,1
2026-09-14T04,21,5,61.5,0,8761,1
2026-09-14T04,21,5,63.5,0,41402,1
2026-09-14T04,21,6,60.0,0,71523,1
2026-09-14T04,21,6,62.0,0,5434,1
2026-09-14T04,21,6,62.5,0,61254,1
2026-09-14T04,21,6,67.0,0,75000,1
2026-09-14T04,21,7,61.5,0,18886,1
2026-09-14T04,21,7,64.5,0,1000,1
2026-09-14T04,21,7,65.0,0,3562,1
2026-09-14T04,21,7,65.5,0,2873,1
2026-09-14T04,21,7,66.5,11165,0,1
2026-09-14T04,21,7,67.0,0,10000,1
2026-09-14T04,21,11,68.0,5000,0,1
2026-09-14T05,21,0,56.5,0,147,1
2026-09-14T05,21,0,58.5,0,1144,2
2026-09-14T05,21,0,59.0,22188,0,4
2026-09-14T05,21,0,59.5,0,3986,3
2026-09-14T05,21,1,59.0,0,5560,1
2026-09-14T05,21,1,59.5,0,2813,2
2026-09-14T05,21,2,59.0,1480,3310,3
2026-09-14T05,21,2,59.5,0,7860,2
2026-09-14T05,21,3,58.5,0,11435,1
2026-09-14T05,21,3,59.0,10524,12540,3
2026-09-14T05,21,3,59.5,0,11132,1
2026-09-14T05,21,3,60.0,18441,0,5
2026-09-14T05,21,5,60.5,904,0,1
2026-09-14T05,21,11,68.0,6000,0,1
2026-09-14T06,21,0,58.0,0,27,1
2026-09-14T06,21,0,58.5,0,5093,2
2026-09-14T06,21,0,59.0,20,4918,5
2026-09-14T06,21,0,59.5,0,1560,2
2026-09-14T06,21,1,59.5,0,923,2
2026-09-14T06,21,2,59.0,1968,184,2
2026-09-14T06,21,2,59.5,270,0,1
2026-09-14T06,21,3,59.5,8087,1876,4
2026-09-14T06,21,3,60.0,17455,0,5
2026-09-14T06,21,4,60.0,2943,509,2
2026-09-14T06,21,5,60.5,11,6355,2
2026-09-14T06,21,6,61.0,25304,10227,2
2026-09-14T06,21,6,62.5,19484,0,1
2026-09-14T07,21,0,56.5,1350,14467,3
2026-09-14T07,21,0,57.0,0,105,1
2026-09-14T07,21,0,59.0,68,659,3
2026-09-14T07,21,2,59.0,1821,10574,3
2026-09-14T07,21,2,59.5,2264,6556,2
2026-09-14T07,21,3,58.5,0,30014,2
2026-09-14T07,21,3,59.5,268,732,3
2026-09-14T07,21,3,60.0,8200,0,2
2026-09-14T07,21,4,59.0,0,1620,1
2026-09-14T07,21,4,59.5,0,1081,1
2026-09-14T07,21,4,60.0,0,8072,1
2026-09-14T07,21,4,60.5,3033,0,1
2026-09-14T08,21,0,58.0,0,184,1
2026-09-14T08,21,0,59.0,210,331,2
2026-09-14T08,21,0,59.5,3789,0,1
2026-09-14T08,21,1,58.0,0,49,1
2026-09-14T08,21,1,58.5,1760,0,2
2026-09-14T08,21,2,59.5,2000,0,1
2026-09-14T08,21,3,58.5,220,1029,2
2026-09-14T08,21,3,60.0,1250,0,3
2026-09-14T08,21,5,61.0,4500,0,1
2026-09-14T09,21,0,57.5,0,53,1
2026-09-14T09,21,0,58.0,0,9215,2
2026-09-14T09,21,0,58.5,0,131,1
2026-09-14T09,21,0,59.0,821,0,3
2026-09-14T09,21,1,57.5,0,24000,1
2026-09-14T09,21,1,58.5,0,1192,1
2026-09-14T09,21,1,59.0,0,264,1
2026-09-14T09,21,1,59.5,200,0,1
2026-09-14T09,21,2,59.0,0,51694,1
2026-09-14T09,21,2,59.5,0,3816,1
2026-09-14T09,21,3,58.5,0,1060,1
2026-09-14T09,21,3,59.0,0,3000,1
2026-09-14T09,21,3,59.5,2000,4760,2
2026-09-14T09,21,3,60.0,10763,169277,2
2026-09-14T10,21,0,57.5,0,57,1
2026-09-14T10,21,0,58.0,2004,590,4
2026-09-14T10,21,0,58.5,0,1234,3
2026-09-14T10,21,0,59.0,3156,0,5
2026-09-14T10,21,1,58.5,0,2214,2
2026-09-14T10,21,1,59.0,400,2941,2
2026-09-14T10,21,1,59.5,0,2579,2
2026-09-14T10,21,2,59.0,0,2000,1
2026-09-14T10,21,2,59.5,0,1945,1
2026-09-14T10,21,3,59.0,0,45,1
2026-09-14T10,21,3,59.5,0,9153,2
2026-09-14T10,21,3,60.0,31127,19668,9
2026-09-14T10,21,4,60.0,0,632,1
2026-09-14T10,21,4,60.5,0,50899,1
2026-09-14T10,21,5,61.0,670,0,1
2026-09-14T10,21,6,61.0,1442,0,1
2026-09-14T11,21,0,57.0,0,290,1
2026-09-14T11,21,0,58.0,0,693,1
2026-09-14T11,21,0,58.5,0,375,1
2026-09-14T11,21,0,59.0,1357,2762,4
2026-09-14T11,21,1,58.0,0,2000,1
2026-09-14T11,21,1,58.5,0,2643,1
2026-09-14T11,21,1,59.0,0,1070,1
2026-09-14T11,21,1,59.5,0,5000,1
2026-09-14T11,21,2,57.5,0,3875,1
2026-09-14T11,21,2,59.0,0,40,1
2026-09-14T11,21,2,59.5,3009,19473,3
2026-09-14T11,21,3,59.5,7949,5801,4
2026-09-14T11,21,4,57.5,1092,151252,2
2026-09-14T11,21,4,58.0,0,9840,1
2026-09-14T11,21,4,60.0,41506,91,5
2026-09-14T12,21,0,56.5,52,93,2
2026-09-14T12,21,0,57.5,0,2695,1
2026-09-14T12,21,0,59.0,810,156,2
2026-09-14T12,21,0,59.5,965,1441,3
2026-09-14T12,21,1,56.5,0,768,2
2026-09-14T12,21,1,57.0,19,784,3
2026-09-14T12,21,1,57.5,95,1131,2
2026-09-14T12,21,1,59.0,3016,0,1
2026-09-14T12,21,3,58.0,1600,18063,2
2026-09-14T12,21,3,59.5,0,456,1
2026-09-14T12,21,3,60.0,2546,0,3
2026-09-14T12,21,4,58.0,0,35361,1
2026-09-14T12,21,4,60.0,0,8635,1
2026-09-14T12,21,4,60.5,24583,28992,4
2026-09-14T12,21,7,61.0,0,47475,1
2026-09-14T13,21,0,56.0,8352,0,2
2026-09-14T13,21,1,56.5,0,3795,2
2026-09-14T13,21,1,57.0,11783,0,5
2026-09-14T13,21,1,57.5,368,0,1
2026-09-14T13,21,1,58.0,687,0,1
2026-09-14T13,21,2,57.5,0,592,1
2026-09-14T13,21,2,58.0,829,0,3
2026-09-14T13,21,3,60.0,32690,0,1
2026-09-14T13,21,4,60.0,0,294,1
2026-09-14T13,21,6,60.5,7000,0,1
2026-09-14T14,21,0,56.0,0,4512,1
2026-09-14T14,21,0,57.0,0,100,1
2026-09-14T14,21,0,57.5,0,5100,2
2026-09-14T14,21,1,56.5,0,165,1
2026-09-14T14,21,1,57.0,0,11821,2
2026-09-14T14,21,1,57.5,17075,16626,7
2026-09-14T14,21,2,58.0,17738,0,7
2026-09-14T14,21,3,58.5,0,2630,2
2026-09-14T14,21,3,59.0,2688,0,2
2026-09-14T15,21,0,56.0,100,1681,2
2026-09-14T15,21,0,56.5,1753,247,2
2026-09-14T15,21,0,57.0,3169,293,2
2026-09-14T15,21,0,57.5,8608,0,1
2026-09-14T15,21,1,57.5,150,4435,2
2026-09-14T15,21,2,57.5,2553,5705,4
2026-09-14T15,21,2,58.0,4752,0,2
2026-09-14T16,21,0,55.5,233,274,2
2026-09-14T16,21,0,57.0,0,198,1
2026-09-14T16,21,0,57.5,0,4979,3
2026-09-14T16,21,1,57.0,2700,4771,3
2026-09-14T16,21,1,57.5,0,3125,3
2026-09-14T16,21,1,58.0,16976,3370,5
2026-09-14T16,21,2,57.5,2995,1238,4
2026-09-14T16,21,2,58.0,23490,6996,10
2026-09-14T16,21,2,58.5,3000,0,1
2026-09-14T16,21,3,58.0,0,35418,4
2026-09-14T16,21,3,58.5,496,424,2
2026-09-14T16,21,3,59.0,5195,8915,4
2026-09-14T16,21,4,59.0,7919,4181,2
2026-09-14T16,21,4,59.5,1297,398,2
2026-09-14T16,21,4,60.0,0,3024,1
2026-09-14T16,21,5,60.5,6918,0,1
2026-09-14T16,21,6,60.5,0,13660,1
2026-09-14T17,21,0,55.5,0,145,1
2026-09-14T17,21,0,56.0,0,4132,1
2026-09-14T17,21,0,56.5,0,1386,1
2026-09-14T17,21,0,57.0,0,1019,2
2026-09-14T17,21,0,57.5,4074,2919,5
2026-09-14T17,21,1,58.0,307,1387,4
2026-09-14T17,21,2,58.0,100,280,2
2026-09-14T17,21,2,58.5,16214,14164,7
2026-09-14T17,21,3,58.5,0,718,2
2026-09-14T17,21,3,59.0,1,15950,3
2026-09-14T17,21,3,59.5,2001,12028,2
2026-09-14T17,21,4,60.0,0,500,1
2026-09-14T17,21,5,60.5,6659,0,2
2026-09-14T18,21,0,56.5,200,16206,4
2026-09-14T18,21,0,57.0,1165,997,4
2026-09-14T18,21,0,57.5,0,200,1
2026-09-14T18,21,1,57.5,0,186,1
2026-09-14T18,21,1,58.0,9724,0,4
2026-09-14T18,21,2,57.5,0,10000,1
2026-09-14T18,21,2,58.0,1000,2903,3
2026-09-14T18,21,3,58.0,4255,1601,3
2026-09-14T18,21,3,58.5,59231,44426,5
2026-09-14T18,21,4,60.0,600,0,1
2026-09-14T18,21,5,60.5,10160,0,1
2026-09-14T18,21,6,61.0,11691,0,1
2026-09-14T19,21,0,57.0,0,100,1
2026-09-14T19,21,0,57.5,80,12119,6
2026-09-14T19,21,1,57.5,0,278,1
2026-09-14T19,21,1,58.0,7852,22653,9
2026-09-14T19,21,2,57.5,0,2264,2
2026-09-14T19,21,2,58.0,0,2259,3
2026-09-14T19,21,2,58.5,3827,0,4
2026-09-14T19,21,3,58.5,0,666,1
2026-09-14T19,21,3,59.0,3183,0,2
2026-09-14T19,21,4,59.5,0,699,2
2026-09-14T19,21,4,60.0,12505,22110,2
2026-09-14T19,21,5,60.5,20636,0,1
2026-09-14T19,21,6,60.5,0,2320,1
2026-09-14T20,21,0,56.5,0,1355,1
2026-09-14T20,21,0,57.0,0,2173,1
2026-09-14T20,21,0,57.5,0,368,1
2026-09-14T20,21,0,58.0,2663,0,1
2026-09-14T20,21,0,58.5,0,290,1
2026-09-14T20,21,1,57.5,0,40,1
2026-09-14T20,21,1,58.0,0,10483,2
2026-09-14T20,21,1,59.0,103,0,3
2026-09-14T20,21,2,58.0,0,2769,2
2026-09-14T20,21,2,58.5,0,21306,1
2026-09-14T20,21,2,59.0,0,5728,2
2026-09-14T20,21,2,59.5,0,19970,2
2026-09-14T20,21,3,58.5,2512,11405,2
2026-09-14T20,21,3,59.0,14524,11204,6
2026-09-14T20,21,3,59.5,0,8228,2
2026-09-14T20,21,3,60.0,39550,0,2
2026-09-14T20,21,4,60.5,38413,0,1
2026-09-14T20,21,5,60.5,6003,25078,3
2026-09-14T20,21,6,61.0,25256,0,1
2026-09-14T21,21,0,58.0,0,520,1
2026-09-14T21,21,0,58.5,2266,109,5
2026-09-14T21,21,1,58.0,0,5356,1
2026-09-14T21,21,1,58.5,7839,9631,6
2026-09-14T21,21,1,59.0,506,0,1
2026-09-14T21,21,2,58.5,0,1868,2
2026-09-14T21,21,2,59.0,0,1000,1
2026-09-14T21,21,3,59.0,9218,7548,5
2026-09-14T21,21,3,59.5,560,10973,3
2026-09-14T21,21,5,60.0,4415,0,1
2026-09-14T21,21,6,61.0,14571,0,1
2026-09-14T22,21,0,57.5,1360,1519,6
2026-09-14T22,21,0,58.0,0,3921,2
2026-09-14T22,21,0,58.5,262,0,1
2026-09-14T22,21,1,58.5,1997,0,2
2026-09-14T22,21,2,58.0,0,1,1
2026-09-14T22,21,2,58.5,0,1636,1
2026-09-14T22,21,2,59.0,100,0,1
2026-09-14T22,21,3,59.0,1863,137,2
2026-09-14T22,21,3,59.5,1072,0,1
2026-09-14T22,21,4,60.5,8070,0,2
2026-09-14T22,21,5,60.0,16559,15705,4
2026-09-14T23,21,0,57.0,0,284,1
2026-09-14T23,21,0,57.5,1132,1160,3
2026-09-14T23,21,0,58.0,60,0,1
2026-09-14T23,21,1,57.5,100,160,2
2026-09-14T23,21,1,58.0,0,62,1
2026-09-14T23,21,2,57.5,0,1192,1
2026-09-14T23,21,2,58.0,7048,0,4
2026-09-14T23,21,2,58.5,1828,0,1
2026-09-14T23,21,4,60.5,2933,0,1
2026-09-15T00,21,0,57.5,0,141,1
2026-09-15T00,21,2,57.5,6540,9472,5
2026-09-15T00,21,2,58.0,1125,0,5
2026-09-15T00,21,3,59.0,269,6153,2
2026-09-15T00,21,3,59.5,17,0,1
2026-09-15T00,21,4,60.5,2100,0,2
2026-09-15T01,21,0,57.5,0,555,1
2026-09-15T01,21,1,57.5,789,550,5
2026-09-15T01,21,2,57.5,50,0,1
2026-09-15T01,21,2,58.0,17329,398,8
2026-09-15T01,21,3,59.0,0,3651,1
2026-09-15T01,21,3,59.5,6640,1108,2
2026-09-15T01,21,3,60.0,6105,0,1
2026-09-15T01,21,4,60.0,103,12000,2
2026-09-15T01,21,5,61.0,0,1907,1
2026-09-15T01,21,5,61.5,3145,0,1
2026-09-15T01,21,6,60.5,6210,35003,2
2026-09-15T01,21,6,61.0,0,1849,1
2026-09-15T01,21,6,62.0,6165,0,1
2026-09-15T02,21,0,58.0,1506,88,2
2026-09-15T02,21,1,58.0,0,5151,1
2026-09-15T02,21,1,58.5,156,0,1
2026-09-15T02,21,2,57.5,972,2796,6
2026-09-15T02,21,2,58.0,14942,4097,4
2026-09-15T02,21,2,58.5,0,99,1
2026-09-15T02,21,2,59.0,0,1808,2
2026-09-15T02,21,2,59.5,14228,166,3
2026-09-15T02,21,3,57.5,0,1614,1
2026-09-15T02,21,3,58.0,491,3871,3
2026-09-15T02,21,3,58.5,2000,891,2
2026-09-15T02,21,3,59.0,0,5825,2
2026-09-15T02,21,3,59.5,0,53374,2
2026-09-15T02,21,4,59.5,0,25909,1
2026-09-15T02,21,4,60.0,16080,0,2
2026-09-15T02,21,5,60.0,1100,0,2
2026-09-15T03,21,0,58.0,0,488,1
2026-09-15T03,21,0,58.5,1116,8154,4
2026-09-15T03,21,0,59.0,0,13009,1
2026-09-15T03,21,1,58.5,0,4223,3
2026-09-15T03,21,1,59.0,0,6607,1
2026-09-15T03,21,1,59.5,3110,208,2
2026-09-15T03,21,2,59.0,14448,0,4
2026-09-15T03,21,2,59.5,0,872,2
2026-09-15T03,21,3,59.5,489,8646,3
2026-09-15T03,21,5,60.0,11121,0,2
2026-09-15T04,21,0,57.5,500,0,1
2026-09-15T04,21,0,58.0,0,7500,1
2026-09-15T04,21,0,58.5,159,0,1
2026-09-15T04,21,1,57.5,0,3509,1
2026-09-15T04,21,1,58.0,0,499,1
2026-09-15T04,21,2,58.0,0,2080,2
2026-09-15T04,21,2,58.5,75,16197,4
2026-09-15T04,21,2,59.0,0,13932,2
2026-09-15T04,21,3,58.5,0,3061,1
2026-09-15T04,21,3,59.0,29856,0,5
2026-09-15T04,21,3,59.5,13102,0,2
2026-09-15T04,21,4,59.5,1600,0,1
2026-09-15T04,21,4,60.0,4172,4346,2
2026-09-15T04,21,4,60.5,15609,0,3
2026-09-15T04,21,5,60.0,7855,277,2
2026-09-15T05,21,0,56.5,0,3578,3
2026-09-15T05,21,0,57.0,4030,0,1
2026-09-15T05,21,0,57.5,90,0,1
2026-09-15T05,21,1,57.0,2563,2437,3
2026-09-15T05,21,1,57.5,1005,0,1
2026-09-15T05,21,2,57.0,18391,1074,4
2026-09-15T05,21,2,57.5,339,247,2
2026-09-15T05,21,3,58.0,8354,25069,7
2026-09-15T05,21,4,59.0,9120,0,1
2026-09-15T05,21,5,60.5,0,9096,1
2026-09-15T05,21,6,61.0,3904,26096,2
2026-09-15T05,21,6,62.0,12129,0,1
2026-09-15T06,21,0,56.5,1434,725,4
2026-09-15T06,21,0,57.0,0,1805,3
2026-09-15T06,21,1,57.5,0,214,1
2026-09-15T06,21,2,57.0,2670,330,2
2026-09-15T06,21,2,57.5,478,5667,5
2026-09-15T06,21,3,58.0,10439,0,3
2026-09-15T06,21,4,58.5,0,500,1
2026-09-15T06,21,4,59.0,0,9954,1
2026-09-15T06,21,4,59.5,0,3400,1
2026-09-15T06,21,4,60.0,0,185,1
2026-09-15T06,21,4,60.5,4951,18948,3
2026-09-15T06,21,6,61.0,7395,0,1
2026-09-15T06,21,11,68.0,2,0,1
2026-09-15T11,21,0,57.5,0,1872,1
2026-09-15T11,21,0,58.0,0,2500,1
2026-09-15T11,21,0,58.5,0,1645,2
2026-09-15T11,21,2,59.0,583,1480,4
2026-09-15T11,21,3,58.0,0,31443,2
2026-09-15T11,21,3,58.5,0,25991,2
2026-09-15T11,21,3,59.0,0,32794,3
2026-09-15T11,21,4,60.0,100,0,1
2026-09-15T11,21,4,60.5,9453,8096,2
2026-09-15T11,21,6,61.0,10410,0,1
2026-09-15T12,21,0,56.5,0,268,1
2026-09-15T12,21,0,57.0,873,940,2
2026-09-15T12,21,0,58.0,82,0,2
2026-09-15T12,21,1,57.0,0,427,1
2026-09-15T12,21,1,57.5,12,1957,2
2026-09-15T12,21,1,58.0,882,706,3
2026-09-15T12,21,2,57.5,17575,8723,3
2026-09-15T12,21,2,58.5,0,802,1
2026-09-15T12,21,2,59.0,117,6339,3
2026-09-15T12,21,3,59.0,1040,0,1
2026-09-15T12,21,3,59.5,2506,0,1
2026-09-15T12,21,4,60.0,32675,0,3
2026-09-15T12,21,6,60.5,0,9952,1
2026-09-15T12,21,6,61.0,33809,0,3
2026-09-15T12,21,7,65.0,9190,5000,2
2026-09-15T13,21,0,57.5,0,309,1
2026-09-15T13,21,0,58.0,1286,2321,3
2026-09-15T13,21,0,58.5,2119,1287,4
2026-09-15T13,21,1,56.5,0,630,1
2026-09-15T13,21,1,57.0,190,869,3
2026-09-15T13,21,1,57.5,0,177,1
2026-09-15T13,21,1,58.5,683,461,2
2026-09-15T13,21,1,59.0,0,1200,1
2026-09-15T13,21,2,57.5,5756,4747,5
2026-09-15T13,21,2,58.0,0,2787,2
2026-09-15T13,21,2,58.5,0,3724,2
2026-09-15T13,21,3,58.0,177,1681,2
2026-09-15T13,21,3,58.5,5498,9502,2
2026-09-15T13,21,3,59.0,8766,6013,6
2026-09-15T13,21,3,59.5,10927,0,1
2026-09-15T13,21,4,59.5,0,50,1
2026-09-15T13,21,4,60.0,0,16939,1
2026-09-15T13,21,4,60.5,83011,0,1
2026-09-15T13,21,6,61.0,7000,0,1
2026-09-15T13,21,11,68.0,2500,0,1
2026-09-15T14,21,0,57.5,0,954,1
2026-09-15T14,21,0,58.0,21,485,3
2026-09-15T14,21,0,58.5,0,1569,2
2026-09-15T14,21,0,59.0,46,15085,2
2026-09-15T14,21,1,59.0,0,119,1
2026-09-15T14,21,2,58.0,0,810,1
2026-09-15T14,21,2,58.5,12790,8578,4
2026-09-15T14,21,2,59.0,102,6701,4
2026-09-15T14,21,3,59.0,15428,3282,5
2026-09-15T14,21,3,59.5,8079,0,3
2026-09-15T14,21,5,60.5,0,8864,1
2026-09-15T14,21,6,61.0,0,46212,1
2026-09-15T14,21,11,68.0,9000,0,2
2026-09-15T15,21,0,57.0,0,42,1
2026-09-15T15,21,0,57.5,0,1195,3
2026-09-15T15,21,0,58.0,3121,278,5
2026-09-15T15,21,0,58.5,0,45,1
2026-09-15T15,21,1,58.0,0,161,1
2026-09-15T15,21,1,58.5,1391,0,1
2026-09-15T15,21,2,59.0,4911,2764,6
2026-09-15T15,21,3,59.0,1197,6634,3
2026-09-15T15,21,4,60.5,981,0,1
2026-09-15T16,21,0,57.0,0,1465,1
2026-09-15T16,21,0,57.5,2390,4652,3
2026-09-15T16,21,0,58.0,0,5731,2
2026-09-15T16,21,0,58.5,0,125,1
2026-09-15T16,21,1,58.5,40306,30832,6
2026-09-15T16,21,2,58.5,0,4868,3
2026-09-15T16,21,2,59.0,6424,0,3
2026-09-15T16,21,3,59.0,1147,5970,4
2026-09-15T16,21,3,59.5,1192,0,1
2026-09-15T16,21,4,59.5,0,12100,1
2026-09-15T16,21,4,60.0,0,20000,1
2026-09-15T16,21,4,60.5,1205,0,1
2026-09-15T16,21,5,60.5,0,21257,2
2026-09-15T16,21,6,61.5,0,3207,1
2026-09-15T16,21,6,62.0,0,313,1
2026-09-15T16,21,6,62.5,36227,0,4
2026-09-15T17,21,0,57.0,0,580,1
2026-09-15T17,21,0,57.5,2410,1362,3
2026-09-15T17,21,0,58.5,0,277,2
2026-09-15T17,21,1,58.5,0,3,1
2026-09-15T17,21,2,58.0,0,1400,2
2026-09-15T17,21,2,58.5,3040,13141,2
2026-09-15T17,21,3,58.0,4530,0,2
2026-09-15T17,21,3,58.5,581,10531,2
2026-09-15T17,21,3,59.0,6432,594,5
2026-09-15T18,21,0,56.5,0,1780,1
2026-09-15T18,21,0,57.0,0,100,1
2026-09-15T18,21,0,57.5,0,128,2
2026-09-15T18,21,0,58.0,347,7288,3
2026-09-15T18,21,0,58.5,0,12488,3
2026-09-15T18,21,1,58.0,23,0,1
2026-09-15T18,21,1,58.5,1326,4801,2
2026-09-15T18,21,2,57.5,0,236,1
2026-09-15T18,21,2,58.5,1759,2674,4
2026-09-15T18,21,3,57.5,0,19992,2
2026-09-15T18,21,3,58.0,0,7667,1
2026-09-15T18,21,3,58.5,0,1600,1
2026-09-15T18,21,4,59.0,132604,0,7
2026-09-15T18,21,6,60.5,2139,0,1
2026-09-15T19,21,0,57.0,1803,200,2
2026-09-15T19,21,0,57.5,0,9242,2
2026-09-15T19,21,0,58.0,483,6240,4
2026-09-15T19,21,1,58.0,3762,668,4
2026-09-15T19,21,2,58.5,11502,3039,5
2026-09-15T19,21,3,58.5,407,1243,2
2026-09-15T19,21,4,59.0,39108,90944,6
2026-09-15T20,21,0,56.5,13,487,2
2026-09-15T20,21,0,57.0,1250,915,5
2026-09-15T20,21,0,57.5,1488,969,2
2026-09-15T20,21,1,57.5,1110,2190,4
2026-09-15T20,21,2,57.5,450,1183,3
2026-09-15T20,21,2,58.0,9130,12213,5
2026-09-15T20,21,2,58.5,0,4416,2
2026-09-15T20,21,2,59.0,8958,0,1
2026-09-15T20,21,3,58.5,0,7626,2
2026-09-15T20,21,3,59.0,10132,9850,5
2026-09-15T20,21,3,59.5,1509,0,1
2026-09-15T20,21,4,60.5,5296,0,1
2026-09-15T20,21,5,60.0,0,3226,1
2026-09-15T20,21,6,60.5,0,4075,1
2026-09-15T20,21,6,61.0,20188,0,1
2026-09-15T21,21,0,58.0,153,0,2
2026-09-15T21,21,0,58.5,0,2101,2
2026-09-15T21,21,0,59.0,4021,0,2
2026-09-15T21,21,1,58.0,300,788,2
2026-09-15T21,21,1,58.5,2596,0,1
2026-09-15T21,21,1,59.0,0,2427,1
2026-09-15T21,21,2,58.5,34,3072,3
2026-09-15T21,21,2,59.0,24389,9218,7
2026-09-15T21,21,3,59.0,16382,1012,4
2026-09-15T21,21,3,59.5,3656,0,2
2026-09-15T21,21,4,60.5,23326,0,2
2026-09-15T21,21,6,60.5,0,6094,1
2026-09-15T22,21,0,57.0,0,2223,1
2026-09-15T22,21,0,57.5,0,3427,2
2026-09-15T22,21,0,58.0,380,444,2
2026-09-15T22,21,1,58.5,5928,1771,4
2026-09-15T22,21,2,58.5,0,1379,1
2026-09-15T22,21,3,58.5,60,1270,2
2026-09-15T22,21,3,59.0,33734,12413,6
2026-09-15T22,21,4,60.0,0,4875,1
2026-09-15T22,21,4,60.5,69756,18938,4
2026-09-15T22,21,5,61.0,0,11045,1
2026-09-15T22,21,5,61.5,9294,0,2
2026-09-15T22,21,6,61.0,15642,3442,3
2026-09-16T04,21,0,59.0,0,192,2
2026-09-16T04,21,1,58.0,503,0,1
2026-09-16T04,21,2,57.0,0,1000,1
2026-09-16T04,21,2,57.5,0,10597,2
2026-09-16T04,21,2,58.0,0,2108,2
2026-09-16T04,21,2,58.5,0,6213,1
2026-09-16T04,21,2,59.5,4206,0,1
2026-09-16T04,21,3,59.0,0,62754,1
2026-09-16T04,21,3,59.5,0,34320,2
2026-09-16T04,21,4,60.5,0,93800,3
2026-09-16T04,21,4,61.0,0,46657,2
2026-09-16T04,21,4,61.5,7687,0,1
2026-09-16T04,21,5,61.0,0,24530,1
2026-09-16T04,21,5,61.5,0,12553,1
2026-09-16T04,21,5,62.0,0,15000,1
2026-09-16T04,21,5,64.0,0,627,1
2026-09-16T04,21,6,62.5,0,54289,1
2026-09-16T04,21,6,63.0,0,20000,1
2026-09-16T04,21,7,65.0,57640,0,1
2026-09-16T04,21,11,66.0,20,0,1
2026-09-16T05,21,0,56.5,0,528,1
2026-09-16T05,21,0,57.0,2143,1198,4
2026-09-16T05,21,0,57.5,50,403,2
2026-09-16T05,21,0,58.0,0,85,1
2026-09-16T05,21,0,58.5,0,61,2
2026-09-16T05,21,0,59.0,788,9698,7
2026-09-16T05,21,1,58.0,0,7834,1
2026-09-16T05,21,1,58.5,443,7614,3
2026-09-16T05,21,2,57.5,0,1449,1
2026-09-16T05,21,2,58.0,0,1250,2
2026-09-16T05,21,2,58.5,17691,2673,9
2026-09-16T05,21,2,59.0,0,5193,2
2026-09-16T05,21,2,59.5,12660,2926,5
2026-09-16T05,21,3,59.0,0,26352,2
2026-09-16T05,21,3,59.5,0,16014,2
2026-09-16T05,21,3,60.0,0,80274,4
2026-09-16T05,21,3,60.5,38961,17799,5
2026-09-16T05,21,4,61.0,0,1482,1
2026-09-16T05,21,4,61.5,19033,0,3
2026-09-16T05,21,6,63.0,17306,0,2
2026-09-16T06,21,0,56.5,0,1572,3
2026-09-16T06,21,0,57.0,0,576,2
2026-09-16T06,21,0,57.5,2154,2692,7
2026-09-16T06,21,1,57.0,3645,2584,2
2026-09-16T06,21,1,57.5,852,9921,2
2026-09-16T06,21,1,58.0,21744,24112,5
2026-09-16T06,21,2,58.5,830,2942,2
2026-09-16T06,21,2,59.0,0,4590,3
2026-09-16T06,21,2,59.5,0,6204,2
2026-09-16T06,21,3,59.0,530,0,1
2026-09-16T06,21,3,59.5,15431,0,3
2026-09-16T06,21,3,60.0,2546,872,3
2026-09-16T06,21,6,63.0,3000,0,1
2026-09-16T07,21,0,57.0,0,231,1
2026-09-16T07,21,0,57.5,0,836,1
2026-09-16T07,21,0,58.5,506,0,1
2026-09-16T07,21,1,57.5,0,1175,2
2026-09-16T07,21,1,58.5,788,0,2
2026-09-16T07,21,2,58.0,1200,661,3
2026-09-16T07,21,2,58.5,1255,728,3
2026-09-16T07,21,3,58.5,0,1692,1
2026-09-16T07,21,3,59.0,18158,4548,4
2026-09-16T07,21,5,61.5,0,1368,1
2026-09-16T07,21,5,62.0,1032,0,1
2026-09-16T07,21,6,63.0,1005,0,1
2026-09-16T08,21,0,57.0,609,1561,3
2026-09-16T08,21,0,58.0,0,12380,2
2026-09-16T08,21,0,58.5,0,907,2
2026-09-16T08,21,1,57.0,25,0,1
2026-09-16T08,21,1,58.0,1259,4967,2
2026-09-16T08,21,1,58.5,0,1159,1
2026-09-16T08,21,2,57.5,150,245,2
2026-09-16T08,21,2,58.0,777,23,2
2026-09-16T08,21,2,58.5,451,1000,2
2026-09-16T08,21,2,59.0,15623,0,1
2026-09-16T08,21,3,58.5,0,299,1
2026-09-16T08,21,3,59.0,0,2682,1
2026-09-16T08,21,3,59.5,1200,0,1
2026-09-16T08,21,4,59.5,0,1320,1
2026-09-16T08,21,4,60.0,3165,1835,2
2026-09-16T08,21,4,60.5,0,5000,1
2026-09-16T08,21,4,61.0,3734,1004,2
2026-09-16T09,21,0,56.5,0,239,1
2026-09-16T09,21,0,57.0,411,433,2
2026-09-16T09,21,1,57.0,0,22,1
2026-09-16T09,21,1,57.5,2949,0,4
2026-09-16T09,21,2,57.0,0,2012,1
2026-09-16T09,21,2,57.5,0,3248,3
2026-09-16T09,21,2,58.0,3881,100,4
2026-09-16T09,21,3,56.5,0,7758,1
2026-09-16T09,21,3,57.0,0,15290,1
2026-09-16T09,21,3,59.0,0,3671,1
2026-09-16T09,21,3,59.5,0,17147,2
2026-09-16T09,21,3,60.0,5185,0,2
2026-09-16T09,21,4,60.5,1543,11073,2
2026-09-16T09,21,4,61.0,0,21266,1
2026-09-16T09,21,11,66.0,4,0,1
2026-09-16T10,21,0,56.0,1200,0,1
2026-09-16T10,21,0,56.5,515,1535,2
2026-09-16T10,21,0,57.0,0,201,1
2026-09-16T10,21,1,56.5,0,359,1
2026-09-16T10,21,1,57.0,2779,3130,7
2026-09-16T10,21,1,57.5,12894,0,2
2026-09-16T10,21,2,57.0,0,5388,1
2026-09-16T10,21,2,57.5,1085,1800,3
2026-09-16T10,21,2,58.0,3185,0,1
2026-09-16T10,21,3,59.5,1115,129,2
2026-09-16T10,21,3,60.0,5022,0,1
2026-09-16T11,21,0,55.0,0,1896,1
2026-09-16T11,21,0,55.5,0,24,1
2026-09-16T11,21,0,56.0,5178,25506,5
2026-09-16T11,21,0,56.5,250,679,5
2026-09-16T11,21,0,57.0,1518,0,1
2026-09-16T11,21,1,57.5,8797,0,3
2026-09-16T11,21,2,57.0,292,4100,3
2026-09-16T11,21,2,57.5,0,4046,3
2026-09-16T11,21,2,58.0,39617,0,4
2026-09-16T11,21,4,60.5,0,802,1
2026-09-16T11,21,4,61.0,148,0,1
2026-09-16T11,21,5,60.5,0,3000,1
2026-09-16T11,21,5,61.0,13968,1950,2
2026-09-16T11,21,6,61.5,22992,0,1
2026-09-16T12,21,0,56.5,0,2766,5
2026-09-16T12,21,0,57.0,6450,14894,3
2026-09-16T12,21,0,57.5,0,177,1
2026-09-16T12,21,1,57.5,0,792,1
2026-09-16T12,21,2,56.5,150,713,2
2026-09-16T12,21,2,57.0,6231,16318,8
2026-09-16T12,21,2,57.5,3536,3319,4
2026-09-16T12,21,2,58.0,0,3494,1
2026-09-16T12,21,3,58.0,0,4288,1
2026-09-16T12,21,3,58.5,262,9954,2
2026-09-16T12,21,3,59.0,0,1900,1
2026-09-16T12,21,3,59.5,3874,0,1
2026-09-16T12,21,4,61.0,2000,72852,3
2026-09-16T12,21,5,61.5,3545,0,1
2026-09-16T12,21,6,61.5,0,5439,1
2026-09-16T12,21,7,61.5,6090,0,1
2026-09-16T13,21,0,57.5,2242,3025,5
2026-09-16T13,21,1,58.0,17980,0,5
2026-09-16T13,21,2,58.0,15113,18330,5
2026-09-16T13,21,2,58.5,8168,0,2
2026-09-16T13,21,3,58.0,4364,8358,2
2026-09-16T13,21,3,58.5,0,7455,2
2026-09-16T13,21,6,60.0,18550,0,1
2026-09-16T13,21,7,61.5,0,92612,1
2026-09-16T14,21,0,57.5,0,994,3
2026-09-16T14,21,0,58.0,326,1123,4
2026-09-16T14,21,1,57.5,0,1494,1
2026-09-16T14,21,1,58.0,14469,3108,7
2026-09-16T14,21,2,57.5,0,737,1
2026-09-16T14,21,2,58.5,5218,0,2
2026-09-16T14,21,3,58.5,3392,0,1
2026-09-16T14,21,4,58.5,12243,6912,2
2026-09-16T14,21,4,59.0,18088,0,2
2026-09-16T15,21,0,56.5,0,237,1
2026-09-16T15,21,0,57.0,0,504,4
2026-09-16T15,21,0,57.5,149,312,2
2026-09-16T15,21,0,58.0,570,8869,3
2026-09-16T15,21,1,57.0,0,134,1
2026-09-16T15,21,1,57.5,0,273,2
2026-09-16T15,21,1,58.0,760,4661,4
2026-09-16T15,21,2,58.5,6320,3709,3
2026-09-16T15,21,3,58.5,12681,12310,5
2026-09-16T15,21,3,59.0,0,1204,1
2026-09-16T15,21,3,59.5,1624,445,2
2026-09-16T15,21,4,59.0,0,462,1
2026-09-16T15,21,5,58.0,0,390,1
2026-09-16T15,21,5,59.5,0,2250,1
2026-09-16T15,21,6,59.5,381,6750,2
2026-09-16T16,21,0,57.0,0,221,1
2026-09-16T16,21,0,57.5,0,111,1
2026-09-16T16,21,0,58.0,800,1245,3
2026-09-16T16,21,0,58.5,0,3372,1
2026-09-16T16,21,1,57.5,0,143,1
2026-09-16T16,21,1,58.0,3487,8356,3
2026-09-16T16,21,1,58.5,3766,3503,7
2026-09-16T16,21,2,58.0,0,878,1
2026-09-16T16,21,2,58.5,3062,15115,5
2026-09-16T16,21,2,59.0,21314,0,1
2026-09-16T16,21,3,58.5,0,5132,1
2026-09-16T16,21,3,59.5,54,0,1
2026-09-16T16,21,6,60.0,20000,0,1
2026-09-16T17,21,0,57.5,0,1547,1
2026-09-16T17,21,0,58.0,8429,1724,2
2026-09-16T17,21,0,58.5,345,0,2
2026-09-16T17,21,1,57.5,772,1113,4
2026-09-16T17,21,1,58.5,0,2987,1
2026-09-16T17,21,2,58.0,4012,1692,5
2026-09-16T17,21,2,58.5,1026,8751,4
2026-09-16T17,21,3,59.0,3294,7413,5
2026-09-16T17,21,6,60.0,39864,0,3
2026-09-16T18,21,0,56.0,0,328,1
2026-09-16T18,21,0,58.0,0,383,2
2026-09-16T18,21,0,58.5,3972,198,4
2026-09-16T18,21,1,57.0,0,570,1
2026-09-16T18,21,1,58.5,0,570,1
2026-09-16T18,21,2,58.5,0,2011,2
2026-09-16T18,21,2,59.0,6834,0,5
2026-09-16T18,21,3,58.0,0,537,1
2026-09-16T18,21,3,59.0,537,3520,3
2026-09-16T18,21,4,60.0,0,3834,1
2026-09-16T18,21,5,60.0,0,5,1
2026-09-16T18,21,6,60.0,0,39857,1
2026-09-16T18,21,6,62.0,0,5838,1
2026-09-16T18,21,6,62.5,0,17230,1
2026-09-16T18,21,6,63.0,4175,0,1
2026-09-16T19,21,0,57.5,0,505,2
2026-09-16T19,21,0,58.0,0,6430,3
2026-09-16T19,21,0,58.5,4394,1682,3
2026-09-16T19,21,2,58.0,0,100,1
2026-09-16T19,21,2,59.0,3400,0,1
2026-09-16T19,21,3,58.5,0,1317,1
2026-09-16T19,21,3,59.0,44131,41091,7
2026-09-16T19,21,3,59.5,1446,0,1
2026-09-16T19,21,4,60.0,0,11171,1
2026-09-16T19,21,4,60.5,3659,12620,3
2026-09-16T19,21,4,61.0,0,670,2
2026-09-16T19,21,5,61.0,0,1000,1
2026-09-16T19,21,5,61.5,28072,0,2
2026-09-16T21,21,0,57.5,0,2666,1
2026-09-16T21,21,0,58.0,25,1391,3
2026-09-16T21,21,1,58.0,0,170,1
2026-09-16T21,21,1,58.5,7843,0,4
2026-09-16T21,21,2,58.0,0,6496,3
2026-09-16T21,21,2,58.5,3952,40074,4
2026-09-16T21,21,2,59.0,24000,0,1
2026-09-16T21,21,3,59.0,0,10000,1
2026-09-16T21,21,3,59.5,279,6876,2
2026-09-16T21,21,4,61.5,20088,0,1
2026-09-16T21,21,5,61.5,0,22843,2
2026-09-16T21,21,5,62.0,5654,8968,2
2026-09-16T21,21,11,66.0,27000,0,1
2026-09-16T22,21,0,57.5,3962,0,3
2026-09-16T22,21,0,58.0,0,1100,1
2026-09-16T22,21,0,58.5,4527,64,3
2026-09-16T22,21,1,58.5,0,3641,1
2026-09-16T22,21,2,58.0,855,3770,3
2026-09-16T22,21,2,58.5,0,100,1
2026-09-16T22,21,3,59.0,1018,2079,4
2026-09-16T22,21,3,59.5,2085,5112,2
2026-09-16T22,21,4,60.5,6200,13800,2
2026-09-16T22,21,5,61.0,17634,0,1
2026-09-16T23,21,0,57.5,367,3467,3
2026-09-16T23,21,0,58.5,60,2760,2
2026-09-16T23,21,2,58.5,0,3435,1
2026-09-16T23,21,3,59.0,350,0,1
2026-09-17T04,21,0,58.5,0,33,1
2026-09-17T04,21,0,59.5,1166,0,1
2026-09-17T04,21,1,59.0,0,810,1
2026-09-17T04,21,1,59.5,0,1063,2
2026-09-17T04,21,2,59.0,0,108640,5
2026-09-17T04,21,2,59.5,0,9394,2
2026-09-17T04,21,3,59.0,0,506,1
2026-09-17T04,21,3,59.5,0,97193,2
2026-09-17T04,21,3,60.0,0,19006,1
2026-09-17T04,21,4,61.0,0,25000,1
2026-09-17T04,21,4,61.5,16197,50000,2
2026-09-17T04,21,5,61.0,0,15259,1
2026-09-17T04,21,5,62.0,30,0,1
2026-09-17T05,21,0,56.0,20,408,2
2026-09-17T05,21,0,56.5,769,1859,3
2026-09-17T05,21,0,59.0,500,782,2
2026-09-17T05,21,1,57.5,1500,0,1
2026-09-17T05,21,1,59.5,2323,5150,4
2026-09-17T05,21,2,57.5,5025,12847,3
2026-09-17T05,21,2,58.5,0,5972,1
2026-09-17T05,21,3,59.0,0,3668,1
2026-09-17T05,21,3,59.5,0,823,1
2026-09-17T05,21,3,60.0,8251,0,2
2026-09-17T05,21,4,60.0,0,541,1
2026-09-17T05,21,4,60.5,6003,0,2
2026-09-17T05,21,5,60.0,0,15000,1
2026-09-17T05,21,5,60.5,8651,15278,3
2026-09-17T05,21,6,61.0,39036,51857,3
2026-09-17T05,21,7,62.0,2080,0,1
2026-09-17T06,21,0,55.5,706,430,2
2026-09-17T06,21,0,56.0,0,2360,2
2026-09-17T06,21,0,56.5,98,2242,4
2026-09-17T06,21,0,57.0,5009,225,2
2026-09-17T06,21,1,56.0,0,88,1
2026-09-17T06,21,1,56.5,449,2820,2
2026-09-17T06,21,1,57.0,1600,566,3
2026-09-17T06,21,1,57.5,0,1347,1
2026-09-17T06,21,2,57.0,2500,1908,3
2026-09-17T06,21,2,57.5,7974,4832,6
2026-09-17T06,21,3,58.5,1220,0,1
2026-09-17T06,21,4,60.5,261,0,1
2026-09-17T06,21,7,62.0,3000,0,1
2026-09-17T07,21,0,55.5,0,604,1
2026-09-17T07,21,0,56.0,10341,13339,3
2026-09-17T07,21,0,56.5,0,1478,1
2026-09-17T07,21,0,57.0,4093,0,2
2026-09-17T07,21,1,57.0,0,347,3
2026-09-17T07,21,2,57.5,2250,0,1
2026-09-17T07,21,2,58.0,0,931,2
2026-09-17T07,21,3,58.0,0,3080,2
2026-09-17T07,21,3,58.5,186,0,1
2026-09-17T07,21,4,59.0,0,11275,2
2026-09-17T07,21,4,59.5,0,801,2
2026-09-17T07,21,4,60.0,0,3000,1
2026-09-17T07,21,4,60.5,19900,0,1
2026-09-17T07,21,7,62.0,11600,0,1
2026-09-17T08,21,0,55.0,0,1000,1
2026-09-17T08,21,0,56.5,52,6666,4
2026-09-17T08,21,0,57.0,1596,9390,4
2026-09-17T08,21,0,57.5,0,3697,2
2026-09-17T08,21,1,57.0,12356,41219,4
2026-09-17T08,21,1,57.5,2151,726,3
2026-09-17T08,21,2,57.5,0,883,2
2026-09-17T08,21,2,58.0,863,4085,4
2026-09-17T08,21,2,58.5,200,1458,2
2026-09-17T08,21,3,57.5,150,2051,2
2026-09-17T08,21,3,58.0,0,1692,1
2026-09-17T08,21,3,58.5,2928,1284,2
2026-09-17T08,21,4,60.5,30000,0,1
2026-09-17T08,21,5,61.0,1614,0,1
2026-09-17T08,21,7,62.0,3000,0,1
2026-09-17T09,21,0,57.5,0,468,2
2026-09-17T09,21,1,57.5,1100,0,1
2026-09-17T09,21,1,58.0,14311,0,3
2026-09-17T09,21,2,57.0,500,0,1
2026-09-17T09,21,2,58.0,1592,934,3
2026-09-17T09,21,3,59.0,23855,10685,4
2026-09-17T09,21,4,60.5,10154,0,2
2026-09-17T10,21,0,58.0,0,18268,4
2026-09-17T10,21,0,58.5,0,923,2
2026-09-17T10,21,0,59.0,500,1494,3
2026-09-17T10,21,0,59.5,0,16716,2
2026-09-17T10,21,1,57.5,0,899,1
2026-09-17T10,21,1,58.0,0,8470,1
2026-09-17T10,21,1,58.5,0,324,1
2026-09-17T10,21,1,59.0,3348,795,6
2026-09-17T10,21,1,60.0,2784,103,4
2026-09-17T10,21,2,57.0,0,260,1
2026-09-17T10,21,2,57.5,0,2000,1
2026-09-17T10,21,2,58.0,0,156,1
2026-09-17T10,21,2,58.5,0,43943,1
2026-09-17T10,21,2,59.0,0,4222,3
2026-09-17T10,21,2,59.5,6258,10242,3
2026-09-17T10,21,2,60.0,9063,54694,4
2026-09-17T10,21,3,59.0,0,28268,3
2026-09-17T10,21,3,59.5,1725,6968,5
2026-09-17T10,21,3,60.0,0,49455,3
2026-09-17T10,21,4,60.0,0,774,1
2026-09-17T10,21,4,60.5,21809,0,3
2026-09-17T10,21,6,61.0,590,0,1
2026-09-17T11,21,1,58.5,6371,0,1
2026-09-17T11,21,1,59.0,670,0,1
2026-09-17T11,21,1,60.0,1900,0,1
2026-09-17T11,21,2,58.0,319,681,2
2026-09-17T11,21,3,58.5,519,57350,2
2026-09-17T11,21,3,59.5,0,3926,1
2026-09-17T11,21,3,60.0,2705,0,2
2026-09-17T11,21,6,61.0,8622,0,1
2026-09-17T12,21,0,57.0,0,100,1
2026-09-17T12,21,0,57.5,0,861,2
2026-09-17T12,21,0,58.0,3997,1921,5
2026-09-17T12,21,0,58.5,0,2960,1
2026-09-17T12,21,0,59.0,5865,825,4
2026-09-17T12,21,1,58.5,18935,9743,4
2026-09-17T12,21,1,59.0,844,5162,2
2026-09-17T12,21,1,59.5,427,0,2
2026-09-17T12,21,2,59.0,0,516,2
2026-09-17T12,21,2,59.5,0,2601,2
2026-09-17T12,21,2,60.0,5365,0,1
2026-09-17T12,21,3,59.0,0,2228,1
2026-09-17T12,21,3,59.5,0,2277,1
2026-09-17T12,21,3,60.0,0,2574,2
2026-09-17T12,21,3,60.5,7856,0,2
2026-09-17T12,21,4,59.5,60,1733,2
2026-09-17T12,21,4,60.0,0,8218,1
2026-09-17T12,21,4,60.5,1611,25003,2
2026-09-17T12,21,6,61.0,24075,0,3
2026-09-17T12,21,7,61.0,3250,0,1
2026-09-17T13,21,0,58.0,2155,2641,4
2026-09-17T13,21,1,58.5,0,400,1
2026-09-17T13,21,1,59.0,1356,0,2
2026-09-17T13,21,1,59.5,915,0,1
2026-09-17T13,21,2,59.0,0,4046,2
2026-09-17T13,21,2,59.5,0,2264,2
2026-09-17T13,21,2,60.0,0,20451,3
2026-09-17T13,21,3,60.0,0,1597,2
2026-09-17T13,21,3,60.5,7030,0,3
2026-09-17T13,21,6,61.0,14059,0,3
2026-09-17T13,21,7,61.0,0,22492,1
2026-09-17T14,21,0,57.5,0,2293,3
2026-09-17T14,21,0,58.0,0,1082,2
2026-09-17T14,21,0,58.5,0,4400,1
2026-09-17T14,21,1,57.5,0,455,1
2026-09-17T14,21,1,58.0,0,67,2
2026-09-17T14,21,1,58.5,0,719,2
2026-09-17T14,21,1,59.0,8972,0,1
2026-09-17T14,21,2,57.5,0,135,1
2026-09-17T14,21,2,58.0,8836,2061,5
2026-09-17T14,21,2,58.5,5752,846,3
2026-09-17T14,21,2,59.0,2471,1356,4
2026-09-17T14,21,3,59.0,655,73,2
2026-09-17T14,21,6,61.0,4956,0,1
2026-09-17T15,21,0,57.5,0,333,1
2026-09-17T15,21,0,58.0,1091,231,2
2026-09-17T15,21,0,58.5,0,5652,1
2026-09-17T15,21,1,57.5,150,82,2
2026-09-17T15,21,1,58.0,11632,3604,4
2026-09-17T15,21,1,59.0,4684,0,1
2026-09-17T15,21,2,59.0,9388,4971,4
2026-09-17T15,21,2,59.5,0,4657,1
2026-09-17T15,21,3,58.5,0,1534,1
2026-09-17T15,21,3,59.0,0,725,1
2026-09-17T15,21,3,59.5,0,1415,1
2026-09-17T15,21,3,60.0,4268,12954,2
2026-09-17T15,21,4,59.5,21628,0,2
2026-09-17T15,21,5,60.5,1425,0,1
2026-09-17T15,21,6,61.0,3000,0,1
2026-09-17T16,21,0,57.0,240,580,3
2026-09-17T16,21,0,57.5,0,500,1
2026-09-17T16,21,1,57.5,0,1631,1
2026-09-17T16,21,1,58.0,0,1909,2
2026-09-17T16,21,1,58.5,0,2129,1
2026-09-17T16,21,1,59.0,19561,558,4
2026-09-17T16,21,2,57.5,0,478,1
2026-09-17T16,21,2,58.0,0,823,1
2026-09-17T16,21,2,58.5,0,1000,1
2026-09-17T16,21,2,59.0,172,278,2
2026-09-17T16,21,3,58.5,0,103,1
2026-09-17T16,21,3,59.0,5151,1887,4
2026-09-17T16,21,4,58.0,2639,738,2
2026-09-17T16,21,4,59.0,0,549,1
2026-09-17T16,21,4,59.5,28411,0,2
2026-09-17T16,21,5,60.5,1699,0,2
2026-09-17T16,21,6,61.0,150,0,1
2026-09-17T17,21,0,58.0,0,470,1
2026-09-17T17,21,0,58.5,17338,9805,6
2026-09-17T17,21,1,58.5,0,3187,1
2026-09-17T17,21,1,59.0,10703,0,2
2026-09-17T17,21,2,58.5,640,1722,3
2026-09-17T17,21,2,59.0,2027,0,1
2026-09-17T17,21,2,59.5,0,1118,1
2026-09-17T17,21,3,59.0,0,3677,1
2026-09-17T17,21,3,59.5,0,5204,2
2026-09-17T17,21,3,60.0,1719,0,2
2026-09-17T17,21,4,59.5,0,4663,1
2026-09-17T17,21,5,60.0,0,15000,1
2026-09-17T17,21,5,60.5,7301,0,3
2026-09-17T18,21,0,57.5,440,937,3
2026-09-17T18,21,0,58.5,2390,0,1
2026-09-17T18,21,1,57.0,0,3950,1
2026-09-17T18,21,1,57.5,0,10374,2
2026-09-17T18,21,1,58.0,0,1894,1
2026-09-17T18,21,2,58.0,9445,4841,6
2026-09-17T18,21,2,58.5,14649,0,3
2026-09-17T18,21,3,60.0,2525,0,1
2026-09-17T18,21,5,59.5,0,1863,1
2026-09-17T18,21,5,60.0,4871,10129,2
2026-09-17T18,21,5,60.5,17311,0,2
2026-09-17T19,21,0,57.0,0,108,1
2026-09-17T19,21,0,58.0,358,442,2
2026-09-17T19,21,0,58.5,2346,0,1
2026-09-17T19,21,1,56.5,660,108,2
2026-09-17T19,21,1,57.0,0,17268,2
2026-09-17T19,21,1,58.0,3,0,1
2026-09-17T19,21,2,57.0,204,16633,3
2026-09-17T19,21,2,57.5,0,957,1
2026-09-17T19,21,2,58.0,2260,254,3
2026-09-17T19,21,2,58.5,1327,10104,2
2026-09-17T19,21,2,59.0,2035,0,1
2026-09-17T19,21,3,58.5,3371,1886,2
2026-09-17T19,21,3,59.0,0,2103,1
2026-09-17T19,21,3,59.5,0,2552,1
2026-09-17T19,21,3,60.0,10967,0,2
2026-09-17T19,21,4,60.0,0,7239,1
2026-09-17T19,21,4,60.5,0,30321,2
2026-09-17T19,21,5,60.5,750,46664,2
2026-09-17T19,21,6,61.0,34226,11417,4
2026-09-17T19,21,6,61.5,11914,0,1
2026-09-17T20,21,0,56.0,0,289,1
2026-09-17T20,21,0,57.0,0,354,1
2026-09-17T20,21,0,57.5,0,2170,2
2026-09-17T20,21,1,56.5,8516,8575,5
2026-09-17T20,21,1,57.0,200,295,2
2026-09-17T20,21,1,58.0,6832,0,1
2026-09-17T20,21,2,57.0,0,1369,1
2026-09-17T20,21,2,57.5,10458,1176,7
2026-09-17T20,21,2,58.0,0,132,1
2026-09-17T20,21,3,59.5,715,1033,3
2026-09-17T20,21,3,60.0,29334,0,2
2026-09-17T20,21,4,60.5,1099,0,1
2026-09-17T20,21,5,61.0,600,0,1
2026-09-17T21,21,0,56.5,0,460,1
2026-09-17T21,21,0,57.0,0,2040,3
2026-09-17T21,21,0,57.5,128,4080,5
2026-09-17T21,21,0,58.0,0,2095,3
2026-09-17T21,21,0,58.5,0,138,2
2026-09-17T21,21,1,57.5,0,1639,2
2026-09-17T21,21,1,58.0,5265,14756,4
2026-09-17T21,21,2,58.0,4000,3050,3
2026-09-17T21,21,2,58.5,2137,4201,4
2026-09-17T21,21,2,59.0,15429,12276,7
2026-09-17T21,21,3,59.0,6781,14230,5
2026-09-17T21,21,4,60.5,3000,0,1
2026-09-17T22,21,0,56.5,0,115,1
2026-09-17T22,21,0,57.0,1178,131,5
2026-09-17T22,21,0,57.5,0,1530,1
2026-09-17T22,21,0,59.0,0,1101,1
2026-09-17T22,21,1,58.5,0,1946,1
2026-09-17T22,21,1,59.0,0,24368,3
2026-09-17T22,21,2,59.0,0,7239,4
2026-09-17T22,21,2,59.5,0,3109,1
2026-09-17T22,21,3,59.0,0,3000,1
2026-09-17T22,21,3,59.5,37709,6434,9
2026-09-17T22,21,3,60.0,5353,5455,2
2026-09-17T22,21,4,60.0,0,11380,2
2026-09-17T22,21,4,60.5,627,0,1
2026-09-17T22,21,5,60.5,3087,5589,2
2026-09-17T23,21,0,57.5,0,192,1
2026-09-17T23,21,0,58.0,0,242,2
2026-09-17T23,21,0,58.5,0,245,1
2026-09-17T23,21,1,59.0,20,0,1
2026-09-17T23,21,2,58.5,0,1719,1
2026-09-17T23,21,2,59.0,0,163,1
2026-09-17T23,21,3,59.0,9626,5982,5
2026-09-17T23,21,3,59.5,13126,0,1
2026-09-17T23,21,4,60.0,0,8000,1
2026-09-17T23,21,4,60.5,2738,0,1
2026-09-18T00,21,0,58.0,221,162,2
2026-09-18T00,21,0,58.5,0,1938,1
2026-09-18T00,21,0,59.0,6984,0,1
2026-09-18T00,21,1,58.5,0,40,1
2026-09-18T00,21,1,59.0,63,574,3
2026-09-18T00,21,2,58.0,0,2974,1
2026-09-18T00,21,2,58.5,2147,19969,3
2026-09-18T00,21,2,59.0,822,9236,4
2026-09-18T00,21,3,59.0,16179,7,4
2026-09-18T00,21,3,59.5,5277,0,1
2026-09-18T00,21,4,60.0,0,4500,1
2026-09-18T00,21,4,60.5,4188,448,2
2026-09-18T00,21,6,61.0,54502,0,3
2026-09-18T01,21,0,56.5,2440,0,1
2026-09-18T01,21,0,58.0,0,500,1
2026-09-18T01,21,0,58.5,12881,0,3
2026-09-18T01,21,0,59.0,563,0,1
2026-09-18T01,21,1,59.0,2703,1534,3
2026-09-18T01,21,2,58.5,0,1460,1
2026-09-18T01,21,2,59.0,566,0,1
2026-09-18T01,21,3,59.5,4616,0,2
2026-09-18T01,21,4,61.0,1,0,1
2026-09-18T01,21,5,61.0,0,47786,1
2026-09-18T01,21,6,61.0,0,5498,1
2026-09-18T02,21,0,56.5,0,604,1
2026-09-18T02,21,0,57.0,0,950,1
2026-09-18T02,21,0,57.5,0,577,1
2026-09-18T02,21,0,58.5,1036,0,1
2026-09-18T02,21,1,57.5,0,2793,3
2026-09-18T02,21,1,58.0,0,13009,2
2026-09-18T02,21,2,57.5,0,2996,1
2026-09-18T02,21,2,58.0,0,3120,1
2026-09-18T02,21,2,58.5,9303,5167,8
2026-09-18T02,21,2,59.0,6117,2867,4
2026-09-18T02,21,3,59.0,0,2528,1
2026-09-18T02,21,3,59.5,17803,16410,5
2026-09-18T02,21,3,60.0,33797,10771,3
2026-09-18T02,21,6,61.0,18300,0,2
2026-09-18T03,21,0,58.0,0,6293,1
2026-09-18T03,21,0,58.5,4021,7218,3
2026-09-18T03,21,1,57.5,2734,25358,2
2026-09-18T03,21,1,58.0,810,348,3
2026-09-18T03,21,2,57.5,6254,1775,4
2026-09-18T03,21,2,58.0,0,3412,1
2026-09-18T03,21,2,58.5,2394,0,4
2026-09-18T03,21,2,59.5,220,1181,3
2026-09-18T03,21,3,59.5,0,11000,2
2026-09-18T03,21,3,60.0,19687,0,2
2026-09-18T03,21,4,60.5,0,4123,1
2026-09-18T03,21,6,61.0,7010,0,3
2026-09-18T04,21,0,55.0,704,796,2
2026-09-18T04,21,0,57.0,0,1505,2
2026-09-18T04,21,0,58.0,3067,1548,5
2026-09-18T04,21,1,57.5,12681,5745,6
2026-09-18T04,21,1,58.0,0,1325,1
2026-09-18T04,21,2,57.5,0,1396,1
2026-09-18T04,21,2,58.5,222,0,1
2026-09-18T04,21,3,59.5,1252,2862,2
2026-09-18T04,21,4,60.0,18044,0,2
2026-09-18T05,21,0,56.0,1515,1844,4
2026-09-18T05,21,0,57.0,7549,0,2
2026-09-18T05,21,1,56.5,3938,0,2
2026-09-18T05,21,1,57.0,0,1013,1
2026-09-18T05,21,1,57.5,6100,0,1
2026-09-18T05,21,2,58.0,861,0,2
2026-09-18T05,21,3,59.0,15753,0,1
2026-09-18T05,21,3,59.5,2230,0,1
2026-09-18T05,21,4,60.0,34991,0,4
2026-09-18T05,21,5,60.5,7644,224,2
2026-09-18T05,21,6,61.0,12941,0,1
2026-09-18T06,21,0,56.0,438,894,3
2026-09-18T06,21,0,56.5,0,7575,3
2026-09-18T06,21,0,57.0,22375,6755,8
2026-09-18T06,21,0,58.0,0,1717,1
2026-09-18T06,21,0,58.5,0,379,1
2026-09-18T06,21,1,56.5,0,62,1
2026-09-18T06,21,1,57.0,0,1801,1
2026-09-18T06,21,1,57.5,13550,416,4
2026-09-18T06,21,1,59.0,0,81,1
2026-09-18T06,21,2,58.0,691,2563,3
2026-09-18T06,21,2,58.5,0,6641,3
2026-09-18T06,21,2,59.0,600,6701,6
2026-09-18T06,21,2,59.5,150,9518,2
2026-09-18T06,21,3,59.0,8632,18925,2
2026-09-18T06,21,3,59.5,0,12736,2
2026-09-18T06,21,4,60.0,54274,0,3
2026-09-18T06,21,5,61.5,1713,0,1
2026-09-18T06,21,6,61.0,18748,5921,3
2026-09-18T06,21,6,61.5,8650,16287,2
2026-09-18T07,21,0,57.5,0,4351,1
2026-09-18T07,21,0,59.0,7697,0,3
2026-09-18T07,21,0,60.0,0,17500,1
2026-09-18T07,21,1,58.0,3200,0,1
2026-09-18T07,21,1,58.5,1300,0,2
2026-09-18T07,21,1,59.0,0,3717,2
2026-09-18T07,21,3,59.0,0,4592,2
2026-09-18T07,21,3,59.5,428,0,1
2026-09-18T07,21,4,59.5,7828,1808,2
2026-09-18T07,21,4,60.0,5862,0,2
2026-09-18T08,21,0,58.0,2640,554,3
2026-09-18T08,21,0,59.0,0,10084,2
2026-09-18T08,21,1,58.0,2199,6800,2
2026-09-18T08,21,1,58.5,290,10254,3
2026-09-18T08,21,1,59.5,0,1018,1
2026-09-18T08,21,2,59.0,1426,0,1
2026-09-18T08,21,2,59.5,0,2527,1
2026-09-18T08,21,3,59.0,0,1692,1
2026-09-18T08,21,3,59.5,3782,5739,2
2026-09-18T08,21,3,60.0,15803,0,2
2026-09-18T08,21,4,60.0,0,1829,1
2026-09-18T08,21,5,60.5,2130,0,1
2026-09-18T08,21,6,61.5,0,6002,1
2026-09-18T08,21,7,62.0,9058,0,1
2026-09-18T09,21,0,56.0,0,104,1
2026-09-18T09,21,0,56.5,0,100,1
2026-09-18T09,21,0,57.0,0,8,1
2026-09-18T09,21,0,57.5,1980,10002,4
2026-09-18T09,21,0,58.0,438,1452,3
2026-09-18T09,21,0,58.5,2352,1043,5
2026-09-18T09,21,1,58.0,100,6951,2
2026-09-18T09,21,1,58.5,0,172,1
2026-09-18T09,21,2,59.0,28666,3069,6
2026-09-18T09,21,5,60.5,0,47870,1
2026-09-18T09,21,5,61.0,240,0,1
2026-09-18T10,21,0,56.0,0,4,1
2026-09-18T10,21,0,56.5,300,1743,3
2026-09-18T10,21,0,57.0,0,2,1
2026-09-18T10,21,1,57.0,0,118,2
2026-09-18T10,21,1,57.5,13119,9381,5
2026-09-18T10,21,1,58.0,339,0,1
2026-09-18T10,21,2,59.0,8950,0,2
2026-09-18T10,21,3,59.5,0,5501,2
2026-09-18T10,21,3,60.0,6012,10713,3
2026-09-18T10,21,4,59.0,1209,5819,2
2026-09-18T10,21,4,60.5,0,1078,1
2026-09-18T10,21,5,60.0,0,33111,1
2026-09-18T10,21,6,60.5,1500,47652,2
2026-09-18T10,21,6,61.0,902,0,1
2026-09-18T11,21,0,56.0,0,5123,1
2026-09-18T11,21,0,56.5,0,599,2
2026-09-18T11,21,0,57.0,124,557,2
2026-09-18T11,21,0,57.5,3063,0,2
2026-09-18T11,21,1,56.0,0,36,1
2026-09-18T11,21,1,57.0,0,25,1
2026-09-18T11,21,2,56.5,26864,0,2
2026-09-18T11,21,2,57.0,9342,3814,4
2026-09-18T11,21,2,57.5,0,47747,1
2026-09-18T11,21,2,58.0,2771,0,2
2026-09-18T11,21,3,58.5,0,8192,1
2026-09-18T11,21,3,59.0,0,18129,2
2026-09-18T11,21,3,59.5,4863,0,1
2026-09-18T11,21,4,60.5,0,50000,1
2026-09-18T11,21,5,60.5,1512,0,1
2026-09-18T11,21,5,61.0,5558,0,2
2026-09-18T11,21,6,61.0,0,2408,1
2026-09-18T11,21,7,62.0,14190,0,1
2026-09-18T12,21,0,56.5,0,1000,1
2026-09-18T12,21,0,57.0,0,152,2
2026-09-18T12,21,0,57.5,0,929,3
2026-09-18T12,21,0,58.0,2967,3325,3
2026-09-18T12,21,1,56.0,0,1780,1
2026-09-18T12,21,1,57.0,0,997,1
2026-09-18T12,21,1,57.5,0,664,2
2026-09-18T12,21,1,58.0,0,282,1
2026-09-18T12,21,2,56.5,20,7800,3
2026-09-18T12,21,2,57.0,0,1328,1
2026-09-18T12,21,2,58.0,2858,869,4
2026-09-18T12,21,2,58.5,3740,0,2
2026-09-18T12,21,3,59.5,2250,7047,3
2026-09-18T12,21,3,60.0,9098,0,3
2026-09-18T12,21,4,61.0,7558,317,3
2026-09-18T12,21,5,60.5,0,6488,1
2026-09-18T12,21,5,61.0,0,18732,1
2026-09-18T13,21,0,56.0,50,1008,2
2026-09-18T13,21,0,56.5,20,0,1
2026-09-18T13,21,2,56.5,5596,5680,3
2026-09-18T13,21,2,57.0,3368,0,3
2026-09-18T13,21,4,61.0,3087,0,1
2026-09-18T13,21,6,61.0,7863,0,1
2026-09-18T13,21,6,61.5,750,0,1
2026-09-18T14,21,0,56.5,3362,3413,4
2026-09-18T14,21,0,58.0,1385,161,4
2026-09-18T14,21,1,57.0,1986,1764,4
2026-09-18T14,21,1,57.5,0,264,1
2026-09-18T14,21,1,58.0,0,6373,1
2026-09-18T14,21,2,56.5,0,1426,1
2026-09-18T14,21,2,57.0,0,3096,1
2026-09-18T14,21,2,57.5,1817,1312,5
2026-09-18T14,21,2,58.0,7837,7850,5
2026-09-18T14,21,2,58.5,8313,0,1
2026-09-18T14,21,3,58.5,3130,356,2
2026-09-18T14,21,4,60.5,0,158,1
2026-09-18T14,21,4,61.0,1111,45859,3
2026-09-18T14,21,6,61.0,0,9315,1
2026-09-18T14,21,6,61.5,35545,0,4
2026-09-18T14,21,7,62.0,0,31949,1
2026-09-18T15,21,0,57.5,0,458,1
2026-09-18T15,21,0,58.0,1099,2990,4
2026-09-18T15,21,1,57.0,2320,680,2
2026-09-18T15,21,1,57.5,0,1772,2
2026-09-18T15,21,1,58.0,2455,31368,4
2026-09-18T15,21,2,56.5,0,3,1
2026-09-18T15,21,2,57.0,0,41287,2
2026-09-18T15,21,2,57.5,2603,11314,3
2026-09-18T15,21,2,58.0,0,4228,2
2026-09-18T15,21,2,58.5,0,24621,2
2026-09-18T15,21,2,59.0,5826,0,1
2026-09-18T15,21,3,59.0,4272,21490,5
2026-09-18T15,21,3,59.5,21128,0,1
2026-09-18T15,21,6,61.0,11110,696,2
2026-09-18T15,21,6,61.5,15453,42566,2
2026-09-18T15,21,7,64.5,1988,0,1
2026-09-18T16,21,0,58.0,0,2621,1
2026-09-18T16,21,0,58.5,100,687,2
2026-09-18T16,21,0,59.0,0,50,1
2026-09-18T16,21,1,57.5,55,2400,2
2026-09-18T16,21,1,58.0,2646,7629,4
2026-09-18T16,21,1,59.0,0,6833,2
2026-09-18T16,21,2,59.0,5000,11736,3
2026-09-18T16,21,3,59.5,75549,0,4
2026-09-18T16,21,4,60.5,12520,5480,4
2026-09-18T16,21,5,61.5,6520,0,1
2026-09-18T17,21,0,56.0,0,414,1
2026-09-18T17,21,0,56.5,1960,5040,3
2026-09-18T17,21,0,57.0,524,107,2
2026-09-18T17,21,0,57.5,74,1093,3
2026-09-18T17,21,1,57.5,7498,1216,3
2026-09-18T17,21,1,58.0,2168,2069,7
2026-09-18T17,21,2,58.5,0,3145,2
2026-09-18T17,21,3,59.0,6645,0,4
2026-09-18T17,21,5,61.0,393,0,1
2026-09-18T18,21,0,57.0,0,158,1
2026-09-18T18,21,0,57.5,821,193,2
2026-09-18T18,21,1,58.0,9302,0,4
2026-09-18T18,21,2,57.5,880,266,4
2026-09-18T18,21,2,58.0,508,17897,3
2026-09-18T18,21,3,58.0,6377,4683,2
2026-09-18T18,21,3,58.5,8249,0,2
2026-09-18T18,21,5,61.0,0,312,1
2026-09-18T18,21,5,61.5,0,42822,1
2026-09-18T19,21,0,56.0,0,1538,1
2026-09-18T19,21,0,56.5,5784,0,6
2026-09-18T19,21,0,57.0,0,346,1
2026-09-18T19,21,0,57.5,966,0,1
2026-09-18T19,21,1,58.0,0,2937,3
2026-09-18T19,21,1,58.5,0,2497,1
2026-09-18T19,21,2,57.0,376,7080,3
2026-09-18T19,21,2,57.5,5208,4652,3
2026-09-18T19,21,2,58.0,0,3228,2
2026-09-18T19,21,2,58.5,2753,2793,3
2026-09-18T19,21,3,58.5,18366,13569,8
2026-09-18T19,21,3,59.0,24306,0,3
2026-09-18T19,21,4,60.0,13525,15927,4
2026-09-18T19,21,4,60.5,8724,0,2
2026-09-18T20,21,0,55.0,3145,0,3
2026-09-18T20,21,1,55.5,284,1035,2
2026-09-18T20,21,1,56.0,0,701,1
2026-09-18T20,21,1,56.5,9856,106,3
2026-09-18T20,21,1,57.5,0,549,1
2026-09-18T20,21,1,58.0,0,1120,1
2026-09-18T20,21,2,57.0,0,1814,1
2026-09-18T20,21,2,57.5,0,2714,1
2026-09-18T20,21,2,58.0,0,1000,1
2026-09-18T20,21,2,58.5,772,1042,3
2026-09-18T20,21,3,59.0,18490,0,1
2026-09-18T20,21,4,59.0,5726,0,1
2026-09-18T20,21,5,61.0,0,8000,1
2026-09-18T20,21,5,62.0,0,2673,1
2026-09-18T20,21,5,62.5,11901,0,1
2026-09-18T20,21,6,63.0,18502,0,1
2026-09-18T21,21,0,54.5,0,935,1
2026-09-18T21,21,0,55.0,186,5976,3
2026-09-18T21,21,0,55.5,0,1905,1
2026-09-18T21,21,0,56.5,3076,4275,4
2026-09-18T21,21,0,57.0,0,4513,2
2026-09-18T21,21,1,57.0,3889,1140,4
2026-09-18T21,21,2,57.0,0,4749,1
2026-09-18T21,21,2,57.5,11861,6052,9
2026-09-18T21,21,2,58.0,0,406,1
2026-09-18T21,21,2,58.5,0,7145,1
2026-09-18T21,21,4,59.0,2690,0,1
2026-09-18T21,21,5,62.0,5672,0,1
2026-09-18T22,21,0,55.5,0,5719,1
2026-09-18T22,21,0,56.5,0,1371,1
2026-09-18T22,21,0,57.5,0,1757,2
2026-09-18T22,21,0,58.0,31389,619,3
2026-09-18T22,21,0,58.5,150,0,1
2026-09-18T22,21,1,56.0,0,2060,1
2026-09-18T22,21,1,56.5,0,128,1
2026-09-18T22,21,1,57.0,0,2199,2
2026-09-18T22,21,1,57.5,0,766,2
2026-09-18T22,21,1,58.5,10837,1370,3
2026-09-18T22,21,1,59.0,31,0,1
2026-09-18T22,21,2,57.5,0,1715,1
2026-09-18T22,21,2,58.0,0,3442,1
2026-09-18T22,21,2,58.5,22440,159,4
2026-09-18T22,21,2,59.0,1284,10761,5
2026-09-18T22,21,3,59.0,7440,57505,3
2026-09-18T22,21,4,59.0,0,10454,2
2026-09-18T22,21,4,59.5,82221,0,3
2026-09-18T23,21,0,56.5,250,1030,3
2026-09-18T23,21,0,57.0,1415,6183,3
2026-09-18T23,21,0,57.5,561,0,2
2026-09-18T23,21,1,58.5,200,0,1
2026-09-18T23,21,2,58.0,0,693,1
2026-09-18T23,21,2,58.5,792,2997,2
2026-09-18T23,21,3,58.5,0,3057,1
2026-09-18T23,21,3,59.0,8711,0,3
2026-09-18T23,21,5,62.0,2352,0,1
2026-09-19T04,21,0,56.0,1832,568,2
2026-09-19T04,21,0,57.0,0,801,1
2026-09-19T04,21,0,57.5,0,7704,1
2026-09-19T04,21,0,58.0,0,2158,1
2026-09-19T04,21,2,57.0,5000,0,1
2026-09-19T04,21,4,59.0,0,5940,1
2026-09-19T04,21,4,59.5,0,88779,1
2026-09-19T04,21,4,60.0,0,19932,2
2026-09-19T04,21,4,60.5,0,32737,2
2026-09-19T04,21,4,61.5,131367,8247,3
2026-09-19T04,21,6,62.5,7806,0,1
2026-09-19T05,21,0,56.0,904,6152,2
2026-09-19T05,21,0,56.5,500,2040,2
2026-09-19T05,21,0,57.5,152,4746,4
2026-09-19T05,21,1,56.5,0,42426,2
2026-09-19T05,21,1,57.0,220,2691,3
2026-09-19T05,21,1,57.5,560,12837,3
2026-09-19T05,21,1,58.0,21226,0,3
2026-09-19T05,21,2,57.0,16000,444,2
2026-09-19T05,21,2,57.5,0,2085,2
2026-09-19T05,21,2,58.0,0,5692,2
2026-09-19T05,21,3,57.0,0,147,1
2026-09-19T05,21,3,57.5,6144,2141,2
2026-09-19T05,21,3,58.0,0,5493,1
2026-09-19T05,21,3,58.5,9248,5815,3
2026-09-19T05,21,4,59.0,0,140,1
2026-09-19T05,21,4,59.5,2185,0,1
2026-09-19T06,21,0,57.0,2712,2635,4
2026-09-19T06,21,0,57.5,1310,0,2
2026-09-19T06,21,1,57.5,3517,33137,2
2026-09-19T06,21,1,58.0,4339,7120,4
2026-09-19T06,21,1,58.5,6473,0,2
2026-09-19T06,21,2,58.0,727,4076,4
2026-09-19T06,21,2,58.5,0,5183,3
2026-09-19T06,21,3,58.5,0,34994,2
2026-09-19T06,21,3,59.0,5203,43055,4
2026-09-19T06,21,3,59.5,42029,23323,2
2026-09-19T06,21,4,59.5,4276,60679,5
2026-09-19T06,21,6,61.0,31423,0,2
2026-09-19T06,21,7,61.0,3870,64482,2
2026-09-19T07,21,0,57.5,0,506,1
2026-09-19T07,21,0,58.0,3196,530,7
2026-09-19T07,21,1,57.5,7255,0,1
2026-09-19T07,21,1,58.5,5609,0,1
2026-09-19T07,21,2,58.0,124,261,2
2026-09-19T07,21,2,58.5,1398,0,3
2026-09-19T07,21,4,60.0,2942,1084,2
2026-09-19T07,21,4,61.5,28351,0,1
2026-09-19T07,21,5,60.5,0,14791,1
2026-09-19T07,21,5,62.0,3651,0,1
2026-09-19T07,21,6,60.5,0,1674,1
2026-09-19T07,21,6,61.0,7256,6610,2
2026-09-19T08,21,0,57.0,0,3,1
2026-09-19T08,21,0,57.5,965,73,4
2026-09-19T08,21,1,57.0,0,485,1
2026-09-19T08,21,1,57.5,9293,1238,8
2026-09-19T08,21,2,57.5,0,500,1
2026-09-19T08,21,3,58.0,8817,8129,4
2026-09-19T08,21,3,58.5,264,0,1
2026-09-19T08,21,3,59.0,924,0,1
2026-09-19T08,21,4,61.0,8726,0,2
2026-09-19T09,21,0,55.0,0,1024,1
2026-09-19T09,21,1,56.5,20,5057,2
2026-09-19T09,21,1,57.0,0,3732,1
2026-09-19T09,21,1,57.5,0,427,2
2026-09-19T09,21,2,56.5,5336,23663,3
2026-09-19T09,21,2,57.0,5100,176,2
2026-09-19T09,21,2,57.5,0,4682,2
2026-09-19T09,21,2,58.0,9685,162,3
2026-09-19T09,21,3,57.5,0,1831,1
2026-09-19T09,21,3,58.0,0,3437,1
2026-09-19T09,21,3,58.5,18535,3479,3
2026-09-19T09,21,3,59.0,10061,0,2
2026-09-19T09,21,6,62.5,0,12590,1
2026-09-19T09,21,6,63.0,0,6012,1
2026-09-19T09,21,6,63.5,32178,0,1
2026-09-19T10,21,0,56.0,276,0,3
2026-09-19T10,21,0,57.0,143,334,2
2026-09-19T10,21,1,56.5,0,34,1
2026-09-19T10,21,1,57.0,1256,0,2
2026-09-19T10,21,1,57.5,1451,0,1
2026-09-19T10,21,2,56.5,1000,0,1
2026-09-19T10,21,2,57.5,4889,8317,4
2026-09-19T10,21,2,58.0,5788,0,1
2026-09-19T10,21,3,58.0,80,0,1
2026-09-19T10,21,3,59.0,1,0,1
2026-09-19T10,21,4,61.0,3484,0,1
2026-09-19T10,21,5,62.0,12197,13844,4
2026-09-19T10,21,5,62.5,0,5099,1
2026-09-19T10,21,6,63.0,0,7991,1
2026-09-19T10,21,6,63.5,0,17822,1
2026-09-19T10,21,7,64.5,4879,0,1
2026-09-19T11,21,0,56.0,1540,2143,6
2026-09-19T11,21,0,56.5,438,0,1
2026-09-19T11,21,1,55.5,0,5110,2
2026-09-19T11,21,1,56.0,230,394,2
2026-09-19T11,21,1,56.5,0,8223,2
2026-09-19T11,21,2,56.0,7310,948,4
2026-09-19T11,21,2,56.5,21304,1068,4
2026-09-19T11,21,2,57.0,3398,0,1
2026-09-19T11,21,3,55.0,0,22762,1
2026-09-19T11,21,3,57.0,0,10000,1
2026-09-19T11,21,3,57.5,70,8082,2
2026-09-19T11,21,3,58.0,540,0,1
2026-09-19T11,21,5,64.0,0,17000,1
2026-09-19T11,21,7,64.5,0,18133,1
2026-09-19T11,21,7,65.0,2592,0,1
2026-09-19T12,21,0,55.5,0,500,1
2026-09-19T12,21,0,56.0,0,13748,1
2026-09-19T12,21,0,56.5,21702,13357,8
2026-09-19T12,21,0,57.0,0,4308,1
2026-09-19T12,21,1,57.0,4209,1335,6
2026-09-19T12,21,1,57.5,22225,0,2
2026-09-19T12,21,2,56.0,0,1276,1
2026-09-19T12,21,2,56.5,0,55,1
2026-09-19T12,21,2,57.0,0,5732,1
2026-09-19T12,21,2,57.5,0,5853,2
2026-09-19T12,21,2,58.0,6905,0,3
2026-09-19T12,21,3,58.0,344,745,2
2026-09-19T12,21,3,58.5,0,2645,1
2026-09-19T12,21,3,59.0,9979,0,2
2026-09-19T12,21,4,60.5,9060,0,1
2026-09-19T12,21,6,63.5,898,0,1
2026-09-19T13,21,0,56.5,369,0,2
2026-09-19T13,21,0,57.0,0,269,1
2026-09-19T13,21,1,57.0,6767,1253,4
2026-09-19T13,21,1,57.5,10024,10055,3
2026-09-19T13,21,2,56.0,0,84,1
2026-09-19T13,21,2,56.5,800,7333,2
2026-09-19T13,21,2,57.0,1223,4391,4
2026-09-19T13,21,2,57.5,0,325,2
2026-09-19T13,21,2,58.0,8708,0,1
2026-09-19T13,21,3,58.5,2400,9667,2
2026-09-19T13,21,3,59.0,11298,14035,2
2026-09-19T13,21,6,63.5,17260,0,2
2026-09-19T14,21,0,56.5,211,3940,3
2026-09-19T14,21,0,57.0,1813,0,3
2026-09-19T14,21,0,57.5,0,5046,1
2026-09-19T14,21,0,58.0,740,0,2
2026-09-19T14,21,1,58.5,1979,0,1
2026-09-19T14,21,2,58.0,3910,28181,3
2026-09-19T14,21,2,58.5,1527,5431,3
2026-09-19T14,21,3,58.5,0,3452,2
2026-09-19T14,21,3,59.0,2472,0,2
2026-09-19T15,21,0,57.0,230,4333,2
2026-09-19T15,21,0,57.5,1502,6758,5
2026-09-19T15,21,0,58.0,3181,6990,3
2026-09-19T15,21,1,58.0,0,149,2
2026-09-19T15,21,2,58.0,0,3499,2
2026-09-19T15,21,3,58.0,10246,4666,3
2026-09-19T15,21,3,58.5,14256,0,4
2026-09-19T15,21,4,59.5,1115,0,1
2026-09-19T15,21,5,61.5,0,15000,1
2026-09-19T16,21,0,56.0,0,100,1
2026-09-19T16,21,0,56.5,27,323,2
2026-09-19T16,21,0,57.0,7980,0,2
2026-09-19T16,21,0,57.5,3502,0,6
2026-09-19T16,21,0,58.0,30,0,1
2026-09-19T16,21,1,58.0,921,816,2
2026-09-19T16,21,2,58.0,1834,0,2
2026-09-19T16,21,2,58.5,1011,0,1
2026-09-19T16,21,3,58.5,2754,3027,2
2026-09-19T16,21,3,59.0,10989,0,2
2026-09-19T16,21,4,59.5,0,16477,1
2026-09-19T16,21,4,60.0,34034,0,3
2026-09-19T17,21,0,56.5,0,495,2
2026-09-19T17,21,0,57.0,12656,0,11
2026-09-19T17,21,1,58.0,156,0,1
2026-09-19T17,21,2,58.0,3081,85,5
2026-09-19T17,21,3,58.5,1568,0,1
2026-09-19T17,21,3,59.0,1000,32975,4
2026-09-19T17,21,7,62.0,14948,0,2
2026-09-19T18,21,0,55.5,190,1021,4
2026-09-19T18,21,0,56.0,1982,0,3
2026-09-19T18,21,0,57.0,227,281,3
2026-09-19T18,21,1,57.0,0,1831,1
2026-09-19T18,21,1,57.5,3750,0,1
2026-09-19T18,21,2,57.5,601,68,2
2026-09-19T18,21,2,58.0,0,3168,1
2026-09-19T18,21,3,58.5,59,6878,2
2026-09-19T18,21,4,59.0,2983,0,2
2026-09-19T19,21,0,55.5,0,361,1
2026-09-19T19,21,0,56.0,802,1178,4
2026-09-19T19,21,0,56.5,3470,3000,3
2026-09-19T19,21,1,55.0,0,1022,1
2026-09-19T19,21,1,56.5,0,2705,2
2026-09-19T19,21,1,57.0,1436,14,3
2026-09-19T19,21,1,57.5,0,882,1
2026-09-19T19,21,2,56.5,2303,86,2
2026-09-19T19,21,2,57.0,0,1014,2
2026-09-19T19,21,2,57.5,1003,954,2
2026-09-19T19,21,2,58.0,0,2,1
2026-09-19T19,21,3,58.0,8066,0,3
2026-09-19T19,21,3,58.5,496,0,1
2026-09-19T19,21,4,58.5,6,0,1
2026-09-19T19,21,6,61.5,0,9217,1
2026-09-19T19,21,6,62.0,7297,0,2
2026-09-19T19,21,7,62.0,0,7951,1
2026-09-19T19,21,7,65.0,1988,0,1
2026-09-19T20,21,0,56.0,0,240,1
2026-09-19T20,21,0,56.5,0,122,1
2026-09-19T20,21,0,57.0,2952,11821,4
2026-09-19T20,21,0,57.5,0,1908,1
2026-09-19T20,21,1,57.5,850,0,1
2026-09-19T20,21,2,57.0,1320,342,3
2026-09-19T20,21,2,57.5,2700,1297,2
2026-09-19T20,21,3,57.5,2047,31184,3
2026-09-19T20,21,3,58.0,0,1434,1
2026-09-19T20,21,3,58.5,1243,813,2
2026-09-19T20,21,4,58.5,0,10,1
2026-09-19T21,21,0,57.5,0,10082,2
2026-09-19T21,21,0,58.0,487,13231,5
2026-09-19T21,21,1,57.0,3600,15541,4
2026-09-19T21,21,1,57.5,0,241,1
2026-09-19T21,21,1,58.0,0,5743,1
2026-09-19T21,21,2,58.0,0,2431,1
2026-09-19T21,21,3,57.5,0,67,1
2026-09-19T21,21,3,58.0,0,1445,1
2026-09-19T21,21,3,58.5,16429,434,5
2026-09-19T21,21,4,58.0,3889,6137,2
2026-09-19T21,21,4,59.0,21204,0,2
2026-09-19T21,21,5,61.5,4080,0,1
2026-09-19T22,21,0,57.5,2988,305,3
2026-09-19T22,21,0,58.0,0,2101,1
2026-09-19T22,21,1,58.0,7106,0,1
2026-09-19T22,21,1,58.5,26809,33372,5
2026-09-19T22,21,2,57.5,411,942,2
2026-09-19T22,21,2,58.0,597,5356,5
2026-09-19T22,21,2,58.5,0,14150,3
2026-09-19T22,21,3,58.5,0,21224,1
2026-09-19T22,21,5,61.5,0,5920,1
2026-09-19T22,21,6,62.0,5672,0,1
2026-09-19T23,21,0,56.5,0,900,1
2026-09-19T23,21,0,57.5,0,200,1
2026-09-19T23,21,1,58.0,1689,1331,4
2026-09-19T23,21,1,58.5,143,0,1
2026-09-19T23,21,2,56.5,0,30000,1
2026-09-19T23,21,2,57.0,7266,973,2
2026-09-19T23,21,2,57.5,1,10200,4
2026-09-19T23,21,2,58.0,1890,17786,4
2026-09-19T23,21,2,58.5,0,300,1
2026-09-19T23,21,3,58.5,1000,0,1
2026-09-19T23,21,4,58.5,0,6122,2
2026-09-19T23,21,4,59.0,35357,0,3
2026-09-20T00,21,0,57.0,488,1480,4
2026-09-20T00,21,0,57.5,0,1379,1
2026-09-20T00,21,1,57.5,3995,1005,4
2026-09-20T00,21,2,58.0,3505,0,3
2026-09-20T00,21,3,58.0,2280,0,2
2026-09-20T00,21,6,61.5,0,6731,1
2026-09-20T00,21,6,62.0,12688,0,1
2026-09-20T01,21,0,57.0,0,574,1
2026-09-20T01,21,0,57.5,333,200,2
2026-09-20T01,21,0,58.5,0,533,1
2026-09-20T01,21,1,56.5,300,5463,2
2026-09-20T01,21,2,57.0,1335,1715,3
2026-09-20T01,21,2,57.5,3575,7925,7
2026-09-20T01,21,2,58.0,2689,0,1
2026-09-20T01,21,3,58.0,0,1357,1
2026-09-20T01,21,3,58.5,53,0,1
2026-09-20T01,21,4,59.0,16686,0,3
2026-09-20T01,21,6,62.0,8014,0,1
2026-09-20T02,21,0,57.0,4332,18694,2
2026-09-20T02,21,0,57.5,5776,6133,3
2026-09-20T02,21,1,57.5,0,3182,1
2026-09-20T02,21,2,57.5,0,176,1
2026-09-20T02,21,2,58.0,12137,5030,7
2026-09-20T02,21,3,58.5,2390,10092,3
2026-09-20T02,21,4,58.5,5509,0,1
2026-09-20T02,21,4,59.0,3114,0,2
2026-09-20T03,21,0,57.5,0,150,1
2026-09-20T03,21,0,58.0,0,482,2
2026-09-20T03,21,1,57.5,6906,0,1
2026-09-20T03,21,1,58.0,0,6856,1
2026-09-20T03,21,1,58.5,45438,0,5
2026-09-20T03,21,2,57.5,0,510,1
2026-09-20T03,21,2,58.0,14104,7689,4
2026-09-20T03,21,3,58.5,0,1199,1
2026-09-20T03,21,4,58.5,0,7640,2
2026-09-20T03,21,4,59.0,10197,0,4
2026-09-20T04,21,0,56.5,0,499,1
2026-09-20T04,21,0,57.5,0,163,1
2026-09-20T04,21,1,57.0,0,4600,1
2026-09-20T04,21,1,57.5,0,699,1
2026-09-20T04,21,1,58.5,3637,0,1
2026-09-20T04,21,2,57.5,11384,3616,4
2026-09-20T04,21,2,58.0,7700,1639,5
2026-09-20T04,21,2,58.5,0,2480,2
2026-09-20T04,21,4,59.0,45257,0,3
2026-09-20T05,21,0,58.0,0,882,2
2026-09-20T05,21,1,57.0,0,173,2
2026-09-20T05,21,1,57.5,180,1145,2
2026-09-20T05,21,1,58.0,0,452,2
2026-09-20T05,21,2,57.5,0,351,1
2026-09-20T05,21,2,58.0,0,3905,2
2026-09-20T05,21,2,58.5,12544,0,6
2026-09-20T05,21,3,58.5,1832,14020,3
2026-09-20T05,21,4,59.0,9009,0,2
2026-09-20T05,21,6,60.5,7143,0,1
2026-09-20T06,21,0,55.5,0,526,1
2026-09-20T06,21,0,56.0,10,93,2
2026-09-20T06,21,0,56.5,3006,415,3
2026-09-20T06,21,0,57.0,0,907,1
2026-09-20T06,21,1,57.0,21096,7434,5
2026-09-20T06,21,1,57.5,6453,0,3
2026-09-20T06,21,3,58.5,3650,0,1
2026-09-20T06,21,4,59.0,8640,0,1
2026-09-20T06,21,11,66.0,3,0,1
2026-09-20T07,21,0,57.0,0,578,1
2026-09-20T07,21,0,57.5,1358,3723,4
2026-09-20T07,21,1,57.5,0,3507,1
2026-09-20T07,21,1,58.0,0,212,2
2026-09-20T07,21,2,57.0,0,7192,1
2026-09-20T07,21,2,57.5,0,5723,1
2026-09-20T07,21,2,58.0,0,2000,1
2026-09-20T07,21,2,58.5,10,0,1
2026-09-20T07,21,3,58.0,9367,1120,5
2026-09-20T07,21,3,58.5,5116,38834,3
2026-09-20T07,21,4,58.5,0,2897,1
2026-09-20T07,21,4,59.0,100973,0,2
2026-09-20T07,21,5,60.5,0,12640,1
2026-09-20T07,21,6,60.5,0,36381,1
2026-09-20T07,21,6,61.0,30717,0,2
2026-09-20T08,21,0,55.0,0,1204,1
2026-09-20T08,21,0,55.5,0,2254,1
2026-09-20T08,21,0,56.0,0,30,1
2026-09-20T08,21,0,56.5,0,14709,1
2026-09-20T08,21,1,56.5,0,6404,1
2026-09-20T08,21,2,56.0,0,1484,1
2026-09-20T08,21,2,56.5,5433,1162,2
2026-09-20T08,21,2,57.0,11580,0,7
2026-09-20T08,21,3,57.5,23251,0,4
2026-09-20T08,21,4,59.0,0,9236,1
2026-09-20T08,21,4,60.0,10208,32697,4
2026-09-20T09,21,0,56.0,0,1,1
2026-09-20T09,21,0,56.5,0,1,1
2026-09-20T09,21,1,57.0,10826,16252,3
2026-09-20T09,21,2,57.0,26473,7688,7
2026-09-20T09,21,2,57.5,5787,0,1
2026-09-20T09,21,3,57.0,0,2223,1
2026-09-20T09,21,3,57.5,0,30000,1
2026-09-20T09,21,3,58.0,1285,0,1
2026-09-20T10,21,0,57.0,3472,2735,5
2026-09-20T10,21,1,56.5,0,568,1
2026-09-20T10,21,1,57.0,5750,11820,5
2026-09-20T10,21,2,57.5,43697,0,6
2026-09-20T10,21,3,57.5,0,13221,3
2026-09-20T10,21,3,58.0,14673,0,2
2026-09-20T10,21,4,59.0,0,16700,1
2026-09-20T10,21,5,60.0,16150,0,1
2026-09-20T10,21,6,61.0,18801,0,1
2026-09-20T11,21,0,56.0,0,13,1
2026-09-20T11,21,0,57.0,0,161,1
2026-09-20T11,21,0,57.5,407,0,1
2026-09-20T11,21,1,57.0,0,1077,2
2026-09-20T11,21,2,56.5,0,1665,1
2026-09-20T11,21,2,57.0,7,452,2
2026-09-20T11,21,2,57.5,6107,27429,4
2026-09-20T11,21,2,58.0,7600,0,2
2026-09-20T11,21,3,58.0,2256,2536,2
2026-09-20T11,21,4,59.5,3601,0,2
2026-09-20T12,21,0,57.0,0,265,1
2026-09-20T12,21,0,57.5,0,5346,4
2026-09-20T12,21,0,58.0,0,180,1
2026-09-20T12,21,2,56.5,2786,1172,3
2026-09-20T12,21,2,57.0,4755,373,5
2026-09-20T12,21,2,57.5,0,7,1
2026-09-20T12,21,2,58.0,18519,14962,3
2026-09-20T12,21,2,58.5,13440,4597,6
2026-09-20T12,21,3,58.0,0,1576,1
2026-09-20T12,21,3,58.5,5013,12736,5
2026-09-20T12,21,3,59.0,2622,0,1
2026-09-20T12,21,4,59.5,0,6399,1
2026-09-20T12,21,5,60.0,29745,0,4
2026-09-20T13,21,0,57.0,0,336,1
2026-09-20T13,21,0,57.5,522,2762,6
2026-09-20T13,21,1,57.5,6178,611,4
2026-09-20T13,21,1,58.0,9502,1360,6
2026-09-20T13,21,2,58.0,844,1400,2
2026-09-20T13,21,2,58.5,900,0,1
2026-09-20T13,21,3,59.0,1997,15383,2
2026-09-20T13,21,6,60.0,4452,0,1
2026-09-20T14,21,0,55.5,0,240,1
2026-09-20T14,21,0,56.0,900,85,2
2026-09-20T14,21,0,57.5,0,424,2
2026-09-20T14,21,1,55.0,0,632,1
2026-09-20T14,21,1,55.5,0,3127,1
2026-09-20T14,21,1,57.5,4243,0,2
2026-09-20T14,21,1,58.0,10893,662,7
2026-09-20T14,21,2,57.5,0,1216,1
2026-09-20T14,21,2,58.0,1392,4759,4
2026-09-20T14,21,2,58.5,138,0,1
2026-09-20T14,21,3,58.5,22325,3857,4
2026-09-20T14,21,3,59.0,15163,0,1
2026-09-20T14,21,4,59.5,5840,0,1
2026-09-20T14,21,5,60.0,928,0,1
2026-09-20T14,21,6,60.0,0,32557,1
2026-09-20T14,21,6,60.5,0,11196,1
2026-09-20T14,21,6,61.0,79247,0,1
2026-09-20T14,21,7,64.5,14190,0,1
2026-09-20T15,21,0,57.0,0,174,2
2026-09-20T15,21,0,57.5,94,1396,4
2026-09-20T15,21,0,58.0,5755,6580,6
2026-09-20T15,21,1,57.5,3238,2519,3
2026-09-20T15,21,1,58.0,0,609,1
2026-09-20T15,21,2,57.5,0,206,1
2026-09-20T15,21,2,58.0,3050,3437,4
2026-09-20T15,21,3,58.0,11581,3560,3
2026-09-20T15,21,3,58.5,35018,19991,6
2026-09-20T16,21,0,57.5,1,66,2
2026-09-20T16,21,1,57.5,0,796,2
2026-09-20T16,21,2,57.0,0,1451,1
2026-09-20T16,21,2,57.5,0,378,2
2026-09-20T16,21,2,58.0,0,21224,4
2026-09-20T16,21,3,58.0,9722,29292,5
2026-09-20T16,21,3,58.5,8176,0,1
2026-09-20T16,21,4,58.5,12783,0,4
2026-09-20T16,21,5,60.0,0,159,1
2026-09-20T16,21,5,61.5,3868,0,1
2026-09-20T16,21,6,61.0,0,2924,1
2026-09-20T17,21,0,56.5,3135,3641,4
2026-09-20T17,21,0,57.0,20063,1009,4
2026-09-20T17,21,1,58.0,2940,0,3
2026-09-20T17,21,2,57.5,0,7352,3
2026-09-20T17,21,2,58.0,8701,7659,3
2026-09-20T17,21,3,58.0,0,5000,1
2026-09-20T17,21,3,58.5,9746,67060,2
2026-09-20T17,21,3,59.0,0,42042,3
2026-09-20T17,21,4,58.5,6000,1217,3
2026-09-20T17,21,4,59.0,783,1717,2
2026-09-20T17,21,4,59.5,50,0,1
2026-09-20T17,21,6,62.0,2750,0,2
2026-09-20T18,21,0,56.0,0,5847,2
2026-09-20T18,21,0,56.5,2383,28291,7
2026-09-20T18,21,0,57.0,403,1074,2
2026-09-20T18,21,1,57.5,1913,1499,3
2026-09-20T18,21,1,58.0,6435,0,3
2026-09-20T18,21,2,57.5,6000,676,3
2026-09-20T18,21,2,58.0,0,1301,2
2026-09-20T18,21,2,58.5,600,0,1
2026-09-20T18,21,3,59.0,9690,5845,2
2026-09-20T18,21,4,59.5,37306,0,3
2026-09-20T19,21,0,55.0,210,684,2
2026-09-20T19,21,0,56.0,1916,0,4
2026-09-20T19,21,1,56.5,0,769,2
2026-09-20T19,21,1,57.0,357,0,1
2026-09-20T19,21,2,55.5,4441,13805,2
2026-09-20T19,21,2,56.5,250,0,1
2026-09-20T19,21,2,57.0,4924,0,2
2026-09-20T19,21,3,54.0,0,1822,1
2026-09-20T19,21,3,54.5,0,6314,1
2026-09-20T19,21,3,57.5,864,0,1
2026-09-20T19,21,4,58.5,0,90,1
2026-09-20T19,21,4,59.5,0,8151,1
2026-09-20T19,21,4,60.0,7472,24570,4
2026-09-20T19,21,4,60.5,26698,0,1
2026-09-20T20,21,0,54.5,20,1078,2
2026-09-20T20,21,0,55.0,0,1150,2
2026-09-20T20,21,0,55.5,350,1074,4
2026-09-20T20,21,0,56.0,2062,1187,5
2026-09-20T20,21,0,56.5,958,0,2
2026-09-20T20,21,1,54.5,0,2909,1
2026-09-20T20,21,1,55.0,3826,5515,3
2026-09-20T20,21,1,56.5,0,2017,2
2026-09-20T20,21,1,57.0,579,0,1
2026-09-20T20,21,2,56.0,0,4139,1
2026-09-20T20,21,2,56.5,0,1303,1
2026-09-20T20,21,2,57.0,18076,5000,2
2026-09-20T20,21,3,56.5,6049,3951,2
2026-09-20T20,21,3,57.0,0,3792,1
2026-09-20T20,21,3,57.5,484,0,1
2026-09-20T20,21,4,60.0,13348,0,1
2026-09-20T20,21,5,61.0,0,15000,1
2026-09-20T20,21,6,61.5,8097,0,2
2026-09-20T20,21,7,64.5,1988,0,1
2026-09-20T21,21,0,56.5,1779,627,5
2026-09-20T21,21,1,56.5,1918,8980,4
2026-09-20T21,21,1,57.0,5492,0,3
2026-09-20T21,21,2,57.0,137,1021,2
2026-09-20T21,21,3,57.5,4513,44139,4
2026-09-20T21,21,3,58.0,0,3532,1
2026-09-20T21,21,3,58.5,0,1256,1
2026-09-20T21,21,3,59.0,13013,1445,3
2026-09-20T21,21,4,60.0,0,3345,1
2026-09-20T21,21,4,60.5,65227,0,2
2026-09-20T22,21,0,55.5,0,295,1
2026-09-20T22,21,0,56.0,0,110,1
2026-09-20T22,21,0,56.5,0,8221,1
2026-09-20T22,21,0,57.0,0,27858,2
2026-09-20T22,21,1,56.5,180,1534,2
2026-09-20T22,21,1,57.0,0,8675,1
2026-09-20T22,21,1,57.5,7415,0,3
2026-09-20T22,21,2,56.5,0,1760,1
2026-09-20T22,21,2,57.0,11834,7358,7
2026-09-20T22,21,2,57.5,3610,12001,3
2026-09-20T22,21,3,58.5,0,4541,1
2026-09-20T22,21,3,59.0,3308,3026,3
2026-09-20T22,21,3,59.5,3974,0,1
2026-09-20T22,21,4,60.0,1857,11077,2
2026-09-20T23,21,0,56.0,0,153,1
2026-09-20T23,21,0,56.5,0,11865,1
2026-09-20T23,21,0,57.0,100,126,2
2026-09-20T23,21,0,57.5,1945,0,2
2026-09-20T23,21,1,57.0,0,200,1
2026-09-20T23,21,1,57.5,0,1116,2
2026-09-20T23,21,2,56.0,1918,0,2
2026-09-20T23,21,2,57.0,0,121,1
2026-09-20T23,21,2,57.5,1609,10288,3
2026-09-20T23,21,2,58.0,6060,0,1
2026-09-20T23,21,3,58.5,180,0,1
2026-09-20T23,21,4,60.0,0,1532,1
2026-09-20T23,21,4,60.5,1688,0,1
2026-09-21T00,21,0,55.0,0,1456,1
2026-09-21T00,21,0,55.5,0,1379,1
2026-09-21T00,21,0,57.5,5160,3283,7
2026-09-21T00,21,1,55.5,0,527,1
2026-09-21T00,21,1,57.5,1575,3568,6
2026-09-21T00,21,2,56.0,1400,11682,2
2026-09-21T00,21,2,56.5,4863,2774,3
2026-09-21T00,21,2,57.0,0,585,1
2026-09-21T00,21,2,57.5,0,8385,1
2026-09-21T00,21,2,58.0,3398,0,1
2026-09-21T00,21,3,58.5,0,1203,1
2026-09-21T00,21,3,59.0,1337,0,1
2026-09-21T00,21,4,60.5,6044,0,1
2026-09-21T01,21,0,57.0,0,796,2
2026-09-21T01,21,0,57.5,439,1718,2
2026-09-21T01,21,0,58.5,1901,1593,4
2026-09-21T01,21,1,57.0,21670,0,1
2026-09-21T01,21,1,58.0,462,44804,4
2026-09-21T01,21,1,58.5,0,121598,1
2026-09-21T01,21,2,58.0,1413,2611,3
2026-09-21T01,21,2,58.5,454,24660,4
2026-09-21T01,21,3,59.0,605,0,1
2026-09-21T01,21,4,60.0,71712,0,2
2026-09-21T02,21,0,56.5,0,4529,1
2026-09-21T02,21,0,57.5,1086,2351,4
2026-09-21T02,21,1,57.0,700,7272,2
2026-09-21T02,21,1,57.5,0,4683,1
2026-09-21T02,21,2,57.0,72,43,2
2026-09-21T02,21,2,57.5,0,500,1
2026-09-21T02,21,2,58.0,16033,0,4
2026-09-21T02,21,3,58.0,0,2574,1
2026-09-21T02,21,3,59.0,2390,0,1
2026-09-21T02,21,7,61.0,2930,0,1
2026-09-21T03,21,0,56.5,0,2529,1
2026-09-21T03,21,0,57.5,2351,1242,2
2026-09-21T03,21,1,56.5,0,1290,1
2026-09-21T03,21,2,57.5,3579,9439,3
2026-09-21T03,21,2,58.0,2335,0,1
2026-09-21T03,21,3,57.0,2386,0,2
2026-09-21T03,21,3,58.0,5509,9719,3
2026-09-21T03,21,3,58.5,0,5228,2
2026-09-21T03,21,3,59.0,0,10259,1
2026-09-21T03,21,3,59.5,12004,0,1
2026-09-21T03,21,4,59.0,0,5000,1
2026-09-21T03,21,7,61.0,10359,0,1
2026-09-21T04,21,0,57.0,0,500,1
2026-09-21T04,21,0,58.0,0,1631,2
2026-09-21T04,21,1,57.5,500,1338,2
2026-09-21T04,21,1,58.0,13293,1355,5
2026-09-21T04,21,1,58.5,8844,0,3
2026-09-21T04,21,2,57.5,0,1566,1
2026-09-21T04,21,2,58.0,3730,10158,2
2026-09-21T04,21,2,58.5,6164,8833,5
2026-09-21T04,21,3,57.0,0,12954,1
2026-09-21T04,21,3,59.0,0,16116,2
2026-09-21T04,21,3,59.5,14760,0,2
2026-09-21T04,21,4,59.0,0,362,1
2026-09-21T04,21,4,59.5,0,23,1
2026-09-21T04,21,4,60.0,29977,0,1
2026-09-21T04,21,5,60.5,5672,0,1
2026-09-21T05,21,0,57.0,0,592,1
2026-09-21T05,21,0,57.5,185,0,1
2026-09-21T05,21,0,58.5,1013,4378,5
2026-09-21T05,21,1,58.0,0,9998,1
2026-09-21T05,21,1,58.5,100,6846,2
2026-09-21T05,21,2,58.5,0,5102,1
2026-09-21T05,21,2,59.0,12796,2219,8
2026-09-21T05,21,3,59.0,356,2197,2
2026-09-21T05,21,6,60.0,500,26568,2
2026-09-21T05,21,7,61.0,30048,0,1
2026-09-21T06,21,0,56.0,0,5098,2
2026-09-21T06,21,0,56.5,3626,287,3
2026-09-21T06,21,0,57.0,0,3416,2
2026-09-21T06,21,0,57.5,0,1787,2
2026-09-21T06,21,0,58.0,3727,0,1
2026-09-21T06,21,2,56.5,465,2267,3
2026-09-21T06,21,2,57.0,17242,0,3
2026-09-21T06,21,2,58.0,698,0,1
2026-09-21T06,21,2,58.5,4930,0,1
2026-09-21T06,21,4,59.5,0,1307,1
2026-09-21T06,21,4,60.0,11915,0,3
2026-09-21T06,21,6,61.0,1605,0,1
2026-09-21T06,21,7,61.0,0,11196,1
2026-09-21T07,21,0,55.0,0,155,1
2026-09-21T07,21,0,56.0,0,419,1
2026-09-21T07,21,0,56.5,0,1,1
2026-09-21T07,21,1,56.5,2341,0,1
2026-09-21T07,21,2,56.0,26289,53711,5
2026-09-21T07,21,2,56.5,46012,1497,2
2026-09-21T07,21,2,57.0,631,1313,5
2026-09-21T07,21,3,58.5,5112,0,1
2026-09-21T08,21,0,56.0,1675,18264,6
2026-09-21T08,21,0,57.0,0,1369,1
2026-09-21T08,21,1,56.5,232,1402,2
2026-09-21T08,21,1,57.5,0,7627,1
2026-09-21T08,21,2,56.0,0,116,1
2026-09-21T08,21,2,56.5,10605,5150,5
2026-09-21T08,21,2,57.0,0,2411,1
2026-09-21T08,21,2,57.5,0,1207,1
2026-09-21T08,21,2,58.0,1758,0,1
2026-09-21T08,21,3,57.0,7357,8360,4
2026-09-21T08,21,3,57.5,4,5946,2
2026-09-21T08,21,3,58.0,0,29309,1
2026-09-21T08,21,4,59.5,7118,0,3
2026-09-21T08,21,5,60.5,1135,0,1
2026-09-21T08,21,6,60.5,18502,0,1
2026-09-21T09,21,0,55.5,0,10,1
2026-09-21T09,21,0,56.0,0,1010,2
2026-09-21T09,21,0,56.5,0,607,1
2026-09-21T09,21,0,57.0,0,475,1
2026-09-21T09,21,0,57.5,15577,227,8
2026-09-21T09,21,1,57.5,50,1738,3
2026-09-21T09,21,2,57.5,0,2412,2
2026-09-21T09,21,2,58.0,2192,0,2
2026-09-21T09,21,3,58.0,353,3365,3
2026-09-21T09,21,3,58.5,1755,0,1
2026-09-21T10,21,0,57.5,0,15923,2
2026-09-21T10,21,0,58.0,0,4473,1
2026-09-21T10,21,1,57.0,16248,5252,8
2026-09-21T10,21,1,57.5,150,18358,4
2026-09-21T10,21,1,58.0,0,433,1
2026-09-21T10,21,1,58.5,81,319,2
2026-09-21T10,21,2,56.5,0,1056,1
2026-09-21T10,21,2,57.5,557,101,2
2026-09-21T10,21,2,58.0,0,8442,3
2026-09-21T10,21,2,58.5,0,3208,1
2026-09-21T10,21,3,58.0,3623,1687,3
2026-09-21T10,21,3,58.5,0,6313,1
2026-09-21T10,21,3,59.0,9111,3935,4
2026-09-21T10,21,4,58.5,0,4000,1
2026-09-21T10,21,4,59.0,1088,9078,3
2026-09-21T10,21,4,59.5,2748,0,1
2026-09-21T10,21,6,60.5,131,0,1
2026-09-21T11,21,0,57.0,6,0,1
2026-09-21T11,21,1,58.0,180,0,1
2026-09-21T11,21,2,57.5,5520,0,1
2026-09-21T11,21,2,59.0,8796,12898,4
2026-09-21T11,21,3,58.5,0,1291,1
2026-09-21T11,21,3,59.0,0,24781,1
2026-09-21T11,21,4,59.5,3000,0,1
2026-09-21T11,21,5,59.5,1527,0,1
2026-09-21T11,21,5,60.0,9930,0,1
2026-09-21T12,21,0,56.5,1986,625,3
2026-09-21T12,21,0,57.0,0,1653,2
2026-09-21T12,21,0,57.5,5446,0,3
2026-09-21T12,21,1,57.0,0,861,1
2026-09-21T12,21,1,57.5,850,104,2
2026-09-21T12,21,1,58.0,0,485,1
2026-09-21T12,21,1,58.5,222,0,1
2026-09-21T12,21,2,57.5,8785,5280,4
2026-09-21T12,21,2,58.0,5107,8564,3
2026-09-21T12,21,2,58.5,0,1177,1
2026-09-21T12,21,2,59.0,8900,0,3
2026-09-21T12,21,3,58.5,262,1430,2
2026-09-21T12,21,3,59.0,4884,4902,3
2026-09-21T12,21,4,59.0,0,6872,2
2026-09-21T12,21,4,59.5,2254,0,1
2026-09-21T12,21,5,59.5,0,23473,1
2026-09-21T12,21,6,60.5,11754,0,1
2026-09-21T13,21,0,55.5,0,700,1
2026-09-21T13,21,0,56.0,0,90,1
2026-09-21T13,21,0,56.5,1218,6739,3
2026-09-21T13,21,0,57.0,1524,0,1
2026-09-21T13,21,0,57.5,209,0,1
2026-09-21T13,21,1,57.5,1800,2117,3
2026-09-21T13,21,1,58.0,2895,0,1
2026-09-21T13,21,1,58.5,14563,291,3
2026-09-21T13,21,2,57.0,0,3305,1
2026-09-21T13,21,2,58.0,1497,0,1
2026-09-21T13,21,2,59.0,5188,6753,4
2026-09-21T13,21,3,59.0,5000,9221,3
2026-09-21T13,21,3,59.5,29655,2233,3
2026-09-21T13,21,4,59.5,35858,79022,4
2026-09-21T14,21,0,56.0,0,5400,1
2026-09-21T14,21,0,56.5,0,6382,2
2026-09-21T14,21,0,57.0,120,3923,3
2026-09-21T14,21,0,57.5,3787,2985,6
2026-09-21T14,21,0,58.0,0,690,2
2026-09-21T14,21,1,57.5,444,2726,2
2026-09-21T14,21,1,58.0,1065,800,3
2026-09-21T14,21,1,58.5,8072,0,1
2026-09-21T14,21,2,57.5,0,1719,1
2026-09-21T14,21,2,58.0,0,4352,2
2026-09-21T14,21,2,58.5,772,85,2
2026-09-21T14,21,3,58.5,544,2019,2
2026-09-21T14,21,3,59.0,1878,20182,3
2026-09-21T14,21,4,59.0,0,216,1
2026-09-21T14,21,4,59.5,1000,4000,2
2026-09-21T14,21,6,60.0,7294,0,1
2026-09-21T15,21,0,57.0,231,710,4
2026-09-21T15,21,0,57.5,6953,84,4
2026-09-21T15,21,0,58.0,1495,0,1
2026-09-21T15,21,1,57.0,0,1651,1
2026-09-21T15,21,1,57.5,0,276,1
2026-09-21T15,21,1,58.0,0,639,2
2026-09-21T15,21,2,57.5,0,6672,2
2026-09-21T15,21,2,58.0,1001,1657,3
2026-09-21T15,21,3,58.5,0,52931,1
2026-09-21T15,21,4,60.0,0,86396,1
2026-09-21T15,21,5,60.0,0,70,1
2026-09-21T15,21,6,60.0,0,10305,1
2026-09-21T15,21,6,60.5,11430,0,2
2026-09-21T16,21,0,57.0,0,5554,5
2026-09-21T16,21,0,57.5,18343,0,8
2026-09-21T16,21,1,58.0,120,1066,2
2026-09-21T16,21,2,58.5,30573,0,1
2026-09-21T16,21,3,57.5,0,224,1
2026-09-21T16,21,3,58.5,10714,17759,2
2026-09-21T16,21,3,59.0,0,3844,2
2026-09-21T16,21,3,59.5,20606,10044,2
2026-09-21T16,21,4,59.0,0,16912,2
2026-09-21T16,21,4,60.5,3672,0,2
2026-09-21T16,21,5,60.5,0,3656,1
2026-09-21T16,21,6,60.5,26,6049,2
2026-09-21T16,21,6,61.0,6405,0,1
2026-09-21T17,21,0,57.5,0,2504,6
2026-09-21T17,21,0,58.0,13653,636,4
2026-09-21T17,21,1,56.5,0,1500,1
2026-09-21T17,21,1,58.0,0,1378,2
2026-09-21T17,21,2,56.5,0,2984,1
2026-09-21T17,21,2,57.0,5844,6348,2
2026-09-21T17,21,2,58.0,0,4000,1
2026-09-21T17,21,2,58.5,26801,1594,6
2026-09-21T17,21,3,59.0,1179,3761,3
2026-09-21T17,21,3,59.5,9470,5539,3
2026-09-21T17,21,4,60.5,14470,0,2
2026-09-21T17,21,6,61.0,21736,0,2
2026-09-21T18,21,0,55.5,8454,3472,6
2026-09-21T18,21,0,56.0,1313,0,1
2026-09-21T18,21,1,56.0,2388,4256,4
2026-09-21T18,21,1,56.5,1332,888,2
2026-09-21T18,21,2,56.5,0,1881,1
2026-09-21T18,21,2,57.0,0,6496,4
2026-09-21T18,21,2,57.5,1506,632,3
2026-09-21T18,21,3,57.0,381,16567,2
2026-09-21T18,21,3,57.5,0,5000,1
2026-09-21T18,21,3,58.0,460,4410,3
2026-09-21T18,21,3,58.5,0,20000,1
2026-09-21T18,21,3,59.5,36229,0,1
2026-09-21T18,21,4,59.0,92,225,2
2026-09-21T18,21,4,60.0,5511,0,1
2026-09-21T18,21,4,60.5,5291,0,1
2026-09-21T18,21,5,60.5,0,589,1
2026-09-21T19,21,0,56.0,0,1960,1
2026-09-21T19,21,0,57.0,826,23,2
2026-09-21T19,21,0,57.5,1,4016,6
2026-09-21T19,21,1,57.5,0,536,1
2026-09-21T19,21,1,58.0,160,820,3
2026-09-21T19,21,1,58.5,3600,0,1
2026-09-21T19,21,2,58.0,710,2807,4
2026-09-21T19,21,2,58.5,6183,1196,3
2026-09-21T19,21,3,58.5,0,2714,1
2026-09-21T19,21,3,59.0,8297,0,2
2026-09-21T19,21,4,60.0,8349,41254,2
2026-09-21T19,21,4,60.5,20741,79211,3
2026-09-21T19,21,6,61.0,16814,0,3
2026-09-21T20,21,0,55.5,1066,12934,3
2026-09-21T20,21,0,56.0,3531,371,3
2026-09-21T20,21,0,56.5,6,6993,3
2026-09-21T20,21,0,57.0,6992,0,5
2026-09-21T20,21,1,57.5,0,2226,2
2026-09-21T20,21,2,57.0,527,2152,3
2026-09-21T20,21,2,57.5,0,814,1
2026-09-21T20,21,3,58.0,19099,0,2
2026-09-21T20,21,3,58.5,9880,0,3
2026-09-21T20,21,4,59.5,0,218,1
2026-09-21T20,21,4,60.0,3884,0,2
2026-09-21T20,21,6,61.0,0,20353,1
2026-09-21T20,21,7,64.0,3976,0,1
2026-09-21T21,21,0,55.5,0,4456,1
2026-09-21T21,21,0,56.5,150,1550,2
2026-09-21T21,21,0,57.0,0,1482,2
2026-09-21T21,21,0,57.5,0,2545,3
2026-09-21T21,21,0,58.0,0,1494,2
2026-09-21T21,21,1,58.0,0,480,1
2026-09-21T21,21,1,58.5,11704,0,1
2026-09-21T21,21,2,57.0,0,4727,1
2026-09-21T21,21,2,58.0,0,875,1
2026-09-21T21,21,2,58.5,0,245,1
2026-09-21T21,21,3,57.5,0,22000,1
2026-09-21T21,21,3,58.0,0,5176,1
2026-09-21T21,21,3,58.5,991,64570,5
2026-09-21T21,21,3,59.0,5377,2848,3
2026-09-21T21,21,4,60.0,0,11948,1
2026-09-21T21,21,4,60.5,13316,0,1
2026-09-21T21,21,5,61.5,0,46132,1
2026-09-21T21,21,6,61.5,0,6907,1
2026-09-21T21,21,6,62.0,766,9234,2
2026-09-21T22,21,0,57.0,0,1,1
2026-09-21T22,21,0,57.5,3134,2116,4
2026-09-21T22,21,1,58.5,702,0,2
2026-09-21T22,21,2,57.0,0,2991,1
2026-09-21T22,21,2,58.0,0,100,1
2026-09-21T22,21,2,59.0,750,5000,2
2026-09-21T22,21,2,59.5,703,0,1
2026-09-21T22,21,3,57.5,7658,250,2
2026-09-21T22,21,3,58.0,450,4826,2
2026-09-21T22,21,3,58.5,11490,2191,5
2026-09-21T22,21,3,59.0,0,6750,2
2026-09-21T22,21,3,59.5,0,4301,1
2026-09-21T23,21,0,55.5,0,852,1
2026-09-21T23,21,0,57.5,0,176,2
2026-09-21T23,21,0,58.0,3094,0,1
2026-09-21T23,21,1,58.5,8280,0,2
2026-09-21T23,21,2,57.5,1500,0,1
2026-09-21T23,21,2,58.0,10,0,1
2026-09-21T23,21,4,60.5,21206,0,3
2026-09-21T23,21,6,62.0,0,49234,1
2026-09-22T00,21,0,57.0,1945,0,2
2026-09-22T00,21,0,57.5,3323,1000,2
2026-09-22T00,21,2,57.0,0,1000,1
2026-09-22T00,21,2,57.5,6247,26576,6
2026-09-22T00,21,2,58.0,5513,0,3
2026-09-22T00,21,3,56.0,0,34599,1
2026-09-22T00,21,3,58.0,2842,751,3
2026-09-22T00,21,3,58.5,4024,0,1
2026-09-22T00,21,4,60.5,0,6844,1
2026-09-22T00,21,4,61.0,0,19354,2
2026-09-22T00,21,4,61.5,0,140392,2
2026-09-22T00,21,7,62.5,22918,0,3
2026-09-22T01,21,0,57.0,0,2324,1
2026-09-22T01,21,0,57.5,0,157,1
2026-09-22T01,21,0,58.0,1864,1228,6
2026-09-22T01,21,1,57.5,0,5058,1
2026-09-22T01,21,1,58.0,0,3681,3
2026-09-22T01,21,1,58.5,3417,0,2
2026-09-22T01,21,2,58.0,0,1824,2
2026-09-22T01,21,2,58.5,0,1040,1
2026-09-22T01,21,3,58.0,0,4000,1
2026-09-22T01,21,3,58.5,7292,12517,5
2026-09-22T01,21,3,59.0,4599,0,2
2026-09-22T01,21,4,62.0,0,1000,1
2026-09-22T01,21,7,62.5,16144,0,2
2026-09-22T02,21,0,57.5,616,0,3
2026-09-22T02,21,0,58.0,77,310,2
2026-09-22T02,21,1,58.5,27008,611,9
2026-09-22T02,21,2,58.5,249,1574,2
2026-09-22T02,21,2,59.0,1459,0,1
2026-09-22T02,21,3,58.5,0,532,1
2026-09-22T02,21,3,59.0,3761,9520,4
2026-09-22T02,21,3,59.5,21521,0,3
2026-09-22T02,21,6,61.0,7236,140631,4
2026-09-22T02,21,6,62.5,30337,0,1
2026-09-22T02,21,7,62.5,0,15359,1
2026-09-22T03,21,0,57.5,0,3351,2
2026-09-22T03,21,0,58.0,18941,1975,4
2026-09-22T03,21,1,58.5,8789,14460,6
2026-09-22T03,21,2,58.5,2707,647,4
2026-09-22T03,21,3,58.5,0,4769,1
2026-09-22T03,21,3,59.0,1224,0,1
2026-09-22T03,21,3,59.5,34834,0,2
2026-09-22T03,21,6,62.5,1796,0,1
2026-09-22T04,21,0,57.0,1555,497,3
2026-09-22T04,21,0,57.5,0,3109,2
2026-09-22T04,21,0,58.0,0,14531,3
2026-09-22T04,21,1,58.5,10841,0,2
2026-09-22T04,21,2,58.5,6362,21231,6
2026-09-22T04,21,2,59.0,0,11696,3
2026-09-22T04,21,3,59.0,4500,4040,4
2026-09-22T04,21,3,59.5,49467,0,2
2026-09-22T04,21,4,59.5,2900,2100,2
2026-09-22T04,21,4,60.0,0,21037,2
2026-09-22T04,21,4,60.5,9282,0,3
2026-09-22T04,21,6,62.0,0,14236,1
2026-09-22T04,21,6,62.5,0,7867,1
2026-09-22T04,21,6,63.5,0,1842,1
2026-09-22T04,21,7,64.0,3580,0,1
2026-09-22T05,21,0,58.0,0,778,2
2026-09-22T05,21,0,58.5,0,1038,2
2026-09-22T05,21,1,58.5,3347,7179,4
2026-09-22T05,21,1,59.0,1362,765,3
2026-09-22T05,21,2,58.5,2350,3330,2
2026-09-22T05,21,2,59.0,0,5316,2
2026-09-22T05,21,3,59.0,5829,111,3
2026-09-22T05,21,3,59.5,16796,0,5
2026-09-22T05,21,4,60.5,8920,0,1
2026-09-22T05,21,5,63.5,2600,0,1
2026-09-22T05,21,7,64.0,12801,0,1
2026-09-22T06,21,0,55.5,1291,383,2
2026-09-22T06,21,0,56.0,0,138,1
2026-09-22T06,21,0,56.5,0,1985,1
2026-09-22T06,21,0,58.0,0,2519,2
2026-09-22T06,21,1,58.0,0,2578,2
2026-09-22T06,21,1,58.5,1741,5975,4
2026-09-22T06,21,2,58.5,4893,2787,3
2026-09-22T06,21,3,59.0,19386,0,4
2026-09-22T06,21,4,60.0,0,277,1
2026-09-22T06,21,4,60.5,0,6798,1
2026-09-22T07,21,0,57.0,13158,290,5
2026-09-22T07,21,0,57.5,2923,0,2
2026-09-22T07,21,1,58.0,772,0,3
2026-09-22T07,21,2,58.0,479,14520,2
2026-09-22T07,21,2,58.5,2128,0,2
2026-09-22T07,21,3,58.5,0,7920,1
2026-09-22T07,21,3,59.0,1058,7405,3
2026-09-22T07,21,4,59.5,0,198,1
2026-09-22T07,21,4,60.0,0,3000,1
2026-09-22T07,21,4,61.0,2942,2058,2
2026-09-22T07,21,4,61.5,15260,0,1
2026-09-22T07,21,6,63.5,3315,0,1
2026-09-22T08,21,0,57.0,3550,368,4
2026-09-22T08,21,0,57.5,3532,0,1
2026-09-22T08,21,1,58.0,1595,0,2
2026-09-22T08,21,2,56.5,0,100,1
2026-09-22T08,21,2,57.0,20047,1067,6
2026-09-22T08,21,2,58.0,0,1555,1
2026-09-22T08,21,3,59.0,6629,6436,3
2026-09-22T08,21,3,59.5,0,36625,2
2026-09-22T08,21,3,60.0,36939,0,1
2026-09-22T08,21,4,61.5,8425,0,2
2026-09-22T09,21,0,55.5,0,458,1
2026-09-22T09,21,0,56.0,893,107,3
2026-09-22T09,21,0,56.5,6021,4379,6
2026-09-22T09,21,0,57.5,3577,0,1
2026-09-22T09,21,1,56.5,0,25500,1
2026-09-22T09,21,1,57.5,911,2978,2
2026-09-22T09,21,2,57.0,0,1957,1
2026-09-22T09,21,2,58.5,0,833,2
2026-09-22T09,21,2,59.0,654,0,1
2026-09-22T09,21,3,58.0,1600,0,1
2026-09-22T09,21,3,58.5,10350,379,2
2026-09-22T09,21,3,59.0,3236,327,2
2026-09-22T10,21,0,56.5,1117,4555,3
2026-09-22T10,21,0,57.0,0,1448,2
2026-09-22T10,21,0,57.5,8166,27289,8
2026-09-22T10,21,1,58.0,13584,2108,6
2026-09-22T10,21,2,58.5,8789,0,1
2026-09-22T10,21,3,58.0,0,3260,1
2026-09-22T10,21,3,58.5,2112,2292,3
2026-09-22T10,21,3,59.0,0,8552,2
2026-09-22T10,21,3,59.5,9811,0,1
2026-09-22T10,21,5,61.0,9380,0,1
2026-09-22T10,21,6,61.5,13162,0,2
2026-09-22T11,21,0,55.5,0,145,1
2026-09-22T11,21,0,57.0,0,793,1
2026-09-22T11,21,0,57.5,0,2087,1
2026-09-22T11,21,1,55.5,0,1397,1
2026-09-22T11,21,1,56.0,485,1469,3
2026-09-22T11,21,1,56.5,124,4621,2
2026-09-22T11,21,1,57.0,6200,0,3
2026-09-22T11,21,1,57.5,3568,0,1
2026-09-22T11,21,1,58.0,13840,0,2
2026-09-22T11,21,2,58.0,0,4551,1
2026-09-22T11,21,2,58.5,3500,0,1
2026-09-22T11,21,3,58.5,0,6091,1
2026-09-22T11,21,3,59.0,0,8256,2
2026-09-22T11,21,3,59.5,13804,0,1
2026-09-22T11,21,4,59.5,0,10000,1
2026-09-22T11,21,5,61.0,6651,1509,2
2026-09-22T11,21,6,61.5,1646,0,1
2026-09-22T12,21,0,57.0,880,218,2
2026-09-22T12,21,0,57.5,15,839,2
2026-09-22T12,21,1,57.0,3291,5425,3
2026-09-22T12,21,1,57.5,0,969,1
2026-09-22T12,21,1,58.0,2507,13776,4
2026-09-22T12,21,2,57.5,0,3992,1
2026-09-22T12,21,2,58.0,3807,1600,3
2026-09-22T12,21,2,58.5,2000,0,1
2026-09-22T12,21,3,59.5,5751,0,3
2026-09-22T12,21,4,60.0,0,12261,2
2026-09-22T12,21,4,60.5,16344,33656,2
2026-09-22T12,21,5,61.0,0,103329,1
2026-09-22T12,21,6,61.0,3000,4728,2
2026-09-22T12,21,6,61.5,1994,0,1
2026-09-22T13,21,0,56.5,0,80,1
2026-09-22T13,21,0,57.0,2868,6040,3
2026-09-22T13,21,0,57.5,0,906,2
2026-09-22T13,21,0,58.0,915,2134,3
2026-09-22T13,21,1,57.5,0,990,1
2026-09-22T13,21,1,58.0,14506,2732,4
2026-09-22T13,21,1,58.5,5632,206,3
2026-09-22T13,21,2,56.0,0,5822,1
2026-09-22T13,21,2,57.0,0,1780,1
2026-09-22T13,21,2,57.5,0,3989,1
2026-09-22T13,21,2,58.0,6644,41,3
2026-09-22T13,21,2,58.5,41071,44043,7
2026-09-22T13,21,3,59.0,650,1042,2
2026-09-22T13,21,3,59.5,10028,0,2
2026-09-22T13,21,4,61.0,4555,0,2
2026-09-22T13,21,6,61.5,3226,0,2
2026-09-22T14,21,0,57.5,0,6137,2
2026-09-22T14,21,1,58.5,0,4040,4
2026-09-22T14,21,2,57.5,10045,0,1
2026-09-22T14,21,2,58.0,2707,2630,2
2026-09-22T14,21,2,58.5,7894,515,2
2026-09-22T14,21,2,59.0,5969,0,2
2026-09-22T14,21,3,59.0,25,0,1
2026-09-22T14,21,6,61.5,26200,2876,2
2026-09-22T15,21,0,57.0,0,162,1
2026-09-22T15,21,1,56.5,708,293,2
2026-09-22T15,21,1,57.0,0,3650,1
2026-09-22T15,21,1,57.5,11844,0,3
2026-09-22T15,21,2,57.0,600,8022,4
2026-09-22T15,21,2,57.5,21230,18989,7
2026-09-22T15,21,3,58.5,130,0,1
2026-09-22T15,21,5,60.5,0,5000,1
2026-09-22T15,21,6,61.0,0,4681,1
2026-09-22T15,21,6,61.5,10706,0,1
2026-09-22T16,21,0,55.5,0,12,1
2026-09-22T16,21,0,56.0,0,10,1
2026-09-22T16,21,0,56.5,0,10,1
2026-09-22T16,21,0,57.0,0,12051,3
2026-09-22T16,21,0,57.5,20744,12477,5
2026-09-22T16,21,0,58.0,0,500,1
2026-09-22T16,21,0,58.5,0,275,1
2026-09-22T16,21,1,57.5,0,1356,1
2026-09-22T16,21,1,58.0,318,5602,2
2026-09-22T16,21,1,58.5,3428,5814,4
2026-09-22T16,21,2,58.0,0,167,1
2026-09-22T16,21,2,58.5,0,14424,4
2026-09-22T16,21,3,58.5,0,9870,1
2026-09-22T16,21,3,59.0,35224,371,7
2026-09-22T16,21,6,61.5,1800,0,1
2026-09-22T17,21,0,57.5,450,0,1
2026-09-22T17,21,0,58.0,60,0,1
2026-09-22T17,21,0,58.5,2851,0,1
2026-09-22T17,21,1,58.5,0,277,1
2026-09-22T17,21,2,58.5,12869,275,2
2026-09-22T17,21,2,59.0,6180,0,1
2026-09-22T17,21,3,59.0,6821,2806,3
2026-09-22T17,21,3,59.5,39668,5938,3
2026-09-22T17,21,3,60.0,5557,0,1
2026-09-22T17,21,4,60.0,0,5000,1
2026-09-22T17,21,4,60.5,3159,0,1
2026-09-22T18,21,0,57.0,0,1329,2
2026-09-22T18,21,0,57.5,574,918,7
2026-09-22T18,21,0,58.0,0,962,1
2026-09-22T18,21,1,57.5,1635,0,2
2026-09-22T18,21,1,58.0,4368,1738,3
2026-09-22T18,21,2,57.5,0,883,1
2026-09-22T18,21,2,58.0,750,4491,3
2026-09-22T18,21,2,58.5,16690,3417,4
2026-09-22T18,21,3,58.5,0,912,1
2026-09-22T18,21,3,59.0,2290,0,1
2026-09-22T19,21,0,55.5,2774,827,5
2026-09-22T19,21,0,56.0,0,1130,2
2026-09-22T19,21,0,56.5,0,687,2
2026-09-22T19,21,0,57.0,25,0,1
2026-09-22T19,21,1,57.0,0,397,1
2026-09-22T19,21,1,57.5,0,1100,1
2026-09-22T19,21,1,58.0,1932,0,1
2026-09-22T19,21,2,57.0,0,735,1
2026-09-22T19,21,2,57.5,99,1765,3
2026-09-22T19,21,2,58.0,0,14486,2
2026-09-22T19,21,2,58.5,9627,0,3
2026-09-22T19,21,3,57.5,0,85,1
2026-09-22T19,21,3,58.0,1856,302,3
2026-09-22T19,21,3,58.5,698,10280,2
2026-09-22T19,21,4,60.0,0,19673,1
2026-09-22T19,21,4,60.5,2169,0,1
2026-09-22T19,21,5,60.5,0,10000,1
2026-09-22T19,21,7,63.5,12585,0,1
2026-09-22T20,21,0,55.5,100,127,2
2026-09-22T20,21,0,56.0,1160,0,2
2026-09-22T20,21,0,56.5,0,68,1
2026-09-22T20,21,0,57.0,348,0,2
2026-09-22T20,21,1,56.5,100,9900,2
2026-09-22T20,21,1,57.5,5163,202,5
2026-09-22T20,21,2,57.5,0,2080,1
2026-09-22T20,21,3,56.5,11030,23815,2
2026-09-22T20,21,3,58.0,18577,0,3
2026-09-22T20,21,4,60.5,0,12920,2
2026-09-22T20,21,4,61.0,35270,20405,4
2026-09-22T20,21,5,61.0,0,11400,1
2026-09-22T20,21,6,60.0,0,65,1
2026-09-22T20,21,6,61.0,0,3,1
2026-09-22T21,21,0,55.5,40,133,2
2026-09-22T21,21,0,56.0,231,2584,3
2026-09-22T21,21,0,57.0,0,4339,2
2026-09-22T21,21,0,57.5,0,6209,2
2026-09-22T21,21,1,57.0,0,4512,2
2026-09-22T21,21,1,57.5,7614,414,3
2026-09-22T21,21,1,58.0,2517,358,4
2026-09-22T21,21,2,57.5,4559,3437,5
2026-09-22T21,21,2,58.0,346,11589,3
2026-09-22T21,21,2,58.5,1992,0,2
2026-09-22T21,21,3,58.0,832,591,2
2026-09-22T21,21,3,58.5,0,4302,1
2026-09-22T21,21,3,59.0,13973,0,1
2026-09-22T21,21,6,61.5,6120,0,1
2026-09-22T22,21,0,57.5,280,76,2
2026-09-22T22,21,1,58.0,8426,1837,4
2026-09-22T22,21,2,58.0,5551,8394,6
2026-09-22T22,21,2,58.5,21071,4967,4
2026-09-22T22,21,3,59.0,15510,3362,4
2026-09-22T23,21,0,55.5,0,360,1
2026-09-22T23,21,0,56.0,0,734,1
2026-09-22T23,21,0,56.5,0,2420,1
2026-09-22T23,21,0,57.0,0,210,1
2026-09-22T23,21,0,57.5,2836,296,4
2026-09-22T23,21,2,57.0,410,0,2
2026-09-22T23,21,2,57.5,0,820,1
2026-09-22T23,21,2,58.0,0,268,1
2026-09-22T23,21,3,58.0,12367,0,4
2026-09-22T23,21,3,58.5,4108,0,2
2026-09-22T23,21,4,60.0,0,5600,1
2026-09-22T23,21,4,61.0,6400,0,1
2026-09-23T00,21,0,56.0,0,1442,1
2026-09-23T00,21,0,56.5,200,4861,2
2026-09-23T00,21,0,57.0,450,0,1
2026-09-23T00,21,1,56.5,4925,0,3
2026-09-23T00,21,2,56.5,0,12407,2
2026-09-23T00,21,2,57.0,6492,24842,3
2026-09-23T00,21,2,57.5,4831,5240,2
2026-09-23T00,21,3,58.0,16180,3325,3
2026-09-23T00,21,4,61.0,2000,1370,2
2026-09-23T01,21,0,56.0,2172,555,4
2026-09-23T01,21,0,56.5,0,263,1
2026-09-23T01,21,0,57.0,565,0,1
2026-09-23T01,21,1,56.5,1200,5415,2
2026-09-23T01,21,1,57.0,2319,0,3
2026-09-23T01,21,2,57.0,0,4152,1
2026-09-23T01,21,2,57.5,5741,8833,5
2026-09-23T01,21,3,58.0,13408,0,3
2026-09-23T01,21,6,60.5,25489,0,3
2026-09-23T01,21,7,63.5,3051,0,1
2026-09-23T02,21,0,56.0,0,336,1
2026-09-23T02,21,0,57.0,1098,1244,3
2026-09-23T02,21,0,57.5,1850,0,1
2026-09-23T02,21,1,56.5,0,1379,1
2026-09-23T02,21,1,57.0,1886,5213,3
2026-09-23T02,21,1,57.5,1400,8,2
2026-09-23T02,21,2,56.5,0,329,1
2026-09-23T02,21,2,57.5,0,5453,2
2026-09-23T02,21,2,58.0,0,868,1
2026-09-23T02,21,3,56.5,0,2302,1
2026-09-23T02,21,3,57.0,500,4033,2
2026-09-23T02,21,3,57.5,4012,738,3
2026-09-23T02,21,3,58.0,41567,28845,3
2026-09-23T02,21,3,58.5,2890,0,2
2026-09-23T02,21,4,60.0,0,7000,1
2026-09-23T02,21,6,60.5,28256,10780,2
2026-09-23T02,21,6,61.5,24,0,1
2026-09-23T03,21,0,57.0,5967,0,1
2026-09-23T03,21,1,57.0,30229,0,5
2026-09-23T03,21,2,57.0,220,1359,3
2026-09-23T03,21,2,57.5,4888,0,3
2026-09-23T03,21,3,58.5,0,93,1
2026-09-23T03,21,3,59.0,5526,0,1
2026-09-23T03,21,4,60.5,1181,0,1
2026-09-23T03,21,6,61.0,0,15462,1
2026-09-23T03,21,7,61.5,0,76424,1
2026-09-23T04,21,0,56.0,0,913,1
2026-09-23T04,21,0,56.5,995,0,3
2026-09-23T04,21,1,56.0,0,68,1
2026-09-23T04,21,1,56.5,10499,6687,4
2026-09-23T04,21,1,57.0,10728,5719,6
2026-09-23T04,21,2,57.0,510,6595,3
2026-09-23T04,21,2,57.5,0,14384,1
2026-09-23T04,21,2,58.0,0,6682,3
2026-09-23T04,21,3,58.5,0,395,1
2026-09-23T04,21,3,59.0,7947,0,1
2026-09-23T04,21,4,60.5,6400,0,2
2026-09-23T04,21,5,61.0,0,1000,1
2026-09-23T04,21,5,61.5,0,12531,1
2026-09-23T04,21,6,61.5,0,12787,1
2026-09-23T04,21,6,62.0,16237,24952,2
2026-09-23T04,21,6,62.5,9572,0,1
2026-09-23T05,21,0,56.5,484,771,3
2026-09-23T05,21,0,57.0,50,3253,4
2026-09-23T05,21,0,57.5,0,1020,2
2026-09-23T05,21,0,58.0,2042,156,4
2026-09-23T05,21,1,57.0,0,39215,1
2026-09-23T05,21,1,57.5,2754,0,1
2026-09-23T05,21,1,58.0,0,2948,2
2026-09-23T05,21,2,57.0,409,356,2
2026-09-23T05,21,2,57.5,0,11341,2
2026-09-23T05,21,2,58.0,8389,12890,3
2026-09-23T05,21,2,58.5,85,0,1
2026-09-23T05,21,3,58.5,0,10000,1
2026-09-23T05,21,3,59.0,0,29280,2
2026-09-23T05,21,4,60.5,14706,0,3
2026-09-23T05,21,6,62.5,0,40428,1
2026-09-23T05,21,6,63.0,16933,0,1
2026-09-23T06,21,0,55.5,1490,0,3
2026-09-23T06,21,0,56.5,2965,0,3
2026-09-23T06,21,1,57.0,0,1533,1
2026-09-23T06,21,1,57.5,0,7322,1
2026-09-23T06,21,1,58.0,2176,8073,2
2026-09-23T06,21,2,58.0,0,7244,2
2026-09-23T06,21,2,58.5,9230,0,5
2026-09-23T06,21,3,58.5,19385,27296,4
2026-09-23T06,21,3,59.0,16744,3477,4
2026-09-23T06,21,5,62.5,0,12000,1
2026-09-23T06,21,6,62.0,12801,0,1
2026-09-23T06,21,6,63.0,14200,0,1
2026-09-23T07,21,0,55.5,8717,23464,6
2026-09-23T07,21,0,56.0,0,2123,1
2026-09-23T07,21,0,56.5,300,0,1
2026-09-23T07,21,1,57.0,0,632,1
2026-09-23T07,21,1,57.5,0,752,1
2026-09-23T07,21,2,57.5,0,3998,1
2026-09-23T07,21,2,58.0,0,2338,1
2026-09-23T07,21,2,58.5,9897,0,3
2026-09-23T07,21,3,59.0,1340,17538,7
2026-09-23T07,21,3,59.5,4849,1948,2
2026-09-23T07,21,4,59.5,3723,1512,2
2026-09-23T07,21,4,60.5,6648,0,1
2026-09-23T07,21,5,63.0,5903,0,1
2026-09-23T07,21,6,62.0,7160,10953,2
2026-09-23T07,21,6,63.0,0,18867,1
2026-09-23T07,21,7,63.5,0,9364,1
2026-09-23T07,21,7,64.0,2416,0,1
2026-09-23T11,21,0,55.5,0,3316,1
2026-09-23T11,21,0,56.0,0,60,1
2026-09-23T11,21,0,56.5,0,5901,2
2026-09-23T11,21,0,57.0,0,4878,3
2026-09-23T11,21,0,57.5,1614,6759,6
2026-09-23T11,21,1,58.0,910,6205,2
2026-09-23T11,21,2,58.0,0,2500,1
2026-09-23T11,21,2,58.5,4943,3837,4
2026-09-23T11,21,3,58.0,0,2771,1
2026-09-23T11,21,3,58.5,3851,0,1
2026-09-23T11,21,4,60.0,0,63300,2
2026-09-23T11,21,4,60.5,36028,54582,3
2026-09-23T11,21,6,61.0,0,4876,1
2026-09-23T11,21,7,64.0,3976,0,1
2026-09-23T12,21,0,55.5,0,1117,1
2026-09-23T12,21,0,56.0,0,228,1
2026-09-23T12,21,0,56.5,0,1210,2
2026-09-23T12,21,0,57.0,2292,5404,4
2026-09-23T12,21,1,57.5,14319,5259,2
2026-09-23T12,21,2,57.5,12,5227,4
2026-09-23T12,21,2,58.0,15117,0,5
2026-09-23T12,21,3,58.0,0,5091,1
2026-09-23T12,21,3,58.5,5711,62,2
2026-09-23T12,21,3,59.0,58,0,1
2026-09-23T12,21,4,60.0,1661,0,1
2026-09-23T12,21,4,60.5,17000,0,1
2026-09-23T13,21,0,56.5,0,884,2
2026-09-23T13,21,0,57.0,0,8772,3
2026-09-23T13,21,0,57.5,948,79,4
2026-09-23T13,21,1,57.5,0,1759,1
2026-09-23T13,21,2,56.5,0,3000,1
2026-09-23T13,21,2,57.0,42,247,2
2026-09-23T13,21,2,57.5,0,4896,1
2026-09-23T13,21,2,58.0,9932,0,4
2026-09-23T13,21,3,57.5,5805,0,3
2026-09-23T13,21,4,60.0,4261,0,3
2026-09-23T14,21,0,56.5,0,1422,2
2026-09-23T14,21,0,57.0,0,1599,4
2026-09-23T14,21,0,57.5,86,5792,5
2026-09-23T14,21,0,58.0,1888,0,1
2026-09-23T14,21,1,57.0,1232,149,2
2026-09-23T14,21,1,58.0,3174,19801,5
2026-09-23T14,21,2,57.0,0,5864,2
2026-09-23T14,21,2,57.5,300,477,2
2026-09-23T14,21,2,58.0,5247,58869,2
2026-09-23T14,21,2,58.5,60,62650,5
2026-09-23T14,21,3,57.5,7024,2070,5
2026-09-23T14,21,3,58.0,0,6135,1
2026-09-23T14,21,3,58.5,2506,26586,3
2026-09-23T14,21,3,59.0,0,12301,2
2026-09-23T14,21,4,59.5,3577,0,2
2026-09-23T14,21,4,60.0,124,0,1
2026-09-23T14,21,6,62.0,300,0,1
2026-09-23T15,21,0,56.0,93,767,2
2026-09-23T15,21,0,56.5,0,449,1
2026-09-23T15,21,1,57.5,2006,2954,5
2026-09-23T15,21,1,58.0,4902,0,2
2026-09-23T15,21,2,58.0,0,664,1
2026-09-23T15,21,3,56.5,0,1692,1
2026-09-23T15,21,3,57.0,9818,26214,3
2026-09-23T15,21,4,59.5,2282,0,1
2026-09-23T15,21,6,61.5,0,11177,1
2026-09-23T15,21,6,62.0,2790,0,1
2026-09-23T15,21,7,62.0,0,20000,1
2026-09-23T16,21,0,57.0,710,1054,3
2026-09-23T16,21,0,57.5,0,2294,3
2026-09-23T16,21,0,58.0,509,0,1
2026-09-23T16,21,1,57.5,4359,3220,2
2026-09-23T16,21,1,58.0,2585,13534,4
2026-09-23T16,21,2,57.5,0,2000,1
2026-09-23T16,21,2,58.0,0,5385,2
2026-09-23T16,21,2,58.5,809,8917,5
2026-09-23T16,21,3,58.0,0,11867,2
2026-09-23T16,21,3,58.5,6532,7788,4
2026-09-23T16,21,3,59.0,4095,0,1
2026-09-23T16,21,4,59.5,0,2938,1
2026-09-23T16,21,4,60.0,6641,20595,2
2026-09-23T16,21,6,62.0,0,10763,1
2026-09-23T16,21,7,62.5,459,0,1
2026-09-23T17,21,0,57.0,8657,674,7
2026-09-23T17,21,0,57.5,1488,1119,4
2026-09-23T17,21,0,58.0,1037,0,2
2026-09-23T17,21,2,57.5,3296,8039,2
2026-09-23T17,21,2,58.0,0,121,1
2026-09-23T17,21,2,58.5,2556,0,2
2026-09-23T17,21,3,59.0,2682,0,2
2026-09-23T17,21,5,63.0,2322,0,1
2026-09-23T17,21,7,62.5,0,541,1
2026-09-23T17,21,7,63.0,24367,163,3
2026-09-23T18,21,0,57.0,2658,5361,2
2026-09-23T18,21,0,57.5,0,3940,1
2026-09-23T18,21,0,58.0,13526,9482,10
2026-09-23T18,21,1,58.0,5120,9220,3
2026-09-23T18,21,1,58.5,13070,0,4
2026-09-23T18,21,2,57.5,0,499,1
2026-09-23T18,21,2,58.0,0,2000,1
2026-09-23T18,21,2,58.5,4671,3650,5
2026-09-23T18,21,3,58.5,1101,0,1
2026-09-23T18,21,3,59.0,3542,182,2
2026-09-23T18,21,4,60.0,0,2282,1
2026-09-23T18,21,4,60.5,869,0,1
2026-09-23T19,21,0,57.0,10,92,3
2026-09-23T19,21,0,57.5,3026,1557,2
2026-09-23T19,21,0,58.0,20,859,3
2026-09-23T19,21,1,57.0,0,3534,2
2026-09-23T19,21,1,57.5,289,661,2
2026-09-23T19,21,1,58.5,795,0,2
2026-09-23T19,21,2,57.5,5027,2132,3
2026-09-23T19,21,2,58.0,5874,8204,5
2026-09-23T19,21,2,58.5,722,1973,2
2026-09-23T19,21,3,58.5,0,6739,1
2026-09-23T19,21,3,59.0,3042,5826,3
2026-09-23T19,21,3,59.5,44434,0,5
2026-09-23T19,21,4,60.0,0,50000,1
2026-09-23T19,21,4,60.5,0,80388,2
2026-09-23T19,21,4,61.0,38575,24245,6
2026-09-23T19,21,4,61.5,10551,0,1
2026-09-23T19,21,5,63.0,4587,0,1
2026-09-23T19,21,7,64.0,0,23251,1
2026-09-23T20,21,1,58.5,287,0,2
2026-09-23T20,21,2,59.0,10344,156,2
2026-09-23T20,21,3,59.5,7042,19620,5
2026-09-23T20,21,5,63.0,0,69466,2
2026-09-23T20,21,5,63.5,0,4460,1
2026-09-23T20,21,5,64.0,12550,0,1
2026-09-23T21,21,0,56.0,0,7604,2
2026-09-23T21,21,0,56.5,7291,0,2
2026-09-23T21,21,0,57.0,0,288,1
2026-09-23T21,21,0,57.5,275,0,1
2026-09-23T21,21,1,58.5,1493,0,2
2026-09-23T21,21,2,58.0,0,17693,1
2026-09-23T21,21,2,58.5,1856,2742,3
2026-09-23T21,21,2,59.0,23572,0,4
2026-09-23T21,21,3,59.5,2845,2888,2
2026-09-23T21,21,3,60.0,15174,0,1
2026-09-23T21,21,4,61.5,21709,0,1
2026-09-23T21,21,7,65.0,12801,0,1
2026-09-23T22,21,0,56.0,0,1000,1
2026-09-23T22,21,0,56.5,235,893,2
2026-09-23T22,21,0,57.0,0,7118,1
2026-09-23T22,21,0,57.5,518,5431,4
2026-09-23T22,21,0,58.0,0,6322,2
2026-09-23T22,21,0,58.5,0,24794,3
2026-09-23T22,21,1,58.0,0,4000,1
2026-09-23T22,21,1,58.5,0,20156,2
2026-09-23T22,21,2,58.0,0,10403,1
2026-09-23T22,21,2,58.5,0,524,1
2026-09-23T22,21,2,59.0,16593,21730,9
2026-09-23T22,21,3,59.5,0,114,1
2026-09-23T22,21,3,60.0,286,0,1
2026-09-23T22,21,4,61.0,0,3880,1
2026-09-23T22,21,4,61.5,12169,0,1
2026-09-23T23,21,0,55.5,135,1180,3
2026-09-23T23,21,0,56.0,0,6363,1
2026-09-23T23,21,0,56.5,0,200,1
2026-09-23T23,21,0,57.0,0,747,1
2026-09-23T23,21,0,57.5,293,1402,3
2026-09-23T23,21,0,58.0,922,0,1
2026-09-23T23,21,1,58.0,422,878,2
2026-09-23T23,21,1,58.5,10587,1734,4
2026-09-23T23,21,2,58.0,0,1578,1
2026-09-23T23,21,2,58.5,0,3110,3
2026-09-23T23,21,2,59.0,4953,0,2
2026-09-23T23,21,4,61.5,3000,0,1
