heure,kind,quality,prix,vendu,disparu,n_evt
2026-09-04T12,79,0,885.0,499,,1
2026-09-04T12,79,0,910.0,1632,,1
2026-09-04T14,79,1,890.0,880,,2
2026-09-04T14,79,3,895.0,2464,,2
2026-09-04T14,79,3,900.0,116,,1
2026-09-04T14,79,5,910.0,7877,,3
2026-09-04T14,79,6,930.0,601,,1
2026-09-04T15,79,1,885.0,18,,1
2026-09-04T15,79,2,890.0,850,,2
2026-09-04T15,79,2,895.0,108,,1
2026-09-04T15,79,3,900.0,1453,,3
2026-09-04T15,79,5,910.0,350,,1
2026-09-04T15,79,5,920.0,1759,,1
2026-09-04T15,79,6,930.0,2240,,1
2026-09-04T16,79,0,890.0,74,,1
2026-09-04T16,79,1,890.0,278,,2
2026-09-04T16,79,2,895.0,1656,,2
2026-09-04T16,79,4,905.0,160,,1
2026-09-04T17,79,0,875.0,4,,1
2026-09-04T17,79,0,890.0,1,,1
2026-09-04T17,79,1,895.0,1077,,1
2026-09-04T17,79,2,895.0,24,,1
2026-09-04T17,79,3,895.0,176,,1
2026-09-04T17,79,3,900.0,2752,,2
2026-09-04T17,79,4,905.0,466,,2
2026-09-04T17,79,6,925.0,66,,1
2026-09-04T18,79,1,880.0,60,,1
2026-09-04T18,79,2,890.0,323,,1
2026-09-04T18,79,3,890.0,4561,,2
2026-09-04T18,79,3,895.0,140,,1
2026-09-04T18,79,5,910.0,405,,1
2026-09-04T21,79,0,870.0,209,,3
2026-09-04T21,79,0,875.0,119,,1
2026-09-04T21,79,0,880.0,22,,1
2026-09-04T21,79,1,875.0,500,,2
2026-09-04T21,79,1,880.0,159,,1
2026-09-04T21,79,2,875.0,10,,1
2026-09-04T21,79,2,880.0,544,,1
2026-09-04T21,79,2,885.0,1090,,2
2026-09-04T21,79,2,890.0,14,,1
2026-09-04T21,79,3,880.0,3765,,3
2026-09-04T21,79,3,885.0,226,,1
2026-09-04T21,79,3,890.0,6627,,4
2026-09-04T21,79,3,895.0,1418,,1
2026-09-04T21,79,3,900.0,759,,1
2026-09-04T21,79,4,905.0,6,,1
2026-09-04T21,79,4,910.0,290,,1
2026-09-04T21,79,5,920.0,30,,1
2026-09-04T21,79,6,925.0,526,,1
2026-09-04T21,79,8,955.0,5000,,1
2026-09-04T23,79,1,890.0,0,768,2
2026-09-04T23,79,1,895.0,1124,0,2
2026-09-04T23,79,3,900.0,0,254,2
2026-09-04T23,79,4,900.0,0,768,1
2026-09-04T23,79,4,905.0,0,2752,1
2026-09-04T23,79,4,910.0,0,4225,2
2026-09-04T23,79,4,915.0,0,1000,1
2026-09-05T00,79,0,890.0,31,0,2
2026-09-05T00,79,1,895.0,28,147,2
2026-09-05T00,79,1,900.0,0,228,1
2026-09-05T00,79,2,905.0,0,1000,1
2026-09-05T00,79,3,905.0,0,400,1
2026-09-05T00,79,3,910.0,158,0,2
2026-09-05T01,79,0,890.0,0,18,1
2026-09-05T01,79,0,895.0,0,24,1
2026-09-05T01,79,1,900.0,12,0,1
2026-09-05T01,79,2,900.0,0,500,1
2026-09-05T01,79,2,905.0,0,100,1
2026-09-05T01,79,3,910.0,1357,0,1
2026-09-05T01,79,4,915.0,0,80,1
2026-09-05T01,79,5,920.0,2659,0,2
2026-09-05T02,79,0,900.0,0,5,1
2026-09-05T02,79,0,905.0,16,0,1
2026-09-05T02,79,1,900.0,0,37,1
2026-09-05T02,79,1,905.0,0,162,1
2026-09-05T02,79,2,905.0,363,85,2
2026-09-05T02,79,3,910.0,1683,530,5
2026-09-05T02,79,5,920.0,224,0,1
2026-09-05T03,79,1,885.0,67,0,2
2026-09-05T03,79,2,890.0,186,0,3
2026-09-05T03,79,5,910.0,624,0,1
2026-09-05T03,79,5,920.0,4,0,1
2026-09-05T03,79,6,910.0,0,1100,1
2026-09-05T04,79,1,885.0,0,182,1
2026-09-05T04,79,1,900.0,0,122,1
2026-09-05T04,79,2,890.0,0,445,1
2026-09-05T04,79,2,905.0,0,492,1
2026-09-05T04,79,3,885.0,143,0,1
2026-09-05T04,79,3,905.0,0,464,1
2026-09-05T04,79,3,910.0,544,0,1
2026-09-05T04,79,4,905.0,0,244,1
2026-09-05T04,79,5,910.0,0,884,1
2026-09-05T04,79,6,915.0,804,0,1
2026-09-05T05,79,0,860.0,144,0,1
2026-09-05T05,79,1,875.0,0,39,1
2026-09-05T05,79,1,895.0,0,67,1
2026-09-05T05,79,3,885.0,0,357,1
2026-09-05T05,79,3,890.0,0,83,1
2026-09-05T05,79,3,900.0,3968,0,2
2026-09-05T05,79,4,895.0,383,1247,3
2026-09-05T05,79,4,900.0,0,650,1
2026-09-05T05,79,4,905.0,5851,485,2
2026-09-05T05,79,5,910.0,2715,0,1
2026-09-05T06,79,0,860.0,40,0,2
2026-09-05T06,79,2,905.0,0,268,1
2026-09-05T06,79,3,900.0,0,1648,1
2026-09-05T06,79,3,905.0,0,793,1
2026-09-05T06,79,5,905.0,0,42,1
2026-09-05T06,79,5,910.0,1143,0,4
2026-09-05T06,79,7,955.0,0,1888,1
2026-09-05T06,79,10,1030.0,0,1000,1
2026-09-05T07,79,0,855.0,34,94,3
2026-09-05T07,79,0,860.0,0,121,2
2026-09-05T07,79,0,865.0,0,80,1
2026-09-05T07,79,0,870.0,0,48,1
2026-09-05T07,79,0,875.0,0,1,1
2026-09-05T07,79,0,880.0,0,3,1
2026-09-05T07,79,0,895.0,0,176,1
2026-09-05T07,79,1,900.0,0,232,2
2026-09-05T07,79,2,900.0,0,72,1
2026-09-05T07,79,4,905.0,7230,0,3
2026-09-05T07,79,5,910.0,104,0,1
2026-09-05T08,79,1,885.0,0,21,1
2026-09-05T08,79,2,890.0,0,368,1
2026-09-05T08,79,4,895.0,86,395,4
2026-09-05T08,79,4,900.0,196,0,1
2026-09-05T08,79,5,910.0,480,0,1
2026-09-05T08,79,10,1030.0,884,0,1
2026-09-05T09,79,4,890.0,982,0,4
2026-09-05T10,79,1,880.0,0,75,1
2026-09-05T10,79,1,895.0,0,70,1
2026-09-05T10,79,1,900.0,0,5,1
2026-09-05T10,79,2,885.0,0,8,1
2026-09-05T10,79,4,890.0,0,175,1
2026-09-05T10,79,4,895.0,0,394,1
2026-09-05T10,79,4,900.0,0,276,1
2026-09-05T10,79,4,905.0,620,0,1
2026-09-05T10,79,5,910.0,28,0,1
2026-09-05T11,79,1,885.0,0,18,1
2026-09-05T11,79,2,885.0,0,125,2
2026-09-05T11,79,2,890.0,425,0,2
2026-09-05T11,79,3,890.0,1010,0,2
2026-09-05T11,79,4,895.0,0,178,2
2026-09-05T11,79,5,905.0,0,924,1
2026-09-05T11,79,6,910.0,596,0,1
2026-09-05T12,79,0,860.0,0,45,1
2026-09-05T12,79,0,865.0,1,0,1
2026-09-05T12,79,1,865.0,0,5,1
2026-09-05T12,79,1,870.0,0,9,1
2026-09-05T12,79,1,875.0,0,33,1
2026-09-05T12,79,1,895.0,480,0,1
2026-09-05T12,79,2,875.0,0,256,1
2026-09-05T12,79,2,880.0,246,378,2
2026-09-05T12,79,2,885.0,0,31,1
2026-09-05T12,79,2,890.0,0,23,1
2026-09-05T12,79,2,895.0,0,46,1
2026-09-05T12,79,2,900.0,12,0,1
2026-09-05T12,79,3,885.0,96,3395,3
2026-09-05T12,79,3,890.0,0,1490,2
2026-09-05T12,79,4,900.0,0,813,2
2026-09-05T12,79,6,905.0,0,5861,1
2026-09-05T13,79,0,855.0,57,43,2
2026-09-05T13,79,0,865.0,0,53,1
2026-09-05T13,79,0,870.0,0,97,1
2026-09-05T13,79,0,880.0,0,168,1
2026-09-05T13,79,0,885.0,46,0,1
2026-09-05T13,79,1,890.0,0,9,1
2026-09-05T13,79,1,895.0,0,104,2
2026-09-05T13,79,1,900.0,0,38,1
2026-09-05T13,79,2,900.0,0,236,1
2026-09-05T13,79,4,900.0,0,38,1
2026-09-05T13,79,4,905.0,1172,3254,4
2026-09-05T13,79,5,910.0,1885,0,2
2026-09-05T13,79,6,910.0,0,504,1
2026-09-05T14,79,0,885.0,0,32,1
2026-09-05T14,79,0,890.0,0,31,1
2026-09-05T14,79,0,895.0,0,45,2
2026-09-05T14,79,0,900.0,154,78,3
2026-09-05T14,79,0,905.0,716,0,1
2026-09-05T14,79,1,895.0,0,13,1
2026-09-05T14,79,1,900.0,0,47,2
2026-09-05T14,79,1,905.0,38,28,2
2026-09-05T14,79,2,905.0,0,1177,2
2026-09-05T14,79,2,910.0,478,910,2
2026-09-05T14,79,3,900.0,0,1036,1
2026-09-05T14,79,3,910.0,0,2233,2
2026-09-05T14,79,3,915.0,88,712,2
2026-09-05T14,79,4,905.0,0,1176,1
2026-09-05T14,79,4,910.0,0,71,1
2026-09-05T14,79,4,915.0,0,3000,1
2026-09-05T14,79,5,910.0,0,4573,2
2026-09-05T14,79,6,915.0,0,196,1
2026-09-05T14,79,6,920.0,0,6577,1
2026-09-05T14,79,6,925.0,0,2796,2
2026-09-05T14,79,6,930.0,2359,0,1
2026-09-05T15,79,0,895.0,0,38,1
2026-09-05T15,79,0,900.0,0,36,1
2026-09-05T15,79,1,895.0,0,480,1
2026-09-05T15,79,1,900.0,0,8,1
2026-09-05T15,79,2,895.0,0,672,1
2026-09-05T15,79,2,900.0,596,322,2
2026-09-05T15,79,2,905.0,721,0,2
2026-09-05T15,79,3,910.0,0,87,1
2026-09-05T15,79,3,915.0,579,0,2
2026-09-05T15,79,4,910.0,0,100,1
2026-09-05T15,79,4,915.0,0,638,2
2026-09-05T15,79,4,920.0,0,25,1
2026-09-05T15,79,5,920.0,204,41,2
2026-09-05T15,79,5,925.0,397,0,2
2026-09-05T16,79,0,890.0,0,18,1
2026-09-05T16,79,1,895.0,96,0,1
2026-09-05T16,79,2,905.0,150,0,1
2026-09-05T17,79,0,875.0,0,4,1
2026-09-05T17,79,0,905.0,1174,0,1
2026-09-05T17,79,1,875.0,0,10,1
2026-09-05T17,79,1,880.0,0,30,1
2026-09-05T17,79,1,885.0,0,20,1
2026-09-05T17,79,1,890.0,0,38,1
2026-09-05T17,79,1,895.0,0,1332,1
2026-09-05T17,79,1,900.0,0,134,1
2026-09-05T17,79,1,905.0,0,500,1
2026-09-05T17,79,1,910.0,990,0,1
2026-09-05T17,79,2,900.0,0,40,1
2026-09-05T17,79,2,905.0,0,822,1
2026-09-05T17,79,3,910.0,0,15,1
2026-09-05T17,79,4,905.0,0,1500,1
2026-09-05T17,79,4,910.0,0,53,1
2026-09-05T17,79,4,915.0,437,0,1
2026-09-05T18,79,0,885.0,5,0,1
2026-09-05T18,79,0,890.0,16,0,1
2026-09-05T18,79,1,895.0,425,0,1
2026-09-05T18,79,2,900.0,0,160,1
2026-09-05T18,79,2,905.0,0,688,1
2026-09-05T18,79,3,910.0,186,0,2
2026-09-05T18,79,4,905.0,0,2595,1
2026-09-05T18,79,4,910.0,0,23,2
2026-09-05T18,79,4,915.0,1073,89,3
2026-09-05T18,79,5,915.0,0,1110,1
2026-09-05T18,79,5,925.0,0,158,1
2026-09-05T18,79,6,930.0,0,422,1
2026-09-05T18,79,6,935.0,644,0,1
2026-09-05T18,79,10,1010.0,0,1000,1
2026-09-05T18,79,10,1020.0,0,1000,1
2026-09-05T19,79,0,875.0,0,5,1
2026-09-05T19,79,0,880.0,0,24,1
2026-09-05T19,79,0,885.0,0,468,2
2026-09-05T19,79,0,890.0,0,8,1
2026-09-05T19,79,1,890.0,0,6,1
2026-09-05T19,79,1,895.0,1002,0,3
2026-09-05T19,79,3,885.0,563,0,1
2026-09-05T19,79,4,890.0,0,13236,1
2026-09-05T19,79,4,900.0,2232,0,3
2026-09-05T20,79,0,880.0,451,262,3
2026-09-05T20,79,1,870.0,0,16,1
2026-09-05T20,79,1,885.0,8,0,1
2026-09-05T20,79,1,890.0,109,0,2
2026-09-05T20,79,2,895.0,40,0,1
2026-09-05T20,79,3,885.0,0,326,1
2026-09-05T20,79,3,895.0,0,21,1
2026-09-05T20,79,4,895.0,0,58,1
2026-09-05T20,79,4,900.0,1758,0,2
2026-09-05T20,79,5,920.0,0,848,1
2026-09-05T20,79,5,925.0,62,0,1
2026-09-05T20,79,10,1030.0,0,116,1
2026-09-05T20,79,10,1040.0,132,0,1
2026-09-05T21,79,0,875.0,0,6,1
2026-09-05T21,79,0,880.0,0,7,1
2026-09-05T21,79,1,885.0,0,8,1
2026-09-05T21,79,1,890.0,0,209,1
2026-09-05T21,79,2,895.0,109,134,2
2026-09-05T21,79,3,895.0,90,5,2
2026-09-05T21,79,3,910.0,1264,0,1
2026-09-05T21,79,4,900.0,0,1010,1
2026-09-05T21,79,4,910.0,0,1388,2
2026-09-05T21,79,4,915.0,154,0,1
2026-09-05T21,79,8,955.0,1500,0,1
2026-09-05T23,79,0,890.0,0,56,1
2026-09-05T23,79,0,895.0,0,12,1
2026-09-05T23,79,1,895.0,0,397,1
2026-09-05T23,79,2,895.0,0,115,1
2026-09-05T23,79,2,905.0,68,0,1
2026-09-05T23,79,4,905.0,610,0,1
2026-09-05T23,79,6,910.0,1321,0,1
2026-09-05T23,79,7,940.0,0,350,1
2026-09-05T23,79,7,945.0,0,2802,1
2026-09-06T00,79,1,895.0,0,582,1
2026-09-06T00,79,2,890.0,106,163,3
2026-09-06T00,79,3,890.0,0,350,1
2026-09-06T00,79,3,895.0,0,83,1
2026-09-06T00,79,3,900.0,0,117,1
2026-09-06T00,79,4,905.0,801,1421,2
2026-09-06T00,79,5,905.0,0,985,1
2026-09-06T01,79,0,880.0,20,56,2
2026-09-06T01,79,0,885.0,0,8,1
2026-09-06T01,79,0,895.0,12,14,2
2026-09-06T01,79,0,900.0,146,0,1
2026-09-06T01,79,1,895.0,0,151,2
2026-09-06T01,79,1,900.0,0,194,2
2026-09-06T01,79,2,905.0,1036,0,4
2026-09-06T01,79,4,905.0,168,0,1
2026-09-06T01,79,6,910.0,2676,0,3
2026-09-06T01,79,8,955.0,1500,0,1
2026-09-06T02,79,0,885.0,0,31,1
2026-09-06T02,79,0,890.0,29,0,3
2026-09-06T02,79,2,890.0,300,150,3
2026-09-06T02,79,3,895.0,1896,0,3
2026-09-06T02,79,3,900.0,9,0,1
2026-09-06T03,79,0,870.0,0,28,1
2026-09-06T03,79,1,880.0,0,211,1
2026-09-06T03,79,1,885.0,88,126,2
2026-09-06T03,79,2,890.0,8,143,4
2026-09-06T03,79,2,895.0,4,665,2
2026-09-06T03,79,3,890.0,0,984,1
2026-09-06T03,79,3,895.0,0,1912,2
2026-09-06T03,79,3,900.0,232,20,3
2026-09-06T03,79,4,900.0,2056,28,3
2026-09-06T03,79,5,905.0,612,0,1
2026-09-06T03,79,5,910.0,100,0,1
2026-09-06T03,79,6,910.0,0,395,1
2026-09-06T03,79,6,930.0,1472,0,1
2026-09-06T04,79,1,885.0,0,332,1
2026-09-06T04,79,1,890.0,28,36,2
2026-09-06T04,79,3,895.0,150,0,1
2026-09-06T04,79,3,900.0,101,0,2
2026-09-06T04,79,4,905.0,254,0,1
2026-09-06T04,79,5,900.0,0,9000,1
2026-09-06T04,79,5,905.0,186,994,2
2026-09-06T05,79,0,840.0,0,80,1
2026-09-06T05,79,0,845.0,328,176,2
2026-09-06T05,79,0,870.0,696,0,1
2026-09-06T05,79,1,880.0,0,2,1
2026-09-06T05,79,1,885.0,0,50,1
2026-09-06T05,79,1,890.0,0,53,1
2026-09-06T05,79,2,895.0,361,0,1
2026-09-06T05,79,3,895.0,0,657,1
2026-09-06T05,79,3,900.0,177,490,2
2026-09-06T05,79,4,900.0,472,228,2
2026-09-06T05,79,4,905.0,0,237,1
2026-09-06T05,79,5,910.0,2735,0,1
2026-09-06T05,79,7,945.0,444,0,1
2026-09-06T05,79,10,1020.0,0,1000,1
2026-09-06T06,79,0,860.0,0,24,1
2026-09-06T06,79,0,865.0,0,9,1
2026-09-06T06,79,0,870.0,127,0,1
2026-09-06T06,79,1,880.0,0,75,1
2026-09-06T06,79,1,885.0,85,0,1
2026-09-06T06,79,1,895.0,0,62,1
2026-09-06T06,79,2,885.0,0,67,1
2026-09-06T06,79,2,890.0,446,0,4
2026-09-06T06,79,5,910.0,563,0,1
2026-09-06T07,79,0,870.0,0,105,2
2026-09-06T07,79,0,875.0,2,188,2
2026-09-06T07,79,1,880.0,1326,0,4
2026-09-06T07,79,2,885.0,0,165,1
2026-09-06T07,79,2,890.0,0,203,1
2026-09-06T07,79,2,895.0,0,239,1
2026-09-06T07,79,2,900.0,0,560,1
2026-09-06T07,79,4,900.0,0,918,2
2026-09-06T07,79,4,905.0,1041,996,4
2026-09-06T07,79,5,905.0,0,544,1
2026-09-06T07,79,5,910.0,3802,0,4
2026-09-06T08,79,0,875.0,76,0,1
2026-09-06T08,79,1,875.0,0,3,1
2026-09-06T08,79,1,880.0,0,181,1
2026-09-06T08,79,1,885.0,199,0,1
2026-09-06T08,79,2,895.0,0,278,1
2026-09-06T08,79,3,895.0,0,282,1
2026-09-06T08,79,3,900.0,104,48,2
2026-09-06T08,79,3,905.0,1131,323,5
2026-09-06T08,79,4,915.0,1559,47,2
2026-09-06T08,79,5,910.0,0,78,1
2026-09-06T08,79,5,925.0,0,3262,1
2026-09-06T08,79,5,930.0,9446,0,1
2026-09-06T08,79,6,925.0,0,1250,1
2026-09-06T08,79,6,930.0,0,1042,1
2026-09-06T08,79,9,1020.0,40,0,1
2026-09-06T09,79,0,860.0,0,16,1
2026-09-06T09,79,0,865.0,125,0,2
2026-09-06T09,79,1,880.0,0,404,2
2026-09-06T09,79,1,885.0,0,888,1
2026-09-06T09,79,1,890.0,0,304,1
2026-09-06T09,79,2,895.0,0,65,1
2026-09-06T09,79,2,900.0,15,1363,3
2026-09-06T09,79,2,905.0,445,0,1
2026-09-06T09,79,3,900.0,60,3,2
2026-09-06T09,79,3,905.0,257,118,3
2026-09-06T09,79,4,905.0,0,29,1
2026-09-06T09,79,4,910.0,614,500,2
2026-09-06T09,79,5,925.0,0,475,1
2026-09-06T09,79,5,930.0,0,6106,1
2026-09-06T09,79,6,935.0,0,706,1
2026-09-06T09,79,6,940.0,140,1260,2
2026-09-06T09,79,7,945.0,843,0,1
2026-09-06T10,79,0,865.0,266,139,4
2026-09-06T10,79,0,870.0,0,32,1
2026-09-06T10,79,0,875.0,204,0,1
2026-09-06T10,79,1,900.0,0,55,1
2026-09-06T10,79,2,905.0,42,0,1
2026-09-06T10,79,3,905.0,584,0,2
2026-09-06T10,79,4,905.0,809,113,4
2026-09-06T10,79,4,910.0,347,0,1
2026-09-06T10,79,7,945.0,1480,0,1
2026-09-06T11,79,0,870.0,0,18,1
2026-09-06T11,79,0,875.0,0,34,1
2026-09-06T11,79,0,880.0,0,41,1
2026-09-06T11,79,0,890.0,55,4,2
2026-09-06T11,79,1,885.0,8,1,2
2026-09-06T11,79,1,895.0,0,60,1
2026-09-06T11,79,2,890.0,193,107,3
2026-09-06T11,79,2,900.0,0,46,1
2026-09-06T11,79,3,895.0,64,340,2
2026-09-06T11,79,4,900.0,500,1367,2
2026-09-06T11,79,4,905.0,2504,0,4
2026-09-06T11,79,7,945.0,444,0,1
2026-09-06T12,79,0,885.0,0,4,1
2026-09-06T12,79,0,890.0,75,309,3
2026-09-06T12,79,1,895.0,0,100,1
2026-09-06T12,79,1,900.0,0,500,1
2026-09-06T12,79,2,890.0,136,364,2
2026-09-06T12,79,2,905.0,2194,1215,2
2026-09-06T12,79,3,900.0,391,900,5
2026-09-06T12,79,3,905.0,324,357,3
2026-09-06T12,79,3,910.0,1388,0,3
2026-09-06T12,79,4,905.0,0,466,1
2026-09-06T12,79,4,910.0,10,2495,4
2026-09-06T12,79,5,940.0,0,354,1
2026-09-06T12,79,6,940.0,0,1400,1
2026-09-06T12,79,7,945.0,0,1789,1
2026-09-06T12,79,7,950.0,3273,0,1
2026-09-06T13,79,0,885.0,0,13,1
2026-09-06T13,79,0,890.0,0,25,1
2026-09-06T13,79,0,895.0,226,15,3
2026-09-06T13,79,1,885.0,0,166,1
2026-09-06T13,79,1,900.0,0,31,1
2026-09-06T13,79,3,905.0,0,230,2
2026-09-06T13,79,3,910.0,161,1761,3
2026-09-06T13,79,4,910.0,72,1064,4
2026-09-06T13,79,4,915.0,1588,3773,3
2026-09-06T14,79,0,890.0,0,185,2
2026-09-06T14,79,0,895.0,780,0,3
2026-09-06T14,79,1,880.0,0,17,1
2026-09-06T14,79,1,885.0,0,44,1
2026-09-06T14,79,1,890.0,65,0,1
2026-09-06T14,79,1,900.0,0,24,1
2026-09-06T14,79,1,910.0,936,1151,3
2026-09-06T14,79,2,895.0,0,400,1
2026-09-06T14,79,2,900.0,0,63,1
2026-09-06T14,79,2,905.0,0,242,1
2026-09-06T14,79,2,910.0,0,234,1
2026-09-06T14,79,2,915.0,0,743,1
2026-09-06T14,79,2,930.0,0,5002,1
2026-09-06T14,79,2,935.0,80,0,1
2026-09-06T14,79,2,950.0,0,100,1
2026-09-06T14,79,3,910.0,0,254,1
2026-09-06T14,79,3,915.0,38,1127,3
2026-09-06T14,79,3,920.0,2265,2498,4
2026-09-06T14,79,3,925.0,0,400,1
2026-09-06T14,79,4,915.0,55,798,2
2026-09-06T14,79,4,920.0,0,26,1
2026-09-06T14,79,4,940.0,0,32,1
2026-09-06T14,79,4,945.0,0,90,1
2026-09-06T14,79,4,955.0,0,28,1
2026-09-06T14,79,6,980.0,247,0,2
2026-09-06T14,79,7,950.0,5061,1666,3
2026-09-06T14,79,7,975.0,0,5000,1
2026-09-06T14,79,8,955.0,0,1768,1
2026-09-06T14,79,8,960.0,1588,3446,3
2026-09-06T14,79,8,985.0,444,0,1
2026-09-06T15,79,0,880.0,24,4,2
2026-09-06T15,79,0,895.0,524,0,2
2026-09-06T15,79,1,890.0,142,3,2
2026-09-06T15,79,1,900.0,0,289,2
2026-09-06T15,79,1,905.0,17,386,3
2026-09-06T15,79,1,910.0,74,15,2
2026-09-06T15,79,1,940.0,0,22,1
2026-09-06T15,79,2,915.0,0,546,3
2026-09-06T15,79,2,920.0,118,200,3
2026-09-06T15,79,2,930.0,0,234,1
2026-09-06T15,79,2,935.0,0,864,1
2026-09-06T15,79,3,945.0,904,0,1
2026-09-06T16,79,0,885.0,0,16,2
2026-09-06T16,79,0,890.0,0,226,2
2026-09-06T16,79,0,895.0,1208,0,5
2026-09-06T16,79,1,920.0,104,726,2
2026-09-06T16,79,1,925.0,0,861,2
2026-09-06T16,79,2,925.0,6,291,2
2026-09-06T16,79,2,930.0,120,1280,5
2026-09-06T16,79,3,935.0,1428,408,9
2026-09-06T16,79,3,940.0,198,0,1
2026-09-06T16,79,5,965.0,101,0,1
2026-09-06T16,79,12,1490.0,0,25,1
2026-09-06T17,79,0,885.0,0,708,1
2026-09-06T17,79,0,890.0,0,9,1
2026-09-06T17,79,0,895.0,0,548,2
2026-09-06T17,79,0,900.0,0,45,2
2026-09-06T17,79,0,905.0,690,0,1
2026-09-06T17,79,1,925.0,0,4,1
2026-09-06T17,79,1,930.0,474,0,1
2026-09-06T17,79,2,915.0,424,0,1
2026-09-06T17,79,2,920.0,34,158,2
2026-09-06T17,79,2,925.0,0,4,1
2026-09-06T17,79,3,920.0,66,573,4
2026-09-06T17,79,3,925.0,0,300,1
2026-09-06T17,79,3,930.0,752,10,2
2026-09-06T17,79,4,935.0,1683,0,5
2026-09-06T18,79,0,890.0,20,20,2
2026-09-06T18,79,0,895.0,68,16,2
2026-09-06T18,79,0,900.0,16,0,1
2026-09-06T18,79,1,880.0,0,129,1
2026-09-06T18,79,1,890.0,0,47,1
2026-09-06T18,79,1,910.0,0,129,1
2026-09-06T18,79,2,905.0,318,370,3
2026-09-06T18,79,2,910.0,0,176,1
2026-09-06T18,79,2,915.0,1654,0,2
2026-09-06T18,79,3,925.0,323,1677,2
2026-09-06T18,79,4,925.0,0,47,1
2026-09-06T18,79,4,930.0,0,24,1
2026-09-06T18,79,4,935.0,331,0,2
2026-09-06T18,79,5,965.0,999,0,1
2026-09-06T18,79,7,980.0,2666,0,2
2026-09-06T19,79,0,875.0,0,216,1
2026-09-06T19,79,0,885.0,0,103,1
2026-09-06T19,79,0,895.0,220,28,4
2026-09-06T19,79,0,900.0,185,16,2
2026-09-06T19,79,1,890.0,0,1,1
2026-09-06T19,79,1,895.0,0,31,1
2026-09-06T19,79,1,900.0,0,232,1
2026-09-06T19,79,1,905.0,0,231,3
2026-09-06T19,79,2,910.0,623,176,5
2026-09-06T19,79,2,915.0,2469,453,3
2026-09-06T19,79,2,920.0,0,51,1
2026-09-06T19,79,2,930.0,0,10,1
2026-09-06T19,79,3,915.0,0,117,1
2026-09-06T19,79,3,920.0,0,549,1
2026-09-06T19,79,3,925.0,0,30,2
2026-09-06T19,79,3,930.0,0,119,1
2026-09-06T19,79,3,935.0,0,685,1
2026-09-06T19,79,3,940.0,0,2083,1
2026-09-06T19,79,4,930.0,0,123,1
2026-09-06T19,79,4,935.0,0,852,2
2026-09-06T19,79,4,940.0,0,94,3
2026-09-06T19,79,4,945.0,1263,0,2
2026-09-06T19,79,5,960.0,4376,0,3
2026-09-06T19,79,7,975.0,3208,0,5
2026-09-06T20,79,0,895.0,16,6,2
2026-09-06T20,79,0,900.0,474,0,2
2026-09-06T20,79,1,900.0,0,7,1
2026-09-06T20,79,1,905.0,0,5,1
2026-09-06T20,79,1,910.0,0,14,1
2026-09-06T20,79,1,915.0,0,13,1
2026-09-06T20,79,1,920.0,0,60,2
2026-09-06T20,79,1,925.0,673,100,3
2026-09-06T20,79,2,935.0,56,48,2
2026-09-06T20,79,3,935.0,0,84,1
2026-09-06T20,79,4,940.0,369,196,3
2026-09-06T20,79,4,945.0,453,0,4
2026-09-06T20,79,5,960.0,1172,0,2
2026-09-06T20,79,10,1010.0,0,25,1
2026-09-06T20,79,10,1020.0,35,0,1
2026-09-06T21,79,0,895.0,1,18,2
2026-09-06T21,79,0,900.0,382,0,1
2026-09-06T21,79,1,910.0,0,207,2
2026-09-06T21,79,1,915.0,0,11,1
2026-09-06T21,79,1,920.0,75,239,4
2026-09-06T21,79,1,925.0,865,0,3
2026-09-06T21,79,2,925.0,27,208,2
2026-09-06T21,79,2,930.0,1580,95,4
2026-09-06T21,79,3,935.0,0,348,2
2026-09-06T21,79,3,940.0,901,0,2
2026-09-06T21,79,4,930.0,0,5,1
2026-09-06T21,79,4,935.0,0,35,1
2026-09-06T21,79,4,940.0,0,385,2
2026-09-06T21,79,4,945.0,112,0,1
2026-09-06T21,79,7,975.0,0,1772,1
2026-09-06T21,79,8,980.0,50,0,1
2026-09-06T21,79,9,1020.0,0,9960,1
2026-09-06T21,79,10,1020.0,0,965,1
2026-09-06T22,79,0,870.0,184,0,2
2026-09-06T22,79,0,875.0,0,1,1
2026-09-06T22,79,0,895.0,0,69,2
2026-09-06T22,79,0,900.0,42,0,1
2026-09-06T22,79,1,905.0,0,13,1
2026-09-06T22,79,1,910.0,0,5,1
2026-09-06T22,79,1,915.0,0,29,1
2026-09-06T22,79,1,925.0,736,0,1
2026-09-06T22,79,2,920.0,3550,610,5
2026-09-06T22,79,2,925.0,0,145,1
2026-09-06T22,79,2,930.0,0,73,2
2026-09-06T22,79,2,935.0,48,0,2
2026-09-06T22,79,3,930.0,0,57,1
2026-09-06T22,79,3,935.0,0,2185,1
2026-09-06T22,79,3,940.0,0,350,1
2026-09-06T22,79,3,945.0,0,1036,2
2026-09-06T22,79,4,940.0,0,288,2
2026-09-06T22,79,4,945.0,374,2824,3
2026-09-06T22,79,4,950.0,1245,14,2
2026-09-06T22,79,5,945.0,0,355,1
2026-09-06T22,79,5,950.0,520,3165,4
2026-09-06T22,79,5,955.0,1416,0,1
2026-09-06T22,79,8,980.0,432,0,1
2026-09-06T23,79,0,855.0,0,10,1
2026-09-06T23,79,0,860.0,0,48,1
2026-09-06T23,79,0,865.0,0,96,1
2026-09-06T23,79,0,870.0,0,85,1
2026-09-06T23,79,0,895.0,0,36,1
2026-09-06T23,79,0,900.0,50,0,1
2026-09-06T23,79,1,900.0,31,20,2
2026-09-06T23,79,1,910.0,0,49,1
2026-09-06T23,79,1,915.0,0,40,2
2026-09-06T23,79,1,920.0,0,35,1
2026-09-06T23,79,1,925.0,264,0,1
2026-09-06T23,79,2,910.0,0,111,1
2026-09-06T23,79,2,915.0,168,332,2
2026-09-06T23,79,2,920.0,0,463,1
2026-09-06T23,79,2,925.0,0,500,1
2026-09-06T23,79,2,935.0,70,0,1
2026-09-06T23,79,3,940.0,106,0,2
2026-09-06T23,79,4,945.0,0,29,1
2026-09-06T23,79,4,950.0,1433,0,2
2026-09-07T00,79,0,895.0,8,6,2
2026-09-07T00,79,0,900.0,265,5,4
2026-09-07T00,79,1,920.0,0,5,1
2026-09-07T00,79,1,925.0,43,0,1
2026-09-07T00,79,2,930.0,0,704,3
2026-09-07T00,79,2,935.0,848,2042,3
2026-09-07T00,79,3,940.0,656,0,2
2026-09-07T01,79,0,900.0,70,0,3
2026-09-07T01,79,2,925.0,0,500,1
2026-09-07T01,79,2,930.0,0,266,1
2026-09-07T01,79,3,935.0,0,453,2
2026-09-07T01,79,3,940.0,0,605,3
2026-09-07T01,79,3,945.0,632,0,1
2026-09-07T01,79,4,950.0,238,0,1
2026-09-07T02,79,0,895.0,0,146,2
2026-09-07T02,79,0,900.0,37,293,4
2026-09-07T02,79,0,905.0,248,0,3
2026-09-07T02,79,1,895.0,0,9,1
2026-09-07T02,79,1,900.0,0,16,1
2026-09-07T02,79,1,915.0,36,0,1
2026-09-07T02,79,3,940.0,0,75,1
2026-09-07T02,79,3,945.0,245,0,1
2026-09-07T02,79,4,945.0,0,1620,1
2026-09-07T02,79,4,950.0,380,0,1
2026-09-07T02,79,5,945.0,0,1392,1
2026-09-07T02,79,5,955.0,388,0,1
2026-09-07T03,79,0,895.0,8,0,1
2026-09-07T03,79,1,915.0,0,592,2
2026-09-07T03,79,1,920.0,0,268,1
2026-09-07T03,79,1,925.0,0,174,1
2026-09-07T03,79,1,930.0,283,0,1
2026-09-07T03,79,2,920.0,0,9,1
2026-09-07T03,79,2,925.0,0,24,1
2026-09-07T03,79,2,930.0,339,254,3
2026-09-07T03,79,2,935.0,0,48,1
2026-09-07T03,79,3,940.0,688,0,3
2026-09-07T03,79,10,1010.0,0,1000,1
2026-09-07T04,79,0,890.0,1,95,2
2026-09-07T04,79,0,895.0,0,4,1
2026-09-07T04,79,0,900.0,33,0,2
2026-09-07T04,79,1,910.0,0,15,1
2026-09-07T04,79,1,915.0,0,259,1
2026-09-07T04,79,2,920.0,0,244,1
2026-09-07T04,79,2,925.0,15,255,2
2026-09-07T04,79,2,940.0,0,500,1
2026-09-07T04,79,3,925.0,0,512,1
2026-09-07T04,79,3,930.0,85,0,1
2026-09-07T04,79,4,930.0,1790,0,2
2026-09-07T04,79,4,945.0,0,197,1
2026-09-07T04,79,4,950.0,367,0,1
2026-09-07T04,79,5,950.0,0,92,1
2026-09-07T04,79,5,955.0,1060,0,1
2026-09-07T04,79,6,970.0,1460,0,1
2026-09-07T05,79,0,880.0,0,44,1
2026-09-07T05,79,0,885.0,0,16,1
2026-09-07T05,79,0,890.0,0,158,3
2026-09-07T05,79,0,895.0,17,24,2
2026-09-07T05,79,0,900.0,0,1,1
2026-09-07T05,79,0,905.0,220,0,4
2026-09-07T05,79,1,890.0,0,67,1
2026-09-07T05,79,1,910.0,0,168,1
2026-09-07T05,79,1,915.0,0,74,1
2026-09-07T05,79,2,925.0,0,375,2
2026-09-07T05,79,3,930.0,2224,0,2
2026-09-07T05,79,4,925.0,963,9,4
2026-09-07T05,79,4,930.0,0,2210,2
2026-09-07T05,79,4,950.0,2815,0,1
2026-09-07T05,79,5,945.0,0,385,1
2026-09-07T06,79,0,900.0,0,64,1
2026-09-07T06,79,0,905.0,623,0,4
2026-09-07T06,79,1,905.0,4,0,1
2026-09-07T06,79,1,925.0,138,0,2
2026-09-07T06,79,2,925.0,0,200,1
2026-09-07T06,79,3,905.0,0,16,1
2026-09-07T06,79,3,930.0,2424,0,4
2026-09-07T06,79,4,940.0,0,3,1
2026-09-07T06,79,4,945.0,0,257,1
2026-09-07T06,79,5,950.0,868,0,2
2026-09-07T06,79,5,955.0,708,0,1
2026-09-07T06,79,8,980.0,688,0,1
2026-09-07T06,79,10,1020.0,0,25,1
2026-09-07T06,79,10,1030.0,407,0,1
2026-09-07T07,79,0,900.0,0,20,1
2026-09-07T07,79,0,905.0,290,100,3
2026-09-07T07,79,0,920.0,110,12,3
2026-09-07T07,79,1,800.0,0,1,1
2026-09-07T07,79,1,905.0,0,38,1
2026-09-07T07,79,1,910.0,28,32,2
2026-09-07T07,79,1,920.0,1,109,3
2026-09-07T07,79,1,925.0,536,46,2
2026-09-07T07,79,2,925.0,32,0,1
2026-09-07T07,79,3,925.0,118,0,3
2026-09-07T07,79,3,930.0,1068,0,3
2026-09-07T07,79,5,950.0,0,1132,1
2026-09-07T07,79,5,955.0,0,2136,1
2026-09-07T07,79,6,960.0,1006,0,1
2026-09-07T08,79,1,915.0,0,82,1
2026-09-07T08,79,1,925.0,0,22,1
2026-09-07T08,79,2,920.0,0,486,1
2026-09-07T08,79,2,925.0,0,24,1
2026-09-07T08,79,3,925.0,1501,434,7
2026-09-07T08,79,3,930.0,2414,0,2
2026-09-07T08,79,4,935.0,144,0,1
2026-09-07T08,79,5,960.0,119,841,2
2026-09-07T08,79,6,960.0,0,106,1
2026-09-07T08,79,6,965.0,2394,0,1
2026-09-07T09,79,0,905.0,0,154,2
2026-09-07T09,79,0,910.0,24,52,3
2026-09-07T09,79,0,915.0,0,368,2
2026-09-07T09,79,1,910.0,0,39,1
2026-09-07T09,79,1,915.0,0,82,1
2026-09-07T09,79,2,915.0,0,668,2
2026-09-07T09,79,2,920.0,356,0,1
2026-09-07T09,79,3,915.0,0,10,1
2026-09-07T09,79,3,920.0,0,1520,1
2026-09-07T09,79,3,925.0,1896,672,4
2026-09-07T09,79,4,920.0,432,112,2
2026-09-07T10,79,0,905.0,0,44,1
2026-09-07T10,79,0,910.0,317,0,2
2026-09-07T10,79,1,900.0,0,117,1
2026-09-07T10,79,1,910.0,16,0,1
2026-09-07T10,79,1,915.0,19,148,3
2026-09-07T10,79,2,910.0,4,0,1
2026-09-07T10,79,2,915.0,0,303,1
2026-09-07T10,79,2,920.0,275,0,3
2026-09-07T10,79,3,920.0,0,245,1
2026-09-07T10,79,4,925.0,35,0,1
2026-09-07T10,79,6,965.0,320,0,1
2026-09-07T10,79,10,1030.0,0,593,1
2026-09-07T11,79,0,865.0,10,0,1
2026-09-07T11,79,1,885.0,0,10,1
2026-09-07T11,79,1,890.0,10,0,1
2026-09-07T11,79,2,905.0,0,90,1
2026-09-07T11,79,2,910.0,414,861,6
2026-09-07T11,79,3,910.0,0,608,1
2026-09-07T11,79,4,915.0,0,114,1
2026-09-07T11,79,5,950.0,0,1196,1
2026-09-07T11,79,5,955.0,20,0,1
2026-09-07T11,79,7,975.0,188,0,1
2026-09-07T11,79,8,975.0,0,500,1
2026-09-07T12,79,0,860.0,16,85,3
2026-09-07T12,79,0,865.0,107,11,2
2026-09-07T12,79,1,890.0,145,309,3
2026-09-07T12,79,1,895.0,0,54,1
2026-09-07T12,79,1,900.0,0,22,1
2026-09-07T12,79,2,905.0,137,191,2
2026-09-07T12,79,3,905.0,59,1728,3
2026-09-07T12,79,3,910.0,5776,0,3
2026-09-07T12,79,4,890.0,0,100,1
2026-09-07T12,79,4,895.0,0,100,1
2026-09-07T12,79,4,900.0,0,100,1
2026-09-07T12,79,4,905.0,0,165,2
2026-09-07T12,79,4,910.0,0,100,1
2026-09-07T12,79,4,915.0,0,40,1
2026-09-07T12,79,4,920.0,428,0,2
2026-09-07T13,79,0,880.0,40,0,1
2026-09-07T13,79,0,885.0,120,0,1
2026-09-07T13,79,3,895.0,0,72,1
2026-09-07T13,79,3,900.0,3402,0,3
2026-09-07T13,79,3,905.0,649,811,2
2026-09-07T13,79,4,905.0,1788,55,2
2026-09-07T13,79,10,1030.0,0,25,1
2026-09-07T13,79,10,1040.0,0,868,1
2026-09-07T14,79,0,870.0,0,8,1
2026-09-07T14,79,0,875.0,0,30,1
2026-09-07T14,79,0,880.0,0,102,1
2026-09-07T14,79,0,885.0,0,75,2
2026-09-07T14,79,0,890.0,10,207,2
2026-09-07T14,79,1,900.0,0,83,1
2026-09-07T14,79,2,885.0,0,924,1
2026-09-07T14,79,2,895.0,0,108,1
2026-09-07T14,79,2,905.0,164,28,2
2026-09-07T14,79,2,910.0,0,285,2
2026-09-07T14,79,3,900.0,0,2894,1
2026-09-07T14,79,3,905.0,0,2358,3
2026-09-07T14,79,3,910.0,0,1645,4
2026-09-07T14,79,3,915.0,855,494,3
2026-09-07T14,79,3,920.0,0,33,1
2026-09-07T14,79,4,905.0,0,32,1
2026-09-07T14,79,4,910.0,0,945,3
2026-09-07T14,79,4,915.0,3498,2770,5
2026-09-07T14,79,4,920.0,280,1749,3
2026-09-07T14,79,5,945.0,2193,0,1
2026-09-07T14,79,6,960.0,0,1600,1
2026-09-07T14,79,6,965.0,696,0,1
2026-09-07T15,79,0,890.0,0,32,1
2026-09-07T15,79,1,880.0,0,14,1
2026-09-07T15,79,1,885.0,0,6,1
2026-09-07T15,79,1,890.0,0,74,1
2026-09-07T15,79,1,900.0,0,102,2
2026-09-07T15,79,1,905.0,191,649,4
2026-09-07T15,79,1,910.0,0,1,1
2026-09-07T15,79,1,915.0,0,11,1
2026-09-07T15,79,2,910.0,0,11,1
2026-09-07T15,79,2,915.0,0,273,2
2026-09-07T15,79,2,920.0,417,0,2
2026-09-07T15,79,3,920.0,2217,0,4
2026-09-07T15,79,4,920.0,0,1000,1
2026-09-07T15,79,4,925.0,81,160,2
2026-09-07T15,79,4,930.0,0,341,2
2026-09-07T15,79,4,935.0,421,0,1
2026-09-07T15,79,5,945.0,89,0,1
2026-09-07T16,79,1,910.0,0,115,2
2026-09-07T16,79,1,915.0,662,0,4
2026-09-07T16,79,2,910.0,0,64,1
2026-09-07T16,79,2,915.0,352,133,4
2026-09-07T16,79,3,915.0,16,103,2
2026-09-07T16,79,3,920.0,2625,0,3
2026-09-07T17,79,0,870.0,0,10,1
2026-09-07T17,79,0,885.0,0,1,1
2026-09-07T17,79,0,895.0,0,15,1
2026-09-07T17,79,0,900.0,0,22,1
2026-09-07T17,79,0,905.0,0,37,1
2026-09-07T17,79,0,910.0,165,158,5
2026-09-07T17,79,1,910.0,0,211,1
2026-09-07T17,79,1,915.0,1255,79,2
2026-09-07T17,79,1,920.0,1404,0,2
2026-09-07T17,79,2,920.0,0,619,2
2026-09-07T17,79,2,925.0,0,727,2
2026-09-07T17,79,3,920.0,0,72,1
2026-09-07T17,79,3,925.0,243,331,4
2026-09-07T17,79,3,930.0,1824,2776,4
2026-09-07T17,79,4,930.0,0,121,1
2026-09-07T17,79,5,935.0,0,2039,1
2026-09-07T17,79,6,960.0,0,1000,1
2026-09-07T17,79,6,965.0,0,1590,1
2026-09-07T18,79,0,910.0,32,226,3
2026-09-07T18,79,0,915.0,0,152,2
2026-09-07T18,79,1,900.0,0,10,1
2026-09-07T18,79,1,910.0,0,87,1
2026-09-07T18,79,1,915.0,0,53,2
2026-09-07T18,79,1,920.0,355,0,2
2026-09-07T18,79,2,930.0,0,22,1
2026-09-07T18,79,2,935.0,78,0,2
2026-09-07T18,79,3,925.0,0,272,1
2026-09-07T18,79,3,930.0,211,237,3
2026-09-07T18,79,3,940.0,104,0,1
2026-09-07T18,79,4,935.0,0,185,2
2026-09-07T18,79,4,940.0,0,951,4
2026-09-07T18,79,5,940.0,0,152,1
2026-09-07T18,79,5,945.0,1012,0,3
2026-09-07T18,79,6,970.0,0,240,1
2026-09-07T18,79,6,975.0,0,1234,1
2026-09-07T18,79,7,975.0,34,251,2
2026-09-07T18,79,7,980.0,307,0,1
2026-09-07T18,79,8,980.0,0,3830,1
2026-09-07T19,79,0,905.0,0,2,1
2026-09-07T19,79,0,910.0,0,86,1
2026-09-07T19,79,0,915.0,0,39,2
2026-09-07T19,79,0,920.0,51,47,2
2026-09-07T19,79,1,915.0,0,290,1
2026-09-07T19,79,1,920.0,0,241,1
2026-09-07T19,79,1,925.0,0,198,1
2026-09-07T19,79,1,930.0,988,0,4
2026-09-07T19,79,2,920.0,0,603,1
2026-09-07T19,79,2,925.0,0,5,1
2026-09-07T19,79,2,930.0,1481,20,3
2026-09-07T19,79,2,935.0,948,210,6
2026-09-07T19,79,3,935.0,0,196,1
2026-09-07T19,79,4,935.0,0,50,1
2026-09-07T19,79,4,940.0,1500,50,4
2026-09-07T19,79,5,945.0,1830,5876,3
2026-09-07T19,79,5,950.0,3212,0,1
2026-09-07T19,79,7,980.0,1136,0,1
2026-09-07T20,79,0,900.0,0,2,1
2026-09-07T20,79,0,915.0,0,8,1
2026-09-07T20,79,0,920.0,0,19,1
2026-09-07T20,79,0,925.0,0,16,1
2026-09-07T20,79,1,905.0,144,0,1
2026-09-07T20,79,1,910.0,24,0,1
2026-09-07T20,79,1,930.0,0,332,1
2026-09-07T20,79,2,925.0,0,22,1
2026-09-07T20,79,2,930.0,0,1,1
2026-09-07T20,79,2,935.0,251,0,1
2026-09-07T20,79,3,935.0,3587,5,5
2026-09-07T20,79,4,935.0,38,107,2
2026-09-07T20,79,4,940.0,3834,500,5
2026-09-07T20,79,5,945.0,471,0,1
2026-09-07T20,79,6,980.0,0,1234,1
2026-09-07T20,79,7,980.0,0,891,1
2026-09-07T21,79,0,895.0,0,14,1
2026-09-07T21,79,0,900.0,26,0,1
2026-09-07T21,79,1,895.0,0,31,1
2026-09-07T21,79,1,905.0,0,146,2
2026-09-07T21,79,1,910.0,0,26,1
2026-09-07T21,79,1,920.0,0,150,1
2026-09-07T21,79,1,925.0,0,704,1
2026-09-07T21,79,2,905.0,160,328,3
2026-09-07T21,79,2,910.0,85,0,2
2026-09-07T21,79,3,910.0,0,167,1
2026-09-07T21,79,4,920.0,0,144,1
2026-09-07T21,79,4,925.0,16,500,2
2026-09-07T21,79,4,930.0,509,0,1
2026-09-07T21,79,5,945.0,520,0,1
2026-09-07T22,79,0,890.0,61,17,2
2026-09-07T22,79,0,895.0,0,2,1
2026-09-07T22,79,0,900.0,417,0,1
2026-09-07T22,79,1,900.0,0,19,2
2026-09-07T22,79,1,905.0,128,174,2
2026-09-07T22,79,1,910.0,0,72,1
2026-09-07T22,79,2,910.0,281,14,3
2026-09-07T22,79,3,905.0,0,245,1
2026-09-07T22,79,3,915.0,1938,706,2
2026-09-07T22,79,3,925.0,2,0,1
2026-09-07T22,79,4,910.0,0,178,1
2026-09-07T22,79,4,915.0,3095,762,3
2026-09-07T22,79,4,925.0,0,39,1
2026-09-07T22,79,5,945.0,784,670,2
2026-09-07T22,79,5,950.0,1730,0,1
2026-09-07T22,79,6,995.0,0,1000,1
2026-09-07T22,79,9,1030.0,0,9838,1
2026-09-07T23,79,2,900.0,0,490,2
2026-09-07T23,79,2,905.0,31,127,3
2026-09-07T23,79,2,910.0,134,0,1
2026-09-07T23,79,5,950.0,1160,0,2
2026-09-07T23,79,8,1000.0,3,0,1
2026-09-08T00,79,0,870.0,4,49,2
2026-09-08T00,79,0,875.0,139,0,1
2026-09-08T00,79,1,895.0,120,32,3
2026-09-08T00,79,1,900.0,120,12,3
2026-09-08T00,79,2,900.0,0,14,1
2026-09-08T00,79,2,905.0,34,0,2
2026-09-08T00,79,2,910.0,552,0,1
2026-09-08T00,79,3,915.0,0,470,1
2026-09-08T00,79,4,925.0,0,1070,1
2026-09-08T00,79,4,930.0,0,4443,2
2026-09-08T00,79,4,935.0,951,0,2
2026-09-08T01,79,0,875.0,45,0,2
2026-09-08T01,79,1,890.0,64,0,1
2026-09-08T01,79,2,900.0,0,48,2
2026-09-08T01,79,2,905.0,627,0,2
2026-09-08T01,79,3,910.0,2240,0,2
2026-09-08T01,79,12,1490.0,0,25,1
2026-09-08T02,79,0,875.0,24,0,2
2026-09-08T02,79,1,890.0,0,83,1
2026-09-08T02,79,1,895.0,445,0,2
2026-09-08T02,79,2,885.0,0,257,1
2026-09-08T02,79,2,890.0,359,0,1
2026-09-08T02,79,3,910.0,2120,0,2
2026-09-08T02,79,4,915.0,0,402,1
2026-09-08T02,79,4,920.0,0,17,1
2026-09-08T02,79,4,925.0,0,383,1
2026-09-08T02,79,4,930.0,14,0,1
2026-09-08T03,79,0,870.0,0,17,1
2026-09-08T03,79,0,875.0,0,116,1
2026-09-08T03,79,0,880.0,0,65,2
2026-09-08T03,79,0,885.0,241,65,4
2026-09-08T03,79,1,895.0,1018,0,1
2026-09-08T03,79,2,890.0,0,61,1
2026-09-08T03,79,2,895.0,0,72,1
2026-09-08T03,79,2,900.0,0,320,1
2026-09-08T03,79,2,905.0,666,0,2
2026-09-08T03,79,3,900.0,0,400,1
2026-09-08T03,79,3,910.0,1468,0,3
2026-09-08T03,79,4,930.0,0,154,1
2026-09-08T03,79,4,935.0,0,3977,1
2026-09-08T03,79,5,940.0,1261,165,2
2026-09-08T03,79,5,945.0,0,6,1
2026-09-08T03,79,5,950.0,2085,0,1
2026-09-08T04,79,0,880.0,0,2,1
2026-09-08T04,79,0,885.0,0,210,2
2026-09-08T04,79,1,890.0,300,0,2
2026-09-08T04,79,2,900.0,120,0,1
2026-09-08T04,79,3,905.0,0,1006,2
2026-09-08T04,79,3,910.0,0,975,2
2026-09-08T04,79,3,915.0,0,500,1
2026-09-08T04,79,3,920.0,312,56,2
2026-09-08T04,79,4,930.0,1,0,1
2026-09-08T04,79,8,995.0,688,0,1
2026-09-08T05,79,0,885.0,23,52,2
2026-09-08T05,79,1,880.0,0,1,1
2026-09-08T05,79,1,885.0,63,1,2
2026-09-08T05,79,1,890.0,0,762,4
2026-09-08T05,79,1,895.0,509,0,4
2026-09-08T05,79,2,895.0,0,52,1
2026-09-08T05,79,2,900.0,0,718,2
2026-09-08T05,79,2,905.0,2652,0,4
2026-09-08T05,79,4,930.0,168,1831,2
2026-09-08T05,79,5,935.0,3324,0,2
2026-09-08T06,79,0,880.0,0,1,1
2026-09-08T06,79,0,885.0,0,16,1
2026-09-08T06,79,0,890.0,55,0,1
2026-09-08T06,79,1,890.0,0,170,1
2026-09-08T06,79,1,895.0,1812,0,1
2026-09-08T06,79,2,890.0,48,0,1
2026-09-08T06,79,2,895.0,120,0,1
2026-09-08T06,79,2,905.0,40,0,1
2026-09-08T06,79,3,910.0,0,282,1
2026-09-08T06,79,3,915.0,0,220,1
2026-09-08T06,79,3,920.0,3005,0,1
2026-09-08T06,79,4,900.0,1232,768,2
2026-09-08T06,79,5,935.0,0,5676,1
2026-09-08T06,79,5,940.0,0,1337,1
2026-09-08T06,79,5,945.0,5,0,1
2026-09-08T06,79,7,985.0,0,2741,1
2026-09-08T06,79,8,995.0,395,0,1
2026-09-08T07,79,0,875.0,0,1,1
2026-09-08T07,79,1,875.0,0,60,1
2026-09-08T07,79,1,880.0,0,81,2
2026-09-08T07,79,2,875.0,0,104,1
2026-09-08T07,79,2,880.0,3,403,2
2026-09-08T07,79,2,885.0,2722,90,5
2026-09-08T07,79,3,915.0,0,309,2
2026-09-08T07,79,4,925.0,0,400,1
2026-09-08T07,79,4,930.0,0,225,2
2026-09-08T07,79,4,935.0,0,1840,1
2026-09-08T07,79,5,945.0,0,402,1
2026-09-08T07,79,5,950.0,498,0,1
2026-09-08T08,79,0,865.0,8,0,1
2026-09-08T08,79,1,880.0,0,608,1
2026-09-08T08,79,1,885.0,0,2188,1
2026-09-08T08,79,2,885.0,78,2216,4
2026-09-08T08,79,2,890.0,555,176,3
2026-09-08T08,79,3,910.0,0,118,1
2026-09-08T08,79,3,915.0,181,0,2
2026-09-08T08,79,5,950.0,1270,0,3
2026-09-08T09,79,0,865.0,24,252,2
2026-09-08T09,79,0,870.0,28,0,1
2026-09-08T09,79,2,890.0,19,85,2
2026-09-08T09,79,2,895.0,1065,0,5
2026-09-08T09,79,3,915.0,1,0,1
2026-09-08T09,79,4,925.0,336,0,1
2026-09-08T10,79,0,865.0,0,102,1
2026-09-08T10,79,0,870.0,0,147,2
2026-09-08T10,79,0,880.0,8,0,1
2026-09-08T10,79,0,885.0,27,20,3
2026-09-08T10,79,1,875.0,592,10,5
2026-09-08T10,79,2,895.0,176,431,2
2026-09-08T10,79,2,900.0,0,70,1
2026-09-08T10,79,2,905.0,725,232,7
2026-09-08T10,79,2,910.0,0,453,1
2026-09-08T10,79,2,915.0,938,0,1
2026-09-08T10,79,3,910.0,0,95,1
2026-09-08T10,79,3,915.0,0,2256,2
2026-09-08T10,79,3,920.0,92,640,4
2026-09-08T10,79,3,925.0,1072,126,2
2026-09-08T10,79,4,925.0,0,16,1
2026-09-08T10,79,4,930.0,0,259,2
2026-09-08T10,79,4,935.0,185,700,2
2026-09-08T11,79,1,870.0,0,6,1
2026-09-08T11,79,1,875.0,0,240,1
2026-09-08T11,79,1,895.0,630,100,3
2026-09-08T11,79,2,910.0,80,0,1
2026-09-08T11,79,2,915.0,300,0,1
2026-09-08T11,79,3,915.0,1253,0,3
2026-09-08T11,79,4,930.0,0,50,1
2026-09-08T11,79,4,935.0,0,551,1
2026-09-08T11,79,4,940.0,689,0,1
2026-09-08T11,79,6,980.0,880,0,1
2026-09-08T12,79,0,845.0,8,24,2
2026-09-08T12,79,0,850.0,0,17,1
2026-09-08T12,79,0,880.0,24,0,1
2026-09-08T12,79,2,900.0,7,113,2
2026-09-08T12,79,2,905.0,7,0,1
2026-09-08T12,79,2,910.0,0,27,1
2026-09-08T12,79,3,915.0,451,0,2
2026-09-08T12,79,4,920.0,0,130,1
2026-09-08T12,79,4,925.0,0,40,1
2026-09-08T12,79,4,930.0,358,0,1
2026-09-08T12,79,5,945.0,672,0,1
2026-09-08T13,79,0,870.0,0,8,1
2026-09-08T13,79,0,875.0,0,43,1
2026-09-08T13,79,0,880.0,4,361,4
2026-09-08T13,79,1,880.0,0,25,1
2026-09-08T13,79,1,885.0,259,0,2
2026-09-08T13,79,2,885.0,8,392,2
2026-09-08T13,79,2,895.0,0,593,2
2026-09-08T13,79,2,900.0,0,1056,1
2026-09-08T13,79,2,905.0,1640,0,3
2026-09-08T13,79,3,910.0,0,240,1
2026-09-08T13,79,3,915.0,0,950,1
2026-09-08T13,79,3,920.0,0,70,1
2026-09-08T13,79,3,925.0,3900,0,2
2026-09-08T13,79,4,930.0,877,0,1
2026-09-08T14,79,0,880.0,0,66,2
2026-09-08T14,79,0,885.0,184,108,2
2026-09-08T14,79,1,880.0,0,554,1
2026-09-08T14,79,1,885.0,174,732,3
2026-09-08T14,79,1,890.0,0,1970,1
2026-09-08T14,79,1,895.0,0,78,1
2026-09-08T14,79,1,900.0,781,0,3
2026-09-08T14,79,2,900.0,0,230,1
2026-09-08T14,79,2,905.0,0,155,2
2026-09-08T14,79,2,910.0,0,132,1
2026-09-08T14,79,2,915.0,183,0,2
2026-09-08T14,79,3,910.0,126,661,5
2026-09-08T14,79,3,915.0,115,317,2
2026-09-08T14,79,3,920.0,0,175,1
2026-09-08T14,79,3,925.0,0,911,2
2026-09-08T14,79,4,925.0,0,1817,3
2026-09-08T14,79,4,930.0,1439,564,3
2026-09-08T14,79,6,980.0,530,390,2
2026-09-08T14,79,6,985.0,1090,0,1
2026-09-08T14,79,7,985.0,0,1762,1
2026-09-08T15,79,0,885.0,710,18,8
2026-09-08T15,79,0,890.0,31,363,4
2026-09-08T15,79,0,900.0,40,0,1
2026-09-08T15,79,1,900.0,0,2040,1
2026-09-08T15,79,1,905.0,0,325,1
2026-09-08T15,79,1,915.0,40,0,1
2026-09-08T15,79,2,910.0,466,206,3
2026-09-08T15,79,2,915.0,138,199,2
2026-09-08T15,79,2,920.0,0,64,1
2026-09-08T15,79,2,925.0,16,0,1
2026-09-08T15,79,3,930.0,2504,0,2
2026-09-08T15,79,4,925.0,0,178,1
2026-09-08T15,79,4,930.0,410,62,2
2026-09-08T15,79,4,935.0,1710,60,2
2026-09-08T15,79,5,935.0,0,7,1
2026-09-08T15,79,5,940.0,160,0,1
2026-09-08T15,79,8,990.0,688,0,1
2026-09-08T16,79,0,900.0,41,622,4
2026-09-08T16,79,1,900.0,0,10,1
2026-09-08T16,79,1,905.0,0,23,2
2026-09-08T16,79,1,910.0,0,51,2
2026-09-08T16,79,2,915.0,591,48,2
2026-09-08T16,79,2,920.0,0,16,1
2026-09-08T16,79,3,925.0,0,150,1
2026-09-08T16,79,3,930.0,30,0,1
2026-09-08T16,79,4,930.0,112,50,3
2026-09-08T16,79,10,1040.0,0,1000,1
2026-09-08T16,79,10,1050.0,23,0,1
2026-09-08T17,79,0,905.0,32,0,1
2026-09-08T17,79,1,895.0,56,0,1
2026-09-08T17,79,1,905.0,0,27,1
2026-09-08T17,79,1,910.0,336,0,1
2026-09-08T17,79,2,925.0,76,944,2
2026-09-08T17,79,3,925.0,73,1640,3
2026-09-08T17,79,4,925.0,0,56,1
2026-09-08T17,79,4,930.0,1768,1400,4
2026-09-08T17,79,5,940.0,208,0,1
2026-09-08T18,79,0,905.0,0,63,2
2026-09-08T18,79,1,880.0,0,333,1
2026-09-08T18,79,1,885.0,0,23,1
2026-09-08T18,79,1,890.0,0,848,1
2026-09-08T18,79,1,895.0,0,8,1
2026-09-08T18,79,1,900.0,0,8,1
2026-09-08T18,79,1,910.0,0,1297,1
2026-09-08T18,79,1,915.0,0,72,1
2026-09-08T18,79,1,920.0,0,1602,1
2026-09-08T18,79,1,930.0,0,69,1
2026-09-08T18,79,2,920.0,0,46,1
2026-09-08T18,79,2,925.0,56,162,3
2026-09-08T18,79,2,935.0,72,505,2
2026-09-08T18,79,3,925.0,300,4972,3
2026-09-08T18,79,3,930.0,1232,2852,7
2026-09-08T18,79,3,935.0,305,1663,2
2026-09-08T18,79,4,935.0,2918,1290,2
2026-09-08T18,79,4,940.0,356,0,1
2026-09-08T18,79,5,935.0,320,1756,2
2026-09-08T18,79,5,940.0,178,3993,3
2026-09-08T18,79,5,945.0,0,912,1
2026-09-08T18,79,7,985.0,1810,0,2
2026-09-08T19,79,0,920.0,60,17,5
2026-09-08T19,79,0,925.0,239,0,1
2026-09-08T19,79,1,920.0,24,50,2
2026-09-08T19,79,2,930.0,115,511,2
2026-09-08T19,79,2,935.0,140,428,2
2026-09-08T19,79,3,930.0,39,792,2
2026-09-08T19,79,4,925.0,0,692,1
2026-09-08T19,79,4,930.0,80,857,3
2026-09-08T19,79,4,935.0,136,2410,3
2026-09-08T19,79,4,940.0,1109,0,1
2026-09-08T19,79,5,950.0,4000,0,3
2026-09-08T19,79,6,985.0,208,0,1
2026-09-08T19,79,7,985.0,816,1897,2
2026-09-08T19,79,8,990.0,183,0,1
2026-09-08T20,79,0,895.0,0,36,1
2026-09-08T20,79,0,900.0,0,1,1
2026-09-08T20,79,0,905.0,0,21,1
2026-09-08T20,79,0,910.0,0,46,1
2026-09-08T20,79,0,915.0,0,18,1
2026-09-08T20,79,0,920.0,0,36,1
2026-09-08T20,79,0,925.0,32,0,1
2026-09-08T20,79,1,930.0,1,0,1
2026-09-08T20,79,1,935.0,0,100,1
2026-09-08T20,79,2,930.0,0,64,1
2026-09-08T20,79,2,935.0,0,829,3
2026-09-08T20,79,3,940.0,1215,0,2
2026-09-08T20,79,4,935.0,1128,1980,3
2026-09-08T20,79,4,940.0,3804,122,4
2026-09-08T20,79,5,945.0,856,1144,2
2026-09-08T20,79,5,950.0,3146,0,2
2026-09-08T21,79,0,915.0,0,6,2
2026-09-08T21,79,0,920.0,262,4,5
2026-09-08T21,79,0,925.0,99,0,1
2026-09-08T21,79,1,915.0,143,85,3
2026-09-08T21,79,1,920.0,0,6,1
2026-09-08T21,79,1,925.0,0,56,1
2026-09-08T21,79,2,925.0,0,130,1
2026-09-08T21,79,3,925.0,327,352,6
2026-09-08T21,79,3,930.0,360,1307,2
2026-09-08T21,79,4,930.0,503,448,2
2026-09-08T21,79,4,935.0,809,0,2
2026-09-08T21,79,5,950.0,1028,144,3
2026-09-08T22,79,0,905.0,64,0,1
2026-09-08T22,79,0,920.0,136,0,1
2026-09-08T22,79,2,925.0,0,21,1
2026-09-08T22,79,3,925.0,300,0,1
2026-09-08T22,79,4,925.0,0,687,2
2026-09-08T22,79,4,930.0,2112,0,4
2026-09-08T22,79,5,950.0,3740,0,1
2026-09-08T22,79,6,975.0,424,0,1
2026-09-08T22,79,7,995.0,0,5000,1
2026-09-08T22,79,8,990.0,0,129,1
2026-09-08T22,79,8,995.0,0,917,1
2026-09-08T22,79,8,1000.0,0,2463,1
2026-09-08T23,79,0,905.0,40,0,1
2026-09-08T23,79,2,910.0,672,0,4
2026-09-08T23,79,2,915.0,152,0,1
2026-09-08T23,79,3,925.0,0,39,1
2026-09-09T00,79,1,905.0,16,13,3
2026-09-09T00,79,2,900.0,0,14,1
2026-09-09T00,79,2,905.0,57,37,3
2026-09-09T00,79,2,910.0,0,183,1
2026-09-09T00,79,2,915.0,0,98,1
2026-09-09T00,79,2,920.0,0,2315,1
2026-09-09T00,79,2,925.0,65,0,1
2026-09-09T00,79,3,925.0,0,194,1
2026-09-09T00,79,4,925.0,0,660,2
2026-09-09T00,79,4,930.0,1574,0,3
2026-09-09T00,79,5,945.0,2252,0,2
2026-09-09T01,79,1,900.0,316,0,3
2026-09-09T01,79,2,915.0,0,255,1
2026-09-09T01,79,2,920.0,248,134,2
2026-09-09T01,79,2,925.0,926,55,3
2026-09-09T01,79,4,925.0,0,837,2
2026-09-09T01,79,4,930.0,1195,0,5
2026-09-09T02,79,0,895.0,32,0,2
2026-09-09T02,79,1,895.0,0,19,1
2026-09-09T02,79,1,900.0,0,120,1
2026-09-09T02,79,1,905.0,0,204,1
2026-09-09T02,79,2,915.0,0,30,1
2026-09-09T02,79,2,920.0,131,0,1
2026-09-09T02,79,3,925.0,5908,0,1
2026-09-09T02,79,4,925.0,0,280,1
2026-09-09T02,79,5,940.0,1780,0,1
2026-09-09T03,79,0,895.0,0,144,1
2026-09-09T03,79,0,900.0,0,27,2
2026-09-09T03,79,0,905.0,20,15,2
2026-09-09T03,79,0,910.0,84,9,2
2026-09-09T03,79,1,920.0,0,35,1
2026-09-09T03,79,2,905.0,0,260,1
2026-09-09T03,79,2,910.0,0,200,1
2026-09-09T03,79,2,915.0,0,114,1
2026-09-09T03,79,2,920.0,19,208,2
2026-09-09T03,79,2,925.0,853,493,3
2026-09-09T03,79,3,925.0,141,239,3
2026-09-09T03,79,4,930.0,404,0,2
2026-09-09T03,79,5,940.0,0,362,1
2026-09-09T04,79,0,885.0,0,26,1
2026-09-09T04,79,0,890.0,0,89,1
2026-09-09T04,79,0,895.0,1,42,2
2026-09-09T04,79,0,900.0,382,0,4
2026-09-09T04,79,2,925.0,333,0,3
2026-09-09T04,79,3,925.0,0,819,1
2026-09-09T04,79,4,930.0,1000,0,1
2026-09-09T05,79,0,895.0,0,1,1
2026-09-09T05,79,0,900.0,0,224,2
2026-09-09T05,79,0,905.0,0,47,1
2026-09-09T05,79,0,910.0,12,133,4
2026-09-09T05,79,0,915.0,0,58,2
2026-09-09T05,79,0,920.0,4,0,1
2026-09-09T05,79,1,920.0,112,40,2
2026-09-09T05,79,2,915.0,0,27,1
2026-09-09T05,79,2,920.0,0,45,1
2026-09-09T05,79,2,925.0,0,139,1
2026-09-09T05,79,3,925.0,712,843,3
2026-09-09T05,79,3,930.0,299,0,2
2026-09-09T05,79,4,930.0,4458,1114,7
2026-09-09T05,79,5,935.0,600,0,1
2026-09-09T05,79,5,940.0,268,0,1
2026-09-09T05,79,6,965.0,400,0,1
2026-09-09T06,79,0,915.0,0,32,1
2026-09-09T06,79,0,920.0,136,127,4
2026-09-09T06,79,1,920.0,364,138,6
2026-09-09T06,79,1,925.0,4,0,1
2026-09-09T06,79,2,925.0,627,33,4
2026-09-09T06,79,2,930.0,154,155,2
2026-09-09T06,79,3,930.0,909,37,2
2026-09-09T06,79,3,935.0,292,0,1
2026-09-09T06,79,3,940.0,0,1039,2
2026-09-09T06,79,4,935.0,0,2059,1
2026-09-09T06,79,4,940.0,0,1026,1
2026-09-09T06,79,4,945.0,1312,0,1
2026-09-09T06,79,5,935.0,0,5814,1
2026-09-09T06,79,5,940.0,0,1226,1
2026-09-09T06,79,5,945.0,0,2248,1
2026-09-09T07,79,0,870.0,175,0,1
2026-09-09T07,79,1,890.0,0,4,1
2026-09-09T07,79,1,915.0,0,156,2
2026-09-09T07,79,1,920.0,0,828,1
2026-09-09T07,79,1,925.0,0,440,1
2026-09-09T07,79,2,900.0,0,234,1
2026-09-09T07,79,3,925.0,181,523,2
2026-09-09T07,79,3,935.0,368,23,2
2026-09-09T07,79,4,940.0,0,300,1
2026-09-09T07,79,4,945.0,43,0,1
2026-09-09T07,79,5,950.0,1380,3350,2
2026-09-09T07,79,6,960.0,400,0,1
2026-09-09T08,79,0,860.0,0,9,1
2026-09-09T08,79,0,865.0,0,21,2
2026-09-09T08,79,0,870.0,311,0,2
2026-09-09T08,79,1,925.0,0,108,1
2026-09-09T08,79,1,930.0,0,85,1
2026-09-09T08,79,3,925.0,147,0,2
2026-09-09T08,79,3,930.0,1200,0,1
2026-09-09T08,79,3,935.0,129,0,1
2026-09-09T08,79,5,955.0,448,0,1
2026-09-09T08,79,6,960.0,5,0,1
2026-09-09T09,79,0,860.0,8,8,2
2026-09-09T09,79,0,865.0,0,341,2
2026-09-09T09,79,0,870.0,539,0,2
2026-09-09T09,79,3,920.0,0,497,1
2026-09-09T09,79,3,925.0,0,117,1
2026-09-09T09,79,3,930.0,285,0,2
2026-09-09T10,79,0,870.0,16,126,3
2026-09-09T10,79,0,895.0,0,12,1
2026-09-09T10,79,1,915.0,0,124,1
2026-09-09T10,79,1,920.0,0,120,1
2026-09-09T10,79,1,925.0,4,0,1
2026-09-09T10,79,2,920.0,0,94,1
2026-09-09T10,79,2,925.0,330,135,4
2026-09-09T10,79,3,920.0,0,363,1
2026-09-09T10,79,4,930.0,1160,838,2
2026-09-09T10,79,5,950.0,53,0,1
2026-09-09T10,79,6,960.0,0,628,2
2026-09-09T10,79,6,965.0,556,0,1
2026-09-09T11,79,0,870.0,0,11,1
2026-09-09T11,79,0,875.0,0,14,1
2026-09-09T11,79,0,880.0,0,36,1
2026-09-09T11,79,0,885.0,0,8,1
2026-09-09T11,79,0,890.0,0,4,1
2026-09-09T11,79,0,895.0,0,10,2
2026-09-09T11,79,0,900.0,20,0,1
2026-09-09T11,79,1,900.0,32,138,2
2026-09-09T11,79,1,905.0,0,400,1
2026-09-09T11,79,1,925.0,0,61,1
2026-09-09T11,79,2,925.0,245,6,2
2026-09-09T11,79,2,930.0,0,185,2
2026-09-09T11,79,3,930.0,1105,469,5
2026-09-09T11,79,3,935.0,60,0,2
2026-09-09T11,79,4,935.0,0,245,1
2026-09-09T11,79,4,940.0,0,550,1
2026-09-09T11,79,4,945.0,2397,0,1
2026-09-09T11,79,5,950.0,0,144,1
2026-09-09T11,79,5,955.0,1456,0,1
2026-09-09T11,79,6,960.0,0,153,1
2026-09-09T11,79,6,965.0,0,44,1
2026-09-09T11,79,6,970.0,43,0,1
2026-09-09T12,79,0,895.0,0,36,1
2026-09-09T12,79,0,900.0,0,287,2
2026-09-09T12,79,0,905.0,0,27,2
2026-09-09T12,79,0,910.0,36,2,3
2026-09-09T12,79,0,915.0,0,116,2
2026-09-09T12,79,0,920.0,0,87,2
2026-09-09T12,79,1,920.0,0,104,1
2026-09-09T12,79,2,920.0,0,4,1
2026-09-09T12,79,2,925.0,571,61,4
2026-09-09T12,79,3,930.0,2776,0,5
2026-09-09T12,79,4,930.0,274,872,3
2026-09-09T12,79,5,955.0,800,0,1
2026-09-09T13,79,0,895.0,128,0,1
2026-09-09T13,79,1,920.0,0,22,1
2026-09-09T13,79,1,925.0,0,912,1
2026-09-09T13,79,2,920.0,0,490,1
2026-09-09T13,79,2,930.0,0,150,2
2026-09-09T13,79,3,925.0,0,874,1
2026-09-09T13,79,3,930.0,40,2855,4
2026-09-09T13,79,3,935.0,3477,782,4
2026-09-09T13,79,4,925.0,0,233,1
2026-09-09T13,79,4,930.0,0,1176,2
2026-09-09T13,79,4,935.0,858,1738,4
2026-09-09T13,79,5,955.0,0,339,1
2026-09-09T13,79,5,960.0,1141,0,1
2026-09-09T14,79,0,880.0,0,10,1
2026-09-09T14,79,0,885.0,0,96,1
2026-09-09T14,79,0,890.0,0,42,2
2026-09-09T14,79,0,895.0,328,184,4
2026-09-09T14,79,0,900.0,243,0,1
2026-09-09T14,79,1,930.0,0,64,1
2026-09-09T14,79,2,925.0,0,62,1
2026-09-09T14,79,3,930.0,450,477,2
2026-09-09T14,79,4,930.0,7801,0,5
2026-09-09T14,79,4,935.0,130,0,1
2026-09-09T14,79,5,960.0,141,0,1
2026-09-09T14,79,6,970.0,0,1657,1
2026-09-09T14,79,6,975.0,0,576,1
2026-09-09T14,79,6,980.0,437,0,1
2026-09-09T14,79,7,970.0,0,572,1
2026-09-09T15,79,0,865.0,0,3,1
2026-09-09T15,79,0,870.0,0,178,1
2026-09-09T15,79,0,895.0,16,0,1
2026-09-09T15,79,0,900.0,270,0,1
2026-09-09T15,79,1,910.0,0,34,1
2026-09-09T15,79,2,920.0,212,68,2
2026-09-09T15,79,2,925.0,0,14,1
2026-09-09T15,79,3,925.0,0,1086,2
2026-09-09T15,79,4,925.0,456,0,2
2026-09-09T15,79,4,930.0,5518,0,4
2026-09-09T15,79,5,950.0,393,5633,2
2026-09-09T15,79,5,960.0,2319,1280,2
2026-09-09T15,79,6,980.0,2128,0,2
2026-09-09T16,79,0,885.0,0,20,1
2026-09-09T16,79,0,890.0,0,2,1
2026-09-09T16,79,0,895.0,0,92,1
2026-09-09T16,79,0,900.0,99,0,1
2026-09-09T16,79,2,910.0,0,62,1
2026-09-09T16,79,2,915.0,18,97,3
2026-09-09T16,79,2,920.0,944,0,2
2026-09-09T16,79,4,925.0,8,36,2
2026-09-09T16,79,4,930.0,1740,0,1
2026-09-09T17,79,0,880.0,0,2,1
2026-09-09T17,79,0,885.0,0,4,1
2026-09-09T17,79,0,890.0,0,6,1
2026-09-09T17,79,0,895.0,0,9,1
2026-09-09T17,79,0,900.0,40,0,2
2026-09-09T17,79,1,905.0,0,60,1
2026-09-09T17,79,2,915.0,0,256,2
2026-09-09T17,79,2,920.0,922,0,4
2026-09-09T17,79,3,925.0,124,445,2
2026-09-09T17,79,4,920.0,0,3168,1
2026-09-09T17,79,4,925.0,0,58,1
2026-09-09T17,79,4,930.0,424,482,2
2026-09-09T17,79,4,935.0,2697,30,4
2026-09-09T18,79,0,880.0,2,0,1
2026-09-09T18,79,1,910.0,0,228,1
2026-09-09T18,79,2,910.0,0,528,1
2026-09-09T18,79,2,915.0,4074,90,6
2026-09-09T18,79,4,930.0,640,0,1
2026-09-09T18,79,6,980.0,3566,0,3
2026-09-09T19,79,0,850.0,0,16,1
2026-09-09T19,79,0,855.0,0,2,1
2026-09-09T19,79,0,860.0,20,0,2
2026-09-09T19,79,1,890.0,0,11,1
2026-09-09T19,79,1,895.0,0,3,1
2026-09-09T19,79,1,900.0,0,6,1
2026-09-09T19,79,1,915.0,20,12,2
2026-09-09T19,79,1,920.0,8,0,1
2026-09-09T19,79,2,900.0,0,89,1
2026-09-09T19,79,2,905.0,0,642,2
2026-09-09T19,79,2,910.0,0,33,1
2026-09-09T19,79,2,915.0,0,1294,1
2026-09-09T19,79,2,920.0,990,709,4
2026-09-09T19,79,2,925.0,0,27,1
2026-09-09T19,79,3,925.0,0,876,1
2026-09-09T19,79,3,930.0,0,1672,1
2026-09-09T19,79,4,920.0,940,60,2
2026-09-09T19,79,4,925.0,16,436,2
2026-09-09T19,79,4,930.0,0,2199,2
2026-09-09T19,79,4,935.0,1270,101,6
2026-09-09T19,79,7,995.0,0,269,1
2026-09-09T19,79,7,1000.0,0,2000,1
2026-09-09T19,79,8,1000.0,0,1000,1
2026-09-09T20,79,0,850.0,0,1,1
2026-09-09T20,79,0,855.0,0,278,2
2026-09-09T20,79,0,860.0,0,132,1
2026-09-09T20,79,0,865.0,0,21,1
2026-09-09T20,79,0,870.0,0,49,1
2026-09-09T20,79,0,875.0,148,131,2
2026-09-09T20,79,1,920.0,0,1914,1
2026-09-09T20,79,1,925.0,0,16,1
2026-09-09T20,79,1,930.0,0,158,1
2026-09-09T20,79,2,925.0,0,129,2
2026-09-09T20,79,3,925.0,0,23,1
2026-09-09T20,79,3,930.0,1422,0,2
2026-09-09T20,79,3,935.0,2692,0,2
2026-09-09T20,79,4,930.0,0,177,1
2026-09-09T20,79,4,935.0,0,1432,1
2026-09-09T20,79,5,965.0,320,1680,2
2026-09-09T20,79,5,970.0,0,830,1
2026-09-09T20,79,5,975.0,984,0,1
2026-09-09T20,79,6,975.0,0,10,1
2026-09-09T20,79,10,1030.0,0,1000,1
2026-09-09T21,79,0,850.0,40,5,2
2026-09-09T21,79,0,855.0,4,22,2
2026-09-09T21,79,0,860.0,0,16,1
2026-09-09T21,79,0,865.0,0,14,1
2026-09-09T21,79,0,870.0,0,36,3
2026-09-09T21,79,0,875.0,0,204,2
2026-09-09T21,79,0,880.0,0,16,2
2026-09-09T21,79,0,890.0,0,4,1
2026-09-09T21,79,0,895.0,2,18,3
2026-09-09T21,79,0,900.0,7,0,1
2026-09-09T21,79,1,905.0,32,7,2
2026-09-09T21,79,1,910.0,0,40,1
2026-09-09T21,79,1,920.0,394,164,5
2026-09-09T21,79,1,925.0,521,0,1
2026-09-09T21,79,4,930.0,2269,0,4
2026-09-09T21,79,5,975.0,0,438,1
2026-09-09T21,79,6,980.0,0,1505,2
2026-09-09T21,79,6,985.0,455,0,1
2026-09-09T22,79,0,895.0,0,96,1
2026-09-09T22,79,0,900.0,284,0,3
2026-09-09T22,79,1,905.0,0,30,1
2026-09-09T22,79,1,910.0,14,14,2
2026-09-09T22,79,2,900.0,0,21,1
2026-09-09T22,79,2,905.0,41,5,2
2026-09-09T22,79,2,910.0,0,218,1
2026-09-09T22,79,2,915.0,373,0,1
2026-09-09T22,79,3,915.0,112,1330,3
2026-09-09T22,79,3,920.0,0,187,1
2026-09-09T22,79,4,920.0,0,190,1
2026-09-09T23,79,0,890.0,0,15,1
2026-09-09T23,79,0,895.0,0,14,3
2026-09-09T23,79,0,900.0,131,0,2
2026-09-09T23,79,1,910.0,0,100,1
2026-09-09T23,79,1,925.0,0,50,1
2026-09-09T23,79,2,915.0,0,75,1
2026-09-09T23,79,3,925.0,1456,0,3
2026-09-09T23,79,4,925.0,0,940,1
2026-09-09T23,79,4,930.0,260,203,2
2026-09-10T00,79,0,895.0,0,8,1
2026-09-10T00,79,0,900.0,44,0,2
2026-09-10T00,79,2,910.0,0,157,1
2026-09-10T00,79,2,915.0,40,3989,2
2026-09-10T00,79,3,925.0,252,1968,3
2026-09-10T00,79,3,930.0,3626,0,4
2026-09-10T00,79,4,930.0,0,19,1
2026-09-10T00,79,4,935.0,866,0,3
2026-09-10T01,79,1,915.0,55,161,3
2026-09-10T01,79,1,930.0,0,185,1
2026-09-10T01,79,1,935.0,0,500,1
2026-09-10T01,79,2,915.0,0,387,1
2026-09-10T01,79,2,920.0,0,1137,1
2026-09-10T01,79,2,930.0,0,98,1
2026-09-10T01,79,2,935.0,0,420,1
2026-09-10T01,79,3,920.0,93,355,2
2026-09-10T01,79,3,925.0,0,500,1
2026-09-10T01,79,3,930.0,424,752,4
2026-09-10T01,79,3,935.0,0,1915,2
2026-09-10T01,79,4,925.0,0,423,1
2026-09-10T01,79,4,930.0,0,319,1
2026-09-10T01,79,4,935.0,432,702,2
2026-09-10T01,79,4,940.0,797,3316,4
2026-09-10T02,79,0,890.0,0,13,1
2026-09-10T02,79,0,895.0,4,54,3
2026-09-10T02,79,0,900.0,113,0,1
2026-09-10T02,79,2,910.0,0,250,1
2026-09-10T02,79,2,915.0,0,80,1
2026-09-10T02,79,2,920.0,77,423,3
2026-09-10T02,79,2,925.0,521,0,2
2026-09-10T02,79,3,925.0,0,300,1
2026-09-10T02,79,3,930.0,545,0,2
2026-09-10T02,79,5,930.0,0,15730,1
2026-09-10T03,79,0,900.0,66,0,1
2026-09-10T03,79,1,920.0,160,0,1
2026-09-10T03,79,1,925.0,0,182,1
2026-09-10T03,79,2,920.0,0,598,1
2026-09-10T03,79,2,925.0,0,199,1
2026-09-10T03,79,3,925.0,264,0,2
2026-09-10T03,79,3,930.0,1477,0,2
2026-09-10T03,79,4,935.0,0,752,1
2026-09-10T03,79,5,940.0,1416,299,3
2026-09-10T03,79,5,945.0,579,0,1
2026-09-10T03,79,6,945.0,0,1450,1
2026-09-10T04,79,0,880.0,0,237,1
2026-09-10T04,79,0,900.0,563,0,1
2026-09-10T04,79,1,910.0,0,75,1
2026-09-10T04,79,1,915.0,0,766,2
2026-09-10T04,79,1,920.0,64,438,2
2026-09-10T04,79,2,920.0,267,33,3
2026-09-10T04,79,2,925.0,465,0,3
2026-09-10T04,79,3,920.0,8,142,2
2026-09-10T04,79,3,925.0,0,191,2
2026-09-10T04,79,4,930.0,16,0,1
2026-09-10T04,79,6,950.0,0,3753,1
2026-09-10T05,79,0,885.0,56,0,1
2026-09-10T05,79,0,895.0,32,0,1
2026-09-10T05,79,1,915.0,0,11,1
2026-09-10T05,79,1,920.0,15,0,2
2026-09-10T05,79,2,920.0,0,112,1
2026-09-10T05,79,2,925.0,53,64,3
2026-09-10T05,79,3,930.0,0,1250,1
2026-09-10T05,79,4,930.0,767,765,3
2026-09-10T05,79,5,930.0,0,1500,1
2026-09-10T05,79,5,935.0,8470,0,5
2026-09-10T05,79,7,990.0,3600,0,1
2026-09-10T06,79,0,885.0,0,6,1
2026-09-10T06,79,0,890.0,0,3,1
2026-09-10T06,79,0,895.0,2,85,4
2026-09-10T06,79,0,900.0,364,0,5
2026-09-10T06,79,1,920.0,304,0,2
2026-09-10T06,79,2,915.0,0,78,1
2026-09-10T06,79,2,920.0,0,167,1
2026-09-10T06,79,3,915.0,0,243,1
2026-09-10T06,79,3,920.0,374,106,3
2026-09-10T06,79,3,925.0,400,0,3
2026-09-10T06,79,4,930.0,160,0,1
2026-09-10T06,79,5,935.0,0,30,1
2026-09-10T06,79,5,940.0,14970,0,1
2026-09-10T07,79,0,890.0,0,9,1
2026-09-10T07,79,0,895.0,6,73,3
2026-09-10T07,79,0,900.0,356,1021,8
2026-09-10T07,79,0,905.0,0,56,2
2026-09-10T07,79,0,910.0,0,177,2
2026-09-10T07,79,1,915.0,262,0,2
2026-09-10T07,79,2,920.0,101,115,2
2026-09-10T07,79,3,915.0,0,80,1
2026-09-10T07,79,3,920.0,1663,0,2
2026-09-10T07,79,5,940.0,1364,0,1
2026-09-10T08,79,0,910.0,68,94,4
2026-09-10T08,79,0,915.0,0,238,3
2026-09-10T08,79,1,915.0,164,30,2
2026-09-10T08,79,2,920.0,163,0,1
2026-09-10T08,79,3,915.0,1743,0,5
2026-09-10T08,79,3,920.0,665,237,3
2026-09-10T09,79,0,905.0,17,370,3
2026-09-10T09,79,0,910.0,349,2,2
2026-09-10T09,79,1,910.0,141,75,6
2026-09-10T09,79,3,910.0,0,28,1
2026-09-10T09,79,3,915.0,0,138,1
2026-09-10T09,79,3,920.0,390,0,1
2026-09-10T09,79,4,920.0,0,125,1
2026-09-10T09,79,4,925.0,0,148,1
2026-09-10T09,79,4,930.0,0,294,1
2026-09-10T09,79,5,940.0,1873,0,2
2026-09-10T10,79,0,900.0,0,23,2
2026-09-10T10,79,1,905.0,999,0,3
2026-09-10T10,79,1,910.0,0,54,1
2026-09-10T10,79,2,910.0,0,44,1
2026-09-10T10,79,2,915.0,0,81,2
2026-09-10T10,79,3,915.0,2016,324,3
2026-09-10T10,79,3,920.0,2803,0,3
2026-09-10T10,79,4,925.0,1000,0,1
2026-09-10T10,79,5,940.0,128,0,1
2026-09-10T11,79,0,895.0,0,27,1
2026-09-10T11,79,0,900.0,0,133,3
2026-09-10T11,79,1,905.0,209,0,5
2026-09-10T11,79,2,910.0,0,9,1
2026-09-10T11,79,2,915.0,0,217,1
2026-09-10T11,79,3,920.0,45,0,1
2026-09-10T12,79,0,900.0,528,71,3
2026-09-10T12,79,1,900.0,0,32,1
2026-09-10T12,79,1,905.0,112,127,2
2026-09-10T12,79,2,915.0,0,165,2
2026-09-10T12,79,3,915.0,102,458,4
2026-09-10T12,79,3,920.0,2419,0,3
2026-09-10T12,79,4,925.0,104,0,1
2026-09-10T12,79,5,930.0,2552,0,4
2026-09-10T12,79,6,985.0,576,0,1
2026-09-10T13,79,0,890.0,0,8,1
2026-09-10T13,79,0,895.0,0,11,1
2026-09-10T13,79,1,890.0,0,22,1
2026-09-10T13,79,2,870.0,962,0,1
2026-09-10T13,79,2,890.0,0,71,1
2026-09-10T13,79,2,895.0,0,63,1
2026-09-10T13,79,2,900.0,249,1792,2
2026-09-10T13,79,2,910.0,24,0,1
2026-09-10T13,79,3,910.0,0,725,2
2026-09-10T13,79,3,915.0,880,808,3
2026-09-10T13,79,3,920.0,18,0,1
2026-09-10T14,79,0,870.0,0,24,1
2026-09-10T14,79,0,875.0,0,1,1
2026-09-10T14,79,0,880.0,0,57,3
2026-09-10T14,79,0,885.0,7,28,2
2026-09-10T14,79,0,890.0,352,0,1
2026-09-10T14,79,1,890.0,0,71,1
2026-09-10T14,79,1,895.0,88,0,2
2026-09-10T14,79,2,870.0,0,422,1
2026-09-10T14,79,2,895.0,0,1024,2
2026-09-10T14,79,2,900.0,0,588,2
2026-09-10T14,79,2,905.0,0,272,1
2026-09-10T14,79,2,910.0,0,287,1
2026-09-10T14,79,2,920.0,149,4587,2
2026-09-10T14,79,2,925.0,0,355,2
2026-09-10T14,79,3,920.0,0,948,2
2026-09-10T14,79,3,925.0,0,1246,4
2026-09-10T14,79,3,930.0,0,1265,1
2026-09-10T14,79,4,925.0,0,2719,3
2026-09-10T14,79,4,930.0,4221,3779,5
2026-09-10T14,79,4,935.0,3500,0,1
2026-09-10T14,79,5,930.0,436,12,2
2026-09-10T14,79,5,935.0,2440,481,2
2026-09-10T14,79,6,985.0,0,2505,2
2026-09-10T14,79,6,990.0,7615,2385,2
2026-09-10T14,79,7,990.0,0,1400,1
2026-09-10T14,79,7,995.0,757,0,1
2026-09-10T15,79,0,865.0,4,0,1
2026-09-10T15,79,1,890.0,0,50,1
2026-09-10T15,79,1,895.0,431,1638,4
2026-09-10T15,79,2,925.0,0,541,1
2026-09-10T15,79,3,915.0,1,0,1
2026-09-10T15,79,4,925.0,800,591,2
2026-09-10T15,79,4,930.0,2631,0,3
2026-09-10T15,79,5,935.0,135,0,1
2026-09-10T16,79,0,865.0,0,188,1
2026-09-10T16,79,0,870.0,0,195,1
2026-09-10T16,79,0,875.0,0,19,1
2026-09-10T16,79,0,880.0,0,17,1
2026-09-10T16,79,0,885.0,82,105,3
2026-09-10T16,79,0,890.0,0,18,1
2026-09-10T16,79,2,905.0,0,4,1
2026-09-10T16,79,2,910.0,685,3,2
2026-09-10T16,79,3,910.0,35,338,3
2026-09-10T16,79,3,915.0,1147,297,5
2026-09-10T16,79,4,920.0,177,0,1
2026-09-10T17,79,0,880.0,0,17,1
2026-09-10T17,79,0,885.0,0,16,2
2026-09-10T17,79,0,900.0,73,4,3
2026-09-10T17,79,1,885.0,0,414,1
2026-09-10T17,79,1,890.0,228,341,5
2026-09-10T17,79,1,895.0,0,53,1
2026-09-10T17,79,2,905.0,1245,0,2
2026-09-10T17,79,3,910.0,0,78,1
2026-09-10T17,79,3,915.0,22,234,2
2026-09-10T17,79,4,915.0,0,621,1
2026-09-10T17,79,4,920.0,500,404,2
2026-09-10T17,79,4,925.0,0,246,2
2026-09-10T17,79,5,930.0,538,2462,2
2026-09-10T17,79,7,995.0,800,0,1
2026-09-10T18,79,0,895.0,16,0,1
2026-09-10T18,79,0,900.0,104,0,2
2026-09-10T18,79,1,890.0,0,23,1
2026-09-10T18,79,1,900.0,0,817,1
2026-09-10T18,79,1,905.0,0,9,1
2026-09-10T18,79,2,905.0,1296,1987,7
2026-09-10T18,79,2,910.0,0,1130,3
2026-09-10T18,79,3,905.0,0,963,1
2026-09-10T18,79,3,910.0,0,150,1
2026-09-10T18,79,4,915.0,1100,0,2
2026-09-10T18,79,5,935.0,2800,0,1
2026-09-10T18,79,6,990.0,2066,0,1
2026-09-10T19,79,0,885.0,0,70,1
2026-09-10T19,79,0,890.0,0,19,1
2026-09-10T19,79,0,895.0,171,137,3
2026-09-10T19,79,0,900.0,319,466,5
2026-09-10T19,79,0,905.0,0,84,2
2026-09-10T19,79,0,910.0,0,294,2
2026-09-10T19,79,1,910.0,0,56,1
2026-09-10T19,79,1,915.0,0,359,1
2026-09-10T19,79,1,920.0,1539,57,2
2026-09-10T19,79,2,915.0,24,103,2
2026-09-10T19,79,2,920.0,253,598,5
2026-09-10T19,79,3,905.0,80,8,2
2026-09-10T19,79,3,910.0,0,160,2
2026-09-10T19,79,3,920.0,0,1153,2
2026-09-10T19,79,3,925.0,0,1152,1
2026-09-10T19,79,4,915.0,984,960,3
2026-09-10T19,79,4,920.0,168,927,3
2026-09-10T19,79,4,925.0,0,333,1
2026-09-10T19,79,5,925.0,480,2520,2
2026-09-10T19,79,5,930.0,1359,0,2
2026-09-10T19,79,6,990.0,168,0,1
2026-09-10T20,79,0,910.0,0,42,1
2026-09-10T20,79,1,905.0,0,62,1
2026-09-10T20,79,1,910.0,0,53,1
2026-09-10T20,79,1,915.0,203,687,4
2026-09-10T20,79,1,920.0,0,532,1
2026-09-10T20,79,1,930.0,363,202,2
2026-09-10T20,79,2,920.0,0,96,1
2026-09-10T20,79,2,925.0,0,25,1
2026-09-10T20,79,2,930.0,0,1145,3
2026-09-10T20,79,3,925.0,823,130,2
2026-09-10T20,79,4,925.0,274,796,3
2026-09-10T20,79,4,930.0,0,429,1
2026-09-10T20,79,5,930.0,336,3767,2
2026-09-10T20,79,5,935.0,10384,0,6
2026-09-10T20,79,6,990.0,208,0,1
2026-09-10T20,79,7,995.0,512,0,1
2026-09-10T20,79,10,1030.0,1,0,1
2026-09-10T21,79,0,890.0,8,0,1
2026-09-10T21,79,1,900.0,0,16,1
2026-09-10T21,79,1,915.0,0,20,1
2026-09-10T21,79,1,925.0,108,51,2
2026-09-10T21,79,2,930.0,272,432,2
2026-09-10T21,79,3,925.0,0,153,1
2026-09-10T21,79,3,930.0,0,77,1
2026-09-10T21,79,4,930.0,544,760,4
2026-09-10T21,79,5,935.0,635,0,1
2026-09-10T21,79,10,1030.0,0,2584,2
2026-09-10T22,79,0,890.0,0,92,2
2026-09-10T22,79,0,895.0,0,8,1
2026-09-10T22,79,0,900.0,0,30,1
2026-09-10T22,79,0,905.0,0,13,1
2026-09-10T22,79,0,910.0,0,8,1
2026-09-10T22,79,0,915.0,14,3,2
2026-09-10T22,79,0,925.0,248,64,3
2026-09-10T22,79,1,925.0,15,0,1
2026-09-10T22,79,2,920.0,272,144,2
2026-09-10T22,79,2,930.0,667,0,2
2026-09-10T22,79,3,925.0,0,579,1
2026-09-10T22,79,4,930.0,0,893,1
2026-09-10T22,79,4,935.0,5793,0,2
2026-09-10T22,79,5,935.0,2389,4841,3
2026-09-10T22,79,5,940.0,1960,0,2
2026-09-10T22,79,6,990.0,624,0,1
2026-09-10T22,79,8,1000.0,0,1619,1
2026-09-10T22,79,8,1010.0,0,2000,1
2026-09-10T23,79,0,915.0,0,3,1
2026-09-10T23,79,1,920.0,5,406,2
2026-09-10T23,79,1,925.0,0,585,1
2026-09-10T23,79,2,930.0,304,0,2
2026-09-10T23,79,3,925.0,56,0,1
2026-09-10T23,79,3,930.0,372,128,3
2026-09-10T23,79,5,930.0,140,60,2
2026-09-10T23,79,5,935.0,1537,0,4
2026-09-11T00,79,0,915.0,0,19,1
2026-09-11T00,79,1,910.0,82,0,2
2026-09-11T00,79,2,915.0,80,11,2
2026-09-11T00,79,2,920.0,704,0,3
2026-09-11T00,79,3,925.0,0,82,1
2026-09-11T00,79,4,930.0,0,412,1
2026-09-11T00,79,4,935.0,2544,0,4
2026-09-11T00,79,5,935.0,0,463,1
2026-09-11T00,79,5,940.0,48,0,1
2026-09-11T01,79,1,905.0,32,0,2
2026-09-11T01,79,2,900.0,60,0,1
2026-09-11T01,79,2,915.0,0,27,1
2026-09-11T01,79,2,920.0,2877,0,1
2026-09-11T01,79,3,925.0,0,70,1
2026-09-11T01,79,3,930.0,426,0,2
2026-09-11T01,79,4,930.0,0,1230,2
2026-09-11T01,79,4,935.0,1563,939,3
2026-09-11T02,79,0,885.0,0,2,1
2026-09-11T02,79,0,890.0,0,21,1
2026-09-11T02,79,0,895.0,51,0,2
2026-09-11T02,79,3,910.0,232,0,1
2026-09-11T02,79,5,935.0,0,1504,1
2026-09-11T02,79,5,940.0,276,0,1
2026-09-11T03,79,1,895.0,16,16,2
2026-09-11T03,79,1,905.0,0,360,1
2026-09-11T03,79,1,910.0,0,38,1
2026-09-11T03,79,2,900.0,180,46,2
2026-09-11T03,79,2,905.0,290,769,3
2026-09-11T03,79,2,910.0,0,432,1
2026-09-11T03,79,2,915.0,73,0,2
2026-09-11T03,79,3,910.0,0,136,1
2026-09-11T03,79,3,915.0,0,62,1
2026-09-11T03,79,3,920.0,0,84,1
2026-09-11T03,79,3,925.0,2658,1260,2
2026-09-11T03,79,4,925.0,0,500,1
2026-09-11T03,79,4,930.0,748,0,1
2026-09-11T04,79,0,875.0,40,182,2
2026-09-11T04,79,0,880.0,0,15,1
2026-09-11T04,79,0,885.0,0,22,2
2026-09-11T04,79,0,890.0,0,41,2
2026-09-11T04,79,0,895.0,0,197,1
2026-09-11T04,79,0,900.0,0,4,1
2026-09-11T04,79,1,910.0,230,0,2
2026-09-11T04,79,2,915.0,900,0,2
2026-09-11T04,79,3,925.0,150,0,2
2026-09-11T05,79,0,895.0,0,15,1
2026-09-11T05,79,0,900.0,17,223,3
2026-09-11T05,79,0,905.0,0,121,2
2026-09-11T05,79,0,910.0,0,96,2
2026-09-11T05,79,1,905.0,0,2,1
2026-09-11T05,79,1,910.0,150,711,5
2026-09-11T05,79,1,915.0,1179,0,5
2026-09-11T05,79,2,915.0,146,80,3
2026-09-11T05,79,2,920.0,0,78,1
2026-09-11T05,79,3,915.0,344,383,2
2026-09-11T05,79,3,920.0,216,551,3
2026-09-11T05,79,3,925.0,353,0,1
2026-09-11T05,79,4,920.0,96,329,2
2026-09-11T05,79,4,925.0,168,2025,3
2026-09-11T05,79,4,930.0,0,404,1
2026-09-11T05,79,5,935.0,442,0,1
2026-09-11T06,79,1,910.0,396,0,2
2026-09-11T06,79,1,915.0,248,0,2
2026-09-11T06,79,2,920.0,0,338,2
2026-09-11T06,79,2,925.0,127,78,2
2026-09-11T06,79,3,925.0,1116,1182,3
2026-09-11T06,79,5,930.0,269,0,2
2026-09-11T07,79,0,910.0,16,84,3
2026-09-11T07,79,0,915.0,88,0,1
2026-09-11T07,79,1,910.0,0,311,1
2026-09-11T07,79,1,915.0,710,103,6
2026-09-11T07,79,2,915.0,39,151,2
2026-09-11T07,79,2,920.0,120,0,1
2026-09-11T07,79,3,925.0,116,0,1
2026-09-11T07,79,5,930.0,0,363,1
2026-09-11T07,79,5,935.0,7233,333,2
2026-09-11T07,79,5,940.0,1259,0,1
2026-09-11T08,79,2,920.0,126,146,2
2026-09-11T08,79,3,920.0,0,1077,1
2026-09-11T08,79,3,925.0,662,281,3
2026-09-11T08,79,5,940.0,136,0,1
2026-09-11T08,79,8,1010.0,913,0,1
2026-09-11T08,79,10,1020.0,0,1000,1
2026-09-11T09,79,0,870.0,0,14,1
2026-09-11T09,79,0,885.0,40,0,1
2026-09-11T09,79,0,900.0,144,0,1
2026-09-11T09,79,2,915.0,0,224,1
2026-09-11T09,79,2,920.0,0,92,1
2026-09-11T09,79,3,910.0,0,590,1
2026-09-11T09,79,3,915.0,0,185,1
2026-09-11T09,79,3,920.0,0,688,2
2026-09-11T09,79,3,925.0,1579,0,3
2026-09-11T09,79,4,925.0,0,1527,1
2026-09-11T09,79,5,940.0,4000,0,1
2026-09-11T09,79,6,975.0,1136,0,1
2026-09-11T10,79,0,860.0,0,4,1
2026-09-11T10,79,0,865.0,0,21,1
2026-09-11T10,79,0,870.0,0,48,1
2026-09-11T10,79,0,875.0,0,115,2
2026-09-11T10,79,0,880.0,132,0,1
2026-09-11T10,79,1,895.0,0,14,1
2026-09-11T10,79,1,905.0,0,2037,2
2026-09-11T10,79,1,910.0,25,0,1
2026-09-11T10,79,2,900.0,0,81,1
2026-09-11T10,79,2,915.0,0,89,1
2026-09-11T10,79,3,910.0,884,0,1
2026-09-11T10,79,3,920.0,772,1166,3
2026-09-11T11,79,0,870.0,0,7,3
2026-09-11T11,79,0,875.0,552,320,4
2026-09-11T11,79,0,880.0,191,0,1
2026-09-11T11,79,1,900.0,0,137,2
2026-09-11T11,79,1,910.0,0,18,1
2026-09-11T11,79,2,900.0,1133,265,2
2026-09-11T11,79,2,905.0,0,16,1
2026-09-11T11,79,3,905.0,0,447,1
2026-09-11T11,79,3,910.0,129,736,2
2026-09-11T11,79,3,915.0,0,472,2
2026-09-11T11,79,3,920.0,604,0,1
2026-09-11T11,79,4,915.0,0,320,1
2026-09-11T11,79,4,920.0,383,37,2
2026-09-11T11,79,4,925.0,1214,0,1
2026-09-11T11,79,5,940.0,399,1209,3
2026-09-11T11,79,6,975.0,240,0,2
2026-09-11T12,79,0,870.0,0,45,1
2026-09-11T12,79,0,875.0,0,3,1
2026-09-11T12,79,0,880.0,17,0,2
2026-09-11T12,79,3,910.0,68,876,2
2026-09-11T12,79,3,915.0,246,0,1
2026-09-11T12,79,4,915.0,371,180,3
2026-09-11T12,79,4,920.0,476,0,1
2026-09-11T12,79,6,970.0,0,28,1
2026-09-11T12,79,6,975.0,0,1674,1
2026-09-11T13,79,0,850.0,56,23,3
2026-09-11T13,79,0,855.0,153,1,3
2026-09-11T13,79,0,860.0,384,0,1
2026-09-11T13,79,1,900.0,160,46,2
2026-09-11T13,79,1,905.0,0,188,2
2026-09-11T13,79,1,910.0,119,0,2
2026-09-11T13,79,3,915.0,204,739,4
2026-09-11T13,79,3,920.0,224,0,1
2026-09-11T13,79,4,920.0,0,1326,1
2026-09-11T13,79,4,925.0,3333,0,1
2026-09-11T14,79,0,855.0,0,10,1
2026-09-11T14,79,0,860.0,104,0,2
2026-09-11T14,79,1,910.0,192,43,4
2026-09-11T14,79,2,905.0,0,62,1
2026-09-11T14,79,3,910.0,0,152,1
2026-09-11T14,79,3,915.0,0,383,2
2026-09-11T14,79,3,920.0,1621,0,1
2026-09-11T14,79,4,915.0,2392,161,3
2026-09-11T14,79,4,920.0,637,2995,5
2026-09-11T14,79,5,930.0,0,1024,1
2026-09-11T14,79,5,935.0,1232,6635,3
2026-09-11T14,79,5,940.0,1193,444,3
2026-09-11T14,79,6,980.0,0,1000,1
2026-09-11T14,79,6,985.0,3548,0,3
2026-09-11T14,79,10,1010.0,0,504,1
2026-09-11T14,79,10,1020.0,0,3500,1
2026-09-11T14,79,10,1030.0,0,1000,1
2026-09-11T15,79,0,850.0,0,1056,3
2026-09-11T15,79,0,855.0,0,49,2
2026-09-11T15,79,0,860.0,31,109,3
2026-09-11T15,79,0,865.0,0,64,2
2026-09-11T15,79,0,870.0,332,0,2
2026-09-11T15,79,1,890.0,0,32,1
2026-09-11T15,79,1,895.0,0,29,1
2026-09-11T15,79,1,900.0,1038,0,4
2026-09-11T15,79,2,905.0,0,220,1
2026-09-11T15,79,3,910.0,40,0,1
2026-09-11T15,79,6,985.0,1152,0,1
2026-09-11T16,79,0,870.0,0,168,1
2026-09-11T16,79,0,880.0,664,0,3
2026-09-11T16,79,1,875.0,0,48,1
2026-09-11T16,79,1,880.0,0,213,1
2026-09-11T16,79,1,890.0,0,65,1
2026-09-11T16,79,2,870.0,0,95,1
2026-09-11T16,79,2,885.0,0,267,1
2026-09-11T16,79,3,890.0,605,29,2
2026-09-11T16,79,4,890.0,1848,777,6
2026-09-11T16,79,4,895.0,1713,0,3
2026-09-11T16,79,5,935.0,0,192,1
2026-09-11T16,79,5,940.0,2384,7975,3
2026-09-11T16,79,5,945.0,2329,0,1
2026-09-11T17,79,0,865.0,0,5,1
2026-09-11T17,79,0,870.0,0,16,1
2026-09-11T17,79,0,875.0,4,154,2
2026-09-11T17,79,0,880.0,431,0,1
2026-09-11T17,79,2,885.0,1,335,2
2026-09-11T17,79,3,885.0,32,130,2
2026-09-11T17,79,3,890.0,1478,897,6
2026-09-11T17,79,3,900.0,0,26,1
2026-09-11T17,79,3,905.0,0,177,1
2026-09-11T17,79,3,910.0,1002,0,1
2026-09-11T17,79,4,895.0,0,287,1
2026-09-11T17,79,4,900.0,2141,763,2
2026-09-11T17,79,4,915.0,101,424,2
2026-09-11T17,79,5,935.0,1507,0,1
2026-09-11T17,79,6,985.0,1668,0,1
2026-09-11T17,79,7,985.0,0,1264,1
2026-09-11T18,79,0,870.0,0,48,1
2026-09-11T18,79,1,895.0,192,7,2
2026-09-11T18,79,1,900.0,518,0,3
2026-09-11T18,79,2,890.0,0,300,1
2026-09-11T18,79,2,895.0,0,289,2
2026-09-11T18,79,3,910.0,0,158,1
2026-09-11T18,79,3,920.0,4281,0,3
2026-09-11T18,79,4,910.0,0,118,1
2026-09-11T18,79,4,915.0,442,185,3
2026-09-11T18,79,4,920.0,51,3426,3
2026-09-11T18,79,6,985.0,0,129,1
2026-09-11T18,79,7,990.0,2417,0,1
2026-09-11T19,79,0,875.0,16,0,1
2026-09-11T19,79,1,895.0,96,454,2
2026-09-11T19,79,1,900.0,409,0,2
2026-09-11T19,79,2,910.0,0,480,1
2026-09-11T19,79,2,920.0,0,379,1
2026-09-11T19,79,3,920.0,40,1697,3
2026-09-11T19,79,4,915.0,0,357,1
2026-09-11T19,79,4,920.0,0,148,3
2026-09-11T19,79,4,925.0,6326,0,7
2026-09-11T19,79,9,1020.0,0,2000,1
2026-09-11T20,79,0,860.0,40,0,1
2026-09-11T20,79,1,880.0,0,1,1
2026-09-11T20,79,1,885.0,0,158,1
2026-09-11T20,79,1,890.0,0,11,1
2026-09-11T20,79,1,895.0,0,282,1
2026-09-11T20,79,1,900.0,0,291,2
2026-09-11T20,79,1,905.0,0,104,2
2026-09-11T20,79,1,910.0,0,1587,3
2026-09-11T20,79,1,915.0,0,539,2
2026-09-11T20,79,2,915.0,0,20,1
2026-09-11T20,79,2,920.0,628,110,3
2026-09-11T20,79,3,920.0,276,386,2
2026-09-11T20,79,4,920.0,0,644,1
2026-09-11T20,79,4,925.0,4055,0,6
2026-09-11T20,79,5,930.0,149,0,1
2026-09-11T20,79,7,990.0,1201,0,1
2026-09-11T21,79,0,855.0,0,34,2
2026-09-11T21,79,0,860.0,0,60,1
2026-09-11T21,79,0,865.0,14,15,2
2026-09-11T21,79,0,870.0,0,70,1
2026-09-11T21,79,0,875.0,1,162,4
2026-09-11T21,79,0,880.0,2,0,1
2026-09-11T21,79,1,915.0,106,0,1
2026-09-11T21,79,2,910.0,0,68,1
2026-09-11T21,79,2,920.0,0,229,1
2026-09-11T21,79,3,915.0,0,214,1
2026-09-11T21,79,4,925.0,4133,0,3
2026-09-11T21,79,5,930.0,0,2497,1
2026-09-11T21,79,5,935.0,0,8493,1
2026-09-11T22,79,1,905.0,22,0,1
2026-09-11T22,79,1,910.0,48,0,1
2026-09-11T22,79,2,905.0,0,70,1
2026-09-11T22,79,3,920.0,91,0,2
2026-09-11T22,79,4,910.0,500,0,1
2026-09-11T22,79,4,915.0,172,0,1
2026-09-11T22,79,4,920.0,618,0,1
2026-09-11T22,79,4,925.0,517,939,3
2026-09-11T22,79,5,940.0,608,280,2
2026-09-11T22,79,5,945.0,784,0,1
2026-09-11T22,79,6,985.0,216,0,1
2026-09-11T23,79,0,865.0,411,0,1
2026-09-11T23,79,1,900.0,0,15,1
2026-09-11T23,79,2,905.0,45,275,2
2026-09-11T23,79,3,895.0,109,0,2
2026-09-11T23,79,3,905.0,32,0,1
2026-09-11T23,79,4,905.0,0,123,1
2026-09-11T23,79,4,910.0,29,0,1
2026-09-12T00,79,0,865.0,16,0,1
2026-09-12T00,79,1,905.0,0,108,1
2026-09-12T00,79,2,890.0,0,63,1
2026-09-12T00,79,3,890.0,0,50,1
2026-09-12T00,79,3,895.0,94,466,2
2026-09-12T00,79,3,900.0,0,200,1
2026-09-12T00,79,3,905.0,90,360,2
2026-09-12T00,79,3,910.0,266,0,2
2026-09-12T00,79,4,905.0,0,768,1
2026-09-12T00,79,4,910.0,0,1084,2
2026-09-12T00,79,4,915.0,2252,0,2
2026-09-12T00,79,5,945.0,0,740,2
2026-09-12T01,79,0,845.0,6,0,1
2026-09-12T01,79,0,850.0,24,0,1
2026-09-12T01,79,0,860.0,8,0,1
2026-09-12T01,79,2,905.0,0,410,1
2026-09-12T01,79,3,900.0,0,500,1
2026-09-12T01,79,3,905.0,1052,155,3
2026-09-12T01,79,3,910.0,2118,0,3
2026-09-12T02,79,0,845.0,0,326,2
2026-09-12T02,79,0,850.0,0,3,1
2026-09-12T02,79,0,855.0,0,13,1
2026-09-12T02,79,0,860.0,1,56,2
2026-09-12T02,79,0,865.0,184,0,2
2026-09-12T02,79,2,895.0,0,86,1
2026-09-12T02,79,2,900.0,298,0,1
2026-09-12T02,79,3,905.0,143,0,2
2026-09-12T02,79,4,915.0,7496,80,4
2026-09-12T02,79,4,920.0,1232,0,2
2026-09-12T03,79,0,860.0,96,0,3
2026-09-12T03,79,1,885.0,40,24,2
2026-09-12T03,79,2,890.0,493,0,1
2026-09-12T03,79,2,900.0,7,0,1
2026-09-12T03,79,3,890.0,0,198,1
2026-09-12T03,79,3,895.0,21,251,2
2026-09-12T03,79,3,900.0,640,778,3
2026-09-12T03,79,3,905.0,0,1925,1
2026-09-12T03,79,3,910.0,881,0,1
2026-09-12T04,79,0,855.0,128,196,2
2026-09-12T04,79,0,860.0,80,216,3
2026-09-12T04,79,0,865.0,165,24,2
2026-09-12T04,79,2,885.0,392,0,1
2026-09-12T04,79,3,910.0,0,272,1
2026-09-12T04,79,3,915.0,1316,0,2
2026-09-12T04,79,5,945.0,1048,0,1
2026-09-12T05,79,0,855.0,0,18,1
2026-09-12T05,79,0,860.0,16,31,2
2026-09-12T05,79,0,865.0,24,242,2
2026-09-12T05,79,0,870.0,0,84,1
2026-09-12T05,79,0,875.0,0,29,1
2026-09-12T05,79,0,880.0,330,0,1
2026-09-12T05,79,1,880.0,0,280,2
2026-09-12T05,79,2,885.0,0,108,1
2026-09-12T05,79,2,890.0,0,307,1
2026-09-12T05,79,2,895.0,56,500,2
2026-09-12T05,79,2,900.0,427,46,3
2026-09-12T05,79,3,905.0,0,205,1
2026-09-12T05,79,3,910.0,1227,0,2
2026-09-12T05,79,4,920.0,0,513,2
2026-09-12T05,79,4,925.0,2687,0,1
2026-09-12T06,79,1,890.0,0,224,1
2026-09-12T06,79,1,895.0,0,614,1
2026-09-12T06,79,2,895.0,832,112,3
2026-09-12T06,79,2,900.0,86,377,3
2026-09-12T06,79,2,915.0,136,0,1
2026-09-12T06,79,3,910.0,183,94,2
2026-09-12T06,79,3,915.0,3116,12,4
2026-09-12T06,79,4,915.0,0,204,1
2026-09-12T06,79,4,920.0,1129,0,3
2026-09-12T06,79,10,1020.0,0,1000,1
2026-09-12T06,79,10,1030.0,0,1000,1
2026-09-12T07,79,0,870.0,0,4,1
2026-09-12T07,79,0,875.0,4,5,2
2026-09-12T07,79,0,880.0,87,0,1
2026-09-12T07,79,1,895.0,212,198,2
2026-09-12T07,79,1,900.0,729,0,2
2026-09-12T07,79,2,905.0,0,3,1
2026-09-12T07,79,2,915.0,561,0,3
2026-09-12T07,79,3,910.0,505,0,2
2026-09-12T07,79,4,915.0,4,0,1
2026-09-12T07,79,4,920.0,0,674,1
2026-09-12T07,79,5,940.0,2905,0,2
2026-09-12T08,79,0,875.0,104,131,4
2026-09-12T08,79,0,880.0,19,0,1
2026-09-12T08,79,1,900.0,0,471,2
2026-09-12T08,79,1,905.0,0,119,1
2026-09-12T08,79,2,905.0,1251,137,5
2026-09-12T08,79,3,910.0,321,0,2
2026-09-12T09,79,0,870.0,120,0,3
2026-09-12T09,79,1,905.0,0,829,1
2026-09-12T09,79,2,890.0,0,176,1
2026-09-12T09,79,2,905.0,133,21,2
2026-09-12T09,79,3,910.0,618,0,4
2026-09-12T09,79,4,910.0,128,0,1
2026-09-12T09,79,5,930.0,0,1000,1
2026-09-12T09,79,5,935.0,0,1248,1
2026-09-12T09,79,5,940.0,0,5095,1
2026-09-12T09,79,5,945.0,0,848,1
2026-09-12T09,79,5,950.0,1257,3523,3
2026-09-12T09,79,6,975.0,448,1302,2
2026-09-12T09,79,6,980.0,1083,0,1
2026-09-12T10,79,0,860.0,100,0,3
2026-09-12T10,79,1,900.0,2,0,1
2026-09-12T10,79,2,900.0,0,101,1
2026-09-12T10,79,4,905.0,673,0,3
2026-09-12T10,79,6,980.0,0,1844,1
2026-09-12T10,79,6,985.0,648,0,2
2026-09-12T11,79,0,860.0,0,143,3
2026-09-12T11,79,0,865.0,9,61,2
2026-09-12T11,79,0,870.0,0,28,2
2026-09-12T11,79,0,875.0,31,80,2
2026-09-12T11,79,1,890.0,0,40,1
2026-09-12T11,79,1,895.0,40,0,1
2026-09-12T11,79,2,890.0,0,20,2
2026-09-12T11,79,3,895.0,56,234,2
2026-09-12T11,79,3,900.0,542,0,1
2026-09-12T11,79,4,905.0,187,0,2
2026-09-12T12,79,0,875.0,56,281,3
2026-09-12T12,79,0,880.0,119,0,1
2026-09-12T12,79,1,890.0,16,0,1
2026-09-12T12,79,3,870.0,3412,0,3
2026-09-12T12,79,3,895.0,1357,0,6
2026-09-12T12,79,4,900.0,0,235,1
2026-09-12T12,79,4,905.0,639,0,1
2026-09-12T13,79,0,855.0,0,63,1
2026-09-12T13,79,1,860.0,224,784,2
2026-09-12T13,79,1,865.0,0,95,1
2026-09-12T13,79,1,880.0,0,102,1
2026-09-12T13,79,1,885.0,0,125,1
2026-09-12T13,79,2,890.0,0,200,3
2026-09-12T13,79,2,900.0,0,23,1
2026-09-12T13,79,2,905.0,64,0,1
2026-09-12T13,79,3,870.0,0,1654,1
2026-09-12T13,79,3,895.0,254,1976,2
2026-09-12T13,79,3,900.0,0,613,1
2026-09-12T13,79,3,905.0,0,64,1
2026-09-12T13,79,4,895.0,144,661,2
2026-09-12T13,79,4,900.0,1686,329,3
2026-09-12T13,79,4,905.0,372,44,2
2026-09-12T13,79,4,910.0,100,0,1
2026-09-12T14,79,0,845.0,0,4,1
2026-09-12T14,79,0,850.0,44,24,3
2026-09-12T14,79,0,855.0,28,251,3
2026-09-12T14,79,0,875.0,0,57,1
2026-09-12T14,79,0,880.0,1272,0,1
2026-09-12T14,79,1,880.0,20,180,2
2026-09-12T14,79,1,885.0,0,99,1
2026-09-12T14,79,1,890.0,95,51,5
2026-09-12T14,79,1,895.0,0,26,1
2026-09-12T14,79,2,900.0,189,509,2
2026-09-12T14,79,2,905.0,486,457,3
2026-09-12T14,79,2,915.0,0,225,1
2026-09-12T14,79,2,920.0,27,383,3
2026-09-12T14,79,3,910.0,570,727,5
2026-09-12T14,79,3,915.0,0,581,2
2026-09-12T14,79,3,920.0,0,363,3
2026-09-12T14,79,3,925.0,650,0,1
2026-09-12T14,79,4,910.0,0,232,3
2026-09-12T14,79,4,915.0,0,133,1
2026-09-12T14,79,4,920.0,567,669,3
2026-09-12T14,79,4,925.0,0,4082,1
2026-09-12T14,79,5,965.0,368,376,2
2026-09-12T14,79,5,970.0,0,1071,1
2026-09-12T14,79,6,975.0,0,3950,1
2026-09-12T14,79,6,980.0,0,1800,1
2026-09-12T14,79,6,985.0,0,370,1
2026-09-12T14,79,6,990.0,0,1889,1
2026-09-12T14,79,6,995.0,418,16,2
2026-09-12T14,79,7,990.0,0,1382,1
2026-09-12T14,79,7,995.0,0,811,1
2026-09-12T14,79,8,995.0,0,957,1
2026-09-12T14,79,8,1000.0,496,0,1
2026-09-12T15,79,0,875.0,4,0,1
2026-09-12T15,79,0,880.0,1152,0,2
2026-09-12T15,79,1,890.0,0,95,2
2026-09-12T15,79,1,895.0,329,350,5
2026-09-12T15,79,1,900.0,29,3,2
2026-09-12T15,79,1,905.0,573,0,1
2026-09-12T15,79,2,915.0,0,133,2
2026-09-12T15,79,2,920.0,0,444,3
2026-09-12T15,79,2,925.0,859,1016,5
2026-09-12T15,79,3,920.0,0,36,1
2026-09-12T15,79,3,925.0,3458,1520,4
2026-09-12T15,79,4,925.0,0,528,1
2026-09-12T15,79,4,930.0,1711,72,6
2026-09-12T15,79,6,995.0,0,816,1
2026-09-12T15,79,8,1000.0,323,0,1
2026-09-12T16,79,0,860.0,53,0,1
2026-09-12T16,79,0,865.0,0,3,1
2026-09-12T16,79,0,870.0,77,0,1
2026-09-12T16,79,1,905.0,56,0,1
2026-09-12T16,79,2,905.0,242,0,1
2026-09-12T16,79,2,925.0,0,1,1
2026-09-12T16,79,3,910.0,3,0,1
2026-09-12T16,79,3,920.0,3,0,1
2026-09-12T16,79,4,930.0,1007,0,2
2026-09-12T17,79,0,860.0,0,86,1
2026-09-12T17,79,0,865.0,0,20,1
2026-09-12T17,79,0,870.0,0,146,1
2026-09-12T17,79,0,875.0,8,193,2
2026-09-12T17,79,0,880.0,561,0,3
2026-09-12T17,79,1,900.0,48,312,3
2026-09-12T17,79,1,905.0,113,0,2
2026-09-12T17,79,2,895.0,352,80,2
2026-09-12T17,79,2,900.0,0,185,1
2026-09-12T17,79,2,905.0,471,274,2
2026-09-12T17,79,3,910.0,2446,0,4
2026-09-12T17,79,4,920.0,0,96,1
2026-09-12T17,79,4,930.0,4544,0,1
2026-09-12T17,79,5,985.0,1424,880,2
2026-09-12T17,79,7,995.0,3150,0,3
2026-09-12T18,79,0,860.0,0,12,1
2026-09-12T18,79,0,865.0,68,0,1
2026-09-12T18,79,0,870.0,32,112,2
2026-09-12T18,79,0,875.0,62,0,2
2026-09-12T18,79,1,905.0,390,466,3
2026-09-12T18,79,2,910.0,933,539,2
2026-09-12T18,79,3,905.0,0,54,1
2026-09-12T18,79,3,910.0,2393,1974,3
2026-09-12T18,79,3,915.0,4,282,2
2026-09-12T18,79,3,920.0,0,46,1
2026-09-12T18,79,4,920.0,960,2736,2
2026-09-12T18,79,4,925.0,2081,51,3
2026-09-12T18,79,4,930.0,470,0,2
2026-09-12T18,79,5,990.0,0,165,1
2026-09-12T18,79,6,995.0,666,334,2
2026-09-12T18,79,7,995.0,0,1850,1
2026-09-12T18,79,8,1000.0,1741,0,2
2026-09-12T19,79,0,860.0,0,28,1
2026-09-12T19,79,0,865.0,0,4,1
2026-09-12T19,79,0,870.0,0,34,1
2026-09-12T19,79,0,875.0,64,122,2
2026-09-12T19,79,0,880.0,138,0,2
2026-09-12T19,79,1,900.0,0,8,1
2026-09-12T19,79,1,910.0,56,0,1
2026-09-12T19,79,2,910.0,0,720,1
2026-09-12T19,79,2,915.0,310,0,2
2026-09-12T19,79,2,920.0,0,81,1
2026-09-12T19,79,3,925.0,519,2621,4
2026-09-12T19,79,4,920.0,596,1404,2
2026-09-12T19,79,4,925.0,304,2615,4
2026-09-12T19,79,4,930.0,97,0,1
2026-09-12T20,79,0,875.0,0,7,1
2026-09-12T20,79,0,880.0,453,0,1
2026-09-12T20,79,1,905.0,195,0,1
2026-09-12T20,79,1,910.0,672,399,2
2026-09-12T20,79,2,915.0,0,1173,1
2026-09-12T20,79,2,920.0,0,1000,1
2026-09-12T20,79,2,925.0,0,320,1
2026-09-12T20,79,3,915.0,0,1000,1
2026-09-12T20,79,3,920.0,0,43,1
2026-09-12T20,79,3,925.0,1046,1125,3
2026-09-12T20,79,4,920.0,0,1000,1
2026-09-12T20,79,4,925.0,248,2033,2
2026-09-12T20,79,4,930.0,5078,0,3
2026-09-12T20,79,7,1000.0,1608,0,2
2026-09-12T20,79,8,1000.0,0,1440,1
2026-09-12T21,79,0,870.0,4,3,2
2026-09-12T21,79,0,875.0,29,0,1
2026-09-12T21,79,1,905.0,0,112,1
2026-09-12T21,79,1,910.0,404,558,2
2026-09-12T21,79,2,910.0,0,672,1
2026-09-12T21,79,2,915.0,0,60,1
2026-09-12T21,79,2,920.0,302,0,1
2026-09-12T21,79,3,905.0,0,268,1
2026-09-12T21,79,3,910.0,619,0,1
2026-09-12T21,79,3,915.0,176,0,1
2026-09-12T21,79,4,915.0,306,0,1
2026-09-12T21,79,4,925.0,1304,0,1
2026-09-12T21,79,5,980.0,0,371,1
2026-09-12T21,79,5,985.0,1930,0,1
2026-09-12T21,79,8,1000.0,320,0,1
2026-09-12T22,79,0,870.0,6,50,2
2026-09-12T22,79,0,875.0,0,63,2
2026-09-12T22,79,0,880.0,156,0,1
2026-09-12T22,79,1,895.0,520,0,2
2026-09-12T22,79,2,870.0,0,98,1
2026-09-12T22,79,2,910.0,0,69,1
2026-09-12T22,79,2,915.0,182,501,2
2026-09-12T22,79,2,920.0,86,0,1
2026-09-12T22,79,3,910.0,0,202,1
2026-09-12T22,79,3,915.0,0,2387,1
2026-09-12T22,79,4,910.0,1275,0,2
2026-09-12T22,79,4,915.0,1271,4871,3
2026-09-12T22,79,4,920.0,0,831,1
2026-09-12T22,79,4,925.0,248,77,2
2026-09-12T22,79,4,930.0,4286,0,1
2026-09-12T22,79,5,985.0,0,1444,1
2026-09-12T22,79,5,990.0,0,65,1
2026-09-12T22,79,5,995.0,0,210,1
2026-09-12T22,79,7,1000.0,3253,139,3
2026-09-12T22,79,8,1000.0,0,680,1
2026-09-12T22,79,8,1010.0,938,0,3
2026-09-12T22,79,9,1020.0,0,3000,1
2026-09-12T22,79,10,1020.0,0,1000,1
2026-09-12T23,79,0,880.0,117,0,3
2026-09-12T23,79,1,890.0,317,32,3
2026-09-12T23,79,1,895.0,0,918,2
2026-09-12T23,79,1,900.0,0,154,1
2026-09-12T23,79,1,905.0,52,0,1
2026-09-12T23,79,2,895.0,0,50,1
2026-09-12T23,79,2,900.0,0,27,1
2026-09-12T23,79,3,905.0,0,1953,1
2026-09-12T23,79,4,895.0,0,612,1
2026-09-12T23,79,4,900.0,2715,1774,6
2026-09-12T23,79,4,905.0,0,56,1
2026-09-12T23,79,4,910.0,644,0,2
2026-09-12T23,79,7,1010.0,0,5000,1
2026-09-12T23,79,8,1010.0,0,149,1
2026-09-13T00,79,0,875.0,0,22,1
2026-09-13T00,79,0,880.0,0,732,3
2026-09-13T00,79,0,885.0,0,205,4
2026-09-13T00,79,0,890.0,0,139,3
2026-09-13T00,79,0,895.0,0,14,2
2026-09-13T00,79,0,900.0,84,355,3
2026-09-13T00,79,0,905.0,5,0,1
2026-09-13T00,79,1,900.0,5,195,2
2026-09-13T00,79,1,905.0,0,88,2
2026-09-13T00,79,1,915.0,0,262,1
2026-09-13T00,79,1,920.0,71,540,3
2026-09-13T00,79,2,905.0,0,50,1
2026-09-13T00,79,2,915.0,0,500,1
2026-09-13T00,79,2,920.0,0,338,1
2026-09-13T00,79,2,925.0,50,0,1
2026-09-13T00,79,3,910.0,0,73,1
2026-09-13T00,79,3,925.0,19,0,1
2026-09-13T00,79,4,910.0,0,81,1
2026-09-13T00,79,4,915.0,0,239,1
2026-09-13T00,79,4,920.0,0,144,1
2026-09-13T00,79,4,925.0,2640,774,6
2026-09-13T00,79,4,930.0,3153,0,2
2026-09-13T01,79,0,905.0,0,75,1
2026-09-13T01,79,0,910.0,69,19,3
2026-09-13T01,79,0,915.0,0,15,1
2026-09-13T01,79,1,915.0,0,22,1
2026-09-13T01,79,1,920.0,275,0,3
2026-09-13T01,79,2,915.0,77,75,4
2026-09-13T01,79,2,920.0,220,294,3
2026-09-13T01,79,3,915.0,0,12,1
2026-09-13T01,79,3,920.0,0,544,1
2026-09-13T01,79,3,925.0,0,38,1
2026-09-13T01,79,4,925.0,0,1102,1
2026-09-13T01,79,4,930.0,103,7191,4
2026-09-13T02,79,1,915.0,0,384,1
2026-09-13T02,79,1,920.0,8,0,1
2026-09-13T02,79,2,920.0,385,308,2
2026-09-13T02,79,2,925.0,372,0,1
2026-09-13T02,79,3,925.0,0,457,2
2026-09-13T02,79,3,930.0,266,22,3
2026-09-13T02,79,4,935.0,3608,0,3
2026-09-13T03,79,0,900.0,12,359,2
2026-09-13T03,79,1,905.0,0,41,1
2026-09-13T03,79,1,910.0,155,329,3
2026-09-13T03,79,2,900.0,480,148,2
2026-09-13T03,79,3,895.0,0,102,1
2026-09-13T03,79,3,900.0,0,155,1
2026-09-13T03,79,3,905.0,0,1168,1
2026-09-13T03,79,3,910.0,209,91,3
2026-09-13T03,79,3,915.0,677,0,3
2026-09-13T03,79,4,935.0,3563,53,3
2026-09-13T04,79,0,850.0,159,0,1
2026-09-13T04,79,3,915.0,11,0,1
2026-09-14T04,79,0,850.0,0,200,1
2026-09-14T04,79,0,880.0,16,11,2
2026-09-14T04,79,0,910.0,0,124,1
2026-09-14T04,79,0,920.0,0,2,1
2026-09-14T04,79,1,875.0,0,12,1
2026-09-14T04,79,1,880.0,0,146,1
2026-09-14T04,79,1,890.0,0,49,1
2026-09-14T04,79,1,915.0,0,10,1
2026-09-14T04,79,1,920.0,150,0,1
2026-09-14T04,79,2,885.0,0,111,1
2026-09-14T04,79,2,895.0,12,0,1
2026-09-14T04,79,3,890.0,2,718,2
2026-09-14T04,79,3,895.0,0,247,3
2026-09-14T04,79,3,915.0,0,3120,1
2026-09-14T04,79,3,920.0,0,9,1
2026-09-14T04,79,3,925.0,0,16,1
2026-09-14T04,79,3,930.0,3636,1318,2
2026-09-14T04,79,4,895.0,0,127,2
2026-09-14T04,79,4,900.0,486,0,2
2026-09-14T04,79,4,935.0,3775,0,1
2026-09-14T04,79,4,940.0,0,2703,1
2026-09-14T04,79,5,945.0,0,1835,1
2026-09-14T04,79,5,955.0,0,1,1
2026-09-14T04,79,5,960.0,0,10000,1
2026-09-14T04,79,5,990.0,0,1,1
2026-09-14T04,79,5,995.0,0,300,1
2026-09-14T04,79,5,1000.0,3542,0,1
2026-09-14T04,79,6,995.0,0,1950,1
2026-09-14T04,79,6,1000.0,0,400,1
2026-09-14T04,79,6,1010.0,554,0,1
2026-09-14T04,79,8,1010.0,0,1983,1
2026-09-14T04,79,10,1020.0,0,1000,1
2026-09-14T04,79,10,1030.0,0,1000,1
2026-09-14T04,79,10,1040.0,0,1000,1
2026-09-14T04,79,10,1050.0,0,977,1
2026-09-14T04,79,11,1110.0,0,500,1
2026-09-14T04,79,11,1300.0,0,100,1
2026-09-14T05,79,0,875.0,9,0,1
2026-09-14T05,79,1,885.0,0,37,1
2026-09-14T05,79,1,890.0,49,281,2
2026-09-14T05,79,2,885.0,0,27,1
2026-09-14T05,79,2,890.0,0,1237,1
2026-09-14T05,79,2,895.0,216,723,7
2026-09-14T05,79,2,900.0,123,0,1
2026-09-14T05,79,3,895.0,0,314,1
2026-09-14T05,79,3,900.0,0,107,1
2026-09-14T05,79,3,905.0,0,233,1
2026-09-14T05,79,4,895.0,0,853,1
2026-09-14T05,79,4,900.0,0,1303,1
2026-09-14T05,79,4,905.0,0,1070,1
2026-09-14T05,79,4,910.0,0,1126,2
2026-09-14T05,79,4,915.0,0,79,1
2026-09-14T05,79,4,920.0,434,349,2
2026-09-14T05,79,4,925.0,1502,1953,2
2026-09-14T05,79,4,930.0,1247,0,1
2026-09-14T05,79,5,950.0,328,0,2
2026-09-14T05,79,12,1580.0,1,0,1
2026-09-14T06,79,0,855.0,16,0,2
2026-09-14T06,79,0,870.0,64,0,1
2026-09-14T06,79,1,880.0,0,60,1
2026-09-14T06,79,1,885.0,0,100,1
2026-09-14T06,79,1,890.0,326,0,2
2026-09-14T06,79,2,885.0,44,0,1
2026-09-14T06,79,2,890.0,0,242,1
2026-09-14T06,79,2,895.0,312,0,2
2026-09-14T06,79,4,925.0,0,214,1
2026-09-14T06,79,4,930.0,448,133,2
2026-09-14T06,79,6,995.0,0,1950,1
2026-09-14T06,79,6,1000.0,0,201,1
2026-09-14T06,79,6,1010.0,137,0,1
2026-09-14T07,79,0,855.0,0,6,1
2026-09-14T07,79,0,860.0,0,16,1
2026-09-14T07,79,1,880.0,0,300,3
2026-09-14T07,79,2,885.0,3750,2206,6
2026-09-14T07,79,3,910.0,32,0,1
2026-09-14T07,79,5,950.0,0,7672,1
2026-09-14T07,79,5,955.0,0,171,1
2026-09-14T07,79,5,960.0,0,455,1
2026-09-14T07,79,5,965.0,0,383,1
2026-09-14T07,79,5,970.0,401,4168,3
2026-09-14T07,79,5,975.0,2234,0,2
2026-09-14T08,79,0,860.0,0,5,1
2026-09-14T08,79,0,865.0,0,53,2
2026-09-14T08,79,0,870.0,103,125,5
2026-09-14T08,79,0,875.0,0,496,3
2026-09-14T08,79,0,880.0,0,211,1
2026-09-14T08,79,1,860.0,0,18,1
2026-09-14T08,79,1,865.0,6,15,2
2026-09-14T08,79,1,875.0,0,17,1
2026-09-14T08,79,1,880.0,0,119,2
2026-09-14T08,79,1,885.0,0,384,1
2026-09-14T08,79,2,870.0,0,254,1
2026-09-14T08,79,2,885.0,80,389,3
2026-09-14T08,79,2,890.0,0,346,1
2026-09-14T08,79,2,895.0,128,0,1
2026-09-14T08,79,3,900.0,652,1700,2
2026-09-14T08,79,3,905.0,0,175,1
2026-09-14T08,79,3,910.0,0,71,2
2026-09-14T08,79,3,915.0,0,800,1
2026-09-14T08,79,4,925.0,0,3000,1
2026-09-14T08,79,6,1010.0,0,543,1
2026-09-14T08,79,7,1050.0,177,0,1
2026-09-14T09,79,0,885.0,32,0,1
2026-09-14T09,79,1,885.0,76,24,2
2026-09-14T09,79,2,890.0,726,69,4
2026-09-14T09,79,2,895.0,0,419,2
2026-09-14T09,79,2,900.0,481,0,2
2026-09-14T09,79,3,920.0,37,0,1
2026-09-14T09,79,5,965.0,0,152,1
2026-09-14T09,79,5,970.0,0,725,2
2026-09-14T09,79,5,975.0,1857,909,2
2026-09-14T09,79,5,980.0,2445,0,2
2026-09-14T09,79,8,1060.0,424,0,1
2026-09-14T10,79,0,875.0,16,74,2
2026-09-14T10,79,0,885.0,33,437,2
2026-09-14T10,79,0,890.0,12,0,1
2026-09-14T10,79,1,880.0,0,7,1
2026-09-14T10,79,1,885.0,58,173,4
2026-09-14T10,79,1,890.0,495,21,2
2026-09-14T10,79,1,895.0,30,0,1
2026-09-14T10,79,2,880.0,0,109,1
2026-09-14T10,79,2,900.0,860,0,3
2026-09-14T10,79,3,905.0,67,0,2
2026-09-14T10,79,3,910.0,179,0,1
2026-09-14T10,79,4,915.0,0,611,2
2026-09-14T10,79,5,970.0,0,159,1
2026-09-14T10,79,5,975.0,641,2559,2
2026-09-14T10,79,5,980.0,1129,0,1
2026-09-14T11,79,0,860.0,6,30,2
2026-09-14T11,79,0,875.0,0,7,1
2026-09-14T11,79,0,880.0,0,50,1
2026-09-14T11,79,0,885.0,0,24,2
2026-09-14T11,79,0,890.0,0,42,2
2026-09-14T11,79,1,865.0,0,37,1
2026-09-14T11,79,1,875.0,40,168,2
2026-09-14T11,79,1,880.0,0,32,1
2026-09-14T11,79,1,885.0,0,38,1
2026-09-14T11,79,1,890.0,0,100,1
2026-09-14T11,79,1,895.0,467,0,2
2026-09-14T11,79,2,890.0,0,94,1
2026-09-14T11,79,2,895.0,0,101,1
2026-09-14T11,79,2,900.0,2329,358,5
2026-09-14T11,79,3,895.0,0,3,1
2026-09-14T11,79,3,905.0,82,0,1
2026-09-14T11,79,5,975.0,0,1356,1
2026-09-14T11,79,5,980.0,813,0,1
2026-09-14T11,79,8,1060.0,0,1576,1
2026-09-14T12,79,0,875.0,7,0,1
2026-09-14T12,79,0,880.0,56,0,2
2026-09-14T12,79,1,880.0,0,30,1
2026-09-14T12,79,1,885.0,175,10,4
2026-09-14T12,79,1,895.0,0,271,1
2026-09-14T12,79,2,890.0,204,192,4
2026-09-14T12,79,2,895.0,0,11,1
2026-09-14T12,79,3,895.0,76,0,1
2026-09-14T12,79,3,900.0,72,0,1
2026-09-14T12,79,4,905.0,602,0,2
2026-09-14T12,79,4,910.0,568,0,1
2026-09-14T13,79,0,860.0,0,3,1
2026-09-14T13,79,0,865.0,0,71,1
2026-09-14T13,79,0,870.0,30,67,3
2026-09-14T13,79,0,875.0,0,153,2
2026-09-14T13,79,0,880.0,155,204,3
2026-09-14T13,79,1,880.0,0,52,2
2026-09-14T13,79,1,885.0,285,0,3
2026-09-14T13,79,2,895.0,0,738,3
2026-09-14T13,79,2,900.0,0,2742,2
2026-09-14T13,79,2,905.0,0,640,1
2026-09-14T13,79,2,910.0,151,273,2
2026-09-14T13,79,3,885.0,1456,432,2
2026-09-14T13,79,3,890.0,496,30,2
2026-09-14T13,79,3,895.0,0,300,2
2026-09-14T13,79,3,900.0,0,206,1
2026-09-14T13,79,3,905.0,0,333,1
2026-09-14T13,79,3,910.0,0,154,2
2026-09-14T13,79,3,915.0,136,0,1
2026-09-14T13,79,4,900.0,0,234,1
2026-09-14T13,79,4,905.0,0,1126,1
2026-09-14T13,79,4,910.0,77,744,3
2026-09-14T13,79,4,915.0,3899,101,2
2026-09-14T13,79,5,980.0,2752,0,1
2026-09-14T14,79,0,885.0,11,27,2
2026-09-14T14,79,1,885.0,623,51,3
2026-09-14T14,79,1,890.0,0,59,1
2026-09-14T14,79,1,895.0,0,100,1
2026-09-14T14,79,1,900.0,0,962,2
2026-09-14T14,79,2,905.0,0,336,1
2026-09-14T14,79,2,910.0,2237,0,3
2026-09-14T14,79,2,915.0,164,0,1
2026-09-14T14,79,3,915.0,429,1200,4
2026-09-14T14,79,3,920.0,0,254,2
2026-09-14T14,79,4,920.0,449,1201,4
2026-09-14T14,79,4,925.0,353,328,2
2026-09-14T14,79,6,995.0,0,26,1
2026-09-14T14,79,6,1020.0,0,2200,1
2026-09-14T14,79,6,1030.0,122,0,1
2026-09-14T14,79,7,1030.0,0,4000,1
2026-09-14T15,79,0,880.0,0,1,1
2026-09-14T15,79,0,885.0,11,619,5
2026-09-14T15,79,0,890.0,3181,0,3
2026-09-14T15,79,1,890.0,0,4,1
2026-09-14T15,79,1,900.0,0,227,2
2026-09-14T15,79,2,900.0,0,209,3
2026-09-14T15,79,2,905.0,2427,487,4
2026-09-14T15,79,2,910.0,0,150,1
2026-09-14T15,79,2,915.0,157,70,2
2026-09-14T15,79,3,915.0,27,47,2
2026-09-14T15,79,3,925.0,914,0,1
2026-09-14T15,79,4,920.0,224,440,4
2026-09-14T15,79,4,925.0,0,1551,2
2026-09-14T15,79,4,930.0,1100,0,1
2026-09-14T16,79,0,880.0,0,365,2
2026-09-14T16,79,0,885.0,0,35,2
2026-09-14T16,79,0,890.0,15,126,4
2026-09-14T16,79,0,895.0,0,24,1
2026-09-14T16,79,0,900.0,0,189,2
2026-09-14T16,79,1,905.0,14,274,4
2026-09-14T16,79,1,910.0,830,0,2
2026-09-14T16,79,2,905.0,11,370,3
2026-09-14T16,79,2,910.0,24,514,4
2026-09-14T16,79,2,915.0,0,343,1
2026-09-14T16,79,2,920.0,426,0,1
2026-09-14T16,79,3,920.0,0,26,1
2026-09-14T16,79,3,925.0,31,0,1
2026-09-14T16,79,4,915.0,840,423,6
2026-09-14T16,79,4,920.0,1993,756,2
2026-09-14T16,79,4,925.0,0,2011,2
2026-09-14T16,79,7,1040.0,0,1319,1
2026-09-14T17,79,0,895.0,0,14,2
2026-09-14T17,79,0,900.0,0,62,2
2026-09-14T17,79,0,905.0,22,177,3
2026-09-14T17,79,0,910.0,0,183,1
2026-09-14T17,79,1,900.0,0,25,1
2026-09-14T17,79,1,910.0,0,383,3
2026-09-14T17,79,1,915.0,878,1958,4
2026-09-14T17,79,2,915.0,0,84,1
2026-09-14T17,79,2,920.0,745,0,6
2026-09-14T17,79,3,920.0,0,1568,1
2026-09-14T17,79,3,925.0,107,0,2
2026-09-14T17,79,4,925.0,102,0,1
2026-09-14T17,79,4,930.0,10,0,1
2026-09-14T17,79,5,970.0,368,0,1
2026-09-14T18,79,0,895.0,0,45,2
2026-09-14T18,79,0,900.0,152,65,2
2026-09-14T18,79,0,905.0,0,35,2
2026-09-14T18,79,0,910.0,0,57,2
2026-09-14T18,79,1,915.0,1553,0,3
2026-09-14T18,79,2,910.0,35,56,3
2026-09-14T18,79,2,915.0,459,362,3
2026-09-14T18,79,2,920.0,335,0,1
2026-09-14T18,79,3,925.0,474,0,1
2026-09-14T18,79,4,925.0,0,178,2
2026-09-14T18,79,4,930.0,380,0,2
2026-09-14T18,79,5,970.0,1080,0,1
2026-09-14T18,79,6,1020.0,998,0,2
2026-09-14T19,79,0,895.0,0,291,1
2026-09-14T19,79,0,910.0,6,2,2
2026-09-14T19,79,0,915.0,260,0,1
2026-09-14T19,79,1,900.0,0,6,1
2026-09-14T19,79,1,910.0,0,128,2
2026-09-14T19,79,1,915.0,31,699,3
2026-09-14T19,79,2,915.0,86,410,3
2026-09-14T19,79,3,915.0,0,199,1
2026-09-14T19,79,3,920.0,60,219,3
2026-09-14T19,79,3,925.0,3,265,2
2026-09-14T19,79,4,920.0,121,668,4
2026-09-14T19,79,4,925.0,0,103,1
2026-09-14T19,79,4,930.0,794,62,2
2026-09-14T19,79,5,970.0,0,896,1
2026-09-14T19,79,5,975.0,1872,0,1
2026-09-14T19,79,6,1020.0,0,2,1
2026-09-14T19,79,6,1030.0,0,1004,1
2026-09-14T19,79,6,1040.0,270,0,1
2026-09-14T19,79,7,1040.0,0,500,1
2026-09-14T19,79,8,1050.0,1096,0,1
2026-09-14T19,79,10,1050.0,0,1000,1
2026-09-14T20,79,0,890.0,0,22,2
2026-09-14T20,79,0,895.0,6,32,2
2026-09-14T20,79,0,900.0,43,60,2
2026-09-14T20,79,0,905.0,0,7,1
2026-09-14T20,79,0,910.0,39,7,2
2026-09-14T20,79,1,910.0,0,321,1
2026-09-14T20,79,1,915.0,256,0,1
2026-09-14T20,79,2,910.0,0,100,1
2026-09-14T20,79,2,920.0,0,2651,3
2026-09-14T20,79,3,920.0,0,126,1
2026-09-14T20,79,3,925.0,1247,480,6
2026-09-14T20,79,4,915.0,1501,101,2
2026-09-14T20,79,4,920.0,0,830,2
2026-09-14T20,79,4,925.0,1896,222,3
2026-09-14T20,79,4,930.0,144,0,1
2026-09-14T20,79,5,965.0,756,1482,2
2026-09-14T20,79,5,970.0,1290,0,1
2026-09-14T20,79,6,1040.0,0,730,1
2026-09-14T20,79,8,1050.0,1982,0,1
2026-09-14T20,79,10,1050.0,0,1000,1
2026-09-14T21,79,0,895.0,0,19,1
2026-09-14T21,79,1,890.0,0,20,1
2026-09-14T21,79,1,895.0,0,128,1
2026-09-14T21,79,1,900.0,0,9,1
2026-09-14T21,79,1,905.0,0,528,1
2026-09-14T21,79,1,910.0,0,212,1
2026-09-14T21,79,2,900.0,211,0,1
2026-09-14T21,79,2,905.0,0,61,1
2026-09-14T21,79,3,900.0,157,243,3
2026-09-14T21,79,3,905.0,0,200,1
2026-09-14T21,79,3,910.0,0,170,1
2026-09-14T21,79,3,915.0,32,0,1
2026-09-14T21,79,3,925.0,1168,2032,2
2026-09-14T21,79,4,925.0,0,400,1
2026-09-14T21,79,4,930.0,1568,2062,2
2026-09-14T21,79,5,965.0,1748,870,3
2026-09-14T21,79,5,970.0,0,74,1
2026-09-14T21,79,5,975.0,2340,392,2
2026-09-14T21,79,5,980.0,1216,0,1
2026-09-14T21,79,8,1040.0,496,0,1
2026-09-14T22,79,0,865.0,0,34,1
2026-09-14T22,79,0,870.0,0,30,2
2026-09-14T22,79,0,875.0,45,0,1
2026-09-14T22,79,1,885.0,0,37,1
2026-09-14T22,79,1,890.0,0,272,1
2026-09-14T22,79,1,895.0,0,9,1
2026-09-14T22,79,1,900.0,0,3,1
2026-09-14T22,79,2,900.0,0,487,1
2026-09-14T22,79,2,910.0,0,79,2
2026-09-14T22,79,2,915.0,321,0,2
2026-09-14T22,79,3,910.0,0,69,1
2026-09-14T22,79,3,915.0,4127,435,7
2026-09-14T22,79,3,920.0,744,0,1
2026-09-14T22,79,4,925.0,112,0,1
2026-09-14T23,79,0,870.0,16,0,1
2026-09-14T23,79,0,875.0,32,0,1
2026-09-14T23,79,2,890.0,400,100,2
2026-09-14T23,79,2,895.0,0,5,1
2026-09-14T23,79,2,900.0,0,70,1
2026-09-14T23,79,2,910.0,0,109,1
2026-09-14T23,79,3,905.0,0,12,1
2026-09-14T23,79,3,910.0,88,190,3
2026-09-14T23,79,3,915.0,76,0,2
2026-09-14T23,79,4,915.0,0,209,1
2026-09-15T00,79,0,865.0,0,21,2
2026-09-15T00,79,0,870.0,182,0,2
2026-09-15T00,79,1,895.0,0,26,1
2026-09-15T00,79,1,900.0,0,5,1
2026-09-15T00,79,2,915.0,125,434,3
2026-09-15T00,79,3,915.0,40,42,3
2026-09-15T00,79,3,920.0,412,1201,2
2026-09-15T00,79,3,925.0,1279,0,2
2026-09-15T00,79,4,920.0,0,1615,1
2026-09-15T00,79,4,925.0,0,944,2
2026-09-15T00,79,4,930.0,0,2432,1
2026-09-15T00,79,4,935.0,4000,0,1
2026-09-15T00,79,5,975.0,0,2604,1
2026-09-15T00,79,5,980.0,0,6032,1
2026-09-15T00,79,5,985.0,0,3000,1
2026-09-15T00,79,5,990.0,0,458,1
2026-09-15T00,79,5,995.0,0,8219,2
2026-09-15T01,79,0,865.0,0,110,1
2026-09-15T01,79,0,870.0,200,8,2
2026-09-15T01,79,0,875.0,14,0,1
2026-09-15T01,79,1,900.0,120,0,2
2026-09-15T01,79,2,910.0,0,395,1
2026-09-15T01,79,2,915.0,0,910,1
2026-09-15T01,79,2,920.0,0,279,1
2026-09-15T01,79,2,925.0,1355,155,2
2026-09-15T01,79,3,915.0,832,348,3
2026-09-15T01,79,3,920.0,4,273,2
2026-09-15T01,79,3,925.0,0,416,2
2026-09-15T01,79,3,930.0,106,0,1
2026-09-15T01,79,4,925.0,372,137,2
2026-09-15T01,79,4,930.0,88,74,2
2026-09-15T02,79,0,870.0,0,110,2
2026-09-15T02,79,0,875.0,91,0,3
2026-09-15T02,79,1,900.0,235,97,3
2026-09-15T02,79,1,905.0,322,0,1
2026-09-15T02,79,3,910.0,180,164,2
2026-09-15T02,79,3,920.0,90,0,1
2026-09-15T02,79,4,920.0,492,0,1
2026-09-15T02,79,4,930.0,29,0,1
2026-09-15T03,79,0,865.0,0,10,1
2026-09-15T03,79,0,870.0,70,0,2
2026-09-15T03,79,1,890.0,0,10,1
2026-09-15T03,79,1,900.0,53,0,2
2026-09-15T03,79,2,900.0,0,6,1
2026-09-15T03,79,2,905.0,600,0,1
2026-09-15T03,79,3,905.0,0,100,1
2026-09-15T03,79,3,910.0,612,0,1
2026-09-15T03,79,12,1580.0,2,0,1
2026-09-15T04,79,0,870.0,14,0,2
2026-09-15T04,79,1,900.0,0,83,1
2026-09-15T04,79,1,905.0,278,139,2
2026-09-15T04,79,2,905.0,606,197,3
2026-09-15T04,79,2,910.0,0,148,1
2026-09-15T04,79,3,905.0,388,386,6
2026-09-15T04,79,3,910.0,0,376,1
2026-09-15T04,79,3,915.0,1687,0,1
2026-09-15T04,79,4,920.0,0,7844,2
2026-09-15T05,79,0,860.0,0,100,1
2026-09-15T05,79,0,865.0,0,16,1
2026-09-15T05,79,0,870.0,172,0,3
2026-09-15T05,79,1,885.0,0,206,1
2026-09-15T05,79,2,885.0,0,28,1
2026-09-15T05,79,2,890.0,0,140,1
2026-09-15T05,79,2,895.0,0,98,1
2026-09-15T05,79,2,900.0,0,2493,2
2026-09-15T05,79,2,905.0,798,0,1
2026-09-15T05,79,3,905.0,96,624,2
2026-09-15T05,79,3,910.0,234,522,2
2026-09-15T05,79,4,925.0,0,700,1
2026-09-15T05,79,4,930.0,0,2322,1
2026-09-15T05,79,4,935.0,178,0,1
2026-09-15T05,79,5,970.0,0,908,1
2026-09-15T05,79,6,995.0,444,0,1
2026-09-15T05,79,12,1580.0,20,0,1
2026-09-15T06,79,0,865.0,0,115,1
2026-09-15T06,79,1,890.0,0,91,1
2026-09-15T06,79,1,895.0,0,113,2
2026-09-15T06,79,2,895.0,0,250,1
2026-09-15T06,79,2,900.0,0,674,3
2026-09-15T06,79,2,905.0,296,0,1
2026-09-15T06,79,3,905.0,174,300,2
2026-09-15T06,79,3,910.0,0,321,4
2026-09-15T06,79,3,915.0,27,2126,2
2026-09-15T06,79,3,920.0,0,971,2
2026-09-15T06,79,4,925.0,192,208,2
2026-09-15T06,79,4,930.0,0,510,2
2026-09-15T06,79,4,935.0,21,0,1
2026-09-15T06,79,5,975.0,9,0,1
2026-09-15T11,79,0,870.0,0,151,2
2026-09-15T11,79,0,875.0,0,178,2
2026-09-15T11,79,0,885.0,0,16,1
2026-09-15T11,79,0,890.0,78,0,1
2026-09-15T11,79,1,895.0,0,24,1
2026-09-15T11,79,1,900.0,0,269,1
2026-09-15T11,79,1,905.0,422,0,1
2026-09-15T11,79,2,905.0,0,766,1
2026-09-15T11,79,5,975.0,0,8491,1
2026-09-15T11,79,5,980.0,0,1536,1
2026-09-15T11,79,5,985.0,0,50,1
2026-09-15T11,79,5,995.0,0,410,1
2026-09-15T11,79,6,995.0,0,556,1
2026-09-15T11,79,6,1000.0,1309,0,1
2026-09-15T11,79,7,1010.0,240,0,1
2026-09-15T11,79,8,1030.0,788,0,1
2026-09-15T12,79,0,875.0,0,1,1
2026-09-15T12,79,0,880.0,11,64,4
2026-09-15T12,79,0,885.0,8,119,2
2026-09-15T12,79,1,885.0,0,200,1
2026-09-15T12,79,1,890.0,286,0,3
2026-09-15T12,79,2,895.0,0,462,1
2026-09-15T12,79,2,900.0,353,316,5
2026-09-15T12,79,2,905.0,74,0,1
2026-09-15T12,79,3,900.0,370,70,2
2026-09-15T12,79,3,905.0,445,408,4
2026-09-15T12,79,3,910.0,513,0,1
2026-09-15T12,79,4,925.0,1687,209,3
2026-09-15T12,79,5,945.0,2359,0,1
2026-09-15T13,79,0,870.0,0,12,1
2026-09-15T13,79,0,875.0,84,20,3
2026-09-15T13,79,0,880.0,0,87,1
2026-09-15T13,79,0,885.0,0,96,1
2026-09-15T13,79,0,890.0,18,0,1
2026-09-15T13,79,1,885.0,0,26,1
2026-09-15T13,79,1,890.0,77,135,3
2026-09-15T13,79,2,900.0,0,280,1
2026-09-15T13,79,3,890.0,0,201,2
2026-09-15T13,79,3,895.0,76,9,2
2026-09-15T13,79,3,900.0,0,82,1
2026-09-15T13,79,3,905.0,120,215,4
2026-09-15T13,79,3,910.0,990,0,3
2026-09-15T13,79,5,945.0,0,1193,1
2026-09-15T14,79,0,860.0,0,415,1
2026-09-15T14,79,0,890.0,4,263,5
2026-09-15T14,79,0,895.0,148,0,1
2026-09-15T14,79,1,895.0,24,819,3
2026-09-15T14,79,2,900.0,0,528,1
2026-09-15T14,79,2,905.0,0,423,1
2026-09-15T14,79,2,910.0,0,2,1
2026-09-15T14,79,3,910.0,5,4689,2
2026-09-15T14,79,3,915.0,675,125,2
2026-09-15T14,79,5,980.0,68,0,1
2026-09-15T14,79,6,995.0,0,1950,1
2026-09-15T14,79,6,1000.0,1380,0,1
2026-09-15T15,79,0,875.0,0,7,1
2026-09-15T15,79,0,880.0,0,31,2
2026-09-15T15,79,1,885.0,50,186,4
2026-09-15T15,79,1,890.0,53,0,1
2026-09-15T15,79,1,895.0,7,8,2
2026-09-15T15,79,2,890.0,0,306,1
2026-09-15T15,79,2,900.0,235,0,1
2026-09-15T15,79,3,900.0,163,1703,3
2026-09-15T15,79,4,905.0,0,1227,1
2026-09-15T15,79,4,910.0,481,33,2
2026-09-15T16,79,0,890.0,0,257,2
2026-09-15T16,79,1,885.0,0,26,1
2026-09-15T16,79,1,890.0,61,153,5
2026-09-15T16,79,2,895.0,256,109,3
2026-09-15T16,79,2,900.0,255,255,4
2026-09-15T16,79,2,905.0,224,0,1
2026-09-15T16,79,3,895.0,0,261,1
2026-09-15T16,79,3,900.0,0,90,1
2026-09-15T16,79,3,905.0,554,446,2
2026-09-15T16,79,3,910.0,0,39,1
2026-09-15T16,79,4,910.0,0,468,1
2026-09-15T16,79,4,915.0,440,287,3
2026-09-15T16,79,5,975.0,368,0,1
2026-09-15T16,79,6,1000.0,444,0,1
2026-09-15T17,79,0,880.0,0,2,1
2026-09-15T17,79,0,885.0,180,58,2
2026-09-15T17,79,1,890.0,0,89,2
2026-09-15T17,79,1,895.0,647,169,4
2026-09-15T17,79,1,900.0,0,156,2
2026-09-15T17,79,1,905.0,0,98,1
2026-09-15T17,79,2,900.0,0,364,1
2026-09-15T17,79,2,905.0,0,448,1
2026-09-15T17,79,2,910.0,74,514,2
2026-09-15T17,79,3,905.0,0,35,1
2026-09-15T17,79,3,910.0,0,265,3
2026-09-15T17,79,3,915.0,285,0,1
2026-09-15T17,79,4,915.0,533,567,3
2026-09-15T18,79,0,880.0,4,0,1
2026-09-15T18,79,1,905.0,136,231,2
2026-09-15T18,79,2,895.0,0,4,1
2026-09-15T18,79,2,900.0,0,28,1
2026-09-15T18,79,2,905.0,0,210,1
2026-09-15T18,79,2,910.0,820,114,4
2026-09-15T18,79,3,905.0,0,117,1
2026-09-15T18,79,3,910.0,902,330,3
2026-09-15T18,79,3,915.0,175,0,1
2026-09-15T18,79,4,915.0,0,1757,1
2026-09-15T18,79,6,1000.0,1540,0,1
2026-09-15T19,79,0,875.0,0,16,1
2026-09-15T19,79,0,880.0,0,76,1
2026-09-15T19,79,0,885.0,0,49,1
2026-09-15T19,79,0,890.0,0,3,1
2026-09-15T19,79,0,895.0,0,58,3
2026-09-15T19,79,0,900.0,0,207,3
2026-09-15T19,79,1,900.0,688,0,1
2026-09-15T19,79,1,905.0,1378,89,3
2026-09-15T19,79,2,900.0,0,2728,1
2026-09-15T19,79,2,905.0,0,36,1
2026-09-15T19,79,2,910.0,0,44,1
2026-09-15T19,79,3,910.0,0,1841,2
2026-09-15T19,79,3,915.0,59,0,2
2026-09-15T19,79,4,915.0,418,142,6
2026-09-15T19,79,4,920.0,1997,1203,3
2026-09-15T19,79,4,925.0,487,966,4
2026-09-15T19,79,5,940.0,954,0,1
2026-09-15T19,79,7,1000.0,248,0,1
2026-09-15T20,79,0,875.0,8,13,2
2026-09-15T20,79,0,880.0,19,0,1
2026-09-15T20,79,0,890.0,61,0,1
2026-09-15T20,79,1,885.0,8,0,1
2026-09-15T20,79,1,890.0,0,16,1
2026-09-15T20,79,1,895.0,0,123,3
2026-09-15T20,79,1,900.0,1287,0,2
2026-09-15T20,79,2,900.0,1738,2021,7
2026-09-15T20,79,2,905.0,0,9,1
2026-09-15T20,79,3,900.0,31,0,1
2026-09-15T20,79,3,910.0,336,0,1
2026-09-15T20,79,4,920.0,782,0,1
2026-09-15T20,79,4,925.0,72,126,2
2026-09-15T20,79,4,930.0,474,0,1
2026-09-15T20,79,5,940.0,0,446,1
2026-09-15T20,79,5,965.0,1846,0,2
2026-09-15T20,79,7,1000.0,480,0,1
2026-09-15T21,79,0,880.0,0,131,1
2026-09-15T21,79,1,885.0,38,0,3
2026-09-15T21,79,2,885.0,0,212,1
2026-09-15T21,79,2,890.0,0,29,1
2026-09-15T21,79,2,900.0,100,36,2
2026-09-15T21,79,3,900.0,0,100,1
2026-09-15T21,79,3,905.0,0,1000,1
2026-09-15T21,79,3,910.0,0,4025,3
2026-09-15T21,79,3,915.0,10099,0,2
2026-09-15T21,79,4,915.0,1893,107,2
2026-09-15T21,79,4,920.0,0,252,1
2026-09-15T21,79,4,925.0,0,266,1
2026-09-15T21,79,4,930.0,0,1154,3
2026-09-15T21,79,4,935.0,350,0,1
2026-09-15T21,79,5,965.0,16,826,2
2026-09-15T21,79,5,975.0,1174,0,1
2026-09-15T21,79,7,1000.0,40,0,1
2026-09-15T22,79,0,870.0,0,72,1
2026-09-15T22,79,0,875.0,0,48,2
2026-09-15T22,79,0,880.0,98,0,1
2026-09-15T22,79,1,870.0,0,20,2
2026-09-15T22,79,1,875.0,297,334,5
2026-09-15T22,79,1,880.0,0,14,1
2026-09-15T22,79,2,895.0,0,225,2
2026-09-15T22,79,2,900.0,3286,0,2
2026-09-15T22,79,3,905.0,0,80,1
2026-09-15T22,79,3,910.0,0,54,1
2026-09-15T22,79,4,925.0,256,0,1
2026-09-16T04,79,0,880.0,0,102,1
2026-09-16T04,79,0,885.0,0,39,1
2026-09-16T04,79,0,890.0,0,79,2
2026-09-16T04,79,0,900.0,0,73,1
2026-09-16T04,79,1,885.0,0,270,3
2026-09-16T04,79,1,890.0,0,590,1
2026-09-16T04,79,1,895.0,0,113,2
2026-09-16T04,79,1,900.0,0,977,2
2026-09-16T04,79,1,905.0,0,387,1
2026-09-16T04,79,2,900.0,0,616,1
2026-09-16T04,79,2,905.0,0,38,1
2026-09-16T04,79,2,910.0,0,10,1
2026-09-16T04,79,3,910.0,472,0,1
2026-09-16T04,79,3,915.0,2209,0,1
2026-09-16T04,79,4,925.0,0,2431,1
2026-09-16T04,79,4,930.0,72,751,2
2026-09-16T04,79,5,945.0,0,2000,1
2026-09-16T04,79,5,970.0,1328,0,1
2026-09-16T04,79,7,1000.0,200,0,1
2026-09-16T05,79,0,880.0,16,0,1
2026-09-16T05,79,1,885.0,0,30,1
2026-09-16T05,79,1,890.0,1,639,3
2026-09-16T05,79,1,900.0,35,0,1
2026-09-16T05,79,2,895.0,0,180,1
2026-09-16T05,79,3,905.0,0,160,1
2026-09-16T05,79,3,910.0,384,0,2
2026-09-16T05,79,4,905.0,1755,3739,3
2026-09-16T05,79,4,910.0,160,180,3
2026-09-16T05,79,4,915.0,0,864,1
2026-09-16T05,79,4,920.0,2496,500,4
2026-09-16T06,79,1,900.0,595,266,5
2026-09-16T06,79,2,905.0,412,2419,5
2026-09-16T06,79,3,905.0,0,20,1
2026-09-16T06,79,3,910.0,1349,0,1
2026-09-16T06,79,6,985.0,444,0,1
2026-09-16T07,79,0,865.0,10,0,1
2026-09-16T07,79,1,885.0,0,132,1
2026-09-16T07,79,1,890.0,168,0,2
2026-09-16T07,79,3,905.0,51,0,1
2026-09-16T07,79,3,910.0,2501,0,3
2026-09-16T07,79,4,915.0,184,0,1
2026-09-16T07,79,5,945.0,54,0,1
2026-09-16T08,79,0,865.0,0,35,1
2026-09-16T08,79,0,870.0,5,0,1
2026-09-16T08,79,3,895.0,175,0,2
2026-09-16T08,79,4,915.0,83,311,2
2026-09-16T08,79,6,980.0,480,0,1
2026-09-16T09,79,0,845.0,300,200,2
2026-09-16T09,79,0,850.0,21,0,2
2026-09-16T09,79,1,880.0,52,0,1
2026-09-16T09,79,2,895.0,155,0,2
2026-09-16T09,79,3,890.0,0,9,1
2026-09-16T09,79,3,895.0,10,382,3
2026-09-16T09,79,4,895.0,447,0,1
2026-09-16T09,79,5,945.0,269,0,1
2026-09-16T09,79,6,980.0,0,4520,1
2026-09-16T09,79,6,985.0,236,0,1
2026-09-16T10,79,0,830.0,0,1,1
2026-09-16T10,79,0,850.0,0,328,1
2026-09-16T10,79,0,855.0,40,0,2
2026-09-16T10,79,0,860.0,39,0,1
2026-09-16T10,79,0,865.0,0,1,1
2026-09-16T10,79,1,875.0,108,804,2
2026-09-16T10,79,1,880.0,0,74,2
2026-09-16T10,79,1,885.0,0,93,1
2026-09-16T10,79,1,890.0,0,600,1
2026-09-16T10,79,3,890.0,0,313,3
2026-09-16T10,79,3,895.0,1000,0,1
2026-09-16T10,79,4,895.0,1162,2002,5
2026-09-16T10,79,6,985.0,224,0,1
2026-09-16T11,79,0,855.0,24,12,3
2026-09-16T11,79,0,860.0,0,53,1
2026-09-16T11,79,0,865.0,0,160,1
2026-09-16T11,79,0,870.0,254,1,2
2026-09-16T11,79,1,865.0,0,27,1
2026-09-16T11,79,1,880.0,0,3,1
2026-09-16T11,79,1,885.0,605,0,1
2026-09-16T11,79,2,870.0,0,240,1
2026-09-16T11,79,2,885.0,148,716,2
2026-09-16T11,79,2,890.0,0,480,1
2026-09-16T11,79,2,895.0,1162,0,2
2026-09-16T11,79,3,885.0,0,32,1
2026-09-16T11,79,3,890.0,0,3097,2
2026-09-16T11,79,3,895.0,1129,1401,2
2026-09-16T11,79,4,890.0,408,0,1
2026-09-16T11,79,5,940.0,2624,376,2
2026-09-16T11,79,5,945.0,0,868,1
2026-09-16T11,79,6,975.0,96,1654,2
2026-09-16T11,79,6,980.0,0,1000,1
2026-09-16T11,79,6,985.0,50,0,1
2026-09-16T12,79,0,860.0,124,6,3
2026-09-16T12,79,0,865.0,2,43,3
2026-09-16T12,79,0,870.0,22,0,2
2026-09-16T12,79,1,870.0,0,53,1
2026-09-16T12,79,1,880.0,0,14,1
2026-09-16T12,79,1,885.0,161,0,2
2026-09-16T12,79,2,895.0,0,462,2
2026-09-16T12,79,3,885.0,96,295,2
2026-09-16T12,79,3,890.0,0,309,2
2026-09-16T12,79,3,895.0,0,1956,4
2026-09-16T12,79,4,890.0,163,619,2
2026-09-16T12,79,4,900.0,6790,0,6
2026-09-16T12,79,5,950.0,0,2000,1
2026-09-16T12,79,5,955.0,2000,0,1
2026-09-16T12,79,6,985.0,120,0,1
2026-09-16T13,79,0,870.0,8,0,1
2026-09-16T13,79,1,880.0,0,3,1
2026-09-16T13,79,1,885.0,395,2839,2
2026-09-16T13,79,2,895.0,0,201,1
2026-09-16T13,79,2,900.0,0,2352,2
2026-09-16T13,79,3,895.0,800,206,2
2026-09-16T13,79,3,900.0,0,91,2
2026-09-16T13,79,3,905.0,2773,126,2
2026-09-16T13,79,4,900.0,3615,1915,7
2026-09-16T13,79,4,905.0,0,822,1
2026-09-16T13,79,5,945.0,0,2000,1
2026-09-16T13,79,5,955.0,752,0,1
2026-09-16T14,79,0,860.0,0,130,1
2026-09-16T14,79,0,865.0,32,72,3
2026-09-16T14,79,0,870.0,94,408,7
2026-09-16T14,79,0,875.0,15,0,1
2026-09-16T14,79,2,900.0,168,0,1
2026-09-16T14,79,3,895.0,0,160,1
2026-09-16T14,79,3,900.0,64,18,3
2026-09-16T14,79,3,905.0,937,0,1
2026-09-16T14,79,4,905.0,0,200,1
2026-09-16T14,79,4,910.0,0,2145,2
2026-09-16T14,79,4,915.0,825,0,1
2026-09-16T14,79,6,970.0,200,1800,2
2026-09-16T14,79,6,975.0,3766,0,2
2026-09-16T14,79,7,990.0,304,0,1
2026-09-16T15,79,0,860.0,0,107,1
2026-09-16T15,79,0,865.0,0,19,1
2026-09-16T15,79,0,870.0,0,193,2
2026-09-16T15,79,0,875.0,3,490,4
2026-09-16T15,79,0,880.0,6,0,1
2026-09-16T15,79,1,890.0,0,447,2
2026-09-16T15,79,2,890.0,0,88,1
2026-09-16T15,79,2,895.0,703,0,4
2026-09-16T15,79,3,900.0,432,72,2
2026-09-16T15,79,3,905.0,0,549,2
2026-09-16T15,79,3,910.0,0,3070,1
2026-09-16T15,79,4,900.0,0,768,2
2026-09-16T15,79,4,905.0,0,2685,2
2026-09-16T15,79,4,910.0,0,91,1
2026-09-16T15,79,4,915.0,938,0,1
2026-09-16T16,79,0,855.0,0,7,1
2026-09-16T16,79,0,860.0,0,542,1
2026-09-16T16,79,2,890.0,0,30,1
2026-09-16T16,79,2,895.0,0,807,1
2026-09-16T16,79,3,905.0,48,178,2
2026-09-16T16,79,3,910.0,0,67,1
2026-09-16T16,79,4,910.0,0,474,1
2026-09-16T16,79,4,915.0,2274,0,2
2026-09-16T17,79,0,865.0,0,43,1
2026-09-16T17,79,0,870.0,40,0,2
2026-09-16T17,79,1,885.0,0,200,1
2026-09-16T17,79,1,890.0,343,0,1
2026-09-16T17,79,2,885.0,8,220,2
2026-09-16T17,79,2,890.0,311,739,3
2026-09-16T17,79,2,895.0,435,0,1
2026-09-16T17,79,3,905.0,933,0,1
2026-09-16T17,79,4,905.0,0,362,1
2026-09-16T17,79,4,910.0,272,1120,2
2026-09-16T17,79,5,935.0,0,284,1
2026-09-16T17,79,5,940.0,0,2608,1
2026-09-16T17,79,5,945.0,1758,242,3
2026-09-16T17,79,5,950.0,362,0,1
2026-09-16T17,79,6,970.0,0,784,1
2026-09-16T17,79,6,975.0,504,0,1
2026-09-16T18,79,0,870.0,13,74,4
2026-09-16T18,79,1,875.0,40,10,2
2026-09-16T18,79,1,880.0,468,0,2
2026-09-16T18,79,2,885.0,0,730,1
2026-09-16T18,79,2,890.0,80,0,1
2026-09-16T18,79,2,895.0,285,0,2
2026-09-16T18,79,3,900.0,0,466,2
2026-09-16T18,79,3,905.0,0,107,1
2026-09-16T18,79,4,895.0,0,172,1
2026-09-16T18,79,4,900.0,0,298,1
2026-09-16T18,79,4,905.0,85,71,2
2026-09-16T18,79,4,910.0,0,4728,1
2026-09-16T18,79,4,915.0,160,0,1
2026-09-16T18,79,6,975.0,0,1742,1
2026-09-16T18,79,6,980.0,804,0,1
2026-09-16T19,79,0,870.0,0,60,2
2026-09-16T19,79,0,875.0,0,266,3
2026-09-16T19,79,0,880.0,0,92,3
2026-09-16T19,79,0,885.0,0,321,4
2026-09-16T19,79,0,890.0,194,0,1
2026-09-16T19,79,1,880.0,0,192,3
2026-09-16T19,79,1,885.0,626,694,4
2026-09-16T19,79,1,890.0,0,34,1
2026-09-16T19,79,2,890.0,436,204,4
2026-09-16T19,79,3,900.0,539,912,3
2026-09-16T19,79,3,905.0,35,37,2
2026-09-16T19,79,4,900.0,0,250,1
2026-09-16T19,79,4,905.0,2502,6581,3
2026-09-16T19,79,5,935.0,1234,0,1
2026-09-16T19,79,5,940.0,2768,0,1
2026-09-16T19,79,6,980.0,720,0,1
2026-09-16T19,79,7,990.0,0,452,1
2026-09-16T19,79,7,995.0,28,0,1
2026-09-16T21,79,0,875.0,0,13,1
2026-09-16T21,79,0,880.0,3,0,1
2026-09-16T21,79,1,870.0,0,25,1
2026-09-16T21,79,1,875.0,31,178,3
2026-09-16T21,79,1,880.0,0,387,1
2026-09-16T21,79,1,885.0,0,23,1
2026-09-16T21,79,1,890.0,0,14,1
2026-09-16T21,79,1,895.0,1,4,2
2026-09-16T21,79,2,895.0,0,412,2
2026-09-16T21,79,2,900.0,0,1867,2
2026-09-16T21,79,2,905.0,0,2456,3
2026-09-16T21,79,2,910.0,1342,1676,2
2026-09-16T21,79,3,905.0,0,186,1
2026-09-16T21,79,3,910.0,0,325,1
2026-09-16T21,79,3,915.0,2630,0,1
2026-09-16T21,79,4,910.0,23,308,2
2026-09-16T21,79,4,915.0,0,1889,3
2026-09-16T21,79,7,995.0,3296,0,1
2026-09-16T21,79,10,1030.0,0,1000,1
2026-09-16T22,79,0,880.0,0,86,3
2026-09-16T22,79,0,890.0,308,0,3
2026-09-16T22,79,1,890.0,0,21,1
2026-09-16T22,79,1,895.0,308,685,3
2026-09-16T22,79,2,900.0,0,176,1
2026-09-16T22,79,3,900.0,0,66,2
2026-09-16T22,79,3,905.0,279,50,3
2026-09-16T22,79,4,905.0,0,1059,1
2026-09-16T22,79,4,910.0,0,2077,2
2026-09-16T22,79,4,915.0,0,645,1
2026-09-16T22,79,4,920.0,116,0,1
2026-09-16T22,79,5,920.0,1600,3160,2
2026-09-16T22,79,5,930.0,196,1220,2
2026-09-16T22,79,5,935.0,912,0,1
2026-09-16T22,79,6,980.0,696,0,1
2026-09-16T22,79,7,995.0,0,1676,1
2026-09-16T23,79,0,890.0,16,0,1
2026-09-16T23,79,5,935.0,1192,0,1
2026-09-17T04,79,0,890.0,0,46,1
2026-09-17T04,79,0,895.0,0,31,1
2026-09-17T04,79,0,900.0,0,61,1
2026-09-17T04,79,1,905.0,603,0,1
2026-09-17T04,79,3,905.0,0,161,1
2026-09-17T04,79,4,920.0,0,3820,2
2026-09-17T04,79,4,930.0,246,0,1
2026-09-17T04,79,5,935.0,3906,0,1
2026-09-17T04,79,12,1580.0,1,0,1
2026-09-17T05,79,0,860.0,0,3,1
2026-09-17T05,79,0,865.0,0,59,1
2026-09-17T05,79,1,885.0,0,3,1
2026-09-17T05,79,2,870.0,2091,0,3
2026-09-17T05,79,2,875.0,48,0,1
2026-09-17T05,79,3,880.0,0,262,2
2026-09-17T05,79,3,885.0,0,250,1
2026-09-17T05,79,3,890.0,5,264,2
2026-09-17T05,79,3,900.0,4117,431,4
2026-09-17T05,79,3,905.0,0,451,2
2026-09-17T05,79,3,910.0,0,42,1
2026-09-17T05,79,3,915.0,8,725,3
2026-09-17T05,79,5,925.0,216,980,2
2026-09-17T05,79,5,930.0,5967,0,3
2026-09-17T06,79,1,875.0,0,198,1
2026-09-17T06,79,1,880.0,0,39,1
2026-09-17T06,79,1,885.0,147,0,2
2026-09-17T06,79,2,870.0,0,1717,2
2026-09-17T06,79,2,875.0,0,452,1
2026-09-17T06,79,2,880.0,0,90,1
2026-09-17T06,79,2,885.0,0,72,1
2026-09-17T06,79,2,900.0,8,1808,2
2026-09-17T06,79,2,910.0,2577,0,3
2026-09-17T06,79,3,910.0,0,1668,1
2026-09-17T06,79,3,915.0,1127,1372,6
2026-09-17T06,79,3,920.0,0,53,2
2026-09-17T06,79,3,925.0,325,92,2
2026-09-17T06,79,4,925.0,0,570,1
2026-09-17T06,79,5,915.0,504,0,2
2026-09-17T06,79,5,930.0,7,0,1
2026-09-17T07,79,0,860.0,0,86,2
2026-09-17T07,79,0,865.0,189,0,4
2026-09-17T07,79,1,880.0,0,49,2
2026-09-17T07,79,1,885.0,598,0,4
2026-09-17T07,79,2,900.0,147,0,1
2026-09-17T07,79,3,905.0,0,191,1
2026-09-17T07,79,4,910.0,696,0,1
2026-09-17T07,79,5,915.0,3555,0,2
2026-09-17T07,79,7,990.0,240,0,1
2026-09-17T08,79,0,865.0,177,0,4
2026-09-17T08,79,1,885.0,48,212,2
2026-09-17T08,79,1,890.0,420,0,2
2026-09-17T08,79,2,895.0,8,0,1
2026-09-17T08,79,3,905.0,0,989,1
2026-09-17T08,79,3,910.0,0,39,1
2026-09-17T08,79,4,910.0,240,2304,2
2026-09-17T08,79,5,905.0,0,381,1
2026-09-17T08,79,5,910.0,0,4291,1
2026-09-17T08,79,5,915.0,703,0,2
2026-09-17T09,79,0,865.0,0,1136,2
2026-09-17T09,79,0,870.0,0,326,2
2026-09-17T09,79,0,875.0,495,0,3
2026-09-17T09,79,1,890.0,0,144,1
2026-09-17T09,79,1,895.0,264,188,2
2026-09-17T09,79,2,895.0,404,308,3
2026-09-17T09,79,2,900.0,1472,0,1
2026-09-17T10,79,0,870.0,40,0,1
2026-09-17T10,79,0,875.0,0,80,1
2026-09-17T10,79,0,880.0,177,0,2
2026-09-17T10,79,1,880.0,0,32,1
2026-09-17T10,79,2,880.0,454,99,2
2026-09-17T10,79,2,885.0,440,288,2
2026-09-17T10,79,2,890.0,21,0,1
2026-09-17T10,79,4,905.0,0,908,1
2026-09-17T10,79,4,910.0,0,311,1
2026-09-17T10,79,5,915.0,445,0,1
2026-09-17T10,79,6,970.0,320,0,1
2026-09-17T11,79,0,850.0,30,101,3
2026-09-17T11,79,0,855.0,0,21,1
2026-09-17T11,79,0,860.0,0,318,1
2026-09-17T11,79,0,865.0,11,37,2
2026-09-17T11,79,1,875.0,0,344,1
2026-09-17T11,79,2,880.0,113,481,3
2026-09-17T11,79,2,885.0,136,663,4
2026-09-17T11,79,2,890.0,0,236,2
2026-09-17T11,79,3,895.0,133,2436,2
2026-09-17T11,79,4,900.0,666,0,1
2026-09-17T11,79,5,915.0,487,0,2
2026-09-17T11,79,6,965.0,136,0,1
2026-09-17T11,79,10,1020.0,0,500,1
2026-09-17T11,79,10,1030.0,0,1000,1
2026-09-17T12,79,0,845.0,0,16,1
2026-09-17T12,79,0,865.0,160,2,2
2026-09-17T12,79,0,870.0,30,0,1
2026-09-17T12,79,1,875.0,0,39,1
2026-09-17T12,79,2,850.0,0,320,1
2026-09-17T12,79,2,875.0,0,31,1
2026-09-17T12,79,2,880.0,1583,1,6
2026-09-17T12,79,2,885.0,26,0,1
2026-09-17T12,79,3,895.0,0,126,1
2026-09-17T12,79,4,895.0,96,0,1
2026-09-17T12,79,4,900.0,18,0,1
2026-09-17T12,79,5,915.0,1328,0,1
2026-09-17T12,79,6,965.0,320,0,1
2026-09-17T13,79,0,855.0,13,0,1
2026-09-17T13,79,1,885.0,0,220,2
2026-09-17T13,79,1,890.0,0,19,1
2026-09-17T13,79,2,895.0,0,1412,2
2026-09-17T13,79,2,900.0,0,1387,1
2026-09-17T13,79,3,900.0,0,616,1
2026-09-17T13,79,3,910.0,1172,0,1
2026-09-17T13,79,4,900.0,0,4388,2
2026-09-17T13,79,4,905.0,512,484,3
2026-09-17T13,79,4,910.0,0,300,1
2026-09-17T13,79,5,910.0,0,3583,1
2026-09-17T13,79,5,915.0,2489,0,1
2026-09-17T14,79,0,845.0,8,84,3
2026-09-17T14,79,0,850.0,0,78,3
2026-09-17T14,79,0,855.0,48,45,3
2026-09-17T14,79,0,860.0,0,93,1
2026-09-17T14,79,0,865.0,0,278,3
2026-09-17T14,79,0,870.0,91,7,3
2026-09-17T14,79,1,885.0,0,33,1
2026-09-17T14,79,1,890.0,0,1194,3
2026-09-17T14,79,1,895.0,2120,0,3
2026-09-17T14,79,2,900.0,0,718,1
2026-09-17T14,79,2,905.0,117,372,2
2026-09-17T14,79,3,895.0,568,58,2
2026-09-17T14,79,3,900.0,124,418,2
2026-09-17T14,79,4,900.0,64,0,2
2026-09-17T14,79,4,905.0,80,159,2
2026-09-17T14,79,5,915.0,0,489,1
2026-09-17T14,79,5,925.0,139,0,1
2026-09-17T14,79,6,965.0,0,1194,1
2026-09-17T14,79,6,970.0,2162,0,3
2026-09-17T15,79,0,865.0,0,179,1
2026-09-17T15,79,0,870.0,0,69,3
2026-09-17T15,79,0,875.0,24,99,3
2026-09-17T15,79,0,880.0,0,160,2
2026-09-17T15,79,1,875.0,0,23,1
2026-09-17T15,79,1,880.0,0,42,1
2026-09-17T15,79,1,885.0,0,13,1
2026-09-17T15,79,1,890.0,0,110,1
2026-09-17T15,79,1,895.0,122,236,4
2026-09-17T15,79,1,900.0,0,40,1
2026-09-17T15,79,2,890.0,22,1270,2
2026-09-17T15,79,2,895.0,0,28,1
2026-09-17T15,79,2,900.0,0,229,1
2026-09-17T15,79,2,905.0,237,0,1
2026-09-17T15,79,3,895.0,0,158,1
2026-09-17T15,79,3,905.0,0,92,1
2026-09-17T15,79,3,910.0,2087,0,2
2026-09-17T15,79,4,900.0,0,1525,1
2026-09-17T15,79,4,905.0,0,118,1
2026-09-17T15,79,4,910.0,0,1124,1
2026-09-17T15,79,5,925.0,2051,0,3
2026-09-17T16,79,0,880.0,18,97,5
2026-09-17T16,79,0,885.0,0,163,2
2026-09-17T16,79,0,890.0,34,0,1
2026-09-17T16,79,1,885.0,0,20,1
2026-09-17T16,79,1,890.0,0,64,1
2026-09-17T16,79,2,890.0,0,262,1
2026-09-17T16,79,2,895.0,0,586,3
2026-09-17T16,79,2,900.0,563,0,5
2026-09-17T16,79,3,895.0,0,143,2
2026-09-17T16,79,3,900.0,0,142,1
2026-09-17T16,79,3,905.0,0,47,2
2026-09-17T16,79,3,910.0,519,0,2
2026-09-17T16,79,4,910.0,21,234,2
2026-09-17T16,79,4,915.0,0,461,1
2026-09-17T17,79,0,880.0,0,15,1
2026-09-17T17,79,1,865.0,0,8,1
2026-09-17T17,79,1,870.0,8,1107,2
2026-09-17T17,79,1,875.0,0,108,1
2026-09-17T17,79,1,880.0,0,15,1
2026-09-17T17,79,1,885.0,0,5,1
2026-09-17T17,79,1,890.0,76,0,1
2026-09-17T17,79,2,890.0,0,127,1
2026-09-17T17,79,2,900.0,0,437,1
2026-09-17T17,79,2,905.0,0,471,1
2026-09-17T17,79,3,905.0,34,93,3
2026-09-17T17,79,3,910.0,1479,0,3
2026-09-17T17,79,5,915.0,648,0,1
2026-09-17T17,79,6,970.0,680,0,2
2026-09-17T18,79,0,860.0,124,0,2
2026-09-17T18,79,0,870.0,8,0,1
2026-09-17T18,79,1,885.0,0,14,1
2026-09-17T18,79,1,890.0,468,0,4
2026-09-17T18,79,2,890.0,880,1168,3
2026-09-17T18,79,2,895.0,168,332,2
2026-09-17T18,79,2,900.0,62,0,1
2026-09-17T18,79,3,910.0,958,2803,4
2026-09-17T18,79,3,920.0,80,0,1
2026-09-17T18,79,4,900.0,0,1032,1
2026-09-17T18,79,4,905.0,0,158,1
2026-09-17T18,79,4,920.0,5842,974,3
2026-09-17T18,79,5,910.0,0,754,1
2026-09-17T18,79,5,915.0,0,2035,1
2026-09-17T18,79,5,925.0,5712,4409,6
2026-09-17T18,79,6,970.0,1552,0,1
2026-09-17T19,79,0,855.0,0,160,2
2026-09-17T19,79,0,860.0,0,180,3
2026-09-17T19,79,0,865.0,8,32,2
2026-09-17T19,79,0,870.0,5,0,1
2026-09-17T19,79,1,870.0,0,3,1
2026-09-17T19,79,1,880.0,15,21,2
2026-09-17T19,79,1,885.0,8,24,2
2026-09-17T19,79,2,890.0,123,42,2
2026-09-17T19,79,2,895.0,0,141,2
2026-09-17T19,79,2,900.0,352,587,3
2026-09-17T19,79,2,905.0,79,122,3
2026-09-17T19,79,3,910.0,592,0,1
2026-09-17T19,79,3,920.0,188,2529,2
2026-09-17T19,79,4,915.0,0,355,1
2026-09-17T19,79,4,920.0,5,464,2
2026-09-17T19,79,5,925.0,1732,1511,4
2026-09-17T19,79,5,930.0,0,2026,1
2026-09-17T19,79,5,935.0,0,1251,1
2026-09-17T19,79,5,940.0,2460,0,1
2026-09-17T19,79,6,970.0,0,286,1
2026-09-17T19,79,6,975.0,1706,0,1
2026-09-17T19,79,7,980.0,880,0,1
2026-09-17T20,79,0,860.0,40,0,3
2026-09-17T20,79,1,880.0,0,46,1
2026-09-17T20,79,1,885.0,0,14,1
2026-09-17T20,79,1,890.0,92,116,2
2026-09-17T20,79,1,895.0,0,25,2
2026-09-17T20,79,2,885.0,1300,165,3
2026-09-17T20,79,2,890.0,646,147,5
2026-09-17T20,79,2,895.0,53,4,2
2026-09-17T20,79,3,900.0,881,0,2
2026-09-17T20,79,3,905.0,0,255,1
2026-09-17T20,79,4,925.0,0,168,1
2026-09-17T20,79,4,930.0,0,1682,1
2026-09-17T20,79,5,930.0,273,0,1
2026-09-17T20,79,5,940.0,760,0,1
2026-09-17T20,79,6,975.0,0,44,1
2026-09-17T21,79,0,855.0,0,14,2
2026-09-17T21,79,0,860.0,3,82,4
2026-09-17T21,79,0,865.0,0,140,2
2026-09-17T21,79,0,870.0,92,41,4
2026-09-17T21,79,2,885.0,0,32,1
2026-09-17T21,79,2,890.0,189,0,3
2026-09-17T21,79,2,900.0,0,3,1
2026-09-17T21,79,3,890.0,0,1070,1
2026-09-17T21,79,3,895.0,2832,3804,2
2026-09-17T21,79,5,925.0,1296,0,1
2026-09-17T22,79,0,865.0,0,41,2
2026-09-17T22,79,0,870.0,141,483,2
2026-09-17T22,79,0,875.0,0,115,2
2026-09-17T22,79,0,880.0,0,704,1
2026-09-17T22,79,0,885.0,0,45,2
2026-09-17T22,79,0,890.0,0,115,2
2026-09-17T22,79,0,895.0,0,69,2
2026-09-17T22,79,0,900.0,0,22,1
2026-09-17T22,79,1,890.0,0,198,2
2026-09-17T22,79,1,895.0,8,47,2
2026-09-17T22,79,1,905.0,1093,0,3
2026-09-17T22,79,2,890.0,0,13,1
2026-09-17T22,79,2,900.0,116,48,2
2026-09-17T22,79,2,905.0,558,671,3
2026-09-17T22,79,3,895.0,0,192,1
2026-09-17T22,79,3,900.0,0,4119,1
2026-09-17T22,79,3,905.0,0,3772,2
2026-09-17T22,79,3,910.0,0,3719,1
2026-09-17T22,79,4,910.0,544,1162,4
2026-09-17T22,79,7,980.0,208,0,1
2026-09-17T23,79,0,900.0,44,52,3
2026-09-17T23,79,1,890.0,149,0,2
2026-09-17T23,79,1,905.0,453,0,2
2026-09-17T23,79,2,910.0,0,1581,2
2026-09-17T23,79,3,910.0,282,257,4
2026-09-17T23,79,3,915.0,980,0,3
2026-09-17T23,79,4,910.0,0,20,1
2026-09-17T23,79,4,915.0,0,1587,3
2026-09-17T23,79,4,920.0,1153,0,2
2026-09-18T00,79,0,870.0,0,1,1
2026-09-18T00,79,0,875.0,7,0,1
2026-09-18T00,79,0,880.0,0,3,1
2026-09-18T00,79,0,885.0,9,4,2
2026-09-18T00,79,1,885.0,0,64,1
2026-09-18T00,79,1,890.0,116,0,1
2026-09-18T00,79,2,895.0,0,896,1
2026-09-18T00,79,2,900.0,560,0,2
2026-09-18T00,79,5,925.0,0,704,1
2026-09-18T00,79,5,930.0,1128,0,1
2026-09-18T01,79,0,870.0,0,3,1
2026-09-18T01,79,0,875.0,114,41,3
2026-09-18T01,79,1,880.0,24,0,1
2026-09-18T01,79,1,885.0,7,0,1
2026-09-18T01,79,2,890.0,0,1172,1
2026-09-18T01,79,2,895.0,0,17,1
2026-09-18T01,79,2,900.0,0,487,1
2026-09-18T01,79,2,915.0,0,450,1
2026-09-18T01,79,3,900.0,0,156,1
2026-09-18T01,79,3,905.0,165,550,3
2026-09-18T01,79,3,910.0,2564,337,3
2026-09-18T01,79,3,915.0,0,238,1
2026-09-18T01,79,4,915.0,0,942,1
2026-09-18T01,79,4,920.0,0,1847,1
2026-09-18T01,79,4,925.0,1301,0,1
2026-09-18T01,79,5,930.0,28,0,1
2026-09-18T02,79,0,870.0,0,16,1
2026-09-18T02,79,0,875.0,194,0,5
2026-09-18T02,79,1,880.0,111,0,1
2026-09-18T02,79,2,905.0,144,0,1
2026-09-18T03,79,0,865.0,0,77,1
2026-09-18T03,79,0,870.0,0,11,1
2026-09-18T03,79,0,875.0,6,0,2
2026-09-18T03,79,1,880.0,0,7,1
2026-09-18T03,79,1,885.0,0,3,1
2026-09-18T03,79,1,890.0,358,0,2
2026-09-18T03,79,2,880.0,0,54,1
2026-09-18T03,79,2,885.0,138,0,1
2026-09-18T03,79,2,890.0,0,288,1
2026-09-18T03,79,2,895.0,120,0,1
2026-09-18T03,79,3,900.0,68,0,1
2026-09-18T03,79,3,910.0,0,1691,2
2026-09-18T03,79,4,900.0,16,0,1
2026-09-18T03,79,4,915.0,64,0,1
2026-09-18T03,79,5,920.0,0,1934,1
2026-09-18T03,79,5,925.0,0,1623,1
2026-09-18T03,79,5,930.0,0,676,1
2026-09-18T03,79,5,935.0,0,3374,1
2026-09-18T04,79,0,870.0,47,0,1
2026-09-18T04,79,0,875.0,96,0,1
2026-09-18T04,79,1,890.0,0,125,1
2026-09-18T04,79,2,885.0,550,136,2
2026-09-18T04,79,2,890.0,128,480,3
2026-09-18T04,79,2,895.0,77,0,1
2026-09-18T04,79,4,900.0,0,1776,1
2026-09-18T04,79,4,905.0,0,500,1
2026-09-18T04,79,4,910.0,0,4000,1
2026-09-18T04,79,4,915.0,100,212,2
2026-09-18T04,79,4,920.0,32,0,1
2026-09-18T05,79,0,860.0,0,7,1
2026-09-18T05,79,0,865.0,0,22,1
2026-09-18T05,79,0,870.0,51,0,2
2026-09-18T05,79,1,870.0,50,0,1
2026-09-18T05,79,2,885.0,0,24,1
2026-09-18T05,79,2,890.0,0,748,1
2026-09-18T05,79,2,895.0,0,467,1
2026-09-18T05,79,3,890.0,0,440,1
2026-09-18T05,79,3,895.0,0,200,1
2026-09-18T05,79,3,900.0,440,503,5
2026-09-18T05,79,3,905.0,1653,0,1
2026-09-18T05,79,4,915.0,0,627,1
2026-09-18T05,79,4,920.0,1785,1584,3
2026-09-18T05,79,6,965.0,1864,278,3
2026-09-18T05,79,7,975.0,0,5000,1
2026-09-18T06,79,0,865.0,0,103,1
2026-09-18T06,79,0,870.0,0,105,1
2026-09-18T06,79,0,875.0,0,529,4
2026-09-18T06,79,0,880.0,2,0,1
2026-09-18T06,79,0,885.0,0,179,2
2026-09-18T06,79,1,870.0,0,1236,1
2026-09-18T06,79,1,875.0,0,57,1
2026-09-18T06,79,1,880.0,8,284,4
2026-09-18T06,79,1,885.0,0,36,1
2026-09-18T06,79,2,875.0,0,127,1
2026-09-18T06,79,2,885.0,0,521,2
2026-09-18T06,79,2,890.0,352,848,4
2026-09-18T06,79,2,895.0,0,308,1
2026-09-18T06,79,2,900.0,173,967,4
2026-09-18T06,79,3,895.0,1915,1068,4
2026-09-18T06,79,3,900.0,0,48,1
2026-09-18T06,79,3,905.0,747,0,1
2026-09-18T06,79,4,915.0,184,16,2
2026-09-18T06,79,4,920.0,56,0,1
2026-09-18T06,79,5,930.0,196,0,2
2026-09-18T06,79,6,965.0,552,0,1
2026-09-18T07,79,0,875.0,0,20,1
2026-09-18T07,79,0,880.0,0,252,2
2026-09-18T07,79,1,875.0,0,20,1
2026-09-18T07,79,1,885.0,0,61,1
2026-09-18T07,79,1,890.0,163,0,1
2026-09-18T07,79,2,875.0,88,0,1
2026-09-18T07,79,2,890.0,0,174,1
2026-09-18T07,79,2,895.0,0,13,1
2026-09-18T07,79,2,900.0,389,126,2
2026-09-18T07,79,3,905.0,5034,0,2
2026-09-18T07,79,5,925.0,1000,0,1
2026-09-18T07,79,6,960.0,0,1184,1
2026-09-18T07,79,6,965.0,0,956,1
2026-09-18T07,79,6,970.0,826,0,1
2026-09-18T08,79,0,865.0,0,44,1
2026-09-18T08,79,0,870.0,29,0,1
2026-09-18T08,79,1,855.0,0,12,1
2026-09-18T08,79,1,860.0,0,9,1
2026-09-18T08,79,1,865.0,0,12,1
2026-09-18T08,79,1,870.0,0,20,1
2026-09-18T08,79,2,870.0,248,729,2
2026-09-18T08,79,2,875.0,121,0,1
2026-09-18T08,79,4,905.0,668,0,5
2026-09-18T08,79,5,925.0,0,9,1
2026-09-18T08,79,5,930.0,231,0,1
2026-09-18T09,79,1,850.0,5,0,1
2026-09-18T09,79,2,865.0,35,261,2
2026-09-18T09,79,2,870.0,437,2539,2
2026-09-18T09,79,2,875.0,1700,0,1
2026-09-18T09,79,3,905.0,910,0,1
2026-09-18T09,79,4,895.0,0,400,1
2026-09-18T09,79,4,905.0,0,439,2
2026-09-18T09,79,6,970.0,375,0,1
2026-09-18T09,79,8,990.0,0,10000,1
2026-09-18T10,79,0,870.0,32,0,2
2026-09-18T10,79,1,850.0,0,40,1
2026-09-18T10,79,1,855.0,88,130,3
2026-09-18T10,79,1,860.0,0,192,1
2026-09-18T10,79,1,875.0,0,30,1
2026-09-18T10,79,1,880.0,136,352,2
2026-09-18T10,79,2,875.0,0,109,1
2026-09-18T10,79,2,890.0,0,548,1
2026-09-18T10,79,2,895.0,0,639,3
2026-09-18T10,79,2,900.0,2924,0,3
2026-09-18T10,79,3,900.0,0,2426,2
