heure,kind,quality,prix,vendu,disparu,n_evt
2026-09-04T12,47,0,440.0,116,,2
2026-09-04T12,47,0,444.0,725,,2
2026-09-04T12,47,0,452.0,1042,,2
2026-09-04T12,47,0,470.0,506,,1
2026-09-04T12,47,0,472.0,3309,,1
2026-09-04T13,47,3,454.0,110,,1
2026-09-04T14,47,0,438.0,228,,1
2026-09-04T14,47,0,442.0,29,,2
2026-09-04T14,47,1,444.0,763,,2
2026-09-04T14,47,2,452.0,171,,1
2026-09-04T14,47,4,472.0,2,,1
2026-09-04T15,47,0,442.0,2,,1
2026-09-04T15,47,0,444.0,80,,1
2026-09-04T15,47,1,444.0,273,,2
2026-09-04T15,47,1,448.0,125,,1
2026-09-04T15,47,2,452.0,1040,,2
2026-09-04T15,47,3,454.0,194,,1
2026-09-04T15,47,3,456.0,787,,1
2026-09-04T16,47,0,450.0,83,,2
2026-09-04T16,47,1,452.0,170,,1
2026-09-04T16,47,2,452.0,3495,,2
2026-09-04T16,47,3,456.0,200,,1
2026-09-04T17,47,0,446.0,227,,1
2026-09-04T17,47,2,448.0,256,,1
2026-09-04T17,47,4,466.0,1969,,1
2026-09-04T18,47,0,446.0,100,,2
2026-09-04T18,47,0,448.0,68,,1
2026-09-04T18,47,2,450.0,545,,1
2026-09-04T18,47,3,452.0,678,,1
2026-09-04T18,47,4,464.0,919,,1
2026-09-04T21,47,0,430.0,13,,1
2026-09-04T21,47,0,432.0,430,,3
2026-09-04T21,47,0,434.0,211,,1
2026-09-04T21,47,1,440.0,696,,2
2026-09-04T21,47,2,448.0,710,,2
2026-09-04T21,47,2,450.0,199,,1
2026-09-04T21,47,2,454.0,284,,1
2026-09-04T21,47,3,452.0,1419,,2
2026-09-04T21,47,3,454.0,558,,1
2026-09-04T21,47,3,456.0,1061,,2
2026-09-04T21,47,5,470.0,3659,,1
2026-09-04T21,47,5,496.0,681,,1
2026-09-04T21,47,6,500.0,201,,1
2026-09-04T23,47,0,438.0,156,0,1
2026-09-04T23,47,1,440.0,60,36,2
2026-09-04T23,47,2,454.0,0,171,1
2026-09-04T23,47,3,454.0,1394,16,4
2026-09-04T23,47,3,456.0,98,0,1
2026-09-05T00,47,0,436.0,0,8,1
2026-09-05T00,47,0,438.0,120,0,3
2026-09-05T00,47,3,454.0,0,713,2
2026-09-05T00,47,3,456.0,865,0,4
2026-09-05T00,47,4,460.0,890,0,1
2026-09-05T01,47,0,438.0,183,0,3
2026-09-05T01,47,2,452.0,30,0,1
2026-09-05T01,47,3,456.0,584,0,2
2026-09-05T02,47,0,438.0,144,237,5
2026-09-05T02,47,0,448.0,299,53,4
2026-09-05T02,47,2,452.0,0,235,1
2026-09-05T02,47,2,454.0,860,0,2
2026-09-05T02,47,3,456.0,21,432,4
2026-09-05T02,47,3,458.0,5055,0,1
2026-09-05T02,47,4,460.0,0,418,1
2026-09-05T02,47,4,462.0,582,49,3
2026-09-05T02,47,4,464.0,0,233,1
2026-09-05T02,47,4,466.0,0,1013,1
2026-09-05T02,47,4,470.0,0,3047,1
2026-09-05T02,47,4,472.0,0,151,1
2026-09-05T02,47,4,474.0,3649,0,1
2026-09-05T02,47,5,488.0,994,0,1
2026-09-05T03,47,0,448.0,59,0,2
2026-09-05T03,47,2,450.0,44,259,2
2026-09-05T03,47,2,454.0,738,0,1
2026-09-05T03,47,3,456.0,0,220,1
2026-09-05T03,47,3,458.0,0,13069,1
2026-09-05T03,47,4,474.0,0,672,1
2026-09-05T03,47,4,478.0,228,0,1
2026-09-05T04,47,0,446.0,213,0,3
2026-09-05T04,47,2,454.0,712,417,5
2026-09-05T04,47,3,456.0,83,0,1
2026-09-05T04,47,5,488.0,373,506,2
2026-09-05T04,47,5,490.0,686,0,1
2026-09-05T05,47,0,444.0,3,0,1
2026-09-05T05,47,0,446.0,35,0,2
2026-09-05T05,47,2,456.0,1280,349,2
2026-09-05T05,47,2,458.0,0,695,1
2026-09-05T05,47,3,456.0,0,1008,1
2026-09-05T05,47,3,458.0,0,290,1
2026-09-05T05,47,3,460.0,2540,0,3
2026-09-05T06,47,0,444.0,76,120,3
2026-09-05T06,47,0,446.0,186,0,1
2026-09-05T06,47,1,454.0,509,0,2
2026-09-05T06,47,2,454.0,0,4,1
2026-09-05T06,47,2,456.0,197,129,2
2026-09-05T06,47,3,458.0,665,0,2
2026-09-05T06,47,5,488.0,338,0,1
2026-09-05T07,47,0,444.0,224,92,2
2026-09-05T07,47,0,446.0,0,43,1
2026-09-05T07,47,0,448.0,401,0,2
2026-09-05T07,47,1,454.0,4,0,1
2026-09-05T07,47,2,456.0,12,0,1
2026-09-05T07,47,3,458.0,500,0,2
2026-09-05T08,47,0,448.0,486,0,1
2026-09-05T08,47,1,454.0,240,0,1
2026-09-05T08,47,2,450.0,0,166,1
2026-09-05T08,47,2,452.0,0,739,1
2026-09-05T08,47,2,454.0,2090,1070,4
2026-09-05T08,47,3,456.0,0,150,1
2026-09-05T08,47,3,458.0,250,0,1
2026-09-05T08,47,4,474.0,332,1474,2
2026-09-05T08,47,4,476.0,2900,0,1
2026-09-05T08,47,5,488.0,0,1289,1
2026-09-05T08,47,5,490.0,370,0,1
2026-09-05T08,47,6,470.0,0,440,1
2026-09-05T09,47,0,444.0,400,0,1
2026-09-05T09,47,1,452.0,103,128,2
2026-09-05T09,47,1,454.0,196,27,2
2026-09-05T09,47,3,456.0,763,0,3
2026-09-05T09,47,4,476.0,482,0,1
2026-09-05T09,47,6,498.0,0,980,1
2026-09-05T09,47,6,500.0,0,865,1
2026-09-05T09,47,6,510.0,0,2000,1
2026-09-05T09,47,6,515.0,0,5000,1
2026-09-05T10,47,0,434.0,192,0,3
2026-09-05T10,47,2,456.0,215,0,1
2026-09-05T10,47,3,456.0,0,473,1
2026-09-05T10,47,3,458.0,790,85,2
2026-09-05T11,47,0,434.0,0,532,1
2026-09-05T11,47,0,444.0,0,768,1
2026-09-05T11,47,0,446.0,0,54,1
2026-09-05T11,47,0,448.0,10,0,1
2026-09-05T11,47,1,436.0,0,80,1
2026-09-05T11,47,1,438.0,20,50,2
2026-09-05T11,47,1,440.0,0,50,1
2026-09-05T11,47,1,442.0,0,62,1
2026-09-05T11,47,1,444.0,31,29,2
2026-09-05T11,47,2,450.0,40,1006,3
2026-09-05T12,47,0,448.0,291,1647,4
2026-09-05T12,47,0,450.0,633,0,2
2026-09-05T12,47,2,450.0,1264,751,3
2026-09-05T12,47,3,452.0,538,0,3
2026-09-05T12,47,4,466.0,800,0,1
2026-09-05T12,47,5,470.0,120,0,1
2026-09-05T13,47,2,446.0,646,0,3
2026-09-05T13,47,3,452.0,1568,0,3
2026-09-05T13,47,5,466.0,400,0,1
2026-09-05T14,47,0,434.0,0,68,1
2026-09-05T14,47,0,436.0,60,141,3
2026-09-05T14,47,0,448.0,573,0,2
2026-09-05T14,47,2,444.0,0,40,1
2026-09-05T14,47,2,446.0,410,480,5
2026-09-05T14,47,2,452.0,0,88,1
2026-09-05T14,47,3,452.0,408,276,2
2026-09-05T14,47,3,454.0,0,500,1
2026-09-05T14,47,3,456.0,2196,0,2
2026-09-05T14,47,4,466.0,2644,0,1
2026-09-05T14,47,5,466.0,0,100,1
2026-09-05T14,47,5,468.0,0,1590,1
2026-09-05T14,47,5,470.0,0,13013,1
2026-09-05T14,47,5,488.0,352,0,1
2026-09-05T14,47,6,515.0,0,6150,2
2026-09-05T14,47,6,520.0,2144,0,1
2026-09-05T15,47,0,442.0,118,0,1
2026-09-05T15,47,0,448.0,24,0,1
2026-09-05T15,47,1,452.0,2,0,1
2026-09-05T15,47,3,450.0,0,1200,1
2026-09-05T15,47,3,454.0,144,0,1
2026-09-05T15,47,3,456.0,2428,0,1
2026-09-05T16,47,0,440.0,8,324,2
2026-09-05T16,47,0,442.0,0,200,1
2026-09-05T16,47,0,444.0,0,78,1
2026-09-05T16,47,0,446.0,98,0,1
2026-09-05T16,47,1,452.0,72,298,2
2026-09-05T16,47,1,456.0,1427,1260,2
2026-09-05T16,47,2,452.0,0,27,1
2026-09-05T16,47,2,456.0,0,649,1
2026-09-05T16,47,3,454.0,0,1356,1
2026-09-05T16,47,3,456.0,0,876,1
2026-09-05T16,47,3,458.0,1802,0,1
2026-09-05T17,47,0,446.0,0,128,1
2026-09-05T17,47,0,448.0,228,185,3
2026-09-05T17,47,1,450.0,123,0,1
2026-09-05T17,47,1,456.0,0,254,2
2026-09-05T17,47,2,452.0,57,0,1
2026-09-05T17,47,2,458.0,0,152,1
2026-09-05T17,47,3,452.0,0,65,1
2026-09-05T17,47,3,458.0,1871,0,1
2026-09-05T17,47,4,466.0,836,0,1
2026-09-05T18,47,0,448.0,8,0,1
2026-09-05T18,47,1,440.0,0,440,1
2026-09-05T18,47,1,450.0,41,0,1
2026-09-05T18,47,2,452.0,0,149,1
2026-09-05T18,47,2,458.0,24,0,1
2026-09-05T18,47,3,454.0,0,157,1
2026-09-05T18,47,3,458.0,0,3174,2
2026-09-05T18,47,3,460.0,1218,258,2
2026-09-05T18,47,5,470.0,0,1030,1
2026-09-05T19,47,0,448.0,8,41,2
2026-09-05T19,47,0,450.0,859,0,1
2026-09-05T19,47,1,450.0,0,3,1
2026-09-05T19,47,2,456.0,68,0,2
2026-09-05T19,47,4,466.0,761,0,1
2026-09-05T19,47,5,484.0,0,500,1
2026-09-05T19,47,5,486.0,0,1500,1
2026-09-05T19,47,5,488.0,0,274,1
2026-09-05T19,47,5,490.0,570,2718,3
2026-09-05T19,47,5,492.0,0,500,1
2026-09-05T19,47,5,494.0,0,1887,1
2026-09-05T19,47,5,496.0,1223,0,1
2026-09-05T20,47,0,438.0,13,0,1
2026-09-05T20,47,0,440.0,177,0,1
2026-09-05T20,47,0,450.0,3,0,1
2026-09-05T20,47,2,454.0,0,325,1
2026-09-05T20,47,2,456.0,235,0,1
2026-09-05T20,47,3,456.0,951,0,1
2026-09-05T21,47,0,438.0,0,57,1
2026-09-05T21,47,0,440.0,19,0,1
2026-09-05T21,47,2,452.0,0,164,2
2026-09-05T21,47,3,454.0,100,272,2
2026-09-05T21,47,3,456.0,1170,0,1
2026-09-05T21,47,4,466.0,1076,0,1
2026-09-05T21,47,5,492.0,0,104,1
2026-09-05T21,47,5,494.0,420,1080,2
2026-09-05T21,47,5,496.0,524,0,1
2026-09-05T23,47,0,438.0,0,228,1
2026-09-05T23,47,0,440.0,258,0,1
2026-09-05T23,47,2,448.0,10,0,1
2026-09-05T23,47,2,456.0,213,0,1
2026-09-05T23,47,3,454.0,200,0,1
2026-09-05T23,47,3,456.0,0,457,1
2026-09-05T23,47,3,458.0,112,0,1
2026-09-05T23,47,4,466.0,50,0,1
2026-09-05T23,47,5,496.0,0,311,1
2026-09-05T23,47,5,498.0,308,0,1
2026-09-05T23,47,7,525.0,818,0,1
2026-09-06T00,47,0,440.0,0,452,1
2026-09-06T00,47,0,446.0,0,22,1
2026-09-06T00,47,2,448.0,0,834,2
2026-09-06T00,47,2,450.0,10,17,2
2026-09-06T00,47,2,452.0,22,0,1
2026-09-06T00,47,3,448.0,188,0,2
2026-09-06T00,47,3,452.0,521,0,1
2026-09-06T00,47,3,454.0,23,0,1
2026-09-06T00,47,5,498.0,0,512,2
2026-09-06T00,47,5,500.0,670,0,2
2026-09-06T01,47,1,450.0,172,0,3
2026-09-06T01,47,2,450.0,0,390,1
2026-09-06T01,47,3,448.0,0,2515,1
2026-09-06T01,47,3,450.0,0,334,1
2026-09-06T01,47,3,452.0,0,779,1
2026-09-06T01,47,4,466.0,2594,763,3
2026-09-06T01,47,4,474.0,0,1668,1
2026-09-06T01,47,4,476.0,2807,0,1
2026-09-06T02,47,0,448.0,0,2,1
2026-09-06T02,47,1,450.0,704,0,5
2026-09-06T02,47,2,452.0,0,84,1
2026-09-06T02,47,3,452.0,980,120,3
2026-09-06T02,47,3,454.0,0,204,1
2026-09-06T02,47,7,520.0,0,3900,1
2026-09-06T03,47,2,450.0,591,0,6
2026-09-06T03,47,4,476.0,331,0,2
2026-09-06T04,47,0,448.0,0,436,1
2026-09-06T04,47,1,450.0,453,0,6
2026-09-06T04,47,2,450.0,1638,95,3
2026-09-06T04,47,2,452.0,0,473,2
2026-09-06T04,47,3,450.0,0,83,1
2026-09-06T04,47,3,452.0,1271,729,3
2026-09-06T05,47,0,446.0,50,0,1
2026-09-06T05,47,0,450.0,332,0,3
2026-09-06T05,47,1,450.0,154,135,2
2026-09-06T05,47,2,448.0,430,0,3
2026-09-06T05,47,2,450.0,0,36,1
2026-09-06T05,47,3,454.0,573,0,2
2026-09-06T05,47,6,498.0,0,980,1
2026-09-06T05,47,6,500.0,1440,0,1
2026-09-06T06,47,0,444.0,351,0,3
2026-09-06T06,47,2,444.0,88,75,3
2026-09-06T06,47,2,446.0,0,69,1
2026-09-06T06,47,2,448.0,504,66,3
2026-09-06T06,47,3,450.0,0,700,1
2026-09-06T06,47,3,452.0,984,80,2
2026-09-06T06,47,3,454.0,486,0,1
2026-09-06T06,47,5,492.0,0,449,1
2026-09-06T06,47,5,494.0,0,116,1
2026-09-06T06,47,5,496.0,0,1864,1
2026-09-06T06,47,5,498.0,4461,0,2
2026-09-06T07,47,0,442.0,0,400,1
2026-09-06T07,47,0,444.0,978,20,5
2026-09-06T07,47,0,446.0,74,0,1
2026-09-06T07,47,3,454.0,2169,429,4
2026-09-06T07,47,3,456.0,290,0,1
2026-09-06T07,47,4,468.0,1118,882,3
2026-09-06T07,47,4,470.0,664,0,1
2026-09-06T07,47,5,498.0,760,0,1
2026-09-06T07,47,6,500.0,6000,0,1
2026-09-06T08,47,0,446.0,158,128,6
2026-09-06T08,47,0,450.0,0,10,1
2026-09-06T08,47,2,448.0,695,324,5
2026-09-06T08,47,2,454.0,23,0,1
2026-09-06T08,47,3,454.0,0,77,1
2026-09-06T08,47,3,456.0,323,0,1
2026-09-06T08,47,5,470.0,3202,0,2
2026-09-06T09,47,0,436.0,50,0,1
2026-09-06T09,47,0,446.0,58,0,2
2026-09-06T09,47,2,452.0,0,22,1
2026-09-06T09,47,2,454.0,0,438,2
2026-09-06T09,47,3,456.0,2032,0,5
2026-09-06T09,47,5,468.0,240,0,1
2026-09-06T10,47,0,434.0,10,173,3
2026-09-06T10,47,0,436.0,336,47,2
2026-09-06T10,47,0,446.0,0,432,1
2026-09-06T10,47,0,448.0,8,0,1
2026-09-06T10,47,3,450.0,0,108,1
2026-09-06T10,47,3,452.0,440,60,2
2026-09-06T10,47,3,454.0,1236,0,2
2026-09-06T10,47,4,468.0,2126,0,1
2026-09-06T10,47,5,468.0,0,313,1
2026-09-06T10,47,5,470.0,3064,0,2
2026-09-06T11,47,0,448.0,0,2,1
2026-09-06T11,47,0,450.0,291,0,4
2026-09-06T11,47,2,450.0,0,95,1
2026-09-06T11,47,3,452.0,160,1070,2
2026-09-06T11,47,3,454.0,0,64,1
2026-09-06T11,47,3,456.0,479,0,1
2026-09-06T12,47,0,444.0,138,0,3
2026-09-06T12,47,0,448.0,36,0,1
2026-09-06T12,47,1,454.0,120,0,1
2026-09-06T12,47,2,446.0,25,514,3
2026-09-06T12,47,2,454.0,0,359,2
2026-09-06T12,47,2,456.0,7,0,1
2026-09-06T12,47,3,446.0,100,963,2
2026-09-06T12,47,3,448.0,0,116,1
2026-09-06T12,47,3,456.0,655,1429,4
2026-09-06T12,47,3,458.0,4784,0,3
2026-09-06T12,47,4,466.0,808,0,2
2026-09-06T13,47,0,440.0,45,0,2
2026-09-06T13,47,0,442.0,695,0,5
2026-09-06T13,47,1,452.0,0,665,1
2026-09-06T13,47,1,454.0,0,264,1
2026-09-06T13,47,1,456.0,243,0,1
2026-09-06T13,47,2,446.0,200,970,2
2026-09-06T13,47,2,454.0,389,96,3
2026-09-06T13,47,2,456.0,1031,849,3
2026-09-06T13,47,2,458.0,1125,0,1
2026-09-06T13,47,3,458.0,1962,991,4
2026-09-06T13,47,4,466.0,764,0,1
2026-09-06T13,47,5,468.0,0,239,1
2026-09-06T13,47,5,470.0,0,7959,1
2026-09-06T14,47,0,438.0,48,71,2
2026-09-06T14,47,0,440.0,974,59,4
2026-09-06T14,47,0,442.0,470,0,1
2026-09-06T14,47,1,456.0,294,1593,4
2026-09-06T14,47,2,458.0,585,1874,3
2026-09-06T14,47,3,460.0,5358,123,5
2026-09-06T14,47,4,464.0,0,1250,1
2026-09-06T14,47,4,466.0,0,715,1
2026-09-06T14,47,4,468.0,528,0,1
2026-09-06T14,47,5,498.0,298,0,1
2026-09-06T14,47,6,498.0,0,980,1
2026-09-06T15,47,0,436.0,0,20,1
2026-09-06T15,47,0,440.0,35,200,2
2026-09-06T15,47,0,442.0,208,0,3
2026-09-06T15,47,1,436.0,23,12,2
2026-09-06T15,47,1,438.0,0,80,1
2026-09-06T15,47,1,440.0,0,80,1
2026-09-06T15,47,1,442.0,0,80,1
2026-09-06T15,47,1,444.0,0,80,1
2026-09-06T15,47,1,446.0,0,70,1
2026-09-06T15,47,2,452.0,0,200,1
2026-09-06T15,47,2,454.0,567,34,4
2026-09-06T15,47,2,456.0,0,46,1
2026-09-06T15,47,3,458.0,0,10,1
2026-09-06T15,47,3,460.0,512,235,4
2026-09-06T15,47,4,466.0,170,0,1
2026-09-06T15,47,5,498.0,220,0,1
2026-09-06T16,47,0,440.0,262,54,4
2026-09-06T16,47,0,442.0,266,0,5
2026-09-06T16,47,3,458.0,1583,0,6
2026-09-06T16,47,4,466.0,194,0,1
2026-09-06T16,47,5,470.0,0,1929,1
2026-09-06T16,47,5,498.0,55,0,1
2026-09-06T16,47,9,900.0,0,1,1
2026-09-06T17,47,0,442.0,8,84,3
2026-09-06T17,47,0,444.0,58,420,4
2026-09-06T17,47,0,446.0,395,0,1
2026-09-06T17,47,3,458.0,1805,0,7
2026-09-06T17,47,4,464.0,1405,0,2
2026-09-06T18,47,0,444.0,27,469,5
2026-09-06T18,47,0,446.0,0,605,1
2026-09-06T18,47,0,448.0,129,0,1
2026-09-06T18,47,1,448.0,100,1721,2
2026-09-06T18,47,1,450.0,0,90,1
2026-09-06T18,47,1,456.0,0,30,1
2026-09-06T18,47,2,454.0,6,0,1
2026-09-06T18,47,2,456.0,0,173,1
2026-09-06T18,47,3,456.0,347,0,1
2026-09-06T18,47,3,458.0,2136,0,3
2026-09-06T19,47,0,448.0,145,0,4
2026-09-06T19,47,1,452.0,0,1,1
2026-09-06T19,47,2,454.0,1382,8,8
2026-09-06T19,47,3,452.0,0,400,1
2026-09-06T19,47,3,456.0,300,0,1
2026-09-06T19,47,4,458.0,0,1126,1
2026-09-06T19,47,4,460.0,1526,0,2
2026-09-06T20,47,0,448.0,104,134,3
2026-09-06T20,47,0,450.0,326,0,2
2026-09-06T20,47,1,454.0,0,366,1
2026-09-06T20,47,2,452.0,0,210,1
2026-09-06T20,47,2,454.0,986,232,5
2026-09-06T20,47,2,456.0,638,0,1
2026-09-06T20,47,3,456.0,584,313,3
2026-09-06T20,47,3,458.0,788,0,1
2026-09-06T20,47,4,460.0,200,0,1
2026-09-06T20,47,5,470.0,216,1883,2
2026-09-06T20,47,5,492.0,1996,0,2
2026-09-06T21,47,0,444.0,61,55,2
2026-09-06T21,47,0,450.0,144,0,3
2026-09-06T21,47,2,456.0,50,1309,3
2026-09-06T21,47,3,456.0,1103,0,4
2026-09-06T21,47,3,458.0,424,0,1
2026-09-06T21,47,4,458.0,0,1719,2
2026-09-06T21,47,4,460.0,0,581,1
2026-09-06T21,47,5,492.0,0,305,1
2026-09-06T21,47,5,496.0,1226,0,1
2026-09-06T22,47,0,448.0,117,0,1
2026-09-06T22,47,1,456.0,404,549,4
2026-09-06T22,47,2,450.0,0,200,1
2026-09-06T22,47,3,452.0,0,356,1
2026-09-06T22,47,3,454.0,443,0,1
2026-09-06T22,47,3,456.0,0,157,1
2026-09-06T22,47,3,458.0,2785,0,4
2026-09-06T22,47,5,494.0,940,0,1
2026-09-06T23,47,0,448.0,147,0,5
2026-09-06T23,47,3,454.0,0,304,1
2026-09-06T23,47,3,458.0,2282,0,3
2026-09-06T23,47,4,458.0,900,100,2
2026-09-07T00,47,0,448.0,0,103,1
2026-09-07T00,47,0,450.0,255,116,8
2026-09-07T00,47,3,458.0,6,0,2
2026-09-07T00,47,5,492.0,0,543,1
2026-09-07T00,47,5,494.0,512,0,1
2026-09-07T01,47,0,450.0,346,0,3
2026-09-07T01,47,1,452.0,60,0,1
2026-09-07T01,47,3,458.0,20,941,2
2026-09-07T01,47,4,458.0,0,885,1
2026-09-07T01,47,4,460.0,1706,0,2
2026-09-07T02,47,0,448.0,134,0,1
2026-09-07T02,47,0,450.0,212,0,6
2026-09-07T02,47,1,452.0,120,40,2
2026-09-07T02,47,2,458.0,350,0,1
2026-09-07T02,47,3,460.0,481,0,3
2026-09-07T02,47,4,460.0,0,1107,1
2026-09-07T02,47,4,462.0,0,4153,1
2026-09-07T02,47,4,464.0,0,247,1
2026-09-07T03,47,0,448.0,11,0,2
2026-09-07T03,47,1,458.0,1375,0,3
2026-09-07T03,47,2,458.0,0,305,1
2026-09-07T03,47,2,460.0,1249,0,1
2026-09-07T03,47,3,460.0,2478,2788,3
2026-09-07T03,47,3,462.0,81,141,2
2026-09-07T03,47,4,464.0,400,4600,2
2026-09-07T03,47,4,466.0,0,523,1
2026-09-07T03,47,4,468.0,594,1938,2
2026-09-07T03,47,4,470.0,556,0,1
2026-09-07T04,47,0,448.0,565,0,4
2026-09-07T04,47,1,456.0,0,500,1
2026-09-07T04,47,2,448.0,50,0,1
2026-09-07T04,47,3,456.0,0,200,1
2026-09-07T04,47,3,458.0,2012,0,4
2026-09-07T04,47,4,466.0,0,100,1
2026-09-07T04,47,4,468.0,400,0,1
2026-09-07T04,47,8,490.0,0,20000,1
2026-09-07T05,47,0,446.0,355,39,3
2026-09-07T05,47,0,448.0,902,0,4
2026-09-07T05,47,1,456.0,0,500,1
2026-09-07T05,47,2,448.0,0,3,1
2026-09-07T05,47,3,456.0,1296,704,3
2026-09-07T05,47,3,458.0,699,0,2
2026-09-07T06,47,0,446.0,8,0,1
2026-09-07T06,47,0,448.0,372,0,4
2026-09-07T06,47,2,456.0,811,0,3
2026-09-07T06,47,3,458.0,556,0,2
2026-09-07T06,47,4,468.0,0,746,1
2026-09-07T06,47,4,470.0,1048,326,3
2026-09-07T06,47,5,488.0,0,710,1
2026-09-07T06,47,5,492.0,112,623,2
2026-09-07T06,47,5,494.0,773,3194,2
2026-09-07T06,47,5,496.0,3715,0,1
2026-09-07T07,47,0,444.0,100,55,2
2026-09-07T07,47,0,446.0,629,0,4
2026-09-07T07,47,2,456.0,440,0,4
2026-09-07T07,47,3,456.0,0,2331,1
2026-09-07T07,47,3,458.0,4763,0,2
2026-09-07T07,47,6,470.0,0,196,1
2026-09-07T08,47,0,446.0,226,0,2
2026-09-07T08,47,1,454.0,60,0,1
2026-09-07T08,47,2,456.0,0,1162,1
2026-09-07T08,47,3,456.0,0,34,1
2026-09-07T08,47,3,458.0,2620,0,5
2026-09-07T08,47,6,498.0,0,980,1
2026-09-07T08,47,6,500.0,70,0,1
2026-09-07T08,47,7,525.0,979,0,1
2026-09-07T09,47,0,446.0,0,136,1
2026-09-07T09,47,0,448.0,174,0,3
2026-09-07T09,47,3,452.0,1627,0,4
2026-09-07T09,47,5,468.0,620,0,1
2026-09-07T10,47,0,446.0,0,584,2
2026-09-07T10,47,0,448.0,1901,0,7
2026-09-07T10,47,1,452.0,0,351,1
2026-09-07T10,47,1,454.0,0,234,1
2026-09-07T10,47,1,456.0,32,12,2
2026-09-07T10,47,3,452.0,168,279,2
2026-09-07T10,47,3,458.0,2930,0,2
2026-09-07T11,47,0,448.0,249,0,3
2026-09-07T11,47,2,450.0,422,274,4
2026-09-07T11,47,2,454.0,272,0,1
2026-09-07T11,47,5,468.0,370,0,1
2026-09-07T12,47,0,444.0,1,0,1
2026-09-07T12,47,0,446.0,72,0,3
2026-09-07T12,47,2,454.0,0,414,1
2026-09-07T12,47,2,456.0,0,319,1
2026-09-07T12,47,3,456.0,426,295,3
2026-09-07T12,47,3,458.0,112,0,1
2026-09-07T12,47,4,466.0,2244,0,2
2026-09-07T13,47,0,440.0,28,0,3
2026-09-07T13,47,0,442.0,239,0,4
2026-09-07T13,47,1,450.0,1002,0,2
2026-09-07T13,47,2,454.0,644,0,3
2026-09-07T13,47,3,454.0,532,3624,2
2026-09-07T13,47,3,456.0,240,613,2
2026-09-07T13,47,4,464.0,20,0,1
2026-09-07T13,47,5,466.0,128,0,1
2026-09-07T14,47,0,440.0,8,10,2
2026-09-07T14,47,0,442.0,423,405,4
2026-09-07T14,47,0,444.0,0,9,1
2026-09-07T14,47,0,446.0,0,170,1
2026-09-07T14,47,0,448.0,0,755,2
2026-09-07T14,47,0,450.0,346,0,2
2026-09-07T14,47,1,450.0,273,1297,3
2026-09-07T14,47,2,446.0,936,268,2
2026-09-07T14,47,2,454.0,1374,54,5
2026-09-07T14,47,3,456.0,622,0,2
2026-09-07T14,47,4,460.0,0,4906,1
2026-09-07T14,47,4,462.0,0,8000,1
2026-09-07T14,47,6,498.0,0,980,1
2026-09-07T14,47,6,500.0,1146,0,1
2026-09-07T15,47,0,444.0,183,0,1
2026-09-07T15,47,0,448.0,10,40,2
2026-09-07T15,47,0,450.0,87,0,4
2026-09-07T15,47,2,452.0,118,1031,3
2026-09-07T15,47,2,454.0,1289,1159,4
2026-09-07T15,47,3,456.0,1598,0,3
2026-09-07T15,47,5,460.0,78,0,1
2026-09-07T16,47,0,442.0,327,0,5
2026-09-07T16,47,0,444.0,315,0,2
2026-09-07T16,47,3,456.0,5627,0,9
2026-09-07T16,47,5,460.0,958,0,1
2026-09-07T16,47,6,498.0,0,17,1
2026-09-07T16,47,6,500.0,2665,0,1
2026-09-07T17,47,0,442.0,60,91,3
2026-09-07T17,47,0,444.0,506,0,4
2026-09-07T17,47,3,448.0,1120,380,3
2026-09-07T17,47,3,456.0,2372,0,5
2026-09-07T17,47,4,458.0,1873,0,2
2026-09-07T17,47,5,458.0,0,3909,1
2026-09-07T17,47,5,460.0,10000,0,1
2026-09-07T18,47,0,442.0,534,0,4
2026-09-07T18,47,1,456.0,1705,302,4
2026-09-07T18,47,2,456.0,0,485,1
2026-09-07T18,47,3,456.0,0,1969,2
2026-09-07T18,47,4,458.0,7763,0,4
2026-09-07T18,47,5,458.0,0,1177,1
2026-09-07T19,47,0,438.0,32,0,2
2026-09-07T19,47,2,454.0,0,850,2
2026-09-07T19,47,2,456.0,264,1832,3
2026-09-07T19,47,4,458.0,5,0,1
2026-09-07T19,47,5,458.0,755,145,2
2026-09-07T19,47,5,460.0,324,0,1
2026-09-07T20,47,0,438.0,0,70,1
2026-09-07T20,47,0,440.0,223,3,9
2026-09-07T20,47,0,442.0,257,0,2
2026-09-07T20,47,1,452.0,1875,0,3
2026-09-07T20,47,3,454.0,60,0,1
2026-09-07T20,47,4,450.0,0,600,1
2026-09-07T20,47,4,458.0,239,0,1
2026-09-07T20,47,5,458.0,0,344,1
2026-09-07T20,47,5,460.0,241,18399,2
2026-09-07T20,47,5,464.0,0,1220,1
2026-09-07T20,47,5,466.0,0,12594,1
2026-09-07T20,47,5,468.0,1146,3465,2
2026-09-07T21,47,0,442.0,0,138,2
2026-09-07T21,47,0,444.0,0,496,1
2026-09-07T21,47,0,448.0,171,121,6
2026-09-07T21,47,0,450.0,39,0,1
2026-09-07T21,47,1,452.0,1153,0,5
2026-09-07T21,47,2,456.0,0,384,1
2026-09-07T21,47,3,454.0,200,1080,2
2026-09-07T21,47,4,456.0,998,474,2
2026-09-07T21,47,4,458.0,588,120,3
2026-09-07T22,47,0,448.0,364,35,4
2026-09-07T22,47,0,450.0,49,72,6
2026-09-07T22,47,1,448.0,0,2,1
2026-09-07T22,47,1,450.0,2,398,2
2026-09-07T22,47,1,452.0,50,0,1
2026-09-07T22,47,2,452.0,38,526,3
2026-09-07T22,47,3,454.0,0,1300,1
2026-09-07T22,47,4,456.0,818,0,2
2026-09-07T23,47,0,444.0,0,34,1
2026-09-07T23,47,0,446.0,73,0,3
2026-09-07T23,47,1,452.0,561,0,3
2026-09-07T23,47,2,452.0,0,99,1
2026-09-07T23,47,3,452.0,298,1483,2
2026-09-07T23,47,4,454.0,15,0,1
2026-09-07T23,47,5,466.0,0,2748,1
2026-09-07T23,47,5,468.0,0,354,1
2026-09-07T23,47,5,470.0,0,14229,1
2026-09-08T00,47,1,432.0,0,40,1
2026-09-08T00,47,1,434.0,38,22,2
2026-09-08T00,47,1,436.0,0,50,1
2026-09-08T00,47,1,438.0,54,0,3
2026-09-08T00,47,3,452.0,790,0,1
2026-09-08T00,47,4,454.0,68,0,1
2026-09-08T00,47,5,490.0,221,0,1
2026-09-08T01,47,0,432.0,23,21,2
2026-09-08T01,47,0,436.0,94,296,2
2026-09-08T01,47,1,430.0,0,500,1
2026-09-08T01,47,1,432.0,50,9,2
2026-09-08T01,47,1,438.0,0,36,1
2026-09-08T01,47,1,440.0,0,50,1
2026-09-08T01,47,1,442.0,0,70,1
2026-09-08T01,47,1,444.0,0,60,1
2026-09-08T01,47,1,446.0,0,80,1
2026-09-08T01,47,1,448.0,0,50,1
2026-09-08T01,47,3,452.0,2618,1592,5
2026-09-08T01,47,4,454.0,280,488,2
2026-09-08T01,47,4,456.0,121,0,1
2026-09-08T02,47,0,446.0,223,18,7
2026-09-08T02,47,0,448.0,370,0,3
2026-09-08T02,47,2,454.0,0,327,1
2026-09-08T02,47,3,454.0,0,300,1
2026-09-08T02,47,4,456.0,2867,0,3
2026-09-08T03,47,0,448.0,236,0,6
2026-09-08T03,47,1,452.0,2444,0,7
2026-09-08T03,47,2,452.0,0,143,1
2026-09-08T03,47,4,454.0,680,971,3
2026-09-08T03,47,4,456.0,1459,53,2
2026-09-08T04,47,0,448.0,77,159,2
2026-09-08T04,47,0,450.0,155,0,1
2026-09-08T04,47,1,452.0,350,0,3
2026-09-08T04,47,2,454.0,1157,0,1
2026-09-08T04,47,3,454.0,0,39,1
2026-09-08T04,47,4,450.0,540,0,2
2026-09-08T04,47,4,456.0,525,0,2
2026-09-08T04,47,6,498.0,3520,980,2
2026-09-08T05,47,0,436.0,155,583,3
2026-09-08T05,47,0,446.0,120,0,1
2026-09-08T05,47,1,448.0,307,451,6
2026-09-08T05,47,2,448.0,0,8,1
2026-09-08T05,47,2,450.0,156,448,3
2026-09-08T05,47,4,450.0,1360,375,3
2026-09-08T05,47,4,452.0,7566,3593,4
2026-09-08T06,47,0,446.0,590,289,6
2026-09-08T06,47,0,448.0,49,0,1
2026-09-08T06,47,2,450.0,0,287,1
2026-09-08T06,47,2,452.0,1613,0,2
2026-09-08T06,47,4,456.0,400,0,1
2026-09-08T06,47,5,490.0,0,2968,1
2026-09-08T06,47,5,492.0,0,600,1
2026-09-08T06,47,5,494.0,0,2707,1
2026-09-08T06,47,5,496.0,539,0,1
2026-09-08T06,47,7,525.0,1568,0,1
2026-09-08T07,47,0,444.0,234,0,1
2026-09-08T07,47,0,448.0,54,53,3
2026-09-08T07,47,0,450.0,407,0,1
2026-09-08T07,47,1,452.0,778,0,1
2026-09-08T07,47,2,452.0,0,1200,1
2026-09-08T07,47,4,452.0,205,13607,3
2026-09-08T07,47,4,456.0,0,2616,1
2026-09-08T07,47,4,458.0,0,4412,1
2026-09-08T08,47,0,432.0,54,191,2
2026-09-08T08,47,0,444.0,74,0,3
2026-09-08T08,47,1,450.0,20,89,2
2026-09-08T08,47,2,452.0,35,355,2
2026-09-08T08,47,3,454.0,1022,381,3
2026-09-08T08,47,4,462.0,0,1000,1
2026-09-08T08,47,4,464.0,1124,0,1
2026-09-08T08,47,5,480.0,1396,0,1
2026-09-08T08,47,7,525.0,0,4163,1
2026-09-08T08,47,8,530.0,325,0,1
2026-09-08T09,47,0,438.0,180,0,1
2026-09-08T09,47,0,440.0,27,0,2
2026-09-08T09,47,0,442.0,4,0,2
2026-09-08T09,47,1,450.0,0,70,1
2026-09-08T09,47,1,452.0,219,0,2
2026-09-08T09,47,2,450.0,0,319,1
2026-09-08T09,47,2,452.0,0,14,1
2026-09-08T09,47,3,454.0,902,386,2
2026-09-08T09,47,4,464.0,1298,0,1
2026-09-08T10,47,0,436.0,0,2,1
2026-09-08T10,47,0,438.0,257,2,6
2026-09-08T10,47,1,450.0,0,500,1
2026-09-08T10,47,1,452.0,292,0,1
2026-09-08T10,47,3,454.0,955,2358,2
2026-09-08T10,47,5,480.0,992,0,2
2026-09-08T11,47,0,440.0,61,0,4
2026-09-08T11,47,1,452.0,2642,0,2
2026-09-08T11,47,2,454.0,495,0,2
2026-09-08T11,47,3,452.0,280,0,1
2026-09-08T11,47,3,456.0,492,0,1
2026-09-08T11,47,5,478.0,392,0,2
2026-09-08T12,47,0,438.0,12,30,2
2026-09-08T12,47,0,440.0,153,0,4
2026-09-08T12,47,1,448.0,0,99,1
2026-09-08T12,47,3,450.0,320,20,2
2026-09-08T12,47,3,452.0,834,186,3
2026-09-08T12,47,3,454.0,1132,0,1
2026-09-08T13,47,0,436.0,1,3,2
2026-09-08T13,47,0,438.0,696,0,4
2026-09-08T13,47,1,444.0,211,0,2
2026-09-08T13,47,2,440.0,0,22,1
2026-09-08T13,47,2,442.0,442,619,2
2026-09-08T13,47,2,450.0,0,140,1
2026-09-08T13,47,2,452.0,678,0,3
2026-09-08T13,47,3,452.0,0,900,1
2026-09-08T13,47,3,454.0,2130,0,2
2026-09-08T13,47,4,460.0,400,0,1
2026-09-08T13,47,5,466.0,112,0,1
2026-09-08T14,47,0,438.0,0,244,1
2026-09-08T14,47,0,440.0,0,1076,1
2026-09-08T14,47,0,442.0,0,202,1
2026-09-08T14,47,0,444.0,90,0,2
2026-09-08T14,47,1,444.0,0,347,1
2026-09-08T14,47,1,452.0,875,0,4
2026-09-08T14,47,2,452.0,0,8,1
2026-09-08T14,47,4,458.0,2706,0,2
2026-09-08T14,47,5,466.0,2388,0,1
2026-09-08T14,47,6,496.0,0,960,1
2026-09-08T14,47,6,498.0,1184,0,1
2026-09-08T15,47,0,432.0,200,35,2
2026-09-08T15,47,0,434.0,820,29,3
2026-09-08T15,47,0,444.0,0,583,2
2026-09-08T15,47,0,446.0,89,0,3
2026-09-08T15,47,0,448.0,36,0,1
2026-09-08T15,47,1,450.0,44,58,4
2026-09-08T15,47,1,452.0,94,0,1
2026-09-08T15,47,2,454.0,1589,148,2
2026-09-08T15,47,3,454.0,3025,622,5
2026-09-08T15,47,4,458.0,0,293,1
2026-09-08T15,47,4,460.0,0,4644,1
2026-09-08T15,47,5,464.0,44,0,1
2026-09-08T16,47,0,444.0,0,6,1
2026-09-08T16,47,0,446.0,0,311,1
2026-09-08T16,47,0,448.0,388,122,4
2026-09-08T16,47,0,450.0,28,0,1
2026-09-08T16,47,1,448.0,0,184,1
2026-09-08T16,47,1,452.0,144,0,1
2026-09-08T16,47,2,454.0,500,0,1
2026-09-08T16,47,3,448.0,0,86,1
2026-09-08T16,47,3,450.0,948,0,2
2026-09-08T16,47,3,454.0,200,0,1
2026-09-08T16,47,3,456.0,174,0,1
2026-09-08T17,47,0,444.0,0,4,1
2026-09-08T17,47,0,446.0,4,47,2
2026-09-08T17,47,0,448.0,0,544,2
2026-09-08T17,47,3,450.0,3095,0,8
2026-09-08T18,47,2,448.0,0,1536,1
2026-09-08T18,47,3,448.0,0,141,1
2026-09-08T18,47,3,450.0,933,24,6
2026-09-08T18,47,3,452.0,733,0,1
2026-09-08T18,47,4,458.0,931,0,1
2026-09-08T18,47,5,462.0,0,1576,1
2026-09-08T18,47,5,464.0,1199,0,2
2026-09-08T19,47,0,450.0,151,10,6
2026-09-08T19,47,1,452.0,368,0,1
2026-09-08T19,47,3,452.0,1218,498,4
2026-09-08T19,47,3,454.0,726,0,1
2026-09-08T19,47,4,456.0,400,0,1
2026-09-08T19,47,5,462.0,0,1456,1
2026-09-08T19,47,5,464.0,0,2914,1
2026-09-08T20,47,0,448.0,0,95,1
2026-09-08T20,47,0,450.0,686,0,4
2026-09-08T20,47,1,450.0,34,4863,2
2026-09-08T20,47,1,452.0,3770,0,2
2026-09-08T20,47,2,450.0,438,1139,2
2026-09-08T20,47,2,452.0,0,63,1
2026-09-08T20,47,3,452.0,0,82,1
2026-09-08T20,47,3,454.0,2128,100,5
2026-09-08T20,47,4,456.0,380,564,2
2026-09-08T20,47,4,458.0,315,45,3
2026-09-08T20,47,5,466.0,319,6261,3
2026-09-08T20,47,5,474.0,2610,0,2
2026-09-08T21,47,0,440.0,14,10,2
2026-09-08T21,47,0,448.0,0,48,1
2026-09-08T21,47,0,450.0,42,0,1
2026-09-08T21,47,1,450.0,2222,1360,3
2026-09-08T21,47,1,452.0,153,0,1
2026-09-08T21,47,3,454.0,2382,2687,5
2026-09-08T21,47,4,458.0,224,1161,2
2026-09-08T21,47,4,460.0,706,1000,3
2026-09-08T21,47,5,474.0,1064,0,1
2026-09-08T22,47,0,400.0,4,167,2
2026-09-08T22,47,0,448.0,138,0,2
2026-09-08T22,47,1,452.0,162,0,2
2026-09-08T22,47,2,454.0,1334,779,2
2026-09-08T22,47,2,456.0,0,2080,1
2026-09-08T22,47,3,456.0,0,861,1
2026-09-08T22,47,3,458.0,3958,3239,3
2026-09-08T22,47,4,458.0,136,0,1
2026-09-08T22,47,4,460.0,2140,0,3
2026-09-08T23,47,0,448.0,109,27,6
2026-09-08T23,47,0,450.0,55,0,1
2026-09-08T23,47,1,452.0,80,0,1
2026-09-08T23,47,2,458.0,233,0,1
2026-09-08T23,47,3,450.0,55,0,1
2026-09-08T23,47,3,460.0,48,0,1
2026-09-08T23,47,4,458.0,0,1030,1
2026-09-08T23,47,4,460.0,0,4627,1
2026-09-08T23,47,4,462.0,0,5000,1
2026-09-09T00,47,0,448.0,12,0,1
2026-09-09T00,47,0,450.0,20,0,2
2026-09-09T00,47,1,452.0,0,6747,3
2026-09-09T00,47,1,454.0,0,100,1
2026-09-09T00,47,1,456.0,0,3418,1
2026-09-09T00,47,2,458.0,0,908,1
2026-09-09T00,47,3,450.0,0,745,1
2026-09-09T00,47,3,460.0,1348,0,3
2026-09-09T00,47,4,460.0,756,244,2
2026-09-09T00,47,4,462.0,280,0,1
2026-09-09T00,47,5,472.0,0,491,1
2026-09-09T00,47,5,474.0,259,0,1
2026-09-09T01,47,0,444.0,293,0,4
2026-09-09T01,47,1,458.0,80,0,1
2026-09-09T01,47,3,454.0,60,1810,2
2026-09-09T01,47,3,460.0,884,11,3
2026-09-09T01,47,4,462.0,2175,0,1
2026-09-09T02,47,0,442.0,86,0,3
2026-09-09T02,47,0,444.0,174,0,2
2026-09-09T02,47,1,458.0,172,0,1
2026-09-09T02,47,2,444.0,0,29,1
2026-09-09T02,47,2,458.0,200,0,1
2026-09-09T02,47,2,460.0,482,0,1
2026-09-09T02,47,3,458.0,182,318,2
2026-09-09T02,47,3,462.0,1875,0,4
2026-09-09T02,47,4,462.0,0,645,2
2026-09-09T02,47,5,472.0,0,714,1
2026-09-09T03,47,0,442.0,1778,0,5
2026-09-09T03,47,1,458.0,409,0,2
2026-09-09T03,47,2,458.0,0,169,1
2026-09-09T03,47,2,460.0,253,0,1
2026-09-09T03,47,3,458.0,0,1000,1
2026-09-09T03,47,3,462.0,299,9392,4
2026-09-09T03,47,4,464.0,900,6028,2
2026-09-09T03,47,4,470.0,1388,0,2
2026-09-09T04,47,0,440.0,300,170,2
2026-09-09T04,47,0,442.0,1111,0,2
2026-09-09T04,47,1,458.0,168,580,2
2026-09-09T04,47,2,460.0,1227,3773,3
2026-09-09T04,47,2,464.0,0,2096,1
2026-09-09T04,47,2,466.0,0,1,1
2026-09-09T04,47,3,468.0,199,0,1
2026-09-09T04,47,4,470.0,200,0,1
2026-09-09T05,47,0,442.0,478,347,4
2026-09-09T05,47,0,444.0,113,0,2
2026-09-09T05,47,3,464.0,0,1761,1
2026-09-09T05,47,5,466.0,2011,0,5
2026-09-09T06,47,0,442.0,24,24,2
2026-09-09T06,47,0,444.0,420,25,6
2026-09-09T06,47,0,446.0,557,0,1
2026-09-09T06,47,1,444.0,0,50,1
2026-09-09T06,47,1,446.0,0,80,1
2026-09-09T06,47,1,448.0,0,50,1
2026-09-09T06,47,1,450.0,16,0,1
2026-09-09T06,47,2,464.0,2000,0,2
2026-09-09T06,47,3,468.0,400,0,1
2026-09-09T06,47,5,466.0,567,4246,2
2026-09-09T06,47,5,472.0,0,120,1
2026-09-09T06,47,5,474.0,160,0,1
2026-09-09T07,47,0,442.0,0,32,1
2026-09-09T07,47,0,444.0,0,316,1
2026-09-09T07,47,0,446.0,0,142,2
2026-09-09T07,47,0,448.0,0,288,1
2026-09-09T07,47,0,450.0,111,0,2
2026-09-09T07,47,1,450.0,0,54,1
2026-09-09T07,47,3,468.0,100,0,1
2026-09-09T08,47,0,450.0,509,422,9
2026-09-09T08,47,1,452.0,0,50,1
2026-09-09T08,47,1,454.0,0,50,1
2026-09-09T08,47,1,456.0,0,80,1
2026-09-09T08,47,1,458.0,0,70,1
2026-09-09T08,47,1,460.0,0,50,1
2026-09-09T08,47,2,462.0,0,305,1
2026-09-09T08,47,2,464.0,0,813,1
2026-09-09T08,47,2,466.0,321,39,2
2026-09-09T08,47,3,464.0,200,0,1
2026-09-09T08,47,3,468.0,123,0,2
2026-09-09T08,47,5,468.0,261,116,2
2026-09-09T09,47,0,448.0,0,515,1
2026-09-09T09,47,0,450.0,505,0,4
2026-09-09T09,47,3,464.0,739,0,4
2026-09-09T09,47,4,468.0,0,11,1
2026-09-09T09,47,4,470.0,1759,0,1
2026-09-09T09,47,5,472.0,899,0,2
2026-09-09T10,47,0,450.0,296,0,6
2026-09-09T10,47,1,456.0,28,0,1
2026-09-09T10,47,3,462.0,200,0,1
2026-09-09T10,47,3,464.0,980,0,3
2026-09-09T10,47,5,472.0,1396,0,1
2026-09-09T11,47,0,446.0,0,154,1
2026-09-09T11,47,0,450.0,176,0,1
2026-09-09T11,47,1,448.0,0,500,1
2026-09-09T11,47,1,450.0,0,50,1
2026-09-09T11,47,1,456.0,0,52,1
2026-09-09T11,47,2,460.0,0,100,1
2026-09-09T11,47,3,460.0,496,4,2
2026-09-09T11,47,3,462.0,0,62,1
2026-09-09T11,47,3,464.0,1144,1025,3
2026-09-09T11,47,4,464.0,0,5178,1
2026-09-09T11,47,5,466.0,2111,0,3
2026-09-09T11,47,5,468.0,438,0,2
2026-09-09T12,47,0,448.0,0,293,1
2026-09-09T12,47,0,450.0,147,550,7
2026-09-09T12,47,0,452.0,0,944,3
2026-09-09T12,47,0,454.0,1458,0,2
2026-09-09T12,47,2,462.0,0,115,1
2026-09-09T12,47,3,464.0,985,0,3
2026-09-09T12,47,4,464.0,285,521,2
2026-09-09T12,47,5,466.0,67,0,1
2026-09-09T13,47,0,452.0,192,0,1
2026-09-09T13,47,0,454.0,206,336,6
2026-09-09T13,47,0,456.0,340,0,1
2026-09-09T13,47,3,464.0,2636,1579,6
2026-09-09T13,47,5,466.0,200,0,1
2026-09-09T14,47,0,446.0,0,23,1
2026-09-09T14,47,0,450.0,109,0,5
2026-09-09T14,47,2,458.0,40,0,1
2026-09-09T14,47,3,462.0,960,0,2
2026-09-09T14,47,4,466.0,2674,0,1
2026-09-09T14,47,5,466.0,0,783,1
2026-09-09T14,47,6,496.0,0,960,1
2026-09-09T14,47,6,498.0,0,1048,1
2026-09-09T14,47,6,500.0,136,0,1
2026-09-09T15,47,0,450.0,381,47,5
2026-09-09T15,47,0,452.0,253,0,1
2026-09-09T15,47,2,458.0,122,0,1
2026-09-09T15,47,3,460.0,0,300,1
2026-09-09T15,47,3,462.0,839,0,2
2026-09-09T15,47,4,466.0,400,0,1
2026-09-09T16,47,0,450.0,1193,0,3
2026-09-09T16,47,2,456.0,0,128,1
2026-09-09T16,47,2,458.0,776,315,4
2026-09-09T16,47,2,460.0,2404,0,4
2026-09-09T16,47,3,462.0,0,201,1
2026-09-09T16,47,3,464.0,901,0,2
2026-09-09T16,47,4,464.0,0,1000,1
2026-09-09T17,47,0,450.0,624,86,8
2026-09-09T17,47,1,462.0,286,0,2
2026-09-09T17,47,2,458.0,214,0,1
2026-09-09T17,47,2,460.0,0,452,1
2026-09-09T17,47,3,464.0,2174,0,3
2026-09-09T17,47,5,466.0,402,0,1
2026-09-09T17,47,6,498.0,0,400,1
2026-09-09T17,47,6,500.0,2645,0,1
2026-09-09T18,47,0,450.0,5,720,4
2026-09-09T18,47,0,452.0,199,0,4
2026-09-09T18,47,1,456.0,0,166,1
2026-09-09T18,47,2,456.0,187,0,2
2026-09-09T18,47,2,458.0,1054,0,3
2026-09-09T18,47,4,464.0,400,2732,2
2026-09-09T18,47,5,466.0,22,0,1
2026-09-09T19,47,0,440.0,0,268,1
2026-09-09T19,47,0,450.0,0,46,1
2026-09-09T19,47,0,452.0,247,0,5
2026-09-09T19,47,1,448.0,0,130,1
2026-09-09T19,47,2,456.0,890,0,2
2026-09-09T19,47,3,454.0,10,0,1
2026-09-09T19,47,5,464.0,1743,0,2
2026-09-09T20,47,0,448.0,0,45,1
2026-09-09T20,47,0,450.0,0,62,1
2026-09-09T20,47,0,452.0,0,315,1
2026-09-09T20,47,1,450.0,0,23,1
2026-09-09T20,47,2,450.0,0,209,1
2026-09-09T20,47,2,454.0,0,560,1
2026-09-09T20,47,3,452.0,972,328,5
2026-09-09T20,47,3,454.0,281,137,3
2026-09-09T20,47,3,456.0,708,0,2
2026-09-09T20,47,4,462.0,833,0,1
2026-09-09T20,47,5,462.0,0,1725,1
2026-09-09T21,47,0,438.0,0,4,1
2026-09-09T21,47,0,440.0,0,218,1
2026-09-09T21,47,1,454.0,135,647,4
2026-09-09T21,47,2,454.0,0,5,1
2026-09-09T21,47,2,456.0,456,0,2
2026-09-09T21,47,3,456.0,563,1414,3
2026-09-09T21,47,4,456.0,604,1431,2
2026-09-09T21,47,4,458.0,416,0,1
2026-09-09T21,47,5,464.0,2048,0,2
2026-09-09T22,47,3,452.0,23,0,4
2026-09-09T22,47,4,454.0,2710,0,3
2026-09-09T22,47,4,456.0,1339,0,3
2026-09-09T23,47,3,452.0,0,29,1
2026-09-09T23,47,4,454.0,1965,0,5
2026-09-10T00,47,0,456.0,6,0,2
2026-09-10T00,47,2,456.0,160,103,2
2026-09-10T00,47,2,458.0,151,81,2
2026-09-10T00,47,2,460.0,0,790,1
2026-09-10T00,47,3,452.0,0,763,1
2026-09-10T00,47,3,458.0,0,506,1
2026-09-10T00,47,3,462.0,0,888,1
2026-09-10T00,47,3,464.0,1235,0,1
2026-09-10T00,47,4,454.0,0,1020,1
2026-09-10T00,47,4,456.0,904,2153,2
2026-09-10T00,47,4,458.0,0,1252,1
2026-09-10T00,47,4,460.0,0,1000,1
2026-09-10T00,47,4,462.0,0,2963,1
2026-09-10T00,47,4,466.0,976,0,2
2026-09-10T00,47,5,464.0,0,815,1
2026-09-10T00,47,5,466.0,0,3279,2
2026-09-10T01,47,0,456.0,95,109,4
2026-09-10T01,47,0,458.0,197,0,2
2026-09-10T01,47,1,462.0,34,0,1
2026-09-10T01,47,4,462.0,400,524,2
2026-09-10T01,47,4,464.0,90,0,3
2026-09-10T02,47,0,456.0,0,60,1
2026-09-10T02,47,0,458.0,316,3,6
2026-09-10T02,47,1,462.0,0,430,1
2026-09-10T02,47,3,462.0,0,350,1
2026-09-10T02,47,4,464.0,3124,0,5
2026-09-10T03,47,0,458.0,163,21,3
2026-09-10T03,47,0,460.0,129,0,1
2026-09-10T03,47,2,460.0,330,271,2
2026-09-10T03,47,2,462.0,5,134,2
2026-09-10T03,47,3,464.0,1864,0,4
2026-09-10T03,47,4,464.0,40,529,2
2026-09-10T03,47,4,466.0,400,0,1
2026-09-10T04,47,0,458.0,68,0,2
2026-09-10T04,47,0,460.0,50,0,3
2026-09-10T04,47,1,460.0,0,34,1
2026-09-10T04,47,2,462.0,0,194,1
2026-09-10T04,47,3,462.0,16,0,1
2026-09-10T04,47,3,464.0,1331,0,4
2026-09-10T04,47,4,466.0,440,0,1
2026-09-10T05,47,0,456.0,0,34,1
2026-09-10T05,47,0,458.0,0,336,1
2026-09-10T05,47,0,460.0,99,0,4
2026-09-10T05,47,2,460.0,0,124,1
2026-09-10T05,47,3,462.0,1838,1124,3
2026-09-10T05,47,3,464.0,903,0,3
2026-09-10T05,47,5,468.0,3944,0,1
2026-09-10T06,47,0,450.0,100,0,1
2026-09-10T06,47,0,458.0,32,0,1
2026-09-10T06,47,0,460.0,369,0,1
2026-09-10T06,47,3,458.0,982,0,4
2026-09-10T06,47,3,462.0,490,0,1
2026-09-10T06,47,4,466.0,3000,0,1
2026-09-10T06,47,6,496.0,0,960,1
2026-09-10T06,47,6,498.0,1801,500,2
2026-09-10T07,47,0,450.0,187,23,2
2026-09-10T07,47,2,454.0,0,104,1
2026-09-10T07,47,2,456.0,2182,0,5
2026-09-10T07,47,3,456.0,0,72,1
2026-09-10T07,47,5,464.0,1532,0,1
2026-09-10T07,47,8,530.0,0,4015,1
2026-09-10T08,47,0,450.0,187,0,2
2026-09-10T08,47,1,448.0,114,0,1
2026-09-10T08,47,1,452.0,25,23,2
2026-09-10T08,47,2,456.0,580,51,5
2026-09-10T08,47,2,460.0,0,446,1
2026-09-10T08,47,3,458.0,78,287,3
2026-09-10T08,47,5,460.0,0,788,1
2026-09-10T08,47,5,462.0,900,0,1
2026-09-10T09,47,0,450.0,154,102,4
2026-09-10T09,47,0,458.0,214,0,3
2026-09-10T09,47,1,448.0,0,546,1
2026-09-10T09,47,2,460.0,383,193,2
2026-09-10T09,47,5,462.0,470,0,2
2026-09-10T10,47,0,456.0,12,0,1
2026-09-10T10,47,1,458.0,0,1700,1
2026-09-10T10,47,3,456.0,1138,180,5
2026-09-10T10,47,3,460.0,160,0,1
2026-09-10T10,47,4,460.0,602,0,1
2026-09-10T10,47,5,460.0,675,104,2
2026-09-10T10,47,5,462.0,1831,0,3
2026-09-10T10,47,6,498.0,7621,3199,3
2026-09-10T11,47,0,456.0,0,93,1
2026-09-10T11,47,1,450.0,0,71,1
2026-09-10T11,47,1,452.0,0,80,1
2026-09-10T11,47,1,454.0,0,50,1
2026-09-10T11,47,1,456.0,0,80,1
2026-09-10T11,47,2,456.0,0,18,1
2026-09-10T11,47,2,458.0,122,0,2
2026-09-10T11,47,3,454.0,452,51,4
2026-09-10T11,47,4,458.0,378,2590,4
2026-09-10T11,47,5,460.0,2,0,1
2026-09-10T11,47,5,462.0,116,0,1
2026-09-10T12,47,0,458.0,21,0,2
2026-09-10T12,47,1,456.0,0,222,1
2026-09-10T12,47,2,458.0,0,2694,2
2026-09-10T12,47,3,454.0,0,113,1
2026-09-10T12,47,3,458.0,0,1202,1
2026-09-10T12,47,4,460.0,2873,0,4
2026-09-10T12,47,5,460.0,0,936,1
2026-09-10T12,47,5,462.0,326,0,1
2026-09-10T13,47,0,458.0,66,0,1
2026-09-10T13,47,1,452.0,5,45,2
2026-09-10T13,47,1,454.0,0,51,1
2026-09-10T13,47,1,456.0,4,116,3
2026-09-10T13,47,1,458.0,0,50,1
2026-09-10T13,47,3,458.0,0,265,1
2026-09-10T13,47,4,460.0,560,0,4
2026-09-10T13,47,5,460.0,295,1079,2
2026-09-10T14,47,0,450.0,60,0,1
2026-09-10T14,47,0,456.0,0,238,1
2026-09-10T14,47,0,458.0,0,157,2
2026-09-10T14,47,1,452.0,96,0,2
2026-09-10T14,47,2,458.0,0,336,1
2026-09-10T14,47,3,460.0,312,0,1
2026-09-10T14,47,4,460.0,3310,3743,3
2026-09-10T14,47,4,462.0,400,600,2
2026-09-10T14,47,5,460.0,0,559,1
2026-09-10T14,47,5,462.0,0,949,1
2026-09-10T14,47,5,464.0,592,0,1
2026-09-10T14,47,6,496.0,0,960,1
2026-09-10T14,47,6,498.0,8462,0,2
2026-09-10T15,47,0,450.0,122,0,4
2026-09-10T15,47,1,452.0,0,105,1
2026-09-10T15,47,3,460.0,1383,0,2
2026-09-10T15,47,4,466.0,890,110,2
2026-09-10T15,47,5,464.0,480,1471,2
2026-09-10T15,47,5,468.0,295,0,1
2026-09-10T16,47,0,450.0,488,11,5
2026-09-10T16,47,2,456.0,46,0,1
2026-09-10T16,47,3,458.0,18,0,2
2026-09-10T16,47,3,460.0,374,0,2
2026-09-10T16,47,4,464.0,0,1000,1
2026-09-10T16,47,4,466.0,0,2109,1
2026-09-10T16,47,5,468.0,2307,0,1
2026-09-10T17,47,0,458.0,0,220,2
2026-09-10T17,47,0,460.0,1134,641,6
2026-09-10T17,47,1,458.0,0,68,1
2026-09-10T17,47,1,460.0,137,161,3
2026-09-10T17,47,2,456.0,0,316,1
2026-09-10T17,47,2,460.0,101,1000,3
2026-09-10T17,47,3,458.0,0,54,1
2026-09-10T17,47,3,460.0,120,151,2
2026-09-10T17,47,3,462.0,2017,0,1
2026-09-10T17,47,5,468.0,1298,0,1
2026-09-10T18,47,0,440.0,219,0,3
2026-09-10T18,47,0,454.0,35,227,2
2026-09-10T18,47,0,456.0,37,0,1
2026-09-10T18,47,2,458.0,260,0,1
2026-09-10T18,47,3,462.0,3374,234,4
2026-09-10T18,47,3,464.0,1530,0,1
2026-09-10T18,47,5,468.0,1000,0,1
2026-09-10T19,47,0,440.0,404,564,3
2026-09-10T19,47,0,456.0,68,2,2
2026-09-10T19,47,0,458.0,143,0,3
2026-09-10T19,47,2,458.0,200,1336,2
2026-09-10T19,47,2,460.0,220,422,3
2026-09-10T19,47,2,462.0,0,189,1
2026-09-10T19,47,3,464.0,2350,0,5
2026-09-10T19,47,4,464.0,2602,17,2
2026-09-10T19,47,4,466.0,380,0,1
2026-09-10T19,47,5,466.0,2052,0,1
2026-09-10T19,47,5,468.0,170,0,1
2026-09-10T20,47,0,458.0,517,0,6
2026-09-10T20,47,3,464.0,3168,0,8
2026-09-10T20,47,5,466.0,0,1879,1
2026-09-10T20,47,5,468.0,521,0,1
2026-09-10T20,47,6,498.0,3212,0,1
2026-09-10T21,47,0,456.0,0,10,1
2026-09-10T21,47,0,458.0,102,0,4
2026-09-10T21,47,2,462.0,0,1000,1
2026-09-10T21,47,2,466.0,641,40,3
2026-09-10T21,47,3,464.0,814,1257,5
2026-09-10T21,47,3,466.0,0,2814,2
2026-09-10T21,47,3,468.0,464,0,1
2026-09-10T21,47,4,466.0,0,3120,2
2026-09-10T21,47,5,466.0,338,0,2
2026-09-10T21,47,5,468.0,1044,845,2
2026-09-10T22,47,0,456.0,0,47,1
2026-09-10T22,47,0,458.0,48,0,1
2026-09-10T22,47,4,464.0,1472,0,4
2026-09-10T22,47,5,466.0,611,0,1
2026-09-10T23,47,0,456.0,10,10,2
2026-09-10T23,47,0,458.0,242,0,3
2026-09-10T23,47,4,464.0,1360,0,4
2026-09-10T23,47,5,464.0,2,0,1
2026-09-11T00,47,0,458.0,404,459,6
2026-09-11T00,47,1,460.0,0,261,1
2026-09-11T00,47,3,460.0,60,1140,2
2026-09-11T00,47,3,462.0,1200,0,3
2026-09-11T00,47,4,462.0,0,600,1
2026-09-11T00,47,5,464.0,2346,0,3
2026-09-11T01,47,0,460.0,80,0,5
2026-09-11T01,47,3,454.0,1182,18,4
2026-09-11T01,47,3,462.0,1792,0,3
2026-09-11T02,47,0,460.0,200,0,1
2026-09-11T02,47,2,460.0,130,363,2
2026-09-11T02,47,2,462.0,80,0,1
2026-09-11T02,47,3,460.0,0,345,1
2026-09-11T02,47,3,462.0,1232,776,3
2026-09-11T02,47,3,468.0,2445,0,1
2026-09-11T02,47,4,464.0,906,552,3
2026-09-11T02,47,5,464.0,0,184,1
2026-09-11T02,47,5,466.0,0,1122,1
2026-09-11T02,47,5,468.0,1518,910,2
2026-09-11T03,47,0,460.0,783,929,4
2026-09-11T03,47,2,462.0,0,154,1
2026-09-11T03,47,2,464.0,0,481,1
2026-09-11T03,47,2,466.0,1073,0,4
2026-09-11T03,47,3,468.0,191,0,1
2026-09-11T03,47,5,470.0,10,0,1
2026-09-11T04,47,0,460.0,231,0,4
2026-09-11T04,47,1,458.0,0,365,1
2026-09-11T04,47,2,456.0,0,550,1
2026-09-11T04,47,2,466.0,468,8481,6
2026-09-11T04,47,3,468.0,740,1078,3
2026-09-11T04,47,5,470.0,870,718,3
2026-09-11T04,47,5,472.0,0,7550,1
2026-09-11T04,47,8,494.0,0,10000,1
2026-09-11T05,47,0,458.0,1,339,4
2026-09-11T05,47,0,460.0,555,0,4
2026-09-11T05,47,1,466.0,3171,0,6
2026-09-11T05,47,2,466.0,26,98,2
2026-09-11T05,47,2,468.0,1260,0,1
2026-09-11T05,47,3,468.0,1609,251,5
2026-09-11T06,47,0,458.0,380,20,3
2026-09-11T06,47,0,460.0,86,0,1
2026-09-11T06,47,1,464.0,0,132,1
2026-09-11T06,47,1,466.0,40,0,1
2026-09-11T06,47,2,464.0,27,0,1
2026-09-11T06,47,2,468.0,0,127,1
2026-09-11T06,47,3,466.0,680,0,3
2026-09-11T06,47,4,470.0,1611,762,3
2026-09-11T06,47,5,474.0,1400,0,2
2026-09-11T07,47,0,458.0,222,0,3
2026-09-11T07,47,2,462.0,1094,0,6
2026-09-11T07,47,4,470.0,1348,0,1
2026-09-11T07,47,6,492.0,0,920,1
2026-09-11T07,47,6,496.0,812,0,1
2026-09-11T08,47,0,456.0,98,0,3
2026-09-11T08,47,0,458.0,101,0,2
2026-09-11T08,47,1,466.0,0,289,1
2026-09-11T08,47,2,462.0,1525,0,3
2026-09-11T08,47,3,464.0,0,82,1
2026-09-11T08,47,3,466.0,38,406,2
2026-09-11T08,47,3,468.0,0,8016,1
2026-09-11T08,47,4,468.0,0,1000,1
2026-09-11T08,47,4,470.0,0,140,1
2026-09-11T09,47,0,456.0,62,0,1
2026-09-11T09,47,1,460.0,428,0,1
2026-09-11T09,47,2,462.0,80,114,2
2026-09-11T09,47,2,464.0,0,189,1
2026-09-11T09,47,5,470.0,4544,0,5
2026-09-11T10,47,0,454.0,361,39,5
2026-09-11T10,47,0,456.0,48,0,1
2026-09-11T10,47,1,460.0,0,2072,1
2026-09-11T10,47,3,460.0,498,0,2
2026-09-11T10,47,4,468.0,6243,0,3
2026-09-11T10,47,6,496.0,0,688,1
2026-09-11T10,47,6,498.0,6695,0,2
2026-09-11T11,47,0,456.0,370,0,4
2026-09-11T11,47,3,460.0,680,0,3
2026-09-11T11,47,4,466.0,480,0,1
2026-09-11T11,47,5,466.0,0,120,1
2026-09-11T11,47,5,468.0,88,0,1
2026-09-11T12,47,0,456.0,28,77,4
2026-09-11T12,47,0,458.0,199,386,4
2026-09-11T12,47,1,452.0,0,30,1
2026-09-11T12,47,1,454.0,0,85,1
2026-09-11T12,47,1,456.0,0,50,1
2026-09-11T12,47,1,458.0,0,65,1
2026-09-11T12,47,2,466.0,0,387,1
2026-09-11T12,47,3,460.0,0,22,1
2026-09-11T12,47,4,466.0,2389,410,6
2026-09-11T12,47,4,468.0,163,1567,2
2026-09-11T12,47,5,468.0,1238,462,3
2026-09-11T12,47,6,494.0,346,0,1
2026-09-11T13,47,0,454.0,174,26,4
2026-09-11T13,47,0,456.0,185,0,1
2026-09-11T13,47,0,458.0,368,0,4
2026-09-11T13,47,1,460.0,40,26,2
2026-09-11T13,47,1,462.0,144,0,1
2026-09-11T13,47,2,462.0,0,450,1
2026-09-11T13,47,3,464.0,706,0,3
2026-09-11T13,47,4,464.0,0,227,1
2026-09-11T13,47,4,466.0,2635,0,2
2026-09-11T14,47,0,440.0,909,0,7
2026-09-11T14,47,0,456.0,20,0,1
2026-09-11T14,47,1,454.0,0,16,1
2026-09-11T14,47,1,456.0,0,50,1
2026-09-11T14,47,1,458.0,34,0,1
2026-09-11T14,47,1,462.0,321,0,1
2026-09-11T14,47,2,462.0,0,131,1
2026-09-11T14,47,3,464.0,1527,0,4
2026-09-11T14,47,6,494.0,0,594,1
2026-09-11T14,47,6,496.0,0,1000,1
2026-09-11T14,47,6,498.0,542,0,1
2026-09-11T15,47,0,440.0,120,222,2
2026-09-11T15,47,0,454.0,18,0,2
2026-09-11T15,47,0,456.0,298,0,5
2026-09-11T15,47,3,458.0,208,0,1
2026-09-11T15,47,3,464.0,2569,198,4
2026-09-11T15,47,4,466.0,3623,0,1
2026-09-11T15,47,5,466.0,0,2491,1
2026-09-11T15,47,5,470.0,424,0,1
2026-09-11T15,47,9,645.0,0,1,1
2026-09-11T16,47,0,450.0,35,2,2
2026-09-11T16,47,0,452.0,0,80,1
2026-09-11T16,47,0,454.0,39,0,4
2026-09-11T16,47,3,456.0,332,0,1
2026-09-11T16,47,3,458.0,575,0,2
2026-09-11T16,47,4,464.0,900,0,1
2026-09-11T16,47,6,498.0,400,0,1
2026-09-11T17,47,0,454.0,156,0,5
2026-09-11T17,47,3,456.0,688,980,3
2026-09-11T17,47,3,458.0,1217,0,2
2026-09-11T17,47,4,462.0,528,0,1
2026-09-11T17,47,5,468.0,0,450,1
2026-09-11T17,47,5,470.0,0,3132,1
2026-09-11T17,47,5,472.0,754,0,1
2026-09-11T18,47,0,440.0,0,630,1
2026-09-11T18,47,0,454.0,0,224,1
2026-09-11T18,47,0,456.0,810,0,4
2026-09-11T18,47,1,458.0,94,50,3
2026-09-11T18,47,1,462.0,0,77,1
2026-09-11T18,47,2,456.0,0,419,1
2026-09-11T18,47,3,458.0,698,563,4
2026-09-11T18,47,4,462.0,3957,1240,5
2026-09-11T19,47,0,452.0,24,0,1
2026-09-11T19,47,2,450.0,0,51,1
2026-09-11T19,47,2,458.0,974,230,5
2026-09-11T19,47,2,460.0,0,295,1
2026-09-11T19,47,3,464.0,1335,0,2
2026-09-11T19,47,4,462.0,0,860,1
2026-09-11T19,47,4,464.0,0,1426,1
2026-09-11T19,47,4,466.0,448,0,2
2026-09-11T19,47,5,472.0,329,0,1
2026-09-11T19,47,6,496.0,0,1000,1
2026-09-11T19,47,6,498.0,2377,0,1
2026-09-11T20,47,0,452.0,114,42,3
2026-09-11T20,47,0,454.0,24,15,3
2026-09-11T20,47,1,456.0,45,0,1
2026-09-11T20,47,3,458.0,370,0,2
2026-09-11T20,47,4,464.0,650,0,1
2026-09-11T21,47,0,446.0,0,51,1
2026-09-11T21,47,2,448.0,650,0,2
2026-09-11T21,47,3,446.0,0,939,1
2026-09-11T21,47,3,452.0,30,0,1
2026-09-11T21,47,4,448.0,0,2000,1
2026-09-11T21,47,4,458.0,0,1800,1
2026-09-11T21,47,5,468.0,1022,0,1
2026-09-11T22,47,1,446.0,0,4,1
2026-09-11T22,47,2,444.0,0,260,1
2026-09-11T22,47,3,448.0,2324,0,4
2026-09-11T22,47,4,456.0,0,120,1
2026-09-11T22,47,4,458.0,3432,0,1
2026-09-11T22,47,5,466.0,0,1500,1
2026-09-11T23,47,0,444.0,31,67,3
2026-09-11T23,47,0,446.0,0,202,1
2026-09-11T23,47,2,446.0,0,296,1
2026-09-11T23,47,3,446.0,167,0,2
2026-09-11T23,47,3,448.0,2442,0,5
2026-09-12T00,47,0,444.0,0,70,2
2026-09-12T00,47,3,444.0,1,0,1
2026-09-12T00,47,3,446.0,1165,0,5
2026-09-12T00,47,4,458.0,176,0,2
2026-09-12T01,47,2,438.0,0,885,1
2026-09-12T01,47,3,444.0,1219,63,5
2026-09-12T01,47,3,446.0,0,168,1
2026-09-12T01,47,3,448.0,455,0,2
2026-09-12T01,47,4,458.0,280,0,1
2026-09-12T01,47,5,460.0,400,0,1
2026-09-12T02,47,0,432.0,171,0,3
2026-09-12T02,47,2,440.0,150,50,2
2026-09-12T02,47,4,444.0,1713,0,2
2026-09-12T03,47,0,432.0,18,111,2
2026-09-12T03,47,0,434.0,0,6,1
2026-09-12T03,47,0,436.0,28,96,2
2026-09-12T03,47,0,438.0,4,10,2
2026-09-12T03,47,2,440.0,192,0,3
2026-09-12T03,47,4,442.0,201,0,3
2026-09-12T04,47,2,436.0,300,50,2
2026-09-12T04,47,3,438.0,818,0,2
2026-09-12T04,47,4,438.0,1356,643,2
2026-09-12T04,47,4,440.0,892,3172,3
2026-09-12T04,47,4,442.0,0,2798,1
2026-09-12T04,47,4,444.0,0,3287,1
2026-09-12T04,47,5,456.0,4530,0,3
2026-09-12T05,47,1,426.0,262,147,3
2026-09-12T05,47,1,436.0,50,0,1
2026-09-12T05,47,2,434.0,2847,0,6
2026-09-12T05,47,3,438.0,1660,1392,5
2026-09-12T05,47,3,446.0,2120,0,1
2026-09-12T06,47,0,434.0,72,20,2
2026-09-12T06,47,1,436.0,573,0,2
2026-09-12T06,47,2,434.0,1500,3440,2
2026-09-12T06,47,2,436.0,173,37,4
2026-09-12T06,47,2,440.0,106,0,2
2026-09-12T06,47,3,446.0,85,0,2
2026-09-12T07,47,0,436.0,0,50,1
2026-09-12T07,47,1,436.0,160,87,3
2026-09-12T07,47,1,438.0,0,290,1
2026-09-12T07,47,2,438.0,213,2600,2
2026-09-12T07,47,2,440.0,609,93,5
2026-09-12T07,47,2,442.0,71,0,1
2026-09-12T07,47,3,444.0,1099,371,3
2026-09-12T07,47,3,446.0,197,0,2
2026-09-12T07,47,4,452.0,2,1998,2
2026-09-12T07,47,4,454.0,0,1399,1
2026-09-12T07,47,4,458.0,0,6112,1
2026-09-12T07,47,5,450.0,2546,3180,3
2026-09-12T07,47,5,456.0,0,1413,1
2026-09-12T07,47,5,458.0,0,3064,1
2026-09-12T08,47,0,440.0,0,99,2
2026-09-12T08,47,0,442.0,0,100,1
2026-09-12T08,47,0,446.0,24,0,1
2026-09-12T08,47,2,442.0,400,29,2
2026-09-12T08,47,3,446.0,160,1423,3
2026-09-12T08,47,3,448.0,460,0,2
2026-09-12T09,47,0,440.0,100,0,1
2026-09-12T09,47,2,446.0,562,334,2
2026-09-12T09,47,3,448.0,2242,0,3
2026-09-12T10,47,0,440.0,16,20,2
2026-09-12T10,47,0,444.0,0,21,1
2026-09-12T10,47,0,446.0,128,78,3
2026-09-12T10,47,2,444.0,0,1,1
2026-09-12T10,47,3,446.0,0,263,1
2026-09-12T10,47,3,448.0,416,0,2
2026-09-12T10,47,5,460.0,3000,0,1
2026-09-12T11,47,0,446.0,50,0,1
2026-09-12T11,47,3,446.0,1044,0,5
2026-09-12T11,47,3,448.0,1920,0,3
2026-09-12T11,47,4,458.0,1764,0,1
2026-09-12T11,47,5,458.0,124,0,1
2026-09-12T12,47,0,444.0,472,0,2
2026-09-12T12,47,0,446.0,30,122,3
2026-09-12T12,47,2,448.0,1309,0,2
2026-09-12T12,47,3,444.0,0,1095,1
2026-09-12T12,47,3,446.0,0,956,1
2026-09-12T12,47,3,448.0,200,7519,2
2026-09-12T12,47,4,456.0,600,0,1
2026-09-12T12,47,5,458.0,0,6266,1
2026-09-12T12,47,5,460.0,0,3935,1
2026-09-12T13,47,0,444.0,364,0,5
2026-09-12T13,47,0,446.0,0,270,1
2026-09-12T13,47,2,448.0,100,168,2
2026-09-12T13,47,2,452.0,0,195,1
2026-09-12T13,47,3,448.0,0,1100,1
2026-09-12T13,47,3,450.0,0,64,1
2026-09-12T13,47,4,454.0,2566,196,8
2026-09-12T13,47,5,456.0,204,0,1
2026-09-12T13,47,5,458.0,1600,0,1
2026-09-12T14,47,0,438.0,0,10,1
2026-09-12T14,47,0,440.0,32,93,5
2026-09-12T14,47,0,442.0,72,0,2
2026-09-12T14,47,3,446.0,0,375,1
2026-09-12T14,47,3,448.0,2570,0,4
2026-09-12T14,47,4,450.0,0,100,1
2026-09-12T14,47,4,456.0,1025,53,2
2026-09-12T14,47,5,456.0,488,308,3
2026-09-12T14,47,6,490.0,0,900,1
2026-09-12T14,47,8,492.0,1566,0,1
2026-09-12T15,47,0,432.0,0,1410,1
2026-09-12T15,47,0,438.0,98,0,3
2026-09-12T15,47,1,454.0,300,0,3
2026-09-12T15,47,2,446.0,0,100,1
2026-09-12T15,47,3,448.0,450,577,3
2026-09-12T15,47,3,456.0,0,279,1
2026-09-12T15,47,4,456.0,0,974,1
2026-09-12T15,47,5,458.0,424,0,1
2026-09-12T16,47,0,434.0,0,28,1
2026-09-12T16,47,0,436.0,0,20,1
2026-09-12T16,47,0,438.0,269,33,4
2026-09-12T16,47,0,440.0,81,0,1
2026-09-12T16,47,1,436.0,7,43,2
2026-09-12T16,47,1,438.0,0,70,1
2026-09-12T16,47,1,440.0,0,60,1
2026-09-12T16,47,1,442.0,0,50,1
2026-09-12T16,47,1,444.0,0,60,1
2026-09-12T16,47,1,446.0,0,60,1
2026-09-12T16,47,1,448.0,0,50,1
2026-09-12T16,47,1,450.0,0,70,1
2026-09-12T16,47,1,452.0,0,50,1
2026-09-12T16,47,1,454.0,447,0,2
2026-09-12T16,47,3,456.0,673,0,2
2026-09-12T16,47,5,458.0,153,0,2
2026-09-12T16,47,8,492.0,0,8434,1
2026-09-12T17,47,0,438.0,10,11,2
2026-09-12T17,47,0,440.0,93,0,2
2026-09-12T17,47,1,454.0,0,459,1
2026-09-12T17,47,3,454.0,0,270,2
2026-09-12T17,47,3,456.0,2656,0,2
2026-09-12T17,47,4,456.0,125,1299,4
2026-09-12T17,47,4,458.0,900,0,1
2026-09-12T17,47,5,458.0,0,2574,1
2026-09-12T17,47,5,466.0,1602,0,1
2026-09-12T18,47,0,440.0,75,116,5
2026-09-12T18,47,0,442.0,0,304,2
2026-09-12T18,47,0,444.0,522,0,2
2026-09-12T18,47,1,452.0,724,0,3
2026-09-12T18,47,3,454.0,0,1419,1
2026-09-12T18,47,3,456.0,2532,290,3
2026-09-12T18,47,4,458.0,0,319,1
2026-09-12T18,47,5,460.0,1205,0,2
2026-09-12T19,47,0,428.0,60,0,2
2026-09-12T19,47,0,434.0,50,0,1
2026-09-12T19,47,1,452.0,401,0,2
2026-09-12T19,47,2,446.0,312,0,2
2026-09-12T19,47,2,450.0,200,0,1
2026-09-12T19,47,2,456.0,453,0,1
2026-09-12T19,47,4,458.0,340,0,2
2026-09-12T19,47,5,460.0,655,0,1
2026-09-12T19,47,6,494.0,84,0,1
2026-09-12T20,47,0,426.0,12,0,2
2026-09-12T20,47,2,446.0,676,945,3
2026-09-12T20,47,4,456.0,0,1800,1
2026-09-12T20,47,4,458.0,1572,0,1
2026-09-12T21,47,0,426.0,98,0,2
2026-09-12T21,47,2,446.0,720,0,4
2026-09-12T21,47,3,436.0,0,1300,1
2026-09-12T21,47,3,438.0,0,800,1
2026-09-12T21,47,3,458.0,0,222,1
2026-09-12T21,47,4,440.0,0,1500,1
2026-09-12T21,47,4,454.0,1275,1338,3
2026-09-12T21,47,4,458.0,0,154,1
2026-09-12T21,47,4,460.0,406,0,1
2026-09-12T21,47,5,456.0,0,2132,1
2026-09-12T21,47,5,458.0,461,539,2
2026-09-12T21,47,5,460.0,0,283,1
2026-09-12T22,47,0,424.0,0,80,1
2026-09-12T22,47,0,426.0,488,0,6
2026-09-12T22,47,2,446.0,428,0,1
2026-09-12T22,47,4,434.0,1213,0,3
2026-09-12T22,47,5,460.0,1376,0,2
2026-09-12T23,47,0,426.0,0,9,2
2026-09-12T23,47,0,428.0,109,270,3
2026-09-12T23,47,2,444.0,0,208,1
2026-09-12T23,47,2,446.0,145,812,2
2026-09-12T23,47,2,448.0,0,230,1
2026-09-12T23,47,2,450.0,0,234,1
2026-09-12T23,47,2,456.0,0,212,1
2026-09-12T23,47,4,434.0,0,49,1
2026-09-12T23,47,4,458.0,204,0,1
2026-09-12T23,47,5,458.0,492,0,2
2026-09-13T00,47,0,428.0,208,0,2
2026-09-13T00,47,2,456.0,6,0,1
2026-09-13T00,47,5,458.0,428,0,1
2026-09-13T01,47,0,428.0,178,0,5
2026-09-13T01,47,1,446.0,0,3344,1
2026-09-13T01,47,2,448.0,0,2500,1
2026-09-13T01,47,4,454.0,277,473,2
2026-09-13T01,47,4,456.0,287,0,1
2026-09-13T02,47,0,428.0,0,130,1
2026-09-13T02,47,2,450.0,96,0,1
2026-09-13T02,47,3,454.0,100,0,1
2026-09-13T03,47,0,426.0,0,50,1
2026-09-13T03,47,0,428.0,320,120,2
2026-09-13T03,47,0,430.0,354,0,3
2026-09-13T03,47,1,448.0,50,450,2
2026-09-13T03,47,2,448.0,0,578,1
2026-09-13T03,47,2,450.0,0,184,1
2026-09-13T03,47,3,450.0,238,132,3
2026-09-13T03,47,3,452.0,354,0,2
2026-09-13T03,47,4,456.0,1600,382,5
2026-09-13T03,47,4,458.0,1438,0,1
2026-09-13T03,47,5,458.0,0,80,1
2026-09-13T04,47,0,430.0,4,0,1
2026-09-14T04,47,0,430.0,0,238,1
2026-09-14T04,47,0,434.0,0,350,1
2026-09-14T04,47,0,436.0,0,393,1
2026-09-14T04,47,0,438.0,56,1207,2
2026-09-14T04,47,0,442.0,17,3,2
2026-09-14T04,47,0,444.0,0,591,1
2026-09-14T04,47,2,444.0,2216,0,3
2026-09-14T04,47,2,456.0,0,494,1
2026-09-14T04,47,3,450.0,20,0,1
2026-09-14T04,47,4,458.0,1836,357,2
2026-09-14T04,47,4,460.0,2738,2551,2
2026-09-14T04,47,5,460.0,0,10484,2
2026-09-14T04,47,5,462.0,0,3330,1
2026-09-14T04,47,5,464.0,0,8729,1
2026-09-14T04,47,5,468.0,0,10000,1
2026-09-14T04,47,5,470.0,1191,0,1
2026-09-14T04,47,6,488.0,0,880,1
2026-09-14T04,47,6,494.0,0,856,1
2026-09-14T04,47,6,496.0,730,0,1
2026-09-14T04,47,8,490.0,0,15000,1
2026-09-14T05,47,0,442.0,4,75,3
2026-09-14T05,47,2,444.0,2155,0,5
2026-09-14T05,47,3,444.0,214,0,2
2026-09-14T05,47,3,446.0,853,0,1
2026-09-14T05,47,3,448.0,60,0,1
2026-09-14T06,47,2,440.0,70,230,2
2026-09-14T06,47,2,442.0,40,0,1
2026-09-14T06,47,3,440.0,6,0,1
2026-09-14T06,47,3,442.0,309,0,4
2026-09-14T06,47,3,444.0,5,0,1
2026-09-14T06,47,4,456.0,0,800,1
2026-09-14T06,47,4,458.0,0,1163,1
2026-09-14T06,47,4,460.0,37,0,1
2026-09-14T06,47,5,468.0,3408,0,2
2026-09-14T07,47,0,428.0,0,4,1
2026-09-14T07,47,3,438.0,200,0,1
2026-09-14T07,47,3,440.0,832,0,2
2026-09-14T07,47,5,468.0,200,0,1
2026-09-14T08,47,0,436.0,6,0,1
2026-09-14T08,47,2,436.0,88,14,6
2026-09-14T08,47,2,438.0,0,224,1
2026-09-14T08,47,2,442.0,0,660,1
2026-09-14T08,47,3,438.0,0,202,1
2026-09-14T08,47,3,440.0,0,633,1
2026-09-14T08,47,3,442.0,561,1395,2
2026-09-14T08,47,3,444.0,398,0,1
2026-09-14T08,47,5,468.0,0,3572,1
2026-09-14T08,47,5,470.0,0,5431,1
2026-09-14T08,47,5,472.0,88,0,1
2026-09-14T09,47,0,436.0,190,0,2
2026-09-14T09,47,2,444.0,1266,0,1
2026-09-14T09,47,3,444.0,130,253,3
2026-09-14T09,47,3,446.0,2819,0,1
2026-09-14T09,47,5,450.0,84,0,1
2026-09-14T10,47,0,436.0,4,20,2
2026-09-14T10,47,0,442.0,106,0,2
2026-09-14T10,47,2,442.0,504,396,2
2026-09-14T10,47,2,444.0,1156,0,2
2026-09-14T10,47,3,446.0,202,0,2
2026-09-14T10,47,5,450.0,0,9170,1
2026-09-14T11,47,0,438.0,40,0,1
2026-09-14T11,47,0,440.0,60,0,1
2026-09-14T11,47,0,442.0,68,0,1
2026-09-14T11,47,2,444.0,294,104,3
2026-09-14T11,47,2,446.0,938,0,1
2026-09-14T11,47,3,444.0,0,1240,1
2026-09-14T11,47,3,446.0,0,4853,1
2026-09-14T11,47,4,458.0,548,0,1
2026-09-14T11,47,5,470.0,682,0,2
2026-09-14T12,47,0,438.0,10,80,2
2026-09-14T12,47,0,440.0,0,80,1
2026-09-14T12,47,0,442.0,353,0,2
2026-09-14T12,47,1,444.0,100,0,1
2026-09-14T12,47,2,446.0,432,0,2
2026-09-14T12,47,3,448.0,0,128,1
2026-09-14T12,47,3,450.0,2150,0,2
2026-09-14T12,47,4,458.0,2800,0,1
2026-09-14T13,47,0,440.0,0,29,2
2026-09-14T13,47,0,442.0,482,130,4
2026-09-14T13,47,1,444.0,1214,0,2
2026-09-14T13,47,2,446.0,0,59,1
2026-09-14T13,47,2,448.0,138,0,1
2026-09-14T13,47,3,448.0,520,22,2
2026-09-14T13,47,3,450.0,1773,0,2
2026-09-14T13,47,4,458.0,0,104,1
2026-09-14T13,47,4,460.0,256,0,2
2026-09-14T14,47,0,450.0,0,1065,2
2026-09-14T14,47,0,452.0,217,0,3
2026-09-14T14,47,1,444.0,110,1571,4
2026-09-14T14,47,1,446.0,0,57,1
2026-09-14T14,47,1,448.0,0,212,1
2026-09-14T14,47,1,452.0,0,1811,1
2026-09-14T14,47,2,448.0,0,157,1
2026-09-14T14,47,2,450.0,0,365,1
2026-09-14T14,47,2,452.0,0,566,1
2026-09-14T14,47,3,450.0,200,22232,2
2026-09-14T14,47,3,452.0,1312,134,2
2026-09-14T14,47,3,454.0,774,0,2
2026-09-14T14,47,6,494.0,0,940,1
2026-09-14T14,47,6,496.0,1824,270,2
2026-09-14T15,47,0,450.0,10,5,2
2026-09-14T15,47,0,452.0,0,283,1
2026-09-14T15,47,2,456.0,0,10,1
2026-09-14T15,47,3,452.0,90,373,2
2026-09-14T15,47,3,454.0,8526,10668,9
2026-09-14T15,47,4,458.0,1102,165,2
2026-09-14T15,47,4,460.0,505,0,1
2026-09-14T16,47,0,452.0,210,0,2
2026-09-14T16,47,1,434.0,0,25,1
2026-09-14T16,47,1,436.0,0,52,1
2026-09-14T16,47,1,438.0,0,90,1
2026-09-14T16,47,1,440.0,0,50,1
2026-09-14T16,47,1,442.0,0,80,1
2026-09-14T16,47,1,444.0,0,60,1
2026-09-14T16,47,1,446.0,0,50,1
2026-09-14T16,47,2,446.0,96,0,2
2026-09-14T16,47,2,448.0,37,0,1
2026-09-14T16,47,3,450.0,440,616,2
2026-09-14T16,47,4,460.0,1155,0,4
2026-09-14T17,47,1,454.0,248,0,2
2026-09-14T17,47,2,446.0,0,344,1
2026-09-14T17,47,2,448.0,1592,38,4
2026-09-14T17,47,2,462.0,1356,0,1
2026-09-14T17,47,3,460.0,0,585,1
2026-09-14T17,47,4,458.0,0,167,1
2026-09-14T17,47,4,460.0,5467,3474,4
2026-09-14T17,47,4,462.0,0,2720,1
2026-09-14T17,47,4,464.0,1145,0,1
2026-09-14T18,47,0,438.0,0,54,1
2026-09-14T18,47,0,440.0,46,0,1
2026-09-14T18,47,0,442.0,68,0,2
2026-09-14T18,47,0,444.0,37,0,1
2026-09-14T18,47,1,452.0,228,0,1
2026-09-14T18,47,1,454.0,172,0,3
2026-09-14T18,47,2,462.0,384,180,2
2026-09-14T19,47,0,436.0,100,255,2
2026-09-14T19,47,0,440.0,0,686,1
2026-09-14T19,47,0,442.0,214,43,5
2026-09-14T19,47,0,444.0,158,0,2
2026-09-14T19,47,1,452.0,0,37,1
2026-09-14T19,47,1,454.0,0,131,1
2026-09-14T19,47,1,456.0,0,255,1
2026-09-14T19,47,1,458.0,173,0,1
2026-09-14T19,47,2,462.0,227,250,2
2026-09-14T19,47,3,464.0,622,0,2
2026-09-14T19,47,4,464.0,375,1498,3
2026-09-14T19,47,4,466.0,731,1294,2
2026-09-14T19,47,5,462.0,113,3071,2
2026-09-14T19,47,5,464.0,0,3400,1
2026-09-14T19,47,6,496.0,0,3176,1
2026-09-14T19,47,6,498.0,1977,0,1
2026-09-14T20,47,0,442.0,18,0,1
2026-09-14T20,47,0,444.0,0,5,1
2026-09-14T20,47,0,446.0,219,0,2
2026-09-14T20,47,1,458.0,669,677,4
2026-09-14T20,47,2,450.0,0,205,1
2026-09-14T20,47,2,462.0,323,1315,2
2026-09-14T20,47,3,462.0,36,0,1
2026-09-14T20,47,3,464.0,25,0,1
2026-09-14T20,47,4,466.0,0,8,1
2026-09-14T20,47,5,464.0,0,724,1
2026-09-14T20,47,5,466.0,0,3500,1
2026-09-14T20,47,5,468.0,392,2896,2
2026-09-14T20,47,5,470.0,10658,0,1
2026-09-14T21,47,0,442.0,0,7,1
2026-09-14T21,47,0,444.0,0,20,1
2026-09-14T21,47,0,446.0,13,0,1
2026-09-14T21,47,1,458.0,212,2098,2
2026-09-14T21,47,1,460.0,405,0,2
2026-09-14T21,47,2,458.0,0,45,1
2026-09-14T21,47,2,460.0,0,386,1
2026-09-14T21,47,3,462.0,0,1874,1
2026-09-14T21,47,3,464.0,1062,401,4
2026-09-14T21,47,4,466.0,0,1,1
2026-09-14T21,47,4,468.0,669,0,2
2026-09-14T21,47,6,470.0,2575,0,2
2026-09-14T22,47,0,444.0,3,96,2
2026-09-14T22,47,0,446.0,220,281,3
2026-09-14T22,47,0,452.0,237,53,3
2026-09-14T22,47,0,454.0,47,0,1
2026-09-14T22,47,1,454.0,0,649,1
2026-09-14T22,47,1,458.0,0,40,1
2026-09-14T22,47,1,460.0,0,245,1
2026-09-14T22,47,2,454.0,0,94,1
2026-09-14T22,47,2,456.0,0,1000,1
2026-09-14T22,47,3,458.0,48,629,2
2026-09-14T22,47,3,462.0,1227,0,1
2026-09-14T22,47,4,466.0,100,900,2
2026-09-14T22,47,4,468.0,4829,0,3
2026-09-14T23,47,0,454.0,434,0,4
2026-09-14T23,47,2,460.0,0,387,1
2026-09-14T23,47,2,462.0,0,56,1
2026-09-14T23,47,3,462.0,8,65,2
2026-09-14T23,47,4,464.0,612,0,1
2026-09-15T00,47,0,450.0,0,48,1
2026-09-15T00,47,0,452.0,12,9,2
2026-09-15T00,47,0,454.0,163,0,3
2026-09-15T00,47,3,464.0,1510,0,2
2026-09-15T00,47,4,464.0,1327,617,3
2026-09-15T00,47,4,466.0,383,0,1
2026-09-15T01,47,0,454.0,181,0,4
2026-09-15T01,47,2,462.0,220,0,1
2026-09-15T01,47,3,464.0,210,0,2
2026-09-15T01,47,4,466.0,100,585,2
2026-09-15T01,47,6,470.0,0,5691,1
2026-09-15T02,47,0,454.0,0,175,1
2026-09-15T02,47,0,456.0,123,144,3
2026-09-15T02,47,1,458.0,0,68,1
2026-09-15T02,47,1,460.0,32,0,1
2026-09-15T02,47,2,462.0,0,80,1
2026-09-15T02,47,2,464.0,0,500,1
2026-09-15T02,47,2,466.0,56,0,1
2026-09-15T02,47,3,464.0,0,5766,1
2026-09-15T02,47,4,468.0,3350,989,2
2026-09-15T02,47,5,466.0,0,1510,1
2026-09-15T02,47,5,468.0,0,963,2
2026-09-15T02,47,5,470.0,2752,0,3
2026-09-15T03,47,0,456.0,214,0,5
2026-09-15T03,47,1,460.0,0,18,1
2026-09-15T03,47,3,464.0,207,143,3
2026-09-15T03,47,3,466.0,1482,0,2
2026-09-15T03,47,4,466.0,1564,33,3
2026-09-15T03,47,4,468.0,949,0,2
2026-09-15T04,47,0,456.0,814,163,9
2026-09-15T04,47,2,464.0,220,0,1
2026-09-15T04,47,2,466.0,1810,0,2
2026-09-15T04,47,3,466.0,1742,686,2
2026-09-15T04,47,4,468.0,2522,0,5
2026-09-15T05,47,0,454.0,203,0,4
2026-09-15T05,47,0,456.0,2,0,1
2026-09-15T05,47,2,462.0,0,380,1
2026-09-15T05,47,2,464.0,433,0,1
2026-09-15T05,47,3,460.0,240,0,1
2026-09-15T05,47,3,462.0,406,0,2
2026-09-15T05,47,4,468.0,428,0,1
2026-09-15T05,47,5,464.0,1104,0,1
2026-09-15T05,47,5,468.0,0,450,1
2026-09-15T05,47,6,470.0,0,2482,1
2026-09-15T05,47,7,520.0,1708,0,1
2026-09-15T06,47,0,454.0,4,0,1
2026-09-15T06,47,2,462.0,0,1000,1
2026-09-15T06,47,3,460.0,0,29,1
2026-09-15T06,47,3,462.0,794,100,3
2026-09-15T06,47,3,464.0,3916,0,4
2026-09-15T06,47,5,464.0,3903,947,2
2026-09-15T06,47,5,470.0,2071,0,1
2026-09-15T11,47,0,454.0,134,239,3
2026-09-15T11,47,0,456.0,0,302,1
2026-09-15T11,47,0,458.0,1946,0,1
2026-09-15T11,47,2,464.0,1460,0,1
2026-09-15T11,47,3,462.0,0,3387,1
2026-09-15T11,47,3,464.0,0,5583,1
2026-09-15T11,47,3,466.0,120,0,1
2026-09-15T11,47,4,468.0,0,2636,2
2026-09-15T11,47,5,470.0,1022,0,1
2026-09-15T11,47,6,496.0,0,5960,2
2026-09-15T11,47,6,498.0,860,0,1
2026-09-15T12,47,0,448.0,8,0,1
2026-09-15T12,47,0,452.0,175,0,3
2026-09-15T12,47,2,460.0,57,0,1
2026-09-15T12,47,3,458.0,1130,695,3
2026-09-15T12,47,4,464.0,1160,10,2
2026-09-15T12,47,4,466.0,0,2755,1
2026-09-15T12,47,5,468.0,375,603,3
2026-09-15T12,47,5,470.0,2001,0,1
2026-09-15T12,47,6,496.0,0,960,1
2026-09-15T12,47,6,498.0,2440,0,1
2026-09-15T13,47,0,444.0,55,81,5
2026-09-15T13,47,0,446.0,222,0,3
2026-09-15T13,47,2,448.0,872,0,3
2026-09-15T13,47,3,460.0,0,80,1
2026-09-15T13,47,3,462.0,2460,0,2
2026-09-15T13,47,5,466.0,287,0,1
2026-09-15T14,47,0,444.0,208,51,3
2026-09-15T14,47,0,446.0,0,385,1
2026-09-15T14,47,2,448.0,84,1030,2
2026-09-15T14,47,2,460.0,0,289,1
2026-09-15T14,47,3,462.0,1243,0,4
2026-09-15T14,47,4,464.0,500,0,1
2026-09-15T14,47,5,464.0,0,2861,1
2026-09-15T14,47,5,466.0,1542,0,2
2026-09-15T14,47,6,496.0,3034,0,1
2026-09-15T15,47,0,430.0,118,1012,4
2026-09-15T15,47,0,444.0,32,0,1
2026-09-15T15,47,2,456.0,102,0,1
2026-09-15T15,47,2,460.0,1005,0,1
2026-09-15T15,47,2,462.0,109,0,1
2026-09-15T15,47,3,458.0,0,1200,1
2026-09-15T15,47,3,462.0,1200,97,2
2026-09-15T15,47,4,464.0,0,500,1
2026-09-15T15,47,5,464.0,2500,0,1
2026-09-15T16,47,0,442.0,0,10,1
2026-09-15T16,47,0,444.0,14,63,4
2026-09-15T16,47,0,446.0,0,100,1
2026-09-15T16,47,0,448.0,0,26,1
2026-09-15T16,47,0,450.0,164,1,3
2026-09-15T16,47,0,452.0,0,34,1
2026-09-15T16,47,0,454.0,0,204,2
2026-09-15T16,47,0,456.0,276,0,1
2026-09-15T16,47,2,456.0,224,565,3
2026-09-15T16,47,2,458.0,0,352,1
2026-09-15T16,47,2,460.0,1896,0,4
2026-09-15T16,47,3,462.0,646,0,3
2026-09-15T16,47,5,464.0,40,0,1
2026-09-15T17,47,0,440.0,0,6,1
2026-09-15T17,47,0,442.0,0,12,1
2026-09-15T17,47,0,444.0,538,0,4
2026-09-15T17,47,1,462.0,0,17,1
2026-09-15T17,47,2,460.0,0,312,1
2026-09-15T17,47,2,462.0,0,948,1
2026-09-15T17,47,3,462.0,756,98,4
2026-09-15T17,47,4,464.0,425,0,1
2026-09-15T17,47,5,464.0,1777,55,4
2026-09-15T18,47,0,442.0,0,20,1
2026-09-15T18,47,0,444.0,0,240,1
2026-09-15T18,47,0,448.0,194,0,3
2026-09-15T18,47,1,456.0,0,50,1
2026-09-15T18,47,2,462.0,1602,457,2
2026-09-15T18,47,3,464.0,972,1400,3
2026-09-15T18,47,4,464.0,400,1072,2
2026-09-15T18,47,5,460.0,34,0,1
2026-09-15T18,47,5,466.0,35,0,1
2026-09-15T19,47,0,444.0,100,0,2
2026-09-15T19,47,2,458.0,160,0,1
2026-09-15T19,47,5,458.0,768,346,4
2026-09-15T19,47,5,460.0,1433,237,4
2026-09-15T19,47,6,496.0,0,2966,2
2026-09-15T19,47,6,498.0,2160,0,1
2026-09-15T19,47,7,520.0,119,0,1
2026-09-15T20,47,0,436.0,0,22,1
2026-09-15T20,47,0,444.0,189,0,4
2026-09-15T20,47,1,438.0,0,100,1
2026-09-15T20,47,1,458.0,510,0,2
2026-09-15T20,47,2,458.0,0,3,1
2026-09-15T20,47,5,460.0,5976,961,5
2026-09-15T20,47,5,462.0,439,1266,3
2026-09-15T20,47,6,498.0,200,0,1
2026-09-15T21,47,0,442.0,31,0,1
2026-09-15T21,47,0,444.0,488,0,6
2026-09-15T21,47,2,456.0,0,55,1
2026-09-15T21,47,3,456.0,0,1400,1
2026-09-15T21,47,3,458.0,1556,0,2
2026-09-15T21,47,4,460.0,2012,2000,2
2026-09-15T21,47,4,462.0,1831,0,1
2026-09-15T21,47,5,464.0,173,0,1
2026-09-15T22,47,2,458.0,0,500,1
2026-09-15T22,47,3,458.0,0,121,2
2026-09-15T22,47,3,460.0,2247,0,4
2026-09-15T22,47,4,460.0,0,3273,1
2026-09-15T22,47,4,462.0,321,0,1
2026-09-15T22,47,5,464.0,0,401,1
2026-09-15T22,47,5,466.0,0,4424,1
2026-09-15T22,47,5,470.0,3458,0,1
2026-09-16T04,47,0,440.0,0,210,1
2026-09-16T04,47,0,442.0,0,220,1
2026-09-16T04,47,0,444.0,0,342,1
2026-09-16T04,47,0,446.0,0,279,1
2026-09-16T04,47,0,448.0,0,68,1
2026-09-16T04,47,0,450.0,0,117,1
2026-09-16T04,47,0,454.0,60,0,1
2026-09-16T04,47,1,456.0,0,103,1
2026-09-16T04,47,1,458.0,0,431,2
2026-09-16T04,47,2,458.0,0,122,1
2026-09-16T04,47,3,454.0,1900,0,1
2026-09-16T04,47,3,460.0,3639,0,1
2026-09-16T04,47,4,462.0,0,106,1
2026-09-16T04,47,4,464.0,0,2000,1
2026-09-16T04,47,4,468.0,0,47,1
2026-09-16T05,47,0,446.0,430,0,5
2026-09-16T05,47,1,448.0,0,10,1
2026-09-16T05,47,1,450.0,355,2,2
2026-09-16T05,47,3,450.0,606,0,1
2026-09-16T05,47,3,452.0,1354,0,3
2026-09-16T05,47,3,454.0,4310,0,2
2026-09-16T05,47,4,462.0,3197,0,1
2026-09-16T05,47,5,464.0,0,1978,1
2026-09-16T05,47,5,466.0,1271,0,1
2026-09-16T05,47,6,468.0,0,680,1
2026-09-16T05,47,6,470.0,0,5328,1
2026-09-16T06,47,0,446.0,80,641,3
2026-09-16T06,47,0,450.0,74,0,1
2026-09-16T06,47,1,444.0,0,54,1
2026-09-16T06,47,1,446.0,0,80,1
2026-09-16T06,47,1,448.0,0,50,1
2026-09-16T06,47,2,450.0,0,265,1
2026-09-16T06,47,3,450.0,276,218,3
2026-09-16T06,47,3,452.0,2929,0,3
2026-09-16T06,47,4,462.0,2423,1480,2
2026-09-16T06,47,4,466.0,2389,0,1
2026-09-16T06,47,5,466.0,0,932,1
2026-09-16T06,47,6,496.0,1405,0,1
2026-09-16T07,47,0,448.0,8,2,2
2026-09-16T07,47,0,450.0,314,0,1
2026-09-16T07,47,1,450.0,0,84,1
2026-09-16T07,47,3,452.0,777,0,5
2026-09-16T07,47,4,466.0,280,0,1
2026-09-16T07,47,5,468.0,100,0,1
2026-09-16T08,47,0,448.0,0,392,1
2026-09-16T08,47,0,450.0,0,2,1
2026-09-16T08,47,2,450.0,0,390,1
2026-09-16T08,47,3,450.0,0,440,1
2026-09-16T08,47,3,452.0,3084,0,5
2026-09-16T08,47,4,466.0,200,0,1
2026-09-16T09,47,1,440.0,0,30,1
2026-09-16T09,47,1,442.0,0,70,1
2026-09-16T09,47,1,444.0,0,59,1
2026-09-16T09,47,1,446.0,0,50,1
2026-09-16T09,47,1,448.0,0,70,1
2026-09-16T09,47,2,448.0,107,0,1
2026-09-16T09,47,2,450.0,150,584,4
2026-09-16T09,47,3,452.0,216,68,3
2026-09-16T09,47,3,454.0,845,0,1
2026-09-16T09,47,8,525.0,1,0,1
2026-09-16T10,47,2,448.0,50,0,1
2026-09-16T10,47,3,442.0,16,0,2
2026-09-16T10,47,4,444.0,5074,0,4
2026-09-16T10,47,5,458.0,0,1343,1
2026-09-16T10,47,5,468.0,0,46,1
2026-09-16T11,47,0,440.0,0,613,2
2026-09-16T11,47,2,440.0,0,1013,1
2026-09-16T11,47,3,442.0,233,0,1
2026-09-16T11,47,4,442.0,3684,190,5
2026-09-16T11,47,4,444.0,2000,0,1
2026-09-16T11,47,5,468.0,104,2868,2
2026-09-16T11,47,5,470.0,5298,0,3
2026-09-16T12,47,0,440.0,0,83,1
2026-09-16T12,47,0,442.0,59,0,2
2026-09-16T12,47,1,442.0,0,3,1
2026-09-16T12,47,3,442.0,3274,1881,7
2026-09-16T12,47,4,444.0,4497,229,5
2026-09-16T12,47,5,470.0,504,0,2
2026-09-16T13,47,0,440.0,0,9,1
2026-09-16T13,47,3,442.0,6421,0,8
2026-09-16T13,47,4,444.0,380,0,1
2026-09-16T14,47,1,440.0,116,12,3
2026-09-16T14,47,3,442.0,3949,0,5
2026-09-16T14,47,4,444.0,600,0,1
2026-09-16T14,47,6,494.0,100,840,2
2026-09-16T14,47,6,496.0,0,595,1
2026-09-16T14,47,6,498.0,1599,0,1
2026-09-16T15,47,0,438.0,0,64,2
2026-09-16T15,47,2,440.0,123,270,4
2026-09-16T15,47,3,442.0,1284,142,5
2026-09-16T15,47,4,444.0,0,177,1
2026-09-16T15,47,4,446.0,400,0,3
2026-09-16T15,47,5,446.0,0,3909,1
2026-09-16T16,47,0,440.0,0,24,1
2026-09-16T16,47,0,442.0,218,724,2
2026-09-16T16,47,2,442.0,25,1300,3
2026-09-16T16,47,2,444.0,0,458,1
2026-09-16T16,47,4,444.0,1173,996,2
2026-09-16T16,47,4,446.0,8797,0,5
2026-09-16T16,47,5,468.0,82,0,1
2026-09-16T17,47,1,440.0,6,0,1
2026-09-16T17,47,3,438.0,0,800,1
2026-09-16T17,47,3,442.0,1270,0,4
2026-09-16T17,47,4,446.0,27,0,2
2026-09-16T18,47,0,440.0,0,50,1
2026-09-16T18,47,1,440.0,80,9,2
2026-09-16T18,47,2,440.0,0,500,1
2026-09-16T18,47,3,438.0,0,1156,1
2026-09-16T18,47,3,442.0,4302,0,8
2026-09-16T18,47,4,446.0,0,776,1
2026-09-16T18,47,4,448.0,112,0,1
2026-09-16T18,47,5,468.0,1000,0,1
2026-09-16T19,47,0,438.0,0,9,1
2026-09-16T19,47,0,440.0,5,45,2
2026-09-16T19,47,2,446.0,535,643,2
2026-09-16T19,47,3,436.0,0,1504,1
2026-09-16T19,47,3,442.0,976,1042,3
2026-09-16T19,47,3,446.0,218,0,1
2026-09-16T19,47,4,446.0,710,90,3
2026-09-16T19,47,4,448.0,7880,0,2
2026-09-16T19,47,5,468.0,6,0,1
2026-09-16T19,47,6,498.0,55,0,1
2026-09-16T21,47,0,442.0,0,264,1
2026-09-16T21,47,1,446.0,0,930,1
2026-09-16T21,47,2,442.0,816,0,1
2026-09-16T21,47,2,446.0,0,4054,1
2026-09-16T21,47,3,442.0,0,22,1
2026-09-16T21,47,3,444.0,0,1346,1
2026-09-16T21,47,3,446.0,428,982,2
2026-09-16T21,47,4,448.0,1705,303,2
2026-09-16T21,47,4,450.0,607,0,2
2026-09-16T21,47,5,468.0,0,8912,1
2026-09-16T21,47,5,470.0,8096,0,1
2026-09-16T21,47,6,468.0,1771,0,1
2026-09-16T22,47,0,440.0,0,10,1
2026-09-16T22,47,0,442.0,6,96,2
2026-09-16T22,47,2,442.0,167,99,4
2026-09-16T22,47,2,444.0,2069,20,3
2026-09-16T22,47,3,446.0,600,0,1
2026-09-16T22,47,4,450.0,0,15260,2
2026-09-16T23,47,2,444.0,326,0,1
2026-09-16T23,47,4,452.0,3470,0,1
2026-09-17T04,47,0,442.0,0,9,1
2026-09-17T04,47,0,444.0,0,15,1
2026-09-17T04,47,2,444.0,0,764,1
2026-09-17T04,47,2,448.0,0,250,1
2026-09-17T04,47,2,450.0,264,0,1
2026-09-17T04,47,3,446.0,0,381,1
2026-09-17T04,47,4,452.0,0,6530,1
2026-09-17T04,47,4,454.0,0,10000,1
2026-09-17T04,47,4,456.0,0,12280,2
2026-09-17T04,47,4,466.0,0,2547,1
2026-09-17T04,47,5,466.0,0,1000,1
2026-09-17T04,47,5,468.0,4143,0,1
2026-09-17T04,47,6,468.0,0,5109,1
2026-09-17T05,47,0,440.0,0,26,2
2026-09-17T05,47,1,442.0,1861,0,7
2026-09-17T05,47,3,444.0,1744,1482,3
2026-09-17T05,47,3,446.0,642,0,2
2026-09-17T05,47,5,450.0,400,0,1
2026-09-17T05,47,5,468.0,0,757,1
2026-09-17T05,47,5,470.0,4516,0,1
2026-09-17T05,47,8,494.0,14857,0,2
2026-09-17T06,47,0,436.0,156,0,2
2026-09-17T06,47,1,438.0,1039,0,5
2026-09-17T06,47,2,442.0,0,48,1
2026-09-17T06,47,2,444.0,0,99,2
2026-09-17T06,47,3,446.0,405,1115,3
2026-09-17T06,47,3,448.0,3638,0,2
2026-09-17T06,47,4,448.0,1200,799,2
2026-09-17T06,47,5,450.0,4041,0,2
2026-09-17T07,47,0,434.0,0,4,1
2026-09-17T07,47,0,436.0,86,7,3
2026-09-17T07,47,1,436.0,13,0,1
2026-09-17T07,47,1,438.0,417,0,5
2026-09-17T07,47,3,448.0,1622,0,4
2026-09-17T07,47,5,450.0,0,8450,1
2026-09-17T07,47,5,458.0,0,553,1
2026-09-17T07,47,5,466.0,0,1691,1
2026-09-17T07,47,5,468.0,0,948,1
2026-09-17T07,47,5,470.0,1656,0,1
2026-09-17T08,47,1,434.0,1020,0,2
2026-09-17T08,47,1,436.0,8,0,1
2026-09-17T08,47,3,448.0,2070,0,2
2026-09-17T08,47,4,466.0,1104,0,1
2026-09-17T08,47,5,470.0,538,0,1
2026-09-17T08,47,8,494.0,1000,0,1
2026-09-17T09,47,0,430.0,0,383,1
2026-09-17T09,47,0,434.0,0,35,1
2026-09-17T09,47,0,436.0,150,7,3
2026-09-17T09,47,0,446.0,0,158,1
2026-09-17T09,47,1,432.0,0,24,1
2026-09-17T09,47,1,434.0,0,461,1
2026-09-17T09,47,1,436.0,0,44,1
2026-09-17T09,47,1,438.0,3160,0,4
2026-09-17T09,47,2,444.0,0,385,1
2026-09-17T09,47,3,446.0,1772,0,1
2026-09-17T09,47,4,466.0,471,0,1
2026-09-17T09,47,5,460.0,0,1329,1
2026-09-17T10,47,1,438.0,477,0,6
2026-09-17T10,47,2,444.0,0,130,2
2026-09-17T10,47,3,444.0,0,453,1
2026-09-17T10,47,3,446.0,153,237,3
2026-09-17T11,47,1,438.0,1214,0,5
2026-09-17T11,47,2,434.0,0,50,1
2026-09-17T11,47,2,436.0,0,50,1
2026-09-17T11,47,2,438.0,0,85,1
2026-09-17T11,47,2,440.0,0,50,1
2026-09-17T11,47,2,442.0,0,50,1
2026-09-17T11,47,2,444.0,1001,0,3
2026-09-17T11,47,3,446.0,64,183,2
2026-09-17T11,47,3,448.0,0,6802,1
2026-09-17T11,47,3,450.0,0,1659,1
2026-09-17T11,47,4,466.0,228,0,1
2026-09-17T11,47,5,458.0,666,326,3
2026-09-17T11,47,6,490.0,860,0,1
2026-09-17T12,47,0,436.0,50,0,1
2026-09-17T12,47,1,438.0,1529,0,6
2026-09-17T12,47,2,442.0,1198,302,2
2026-09-17T12,47,2,444.0,360,128,2
2026-09-17T12,47,2,446.0,0,607,1
2026-09-17T12,47,2,450.0,208,0,1
2026-09-17T12,47,3,452.0,0,534,1
2026-09-17T12,47,3,454.0,123,0,1
2026-09-17T12,47,4,462.0,1206,0,1
2026-09-17T12,47,4,464.0,504,0,1
2026-09-17T12,47,5,468.0,0,126,1
2026-09-17T12,47,5,470.0,1746,0,1
2026-09-17T13,47,0,436.0,8,0,1
2026-09-17T13,47,1,438.0,663,0,2
2026-09-17T13,47,2,434.0,0,33,1
2026-09-17T13,47,2,448.0,752,0,1
2026-09-17T13,47,3,450.0,0,1387,1
2026-09-17T13,47,3,452.0,0,680,1
2026-09-17T13,47,3,454.0,753,0,1
2026-09-17T13,47,4,464.0,200,0,1
2026-09-17T13,47,8,494.0,0,9143,1
2026-09-17T14,47,0,428.0,674,0,3
2026-09-17T14,47,1,436.0,0,85,1
2026-09-17T14,47,1,438.0,430,0,3
2026-09-17T14,47,2,448.0,108,0,1
2026-09-17T14,47,3,452.0,0,700,1
2026-09-17T14,47,3,454.0,0,1069,1
2026-09-17T14,47,3,456.0,1206,28,3
2026-09-17T14,47,4,464.0,3167,1361,2
2026-09-17T14,47,4,466.0,0,197,1
2026-09-17T14,47,4,468.0,5085,349,3
2026-09-17T14,47,5,460.0,1000,1796,3
2026-09-17T15,47,0,428.0,102,103,3
2026-09-17T15,47,0,430.0,0,1,1
2026-09-17T15,47,0,432.0,0,121,1
2026-09-17T15,47,0,434.0,704,0,4
2026-09-17T15,47,1,438.0,170,0,1
2026-09-17T15,47,3,456.0,155,0,1
2026-09-17T15,47,6,490.0,960,40,2
2026-09-17T16,47,0,432.0,80,109,4
2026-09-17T16,47,0,434.0,42,154,3
2026-09-17T16,47,0,436.0,218,173,3
2026-09-17T16,47,1,438.0,1809,0,3
2026-09-17T16,47,2,448.0,0,810,2
2026-09-17T16,47,2,450.0,911,392,6
2026-09-17T16,47,3,452.0,0,1079,2
2026-09-17T16,47,3,454.0,315,0,1
2026-09-17T16,47,5,462.0,0,763,1
2026-09-17T16,47,5,464.0,0,463,1
2026-09-17T16,47,5,470.0,91,0,1
2026-09-17T17,47,0,434.0,326,0,2
2026-09-17T17,47,0,436.0,26,0,3
2026-09-17T17,47,1,436.0,0,62,1
2026-09-17T17,47,1,438.0,442,0,2
2026-09-17T17,47,2,434.0,0,24,1
2026-09-17T17,47,2,446.0,0,754,1
2026-09-17T17,47,2,448.0,0,68,1
2026-09-17T17,47,2,450.0,0,56,1
2026-09-17T17,47,2,454.0,281,0,2
2026-09-17T17,47,3,454.0,0,285,1
2026-09-17T17,47,3,456.0,3629,0,3
2026-09-17T17,47,4,458.0,919,0,2
2026-09-17T17,47,5,460.0,0,2346,1
2026-09-17T17,47,5,470.0,0,441,1
2026-09-17T17,47,5,472.0,0,3496,1
2026-09-17T17,47,5,476.0,0,2727,1
2026-09-17T17,47,6,490.0,81,0,1
2026-09-17T18,47,0,430.0,169,652,5
2026-09-17T18,47,0,434.0,5,0,1
2026-09-17T18,47,1,438.0,138,0,2
2026-09-17T18,47,2,452.0,208,0,1
2026-09-17T18,47,3,452.0,0,500,1
2026-09-17T18,47,3,454.0,6951,0,4
2026-09-17T18,47,4,456.0,1564,0,2
2026-09-17T19,47,0,430.0,26,254,2
2026-09-17T19,47,0,432.0,0,1110,2
2026-09-17T19,47,0,434.0,0,3188,1
2026-09-17T19,47,0,436.0,0,1615,3
2026-09-17T19,47,1,438.0,1438,0,3
2026-09-17T19,47,2,452.0,1448,0,2
2026-09-17T19,47,3,452.0,206,432,2
2026-09-17T19,47,3,454.0,300,0,1
2026-09-17T19,47,6,470.0,4346,0,1
2026-09-17T20,47,0,436.0,0,10,1
2026-09-17T20,47,1,438.0,880,0,6
2026-09-17T20,47,2,452.0,90,187,2
2026-09-17T20,47,3,454.0,682,0,3
2026-09-17T20,47,5,458.0,3450,0,1
2026-09-17T20,47,6,470.0,960,0,3
2026-09-17T21,47,0,400.0,90,0,1
2026-09-17T21,47,0,436.0,0,162,1
2026-09-17T21,47,1,438.0,4767,0,5
2026-09-17T21,47,2,454.0,354,47,2
2026-09-17T21,47,3,454.0,1791,1907,4
2026-09-17T21,47,3,456.0,0,1466,1
2026-09-17T21,47,4,456.0,1972,980,4
2026-09-17T21,47,4,458.0,705,0,2
2026-09-17T21,47,5,458.0,0,659,1
2026-09-17T22,47,0,400.0,0,16,1
2026-09-17T22,47,0,436.0,962,0,5
2026-09-17T22,47,1,438.0,380,0,2
2026-09-17T22,47,3,456.0,382,0,2
2026-09-17T22,47,4,458.0,200,0,1
2026-09-17T22,47,5,466.0,1364,153,2
2026-09-17T22,47,5,468.0,5,0,1
2026-09-17T23,47,0,400.0,4,10,2
2026-09-17T23,47,0,436.0,98,156,5
2026-09-17T23,47,1,438.0,1702,0,3
2026-09-17T23,47,3,454.0,0,400,1
2026-09-17T23,47,3,456.0,722,0,3
2026-09-17T23,47,4,458.0,1195,0,3
2026-09-17T23,47,6,470.0,0,6694,1
2026-09-18T00,47,0,440.0,10,234,2
2026-09-18T00,47,1,438.0,0,1943,2
2026-09-18T00,47,1,440.0,0,180,1
2026-09-18T00,47,1,442.0,552,200,6
2026-09-18T00,47,2,450.0,244,95,2
2026-09-18T00,47,3,450.0,0,405,1
2026-09-18T00,47,3,452.0,217,0,1
2026-09-18T00,47,4,458.0,0,5981,1
2026-09-18T00,47,5,458.0,0,1807,1
2026-09-18T00,47,5,460.0,0,2477,1
2026-09-18T00,47,5,466.0,280,539,2
2026-09-18T00,47,5,468.0,15426,0,3
2026-09-18T01,47,2,450.0,22,478,2
2026-09-18T01,47,3,452.0,1495,0,3
2026-09-18T01,47,4,466.0,400,0,1
2026-09-18T01,47,5,468.0,2217,0,4
2026-09-18T02,47,2,450.0,43,0,4
2026-09-18T02,47,3,448.0,229,121,2
2026-09-18T02,47,3,450.0,0,31,1
2026-09-18T02,47,3,452.0,0,149,1
2026-09-18T02,47,3,456.0,0,316,2
2026-09-18T02,47,3,458.0,1763,0,3
2026-09-18T03,47,0,446.0,79,235,3
2026-09-18T03,47,0,448.0,193,0,2
2026-09-18T03,47,2,450.0,0,2937,1
2026-09-18T03,47,3,456.0,1225,0,3
2026-09-18T03,47,4,466.0,10,0,1
2026-09-18T03,47,5,466.0,2000,0,1
2026-09-18T04,47,0,448.0,54,0,3
2026-09-18T04,47,1,450.0,0,1,1
2026-09-18T04,47,2,448.0,309,0,1
2026-09-18T04,47,2,452.0,776,0,5
2026-09-18T04,47,3,456.0,200,0,1
2026-09-18T04,47,4,466.0,1836,0,1
2026-09-18T04,47,5,466.0,0,3546,1
2026-09-18T05,47,0,448.0,11,0,2
2026-09-18T05,47,2,448.0,0,306,1
2026-09-18T05,47,2,450.0,421,146,2
2026-09-18T05,47,2,452.0,0,288,1
2026-09-18T05,47,2,454.0,0,869,2
2026-09-18T05,47,3,456.0,2905,0,4
2026-09-18T05,47,4,466.0,398,1026,2
2026-09-18T05,47,4,468.0,102,0,1
2026-09-18T05,47,5,464.0,0,3,1
2026-09-18T05,47,5,466.0,3501,2033,3
2026-09-18T05,47,5,468.0,0,360,1
2026-09-18T05,47,6,488.0,529,351,2
2026-09-18T05,47,6,490.0,687,0,1
2026-09-18T06,47,0,448.0,0,242,1
2026-09-18T06,47,0,450.0,1242,0,4
2026-09-18T06,47,3,456.0,1191,7,3
2026-09-18T06,47,4,468.0,1500,0,1
2026-09-18T06,47,6,490.0,0,272,1
2026-09-18T06,47,6,492.0,0,2000,1
2026-09-18T06,47,6,496.0,0,960,1
2026-09-18T06,47,6,498.0,7281,0,2
2026-09-18T07,47,0,448.0,0,10,1
2026-09-18T07,47,0,450.0,300,198,3
2026-09-18T07,47,0,452.0,457,0,3
2026-09-18T07,47,2,452.0,324,576,3
2026-09-18T07,47,3,454.0,595,805,4
2026-09-18T07,47,4,466.0,900,0,1
2026-09-18T07,47,5,478.0,0,1955,1
2026-09-18T08,47,0,442.0,194,0,1
2026-09-18T08,47,0,444.0,4,0,1
2026-09-18T08,47,2,456.0,425,0,2
2026-09-18T08,47,3,456.0,120,155,2
2026-09-18T08,47,4,466.0,2305,0,2
2026-09-18T09,47,2,454.0,0,781,1
2026-09-18T09,47,2,456.0,1061,1029,4
2026-09-18T09,47,3,452.0,0,21,1
2026-09-18T09,47,3,458.0,753,0,1
2026-09-18T09,47,6,498.0,200,0,1
2026-09-18T10,47,0,440.0,538,0,5
2026-09-18T10,47,1,440.0,0,750,1
2026-09-18T10,47,2,456.0,0,1184,3
2026-09-18T10,47,3,456.0,354,446,2
2026-09-18T10,47,4,458.0,924,0,2
2026-09-18T11,47,0,436.0,0,586,1
2026-09-18T11,47,0,438.0,391,0,5
2026-09-18T11,47,0,440.0,844,0,1
2026-09-18T11,47,4,454.0,1109,0,1
2026-09-18T11,47,4,456.0,1083,0,3
2026-09-18T11,47,5,458.0,0,600,1
2026-09-18T11,47,5,460.0,2004,0,1
2026-09-18T12,47,0,434.0,222,0,3
2026-09-18T12,47,0,438.0,589,0,2
2026-09-18T12,47,2,448.0,0,25,1
2026-09-18T12,47,2,450.0,50,0,1
2026-09-18T12,47,3,450.0,683,687,5
2026-09-18T12,47,3,452.0,473,0,1
2026-09-18T12,47,4,454.0,0,861,1
2026-09-18T12,47,4,456.0,0,762,1
2026-09-18T12,47,4,458.0,879,398,4
2026-09-18T12,47,5,460.0,6000,537,2
2026-09-18T12,47,6,494.0,0,940,1
2026-09-18T12,47,6,496.0,269,0,2
2026-09-18T13,47,0,430.0,46,11,2
2026-09-18T13,47,0,432.0,169,0,3
2026-09-18T13,47,2,440.0,0,7,1
2026-09-18T13,47,2,446.0,303,20,2
2026-09-18T13,47,2,448.0,224,0,2
2026-09-18T13,47,3,450.0,292,0,2
2026-09-18T13,47,4,458.0,6449,0,4
2026-09-18T13,47,5,494.0,560,0,1
2026-09-18T14,47,0,426.0,0,20,1
2026-09-18T14,47,0,428.0,0,15,1
2026-09-18T14,47,0,430.0,0,64,2
2026-09-18T14,47,0,432.0,35,0,2
2026-09-18T14,47,1,446.0,1049,0,1
2026-09-18T14,47,2,442.0,0,50,1
2026-09-18T14,47,2,444.0,0,50,1
2026-09-18T14,47,2,446.0,0,146,2
2026-09-18T14,47,2,448.0,125,139,2
2026-09-18T14,47,2,450.0,0,126,2
2026-09-18T14,47,2,452.0,39,0,1
2026-09-18T14,47,3,448.0,480,20,2
2026-09-18T14,47,3,450.0,1152,353,3
2026-09-18T14,47,3,452.0,0,1067,2
2026-09-18T15,47,0,432.0,5,327,3
2026-09-18T15,47,0,434.0,0,219,1
2026-09-18T15,47,0,436.0,766,0,5
2026-09-18T15,47,1,446.0,184,0,4
2026-09-18T15,47,2,452.0,0,11,1
2026-09-18T15,47,2,454.0,0,1000,1
2026-09-18T15,47,3,456.0,1675,590,2
2026-09-18T15,47,4,456.0,814,317,5
2026-09-18T15,47,4,458.0,2054,0,2
2026-09-18T15,47,5,458.0,0,3400,1
2026-09-18T15,47,5,492.0,0,643,1
2026-09-18T15,47,5,494.0,958,0,1
2026-09-18T15,47,6,496.0,0,1731,1
2026-09-18T15,47,6,498.0,3349,0,1
2026-09-18T16,47,0,436.0,0,390,2
2026-09-18T16,47,0,438.0,277,0,5
2026-09-18T16,47,1,444.0,104,196,4
2026-09-18T16,47,1,446.0,190,119,3
2026-09-18T16,47,2,454.0,951,1066,5
2026-09-18T16,47,3,454.0,0,100,1
2026-09-18T16,47,4,456.0,1670,0,1
2026-09-18T16,47,4,458.0,120,0,1
2026-09-18T16,47,5,494.0,0,482,1
2026-09-18T16,47,6,498.0,83,0,1
2026-09-18T17,47,0,434.0,0,22,1
2026-09-18T17,47,0,436.0,0,32,1
2026-09-18T17,47,0,438.0,162,57,4
2026-09-18T17,47,2,454.0,585,162,3
2026-09-18T17,47,3,456.0,0,100,1
2026-09-18T17,47,3,458.0,1579,0,2
2026-09-18T17,47,4,456.0,128,31,3
2026-09-18T17,47,4,458.0,0,1175,1
2026-09-18T17,47,4,462.0,6179,0,2
2026-09-18T18,47,0,438.0,164,0,5
2026-09-18T18,47,1,452.0,1498,0,3
2026-09-18T18,47,2,456.0,0,1933,1
2026-09-18T18,47,3,458.0,1870,0,5
2026-09-18T18,47,4,458.0,0,831,1
2026-09-18T18,47,4,460.0,268,0,2
2026-09-18T19,47,0,432.0,20,0,1
2026-09-18T19,47,0,434.0,228,0,2
2026-09-18T19,47,1,452.0,140,0,1
2026-09-18T19,47,2,450.0,0,224,1
2026-09-18T19,47,3,458.0,1437,2343,6
2026-09-18T19,47,4,460.0,1247,0,2
2026-09-18T19,47,5,464.0,0,2218,1
2026-09-18T19,47,6,492.0,475,0,2
2026-09-18T20,47,0,432.0,0,223,1
2026-09-18T20,47,0,434.0,0,121,1
2026-09-18T20,47,0,438.0,0,389,1
2026-09-18T20,47,0,440.0,0,227,2
2026-09-18T20,47,0,442.0,252,80,3
2026-09-18T20,47,0,444.0,20,676,3
2026-09-18T20,47,1,450.0,0,140,1
2026-09-18T20,47,1,452.0,1555,0,2
2026-09-18T20,47,3,456.0,656,0,4
2026-09-18T20,47,4,460.0,4449,2109,3
2026-09-18T20,47,4,462.0,0,3821,1
2026-09-18T20,47,4,464.0,6332,3668,2
2026-09-18T20,47,4,466.0,0,795,1
2026-09-18T20,47,4,468.0,0,2963,1
2026-09-18T20,47,5,490.0,340,1456,2
2026-09-18T20,47,5,494.0,0,737,1
2026-09-18T20,47,5,496.0,0,750,1
2026-09-18T20,47,6,492.0,0,3525,1
2026-09-18T20,47,6,498.0,4325,0,3
2026-09-18T21,47,0,442.0,661,0,6
2026-09-18T21,47,1,452.0,684,35,3
2026-09-18T21,47,1,454.0,1319,0,4
2026-09-18T21,47,2,454.0,0,162,1
2026-09-18T21,47,3,456.0,1246,198,6
2026-09-18T21,47,3,458.0,0,441,2
2026-09-18T21,47,3,460.0,201,0,2
2026-09-18T21,47,5,464.0,1047,0,1
2026-09-18T21,47,6,498.0,1101,6018,3
2026-09-18T22,47,0,442.0,174,0,5
2026-09-18T22,47,1,454.0,863,0,4
2026-09-18T22,47,3,460.0,4030,0,2
2026-09-18T22,47,5,464.0,0,480,1
2026-09-18T22,47,5,494.0,174,0,1
2026-09-18T22,47,6,496.0,558,0,1
2026-09-18T23,47,0,442.0,300,0,6
2026-09-18T23,47,3,458.0,1542,0,2
2026-09-18T23,47,3,460.0,3776,0,1
2026-09-18T23,47,4,492.0,805,0,1
2026-09-18T23,47,5,494.0,1784,216,2
2026-09-18T23,47,6,496.0,882,0,1
2026-09-19T04,47,0,440.0,80,0,1
2026-09-19T04,47,0,442.0,603,0,1
2026-09-19T04,47,2,460.0,0,1338,1
2026-09-19T04,47,2,462.0,0,100,1
2026-09-19T04,47,2,464.0,854,0,2
2026-09-19T04,47,3,456.0,0,1737,1
2026-09-19T04,47,3,458.0,0,477,1
2026-09-19T04,47,3,460.0,0,6107,1
2026-09-19T04,47,3,466.0,0,130,1
2026-09-19T04,47,3,468.0,0,791,1
2026-09-19T04,47,8,525.0,4160,0,1
2026-09-19T05,47,0,440.0,218,0,2
2026-09-19T05,47,1,452.0,0,333,1
2026-09-19T05,47,1,454.0,0,288,1
2026-09-19T05,47,1,456.0,0,780,2
2026-09-19T05,47,1,462.0,100,100,2
2026-09-19T05,47,2,462.0,0,153,1
2026-09-19T05,47,2,464.0,1386,0,4
2026-09-19T05,47,3,472.0,0,135,1
2026-09-19T05,47,3,476.0,602,0,1
2026-09-19T05,47,3,478.0,348,0,1
2026-09-19T05,47,5,476.0,340,0,1
2026-09-19T06,47,0,438.0,30,0,1
2026-09-19T06,47,0,440.0,824,0,3
2026-09-19T06,47,2,456.0,0,342,1
2026-09-19T06,47,2,462.0,600,593,4
2026-09-19T06,47,2,464.0,3035,0,2
2026-09-19T06,47,5,476.0,1411,0,4
2026-09-19T07,47,0,438.0,52,0,3
2026-09-19T07,47,2,462.0,0,614,1
2026-09-19T07,47,2,464.0,3203,711,6
2026-09-19T07,47,5,476.0,1523,7726,3
2026-09-19T07,47,5,480.0,181,0,1
2026-09-19T08,47,0,436.0,680,0,6
2026-09-19T08,47,0,438.0,65,0,1
2026-09-19T08,47,2,464.0,1501,0,2
2026-09-19T08,47,5,480.0,454,0,1
2026-09-19T09,47,0,436.0,20,9,3
2026-09-19T09,47,0,438.0,105,0,3
2026-09-19T09,47,1,462.0,120,250,3
2026-09-19T09,47,2,464.0,536,0,2
2026-09-19T09,47,3,470.0,2783,370,3
2026-09-19T09,47,4,472.0,7,92,2
2026-09-19T09,47,4,478.0,272,1727,3
2026-09-19T09,47,4,480.0,0,2000,1
2026-09-19T09,47,5,480.0,0,1618,1
2026-09-19T09,47,5,482.0,1413,387,2
2026-09-19T09,47,5,490.0,3071,0,1
2026-09-19T10,47,0,438.0,205,75,7
2026-09-19T10,47,2,464.0,214,0,2
2026-09-19T10,47,3,468.0,450,0,3
2026-09-19T10,47,4,490.0,0,2000,1
2026-09-19T10,47,4,492.0,571,0,2
2026-09-19T10,47,5,490.0,0,4929,1
2026-09-19T11,47,0,436.0,130,153,5
2026-09-19T11,47,0,438.0,967,0,4
2026-09-19T11,47,2,460.0,10,368,3
2026-09-19T11,47,2,464.0,4217,0,4
2026-09-19T11,47,3,464.0,0,500,1
2026-09-19T11,47,3,466.0,881,0,3
2026-09-19T11,47,5,492.0,97,0,1
2026-09-19T12,47,0,436.0,602,0,1
2026-09-19T12,47,0,438.0,669,0,5
2026-09-19T12,47,1,460.0,100,0,1
2026-09-19T12,47,2,462.0,668,609,3
2026-09-19T12,47,2,464.0,2250,0,2
2026-09-19T12,47,3,466.0,0,619,1
2026-09-19T12,47,3,468.0,0,350,1
2026-09-19T12,47,3,470.0,3973,0,3
2026-09-19T12,47,4,490.0,160,0,1
2026-09-19T13,47,0,436.0,35,0,3
2026-09-19T13,47,1,460.0,150,0,2
2026-09-19T13,47,2,462.0,234,0,2
2026-09-19T13,47,3,470.0,1608,0,3
2026-09-19T13,47,4,490.0,1600,0,1
2026-09-19T14,47,0,426.0,0,189,1
2026-09-19T14,47,0,428.0,0,15,1
2026-09-19T14,47,0,430.0,54,25,2
2026-09-19T14,47,0,432.0,0,217,1
2026-09-19T14,47,0,434.0,10,19,2
2026-09-19T14,47,0,436.0,76,0,2
2026-09-19T14,47,1,460.0,971,0,2
2026-09-19T14,47,2,456.0,50,0,1
2026-09-19T14,47,2,460.0,0,315,1
2026-09-19T14,47,2,462.0,0,615,1
2026-09-19T14,47,2,464.0,1439,0,1
2026-09-19T14,47,3,468.0,570,0,1
2026-09-19T14,47,4,488.0,2274,0,1
2026-09-19T14,47,4,490.0,200,0,1
2026-09-19T14,47,5,492.0,37,0,1
2026-09-19T15,47,0,436.0,432,0,5
2026-09-19T15,47,2,452.0,288,712,3
2026-09-19T15,47,2,454.0,562,0,5
2026-09-19T15,47,3,460.0,1160,0,2
2026-09-19T15,47,5,468.0,0,12092,1
2026-09-19T16,47,0,434.0,0,15,1
2026-09-19T16,47,0,436.0,223,661,5
2026-09-19T16,47,0,438.0,664,0,3
2026-09-19T16,47,2,446.0,0,50,1
2026-09-19T16,47,2,448.0,0,50,1
2026-09-19T16,47,2,450.0,56,12,2
2026-09-19T16,47,2,452.0,0,80,1
2026-09-19T16,47,2,454.0,0,110,2
2026-09-19T16,47,2,456.0,665,596,4
2026-09-19T16,47,2,464.0,1583,0,1
2026-09-19T16,47,3,460.0,200,205,3
2026-09-19T16,47,4,486.0,0,1025,1
2026-09-19T16,47,4,488.0,1169,0,1
2026-09-19T16,47,5,490.0,0,2212,2
2026-09-19T16,47,5,492.0,2530,0,2
2026-09-19T17,47,0,438.0,66,0,3
2026-09-19T17,47,1,460.0,224,633,3
2026-09-19T17,47,2,456.0,0,50,1
2026-09-19T17,47,2,458.0,0,50,1
2026-09-19T17,47,2,460.0,0,51,1
2026-09-19T17,47,2,464.0,1470,0,3
2026-09-19T17,47,3,466.0,0,10000,1
2026-09-19T18,47,0,436.0,0,171,1
2026-09-19T18,47,0,438.0,69,195,4
2026-09-19T18,47,0,440.0,303,0,4
2026-09-19T18,47,2,460.0,0,22,1
2026-09-19T18,47,2,462.0,1072,0,4
2026-09-19T18,47,2,464.0,44,0,1
2026-09-19T18,47,4,486.0,0,10,1
2026-09-19T18,47,4,488.0,206,0,2
2026-09-19T18,47,5,492.0,337,0,1
2026-09-19T19,47,0,436.0,0,157,1
2026-09-19T19,47,0,440.0,212,316,7
2026-09-19T19,47,0,442.0,77,0,1
2026-09-19T19,47,1,460.0,131,0,3
2026-09-19T19,47,2,460.0,200,28,2
2026-09-19T19,47,2,462.0,0,724,1
2026-09-19T19,47,2,464.0,392,0,1
2026-09-19T19,47,3,468.0,572,958,3
2026-09-19T19,47,3,470.0,246,0,1
2026-09-19T19,47,4,488.0,331,0,1
2026-09-19T19,47,5,484.0,0,304,1
2026-09-19T19,47,5,490.0,2589,735,2
2026-09-19T19,47,5,492.0,2027,418,2
2026-09-19T19,47,6,488.0,214,3960,3
2026-09-19T19,47,6,494.0,0,2940,2
2026-09-19T19,47,6,496.0,3718,0,1
2026-09-19T20,47,0,442.0,748,0,5
2026-09-19T20,47,2,456.0,105,0,2
2026-09-19T20,47,2,464.0,16,0,1
2026-09-19T20,47,3,468.0,400,0,1
2026-09-19T20,47,4,488.0,2378,0,2
2026-09-19T20,47,5,498.0,0,400,1
2026-09-19T20,47,6,496.0,225,117,2
2026-09-19T20,47,6,500.0,2479,0,1
2026-09-19T21,47,0,440.0,0,34,1
2026-09-19T21,47,0,442.0,0,329,1
2026-09-19T21,47,0,450.0,110,400,2
2026-09-19T21,47,0,452.0,706,63,4
2026-09-19T21,47,1,438.0,0,65,1
2026-09-19T21,47,1,450.0,0,13,1
2026-09-19T21,47,1,460.0,0,669,1
2026-09-19T21,47,1,462.0,73,40,2
2026-09-19T21,47,2,456.0,0,69,1
2026-09-19T21,47,2,462.0,0,329,2
2026-09-19T21,47,2,464.0,1361,1278,3
2026-09-19T21,47,2,466.0,460,0,1
2026-09-19T21,47,3,468.0,0,1003,1
2026-09-19T22,47,0,450.0,0,90,1
2026-09-19T22,47,0,452.0,0,696,1
2026-09-19T22,47,0,454.0,494,15,5
2026-09-19T22,47,1,462.0,119,0,2
2026-09-19T22,47,4,488.0,922,720,2
2026-09-19T22,47,4,490.0,0,3896,1
2026-09-19T22,47,4,492.0,0,628,1
2026-09-19T22,47,5,496.0,226,801,2
2026-09-19T22,47,6,498.0,0,3000,1
2026-09-19T22,47,6,500.0,7543,0,1
2026-09-19T23,47,0,450.0,466,0,1
2026-09-19T23,47,0,452.0,8,0,1
2026-09-19T23,47,0,454.0,59,0,2
2026-09-19T23,47,1,452.0,0,11,1
2026-09-19T23,47,1,458.0,544,0,1
2026-09-19T23,47,2,464.0,0,400,2
2026-09-19T23,47,2,466.0,923,6002,2
2026-09-19T23,47,3,468.0,56,244,2
2026-09-19T23,47,3,470.0,849,0,3
2026-09-19T23,47,6,500.0,0,1297,1
2026-09-19T23,47,6,510.0,680,0,1
2026-09-19T23,47,6,515.0,1123,0,1
2026-09-20T00,47,0,450.0,618,0,6
2026-09-20T00,47,2,468.0,0,150,1
2026-09-20T00,47,3,470.0,551,110,2
2026-09-20T00,47,3,472.0,0,474,1
2026-09-20T00,47,3,474.0,2308,0,3
2026-09-20T00,47,5,482.0,956,0,1
2026-09-20T00,47,5,500.0,0,1000,1
2026-09-20T01,47,0,450.0,108,127,2
2026-09-20T01,47,0,452.0,244,0,3
2026-09-20T01,47,1,448.0,0,69,1
2026-09-20T01,47,3,472.0,150,0,1
2026-09-20T01,47,4,474.0,0,1281,1
2026-09-20T01,47,4,476.0,729,0,2
2026-09-20T01,47,5,482.0,1912,0,1
2026-09-20T02,47,0,450.0,201,0,3
2026-09-20T02,47,0,452.0,10,0,1
2026-09-20T02,47,1,456.0,778,161,4
2026-09-20T02,47,2,464.0,0,2,1
2026-09-20T02,47,2,466.0,0,200,1
2026-09-20T02,47,3,470.0,398,522,2
2026-09-20T02,47,4,470.0,370,0,2
2026-09-20T02,47,4,472.0,3072,0,2
2026-09-20T03,47,0,448.0,64,0,2
2026-09-20T03,47,1,456.0,162,0,2
2026-09-20T03,47,3,466.0,0,320,1
2026-09-20T03,47,3,468.0,1714,0,2
2026-09-20T04,47,0,446.0,322,78,3
2026-09-20T04,47,0,448.0,0,46,1
2026-09-20T04,47,0,450.0,88,0,3
2026-09-20T04,47,1,456.0,0,587,1
2026-09-20T04,47,1,458.0,606,0,2
2026-09-20T04,47,3,468.0,800,0,2
2026-09-20T04,47,4,470.0,0,1170,1
2026-09-20T04,47,4,472.0,830,0,1
2026-09-20T04,47,7,515.0,0,982,1
2026-09-20T05,47,0,448.0,10,13,2
2026-09-20T05,47,0,450.0,63,16,2
2026-09-20T05,47,0,452.0,0,15,1
2026-09-20T05,47,0,454.0,32,0,1
2026-09-20T05,47,3,466.0,850,0,2
2026-09-20T06,47,0,454.0,568,0,5
2026-09-20T06,47,1,456.0,644,0,1
2026-09-20T06,47,2,462.0,0,45,1
2026-09-20T06,47,2,466.0,0,390,1
2026-09-20T06,47,3,464.0,1088,1412,5
2026-09-20T06,47,3,466.0,0,150,1
2026-09-20T06,47,3,468.0,1281,0,1
2026-09-20T06,47,4,470.0,0,1599,1
2026-09-20T06,47,4,472.0,1885,0,1
2026-09-20T07,47,0,452.0,20,0,1
2026-09-20T07,47,0,454.0,120,0,1
2026-09-20T07,47,1,454.0,0,56,1
2026-09-20T07,47,1,456.0,154,0,2
2026-09-20T07,47,2,468.0,0,2518,1
2026-09-20T07,47,3,468.0,0,153,1
2026-09-20T07,47,4,472.0,619,0,6
2026-09-20T07,47,5,474.0,0,1268,1
2026-09-20T07,47,5,476.0,0,3000,1
2026-09-20T07,47,5,478.0,0,129,1
2026-09-20T07,47,5,480.0,0,2515,1
2026-09-20T07,47,5,482.0,0,1132,1
2026-09-20T07,47,5,490.0,0,1628,1
2026-09-20T07,47,5,492.0,4794,0,1
2026-09-20T07,47,6,492.0,0,920,1
2026-09-20T08,47,0,452.0,60,2,2
2026-09-20T08,47,0,454.0,58,0,1
2026-09-20T08,47,1,454.0,134,0,2
2026-09-20T08,47,2,464.0,200,735,2
2026-09-20T08,47,2,466.0,440,79,2
2026-09-20T08,47,4,468.0,1895,0,3
2026-09-20T08,47,4,470.0,218,0,1
2026-09-20T08,47,5,490.0,1296,0,1
2026-09-20T09,47,0,446.0,0,26,1
2026-09-20T09,47,0,448.0,30,124,2
2026-09-20T09,47,0,450.0,23,19,2
2026-09-20T09,47,0,452.0,0,49,1
2026-09-20T09,47,0,454.0,573,414,4
2026-09-20T09,47,0,456.0,1886,0,1
2026-09-20T09,47,1,454.0,0,155,1
2026-09-20T09,47,1,456.0,0,653,1
2026-09-20T09,47,2,454.0,124,0,1
2026-09-20T09,47,4,468.0,460,1201,3
2026-09-20T09,47,5,470.0,2328,0,4
2026-09-20T10,47,0,448.0,0,8,1
2026-09-20T10,47,2,450.0,274,61,4
2026-09-20T10,47,2,452.0,5,0,1
2026-09-20T10,47,2,454.0,16,0,1
2026-09-20T10,47,3,468.0,574,0,3
2026-09-20T10,47,4,470.0,0,8,1
2026-09-20T10,47,5,470.0,834,1838,3
2026-09-20T11,47,0,448.0,22,48,4
2026-09-20T11,47,0,450.0,0,194,3
2026-09-20T11,47,2,452.0,1973,0,10
2026-09-20T11,47,5,472.0,1843,0,1
2026-09-20T12,47,0,454.0,80,12,2
2026-09-20T12,47,0,456.0,642,596,7
2026-09-20T12,47,1,456.0,10,242,2
2026-09-20T12,47,1,458.0,376,0,4
2026-09-20T12,47,2,452.0,0,22,1
2026-09-20T12,47,2,454.0,0,548,1
2026-09-20T12,47,3,464.0,256,244,2
2026-09-20T12,47,3,466.0,1120,138,4
2026-09-20T12,47,3,468.0,0,94,1
2026-09-20T12,47,3,470.0,0,1076,1
2026-09-20T12,47,4,470.0,800,679,2
2026-09-20T12,47,5,472.0,1483,0,4
2026-09-20T13,47,0,454.0,61,25,4
2026-09-20T13,47,0,456.0,26,0,2
2026-09-20T13,47,1,458.0,40,0,1
2026-09-20T13,47,2,468.0,0,408,1
2026-09-20T13,47,2,470.0,235,0,3
2026-09-20T13,47,4,470.0,0,67,1
2026-09-20T13,47,4,472.0,364,0,1
2026-09-20T13,47,5,470.0,0,168,1
2026-09-20T13,47,5,472.0,1300,7199,3
2026-09-20T13,47,7,510.0,0,565,1
2026-09-20T13,47,7,515.0,0,5000,1
2026-09-20T14,47,0,452.0,328,0,2
2026-09-20T14,47,0,454.0,0,2,1
2026-09-20T14,47,0,456.0,54,0,2
2026-09-20T14,47,1,458.0,0,1834,1
2026-09-20T14,47,1,460.0,1000,0,2
2026-09-20T14,47,3,472.0,400,246,2
2026-09-20T14,47,3,474.0,518,0,1
2026-09-20T14,47,4,472.0,0,3230,1
2026-09-20T14,47,4,476.0,1423,2848,2
2026-09-20T14,47,5,490.0,55,531,2
2026-09-20T14,47,6,492.0,735,185,2
2026-09-20T14,47,6,494.0,2453,0,1
2026-09-20T15,47,0,442.0,100,0,1
2026-09-20T15,47,0,452.0,287,0,1
2026-09-20T15,47,1,448.0,504,0,3
2026-09-20T15,47,2,470.0,0,90,1
2026-09-20T15,47,3,472.0,0,779,1
2026-09-20T15,47,3,474.0,1297,637,4
2026-09-20T15,47,3,476.0,650,398,3
2026-09-20T15,47,4,488.0,0,479,1
2026-09-20T15,47,5,490.0,0,1838,1
2026-09-20T15,47,5,492.0,1276,0,1
2026-09-20T16,47,0,442.0,142,295,6
2026-09-20T16,47,1,444.0,14,42,2
2026-09-20T16,47,1,446.0,0,200,1
2026-09-20T16,47,1,448.0,124,0,2
2026-09-20T16,47,2,472.0,0,607,1
2026-09-20T16,47,2,474.0,1193,251,2
2026-09-20T16,47,3,476.0,1048,750,4
2026-09-20T17,47,0,444.0,0,18,1
2026-09-20T17,47,0,446.0,0,62,1
2026-09-20T17,47,0,448.0,54,0,2
2026-09-20T17,47,0,452.0,425,15,3
2026-09-20T17,47,1,448.0,0,1122,1
2026-09-20T17,47,2,462.0,0,44,1
2026-09-20T17,47,2,464.0,4,46,2
2026-09-20T17,47,3,470.0,270,0,2
2026-09-20T17,47,4,466.0,284,0,1
2026-09-20T17,47,5,490.0,1996,0,2
2026-09-20T18,47,0,446.0,0,35,1
2026-09-20T18,47,0,448.0,80,16,3
2026-09-20T18,47,0,450.0,19,15,3
2026-09-20T18,47,0,452.0,34,0,1
2026-09-20T18,47,1,458.0,575,57,3
2026-09-20T18,47,1,460.0,93,0,1
2026-09-20T18,47,2,462.0,0,1796,1
2026-09-20T18,47,3,462.0,10,0,1
2026-09-20T18,47,4,464.0,855,0,2
2026-09-20T19,47,0,448.0,0,59,2
2026-09-20T19,47,0,450.0,355,0,3
2026-09-20T19,47,1,460.0,116,0,2
2026-09-20T19,47,2,462.0,229,59,3
2026-09-20T19,47,3,462.0,180,310,2
2026-09-20T19,47,4,464.0,1434,470,4
2026-09-20T19,47,5,488.0,349,0,2
2026-09-20T20,47,0,446.0,26,26,3
2026-09-20T20,47,0,448.0,231,0,2
2026-09-20T20,47,1,426.0,0,57,1
2026-09-20T20,47,2,458.0,379,0,2
2026-09-20T20,47,3,468.0,0,342,1
2026-09-20T20,47,3,470.0,1650,0,1
2026-09-20T20,47,4,466.0,154,393,2
2026-09-20T20,47,4,486.0,505,1531,2
2026-09-20T20,47,4,488.0,2980,0,2
2026-09-20T20,47,5,488.0,0,1002,2
2026-09-20T20,47,5,490.0,6555,1566,2
2026-09-20T20,47,5,492.0,2551,0,1
2026-09-20T20,47,8,520.0,1000,0,1
2026-09-20T21,47,0,444.0,0,16,1
2026-09-20T21,47,0,446.0,774,0,7
2026-09-20T21,47,1,458.0,0,551,1
2026-09-20T21,47,1,460.0,0,791,1
2026-09-20T21,47,1,462.0,0,366,1
2026-09-20T21,47,2,458.0,0,81,1
2026-09-20T21,47,2,460.0,0,391,2
2026-09-20T21,47,2,462.0,1819,12,4
2026-09-20T21,47,2,466.0,902,5289,3
2026-09-20T21,47,3,470.0,0,132,1
2026-09-20T21,47,3,472.0,779,0,3
2026-09-20T21,47,3,474.0,1058,0,2
2026-09-20T21,47,4,484.0,0,220,1
2026-09-20T21,47,4,486.0,304,0,1
2026-09-20T22,47,0,440.0,0,1,1
2026-09-20T22,47,0,442.0,23,0,1
2026-09-20T22,47,1,444.0,0,41,1
2026-09-20T22,47,3,470.0,387,61,2
2026-09-20T22,47,3,472.0,968,253,4
2026-09-20T22,47,3,474.0,319,0,1
2026-09-20T22,47,4,480.0,0,219,1
2026-09-20T22,47,4,486.0,200,7888,3
2026-09-20T22,47,4,488.0,0,2020,1
2026-09-20T22,47,4,490.0,0,2000,1
2026-09-20T22,47,5,492.0,0,4379,1
2026-09-20T22,47,6,492.0,0,3000,1
2026-09-20T22,47,6,494.0,0,1547,1
2026-09-20T22,47,6,498.0,475,0,1
2026-09-20T23,47,0,442.0,0,117,1
2026-09-20T23,47,0,446.0,0,121,1
2026-09-20T23,47,0,448.0,0,450,1
2026-09-20T23,47,0,450.0,1066,559,4
2026-09-20T23,47,1,448.0,0,51,1
2026-09-20T23,47,2,458.0,0,50,1
2026-09-20T23,47,2,460.0,0,50,1
2026-09-20T23,47,2,462.0,29,0,1
2026-09-20T23,47,3,470.0,100,572,2
2026-09-20T23,47,3,474.0,981,0,2
2026-09-20T23,47,4,496.0,0,309,1
2026-09-20T23,47,6,498.0,1291,0,1
2026-09-21T00,47,0,450.0,192,0,1
2026-09-21T00,47,1,448.0,11,11,2
2026-09-21T00,47,2,462.0,0,35,1
2026-09-21T00,47,2,464.0,0,80,1
2026-09-21T00,47,2,466.0,0,56,1
2026-09-21T00,47,2,468.0,0,56,1
2026-09-21T00,47,2,470.0,0,50,1
2026-09-21T00,47,3,474.0,924,0,4
2026-09-21T00,47,6,496.0,2270,0,2
2026-09-21T01,47,0,450.0,137,85,5
2026-09-21T01,47,0,452.0,93,0,1
2026-09-21T01,47,1,448.0,0,1,1
2026-09-21T01,47,2,472.0,28,472,2
2026-09-21T01,47,2,474.0,128,0,1
2026-09-21T01,47,3,472.0,34,804,2
2026-09-21T01,47,3,474.0,806,878,2
2026-09-21T02,47,0,450.0,0,2,1
2026-09-21T02,47,0,452.0,180,0,2
2026-09-21T02,47,1,448.0,0,24,1
2026-09-21T02,47,1,450.0,12,24,2
2026-09-21T02,47,3,474.0,100,0,1
2026-09-21T02,47,3,476.0,666,0,1
2026-09-21T02,47,4,490.0,483,0,2
2026-09-21T02,47,5,494.0,400,0,1
2026-09-21T03,47,0,452.0,189,49,4
2026-09-21T03,47,0,454.0,4,0,2
2026-09-21T03,47,2,470.0,416,133,2
2026-09-21T03,47,2,472.0,941,0,3
2026-09-21T03,47,3,472.0,80,0,1
2026-09-21T03,47,4,490.0,460,0,1
2026-09-21T03,47,6,494.0,872,0,1
2026-09-21T04,47,0,454.0,490,43,4
2026-09-21T04,47,0,456.0,180,0,2
2026-09-21T04,47,2,472.0,0,59,1
2026-09-21T04,47,2,474.0,0,1195,1
2026-09-21T04,47,3,472.0,505,297,3
2026-09-21T04,47,3,474.0,0,250,1
2026-09-21T04,47,3,476.0,2285,0,2
2026-09-21T05,47,0,456.0,471,0,3
2026-09-21T05,47,1,454.0,130,120,6
2026-09-21T05,47,1,474.0,0,62,1
2026-09-21T05,47,2,470.0,0,296,1
2026-09-21T05,47,2,476.0,0,70,1
2026-09-21T05,47,3,472.0,898,460,3
2026-09-21T05,47,3,476.0,586,415,3
2026-09-21T05,47,3,478.0,3275,0,3
