heure,kind,quality,prix,vendu,disparu,n_evt
2026-09-04T12,66,0,0.268,35854,,1
2026-09-04T12,66,0,0.282,543962,,3
2026-09-04T12,66,0,0.294,54570,,1
2026-09-04T12,66,0,0.296,116523,,2
2026-09-04T13,66,0,0.27,298289,,1
2026-09-04T13,66,1,0.281,38685,,1
2026-09-04T14,66,0,0.274,40650,,1
2026-09-04T14,66,0,0.277,65081,,2
2026-09-04T14,66,1,0.282,399281,,2
2026-09-04T14,66,2,0.292,8279,,1
2026-09-04T14,66,3,0.298,2112610,,1
2026-09-04T14,66,3,0.299,144220,,1
2026-09-04T14,66,5,0.327,34153,,1
2026-09-04T15,66,0,0.278,149849,,1
2026-09-04T15,66,0,0.281,545507,,2
2026-09-04T15,66,1,0.282,86044,,3
2026-09-04T15,66,2,0.292,356539,,2
2026-09-04T15,66,2,0.3,389738,,1
2026-09-04T15,66,3,0.299,929885,,1
2026-09-04T15,66,4,0.302,411910,,2
2026-09-04T16,66,0,0.275,347506,,2
2026-09-04T16,66,0,0.279,147130,,1
2026-09-04T16,66,0,0.28,79873,,1
2026-09-04T16,66,1,0.281,70000,,1
2026-09-04T16,66,1,0.282,256550,,3
2026-09-04T16,66,3,0.302,195028,,1
2026-09-04T16,66,4,0.302,486594,,1
2026-09-04T17,66,0,0.277,86004,,1
2026-09-04T17,66,0,0.279,92541,,1
2026-09-04T17,66,1,0.282,10000,,1
2026-09-04T17,66,1,0.283,186739,,1
2026-09-04T17,66,2,0.3,36715,,1
2026-09-04T17,66,3,0.303,16836,,1
2026-09-04T17,66,3,0.304,50000,,1
2026-09-04T17,66,5,0.314,1568735,,3
2026-09-04T18,66,0,0.28,150174,,1
2026-09-04T18,66,0,0.283,458856,,1
2026-09-04T18,66,1,0.282,122822,,1
2026-09-04T18,66,1,0.283,185904,,2
2026-09-04T18,66,1,0.284,76867,,1
2026-09-04T18,66,2,0.295,2326,,1
2026-09-04T18,66,3,0.303,261831,,2
2026-09-04T18,66,5,0.314,846450,,2
2026-09-04T21,66,0,0.279,48315,,3
2026-09-04T21,66,0,0.28,31951,,1
2026-09-04T21,66,0,0.282,969305,,2
2026-09-04T21,66,1,0.279,182085,,1
2026-09-04T21,66,1,0.28,112100,,1
2026-09-04T21,66,1,0.282,489276,,1
2026-09-04T21,66,1,0.283,36000,,1
2026-09-04T21,66,2,0.291,135700,,3
2026-09-04T21,66,2,0.293,562085,,2
2026-09-04T21,66,2,0.294,157340,,2
2026-09-04T21,66,3,0.303,168284,,1
2026-09-04T21,66,5,0.327,52000,,1
2026-09-04T23,66,0,0.281,0,119864,1
2026-09-04T23,66,0,0.282,1642689,0,4
2026-09-04T23,66,1,0.282,0,347770,1
2026-09-04T23,66,1,0.283,379758,0,3
2026-09-04T23,66,2,0.294,1019,0,1
2026-09-04T23,66,3,0.301,38820,0,1
2026-09-04T23,66,4,0.304,67024,366618,2
2026-09-04T23,66,4,0.311,1160011,0,1
2026-09-04T23,66,8,0.54,0,495400,1
2026-09-05T00,66,0,0.277,0,128121,1
2026-09-05T00,66,0,0.278,145358,31603,3
2026-09-05T00,66,0,0.279,0,2353,2
2026-09-05T00,66,0,0.28,40044,91679,4
2026-09-05T00,66,1,0.281,0,268314,2
2026-09-05T00,66,1,0.282,662732,0,2
2026-09-05T00,66,2,0.291,0,1452660,1
2026-09-05T00,66,2,0.292,0,746528,1
2026-09-05T00,66,2,0.294,0,236405,1
2026-09-05T00,66,2,0.295,0,215225,1
2026-09-05T00,66,2,0.296,0,93087,1
2026-09-05T00,66,2,0.297,0,5504,1
2026-09-05T00,66,2,0.298,0,100000,1
2026-09-05T00,66,2,0.299,0,697101,3
2026-09-05T00,66,2,0.3,438576,789495,4
2026-09-05T00,66,3,0.301,0,1274400,1
2026-09-05T00,66,3,0.302,0,316012,1
2026-09-05T00,66,3,0.303,0,199331,1
2026-09-05T00,66,3,0.304,0,644380,1
2026-09-05T00,66,3,0.305,0,95854,1
2026-09-05T00,66,3,0.306,53573,0,1
2026-09-05T00,66,4,0.311,232785,0,1
2026-09-05T01,66,0,0.279,0,103565,1
2026-09-05T01,66,0,0.28,0,26165,3
2026-09-05T01,66,0,0.281,50450,0,1
2026-09-05T01,66,1,0.281,28966,351886,3
2026-09-05T01,66,1,0.282,191220,0,1
2026-09-05T01,66,2,0.3,0,108647,1
2026-09-05T01,66,2,0.301,6176,0,1
2026-09-05T02,66,0,0.281,195561,82715,3
2026-09-05T02,66,0,0.282,552909,0,3
2026-09-05T02,66,1,0.282,0,310648,1
2026-09-05T02,66,1,0.283,267521,0,3
2026-09-05T02,66,2,0.297,0,219908,2
2026-09-05T02,66,2,0.298,2598,412000,2
2026-09-05T02,66,3,0.297,0,33392,1
2026-09-05T02,66,3,0.298,0,1763972,1
2026-09-05T02,66,3,0.299,88642,0,1
2026-09-05T02,66,3,0.3,135714,0,2
2026-09-05T02,66,5,0.32,0,33,1
2026-09-05T02,66,5,0.321,187052,0,1
2026-09-05T03,66,0,0.277,0,1355,2
2026-09-05T03,66,0,0.278,0,18128,2
2026-09-05T03,66,0,0.279,696110,0,3
2026-09-05T03,66,0,0.28,0,2300,1
2026-09-05T03,66,0,0.281,0,126363,1
2026-09-05T03,66,0,0.282,91922,0,2
2026-09-05T03,66,1,0.282,0,109,1
2026-09-05T03,66,1,0.283,100000,284905,2
2026-09-05T03,66,1,0.284,104006,0,2
2026-09-05T03,66,3,0.298,199751,0,1
2026-09-05T03,66,3,0.299,111915,0,1
2026-09-05T03,66,5,0.319,0,602628,1
2026-09-05T04,66,0,0.275,0,49426,1
2026-09-05T04,66,0,0.276,70666,27872,2
2026-09-05T04,66,0,0.277,0,17789,2
2026-09-05T04,66,0,0.278,0,69725,4
2026-09-05T04,66,0,0.279,276614,0,2
2026-09-05T04,66,1,0.275,0,441946,1
2026-09-05T04,66,1,0.28,0,135934,1
2026-09-05T04,66,1,0.284,184372,0,1
2026-09-05T04,66,2,0.291,0,42903,1
2026-09-05T04,66,2,0.292,257097,0,1
2026-09-05T04,66,2,0.294,0,149133,1
2026-09-05T04,66,2,0.295,61228,0,1
2026-09-05T04,66,2,0.296,184000,0,1
2026-09-05T04,66,3,0.297,0,83088,1
2026-09-05T04,66,8,0.6,0,139199,1
2026-09-05T04,66,8,0.655,45485,0,1
2026-09-05T05,66,0,0.276,0,2200,1
2026-09-05T05,66,0,0.277,263295,103606,4
2026-09-05T05,66,0,0.278,0,84151,2
2026-09-05T05,66,0,0.279,1101350,0,3
2026-09-05T05,66,1,0.279,0,50000,1
2026-09-05T05,66,1,0.28,0,8661,2
2026-09-05T05,66,1,0.281,0,310000,2
2026-09-05T05,66,1,0.282,7322,26164,2
2026-09-05T05,66,1,0.283,0,4,1
2026-09-05T05,66,1,0.284,0,15112,1
2026-09-05T05,66,1,0.285,0,95431,2
2026-09-05T05,66,1,0.286,0,817708,2
2026-09-05T05,66,1,0.287,462918,145342,2
2026-09-05T05,66,1,0.29,45462,181730,3
2026-09-05T05,66,2,0.292,0,99487,1
2026-09-05T05,66,2,0.295,0,322972,1
2026-09-05T05,66,2,0.296,0,66000,1
2026-09-05T05,66,3,0.298,0,1731,1
2026-09-05T05,66,3,0.299,311177,115870,2
2026-09-05T05,66,3,0.3,1196164,0,1
2026-09-05T05,66,4,0.297,31159,349610,2
2026-09-05T05,66,4,0.3,0,442521,2
2026-09-05T05,66,7,0.399,0,904177,1
2026-09-05T06,66,0,0.271,0,5365,1
2026-09-05T06,66,0,0.272,0,449403,2
2026-09-05T06,66,0,0.273,0,602002,2
2026-09-05T06,66,0,0.274,0,270128,2
2026-09-05T06,66,0,0.275,0,43342,3
2026-09-05T06,66,0,0.276,0,248858,1
2026-09-05T06,66,0,0.277,0,2059,2
2026-09-05T06,66,0,0.278,0,11215,3
2026-09-05T06,66,0,0.279,0,116099,5
2026-09-05T06,66,0,0.28,0,76510,2
2026-09-05T06,66,0,0.281,0,20000,1
2026-09-05T06,66,0,0.282,61738,0,1
2026-09-05T06,66,1,0.28,0,122817,1
2026-09-05T06,66,1,0.281,0,118610,1
2026-09-05T06,66,1,0.282,0,353865,1
2026-09-05T06,66,1,0.283,0,200000,1
2026-09-05T06,66,1,0.284,0,92762,1
2026-09-05T06,66,1,0.288,146346,5000,2
2026-09-05T06,66,1,0.289,390573,0,2
2026-09-05T06,66,2,0.293,0,44253,1
2026-09-05T06,66,2,0.294,455747,0,1
2026-09-05T06,66,2,0.295,156580,0,1
2026-09-05T06,66,4,0.31,0,300033,3
2026-09-05T06,66,4,0.311,58192,0,1
2026-09-05T07,66,0,0.279,0,100000,1
2026-09-05T07,66,0,0.28,25406,99928,5
2026-09-05T07,66,0,0.281,339072,0,3
2026-09-05T07,66,0,0.282,84821,0,1
2026-09-05T07,66,1,0.286,638472,0,3
2026-09-05T07,66,1,0.288,1274722,0,1
2026-09-05T07,66,2,0.289,0,447148,1
2026-09-05T07,66,2,0.29,0,54114,1
2026-09-05T07,66,2,0.291,0,586796,1
2026-09-05T07,66,2,0.292,0,32768,1
2026-09-05T07,66,2,0.294,139733,0,2
2026-09-05T07,66,3,0.297,0,1484581,1
2026-09-05T07,66,3,0.298,555755,0,2
2026-09-05T07,66,5,0.319,0,28105,1
2026-09-05T07,66,5,0.32,30521,44,2
2026-09-05T07,66,6,0.358,1000000,0,1
2026-09-05T07,66,8,0.58,0,446252,1
2026-09-05T08,66,0,0.273,0,12620,1
2026-09-05T08,66,0,0.274,0,12940,1
2026-09-05T08,66,0,0.277,0,55988,2
2026-09-05T08,66,0,0.278,0,10700,2
2026-09-05T08,66,0,0.279,0,120025,4
2026-09-05T08,66,0,0.28,0,194065,4
2026-09-05T08,66,0,0.281,0,447445,1
2026-09-05T08,66,0,0.282,520458,0,3
2026-09-05T08,66,1,0.281,77298,0,1
2026-09-05T08,66,1,0.282,0,649025,2
2026-09-05T08,66,1,0.283,45554,31946,2
2026-09-05T08,66,1,0.284,30911,0,1
2026-09-05T08,66,2,0.292,0,10634,1
2026-09-05T08,66,2,0.293,454357,0,3
2026-09-05T09,66,0,0.271,48004,56724,2
2026-09-05T09,66,0,0.272,0,7340,1
2026-09-05T09,66,0,0.273,0,3032,1
2026-09-05T09,66,0,0.274,0,180000,1
2026-09-05T09,66,0,0.275,0,97032,1
2026-09-05T09,66,0,0.276,71638,0,2
2026-09-05T09,66,0,0.28,30000,0,1
2026-09-05T09,66,1,0.277,0,547487,1
2026-09-05T09,66,1,0.281,250405,0,2
2026-09-05T09,66,2,0.29,117451,663676,2
2026-09-05T09,66,3,0.293,0,92674,1
2026-09-05T09,66,3,0.294,0,148057,1
2026-09-05T09,66,3,0.295,0,4562,1
2026-09-05T09,66,3,0.298,0,405981,1
2026-09-05T09,66,3,0.299,0,1257219,1
2026-09-05T09,66,4,0.309,0,1186485,1
2026-09-05T09,66,5,0.32,3771746,0,1
2026-09-05T10,66,0,0.269,252965,199947,3
2026-09-05T10,66,0,0.27,0,22785,1
2026-09-05T10,66,0,0.271,0,105330,2
2026-09-05T10,66,0,0.272,26933,571307,3
2026-09-05T10,66,0,0.273,0,5245,1
2026-09-05T10,66,0,0.274,145685,0,1
2026-09-05T10,66,1,0.276,0,350000,1
2026-09-05T10,66,1,0.277,142680,184316,3
2026-09-05T10,66,1,0.278,0,50,1
2026-09-05T10,66,1,0.279,0,116330,2
2026-09-05T10,66,1,0.28,0,43757,2
2026-09-05T10,66,1,0.281,0,108463,1
2026-09-05T10,66,1,0.282,0,28904,1
2026-09-05T10,66,1,0.283,0,51727,1
2026-09-05T10,66,1,0.284,16465,0,1
2026-09-05T10,66,2,0.29,0,42689,2
2026-09-05T10,66,2,0.291,56598,1975751,4
2026-09-05T10,66,2,0.292,0,1994449,2
2026-09-05T10,66,2,0.293,0,1191780,1
2026-09-05T10,66,2,0.294,94043,0,1
2026-09-05T10,66,3,0.299,857244,1697121,3
2026-09-05T10,66,3,0.3,0,2954539,2
2026-09-05T10,66,4,0.309,0,300000,1
2026-09-05T10,66,4,0.31,0,309020,1
2026-09-05T10,66,4,0.311,598456,0,1
2026-09-05T10,66,5,0.319,229000,0,1
2026-09-05T10,66,12,0.69,20876,0,1
2026-09-05T11,66,0,0.268,0,46874,1
2026-09-05T11,66,0,0.269,0,18073,2
2026-09-05T11,66,0,0.27,0,66525,3
2026-09-05T11,66,0,0.271,0,467517,1
2026-09-05T11,66,0,0.272,0,1017876,1
2026-09-05T11,66,0,0.273,25392,34752,2
2026-09-05T11,66,0,0.274,0,850043,3
2026-09-05T11,66,0,0.275,0,5330,1
2026-09-05T11,66,0,0.276,0,15493,1
2026-09-05T11,66,0,0.279,0,322164,1
2026-09-05T11,66,0,0.28,0,626762,5
2026-09-05T11,66,0,0.281,0,16236,1
2026-09-05T11,66,0,0.282,50676,0,1
2026-09-05T11,66,1,0.279,77155,0,1
2026-09-05T11,66,1,0.282,0,5117,1
2026-09-05T11,66,1,0.283,289419,0,1
2026-09-05T11,66,1,0.284,135944,0,3
2026-09-05T11,66,2,0.293,67340,0,1
2026-09-05T11,66,2,0.294,191604,0,1
2026-09-05T11,66,3,0.301,18214,0,2
2026-09-05T11,66,5,0.318,0,200000,1
2026-09-05T11,66,5,0.319,150000,0,1
2026-09-05T11,66,6,0.358,20000,0,1
2026-09-05T11,66,9,0.65,0,978060,1
2026-09-05T12,66,0,0.277,0,135060,1
2026-09-05T12,66,0,0.278,0,99182,1
2026-09-05T12,66,0,0.279,0,93819,3
2026-09-05T12,66,0,0.28,123534,18170,3
2026-09-05T12,66,0,0.282,1080948,0,1
2026-09-05T12,66,1,0.278,0,44294,1
2026-09-05T12,66,1,0.279,0,225363,1
2026-09-05T12,66,1,0.282,323500,101923,2
2026-09-05T12,66,1,0.283,179484,195282,2
2026-09-05T12,66,1,0.284,104718,0,1
2026-09-05T12,66,2,0.29,0,26246,1
2026-09-05T12,66,2,0.291,0,69804,1
2026-09-05T12,66,2,0.292,517534,0,2
2026-09-05T12,66,3,0.295,0,62729,1
2026-09-05T12,66,3,0.296,0,134000,1
2026-09-05T12,66,3,0.298,0,414676,1
2026-09-05T12,66,3,0.3,0,1760509,2
2026-09-05T12,66,4,0.309,0,969221,1
2026-09-05T12,66,4,0.31,0,235000,1
2026-09-05T13,66,0,0.279,0,364757,3
2026-09-05T13,66,0,0.28,629066,330783,8
2026-09-05T13,66,0,0.281,0,30230,3
2026-09-05T13,66,0,0.282,481877,0,1
2026-09-05T13,66,1,0.28,0,11145,1
2026-09-05T13,66,1,0.281,0,51233,1
2026-09-05T13,66,1,0.282,0,26562,1
2026-09-05T13,66,1,0.283,111772,1767,2
2026-09-05T13,66,1,0.284,66263,0,1
2026-09-05T13,66,2,0.287,0,500000,1
2026-09-05T13,66,2,0.288,0,1000000,1
2026-09-05T13,66,2,0.289,0,300000,1
2026-09-05T13,66,2,0.292,0,482466,1
2026-09-05T13,66,2,0.293,0,352411,3
2026-09-05T13,66,2,0.294,348779,0,1
2026-09-05T13,66,3,0.301,0,626138,2
2026-09-05T13,66,3,0.302,0,419049,2
2026-09-05T13,66,3,0.303,0,87010,2
2026-09-05T13,66,3,0.304,0,896972,2
2026-09-05T13,66,3,0.305,0,550118,2
2026-09-05T13,66,3,0.306,0,1208397,1
2026-09-05T13,66,3,0.308,0,1270894,1
2026-09-05T13,66,3,0.31,27614,0,1
2026-09-05T13,66,8,0.55,76248,4427,2
2026-09-05T13,66,8,0.6,0,146510,1
2026-09-05T13,66,8,0.65,0,73129,1
2026-09-05T13,66,8,0.655,225934,0,1
2026-09-05T14,66,0,0.278,0,25115,1
2026-09-05T14,66,0,0.279,47116,0,1
2026-09-05T14,66,0,0.281,31500,0,1
2026-09-05T14,66,0,0.282,40897,138074,7
2026-09-05T14,66,0,0.283,174737,101605,5
2026-09-05T14,66,1,0.281,0,102109,1
2026-09-05T14,66,1,0.283,31000,100000,2
2026-09-05T14,66,1,0.284,165417,0,2
2026-09-05T14,66,2,0.292,203075,0,1
2026-09-05T14,66,2,0.293,7500,44550,3
2026-09-05T14,66,2,0.294,119658,0,2
2026-09-05T14,66,3,0.305,0,120000,1
2026-09-05T14,66,3,0.306,0,719026,2
2026-09-05T14,66,3,0.307,50000,25662,2
2026-09-05T14,66,3,0.308,142485,952784,2
2026-09-05T14,66,4,0.309,0,200000,1
2026-09-05T14,66,5,0.316,0,33,1
2026-09-05T14,66,5,0.317,159940,0,1
2026-09-05T14,66,7,0.35,0,106724,1
2026-09-05T14,66,10,0.78,0,1000000,1
2026-09-05T14,66,12,0.65,256,0,1
2026-09-05T15,66,0,0.272,0,31622,1
2026-09-05T15,66,0,0.273,0,13504,1
2026-09-05T15,66,0,0.274,0,5509,1
2026-09-05T15,66,0,0.275,0,13854,1
2026-09-05T15,66,0,0.276,143756,0,2
2026-09-05T15,66,0,0.278,70395,0,1
2026-09-05T15,66,1,0.273,560344,0,1
2026-09-05T15,66,1,0.281,0,38862,1
2026-09-05T15,66,1,0.282,0,142162,1
2026-09-05T15,66,1,0.283,7838,0,1
2026-09-05T15,66,2,0.292,0,188353,1
2026-09-05T15,66,2,0.293,27658,0,1
2026-09-05T15,66,3,0.306,0,574393,2
2026-09-05T15,66,3,0.307,0,96783,1
2026-09-05T15,66,3,0.308,596472,0,2
2026-09-05T15,66,4,0.307,6785,104154,2
2026-09-05T16,66,0,0.271,0,59140,1
2026-09-05T16,66,0,0.272,17800,0,1
2026-09-05T16,66,1,0.273,317120,0,2
2026-09-05T16,66,2,0.288,0,159583,1
2026-09-05T16,66,2,0.289,0,788003,1
2026-09-05T16,66,2,0.29,278441,0,1
2026-09-05T16,66,4,0.309,0,218793,1
2026-09-05T16,66,4,0.31,0,1164707,2
2026-09-05T17,66,0,0.268,0,4145,1
2026-09-05T17,66,0,0.269,0,644848,2
2026-09-05T17,66,0,0.27,193125,681457,4
2026-09-05T17,66,0,0.272,64988,0,1
2026-09-05T17,66,1,0.272,0,1752544,3
2026-09-05T17,66,1,0.273,225383,0,1
2026-09-05T17,66,2,0.289,100850,0,1
2026-09-05T17,66,3,0.307,0,177370,1
2026-09-05T17,66,3,0.308,0,1941453,1
2026-09-05T17,66,4,0.309,0,33,1
2026-09-05T17,66,4,0.31,0,733310,1
2026-09-05T17,66,4,0.311,0,761535,2
2026-09-05T17,66,4,0.312,485478,0,1
2026-09-05T17,66,6,0.358,238892,0,1
2026-09-05T17,66,12,0.65,0,449684,1
2026-09-05T18,66,0,0.26,0,80,1
2026-09-05T18,66,0,0.263,0,53946,1
2026-09-05T18,66,0,0.264,0,272142,2
2026-09-05T18,66,0,0.265,0,45592,1
2026-09-05T18,66,0,0.266,27717,79850,2
2026-09-05T18,66,0,0.267,0,72903,1
2026-09-05T18,66,0,0.268,119290,0,1
2026-09-05T18,66,0,0.269,0,168041,1
2026-09-05T18,66,0,0.27,246779,2140,3
2026-09-05T18,66,1,0.273,0,1774441,1
2026-09-05T18,66,1,0.281,0,112937,2
2026-09-05T18,66,1,0.282,0,209100,1
2026-09-05T18,66,1,0.283,0,155268,1
2026-09-05T18,66,1,0.284,275363,6880,5
2026-09-05T18,66,2,0.285,0,189415,1
2026-09-05T18,66,2,0.286,0,25000,1
2026-09-05T18,66,2,0.287,0,45000,1
2026-09-05T18,66,2,0.288,5745,0,1
2026-09-05T18,66,3,0.306,0,97200,1
2026-09-05T18,66,3,0.308,1248180,0,2
2026-09-05T18,66,3,0.309,158923,0,1
2026-09-05T18,66,4,0.311,0,300000,1
2026-09-05T18,66,4,0.312,1190791,0,2
2026-09-05T18,66,5,0.313,0,1310788,2
2026-09-05T18,66,7,0.398,0,117625,1
2026-09-05T18,66,7,0.399,0,2743870,1
2026-09-05T19,66,0,0.264,0,42758,2
2026-09-05T19,66,0,0.265,0,80948,2
2026-09-05T19,66,0,0.266,0,110257,1
2026-09-05T19,66,0,0.267,0,279930,1
2026-09-05T19,66,0,0.268,0,413938,6
2026-09-05T19,66,0,0.269,42265,99618,4
2026-09-05T19,66,0,0.27,47707,0,2
2026-09-05T19,66,1,0.281,0,21890,1
2026-09-05T19,66,1,0.282,20000,682903,2
2026-09-05T19,66,1,0.283,0,470,1
2026-09-05T19,66,1,0.284,230483,0,2
2026-09-05T19,66,2,0.286,0,3030,1
2026-09-05T19,66,2,0.287,0,103740,2
2026-09-05T19,66,2,0.288,189055,305200,2
2026-09-05T19,66,2,0.289,177400,0,1
2026-09-05T19,66,3,0.308,507310,0,1
2026-09-05T19,66,4,0.31,0,547736,1
2026-09-05T19,66,4,0.311,0,44,1
2026-09-05T19,66,4,0.312,265408,0,1
2026-09-05T19,66,8,0.61,0,231015,1
2026-09-05T19,66,10,0.65,0,1000000,1
2026-09-05T20,66,0,0.254,0,3000,1
2026-09-05T20,66,0,0.255,0,3337,1
2026-09-05T20,66,0,0.256,0,16305,1
2026-09-05T20,66,0,0.257,0,43932,1
2026-09-05T20,66,0,0.258,0,5043,1
2026-09-05T20,66,0,0.261,0,100000,1
2026-09-05T20,66,0,0.262,0,8923,1
2026-09-05T20,66,0,0.263,0,1918,2
2026-09-05T20,66,0,0.264,47579,155435,3
2026-09-05T20,66,0,0.265,0,36590,1
2026-09-05T20,66,0,0.267,0,3000,1
2026-09-05T20,66,0,0.268,0,167383,1
2026-09-05T20,66,0,0.269,7978,143195,4
2026-09-05T20,66,0,0.27,103318,147614,4
2026-09-05T20,66,1,0.28,0,300000,1
2026-09-05T20,66,1,0.281,0,10618,1
2026-09-05T20,66,1,0.282,0,139234,1
2026-09-05T20,66,1,0.283,0,96224,2
2026-09-05T20,66,1,0.284,0,778110,1
2026-09-05T20,66,1,0.285,0,423592,3
2026-09-05T20,66,1,0.286,0,10848,1
2026-09-05T20,66,1,0.287,0,428359,2
2026-09-05T20,66,1,0.288,24909,409123,3
2026-09-05T20,66,1,0.289,0,109427,1
2026-09-05T20,66,2,0.288,403822,173037,2
2026-09-05T20,66,2,0.289,320784,158835,5
2026-09-05T20,66,2,0.29,254449,0,1
2026-09-05T20,66,4,0.312,3125957,0,1
2026-09-05T20,66,5,0.316,0,33,1
2026-09-05T20,66,5,0.317,0,285703,1
2026-09-05T20,66,5,0.318,505330,211328,3
2026-09-05T20,66,5,0.319,0,8030465,2
2026-09-05T20,66,5,0.32,78291,0,1
2026-09-05T21,66,0,0.263,0,6386,2
2026-09-05T21,66,0,0.264,0,29210,2
2026-09-05T21,66,0,0.268,0,6253,1
2026-09-05T21,66,0,0.269,0,81414,1
2026-09-05T21,66,0,0.27,0,287151,4
2026-09-05T21,66,0,0.271,0,476726,2
2026-09-05T21,66,0,0.272,0,246631,3
2026-09-05T21,66,0,0.273,0,231004,2
2026-09-05T21,66,0,0.275,0,71104,2
2026-09-05T21,66,0,0.276,0,2380,2
2026-09-05T21,66,0,0.277,0,17706,1
2026-09-05T21,66,0,0.278,0,156709,3
2026-09-05T21,66,0,0.279,0,319682,3
2026-09-05T21,66,0,0.28,81220,253462,9
2026-09-05T21,66,1,0.288,594124,0,2
2026-09-05T21,66,2,0.289,0,89366,1
2026-09-05T21,66,2,0.29,0,413204,3
2026-09-05T21,66,2,0.291,0,303137,1
2026-09-05T21,66,2,0.292,0,97445,1
2026-09-05T21,66,2,0.293,0,23070,1
2026-09-05T21,66,2,0.294,0,105436,2
2026-09-05T21,66,2,0.295,43404,60098,3
2026-09-05T23,66,0,0.278,0,2628,1
2026-09-05T23,66,0,0.279,0,58791,1
2026-09-05T23,66,0,0.28,0,732665,2
2026-09-05T23,66,0,0.281,0,473073,3
2026-09-05T23,66,0,0.282,0,1273,1
2026-09-05T23,66,0,0.283,0,267006,5
2026-09-05T23,66,0,0.285,0,97236,5
2026-09-05T23,66,0,0.286,0,35,1
2026-09-05T23,66,0,0.287,0,70525,4
2026-09-05T23,66,0,0.288,0,802491,4
2026-09-05T23,66,0,0.289,1319639,40417,5
2026-09-05T23,66,1,0.287,0,205829,1
2026-09-05T23,66,1,0.288,0,40752,1
2026-09-05T23,66,1,0.289,0,30608,1
2026-09-05T23,66,1,0.29,0,189068,2
2026-09-05T23,66,1,0.291,0,36680,1
2026-09-05T23,66,1,0.292,63359,0,1
2026-09-05T23,66,2,0.295,7538,0,1
2026-09-05T23,66,4,0.309,0,840000,1
2026-09-05T23,66,4,0.31,0,33,1
2026-09-05T23,66,4,0.311,0,24500,1
2026-09-05T23,66,4,0.312,143751,0,1
2026-09-06T00,66,0,0.252,0,100,1
2026-09-06T00,66,0,0.282,0,2088,1
2026-09-06T00,66,0,0.283,0,20858,1
2026-09-06T00,66,0,0.284,0,136180,1
2026-09-06T00,66,0,0.285,0,10955,1
2026-09-06T00,66,0,0.286,0,10625,2
2026-09-06T00,66,0,0.287,951,3739,3
2026-09-06T00,66,0,0.288,0,108898,4
2026-09-06T00,66,0,0.289,1610487,7005,11
2026-09-06T00,66,1,0.291,0,319728,2
2026-09-06T00,66,1,0.292,4132,0,1
2026-09-06T00,66,2,0.291,69212,0,1
2026-09-06T00,66,2,0.292,0,20398,1
2026-09-06T00,66,3,0.299,0,636078,1
2026-09-06T00,66,3,0.3,722064,469672,4
2026-09-06T00,66,3,0.301,0,623196,2
2026-09-06T00,66,5,0.315,0,3014286,1
2026-09-06T01,66,0,0.278,0,500,1
2026-09-06T01,66,0,0.279,5021,0,1
2026-09-06T01,66,0,0.282,0,6078,2
2026-09-06T01,66,0,0.283,478041,0,4
2026-09-06T01,66,0,0.287,59098,35132,3
2026-09-06T01,66,0,0.288,4912,1176747,8
2026-09-06T01,66,0,0.289,709691,0,6
2026-09-06T01,66,1,0.29,100000,0,1
2026-09-06T01,66,2,0.29,0,110269,1
2026-09-06T01,66,2,0.291,56000,22211,3
2026-09-06T01,66,2,0.292,1115870,0,5
2026-09-06T01,66,3,0.297,0,36615,1
2026-09-06T01,66,3,0.298,0,397558,1
2026-09-06T01,66,3,0.299,0,1000000,1
2026-09-06T01,66,3,0.3,0,483138,1
2026-09-06T01,66,3,0.301,0,177755,1
2026-09-06T01,66,3,0.302,0,206835,1
2026-09-06T01,66,3,0.303,44124,0,1
2026-09-06T01,66,4,0.309,0,139196,1
2026-09-06T01,66,4,0.31,0,88,2
2026-09-06T01,66,4,0.311,40819,59912,2
2026-09-06T01,66,4,0.312,1259776,0,2
2026-09-06T01,66,5,0.315,0,217074,1
2026-09-06T01,66,6,0.352,0,84400,1
2026-09-06T01,66,6,0.353,0,4503983,1
2026-09-06T02,66,0,0.266,0,1679,1
2026-09-06T02,66,0,0.267,0,17082,1
2026-09-06T02,66,0,0.268,0,44658,2
2026-09-06T02,66,0,0.269,0,4000,1
2026-09-06T02,66,0,0.27,11518,37187,3
2026-09-06T02,66,0,0.271,368449,62685,5
2026-09-06T02,66,0,0.272,73440,126803,6
2026-09-06T02,66,0,0.273,259800,170930,4
2026-09-06T02,66,0,0.274,31369,0,1
2026-09-06T02,66,0,0.279,0,16753,4
2026-09-06T02,66,0,0.28,0,17311,2
2026-09-06T02,66,0,0.281,510,0,1
2026-09-06T02,66,1,0.275,24098,0,1
2026-09-06T02,66,1,0.279,0,21108,1
2026-09-06T02,66,2,0.28,92309,1683662,3
2026-09-06T03,66,0,0.271,0,153280,2
2026-09-06T03,66,0,0.272,12783,102166,6
2026-09-06T03,66,0,0.273,300,380043,7
2026-09-06T03,66,0,0.274,953627,223581,6
2026-09-06T03,66,0,0.275,42856,158643,6
2026-09-06T03,66,0,0.276,0,1974,3
2026-09-06T03,66,0,0.277,0,31554,2
2026-09-06T03,66,0,0.278,27346,64687,4
2026-09-06T03,66,0,0.279,49307,180120,9
2026-09-06T03,66,0,0.28,115246,0,2
2026-09-06T03,66,1,0.275,0,275902,1
2026-09-06T03,66,1,0.276,0,60036,1
2026-09-06T03,66,1,0.28,1008350,411315,5
2026-09-06T04,66,0,0.268,0,11337,1
2026-09-06T04,66,0,0.269,10027,8632,2
2026-09-06T04,66,0,0.271,0,115,1
2026-09-06T04,66,0,0.272,0,2341,3
2026-09-06T04,66,0,0.273,29387,3649,3
2026-09-06T04,66,0,0.274,0,115,1
2026-09-06T04,66,0,0.275,6023,23977,2
2026-09-06T04,66,0,0.276,57573,115,3
2026-09-06T04,66,0,0.277,23250,55692,5
2026-09-06T04,66,0,0.278,7430,6575,4
2026-09-06T04,66,0,0.279,200,47789,3
2026-09-06T04,66,0,0.28,28376,128462,6
2026-09-06T04,66,0,0.281,10975,0,1
2026-09-06T04,66,1,0.27,14577,35423,2
2026-09-06T04,66,1,0.271,0,15761,1
2026-09-06T04,66,1,0.273,40357,0,1
2026-09-06T04,66,1,0.274,400,0,1
2026-09-06T04,66,1,0.275,69000,0,1
2026-09-06T04,66,1,0.284,0,4000,1
2026-09-06T04,66,1,0.285,26091,0,1
2026-09-06T04,66,1,0.286,40000,0,1
2026-09-06T04,66,2,0.285,0,177870,1
2026-09-06T04,66,2,0.286,0,96278,1
2026-09-06T04,66,2,0.287,261852,1486072,3
2026-09-06T04,66,2,0.289,0,499475,2
2026-09-06T04,66,2,0.29,0,143237,1
2026-09-06T04,66,2,0.291,0,582566,2
2026-09-06T04,66,2,0.292,0,1318873,1
2026-09-06T04,66,2,0.293,0,50000,1
2026-09-06T04,66,2,0.294,0,871233,2
2026-09-06T04,66,2,0.295,22655,726403,2
2026-09-06T04,66,3,0.297,56890,0,1
2026-09-06T04,66,3,0.298,25000,0,1
2026-09-06T04,66,4,0.311,20298,0,1
2026-09-06T04,66,5,0.316,0,33,1
2026-09-06T04,66,5,0.317,0,281060,1
2026-09-06T04,66,5,0.32,2529843,0,1
2026-09-06T04,66,7,0.398,0,642666,1
2026-09-06T05,66,0,0.269,0,64665,3
2026-09-06T05,66,0,0.27,84080,49663,5
2026-09-06T05,66,0,0.271,224822,34779,6
2026-09-06T05,66,0,0.272,151056,739003,12
2026-09-06T05,66,0,0.273,1626042,0,7
2026-09-06T05,66,1,0.272,0,1204,1
2026-09-06T05,66,1,0.273,0,234643,1
2026-09-06T05,66,1,0.274,30548,68720,5
2026-09-06T05,66,1,0.275,444956,0,3
2026-09-06T05,66,2,0.293,0,280000,1
2026-09-06T05,66,2,0.294,439168,37912,2
2026-09-06T05,66,2,0.295,254764,0,2
2026-09-06T05,66,5,0.32,730277,0,1
2026-09-06T06,66,0,0.228,0,6000,1
2026-09-06T06,66,0,0.229,3000,4708,3
2026-09-06T06,66,0,0.23,19046,135305,2
2026-09-06T06,66,0,0.257,0,172218,1
2026-09-06T06,66,0,0.258,340,53857,2
2026-09-06T06,66,0,0.27,0,122227,2
2026-09-06T06,66,0,0.271,0,73604,8
2026-09-06T06,66,0,0.272,275400,99396,6
2026-09-06T06,66,0,0.273,0,592287,2
2026-09-06T06,66,0,0.274,20000,0,1
2026-09-06T06,66,1,0.272,28628,629239,2
2026-09-06T06,66,1,0.273,0,147705,3
2026-09-06T06,66,1,0.274,676403,13295,5
2026-09-06T06,66,1,0.275,91523,0,1
2026-09-06T06,66,2,0.295,331111,0,4
2026-09-06T06,66,3,0.296,24357,0,1
2026-09-06T06,66,12,0.68,0,1,1
2026-09-06T07,66,0,0.266,0,30303,2
2026-09-06T07,66,0,0.267,0,31857,2
2026-09-06T07,66,0,0.268,0,94671,2
2026-09-06T07,66,0,0.269,0,76739,4
2026-09-06T07,66,0,0.27,361259,63835,11
2026-09-06T07,66,0,0.272,0,37131,2
2026-09-06T07,66,0,0.273,11980,37410,3
2026-09-06T07,66,1,0.27,0,130374,1
2026-09-06T07,66,1,0.271,377155,49363,6
2026-09-06T07,66,1,0.273,0,41508,1
2026-09-06T07,66,1,0.274,756932,0,5
2026-09-06T07,66,2,0.293,0,250000,1
2026-09-06T07,66,2,0.294,80126,24431,3
2026-09-06T07,66,2,0.295,125569,0,1
2026-09-06T07,66,3,0.296,500000,1643495,4
2026-09-06T07,66,3,0.297,0,295620,1
2026-09-06T07,66,3,0.298,0,97490,1
2026-09-06T07,66,3,0.299,0,893894,2
2026-09-06T07,66,3,0.3,0,50032,1
2026-09-06T07,66,8,0.318,0,970262,1
2026-09-06T07,66,8,0.358,0,1200000,1
2026-09-06T07,66,8,0.61,0,391953,1
2026-09-06T08,66,0,0.268,0,44537,3
2026-09-06T08,66,0,0.269,128560,8340,3
2026-09-06T08,66,0,0.27,373533,2473,3
2026-09-06T08,66,0,0.271,0,41624,1
2026-09-06T08,66,0,0.272,0,92390,3
2026-09-06T08,66,0,0.273,149751,78333,4
2026-09-06T08,66,0,0.274,46254,33131,3
2026-09-06T08,66,1,0.273,45050,54950,2
2026-09-06T08,66,1,0.274,0,161445,2
2026-09-06T08,66,1,0.275,453377,0,5
2026-09-06T08,66,2,0.287,866925,0,2
2026-09-06T08,66,3,0.3,0,1937007,2
2026-09-06T08,66,3,0.301,0,898546,1
2026-09-06T08,66,3,0.303,0,68630,1
2026-09-06T08,66,3,0.304,0,211187,2
2026-09-06T08,66,3,0.305,692538,0,1
2026-09-06T09,66,0,0.265,20949,79051,2
2026-09-06T09,66,0,0.266,0,1604,1
2026-09-06T09,66,0,0.267,0,33747,1
2026-09-06T09,66,0,0.268,0,99546,3
2026-09-06T09,66,0,0.269,4631,220222,4
2026-09-06T09,66,0,0.27,8086,52235,3
2026-09-06T09,66,0,0.271,0,5000,1
2026-09-06T09,66,0,0.272,0,1779,2
2026-09-06T09,66,0,0.273,2222,76037,3
2026-09-06T09,66,0,0.274,200,99490,5
2026-09-06T09,66,0,0.275,0,67878,4
2026-09-06T09,66,0,0.276,0,362311,2
2026-09-06T09,66,0,0.277,22996,102299,3
2026-09-06T09,66,0,0.278,145154,106774,4
2026-09-06T09,66,0,0.279,186595,13600,5
2026-09-06T09,66,0,0.28,80616,248142,7
2026-09-06T09,66,0,0.281,0,38625,2
2026-09-06T09,66,0,0.282,120,8588,4
2026-09-06T09,66,0,0.283,186189,0,3
2026-09-06T09,66,1,0.275,0,29135,1
2026-09-06T09,66,1,0.28,0,3776,1
2026-09-06T09,66,1,0.284,0,217173,1
2026-09-06T09,66,1,0.285,628049,16300,8
2026-09-06T09,66,2,0.286,229772,481164,3
2026-09-06T09,66,2,0.287,503062,0,1
2026-09-06T09,66,3,0.305,0,343319,1
2026-09-06T09,66,3,0.306,36681,0,1
2026-09-06T09,66,5,0.312,489490,0,1
2026-09-06T09,66,7,0.398,0,232700,1
2026-09-06T09,66,7,0.399,0,1499091,1
2026-09-06T10,66,0,0.276,0,6582,1
2026-09-06T10,66,0,0.278,5974,518402,2
2026-09-06T10,66,0,0.279,69114,115804,6
2026-09-06T10,66,0,0.28,87006,177511,6
2026-09-06T10,66,0,0.281,287558,51612,7
2026-09-06T10,66,0,0.282,15107,0,1
2026-09-06T10,66,1,0.283,0,2500,1
2026-09-06T10,66,1,0.284,0,187194,3
2026-09-06T10,66,1,0.285,77465,268274,4
2026-09-06T10,66,2,0.286,780573,0,7
2026-09-06T10,66,4,0.308,0,1465000,1
2026-09-06T10,66,4,0.309,0,366865,1
2026-09-06T10,66,4,0.31,0,525444,1
2026-09-06T10,66,4,0.311,0,971647,1
2026-09-06T10,66,5,0.312,0,229530,1
2026-09-06T10,66,6,0.357,677410,0,1
2026-09-06T10,66,8,0.61,0,122486,1
2026-09-06T11,66,0,0.275,0,412000,1
2026-09-06T11,66,0,0.28,0,112930,1
2026-09-06T11,66,0,0.281,0,24377,3
2026-09-06T11,66,0,0.282,204772,620071,10
2026-09-06T11,66,0,0.283,68744,154997,8
2026-09-06T11,66,0,0.284,0,581,1
2026-09-06T11,66,1,0.283,0,1061548,2
2026-09-06T11,66,1,0.284,518229,726954,5
2026-09-06T11,66,1,0.285,96313,113925,2
2026-09-06T11,66,1,0.286,0,42400,1
2026-09-06T11,66,2,0.286,526285,417065,7
2026-09-06T11,66,2,0.287,106502,0,1
2026-09-06T11,66,5,0.315,0,228729,1
2026-09-06T11,66,5,0.316,136271,0,1
2026-09-06T11,66,12,0.685,20876,0,1
2026-09-06T12,66,0,0.273,0,30933,1
2026-09-06T12,66,0,0.274,0,6273,1
2026-09-06T12,66,0,0.276,1642,56597,4
2026-09-06T12,66,0,0.277,127502,280750,9
2026-09-06T12,66,0,0.278,0,50000,1
2026-09-06T12,66,0,0.282,0,41,1
2026-09-06T12,66,0,0.283,0,564,1
2026-09-06T12,66,0,0.284,570896,129637,4
2026-09-06T12,66,0,0.285,0,2046,2
2026-09-06T12,66,0,0.286,972,0,1
2026-09-06T12,66,1,0.277,0,4583,2
2026-09-06T12,66,1,0.278,696645,278833,7
2026-09-06T12,66,1,0.279,189444,70017,2
2026-09-06T12,66,2,0.285,131988,0,1
2026-09-06T12,66,2,0.287,1020735,0,3
2026-09-06T12,66,3,0.295,0,33392,1
2026-09-06T12,66,3,0.296,0,32755,2
2026-09-06T12,66,3,0.297,0,14634,1
2026-09-06T12,66,3,0.298,0,103760,1
2026-09-06T12,66,3,0.3,0,1094673,2
2026-09-06T12,66,4,0.309,0,299768,1
2026-09-06T13,66,0,0.28,0,15788,3
2026-09-06T13,66,0,0.281,11465,101245,4
2026-09-06T13,66,0,0.282,37371,85168,4
2026-09-06T13,66,0,0.283,416780,14063,6
2026-09-06T13,66,0,0.284,0,46611,2
2026-09-06T13,66,0,0.285,0,48414,1
2026-09-06T13,66,1,0.282,0,1418,1
2026-09-06T13,66,1,0.284,335900,0,3
2026-09-06T13,66,1,0.285,0,241046,1
2026-09-06T13,66,1,0.286,166005,0,1
2026-09-06T13,66,2,0.282,10000,490000,2
2026-09-06T13,66,2,0.283,129644,652543,3
2026-09-06T13,66,2,0.285,446795,269573,3
2026-09-06T13,66,2,0.286,266447,38253,2
2026-09-06T13,66,3,0.301,0,160410,1
2026-09-06T13,66,3,0.302,0,1903760,2
2026-09-06T13,66,3,0.303,1370360,0,1
2026-09-06T13,66,4,0.31,0,161173,1
2026-09-06T13,66,4,0.311,0,160000,1
2026-09-06T13,66,4,0.312,0,1935299,1
2026-09-06T13,66,8,0.61,77612,0,1
2026-09-06T14,66,0,0.276,87411,0,1
2026-09-06T14,66,0,0.278,0,100888,2
2026-09-06T14,66,0,0.279,26095,525665,7
2026-09-06T14,66,0,0.28,504287,115328,6
2026-09-06T14,66,0,0.281,197430,29896,4
2026-09-06T14,66,1,0.283,36829,8651,2
2026-09-06T14,66,1,0.284,471277,0,5
2026-09-06T14,66,2,0.28,0,260794,1
2026-09-06T14,66,2,0.283,0,48087,1
2026-09-06T14,66,2,0.284,22943,246863,2
2026-09-06T14,66,2,0.285,216533,532634,4
2026-09-06T14,66,2,0.286,0,132056,1
2026-09-06T14,66,2,0.287,0,689083,2
2026-09-06T14,66,2,0.288,0,188595,2
2026-09-06T14,66,2,0.289,0,912888,1
2026-09-06T14,66,2,0.29,0,200000,1
2026-09-06T14,66,2,0.291,0,38767,1
2026-09-06T14,66,2,0.294,0,76615,1
2026-09-06T14,66,2,0.295,0,650084,1
2026-09-06T14,66,3,0.3,0,509639,2
2026-09-06T14,66,3,0.301,0,1918551,2
2026-09-06T14,66,3,0.302,1369826,0,3
2026-09-06T14,66,4,0.312,0,100033,2
2026-09-06T14,66,4,0.313,119007,0,1
2026-09-06T14,66,5,0.313,0,321320,2
2026-09-06T14,66,5,0.316,159973,0,1
2026-09-06T15,66,0,0.268,0,162196,3
2026-09-06T15,66,0,0.269,394439,0,3
2026-09-06T15,66,0,0.273,0,100,1
2026-09-06T15,66,0,0.274,29886,72993,4
2026-09-06T15,66,0,0.275,1079688,7952,6
2026-09-06T15,66,0,0.276,0,7589,1
2026-09-06T15,66,0,0.277,36591,0,1
2026-09-06T15,66,0,0.278,0,2887,2
2026-09-06T15,66,0,0.279,55165,0,1
2026-09-06T15,66,1,0.282,0,81981,1
2026-09-06T15,66,1,0.283,57744,10688,2
2026-09-06T15,66,1,0.284,438010,62823,4
2026-09-06T15,66,1,0.286,22433,0,1
2026-09-06T15,66,2,0.28,116330,596296,3
2026-09-06T15,66,2,0.293,715069,0,4
2026-09-06T15,66,3,0.3,0,900298,2
2026-09-06T15,66,3,0.301,121711,76340,4
2026-09-06T15,66,3,0.302,279720,0,1
2026-09-06T15,66,4,0.302,0,800000,2
2026-09-06T16,66,0,0.262,0,13394,2
2026-09-06T16,66,0,0.263,24080,112131,4
2026-09-06T16,66,0,0.264,913866,298598,9
2026-09-06T16,66,0,0.265,47082,275759,5
2026-09-06T16,66,0,0.268,5373,43848,2
2026-09-06T16,66,0,0.269,10255,0,1
2026-09-06T16,66,1,0.277,0,100000,1
2026-09-06T16,66,1,0.278,1169,49515,2
2026-09-06T16,66,1,0.279,99973,0,4
2026-09-06T16,66,2,0.282,0,11200,1
2026-09-06T16,66,2,0.292,551021,346120,5
2026-09-06T16,66,2,0.293,151852,0,1
2026-09-06T16,66,3,0.301,201729,0,2
2026-09-06T17,66,0,0.267,0,27750,1
2026-09-06T17,66,0,0.268,0,33788,2
2026-09-06T17,66,0,0.269,490816,574037,7
2026-09-06T17,66,0,0.27,55634,95196,7
2026-09-06T17,66,0,0.271,89618,102101,7
2026-09-06T17,66,0,0.272,273552,159968,5
2026-09-06T17,66,0,0.273,117933,0,1
2026-09-06T17,66,1,0.273,110864,70268,3
2026-09-06T17,66,1,0.274,123832,0,1
2026-09-06T17,66,1,0.275,360000,0,1
2026-09-06T17,66,1,0.278,41737,0,2
2026-09-06T17,66,2,0.29,4000,2086,2
2026-09-06T17,66,2,0.291,228976,38293,3
2026-09-06T17,66,2,0.292,559621,0,1
2026-09-06T17,66,3,0.299,184605,326228,3
2026-09-06T17,66,3,0.3,0,500000,1
2026-09-06T17,66,3,0.301,1024421,0,1
2026-09-06T17,66,4,0.31,0,126681,1
2026-09-06T17,66,4,0.311,327712,0,1
2026-09-06T17,66,5,0.311,157854,15254,2
2026-09-06T17,66,5,0.315,0,929947,1
2026-09-06T18,66,0,0.263,0,63698,2
2026-09-06T18,66,0,0.264,23278,37616,2
2026-09-06T18,66,0,0.265,0,102579,1
2026-09-06T18,66,0,0.267,0,29518,1
2026-09-06T18,66,0,0.268,0,84,1
2026-09-06T18,66,0,0.269,78391,71633,2
2026-09-06T18,66,0,0.27,0,41300,1
2026-09-06T18,66,0,0.271,0,1200,1
2026-09-06T18,66,0,0.272,0,4800,1
2026-09-06T18,66,0,0.273,0,21595,1
2026-09-06T18,66,0,0.274,0,2815,1
2026-09-06T18,66,0,0.275,0,342665,4
2026-09-06T18,66,0,0.276,273185,157733,8
2026-09-06T18,66,0,0.277,161535,13464,4
2026-09-06T18,66,0,0.278,0,4967,1
2026-09-06T18,66,1,0.273,0,214806,1
2026-09-06T18,66,1,0.274,0,199752,2
2026-09-06T18,66,1,0.275,0,140000,1
2026-09-06T18,66,1,0.278,0,380841,3
2026-09-06T18,66,1,0.279,649012,0,6
2026-09-06T18,66,2,0.283,0,68740,1
2026-09-06T18,66,2,0.284,209547,0,1
2026-09-06T18,66,3,0.297,50000,0,1
2026-09-06T18,66,3,0.299,0,25936,1
2026-09-06T18,66,3,0.3,622368,0,2
2026-09-06T18,66,4,0.31,0,300000,1
2026-09-06T18,66,4,0.311,193474,0,2
2026-09-06T18,66,5,0.316,2250000,0,1
2026-09-06T18,66,6,0.357,0,2322590,1
2026-09-06T18,66,6,0.358,119446,0,1
2026-09-06T19,66,0,0.274,0,86031,2
2026-09-06T19,66,0,0.275,0,44465,3
2026-09-06T19,66,0,0.276,788928,272991,8
2026-09-06T19,66,0,0.277,306238,160954,10
2026-09-06T19,66,0,0.278,9698,38040,4
2026-09-06T19,66,0,0.279,0,65364,2
2026-09-06T19,66,0,0.28,8329,0,1
2026-09-06T19,66,1,0.278,0,849186,1
2026-09-06T19,66,1,0.279,0,275324,1
2026-09-06T19,66,1,0.28,0,25000,1
2026-09-06T19,66,1,0.283,25273,162707,2
2026-09-06T19,66,1,0.284,0,48427,2
2026-09-06T19,66,1,0.285,182488,0,1
2026-09-06T19,66,2,0.28,0,150000,1
2026-09-06T19,66,2,0.283,157178,964724,2
2026-09-06T19,66,2,0.284,192443,681712,3
2026-09-06T19,66,2,0.285,395077,367413,3
2026-09-06T19,66,2,0.291,0,346733,2
2026-09-06T19,66,2,0.292,141308,0,1
2026-09-06T19,66,3,0.297,40973,17936,2
2026-09-06T19,66,3,0.298,18278,78022,3
2026-09-06T19,66,3,0.3,208240,0,1
2026-09-06T19,66,4,0.311,0,4057927,1
2026-09-06T19,66,4,0.312,1008508,0,2
2026-09-06T19,66,5,0.316,407660,0,1
2026-09-06T19,66,6,0.358,0,3773719,1
2026-09-06T19,66,6,0.395,0,531077,1
2026-09-06T19,66,7,0.398,0,2110291,2
2026-09-06T19,66,7,0.399,0,1702435,1
2026-09-06T19,66,8,0.499,0,500000,1
2026-09-06T19,66,8,0.6,0,266707,1
2026-09-06T19,66,8,0.605,0,172598,1
2026-09-06T19,66,8,0.61,0,17951,1
2026-09-06T19,66,12,0.5,0,69724,1
2026-09-06T19,66,12,0.6,0,2300151,1
2026-09-06T20,66,0,0.268,0,10000,1
2026-09-06T20,66,0,0.269,0,39348,1
2026-09-06T20,66,0,0.27,0,9200,1
2026-09-06T20,66,0,0.276,0,8826,1
2026-09-06T20,66,0,0.277,0,9307,2
2026-09-06T20,66,0,0.278,165605,56040,7
2026-09-06T20,66,0,0.279,35715,167008,5
2026-09-06T20,66,0,0.28,406494,267614,12
2026-09-06T20,66,0,0.281,613322,0,4
2026-09-06T20,66,1,0.284,44999,276533,4
2026-09-06T20,66,1,0.285,675244,253875,6
2026-09-06T20,66,2,0.285,0,26000,1
2026-09-06T20,66,2,0.288,2843,0,1
2026-09-06T20,66,2,0.29,0,45503,1
2026-09-06T20,66,2,0.291,220787,0,1
2026-09-06T20,66,3,0.299,117500,1049787,2
2026-09-06T20,66,3,0.3,66572,1194881,4
2026-09-06T20,66,3,0.301,1389703,6058114,4
2026-09-06T20,66,3,0.302,0,1393585,3
2026-09-06T20,66,3,0.303,0,535300,2
2026-09-06T20,66,4,0.309,0,363770,1
2026-09-06T20,66,4,0.31,72234,177087,2
2026-09-06T20,66,4,0.311,0,407584,1
2026-09-06T20,66,4,0.312,631973,459519,3
2026-09-06T20,66,4,0.313,0,20993,1
2026-09-06T20,66,4,0.314,0,86400,1
2026-09-06T20,66,5,0.311,0,226532,1
2026-09-06T20,66,5,0.315,536706,474304,3
2026-09-06T20,66,5,0.316,101315,0,1
2026-09-06T20,66,12,0.6,0,99894,1
2026-09-06T21,66,0,0.277,0,120000,2
2026-09-06T21,66,0,0.278,0,15553,1
2026-09-06T21,66,0,0.279,0,122998,1
2026-09-06T21,66,0,0.28,497430,40213,7
2026-09-06T21,66,0,0.281,546089,439975,14
2026-09-06T21,66,0,0.282,59828,59416,6
2026-09-06T21,66,0,0.283,22529,43320,5
2026-09-06T21,66,0,0.284,31027,128524,3
2026-09-06T21,66,1,0.278,76647,73006,2
2026-09-06T21,66,1,0.284,200000,693606,4
2026-09-06T21,66,1,0.285,228014,193367,4
2026-09-06T21,66,2,0.285,55626,144534,3
2026-09-06T21,66,2,0.286,0,45000,1
2026-09-06T21,66,2,0.287,667874,484216,3
2026-09-06T21,66,2,0.288,490734,0,2
2026-09-06T21,66,3,0.303,0,72680,1
2026-09-06T21,66,3,0.304,2527,111728,2
2026-09-06T21,66,4,0.313,0,81879,1
2026-09-06T21,66,4,0.314,83121,0,1
2026-09-06T21,66,5,0.316,500000,0,1
2026-09-06T22,66,0,0.279,0,4881,1
2026-09-06T22,66,0,0.28,0,4000,1
2026-09-06T22,66,0,0.282,0,9910,2
2026-09-06T22,66,0,0.283,76420,47292,5
2026-09-06T22,66,0,0.284,0,416914,5
2026-09-06T22,66,1,0.284,339949,3125,7
2026-09-06T22,66,1,0.285,1921199,252555,8
2026-09-06T22,66,2,0.288,0,6423,1
2026-09-06T22,66,2,0.29,0,12000,1
2026-09-06T22,66,2,0.291,0,115275,1
2026-09-06T22,66,2,0.292,0,57554,1
2026-09-06T22,66,2,0.293,81681,79443,4
2026-09-06T22,66,2,0.294,9344,79107,3
2026-09-06T22,66,2,0.295,25413,83656,2
2026-09-06T22,66,3,0.301,45492,0,1
2026-09-06T22,66,4,0.313,306884,0,1
2026-09-06T23,66,0,0.281,0,25970,2
2026-09-06T23,66,0,0.282,0,69451,2
2026-09-06T23,66,0,0.283,43483,196666,3
2026-09-06T23,66,0,0.284,0,185295,5
2026-09-06T23,66,0,0.285,233518,273844,9
2026-09-06T23,66,0,0.286,31941,167760,4
2026-09-06T23,66,1,0.284,8220,281831,2
2026-09-06T23,66,1,0.285,705859,44323,5
2026-09-06T23,66,1,0.286,6975,314889,4
2026-09-06T23,66,1,0.287,683214,0,2
2026-09-06T23,66,1,0.288,677275,150000,2
2026-09-06T23,66,1,0.289,150000,0,1
2026-09-06T23,66,2,0.294,0,48395,1
2026-09-06T23,66,2,0.295,451605,42225,2
2026-09-06T23,66,3,0.301,0,15436,1
2026-09-06T23,66,3,0.302,0,204296,1
2026-09-06T23,66,3,0.303,75238,0,1
2026-09-06T23,66,4,0.311,0,482168,1
2026-09-06T23,66,5,0.312,0,151248,1
2026-09-07T00,66,0,0.278,0,4753,1
2026-09-07T00,66,0,0.279,9805,8197,2
2026-09-07T00,66,0,0.281,0,10000,1
2026-09-07T00,66,0,0.282,0,143846,2
2026-09-07T00,66,0,0.283,0,41386,4
2026-09-07T00,66,0,0.284,99,9269,2
2026-09-07T00,66,0,0.285,13500,10274,3
2026-09-07T00,66,0,0.286,46796,30121,5
2026-09-07T00,66,0,0.287,3982,1018,2
2026-09-07T00,66,1,0.284,132572,0,3
2026-09-07T00,66,1,0.287,13247,133380,2
2026-09-07T00,66,1,0.288,85868,429257,4
2026-09-07T00,66,1,0.289,0,40050,1
2026-09-07T00,66,2,0.285,0,200000,1
2026-09-07T00,66,2,0.29,5837,0,1
2026-09-07T00,66,2,0.292,10,0,1
2026-09-07T00,66,2,0.293,8531,0,1
2026-09-07T00,66,3,0.3,0,235753,1
2026-09-07T00,66,3,0.301,0,273997,1
2026-09-07T00,66,3,0.302,0,15715,1
2026-09-07T00,66,3,0.303,0,207473,1
2026-09-07T00,66,3,0.304,0,2343520,1
2026-09-07T00,66,3,0.305,0,2623871,1
2026-09-07T00,66,3,0.306,0,499141,1
2026-09-07T00,66,3,0.307,0,334825,1
2026-09-07T00,66,3,0.308,0,2229876,1
2026-09-07T00,66,3,0.309,0,2717680,3
2026-09-07T00,66,3,0.31,0,972386,1
2026-09-07T00,66,3,0.313,0,593129,1
2026-09-07T00,66,4,0.312,148810,1193711,3
2026-09-07T00,66,4,0.313,0,523116,1
2026-09-07T00,66,4,0.314,142145,216879,2
2026-09-07T00,66,5,0.3,0,54770,1
2026-09-07T00,66,5,0.31,0,76855,1
2026-09-07T00,66,5,0.311,0,756891,1
2026-09-07T00,66,5,0.316,0,115398,1
2026-09-07T00,66,5,0.317,25580,0,1
2026-09-07T00,66,8,0.575,0,150000,1
2026-09-07T00,66,8,0.65,0,67116,1
2026-09-07T00,66,8,0.655,0,1276642,1
2026-09-07T00,66,8,0.66,0,250000,1
2026-09-07T00,66,8,0.665,0,5555555,1
2026-09-07T00,66,12,0.6,0,137328,1
2026-09-07T01,66,0,0.28,0,40000,1
2026-09-07T01,66,0,0.281,0,15456,2
2026-09-07T01,66,0,0.282,0,35682,2
2026-09-07T01,66,0,0.283,0,96223,3
2026-09-07T01,66,0,0.284,1310483,14031,9
2026-09-07T01,66,1,0.282,19262,183960,2
2026-09-07T01,66,1,0.283,0,276073,1
2026-09-07T01,66,1,0.284,291326,174744,5
2026-09-07T01,66,1,0.289,0,1,1
2026-09-07T01,66,1,0.29,5999,45001,2
2026-09-07T01,66,1,0.293,113322,0,2
2026-09-07T01,66,2,0.29,0,244163,1
2026-09-07T01,66,2,0.291,93315,132877,2
2026-09-07T01,66,2,0.294,0,141003,1
2026-09-07T01,66,2,0.295,118928,0,2
2026-09-07T01,66,2,0.296,39182,0,1
2026-09-07T01,66,3,0.313,34366,0,1
2026-09-07T01,66,4,0.314,98215,0,1
2026-09-07T02,66,0,0.278,20000,390800,2
2026-09-07T02,66,0,0.279,0,23720,1
2026-09-07T02,66,0,0.28,402221,190784,12
2026-09-07T02,66,0,0.281,77972,0,2
2026-09-07T02,66,0,0.284,299999,0,1
2026-09-07T02,66,1,0.293,312954,0,1
2026-09-07T02,66,2,0.277,0,14557,1
2026-09-07T02,66,2,0.29,153587,0,2
2026-09-07T02,66,2,0.295,71660,0,1
2026-09-07T02,66,3,0.301,0,202207,1
2026-09-07T02,66,3,0.302,0,131194,3
2026-09-07T02,66,3,0.303,325098,0,3
2026-09-07T03,66,0,0.279,0,7855,1
2026-09-07T03,66,0,0.28,0,40666,2
2026-09-07T03,66,0,0.281,341979,224181,8
2026-09-07T03,66,0,0.282,223633,287160,5
2026-09-07T03,66,0,0.283,390967,113528,5
2026-09-07T03,66,0,0.284,215020,353418,5
2026-09-07T03,66,0,0.285,17897,111980,2
2026-09-07T03,66,1,0.282,75557,30000,2
2026-09-07T03,66,1,0.283,57368,0,1
2026-09-07T03,66,1,0.287,0,200000,1
2026-09-07T03,66,1,0.288,0,17700,1
2026-09-07T03,66,1,0.289,0,50000,1
2026-09-07T03,66,2,0.288,0,160019,1
2026-09-07T03,66,2,0.289,0,85212,2
2026-09-07T03,66,2,0.29,323373,625513,5
2026-09-07T03,66,2,0.291,0,251618,1
2026-09-07T03,66,2,0.292,0,473545,2
2026-09-07T03,66,2,0.293,0,154828,1
2026-09-07T03,66,2,0.294,0,2077200,1
2026-09-07T03,66,3,0.302,0,350,1
2026-09-07T03,66,3,0.303,83864,0,2
2026-09-07T04,66,0,0.276,0,3700,1
2026-09-07T04,66,0,0.277,33735,12604,2
2026-09-07T04,66,0,0.278,0,10800,1
2026-09-07T04,66,0,0.279,0,625881,2
2026-09-07T04,66,0,0.28,0,21958,2
2026-09-07T04,66,0,0.281,89398,117977,4
2026-09-07T04,66,0,0.283,0,115,1
2026-09-07T04,66,0,0.285,0,11218,3
2026-09-07T04,66,0,0.286,0,95941,2
2026-09-07T04,66,0,0.287,0,5619,1
2026-09-07T04,66,0,0.288,0,115,1
2026-09-07T04,66,0,0.289,9722,0,1
2026-09-07T04,66,1,0.282,158539,65904,2
2026-09-07T04,66,1,0.283,55562,44301,3
2026-09-07T04,66,1,0.289,280998,0,5
2026-09-07T04,66,1,0.292,0,100000,1
2026-09-07T04,66,1,0.293,219277,0,2
2026-09-07T04,66,2,0.29,884,199116,2
2026-09-07T04,66,2,0.294,320502,0,1
2026-09-07T04,66,7,0.415,1000000,0,1
2026-09-07T05,66,0,0.28,0,115,1
2026-09-07T05,66,0,0.281,0,4000,1
2026-09-07T05,66,0,0.283,0,4000,1
2026-09-07T05,66,0,0.285,85473,159211,6
2026-09-07T05,66,0,0.286,350010,106067,7
2026-09-07T05,66,0,0.287,0,231561,4
2026-09-07T05,66,0,0.288,162891,74537,2
2026-09-07T05,66,1,0.284,0,139966,1
2026-09-07T05,66,1,0.286,0,29944,2
2026-09-07T05,66,1,0.287,947125,88337,7
2026-09-07T05,66,1,0.288,0,336278,2
2026-09-07T05,66,1,0.289,121765,0,2
2026-09-07T05,66,2,0.292,0,29551,1
2026-09-07T05,66,2,0.293,0,160000,1
2026-09-07T05,66,2,0.294,76888,95904,3
2026-09-07T05,66,2,0.295,95194,912343,2
2026-09-07T05,66,2,0.296,246799,565966,3
2026-09-07T05,66,3,0.298,90568,0,1
2026-09-07T05,66,4,0.31,281016,0,1
2026-09-07T05,66,5,0.312,0,459612,1
2026-09-07T05,66,5,0.315,0,43055,1
2026-09-07T05,66,5,0.316,0,485250,1
2026-09-07T05,66,5,0.317,0,1402500,2
2026-09-07T05,66,5,0.318,0,1000000,1
2026-09-07T05,66,5,0.319,0,456505,2
2026-09-07T05,66,5,0.32,66625,0,1
2026-09-07T05,66,8,0.65,0,180000,1
2026-09-07T06,66,0,0.278,0,123363,6
2026-09-07T06,66,0,0.279,233544,171096,5
2026-09-07T06,66,0,0.283,0,10471,1
2026-09-07T06,66,0,0.284,88845,3787,5
2026-09-07T06,66,0,0.285,0,20059,1
2026-09-07T06,66,0,0.286,126281,19878,3
2026-09-07T06,66,0,0.287,0,104171,1
2026-09-07T06,66,0,0.288,32016,2977,2
2026-09-07T06,66,0,0.289,265282,0,3
2026-09-07T06,66,1,0.289,0,40250,1
2026-09-07T06,66,1,0.29,143838,21050,3
2026-09-07T06,66,1,0.291,246438,57207,5
2026-09-07T06,66,1,0.292,25285,0,1
2026-09-07T06,66,1,0.293,29898,0,1
2026-09-07T06,66,2,0.296,65842,0,1
2026-09-07T06,66,3,0.297,0,87086,1
2026-09-07T06,66,3,0.298,0,1031449,3
2026-09-07T06,66,3,0.299,0,500000,1
2026-09-07T06,66,3,0.3,0,4313310,1
2026-09-07T06,66,3,0.301,0,549207,1
2026-09-07T06,66,3,0.302,0,1421377,1
2026-09-07T06,66,3,0.303,182926,0,1
2026-09-07T06,66,4,0.31,0,119690,1
2026-09-07T06,66,4,0.311,0,179168,1
2026-09-07T06,66,4,0.312,0,12250,1
2026-09-07T06,66,4,0.313,0,2333236,1
2026-09-07T06,66,5,0.316,0,43968,1
2026-09-07T07,66,0,0.28,0,659,1
2026-09-07T07,66,0,0.281,0,74433,1
2026-09-07T07,66,0,0.282,0,7422,2
2026-09-07T07,66,0,0.283,135930,66771,5
2026-09-07T07,66,0,0.284,131130,99749,4
2026-09-07T07,66,0,0.285,77674,204427,5
2026-09-07T07,66,0,0.286,32394,107199,5
2026-09-07T07,66,0,0.287,21409,122972,3
2026-09-07T07,66,0,0.288,0,30464,1
2026-09-07T07,66,0,0.289,781685,0,3
2026-09-07T07,66,1,0.289,0,97000,1
2026-09-07T07,66,1,0.29,124949,56816,2
2026-09-07T07,66,1,0.291,128311,611878,5
2026-09-07T07,66,1,0.292,626553,445873,4
2026-09-07T07,66,1,0.293,70980,5242,2
2026-09-07T07,66,2,0.29,0,1350,1
2026-09-07T07,66,2,0.295,0,1003030,2
2026-09-07T07,66,2,0.296,425945,0,2
2026-09-07T07,66,3,0.302,148300,0,1
2026-09-07T07,66,4,0.312,0,300000,1
2026-09-07T07,66,4,0.313,0,50000,1
2026-09-07T07,66,4,0.314,40863,759640,2
2026-09-07T08,66,0,0.281,1996,25455,3
2026-09-07T08,66,0,0.282,33066,111737,5
2026-09-07T08,66,0,0.283,182070,269014,8
2026-09-07T08,66,0,0.284,745208,35882,7
2026-09-07T08,66,0,0.285,107119,6736,2
2026-09-07T08,66,1,0.285,0,400000,1
2026-09-07T08,66,1,0.288,0,26634,1
2026-09-07T08,66,1,0.289,0,746406,1
2026-09-07T08,66,1,0.292,37450,72499,2
2026-09-07T08,66,1,0.293,0,229020,1
2026-09-07T08,66,1,0.294,10712,0,1
2026-09-07T08,66,2,0.288,0,283309,1
2026-09-07T08,66,2,0.289,0,373018,1
2026-09-07T08,66,2,0.29,75867,66196,3
2026-09-07T08,66,2,0.295,0,259870,2
2026-09-07T08,66,2,0.296,0,909903,2
2026-09-07T08,66,2,0.297,350674,533714,6
2026-09-07T08,66,2,0.298,260208,135000,3
2026-09-07T08,66,3,0.3,150000,0,1
2026-09-07T08,66,4,0.313,123785,0,1
2026-09-07T08,66,5,0.317,0,69492,1
2026-09-07T08,66,5,0.32,330508,0,1
2026-09-07T08,66,6,0.398,500000,0,1
2026-09-07T08,66,12,0.68,0,878101,1
2026-09-07T09,66,0,0.28,0,211,1
2026-09-07T09,66,0,0.281,0,20757,2
2026-09-07T09,66,0,0.282,0,397,1
2026-09-07T09,66,0,0.283,500,91908,4
2026-09-07T09,66,0,0.284,666124,0,7
2026-09-07T09,66,1,0.281,273005,0,2
2026-09-07T09,66,1,0.282,214009,0,2
2026-09-07T09,66,1,0.286,0,41566,1
2026-09-07T09,66,1,0.287,80894,0,1
2026-09-07T09,66,2,0.296,100000,0,1
2026-09-07T10,66,0,0.273,0,5941,1
2026-09-07T10,66,0,0.276,0,185,2
2026-09-07T10,66,0,0.278,0,87177,4
2026-09-07T10,66,0,0.279,548610,181818,12
2026-09-07T10,66,0,0.28,21560,454960,7
2026-09-07T10,66,1,0.28,594744,20146,4
2026-09-07T10,66,1,0.281,312569,399386,3
2026-09-07T10,66,1,0.282,57285,0,1
2026-09-07T10,66,2,0.291,138350,0,1
2026-09-07T10,66,3,0.298,0,910,1
2026-09-07T10,66,3,0.299,0,397321,1
2026-09-07T10,66,3,0.3,0,869714,1
2026-09-07T10,66,5,0.316,0,172028,1
2026-09-07T11,66,0,0.278,0,7000,1
2026-09-07T11,66,0,0.279,0,43361,1
2026-09-07T11,66,0,0.28,274679,138386,3
2026-09-07T11,66,0,0.281,0,50681,3
2026-09-07T11,66,0,0.282,0,77501,2
2026-09-07T11,66,0,0.283,119715,779287,6
2026-09-07T11,66,0,0.284,1215988,0,8
2026-09-07T11,66,1,0.281,0,27717,1
2026-09-07T11,66,1,0.282,0,612671,1
2026-09-07T11,66,1,0.284,0,132000,1
2026-09-07T11,66,1,0.285,390004,77046,4
2026-09-07T11,66,1,0.286,621659,0,3
2026-09-07T11,66,2,0.29,101000,72717,3
2026-09-07T11,66,4,0.313,77694,0,1
2026-09-07T11,66,12,0.685,20876,0,1
2026-09-07T12,66,0,0.281,0,5159,1
2026-09-07T12,66,0,0.282,0,5873,2
2026-09-07T12,66,0,0.283,0,47711,3
2026-09-07T12,66,0,0.284,126653,379586,9
2026-09-07T12,66,0,0.285,90262,360053,7
2026-09-07T12,66,0,0.286,0,85894,3
2026-09-07T12,66,0,0.287,0,10067,1
2026-09-07T12,66,1,0.28,62168,0,1
2026-09-07T12,66,1,0.285,0,3864,1
2026-09-07T12,66,1,0.286,0,139514,1
2026-09-07T12,66,2,0.286,11126,246174,6
2026-09-07T12,66,2,0.287,787078,0,7
2026-09-07T12,66,3,0.295,0,1032,1
2026-09-07T12,66,3,0.296,0,98482,1
2026-09-07T12,66,3,0.297,0,302948,1
2026-09-07T12,66,3,0.298,0,134300,1
2026-09-07T12,66,3,0.3,320482,0,1
2026-09-07T12,66,8,0.545,0,883064,1
2026-09-07T12,66,9,0.55,56041,0,1
2026-09-07T13,66,0,0.275,0,84276,2
2026-09-07T13,66,0,0.276,255035,651673,3
2026-09-07T13,66,0,0.277,191800,193711,2
2026-09-07T13,66,0,0.278,336534,61233,6
2026-09-07T13,66,0,0.279,194300,0,3
2026-09-07T13,66,1,0.28,0,125832,1
2026-09-07T13,66,1,0.282,0,219080,1
2026-09-07T13,66,1,0.283,0,20000,1
2026-09-07T13,66,1,0.284,3400,121848,2
2026-09-07T13,66,1,0.285,286829,0,2
2026-09-07T13,66,2,0.287,0,373374,1
2026-09-07T13,66,3,0.296,22071,0,1
2026-09-07T13,66,3,0.3,1944,1795657,4
2026-09-07T13,66,3,0.301,1000000,0,1
2026-09-07T13,66,4,0.312,0,100478,1
2026-09-07T13,66,4,0.313,399522,443383,2
2026-09-07T13,66,5,0.315,0,1000000,1
2026-09-07T13,66,5,0.316,40000,0,1
2026-09-07T13,66,7,0.399,200000,0,1
2026-09-07T13,66,8,0.545,0,126431,1
2026-09-07T13,66,9,0.55,0,195941,1
2026-09-07T14,66,0,0.268,0,47437,1
2026-09-07T14,66,0,0.269,0,92097,4
2026-09-07T14,66,0,0.27,29966,58597,4
2026-09-07T14,66,0,0.271,795802,376583,7
2026-09-07T14,66,0,0.272,42410,0,2
2026-09-07T14,66,0,0.276,62275,0,1
2026-09-07T14,66,1,0.272,0,350,1
2026-09-07T14,66,1,0.282,68030,59436,5
2026-09-07T14,66,1,0.283,72519,96997,5
2026-09-07T14,66,1,0.284,0,31033,1
2026-09-07T14,66,1,0.285,154892,0,2
2026-09-07T14,66,2,0.272,0,54054,1
2026-09-07T14,66,2,0.273,0,1489287,1
2026-09-07T14,66,2,0.284,0,364336,2
2026-09-07T14,66,2,0.285,0,98637,1
2026-09-07T14,66,2,0.286,0,100000,1
2026-09-07T14,66,2,0.287,0,4168,1
2026-09-07T14,66,2,0.288,0,199000,1
2026-09-07T14,66,2,0.289,249142,300000,2
2026-09-07T14,66,2,0.29,993038,0,2
2026-09-07T14,66,3,0.295,0,1053869,1
2026-09-07T14,66,3,0.296,930148,644687,2
2026-09-07T14,66,3,0.297,531380,0,2
2026-09-07T15,66,0,0.268,0,9515,1
2026-09-07T15,66,0,0.269,0,12497,1
2026-09-07T15,66,0,0.27,0,278183,4
2026-09-07T15,66,0,0.271,388429,679104,5
2026-09-07T15,66,0,0.272,0,272529,5
2026-09-07T15,66,0,0.273,0,75046,4
2026-09-07T15,66,0,0.274,21195,324010,5
2026-09-07T15,66,0,0.275,43359,0,2
2026-09-07T15,66,0,0.276,500,132669,2
2026-09-07T15,66,0,0.278,90705,0,2
2026-09-07T15,66,1,0.282,414990,0,2
2026-09-07T15,66,1,0.284,99640,0,2
2026-09-07T15,66,2,0.287,0,55201,1
2026-09-07T15,66,2,0.288,250781,549750,4
2026-09-07T15,66,2,0.289,0,193944,1
2026-09-07T15,66,2,0.29,0,326060,2
2026-09-07T15,66,2,0.291,0,277593,1
2026-09-07T15,66,2,0.292,0,294911,2
2026-09-07T15,66,3,0.295,0,162222,1
2026-09-07T15,66,3,0.296,920038,714790,2
2026-09-07T15,66,3,0.297,42006,592988,3
2026-09-07T15,66,3,0.298,121403,251406,2
2026-09-07T15,66,3,0.299,6137,0,1
2026-09-07T15,66,5,0.316,159973,0,1
2026-09-07T15,66,7,0.3,0,489413,1
2026-09-07T16,66,0,0.249,0,29962,1
2026-09-07T16,66,0,0.259,0,13258,2
2026-09-07T16,66,0,0.26,337354,78505,8
2026-09-07T16,66,0,0.27,48933,84394,3
2026-09-07T16,66,0,0.271,0,5713,1
2026-09-07T16,66,0,0.272,757704,0,2
2026-09-07T16,66,0,0.274,2400,67882,2
2026-09-07T16,66,0,0.275,36971,0,1
2026-09-07T16,66,1,0.276,0,1,1
2026-09-07T16,66,1,0.277,32698,7302,2
2026-09-07T16,66,1,0.278,4698,450547,2
2026-09-07T16,66,1,0.279,17380,0,1
2026-09-07T16,66,2,0.29,0,50000,1
2026-09-07T16,66,2,0.291,232643,50329,3
2026-09-07T16,66,2,0.292,570814,667641,4
2026-09-07T16,66,2,0.293,155136,42903,2
2026-09-07T16,66,3,0.298,0,29730,1
2026-09-07T16,66,3,0.299,85270,0,1
2026-09-07T17,66,0,0.257,0,10000,1
2026-09-07T17,66,0,0.258,45462,62448,3
2026-09-07T17,66,0,0.259,31567,51044,5
2026-09-07T17,66,0,0.26,284875,292517,5
2026-09-07T17,66,0,0.261,0,54963,1
2026-09-07T17,66,0,0.262,0,23666,1
2026-09-07T17,66,0,0.266,0,79878,1
2026-09-07T17,66,0,0.267,0,112742,2
2026-09-07T17,66,0,0.269,0,24192,3
2026-09-07T17,66,0,0.27,519703,0,7
2026-09-07T17,66,0,0.272,612365,0,1
2026-09-07T17,66,1,0.276,0,4309,1
2026-09-07T17,66,1,0.277,236175,161397,3
2026-09-07T17,66,1,0.278,0,9710,1
2026-09-07T17,66,1,0.279,0,29519,1
2026-09-07T17,66,1,0.28,0,1000,1
2026-09-07T17,66,1,0.281,0,130064,2
2026-09-07T17,66,1,0.282,37584,47426,2
2026-09-07T17,66,1,0.283,223532,39564,4
2026-09-07T17,66,1,0.284,226044,0,1
2026-09-07T17,66,2,0.285,115968,0,1
2026-09-07T17,66,2,0.29,145536,0,2
2026-09-07T17,66,3,0.299,0,262495,1
2026-09-07T17,66,3,0.3,456286,64000,3
2026-09-07T17,66,7,0.399,0,1665124,1
2026-09-07T17,66,12,0.6,0,313719,1
2026-09-07T18,66,0,0.268,0,385,1
2026-09-07T18,66,0,0.269,0,15000,1
2026-09-07T18,66,0,0.27,1215011,289389,11
2026-09-07T18,66,1,0.283,594259,0,4
2026-09-07T18,66,2,0.284,3286054,0,3
2026-09-07T18,66,3,0.3,0,603992,1
2026-09-07T18,66,3,0.301,18512,0,1
2026-09-07T18,66,4,0.308,0,108612,1
2026-09-07T18,66,4,0.309,242006,687385,2
2026-09-07T18,66,5,0.315,0,584226,1
2026-09-07T19,66,0,0.263,0,3400,1
2026-09-07T19,66,0,0.264,0,54151,2
2026-09-07T19,66,0,0.265,113283,62709,5
2026-09-07T19,66,0,0.266,310964,65829,6
2026-09-07T19,66,0,0.267,85,4296,2
2026-09-07T19,66,0,0.268,0,1529,2
2026-09-07T19,66,0,0.269,0,89785,2
2026-09-07T19,66,0,0.27,3411076,0,6
2026-09-07T19,66,1,0.28,12389,120159,2
2026-09-07T19,66,1,0.283,2871929,0,1
2026-09-07T19,66,2,0.28,184739,15261,3
2026-09-07T19,66,2,0.282,0,274075,2
2026-09-07T19,66,2,0.283,172951,567009,4
2026-09-07T19,66,2,0.284,2930656,0,4
2026-09-07T19,66,3,0.299,0,32014,1
2026-09-07T19,66,3,0.3,0,854552,2
2026-09-07T19,66,3,0.301,0,807418,1
2026-09-07T19,66,3,0.302,0,1751700,1
2026-09-07T19,66,3,0.303,0,52164,1
2026-09-07T19,66,3,0.304,0,915035,1
2026-09-07T19,66,3,0.305,34714,0,1
2026-09-07T19,66,3,0.307,379464,0,1
2026-09-07T19,66,4,0.299,0,1780000,1
2026-09-07T19,66,4,0.3,70000,208489,2
2026-09-07T19,66,5,0.315,0,246508,1
2026-09-07T19,66,5,0.316,0,61871,1
2026-09-07T19,66,5,0.318,227951,0,1
2026-09-07T19,66,8,0.575,0,104324,1
2026-09-07T19,66,8,0.58,0,109000,1
2026-09-07T19,66,8,0.585,0,500000,1
2026-09-07T19,66,8,0.59,0,416137,1
2026-09-07T19,66,8,0.61,0,202820,1
2026-09-07T20,66,0,0.261,58035,46035,2
2026-09-07T20,66,0,0.267,0,103880,1
2026-09-07T20,66,0,0.268,182537,314549,4
2026-09-07T20,66,0,0.269,65563,255914,6
2026-09-07T20,66,0,0.27,1020978,0,8
2026-09-07T20,66,1,0.277,0,46721,1
2026-09-07T20,66,1,0.278,21312,2589,2
2026-09-07T20,66,1,0.279,76269,42487,5
2026-09-07T20,66,1,0.28,507091,0,5
2026-09-07T20,66,2,0.284,0,69344,1
2026-09-07T20,66,2,0.285,238837,857685,5
2026-09-07T20,66,2,0.287,0,65000,1
2026-09-07T20,66,2,0.288,217741,0,2
2026-09-07T20,66,3,0.305,9241,511084,2
2026-09-07T20,66,3,0.306,0,500,1
2026-09-07T20,66,3,0.307,0,483196,1
2026-09-07T20,66,3,0.311,55765,159645,2
2026-09-07T20,66,3,0.313,58848,2740,4
2026-09-07T20,66,4,0.311,0,572613,1
2026-09-07T20,66,4,0.312,0,300000,1
2026-09-07T20,66,4,0.313,0,170670,1
2026-09-07T20,66,4,0.314,0,888378,4
2026-09-07T20,66,4,0.315,27584,39546,2
2026-09-07T20,66,5,0.314,0,1000000,1
2026-09-07T20,66,5,0.315,0,401960,1
2026-09-07T20,66,5,0.318,1321543,0,3
2026-09-07T21,66,0,0.266,0,36508,2
2026-09-07T21,66,0,0.267,34220,41244,7
2026-09-07T21,66,0,0.268,4690,98606,4
2026-09-07T21,66,0,0.269,707414,201601,11
2026-09-07T21,66,0,0.27,275641,0,5
2026-09-07T21,66,1,0.277,0,288387,1
2026-09-07T21,66,1,0.278,0,76424,2
2026-09-07T21,66,1,0.279,336723,467897,6
2026-09-07T21,66,1,0.28,74279,0,1
2026-09-07T21,66,2,0.285,0,50000,1
2026-09-07T21,66,2,0.287,0,61205,1
2026-09-07T21,66,2,0.288,0,183426,1
2026-09-07T21,66,2,0.289,0,396180,1
2026-09-07T21,66,4,0.316,0,966277,1
2026-09-07T21,66,4,0.317,396784,78893,2
2026-09-07T21,66,4,0.318,84675,0,1
2026-09-07T21,66,5,0.317,0,395215,1
2026-09-07T21,66,5,0.318,0,2484626,1
2026-09-07T22,66,0,0.266,0,3700,1
2026-09-07T22,66,0,0.267,0,149691,3
2026-09-07T22,66,0,0.268,0,33766,3
2026-09-07T22,66,0,0.269,0,18121,2
2026-09-07T22,66,0,0.27,515365,859840,15
2026-09-07T22,66,0,0.271,93486,297093,9
2026-09-07T22,66,0,0.272,25889,52862,2
2026-09-07T22,66,1,0.268,152505,32385,3
2026-09-07T22,66,1,0.269,160615,164109,4
2026-09-07T22,66,1,0.27,0,18404,1
2026-09-07T22,66,1,0.277,47400,0,1
2026-09-07T22,66,1,0.28,93253,0,1
2026-09-07T22,66,2,0.286,645200,0,2
2026-09-07T22,66,3,0.314,50000,0,1
2026-09-07T22,66,5,0.319,0,600000,1
2026-09-07T22,66,7,0.415,0,1015304,1
2026-09-07T23,66,0,0.27,0,14101,2
2026-09-07T23,66,0,0.271,7922,141167,5
2026-09-07T23,66,0,0.272,175471,54253,10
2026-09-07T23,66,0,0.273,18626,37947,11
2026-09-07T23,66,0,0.274,34686,14227,5
2026-09-07T23,66,0,0.275,250076,0,4
2026-09-07T23,66,1,0.274,63525,0,1
2026-09-07T23,66,1,0.275,48787,41646,3
2026-09-07T23,66,1,0.276,75844,69256,2
2026-09-07T23,66,1,0.277,112218,0,4
2026-09-07T23,66,2,0.286,235220,54405,2
2026-09-07T23,66,2,0.287,0,631862,2
2026-09-07T23,66,2,0.288,207041,148733,2
2026-09-07T23,66,2,0.289,79737,0,1
2026-09-07T23,66,3,0.313,70665,0,2
2026-09-07T23,66,10,0.67,0,231223,1
2026-09-07T23,66,12,0.67,0,46868,1
2026-09-07T23,66,12,0.675,0,144125,1
2026-09-08T00,66,0,0.27,51854,7188,2
2026-09-08T00,66,0,0.271,21390,0,2
2026-09-08T00,66,0,0.272,46877,70831,3
2026-09-08T00,66,0,0.273,10000,113750,4
2026-09-08T00,66,0,0.274,4346,33565,5
2026-09-08T00,66,1,0.271,46267,71733,2
2026-09-08T00,66,1,0.272,27882,0,1
2026-09-08T00,66,1,0.274,188304,497071,4
2026-09-08T00,66,1,0.275,32379,0,2
2026-09-08T00,66,2,0.284,0,443803,2
2026-09-08T00,66,2,0.285,104812,150000,2
2026-09-08T00,66,2,0.286,90000,0,1
2026-09-08T01,66,0,0.269,0,56514,2
2026-09-08T01,66,0,0.27,1722,30207,4
2026-09-08T01,66,0,0.271,6530,125202,6
2026-09-08T01,66,0,0.272,32372,103477,4
2026-09-08T01,66,0,0.273,113240,22290,4
2026-09-08T01,66,0,0.274,0,13276,1
2026-09-08T01,66,1,0.272,57529,329743,2
2026-09-08T01,66,1,0.273,227041,396988,2
2026-09-08T01,66,1,0.274,152460,117253,2
2026-09-08T01,66,1,0.275,52172,0,2
2026-09-08T01,66,2,0.284,0,2066388,1
2026-09-08T01,66,2,0.285,0,542006,2
2026-09-08T01,66,2,0.286,37165,637288,2
2026-09-08T01,66,2,0.288,0,15000,1
2026-09-08T01,66,2,0.289,0,311113,1
2026-09-08T01,66,2,0.29,0,54464,1
2026-09-08T01,66,3,0.31,30000,0,1
2026-09-08T01,66,3,0.311,148810,0,2
2026-09-08T01,66,5,0.318,140978,0,1
2026-09-08T01,66,7,0.399,800000,0,1
2026-09-08T02,66,0,0.268,0,2732,1
2026-09-08T02,66,0,0.269,0,65824,1
2026-09-08T02,66,0,0.27,3088,30287,2
2026-09-08T02,66,0,0.271,0,122354,3
2026-09-08T02,66,0,0.272,3321,297711,6
2026-09-08T02,66,0,0.273,223564,260890,7
2026-09-08T02,66,0,0.274,30000,42946,2
2026-09-08T02,66,0,0.275,7283,0,1
2026-09-08T02,66,1,0.274,100,64684,2
2026-09-08T02,66,1,0.275,0,388991,1
2026-09-08T02,66,1,0.276,0,28330,2
2026-09-08T02,66,1,0.277,0,190382,2
2026-09-08T02,66,1,0.278,0,200000,1
2026-09-08T02,66,1,0.279,0,215462,1
2026-09-08T02,66,1,0.28,116086,879562,4
2026-09-08T02,66,2,0.289,300000,29125,2
2026-09-08T02,66,2,0.29,391063,50000,3
2026-09-08T02,66,2,0.291,303356,0,3
2026-09-08T02,66,5,0.318,0,3195042,1
2026-09-08T02,66,5,0.319,0,1468176,2
2026-09-08T02,66,5,0.32,0,5963238,1
2026-09-08T03,66,0,0.266,9319,8456,4
2026-09-08T03,66,0,0.267,0,178651,3
2026-09-08T03,66,0,0.268,622072,0,7
2026-09-08T03,66,0,0.27,4883,0,1
2026-09-08T03,66,0,0.271,5023,38414,3
2026-09-08T03,66,0,0.272,47962,0,2
2026-09-08T03,66,1,0.268,0,4748,1
2026-09-08T03,66,1,0.278,0,100000,1
2026-09-08T03,66,1,0.279,142744,0,2
2026-09-08T03,66,1,0.28,0,138301,2
2026-09-08T03,66,1,0.281,100000,1329963,3
2026-09-08T03,66,1,0.282,71654,0,2
2026-09-08T03,66,2,0.29,0,561427,1
2026-09-08T03,66,2,0.291,122195,0,1
2026-09-08T04,66,0,0.266,162764,77109,6
2026-09-08T04,66,0,0.267,10189,91613,3
2026-09-08T04,66,0,0.268,298349,94887,9
2026-09-08T04,66,0,0.269,12920,188494,4
2026-09-08T04,66,0,0.27,0,14286,1
2026-09-08T04,66,0,0.271,115714,10745,2
2026-09-08T04,66,0,0.272,365107,0,1
2026-09-08T04,66,1,0.277,0,36137,1
2026-09-08T04,66,1,0.278,0,70000,1
2026-09-08T04,66,1,0.279,129343,2626,3
2026-09-08T04,66,1,0.28,0,30000,1
2026-09-08T04,66,1,0.281,290769,382686,5
2026-09-08T04,66,1,0.282,17047,28346,2
2026-09-08T04,66,2,0.282,0,17603,1
2026-09-08T04,66,2,0.287,26128,0,1
2026-09-08T05,66,0,0.271,0,99406,2
2026-09-08T05,66,0,0.272,25243,372699,7
2026-09-08T05,66,0,0.273,191926,1923852,11
2026-09-08T05,66,0,0.274,0,98176,3
2026-09-08T05,66,0,0.275,208478,0,5
2026-09-08T05,66,1,0.274,169972,791768,2
2026-09-08T05,66,1,0.279,0,133783,2
2026-09-08T05,66,1,0.28,25250,0,1
2026-09-08T05,66,2,0.279,0,468588,1
2026-09-08T05,66,2,0.28,0,987247,1
2026-09-08T05,66,2,0.282,615096,0,3
2026-09-08T05,66,3,0.306,0,202816,1
2026-09-08T05,66,3,0.307,0,187087,1
2026-09-08T05,66,3,0.308,0,1280184,2
2026-09-08T05,66,3,0.309,0,1318219,2
2026-09-08T05,66,3,0.31,11415,0,1
2026-09-08T05,66,5,0.317,0,553491,1
2026-09-08T05,66,7,0.399,0,537189,1
2026-09-08T05,66,8,0.55,0,338854,1
2026-09-08T05,66,8,0.585,0,614622,1
2026-09-08T05,66,8,0.59,0,413834,1
2026-09-08T05,66,9,0.6,0,1108602,1
2026-09-08T05,66,10,0.675,0,164897,1
2026-09-08T05,66,12,0.6,0,2233050,1
2026-09-08T05,66,12,0.68,0,684354,1
2026-09-08T06,66,0,0.267,0,625,1
2026-09-08T06,66,0,0.268,0,155631,1
2026-09-08T06,66,0,0.269,0,230,2
2026-09-08T06,66,0,0.27,34660,50000,2
2026-09-08T06,66,0,0.272,21986,230,3
2026-09-08T06,66,0,0.273,140993,397,4
2026-09-08T06,66,0,0.274,10512,46936,5
2026-09-08T06,66,0,0.275,161291,0,2
2026-09-08T06,66,1,0.277,401483,0,1
2026-09-08T06,66,1,0.28,148928,0,1
2026-09-08T06,66,2,0.28,2172,303979,4
2026-09-08T06,66,2,0.281,0,210269,1
2026-09-08T06,66,2,0.282,0,318753,1
2026-09-08T06,66,2,0.283,0,202048,1
2026-09-08T06,66,2,0.284,0,626000,2
2026-09-08T06,66,2,0.285,0,459949,2
2026-09-08T06,66,2,0.286,24316,0,1
2026-09-08T06,66,3,0.309,0,775851,1
2026-09-08T06,66,4,0.314,0,177635,1
2026-09-08T06,66,4,0.315,0,3046066,2
2026-09-08T06,66,4,0.316,0,300000,1
2026-09-08T06,66,4,0.317,0,603775,1
2026-09-08T06,66,4,0.318,0,191863,1
2026-09-08T06,66,5,0.32,1815580,0,2
2026-09-08T07,66,0,0.266,0,149722,2
2026-09-08T07,66,0,0.267,0,35195,2
2026-09-08T07,66,0,0.268,84927,117775,7
2026-09-08T07,66,0,0.269,200,178668,7
2026-09-08T07,66,0,0.27,390312,76840,12
2026-09-08T07,66,0,0.271,0,5330,1
2026-09-08T07,66,0,0.272,0,98067,3
2026-09-08T07,66,0,0.273,367262,27116,4
2026-09-08T07,66,1,0.275,20967,100459,2
2026-09-08T07,66,1,0.276,48756,751244,2
2026-09-08T07,66,1,0.277,224648,0,1
2026-09-08T07,66,2,0.286,0,117547,1
2026-09-08T07,66,2,0.287,0,54037,1
2026-09-08T07,66,2,0.288,0,111393,1
2026-09-08T07,66,2,0.289,25119,4798,2
2026-09-08T07,66,2,0.29,404969,173788,3
2026-09-08T07,66,3,0.31,195800,610047,4
2026-09-08T07,66,4,0.319,367583,0,1
2026-09-08T07,66,5,0.32,114869,0,1
2026-09-08T07,66,10,0.675,0,105259,1
2026-09-08T08,66,0,0.266,0,15223,2
2026-09-08T08,66,0,0.267,3242,3616,2
2026-09-08T08,66,0,0.269,0,11331,2
2026-09-08T08,66,0,0.27,0,26126,1
2026-09-08T08,66,0,0.271,0,115,1
2026-09-08T08,66,0,0.272,0,115,1
2026-09-08T08,66,0,0.273,0,475038,2
2026-09-08T08,66,0,0.274,223291,435320,7
2026-09-08T08,66,0,0.275,179988,321123,14
2026-09-08T08,66,0,0.276,457244,151004,12
2026-09-08T08,66,0,0.277,0,115,1
2026-09-08T08,66,1,0.275,0,521153,3
2026-09-08T08,66,1,0.276,0,212269,1
2026-09-08T08,66,1,0.277,45291,6429,2
2026-09-08T08,66,1,0.278,0,64818,1
2026-09-08T08,66,1,0.279,129191,90809,2
2026-09-08T08,66,1,0.28,86163,5288,2
2026-09-08T08,66,1,0.281,0,347,1
2026-09-08T08,66,1,0.282,25387,0,2
2026-09-08T08,66,2,0.285,0,12346,1
2026-09-08T08,66,2,0.286,200000,229223,2
2026-09-08T08,66,2,0.287,368377,131623,3
2026-09-08T08,66,2,0.289,0,504117,2
2026-09-08T08,66,2,0.29,16932,0,1
2026-09-08T09,66,0,0.271,0,2700,1
2026-09-08T09,66,0,0.272,0,1000,1
2026-09-08T09,66,0,0.273,0,28585,2
2026-09-08T09,66,0,0.274,0,15606,2
2026-09-08T09,66,0,0.275,0,132703,2
2026-09-08T09,66,0,0.276,0,11859,2
2026-09-08T09,66,0,0.277,218906,532518,7
2026-09-08T09,66,0,0.278,0,371878,4
2026-09-08T09,66,0,0.279,150022,63259,4
2026-09-08T09,66,0,0.28,0,338910,5
2026-09-08T09,66,0,0.281,32698,354073,4
2026-09-08T09,66,1,0.278,0,4754,2
2026-09-08T09,66,1,0.279,83198,10618,2
2026-09-08T09,66,1,0.28,8251,47632,3
2026-09-08T09,66,1,0.281,136732,10000,2
2026-09-08T09,66,1,0.282,126572,0,2
2026-09-08T09,66,2,0.285,68110,3514955,2
2026-09-08T09,66,3,0.307,0,89509,1
2026-09-08T09,66,3,0.308,0,733491,1
2026-09-08T09,66,3,0.309,269985,0,1
2026-09-08T09,66,5,0.312,0,63149,1
2026-09-08T09,66,5,0.315,0,260092,1
2026-09-08T09,66,5,0.318,26759,0,1
2026-09-08T10,66,0,0.27,0,2713,2
2026-09-08T10,66,0,0.271,59842,247718,2
2026-09-08T10,66,0,0.273,0,364,1
2026-09-08T10,66,0,0.274,0,49432,2
2026-09-08T10,66,0,0.275,0,107170,2
2026-09-08T10,66,0,0.276,0,54368,2
2026-09-08T10,66,0,0.277,63075,229975,8
2026-09-08T10,66,1,0.276,11000,571621,2
2026-09-08T10,66,1,0.277,635898,117102,6
2026-09-08T10,66,1,0.278,748374,112039,5
2026-09-08T10,66,1,0.279,308198,0,2
2026-09-08T10,66,2,0.278,163715,432512,3
2026-09-08T10,66,2,0.279,919950,550168,2
2026-09-08T10,66,2,0.28,0,150000,1
2026-09-08T10,66,2,0.285,0,227101,1
2026-09-08T10,66,2,0.286,200027,266160,2
2026-09-08T10,66,2,0.287,0,500000,1
2026-09-08T10,66,2,0.288,866220,0,1
2026-09-08T10,66,3,0.306,55301,0,1
2026-09-08T10,66,4,0.316,9895,0,1
2026-09-08T10,66,12,0.6,0,296846,1
2026-09-08T11,66,0,0.274,0,64261,3
2026-09-08T11,66,0,0.275,311845,234635,7
2026-09-08T11,66,0,0.276,49427,19934,3
2026-09-08T11,66,0,0.277,0,32876,3
2026-09-08T11,66,0,0.278,0,24025,1
2026-09-08T11,66,1,0.275,15496,284157,2
2026-09-08T11,66,1,0.277,187042,0,2
2026-09-08T11,66,1,0.278,318821,41463,3
2026-09-08T11,66,1,0.279,324140,0,3
2026-09-08T11,66,2,0.287,17549,1731273,4
2026-09-08T11,66,2,0.288,977066,0,3
2026-09-08T11,66,3,0.304,85224,643599,3
2026-09-08T11,66,3,0.305,78808,33931,2
2026-09-08T11,66,4,0.316,0,845105,1
2026-09-08T11,66,5,0.314,0,146218,1
2026-09-08T11,66,10,0.675,20876,0,1
2026-09-08T12,66,0,0.271,64563,0,1
2026-09-08T12,66,0,0.273,0,171118,3
2026-09-08T12,66,0,0.274,94,124255,4
2026-09-08T12,66,0,0.275,22922,176639,4
2026-09-08T12,66,0,0.276,815201,357858,7
2026-09-08T12,66,0,0.278,0,187794,1
2026-09-08T12,66,0,0.279,81398,0,1
2026-09-08T12,66,1,0.275,189077,18155,4
2026-09-08T12,66,1,0.277,0,12958,1
2026-09-08T12,66,1,0.278,0,28849,1
2026-09-08T12,66,1,0.279,0,726820,4
2026-09-08T12,66,1,0.28,2413950,0,6
2026-09-08T12,66,2,0.279,0,94976,1
2026-09-08T12,66,2,0.28,16210,51178,2
2026-09-08T12,66,2,0.282,30000,0,1
2026-09-08T12,66,5,0.318,333640,0,1
2026-09-08T12,66,6,0.396,327109,0,1
2026-09-08T13,66,0,0.268,0,2865,1
2026-09-08T13,66,0,0.269,0,16609,1
2026-09-08T13,66,0,0.27,0,5355,1
2026-09-08T13,66,0,0.271,0,45718,1
2026-09-08T13,66,0,0.272,0,110815,2
2026-09-08T13,66,0,0.273,0,195007,2
2026-09-08T13,66,0,0.274,100647,41995,6
2026-09-08T13,66,0,0.276,0,16212,2
2026-09-08T13,66,0,0.277,0,325978,4
2026-09-08T13,66,0,0.278,167203,389844,9
2026-09-08T13,66,1,0.279,989482,9402,7
2026-09-08T13,66,2,0.28,41010,353010,2
2026-09-08T13,66,2,0.281,0,148816,2
2026-09-08T13,66,2,0.282,0,120473,2
2026-09-08T13,66,2,0.284,0,174977,1
2026-09-08T13,66,3,0.296,0,11726,1
2026-09-08T13,66,3,0.297,0,548940,1
2026-09-08T13,66,3,0.298,0,1020190,1
2026-09-08T13,66,3,0.299,0,124600,1
2026-09-08T13,66,3,0.3,0,708937,1
2026-09-08T13,66,3,0.301,0,77709,1
2026-09-08T13,66,3,0.302,0,500849,1
2026-09-08T13,66,3,0.303,272192,384224,4
2026-09-08T13,66,3,0.304,0,565454,1
2026-09-08T13,66,3,0.305,0,36419,1
2026-09-08T13,66,3,0.306,0,1317899,1
2026-09-08T13,66,3,0.308,26785,0,1
2026-09-08T13,66,5,0.318,0,162275,1
2026-09-08T13,66,5,0.319,0,1213747,1
2026-09-08T13,66,5,0.32,0,618315,1
2026-09-08T13,66,5,0.321,2664209,0,1
2026-09-08T13,66,8,0.58,28091,0,1
2026-09-08T14,66,0,0.272,0,45525,2
2026-09-08T14,66,0,0.273,255317,365035,5
2026-09-08T14,66,0,0.274,551293,32332,6
2026-09-08T14,66,0,0.275,61504,347569,5
2026-09-08T14,66,0,0.276,0,66364,2
2026-09-08T14,66,0,0.277,0,95459,2
2026-09-08T14,66,0,0.278,90965,80241,2
2026-09-08T14,66,1,0.275,442032,32428,3
2026-09-08T14,66,1,0.277,0,34180,1
2026-09-08T14,66,1,0.278,77542,23078,4
2026-09-08T14,66,1,0.279,928537,103599,4
2026-09-08T14,66,1,0.28,8152,0,1
2026-09-08T14,66,2,0.283,153120,998141,4
2026-09-08T14,66,2,0.284,387459,39965,5
2026-09-08T14,66,3,0.307,367216,1293791,4
2026-09-08T14,66,3,0.308,253520,1226596,4
2026-09-08T14,66,3,0.309,277716,0,3
2026-09-08T14,66,4,0.316,0,12250,1
2026-09-08T14,66,4,0.317,0,300000,1
2026-09-08T14,66,4,0.319,0,34000,1
2026-09-08T14,66,4,0.32,0,3000000,1
2026-09-08T15,66,0,0.273,0,250000,1
2026-09-08T15,66,0,0.274,42830,363415,5
2026-09-08T15,66,0,0.275,224541,774846,6
2026-09-08T15,66,0,0.276,21905,369656,5
2026-09-08T15,66,0,0.277,10000,81735,3
2026-09-08T15,66,0,0.278,30080,527939,5
2026-09-08T15,66,0,0.279,71169,74728,4
2026-09-08T15,66,0,0.28,0,105499,1
2026-09-08T15,66,1,0.28,1166152,0,7
2026-09-08T15,66,2,0.28,0,47715,1
2026-09-08T15,66,2,0.282,0,332435,1
2026-09-08T15,66,2,0.283,0,87291,1
2026-09-08T15,66,2,0.284,250078,556044,2
2026-09-08T15,66,2,0.285,0,3000000,1
2026-09-08T15,66,2,0.286,0,75479,1
2026-09-08T15,66,2,0.287,0,37919,1
2026-09-08T15,66,2,0.288,0,105157,1
2026-09-08T15,66,2,0.29,0,378099,1
2026-09-08T15,66,3,0.308,0,10018,1
2026-09-08T15,66,3,0.309,599394,0,2
2026-09-08T15,66,4,0.309,0,400000,1
2026-09-08T15,66,5,0.321,159973,0,1
2026-09-08T16,66,0,0.275,0,212818,3
2026-09-08T16,66,0,0.276,110286,88162,3
2026-09-08T16,66,0,0.277,391595,115377,7
2026-09-08T16,66,0,0.278,86598,184854,4
2026-09-08T16,66,0,0.279,800,59803,3
2026-09-08T16,66,0,0.28,173104,29579,4
2026-09-08T16,66,1,0.278,0,582628,1
2026-09-08T16,66,1,0.279,0,34670,1
2026-09-08T16,66,1,0.28,0,611496,1
2026-09-08T16,66,1,0.281,0,33582,1
2026-09-08T16,66,1,0.282,121663,0,2
2026-09-08T16,66,2,0.291,767256,434392,6
2026-09-08T16,66,2,0.292,92518,0,1
2026-09-08T16,66,4,0.308,139510,0,1
2026-09-08T16,66,4,0.309,300000,0,1
2026-09-08T16,66,6,0.396,0,155311,1
2026-09-08T16,66,6,0.397,0,92207,1
2026-09-08T16,66,6,0.398,752482,0,1
2026-09-08T17,66,0,0.273,0,14596,1
2026-09-08T17,66,0,0.274,168815,40122,4
2026-09-08T17,66,0,0.275,0,7604,2
2026-09-08T17,66,0,0.276,0,61766,3
2026-09-08T17,66,0,0.277,0,28343,3
2026-09-08T17,66,0,0.278,0,95866,2
2026-09-08T17,66,0,0.279,0,55576,2
2026-09-08T17,66,0,0.28,257832,482464,10
2026-09-08T17,66,0,0.281,0,153572,7
2026-09-08T17,66,0,0.282,0,55469,3
2026-09-08T17,66,0,0.283,38774,238481,2
2026-09-08T17,66,1,0.28,0,39900,1
2026-09-08T17,66,1,0.281,0,216677,1
2026-09-08T17,66,1,0.282,153195,854987,4
2026-09-08T17,66,1,0.283,215552,2338690,2
2026-09-08T17,66,1,0.284,0,81925,1
2026-09-08T17,66,2,0.275,375496,590048,2
2026-09-08T17,66,2,0.289,0,186644,1
2026-09-08T17,66,2,0.29,0,153511,1
2026-09-08T17,66,2,0.291,0,149479,1
2026-09-08T17,66,2,0.292,198928,0,1
2026-09-08T17,66,3,0.304,0,85032,1
2026-09-08T17,66,3,0.305,69056,0,2
2026-09-08T17,66,4,0.306,91517,0,1
2026-09-08T17,66,7,0.415,0,382531,1
2026-09-08T17,66,10,0.675,0,46694,1
2026-09-08T17,66,12,0.6,0,630363,1
2026-09-08T18,66,0,0.275,0,196522,2
2026-09-08T18,66,0,0.276,0,62491,3
2026-09-08T18,66,0,0.277,0,186000,2
2026-09-08T18,66,0,0.278,109390,101561,4
2026-09-08T18,66,0,0.279,330798,45522,6
2026-09-08T18,66,0,0.28,228268,88044,6
2026-09-08T18,66,0,0.281,0,196942,1
2026-09-08T18,66,1,0.281,0,239140,1
2026-09-08T18,66,1,0.282,912039,59,3
2026-09-08T18,66,1,0.283,0,86432,1
2026-09-08T18,66,1,0.284,310825,0,1
2026-09-08T18,66,2,0.289,0,294840,1
2026-09-08T18,66,2,0.29,0,324309,3
2026-09-08T18,66,2,0.291,98967,5033,3
2026-09-08T18,66,2,0.292,12718,0,2
2026-09-08T18,66,3,0.305,556289,136067,4
2026-09-08T18,66,4,0.306,449184,259299,3
2026-09-08T18,66,4,0.307,0,478989,1
2026-09-08T18,66,4,0.308,0,1324869,1
2026-09-08T18,66,4,0.309,0,456441,1
2026-09-08T18,66,5,0.316,0,536268,1
2026-09-08T19,66,0,0.277,0,3678,1
2026-09-08T19,66,0,0.278,71559,0,1
2026-09-08T19,66,0,0.279,0,12056,2
2026-09-08T19,66,0,0.28,54281,353938,8
2026-09-08T19,66,0,0.281,331302,504620,2
2026-09-08T19,66,0,0.282,210649,451038,2
2026-09-08T19,66,0,0.283,0,324853,4
2026-09-08T19,66,1,0.281,0,29800,1
2026-09-08T19,66,1,0.282,181728,130472,3
2026-09-08T19,66,1,0.283,253766,417785,5
2026-09-08T19,66,1,0.284,1096847,0,4
2026-09-08T19,66,2,0.285,0,762490,1
2026-09-08T19,66,2,0.288,0,205961,1
2026-09-08T19,66,2,0.289,0,889328,2
2026-09-08T19,66,2,0.29,0,33030,2
2026-09-08T19,66,2,0.291,97339,0,2
2026-09-08T19,66,2,0.292,1000000,0,1
2026-09-08T19,66,3,0.302,0,89900,1
2026-09-08T19,66,3,0.304,0,30026,1
2026-09-08T19,66,3,0.305,0,149700,1
2026-09-08T19,66,3,0.306,0,4341,1
2026-09-08T19,66,3,0.307,0,118932,1
2026-09-08T19,66,3,0.308,1172426,0,2
2026-09-08T19,66,4,0.313,60000,0,1
2026-09-08T19,66,5,0.316,0,48932,1
2026-09-08T19,66,5,0.319,0,795576,1
2026-09-08T19,66,5,0.32,0,243621,1
2026-09-08T19,66,5,0.321,292709,0,1
2026-09-08T19,66,12,0.6,0,178764,1
2026-09-08T20,66,0,0.27,143999,23460,4
2026-09-08T20,66,0,0.271,0,39588,3
2026-09-08T20,66,0,0.272,157590,174630,3
2026-09-08T20,66,0,0.273,45809,32881,4
2026-09-08T20,66,0,0.274,42111,146865,5
2026-09-08T20,66,0,0.275,0,28653,2
2026-09-08T20,66,0,0.276,1779,30023,3
2026-09-08T20,66,0,0.277,0,21590,2
2026-09-08T20,66,0,0.278,0,6033,2
2026-09-08T20,66,0,0.279,148302,45840,5
2026-09-08T20,66,0,0.28,41004,0,1
2026-09-08T20,66,1,0.278,0,14616,1
2026-09-08T20,66,1,0.281,0,12514,1
2026-09-08T20,66,1,0.282,1731651,0,8
2026-09-08T20,66,2,0.284,100000,0,1
2026-09-08T20,66,2,0.29,0,60000,1
2026-09-08T20,66,2,0.291,348067,0,1
2026-09-08T20,66,3,0.306,527,0,1
2026-09-08T20,66,3,0.307,0,142650,1
2026-09-08T20,66,3,0.308,143612,240000,2
2026-09-08T20,66,4,0.31,0,29981,1
2026-09-08T20,66,4,0.313,356636,90685,3
2026-09-08T20,66,5,0.319,0,100320,1
2026-09-08T20,66,5,0.32,0,1000000,1
2026-09-08T21,66,0,0.276,0,25433,2
2026-09-08T21,66,0,0.277,71,23118,4
2026-09-08T21,66,0,0.278,24215,26801,4
2026-09-08T21,66,0,0.279,487032,53452,8
2026-09-08T21,66,0,0.28,512066,0,3
2026-09-08T21,66,1,0.274,0,111296,1
2026-09-08T21,66,1,0.275,177824,1819,2
2026-09-08T21,66,1,0.278,0,8447,1
2026-09-08T21,66,1,0.279,6000,4000,2
2026-09-08T21,66,1,0.28,300000,0,1
2026-09-08T21,66,1,0.282,214100,543440,2
2026-09-08T21,66,1,0.283,203838,0,1
2026-09-08T21,66,2,0.282,12389,397449,2
2026-09-08T21,66,2,0.283,0,13925,1
2026-09-08T21,66,2,0.284,821047,0,3
2026-09-08T21,66,3,0.305,0,8360,1
2026-09-08T21,66,3,0.306,327637,1047146,4
2026-09-08T21,66,3,0.307,0,228377,1
2026-09-08T21,66,4,0.309,0,86582,1
2026-09-08T21,66,4,0.31,0,133673,1
2026-09-08T21,66,4,0.311,120000,333955,2
2026-09-08T21,66,4,0.312,94808,0,1
2026-09-08T21,66,5,0.32,0,1302710,1
2026-09-08T21,66,5,0.321,844448,0,3
2026-09-08T22,66,0,0.269,29035,62882,2
2026-09-08T22,66,0,0.27,0,1000,1
2026-09-08T22,66,0,0.274,0,55217,2
2026-09-08T22,66,0,0.275,25453,134020,3
2026-09-08T22,66,0,0.277,0,28730,1
2026-09-08T22,66,0,0.278,0,75766,3
2026-09-08T22,66,0,0.279,102525,154251,5
2026-09-08T22,66,0,0.28,1507396,0,5
2026-09-08T22,66,1,0.278,299807,414497,2
2026-09-08T22,66,1,0.279,0,98691,1
2026-09-08T22,66,1,0.28,584568,196329,3
2026-09-08T22,66,1,0.282,112456,0,2
2026-09-08T22,66,1,0.283,143,96615,2
2026-09-08T22,66,2,0.283,0,25000,1
2026-09-08T22,66,2,0.284,253605,278008,3
2026-09-08T22,66,2,0.285,0,100000,1
2026-09-08T22,66,2,0.288,0,476989,1
2026-09-08T22,66,2,0.289,0,56582,1
2026-09-08T22,66,2,0.29,45472,17949,2
2026-09-08T22,66,3,0.305,0,187351,1
2026-09-08T22,66,3,0.306,61175,13409,3
2026-09-08T22,66,3,0.308,29556,0,1
2026-09-08T22,66,4,0.308,0,400000,1
2026-09-08T22,66,4,0.312,0,105192,1
2026-09-08T22,66,4,0.313,0,243364,1
2026-09-08T22,66,4,0.314,0,261810,1
2026-09-08T22,66,4,0.315,597110,0,1
2026-09-08T23,66,0,0.273,0,2611,1
2026-09-08T23,66,0,0.274,0,490,1
2026-09-08T23,66,0,0.275,0,5823,1
2026-09-08T23,66,0,0.276,0,991,1
2026-09-08T23,66,0,0.277,0,22841,3
2026-09-08T23,66,0,0.278,26781,115751,7
2026-09-08T23,66,0,0.279,56676,257543,8
2026-09-08T23,66,0,0.28,796545,5330,3
2026-09-08T23,66,1,0.279,0,155090,1
2026-09-08T23,66,1,0.28,110389,0,2
2026-09-08T23,66,2,0.289,0,187480,2
2026-09-08T23,66,2,0.29,114505,579203,4
2026-09-08T23,66,2,0.291,0,601164,2
2026-09-08T23,66,2,0.292,35248,0,1
2026-09-08T23,66,3,0.298,399207,1123,2
2026-09-08T23,66,3,0.302,0,468268,1
2026-09-08T23,66,3,0.308,530609,0,1
2026-09-08T23,66,10,0.675,0,50000,1
2026-09-08T23,66,12,0.675,0,59117,1
2026-09-08T23,66,12,0.68,0,84272,1
2026-09-08T23,66,12,0.685,1,0,1
2026-09-09T00,66,0,0.273,0,13311,2
2026-09-09T00,66,0,0.274,19954,995,3
2026-09-09T00,66,0,0.275,1169,36565,3
2026-09-09T00,66,0,0.276,58761,41139,2
2026-09-09T00,66,0,0.277,0,33340,2
2026-09-09T00,66,0,0.278,270277,47203,8
2026-09-09T00,66,0,0.28,70787,0,1
2026-09-09T00,66,1,0.279,0,11000,1
2026-09-09T00,66,1,0.28,4852,259776,2
2026-09-09T00,66,1,0.281,3600,0,1
2026-09-09T00,66,2,0.289,0,89850,1
2026-09-09T00,66,2,0.29,0,50000,1
2026-09-09T00,66,2,0.291,0,248918,1
2026-09-09T00,66,2,0.292,0,3664954,2
2026-09-09T00,66,2,0.293,0,694983,2
2026-09-09T00,66,2,0.294,0,14796,1
2026-09-09T00,66,3,0.306,50142,0,2
2026-09-09T01,66,0,0.273,0,13340,1
2026-09-09T01,66,0,0.274,23566,32298,3
2026-09-09T01,66,0,0.275,504465,32865,7
2026-09-09T01,66,0,0.276,0,125789,4
2026-09-09T01,66,0,0.277,272256,27608,5
2026-09-09T01,66,1,0.277,250668,125604,5
2026-09-09T01,66,2,0.291,0,644759,2
2026-09-09T01,66,2,0.292,0,144014,2
2026-09-09T01,66,2,0.293,216370,1133630,4
2026-09-09T01,66,2,0.294,0,267700,1
2026-09-09T01,66,2,0.295,32431,0,1
2026-09-09T01,66,3,0.306,56890,454787,2
2026-09-09T01,66,3,0.307,198810,49108,3
2026-09-09T01,66,3,0.308,1075000,0,1
2026-09-09T01,66,4,0.312,340863,0,2
2026-09-09T02,66,0,0.272,0,76572,1
2026-09-09T02,66,0,0.273,21100,178771,7
2026-09-09T02,66,0,0.274,0,88777,4
2026-09-09T02,66,0,0.275,0,20960,1
2026-09-09T02,66,0,0.276,40,9960,2
2026-09-09T02,66,0,0.277,0,522353,3
2026-09-09T02,66,0,0.278,0,27400,1
2026-09-09T02,66,0,0.279,0,314606,1
2026-09-09T02,66,0,0.28,4000,0,1
2026-09-09T02,66,1,0.273,0,154995,1
2026-09-09T02,66,1,0.274,61648,58352,2
2026-09-09T02,66,1,0.275,798046,111798,4
2026-09-09T02,66,1,0.277,0,100000,1
2026-09-09T02,66,1,0.278,0,129864,1
2026-09-09T02,66,1,0.279,0,126558,1
2026-09-09T02,66,1,0.28,0,791860,1
2026-09-09T02,66,1,0.281,0,14406,1
2026-09-09T02,66,2,0.291,251274,0,1
2026-09-09T02,66,4,0.312,198215,0,1
2026-09-09T03,66,0,0.277,0,34076,4
2026-09-09T03,66,0,0.278,33797,98905,6
2026-09-09T03,66,0,0.279,128883,182987,7
2026-09-09T03,66,0,0.28,456820,0,6
2026-09-09T03,66,1,0.28,274643,0,3
2026-09-09T03,66,1,0.282,20000,0,1
2026-09-09T03,66,2,0.29,0,450646,2
2026-09-09T03,66,2,0.291,364664,0,3
2026-09-09T03,66,3,0.302,34185,985441,2
2026-09-09T03,66,3,0.305,0,380,1
2026-09-09T03,66,3,0.306,0,129268,1
2026-09-09T03,66,3,0.307,0,172955,1
2026-09-09T03,66,3,0.308,0,1783527,1
2026-09-09T03,66,3,0.309,0,1869225,3
2026-09-09T03,66,4,0.312,0,1391562,1
2026-09-09T03,66,4,0.313,0,371749,1
2026-09-09T03,66,4,0.314,0,170000,1
2026-09-09T03,66,4,0.315,0,2048422,1
2026-09-09T03,66,5,0.32,465000,0,1
2026-09-09T04,66,0,0.263,0,80003,1
2026-09-09T04,66,0,0.264,325352,10284,2
2026-09-09T04,66,0,0.265,38393,314763,5
2026-09-09T04,66,0,0.266,30572,426,3
2026-09-09T04,66,0,0.267,5344,0,1
2026-09-09T04,66,0,0.268,0,30647,1
2026-09-09T04,66,0,0.269,56033,111777,4
2026-09-09T04,66,0,0.27,255626,0,4
2026-09-09T04,66,1,0.273,0,80000,1
2026-09-09T04,66,1,0.274,0,100000,1
2026-09-09T04,66,1,0.276,0,1473,1
2026-09-09T04,66,1,0.277,254699,0,3
2026-09-09T04,66,1,0.278,47880,0,2
2026-09-09T04,66,1,0.279,0,1604,1
2026-09-09T04,66,1,0.28,0,336357,1
2026-09-09T04,66,2,0.29,0,19415,1
2026-09-09T04,66,2,0.291,97822,159886,2
2026-09-09T04,66,2,0.292,507375,0,2
2026-09-09T04,66,3,0.309,0,41086,1
2026-09-09T04,66,3,0.31,79983,0,1
2026-09-09T04,66,6,0.386,0,547596,1
2026-09-09T04,66,6,0.387,291109,0,1
2026-09-09T04,66,7,0.425,0,600978,1
2026-09-09T04,66,7,0.446,237727,0,1
2026-09-09T04,66,8,0.487,0,384770,1
2026-09-09T05,66,0,0.267,0,277560,1
2026-09-09T05,66,0,0.268,0,524765,2
2026-09-09T05,66,0,0.269,0,28329,2
2026-09-09T05,66,0,0.27,308812,77444,3
2026-09-09T05,66,0,0.272,0,115,1
2026-09-09T05,66,0,0.273,34261,58549,4
2026-09-09T05,66,0,0.274,0,25131,3
2026-09-09T05,66,0,0.275,34979,116332,5
2026-09-09T05,66,0,0.276,987,0,1
2026-09-09T05,66,0,0.277,0,5000,1
2026-09-09T05,66,1,0.27,349,64201,2
2026-09-09T05,66,1,0.271,22671,84293,2
2026-09-09T05,66,1,0.273,62752,0,1
2026-09-09T05,66,1,0.275,0,100000,1
2026-09-09T05,66,1,0.276,37892,0,1
2026-09-09T05,66,1,0.277,820,45301,2
2026-09-09T05,66,1,0.278,292772,0,2
2026-09-09T05,66,3,0.309,0,53505,1
2026-09-09T05,66,3,0.31,0,735140,1
2026-09-09T05,66,3,0.311,545806,4151434,3
2026-09-09T05,66,4,0.316,0,1002740,1
2026-09-09T05,66,5,0.313,0,673988,1
2026-09-09T05,66,5,0.316,1153125,0,1
2026-09-09T05,66,7,0.446,0,267084,1
2026-09-09T05,66,8,0.488,0,646983,1
2026-09-09T05,66,8,0.489,0,506040,1
2026-09-09T05,66,8,0.49,0,384623,1
2026-09-09T05,66,8,0.52,0,473432,1
2026-09-09T05,66,8,0.575,0,355230,1
2026-09-09T05,66,8,0.58,0,370185,2
2026-09-09T05,66,8,0.6,0,435247,1
2026-09-09T06,66,0,0.268,250,41164,2
2026-09-09T06,66,0,0.269,320916,1948,6
2026-09-09T06,66,0,0.27,112430,0,2
2026-09-09T06,66,0,0.272,0,158400,2
2026-09-09T06,66,1,0.272,0,163568,2
2026-09-09T06,66,1,0.273,828049,1102199,5
2026-09-09T06,66,1,0.275,505993,0,1
2026-09-09T06,66,2,0.285,38353,0,1
2026-09-09T06,66,2,0.289,0,81546,1
2026-09-09T06,66,2,0.29,90474,0,1
2026-09-09T06,66,3,0.309,0,379992,1
2026-09-09T06,66,3,0.31,0,250961,1
2026-09-09T06,66,3,0.311,0,162970,1
2026-09-09T06,66,3,0.312,0,847568,2
2026-09-09T06,66,3,0.314,0,310,1
2026-09-09T06,66,4,0.313,505803,0,1
2026-09-09T06,66,4,0.315,222611,0,1
2026-09-09T06,66,5,0.316,0,1000000,1
2026-09-09T06,66,5,0.317,0,100000,1
2026-09-09T06,66,5,0.318,0,332396,1
2026-09-09T06,66,12,0.6,0,827441,1
2026-09-09T07,66,0,0.262,0,81276,3
2026-09-09T07,66,0,0.263,36459,19736,3
2026-09-09T07,66,0,0.264,1000,83468,8
2026-09-09T07,66,0,0.265,236302,132128,9
2026-09-09T07,66,0,0.266,105412,438931,5
2026-09-09T07,66,0,0.267,219216,42554,4
2026-09-09T07,66,1,0.273,146400,0,1
2026-09-09T07,66,1,0.274,56406,92682,4
2026-09-09T07,66,1,0.275,128393,0,1
2026-09-09T07,66,2,0.28,0,45649,1
2026-09-09T07,66,2,0.282,0,20352,1
2026-09-09T07,66,2,0.283,85982,105939,3
2026-09-09T07,66,2,0.284,99691,210605,3
2026-09-09T07,66,2,0.285,344722,0,4
2026-09-09T07,66,3,0.311,0,40658,1
2026-09-09T07,66,4,0.312,0,300000,1
2026-09-09T08,66,0,0.261,149851,257240,3
2026-09-09T08,66,0,0.262,0,3787,1
2026-09-09T08,66,0,0.263,0,67503,1
2026-09-09T08,66,0,0.264,0,23518,1
2026-09-09T08,66,0,0.265,0,1046679,1
2026-09-09T08,66,0,0.266,0,46670,2
2026-09-09T08,66,0,0.267,29186,53598,2
2026-09-09T08,66,0,0.268,0,24068,3
2026-09-09T08,66,0,0.269,241739,421346,7
2026-09-09T08,66,0,0.27,102103,0,2
2026-09-09T08,66,1,0.269,0,46742,1
2026-09-09T08,66,1,0.27,35297,564254,3
2026-09-09T08,66,2,0.284,0,51665,1
2026-09-09T08,66,2,0.285,0,172200,2
2026-09-09T08,66,2,0.286,640896,2006714,6
2026-09-09T08,66,3,0.309,0,77637,1
2026-09-09T08,66,3,0.31,222363,0,1
2026-09-09T08,66,3,0.311,200000,0,1
2026-09-09T09,66,0,0.268,0,45101,2
2026-09-09T09,66,0,0.269,0,490788,4
2026-09-09T09,66,0,0.27,873789,211018,14
2026-09-09T09,66,0,0.271,0,100000,1
2026-09-09T09,66,0,0.272,0,33417,2
2026-09-09T09,66,1,0.271,305289,97527,4
2026-09-09T09,66,1,0.272,39739,321371,4
2026-09-09T09,66,1,0.273,196791,470257,4
2026-09-09T09,66,1,0.274,0,134901,1
2026-09-09T09,66,1,0.275,0,331607,1
2026-09-09T09,66,1,0.276,0,64228,1
2026-09-09T09,66,1,0.277,242847,0,2
2026-09-09T09,66,2,0.283,0,25000,1
2026-09-09T09,66,2,0.284,0,31999,1
2026-09-09T09,66,2,0.285,0,56857,2
2026-09-09T09,66,2,0.286,891408,0,3
2026-09-09T09,66,3,0.309,33714,0,1
2026-09-09T09,66,3,0.31,50000,0,1
2026-09-09T09,66,4,0.312,0,200000,1
2026-09-09T09,66,4,0.313,300000,0,1
2026-09-09T10,66,0,0.267,0,2362,1
2026-09-09T10,66,0,0.268,0,844812,1
2026-09-09T10,66,0,0.269,0,233987,5
2026-09-09T10,66,0,0.27,1192152,689577,9
2026-09-09T10,66,0,0.271,0,115,1
2026-09-09T10,66,0,0.272,0,16979,1
2026-09-09T10,66,0,0.274,0,1341,1
2026-09-09T10,66,0,0.275,0,11176,2
2026-09-09T10,66,1,0.273,0,119100,1
2026-09-09T10,66,1,0.274,0,35066,1
2026-09-09T10,66,1,0.275,251611,213629,6
2026-09-09T10,66,1,0.276,117268,0,5
2026-09-09T10,66,2,0.279,0,304312,1
2026-09-09T10,66,2,0.28,135962,0,1
2026-09-09T10,66,2,0.285,161618,0,1
2026-09-09T10,66,3,0.308,0,51083,1
2026-09-09T10,66,3,0.309,0,569069,2
2026-09-09T10,66,5,0.314,0,338640,1
2026-09-09T11,66,0,0.269,0,28109,1
2026-09-09T11,66,0,0.27,0,55250,3
2026-09-09T11,66,0,0.271,165981,287483,7
2026-09-09T11,66,0,0.272,431937,50299,5
2026-09-09T11,66,0,0.273,0,9822,2
2026-09-09T11,66,0,0.274,53399,0,1
2026-09-09T11,66,0,0.275,0,16066,1
2026-09-09T11,66,1,0.273,4990,1927965,3
2026-09-09T11,66,1,0.274,0,189271,2
2026-09-09T11,66,1,0.275,134000,729988,3
2026-09-09T11,66,1,0.276,165073,0,6
2026-09-09T11,66,2,0.276,0,101807,1
2026-09-09T11,66,2,0.277,0,85806,1
2026-09-09T11,66,2,0.278,0,25000,1
2026-09-09T11,66,2,0.279,0,52539,1
2026-09-09T11,66,2,0.28,0,303764,3
2026-09-09T11,66,2,0.281,93696,0,2
2026-09-09T11,66,3,0.307,0,497354,1
2026-09-09T11,66,3,0.308,40619,203362,3
2026-09-09T11,66,3,0.309,0,101408,1
2026-09-09T11,66,4,0.313,511914,0,1
2026-09-09T11,66,5,0.318,541000,0,3
2026-09-09T11,66,7,0.415,0,2367137,1
2026-09-09T11,66,8,0.615,926390,0,1
2026-09-09T11,66,12,0.68,20876,0,1
2026-09-09T12,66,0,0.262,0,11326,3
2026-09-09T12,66,0,0.263,33569,82587,6
2026-09-09T12,66,0,0.264,88554,13675,3
2026-09-09T12,66,0,0.265,0,1800,1
2026-09-09T12,66,0,0.266,13668,0,1
2026-09-09T12,66,0,0.27,478,3000,2
2026-09-09T12,66,0,0.271,118850,16040,3
2026-09-09T12,66,0,0.272,854531,0,5
2026-09-09T12,66,1,0.275,0,20394,2
2026-09-09T12,66,1,0.276,358282,37104,3
2026-09-09T12,66,1,0.277,145370,16731,3
2026-09-09T12,66,1,0.278,8269,22260,2
2026-09-09T12,66,1,0.279,112386,0,2
2026-09-09T12,66,2,0.28,0,100000,1
2026-09-09T12,66,2,0.281,0,6304,1
2026-09-09T12,66,2,0.285,0,338382,1
2026-09-09T12,66,2,0.286,0,336124,1
2026-09-09T12,66,2,0.287,0,528991,2
2026-09-09T12,66,2,0.288,0,243319,2
2026-09-09T12,66,2,0.289,223724,464577,2
2026-09-09T12,66,2,0.29,530321,0,1
2026-09-09T12,66,3,0.307,0,687911,1
2026-09-09T12,66,3,0.308,0,599835,1
2026-09-09T12,66,3,0.309,0,297919,1
2026-09-09T12,66,3,0.31,372086,0,3
2026-09-09T12,66,4,0.313,0,3874908,1
2026-09-09T12,66,4,0.314,0,300000,1
2026-09-09T12,66,4,0.315,0,377389,1
2026-09-09T12,66,4,0.317,261119,0,1
2026-09-09T12,66,5,0.317,0,592777,1
2026-09-09T12,66,5,0.318,2063500,0,2
2026-09-09T12,66,6,0.385,168000,0,1
2026-09-09T13,66,0,0.262,0,10145,1
2026-09-09T13,66,0,0.263,0,29852,1
2026-09-09T13,66,0,0.264,0,586339,2
2026-09-09T13,66,0,0.265,0,115,1
2026-09-09T13,66,0,0.266,0,82087,1
2026-09-09T13,66,0,0.267,0,32291,1
2026-09-09T13,66,0,0.268,0,232077,3
2026-09-09T13,66,0,0.269,0,111285,2
2026-09-09T13,66,0,0.27,43457,307591,6
2026-09-09T13,66,0,0.271,68,40794,3
2026-09-09T13,66,0,0.272,0,27107,2
2026-09-09T13,66,0,0.273,0,85917,1
2026-09-09T13,66,0,0.274,1999,93003,4
2026-09-09T13,66,0,0.275,99983,144640,5
2026-09-09T13,66,0,0.276,0,119744,5
2026-09-09T13,66,0,0.277,0,8268,2
2026-09-09T13,66,1,0.276,0,444810,1
2026-09-09T13,66,1,0.277,971169,0,4
2026-09-09T13,66,1,0.278,289,0,1
2026-09-09T13,66,2,0.285,35031,0,2
2026-09-09T13,66,2,0.289,0,113126,1
2026-09-09T13,66,2,0.29,0,35215,1
2026-09-09T13,66,2,0.291,35179,0,1
2026-09-09T13,66,3,0.31,129629,895371,4
2026-09-09T13,66,4,0.317,0,475002,2
2026-09-09T13,66,5,0.315,0,29254,1
2026-09-09T13,66,5,0.318,1278919,0,3
2026-09-09T13,66,8,0.615,66310,0,1
2026-09-09T14,66,0,0.262,0,2103,1
2026-09-09T14,66,0,0.263,0,22695,2
2026-09-09T14,66,0,0.264,0,91056,2
2026-09-09T14,66,0,0.265,31538,61356,3
2026-09-09T14,66,0,0.266,54688,0,1
2026-09-09T14,66,0,0.267,0,6197,1
2026-09-09T14,66,0,0.268,0,20000,1
2026-09-09T14,66,0,0.269,236780,71998,2
2026-09-09T14,66,0,0.271,59034,1202,2
2026-09-09T14,66,0,0.272,0,19492,1
2026-09-09T14,66,0,0.273,17378,0,1
2026-09-09T14,66,0,0.275,20953,0,1
2026-09-09T14,66,1,0.277,16000,44556,2
2026-09-09T14,66,1,0.278,0,79711,1
2026-09-09T14,66,1,0.279,199233,636268,4
2026-09-09T14,66,1,0.28,5726,8006,2
2026-09-09T14,66,2,0.283,68030,34000,2
2026-09-09T14,66,2,0.284,270000,0,2
2026-09-09T14,66,3,0.309,577060,546440,5
2026-09-09T14,66,3,0.31,761358,0,1
2026-09-09T14,66,5,0.318,477767,116581,2
2026-09-09T15,66,0,0.263,0,18000,1
2026-09-09T15,66,0,0.264,180459,175789,2
2026-09-09T15,66,0,0.265,0,400,1
2026-09-09T15,66,0,0.266,0,79130,3
2026-09-09T15,66,0,0.267,1911,114062,7
2026-09-09T15,66,0,0.268,70506,392751,10
2026-09-09T15,66,0,0.269,344836,0,5
2026-09-09T15,66,1,0.273,0,124032,2
2026-09-09T15,66,1,0.274,270000,31718,3
2026-09-09T15,66,1,0.275,8152,84148,3
2026-09-09T15,66,1,0.276,0,311000,3
2026-09-09T15,66,1,0.277,336583,0,1
2026-09-09T15,66,2,0.281,0,55401,2
2026-09-09T15,66,2,0.282,0,218980,1
2026-09-09T15,66,2,0.283,0,291980,2
2026-09-09T15,66,2,0.284,65756,1065345,2
2026-09-09T15,66,2,0.285,0,964969,1
2026-09-09T15,66,2,0.286,0,511261,2
2026-09-09T15,66,2,0.287,0,321496,2
2026-09-09T15,66,2,0.288,0,235793,1
2026-09-09T15,66,2,0.289,0,53092,1
2026-09-09T15,66,2,0.29,0,493149,2
2026-09-09T15,66,2,0.291,0,158921,1
2026-09-09T15,66,3,0.309,376281,0,2
2026-09-09T15,66,5,0.318,100000,0,1
2026-09-09T15,66,7,0.415,0,9880,1
2026-09-09T16,66,0,0.267,0,20939,3
2026-09-09T16,66,0,0.268,60950,4746,2
2026-09-09T16,66,0,0.269,250609,68471,4
2026-09-09T16,66,0,0.27,78302,495700,7
2026-09-09T16,66,0,0.271,176202,180389,4
2026-09-09T16,66,0,0.272,5748,9350,3
2026-09-09T16,66,1,0.273,109453,47260,3
2026-09-09T16,66,1,0.274,899709,0,3
2026-09-09T16,66,2,0.29,144301,155699,2
2026-09-09T16,66,2,0.291,0,300000,1
2026-09-09T16,66,2,0.292,0,859125,2
2026-09-09T16,66,2,0.293,0,296069,2
2026-09-09T16,66,2,0.294,0,414642,2
2026-09-09T16,66,2,0.295,114819,0,1
2026-09-09T16,66,3,0.309,0,89116,1
2026-09-09T16,66,3,0.31,0,94393,1
2026-09-09T16,66,3,0.311,421107,0,1
2026-09-09T16,66,5,0.318,0,368235,1
2026-09-09T16,66,5,0.319,0,24655,1
2026-09-09T16,66,5,0.32,663110,0,2
2026-09-09T17,66,0,0.271,0,26267,1
2026-09-09T17,66,0,0.272,219268,100381,6
2026-09-09T17,66,0,0.273,11129,121820,3
2026-09-09T17,66,0,0.274,54462,6495,4
2026-09-09T17,66,1,0.273,0,557081,1
2026-09-09T17,66,1,0.274,696794,595721,8
2026-09-09T17,66,1,0.275,1851104,64995,5
2026-09-09T17,66,1,0.276,35005,0,1
2026-09-09T17,66,2,0.288,19313,0,1
2026-09-09T17,66,2,0.289,0,191661,1
2026-09-09T17,66,2,0.29,0,500000,1
2026-09-09T17,66,2,0.291,0,154292,1
2026-09-09T17,66,2,0.292,217316,0,2
2026-09-09T17,66,3,0.302,0,400000,1
2026-09-09T17,66,3,0.309,155200,844801,4
2026-09-09T17,66,3,0.31,79179,45241,2
2026-09-09T17,66,4,0.315,89056,0,1
2026-09-09T18,66,0,0.267,0,12551,1
2026-09-09T18,66,0,0.268,0,136207,3
2026-09-09T18,66,0,0.269,1,68397,2
2026-09-09T18,66,0,0.27,0,55256,2
2026-09-09T18,66,0,0.271,253247,46753,2
2026-09-09T18,66,0,0.272,0,26211,1
2026-09-09T18,66,0,0.274,56688,337424,4
2026-09-09T18,66,0,0.275,399341,42030,3
2026-09-09T18,66,0,0.276,6000,779956,2
2026-09-09T18,66,0,0.277,491820,60223,3
2026-09-09T18,66,0,0.278,10103,4897,2
2026-09-09T18,66,1,0.275,0,19803,1
2026-09-09T18,66,1,0.276,316135,20359,2
2026-09-09T18,66,1,0.277,322753,73884,3
2026-09-09T18,66,1,0.278,0,69295,1
2026-09-09T18,66,1,0.279,0,126817,2
2026-09-09T18,66,1,0.28,0,147922,1
2026-09-09T18,66,1,0.281,0,1014000,2
2026-09-09T18,66,1,0.282,0,533336,2
2026-09-09T18,66,1,0.283,0,386049,1
2026-09-09T18,66,1,0.284,160816,0,1
2026-09-09T18,66,2,0.286,0,479127,1
2026-09-09T18,66,2,0.287,39473,0,2
2026-09-09T18,66,2,0.288,0,400687,1
2026-09-09T18,66,2,0.289,0,408970,2
2026-09-09T18,66,2,0.29,666405,125,3
2026-09-09T18,66,3,0.306,0,1103429,1
2026-09-09T18,66,3,0.31,0,720821,1
2026-09-09T18,66,3,0.311,0,706904,2
2026-09-09T18,66,3,0.312,0,3830,1
2026-09-09T18,66,3,0.313,0,432293,1
2026-09-09T18,66,3,0.315,361015,72580,2
2026-09-09T18,66,4,0.314,0,121823,1
2026-09-09T18,66,4,0.315,0,195944,1
2026-09-09T18,66,5,0.316,53694,50802,2
2026-09-09T19,66,0,0.269,0,3354,1
2026-09-09T19,66,0,0.27,406375,55526,6
2026-09-09T19,66,0,0.272,31689,16120,2
2026-09-09T19,66,0,0.273,0,5649,1
2026-09-09T19,66,0,0.274,0,178564,1
2026-09-09T19,66,0,0.275,0,165256,2
2026-09-09T19,66,0,0.276,385886,304648,6
2026-09-09T19,66,0,0.277,213697,317236,5
2026-09-09T19,66,0,0.278,73582,22895,3
2026-09-09T19,66,1,0.276,0,34234,1
2026-09-09T19,66,1,0.279,797,0,1
2026-09-09T19,66,2,0.284,0,520000,1
2026-09-09T19,66,2,0.285,280144,50000,2
2026-09-09T19,66,2,0.286,0,584600,2
2026-09-09T19,66,2,0.287,0,59174,1
2026-09-09T19,66,2,0.288,451960,0,1
2026-09-09T19,66,4,0.316,60000,0,1
2026-09-09T19,66,5,0.319,0,124074,1
2026-09-09T19,66,5,0.32,402256,0,1
2026-09-09T19,66,8,0.58,0,266620,1
2026-09-09T19,66,8,0.61,0,368400,1
2026-09-09T19,66,10,0.685,0,1000000,1
2026-09-09T19,66,12,0.655,5000,0,1
2026-09-09T20,66,0,0.267,0,137866,2
2026-09-09T20,66,0,0.268,0,478381,3
2026-09-09T20,66,0,0.269,92212,17432,5
2026-09-09T20,66,0,0.27,73877,48323,5
2026-09-09T20,66,0,0.271,50794,94295,6
2026-09-09T20,66,0,0.272,5341,80378,3
2026-09-09T20,66,0,0.274,4471,3662,2
2026-09-09T20,66,1,0.27,0,120881,1
2026-09-09T20,66,1,0.271,28932,132225,2
2026-09-09T20,66,1,0.272,440360,36502,3
2026-09-09T20,66,1,0.273,57544,30121,2
2026-09-09T20,66,1,0.275,405585,0,2
2026-09-09T20,66,2,0.284,0,3471,1
2026-09-09T20,66,2,0.285,0,482346,1
2026-09-09T20,66,2,0.287,0,58707,1
2026-09-09T20,66,2,0.288,0,48040,1
2026-09-09T20,66,2,0.289,794389,446230,3
2026-09-09T20,66,2,0.29,0,137888,1
2026-09-09T20,66,2,0.291,0,128727,1
2026-09-09T20,66,2,0.292,0,155011,1
2026-09-09T20,66,2,0.293,20011,22652,2
2026-09-09T20,66,2,0.294,109492,581712,2
2026-09-09T20,66,2,0.295,264957,0,1
2026-09-09T20,66,3,0.304,0,463597,1
2026-09-09T20,66,3,0.311,0,81300,1
2026-09-09T20,66,3,0.313,314662,0,1
2026-09-09T20,66,4,0.315,0,300000,1
2026-09-09T20,66,4,0.316,3969234,0,1
2026-09-09T20,66,5,0.319,7438,97269,2
2026-09-09T20,66,5,0.32,902731,0,1
2026-09-09T21,66,0,0.271,0,402173,1
2026-09-09T21,66,0,0.272,13673,113088,3
2026-09-09T21,66,0,0.273,0,46128,2
2026-09-09T21,66,0,0.274,3255,153892,3
2026-09-09T21,66,0,0.275,32065,267935,2
2026-09-09T21,66,0,0.276,0,125991,5
2026-09-09T21,66,0,0.277,0,11910,3
2026-09-09T21,66,0,0.278,0,42500,3
2026-09-09T21,66,0,0.279,70959,137964,5
2026-09-09T21,66,1,0.274,0,970,1
2026-09-09T21,66,1,0.275,399739,195541,2
2026-09-09T21,66,1,0.276,0,20000,1
2026-09-09T21,66,1,0.277,213201,320115,4
2026-09-09T21,66,1,0.278,0,220759,2
2026-09-09T21,66,1,0.279,1275700,304680,5
2026-09-09T21,66,1,0.28,0,35000,1
2026-09-09T21,66,1,0.281,22780,0,1
2026-09-09T21,66,2,0.287,0,117678,1
2026-09-09T21,66,2,0.288,6000,0,1
2026-09-09T21,66,4,0.314,100000,0,1
2026-09-09T21,66,5,0.32,716505,4247800,5
2026-09-09T21,66,10,0.65,0,1000000,1
2026-09-09T21,66,12,0.655,0,235613,1
2026-09-09T21,66,12,0.66,1,0,1
2026-09-09T22,66,0,0.277,45400,78241,3
2026-09-09T22,66,0,0.278,114775,211337,5
2026-09-09T22,66,0,0.279,66780,104631,6
2026-09-09T22,66,0,0.28,497684,0,3
2026-09-09T22,66,1,0.28,0,348182,2
2026-09-09T22,66,1,0.281,322068,27220,5
2026-09-09T22,66,2,0.285,0,102303,1
2026-09-09T22,66,2,0.286,0,23206,2
2026-09-09T22,66,2,0.287,109711,40289,2
2026-09-09T22,66,2,0.288,159711,0,1
2026-09-09T22,66,3,0.305,35714,0,1
2026-09-09T22,66,3,0.306,48212,0,2
2026-09-09T23,66,0,0.269,0,12834,2
2026-09-09T23,66,0,0.27,0,5683,1
2026-09-09T23,66,0,0.271,42852,0,1
2026-09-09T23,66,0,0.273,0,63604,1
2026-09-09T23,66,0,0.274,19297,6968,2
2026-09-09T23,66,0,0.275,372303,780570,7
2026-09-09T23,66,0,0.276,90108,2767,2
2026-09-09T23,66,0,0.277,5119,0,1
2026-09-09T23,66,1,0.27,0,11928,1
2026-09-09T23,66,1,0.28,0,48006,2
2026-09-09T23,66,1,0.281,220502,0,2
2026-09-09T23,66,2,0.286,0,100000,1
2026-09-09T23,66,2,0.288,0,15579,1
2026-09-09T23,66,2,0.289,0,71927,1
2026-09-09T23,66,2,0.29,327340,200000,3
2026-09-09T23,66,2,0.291,0,202371,1
2026-09-09T23,66,2,0.292,1452123,0,1
2026-09-09T23,66,3,0.303,0,1130842,1
2026-09-09T23,66,3,0.304,0,500000,1
2026-09-09T23,66,3,0.305,0,389594,2
2026-09-09T23,66,4,0.312,0,441580,1
2026-09-09T23,66,4,0.313,0,120000,1
2026-09-09T23,66,4,0.314,0,456177,1
2026-09-09T23,66,4,0.315,0,119754,1
2026-09-09T23,66,5,0.32,0,395599,1
2026-09-09T23,66,6,0.383,0,108420,1
2026-09-09T23,66,6,0.384,0,546906,1
2026-09-09T23,66,6,0.385,344674,0,1
2026-09-10T00,66,0,0.269,65901,7049,3
2026-09-10T00,66,0,0.27,0,17291,3
2026-09-10T00,66,0,0.271,90,29836,3
2026-09-10T00,66,0,0.272,0,33467,2
2026-09-10T00,66,0,0.273,0,25217,2
2026-09-10T00,66,0,0.274,0,47422,3
2026-09-10T00,66,0,0.275,0,727205,4
2026-09-10T00,66,0,0.276,437358,663953,10
2026-09-10T00,66,0,0.277,189960,90438,4
2026-09-10T00,66,1,0.278,156844,0,1
2026-09-10T00,66,1,0.279,172087,169253,2
2026-09-10T00,66,1,0.28,19452,0,1
2026-09-10T00,66,1,0.281,28724,0,1
2026-09-10T00,66,2,0.29,0,1447062,1
2026-09-10T00,66,2,0.291,0,773504,1
2026-09-10T00,66,2,0.292,0,537,1
2026-09-10T00,66,2,0.293,0,13254,1
2026-09-10T00,66,2,0.294,0,1737399,2
2026-09-10T00,66,2,0.295,0,1287793,1
2026-09-10T00,66,2,0.297,32974,0,1
2026-09-10T00,66,3,0.306,326202,1069886,3
2026-09-10T00,66,3,0.307,0,709467,2
2026-09-10T00,66,3,0.308,0,1188900,1
2026-09-10T00,66,3,0.309,0,433993,1
2026-09-10T00,66,3,0.31,66007,0,1
2026-09-10T00,66,5,0.321,140978,0,1
2026-09-10T01,66,0,0.273,0,64373,2
2026-09-10T01,66,0,0.274,0,5356,1
2026-09-10T01,66,0,0.275,6711,941262,3
2026-09-10T01,66,0,0.276,0,126327,6
2026-09-10T01,66,0,0.277,588131,380616,10
2026-09-10T01,66,0,0.278,320641,0,2
2026-09-10T01,66,1,0.278,0,126386,1
2026-09-10T01,66,1,0.28,140548,0,2
2026-09-10T01,66,3,0.306,0,500000,1
2026-09-10T01,66,3,0.307,0,783444,1
2026-09-10T01,66,3,0.308,0,14510,1
2026-09-10T01,66,3,0.31,0,543902,1
2026-09-10T01,66,3,0.312,0,2344,1
2026-09-10T01,66,3,0.313,36432,119368,2
2026-09-10T02,66,0,0.269,0,59576,1
2026-09-10T02,66,0,0.27,2231,25919,2
2026-09-10T02,66,0,0.276,0,6402,2
2026-09-10T02,66,0,0.277,4901,33123,4
2026-09-10T02,66,0,0.278,23351,826508,7
2026-09-10T02,66,0,0.279,0,38725,4
2026-09-10T02,66,0,0.28,637369,0,5
2026-09-10T02,66,1,0.278,0,48186,2
2026-09-10T02,66,1,0.279,342311,157689,3
2026-09-10T02,66,1,0.28,0,46000,1
2026-09-10T02,66,1,0.281,29640,0,2
2026-09-10T02,66,2,0.294,0,197598,1
2026-09-10T02,66,2,0.295,0,7610,1
2026-09-10T02,66,2,0.296,131042,0,2
2026-09-10T02,66,4,0.316,40863,0,1
2026-09-10T02,66,7,0.41,700000,0,1
2026-09-10T03,66,0,0.273,0,248,1
2026-09-10T03,66,0,0.274,24951,0,1
2026-09-10T03,66,0,0.276,0,7000,1
2026-09-10T03,66,0,0.277,1000,0,1
2026-09-10T03,66,0,0.278,0,15151,1
2026-09-10T03,66,0,0.279,0,408375,5
2026-09-10T03,66,0,0.28,585710,175637,13
2026-09-10T03,66,1,0.281,0,228882,1
2026-09-10T03,66,1,0.282,0,272972,2
2026-09-10T03,66,1,0.283,0,489095,1
2026-09-10T03,66,1,0.284,243910,0,3
2026-09-10T03,66,2,0.294,745546,358851,5
2026-09-10T03,66,2,0.295,1030912,0,3
2026-09-10T03,66,3,0.308,400000,0,1
2026-09-10T03,66,4,0.316,1207476,0,1
2026-09-10T04,66,0,0.271,0,115,1
2026-09-10T04,66,0,0.272,0,8097,2
2026-09-10T04,66,0,0.273,7345,89577,4
2026-09-10T04,66,0,0.274,21271,522961,7
2026-09-10T04,66,0,0.275,0,9589,3
2026-09-10T04,66,0,0.276,66204,19620,3
2026-09-10T04,66,0,0.277,0,60,1
2026-09-10T04,66,0,0.278,82398,46639,3
2026-09-10T04,66,0,0.279,187295,0,2
2026-09-10T04,66,1,0.274,0,1267,1
2026-09-10T04,66,1,0.275,148533,0,2
2026-09-10T04,66,1,0.278,0,25000,1
2026-09-10T04,66,1,0.279,267346,0,2
2026-09-10T04,66,1,0.281,80000,0,2
2026-09-10T04,66,2,0.294,96476,214292,3
2026-09-10T04,66,3,0.306,50000,0,1
2026-09-10T04,66,12,0.66,120,0,1
2026-09-10T05,66,0,0.266,9808,87778,3
2026-09-10T05,66,0,0.267,0,99809,2
2026-09-10T05,66,0,0.268,0,148727,3
2026-09-10T05,66,0,0.269,0,2744,1
2026-09-10T05,66,0,0.271,0,397,1
2026-09-10T05,66,0,0.272,0,300,1
2026-09-10T05,66,0,0.273,14420,0,2
2026-09-10T05,66,1,0.266,0,92826,1
2026-09-10T05,66,1,0.267,262179,14664,2
2026-09-10T05,66,1,0.268,8940,270076,2
2026-09-10T05,66,1,0.269,326445,0,3
2026-09-10T05,66,1,0.27,65290,0,2
2026-09-10T05,66,1,0.275,66000,0,1
2026-09-10T05,66,2,0.289,93919,0,1
2026-09-10T05,66,2,0.293,0,132000,1
2026-09-10T05,66,2,0.294,27986,0,1
2026-09-10T05,66,3,0.305,0,32014,1
2026-09-10T05,66,3,0.306,0,321243,1
2026-09-10T05,66,3,0.307,0,229218,1
2026-09-10T05,66,3,0.308,0,157820,1
2026-09-10T05,66,3,0.309,0,1359503,1
2026-09-10T05,66,5,0.32,0,1931788,2
2026-09-10T05,66,5,0.321,0,1561892,1
2026-09-10T05,66,5,0.322,0,323313,2
2026-09-10T05,66,5,0.323,0,2121638,2
2026-09-10T05,66,7,0.41,250000,0,1
2026-09-10T05,66,11,0.655,0,1,1
2026-09-10T06,66,0,0.269,24977,222342,3
2026-09-10T06,66,0,0.27,2866,111540,6
2026-09-10T06,66,0,0.272,0,29854,3
2026-09-10T06,66,0,0.273,0,312568,6
2026-09-10T06,66,0,0.274,19675,37678,3
2026-09-10T06,66,1,0.269,0,74828,1
2026-09-10T06,66,1,0.27,0,15920,1
2026-09-10T06,66,1,0.271,424485,17748,3
2026-09-10T06,66,1,0.273,0,33738,2
2026-09-10T06,66,1,0.274,11744,131326,5
2026-09-10T06,66,1,0.275,711488,0,4
2026-09-10T06,66,2,0.284,0,386652,1
2026-09-10T06,66,2,0.285,0,77052,1
2026-09-10T06,66,2,0.286,0,191394,1
2026-09-10T06,66,2,0.287,0,32285,1
2026-09-10T06,66,2,0.288,0,17403,1
2026-09-10T06,66,2,0.289,0,460358,2
2026-09-10T06,66,2,0.29,0,707250,2
2026-09-10T06,66,2,0.291,0,9163,1
2026-09-10T06,66,2,0.292,0,761222,1
2026-09-10T06,66,2,0.294,58624,0,2
2026-09-10T06,66,3,0.31,0,758503,2
2026-09-10T06,66,3,0.311,792042,402328,2
2026-09-10T06,66,3,0.312,0,693569,2
2026-09-10T06,66,3,0.313,491207,0,1
2026-09-10T06,66,4,0.313,0,300000,1
2026-09-10T06,66,4,0.314,67583,0,1
2026-09-10T06,66,5,0.325,464869,0,2
2026-09-10T06,66,7,0.41,400000,0,1
2026-09-10T06,66,10,0.655,438037,0,1
2026-09-10T06,66,12,0.655,0,731963,1
2026-09-10T07,66,0,0.268,0,5000,1
2026-09-10T07,66,0,0.269,0,18019,2
2026-09-10T07,66,0,0.27,0,21870,3
2026-09-10T07,66,0,0.271,0,24300,3
2026-09-10T07,66,0,0.272,0,44900,2
2026-09-10T07,66,0,0.273,0,203546,6
2026-09-10T07,66,0,0.274,49142,120258,6
2026-09-10T07,66,0,0.275,45061,138812,8
2026-09-10T07,66,0,0.276,101832,102324,5
2026-09-10T07,66,1,0.275,102422,593104,4
2026-09-10T07,66,1,0.276,281277,530623,4
2026-09-10T07,66,1,0.278,0,30000,1
2026-09-10T07,66,1,0.279,96650,502339,3
2026-09-10T07,66,1,0.28,155655,0,1
2026-09-10T07,66,2,0.292,67340,0,1
2026-09-10T07,66,2,0.294,70043,41872,2
2026-09-10T07,66,3,0.31,250000,1821388,3
2026-09-10T07,66,3,0.311,81991,0,1
2026-09-10T08,66,0,0.27,0,70,1
2026-09-10T08,66,0,0.273,261191,376017,6
2026-09-10T08,66,0,0.274,0,187256,5
2026-09-10T08,66,0,0.275,1117673,24130,8
2026-09-10T08,66,0,0.276,164469,155112,5
2026-09-10T08,66,1,0.278,30000,0,1
2026-09-10T08,66,1,0.279,173870,0,2
2026-09-10T08,66,2,0.288,0,1056461,1
2026-09-10T08,66,2,0.289,267173,131431,3
2026-09-10T08,66,2,0.29,0,20914,1
2026-09-10T08,66,2,0.291,95655,0,1
2026-09-10T08,66,4,0.312,1392066,0,1
2026-09-10T08,66,5,0.325,120000,0,1
2026-09-10T09,66,0,0.268,0,76214,2
2026-09-10T09,66,0,0.269,0,9670,1
2026-09-10T09,66,0,0.27,2571,17314,2
2026-09-10T09,66,0,0.271,30980,86080,2
2026-09-10T09,66,0,0.272,0,40828,1
2026-09-10T09,66,0,0.273,0,148696,2
2026-09-10T09,66,0,0.274,184255,76961,7
2026-09-10T09,66,0,0.275,478888,0,4
2026-09-10T09,66,1,0.27,0,11108,1
2026-09-10T09,66,1,0.278,117948,252052,2
2026-09-10T09,66,1,0.279,15537,10594,3
2026-09-10T09,66,1,0.28,284236,182693,4
2026-09-10T09,66,1,0.281,52389,0,2
2026-09-10T09,66,2,0.289,0,71759,1
2026-09-10T09,66,2,0.29,203970,0,1
2026-09-10T09,66,2,0.291,99505,0,2
2026-09-10T09,66,2,0.292,0,169905,1
2026-09-10T09,66,10,0.655,0,561963,1
2026-09-10T10,66,0,0.267,0,8883,1
2026-09-10T10,66,0,0.268,18803,153734,3
2026-09-10T10,66,0,0.269,184812,88910,6
2026-09-10T10,66,0,0.27,7872,117818,5
2026-09-10T10,66,0,0.271,0,25246,1
2026-09-10T10,66,0,0.272,0,42771,2
2026-09-10T10,66,0,0.273,0,21514,2
2026-09-10T10,66,0,0.274,303573,4413,6
2026-09-10T10,66,0,0.275,112648,0,1
2026-09-10T10,66,1,0.281,27938,151609,2
2026-09-10T10,66,1,0.282,0,449,1
2026-09-10T10,66,1,0.283,288563,465463,6
2026-09-10T10,66,1,0.284,0,1698008,3
2026-09-10T10,66,1,0.285,0,1043924,3
2026-09-10T10,66,1,0.286,0,116034,1
2026-09-10T10,66,1,0.287,0,69106,1
2026-09-10T10,66,1,0.289,0,6243706,2
2026-09-10T10,66,1,0.29,0,100001,2
2026-09-10T10,66,1,0.291,0,51000,1
2026-09-10T10,66,1,0.292,0,10618,1
2026-09-10T10,66,1,0.293,0,622926,1
2026-09-10T10,66,1,0.294,0,19288,1
2026-09-10T10,66,1,0.295,0,300000,1
2026-09-10T10,66,1,0.32,0,400,1
2026-09-10T10,66,1,0.347,19410,263922,2
2026-09-10T10,66,1,0.349,0,10254321,1
2026-09-10T10,66,2,0.284,80000,260879,2
2026-09-10T10,66,2,0.285,0,500000,1
2026-09-10T10,66,2,0.287,0,10710,1
2026-09-10T10,66,2,0.288,0,36475,1
2026-09-10T10,66,2,0.289,0,118830,1
2026-09-10T10,66,2,0.29,0,5954,1
2026-09-10T10,66,2,0.291,0,280784,1
2026-09-10T10,66,2,0.293,0,210269,1
2026-09-10T10,66,2,0.294,0,2264827,3
2026-09-10T10,66,2,0.295,0,364596,2
2026-09-10T10,66,2,0.296,0,2505488,2
2026-09-10T10,66,2,0.297,0,2026,1
2026-09-10T10,66,2,0.298,0,1154723,1
2026-09-10T10,66,2,0.299,0,375702,1
2026-09-10T10,66,2,0.302,0,20583,1
2026-09-10T10,66,2,0.32,0,450369,1
2026-09-10T10,66,2,0.347,0,25097,1
2026-09-10T10,66,2,0.348,304428,0,2
2026-09-10T10,66,2,0.349,0,8532565,1
2026-09-10T10,66,3,0.309,4129,275108,2
2026-09-10T10,66,3,0.31,0,1422550,3
2026-09-10T10,66,3,0.311,0,861825,1
2026-09-10T10,66,3,0.312,0,12560,1
2026-09-10T10,66,3,0.313,0,1632401,1
2026-09-10T10,66,3,0.314,0,349792,1
2026-09-10T10,66,3,0.315,0,1295515,1
2026-09-10T10,66,3,0.35,0,1000000,1
2026-09-10T10,66,3,0.371,0,6849751,1
2026-09-10T10,66,4,0.31,0,17249,1
2026-09-10T10,66,4,0.311,0,1621409,1
2026-09-10T10,66,4,0.312,0,8607934,1
2026-09-10T10,66,4,0.313,0,5804241,2
2026-09-10T10,66,4,0.314,0,657417,1
2026-09-10T10,66,4,0.315,0,50000,1
2026-09-10T10,66,4,0.316,0,510293,1
2026-09-10T10,66,4,0.317,0,900000,1
2026-09-10T10,66,4,0.318,0,140000,1
2026-09-10T10,66,4,0.32,0,484240,1
2026-09-10T10,66,4,0.35,0,8000000,1
2026-09-10T10,66,4,0.372,11646696,0,2
2026-09-10T10,66,5,0.32,79500,287884,2
2026-09-10T10,66,5,0.325,0,15131,1
2026-09-10T10,66,5,0.326,0,658199,2
2026-09-10T10,66,5,0.327,0,1426679,1
2026-09-10T10,66,5,0.342,0,2600000,1
2026-09-10T10,66,5,0.384,0,4987893,1
2026-09-10T11,66,0,0.269,0,92595,3
2026-09-10T11,66,0,0.27,574138,0,7
2026-09-10T11,66,0,0.272,7500,0,1
2026-09-10T11,66,0,0.275,0,274777,1
2026-09-10T11,66,0,0.276,318963,153313,4
2026-09-10T11,66,1,0.346,133000,0,1
2026-09-10T11,66,2,0.333,0,186585,1
2026-09-10T11,66,2,0.334,40741,0,1
2026-09-10T11,66,2,0.345,0,3030,1
2026-09-10T11,66,2,0.346,0,127492,2
2026-09-10T11,66,2,0.347,37478,0,1
2026-09-10T11,66,2,0.348,78413,0,1
2026-09-10T11,66,3,0.35,0,131800,1
2026-09-10T11,66,3,0.358,0,142664,1
2026-09-10T11,66,3,0.359,0,84723,1
2026-09-10T11,66,3,0.371,1187700,0,1
2026-09-10T11,66,4,0.359,0,121726,1
2026-09-10T11,66,5,0.36,0,1608049,1
2026-09-10T11,66,7,0.41,0,1515613,1
2026-09-10T12,66,0,0.268,371298,48288,5
2026-09-10T12,66,0,0.269,185966,1683074,7
2026-09-10T12,66,0,0.27,188679,4235526,4
2026-09-10T12,66,0,0.272,0,29500,1
2026-09-10T12,66,0,0.273,0,19500,1
2026-09-10T12,66,0,0.274,0,48581,1
2026-09-10T12,66,0,0.275,0,143633,4
2026-09-10T12,66,0,0.276,0,429807,4
2026-09-10T12,66,0,0.277,127309,161049,7
2026-09-10T12,66,1,0.286,97036,52614,4
2026-09-10T12,66,2,0.28,0,10000,1
2026-09-10T12,66,2,0.287,0,37839,2
2026-09-10T12,66,2,0.288,0,44655,2
2026-09-10T12,66,2,0.289,0,86231,1
2026-09-10T12,66,2,0.29,0,10000,1
2026-09-10T12,66,2,0.3,0,1000,1
2026-09-10T12,66,2,0.31,9000,1000,2
2026-09-10T12,66,2,0.327,318433,0,2
2026-09-10T12,66,2,0.334,104394,0,1
2026-09-10T12,66,4,0.37,800416,37278,2
2026-09-10T12,66,4,0.371,0,96052,1
2026-09-10T12,66,4,0.372,1353160,0,2
2026-09-10T12,66,5,0.384,0,103054,1
2026-09-10T12,66,6,0.385,352459,0,2
2026-09-10T12,66,12,0.645,0,51612,1
2026-09-10T12,66,12,0.65,0,32060,1
2026-09-10T13,66,0,0.266,0,124760,1
2026-09-10T13,66,0,0.267,0,20115,2
2026-09-10T13,66,0,0.268,0,1391,1
2026-09-10T13,66,0,0.269,0,40108,2
2026-09-10T13,66,0,0.27,673886,108973,7
2026-09-10T13,66,0,0.271,216700,211239,3
2026-09-10T13,66,0,0.276,42070,2047,2
2026-09-10T13,66,0,0.277,30500,0,1
2026-09-10T13,66,1,0.269,0,121719,1
2026-09-10T13,66,1,0.271,126179,9391,2
2026-09-10T13,66,1,0.286,0,73354,1
2026-09-10T13,66,1,0.289,0,31000,1
2026-09-10T13,66,1,0.297,110609,0,1
2026-09-10T13,66,1,0.309,8826,0,1
2026-09-10T13,66,2,0.299,0,8826,1
2026-09-10T13,66,2,0.3,0,169514,2
2026-09-10T13,66,2,0.326,0,6039,1
2026-09-10T13,66,2,0.327,0,19115,1
2026-09-10T13,66,3,0.328,2184029,324745,2
2026-09-10T13,66,3,0.329,1033007,103482,3
2026-09-10T13,66,3,0.33,0,995358,1
2026-09-10T13,66,3,0.349,0,73068,1
2026-09-10T13,66,3,0.368,0,1326603,1
2026-09-10T13,66,4,0.349,0,178605,1
2026-09-10T13,66,4,0.35,0,300000,1
2026-09-10T13,66,6,0.385,522000,0,1
2026-09-10T13,66,8,0.61,82366,0,1
2026-09-10T14,66,0,0.271,0,83135,1
2026-09-10T14,66,0,0.272,0,11558,1
2026-09-10T14,66,0,0.273,3258,68311,6
2026-09-10T14,66,0,0.275,0,121862,5
2026-09-10T14,66,0,0.276,426900,624568,8
2026-09-10T14,66,0,0.277,680118,95971,8
2026-09-10T14,66,1,0.295,0,2500,1
2026-09-10T14,66,1,0.296,0,526955,3
2026-09-10T14,66,1,0.297,340881,51363,5
2026-09-10T14,66,1,0.305,0,489737,1
2026-09-10T14,66,1,0.309,0,107015,1
2026-09-10T14,66,1,0.325,0,106665,1
2026-09-10T14,66,2,0.325,100660,463932,3
2026-09-10T14,66,2,0.326,0,44403,1
2026-09-10T14,66,2,0.327,64132,0,2
2026-09-10T14,66,4,0.369,0,1406566,1
2026-09-10T14,66,4,0.37,0,209479,1
2026-09-10T14,66,4,0.372,195396,0,1
2026-09-10T15,66,0,0.272,0,6648,1
2026-09-10T15,66,0,0.273,34728,47947,2
2026-09-10T15,66,0,0.274,0,67503,4
2026-09-10T15,66,0,0.275,352749,383500,8
2026-09-10T15,66,0,0.276,850387,465627,11
2026-09-10T15,66,1,0.3,22000,0,2
2026-09-10T15,66,1,0.315,39985,0,1
2026-09-10T15,66,2,0.325,0,150000,1
2026-09-10T15,66,2,0.326,0,500000,1
2026-09-10T15,66,2,0.327,0,238346,2
2026-09-10T15,66,2,0.328,0,470422,1
2026-09-10T15,66,2,0.33,0,25190,1
2026-09-10T15,66,2,0.331,0,76361,1
2026-09-10T15,66,2,0.332,248449,0,1
2026-09-10T15,66,3,0.347,15164,576638,2
2026-09-10T15,66,4,0.348,0,740712,1
2026-09-10T15,66,4,0.349,279188,0,1
2026-09-10T15,66,6,0.376,0,1781806,1
2026-09-10T16,66,0,0.267,0,5196,1
2026-09-10T16,66,0,0.268,0,365460,3
2026-09-10T16,66,0,0.269,0,123389,2
2026-09-10T16,66,0,0.27,540031,384867,6
2026-09-10T16,66,0,0.271,0,19470,4
2026-09-10T16,66,0,0.272,149718,70076,3
2026-09-10T16,66,0,0.273,945,189382,3
2026-09-10T16,66,0,0.274,0,52704,1
2026-09-10T16,66,0,0.275,44423,49315,2
2026-09-10T16,66,0,0.276,109262,79400,3
2026-09-10T16,66,0,0.277,133502,0,3
2026-09-10T16,66,1,0.296,410849,0,4
2026-09-10T16,66,1,0.297,0,40000,1
2026-09-10T16,66,1,0.298,0,127799,1
2026-09-10T16,66,1,0.299,300000,4,2
2026-09-10T16,66,1,0.3,60362,0,1
2026-09-10T16,66,2,0.328,0,42903,1
2026-09-10T16,66,2,0.329,0,50000,1
2026-09-10T16,66,2,0.331,145880,205598,2
2026-09-10T16,66,2,0.332,111676,0,1
2026-09-10T16,66,3,0.348,0,76390,1
2026-09-10T16,66,4,0.349,268610,0,1
2026-09-10T16,66,5,0.373,138554,0,2
2026-09-10T16,66,12,0.645,0,95760,1
2026-09-10T17,66,0,0.268,0,76387,1
2026-09-10T17,66,0,0.269,0,59566,1
2026-09-10T17,66,0,0.27,0,8403,1
2026-09-10T17,66,0,0.274,0,9982,2
2026-09-10T17,66,0,0.275,0,5000,1
2026-09-10T17,66,0,0.276,373741,332220,9
2026-09-10T17,66,0,0.277,232995,176221,8
2026-09-10T17,66,0,0.278,0,31234,2
2026-09-10T17,66,0,0.279,49765,0,1
2026-09-10T17,66,1,0.279,37310,0,1
2026-09-10T17,66,1,0.295,0,418491,1
2026-09-10T17,66,1,0.296,0,518908,1
2026-09-10T17,66,1,0.297,616168,0,4
2026-09-10T17,66,2,0.317,23011,148374,2
2026-09-10T17,66,2,0.318,0,2591,1
2026-09-10T17,66,2,0.32,4187,0,1
2026-09-10T17,66,2,0.329,36451,0,1
2026-09-10T17,66,3,0.342,700000,0,1
2026-09-10T17,66,4,0.345,85109,0,1
2026-09-10T17,66,7,0.399,0,1432779,1
2026-09-10T17,66,12,0.65,1000,0,1
2026-09-10T18,66,0,0.274,0,16456,1
2026-09-10T18,66,0,0.275,0,33132,3
2026-09-10T18,66,0,0.277,63013,109611,4
2026-09-10T18,66,0,0.278,0,171694,5
2026-09-10T18,66,0,0.279,49106,158705,6
2026-09-10T18,66,0,0.28,353255,127821,16
2026-09-10T18,66,1,0.279,571273,96991,3
2026-09-10T18,66,1,0.293,0,4284,1
2026-09-10T18,66,1,0.294,36186,139180,2
2026-09-10T18,66,1,0.295,0,95849,1
2026-09-10T18,66,1,0.296,322538,0,3
2026-09-10T18,66,1,0.297,259694,0,1
2026-09-10T18,66,2,0.315,0,232921,1
2026-09-10T18,66,2,0.316,0,44235,1
2026-09-10T18,66,2,0.317,0,104600,1
2026-09-10T18,66,2,0.318,0,500000,1
2026-09-10T18,66,2,0.319,1211474,0,2
2026-09-10T18,66,3,0.341,0,164409,1
2026-09-10T18,66,3,0.342,0,337401,2
2026-09-10T18,66,3,0.343,0,157303,1
2026-09-10T18,66,3,0.344,20600,0,1
2026-09-10T18,66,4,0.343,0,455000,1
2026-09-10T18,66,4,0.344,0,391403,1
2026-09-10T19,66,0,0.272,0,279794,1
2026-09-10T19,66,0,0.274,0,210149,1
2026-09-10T19,66,0,0.275,0,170720,1
2026-09-10T19,66,0,0.276,0,87181,4
2026-09-10T19,66,0,0.277,15523,86453,7
2026-09-10T19,66,0,0.278,0,327909,5
2026-09-10T19,66,0,0.279,86029,185268,6
2026-09-10T19,66,0,0.28,123604,0,2
2026-09-10T19,66,1,0.275,0,70778,1
2026-09-10T19,66,1,0.28,0,100,1
2026-09-10T19,66,1,0.289,0,100000,1
2026-09-10T19,66,1,0.29,0,100,1
2026-09-10T19,66,1,0.296,250156,0,5
2026-09-10T19,66,2,0.317,0,82196,1
2026-09-10T19,66,2,0.318,0,63745,2
2026-09-10T19,66,2,0.319,1981537,0,3
2026-09-10T19,66,3,0.341,57964,0,1
2026-09-10T19,66,5,0.361,0,514480,1
2026-09-10T19,66,5,0.362,21850,79294,2
2026-09-10T19,66,5,0.363,8206,0,1
2026-09-10T19,66,7,0.399,0,1065850,1
2026-09-10T20,66,0,0.269,0,49256,1
2026-09-10T20,66,0,0.27,0,106915,4
2026-09-10T20,66,0,0.271,369620,54788,4
2026-09-10T20,66,0,0.272,0,46102,2
2026-09-10T20,66,0,0.273,0,203071,2
2026-09-10T20,66,0,0.274,0,70999,1
2026-09-10T20,66,0,0.275,0,1000,1
2026-09-10T20,66,0,0.276,0,135430,1
2026-09-10T20,66,0,0.277,0,61512,4
2026-09-10T20,66,0,0.278,0,56475,1
2026-09-10T20,66,0,0.279,0,46606,3
2026-09-10T20,66,0,0.28,541947,96924,6
2026-09-10T20,66,0,0.281,156646,204261,5
2026-09-10T20,66,1,0.273,0,71939,1
2026-09-10T20,66,1,0.274,21584,37000,2
2026-09-10T20,66,1,0.275,14167,406045,3
2026-09-10T20,66,1,0.294,0,1914,1
2026-09-10T20,66,1,0.295,0,53849,2
2026-09-10T20,66,1,0.296,385015,0,4
2026-09-10T20,66,2,0.285,0,762490,1
2026-09-10T20,66,2,0.299,0,800000,1
2026-09-10T20,66,2,0.3,0,58058,1
2026-09-10T20,66,2,0.316,0,52994,1
2026-09-10T20,66,2,0.317,0,585240,2
2026-09-10T20,66,2,0.318,0,919300,4
2026-09-10T20,66,2,0.319,1956295,0,4
2026-09-10T20,66,3,0.339,491785,119795,2
2026-09-10T20,66,3,0.34,259669,0,1
2026-09-10T20,66,4,0.339,0,264553,1
2026-09-10T20,66,5,0.363,0,369034,1
2026-09-10T20,66,5,0.365,390621,0,2
2026-09-10T21,66,0,0.271,182543,299261,3
2026-09-10T21,66,0,0.272,0,4489,1
2026-09-10T21,66,0,0.273,0,33069,2
2026-09-10T21,66,0,0.274,0,180934,2
2026-09-10T21,66,0,0.275,11000,35484,3
2026-09-10T21,66,0,0.276,0,6661,1
2026-09-10T21,66,0,0.277,25006,21511,3
2026-09-10T21,66,0,0.278,0,141595,5
2026-09-10T21,66,0,0.279,132015,328271,5
2026-09-10T21,66,0,0.28,4003,0,1
2026-09-10T21,66,1,0.294,0,28017,1
2026-09-10T21,66,1,0.295,106148,19125,3
2026-09-10T21,66,1,0.296,41700,0,2
2026-09-10T21,66,2,0.318,6000,0,1
2026-09-10T21,66,2,0.319,152730,0,2
2026-09-10T21,66,4,0.337,30000,0,1
2026-09-10T22,66,0,0.272,0,2486,1
2026-09-10T22,66,0,0.273,0,115,1
2026-09-10T22,66,0,0.276,0,646612,2
2026-09-10T22,66,0,0.277,0,122456,5
2026-09-10T22,66,0,0.278,539287,364864,6
2026-09-10T22,66,0,0.279,29112,10050,3
2026-09-10T22,66,0,0.28,766622,52088,4
2026-09-10T22,66,0,0.281,397841,0,6
2026-09-10T22,66,1,0.294,0,74069,2
2026-09-10T22,66,1,0.295,444014,0,3
2026-09-10T22,66,2,0.315,235220,0,1
2026-09-10T22,66,2,0.316,150000,0,1
2026-09-10T22,66,2,0.317,114006,85994,2
2026-09-10T22,66,2,0.318,0,546220,1
2026-09-10T23,66,0,0.277,0,475,1
2026-09-10T23,66,0,0.278,0,135202,5
2026-09-10T23,66,0,0.279,17312,103273,10
2026-09-10T23,66,0,0.28,187964,605256,10
2026-09-10T23,66,0,0.281,1572782,0,12
2026-09-10T23,66,1,0.292,210416,139584,4
2026-09-10T23,66,1,0.293,0,27726,1
2026-09-10T23,66,1,0.294,232690,0,1
2026-09-10T23,66,3,0.334,288320,0,2
2026-09-10T23,66,3,0.335,33714,0,1
2026-09-10T23,66,4,0.336,0,183140,1
2026-09-10T23,66,4,0.337,0,55943,1
2026-09-10T23,66,4,0.338,0,736121,2
2026-09-10T23,66,4,0.34,0,85032,1
2026-09-10T23,66,4,0.341,0,324335,1
2026-09-10T23,66,4,0.342,0,268690,1
2026-09-10T23,66,4,0.343,0,235515,1
2026-09-10T23,66,4,0.344,0,300000,1
2026-09-10T23,66,4,0.345,0,53933,1
2026-09-10T23,66,4,0.346,0,300000,1
2026-09-10T23,66,4,0.347,0,152378,1
2026-09-10T23,66,4,0.348,0,2292888,1
2026-09-10T23,66,4,0.349,0,782202,1
2026-09-10T23,66,4,0.35,0,300000,1
2026-09-10T23,66,5,0.365,0,212251,1
2026-09-11T00,66,0,0.277,0,1110,1
2026-09-11T00,66,0,0.278,24749,4609,4
2026-09-11T00,66,0,0.279,48373,128797,6
2026-09-11T00,66,0,0.28,372568,238712,9
2026-09-11T00,66,0,0.281,317896,1832432,3
2026-09-11T00,66,1,0.289,192197,22000,3
2026-09-11T00,66,1,0.29,122899,0,2
2026-09-11T00,66,2,0.31,472114,0,1
2026-09-11T00,66,3,0.331,32153,0,1
2026-09-11T01,66,0,0.268,0,18639,1
2026-09-11T01,66,0,0.269,1233,132628,4
2026-09-11T01,66,0,0.27,0,1428,1
2026-09-11T01,66,0,0.273,63897,21162,4
2026-09-11T01,66,0,0.274,6819,7826,3
2026-09-11T01,66,0,0.275,37282,101800,4
2026-09-11T01,66,0,0.276,186824,9152,7
2026-09-11T01,66,0,0.277,25755,16692,3
2026-09-11T01,66,0,0.278,0,65155,1
2026-09-11T01,66,0,0.279,75331,0,2
2026-09-11T01,66,1,0.289,0,150720,1
2026-09-11T01,66,1,0.29,125554,149376,2
2026-09-11T01,66,1,0.291,380624,707896,3
2026-09-11T01,66,1,0.292,0,568,1
2026-09-11T01,66,1,0.293,0,24876,1
2026-09-11T01,66,1,0.294,0,913393,1
2026-09-11T01,66,1,0.295,10000,0,1
2026-09-11T01,66,2,0.304,0,12505,1
2026-09-11T01,66,2,0.305,0,200000,1
2026-09-11T01,66,2,0.307,295412,0,2
2026-09-11T01,66,4,0.362,0,103897,1
2026-09-11T01,66,4,0.363,0,259427,1
2026-09-11T01,66,4,0.364,0,2289391,1
2026-09-11T01,66,5,0.364,0,80000,1
2026-09-11T01,66,5,0.365,0,4000000,1
2026-09-11T01,66,7,0.424,0,545871,1
2026-09-11T02,66,0,0.269,31315,3540,2
2026-09-11T02,66,0,0.27,0,2831,2
2026-09-11T02,66,0,0.271,0,1098,1
2026-09-11T02,66,0,0.272,107609,160636,6
2026-09-11T02,66,0,0.273,11501,138401,8
2026-09-11T02,66,0,0.274,615363,84181,9
2026-09-11T02,66,0,0.275,20631,25115,3
2026-09-11T02,66,0,0.276,13823,0,1
2026-09-11T02,66,1,0.273,107879,201733,2
2026-09-11T02,66,1,0.294,0,292500,1
2026-09-11T02,66,1,0.295,42854,0,1
2026-09-11T02,66,2,0.303,0,120000,1
2026-09-11T02,66,2,0.304,400000,100000,2
2026-09-11T02,66,2,0.305,0,250000,1
2026-09-11T02,66,2,0.306,60327,0,2
2026-09-11T02,66,3,0.329,25273,0,1
2026-09-11T02,66,3,0.33,0,87824,1
2026-09-11T02,66,3,0.331,260453,946723,3
2026-09-11T03,66,0,0.274,0,14811,1
2026-09-11T03,66,0,0.275,0,10331,3
2026-09-11T03,66,0,0.276,217260,475504,6
2026-09-11T03,66,0,0.277,0,174570,2
2026-09-11T03,66,0,0.278,0,184880,5
2026-09-11T03,66,0,0.279,371936,155149,10
2026-09-11T03,66,0,0.28,702885,1570913,14
2026-09-11T03,66,0,0.281,19706,950897,4
2026-09-11T03,66,0,0.282,0,5785,2
2026-09-11T03,66,0,0.283,0,1536731,3
2026-09-11T03,66,0,0.284,560335,38579,4
2026-09-11T03,66,1,0.287,204208,84794,4
2026-09-11T03,66,1,0.288,236418,23582,3
2026-09-11T03,66,1,0.289,76418,0,1
2026-09-11T03,66,2,0.3,0,414387,1
2026-09-11T03,66,2,0.303,237219,18394,2
2026-09-11T03,66,2,0.304,80000,110522,2
2026-09-11T03,66,2,0.305,0,561039,1
2026-09-11T03,66,2,0.306,0,197993,1
2026-09-11T03,66,2,0.307,112052,0,1
2026-09-11T03,66,5,0.36,0,2000000,1
2026-09-11T03,66,6,0.375,0,391404,1
2026-09-11T03,66,6,0.376,0,679770,1
2026-09-11T03,66,6,0.377,0,2878920,1
2026-09-11T04,66,0,0.263,0,363,1
2026-09-11T04,66,0,0.264,0,16303,2
2026-09-11T04,66,0,0.265,151982,17697,4
2026-09-11T04,66,0,0.27,98506,906494,3
2026-09-11T04,66,0,0.271,0,300000,1
2026-09-11T04,66,0,0.273,68865,0,2
2026-09-11T04,66,0,0.275,4580,22904,2
2026-09-11T04,66,0,0.276,32232,0,1
2026-09-11T04,66,0,0.279,0,459,1
2026-09-11T04,66,0,0.281,0,11467,1
2026-09-11T04,66,0,0.282,86036,0,2
2026-09-11T04,66,0,0.283,20679,0,1
2026-09-11T04,66,1,0.278,27000,0,2
2026-09-11T04,66,1,0.279,24000,0,1
2026-09-11T04,66,1,0.28,211577,0,1
2026-09-11T04,66,1,0.286,85000,0,1
2026-09-11T04,66,2,0.28,1808,38691,2
2026-09-11T04,66,2,0.3,6358,0,1
2026-09-11T04,66,12,0.6,0,377622,1
2026-09-11T04,66,12,0.64,0,136622,1
2026-09-11T05,66,0,0.268,0,18648,3
2026-09-11T05,66,0,0.269,0,115559,3
2026-09-11T05,66,0,0.27,0,52350,2
2026-09-11T05,66,0,0.271,0,232523,3
2026-09-11T05,66,0,0.272,2000,1059398,6
2026-09-11T05,66,0,0.273,619082,224360,10
2026-09-11T05,66,0,0.274,138037,746,4
2026-09-11T05,66,1,0.272,0,174643,1
2026-09-11T05,66,1,0.274,126600,0,4
2026-09-11T05,66,1,0.276,31334,0,1
2026-09-11T05,66,2,0.279,0,1199014,1
2026-09-11T05,66,2,0.28,0,1568,1
2026-09-11T05,66,2,0.3,0,93642,1
2026-09-11T05,66,2,0.305,0,70381,1
2026-09-11T05,66,2,0.306,0,308475,2
2026-09-11T05,66,2,0.307,298583,0,1
2026-09-11T05,66,3,0.323,0,37970,1
2026-09-11T05,66,3,0.324,100947,0,1
2026-09-11T05,66,4,0.359,40000,0,1
2026-09-11T05,66,6,0.38,958520,0,2
2026-09-11T05,66,7,0.425,0,520259,1
2026-09-11T06,66,0,0.264,0,4000,1
2026-09-11T06,66,0,0.265,0,41214,3
2026-09-11T06,66,0,0.266,0,15755,4
2026-09-11T06,66,0,0.267,5264,74972,8
2026-09-11T06,66,0,0.268,152208,60928,6
2026-09-11T06,66,0,0.269,0,56092,3
2026-09-11T06,66,0,0.27,734305,518681,5
2026-09-11T06,66,0,0.271,0,103346,2
2026-09-11T06,66,0,0.272,0,43195,1
2026-09-11T06,66,0,0.273,0,63300,4
2026-09-11T06,66,1,0.272,0,30000,1
2026-09-11T06,66,1,0.273,52584,276684,3
2026-09-11T06,66,1,0.274,309238,0,4
2026-09-11T06,66,2,0.303,0,535562,1
2026-09-11T06,66,2,0.304,55999,254232,2
2026-09-11T06,66,2,0.305,1,33999,2
2026-09-11T06,66,2,0.306,0,422502,1
2026-09-11T06,66,2,0.307,0,1717896,1
2026-09-11T06,66,2,0.308,0,926844,2
2026-09-11T06,66,2,0.309,0,909560,1
2026-09-11T06,66,2,0.311,0,92063,1
2026-09-11T06,66,2,0.312,0,35597,1
2026-09-11T06,66,2,0.313,0,39837,1
2026-09-11T06,66,2,0.314,0,4000,1
2026-09-11T06,66,2,0.316,0,1775167,1
2026-09-11T06,66,2,0.318,0,186423,1
2026-09-11T06,66,2,0.319,1566318,0,1
2026-09-11T06,66,3,0.322,0,297954,1
2026-09-11T06,66,3,0.323,0,300000,1
2026-09-11T06,66,3,0.324,1087382,0,1
2026-09-11T06,66,4,0.35,40863,0,1
2026-09-11T06,66,5,0.36,356563,140491,2
2026-09-11T06,66,5,0.361,360000,0,1
2026-09-11T07,66,0,0.269,0,50049,1
2026-09-11T07,66,0,0.27,90454,157458,7
2026-09-11T07,66,0,0.271,0,14873,3
2026-09-11T07,66,0,0.272,6300,28115,3
2026-09-11T07,66,0,0.273,0,111015,1
2026-09-11T07,66,0,0.274,0,120586,1
2026-09-11T07,66,0,0.275,0,113581,3
2026-09-11T07,66,0,0.276,0,57267,1
2026-09-11T07,66,0,0.277,0,35333,3
2026-09-11T07,66,0,0.278,100,940,2
2026-09-11T07,66,0,0.279,0,123208,4
2026-09-11T07,66,0,0.28,27322,15196,4
2026-09-11T07,66,1,0.271,0,761,1
2026-09-11T07,66,1,0.272,0,269080,2
2026-09-11T07,66,1,0.273,436522,233435,7
2026-09-11T07,66,1,0.274,0,29070,1
2026-09-11T07,66,1,0.275,0,1,1
2026-09-11T07,66,1,0.276,0,18666,1
2026-09-11T07,66,1,0.277,0,33922,1
2026-09-11T07,66,1,0.278,16007,23000,2
2026-09-11T07,66,1,0.279,33594,51030,2
2026-09-11T07,66,1,0.28,0,901992,1
2026-09-11T07,66,1,0.281,453352,81179,4
2026-09-11T07,66,1,0.282,35813,0,1
2026-09-11T07,66,2,0.28,0,7727,1
2026-09-11T07,66,2,0.31,149200,0,1
2026-09-11T07,66,2,0.314,0,156839,1
2026-09-11T07,66,2,0.315,143250,0,1
2026-09-11T07,66,3,0.317,25028,1221453,3
2026-09-11T07,66,3,0.318,134451,0,1
2026-09-11T08,66,0,0.273,0,6097,1
2026-09-11T08,66,0,0.274,0,1393,2
2026-09-11T08,66,0,0.275,0,29187,3
2026-09-11T08,66,0,0.276,1000,377899,6
2026-09-11T08,66,0,0.277,0,233352,3
2026-09-11T08,66,0,0.278,7264,19047,4
2026-09-11T08,66,0,0.279,0,68166,3
2026-09-11T08,66,0,0.28,23258,132354,8
2026-09-11T08,66,0,0.281,36728,3000,3
2026-09-11T08,66,0,0.282,0,54161,1
2026-09-11T08,66,0,0.283,0,17292,1
2026-09-11T08,66,0,0.284,363446,0,1
2026-09-11T08,66,1,0.278,318294,66337,4
2026-09-11T08,66,1,0.281,0,65469,1
2026-09-11T08,66,1,0.282,0,6917,1
2026-09-11T08,66,1,0.283,10000,100000,2
2026-09-11T08,66,1,0.284,0,930,1
2026-09-11T08,66,2,0.31,61245,50800,2
2026-09-11T08,66,2,0.313,0,44804,1
2026-09-11T08,66,2,0.314,0,12578,1
2026-09-11T08,66,2,0.315,0,256750,1
2026-09-11T08,66,2,0.316,33652,0,1
2026-09-11T08,66,3,0.316,0,10000,1
2026-09-11T08,66,4,0.344,0,53204,1
2026-09-11T08,66,4,0.345,46796,0,1
2026-09-11T09,66,0,0.278,0,29907,1
2026-09-11T09,66,0,0.279,0,21166,4
2026-09-11T09,66,0,0.28,38990,35585,6
2026-09-11T09,66,0,0.281,49080,182905,7
2026-09-11T09,66,0,0.282,108652,166309,8
2026-09-11T09,66,1,0.281,0,126300,2
2026-09-11T09,66,1,0.282,307242,104842,6
2026-09-11T09,66,1,0.283,533972,0,4
2026-09-11T09,66,2,0.297,0,86129,1
2026-09-11T09,66,2,0.298,45979,0,1
2026-09-11T09,66,2,0.3,238098,0,2
2026-09-11T09,66,3,0.316,0,10000,1
2026-09-11T09,66,4,0.343,0,238439,1
2026-09-11T09,66,4,0.344,0,12250,1
2026-09-11T09,66,4,0.345,0,253204,1
2026-09-11T09,66,4,0.347,0,60929,1
2026-09-11T09,66,4,0.348,1921964,112756,3
2026-09-11T09,66,5,0.36,17063,0,1
2026-09-11T10,66,0,0.263,0,57217,1
2026-09-11T10,66,0,0.27,214408,161778,2
2026-09-11T10,66,0,0.278,0,8169,3
2026-09-11T10,66,0,0.279,0,145773,3
2026-09-11T10,66,0,0.28,0,752,1
2026-09-11T10,66,0,0.281,197065,11064,4
2026-09-11T10,66,0,0.282,0,101643,7
2026-09-11T10,66,0,0.283,763855,0,3
2026-09-11T10,66,1,0.282,0,1087391,2
2026-09-11T10,66,1,0.283,823883,25847,4
2026-09-11T10,66,1,0.284,0,21712,1
2026-09-11T10,66,1,0.285,0,425716,1
2026-09-11T10,66,1,0.286,0,158906,1
2026-09-11T10,66,1,0.287,0,34507,1
2026-09-11T10,66,1,0.288,337498,0,2
2026-09-11T10,66,1,0.289,471883,148254,2
2026-09-11T10,66,3,0.298,50000,4688653,2
2026-09-11T10,66,3,0.299,0,120473,1
2026-09-11T10,66,3,0.3,0,108852,1
2026-09-11T10,66,12,0.6,0,667733,1
2026-09-11T11,66,0,0.275,0,9643,2
2026-09-11T11,66,0,0.276,0,200,1
2026-09-11T11,66,0,0.277,0,184429,2
2026-09-11T11,66,0,0.278,0,327552,3
2026-09-11T11,66,0,0.279,229876,19490,4
2026-09-11T11,66,0,0.28,24900,63595,3
2026-09-11T11,66,0,0.281,0,494517,5
2026-09-11T11,66,0,0.282,15513,103735,5
2026-09-11T11,66,0,0.283,0,975543,8
2026-09-11T11,66,0,0.284,1122500,0,6
2026-09-11T11,66,1,0.281,0,21083,1
2026-09-11T11,66,1,0.282,413012,438548,3
2026-09-11T11,66,1,0.283,0,169943,1
2026-09-11T11,66,1,0.284,0,6929,1
2026-09-11T11,66,1,0.285,0,100000,1
2026-09-11T11,66,1,0.286,0,203576,1
2026-09-11T11,66,1,0.287,430000,0,3
2026-09-11T11,66,1,0.288,24000,101768,3
2026-09-11T11,66,1,0.289,103952,0,2
2026-09-11T11,66,2,0.289,0,5223,1
2026-09-11T11,66,2,0.29,255777,944570,3
2026-09-11T11,66,2,0.291,259845,0,2
2026-09-11T11,66,4,0.345,0,600000,2
2026-09-11T11,66,4,0.348,190241,0,1
2026-09-11T11,66,5,0.349,164476,1022972,2
2026-09-11T11,66,5,0.356,0,801130,1
2026-09-11T11,66,5,0.359,0,2987184,1
2026-09-11T11,66,10,0.64,0,1000000,1
2026-09-11T11,66,12,0.645,0,291655,1
2026-09-11T11,66,12,0.65,0,310661,1
2026-09-11T12,66,0,0.275,0,1240,1
2026-09-11T12,66,0,0.277,0,2971,1
2026-09-11T12,66,0,0.278,0,15804,2
2026-09-11T12,66,0,0.279,0,39433,3
2026-09-11T12,66,0,0.28,127832,313026,5
2026-09-11T12,66,0,0.281,34096,535,2
2026-09-11T12,66,0,0.282,0,205578,3
2026-09-11T12,66,0,0.283,75806,409484,6
2026-09-11T12,66,0,0.284,1573877,0,4
2026-09-11T12,66,1,0.282,0,15795,1
2026-09-11T12,66,1,0.283,55514,0,1
2026-09-11T12,66,1,0.284,50000,0,1
2026-09-11T12,66,1,0.285,20000,0,1
2026-09-11T12,66,1,0.286,180000,0,1
2026-09-11T12,66,1,0.287,18000,0,1
2026-09-11T12,66,2,0.29,0,176391,3
2026-09-11T12,66,2,0.291,133203,1204617,4
2026-09-11T12,66,12,0.655,0,61641,1
2026-09-11T12,66,12,0.66,1028359,0,1
2026-09-11T13,66,0,0.272,6407,0,1
2026-09-11T13,66,0,0.273,0,279340,1
2026-09-11T13,66,0,0.274,0,11151,1
2026-09-11T13,66,0,0.275,21291,68921,2
2026-09-11T13,66,0,0.276,16701,0,1
2026-09-11T13,66,0,0.279,22168,68563,3
2026-09-11T13,66,0,0.28,9583,8113,2
2026-09-11T13,66,0,0.281,0,5206,1
2026-09-11T13,66,0,0.282,0,5041,1
2026-09-11T13,66,1,0.279,140699,0,2
2026-09-11T13,66,1,0.28,132779,0,1
2026-09-11T13,66,1,0.281,0,100697,1
2026-09-11T13,66,1,0.282,595284,38373,4
2026-09-11T13,66,1,0.283,68456,0,1
2026-09-11T13,66,2,0.291,0,63798,1
2026-09-11T13,66,2,0.292,20900,0,1
2026-09-11T13,66,4,0.347,0,476807,1
2026-09-11T13,66,4,0.348,340457,0,1
2026-09-11T13,66,5,0.36,36536,0,1
2026-09-11T13,66,6,0.378,843240,0,1
2026-09-11T13,66,9,0.5,78608,199892,2
2026-09-11T14,66,0,0.267,0,32233,2
2026-09-11T14,66,0,0.268,0,2810,1
2026-09-11T14,66,0,0.269,29324,150175,3
2026-09-11T14,66,0,0.27,200,874528,5
2026-09-11T14,66,0,0.271,0,112950,5
2026-09-11T14,66,0,0.272,0,147888,3
2026-09-11T14,66,0,0.273,0,7186,4
2026-09-11T14,66,0,0.274,168855,6292,6
2026-09-11T14,66,0,0.275,486440,39183,5
2026-09-11T14,66,1,0.276,282000,21895,2
2026-09-11T14,66,1,0.277,0,5621,2
2026-09-11T14,66,1,0.278,139570,0,3
2026-09-11T14,66,2,0.289,0,362110,2
2026-09-11T14,66,2,0.29,0,100000,1
2026-09-11T14,66,2,0.291,0,258000,1
2026-09-11T14,66,2,0.292,99750,207660,5
2026-09-11T14,66,2,0.293,344004,146011,3
2026-09-11T14,66,2,0.294,0,9068,1
2026-09-11T14,66,2,0.295,0,100000,1
2026-09-11T14,66,4,0.346,1500000,870000,2
2026-09-11T14,66,4,0.347,68508,0,1
2026-09-11T14,66,5,0.354,178478,0,2
2026-09-11T14,66,8,0.595,8525,0,1
2026-09-11T14,66,12,0.585,0,23320,1
2026-09-11T14,66,12,0.59,0,100929,1
2026-09-11T14,66,12,0.595,0,272521,1
2026-09-11T15,66,0,0.26,0,8443,1
2026-09-11T15,66,0,0.262,0,4936,1
2026-09-11T15,66,0,0.265,17859,17625,3
2026-09-11T15,66,0,0.269,0,13112,2
2026-09-11T15,66,0,0.27,37745,50201,2
2026-09-11T15,66,0,0.272,0,4384,1
2026-09-11T15,66,0,0.273,743576,134281,5
2026-09-11T15,66,0,0.274,338635,347187,3
2026-09-11T15,66,0,0.275,4555,0,1
2026-09-11T15,66,1,0.273,38481,11519,2
2026-09-11T15,66,1,0.274,301116,168050,7
2026-09-11T15,66,1,0.275,404407,31769,3
2026-09-11T15,66,2,0.292,87789,731801,4
2026-09-11T15,66,2,0.293,95199,0,2
2026-09-11T15,66,4,0.342,0,163682,1
2026-09-11T15,66,4,0.343,0,277038,1
2026-09-11T15,66,4,0.344,0,200000,1
2026-09-11T15,66,4,0.345,78705,1240515,3
2026-09-11T15,66,4,0.346,68205,0,1
2026-09-11T15,66,5,0.354,0,26718,1
2026-09-11T15,66,5,0.359,97782,0,1
2026-09-11T16,66,0,0.27,0,191463,3
2026-09-11T16,66,0,0.271,41283,7500,3
2026-09-11T16,66,0,0.272,24865,10115,3
2026-09-11T16,66,0,0.273,159379,171897,3
2026-09-11T16,66,0,0.274,11926,175845,5
2026-09-11T16,66,0,0.275,204318,49951,7
2026-09-11T16,66,1,0.272,0,74682,1
2026-09-11T16,66,1,0.273,60796,0,1
2026-09-11T16,66,1,0.275,25237,98525,2
2026-09-11T16,66,1,0.276,74100,24970,4
2026-09-11T16,66,1,0.277,62980,6180,2
2026-09-11T16,66,2,0.286,0,177049,1
2026-09-11T16,66,2,0.287,113247,0,1
2026-09-11T16,66,2,0.288,409538,0,1
2026-09-11T16,66,2,0.289,286353,0,1
2026-09-11T16,66,2,0.29,15704,0,1
2026-09-11T16,66,2,0.291,0,700000,1
2026-09-11T16,66,4,0.306,8858,163257,2
2026-09-11T16,66,4,0.307,0,839912,1
2026-09-11T16,66,6,0.377,500000,0,1
2026-09-11T16,66,7,0.414,0,574583,1
2026-09-11T16,66,8,0.595,0,185910,1
2026-09-11T16,66,8,0.61,0,420298,1
2026-09-11T17,66,0,0.269,0,4560,2
2026-09-11T17,66,0,0.27,0,322212,3
2026-09-11T17,66,0,0.271,129738,1009111,6
2026-09-11T17,66,0,0.272,612158,0,7
2026-09-11T17,66,1,0.273,1104553,0,4
2026-09-11T17,66,2,0.284,0,15288,1
2026-09-11T17,66,2,0.285,0,102995,1
2026-09-11T17,66,2,0.286,0,323053,2
2026-09-11T17,66,2,0.287,57331,2829422,2
2026-09-11T17,66,3,0.305,0,50000,1
2026-09-11T17,66,3,0.306,361253,173877,3
2026-09-11T17,66,4,0.344,107537,0,1
2026-09-11T17,66,5,0.354,1000,0,1
2026-09-11T17,66,6,0.352,96944,0,1
2026-09-11T18,66,0,0.263,0,16699,1
2026-09-11T18,66,0,0.264,20324,336001,4
2026-09-11T18,66,0,0.265,95984,0,2
2026-09-11T18,66,0,0.269,0,171370,1
2026-09-11T18,66,0,0.27,0,44534,3
2026-09-11T18,66,0,0.271,26860,29665,3
2026-09-11T18,66,0,0.272,456645,81953,4
2026-09-11T18,66,0,0.273,5584,0,1
2026-09-11T18,66,1,0.268,10000,0,1
2026-09-11T18,66,1,0.27,277981,0,2
2026-09-11T18,66,1,0.272,0,111044,1
2026-09-11T18,66,1,0.273,622874,211777,4
2026-09-11T18,66,1,0.275,2200,0,1
2026-09-11T18,66,2,0.283,0,200000,1
2026-09-11T18,66,2,0.284,0,26525,1
2026-09-11T18,66,2,0.285,0,47610,1
2026-09-11T18,66,2,0.286,0,167838,1
2026-09-11T18,66,2,0.287,175565,0,1
2026-09-11T18,66,2,0.288,3378,0,1
2026-09-11T18,66,2,0.289,0,39646,1
2026-09-11T18,66,3,0.301,0,1613404,1
2026-09-11T18,66,3,0.305,0,548597,1
2026-09-11T18,66,3,0.306,0,91536,1
2026-09-11T18,66,3,0.307,64049,0,1
2026-09-11T18,66,4,0.341,0,32338,1
2026-09-11T18,66,4,0.342,0,300000,1
2026-09-11T18,66,4,0.344,58676,0,1
2026-09-11T18,66,7,0.41,300000,0,1
2026-09-11T19,66,0,0.261,37367,164309,4
2026-09-11T19,66,0,0.262,0,54461,2
2026-09-11T19,66,0,0.263,0,4440,1
2026-09-11T19,66,0,0.264,83160,20925,2
2026-09-11T19,66,0,0.265,22232,116749,7
2026-09-11T19,66,0,0.266,86713,191750,6
2026-09-11T19,66,0,0.267,423327,0,4
2026-09-11T19,66,1,0.268,0,87996,1
2026-09-11T19,66,1,0.269,9219,246561,4
2026-09-11T19,66,1,0.27,250741,371278,2
2026-09-11T19,66,1,0.274,0,8006,1
2026-09-11T19,66,1,0.275,0,11800,1
2026-09-11T19,66,1,0.276,0,40000,1
2026-09-11T19,66,1,0.277,132004,0,1
2026-09-11T19,66,2,0.285,6000,838093,3
2026-09-11T19,66,2,0.287,93508,0,2
2026-09-11T19,66,3,0.303,0,57393,1
2026-09-11T19,66,3,0.304,88908,0,1
2026-09-11T19,66,5,0.346,0,103439,1
2026-09-11T19,66,5,0.347,0,264992,1
2026-09-11T19,66,6,0.352,178694,0,1
2026-09-11T20,66,0,0.262,0,10000,1
2026-09-11T20,66,0,0.263,0,41968,1
2026-09-11T20,66,0,0.264,6763,16894,6
2026-09-11T20,66,0,0.265,91329,117540,5
2026-09-11T20,66,0,0.266,285994,241754,8
2026-09-11T20,66,0,0.267,602093,0,5
2026-09-11T20,66,1,0.275,0,91230,1
2026-09-11T20,66,1,0.276,368059,0,4
2026-09-11T20,66,1,0.277,575736,296796,5
2026-09-11T20,66,1,0.278,220161,0,1
2026-09-11T20,66,2,0.284,0,823960,1
2026-09-11T20,66,2,0.285,0,36178,1
2026-09-11T20,66,2,0.286,133068,518257,3
2026-09-11T20,66,2,0.287,0,298365,2
2026-09-11T20,66,2,0.288,226970,360914,3
2026-09-11T20,66,2,0.289,0,24029,1
2026-09-11T20,66,2,0.29,0,554296,2
2026-09-11T20,66,2,0.292,78805,148810,2
2026-09-11T20,66,2,0.293,0,60797,1
2026-09-11T20,66,2,0.294,53869,0,1
2026-09-11T20,66,3,0.303,0,866526,2
2026-09-11T20,66,3,0.304,0,5392,1
2026-09-11T20,66,3,0.306,34650,50000,3
2026-09-11T20,66,4,0.34,0,20000,1
2026-09-11T20,66,4,0.342,0,83670,1
2026-09-11T20,66,4,0.343,1070793,0,2
2026-09-11T21,66,0,0.265,164792,27412,2
2026-09-11T21,66,0,0.267,0,796607,2
2026-09-11T21,66,0,0.268,0,69903,1
2026-09-11T21,66,0,0.269,0,227902,4
2026-09-11T21,66,0,0.271,0,3354,1
2026-09-11T21,66,0,0.272,0,6889,1
2026-09-11T21,66,0,0.273,0,51136,2
2026-09-11T21,66,0,0.274,0,46344,2
2026-09-11T21,66,0,0.275,103896,203634,4
2026-09-11T21,66,0,0.276,15794,276314,5
2026-09-11T21,66,0,0.277,146741,59106,6
2026-09-11T21,66,0,0.278,22035,61824,4
2026-09-11T21,66,1,0.276,403166,267886,2
2026-09-11T21,66,1,0.277,0,8216,1
2026-09-11T21,66,1,0.278,61784,419866,2
2026-09-11T21,66,1,0.279,73635,0,4
2026-09-11T21,66,2,0.294,0,1123479,3
2026-09-11T21,66,2,0.295,0,1210425,2
2026-09-11T21,66,2,0.296,0,807104,1
2026-09-11T21,66,2,0.297,0,9439,1
2026-09-11T21,66,2,0.298,0,161574,1
2026-09-11T21,66,2,0.299,0,156099,2
2026-09-11T21,66,2,0.3,81811,680091,2
2026-09-11T21,66,2,0.301,0,118609,1
2026-09-11T21,66,3,0.306,0,269201,1
2026-09-11T21,66,3,0.307,0,2340454,3
2026-09-11T21,66,3,0.308,0,1929942,1
2026-09-11T21,66,3,0.309,155200,0,1
2026-09-11T21,66,5,0.35,105770,0,2
2026-09-11T22,66,0,0.276,0,4574,2
2026-09-11T22,66,0,0.277,221734,98964,10
2026-09-11T22,66,0,0.278,0,41214,3
2026-09-11T22,66,1,0.278,2535,245831,3
2026-09-11T22,66,1,0.279,1261673,49932,10
2026-09-11T22,66,2,0.301,266148,14274,4
2026-09-11T22,66,2,0.302,687971,272325,2
2026-09-11T22,66,3,0.308,39601,51642,2
2026-09-11T22,66,3,0.309,248358,0,1
2026-09-11T22,66,5,0.35,430004,0,1
2026-09-11T22,66,6,0.352,1341350,0,1
2026-09-11T23,66,0,0.275,0,25895,1
2026-09-11T23,66,0,0.276,0,1560,1
2026-09-11T23,66,0,0.277,3200,28440,3
2026-09-11T23,66,0,0.278,0,148767,5
2026-09-11T23,66,0,0.279,274861,209965,7
2026-09-11T23,66,0,0.28,1046667,154870,13
2026-09-11T23,66,1,0.279,0,332532,1
2026-09-11T23,66,1,0.28,148633,236673,3
2026-09-11T23,66,1,0.281,88156,0,2
2026-09-11T23,66,2,0.299,427795,0,1
2026-09-11T23,66,3,0.306,286410,0,3
2026-09-11T23,66,5,0.35,0,1464226,1
2026-09-11T23,66,8,0.605,0,250000,1
2026-09-12T00,66,0,0.271,0,5670,1
2026-09-12T00,66,0,0.272,0,93471,2
2026-09-12T00,66,0,0.273,3248,63338,4
2026-09-12T00,66,0,0.274,47139,127778,5
2026-09-12T00,66,0,0.275,76462,114920,5
2026-09-12T00,66,1,0.276,1890464,201230,7
2026-09-12T00,66,1,0.279,160003,0,1
2026-09-12T00,66,1,0.28,504562,0,1
2026-09-12T00,66,2,0.298,892018,55322,4
2026-09-12T00,66,3,0.299,32774,1386794,2
2026-09-12T00,66,3,0.305,0,198100,1
2026-09-12T00,66,3,0.306,112864,150689,3
2026-09-12T00,66,3,0.307,0,164130,1
2026-09-12T00,66,3,0.308,0,390534,1
2026-09-12T00,66,3,0.309,0,3648750,3
2026-09-12T01,66,0,0.273,0,69139,4
2026-09-12T01,66,0,0.274,87211,66850,9
2026-09-12T01,66,0,0.275,0,101822,1
2026-09-12T01,66,0,0.276,20465,15344,3
2026-09-12T01,66,0,0.277,0,2289,1
2026-09-12T01,66,0,0.278,51852,198148,2
2026-09-12T01,66,0,0.279,159220,0,1
2026-09-12T01,66,1,0.278,14809,273129,2
2026-09-12T01,66,1,0.279,50785,9212,2
2026-09-12T01,66,1,0.28,0,212982,1
2026-09-12T01,66,1,0.281,0,285777,1
2026-09-12T01,66,1,0.282,0,314116,1
2026-09-12T01,66,1,0.283,0,276030,1
2026-09-12T01,66,1,0.284,0,173315,2
2026-09-12T01,66,1,0.285,0,570003,2
2026-09-12T01,66,1,0.286,196830,0,3
2026-09-12T01,66,2,0.292,36900,0,1
2026-09-12T01,66,2,0.294,377816,0,3
2026-09-12T01,66,3,0.307,0,17130,1
2026-09-12T01,66,3,0.308,8652,0,1
2026-09-12T01,66,4,0.338,0,135036,1
2026-09-12T01,66,4,0.339,0,109695,1
2026-09-12T01,66,4,0.34,155269,0,1
2026-09-12T01,66,7,0.399,600000,0,1
2026-09-12T02,66,0,0.27,0,17791,1
2026-09-12T02,66,0,0.274,0,4452,1
2026-09-12T02,66,0,0.275,105548,92765,3
2026-09-12T02,66,0,0.276,1368,17360,2
2026-09-12T02,66,0,0.277,0,15107,1
2026-09-12T02,66,0,0.279,1147781,83401,10
2026-09-12T02,66,0,0.28,192518,0,2
2026-09-12T02,66,1,0.284,0,95000,2
2026-09-12T02,66,1,0.285,416339,44801,5
2026-09-12T02,66,1,0.286,4701,0,1
2026-09-12T02,66,2,0.291,0,256222,1
2026-09-12T02,66,2,0.292,89778,102591,3
2026-09-12T02,66,2,0.293,0,1076,1
2026-09-12T02,66,2,0.294,0,776033,1
2026-09-12T02,66,2,0.295,50000,0,1
2026-09-12T02,66,2,0.296,120300,0,1
2026-09-12T02,66,3,0.308,0,192347,1
2026-09-12T02,66,3,0.309,307653,0,1
2026-09-12T02,66,6,0.352,0,7261479,1
2026-09-12T02,66,6,0.372,0,300000,1
2026-09-12T03,66,0,0.253,0,25203,2
2026-09-12T03,66,0,0.254,51997,8219,3
2026-09-12T03,66,0,0.255,5281,64840,4
2026-09-12T03,66,0,0.256,19782,36749,6
2026-09-12T03,66,0,0.257,18872,36707,3
2026-09-12T03,66,0,0.258,22871,128799,4
2026-09-12T03,66,0,0.259,0,27846,1
2026-09-12T03,66,0,0.26,0,13379,1
2026-09-12T03,66,0,0.27,0,50000,1
2026-09-12T03,66,0,0.273,0,8030,1
2026-09-12T03,66,0,0.274,0,3641,1
2026-09-12T03,66,0,0.275,28625,133105,3
2026-09-12T03,66,0,0.276,166950,4882,2
2026-09-12T03,66,0,0.277,2000,24831,2
2026-09-12T03,66,0,0.278,0,2531,1
2026-09-12T03,66,0,0.279,0,91940,1
2026-09-12T03,66,0,0.28,60070,0,2
2026-09-12T03,66,1,0.278,0,16000,1
2026-09-12T03,66,1,0.279,104000,12507,2
2026-09-12T03,66,1,0.285,0,23854,2
2026-09-12T03,66,1,0.286,513739,0,2
2026-09-12T03,66,2,0.29,0,250000,1
2026-09-12T03,66,2,0.294,49213,0,1
2026-09-12T04,66,0,0.269,0,135969,1
2026-09-12T04,66,0,0.27,0,6939,2
2026-09-12T04,66,0,0.271,0,3010,2
2026-09-12T04,66,0,0.272,63447,81283,3
2026-09-12T04,66,0,0.273,39252,705458,3
2026-09-12T04,66,0,0.274,118748,100,3
2026-09-12T04,66,0,0.275,0,198452,4
2026-09-12T04,66,0,0.276,732390,0,4
2026-09-12T04,66,1,0.286,533722,0,3
2026-09-12T04,66,2,0.293,0,444800,1
2026-09-12T04,66,2,0.294,25598,6527,2
2026-09-12T04,66,2,0.295,383148,0,2
2026-09-12T04,66,5,0.351,200000,100000,2
2026-09-12T04,66,7,0.38,0,437313,1
2026-09-12T04,66,7,0.399,0,1133098,1
2026-09-12T05,66,0,0.265,0,11849,1
2026-09-12T05,66,0,0.266,0,2000,1
2026-09-12T05,66,0,0.267,98963,39934,2
2026-09-12T05,66,0,0.268,0,22578,2
2026-09-12T05,66,0,0.27,0,26793,2
2026-09-12T05,66,0,0.271,0,30061,1
2026-09-12T05,66,0,0.272,0,2056,1
2026-09-12T05,66,0,0.273,8525,24605,2
2026-09-12T05,66,0,0.274,6714,127202,5
2026-09-12T05,66,0,0.275,0,3500,1
2026-09-12T05,66,0,0.276,0,1122215,2
2026-09-12T05,66,0,0.277,0,40,1
2026-09-12T05,66,0,0.278,0,405300,1
2026-09-12T05,66,0,0.279,175803,0,1
2026-09-12T05,66,1,0.268,68052,52240,5
2026-09-12T05,66,1,0.269,84809,269652,2
2026-09-12T05,66,1,0.27,0,498195,2
2026-09-12T05,66,1,0.275,0,9047,1
2026-09-12T05,66,1,0.285,0,50680,1
2026-09-12T05,66,2,0.271,0,12659,1
2026-09-12T05,66,2,0.272,0,2177,1
2026-09-12T05,66,2,0.292,0,200000,1
2026-09-12T05,66,2,0.293,247155,160539,3
2026-09-12T05,66,2,0.294,0,126439,1
2026-09-12T05,66,2,0.295,0,255532,1
2026-09-12T05,66,2,0.296,0,55790,1
2026-09-12T05,66,2,0.297,367297,3194,2
2026-09-12T05,66,2,0.298,0,180585,1
2026-09-12T05,66,2,0.299,217921,0,1
2026-09-12T05,66,3,0.304,19702,0,1
2026-09-12T05,66,5,0.349,0,241059,1
2026-09-12T06,66,0,0.272,0,357400,1
2026-09-12T06,66,0,0.273,0,190333,3
2026-09-12T06,66,0,0.274,9448,119922,3
2026-09-12T06,66,0,0.275,0,102871,2
2026-09-12T06,66,0,0.276,0,18166,1
2026-09-12T06,66,0,0.277,0,9541,1
2026-09-12T06,66,0,0.278,0,231662,4
2026-09-12T06,66,0,0.279,338860,2328841,6
2026-09-12T06,66,0,0.28,168155,359118,8
2026-09-12T06,66,0,0.281,0,300683,4
2026-09-12T06,66,0,0.282,19433,24000,3
2026-09-12T06,66,1,0.281,0,15824,1
2026-09-12T06,66,1,0.282,367522,0,2
2026-09-12T06,66,1,0.283,150326,0,2
2026-09-12T06,66,1,0.284,48147,795,2
2026-09-12T06,66,1,0.285,0,220634,1
2026-09-12T06,66,1,0.286,0,285952,2
2026-09-12T06,66,1,0.287,99538,0,1
2026-09-12T06,66,2,0.293,0,594422,1
2026-09-12T06,66,2,0.294,94304,0,1
2026-09-12T06,66,2,0.296,0,989,1
2026-09-12T06,66,2,0.297,1586,0,1
2026-09-12T06,66,3,0.302,0,100000,1
2026-09-12T06,66,3,0.303,0,696323,1
2026-09-12T06,66,3,0.304,0,1731101,1
2026-09-12T06,66,3,0.305,0,128559,1
2026-09-12T06,66,3,0.306,0,100000,1
2026-09-12T06,66,3,0.307,0,30909,1
2026-09-12T06,66,3,0.308,0,170209,1
2026-09-12T06,66,3,0.309,0,912715,3
2026-09-12T06,66,3,0.31,0,150422,2
2026-09-12T06,66,3,0.311,0,487790,2
2026-09-12T06,66,3,0.312,0,132100,1
2026-09-12T06,66,3,0.313,0,793292,1
2026-09-12T06,66,3,0.314,0,116128,1
2026-09-12T06,66,3,0.315,368918,560000,3
2026-09-12T06,66,5,0.344,500000,0,1
2026-09-12T07,66,0,0.275,0,96488,2
2026-09-12T07,66,0,0.276,0,50407,1
2026-09-12T07,66,0,0.277,0,359800,2
2026-09-12T07,66,0,0.278,2954,47989,6
2026-09-12T07,66,0,0.279,1052019,199690,8
2026-09-12T07,66,0,0.28,268617,0,2
2026-09-12T07,66,1,0.28,127582,37662,4
2026-09-12T07,66,1,0.281,323404,0,4
2026-09-12T07,66,2,0.291,0,30123,1
2026-09-12T07,66,2,0.292,0,280260,2
2026-09-12T07,66,2,0.293,397235,542155,5
2026-09-12T07,66,2,0.294,0,374875,1
2026-09-12T07,66,2,0.295,0,1418660,1
2026-09-12T07,66,2,0.296,0,40599,1
2026-09-12T07,66,2,0.297,0,289894,1
2026-09-12T07,66,2,0.298,42601,0,1
2026-09-12T07,66,3,0.314,0,574140,2
2026-09-12T07,66,3,0.315,0,781082,1
2026-09-12T07,66,3,0.316,0,278223,2
2026-09-12T07,66,3,0.317,20784,833031,3
2026-09-12T07,66,3,0.318,551969,290686,3
2026-09-12T07,66,3,0.319,83305,0,2
2026-09-12T07,66,4,0.333,49598,0,1
2026-09-12T07,66,8,0.55,0,1334473,1
2026-09-12T08,66,0,0.274,0,45713,1
2026-09-12T08,66,0,0.275,8000,50000,2
2026-09-12T08,66,0,0.276,134137,7268,3
2026-09-12T08,66,0,0.277,694871,121120,5
2026-09-12T08,66,0,0.278,0,46583,1
2026-09-12T08,66,0,0.279,0,1440,1
2026-09-12T08,66,0,0.28,23261,0,1
2026-09-12T08,66,1,0.28,4076,66229,3
2026-09-12T08,66,1,0.281,959594,0,7
2026-09-12T08,66,2,0.293,0,220000,1
2026-09-12T08,66,2,0.296,62478,0,1
2026-09-12T08,66,2,0.297,0,384375,1
2026-09-12T08,66,2,0.298,234201,341702,3
2026-09-12T08,66,4,0.33,0,2131478,1
2026-09-12T08,66,4,0.331,43000,957000,2
2026-09-12T08,66,4,0.332,0,1200000,1
2026-09-12T08,66,4,0.333,0,150402,1
2026-09-12T08,66,4,0.335,0,300000,1
2026-09-12T08,66,4,0.337,0,5020191,1
2026-09-12T08,66,4,0.338,0,378866,1
2026-09-12T08,66,5,0.334,0,908120,1
2026-09-12T08,66,5,0.343,0,500000,1
2026-09-12T09,66,0,0.266,20000,39792,3
2026-09-12T09,66,0,0.267,263173,40605,2
2026-09-12T09,66,0,0.268,179993,0,3
2026-09-12T09,66,0,0.27,1500,115638,4
2026-09-12T09,66,0,0.271,376699,0,3
2026-09-12T09,66,1,0.28,0,690366,4
2026-09-12T09,66,1,0.281,169303,0,3
2026-09-12T09,66,2,0.296,0,120450,1
2026-09-12T09,66,2,0.297,0,4795,1
2026-09-12T09,66,2,0.298,122263,0,1
2026-09-12T09,66,3,0.312,0,22477,1
2026-09-12T09,66,3,0.313,128809,0,1
2026-09-12T09,66,5,0.344,79203,0,1
2026-09-12T10,66,0,0.265,0,49892,2
2026-09-12T10,66,0,0.266,167405,226052,10
2026-09-12T10,66,0,0.267,1100137,0,5
2026-09-12T10,66,1,0.278,118293,0,3
2026-09-12T10,66,2,0.289,0,465085,1
2026-09-12T10,66,2,0.292,0,106890,1
2026-09-12T10,66,2,0.293,124300,0,1
2026-09-12T10,66,5,0.344,564741,0,2
2026-09-12T10,66,12,0.6,0,571438,1
2026-09-12T10,66,12,0.605,0,93630,1
2026-09-12T11,66,0,0.263,244208,174505,4
2026-09-12T11,66,0,0.264,0,84575,2
2026-09-12T11,66,0,0.265,0,22203,1
2026-09-12T11,66,0,0.266,7342,68986,3
2026-09-12T11,66,0,0.267,446069,192300,4
2026-09-12T11,66,0,0.268,0,6159,1
2026-09-12T11,66,0,0.269,0,10000,1
2026-09-12T11,66,0,0.27,0,148253,4
2026-09-12T11,66,0,0.271,0,124775,5
2026-09-12T11,66,0,0.272,273265,75995,4
2026-09-12T11,66,0,0.273,13786,2214,2
2026-09-12T11,66,0,0.274,0,285851,2
2026-09-12T11,66,0,0.275,5000,0,1
2026-09-12T11,66,1,0.272,43666,0,1
2026-09-12T11,66,1,0.273,741976,70152,4
2026-09-12T11,66,1,0.274,321740,0,1
2026-09-12T11,66,1,0.277,0,64143,1
2026-09-12T11,66,1,0.278,0,215307,1
2026-09-12T11,66,1,0.28,436224,307004,4
2026-09-12T11,66,2,0.279,0,232605,1
2026-09-12T11,66,2,0.288,41318,0,1
2026-09-12T11,66,2,0.289,0,25275,1
2026-09-12T11,66,2,0.29,0,95975,1
2026-09-12T11,66,2,0.291,47446,0,1
2026-09-12T11,66,3,0.311,23204,214696,3
2026-09-12T11,66,3,0.312,0,25090,1
2026-09-12T11,66,3,0.313,167482,0,2
2026-09-12T11,66,4,0.338,0,202688,1
2026-09-12T11,66,4,0.339,465645,0,1
2026-09-12T11,66,5,0.338,0,371536,1
2026-09-12T11,66,12,0.6,0,218413,1
2026-09-12T12,66,0,0.271,0,23012,3
2026-09-12T12,66,0,0.272,0,17640,1
2026-09-12T12,66,0,0.273,64674,292585,7
2026-09-12T12,66,0,0.274,346520,281671,10
2026-09-12T12,66,0,0.275,13892,304695,8
2026-09-12T12,66,0,0.276,5096,19208,2
2026-09-12T12,66,1,0.272,224461,39873,2
2026-09-12T12,66,1,0.274,56686,52571,3
2026-09-12T12,66,1,0.278,0,525728,1
2026-09-12T12,66,1,0.279,0,149200,1
2026-09-12T12,66,1,0.28,0,143832,1
2026-09-12T12,66,1,0.281,120226,1952466,5
2026-09-12T12,66,1,0.282,110096,0,1
2026-09-12T12,66,2,0.28,0,1000000,1
2026-09-12T12,66,2,0.288,0,129914,1
2026-09-12T12,66,2,0.29,21229,418096,2
2026-09-12T12,66,3,0.305,100000,0,1
2026-09-12T12,66,4,0.338,0,11595,1
2026-09-12T12,66,4,0.339,88405,0,1
2026-09-12T13,66,0,0.263,0,40500,1
2026-09-12T13,66,0,0.264,0,51163,3
2026-09-12T13,66,0,0.265,521671,0,4
2026-09-12T13,66,0,0.268,0,25702,1
2026-09-12T13,66,0,0.269,0,1735,2
2026-09-12T13,66,0,0.27,1000,127676,3
2026-09-12T13,66,0,0.271,8161,211533,5
2026-09-12T13,66,0,0.272,0,5198,2
2026-09-12T13,66,0,0.273,0,180,1
2026-09-12T13,66,0,0.275,91969,0,2
2026-09-12T13,66,1,0.278,0,2337,1
2026-09-12T13,66,1,0.279,202515,105183,2
2026-09-12T13,66,1,0.28,167296,48752,3
2026-09-12T13,66,1,0.281,46760,3974,2
2026-09-12T13,66,1,0.282,310984,0,3
2026-09-12T13,66,2,0.285,0,150000,1
2026-09-12T13,66,2,0.288,0,34816,1
2026-09-12T13,66,2,0.289,0,643047,1
2026-09-12T13,66,2,0.29,0,290622,2
2026-09-12T13,66,2,0.291,180000,506954,3
2026-09-12T13,66,2,0.292,0,2206318,2
2026-09-12T13,66,2,0.293,0,876500,1
2026-09-12T13,66,2,0.294,0,250000,1
2026-09-12T13,66,3,0.304,0,1674057,1
2026-09-12T13,66,3,0.305,0,80000,1
2026-09-12T13,66,3,0.306,0,404633,1
2026-09-12T13,66,3,0.312,0,1848910,1
2026-09-12T13,66,3,0.313,45994,0,1
2026-09-12T13,66,4,0.338,400000,835000,2
2026-09-12T13,66,4,0.339,0,640984,2
2026-09-12T13,66,4,0.34,0,24731,1
2026-09-12T13,66,4,0.341,373191,0,1
2026-09-12T13,66,5,0.344,0,243471,1
2026-09-12T13,66,5,0.345,0,1500000,1
2026-09-12T13,66,5,0.349,0,308447,1
2026-09-12T13,66,5,0.35,0,6374078,1
2026-09-12T13,66,7,0.399,250000,0,1
2026-09-12T13,66,8,0.615,46044,0,1
2026-09-12T13,66,9,0.615,101004,898996,2
2026-09-12T13,66,10,0.64,0,101051,1
2026-09-12T13,66,12,0.645,0,86463,1
2026-09-12T13,66,12,0.65,44631,0,1
2026-09-12T14,66,0,0.259,0,124846,4
2026-09-12T14,66,0,0.26,629296,127924,6
2026-09-12T14,66,0,0.261,5074,0,1
2026-09-12T14,66,0,0.263,0,12848,1
2026-09-12T14,66,0,0.264,0,500,1
2026-09-12T14,66,0,0.265,101802,114171,2
2026-09-12T14,66,0,0.266,130705,0,1
2026-09-12T14,66,1,0.266,1835866,354488,8
2026-09-12T14,66,1,0.27,0,20000,1
2026-09-12T14,66,2,0.292,0,154030,2
2026-09-12T14,66,2,0.293,97157,56467,3
2026-09-12T14,66,2,0.294,0,31469,1
2026-09-12T14,66,2,0.295,0,250000,1
2026-09-12T14,66,2,0.296,0,8858,1
2026-09-12T14,66,2,0.297,172826,0,2
2026-09-12T14,66,3,0.31,0,709482,2
2026-09-12T14,66,3,0.311,0,464791,2
2026-09-12T14,66,3,0.312,0,1283292,1
2026-09-12T14,66,4,0.34,0,1528204,1
2026-09-12T14,66,4,0.341,0,453908,1
2026-09-12T14,66,4,0.343,45774,0,1
2026-09-12T14,66,8,0.52,0,435439,1
2026-09-12T15,66,0,0.258,0,1344,1
2026-09-12T15,66,0,0.259,0,28727,1
2026-09-12T15,66,0,0.26,165128,741635,3
2026-09-12T15,66,0,0.261,88536,17654,6
2026-09-12T15,66,0,0.262,0,128630,3
2026-09-12T15,66,0,0.263,51209,663893,5
2026-09-12T15,66,0,0.264,44211,63581,4
2026-09-12T15,66,0,0.265,109110,20786,4
2026-09-12T15,66,0,0.266,202708,683004,3
2026-09-12T15,66,0,0.267,0,5051,1
2026-09-12T15,66,1,0.269,0,356284,1
2026-09-12T15,66,1,0.27,0,177042,1
2026-09-12T15,66,1,0.271,10000,0,1
2026-09-12T15,66,1,0.277,20204,0,1
2026-09-12T15,66,1,0.278,0,20000,1
2026-09-12T15,66,1,0.279,92502,0,2
2026-09-12T15,66,1,0.28,0,33547,1
2026-09-12T15,66,2,0.295,0,50000,1
2026-09-12T15,66,2,0.296,0,1000778,1
2026-09-12T15,66,2,0.297,0,73574,2
2026-09-12T15,66,2,0.298,90426,0,1
2026-09-12T15,66,3,0.313,91809,0,2
2026-09-12T15,66,5,0.351,326502,0,2
2026-09-12T15,66,8,0.55,0,29177,1
2026-09-12T15,66,8,0.615,0,838256,1
2026-09-12T15,66,8,0.62,0,337890,1
2026-09-12T15,66,8,0.625,0,1000000,1
2026-09-12T15,66,8,0.65,0,11111111,1
2026-09-12T15,66,12,0.645,0,151373,1
2026-09-12T15,66,12,0.65,0,241568,1
2026-09-12T15,66,12,0.655,0,639782,1
2026-09-12T15,66,12,0.66,0,1441551,1
2026-09-12T16,66,0,0.262,0,39803,1
2026-09-12T16,66,0,0.264,0,1891,1
2026-09-12T16,66,0,0.265,0,177448,1
2026-09-12T16,66,0,0.267,0,162034,1
2026-09-12T16,66,0,0.268,0,13643,3
2026-09-12T16,66,0,0.269,0,205313,4
2026-09-12T16,66,0,0.27,80968,494392,10
2026-09-12T16,66,0,0.271,492922,357949,8
2026-09-12T16,66,0,0.272,173874,688441,5
2026-09-12T16,66,0,0.273,0,38005,2
2026-09-12T16,66,0,0.274,42189,4935,3
2026-09-12T16,66,1,0.27,0,32996,1
2026-09-12T16,66,1,0.271,0,89521,1
2026-09-12T16,66,1,0.276,0,8881,1
2026-09-12T16,66,1,0.277,0,89847,1
2026-09-12T16,66,1,0.278,0,40000,1
2026-09-12T16,66,1,0.279,0,159082,1
2026-09-12T16,66,1,0.28,0,31543,2
2026-09-12T16,66,1,0.281,162364,0,4
2026-09-12T16,66,2,0.293,0,70376,1
2026-09-12T16,66,2,0.294,0,237208,2
2026-09-12T16,66,2,0.295,86131,0,2
2026-09-12T16,66,3,0.31,0,133492,1
2026-09-12T16,66,3,0.311,5820,765241,3
2026-09-12T16,66,3,0.312,0,100000,1
2026-09-12T16,66,3,0.313,0,65906,1
2026-09-12T16,66,3,0.314,0,47866,1
2026-09-12T16,66,4,0.338,400000,0,1
2026-09-12T17,66,0,0.274,0,78013,2
2026-09-12T17,66,0,0.275,35033,155882,7
2026-09-12T17,66,0,0.276,43940,199362,10
2026-09-12T17,66,0,0.277,462993,0,7
2026-09-12T17,66,1,0.275,0,3457,1
2026-09-12T17,66,1,0.28,10000,433922,3
2026-09-12T17,66,1,0.281,237370,0,5
2026-09-12T17,66,2,0.293,248000,0,1
2026-09-12T17,66,3,0.315,27879,0,1
2026-09-12T17,66,4,0.315,66718,0,1
2026-09-12T17,66,5,0.34,0,199510,1
2026-09-12T17,66,5,0.343,0,1184233,1
2026-09-12T17,66,5,0.344,0,297904,1
2026-09-12T17,66,5,0.35,0,95240,1
2026-09-12T17,66,5,0.351,0,1594442,2
2026-09-12T17,66,5,0.354,0,465566,1
2026-09-12T17,66,5,0.355,1556462,564379,3
2026-09-12T18,66,0,0.267,76493,82076,2
2026-09-12T18,66,0,0.268,1416,924,2
2026-09-12T18,66,0,0.269,69330,0,1
2026-09-12T18,66,0,0.27,0,159514,2
2026-09-12T18,66,0,0.271,0,713658,3
2026-09-12T18,66,0,0.272,49536,230621,6
2026-09-12T18,66,0,0.273,330914,36892,7
2026-09-12T18,66,0,0.274,0,5738,2
2026-09-12T18,66,0,0.275,0,39745,2
2026-09-12T18,66,0,0.276,18105,49015,3
2026-09-12T18,66,0,0.277,525737,0,2
2026-09-12T18,66,1,0.276,261540,0,2
2026-09-12T18,66,1,0.28,46464,0,1
2026-09-12T18,66,2,0.29,0,371177,3
2026-09-12T18,66,2,0.291,300393,1203019,4
2026-09-12T18,66,3,0.31,200000,581070,2
2026-09-12T18,66,3,0.314,0,97787,1
2026-09-12T18,66,3,0.315,289289,0,1
2026-09-12T18,66,4,0.315,713810,10711,2
2026-09-12T18,66,4,0.338,0,533560,1
2026-09-12T18,66,4,0.339,698228,0,1
2026-09-12T18,66,5,0.355,2601075,0,2
2026-09-12T19,66,0,0.269,13553,148717,3
2026-09-12T19,66,0,0.27,311150,93531,5
2026-09-12T19,66,0,0.271,0,132117,4
2026-09-12T19,66,0,0.272,384740,678671,7
2026-09-12T19,66,0,0.273,575897,0,6
2026-09-12T19,66,1,0.271,0,16,1
2026-09-12T19,66,1,0.274,0,300000,1
2026-09-12T19,66,1,0.275,0,82161,1
2026-09-12T19,66,1,0.276,0,64619,1
2026-09-12T19,66,1,0.277,0,125000,2
2026-09-12T19,66,1,0.278,123000,70000,3
2026-09-12T19,66,1,0.28,0,103536,1
2026-09-12T19,66,1,0.281,0,53506,1
2026-09-12T19,66,1,0.282,235089,19490,2
2026-09-12T19,66,1,0.284,57324,51853,2
2026-09-12T19,66,2,0.28,0,963,1
2026-09-12T19,66,2,0.281,39288,181893,4
2026-09-12T19,66,2,0.282,0,150000,1
2026-09-12T19,66,2,0.289,68778,0,1
2026-09-12T19,66,4,0.336,0,655238,2
2026-09-12T19,66,5,0.349,0,121176,1
2026-09-12T19,66,5,0.355,425949,0,1
2026-09-12T19,66,7,0.38,277378,0,1
2026-09-12T19,66,12,0.655,0,56270,1
2026-09-12T20,66,0,0.264,44056,281122,3
2026-09-12T20,66,0,0.265,3184,37302,2
2026-09-12T20,66,0,0.266,230962,185588,7
2026-09-12T20,66,0,0.267,370510,69129,6
2026-09-12T20,66,0,0.268,0,42651,2
2026-09-12T20,66,0,0.269,0,123361,1
2026-09-12T20,66,0,0.27,388192,0,2
2026-09-12T20,66,1,0.266,0,50301,1
2026-09-12T20,66,1,0.274,38971,60571,2
2026-09-12T20,66,1,0.279,0,15004,1
2026-09-12T20,66,1,0.28,0,18811,2
2026-09-12T20,66,1,0.281,37420,0,3
2026-09-12T20,66,2,0.283,0,150000,1
2026-09-12T20,66,2,0.284,1233567,202273,6
2026-09-12T20,66,2,0.285,0,717500,1
2026-09-12T20,66,2,0.289,0,615656,1
2026-09-12T20,66,2,0.29,47831,50000,3
2026-09-12T20,66,3,0.307,32433,0,1
2026-09-12T20,66,5,0.355,283895,0,1
2026-09-12T20,66,6,0.376,500000,0,1
2026-09-12T21,66,0,0.267,154560,464307,4
2026-09-12T21,66,0,0.268,0,102198,3
2026-09-12T21,66,0,0.269,1059262,68023,7
2026-09-12T21,66,0,0.27,410350,559705,8
2026-09-12T21,66,0,0.271,0,106419,4
2026-09-12T21,66,0,0.272,117149,751262,7
2026-09-12T21,66,0,0.273,578912,0,4
2026-09-12T21,66,1,0.274,0,170000,1
2026-09-12T21,66,1,0.275,0,47519,1
2026-09-12T21,66,1,0.277,0,44500,1
2026-09-12T21,66,1,0.278,0,200000,1
2026-09-12T21,66,1,0.279,0,8972,1
2026-09-12T21,66,1,0.28,0,40125,1
2026-09-12T21,66,1,0.281,0,72951,1
2026-09-12T21,66,1,0.282,0,132665,1
2026-09-12T21,66,1,0.284,0,323153,1
2026-09-12T21,66,1,0.285,0,459886,1
2026-09-12T21,66,1,0.286,0,97512,1
2026-09-12T21,66,1,0.287,0,88304,2
2026-09-12T21,66,1,0.288,0,155400,1
2026-09-12T21,66,1,0.289,213309,0,3
2026-09-12T21,66,2,0.283,0,9000,1
2026-09-12T21,66,2,0.284,601992,491444,4
2026-09-12T21,66,2,0.285,0,100000,1
2026-09-12T21,66,2,0.288,0,86178,1
2026-09-12T21,66,2,0.289,0,916640,3
2026-09-12T21,66,2,0.29,19475,0,1
2026-09-12T21,66,3,0.306,0,310662,1
2026-09-12T21,66,3,0.307,0,244433,1
2026-09-12T21,66,3,0.308,0,1111628,1
2026-09-12T21,66,3,0.309,500000,1002765,2
2026-09-12T21,66,3,0.31,0,89400,1
2026-09-12T22,66,0,0.267,0,14621,2
2026-09-12T22,66,0,0.268,0,23878,1
2026-09-12T22,66,0,0.269,31089,152574,5
2026-09-12T22,66,0,0.27,4320,101841,7
2026-09-12T22,66,0,0.271,842388,50475,9
2026-09-12T22,66,0,0.273,20036,0,1
2026-09-12T22,66,1,0.288,295634,832985,4
2026-09-12T22,66,1,0.289,0,67990,3
2026-09-12T22,66,1,0.29,583025,16500,4
2026-09-12T22,66,2,0.29,0,404154,1
2026-09-12T22,66,2,0.291,0,425074,1
2026-09-12T22,66,2,0.292,0,243649,1
2026-09-12T22,66,2,0.293,0,257367,2
2026-09-12T22,66,2,0.294,135220,302089,5
2026-09-12T22,66,2,0.295,301386,204362,4
2026-09-12T22,66,2,0.296,0,573580,1
2026-09-12T22,66,2,0.297,0,1034537,2
2026-09-12T22,66,2,0.298,79527,0,1
2026-09-12T22,66,3,0.311,415744,0,1
2026-09-12T23,66,0,0.268,0,115,1
2026-09-12T23,66,0,0.269,0,1615,2
2026-09-12T23,66,0,0.27,62748,70411,2
2026-09-12T23,66,0,0.271,0,30252,2
2026-09-12T23,66,0,0.272,51561,28705,2
2026-09-12T23,66,0,0.273,710129,197669,6
2026-09-12T23,66,0,0.274,0,47787,2
2026-09-12T23,66,0,0.275,0,88221,4
2026-09-12T23,66,0,0.276,21349,608930,5
2026-09-12T23,66,0,0.277,1291882,0,5
2026-09-12T23,66,1,0.287,1720,0,1
2026-09-12T23,66,1,0.288,211228,169584,5
2026-09-12T23,66,2,0.289,0,5000,1
2026-09-12T23,66,2,0.29,35082,0,1
2026-09-12T23,66,3,0.306,0,2180595,1
2026-09-12T23,66,3,0.308,0,655318,3
2026-09-12T23,66,3,0.309,105520,0,1
2026-09-12T23,66,5,0.346,0,1765310,1
2026-09-12T23,66,5,0.349,0,96408,1
2026-09-12T23,66,5,0.355,138282,0,1
2026-09-13T00,66,0,0.271,0,1980,1
2026-09-13T00,66,0,0.272,1285,40987,3
2026-09-13T00,66,0,0.273,78426,133974,5
2026-09-13T00,66,0,0.274,292040,38460,11
2026-09-13T00,66,0,0.275,160213,0,6
2026-09-13T00,66,1,0.27,0,150000,1
2026-09-13T00,66,1,0.282,0,190346,1
2026-09-13T00,66,1,0.285,75782,34589,4
2026-09-13T00,66,1,0.286,0,60000,2
2026-09-13T00,66,1,0.287,279016,30770,4
2026-09-13T00,66,1,0.288,0,513275,2
2026-09-13T00,66,1,0.289,17249,0,1
2026-09-13T00,66,2,0.29,34888,80030,2
2026-09-13T00,66,2,0.292,0,2478001,3
2026-09-13T00,66,2,0.293,229341,0,2
2026-09-13T00,66,3,0.307,33436,0,1
2026-09-13T01,66,0,0.27,0,10000,1
2026-09-13T01,66,0,0.271,0,36916,1
2026-09-13T01,66,0,0.272,3100,6028,4
2026-09-13T01,66,0,0.273,10017,23878,4
2026-09-13T01,66,0,0.274,21382,342724,9
2026-09-13T01,66,0,0.275,768930,232815,8
2026-09-13T01,66,0,0.276,69077,309803,7
2026-09-13T01,66,0,0.277,636780,0,5
2026-09-13T01,66,1,0.287,0,40000,1
2026-09-13T01,66,1,0.288,116000,615321,3
2026-09-13T01,66,1,0.289,273055,0,2
2026-09-13T01,66,2,0.291,271567,0,1
2026-09-13T01,66,3,0.306,37987,0,1
2026-09-13T01,66,4,0.329,0,270929,1
2026-09-13T01,66,4,0.33,500000,0,1
2026-09-13T01,66,7,0.38,0,299596,1
2026-09-13T01,66,8,0.5,0,149177,1
2026-09-13T02,66,0,0.246,0,35441,2
2026-09-13T02,66,0,0.247,0,59246,1
2026-09-13T02,66,0,0.248,0,610,1
2026-09-13T02,66,0,0.249,0,1174,1
2026-09-13T02,66,0,0.25,0,4274,1
2026-09-13T02,66,0,0.268,250,0,1
2026-09-13T02,66,0,0.269,27676,8922,4
2026-09-13T02,66,0,0.27,12163,53780,3
2026-09-13T02,66,0,0.271,10000,5766,2
2026-09-13T02,66,0,0.272,1994,10900,3
2026-09-13T02,66,0,0.273,42497,89006,4
2026-09-13T02,66,0,0.274,0,131713,6
2026-09-13T02,66,0,0.275,150657,0,4
2026-09-13T02,66,1,0.276,0,199953,1
2026-09-13T02,66,1,0.283,20000,3293,2
2026-09-13T02,66,1,0.284,11707,0,1
2026-09-13T02,66,1,0.285,58900,0,2
2026-09-13T02,66,2,0.288,62354,303374,2
2026-09-13T02,66,2,0.289,100000,500000,2
2026-09-13T02,66,2,0.29,0,284346,1
2026-09-13T02,66,3,0.303,0,1882,1
2026-09-13T02,66,3,0.304,0,234185,1
2026-09-13T02,66,3,0.305,0,286964,1
2026-09-13T02,66,3,0.306,0,225949,1
2026-09-13T02,66,3,0.307,0,66564,1
2026-09-13T02,66,3,0.308,0,474678,1
2026-09-13T02,66,3,0.309,0,256365,1
2026-09-13T02,66,3,0.31,0,97970,1
2026-09-13T02,66,3,0.311,0,86876,1
2026-09-13T02,66,3,0.312,0,652700,1
2026-09-13T02,66,4,0.33,0,542445,1
2026-09-13T02,66,4,0.331,0,180000,1
2026-09-13T02,66,4,0.332,0,287345,1
2026-09-13T02,66,4,0.333,0,1262614,1
2026-09-13T02,66,4,0.334,0,78303,1
2026-09-13T02,66,4,0.335,0,300000,1
2026-09-13T02,66,4,0.337,0,289222,1
2026-09-13T02,66,4,0.338,185778,0,1
2026-09-13T02,66,5,0.355,0,27374,1
2026-09-13T02,66,5,0.358,0,462328,1
2026-09-13T02,66,5,0.359,0,2999678,1
2026-09-13T02,66,6,0.369,0,1133877,1
2026-09-13T02,66,7,0.398,600000,0,2
2026-09-13T03,66,0,0.268,0,9924,2
2026-09-13T03,66,0,0.269,0,6570,1
2026-09-13T03,66,0,0.27,74755,41725,3
2026-09-13T03,66,0,0.271,0,1134,1
2026-09-13T03,66,0,0.272,27436,309058,4
2026-09-13T03,66,0,0.273,0,21450,3
2026-09-13T03,66,0,0.274,0,200775,4
2026-09-13T03,66,0,0.275,164567,58196,9
2026-09-13T03,66,0,0.276,0,521587,6
2026-09-13T03,66,0,0.277,1075446,0,3
2026-09-13T03,66,1,0.281,1000,6780,2
2026-09-13T03,66,1,0.282,3220,0,1
2026-09-13T03,66,2,0.281,0,116753,1
2026-09-13T03,66,2,0.282,0,26600,1
2026-09-13T03,66,2,0.289,0,42861,1
2026-09-13T03,66,2,0.29,109183,136286,2
2026-09-13T03,66,2,0.291,0,630490,1
2026-09-13T03,66,2,0.292,0,119769,2
2026-09-13T03,66,2,0.293,370451,100439,3
2026-09-13T03,66,8,0.595,0,312615,1
2026-09-13T03,66,8,0.6,0,149614,1
2026-09-13T03,66,8,0.61,0,96393,1
2026-09-13T04,66,1,0.279,0,10352,1
2026-09-13T04,66,1,0.28,37098,0,1
2026-09-14T04,66,0,0.267,0,46085,1
2026-09-14T04,66,0,0.268,0,17398,3
2026-09-14T04,66,0,0.269,180329,130474,4
2026-09-14T04,66,0,0.27,0,617,1
2026-09-14T04,66,0,0.271,0,54579,1
2026-09-14T04,66,0,0.272,76845,100338,5
2026-09-14T04,66,0,0.273,176259,138951,4
2026-09-14T04,66,0,0.274,0,81440,2
2026-09-14T04,66,0,0.275,0,166008,1
2026-09-14T04,66,0,0.276,0,5000,1
2026-09-14T04,66,0,0.277,0,2098692,5
2026-09-14T04,66,0,0.278,0,142979,4
2026-09-14T04,66,0,0.279,707099,378745,6
2026-09-14T04,66,0,0.28,1852489,0,5
2026-09-14T04,66,1,0.28,0,682279,2
2026-09-14T04,66,1,0.281,0,663796,3
2026-09-14T04,66,1,0.282,357331,596780,6
2026-09-14T04,66,1,0.283,844534,0,1
2026-09-14T04,66,2,0.285,0,244225,2
2026-09-14T04,66,2,0.286,0,64080,2
2026-09-14T04,66,2,0.287,171558,68885,2
2026-09-14T04,66,2,0.288,13572,113925,2
2026-09-14T04,66,2,0.293,0,139253,1
2026-09-14T04,66,2,0.294,0,350000,1
2026-09-14T04,66,2,0.295,0,1085329,1
2026-09-14T04,66,2,0.298,0,107486,1
2026-09-14T04,66,2,0.299,193481,0,1
2026-09-14T04,66,3,0.31,0,1353808,1
2026-09-14T04,66,3,0.312,0,104274,1
2026-09-14T04,66,4,0.337,0,101595,1
2026-09-14T04,66,4,0.338,0,2947541,1
2026-09-14T04,66,4,0.339,0,1666481,2
2026-09-14T04,66,4,0.34,0,206742,1
2026-09-14T04,66,4,0.341,0,300000,1
2026-09-14T04,66,4,0.343,0,1964993,1
2026-09-14T04,66,4,0.345,0,133181,1
2026-09-14T04,66,4,0.346,0,1391443,1
2026-09-14T04,66,4,0.347,0,444087,2
2026-09-14T04,66,4,0.348,0,509123,1
2026-09-14T04,66,4,0.349,0,669916,2
2026-09-14T04,66,4,0.35,0,259137,1
2026-09-14T04,66,5,0.36,143816,0,1
2026-09-14T04,66,5,0.361,0,340000,1
2026-09-14T04,66,5,0.362,0,78000,1
2026-09-14T04,66,5,0.363,0,86700,1
2026-09-14T04,66,6,0.376,0,3458787,1
2026-09-14T04,66,6,0.377,0,3648027,1
2026-09-14T04,66,6,0.378,1250000,0,1
2026-09-14T04,66,7,0.398,500000,0,1
2026-09-14T04,66,8,0.66,0,94232,1
2026-09-14T04,66,12,0.645,0,320168,1
2026-09-14T04,66,12,0.65,0,150117,1
2026-09-14T04,66,12,0.655,0,178537,1
2026-09-14T04,66,12,0.66,0,289183,1
2026-09-14T04,66,12,0.665,0,179815,1
2026-09-14T04,66,12,0.67,0,210073,1
2026-09-14T04,66,12,0.675,0,418534,1
2026-09-14T05,66,0,0.274,0,230313,2
2026-09-14T05,66,0,0.275,0,3791,1
2026-09-14T05,66,0,0.276,85790,72185,6
2026-09-14T05,66,0,0.277,693939,49125,7
2026-09-14T05,66,0,0.278,53514,118073,2
2026-09-14T05,66,0,0.279,0,15779,2
2026-09-14T05,66,0,0.28,119329,0,2
2026-09-14T05,66,1,0.279,143553,111294,2
2026-09-14T05,66,1,0.28,56900,64744,2
2026-09-14T05,66,1,0.281,154518,224429,3
2026-09-14T05,66,2,0.287,0,36474,1
2026-09-14T05,66,2,0.288,618907,572309,5
2026-09-14T05,66,2,0.289,1085464,201156,4
2026-09-14T05,66,2,0.29,0,652651,2
2026-09-14T05,66,3,0.308,100000,0,1
2026-09-14T05,66,4,0.343,0,474673,1
2026-09-14T05,66,4,0.344,0,263729,1
2026-09-14T05,66,4,0.348,0,500000,1
2026-09-14T05,66,5,0.345,0,588578,1
2026-09-14T05,66,12,0.6,1,595595,2
2026-09-14T06,66,0,0.27,0,12918,1
2026-09-14T06,66,0,0.271,0,19310,2
2026-09-14T06,66,0,0.272,26100,66604,4
2026-09-14T06,66,0,0.273,0,57312,2
2026-09-14T06,66,0,0.274,0,49500,1
2026-09-14T06,66,0,0.275,143416,158519,5
2026-09-14T06,66,0,0.276,9470,615701,4
2026-09-14T06,66,0,0.277,226950,81767,7
2026-09-14T06,66,0,0.278,481577,0,6
2026-09-14T06,66,1,0.281,55211,0,2
2026-09-14T06,66,1,0.282,562687,0,2
2026-09-14T06,66,2,0.284,0,40053,1
2026-09-14T06,66,2,0.285,0,300000,1
2026-09-14T06,66,2,0.288,242232,165636,3
2026-09-14T06,66,2,0.289,0,11989,1
2026-09-14T06,66,2,0.29,572375,100000,2
2026-09-14T06,66,2,0.291,0,60238,1
2026-09-14T06,66,2,0.292,59569,85780,3
2026-09-14T06,66,3,0.306,80000,1195099,2
2026-09-14T06,66,3,0.307,524165,0,1
2026-09-14T06,66,5,0.349,443723,90128,3
2026-09-14T07,66,0,0.274,0,10494,2
2026-09-14T07,66,0,0.275,0,10000,1
2026-09-14T07,66,0,0.276,186830,0,2
2026-09-14T07,66,0,0.277,0,25236,1
2026-09-14T07,66,0,0.278,53253,139994,6
2026-09-14T07,66,0,0.279,401888,4728,5
2026-09-14T07,66,1,0.275,102644,32961,2
2026-09-14T07,66,1,0.281,0,24789,1
2026-09-14T07,66,1,0.282,155548,0,5
2026-09-14T07,66,2,0.29,12672,203989,2
2026-09-14T07,66,2,0.291,41975,779880,3
2026-09-14T07,66,2,0.292,0,517585,2
2026-09-14T07,66,2,0.293,456934,0,2
2026-09-14T07,66,3,0.305,0,16144,1
2026-09-14T07,66,3,0.306,0,180,1
2026-09-14T07,66,3,0.307,73474,234346,2
2026-09-14T07,66,3,0.308,97051,0,1
2026-09-14T08,66,0,0.271,0,26467,2
2026-09-14T08,66,0,0.272,40703,66647,5
2026-09-14T08,66,0,0.273,26813,48239,3
2026-09-14T08,66,0,0.274,0,43200,1
2026-09-14T08,66,0,0.275,0,3967,2
2026-09-14T08,66,0,0.276,0,32427,3
2026-09-14T08,66,0,0.277,226678,163927,5
2026-09-14T08,66,0,0.278,340215,0,5
2026-09-14T08,66,1,0.275,181320,203250,2
2026-09-14T08,66,1,0.281,0,36104,1
2026-09-14T08,66,1,0.282,92602,280627,4
2026-09-14T08,66,1,0.283,174038,16000,2
2026-09-14T08,66,2,0.289,0,224530,1
2026-09-14T08,66,2,0.29,0,418262,1
2026-09-14T08,66,2,0.291,0,450000,1
2026-09-14T08,66,2,0.292,437456,43769,2
2026-09-14T08,66,3,0.3,29465,0,1
2026-09-14T08,66,5,0.347,500000,0,1
2026-09-14T08,66,12,0.665,0,139935,1
2026-09-14T09,66,0,0.272,0,29046,2
2026-09-14T09,66,0,0.273,0,26133,2
2026-09-14T09,66,0,0.274,0,17988,1
2026-09-14T09,66,0,0.275,544121,29202,6
2026-09-14T09,66,0,0.276,0,28901,1
2026-09-14T09,66,0,0.277,187707,365618,4
2026-09-14T09,66,0,0.278,38606,634963,6
2026-09-14T09,66,0,0.279,0,56284,2
2026-09-14T09,66,0,0.28,849718,36119,5
2026-09-14T09,66,1,0.273,0,3000,1
2026-09-14T09,66,1,0.274,1891903,14456,3
2026-09-14T09,66,1,0.28,0,21521,1
2026-09-14T09,66,1,0.281,0,330279,2
2026-09-14T09,66,1,0.282,0,57039,2
2026-09-14T09,66,1,0.283,698856,0,4
2026-09-14T09,66,2,0.275,0,1000000,1
2026-09-14T09,66,2,0.287,0,200000,1
2026-09-14T09,66,2,0.288,0,32708,1
2026-09-14T09,66,2,0.289,0,100000,1
2026-09-14T09,66,2,0.291,1568621,0,3
2026-09-14T10,66,0,0.266,0,252127,2
2026-09-14T10,66,0,0.267,0,3721,2
2026-09-14T10,66,0,0.272,0,5740,1
2026-09-14T10,66,0,0.273,0,62157,3
2026-09-14T10,66,0,0.274,0,222473,5
2026-09-14T10,66,0,0.275,317180,252007,9
2026-09-14T10,66,0,0.276,5700,483174,3
2026-09-14T10,66,0,0.277,149794,82584,3
2026-09-14T10,66,0,0.278,258911,51145,2
2026-09-14T10,66,1,0.279,0,20000,1
2026-09-14T10,66,1,0.28,112374,5000,2
2026-09-14T10,66,1,0.281,3109,27572,2
2026-09-14T10,66,1,0.282,0,33376,1
2026-09-14T10,66,1,0.283,61405,0,3
2026-09-14T10,66,2,0.285,0,174422,1
2026-09-14T10,66,2,0.286,0,39038,1
2026-09-14T10,66,2,0.287,0,470789,1
2026-09-14T10,66,2,0.288,0,246818,1
2026-09-14T10,66,2,0.289,0,100000,1
2026-09-14T10,66,2,0.291,0,715159,2
2026-09-14T10,66,2,0.292,1515883,0,2
2026-09-14T10,66,3,0.299,0,59318,1
2026-09-14T10,66,3,0.3,0,322541,1
2026-09-14T10,66,3,0.307,151286,0,1
2026-09-14T10,66,4,0.319,0,67846,1
2026-09-14T10,66,4,0.32,0,948980,1
2026-09-14T10,66,5,0.34,0,2561846,1
2026-09-14T11,66,0,0.266,0,123345,2
2026-09-14T11,66,0,0.267,57380,2925,4
2026-09-14T11,66,0,0.268,677395,41031,6
2026-09-14T11,66,0,0.269,0,100000,1
2026-09-14T11,66,0,0.274,0,100000,1
2026-09-14T11,66,0,0.275,0,41740,1
2026-09-14T11,66,0,0.276,0,24160,1
2026-09-14T11,66,0,0.277,0,211933,3
2026-09-14T11,66,0,0.278,131741,530808,4
2026-09-14T11,66,0,0.279,0,65243,3
2026-09-14T11,66,0,0.28,688885,39828,7
2026-09-14T11,66,1,0.279,0,83040,2
2026-09-14T11,66,1,0.28,0,239565,3
2026-09-14T11,66,1,0.281,982698,68605,7
2026-09-14T11,66,2,0.292,0,500961,2
2026-09-14T11,66,2,0.293,628693,0,2
2026-09-14T11,66,3,0.304,4910,0,1
2026-09-14T11,66,3,0.305,0,26289,2
2026-09-14T11,66,3,0.306,336097,0,2
2026-09-14T11,66,4,0.341,0,12455,1
2026-09-14T11,66,4,0.342,0,158116,1
2026-09-14T11,66,4,0.343,12073,0,1
2026-09-14T11,66,5,0.342,150138,217356,2
2026-09-14T11,66,6,0.376,1000000,0,1
2026-09-14T11,66,8,0.59,0,780685,1
2026-09-14T12,66,0,0.274,0,95,1
2026-09-14T12,66,0,0.275,0,17765,3
2026-09-14T12,66,0,0.276,299998,28708,6
2026-09-14T12,66,0,0.277,0,20239,1
2026-09-14T12,66,0,0.278,94628,4910,5
2026-09-14T12,66,0,0.279,159621,63232,3
2026-09-14T12,66,0,0.28,174019,0,2
2026-09-14T12,66,1,0.28,62929,397071,5
2026-09-14T12,66,1,0.281,811512,76684,6
2026-09-14T12,66,1,0.282,41136,0,1
2026-09-14T12,66,2,0.289,0,1168799,2
2026-09-14T12,66,2,0.29,0,708973,1
2026-09-14T12,66,2,0.291,0,420000,1
2026-09-14T12,66,2,0.292,0,52920,1
2026-09-14T12,66,2,0.293,0,104626,1
2026-09-14T12,66,2,0.294,0,688905,2
2026-09-14T12,66,2,0.295,2901,193173,3
2026-09-14T12,66,2,0.296,54135,0,1
2026-09-14T12,66,3,0.3,0,342472,1
2026-09-14T12,66,3,0.301,1022262,0,1
2026-09-14T12,66,4,0.341,0,1219667,1
2026-09-14T12,66,6,0.376,0,2499667,1
2026-09-14T13,66,0,0.267,0,352495,2
2026-09-14T13,66,0,0.273,0,35838,1
2026-09-14T13,66,0,0.274,0,8902,1
2026-09-14T13,66,0,0.275,268517,12789,2
2026-09-14T13,66,0,0.276,235766,285843,4
2026-09-14T13,66,0,0.277,0,1280,1
2026-09-14T13,66,0,0.278,10603,521163,4
2026-09-14T13,66,0,0.279,2530,24770,2
2026-09-14T13,66,1,0.268,0,199642,1
2026-09-14T13,66,1,0.275,5859,91479,2
2026-09-14T13,66,1,0.277,0,3867,1
2026-09-14T13,66,1,0.278,20488,0,1
2026-09-14T13,66,1,0.279,257884,27132,4
2026-09-14T13,66,2,0.289,0,40084,1
2026-09-14T13,66,2,0.29,101644,0,1
2026-09-14T13,66,2,0.296,49930,0,2
2026-09-14T13,66,3,0.3,0,2176374,1
2026-09-14T13,66,3,0.301,106444,525995,3
2026-09-14T13,66,3,0.302,813405,186595,2
2026-09-14T13,66,3,0.304,0,129990,1
2026-09-14T13,66,3,0.305,0,422196,1
2026-09-14T13,66,4,0.34,0,500000,1
2026-09-14T13,66,4,0.341,0,31875,1
2026-09-14T13,66,4,0.342,0,67599,1
2026-09-14T13,66,4,0.343,0,77216,1
2026-09-14T13,66,4,0.344,0,377040,2
2026-09-14T13,66,4,0.345,1053730,0,1
2026-09-14T13,66,5,0.347,0,623192,1
2026-09-14T13,66,5,0.348,0,986548,1
2026-09-14T13,66,5,0.349,0,1556277,1
2026-09-14T13,66,5,0.35,0,2000000,1
2026-09-14T13,66,6,0.377,0,3000000,1
2026-09-14T13,66,9,0.62,885975,0,1
2026-09-14T13,66,10,0.665,0,242437,1
2026-09-14T13,66,12,0.6,91666,540516,2
2026-09-14T13,66,12,0.67,5,0,1
2026-09-14T14,66,0,0.267,0,70099,1
2026-09-14T14,66,0,0.268,47340,2660,2
2026-09-14T14,66,0,0.269,0,139949,2
2026-09-14T14,66,0,0.27,0,10381,1
2026-09-14T14,66,0,0.271,287072,314900,6
2026-09-14T14,66,0,0.272,30452,140818,3
2026-09-14T14,66,0,0.273,0,43319,1
2026-09-14T14,66,0,0.274,0,76792,1
2026-09-14T14,66,0,0.275,0,10000,1
2026-09-14T14,66,0,0.276,181284,0,2
2026-09-14T14,66,1,0.274,2544,2714,2
2026-09-14T14,66,1,0.275,0,144141,1
2026-09-14T14,66,1,0.276,0,29305,1
2026-09-14T14,66,1,0.277,0,49631,1
2026-09-14T14,66,1,0.278,724344,12917,4
2026-09-14T14,66,1,0.279,177601,61953,2
2026-09-14T14,66,1,0.28,0,52356,1
2026-09-14T14,66,1,0.281,123203,0,1
2026-09-14T14,66,2,0.285,0,23507,1
2026-09-14T14,66,2,0.286,0,23989,1
2026-09-14T14,66,2,0.287,0,49674,1
2026-09-14T14,66,2,0.288,687411,113044,4
2026-09-14T14,66,3,0.3,0,1963278,1
2026-09-14T14,66,3,0.305,1508844,200000,2
2026-09-14T14,66,3,0.306,126579,0,2
2026-09-14T14,66,4,0.342,100000,18233,2
2026-09-14T14,66,4,0.343,38357,514964,2
2026-09-14T14,66,5,0.355,568590,0,1
2026-09-14T15,66,0,0.27,0,6665,1
2026-09-14T15,66,0,0.271,3927,283121,8
2026-09-14T15,66,0,0.272,229747,448616,7
2026-09-14T15,66,0,0.273,214545,203220,6
2026-09-14T15,66,0,0.274,225408,62870,6
2026-09-14T15,66,0,0.275,93646,0,1
2026-09-14T15,66,1,0.276,0,10000,1
2026-09-14T15,66,1,0.277,0,100000,1
2026-09-14T15,66,1,0.278,331240,68760,6
2026-09-14T15,66,1,0.28,0,22681,1
2026-09-14T15,66,1,0.281,311353,22722,5
2026-09-14T15,66,2,0.288,176224,398244,3
2026-09-14T15,66,2,0.289,0,214086,1
2026-09-14T15,66,3,0.302,461924,0,2
2026-09-14T15,66,4,0.342,0,177288,1
2026-09-14T15,66,4,0.343,0,407507,1
2026-09-14T15,66,4,0.344,1357374,0,1
2026-09-14T15,66,5,0.349,0,335713,1
2026-09-14T15,66,5,0.355,616252,0,1
2026-09-14T16,66,0,0.272,0,16941,1
2026-09-14T16,66,0,0.273,0,83025,2
2026-09-14T16,66,0,0.274,0,167060,2
2026-09-14T16,66,0,0.275,0,99789,2
2026-09-14T16,66,0,0.276,302604,114587,5
2026-09-14T16,66,0,0.277,0,27116,3
2026-09-14T16,66,0,0.278,0,115,1
2026-09-14T16,66,0,0.279,0,133809,3
2026-09-14T16,66,0,0.28,97842,1475044,17
2026-09-14T16,66,0,0.281,0,21800,4
2026-09-14T16,66,0,0.282,503,61542,2
2026-09-14T16,66,1,0.279,0,441670,1
2026-09-14T16,66,1,0.28,0,79738,2
2026-09-14T16,66,1,0.281,0,542349,2
2026-09-14T16,66,1,0.282,0,339598,3
2026-09-14T16,66,1,0.283,479075,118360,4
2026-09-14T16,66,2,0.286,480845,19155,2
2026-09-14T16,66,2,0.287,0,33217,1
2026-09-14T16,66,2,0.288,0,25842,1
2026-09-14T16,66,2,0.289,0,225052,2
2026-09-14T16,66,2,0.29,0,214594,2
2026-09-14T16,66,2,0.294,0,1000000,1
2026-09-14T16,66,2,0.295,2901,0,1
2026-09-14T16,66,3,0.301,0,157902,1
2026-09-14T16,66,3,0.302,0,238076,1
2026-09-14T16,66,3,0.303,0,514369,1
2026-09-14T16,66,3,0.304,0,242680,2
2026-09-14T16,66,3,0.305,0,2112783,2
2026-09-14T16,66,3,0.306,83273,279051,2
2026-09-14T16,66,3,0.307,0,1961532,1
2026-09-14T16,66,3,0.308,271530,0,1
2026-09-14T16,66,4,0.342,0,300000,1
2026-09-14T16,66,4,0.343,0,108154,1
2026-09-14T16,66,4,0.344,425566,0,1
2026-09-14T17,66,0,0.279,72832,109804,2
2026-09-14T17,66,0,0.28,84840,18350,4
2026-09-14T17,66,0,0.281,0,40657,5
2026-09-14T17,66,0,0.282,67932,424719,9
2026-09-14T17,66,1,0.281,0,300000,1
2026-09-14T17,66,1,0.282,54000,60184,3
2026-09-14T17,66,1,0.283,868119,0,6
2026-09-14T17,66,2,0.293,23475,442250,3
2026-09-14T17,66,3,0.306,33554,0,1
2026-09-14T17,66,3,0.307,0,66446,1
2026-09-14T17,66,3,0.308,459554,0,1
2026-09-14T17,66,5,0.352,105000,0,1
2026-09-14T18,66,0,0.27,27995,2943,2
2026-09-14T18,66,0,0.272,190437,130,2
2026-09-14T18,66,0,0.273,0,12940,1
2026-09-14T18,66,0,0.274,375903,0,2
2026-09-14T18,66,0,0.276,50000,2738,2
2026-09-14T18,66,0,0.277,200000,44874,2
2026-09-14T18,66,0,0.278,4000,385273,3
2026-09-14T18,66,0,0.279,482919,27168,4
2026-09-14T18,66,1,0.281,294148,76029,4
2026-09-14T18,66,1,0.282,376283,203238,5
2026-09-14T18,66,1,0.283,203380,0,2
2026-09-14T18,66,2,0.282,0,21342,1
2026-09-14T18,66,2,0.283,33501,175763,4
2026-09-14T18,66,2,0.284,0,500000,1
2026-09-14T18,66,2,0.285,0,258122,2
2026-09-14T18,66,2,0.286,0,217860,1
2026-09-14T18,66,2,0.287,135068,658425,2
2026-09-14T18,66,2,0.288,0,29692,1
2026-09-14T18,66,2,0.289,191462,0,1
2026-09-14T18,66,3,0.302,0,98100,1
2026-09-14T18,66,3,0.304,680291,1250738,4
2026-09-14T18,66,3,0.305,0,710063,2
2026-09-14T18,66,3,0.306,17935,0,1
2026-09-14T18,66,4,0.339,0,56825,1
2026-09-14T18,66,4,0.34,237014,62335,2
2026-09-14T18,66,7,0.38,0,1507531,1
2026-09-14T18,66,8,0.59,0,436653,1
2026-09-14T19,66,0,0.266,0,44136,1
2026-09-14T19,66,0,0.267,0,2890,1
2026-09-14T19,66,0,0.269,10052,147468,3
2026-09-14T19,66,0,0.27,3177,83637,7
2026-09-14T19,66,0,0.271,203510,168159,5
2026-09-14T19,66,0,0.272,303194,136677,8
2026-09-14T19,66,0,0.273,0,102020,5
2026-09-14T19,66,0,0.274,1078645,0,4
2026-09-14T19,66,1,0.28,0,29060,1
2026-09-14T19,66,1,0.281,0,273482,2
2026-09-14T19,66,1,0.282,22458,35936,3
2026-09-14T19,66,1,0.283,138034,41,3
2026-09-14T19,66,1,0.284,0,111975,2
2026-09-14T19,66,2,0.284,0,172922,1
2026-09-14T19,66,2,0.285,41411,0,1
2026-09-14T19,66,2,0.289,0,50216,1
2026-09-14T19,66,2,0.29,0,214227,1
2026-09-14T19,66,2,0.291,0,100000,1
2026-09-14T19,66,2,0.292,0,57580,1
2026-09-14T19,66,2,0.293,0,21594,1
2026-09-14T19,66,2,0.294,250433,249567,2
2026-09-14T19,66,2,0.295,0,332574,1
2026-09-14T19,66,2,0.296,0,939922,2
2026-09-14T19,66,3,0.303,0,290027,2
2026-09-14T19,66,3,0.304,429593,0,3
2026-09-14T19,66,3,0.306,1071695,0,1
2026-09-14T19,66,5,0.352,547125,0,1
2026-09-14T19,66,7,0.398,500000,0,1
2026-09-14T20,66,0,0.267,0,72421,1
2026-09-14T20,66,0,0.268,0,15000,1
2026-09-14T20,66,0,0.269,26189,2820,3
2026-09-14T20,66,0,0.27,311742,0,4
2026-09-14T20,66,0,0.273,0,60630,3
2026-09-14T20,66,0,0.274,388734,0,3
2026-09-14T20,66,1,0.278,0,30000,1
2026-09-14T20,66,1,0.279,0,138427,1
2026-09-14T20,66,1,0.28,0,16232,1
2026-09-14T20,66,1,0.281,56347,385012,3
2026-09-14T20,66,1,0.282,0,57580,1
2026-09-14T20,66,2,0.282,5000,135256,2
2026-09-14T20,66,2,0.283,427810,98626,3
2026-09-14T20,66,2,0.284,100000,72993,2
2026-09-14T20,66,2,0.285,25952,0,2
2026-09-14T20,66,3,0.304,0,575307,1
2026-09-14T20,66,3,0.305,0,864570,1
2026-09-14T20,66,4,0.337,545261,0,1
2026-09-14T20,66,5,0.351,0,107790,1
2026-09-14T20,66,5,0.352,0,394985,1
2026-09-14T20,66,5,0.353,0,1000000,1
2026-09-14T20,66,5,0.354,255385,385145,2
2026-09-14T20,66,5,0.355,80554,1939155,2
2026-09-14T20,66,6,0.37,0,4339778,1
2026-09-14T21,66,0,0.266,0,21665,1
2026-09-14T21,66,0,0.267,8064,169455,4
2026-09-14T21,66,0,0.268,2945,6109,2
2026-09-14T21,66,0,0.269,0,112050,4
2026-09-14T21,66,0,0.27,8510,130939,7
2026-09-14T21,66,0,0.271,0,62820,5
2026-09-14T21,66,0,0.272,0,380623,5
2026-09-14T21,66,0,0.273,293579,137398,8
2026-09-14T21,66,0,0.274,46226,0,2
2026-09-14T21,66,1,0.271,0,5995,1
2026-09-14T21,66,1,0.272,0,212444,2
2026-09-14T21,66,1,0.273,0,108836,2
2026-09-14T21,66,2,0.272,0,200000,1
2026-09-14T21,66,2,0.273,105312,457477,2
2026-09-14T21,66,2,0.274,257672,699080,3
2026-09-14T21,66,2,0.285,707170,0,1
2026-09-14T21,66,4,0.303,461216,0,1
2026-09-14T22,66,0,0.267,0,2000,1
2026-09-14T22,66,0,0.268,90867,110596,4
2026-09-14T22,66,0,0.269,3582,94428,2
2026-09-14T22,66,0,0.27,0,18870,1
2026-09-14T22,66,0,0.271,0,571,1
2026-09-14T22,66,0,0.272,0,11011,2
2026-09-14T22,66,0,0.273,21905,24025,4
2026-09-14T22,66,0,0.274,0,682926,3
2026-09-14T22,66,0,0.275,0,7909,3
2026-09-14T22,66,0,0.276,74044,125943,7
2026-09-14T22,66,0,0.277,179763,0,4
2026-09-14T22,66,1,0.272,0,43381,2
2026-09-14T22,66,1,0.273,0,411668,1
2026-09-14T22,66,1,0.274,0,380000,1
2026-09-14T22,66,1,0.279,0,13247,1
2026-09-14T22,66,1,0.28,60753,0,1
2026-09-14T22,66,2,0.272,0,112500,1
2026-09-14T22,66,2,0.273,317988,309845,2
2026-09-14T22,66,2,0.274,0,1355060,1
2026-09-14T22,66,2,0.275,0,30000,1
2026-09-14T22,66,2,0.283,0,4074,1
2026-09-14T22,66,2,0.284,46447,67134,2
2026-09-14T22,66,2,0.285,0,3327,1
2026-09-14T22,66,2,0.287,167660,0,2
2026-09-14T22,66,3,0.304,0,626499,1
2026-09-14T22,66,3,0.305,0,335271,1
2026-09-14T22,66,4,0.302,46408,46768,2
2026-09-14T22,66,4,0.303,0,375786,1
2026-09-14T22,66,4,0.304,0,1084608,1
2026-09-14T23,66,0,0.272,0,7686,1
2026-09-14T23,66,0,0.273,52000,84876,4
2026-09-14T23,66,0,0.274,123542,141050,7
2026-09-14T23,66,0,0.275,1000,593866,4
2026-09-14T23,66,0,0.276,21774,17419,5
2026-09-14T23,66,0,0.277,181207,0,2
2026-09-14T23,66,1,0.278,125566,18558,2
2026-09-14T23,66,1,0.279,0,3164,1
2026-09-14T23,66,1,0.28,16143,19722,2
2026-09-14T23,66,1,0.283,0,11327,1
2026-09-14T23,66,1,0.284,145999,271424,2
2026-09-14T23,66,2,0.285,250884,13220,2
2026-09-14T23,66,2,0.286,0,446680,1
2026-09-14T23,66,2,0.287,0,574434,1
2026-09-14T23,66,2,0.29,0,299000,1
2026-09-14T23,66,2,0.291,0,110074,1
2026-09-14T23,66,2,0.292,0,305389,1
2026-09-14T23,66,2,0.293,0,76482,1
2026-09-14T23,66,2,0.294,0,700000,1
2026-09-14T23,66,2,0.295,0,146400,1
2026-09-14T23,66,2,0.296,0,417080,1
2026-09-14T23,66,2,0.297,199491,0,1
2026-09-14T23,66,5,0.349,0,2017871,2
2026-09-14T23,66,6,0.371,0,90703,1
2026-09-14T23,66,12,0.665,2,0,1
2026-09-15T00,66,0,0.27,20000,0,1
2026-09-15T00,66,0,0.272,38742,44410,5
2026-09-15T00,66,0,0.273,51171,36447,4
2026-09-15T00,66,0,0.274,47707,36886,7
2026-09-15T00,66,0,0.275,0,45159,4
2026-09-15T00,66,0,0.276,188674,131290,8
2026-09-15T00,66,0,0.277,178890,0,1
2026-09-15T00,66,1,0.285,0,22651,1
2026-09-15T00,66,1,0.286,0,377534,2
2026-09-15T00,66,1,0.287,156170,346244,4
2026-09-15T00,66,2,0.295,37560,0,1
2026-09-15T00,66,3,0.304,84648,0,1
2026-09-15T01,66,0,0.266,0,567,1
2026-09-15T01,66,0,0.267,0,161272,3
2026-09-15T01,66,0,0.268,16238,450541,6
2026-09-15T01,66,0,0.269,30522,400729,4
2026-09-15T01,66,0,0.27,10299,80429,3
2026-09-15T01,66,0,0.271,27129,349871,5
2026-09-15T01,66,0,0.272,27283,55654,4
2026-09-15T01,66,0,0.273,0,154413,3
2026-09-15T01,66,0,0.274,54895,180752,9
2026-09-15T01,66,0,0.275,0,21560,5
2026-09-15T01,66,0,0.276,82003,0,2
2026-09-15T01,66,1,0.28,0,100,1
2026-09-15T01,66,1,0.285,0,100,1
2026-09-15T01,66,1,0.287,5150,0,1
2026-09-15T01,66,2,0.286,40000,45000,2
2026-09-15T01,66,2,0.287,408405,136086,6
2026-09-15T01,66,2,0.288,14235,0,1
2026-09-15T01,66,3,0.303,0,841801,2
2026-09-15T01,66,3,0.304,0,7647,1
2026-09-15T01,66,3,0.305,0,262670,1
2026-09-15T01,66,3,0.306,39487,0,1
2026-09-15T01,66,4,0.33,0,955570,1
2026-09-15T01,66,4,0.331,0,596154,1
2026-09-15T01,66,4,0.332,225038,94711,2
2026-09-15T01,66,4,0.333,315885,0,1
2026-09-15T01,66,5,0.355,0,13630,1
2026-09-15T01,66,5,0.358,396966,0,1
2026-09-15T02,66,0,0.266,0,69544,1
2026-09-15T02,66,0,0.267,0,500,1
2026-09-15T02,66,0,0.268,24036,201661,3
2026-09-15T02,66,0,0.269,184297,196073,4
2026-09-15T02,66,0,0.27,0,361958,8
2026-09-15T02,66,0,0.271,14418,107609,6
2026-09-15T02,66,0,0.272,41993,41634,3
2026-09-15T02,66,0,0.273,44196,69923,3
2026-09-15T02,66,0,0.274,0,175706,2
2026-09-15T02,66,0,0.275,12879,9147,5
2026-09-15T02,66,0,0.276,821,141300,3
2026-09-15T02,66,0,0.277,144373,0,1
2026-09-15T02,66,1,0.276,0,114761,1
2026-09-15T02,66,1,0.277,0,5500,1
2026-09-15T02,66,1,0.278,7691,0,1
2026-09-15T02,66,1,0.279,32000,0,1
2026-09-15T02,66,1,0.284,0,7325,1
2026-09-15T02,66,1,0.285,127795,0,1
2026-09-15T02,66,2,0.282,0,2246,1
2026-09-15T02,66,2,0.283,0,375050,1
2026-09-15T02,66,2,0.284,328176,200000,3
2026-09-15T02,66,2,0.285,29450,0,1
2026-09-15T02,66,3,0.302,50000,0,1
2026-09-15T03,66,0,0.266,0,80262,1
2026-09-15T03,66,0,0.267,0,25815,2
2026-09-15T03,66,0,0.268,0,53133,3
2026-09-15T03,66,0,0.269,60619,84065,7
2026-09-15T03,66,0,0.27,88940,116314,8
2026-09-15T03,66,0,0.271,101886,67950,4
2026-09-15T03,66,0,0.272,0,12285,2
2026-09-15T03,66,0,0.273,0,47739,2
2026-09-15T03,66,0,0.274,0,113942,2
2026-09-15T03,66,0,0.275,0,216663,6
2026-09-15T03,66,0,0.276,51599,63466,4
2026-09-15T03,66,0,0.277,154429,0,5
2026-09-15T03,66,1,0.276,0,34047,1
2026-09-15T03,66,1,0.277,0,300000,1
2026-09-15T03,66,1,0.278,0,400338,1
2026-09-15T03,66,1,0.279,0,442460,1
2026-09-15T03,66,1,0.281,0,6682,1
2026-09-15T03,66,1,0.282,0,51062,2
2026-09-15T03,66,1,0.283,261660,95386,5
2026-09-15T03,66,1,0.284,181667,126415,5
2026-09-15T03,66,1,0.285,45903,0,1
2026-09-15T03,66,2,0.283,0,48996,1
2026-09-15T03,66,2,0.284,134594,37230,2
2026-09-15T03,66,2,0.285,200000,1143022,3
2026-09-15T03,66,2,0.286,69564,112026,3
2026-09-15T03,66,2,0.287,15974,0,1
2026-09-15T03,66,3,0.301,0,16650,1
2026-09-15T03,66,3,0.302,304878,0,1
2026-09-15T03,66,7,0.379,0,1527007,1
2026-09-15T03,66,7,0.38,0,440305,1
2026-09-15T04,66,0,0.273,0,6900,1
2026-09-15T04,66,0,0.274,15463,0,1
2026-09-15T04,66,0,0.276,0,70973,2
2026-09-15T04,66,0,0.277,0,467728,6
2026-09-15T04,66,0,0.278,120123,542454,7
2026-09-15T04,66,0,0.279,0,533134,8
2026-09-15T04,66,0,0.28,56936,400121,6
2026-09-15T04,66,1,0.275,239241,0,2
2026-09-15T04,66,1,0.277,48244,251756,3
2026-09-15T04,66,1,0.278,245998,0,2
2026-09-15T04,66,2,0.285,4704,295296,2
2026-09-15T04,66,2,0.286,206614,23822,2
2026-09-15T04,66,2,0.287,106240,0,2
2026-09-15T04,66,3,0.302,0,386508,1
2026-09-15T04,66,3,0.303,0,266519,1
2026-09-15T04,66,3,0.304,0,470599,2
2026-09-15T05,66,0,0.27,0,5000,1
2026-09-15T05,66,0,0.271,0,13775,2
2026-09-15T05,66,0,0.272,2090,333689,6
2026-09-15T05,66,0,0.273,455026,183336,8
2026-09-15T05,66,0,0.274,0,68265,3
2026-09-15T05,66,0,0.275,69855,19352,3
2026-09-15T05,66,1,0.273,0,423987,2
2026-09-15T05,66,1,0.274,474000,0,6
2026-09-15T05,66,1,0.275,0,108173,1
2026-09-15T05,66,1,0.276,95972,0,2
2026-09-15T05,66,2,0.275,0,200000,1
2026-09-15T05,66,2,0.285,2901,57579,2
2026-09-15T05,66,2,0.286,0,35365,1
2026-09-15T05,66,2,0.287,65392,792704,5
2026-09-15T05,66,2,0.288,184639,0,1
2026-09-15T05,66,3,0.305,0,1191981,2
2026-09-15T05,66,3,0.306,194305,0,1
2026-09-15T05,66,4,0.33,49296,766975,2
2026-09-15T05,66,4,0.331,0,419822,1
2026-09-15T05,66,4,0.332,0,520881,1
2026-09-15T05,66,5,0.355,1000000,0,1
2026-09-15T05,66,6,0.372,0,510703,1
2026-09-15T05,66,8,0.595,0,230694,1
2026-09-15T05,66,10,0.66,2222,0,1
2026-09-15T06,66,0,0.269,0,36692,2
2026-09-15T06,66,0,0.271,470203,0,3
2026-09-15T06,66,0,0.272,32849,0,1
2026-09-15T06,66,0,0.273,73111,0,1
2026-09-15T06,66,1,0.269,0,75777,2
2026-09-15T06,66,1,0.27,365121,100653,5
2026-09-15T06,66,1,0.274,154140,0,2
2026-09-15T06,66,2,0.288,344363,0,1
2026-09-15T06,66,3,0.302,0,1041178,2
2026-09-15T06,66,3,0.303,0,115135,1
2026-09-15T06,66,3,0.304,912951,0,1
2026-09-15T06,66,4,0.333,41686,0,1
2026-09-15T11,66,0,0.271,0,1529797,1
2026-09-15T11,66,0,0.272,0,921678,1
2026-09-15T11,66,0,0.273,0,237914,2
2026-09-15T11,66,0,0.274,0,19776,5
2026-09-15T11,66,0,0.275,0,68985,4
2026-09-15T11,66,0,0.276,557095,90768,5
2026-09-15T11,66,1,0.273,0,3152,1
2026-09-15T11,66,1,0.274,0,147044,1
2026-09-15T11,66,1,0.276,0,1789805,1
2026-09-15T11,66,1,0.277,662367,0,2
2026-09-15T11,66,1,0.278,0,107629,1
2026-09-15T11,66,1,0.279,0,100953,1
2026-09-15T11,66,1,0.28,0,901717,2
2026-09-15T11,66,1,0.281,0,1000000,1
2026-09-15T11,66,1,0.283,0,233975,1
2026-09-15T11,66,1,0.284,0,34420,1
2026-09-15T11,66,1,0.285,0,4531,1
2026-09-15T11,66,1,0.286,0,46724,1
2026-09-15T11,66,1,0.287,0,68784,1
2026-09-15T11,66,1,0.288,0,5000,1
2026-09-15T11,66,1,0.289,40237,0,1
2026-09-15T11,66,2,0.287,0,334486,1
2026-09-15T11,66,2,0.288,0,128662,2
2026-09-15T11,66,2,0.289,0,600000,2
2026-09-15T11,66,2,0.29,0,37559,2
2026-09-15T11,66,2,0.291,0,2000000,1
2026-09-15T11,66,2,0.292,0,175193,1
2026-09-15T11,66,2,0.293,0,206710,1
2026-09-15T11,66,2,0.294,500335,1000000,2
2026-09-15T11,66,2,0.295,0,431850,2
2026-09-15T11,66,2,0.296,195217,0,1
2026-09-15T11,66,3,0.301,0,78362,1
2026-09-15T11,66,3,0.302,0,1508488,1
2026-09-15T11,66,3,0.303,30179,100000,2
2026-09-15T11,66,3,0.304,0,87049,1
2026-09-15T11,66,3,0.305,0,2502318,1
2026-09-15T11,66,5,0.355,350000,0,1
2026-09-15T11,66,6,0.376,1000,0,1
2026-09-15T11,66,7,0.398,1500000,0,1
2026-09-15T11,66,8,0.6,0,227903,1
2026-09-15T12,66,0,0.262,0,22728,2
2026-09-15T12,66,0,0.263,122449,200623,6
2026-09-15T12,66,0,0.264,0,115261,1
2026-09-15T12,66,0,0.265,171692,53909,3
2026-09-15T12,66,0,0.266,55691,0,1
2026-09-15T12,66,0,0.273,2540,0,1
2026-09-15T12,66,0,0.276,397496,0,3
2026-09-15T12,66,1,0.277,134600,237823,5
2026-09-15T12,66,1,0.278,67193,410976,5
2026-09-15T12,66,1,0.279,0,26739,1
2026-09-15T12,66,2,0.28,296203,0,1
2026-09-15T12,66,2,0.294,111367,0,2
2026-09-15T12,66,3,0.3,0,300000,1
2026-09-15T12,66,3,0.301,73360,426640,2
2026-09-15T12,66,3,0.302,0,20016,1
2026-09-15T12,66,4,0.303,0,154227,1
2026-09-15T12,66,4,0.304,0,473949,1
2026-09-15T13,66,0,0.263,0,32745,1
2026-09-15T13,66,0,0.265,32874,70657,2
2026-09-15T13,66,0,0.266,0,39612,1
2026-09-15T13,66,0,0.272,0,76999,2
2026-09-15T13,66,0,0.273,95236,2224,2
2026-09-15T13,66,0,0.274,79584,58789,2
2026-09-15T13,66,0,0.275,0,133494,3
2026-09-15T13,66,0,0.276,136842,63673,6
2026-09-15T13,66,0,0.277,0,241930,2
2026-09-15T13,66,0,0.278,81616,8164,3
2026-09-15T13,66,0,0.279,423426,135985,5
2026-09-15T13,66,0,0.28,92143,651727,4
2026-09-15T13,66,1,0.286,0,100000,1
2026-09-15T13,66,1,0.287,50000,27585,3
2026-09-15T13,66,1,0.288,0,110501,2
2026-09-15T13,66,1,0.289,265374,149212,5
2026-09-15T13,66,1,0.29,714,120070,2
2026-09-15T13,66,1,0.292,0,315,1
2026-09-15T13,66,1,0.295,0,375709,1
2026-09-15T13,66,2,0.28,197112,506685,2
2026-09-15T13,66,2,0.284,0,10836,1
2026-09-15T13,66,2,0.285,0,220001,1
2026-09-15T13,66,2,0.289,0,43769,1
2026-09-15T13,66,2,0.29,249802,323648,3
2026-09-15T13,66,2,0.291,0,399180,1
2026-09-15T13,66,2,0.292,0,426455,1
2026-09-15T13,66,2,0.293,0,596974,1
2026-09-15T13,66,2,0.294,601033,407453,3
2026-09-15T13,66,2,0.295,0,61811,1
2026-09-15T13,66,2,0.296,495813,0,1
2026-09-15T13,66,3,0.303,177686,0,2
2026-09-15T13,66,6,0.376,3554426,0,2
2026-09-15T13,66,9,0.62,33360,0,1
2026-09-15T14,66,0,0.261,0,32710,1
2026-09-15T14,66,0,0.262,61330,5211,2
2026-09-15T14,66,0,0.263,0,67051,2
2026-09-15T14,66,0,0.264,0,24833,3
2026-09-15T14,66,0,0.265,0,71798,2
2026-09-15T14,66,0,0.266,41348,319924,2
2026-09-15T14,66,0,0.267,0,2929,1
2026-09-15T14,66,0,0.27,30764,16004,2
2026-09-15T14,66,0,0.271,86932,39730,3
2026-09-15T14,66,0,0.272,13734,0,1
2026-09-15T14,66,0,0.276,125000,0,1
2026-09-15T14,66,0,0.278,3000,0,1
2026-09-15T14,66,1,0.273,0,1332948,1
2026-09-15T14,66,1,0.291,57888,0,1
2026-09-15T14,66,1,0.296,0,511721,3
2026-09-15T14,66,2,0.292,0,288567,1
2026-09-15T14,66,2,0.295,0,67624,1
2026-09-15T14,66,2,0.296,0,341909,2
2026-09-15T14,66,2,0.297,371875,5935413,8
2026-09-15T14,66,2,0.298,0,52444,1
2026-09-15T14,66,2,0.299,0,289025,2
2026-09-15T14,66,2,0.3,26941,0,1
2026-09-15T14,66,3,0.3,0,320243,1
2026-09-15T14,66,3,0.303,0,268784,1
2026-09-15T14,66,3,0.304,706448,69259,2
2026-09-15T14,66,4,0.325,0,1681937,1
2026-09-15T14,66,4,0.326,346531,0,1
2026-09-15T14,66,5,0.352,0,281633,1
2026-09-15T14,66,5,0.354,848367,0,2
2026-09-15T14,66,6,0.321,0,1000000,1
2026-09-15T15,66,0,0.266,0,1000,1
2026-09-15T15,66,0,0.27,0,43083,2
2026-09-15T15,66,0,0.271,0,77498,1
2026-09-15T15,66,0,0.272,0,65850,2
2026-09-15T15,66,0,0.273,0,29257,1
2026-09-15T15,66,0,0.274,50272,31869,3
2026-09-15T15,66,0,0.275,0,54873,4
2026-09-15T15,66,0,0.276,50030,140928,5
2026-09-15T15,66,0,0.277,283549,66218,4
2026-09-15T15,66,0,0.278,46588,332473,6
2026-09-15T15,66,0,0.279,5995,275639,2
2026-09-15T15,66,0,0.28,395720,0,3
2026-09-15T15,66,1,0.291,8316,91815,2
2026-09-15T15,66,1,0.292,0,30000,1
2026-09-15T15,66,1,0.293,0,328,1
2026-09-15T15,66,1,0.294,0,45368,1
2026-09-15T15,66,1,0.295,0,187000,1
2026-09-15T15,66,1,0.297,0,2361329,2
2026-09-15T15,66,2,0.298,0,1009829,2
2026-09-15T15,66,2,0.299,155541,334630,2
2026-09-15T15,66,3,0.302,1596,0,1
2026-09-15T15,66,3,0.303,365655,0,1
2026-09-15T15,66,4,0.326,700000,0,1
2026-09-15T16,66,0,0.272,0,594,2
2026-09-15T16,66,0,0.273,0,115,1
2026-09-15T16,66,0,0.274,0,5732,1
2026-09-15T16,66,0,0.275,0,590216,6
2026-09-15T16,66,0,0.276,504225,393923,10
2026-09-15T16,66,0,0.277,109744,306707,5
2026-09-15T16,66,0,0.278,6682,0,1
2026-09-15T16,66,1,0.295,0,63164,1
2026-09-15T16,66,1,0.296,15844,24422,2
2026-09-15T16,66,1,0.297,320550,0,1
2026-09-15T16,66,2,0.294,0,11227,1
2026-09-15T16,66,2,0.295,0,160181,1
2026-09-15T16,66,2,0.296,42110,250070,2
2026-09-15T16,66,2,0.297,314866,0,1
2026-09-15T16,66,3,0.301,1289980,0,2
2026-09-15T16,66,4,0.325,100000,0,1
2026-09-15T16,66,5,0.347,55000,0,1
2026-09-15T16,66,7,0.398,0,952700,2
2026-09-15T16,66,12,0.6,0,445890,1
2026-09-15T17,66,0,0.267,297544,8985,3
2026-09-15T17,66,0,0.268,80611,318706,4
2026-09-15T17,66,0,0.269,0,5000,1
2026-09-15T17,66,0,0.27,0,10000,1
2026-09-15T17,66,0,0.271,0,7037,1
2026-09-15T17,66,0,0.272,1293,486,2
2026-09-15T17,66,0,0.273,0,40104,2
2026-09-15T17,66,0,0.274,0,46960,4
2026-09-15T17,66,0,0.275,762018,1149,2
2026-09-15T17,66,0,0.276,94436,2133,3
2026-09-15T17,66,0,0.277,0,92942,4
2026-09-15T17,66,0,0.278,50442,40232,5
2026-09-15T17,66,0,0.279,120219,179631,6
2026-09-15T17,66,0,0.28,2079412,0,1
2026-09-15T17,66,1,0.276,0,45295,1
2026-09-15T17,66,1,0.277,133935,0,1
2026-09-15T17,66,1,0.289,33937,0,2
2026-09-15T17,66,2,0.288,23475,0,1
2026-09-15T17,66,2,0.29,129645,0,1
2026-09-15T17,66,2,0.296,114158,0,1
2026-09-15T17,66,3,0.301,0,87171,1
2026-09-15T17,66,3,0.302,0,551224,2
2026-09-15T17,66,3,0.303,0,953101,2
2026-09-15T17,66,3,0.304,159462,0,2
2026-09-15T17,66,4,0.322,0,832504,1
2026-09-15T17,66,4,0.323,0,50000,1
2026-09-15T17,66,4,0.324,74900,346593,2
2026-09-15T17,66,4,0.325,0,434072,1
2026-09-15T17,66,4,0.327,53055,0,1
2026-09-15T17,66,5,0.346,0,21956,1
2026-09-15T17,66,5,0.347,0,1632227,1
2026-09-15T18,66,0,0.263,0,8460,2
2026-09-15T18,66,0,0.264,33800,163588,9
2026-09-15T18,66,0,0.265,63312,152171,10
2026-09-15T18,66,0,0.266,247244,153977,9
2026-09-15T18,66,1,0.276,0,64511,1
2026-09-15T18,66,1,0.277,1161755,0,5
2026-09-15T18,66,2,0.288,7633,0,1
2026-09-15T18,66,3,0.299,0,113786,1
2026-09-15T18,66,3,0.3,0,99800,1
2026-09-15T18,66,3,0.302,598650,546048,3
2026-09-15T18,66,3,0.303,0,889313,1
2026-09-15T18,66,3,0.304,0,11522540,1
2026-09-15T18,66,4,0.327,0,57538,1
2026-09-15T18,66,4,0.328,312667,158134,3
2026-09-15T18,66,6,0.35,0,900000,1
2026-09-15T18,66,6,0.36,0,1000000,1
2026-09-15T18,66,6,0.37,0,1000000,1
2026-09-15T19,66,0,0.255,0,295164,1
2026-09-15T19,66,0,0.262,0,39998,1
2026-09-15T19,66,0,0.263,10000,29580,3
2026-09-15T19,66,0,0.264,0,133315,5
2026-09-15T19,66,0,0.265,400096,218025,8
2026-09-15T19,66,0,0.266,350180,0,5
2026-09-15T19,66,1,0.274,6183,35166,2
2026-09-15T19,66,1,0.275,0,8045,1
2026-09-15T19,66,1,0.276,0,118083,1
2026-09-15T19,66,1,0.277,0,243219,1
2026-09-15T19,66,1,0.285,190560,79138,2
2026-09-15T19,66,1,0.286,0,100000,1
2026-09-15T19,66,1,0.287,0,893540,3
2026-09-15T19,66,1,0.288,0,4867,1
2026-09-15T19,66,1,0.289,40409,192164,3
2026-09-15T19,66,1,0.29,261855,0,1
2026-09-15T19,66,2,0.287,130806,126128,2
2026-09-15T19,66,2,0.288,0,142533,2
2026-09-15T19,66,2,0.289,0,70772,1
2026-09-15T19,66,2,0.29,0,70355,1
2026-09-15T19,66,4,0.326,0,6339,1
2026-09-15T19,66,4,0.327,362946,3067,4
2026-09-15T19,66,5,0.343,0,114470,1
2026-09-15T19,66,5,0.344,0,261046,1
2026-09-15T19,66,5,0.345,161609,0,1
2026-09-15T19,66,7,0.41,0,1046154,1
2026-09-15T19,66,7,0.449,153846,0,1
2026-09-15T20,66,0,0.262,0,14906,1
2026-09-15T20,66,0,0.263,0,32754,1
2026-09-15T20,66,0,0.264,364599,142793,7
2026-09-15T20,66,0,0.265,80396,345759,7
2026-09-15T20,66,0,0.266,346150,208977,10
2026-09-15T20,66,0,0.267,39837,0,1
2026-09-15T20,66,1,0.268,0,54336,2
2026-09-15T20,66,1,0.269,528921,0,2
2026-09-15T20,66,1,0.27,50000,0,1
2026-09-15T20,66,1,0.276,0,53791,1
2026-09-15T20,66,1,0.277,41816,0,1
2026-09-15T20,66,1,0.279,286652,0,1
2026-09-15T20,66,2,0.288,0,25016,1
2026-09-15T20,66,2,0.289,244484,9165,2
2026-09-15T20,66,2,0.29,0,22643,1
2026-09-15T20,66,2,0.291,311694,0,2
2026-09-15T20,66,3,0.3,0,2024891,2
2026-09-15T20,66,3,0.301,159236,0,1
2026-09-15T20,66,4,0.327,0,98671,1
2026-09-15T20,66,4,0.328,0,184653,1
2026-09-15T20,66,4,0.329,1210751,163054,3
2026-09-15T20,66,4,0.33,0,602000,1
2026-09-15T20,66,6,0.374,0,88350,1
2026-09-15T20,66,6,0.375,211650,0,1
2026-09-15T21,66,0,0.264,76403,0,1
2026-09-15T21,66,0,0.265,0,1945,1
2026-09-15T21,66,0,0.266,0,42576,3
2026-09-15T21,66,0,0.267,717019,814524,7
2026-09-15T21,66,0,0.268,298646,0,4
2026-09-15T21,66,1,0.268,81677,0,2
2026-09-15T21,66,1,0.269,82914,0,2
2026-09-15T21,66,2,0.286,211814,412240,4
2026-09-15T21,66,2,0.287,0,22607,2
2026-09-15T21,66,2,0.288,361749,0,3
2026-09-15T21,66,3,0.299,0,153951,1
2026-09-15T21,66,3,0.3,8353,102779,2
2026-09-15T21,66,3,0.301,0,740764,1
2026-09-15T21,66,3,0.302,0,1637606,1
2026-09-15T21,66,3,0.303,0,672220,1
2026-09-15T21,66,3,0.304,0,800860,1
2026-09-15T21,66,3,0.305,0,162603,2
2026-09-15T21,66,3,0.306,15167,0,1
2026-09-15T21,66,4,0.329,0,490000,1
2026-09-15T21,66,4,0.33,0,596453,1
2026-09-15T21,66,5,0.345,0,360391,1
2026-09-15T21,66,5,0.347,0,96400,2
2026-09-15T21,66,5,0.348,0,770420,1
2026-09-15T21,66,5,0.349,0,716574,1
2026-09-15T21,66,5,0.35,0,1000000,1
2026-09-15T21,66,6,0.373,0,1116914,1
2026-09-15T21,66,6,0.375,0,514230,1
2026-09-15T21,66,6,0.376,0,1444574,1
2026-09-15T21,66,12,0.595,0,2638,1
2026-09-15T21,66,12,0.6,0,418143,1
2026-09-15T22,66,0,0.263,0,222605,1
2026-09-15T22,66,0,0.264,0,50248,1
2026-09-15T22,66,0,0.265,76892,277685,5
2026-09-15T22,66,0,0.266,6617,635136,4
2026-09-15T22,66,0,0.267,0,150000,2
2026-09-15T22,66,0,0.268,7424,103209,4
2026-09-15T22,66,1,0.266,0,401375,1
2026-09-15T22,66,1,0.267,0,110664,1
2026-09-15T22,66,1,0.268,0,1316899,1
2026-09-15T22,66,1,0.269,306640,0,2
2026-09-15T22,66,2,0.287,4660,0,1
2026-09-15T22,66,3,0.305,0,262270,1
2026-09-15T22,66,3,0.306,107757,0,1
2026-09-15T22,66,5,0.353,317644,0,1
2026-09-16T04,66,0,0.269,0,257709,3
2026-09-16T04,66,0,0.27,3721287,2272308,16
2026-09-16T04,66,1,0.268,0,2060,1
2026-09-16T04,66,1,0.269,0,1616015,1
2026-09-16T04,66,1,0.27,0,117903,1
2026-09-16T04,66,1,0.271,60507,199643,2
2026-09-16T04,66,1,0.272,8746,0,1
2026-09-16T04,66,1,0.275,464627,0,1
2026-09-16T04,66,2,0.285,0,109449,2
2026-09-16T04,66,2,0.286,0,1081257,1
2026-09-16T04,66,2,0.287,0,825630,1
2026-09-16T04,66,2,0.288,0,72286,1
2026-09-16T04,66,2,0.289,0,173393,1
2026-09-16T04,66,2,0.29,0,70128,1
2026-09-16T04,66,2,0.291,0,65947,2
2026-09-16T04,66,2,0.292,67415,132585,2
2026-09-16T04,66,2,0.293,0,294868,1
2026-09-16T04,66,2,0.294,0,134741,1
2026-09-16T04,66,2,0.295,0,266505,1
2026-09-16T04,66,3,0.306,0,1462765,1
2026-09-16T04,66,4,0.327,0,250000,1
2026-09-16T04,66,4,0.328,0,300000,1
2026-09-16T04,66,4,0.33,0,150000,1
2026-09-16T04,66,5,0.353,143816,0,1
2026-09-16T04,66,6,0.377,0,3105653,1
2026-09-16T04,66,6,0.378,26912,0,1
2026-09-16T05,66,0,0.27,0,9326,2
2026-09-16T05,66,0,0.271,20000,86429,3
2026-09-16T05,66,0,0.272,212400,180349,9
2026-09-16T05,66,1,0.271,0,96979,1
2026-09-16T05,66,1,0.272,239837,112450,4
2026-09-16T05,66,1,0.273,998163,651472,4
2026-09-16T05,66,1,0.274,0,10000,1
2026-09-16T05,66,1,0.275,25782,0,1
2026-09-16T05,66,2,0.292,0,184541,1
2026-09-16T05,66,2,0.293,0,135336,1
2026-09-16T05,66,2,0.294,210122,0,2
2026-09-16T05,66,3,0.3,63715,0,1
2026-09-16T05,66,4,0.304,0,580481,1
2026-09-16T05,66,4,0.328,0,200000,1
2026-09-16T05,66,4,0.329,451307,0,1
2026-09-16T05,66,12,0.645,0,134169,1
2026-09-16T06,66,0,0.272,115633,476547,3
2026-09-16T06,66,0,0.273,0,303115,5
2026-09-16T06,66,0,0.274,353499,211371,3
2026-09-16T06,66,0,0.275,407192,505284,5
2026-09-16T06,66,0,0.276,0,1251,2
2026-09-16T06,66,0,0.277,0,295221,3
2026-09-16T06,66,0,0.278,0,123606,6
2026-09-16T06,66,0,0.279,50291,409578,8
2026-09-16T06,66,0,0.28,258882,512647,5
2026-09-16T06,66,0,0.281,2079,166680,5
2026-09-16T06,66,1,0.275,117426,744066,2
2026-09-16T06,66,1,0.277,0,58184,1
2026-09-16T06,66,1,0.278,160438,64350,2
2026-09-16T06,66,1,0.279,313472,456841,2
2026-09-16T06,66,1,0.286,0,20056,1
2026-09-16T06,66,1,0.287,0,404416,1
2026-09-16T06,66,1,0.288,0,20000,1
2026-09-16T06,66,1,0.289,0,100000,1
2026-09-16T06,66,2,0.289,0,1173982,1
2026-09-16T06,66,2,0.29,892498,150000,6
2026-09-16T06,66,3,0.3,0,56285,1
2026-09-16T06,66,3,0.301,1483422,0,3
2026-09-16T06,66,4,0.329,374983,0,1
2026-09-16T06,66,5,0.349,117182,0,1
2026-09-16T06,66,8,0.55,0,2247315,1
2026-09-16T06,66,8,0.58,0,892028,1
2026-09-16T06,66,12,0.6,0,645259,1
2026-09-16T07,66,0,0.276,0,23,1
2026-09-16T07,66,0,0.277,0,42733,1
2026-09-16T07,66,0,0.278,0,47474,2
2026-09-16T07,66,0,0.279,279459,237165,3
2026-09-16T07,66,0,0.28,168045,64788,3
2026-09-16T07,66,0,0.281,0,77574,4
2026-09-16T07,66,0,0.282,0,42700,1
2026-09-16T07,66,0,0.283,2622039,0,8
2026-09-16T07,66,1,0.285,0,68502,1
2026-09-16T07,66,1,0.286,100000,0,2
2026-09-16T07,66,1,0.287,0,85624,1
2026-09-16T07,66,1,0.288,13380,8456,2
2026-09-16T07,66,2,0.288,54502,224229,3
2026-09-16T07,66,2,0.289,183674,19160,2
2026-09-16T07,66,2,0.29,356611,0,2
2026-09-16T07,66,3,0.299,27510,0,1
2026-09-16T07,66,5,0.348,0,1289305,1
2026-09-16T07,66,5,0.349,0,882818,1
2026-09-16T08,66,0,0.275,18294,25240,2
2026-09-16T08,66,0,0.276,52684,4934,2
2026-09-16T08,66,0,0.277,0,26104,2
2026-09-16T08,66,0,0.278,88724,179681,8
2026-09-16T08,66,0,0.279,20271,6385,2
2026-09-16T08,66,0,0.28,0,8695,1
2026-09-16T08,66,0,0.281,0,1528,1
2026-09-16T08,66,0,0.282,112226,117459,2
2026-09-16T08,66,1,0.282,0,163618,1
2026-09-16T08,66,1,0.283,202839,200000,4
2026-09-16T08,66,1,0.284,0,25028,1
2026-09-16T08,66,1,0.285,17886,0,1
2026-09-16T08,66,2,0.286,0,22686,1
2026-09-16T08,66,2,0.287,372478,37261,2
2026-09-16T08,66,2,0.288,0,445498,1
2026-09-16T08,66,2,0.289,27205,0,1
2026-09-16T08,66,3,0.299,105399,53949,3
2026-09-16T08,66,3,0.3,37382,0,1
2026-09-16T08,66,4,0.326,30000,0,1
2026-09-16T09,66,0,0.271,0,94626,1
2026-09-16T09,66,0,0.272,0,1,1
2026-09-16T09,66,0,0.273,0,9118,3
2026-09-16T09,66,0,0.274,79069,21124,2
2026-09-16T09,66,0,0.275,0,21780,1
2026-09-16T09,66,0,0.276,0,29566,1
2026-09-16T09,66,0,0.277,0,14057,1
2026-09-16T09,66,0,0.278,156891,4157,4
2026-09-16T09,66,0,0.279,64910,0,2
2026-09-16T09,66,1,0.277,272571,76811,4
2026-09-16T09,66,1,0.28,70000,0,1
2026-09-16T09,66,2,0.277,0,4074,1
2026-09-16T09,66,2,0.278,448586,0,1
2026-09-16T09,66,2,0.288,11600,57400,2
2026-09-16T09,66,2,0.289,598660,32666,2
2026-09-16T09,66,3,0.299,147660,0,1
2026-09-16T09,66,5,0.348,0,483370,1
2026-09-16T10,66,0,0.268,0,20113,1
2026-09-16T10,66,0,0.269,1000,55710,2
2026-09-16T10,66,0,0.27,0,307095,4
2026-09-16T10,66,0,0.271,41155,102282,8
2026-09-16T10,66,0,0.272,844020,2107,9
2026-09-16T10,66,1,0.273,1440,0,1
2026-09-16T10,66,1,0.275,498673,0,3
2026-09-16T10,66,2,0.275,0,487186,1
2026-09-16T10,66,2,0.276,53765,946235,3
2026-09-16T10,66,2,0.277,0,1034809,2
2026-09-16T10,66,2,0.278,0,13405,1
2026-09-16T10,66,2,0.285,0,200000,1
2026-09-16T10,66,2,0.288,0,2957,1
2026-09-16T10,66,2,0.289,18593,177547,2
2026-09-16T10,66,2,0.29,631156,0,1
2026-09-16T10,66,6,0.374,0,580180,1
2026-09-16T11,66,0,0.238,0,115771,1
2026-09-16T11,66,0,0.239,0,51657,1
2026-09-16T11,66,0,0.24,0,122697,1
2026-09-16T11,66,0,0.242,0,67,1
2026-09-16T11,66,0,0.25,0,115,1
2026-09-16T11,66,0,0.268,0,53629,3
2026-09-16T11,66,0,0.269,58053,164611,7
2026-09-16T11,66,0,0.27,250945,61994,5
2026-09-16T11,66,0,0.271,894625,0,3
2026-09-16T11,66,1,0.27,0,14676,1
2026-09-16T11,66,1,0.271,9677,241055,4
2026-09-16T11,66,1,0.272,19800,585480,3
2026-09-16T11,66,1,0.273,83106,0,1
2026-09-16T11,66,2,0.284,0,52472,1
2026-09-16T11,66,2,0.285,0,50000,1
2026-09-16T11,66,2,0.286,20400,1728980,2
2026-09-16T11,66,3,0.299,326259,0,1
2026-09-16T11,66,4,0.321,519235,0,1
2026-09-16T12,66,0,0.268,0,47200,1
2026-09-16T12,66,0,0.269,0,7847,1
2026-09-16T12,66,0,0.27,10000,90059,3
2026-09-16T12,66,0,0.271,77554,84658,5
2026-09-16T12,66,0,0.272,170855,210545,7
2026-09-16T12,66,0,0.273,0,93901,2
2026-09-16T12,66,0,0.274,258733,0,2
2026-09-16T12,66,1,0.27,0,26141,1
2026-09-16T12,66,1,0.271,51249,0,1
2026-09-16T12,66,1,0.273,102581,57873,3
2026-09-16T12,66,1,0.274,0,27200,1
2026-09-16T12,66,1,0.275,35625,0,2
2026-09-16T12,66,2,0.284,0,88664,1
2026-09-16T12,66,2,0.285,38174,150237,3
2026-09-16T12,66,2,0.286,69668,0,2
2026-09-16T12,66,3,0.297,0,45659,1
2026-09-16T12,66,3,0.298,0,1624880,1
2026-09-16T12,66,3,0.299,3197,0,1
2026-09-16T12,66,8,0.55,945040,0,1
2026-09-16T12,66,12,0.6,0,533240,1
2026-09-16T13,66,0,0.267,0,4741,2
2026-09-16T13,66,0,0.268,37798,35821,2
2026-09-16T13,66,0,0.269,345297,235464,4
2026-09-16T13,66,0,0.27,249712,114068,8
2026-09-16T13,66,0,0.271,304723,0,3
2026-09-16T13,66,1,0.27,82431,25060,2
2026-09-16T13,66,1,0.271,107268,72058,3
2026-09-16T13,66,1,0.272,279350,39869,3
2026-09-16T13,66,1,0.274,60000,0,2
2026-09-16T13,66,2,0.284,0,2244,1
2026-09-16T13,66,2,0.285,141555,54019,3
2026-09-16T13,66,2,0.286,60000,71780,2
2026-09-16T13,66,2,0.287,936264,0,1
2026-09-16T13,66,3,0.299,0,313248,1
2026-09-16T13,66,3,0.3,0,2405752,4
2026-09-16T13,66,3,0.301,0,173137,1
2026-09-16T13,66,3,0.302,0,93006,1
2026-09-16T13,66,3,0.303,0,100000,1
2026-09-16T13,66,3,0.304,0,245265,1
2026-09-16T13,66,4,0.32,0,366815,1
2026-09-16T13,66,4,0.321,0,147524,1
2026-09-16T13,66,4,0.322,0,443896,1
2026-09-16T13,66,4,0.323,0,12505,1
2026-09-16T13,66,4,0.324,0,686992,1
2026-09-16T13,66,4,0.325,0,1300000,1
2026-09-16T13,66,8,0.55,102228,0,1
2026-09-16T13,66,10,0.63,0,1051178,1
2026-09-16T14,66,0,0.262,0,8512,1
2026-09-16T14,66,0,0.263,0,88543,1
2026-09-16T14,66,0,0.264,413169,679561,5
2026-09-16T14,66,0,0.265,70840,319345,7
2026-09-16T14,66,0,0.266,88813,241786,4
2026-09-16T14,66,0,0.267,0,235951,2
2026-09-16T14,66,0,0.268,0,1440,1
2026-09-16T14,66,0,0.269,0,257039,2
2026-09-16T14,66,0,0.27,0,110988,2
2026-09-16T14,66,0,0.271,0,393087,3
2026-09-16T14,66,0,0.272,40735,1033100,4
2026-09-16T14,66,0,0.273,10000,184301,2
2026-09-16T14,66,0,0.274,0,27187,1
2026-09-16T14,66,0,0.275,0,356542,3
2026-09-16T14,66,0,0.276,25000,0,1
2026-09-16T14,66,1,0.269,0,99531,1
2026-09-16T14,66,1,0.274,171248,268752,5
2026-09-16T14,66,1,0.275,0,392615,1
2026-09-16T14,66,1,0.276,0,215000,1
2026-09-16T14,66,1,0.278,723366,0,2
2026-09-16T14,66,2,0.285,0,713449,1
2026-09-16T14,66,2,0.286,0,376611,2
2026-09-16T14,66,2,0.287,0,585406,3
2026-09-16T14,66,2,0.288,279868,1584262,4
2026-09-16T14,66,2,0.289,274137,780351,4
2026-09-16T14,66,2,0.29,0,1619735,2
2026-09-16T14,66,2,0.291,0,200000,1
2026-09-16T14,66,2,0.292,0,226175,2
2026-09-16T14,66,2,0.293,0,3000000,2
2026-09-16T14,66,4,0.326,0,18856,1
2026-09-16T14,66,4,0.327,0,300000,1
2026-09-16T14,66,4,0.329,0,668880,1
2026-09-16T14,66,4,0.33,1037334,0,1
2026-09-16T15,66,0,0.272,34,0,1
2026-09-16T15,66,0,0.273,0,67246,1
2026-09-16T15,66,0,0.276,341975,516047,6
2026-09-16T15,66,0,0.277,212168,293281,4
2026-09-16T15,66,1,0.276,346514,0,1
2026-09-16T15,66,1,0.277,300000,177283,4
2026-09-16T15,66,1,0.278,1623998,0,6
2026-09-16T15,66,2,0.291,0,186313,1
2026-09-16T15,66,2,0.292,218249,640779,4
2026-09-16T15,66,3,0.302,598398,231612,4
2026-09-16T15,66,3,0.303,1200000,0,1
2026-09-16T15,66,4,0.329,100000,1900000,2
2026-09-16T15,66,4,0.33,0,425092,2
2026-09-16T15,66,5,0.346,0,421095,1
2026-09-16T15,66,5,0.347,0,337879,1
2026-09-16T15,66,5,0.348,0,197310,1
2026-09-16T15,66,5,0.349,0,243945,1
2026-09-16T15,66,12,0.595,0,249041,1
2026-09-16T15,66,12,0.6,0,303211,1
2026-09-16T16,66,0,0.266,0,89661,1
2026-09-16T16,66,0,0.269,0,366231,2
2026-09-16T16,66,0,0.27,152007,42190,7
2026-09-16T16,66,0,0.271,0,146652,4
2026-09-16T16,66,0,0.272,350984,73884,6
2026-09-16T16,66,0,0.273,0,147956,4
2026-09-16T16,66,0,0.274,42275,217682,3
2026-09-16T16,66,0,0.275,34061,0,1
2026-09-16T16,66,1,0.273,0,112941,2
2026-09-16T16,66,1,0.274,89641,21221,3
2026-09-16T16,66,1,0.275,0,400000,1
2026-09-16T16,66,1,0.276,0,400486,1
2026-09-16T16,66,1,0.277,128250,0,1
2026-09-16T16,66,2,0.29,0,6203,1
2026-09-16T16,66,2,0.291,0,78073,1
2026-09-16T16,66,2,0.292,0,364322,2
2026-09-16T16,66,2,0.293,60000,259711,3
2026-09-16T16,66,2,0.294,491041,1065365,4
2026-09-16T16,66,2,0.295,299213,0,1
2026-09-16T16,66,3,0.302,256820,0,2
2026-09-16T16,66,4,0.33,14500,0,2
2026-09-16T17,66,0,0.273,0,87684,2
2026-09-16T17,66,0,0.274,120829,105118,9
2026-09-16T17,66,0,0.275,78929,87772,8
2026-09-16T17,66,0,0.276,146867,0,2
2026-09-16T17,66,1,0.276,50000,85742,2
2026-09-16T17,66,1,0.277,0,224757,2
2026-09-16T17,66,1,0.278,420665,98530,5
2026-09-16T17,66,1,0.279,16717,0,1
2026-09-16T17,66,1,0.28,951,0,1
2026-09-16T17,66,2,0.292,0,389410,1
2026-09-16T17,66,2,0.293,60000,126817,2
2026-09-16T17,66,2,0.294,21567,0,2
2026-09-16T17,66,3,0.302,0,1087290,1
2026-09-16T17,66,3,0.303,15365,0,1
2026-09-16T17,66,4,0.328,7000,179228,2
2026-09-16T17,66,4,0.329,0,636098,1
2026-09-16T17,66,4,0.33,0,885500,1
2026-09-16T17,66,5,0.348,0,146793,1
2026-09-16T17,66,5,0.349,0,330196,1
2026-09-16T17,66,5,0.35,620226,0,2
2026-09-16T18,66,0,0.27,0,98330,1
2026-09-16T18,66,0,0.271,141456,0,2
2026-09-16T18,66,0,0.272,0,118687,2
2026-09-16T18,66,0,0.273,21179,315274,3
2026-09-16T18,66,0,0.274,0,49,1
2026-09-16T18,66,0,0.275,106164,48459,5
2026-09-16T18,66,0,0.276,0,106813,3
2026-09-16T18,66,0,0.277,61850,268705,4
2026-09-16T18,66,0,0.278,0,37566,3
2026-09-16T18,66,0,0.279,52815,30561,2
2026-09-16T18,66,1,0.279,68000,2057,2
2026-09-16T18,66,1,0.28,0,359634,2
2026-09-16T18,66,1,0.282,0,1000,1
2026-09-16T18,66,1,0.283,359117,532035,5
2026-09-16T18,66,1,0.284,0,3151,1
2026-09-16T18,66,1,0.285,716445,0,2
2026-09-16T18,66,2,0.289,25492,0,2
2026-09-16T18,66,2,0.293,71356,0,1
2026-09-16T18,66,3,0.3,0,135437,1
2026-09-16T18,66,3,0.301,0,122633,1
2026-09-16T18,66,3,0.302,241930,496827,2
2026-09-16T18,66,3,0.303,56373,0,1
2026-09-16T18,66,4,0.328,430306,0,1
2026-09-16T18,66,8,0.55,0,1667153,1
2026-09-16T18,66,8,0.59,0,145925,1
2026-09-16T18,66,12,0.6,0,130283,1
2026-09-16T19,66,0,0.268,0,115,1
2026-09-16T19,66,0,0.269,0,39831,1
2026-09-16T19,66,0,0.27,0,1612,1
2026-09-16T19,66,0,0.271,0,247636,1
2026-09-16T19,66,0,0.272,0,15410,1
2026-09-16T19,66,0,0.273,31303,88431,4
2026-09-16T19,66,0,0.274,0,228339,2
2026-09-16T19,66,0,0.275,189070,254006,4
2026-09-16T19,66,0,0.276,0,494247,2
2026-09-16T19,66,0,0.277,147078,260932,5
2026-09-16T19,66,0,0.278,346716,173749,5
2026-09-16T19,66,0,0.279,142500,338913,7
2026-09-16T19,66,0,0.28,0,712811,7
2026-09-16T19,66,0,0.281,475086,0,1
2026-09-16T19,66,1,0.281,0,567658,1
2026-09-16T19,66,1,0.282,13767,26236,3
2026-09-16T19,66,1,0.283,89601,94597,2
2026-09-16T19,66,1,0.284,0,88728,2
2026-09-16T19,66,1,0.285,1147,29355,2
2026-09-16T19,66,1,0.286,22490,65988,3
2026-09-16T19,66,1,0.287,32307,0,2
2026-09-16T19,66,2,0.288,0,55799,1
2026-09-16T19,66,2,0.289,0,362175,3
2026-09-16T19,66,2,0.29,182929,601984,5
2026-09-16T19,66,2,0.291,0,384756,1
2026-09-16T19,66,2,0.292,0,50000,1
2026-09-16T19,66,3,0.301,0,550340,2
2026-09-16T19,66,3,0.302,80752,3758070,2
2026-09-16T19,66,4,0.327,0,175224,1
2026-09-16T19,66,4,0.328,658496,0,1
2026-09-16T19,66,5,0.348,632125,0,1
2026-09-16T19,66,6,0.371,0,1005680,1
2026-09-16T19,66,7,0.44,0,403470,1
2026-09-16T19,66,7,0.448,0,319477,1
2026-09-16T19,66,7,0.449,243014,0,1
2026-09-16T21,66,0,0.268,105979,8434,4
2026-09-16T21,66,0,0.269,0,56881,2
2026-09-16T21,66,0,0.27,20102,48544,4
2026-09-16T21,66,0,0.271,0,4732,1
2026-09-16T21,66,0,0.272,68793,0,3
2026-09-16T21,66,0,0.281,196939,0,1
2026-09-16T21,66,1,0.272,66421,0,2
2026-09-16T21,66,1,0.274,0,100000,1
2026-09-16T21,66,1,0.275,90000,0,1
2026-09-16T21,66,1,0.285,0,283860,1
2026-09-16T21,66,1,0.286,0,854743,1
2026-09-16T21,66,1,0.287,6787,0,1
2026-09-16T21,66,2,0.291,0,16686,1
2026-09-16T21,66,2,0.292,0,384217,3
2026-09-16T21,66,2,0.293,122325,339774,3
2026-09-16T21,66,2,0.294,1135305,0,3
2026-09-16T21,66,3,0.302,50849,0,1
2026-09-16T21,66,4,0.328,0,708258,2
2026-09-16T21,66,4,0.329,0,2000000,1
2026-09-16T21,66,4,0.33,0,500000,1
2026-09-16T21,66,4,0.331,0,1017908,2
2026-09-16T21,66,4,0.333,0,713725,3
2026-09-16T21,66,4,0.335,0,300000,1
2026-09-16T21,66,4,0.336,0,610273,1
2026-09-16T21,66,4,0.337,0,2405175,1
2026-09-16T21,66,4,0.338,0,140047,1
2026-09-16T21,66,4,0.339,0,442760,1
2026-09-16T21,66,4,0.34,0,265606,1
2026-09-16T21,66,4,0.341,0,1468296,2
2026-09-16T21,66,4,0.342,0,522715,1
2026-09-16T21,66,4,0.344,0,102060,1
2026-09-16T21,66,4,0.345,0,10946270,1
2026-09-16T21,66,4,0.346,0,1052158,2
2026-09-16T21,66,4,0.347,0,300000,1
2026-09-16T21,66,5,0.347,0,308777,1
2026-09-16T21,66,5,0.348,1146295,0,1
2026-09-16T21,66,8,0.59,0,287624,1
2026-09-16T22,66,0,0.22,0,2189,1
2026-09-16T22,66,0,0.267,0,3689,1
2026-09-16T22,66,0,0.268,14776,32751,4
2026-09-16T22,66,0,0.269,42703,175852,5
2026-09-16T22,66,0,0.27,239151,208887,8
2026-09-16T22,66,0,0.271,0,176283,1
2026-09-16T22,66,0,0.272,0,7077,1
2026-09-16T22,66,1,0.271,0,110070,1
2026-09-16T22,66,1,0.272,134842,853756,4
2026-09-16T22,66,1,0.273,28291,0,2
2026-09-16T22,66,2,0.291,0,102874,1
2026-09-16T22,66,2,0.292,567008,13926,5
2026-09-16T22,66,3,0.301,1874,0,1
2026-09-16T23,66,1,0.273,216017,0,2
2026-09-17T04,66,0,0.273,0,103044,1
2026-09-17T04,66,0,0.274,0,151184,1
2026-09-17T04,66,0,0.275,0,132589,3
2026-09-17T04,66,0,0.276,0,11163,1
2026-09-17T04,66,0,0.277,0,32263,1
2026-09-17T04,66,0,0.278,0,1647304,1
2026-09-17T04,66,0,0.279,0,23840,1
2026-09-17T04,66,0,0.28,0,71123,3
2026-09-17T04,66,0,0.281,0,358017,6
2026-09-17T04,66,0,0.282,0,293391,2
2026-09-17T04,66,0,0.283,1197069,0,1
2026-09-17T04,66,1,0.273,0,68492,1
2026-09-17T04,66,1,0.274,0,15683,1
2026-09-17T04,66,1,0.275,0,606992,1
2026-09-17T04,66,1,0.276,0,301380,1
2026-09-17T04,66,1,0.287,165806,0,1
2026-09-17T04,66,4,0.344,0,715969,1
2026-09-17T04,66,5,0.347,0,230368,2
2026-09-17T04,66,7,0.449,700000,0,1
2026-09-17T04,66,10,0.66,0,1034163,1
2026-09-17T05,66,0,0.26,0,5000,1
2026-09-17T05,66,0,0.263,0,365,1
2026-09-17T05,66,0,0.264,0,244601,4
2026-09-17T05,66,0,0.265,396118,160746,7
2026-09-17T05,66,0,0.266,0,315,1
2026-09-17T05,66,0,0.267,0,150,1
2026-09-17T05,66,0,0.268,0,58201,1
2026-09-17T05,66,0,0.269,0,210433,2
2026-09-17T05,66,0,0.27,294837,51538,4
2026-09-17T05,66,0,0.272,0,34800,1
2026-09-17T05,66,0,0.273,0,50239,2
2026-09-17T05,66,0,0.274,0,1206,1
2026-09-17T05,66,0,0.275,79861,30567,3
2026-09-17T05,66,0,0.279,0,65,1
2026-09-17T05,66,0,0.281,169733,35454,3
2026-09-17T05,66,1,0.282,119079,225643,3
2026-09-17T05,66,1,0.283,939540,0,4
2026-09-17T05,66,2,0.283,0,100000,1
2026-09-17T05,66,2,0.284,0,215502,1
2026-09-17T05,66,2,0.285,0,306211,1
2026-09-17T05,66,3,0.298,198000,8159,2
2026-09-17T05,66,4,0.336,0,385297,1
2026-09-17T05,66,4,0.337,40000,266574,2
2026-09-17T05,66,4,0.338,0,655838,1
2026-09-17T05,66,5,0.345,1000000,0,1
2026-09-17T06,66,0,0.24,0,14829,1
2026-09-17T06,66,0,0.272,0,676,1
2026-09-17T06,66,0,0.273,0,115,1
2026-09-17T06,66,0,0.274,0,13478,1
2026-09-17T06,66,0,0.275,0,45672,1
2026-09-17T06,66,0,0.276,64520,23912,6
2026-09-17T06,66,0,0.277,12598,74705,6
2026-09-17T06,66,0,0.278,0,14243,3
2026-09-17T06,66,0,0.279,41013,239492,6
2026-09-17T06,66,0,0.28,22724,0,1
2026-09-17T06,66,1,0.28,332996,64632,2
2026-09-17T06,66,1,0.282,0,275314,1
2026-09-17T06,66,1,0.283,50284,10176,2
2026-09-17T06,66,1,0.284,22146,0,1
2026-09-17T06,66,2,0.282,5221,87734,3
2026-09-17T06,66,2,0.283,56380,473620,3
2026-09-17T06,66,2,0.284,0,116098,2
2026-09-17T06,66,2,0.285,0,200000,1
2026-09-17T06,66,2,0.286,0,2571068,3
2026-09-17T06,66,2,0.287,269754,37973,3
2026-09-17T06,66,2,0.288,0,26026,1
2026-09-17T06,66,2,0.289,318853,0,1
2026-09-17T06,66,3,0.298,0,1149489,1
2026-09-17T06,66,3,0.299,0,229534,1
2026-09-17T06,66,3,0.3,0,255966,2
2026-09-17T06,66,3,0.301,234275,594098,3
2026-09-17T06,66,3,0.302,477597,1561489,2
2026-09-17T06,66,4,0.339,328981,902807,2
2026-09-17T06,66,5,0.345,600000,0,1
2026-09-17T07,66,0,0.273,0,38928,3
2026-09-17T07,66,0,0.274,0,82537,4
2026-09-17T07,66,0,0.275,222349,276,6
2026-09-17T07,66,0,0.276,234399,318,3
2026-09-17T07,66,0,0.278,0,16547,3
2026-09-17T07,66,0,0.279,27944,31471,3
2026-09-17T07,66,0,0.28,40575,0,2
2026-09-17T07,66,1,0.279,138173,0,2
2026-09-17T07,66,1,0.283,453114,0,1
2026-09-17T07,66,1,0.284,67232,0,1
2026-09-17T07,66,2,0.288,100000,0,1
2026-09-17T07,66,3,0.301,0,3597791,1
2026-09-17T07,66,5,0.345,0,881041,1
2026-09-17T07,66,5,0.346,94969,116257,2
2026-09-17T07,66,6,0.32,0,414203,1
2026-09-17T07,66,6,0.376,85797,0,1
2026-09-17T08,66,0,0.272,0,36445,1
2026-09-17T08,66,0,0.273,0,18961,2
2026-09-17T08,66,0,0.274,0,182628,2
2026-09-17T08,66,0,0.275,86559,84260,4
2026-09-17T08,66,0,0.276,45421,220318,5
2026-09-17T08,66,0,0.277,0,2444,1
2026-09-17T08,66,0,0.278,209971,0,3
2026-09-17T08,66,0,0.279,0,5694,1
2026-09-17T08,66,0,0.28,419610,0,3
2026-09-17T08,66,1,0.279,41232,112115,4
2026-09-17T08,66,1,0.283,0,22905,1
2026-09-17T08,66,1,0.284,45791,38288,2
2026-09-17T08,66,1,0.285,0,620907,1
2026-09-17T08,66,1,0.286,85153,30546,2
2026-09-17T08,66,1,0.287,1080291,0,2
2026-09-17T08,66,2,0.284,0,150768,1
2026-09-17T08,66,2,0.285,0,42919,1
2026-09-17T08,66,2,0.286,0,832652,2
2026-09-17T08,66,2,0.287,466478,391564,6
2026-09-17T08,66,2,0.288,7000,0,1
2026-09-17T08,66,3,0.3,0,1112030,1
2026-09-17T08,66,3,0.301,0,600000,1
2026-09-17T08,66,3,0.302,32574,0,1
2026-09-17T08,66,5,0.345,120000,0,1
2026-09-17T09,66,0,0.265,0,92009,1
2026-09-17T09,66,0,0.271,0,40428,3
2026-09-17T09,66,0,0.272,0,66032,2
2026-09-17T09,66,0,0.273,0,101240,2
2026-09-17T09,66,0,0.274,0,193893,3
2026-09-17T09,66,0,0.275,39607,50393,2
2026-09-17T09,66,0,0.276,290259,196753,6
2026-09-17T09,66,0,0.277,0,32754,3
2026-09-17T09,66,0,0.278,483842,0,5
2026-09-17T09,66,1,0.272,536506,228019,2
2026-09-17T09,66,1,0.279,321983,0,3
2026-09-17T09,66,1,0.28,68000,0,1
2026-09-17T09,66,2,0.279,0,556190,1
2026-09-17T09,66,2,0.28,71870,928130,2
2026-09-17T09,66,2,0.287,0,416571,1
2026-09-17T09,66,2,0.288,148330,1244670,4
2026-09-17T09,66,2,0.289,0,605793,1
2026-09-17T09,66,2,0.29,505335,0,1
2026-09-17T09,66,3,0.299,0,37268,1
2026-09-17T09,66,3,0.3,0,63065,1
2026-09-17T09,66,5,0.345,0,80000,1
2026-09-17T09,66,5,0.346,0,1905031,1
2026-09-17T09,66,5,0.347,14969,0,1
2026-09-17T09,66,12,0.6,0,1388033,1
2026-09-17T10,66,0,0.24,0,49187,1
2026-09-17T10,66,0,0.275,0,34340,1
2026-09-17T10,66,0,0.276,0,51368,3
2026-09-17T10,66,0,0.277,649441,442200,6
2026-09-17T10,66,0,0.278,35464,210810,6
2026-09-17T10,66,0,0.279,0,21646,1
2026-09-17T10,66,1,0.278,0,80588,2
2026-09-17T10,66,1,0.279,1056378,61960,9
2026-09-17T10,66,1,0.28,158378,0,1
2026-09-17T10,66,2,0.29,171036,808093,8
2026-09-17T10,66,2,0.291,0,451380,2
2026-09-17T10,66,2,0.292,0,622691,2
2026-09-17T10,66,3,0.297,0,475716,1
2026-09-17T10,66,3,0.298,0,408201,1
2026-09-17T10,66,3,0.299,0,1257610,2
2026-09-17T10,66,3,0.3,0,1219600,1
2026-09-17T10,66,3,0.301,0,761764,2
2026-09-17T10,66,3,0.302,0,1588827,2
2026-09-17T10,66,3,0.303,0,1805980,1
2026-09-17T11,66,0,0.249,0,304,1
2026-09-17T11,66,0,0.267,0,50000,1
2026-09-17T11,66,0,0.268,0,200,1
2026-09-17T11,66,0,0.269,0,89,1
2026-09-17T11,66,0,0.275,0,115,1
2026-09-17T11,66,0,0.276,0,100,1
2026-09-17T11,66,0,0.277,0,127059,1
2026-09-17T11,66,0,0.278,169220,84129,7
2026-09-17T11,66,1,0.27,0,63321,2
2026-09-17T11,66,1,0.276,49307,0,1
2026-09-17T11,66,1,0.277,41130,19544,3
2026-09-17T11,66,1,0.278,80454,1210,2
2026-09-17T11,66,1,0.279,614245,0,4
2026-09-17T11,66,2,0.289,0,186689,1
2026-09-17T11,66,2,0.29,0,62979,1
2026-09-17T11,66,2,0.291,0,460930,1
2026-09-17T11,66,2,0.292,84687,0,1
2026-09-17T11,66,3,0.302,0,136600,1
2026-09-17T11,66,3,0.304,363400,0,1
2026-09-17T11,66,4,0.331,0,170277,1
2026-09-17T11,66,4,0.332,351944,0,1
2026-09-17T11,66,5,0.347,306293,0,1
2026-09-17T12,66,0,0.254,0,122990,2
2026-09-17T12,66,0,0.255,0,10518,2
2026-09-17T12,66,0,0.256,0,20369,2
2026-09-17T12,66,0,0.257,16065,7593,2
2026-09-17T12,66,0,0.258,57008,26108,3
2026-09-17T12,66,0,0.259,0,992,1
2026-09-17T12,66,0,0.27,5000,0,1
2026-09-17T12,66,0,0.271,0,65401,3
2026-09-17T12,66,0,0.272,162585,270437,6
2026-09-17T12,66,0,0.273,5755,0,1
2026-09-17T12,66,1,0.272,3120,350878,3
2026-09-17T12,66,1,0.273,22406,81625,3
2026-09-17T12,66,1,0.274,186299,0,2
2026-09-17T12,66,1,0.275,45884,0,1
2026-09-17T12,66,2,0.292,24525,0,1
2026-09-17T12,66,3,0.301,62110,0,2
2026-09-17T12,66,3,0.302,80003,0,1
2026-09-17T12,66,12,0.605,0,1764243,1
2026-09-17T13,66,0,0.253,0,130352,1
2026-09-17T13,66,0,0.254,0,38295,1
2026-09-17T13,66,0,0.255,0,67560,2
2026-09-17T13,66,0,0.256,0,100,1
2026-09-17T13,66,0,0.257,0,2527,1
2026-09-17T13,66,0,0.26,0,2378,1
2026-09-17T13,66,0,0.262,0,15944,1
2026-09-17T13,66,0,0.263,0,21733,2
2026-09-17T13,66,0,0.264,0,1426,1
2026-09-17T13,66,0,0.265,3000,79455,3
2026-09-17T13,66,0,0.266,46081,80238,2
2026-09-17T13,66,0,0.267,35952,965,2
2026-09-17T13,66,1,0.255,0,7042,1
2026-09-17T13,66,1,0.263,0,5000,1
2026-09-17T13,66,1,0.264,1050,11426,2
2026-09-17T13,66,1,0.265,386344,257766,2
2026-09-17T13,66,1,0.269,159470,256348,3
2026-09-17T13,66,1,0.27,107196,155006,2
2026-09-17T13,66,1,0.271,637229,0,1
2026-09-17T13,66,2,0.287,0,25185,1
2026-09-17T13,66,2,0.288,0,709936,1
2026-09-17T13,66,2,0.289,0,375021,1
2026-09-17T13,66,2,0.29,0,73546,1
2026-09-17T13,66,2,0.291,112336,0,1
2026-09-17T13,66,3,0.301,245542,0,1
2026-09-17T13,66,4,0.328,0,300000,1
2026-09-17T13,66,4,0.329,0,1631902,1
2026-09-17T13,66,6,0.37,0,322288,1
2026-09-17T13,66,6,0.375,143008,0,1
2026-09-17T13,66,8,0.55,70601,0,1
2026-09-17T13,66,12,0.4,0,1,1
2026-09-17T14,66,0,0.258,0,19502,2
2026-09-17T14,66,0,0.259,0,2319,2
2026-09-17T14,66,0,0.26,8511,45766,4
2026-09-17T14,66,0,0.261,301901,43845,7
2026-09-17T14,66,0,0.263,0,105805,1
2026-09-17T14,66,0,0.264,0,170191,2
2026-09-17T14,66,0,0.265,222045,70915,3
2026-09-17T14,66,0,0.266,134294,58952,3
2026-09-17T14,66,0,0.267,0,164473,2
2026-09-17T14,66,0,0.268,0,19526,1
2026-09-17T14,66,0,0.269,0,18996,1
2026-09-17T14,66,1,0.267,0,148122,1
2026-09-17T14,66,1,0.268,0,308187,2
2026-09-17T14,66,1,0.269,829333,0,3
2026-09-17T14,66,1,0.27,83000,0,1
2026-09-17T14,66,1,0.271,89303,0,1
2026-09-17T14,66,2,0.287,412512,87976,4
2026-09-17T14,66,2,0.288,315900,0,2
2026-09-17T14,66,3,0.301,45527,0,1
2026-09-17T14,66,4,0.33,0,200000,1
2026-09-17T14,66,4,0.331,0,356705,1
2026-09-17T14,66,4,0.332,0,1058056,1
2026-09-17T14,66,4,0.333,100000,12505,2
2026-09-17T14,66,4,0.334,0,29019,1
2026-09-17T14,66,4,0.335,70197,300000,2
2026-09-17T14,66,5,0.346,0,75487,1
2026-09-17T14,66,5,0.347,0,1144247,1
2026-09-17T14,66,5,0.348,0,511410,1
2026-09-17T14,66,5,0.349,0,565080,1
2026-09-17T14,66,5,0.35,315000,0,1
2026-09-17T15,66,0,0.268,0,17153,2
2026-09-17T15,66,0,0.269,15,170363,5
2026-09-17T15,66,0,0.27,0,145175,3
2026-09-17T15,66,0,0.271,310183,270075,5
2026-09-17T15,66,0,0.272,0,73953,1
2026-09-17T15,66,0,0.273,162179,0,2
2026-09-17T15,66,1,0.269,414156,676828,4
2026-09-17T15,66,1,0.27,0,161757,2
2026-09-17T15,66,1,0.271,21427,314022,5
2026-09-17T15,66,1,0.272,14000,153073,3
2026-09-17T15,66,1,0.273,0,181041,1
2026-09-17T15,66,1,0.274,1856134,0,2
2026-09-17T15,66,2,0.287,0,175754,1
2026-09-17T15,66,2,0.288,0,260821,1
2026-09-17T15,66,2,0.289,0,53628,1
2026-09-17T15,66,2,0.29,0,250000,1
2026-09-17T15,66,2,0.291,0,899704,2
2026-09-17T15,66,2,0.292,0,140244,2
2026-09-17T15,66,2,0.293,550158,687810,2
2026-09-17T15,66,2,0.294,0,94034,1
2026-09-17T15,66,2,0.295,0,416717,1
2026-09-17T15,66,2,0.296,202413,0,1
2026-09-17T15,66,3,0.301,408073,286817,3
2026-09-17T15,66,6,0.37,30000,215996,2
2026-09-17T16,66,0,0.24,0,66247,1
2026-09-17T16,66,0,0.262,0,115,1
2026-09-17T16,66,0,0.263,0,4989,1
2026-09-17T16,66,0,0.265,0,1000,1
2026-09-17T16,66,0,0.266,0,76907,3
2026-09-17T16,66,0,0.267,39400,45599,4
2026-09-17T16,66,0,0.268,122112,45385,5
2026-09-17T16,66,0,0.269,46052,23822,4
2026-09-17T16,66,0,0.27,24583,249676,3
2026-09-17T16,66,0,0.271,0,10155,2
2026-09-17T16,66,0,0.272,0,97040,2
2026-09-17T16,66,1,0.272,51618,0,2
2026-09-17T16,66,1,0.273,374793,0,6
2026-09-17T16,66,2,0.29,224864,0,2
2026-09-17T16,66,2,0.292,156768,0,2
2026-09-17T16,66,3,0.301,330010,69231,2
2026-09-17T16,66,3,0.302,485111,33588,3
2026-09-17T17,66,0,0.264,0,10955,2
2026-09-17T17,66,0,0.265,11558,3948,3
2026-09-17T17,66,0,0.266,68267,261844,5
2026-09-17T17,66,0,0.267,0,1000,1
2026-09-17T17,66,0,0.268,0,110647,3
2026-09-17T17,66,0,0.269,161531,0,2
2026-09-17T17,66,1,0.263,0,130911,1
2026-09-17T17,66,1,0.265,0,69651,1
2026-09-17T17,66,1,0.267,0,30000,1
2026-09-17T17,66,1,0.268,6000,635811,4
2026-09-17T17,66,1,0.269,233935,169536,4
2026-09-17T17,66,1,0.27,0,200000,1
2026-09-17T17,66,2,0.287,0,420000,1
2026-09-17T17,66,2,0.288,81286,0,1
2026-09-17T17,66,2,0.289,254,79746,2
2026-09-17T17,66,3,0.301,0,95192,1
2026-09-17T17,66,3,0.302,0,593817,2
2026-09-17T17,66,3,0.303,0,49638,1
2026-09-17T17,66,3,0.304,0,2217509,1
2026-09-17T17,66,4,0.327,0,500000,1
2026-09-17T17,66,4,0.328,0,300000,1
2026-09-17T17,66,4,0.33,0,295891,1
2026-09-17T17,66,4,0.331,95358,0,1
2026-09-17T17,66,5,0.349,0,769538,2
2026-09-17T18,66,0,0.263,0,7100,1
2026-09-17T18,66,0,0.264,0,1000,1
2026-09-17T18,66,0,0.265,0,78302,2
2026-09-17T18,66,0,0.266,129678,399721,3
2026-09-17T18,66,0,0.267,8995,94856,5
2026-09-17T18,66,0,0.268,0,103215,3
2026-09-17T18,66,0,0.269,90659,30832,5
2026-09-17T18,66,0,0.27,138092,102847,5
2026-09-17T18,66,1,0.265,892046,0,2
2026-09-17T18,66,1,0.27,0,24013,1
2026-09-17T18,66,1,0.271,237375,78891,3
2026-09-17T18,66,1,0.272,0,148382,1
2026-09-17T18,66,1,0.273,172727,0,1
2026-09-17T18,66,2,0.283,0,715545,1
2026-09-17T18,66,2,0.284,22415,0,1
2026-09-17T18,66,3,0.302,0,34430,1
2026-09-17T18,66,3,0.303,0,585694,2
2026-09-17T18,66,3,0.305,0,357669,3
2026-09-17T18,66,3,0.306,505800,45490,3
2026-09-17T18,66,3,0.308,10043,0,1
2026-09-17T18,66,4,0.329,44000,0,1
2026-09-17T18,66,4,0.331,0,25352,1
2026-09-17T18,66,4,0.332,403516,0,1
2026-09-17T18,66,12,0.6,0,767337,1
2026-09-17T19,66,0,0.24,0,37194,1
2026-09-17T19,66,0,0.259,0,36771,1
2026-09-17T19,66,0,0.26,0,34940,1
2026-09-17T19,66,0,0.261,0,95386,2
2026-09-17T19,66,0,0.262,464589,22911,3
2026-09-17T19,66,0,0.263,0,8364,2
2026-09-17T19,66,0,0.264,0,707180,2
2026-09-17T19,66,0,0.266,0,35563,2
2026-09-17T19,66,0,0.267,0,2546,1
2026-09-17T19,66,0,0.268,0,35421,1
2026-09-17T19,66,0,0.269,0,36385,1
2026-09-17T19,66,0,0.271,128991,358246,5
2026-09-17T19,66,0,0.272,307875,52288,3
2026-09-17T19,66,1,0.264,0,308861,2
2026-09-17T19,66,1,0.265,469599,1271155,3
2026-09-17T19,66,1,0.27,0,12787,1
2026-09-17T19,66,1,0.271,67315,782520,4
2026-09-17T19,66,1,0.272,0,138600,2
2026-09-17T19,66,1,0.273,0,40119,1
2026-09-17T19,66,1,0.274,97285,0,1
2026-09-17T19,66,2,0.28,23719,0,1
2026-09-17T19,66,3,0.301,0,4836400,1
2026-09-17T19,66,3,0.305,0,209729,1
2026-09-17T19,66,3,0.306,178047,0,1
2026-09-17T19,66,4,0.328,0,37678,1
2026-09-17T19,66,4,0.329,0,329510,1
2026-09-17T19,66,4,0.33,957404,192740,2
2026-09-17T19,66,4,0.331,0,86737,1
2026-09-17T19,66,4,0.332,0,208825,1
2026-09-17T19,66,4,0.333,321898,0,1
2026-09-17T19,66,5,0.347,0,148348,1
2026-09-17T19,66,5,0.348,398777,0,1
2026-09-17T19,66,7,0.449,2500000,0,2
2026-09-17T20,66,0,0.267,171980,171425,6
2026-09-17T20,66,0,0.268,0,387767,3
2026-09-17T20,66,0,0.269,0,416810,5
2026-09-17T20,66,0,0.27,0,86065,3
2026-09-17T20,66,0,0.271,262752,279930,7
2026-09-17T20,66,0,0.272,127488,0,4
2026-09-17T20,66,1,0.27,0,300000,1
2026-09-17T20,66,1,0.272,77250,250670,5
2026-09-17T20,66,1,0.273,205805,18205,3
2026-09-17T20,66,1,0.274,191807,0,2
2026-09-17T20,66,2,0.28,50000,47952,2
2026-09-17T20,66,2,0.281,0,88595,1
2026-09-17T20,66,2,0.282,0,519884,2
2026-09-17T20,66,2,0.283,0,4074,1
2026-09-17T20,66,2,0.284,285234,816964,5
2026-09-17T20,66,2,0.285,35389,234790,3
2026-09-17T20,66,2,0.286,245381,0,2
2026-09-17T20,66,3,0.305,536512,0,1
2026-09-17T20,66,3,0.306,70000,1953,2
2026-09-17T20,66,3,0.307,174663,23384,2
2026-09-17T20,66,4,0.33,426495,0,1
2026-09-17T20,66,5,0.348,0,605273,1
2026-09-17T20,66,5,0.349,0,66949,1
2026-09-17T20,66,5,0.35,81593,0,1
2026-09-17T20,66,6,0.371,0,361833,1
2026-09-17T20,66,6,0.375,0,2312913,1
2026-09-17T20,66,6,0.376,7954,0,1
2026-09-17T20,66,9,0.62,0,692413,1
2026-09-17T20,66,12,0.6,0,266407,1
2026-09-17T20,66,12,0.65,0,215481,1
2026-09-17T21,66,0,0.265,56100,82701,4
2026-09-17T21,66,0,0.266,10963,12053,4
2026-09-17T21,66,0,0.267,7778,367750,4
2026-09-17T21,66,0,0.268,0,75582,3
2026-09-17T21,66,0,0.269,84356,0,1
2026-09-17T21,66,0,0.271,45913,0,1
2026-09-17T21,66,1,0.267,0,289522,1
2026-09-17T21,66,1,0.268,35672,235992,3
2026-09-17T21,66,1,0.269,500965,0,5
2026-09-17T21,66,1,0.273,200000,0,1
2026-09-17T21,66,2,0.275,642460,27230,4
2026-09-17T21,66,2,0.278,0,49789,1
2026-09-17T21,66,2,0.279,0,603546,1
2026-09-17T21,66,2,0.28,0,115612,1
2026-09-17T21,66,2,0.285,0,29408,1
2026-09-17T21,66,2,0.286,0,409189,1
2026-09-17T21,66,2,0.287,0,1364686,1
2026-09-17T21,66,3,0.303,0,1165,1
2026-09-17T21,66,3,0.304,138436,0,2
2026-09-17T21,66,5,0.35,1730065,0,2
2026-09-17T21,66,10,0.79,0,320000,1
2026-09-17T21,66,12,0.6,0,46171,1
2026-09-17T22,66,0,0.255,0,8127,1
2026-09-17T22,66,0,0.258,179579,209108,6
2026-09-17T22,66,0,0.259,0,52481,2
2026-09-17T22,66,0,0.26,0,16139,2
2026-09-17T22,66,0,0.261,94964,365491,7
2026-09-17T22,66,0,0.262,664472,0,4
2026-09-17T22,66,0,0.263,0,23495,1
2026-09-17T22,66,0,0.264,0,69136,1
2026-09-17T22,66,1,0.266,150956,58810,2
2026-09-17T22,66,1,0.267,0,66501,2
2026-09-17T22,66,1,0.268,77403,0,3
2026-09-17T22,66,1,0.269,30750,0,1
2026-09-17T22,66,2,0.285,0,73891,2
2026-09-17T22,66,2,0.286,0,121980,2
2026-09-17T22,66,2,0.287,490088,289735,6
2026-09-17T22,66,3,0.304,28304,0,1
2026-09-17T22,66,4,0.325,0,165000,1
2026-09-17T22,66,4,0.326,0,189417,1
2026-09-17T22,66,6,0.375,0,116900,1
2026-09-17T22,66,6,0.376,1883100,0,1
2026-09-17T23,66,0,0.259,8000,3639,2
2026-09-17T23,66,0,0.26,7380,132793,6
2026-09-17T23,66,0,0.261,0,166995,7
2026-09-17T23,66,0,0.262,713920,60925,11
2026-09-17T23,66,0,0.264,0,8000,1
2026-09-17T23,66,0,0.265,9422,67510,2
2026-09-17T23,66,1,0.265,0,39071,1
2026-09-17T23,66,1,0.268,396783,29648,8
2026-09-17T23,66,3,0.304,0,382789,1
2026-09-17T23,66,3,0.305,0,1142161,1
2026-09-17T23,66,3,0.307,0,78348,1
2026-09-17T23,66,6,0.376,1000000,0,1
2026-09-18T00,66,0,0.26,40025,73537,3
2026-09-18T00,66,0,0.261,74243,22139,3
2026-09-18T00,66,0,0.262,0,47124,2
2026-09-18T00,66,0,0.263,0,158958,2
2026-09-18T00,66,0,0.264,0,6166,2
2026-09-18T00,66,0,0.265,50000,60579,3
2026-09-18T00,66,0,0.266,473212,152076,4
2026-09-18T00,66,0,0.269,0,410688,3
2026-09-18T00,66,0,0.27,35,68748,7
2026-09-18T00,66,0,0.271,195643,45619,10
2026-09-18T00,66,0,0.272,36399,58553,5
2026-09-18T00,66,0,0.273,111818,0,1
2026-09-18T00,66,1,0.267,0,33000,2
2026-09-18T00,66,1,0.268,4706,41897,3
2026-09-18T00,66,1,0.269,0,515572,1
2026-09-18T00,66,1,0.272,61862,54063,5
2026-09-18T00,66,1,0.273,111000,782921,3
2026-09-18T00,66,1,0.274,518722,0,2
2026-09-18T00,66,2,0.28,12365,0,1
2026-09-18T00,66,3,0.299,0,14288,1
2026-09-18T00,66,3,0.3,109,0,1
2026-09-18T00,66,4,0.326,0,366336,1
2026-09-18T00,66,4,0.327,0,1320000,1
2026-09-18T00,66,4,0.328,0,1562196,1
2026-09-18T00,66,4,0.329,0,304694,1
2026-09-18T00,66,5,0.347,112045,0,1
2026-09-18T01,66,0,0.268,5,47033,3
2026-09-18T01,66,0,0.269,14051,115,3
2026-09-18T01,66,0,0.27,0,17744,1
2026-09-18T01,66,0,0.271,31033,22951,4
2026-09-18T01,66,0,0.273,171901,51847,8
2026-09-18T01,66,1,0.272,0,30000,1
2026-09-18T01,66,1,0.273,7102,8411,3
2026-09-18T01,66,1,0.274,1901860,0,5
2026-09-18T01,66,2,0.274,0,3783400,1
2026-09-18T01,66,2,0.275,0,250000,1
2026-09-18T01,66,2,0.278,1500000,0,1
2026-09-18T01,66,3,0.298,0,28351,1
2026-09-18T01,66,3,0.299,0,152790,1
2026-09-18T01,66,3,0.3,0,1204996,1
2026-09-18T01,66,4,0.33,700000,0,1
2026-09-18T01,66,5,0.347,0,812366,1
2026-09-18T01,66,5,0.348,491796,0,1
2026-09-18T02,66,0,0.248,0,346967,3
2026-09-18T02,66,0,0.249,0,1181,2
2026-09-18T02,66,0,0.25,33453,16547,2
2026-09-18T02,66,0,0.265,0,77505,1
2026-09-18T02,66,0,0.266,0,655,1
2026-09-18T02,66,0,0.267,0,100,1
2026-09-18T02,66,0,0.268,245605,37971,4
2026-09-18T02,66,0,0.269,0,17032,1
2026-09-18T02,66,0,0.27,217385,46650,4
2026-09-18T02,66,0,0.271,0,623214,5
2026-09-18T02,66,0,0.272,515075,10227,6
2026-09-18T02,66,1,0.271,0,15627,1
2026-09-18T02,66,1,0.272,128233,68256,3
2026-09-18T02,66,1,0.273,28016,19758,3
2026-09-18T02,66,2,0.277,0,85000,1
2026-09-18T02,66,2,0.278,358495,0,2
2026-09-18T02,66,3,0.306,0,125487,1
2026-09-18T02,66,3,0.307,276304,142205,3
2026-09-18T02,66,3,0.308,0,830272,1
2026-09-18T02,66,3,0.309,0,50000,1
2026-09-18T02,66,3,0.31,0,1339945,1
2026-09-18T02,66,4,0.328,0,322017,1
2026-09-18T02,66,4,0.329,0,5544,1
2026-09-18T02,66,4,0.33,172439,0,1
2026-09-18T03,66,0,0.261,0,453,1
2026-09-18T03,66,0,0.262,0,4459,2
2026-09-18T03,66,0,0.263,0,20000,1
2026-09-18T03,66,0,0.264,101503,3937,2
2026-09-18T03,66,0,0.265,0,40979,1
2026-09-18T03,66,0,0.266,35,519765,2
2026-09-18T03,66,0,0.267,0,2052,1
2026-09-18T03,66,0,0.268,0,156306,4
2026-09-18T03,66,0,0.269,124435,199821,6
2026-09-18T03,66,0,0.27,2034191,24887,8
2026-09-18T03,66,1,0.27,0,241585,1
2026-09-18T03,66,1,0.271,0,682576,1
2026-09-18T03,66,1,0.272,0,97047,3
2026-09-18T03,66,1,0.273,139220,137777,2
2026-09-18T03,66,1,0.274,1175295,0,2
2026-09-18T03,66,2,0.276,0,48989,1
2026-09-18T03,66,2,0.277,0,206327,1
2026-09-18T03,66,2,0.278,1800000,0,2
2026-09-18T04,66,0,0.26,0,6107,2
2026-09-18T04,66,0,0.261,177761,135929,5
2026-09-18T04,66,0,0.262,197636,416939,7
2026-09-18T04,66,0,0.263,1558,503566,4
2026-09-18T04,66,0,0.264,0,21383,1
2026-09-18T04,66,0,0.265,0,1236,1
2026-09-18T04,66,0,0.266,20211,2884,3
2026-09-18T04,66,0,0.267,150943,0,2
2026-09-18T04,66,1,0.268,90933,0,3
2026-09-18T04,66,2,0.272,0,114090,1
2026-09-18T04,66,2,0.273,0,149915,1
2026-09-18T04,66,2,0.274,0,197563,1
2026-09-18T04,66,2,0.275,78159,222121,2
2026-09-18T04,66,2,0.276,0,234508,1
2026-09-18T04,66,2,0.277,229648,1801105,4
2026-09-18T04,66,3,0.307,114083,0,1
2026-09-18T05,66,0,0.26,0,16271,1
2026-09-18T05,66,0,0.261,49600,84918,5
2026-09-18T05,66,0,0.262,0,991118,5
2026-09-18T05,66,0,0.263,448460,151877,4
2026-09-18T05,66,0,0.264,0,97500,1
2026-09-18T05,66,0,0.265,200927,168381,5
2026-09-18T05,66,0,0.266,0,284984,3
2026-09-18T05,66,0,0.267,72336,355927,7
2026-09-18T05,66,0,0.268,4853,51184,5
2026-09-18T05,66,0,0.269,5656,0,1
2026-09-18T05,66,1,0.266,0,257227,2
2026-09-18T05,66,1,0.267,0,40000,1
2026-09-18T05,66,1,0.268,0,487642,1
2026-09-18T05,66,1,0.27,39193,24607,2
2026-09-18T05,66,1,0.273,69089,0,1
2026-09-18T05,66,2,0.276,0,1961,1
2026-09-18T05,66,2,0.277,0,548846,2
2026-09-18T05,66,2,0.278,1372068,0,4
2026-09-18T05,66,3,0.307,0,546875,1
2026-09-18T05,66,3,0.308,280000,1055300,3
2026-09-18T05,66,4,0.329,86000,0,2
2026-09-18T05,66,12,0.6,0,743693,1
2026-09-18T06,66,0,0.267,0,56274,2
2026-09-18T06,66,0,0.268,56828,249885,6
2026-09-18T06,66,0,0.269,540231,326385,10
2026-09-18T06,66,0,0.27,337934,25537,6
2026-09-18T06,66,0,0.271,184845,213855,3
2026-09-18T06,66,1,0.27,57691,114064,2
2026-09-18T06,66,1,0.271,119002,71902,3
2026-09-18T06,66,1,0.272,76950,161844,3
2026-09-18T06,66,1,0.273,360409,0,4
2026-09-18T06,66,2,0.277,72172,212224,5
2026-09-18T06,66,2,0.278,1381735,0,4
2026-09-18T06,66,3,0.307,0,109878,1
2026-09-18T06,66,3,0.308,602747,117253,2
2026-09-18T06,66,3,0.309,0,1611504,1
2026-09-18T06,66,5,0.343,0,335034,1
2026-09-18T06,66,5,0.344,264966,0,1
2026-09-18T07,66,0,0.266,0,659,1
2026-09-18T07,66,0,0.267,0,24089,1
2026-09-18T07,66,0,0.268,0,115,1
2026-09-18T07,66,0,0.269,0,1861,1
2026-09-18T07,66,0,0.27,5553,2708,3
2026-09-18T07,66,0,0.271,0,56395,2
2026-09-18T07,66,0,0.272,215607,41375,5
2026-09-18T07,66,0,0.273,368427,657300,7
2026-09-18T07,66,1,0.272,68600,284530,2
2026-09-18T07,66,1,0.273,88413,105277,3
2026-09-18T07,66,1,0.274,337598,0,2
2026-09-18T07,66,2,0.274,62478,19737,2
2026-09-18T07,66,2,0.275,36855,0,1
2026-09-18T07,66,3,0.307,300000,76066,2
2026-09-18T07,66,3,0.308,0,36403,2
2026-09-18T07,66,3,0.309,0,110680,1
2026-09-18T07,66,3,0.31,67822,50000,2
2026-09-18T08,66,0,0.24,0,136493,1
2026-09-18T08,66,0,0.249,0,27128,1
2026-09-18T08,66,0,0.25,0,50,1
2026-09-18T08,66,0,0.268,10915,5437,2
2026-09-18T08,66,0,0.269,0,27804,2
2026-09-18T08,66,0,0.27,0,56014,4
2026-09-18T08,66,0,0.271,0,7333,3
2026-09-18T08,66,0,0.272,0,70072,6
2026-09-18T08,66,0,0.273,5018,131660,10
2026-09-18T08,66,0,0.274,99356,598440,10
2026-09-18T08,66,0,0.275,281926,37487,7
2026-09-18T08,66,1,0.273,0,11287,1
2026-09-18T08,66,1,0.274,0,720206,2
2026-09-18T08,66,1,0.275,1186073,223790,5
2026-09-18T08,66,1,0.276,49503,70894,3
2026-09-18T08,66,1,0.277,38189,23907,3
2026-09-18T08,66,2,0.271,0,13295,1
2026-09-18T08,66,2,0.272,0,2300,1
2026-09-18T08,66,2,0.274,0,337522,1
2026-09-18T08,66,2,0.275,0,113290,1
2026-09-18T08,66,2,0.276,0,72498,1
2026-09-18T08,66,2,0.277,0,152792,1
2026-09-18T08,66,2,0.278,977702,0,2
2026-09-18T08,66,3,0.308,0,965787,2
2026-09-18T08,66,3,0.309,784724,215276,2
2026-09-18T08,66,3,0.31,1034213,0,1
2026-09-18T08,66,4,0.325,598172,0,1
2026-09-18T09,66,0,0.265,0,82304,3
2026-09-18T09,66,0,0.266,100,409255,4
2026-09-18T09,66,0,0.267,812880,363928,7
2026-09-18T09,66,0,0.271,0,1000,1
2026-09-18T09,66,0,0.272,0,2792,1
2026-09-18T09,66,0,0.273,0,4596,3
2026-09-18T09,66,0,0.274,117727,75254,2
2026-09-18T09,66,0,0.275,56127,141604,2
2026-09-18T09,66,0,0.276,0,1270,3
2026-09-18T09,66,0,0.277,0,41150,3
2026-09-18T09,66,1,0.27,0,36000,1
2026-09-18T09,66,1,0.271,0,399643,1
2026-09-18T09,66,1,0.277,0,216408,2
2026-09-18T09,66,1,0.278,0,13874,1
2026-09-18T09,66,1,0.279,6859,0,1
2026-09-18T09,66,2,0.278,305642,304358,3
2026-09-18T09,66,2,0.279,0,57984,2
2026-09-18T09,66,10,0.79,100000,0,1
2026-09-18T10,66,0,0.264,157417,29103,2
2026-09-18T10,66,0,0.265,0,400,1
2026-09-18T10,66,0,0.266,0,6311,2
2026-09-18T10,66,0,0.267,157068,147308,5
2026-09-18T10,66,0,0.268,20461,181008,7
2026-09-18T10,66,0,0.269,416328,562540,11
2026-09-18T10,66,0,0.27,480707,0,3
2026-09-18T10,66,1,0.27,313970,200000,3
2026-09-18T10,66,1,0.271,216294,20000,3
2026-09-18T10,66,1,0.272,12000,0,1
2026-09-18T10,66,1,0.276,169402,0,1
2026-09-18T10,66,2,0.274,0,343121,1
2026-09-18T10,66,2,0.275,0,550000,1
2026-09-18T10,66,2,0.277,0,287651,1
2026-09-18T10,66,2,0.278,0,933340,3
2026-09-18T10,66,2,0.279,106584,1893416,2
2026-09-18T10,66,4,0.323,0,1363730,1
2026-09-18T10,66,4,0.324,0,12505,1
2026-09-18T10,66,4,0.325,0,516345,1
2026-09-18T10,66,5,0.342,0,692420,1
2026-09-18T10,66,5,0.344,0,735034,1
2026-09-18T10,66,5,0.345,0,5890049,1
2026-09-18T10,66,12,0.6,0,400197,1
2026-09-18T11,66,0,0.267,0,989,1
2026-09-18T11,66,0,0.268,0,460981,6
2026-09-18T11,66,0,0.269,0,424300,3
2026-09-18T11,66,0,0.27,193794,141288,9
2026-09-18T11,66,0,0.271,0,12773,1
2026-09-18T11,66,0,0.272,0,51140,1
2026-09-18T11,66,1,0.269,344970,54039,3
2026-09-18T11,66,1,0.27,301109,527773,5
2026-09-18T11,66,1,0.271,60000,760723,2
2026-09-18T11,66,1,0.272,0,684133,1
2026-09-18T11,66,1,0.273,0,18369,1
2026-09-18T11,66,1,0.274,127665,0,1
2026-09-18T11,66,2,0.273,0,361605,1
2026-09-18T11,66,2,0.274,0,30727,1
2026-09-18T11,66,2,0.275,115706,0,3
2026-09-18T11,66,3,0.297,216217,0,1
2026-09-18T11,66,3,0.299,3000,0,1
2026-09-18T11,66,5,0.346,150138,0,1
2026-09-18T12,66,0,0.26,0,1890,1
2026-09-18T12,66,0,0.263,100437,63867,2
2026-09-18T12,66,0,0.264,0,4452,2
2026-09-18T12,66,0,0.265,27770,117910,7
2026-09-18T12,66,0,0.266,43090,0,3
2026-09-18T12,66,0,0.267,24990,48270,3
2026-09-18T12,66,0,0.268,0,31216,1
2026-09-18T12,66,1,0.266,0,391440,1
2026-09-18T12,66,1,0.269,285397,35644,3
2026-09-18T12,66,1,0.273,3044,0,1
2026-09-18T12,66,1,0.274,283919,0,3
2026-09-18T12,66,2,0.274,0,378133,2
2026-09-18T12,66,2,0.275,809395,0,3
2026-09-18T12,66,3,0.296,0,121309,1
2026-09-18T12,66,3,0.297,0,51448,1
2026-09-18T12,66,3,0.298,0,219589,3
2026-09-18T12,66,3,0.299,109749,1052201,2
2026-09-18T12,66,3,0.3,0,670923,2
2026-09-18T12,66,3,0.305,0,700000,1
2026-09-18T12,66,4,0.324,0,200000,1
2026-09-18T12,66,4,0.325,0,696173,1
2026-09-18T12,66,4,0.326,0,737175,2
2026-09-18T12,66,8,0.5,885975,0,1
2026-09-18T12,66,12,0.6,0,120343,1
2026-09-18T13,66,0,0.265,0,177049,1
2026-09-18T13,66,0,0.266,0,66910,2
2026-09-18T13,66,0,0.267,0,106735,2
2026-09-18T13,66,0,0.268,0,193597,3
2026-09-18T13,66,0,0.269,21015,99906,5
2026-09-18T13,66,0,0.27,3349695,0,7
2026-09-18T13,66,1,0.271,0,68820,1
2026-09-18T13,66,1,0.272,0,260365,1
2026-09-18T13,66,1,0.273,128665,310757,5
2026-09-18T13,66,1,0.274,142242,0,2
2026-09-18T13,66,2,0.272,0,308048,1
2026-09-18T13,66,2,0.273,44000,986085,3
2026-09-18T13,66,2,0.274,159957,542607,2
2026-09-18T13,66,2,0.275,246734,1116992,2
2026-09-18T13,66,2,0.278,0,104256,1
2026-09-18T13,66,2,0.279,0,839895,1
2026-09-18T13,66,2,0.28,0,418875,2
2026-09-18T13,66,2,0.281,0,182660,1
2026-09-18T13,66,2,0.282,0,909090,1
2026-09-18T13,66,2,0.283,0,18588,1
2026-09-18T13,66,2,0.284,0,825,1
2026-09-18T13,66,2,0.285,14716,10000,2
2026-09-18T13,66,2,0.286,0,271362,1
2026-09-18T13,66,2,0.287,0,351194,1
2026-09-18T13,66,2,0.288,0,1238714,1
2026-09-18T13,66,2,0.289,0,979746,1
2026-09-18T13,66,2,0.29,0,720029,4
2026-09-18T13,66,3,0.305,36653,0,1
2026-09-18T13,66,3,0.306,683853,0,1
2026-09-18T13,66,4,0.309,0,107018,1
2026-09-18T13,66,4,0.31,0,300000,1
2026-09-18T13,66,5,0.33,0,658663,1
2026-09-18T13,66,5,0.346,0,2647036,2
2026-09-18T13,66,6,0.369,348494,0,1
2026-09-18T13,66,7,0.449,531047,0,1
2026-09-18T13,66,8,0.45,0,1375638,1
2026-09-18T13,66,8,0.5,100980,0,1
2026-09-18T14,66,0,0.26,0,10000,1
2026-09-18T14,66,0,0.261,0,75364,1
2026-09-18T14,66,0,0.263,0,51825,1
2026-09-18T14,66,0,0.264,12220,64705,4
2026-09-18T14,66,0,0.265,80010,110333,3
2026-09-18T14,66,0,0.266,191216,60502,4
2026-09-18T14,66,0,0.267,321783,265238,8
2026-09-18T14,66,0,0.268,0,342399,1
2026-09-18T14,66,0,0.269,0,104114,1
2026-09-18T14,66,0,0.27,266205,123283,3
2026-09-18T14,66,1,0.269,247395,0,1
2026-09-18T14,66,1,0.272,0,15610,1
2026-09-18T14,66,1,0.273,65083,0,2
2026-09-18T14,66,2,0.284,55000,0,1
2026-09-18T14,66,2,0.285,0,85284,1
2026-09-18T14,66,2,0.288,54229,0,1
2026-09-18T14,66,3,0.305,9457,0,1
2026-09-18T14,66,4,0.327,0,49152,1
2026-09-18T14,66,4,0.328,0,46000,1
2026-09-18T14,66,4,0.329,0,1072721,4
2026-09-18T14,66,4,0.33,940571,102091,2
2026-09-18T14,66,5,0.347,1184326,0,2
2026-09-18T14,66,6,0.369,348494,384621,2
2026-09-18T14,66,11,0.895,0,17661,1
2026-09-18T15,66,0,0.261,0,115,1
2026-09-18T15,66,0,0.262,0,1373,1
2026-09-18T15,66,0,0.263,0,10000,1
2026-09-18T15,66,0,0.264,0,64692,3
2026-09-18T15,66,0,0.265,73162,115705,5
2026-09-18T15,66,0,0.266,157689,21448,4
2026-09-18T15,66,0,0.267,140176,4000,2
2026-09-18T15,66,0,0.268,52883,275067,4
2026-09-18T15,66,0,0.269,0,534199,4
2026-09-18T15,66,0,0.27,388038,1015968,9
2026-09-18T15,66,0,0.271,287591,388102,3
2026-09-18T15,66,1,0.263,0,23644,1
2026-09-18T15,66,1,0.269,1306,150930,2
2026-09-18T15,66,1,0.272,0,830524,1
2026-09-18T15,66,1,0.273,0,316233,3
2026-09-18T15,66,1,0.274,0,211505,1
2026-09-18T15,66,1,0.275,0,42894,1
2026-09-18T15,66,1,0.276,0,203601,1
2026-09-18T15,66,2,0.278,0,45000,1
2026-09-18T15,66,2,0.279,0,413048,1
2026-09-18T15,66,2,0.284,175060,444329,2
2026-09-18T15,66,2,0.285,396523,0,2
2026-09-18T15,66,3,0.301,0,550000,1
2026-09-18T15,66,3,0.302,309127,1739387,3
2026-09-18T15,66,3,0.303,0,674594,2
2026-09-18T15,66,3,0.304,0,695663,1
2026-09-18T15,66,3,0.305,0,2402881,1
2026-09-18T15,66,5,0.347,0,9857835,1
2026-09-18T15,66,6,0.375,0,1500000,1
2026-09-18T16,66,0,0.265,0,372858,2
2026-09-18T16,66,0,0.266,0,226082,2
2026-09-18T16,66,0,0.267,0,149585,2
2026-09-18T16,66,0,0.268,159327,52872,4
2026-09-18T16,66,0,0.269,0,3551,2
2026-09-18T16,66,0,0.27,0,191173,2
2026-09-18T16,66,0,0.271,0,88959,1
2026-09-18T16,66,0,0.272,0,6290,2
2026-09-18T16,66,0,0.274,0,57571,2
2026-09-18T16,66,0,0.275,8470,114823,5
2026-09-18T16,66,0,0.276,85057,1692,4
2026-09-18T16,66,0,0.277,0,38680,2
2026-09-18T16,66,0,0.278,254122,0,1
2026-09-18T16,66,1,0.275,202626,521086,4
2026-09-18T16,66,1,0.278,10000,148107,2
2026-09-18T16,66,1,0.279,389632,0,3
2026-09-18T16,66,2,0.276,1153946,25751,5
2026-09-18T16,66,2,0.277,0,55984,1
2026-09-18T16,66,2,0.278,0,476374,1
2026-09-18T16,66,2,0.279,65976,64735,3
2026-09-18T16,66,2,0.28,87214,12786,2
2026-09-18T16,66,2,0.282,0,211734,1
2026-09-18T16,66,2,0.283,0,784812,1
2026-09-18T16,66,2,0.284,0,449144,1
2026-09-18T16,66,2,0.285,519407,349747,2
2026-09-18T16,66,3,0.304,17691,212967,2
2026-09-18T16,66,3,0.305,0,50000,1
2026-09-18T16,66,3,0.306,254633,0,1
2026-09-18T16,66,4,0.328,100000,0,1
2026-09-18T16,66,5,0.348,500000,0,1
2026-09-18T16,66,12,0.6,0,59680,1
2026-09-18T17,66,0,0.271,0,1000,1
2026-09-18T17,66,0,0.272,0,16941,2
2026-09-18T17,66,0,0.273,0,84355,1
2026-09-18T17,66,0,0.274,24135,195291,5
2026-09-18T17,66,0,0.275,423130,103336,5
2026-09-18T17,66,0,0.276,121198,197743,3
2026-09-18T17,66,1,0.27,125689,245749,2
2026-09-18T17,66,1,0.278,0,93088,2
2026-09-18T17,66,1,0.279,528898,79818,3
2026-09-18T17,66,1,0.28,24433,57561,3
2026-09-18T17,66,2,0.282,300000,0,1
2026-09-18T17,66,2,0.283,310222,0,2
2026-09-18T17,66,3,0.304,67520,0,1
2026-09-18T18,66,0,0.266,38835,10772,2
2026-09-18T18,66,0,0.267,0,837,1
2026-09-18T18,66,0,0.268,0,23969,2
2026-09-18T18,66,0,0.269,0,23923,2
2026-09-18T18,66,0,0.27,0,20717,2
2026-09-18T18,66,0,0.271,0,14830,4
2026-09-18T18,66,0,0.272,114369,177259,4
2026-09-18T18,66,0,0.273,352270,0,4
2026-09-18T18,66,0,0.274,158196,29659,4
2026-09-18T18,66,0,0.275,58725,0,1
2026-09-18T18,66,1,0.267,217811,167841,2
2026-09-18T18,66,1,0.27,0,33668,2
2026-09-18T18,66,1,0.271,6540,0,1
2026-09-18T18,66,1,0.277,0,10000,1
2026-09-18T18,66,1,0.278,0,17221,2
2026-09-18T18,66,1,0.279,69041,110586,4
2026-09-18T18,66,1,0.28,64963,0,1
2026-09-18T18,66,2,0.278,0,61831,2
2026-09-18T18,66,2,0.279,61484,197576,3
2026-09-18T18,66,2,0.28,865385,863595,6
2026-09-18T18,66,2,0.281,0,86227,1
2026-09-18T18,66,2,0.282,70178,0,1
2026-09-18T18,66,3,0.302,0,174507,1
2026-09-18T18,66,3,0.303,0,104698,1
2026-09-18T18,66,3,0.304,86404,496076,2
2026-09-18T18,66,3,0.305,600000,0,1
2026-09-18T18,66,4,0.327,336070,0,1
2026-09-18T18,66,5,0.345,0,700000,1
2026-09-18T18,66,5,0.346,0,1016319,1
2026-09-18T18,66,6,0.372,0,349770,1
2026-09-18T18,66,7,0.449,1000000,0,1
2026-09-18T19,66,0,0.266,0,596,1
2026-09-18T19,66,0,0.268,0,39970,1
2026-09-18T19,66,0,0.269,0,200,1
2026-09-18T19,66,0,0.27,0,2961,2
2026-09-18T19,66,0,0.271,0,20726,2
2026-09-18T19,66,0,0.272,206720,6679,2
2026-09-18T19,66,0,0.273,0,596249,6
2026-09-18T19,66,0,0.274,420551,95128,6
2026-09-18T19,66,0,0.275,188373,108218,4
2026-09-18T19,66,1,0.271,0,15894,1
2026-09-18T19,66,1,0.279,0,3876,1
2026-09-18T19,66,1,0.28,0,107185,1
2026-09-18T19,66,1,0.281,0,1776780,2
2026-09-18T19,66,1,0.282,0,97893,2
2026-09-18T19,66,1,0.283,217143,282857,2
2026-09-18T19,66,2,0.28,0,126000,1
2026-09-18T19,66,2,0.281,0,12884,1
2026-09-18T19,66,2,0.282,0,129822,1
2026-09-18T19,66,2,0.283,366921,322857,2
2026-09-18T19,66,2,0.284,253591,68319,3
2026-09-18T19,66,2,0.285,448938,0,2
2026-09-18T19,66,3,0.304,0,395284,2
2026-09-18T19,66,4,0.304,0,267322,1
2026-09-18T19,66,4,0.305,80756,990738,2
2026-09-18T19,66,5,0.348,85000,2786019,2
2026-09-18T19,66,12,0.6,1440,0,1
2026-09-18T20,66,0,0.24,0,120224,1
2026-09-18T20,66,0,0.271,0,98078,1
2026-09-18T20,66,0,0.272,9944,39856,2
2026-09-18T20,66,0,0.273,0,22302,4
2026-09-18T20,66,0,0.274,62601,0,2
2026-09-18T20,66,0,0.275,0,91605,4
2026-09-18T20,66,0,0.276,759689,0,3
2026-09-18T20,66,1,0.272,0,322456,1
2026-09-18T20,66,1,0.273,0,82102,1
2026-09-18T20,66,1,0.274,0,389564,1
2026-09-18T20,66,1,0.28,131843,0,2
2026-09-18T20,66,2,0.274,0,317744,2
2026-09-18T20,66,2,0.275,302104,696897,3
2026-09-18T20,66,2,0.284,253057,263712,3
2026-09-18T20,66,2,0.285,10,587405,2
2026-09-18T20,66,3,0.303,984,0,1
2026-09-18T20,66,3,0.304,0,722173,1
2026-09-18T20,66,3,0.305,145204,0,1
2026-09-18T20,66,4,0.324,0,442760,1
2026-09-18T20,66,4,0.325,0,574440,1
2026-09-18T20,66,4,0.326,295187,8755,2
2026-09-18T20,66,4,0.327,1747017,0,2
2026-09-18T20,66,6,0.35,506100,0,1
2026-09-18T20,66,8,0.5,550172,0,1
2026-09-18T21,66,0,0.272,0,11634,2
2026-09-18T21,66,0,0.273,0,281748,5
2026-09-18T21,66,0,0.274,1227558,0,10
2026-09-18T21,66,1,0.275,18977,268023,3
2026-09-18T21,66,1,0.276,62400,27121,2
2026-09-18T21,66,1,0.277,0,55207,1
2026-09-18T21,66,1,0.278,208300,91700,2
2026-09-18T21,66,1,0.279,93460,144031,4
2026-09-18T21,66,1,0.28,7269,0,1
2026-09-18T21,66,2,0.283,0,172298,1
2026-09-18T21,66,2,0.284,70960,134917,3
2026-09-18T21,66,2,0.285,12587,445604,4
2026-09-18T21,66,2,0.286,136362,192260,3
2026-09-18T21,66,2,0.287,183071,31435,3
2026-09-18T21,66,2,0.288,0,1184402,1
2026-09-18T21,66,3,0.302,937780,276973,4
2026-09-18T21,66,3,0.303,0,114813,1
2026-09-18T21,66,3,0.304,8214,0,1
2026-09-18T21,66,6,0.343,0,4281369,1
2026-09-18T21,66,6,0.35,0,1150734,1
2026-09-18T22,66,0,0.269,0,6210,1
2026-09-18T22,66,0,0.27,0,205217,3
2026-09-18T22,66,0,0.271,334651,0,7
2026-09-18T22,66,0,0.272,0,1765,1
2026-09-18T22,66,0,0.273,78484,0,2
2026-09-18T22,66,1,0.273,110219,81833,3
2026-09-18T22,66,1,0.274,132791,0,3
2026-09-18T22,66,2,0.285,65636,46777,2
2026-09-18T22,66,2,0.286,0,45000,1
2026-09-18T22,66,2,0.287,188443,162875,2
2026-09-18T22,66,2,0.288,0,79000,1
2026-09-18T22,66,2,0.289,0,538430,1
2026-09-18T22,66,3,0.302,225400,0,1
2026-09-18T22,66,10,0.55,0,141018,1
2026-09-18T22,66,12,0.6,0,529922,1
2026-09-18T23,66,0,0.269,0,63093,1
2026-09-18T23,66,0,0.27,0,9738,1
2026-09-18T23,66,0,0.271,0,47645,1
2026-09-18T23,66,0,0.272,0,34721,2
2026-09-18T23,66,0,0.273,203884,199311,5
2026-09-18T23,66,0,0.274,0,68871,2
2026-09-18T23,66,0,0.275,112743,131199,3
2026-09-18T23,66,0,0.276,135209,8220,6
2026-09-18T23,66,0,0.277,13902,20246,5
2026-09-18T23,66,1,0.272,0,10118,1
2026-09-18T23,66,1,0.273,82227,50796,2
2026-09-18T23,66,1,0.274,0,163730,1
2026-09-18T23,66,1,0.28,0,160888,1
2026-09-18T23,66,1,0.283,83508,26270,2
2026-09-18T23,66,2,0.288,158236,341764,2
2026-09-18T23,66,2,0.289,0,18362,1
2026-09-18T23,66,2,0.29,0,102314,1
2026-09-18T23,66,2,0.291,0,500000,1
2026-09-18T23,66,2,0.292,0,266906,1
2026-09-18T23,66,2,0.293,341079,8763,3
2026-09-18T23,66,2,0.294,0,100351,1
2026-09-18T23,66,2,0.295,181986,0,1
2026-09-18T23,66,3,0.301,150000,0,1
2026-09-18T23,66,4,0.324,0,101750,1
2026-09-18T23,66,4,0.325,0,102752,1
2026-09-18T23,66,10,0.785,0,500000,1
2026-09-18T23,66,10,0.79,0,540000,1
2026-09-18T23,66,12,0.6,0,459422,1
2026-09-19T04,66,0,0.271,0,1089,1
2026-09-19T04,66,0,0.272,0,135290,1
2026-09-19T04,66,0,0.273,17187,35536,2
2026-09-19T04,66,0,0.274,368791,0,2
2026-09-19T04,66,0,0.276,0,269810,1
2026-09-19T04,66,0,0.277,0,10643,1
2026-09-19T04,66,0,0.278,0,1154799,10
2026-09-19T04,66,0,0.279,0,389315,4
2026-09-19T04,66,0,0.28,139313,703064,5
2026-09-19T04,66,1,0.278,0,228474,1
2026-09-19T04,66,1,0.279,0,1738383,1
2026-09-19T04,66,1,0.283,0,122954,1
2026-09-19T04,66,1,0.284,227666,0,1
2026-09-19T04,66,2,0.277,0,100000,1
2026-09-19T04,66,2,0.278,0,28775,1
2026-09-19T04,66,2,0.279,0,21623,1
2026-09-19T04,66,2,0.28,525215,0,2
2026-09-19T04,66,2,0.295,322379,0,1
2026-09-19T04,66,3,0.301,0,250000,1
2026-09-19T04,66,3,0.302,0,985780,2
2026-09-19T04,66,3,0.303,0,234779,1
2026-09-19T04,66,3,0.304,0,248486,1
2026-09-19T04,66,3,0.305,706221,0,1
2026-09-19T04,66,4,0.327,0,1716913,2
2026-09-19T04,66,5,0.347,190000,0,1
2026-09-19T05,66,0,0.237,0,7399,1
2026-09-19T05,66,0,0.238,0,7303,1
2026-09-19T05,66,0,0.239,134529,210360,3
2026-09-19T05,66,0,0.24,35000,59536,2
2026-09-19T05,66,0,0.268,0,104793,1
2026-09-19T05,66,0,0.269,0,83595,1
2026-09-19T05,66,0,0.27,0,8702,1
2026-09-19T05,66,0,0.271,469,5491,3
2026-09-19T05,66,0,0.272,233124,2331,4
2026-09-19T05,66,1,0.267,30144,64519,2
2026-09-19T05,66,1,0.268,0,38138,1
2026-09-19T05,66,1,0.269,312855,0,1
2026-09-19T05,66,1,0.27,0,10000,1
2026-09-19T05,66,1,0.274,0,134757,1
2026-09-19T05,66,1,0.275,0,40000,1
2026-09-19T05,66,1,0.276,0,5415,1
2026-09-19T05,66,2,0.276,14830,65000,2
2026-09-19T05,66,2,0.277,15040,5932,2
2026-09-19T05,66,2,0.279,146041,0,2
2026-09-19T05,66,2,0.28,300000,0,1
2026-09-19T05,66,3,0.3,0,1000,1
2026-09-19T05,66,3,0.302,150000,846528,2
2026-09-19T05,66,4,0.325,77092,0,1
2026-09-19T05,66,5,0.346,0,1187469,2
2026-09-19T05,66,5,0.347,0,1962810,1
2026-09-19T05,66,5,0.348,0,577620,1
2026-09-19T05,66,7,0.449,750393,0,1
2026-09-19T05,66,11,0.895,1,0,1
2026-09-19T06,66,0,0.265,0,15000,1
2026-09-19T06,66,0,0.266,6400,9899,2
2026-09-19T06,66,0,0.267,0,22608,1
2026-09-19T06,66,0,0.268,0,25487,2
2026-09-19T06,66,0,0.269,380459,19541,4
2026-09-19T06,66,0,0.27,1200,720,2
2026-09-19T06,66,0,0.271,1973,3558,2
2026-09-19T06,66,0,0.272,0,1080713,4
2026-09-19T06,66,0,0.273,48592,152766,2
2026-09-19T06,66,1,0.267,0,169971,2
2026-09-19T06,66,1,0.268,0,291090,1
2026-09-19T06,66,1,0.269,497232,54349,4
2026-09-19T06,66,1,0.27,0,74429,1
2026-09-19T06,66,1,0.271,265519,631127,4
2026-09-19T06,66,1,0.272,270447,19954,2
2026-09-19T06,66,1,0.273,0,2593,2
2026-09-19T06,66,1,0.274,774064,0,6
2026-09-19T06,66,2,0.274,0,45000,1
2026-09-19T06,66,2,0.275,0,5000,1
2026-09-19T06,66,2,0.276,0,3016,1
2026-09-19T06,66,2,0.278,0,408850,4
2026-09-19T06,66,2,0.279,517299,270336,6
2026-09-19T06,66,3,0.302,0,236088,1
2026-09-19T06,66,3,0.303,0,69738,2
2026-09-19T06,66,3,0.304,0,1606676,4
2026-09-19T06,66,3,0.305,213580,14910183,3
2026-09-19T06,66,3,0.306,37114,0,1
2026-09-19T06,66,4,0.325,74916,0,1
2026-09-19T06,66,5,0.348,500000,0,1
2026-09-19T06,66,8,0.498,0,500000,1
2026-09-19T06,66,8,0.499,0,564393,1
2026-09-19T06,66,8,0.5,0,700000,1
2026-09-19T07,66,0,0.265,0,1849,1
2026-09-19T07,66,0,0.266,90477,43128,3
2026-09-19T07,66,0,0.267,156552,34947,3
2026-09-19T07,66,0,0.268,900,56069,3
2026-09-19T07,66,0,0.269,34640,5794,3
2026-09-19T07,66,0,0.27,18333,313907,5
2026-09-19T07,66,0,0.271,20108,10790,5
2026-09-19T07,66,0,0.272,70326,145901,8
2026-09-19T07,66,0,0.273,59036,0,2
2026-09-19T07,66,1,0.273,0,96789,2
2026-09-19T07,66,1,0.274,342836,54152,3
2026-09-19T07,66,1,0.276,0,554056,2
2026-09-19T07,66,1,0.277,252628,0,1
2026-09-19T07,66,2,0.274,0,42478,1
2026-09-19T07,66,2,0.278,0,10241,1
2026-09-19T07,66,2,0.279,5526,0,1
2026-09-19T07,66,3,0.305,251854,0,2
2026-09-19T08,66,0,0.269,0,79576,2
2026-09-19T08,66,0,0.27,0,20406,3
2026-09-19T08,66,0,0.271,0,338682,3
2026-09-19T08,66,0,0.272,0,291303,6
2026-09-19T08,66,0,0.273,632576,0,8
2026-09-19T08,66,1,0.273,37442,36527,2
2026-09-19T08,66,1,0.274,0,30000,1
2026-09-19T08,66,1,0.275,8944,0,1
2026-09-19T08,66,2,0.27,0,343216,1
2026-09-19T08,66,2,0.276,0,11787,1
2026-09-19T08,66,2,0.277,30000,76961,2
2026-09-19T08,66,2,0.278,11252,0,1
2026-09-19T08,66,3,0.305,632291,0,1
2026-09-19T08,66,6,0.37,0,808479,1
2026-09-19T08,66,12,0.6,0,644277,1
2026-09-19T09,66,0,0.269,0,190931,4
2026-09-19T09,66,0,0.27,0,56794,3
2026-09-19T09,66,0,0.271,0,162625,5
2026-09-19T09,66,0,0.272,109049,334491,4
2026-09-19T09,66,0,0.273,274506,0,4
2026-09-19T09,66,1,0.273,52386,14427,3
2026-09-19T09,66,1,0.274,599126,113598,4
2026-09-19T09,66,1,0.275,209978,0,2
2026-09-19T09,66,2,0.276,300000,0,1
2026-09-19T09,66,2,0.277,155080,0,1
2026-09-19T09,66,3,0.301,0,44624,1
2026-09-19T09,66,3,0.302,0,276879,1
2026-09-19T10,66,0,0.239,0,5734,2
2026-09-19T10,66,0,0.24,5289,24624,3
2026-09-19T10,66,0,0.262,0,500,1
2026-09-19T10,66,0,0.265,0,1500,1
2026-09-19T10,66,0,0.268,0,2041,1
2026-09-19T10,66,0,0.269,0,85115,3
2026-09-19T10,66,0,0.27,0,3000,1
2026-09-19T10,66,0,0.271,0,26427,2
2026-09-19T10,66,0,0.272,121185,21476,7
2026-09-19T10,66,0,0.273,718040,0,4
2026-09-19T10,66,1,0.27,116798,98060,2
2026-09-19T10,66,1,0.273,207329,228576,3
2026-09-19T10,66,1,0.274,163133,0,4
2026-09-19T10,66,2,0.275,0,422082,2
2026-09-19T10,66,2,0.276,0,1120000,2
2026-09-19T10,66,2,0.277,0,712009,1
2026-09-19T10,66,2,0.278,1070702,864968,2
2026-09-19T10,66,2,0.279,0,869914,1
2026-09-19T10,66,3,0.303,114562,0,2
2026-09-19T10,66,4,0.322,0,178167,1
2026-09-19T10,66,4,0.323,0,1543490,2
2026-09-19T10,66,4,0.324,0,300000,1
2026-09-19T10,66,4,0.325,343851,0,1
2026-09-19T10,66,12,0.6,0,262969,1
2026-09-19T11,66,0,0.264,0,4930,1
2026-09-19T11,66,0,0.265,0,153300,1
2026-09-19T11,66,0,0.266,0,5330,1
2026-09-19T11,66,0,0.267,0,281375,1
2026-09-19T11,66,0,0.271,0,211159,4
2026-09-19T11,66,0,0.272,0,196442,3
2026-09-19T11,66,0,0.273,42192,718596,6
2026-09-19T11,66,0,0.274,385785,31842,7
2026-09-19T11,66,1,0.273,68000,53709,2
2026-09-19T11,66,1,0.274,81097,242948,4
2026-09-19T11,66,1,0.275,10242,0,1
2026-09-19T11,66,2,0.28,0,398818,1
2026-09-19T11,66,2,0.281,0,29517,1
2026-09-19T11,66,2,0.282,0,98001,1
2026-09-19T11,66,2,0.283,0,6516,1
2026-09-19T11,66,2,0.284,1190520,0,5
2026-09-19T11,66,3,0.302,0,392077,1
2026-09-19T11,66,3,0.303,0,1115636,1
2026-09-19T11,66,3,0.304,0,981131,1
2026-09-19T11,66,3,0.305,30368,23455,2
2026-09-19T11,66,5,0.337,0,254304,2
2026-09-19T11,66,6,0.375,479260,0,1
2026-09-19T11,66,8,0.449,838705,0,1
2026-09-19T12,66,0,0.238,0,12818,1
2026-09-19T12,66,0,0.24,0,46421,1
2026-09-19T12,66,0,0.267,0,25387,1
2026-09-19T12,66,0,0.268,362028,872918,4
2026-09-19T12,66,0,0.269,0,271201,3
2026-09-19T12,66,0,0.27,0,4030,2
2026-09-19T12,66,0,0.271,19983,8388,5
2026-09-19T12,66,0,0.272,157576,88676,6
2026-09-19T12,66,0,0.273,80407,218877,5
2026-09-19T12,66,0,0.274,219854,0,1
2026-09-19T12,66,1,0.27,0,313458,1
2026-09-19T12,66,1,0.272,0,41820,2
2026-09-19T12,66,1,0.273,595548,548093,4
2026-09-19T12,66,1,0.274,0,423589,1
2026-09-19T12,66,1,0.275,388200,270836,3
2026-09-19T12,66,1,0.276,79692,0,1
2026-09-19T12,66,2,0.283,14746,768000,2
2026-09-19T12,66,2,0.284,205050,0,1
2026-09-19T12,66,3,0.3,107884,0,1
2026-09-19T13,66,0,0.264,0,5974,1
2026-09-19T13,66,0,0.265,0,15996,2
2026-09-19T13,66,0,0.266,0,2100,1
2026-09-19T13,66,0,0.267,0,52100,1
2026-09-19T13,66,0,0.268,0,139227,3
2026-09-19T13,66,0,0.269,0,4375,2
2026-09-19T13,66,0,0.27,0,51456,3
2026-09-19T13,66,0,0.271,79725,16844,4
2026-09-19T13,66,0,0.272,81015,99031,4
2026-09-19T13,66,0,0.273,101297,0,2
2026-09-19T13,66,1,0.273,658047,111869,6
2026-09-19T13,66,1,0.274,0,105615,2
2026-09-19T13,66,1,0.275,309,0,1
2026-09-19T13,66,2,0.28,370000,190574,4
2026-09-19T13,66,2,0.281,135000,772084,3
2026-09-19T13,66,2,0.282,0,137249,1
2026-09-19T13,66,3,0.299,408121,0,2
2026-09-19T13,66,8,0.449,49070,0,1
2026-09-19T14,66,0,0.264,0,1178,1
2026-09-19T14,66,0,0.265,361548,893554,3
2026-09-19T14,66,0,0.266,0,272,1
2026-09-19T14,66,0,0.267,0,156444,4
2026-09-19T14,66,0,0.268,129731,41304,5
2026-09-19T14,66,0,0.269,20847,68825,7
2026-09-19T14,66,0,0.27,620580,40197,10
2026-09-19T14,66,0,0.271,0,168750,4
2026-09-19T14,66,0,0.272,76890,15187,3
2026-09-19T14,66,1,0.269,302925,76414,2
2026-09-19T14,66,1,0.272,156579,63497,4
2026-09-19T14,66,1,0.273,1515648,0,4
2026-09-19T14,66,2,0.278,0,124937,2
2026-09-19T14,66,2,0.279,0,13338,1
2026-09-19T14,66,2,0.28,0,300,1
2026-09-19T14,66,2,0.281,0,56151,2
2026-09-19T14,66,2,0.282,0,71430,1
2026-09-19T14,66,2,0.283,0,476486,1
2026-09-19T14,66,2,0.284,0,201050,1
2026-09-19T14,66,2,0.287,181826,0,2
2026-09-19T14,66,3,0.299,0,2420859,1
2026-09-19T14,66,3,0.3,0,146015,1
2026-09-19T14,66,3,0.301,96200,867590,4
2026-09-19T14,66,4,0.321,0,200000,1
2026-09-19T14,66,4,0.322,0,1212460,1
2026-09-19T14,66,4,0.323,0,500,1
2026-09-19T14,66,4,0.324,0,300000,1
2026-09-19T14,66,4,0.325,0,45031,1
2026-09-19T14,66,4,0.326,230136,0,1
2026-09-19T14,66,5,0.337,183031,0,1
2026-09-19T15,66,0,0.235,0,1222,1
2026-09-19T15,66,0,0.268,52135,52597,2
2026-09-19T15,66,0,0.269,0,2387,2
2026-09-19T15,66,0,0.27,0,183894,2
2026-09-19T15,66,0,0.271,377340,270293,5
2026-09-19T15,66,0,0.272,212051,175998,3
2026-09-19T15,66,0,0.273,338737,0,5
2026-09-19T15,66,1,0.273,0,150917,2
2026-09-19T15,66,1,0.274,5000,155089,3
2026-09-19T15,66,1,0.275,744306,194364,6
2026-09-19T15,66,1,0.276,511780,0,2
2026-09-19T15,66,2,0.284,0,123449,2
2026-09-19T15,66,2,0.285,68020,388004,3
2026-09-19T15,66,2,0.286,0,59036,2
2026-09-19T15,66,2,0.287,1326328,202994,4
2026-09-19T15,66,3,0.302,0,94473,1
2026-09-19T15,66,3,0.303,252770,0,2
2026-09-19T16,66,0,0.24,0,33672,1
2026-09-19T16,66,0,0.267,0,2500,1
2026-09-19T16,66,0,0.268,29236,12313,3
2026-09-19T16,66,0,0.269,24074,42258,3
2026-09-19T16,66,0,0.27,39247,13004,4
2026-09-19T16,66,0,0.271,118451,181963,3
2026-09-19T16,66,0,0.272,0,142039,6
2026-09-19T16,66,0,0.273,792807,462356,13
2026-09-19T16,66,0,0.274,47157,0,1
2026-09-19T16,66,1,0.27,0,103100,1
2026-09-19T16,66,1,0.271,0,3563,1
2026-09-19T16,66,1,0.272,25000,504732,3
2026-09-19T16,66,1,0.273,0,72046,2
2026-09-19T16,66,1,0.274,0,125016,2
2026-09-19T16,66,1,0.275,0,62674,1
2026-09-19T16,66,1,0.276,54275,0,1
2026-09-19T16,66,2,0.282,8682,0,1
2026-09-19T16,66,2,0.285,164418,0,1
2026-09-19T16,66,3,0.301,0,182647,1
2026-09-19T16,66,3,0.302,0,524863,1
2026-09-19T16,66,3,0.303,0,447230,1
2026-09-19T16,66,3,0.304,173176,303307,4
2026-09-19T16,66,4,0.322,0,210462,1
2026-09-19T16,66,4,0.323,0,450092,1
2026-09-19T16,66,4,0.324,0,1000000,1
2026-09-19T16,66,4,0.325,0,13160,1
2026-09-19T16,66,4,0.326,0,351454,1
2026-09-19T16,66,4,0.327,0,1043503,2
2026-09-19T16,66,4,0.328,300000,0,2
2026-09-19T17,66,0,0.27,0,211184,3
2026-09-19T17,66,0,0.271,11055,170505,5
2026-09-19T17,66,0,0.272,3864,174295,10
2026-09-19T17,66,0,0.273,374244,60506,8
2026-09-19T17,66,0,0.274,268491,184007,9
2026-09-19T17,66,0,0.275,22961,0,2
2026-09-19T17,66,1,0.274,0,16364,2
2026-09-19T17,66,1,0.275,211514,19415,5
2026-09-19T17,66,1,0.276,20733,72822,4
2026-09-19T17,66,2,0.282,0,30629,1
2026-09-19T17,66,2,0.283,0,140136,1
2026-09-19T17,66,2,0.284,298291,209955,2
2026-09-19T17,66,2,0.285,139524,298061,2
2026-09-19T17,66,2,0.286,867016,632984,2
2026-09-19T17,66,2,0.287,46138,0,1
2026-09-19T17,66,3,0.302,550000,0,1
2026-09-19T17,66,3,0.303,0,580333,1
2026-09-19T17,66,3,0.304,0,308450,1
2026-09-19T17,66,3,0.305,372463,376342,3
2026-09-19T17,66,3,0.306,8454,0,1
2026-09-19T17,66,4,0.328,95546,0,1
2026-09-19T17,66,12,0.6,0,386041,1
2026-09-19T18,66,0,0.265,0,15106,1
2026-09-19T18,66,0,0.266,0,111647,2
2026-09-19T18,66,0,0.267,77739,117504,4
2026-09-19T18,66,0,0.268,0,160204,2
2026-09-19T18,66,0,0.269,4105,45895,2
2026-09-19T18,66,0,0.27,0,36408,3
2026-09-19T18,66,0,0.271,0,6239,1
2026-09-19T18,66,0,0.272,8593,66070,4
2026-09-19T18,66,0,0.273,302508,6411,7
2026-09-19T18,66,1,0.274,516258,132123,5
2026-09-19T18,66,3,0.302,981030,0,1
2026-09-19T18,66,4,0.326,0,420000,1
2026-09-19T18,66,4,0.327,0,724500,1
2026-09-19T18,66,5,0.336,200000,100000,2
2026-09-19T18,66,10,0.78,0,50000,1
2026-09-19T18,66,10,0.785,0,500000,1
2026-09-19T18,66,10,0.79,0,640000,1
2026-09-19T18,66,12,0.6,0,316351,1
2026-09-19T19,66,0,0.266,0,636,1
2026-09-19T19,66,0,0.267,0,9207,3
2026-09-19T19,66,0,0.268,99508,166269,5
2026-09-19T19,66,0,0.269,736498,33495,8
2026-09-19T19,66,0,0.27,0,126878,5
2026-09-19T19,66,0,0.271,97584,0,3
2026-09-19T19,66,1,0.273,0,23632,1
2026-09-19T19,66,1,0.274,109526,386930,4
2026-09-19T19,66,1,0.275,30518,485003,3
2026-09-19T19,66,1,0.276,6500,980232,3
2026-09-19T19,66,1,0.277,164000,9292,2
2026-09-19T19,66,1,0.278,0,52594,1
2026-09-19T19,66,2,0.276,115332,19202,2
2026-09-19T19,66,2,0.277,0,217982,4
2026-09-19T19,66,2,0.278,8454,551571,3
2026-09-19T19,66,2,0.279,123865,0,1
2026-09-19T19,66,3,0.3,0,93500,1
2026-09-19T19,66,3,0.301,0,248640,1
2026-09-19T19,66,3,0.302,157860,0,1
2026-09-19T19,66,4,0.326,0,177957,1
2026-09-19T19,66,4,0.327,48861,0,1
2026-09-19T19,66,5,0.336,626330,0,1
2026-09-19T19,66,6,0.37,0,680696,1
2026-09-19T19,66,6,0.375,0,3208169,1
2026-09-19T19,66,6,0.376,0,5368139,1
2026-09-19T19,66,8,0.449,0,4112225,1
2026-09-19T19,66,8,0.45,0,428962,1
2026-09-19T19,66,8,0.499,0,3210135,1
2026-09-19T19,66,9,0.6,0,262080,1
2026-09-19T19,66,10,0.79,0,217745,1
2026-09-19T20,66,0,0.263,0,500,1
2026-09-19T20,66,0,0.264,0,46280,4
2026-09-19T20,66,0,0.265,6300,281879,6
2026-09-19T20,66,0,0.266,99706,103880,8
2026-09-19T20,66,0,0.267,116527,101925,6
2026-09-19T20,66,0,0.268,318629,0,1
2026-09-19T20,66,1,0.275,199262,2801,2
2026-09-19T20,66,1,0.278,0,5000,1
2026-09-19T20,66,1,0.279,0,122265,1
2026-09-19T20,66,1,0.28,33201,165675,2
2026-09-19T20,66,1,0.281,12000,0,1
2026-09-19T20,66,2,0.276,0,100000,1
2026-09-19T20,66,2,0.279,166275,502370,3
2026-09-19T20,66,2,0.28,331452,57230,6
2026-09-19T20,66,2,0.282,1408656,0,4
2026-09-19T20,66,3,0.301,0,288775,1
2026-09-19T20,66,3,0.302,123689,0,1
2026-09-19T20,66,4,0.326,294497,0,1
2026-09-19T20,66,5,0.334,0,70546,1
2026-09-19T20,66,5,0.335,1571844,0,1
2026-09-19T20,66,6,0.371,0,463352,1
2026-09-19T20,66,6,0.376,0,89500,1
2026-09-19T20,66,6,0.377,390473,798667,2
2026-09-19T20,66,12,0.6,0,209755,1
2026-09-19T21,66,0,0.261,0,115,1
2026-09-19T21,66,0,0.262,0,229316,1
2026-09-19T21,66,0,0.266,0,80933,1
2026-09-19T21,66,0,0.267,0,108506,4
2026-09-19T21,66,0,0.268,0,443974,6
2026-09-19T21,66,0,0.269,251168,1498728,4
2026-09-19T21,66,0,0.27,11400,180007,7
2026-09-19T21,66,0,0.271,114184,24833,3
2026-09-19T21,66,0,0.272,38499,44332,5
2026-09-19T21,66,0,0.273,551247,0,5
2026-09-19T21,66,1,0.277,0,125054,2
2026-09-19T21,66,1,0.278,0,93498,1
2026-09-19T21,66,1,0.28,7690,235470,3
2026-09-19T21,66,1,0.281,0,59964,1
2026-09-19T21,66,2,0.28,2,294685,4
2026-09-19T21,66,2,0.281,395845,524583,4
2026-09-19T21,66,2,0.282,290138,0,3
2026-09-19T21,66,3,0.3,152887,105712,2
2026-09-19T21,66,3,0.301,416452,159353,2
2026-09-19T21,66,4,0.325,0,340000,1
2026-09-19T21,66,4,0.326,0,10048,1
2026-09-19T21,66,5,0.334,0,1084022,1
2026-09-19T21,66,5,0.335,0,893644,1
2026-09-19T21,66,5,0.336,0,410797,1
2026-09-19T21,66,5,0.337,0,1382108,1
2026-09-19T21,66,6,0.375,1000000,0,1
2026-09-19T22,66,0,0.255,0,2683,1
2026-09-19T22,66,0,0.259,6300,0,1
2026-09-19T22,66,0,0.264,0,107642,2
2026-09-19T22,66,0,0.265,21088,0,1
2026-09-19T22,66,0,0.27,246471,95234,4
2026-09-19T22,66,0,0.271,184863,42193,4
2026-09-19T22,66,2,0.274,339220,0,2
2026-09-19T22,66,2,0.28,20000,0,1
2026-09-19T22,66,3,0.301,125123,0,2
2026-09-19T22,66,4,0.326,0,230000,1
2026-09-19T22,66,4,0.327,271647,705829,3
2026-09-19T22,66,5,0.348,0,1757686,1
2026-09-19T23,66,0,0.255,0,58074,1
2026-09-19T23,66,0,0.259,0,139993,2
2026-09-19T23,66,0,0.26,0,86174,1
2026-09-19T23,66,0,0.261,0,500,1
2026-09-19T23,66,0,0.262,0,115,1
2026-09-19T23,66,0,0.263,0,21874,1
2026-09-19T23,66,0,0.264,0,9226,1
2026-09-19T23,66,0,0.265,0,33011,1
2026-09-19T23,66,0,0.266,0,40,1
2026-09-19T23,66,0,0.267,0,115,1
2026-09-19T23,66,0,0.269,68134,79178,5
2026-09-19T23,66,0,0.27,415849,136477,8
2026-09-19T23,66,0,0.271,0,77825,1
2026-09-19T23,66,0,0.272,0,35551,2
2026-09-19T23,66,0,0.273,9288,0,1
2026-09-19T23,66,1,0.267,145570,136736,2
2026-09-19T23,66,1,0.268,0,3000,1
2026-09-19T23,66,1,0.272,100189,307322,4
2026-09-19T23,66,1,0.273,0,5000,1
2026-09-19T23,66,1,0.276,141758,0,1
2026-09-19T23,66,2,0.274,0,160780,1
2026-09-19T23,66,2,0.275,0,32900,1
2026-09-19T23,66,3,0.301,0,126701,1
2026-09-19T23,66,3,0.302,7070,0,1
2026-09-19T23,66,4,0.326,100000,0,1
2026-09-19T23,66,8,0.5,0,13576,1
2026-09-20T00,66,0,0.255,0,76141,1
2026-09-20T00,66,0,0.256,0,12009,2
2026-09-20T00,66,0,0.257,0,64413,2
2026-09-20T00,66,0,0.26,0,16292,2
2026-09-20T00,66,0,0.261,0,4667,1
2026-09-20T00,66,0,0.27,0,17297,3
2026-09-20T00,66,0,0.271,0,140309,4
2026-09-20T00,66,0,0.272,124642,206152,9
2026-09-20T00,66,0,0.273,304486,274247,10
2026-09-20T00,66,1,0.273,39514,1,2
2026-09-20T00,66,1,0.274,101684,60138,2
2026-09-20T00,66,2,0.274,0,741863,1
2026-09-20T00,66,2,0.275,256635,118115,3
2026-09-20T00,66,2,0.276,178130,442177,3
2026-09-20T00,66,4,0.325,0,486389,1
2026-09-20T00,66,4,0.326,330875,0,1
2026-09-20T00,66,6,0.375,500000,0,1
2026-09-20T01,66,0,0.238,0,16803,1
2026-09-20T01,66,0,0.24,0,64995,1
2026-09-20T01,66,0,0.269,0,13340,1
2026-09-20T01,66,0,0.27,0,203559,5
2026-09-20T01,66,0,0.271,500,31568,4
2026-09-20T01,66,0,0.272,41037,75449,8
2026-09-20T01,66,0,0.273,408035,310770,5
2026-09-20T01,66,1,0.272,0,285626,1
2026-09-20T01,66,1,0.273,25777,297947,4
2026-09-20T01,66,1,0.274,0,5000,1
2026-09-20T01,66,2,0.274,228324,309882,5
2026-09-20T01,66,2,0.275,177716,1229221,4
2026-09-20T01,66,3,0.296,0,383898,1
2026-09-20T01,66,3,0.297,25273,76135,2
2026-09-20T01,66,3,0.3,0,100000,1
2026-09-20T01,66,3,0.301,0,177596,1
2026-09-20T01,66,3,0.302,122404,0,1
2026-09-20T01,66,4,0.322,200000,0,1
2026-09-20T01,66,7,0.446,200000,0,1
2026-09-20T02,66,0,0.264,0,40488,1
2026-09-20T02,66,0,0.265,0,8455,1
2026-09-20T02,66,0,0.266,0,68606,1
2026-09-20T02,66,0,0.267,12734,35504,4
2026-09-20T02,66,0,0.268,5850,4413,2
2026-09-20T02,66,0,0.269,1157,30173,4
2026-09-20T02,66,0,0.27,0,17677,2
2026-09-20T02,66,0,0.271,22784,83273,7
2026-09-20T02,66,0,0.272,44426,175066,6
2026-09-20T02,66,0,0.273,98519,231416,4
2026-09-20T02,66,0,0.274,254431,20762,6
2026-09-20T02,66,1,0.274,0,343046,2
2026-09-20T02,66,1,0.275,0,317353,2
2026-09-20T02,66,1,0.276,275593,311051,4
2026-09-20T02,66,1,0.277,1875,0,1
2026-09-20T02,66,2,0.276,0,100000,1
2026-09-20T02,66,2,0.277,0,417000,4
2026-09-20T02,66,2,0.278,147814,0,3
2026-09-20T02,66,3,0.3,0,500000,1
2026-09-20T02,66,4,0.322,50512,0,1
2026-09-20T03,66,0,0.272,0,112657,3
2026-09-20T03,66,0,0.273,22313,120359,3
2026-09-20T03,66,0,0.274,1440503,719444,6
2026-09-20T03,66,0,0.275,105043,0,3
2026-09-20T03,66,1,0.271,0,5688,1
2026-09-20T03,66,1,0.273,239943,292168,5
2026-09-20T03,66,1,0.274,0,5000,1
2026-09-20T03,66,2,0.273,0,46223,2
2026-09-20T03,66,2,0.274,0,27460,1
2026-09-20T03,66,2,0.275,219555,180445,2
2026-09-20T03,66,2,0.276,0,15687,1
2026-09-20T03,66,2,0.277,5000,10544,2
2026-09-20T03,66,2,0.278,0,125341,1
2026-09-20T03,66,2,0.279,48428,0,1
2026-09-20T03,66,2,0.28,0,776938,1
2026-09-20T03,66,3,0.301,180128,0,3
2026-09-20T03,66,4,0.301,0,381792,1
2026-09-20T04,66,0,0.269,0,4330,1
2026-09-20T04,66,0,0.27,0,200,1
2026-09-20T04,66,0,0.271,0,53261,1
2026-09-20T04,66,0,0.272,0,38714,4
2026-09-20T04,66,0,0.273,138954,193913,7
2026-09-20T04,66,0,0.274,220,16766,3
2026-09-20T04,66,0,0.275,426407,346644,15
2026-09-20T04,66,0,0.276,794647,0,3
2026-09-20T04,66,1,0.275,0,3676,1
2026-09-20T04,66,1,0.276,80784,10844,4
2026-09-20T04,66,2,0.277,482578,0,4
2026-09-20T04,66,2,0.278,100000,0,1
2026-09-20T04,66,3,0.301,197621,122251,2
2026-09-20T04,66,3,0.302,0,23235,1
2026-09-20T04,66,3,0.304,414794,0,2
2026-09-20T04,66,4,0.32,500000,0,1
2026-09-20T05,66,0,0.267,0,5500,1
2026-09-20T05,66,0,0.268,34632,4440,3
2026-09-20T05,66,0,0.269,123847,115158,5
2026-09-20T05,66,0,0.27,0,360267,3
2026-09-20T05,66,0,0.271,77078,156419,4
2026-09-20T05,66,0,0.272,652947,705918,4
2026-09-20T05,66,0,0.273,0,23370,2
2026-09-20T05,66,0,0.274,5000,0,1
2026-09-20T05,66,0,0.275,0,30000,1
2026-09-20T05,66,0,0.276,0,582371,6
2026-09-20T05,66,1,0.273,0,128458,1
2026-09-20T05,66,1,0.276,0,33698,1
2026-09-20T05,66,2,0.274,0,130858,1
2026-09-20T05,66,2,0.275,75997,0,3
2026-09-20T05,66,2,0.277,1032295,0,4
2026-09-20T05,66,7,0.445,0,1116384,1
2026-09-20T06,66,0,0.264,0,26950,1
2026-09-20T06,66,0,0.265,0,74699,2
2026-09-20T06,66,0,0.266,1141,40518,3
2026-09-20T06,66,0,0.267,0,48400,2
2026-09-20T06,66,0,0.268,0,12700,2
2026-09-20T06,66,0,0.269,0,66375,5
2026-09-20T06,66,0,0.27,427213,88405,8
2026-09-20T06,66,0,0.271,10299,48750,3
2026-09-20T06,66,0,0.272,58818,0,1
2026-09-20T06,66,1,0.273,130522,513032,3
2026-09-20T06,66,1,0.274,12614,120709,2
2026-09-20T06,66,2,0.273,0,241582,1
2026-09-20T06,66,2,0.274,1619791,2095396,4
2026-09-20T06,66,2,0.275,0,247980,1
2026-09-20T06,66,2,0.276,0,58904,1
2026-09-20T06,66,2,0.277,303137,0,4
2026-09-20T06,66,3,0.301,150000,0,1
2026-09-20T06,66,4,0.318,50000,0,1
2026-09-20T07,66,0,0.266,0,48000,1
2026-09-20T07,66,0,0.267,0,687119,3
2026-09-20T07,66,0,0.268,155930,44070,3
2026-09-20T07,66,0,0.27,0,37203,5
2026-09-20T07,66,0,0.271,0,201097,7
2026-09-20T07,66,0,0.272,354744,0,3
2026-09-20T07,66,1,0.269,0,89747,1
2026-09-20T07,66,1,0.271,0,204191,3
2026-09-20T07,66,1,0.272,0,72099,2
2026-09-20T07,66,2,0.272,842527,501120,7
2026-09-20T07,66,2,0.273,192325,1343596,4
2026-09-20T07,66,8,0.5,0,566512,1
2026-09-20T07,66,12,0.6,0,490502,1
2026-09-20T08,66,0,0.264,0,8000,1
2026-09-20T08,66,0,0.265,0,28890,2
2026-09-20T08,66,0,0.266,0,17257,1
2026-09-20T08,66,0,0.267,0,7000,1
2026-09-20T08,66,0,0.268,0,45506,1
2026-09-20T08,66,0,0.269,0,53011,5
2026-09-20T08,66,0,0.27,16232,66216,7
2026-09-20T08,66,0,0.271,0,11704,3
2026-09-20T08,66,1,0.269,0,27453,1
2026-09-20T08,66,1,0.271,608012,0,4
2026-09-20T08,66,2,0.271,0,134030,2
2026-09-20T08,66,2,0.272,1358743,2394071,8
2026-09-20T08,66,2,0.273,1210189,738591,3
2026-09-20T08,66,3,0.298,0,152320,1
2026-09-20T08,66,3,0.299,0,442760,1
2026-09-20T08,66,3,0.3,0,865939,1
2026-09-20T08,66,4,0.317,0,1050000,1
2026-09-20T08,66,6,0.37,0,645764,1
2026-09-20T08,66,12,0.6,0,401200,1
2026-09-20T09,66,0,0.223,0,3504,1
2026-09-20T09,66,0,0.266,0,110629,3
2026-09-20T09,66,0,0.267,3316,24663,2
2026-09-20T09,66,0,0.268,0,31869,2
2026-09-20T09,66,0,0.269,119229,271827,8
2026-09-20T09,66,0,0.27,0,8166,1
2026-09-20T09,66,1,0.269,122173,190331,3
2026-09-20T09,66,1,0.27,1094435,14456,9
2026-09-20T09,66,1,0.271,35084,196849,2
2026-09-20T09,66,2,0.273,0,3038811,1
2026-09-20T09,66,2,0.274,0,2340895,4
2026-09-20T09,66,2,0.275,0,1106571,3
2026-09-20T09,66,2,0.276,0,400000,1
2026-09-20T09,66,3,0.296,0,112270,1
2026-09-20T09,66,3,0.297,0,200000,1
2026-09-20T09,66,3,0.298,0,112270,1
2026-09-20T09,66,3,0.299,100000,396037,2
2026-09-20T09,66,4,0.318,0,76745,1
2026-09-20T09,66,4,0.319,0,200000,1
2026-09-20T09,66,4,0.32,0,2975410,1
2026-09-20T09,66,4,0.321,0,1518630,1
2026-09-20T09,66,4,0.322,0,649488,1
2026-09-20T09,66,6,0.37,0,262892,1
2026-09-20T09,66,6,0.375,0,632576,1
2026-09-20T09,66,7,0.445,0,261659,1
2026-09-20T09,66,7,0.446,738341,0,1
2026-09-20T10,66,0,0.259,600,0,1
2026-09-20T10,66,0,0.262,0,45000,1
2026-09-20T10,66,0,0.265,4013,0,1
2026-09-20T10,66,0,0.266,0,306557,2
2026-09-20T10,66,0,0.267,0,28797,2
2026-09-20T10,66,0,0.268,0,44435,3
2026-09-20T10,66,0,0.269,509767,270998,8
2026-09-20T10,66,0,0.27,160069,8980,4
2026-09-20T10,66,1,0.268,0,1866,1
2026-09-20T10,66,1,0.269,0,16400,1
2026-09-20T10,66,1,0.27,142738,278877,6
2026-09-20T10,66,1,0.271,0,57818,1
2026-09-20T10,66,1,0.272,0,6803,1
2026-09-20T10,66,1,0.273,0,694072,1
2026-09-20T10,66,1,0.274,152270,0,3
2026-09-20T10,66,2,0.274,0,153098,1
2026-09-20T10,66,2,0.275,0,133165,2
2026-09-20T10,66,2,0.276,175691,220389,4
2026-09-20T10,66,2,0.277,212856,0,1
2026-09-20T10,66,3,0.299,361117,0,1
2026-09-20T11,66,0,0.258,0,106942,1
2026-09-20T11,66,0,0.259,0,12532,1
2026-09-20T11,66,0,0.262,0,115,1
2026-09-20T11,66,0,0.263,0,117852,1
2026-09-20T11,66,0,0.264,0,70744,2
2026-09-20T11,66,0,0.265,0,47770,4
2026-09-20T11,66,0,0.266,103910,252465,8
2026-09-20T11,66,0,0.267,226831,311588,4
2026-09-20T11,66,0,0.268,0,29962,1
2026-09-20T11,66,0,0.269,0,362059,2
2026-09-20T11,66,0,0.27,191688,70411,5
2026-09-20T11,66,0,0.271,37149,185077,4
2026-09-20T11,66,0,0.272,0,174871,3
2026-09-20T11,66,1,0.27,0,209867,1
2026-09-20T11,66,1,0.271,0,50000,1
2026-09-20T11,66,1,0.272,0,200000,2
2026-09-20T11,66,1,0.273,616400,0,7
2026-09-20T11,66,2,0.275,26054,8880,2
2026-09-20T11,66,2,0.276,0,557938,2
2026-09-20T11,66,2,0.277,1199678,0,1
2026-09-20T11,66,3,0.297,0,129658,1
2026-09-20T11,66,3,0.298,0,382706,1
2026-09-20T11,66,3,0.299,25273,627097,2
2026-09-20T11,66,3,0.3,0,3000000,1
2026-09-20T11,66,3,0.301,1086382,0,2
2026-09-20T11,66,4,0.325,0,430000,1
2026-09-20T11,66,4,0.326,0,343694,1
2026-09-20T11,66,4,0.328,0,1119073,1
2026-09-20T11,66,5,0.339,146027,1340083,2
2026-09-20T12,66,0,0.239,0,61266,1
2026-09-20T12,66,0,0.24,0,73017,1
2026-09-20T12,66,0,0.254,0,20000,1
2026-09-20T12,66,0,0.269,0,34564,3
2026-09-20T12,66,0,0.27,0,97697,3
2026-09-20T12,66,0,0.271,0,307636,2
2026-09-20T12,66,0,0.272,44327,46275,6
2026-09-20T12,66,0,0.273,273493,297356,5
2026-09-20T12,66,1,0.271,0,6798,1
2026-09-20T12,66,1,0.272,1649968,151482,5
2026-09-20T12,66,1,0.273,49740,211189,4
2026-09-20T12,66,2,0.275,0,10000,1
2026-09-20T12,66,2,0.276,0,956120,1
2026-09-20T12,66,2,0.277,0,769456,1
2026-09-20T12,66,2,0.278,0,806616,1
2026-09-20T12,66,2,0.28,89658,287002,2
2026-09-20T12,66,2,0.281,532166,609759,3
2026-09-20T13,66,0,0.268,0,102727,1
2026-09-20T13,66,0,0.269,0,131864,2
2026-09-20T13,66,0,0.27,55295,12725,2
2026-09-20T13,66,0,0.271,0,4788,1
2026-09-20T13,66,0,0.272,0,2222,1
2026-09-20T13,66,0,0.273,0,417596,3
2026-09-20T13,66,0,0.274,0,182472,2
2026-09-20T13,66,0,0.275,0,2309088,2
2026-09-20T13,66,0,0.276,0,54433,3
2026-09-20T13,66,0,0.277,316965,188227,6
2026-09-20T13,66,0,0.278,172216,986,3
2026-09-20T13,66,1,0.27,118896,227136,3
2026-09-20T13,66,1,0.271,491281,0,4
2026-09-20T13,66,1,0.274,0,60821,1
2026-09-20T13,66,1,0.276,0,339664,1
2026-09-20T13,66,1,0.277,0,115727,1
2026-09-20T13,66,1,0.279,0,209340,1
2026-09-20T13,66,2,0.278,0,695683,3
2026-09-20T13,66,2,0.279,0,142814,1
2026-09-20T13,66,2,0.28,23998,493394,2
2026-09-20T13,66,2,0.281,0,258590,1
2026-09-20T13,66,3,0.298,0,121800,1
2026-09-20T13,66,3,0.3,0,1379000,1
2026-09-20T13,66,3,0.301,2499200,4264418,2
2026-09-20T13,66,3,0.302,0,1000000,1
2026-09-20T13,66,3,0.303,0,1033230,1
2026-09-20T13,66,4,0.328,13864,272488,2
2026-09-20T13,66,4,0.329,0,938403,1
2026-09-20T13,66,4,0.33,0,134471,1
2026-09-20T13,66,4,0.331,0,100000,1
2026-09-20T13,66,4,0.332,0,1001193,1
2026-09-20T13,66,5,0.338,0,1,1
2026-09-20T13,66,5,0.339,0,146710,1
2026-09-20T13,66,5,0.34,0,1460804,1
2026-09-20T13,66,5,0.341,0,2500000,1
2026-09-20T13,66,5,0.342,188870,0,1
2026-09-20T13,66,8,0.5,62472,0,1
2026-09-20T14,66,0,0.268,0,40801,2
2026-09-20T14,66,0,0.269,500547,679222,9
2026-09-20T14,66,0,0.27,14627,253982,4
2026-09-20T14,66,0,0.271,20639,4361,2
2026-09-20T14,66,0,0.276,0,189630,3
2026-09-20T14,66,0,0.277,0,554853,3
2026-09-20T14,66,0,0.278,230165,719676,10
2026-09-20T14,66,1,0.271,0,274412,1
2026-09-20T14,66,1,0.274,0,218901,1
2026-09-20T14,66,1,0.275,0,52032,1
2026-09-20T14,66,1,0.276,0,10000,1
2026-09-20T14,66,1,0.277,0,5000,1
2026-09-20T14,66,1,0.278,0,34443,2
2026-09-20T14,66,1,0.279,82322,80203,4
2026-09-20T14,66,2,0.277,300000,200000,3
2026-09-20T14,66,2,0.278,0,52782,1
2026-09-20T14,66,2,0.279,0,54890,1
2026-09-20T14,66,2,0.28,387989,40000,2
2026-09-20T14,66,2,0.282,760572,0,2
2026-09-20T14,66,3,0.299,0,739833,1
2026-09-20T14,66,3,0.3,236925,0,1
2026-09-20T14,66,4,0.33,0,300000,1
2026-09-20T14,66,4,0.334,0,162283,1
2026-09-20T14,66,4,0.335,0,1179527,1
2026-09-20T14,66,4,0.339,0,214670,1
2026-09-20T14,66,5,0.341,123959,0,1
2026-09-20T14,66,6,0.373,0,232064,1
2026-09-20T14,66,6,0.379,122048,0,1
2026-09-20T14,66,8,0.5,0,1926699,1
2026-09-20T15,66,0,0.24,0,39214,1
2026-09-20T15,66,0,0.26,0,122381,1
2026-09-20T15,66,0,0.264,166704,146206,6
2026-09-20T15,66,0,0.265,167993,200464,2
2026-09-20T15,66,0,0.269,0,332628,1
2026-09-20T15,66,0,0.27,0,217850,2
2026-09-20T15,66,0,0.272,0,27417,1
2026-09-20T15,66,0,0.277,16470,122075,4
2026-09-20T15,66,0,0.278,47597,505117,6
2026-09-20T15,66,0,0.279,225890,37544,7
2026-09-20T15,66,1,0.269,0,8615,1
2026-09-20T15,66,1,0.27,0,2162,1
2026-09-20T15,66,1,0.279,0,72761,3
2026-09-20T15,66,1,0.28,5000,42000,2
2026-09-20T15,66,1,0.281,9637,0,1
2026-09-20T15,66,2,0.279,0,391670,3
2026-09-20T15,66,2,0.28,251929,1157037,6
2026-09-20T15,66,2,0.281,25031,378041,5
2026-09-20T15,66,2,0.282,273846,0,2
2026-09-20T15,66,3,0.299,347470,0,1
2026-09-20T16,66,0,0.271,0,83200,2
2026-09-20T16,66,0,0.272,0,8707,2
2026-09-20T16,66,0,0.273,140780,4822,4
2026-09-20T16,66,0,0.274,12984,0,1
2026-09-20T16,66,0,0.277,0,49874,1
2026-09-20T16,66,0,0.278,0,435395,4
2026-09-20T16,66,0,0.279,549022,606021,8
2026-09-20T16,66,0,0.28,1116603,570680,20
2026-09-20T16,66,1,0.279,0,23790,1
2026-09-20T16,66,1,0.281,0,147323,1
2026-09-20T16,66,2,0.28,15070,184930,2
2026-09-20T16,66,2,0.281,0,213924,1
2026-09-20T16,66,2,0.282,2457684,0,4
2026-09-20T16,66,3,0.298,1226315,0,1
2026-09-20T16,66,3,0.299,0,466934,1
2026-09-20T16,66,3,0.3,466934,0,1
2026-09-20T17,66,0,0.259,0,66388,1
2026-09-20T17,66,0,0.273,0,83769,1
2026-09-20T17,66,0,0.274,0,92005,2
2026-09-20T17,66,0,0.275,0,29197,3
2026-09-20T17,66,0,0.276,0,129834,5
2026-09-20T17,66,0,0.277,30512,121761,5
2026-09-20T17,66,0,0.278,163463,224784,8
2026-09-20T17,66,0,0.279,4413,21529,5
2026-09-20T17,66,1,0.279,391553,38873,6
2026-09-20T17,66,1,0.28,513642,0,4
2026-09-20T17,66,2,0.28,191560,224540,2
2026-09-20T17,66,2,0.281,942714,0,3
2026-09-20T17,66,3,0.298,0,1190562,1
2026-09-20T17,66,3,0.299,0,4137183,1
2026-09-20T17,66,3,0.3,452808,0,3
2026-09-20T17,66,4,0.335,0,300000,1
2026-09-20T17,66,4,0.339,0,277220,1
2026-09-20T17,66,4,0.34,0,100000,1
2026-09-20T17,66,4,0.341,921078,78922,2
2026-09-20T17,66,4,0.342,0,568686,2
2026-09-20T17,66,5,0.34,0,664281,1
2026-09-20T17,66,5,0.341,0,44951,1
2026-09-20T17,66,5,0.342,0,811130,1
2026-09-20T17,66,5,0.343,0,2344715,1
2026-09-20T17,66,6,0.379,252600,0,1
2026-09-20T18,66,0,0.264,0,5887,1
2026-09-20T18,66,0,0.265,0,106961,2
2026-09-20T18,66,0,0.266,0,46286,1
2026-09-20T18,66,0,0.267,0,7467,2
2026-09-20T18,66,0,0.268,250,750,2
2026-09-20T18,66,0,0.269,0,3,1
2026-09-20T18,66,0,0.27,18913,35814,4
2026-09-20T18,66,0,0.271,79381,47693,3
2026-09-20T18,66,0,0.272,5000,9925,3
2026-09-20T18,66,0,0.273,0,101000,2
2026-09-20T18,66,0,0.274,529462,54363,4
2026-09-20T18,66,0,0.275,1500,172655,3
2026-09-20T18,66,0,0.276,176975,0,3
2026-09-20T18,66,0,0.277,0,45465,1
2026-09-20T18,66,0,0.278,1213,0,1
2026-09-20T18,66,0,0.279,0,115,1
2026-09-20T18,66,1,0.278,0,100000,1
2026-09-20T18,66,1,0.279,1062239,1351417,10
2026-09-20T18,66,1,0.28,320736,0,1
2026-09-20T18,66,2,0.279,263935,165180,3
2026-09-20T18,66,2,0.28,0,511291,3
2026-09-20T18,66,2,0.281,453037,1722889,4
2026-09-20T18,66,3,0.297,0,200000,1
2026-09-20T18,66,3,0.298,0,89525,1
2026-09-20T18,66,3,0.299,446631,0,1
2026-09-20T18,66,4,0.342,460372,0,1
2026-09-20T18,66,5,0.343,0,287433,1
2026-09-20T18,66,5,0.344,368522,0,1
2026-09-20T18,66,7,0.44,183245,0,1
2026-09-20T19,66,0,0.24,0,71949,1
2026-09-20T19,66,0,0.269,0,12018,1
2026-09-20T19,66,0,0.27,146953,200016,4
2026-09-20T19,66,0,0.271,57447,23743,4
2026-09-20T19,66,0,0.272,0,207049,2
2026-09-20T19,66,0,0.273,52235,0,2
2026-09-20T19,66,1,0.27,0,12770,1
2026-09-20T19,66,1,0.272,535607,0,3
2026-09-20T19,66,1,0.277,0,64189,1
2026-09-20T19,66,1,0.278,282075,0,1
2026-09-20T19,66,2,0.27,0,232482,2
2026-09-20T19,66,2,0.271,1392642,18204,5
2026-09-20T19,66,2,0.272,272830,64276,3
2026-09-20T19,66,2,0.28,2100,0,1
2026-09-20T19,66,3,0.296,359162,58386,4
2026-09-20T19,66,3,0.298,560474,0,1
2026-09-20T19,66,4,0.339,90000,0,1
2026-09-20T19,66,5,0.343,0,114860,1
2026-09-20T19,66,5,0.344,0,363366,1
2026-09-20T19,66,5,0.345,58104,0,1
2026-09-20T19,66,6,0.375,0,190571,1
2026-09-20T19,66,6,0.379,0,2825352,1
