heure,kind,quality,prix,vendu,disparu,n_evt
2026-09-04T12,120,0,2.85,26,,1
2026-09-04T12,120,0,3.15,13082,,1
2026-09-04T12,120,0,3.35,10000,,1
2026-09-04T12,120,0,3.6,47946,,1
2026-09-04T13,120,0,2.85,1500,,1
2026-09-04T13,120,1,3.15,3500,,1
2026-09-04T14,120,0,2.55,200,,1
2026-09-04T14,120,0,2.6,202,,2
2026-09-04T14,120,2,3.3,300,,1
2026-09-04T14,120,3,3.35,13699,,2
2026-09-04T15,120,0,2.7,1332,,1
2026-09-04T15,120,0,2.75,3363,,1
2026-09-04T15,120,2,3.4,47772,,1
2026-09-04T15,120,3,3.35,1150,,1
2026-09-04T15,120,5,3.5,72096,,1
2026-09-04T16,120,0,2.5,3789,,2
2026-09-04T16,120,0,2.65,3395,,1
2026-09-04T16,120,3,3.45,152468,,1
2026-09-04T16,120,5,3.5,120678,,2
2026-09-04T17,120,0,2.5,8604,,3
2026-09-04T17,120,0,2.65,516,,1
2026-09-04T17,120,3,3.45,2662,,1
2026-09-04T17,120,5,3.5,210820,,1
2026-09-04T17,120,11,5.5,2600,,1
2026-09-04T18,120,0,2.6,8544,,2
2026-09-04T18,120,0,2.65,2000,,1
2026-09-04T18,120,0,2.7,1228,,1
2026-09-04T18,120,3,3.3,75278,,2
2026-09-04T18,120,4,3.35,9390,,1
2026-09-04T18,120,5,3.5,360,,1
2026-09-04T18,120,6,3.6,3856,,1
2026-09-04T21,120,0,2.75,3848,,4
2026-09-04T21,120,0,2.8,5885,,2
2026-09-04T21,120,0,2.85,1976,,1
2026-09-04T21,120,2,3.45,1194,,1
2026-09-04T21,120,6,3.6,19236,,1
2026-09-04T23,120,0,2.5,8516,5484,2
2026-09-04T23,120,1,2.65,0,4251,1
2026-09-04T23,120,1,3.0,0,20955,1
2026-09-04T23,120,1,3.15,0,10000,1
2026-09-04T23,120,1,3.2,0,7598,1
2026-09-04T23,120,1,3.25,0,2000,1
2026-09-04T23,120,1,3.3,0,7284,1
2026-09-04T23,120,2,3.45,0,4235,1
2026-09-04T23,120,3,3.45,0,7629,1
2026-09-04T23,120,5,3.5,4899,0,2
2026-09-05T00,120,0,2.45,0,700,1
2026-09-05T00,120,0,2.5,200,0,1
2026-09-05T00,120,4,3.45,21295,0,1
2026-09-05T00,120,7,3.75,9780,0,1
2026-09-05T01,120,0,2.3,0,4558,1
2026-09-05T01,120,0,2.35,0,3797,1
2026-09-05T01,120,0,2.4,0,1000,1
2026-09-05T01,120,0,2.45,0,10,1
2026-09-05T01,120,0,2.5,0,10269,2
2026-09-05T01,120,0,2.55,3595,0,1
2026-09-05T01,120,1,3.35,0,16162,1
2026-09-05T01,120,4,3.4,938,133532,2
2026-09-05T01,120,4,3.45,89,0,1
2026-09-05T01,120,11,5.5,0,997400,1
2026-09-05T02,120,0,2.45,4149,0,2
2026-09-05T02,120,1,3.25,0,1824,1
2026-09-05T02,120,1,3.3,176,0,1
2026-09-05T02,120,4,3.3,25259,0,2
2026-09-05T02,120,10,5.9,6720,0,1
2026-09-05T03,120,0,2.45,0,1640,1
2026-09-05T03,120,0,2.5,7527,0,3
2026-09-05T04,120,0,2.1,0,666,1
2026-09-05T04,120,0,2.15,0,509,1
2026-09-05T04,120,0,2.2,0,442,1
2026-09-05T04,120,0,2.45,0,56,1
2026-09-05T04,120,0,2.5,19597,1803,5
2026-09-05T04,120,0,2.55,0,30850,3
2026-09-05T04,120,0,2.6,0,487,2
2026-09-05T04,120,2,3.2,0,45231,1
2026-09-05T04,120,4,3.25,6890,0,1
2026-09-05T05,120,0,2.65,0,20,1
2026-09-05T05,120,0,2.7,0,1406,1
2026-09-05T05,120,0,2.75,0,8265,1
2026-09-05T05,120,0,2.8,0,3968,5
2026-09-05T05,120,0,2.85,39165,0,4
2026-09-05T05,120,2,3.15,0,4000,1
2026-09-05T05,120,2,3.2,3000,12000,3
2026-09-05T05,120,4,3.25,576,89424,3
2026-09-05T05,120,4,3.3,16320,1215291,2
2026-09-05T05,120,4,3.45,3000,0,1
2026-09-05T05,120,5,3.4,1100,494280,2
2026-09-05T05,120,6,3.5,17275,0,2
2026-09-05T05,120,7,3.75,0,485810,1
2026-09-05T06,120,0,2.65,0,398,1
2026-09-05T06,120,0,2.7,32296,0,2
2026-09-05T06,120,0,2.85,4000,0,1
2026-09-05T06,120,1,3.0,1000,9444,2
2026-09-05T06,120,1,3.05,0,1000,1
2026-09-05T06,120,1,3.1,3556,10000,2
2026-09-05T06,120,3,3.45,34047,0,1
2026-09-05T06,120,4,3.45,0,25736,1
2026-09-05T06,120,6,3.5,8100,0,1
2026-09-05T07,120,0,2.65,11190,2420,3
2026-09-05T07,120,0,2.7,8399,0,2
2026-09-05T07,120,1,3.1,0,1444,1
2026-09-05T07,120,1,3.15,3504,0,2
2026-09-05T08,120,0,2.7,95390,0,4
2026-09-05T08,120,4,3.4,30072,0,1
2026-09-05T09,120,0,2.7,6697,0,3
2026-09-05T09,120,1,2.95,5924,0,1
2026-09-05T09,120,2,3.15,34248,0,1
2026-09-05T09,120,3,3.35,4076,0,2
2026-09-05T09,120,6,3.5,788,0,1
2026-09-05T10,120,0,2.7,11961,0,4
2026-09-05T10,120,1,2.95,0,4076,1
2026-09-05T10,120,1,3.0,19601,0,2
2026-09-05T10,120,2,3.1,2000,0,1
2026-09-05T10,120,3,3.35,0,3904,1
2026-09-05T10,120,4,3.4,56477,0,1
2026-09-05T10,120,6,3.5,28802,0,2
2026-09-05T10,120,11,5.5,0,1000000,1
2026-09-05T11,120,0,2.7,0,10584,2
2026-09-05T11,120,0,2.75,12972,0,3
2026-09-05T11,120,1,3.0,1128,0,2
2026-09-05T11,120,2,3.1,1716,0,1
2026-09-05T11,120,3,3.35,1920,0,1
2026-09-05T11,120,4,3.4,41469,0,3
2026-09-05T11,120,10,5.9,10525,0,2
2026-09-05T12,120,0,2.65,0,12722,1
2026-09-05T12,120,0,2.7,10298,3426,4
2026-09-05T12,120,0,2.75,943,12556,3
2026-09-05T12,120,1,2.9,0,1000,1
2026-09-05T12,120,1,2.95,16800,0,2
2026-09-05T12,120,2,3.1,0,284,1
2026-09-05T12,120,2,3.15,6406,0,1
2026-09-05T12,120,3,3.15,28769,0,1
2026-09-05T12,120,3,3.2,20324,0,1
2026-09-05T12,120,4,3.35,0,102910,1
2026-09-05T13,120,0,2.7,71362,112586,4
2026-09-05T13,120,0,2.75,1000,0,1
2026-09-05T13,120,1,2.8,29943,0,4
2026-09-05T13,120,2,3.05,9500,0,1
2026-09-05T13,120,6,3.45,8137,0,1
2026-09-05T14,120,0,2.7,0,22013,2
2026-09-05T14,120,0,2.75,4728,0,4
2026-09-05T14,120,2,3.05,0,3489,1
2026-09-05T14,120,2,3.1,0,20,1
2026-09-05T14,120,3,3.15,0,35451,1
2026-09-05T14,120,3,3.2,12100,110680,4
2026-09-05T14,120,4,3.25,6000,0,1
2026-09-05T15,120,0,2.65,0,15000,1
2026-09-05T15,120,0,2.7,0,2116,2
2026-09-05T15,120,0,2.75,2000,21546,3
2026-09-05T15,120,0,2.8,8325,4000,6
2026-09-05T15,120,0,2.85,6121,0,2
2026-09-05T15,120,1,2.8,0,1290,1
2026-09-05T15,120,1,2.85,0,482,1
2026-09-05T15,120,1,2.9,0,5179,1
2026-09-05T15,120,1,2.95,2000,9096,2
2026-09-05T15,120,1,3.0,4320,0,1
2026-09-05T15,120,2,3.1,0,1036,1
2026-09-05T15,120,2,3.15,0,126737,2
2026-09-05T15,120,2,3.2,0,25000,1
2026-09-05T15,120,4,3.25,209041,0,3
2026-09-05T15,120,6,3.45,2014,0,1
2026-09-05T16,120,0,2.8,0,1614,2
2026-09-05T16,120,0,2.85,2760,0,2
2026-09-05T16,120,1,2.95,7575,0,1
2026-09-05T16,120,2,3.2,11250,0,1
2026-09-05T16,120,4,3.25,166269,0,1
2026-09-05T17,120,0,2.8,0,11537,2
2026-09-05T17,120,0,2.85,62983,0,1
2026-09-05T17,120,1,2.95,0,8116,1
2026-09-05T17,120,1,3.0,24384,0,1
2026-09-05T17,120,2,3.2,0,39960,1
2026-09-05T17,120,4,3.25,0,888620,1
2026-09-05T17,120,5,3.3,0,70,1
2026-09-05T17,120,5,3.35,69930,0,1
2026-09-05T17,120,10,5.9,25080,0,1
2026-09-05T18,120,0,2.55,0,112,1
2026-09-05T18,120,0,2.6,37970,3744,3
2026-09-05T18,120,1,2.95,570,0,1
2026-09-05T18,120,2,3.25,0,23711,1
2026-09-05T18,120,3,3.25,0,12117,2
2026-09-05T18,120,3,3.3,9683,0,1
2026-09-05T18,120,5,3.35,50813,174797,2
2026-09-05T18,120,7,3.8,13230,0,1
2026-09-05T19,120,0,2.55,0,3056,2
2026-09-05T19,120,0,2.6,25369,0,4
2026-09-05T19,120,1,2.6,0,5262,1
2026-09-05T19,120,1,2.85,15150,0,1
2026-09-05T19,120,1,2.9,3204,0,1
2026-09-05T19,120,3,3.3,3536,59829,2
2026-09-05T19,120,3,3.35,8180,0,1
2026-09-05T19,120,4,3.5,0,14096,1
2026-09-05T19,120,6,3.45,20340,0,1
2026-09-05T19,120,7,3.8,15450,0,1
2026-09-05T20,120,0,2.5,0,14229,1
2026-09-05T20,120,0,2.55,0,1000,1
2026-09-05T20,120,0,2.6,0,39849,1
2026-09-05T20,120,0,2.65,310,0,1
2026-09-05T20,120,1,2.75,0,3869,1
2026-09-05T20,120,1,2.8,300,12153,3
2026-09-05T20,120,1,2.85,12815,0,2
2026-09-05T20,120,2,3.25,0,1,1
2026-09-05T20,120,2,3.3,4574,0,2
2026-09-05T20,120,3,3.35,3952,2218,2
2026-09-05T20,120,3,3.4,0,21990,1
2026-09-05T20,120,3,3.45,2002,0,2
2026-09-05T20,120,4,3.4,0,14096,1
2026-09-05T20,120,6,3.45,0,254332,1
2026-09-05T20,120,6,3.5,3030,0,1
2026-09-05T21,120,0,2.55,0,284,1
2026-09-05T21,120,0,2.6,620,9409,3
2026-09-05T21,120,0,2.65,1011,0,1
2026-09-05T21,120,1,2.8,2602,0,1
2026-09-05T21,120,2,3.2,8750,0,1
2026-09-05T21,120,2,3.25,2000,0,1
2026-09-05T23,120,0,2.65,35672,12017,5
2026-09-05T23,120,1,2.75,0,13963,1
2026-09-05T23,120,1,2.8,9625,0,2
2026-09-05T23,120,2,3.2,0,7145,1
2026-09-05T23,120,3,3.3,0,45798,1
2026-09-05T23,120,3,3.35,11424,0,1
2026-09-05T23,120,4,3.4,16380,0,1
2026-09-05T23,120,6,3.5,1608857,0,1
2026-09-06T00,120,0,2.55,0,753,1
2026-09-06T00,120,0,2.6,0,1839,2
2026-09-06T00,120,0,2.65,10742,0,4
2026-09-06T00,120,1,2.8,18496,0,2
2026-09-06T00,120,2,2.9,949,0,3
2026-09-06T00,120,4,3.25,4650,0,1
2026-09-06T00,120,7,3.7,0,90544,1
2026-09-06T00,120,7,3.75,359456,0,1
2026-09-06T01,120,0,2.35,0,10,1
2026-09-06T01,120,0,2.4,1804,1270,4
2026-09-06T01,120,0,2.65,0,8345,3
2026-09-06T01,120,0,2.7,3006,31694,4
2026-09-06T01,120,0,2.75,9569,0,2
2026-09-06T01,120,1,2.75,0,864,1
2026-09-06T01,120,1,2.8,2304,5517,5
2026-09-06T01,120,1,2.85,8571,0,1
2026-09-06T01,120,3,3.2,1542,0,1
2026-09-06T01,120,5,3.4,0,317140,1
2026-09-06T02,120,0,2.65,3800,0,2
2026-09-06T02,120,0,2.7,1200,0,2
2026-09-06T02,120,1,2.85,19500,0,1
2026-09-06T02,120,2,2.9,0,23491,1
2026-09-06T02,120,2,3.15,0,41254,1
2026-09-06T02,120,3,3.2,54645,0,1
2026-09-06T02,120,4,3.25,95715,0,1
2026-09-06T03,120,0,2.65,1510,2281,3
2026-09-06T03,120,0,2.7,3236,0,3
2026-09-06T03,120,1,2.85,5050,0,2
2026-09-06T03,120,2,3.1,61710,0,1
2026-09-06T03,120,4,3.25,1820,0,1
2026-09-06T04,120,0,2.65,0,6862,1
2026-09-06T04,120,0,2.7,11910,35,4
2026-09-06T04,120,0,2.75,3065,0,1
2026-09-06T04,120,1,2.85,47000,0,2
2026-09-06T04,120,4,3.2,0,48445,1
2026-09-06T04,120,4,3.25,0,81115,1
2026-09-06T04,120,4,3.3,0,958710,1
2026-09-06T04,120,5,3.45,1100,0,1
2026-09-06T04,120,6,3.5,1100,0,1
2026-09-06T05,120,0,2.65,0,3133,2
2026-09-06T05,120,0,2.7,27838,11911,9
2026-09-06T05,120,0,2.75,0,21771,2
2026-09-06T05,120,0,2.8,1673,0,2
2026-09-06T05,120,1,2.8,0,4846,1
2026-09-06T05,120,2,3.0,11900,0,1
2026-09-06T05,120,2,3.1,32000,0,2
2026-09-06T05,120,3,3.2,0,41584,1
2026-09-06T05,120,3,3.4,13600,0,1
2026-09-06T06,120,0,2.7,0,5565,2
2026-09-06T06,120,0,2.75,6720,133,5
2026-09-06T06,120,0,2.8,4624,472,2
2026-09-06T06,120,1,2.85,796,0,1
2026-09-06T06,120,3,3.3,1080,0,1
2026-09-06T06,120,6,3.5,28686,803442,2
2026-09-06T07,120,0,2.55,0,1000,1
2026-09-06T07,120,0,2.6,2158,7181,3
2026-09-06T07,120,0,2.65,0,100000,1
2026-09-06T07,120,0,2.7,806,1040,4
2026-09-06T07,120,1,2.75,18941,0,4
2026-09-06T07,120,3,3.3,1080,0,1
2026-09-06T07,120,4,3.3,535,0,1
2026-09-06T07,120,4,3.4,1820,0,1
2026-09-06T07,120,4,3.55,0,50120,1
2026-09-06T07,120,6,3.55,2652,0,1
2026-09-06T08,120,0,2.6,0,1909,3
2026-09-06T08,120,0,2.65,69,8138,4
2026-09-06T08,120,0,2.7,0,5000,1
2026-09-06T08,120,1,2.7,100,254,2
2026-09-06T08,120,1,2.75,19496,0,2
2026-09-06T08,120,2,3.0,0,74902,2
2026-09-06T08,120,4,3.3,0,328935,1
2026-09-06T08,120,4,3.4,0,8567,1
2026-09-06T08,120,5,3.4,0,262400,1
2026-09-06T08,120,5,3.45,0,59174,1
2026-09-06T08,120,6,3.5,50932,0,2
2026-09-06T08,120,11,6.0,49200,0,1
2026-09-06T09,120,0,2.65,9657,43057,5
2026-09-06T09,120,1,2.7,10600,0,2
2026-09-06T09,120,2,2.95,11446,0,1
2026-09-06T09,120,3,3.25,0,1184,1
2026-09-06T09,120,3,3.3,7684,102468,4
2026-09-06T10,120,0,2.65,987,3013,2
2026-09-06T10,120,0,2.7,10649,0,1
2026-09-06T10,120,1,2.7,9298,3241,6
2026-09-06T10,120,1,2.75,1000,0,1
2026-09-06T10,120,2,2.95,6090,0,1
2026-09-06T11,120,0,2.65,0,1014,2
2026-09-06T11,120,0,2.7,8493,2358,4
2026-09-06T11,120,1,2.7,4000,6000,2
2026-09-06T11,120,1,2.75,0,12866,1
2026-09-06T11,120,1,2.8,0,1950,1
2026-09-06T11,120,1,2.85,17212,0,1
2026-09-06T11,120,6,3.5,10552,0,3
2026-09-06T11,120,10,5.9,5,0,1
2026-09-06T12,120,0,2.55,0,78,1
2026-09-06T12,120,0,2.6,3552,10798,4
2026-09-06T12,120,0,2.65,0,5184,1
2026-09-06T12,120,0,2.7,0,8153,3
2026-09-06T12,120,0,2.75,10314,415,5
2026-09-06T12,120,1,2.8,17344,793,2
2026-09-06T12,120,1,2.85,207,0,1
2026-09-06T12,120,2,2.95,11680,0,2
2026-09-06T12,120,3,3.35,1606,0,2
2026-09-06T13,120,0,2.5,606,1615,4
2026-09-06T13,120,0,2.55,775,0,1
2026-09-06T13,120,0,2.6,105,605,2
2026-09-06T13,120,0,2.65,0,222,1
2026-09-06T13,120,0,2.7,6278,0,2
2026-09-06T13,120,1,2.85,44227,0,4
2026-09-06T13,120,2,2.95,300,5484,2
2026-09-06T13,120,2,3.0,0,20000,1
2026-09-06T13,120,2,3.05,0,22694,2
2026-09-06T13,120,2,3.1,0,86290,1
2026-09-06T13,120,2,3.2,0,29209,1
2026-09-06T13,120,3,3.25,88729,0,6
2026-09-06T13,120,6,3.5,6645,0,1
2026-09-06T14,120,0,2.5,0,1427,3
2026-09-06T14,120,0,2.55,4078,5122,6
2026-09-06T14,120,0,2.6,15211,0,3
2026-09-06T14,120,1,2.8,0,2627,1
2026-09-06T14,120,1,2.85,4023,20000,4
2026-09-06T14,120,3,3.25,0,11271,1
2026-09-06T14,120,3,3.35,3283,0,1
2026-09-06T14,120,6,3.5,156,0,2
2026-09-06T15,120,0,2.55,2779,708,2
2026-09-06T15,120,0,2.6,0,5882,1
2026-09-06T15,120,0,2.65,10997,2971,5
2026-09-06T15,120,0,2.7,27859,0,3
2026-09-06T15,120,1,2.85,40000,0,2
2026-09-06T15,120,2,3.15,0,12000,2
2026-09-06T15,120,2,3.2,0,171752,2
2026-09-06T15,120,2,3.25,0,64637,1
2026-09-06T15,120,2,3.3,14766,10660,2
2026-09-06T15,120,2,3.35,0,28730,1
2026-09-06T15,120,2,3.4,42236,0,1
2026-09-06T15,120,3,3.35,3770,51341,2
2026-09-06T15,120,3,3.4,1535,99919,2
2026-09-06T15,120,3,3.45,0,13951,1
2026-09-06T15,120,4,3.4,0,136842,1
2026-09-06T15,120,4,3.45,2085,5317,3
2026-09-06T15,120,6,3.5,296693,0,2
2026-09-06T16,120,0,2.55,0,561,1
2026-09-06T16,120,0,2.6,0,100,1
2026-09-06T16,120,0,2.65,1006,3104,6
2026-09-06T16,120,0,2.7,22246,8345,5
2026-09-06T16,120,1,2.85,17631,3039,4
2026-09-06T16,120,2,3.35,16490,0,2
2026-09-06T16,120,6,3.5,14209,0,2
2026-09-06T17,120,0,2.5,0,3500,1
2026-09-06T17,120,0,2.55,0,200,1
2026-09-06T17,120,0,2.6,500,6645,5
2026-09-06T17,120,0,2.65,10957,0,7
2026-09-06T17,120,1,2.8,0,3547,1
2026-09-06T17,120,1,2.85,20061,0,2
2026-09-06T17,120,2,3.25,11250,0,1
2026-09-06T17,120,6,3.5,1220,0,1
2026-09-06T18,120,0,2.6,0,358,1
2026-09-06T18,120,0,2.65,2000,16083,3
2026-09-06T18,120,0,2.7,6099,7263,8
2026-09-06T18,120,0,2.75,1510,0,3
2026-09-06T18,120,1,2.8,0,2027,1
2026-09-06T18,120,1,2.85,26181,0,3
2026-09-06T18,120,2,3.25,3880,0,2
2026-09-06T18,120,3,3.4,10305,0,2
2026-09-06T18,120,4,3.4,12444,35556,2
2026-09-06T18,120,5,3.45,13430,0,2
2026-09-06T18,120,6,3.45,350000,527559,2
2026-09-06T18,120,6,3.5,46770,0,1
2026-09-06T18,120,7,3.65,13230,0,1
2026-09-06T18,120,8,5.7,2600,0,1
2026-09-06T18,120,10,5.9,0,82670,1
2026-09-06T18,120,11,6.0,8080,0,1
2026-09-06T19,120,0,2.6,0,198,1
2026-09-06T19,120,0,2.65,5274,3783,5
2026-09-06T19,120,0,2.7,219,498,3
2026-09-06T19,120,0,2.75,4797,0,4
2026-09-06T19,120,1,2.85,3164,0,1
2026-09-06T19,120,2,3.15,0,20060,1
2026-09-06T19,120,2,3.2,0,221872,1
2026-09-06T19,120,2,3.25,14506,0,1
2026-09-06T19,120,3,3.25,169169,135664,2
2026-09-06T19,120,3,3.3,8180,0,2
2026-09-06T19,120,3,3.35,10000,0,1
2026-09-06T19,120,5,3.45,0,59358,1
2026-09-06T20,120,0,2.65,0,5173,2
2026-09-06T20,120,0,2.7,288,212,4
2026-09-06T20,120,0,2.75,8795,2277,6
2026-09-06T20,120,1,2.8,0,10000,1
2026-09-06T20,120,1,2.85,1000,0,1
2026-09-06T20,120,2,3.15,462,0,1
2026-09-06T20,120,3,3.3,12720,3455,2
2026-09-06T20,120,11,6.0,0,194086,1
2026-09-06T21,120,0,2.6,0,1182,3
2026-09-06T21,120,0,2.65,2068,4123,6
2026-09-06T21,120,0,2.7,25133,0,4
2026-09-06T21,120,0,2.75,6150,0,2
2026-09-06T21,120,2,3.15,7416,0,2
2026-09-06T21,120,4,3.4,40480,0,1
2026-09-06T22,120,0,2.65,1728,5499,3
2026-09-06T22,120,0,2.7,3626,8879,5
2026-09-06T22,120,0,2.75,28866,0,2
2026-09-06T22,120,1,2.75,1060,109,2
2026-09-06T22,120,1,2.8,1000,0,1
2026-09-06T22,120,1,2.85,18632,0,1
2026-09-06T22,120,3,3.25,9471,0,2
2026-09-06T22,120,5,3.45,2515,0,2
2026-09-06T22,120,6,3.5,4525,0,1
2026-09-06T23,120,0,2.6,0,9022,1
2026-09-06T23,120,0,2.65,0,1188,2
2026-09-06T23,120,0,2.7,17661,0,5
2026-09-06T23,120,1,2.8,0,27000,1
2026-09-06T23,120,1,2.85,63183,0,2
2026-09-06T23,120,3,3.25,3560,0,1
2026-09-07T00,120,0,2.55,0,100,1
2026-09-07T00,120,0,2.65,0,3665,1
2026-09-07T00,120,0,2.7,4078,13607,5
2026-09-07T00,120,0,2.75,5863,3248,5
2026-09-07T00,120,1,2.8,0,9000,1
2026-09-07T00,120,1,2.85,18470,130,2
2026-09-07T00,120,4,3.4,16380,0,1
2026-09-07T01,120,0,2.65,0,977,1
2026-09-07T01,120,0,2.7,0,5408,2
2026-09-07T01,120,0,2.75,25615,13633,4
2026-09-07T01,120,1,2.75,6311,0,3
2026-09-07T01,120,2,3.15,48,0,1
2026-09-07T01,120,3,3.25,9066,0,3
2026-09-07T01,120,4,3.4,0,43140,1
2026-09-07T01,120,5,3.45,0,44798,1
2026-09-07T01,120,6,3.5,186970,0,2
2026-09-07T02,120,0,2.65,885,43,2
2026-09-07T02,120,0,2.7,14412,200,7
2026-09-07T02,120,1,2.7,0,1000,1
2026-09-07T02,120,1,2.75,0,17066,1
2026-09-07T02,120,1,2.8,6934,0,1
2026-09-07T02,120,2,2.9,0,5,1
2026-09-07T02,120,3,3.25,0,77903,1
2026-09-07T02,120,3,3.3,13927,0,1
2026-09-07T03,120,0,2.55,0,7789,1
2026-09-07T03,120,0,2.6,26548,20,3
2026-09-07T03,120,0,2.65,1350,0,1
2026-09-07T03,120,0,2.7,395,12141,2
2026-09-07T03,120,1,2.8,5746,0,3
2026-09-07T03,120,9,5.7,0,20000,1
2026-09-07T03,120,9,6.0,860,0,1
2026-09-07T03,120,11,6.9,1278,0,1
2026-09-07T04,120,0,2.5,7060,21435,4
2026-09-07T04,120,0,2.55,2645,1355,3
2026-09-07T04,120,0,2.6,0,3452,1
2026-09-07T04,120,0,2.65,0,18626,2
2026-09-07T04,120,0,2.7,2000,5892,4
2026-09-07T04,120,0,2.75,3245,0,1
2026-09-07T04,120,1,2.75,0,9402,1
2026-09-07T04,120,1,2.8,2246,0,1
2026-09-07T04,120,2,2.9,40004,0,1
2026-09-07T04,120,5,3.45,0,14951,1
2026-09-07T04,120,6,3.45,68307,0,1
2026-09-07T04,120,6,3.5,135049,0,1
2026-09-07T04,120,9,6.0,100000,0,1
2026-09-07T05,120,0,2.6,0,70,1
2026-09-07T05,120,0,2.7,280,12961,2
2026-09-07T05,120,0,2.75,8805,0,4
2026-09-07T05,120,1,2.75,1566,0,2
2026-09-07T05,120,2,2.9,2000,561,2
2026-09-07T05,120,2,2.95,0,5,1
2026-09-07T05,120,2,3.0,0,4,1
2026-09-07T05,120,2,3.05,0,4,1
2026-09-07T05,120,2,3.1,0,4,1
2026-09-07T05,120,2,3.15,1802,0,1
2026-09-07T05,120,3,3.25,2720,0,1
2026-09-07T05,120,4,3.25,1820,6180,2
2026-09-07T05,120,6,3.45,2200,0,1
2026-09-07T06,120,0,2.65,0,1000,1
2026-09-07T06,120,0,2.7,1000,5556,4
2026-09-07T06,120,0,2.75,11815,0,2
2026-09-07T06,120,1,2.75,720,10127,3
2026-09-07T06,120,1,2.8,8294,0,3
2026-09-07T06,120,2,3.1,100,0,1
2026-09-07T06,120,2,3.15,2874,0,2
2026-09-07T07,120,0,2.65,105,7443,4
2026-09-07T07,120,0,2.7,18158,0,6
2026-09-07T07,120,1,2.75,16500,0,3
2026-09-07T07,120,2,3.1,6690,0,1
2026-09-07T07,120,3,3.2,4300,25949,2
2026-09-07T07,120,3,3.25,0,8880,1
2026-09-07T07,120,4,3.25,0,36559,1
2026-09-07T07,120,4,3.3,124128,0,2
2026-09-07T08,120,0,2.5,0,40,1
2026-09-07T08,120,0,2.55,250,220,2
2026-09-07T08,120,0,2.6,0,10,1
2026-09-07T08,120,0,2.65,0,43,1
2026-09-07T08,120,0,2.7,7000,0,1
2026-09-07T08,120,1,2.75,796,105263,3
2026-09-07T08,120,1,2.8,3587,0,2
2026-09-07T08,120,2,3.1,5267,0,1
2026-09-07T08,120,4,3.3,10000,0,1
2026-09-07T08,120,6,3.45,0,8405,1
2026-09-07T08,120,6,3.5,7295,0,1
2026-09-07T09,120,0,2.45,0,500,1
2026-09-07T09,120,0,2.5,0,1127,1
2026-09-07T09,120,0,2.55,0,343,1
2026-09-07T09,120,0,2.6,42924,5438,2
2026-09-07T09,120,0,2.65,1000,1866,3
2026-09-07T09,120,0,2.7,8917,1371,3
2026-09-07T09,120,1,2.7,1035,0,2
2026-09-07T09,120,1,2.75,0,529,1
2026-09-07T09,120,1,2.8,29471,0,1
2026-09-07T09,120,2,3.1,681,0,1
2026-09-07T09,120,3,3.25,0,11289,1
2026-09-07T09,120,4,3.3,5946,0,3
2026-09-07T09,120,5,3.4,30811,0,1
2026-09-07T09,120,6,3.5,31916,0,1
2026-09-07T10,120,0,2.6,10,2978,2
2026-09-07T10,120,0,2.65,0,1927,3
2026-09-07T10,120,0,2.7,1536,0,1
2026-09-07T10,120,1,2.7,48919,2011,7
2026-09-07T10,120,2,3.05,2000,0,1
2026-09-07T10,120,4,3.3,579,0,2
2026-09-07T11,120,0,2.6,0,1011,1
2026-09-07T11,120,0,2.65,1790,2664,4
2026-09-07T11,120,0,2.7,36121,2979,8
2026-09-07T11,120,1,2.75,370,13929,2
2026-09-07T11,120,1,2.8,39849,2719,3
2026-09-07T11,120,1,2.85,24471,0,1
2026-09-07T11,120,2,3.05,1716,0,1
2026-09-07T11,120,4,3.3,14400,801807,3
2026-09-07T11,120,5,3.35,0,30811,1
2026-09-07T11,120,5,3.4,74599,0,1
2026-09-07T12,120,0,2.5,26469,0,1
2026-09-07T12,120,0,2.55,0,1000,1
2026-09-07T12,120,0,2.6,0,268,2
2026-09-07T12,120,0,2.65,6546,5217,4
2026-09-07T12,120,0,2.7,58229,0,3
2026-09-07T12,120,1,2.8,0,1000,1
2026-09-07T12,120,1,2.85,21436,0,2
2026-09-07T12,120,2,3.05,0,284,1
2026-09-07T12,120,2,3.1,21,0,1
2026-09-07T12,120,3,3.25,14544,0,2
2026-09-07T12,120,5,3.4,510,0,1
2026-09-07T13,120,0,2.5,3900,420,2
2026-09-07T13,120,0,2.6,21,0,1
2026-09-07T13,120,0,2.65,2805,0,3
2026-09-07T13,120,1,2.8,6360,0,1
2026-09-07T13,120,2,3.1,13051,0,2
2026-09-07T13,120,3,3.2,5548,0,3
2026-09-07T14,120,0,2.35,13685,9500,4
2026-09-07T14,120,0,2.4,0,2280,1
2026-09-07T14,120,0,2.45,0,14835,3
2026-09-07T14,120,0,2.5,26,27388,4
2026-09-07T14,120,0,2.55,0,26,1
2026-09-07T14,120,0,2.6,20416,9563,3
2026-09-07T14,120,0,2.65,0,5928,2
2026-09-07T14,120,0,2.7,28933,0,1
2026-09-07T14,120,1,2.55,0,3489,1
2026-09-07T14,120,1,2.6,0,2000,1
2026-09-07T14,120,1,2.8,35922,0,1
2026-09-07T14,120,2,3.0,11820,0,2
2026-09-07T14,120,2,3.05,0,99956,1
2026-09-07T14,120,3,3.2,1408,0,1
2026-09-07T14,120,4,3.4,6820,0,2
2026-09-07T14,120,5,3.4,0,696920,1
2026-09-07T14,120,9,6.0,0,399140,1
2026-09-07T15,120,0,2.6,0,2729,1
2026-09-07T15,120,0,2.65,100,975,4
2026-09-07T15,120,0,2.7,9994,842,8
2026-09-07T15,120,1,2.75,0,5000,1
2026-09-07T15,120,1,2.8,0,101745,1
2026-09-07T15,120,1,2.85,0,1308,1
2026-09-07T15,120,1,2.9,0,16796,1
2026-09-07T15,120,1,2.95,0,61430,1
2026-09-07T15,120,1,3.0,0,5051,1
2026-09-07T15,120,1,3.05,0,46,1
2026-09-07T15,120,2,3.0,21784,2196,4
2026-09-07T15,120,2,3.05,45910,11010,2
2026-09-07T15,120,2,3.1,4066,1127,2
2026-09-07T15,120,3,3.2,3552,2822,4
2026-09-07T15,120,3,3.25,2678,0,1
2026-09-07T15,120,4,3.4,1525,0,1
2026-09-07T15,120,6,3.5,43416,0,2
2026-09-07T15,120,7,3.65,0,186770,1
2026-09-07T15,120,7,3.7,0,425570,1
2026-09-07T15,120,7,3.75,0,640544,1
2026-09-07T15,120,7,3.8,0,171320,1
2026-09-07T16,120,0,2.55,0,1689,1
2026-09-07T16,120,0,2.6,7747,27849,5
2026-09-07T16,120,0,2.7,8387,14900,6
2026-09-07T16,120,1,2.65,0,1806,1
2026-09-07T16,120,1,2.7,103,0,1
2026-09-07T16,120,2,3.1,0,8701,1
2026-09-07T16,120,2,3.15,0,141458,4
2026-09-07T16,120,2,3.2,0,18919,2
2026-09-07T16,120,3,3.25,85107,0,3
2026-09-07T16,120,4,3.25,32289,0,1
2026-09-07T17,120,0,2.6,0,2302,2
2026-09-07T17,120,0,2.65,13342,0,3
2026-09-07T17,120,1,2.7,350,0,2
2026-09-07T17,120,3,3.25,137544,0,1
2026-09-07T17,120,4,3.25,3700,12456,3
2026-09-07T17,120,5,3.3,60500,0,1
2026-09-07T17,120,6,3.5,32010,0,1
2026-09-07T18,120,0,2.55,2050,22197,6
2026-09-07T18,120,0,2.6,0,234,2
2026-09-07T18,120,0,2.65,3677,0,2
2026-09-07T18,120,1,2.65,14422,0,3
2026-09-07T18,120,2,3.15,50000,0,1
2026-09-07T18,120,3,3.25,6600,0,1
2026-09-07T18,120,5,3.3,0,1005878,1
2026-09-07T18,120,7,3.5,25710,0,2
2026-09-07T18,120,8,5.7,3650,0,1
2026-09-07T18,120,11,6.5,70690,0,1
2026-09-07T19,120,0,2.45,0,817,1
2026-09-07T19,120,0,2.5,0,1708,2
2026-09-07T19,120,0,2.55,1072,1577,4
2026-09-07T19,120,0,2.6,24999,1405,6
2026-09-07T19,120,1,2.65,7902,0,4
2026-09-07T19,120,2,3.1,18176,0,3
2026-09-07T19,120,3,3.2,15000,11246,2
2026-09-07T19,120,3,3.25,34045,0,1
2026-09-07T19,120,5,3.45,0,63797,1
2026-09-07T19,120,6,3.45,0,64513,1
2026-09-07T19,120,6,3.5,347400,0,1
2026-09-07T19,120,7,3.5,0,74290,1
2026-09-07T19,120,11,6.5,27160,0,1
2026-09-07T20,120,0,2.45,0,152,1
2026-09-07T20,120,0,2.5,0,2131,3
2026-09-07T20,120,0,2.55,0,5593,4
2026-09-07T20,120,0,2.6,19115,5108,7
2026-09-07T20,120,1,2.6,0,3000,1
2026-09-07T20,120,1,2.65,12079,0,3
2026-09-07T20,120,2,3.1,3000,0,1
2026-09-07T20,120,3,3.2,0,32993,2
2026-09-07T20,120,3,3.25,77507,0,2
2026-09-07T20,120,6,3.5,49734,0,3
2026-09-07T21,120,0,2.55,0,5258,1
2026-09-07T21,120,0,2.6,6338,16169,7
2026-09-07T21,120,1,2.65,8845,0,5
2026-09-07T21,120,2,3.0,11851,1263,4
2026-09-07T21,120,2,3.05,396,0,1
2026-09-07T21,120,3,3.2,0,5719,1
2026-09-07T21,120,3,3.25,18271,0,1
2026-09-07T21,120,4,3.4,0,72696,1
2026-09-07T22,120,0,2.5,6250,935,3
2026-09-07T22,120,0,2.6,2069,0,3
2026-09-07T22,120,1,2.65,0,51680,2
2026-09-07T22,120,1,2.7,0,5547,1
2026-09-07T22,120,1,2.9,0,79862,1
2026-09-07T22,120,2,3.05,26900,0,3
2026-09-07T22,120,3,3.25,16288,0,2
2026-09-07T22,120,5,3.4,4644,0,2
2026-09-07T23,120,0,2.4,0,50,1
2026-09-07T23,120,0,2.45,250,872,2
2026-09-07T23,120,0,2.5,0,606,1
2026-09-07T23,120,0,2.55,0,70,1
2026-09-07T23,120,0,2.6,10627,0,5
2026-09-07T23,120,2,3.05,660,0,1
2026-09-07T23,120,3,3.25,17310,0,3
2026-09-07T23,120,4,3.3,0,1522790,1
2026-09-08T00,120,0,2.35,0,48,1
2026-09-08T00,120,0,2.4,2018,0,4
2026-09-08T00,120,0,2.45,0,1000,1
2026-09-08T00,120,0,2.5,20059,0,4
2026-09-08T00,120,1,3.0,504,0,1
2026-09-08T00,120,5,3.4,200000,207686,2
2026-09-08T01,120,0,1.9,0,120,1
2026-09-08T01,120,0,2.3,0,286,2
2026-09-08T01,120,0,2.35,5580,4178,3
2026-09-08T01,120,0,2.4,0,3280,1
2026-09-08T01,120,0,2.45,0,312,1
2026-09-08T01,120,0,2.5,606,30424,4
2026-09-08T01,120,0,2.55,1504,161,2
2026-09-08T01,120,0,2.6,45386,0,3
2026-09-08T01,120,1,2.85,12000,823,2
2026-09-08T01,120,1,2.9,177,0,1
2026-09-08T01,120,3,3.25,16622,0,2
2026-09-08T02,120,0,2.5,0,91,1
2026-09-08T02,120,0,2.55,882,118,2
2026-09-08T02,120,0,2.6,1682,0,2
2026-09-08T02,120,1,2.85,0,23843,1
2026-09-08T02,120,1,2.9,0,1497,1
2026-09-08T02,120,1,2.95,0,49484,1
2026-09-08T02,120,3,3.25,200000,0,1
2026-09-08T02,120,4,3.3,0,546610,1
2026-09-08T02,120,6,3.5,13710,0,1
2026-09-08T03,120,0,2.45,314,2112,4
2026-09-08T03,120,0,2.5,17194,0,3
2026-09-08T03,120,1,2.95,0,16000,1
2026-09-08T03,120,1,3.0,20884,0,2
2026-09-08T03,120,2,3.0,640,0,1
2026-09-08T03,120,3,3.25,1000,0,1
2026-09-08T03,120,5,3.35,0,10923,1
2026-09-08T04,120,0,2.45,800,12936,4
2026-09-08T04,120,0,2.5,712,13516,3
2026-09-08T04,120,0,2.55,0,1012,1
2026-09-08T04,120,0,2.6,156,0,1
2026-09-08T04,120,1,3.0,0,38112,1
2026-09-08T04,120,2,3.0,0,19360,1
2026-09-08T04,120,2,3.05,14538,22044,2
2026-09-08T04,120,3,3.25,20000,0,1
2026-09-08T04,120,6,3.5,31797,0,1
2026-09-08T05,120,0,2.45,0,1431,1
2026-09-08T05,120,0,2.5,0,566,1
2026-09-08T05,120,0,2.55,500,3773,3
2026-09-08T05,120,0,2.6,23407,0,5
2026-09-08T05,120,1,2.95,9000,0,1
2026-09-08T05,120,2,3.0,2200,13188,3
2026-09-08T05,120,2,3.05,101965,0,4
2026-09-08T05,120,3,3.25,8160,0,1
2026-09-08T05,120,4,3.3,16380,0,1
2026-09-08T05,120,5,3.35,1100,0,1
2026-09-08T05,120,6,3.5,1100,0,1
2026-09-08T05,120,8,5.7,316230,0,1
2026-09-08T06,120,0,2.45,100,11,2
2026-09-08T06,120,0,2.5,210,3528,4
2026-09-08T06,120,0,2.55,0,3553,3
2026-09-08T06,120,0,2.6,713,0,3
2026-09-08T06,120,1,2.95,4297,2506,2
2026-09-08T06,120,2,3.0,7124,0,2
2026-09-08T06,120,3,3.2,2340,0,1
2026-09-08T06,120,3,3.25,9540,0,1
2026-09-08T06,120,4,3.3,1820,65413,2
2026-09-08T06,120,5,3.35,14588,0,1
2026-09-08T07,120,0,2.45,0,26,1
2026-09-08T07,120,0,2.5,1000,3869,3
2026-09-08T07,120,0,2.55,11349,12152,6
2026-09-08T07,120,0,2.6,2573,0,3
2026-09-08T07,120,1,2.95,1000,3057,2
2026-09-08T07,120,2,3.0,6096,876,2
2026-09-08T07,120,8,5.7,250000,0,1
2026-09-08T08,120,0,2.6,12169,0,6
2026-09-08T08,120,2,2.95,1000,0,1
2026-09-08T08,120,2,3.0,14806,6568,2
2026-09-08T09,120,0,2.55,350,1138,3
2026-09-08T09,120,0,2.6,64428,25383,9
2026-09-08T09,120,2,2.9,5000,65923,2
2026-09-08T09,120,4,3.35,0,37657,1
2026-09-08T09,120,5,3.35,0,59423,1
2026-09-08T10,120,0,2.5,330,0,1
2026-09-08T10,120,0,2.6,0,119,2
2026-09-08T10,120,0,2.65,63941,0,7
2026-09-08T10,120,1,2.75,2050,0,2
2026-09-08T10,120,2,2.8,2000,0,1
2026-09-08T10,120,3,3.2,580,0,1
2026-09-08T10,120,6,3.5,10398,0,1
2026-09-08T11,120,0,2.45,996,891,2
2026-09-08T11,120,0,2.5,0,4145,2
2026-09-08T11,120,0,2.55,0,9429,2
2026-09-08T11,120,0,2.6,1626,2097,4
2026-09-08T11,120,0,2.65,0,14957,4
2026-09-08T11,120,0,2.7,12205,27281,9
2026-09-08T11,120,1,2.75,24000,2349,2
2026-09-08T11,120,2,2.75,0,30000,1
2026-09-08T11,120,2,2.8,19746,8254,2
2026-09-08T11,120,2,2.85,920,0,1
2026-09-08T11,120,3,3.2,8840,0,2
2026-09-08T11,120,6,3.5,200000,0,1
2026-09-08T12,120,0,2.6,0,250,1
2026-09-08T12,120,0,2.7,7836,0,4
2026-09-08T12,120,1,2.75,0,6000,1
2026-09-08T12,120,1,2.8,14300,6216,2
2026-09-08T12,120,3,3.2,6508,0,1
2026-09-08T12,120,4,3.3,1030,0,1
2026-09-08T12,120,7,3.7,0,593800,1
2026-09-08T13,120,0,2.4,0,1000,1
2026-09-08T13,120,0,2.45,2381,0,3
2026-09-08T13,120,0,2.5,1569,0,1
2026-09-08T13,120,0,2.7,3011,16634,3
2026-09-08T13,120,1,2.6,0,4000,1
2026-09-08T13,120,1,2.7,0,5000,1
2026-09-08T13,120,1,2.75,2796,1204,4
2026-09-08T13,120,1,2.8,11077,0,3
2026-09-08T13,120,2,2.85,0,80,1
2026-09-08T13,120,2,2.9,36265,0,1
2026-09-08T13,120,3,3.2,16110,0,1
2026-09-08T13,120,5,3.4,500000,147500,2
2026-09-08T14,120,0,2.35,0,1000,1
2026-09-08T14,120,0,2.4,193,771,4
2026-09-08T14,120,0,2.45,1343,991,4
2026-09-08T14,120,1,2.75,0,14154,2
2026-09-08T14,120,2,2.8,46273,0,2
2026-09-08T14,120,3,3.2,27399,0,2
2026-09-08T14,120,6,3.45,3702,0,1
2026-09-08T14,120,11,6.5,15490,2150,2
2026-09-08T15,120,0,2.4,0,4821,2
2026-09-08T15,120,0,2.45,0,19676,6
2026-09-08T15,120,0,2.5,50702,47223,4
2026-09-08T15,120,0,2.55,310,815,3
2026-09-08T15,120,0,2.6,5996,0,4
2026-09-08T15,120,2,2.75,10000,0,1
2026-09-08T15,120,2,2.8,30620,0,2
2026-09-08T15,120,3,3.2,2768,0,1
2026-09-08T15,120,4,3.25,8018,0,2
2026-09-08T15,120,5,3.4,0,500000,1
2026-09-08T15,120,6,3.45,0,129907,1
2026-09-08T16,120,0,2.35,0,1081,2
2026-09-08T16,120,0,2.4,0,21038,2
2026-09-08T16,120,0,2.45,17345,0,3
2026-09-08T16,120,0,2.55,17793,0,1
2026-09-08T16,120,1,2.8,13377,16623,2
2026-09-08T16,120,2,2.75,0,20000,1
2026-09-08T16,120,2,2.8,0,12445,1
2026-09-08T16,120,2,2.85,0,142153,1
2026-09-08T16,120,2,2.9,71462,0,2
2026-09-08T16,120,3,3.2,1390,0,1
2026-09-08T16,120,9,6.5,0,5000,1
2026-09-08T16,120,10,6.4,0,50000,1
2026-09-08T16,120,10,6.9,0,50200,1
2026-09-08T16,120,11,6.5,0,433438,1
2026-09-08T16,120,11,6.9,0,3721,1
2026-09-08T16,120,11,7.0,0,484528,1
2026-09-08T17,120,0,2.3,0,750,2
2026-09-08T17,120,0,2.35,0,50,1
2026-09-08T17,120,0,2.45,14,17303,3
2026-09-08T17,120,0,2.5,2225,4414,4
2026-09-08T17,120,0,2.55,2980,38636,3
2026-09-08T17,120,0,2.6,4000,0,1
2026-09-08T17,120,1,2.75,0,2000,1
2026-09-08T17,120,1,2.8,33118,0,1
2026-09-08T17,120,2,2.8,968,57032,2
2026-09-08T17,120,3,3.2,13420,0,1
2026-09-08T17,120,4,3.25,0,647182,1
2026-09-08T17,120,4,3.3,0,35632,1
2026-09-08T17,120,4,3.35,0,192660,2
2026-09-08T17,120,5,3.45,0,85131,1
2026-09-08T17,120,5,3.5,0,326329,1
2026-09-08T17,120,6,3.5,8440,1227693,2
2026-09-08T17,120,8,5.7,2690,0,1
2026-09-08T18,120,0,2.5,1328,3440,3
2026-09-08T18,120,0,2.55,2997,1795,5
2026-09-08T18,120,0,2.6,6000,6004,3
2026-09-08T18,120,1,2.75,7500,2807,2
2026-09-08T18,120,1,2.8,0,7088,1
2026-09-08T18,120,2,2.85,10876,52855,4
2026-09-08T18,120,2,2.9,0,2366,1
2026-09-08T18,120,2,2.95,0,3000,1
2026-09-08T18,120,2,3.0,0,70241,1
2026-09-08T18,120,3,3.2,16640,0,2
2026-09-08T18,120,5,3.5,0,50000,1
2026-09-08T18,120,7,4.0,13230,0,1
2026-09-08T19,120,0,2.4,0,6226,2
2026-09-08T19,120,0,2.45,3264,3133,2
2026-09-08T19,120,0,2.5,900,0,2
2026-09-08T19,120,0,2.55,9259,741,2
2026-09-08T19,120,0,2.6,1188,0,2
2026-09-08T19,120,1,2.85,0,6000,2
2026-09-08T19,120,2,2.95,1000,61447,3
2026-09-08T19,120,2,3.0,0,114873,1
2026-09-08T19,120,2,3.05,100000,0,1
2026-09-08T19,120,4,3.45,1820,0,1
2026-09-08T19,120,6,3.5,123456,0,1
2026-09-08T19,120,11,7.0,6711,0,1
2026-09-08T20,120,0,2.45,0,4590,1
2026-09-08T20,120,0,2.5,470,830,4
2026-09-08T20,120,0,2.55,0,13054,3
2026-09-08T20,120,0,2.6,49802,3812,7
2026-09-08T20,120,1,2.95,2400,0,1
2026-09-08T20,120,2,3.0,3000,0,1
2026-09-08T20,120,3,3.2,15240,68157,3
2026-09-08T20,120,3,3.25,88442,0,2
2026-09-08T20,120,5,3.45,4876,0,1
2026-09-08T21,120,0,2.5,0,242,1
2026-09-08T21,120,0,2.55,0,154,1
2026-09-08T21,120,0,2.6,40022,0,8
2026-09-08T21,120,2,2.75,7041,0,1
2026-09-08T21,120,2,3.0,2000,45000,2
2026-09-08T21,120,2,3.05,102041,0,1
2026-09-08T21,120,3,3.2,3634,0,1
2026-09-08T21,120,4,3.4,40430,0,1
2026-09-08T21,120,5,3.45,2235,0,1
2026-09-08T21,120,6,3.5,20364,0,2
2026-09-08T22,120,0,2.45,9450,0,1
2026-09-08T22,120,0,2.55,6775,3225,2
2026-09-08T22,120,0,2.6,59785,751080,8
2026-09-08T22,120,3,3.2,0,1165,1
2026-09-08T22,120,3,3.25,11235,735107,2
2026-09-08T22,120,5,3.4,7920,0,2
2026-09-08T22,120,6,3.5,31354,0,1
2026-09-08T23,120,0,2.45,0,1560,1
2026-09-08T23,120,0,2.5,0,1990,1
2026-09-08T23,120,0,2.55,0,1353,2
2026-09-08T23,120,0,2.6,7097,905,3
2026-09-08T23,120,0,2.65,2485,887,4
2026-09-08T23,120,0,2.7,0,17799,4
2026-09-08T23,120,0,2.75,2643,0,1
2026-09-08T23,120,1,2.65,2700,4574,2
2026-09-08T23,120,1,2.7,0,5000,1
2026-09-08T23,120,1,2.95,0,160,1
2026-09-08T23,120,1,3.0,0,26799,2
2026-09-08T23,120,2,2.75,21243,31209,2
2026-09-08T23,120,2,2.9,0,10000,1
2026-09-08T23,120,2,3.05,8549,0,2
2026-09-08T23,120,3,3.3,3840,0,1
2026-09-08T23,120,5,3.4,360,0,1
2026-09-09T00,120,0,2.65,330,1203,3
2026-09-09T00,120,0,2.7,867,1406,3
2026-09-09T00,120,0,2.75,21764,0,4
2026-09-09T00,120,1,3.0,1002,0,1
2026-09-09T00,120,2,3.05,46222,0,2
2026-09-09T00,120,5,3.4,0,4833,1
2026-09-09T00,120,5,3.45,22182,0,1
2026-09-09T01,120,0,2.7,200,2221,3
2026-09-09T01,120,0,2.75,28592,0,3
2026-09-09T01,120,3,3.25,340,0,1
2026-09-09T01,120,3,3.3,8300,0,1
2026-09-09T01,120,4,3.4,0,45562,1
2026-09-09T01,120,5,3.45,55850,0,1
2026-09-09T01,120,10,6.8,0,50000,1
2026-09-09T01,120,11,7.0,0,23289,1
2026-09-09T02,120,0,2.3,0,3275,2
2026-09-09T02,120,0,2.35,0,30,1
2026-09-09T02,120,0,2.55,715,0,2
2026-09-09T02,120,0,2.65,183,0,2
2026-09-09T02,120,1,2.9,1600,11591,2
2026-09-09T02,120,1,2.95,0,8000,1
2026-09-09T02,120,1,3.0,311,0,1
2026-09-09T02,120,3,3.25,802,0,1
2026-09-09T03,120,0,2.55,0,5941,2
2026-09-09T03,120,0,2.6,0,11298,1
2026-09-09T03,120,0,2.65,9116,3625,3
2026-09-09T03,120,0,2.7,2700,2569,2
2026-09-09T03,120,0,2.75,14003,5836,9
2026-09-09T03,120,1,3.0,58111,9215,5
2026-09-09T03,120,2,3.05,202215,4546,4
2026-09-09T04,120,0,2.6,0,963,1
2026-09-09T04,120,0,2.65,115,885,2
2026-09-09T04,120,0,2.75,38756,0,5
2026-09-09T04,120,2,3.0,0,220,1
2026-09-09T04,120,2,3.05,23744,0,2
2026-09-09T04,120,6,3.45,38083,0,2
2026-09-09T04,120,8,5.7,63817,0,1
2026-09-09T05,120,0,2.5,0,1217,1
2026-09-09T05,120,0,2.55,0,302,1
2026-09-09T05,120,0,2.6,0,1535,1
2026-09-09T05,120,0,2.65,0,572,2
2026-09-09T05,120,0,2.7,264,2871,3
2026-09-09T05,120,0,2.75,32910,5365,3
2026-09-09T05,120,1,2.95,0,1000,1
2026-09-09T05,120,2,2.9,6612,0,1
2026-09-09T05,120,2,3.0,0,19000,1
2026-09-09T05,120,2,3.05,20936,0,1
2026-09-09T05,120,3,3.15,0,7500,1
2026-09-09T05,120,5,3.45,174734,0,2
2026-09-09T05,120,6,3.45,33780,129794,2
2026-09-09T05,120,6,3.5,17627,0,2
2026-09-09T06,120,0,2.65,0,223,1
2026-09-09T06,120,0,2.7,3765,1080,3
2026-09-09T06,120,0,2.75,22503,10062,7
2026-09-09T06,120,1,2.85,7080,0,1
2026-09-09T06,120,2,2.9,48175,0,4
2026-09-09T06,120,11,7.3,0,20000,1
2026-09-09T07,120,0,2.7,4950,3829,6
2026-09-09T07,120,0,2.75,3489,3237,6
2026-09-09T07,120,2,2.85,4900,0,1
2026-09-09T07,120,2,2.9,0,22307,1
2026-09-09T07,120,3,3.15,54830,41840,4
2026-09-09T07,120,4,3.35,194211,0,2
2026-09-09T07,120,5,3.45,58435,0,1
2026-09-09T08,120,0,2.6,0,1600,1
2026-09-09T08,120,0,2.65,0,866,1
2026-09-09T08,120,0,2.75,2485,6904,5
2026-09-09T08,120,0,2.8,2120,0,1
2026-09-09T08,120,1,2.7,0,1460,1
2026-09-09T08,120,1,2.75,330,500,3
2026-09-09T08,120,1,2.8,8526,4724,4
2026-09-09T08,120,2,2.85,0,9312,1
2026-09-09T08,120,3,3.15,12500,0,2
2026-09-09T08,120,6,3.5,0,2558159,1
2026-09-09T08,120,6,3.55,3580,0,1
2026-09-09T09,120,0,2.7,0,2511,1
2026-09-09T09,120,0,2.75,8956,3724,3
2026-09-09T09,120,0,2.8,11112,0,3
2026-09-09T09,120,1,2.8,3750,1000,2
2026-09-09T09,120,3,3.15,14500,0,2
2026-09-09T09,120,4,3.3,18200,0,1
2026-09-09T09,120,6,3.55,40532,11878,3
2026-09-09T10,120,0,2.65,7,37964,2
2026-09-09T10,120,0,2.7,30,126,3
2026-09-09T10,120,0,2.75,2800,15,3
2026-09-09T10,120,0,2.8,1000,7291,5
2026-09-09T10,120,1,2.8,0,31037,1
2026-09-09T10,120,2,2.85,2000,0,1
2026-09-09T11,120,0,2.7,0,204,1
2026-09-09T11,120,0,2.75,6177,1892,3
2026-09-09T11,120,0,2.8,3772,6430,7
2026-09-09T11,120,1,2.8,3684,732,2
2026-09-09T11,120,2,2.85,26215,6850,4
2026-09-09T11,120,3,3.15,1710,0,1
2026-09-09T12,120,0,2.3,0,15,1
2026-09-09T12,120,0,2.6,0,84,1
2026-09-09T12,120,0,2.65,14799,0,1
2026-09-09T12,120,0,2.7,26370,0,7
2026-09-09T12,120,1,2.85,3735,337,5
2026-09-09T12,120,2,2.85,0,108772,1
2026-09-09T12,120,2,2.9,0,9171,1
2026-09-09T12,120,2,2.95,0,30000,1
2026-09-09T12,120,2,3.0,10000,0,1
2026-09-09T12,120,3,3.15,0,75077,2
2026-09-09T12,120,3,3.2,0,69716,2
2026-09-09T12,120,3,3.25,16802,0,2
2026-09-09T12,120,4,3.3,0,66218,1
2026-09-09T13,120,0,2.6,0,5695,2
2026-09-09T13,120,0,2.65,0,39260,3
2026-09-09T13,120,0,2.7,46249,0,7
2026-09-09T13,120,1,2.75,0,2760,1
2026-09-09T13,120,1,2.8,1240,5525,3
2026-09-09T13,120,1,2.85,0,292,1
2026-09-09T13,120,2,2.95,15635,1263,3
2026-09-09T13,120,2,3.0,41038,0,3
2026-09-09T13,120,3,3.25,1500,0,1
2026-09-09T13,120,6,3.5,32358,0,1
2026-09-09T14,120,0,2.55,0,152,1
2026-09-09T14,120,0,2.6,37,20,2
2026-09-09T14,120,0,2.65,164,3548,5
2026-09-09T14,120,0,2.7,39035,0,7
2026-09-09T14,120,1,2.9,200,0,1
2026-09-09T14,120,2,3.0,220,48962,3
2026-09-09T14,120,2,3.05,1305,0,1
2026-09-09T14,120,3,3.2,9015,0,4
2026-09-09T15,120,0,2.55,0,23,1
2026-09-09T15,120,0,2.6,37,3025,4
2026-09-09T15,120,0,2.65,0,4224,2
2026-09-09T15,120,0,2.7,40789,0,4
2026-09-09T15,120,1,2.8,19296,19359,3
2026-09-09T15,120,1,2.85,15000,18104,2
2026-09-09T15,120,1,2.9,18555,0,2
2026-09-09T15,120,2,3.0,0,113512,1
2026-09-09T15,120,2,3.05,0,96045,1
2026-09-09T15,120,2,3.1,0,807458,3
2026-09-09T15,120,3,3.2,0,6381,1
2026-09-09T15,120,3,3.25,0,21896,1
2026-09-09T15,120,3,3.3,63250,0,2
2026-09-09T15,120,4,3.25,0,11381,1
2026-09-09T15,120,4,3.3,174311,1098989,2
2026-09-09T15,120,6,3.5,1804622,0,2
2026-09-09T16,120,0,2.6,0,3000,1
2026-09-09T16,120,0,2.65,1000,19444,3
2026-09-09T16,120,0,2.7,44978,0,4
2026-09-09T16,120,2,3.15,1245,0,1
2026-09-09T16,120,3,3.25,38333,61667,2
2026-09-09T16,120,3,3.3,2714,0,1
2026-09-09T16,120,6,3.5,17118,0,1
2026-09-09T17,120,0,2.65,11793,31726,7
2026-09-09T17,120,0,2.7,4940,0,2
2026-09-09T17,120,1,2.8,0,665,1
2026-09-09T17,120,1,2.85,0,4000,1
2026-09-09T17,120,1,2.9,17135,0,2
2026-09-09T17,120,4,3.3,1860,0,1
2026-09-09T17,120,5,3.4,0,573590,1
2026-09-09T18,120,0,2.55,0,101,1
2026-09-09T18,120,0,2.6,0,1281,3
2026-09-09T18,120,0,2.65,13970,16475,8
2026-09-09T18,120,0,2.7,16632,0,1
2026-09-09T18,120,1,2.9,0,14029,2
2026-09-09T18,120,1,2.95,5945,3012,2
2026-09-09T18,120,2,3.1,0,20000,1
2026-09-09T18,120,2,3.15,136000,0,1
2026-09-09T18,120,4,3.3,0,13040,1
2026-09-09T18,120,4,3.35,9960,0,1
2026-09-09T18,120,5,3.45,20340,0,1
2026-09-09T19,120,0,2.7,22335,0,6
2026-09-09T19,120,1,3.1,3214,0,1
2026-09-09T19,120,2,3.15,4380,0,2
2026-09-09T19,120,3,3.2,53471,0,2
2026-09-09T19,120,5,3.45,0,269660,1
2026-09-09T19,120,6,3.5,380340,0,1
2026-09-09T20,120,0,2.6,0,1000,1
2026-09-09T20,120,0,2.65,49189,910,6
2026-09-09T20,120,0,2.7,16577,0,3
2026-09-09T20,120,1,3.0,0,8038,1
2026-09-09T20,120,1,3.05,3826,0,1
2026-09-09T20,120,6,3.5,120700,0,2
2026-09-09T20,120,9,6.3,100000,0,1
2026-09-09T21,120,0,2.6,0,10886,2
2026-09-09T21,120,0,2.65,8394,13044,4
2026-09-09T21,120,0,2.7,25559,0,8
2026-09-09T21,120,2,3.05,1452,10198,2
2026-09-09T21,120,2,3.1,4052,0,1
2026-09-09T21,120,3,3.15,2000,0,1
2026-09-09T21,120,4,3.25,0,28948,1
2026-09-09T21,120,4,3.3,6122,993878,2
2026-09-09T21,120,6,3.5,60804,0,2
2026-09-09T22,120,0,2.65,0,5000,1
2026-09-09T22,120,0,2.7,28687,0,6
2026-09-09T22,120,1,2.8,0,3000,1
2026-09-09T22,120,1,2.9,0,5000,1
2026-09-09T22,120,1,2.95,2350,0,1
2026-09-09T22,120,2,3.1,356,0,1
2026-09-09T22,120,3,3.15,12200,0,1
2026-09-09T22,120,4,3.35,1820,0,1
2026-09-09T22,120,6,3.45,15100,0,2
2026-09-09T23,120,0,2.65,0,157,1
2026-09-09T23,120,0,2.7,8915,0,3
2026-09-09T23,120,1,2.95,8854,0,1
2026-09-09T23,120,2,3.1,210,0,1
2026-09-09T23,120,3,3.15,3840,0,1
2026-09-09T23,120,6,3.45,360,0,1
2026-09-10T00,120,0,2.6,0,1000,1
2026-09-10T00,120,0,2.65,69,477,4
2026-09-10T00,120,0,2.7,16088,0,5
2026-09-10T00,120,1,2.95,1324,0,2
2026-09-10T00,120,2,3.1,17835,28075,2
2026-09-10T01,120,0,2.7,59132,0,7
2026-09-10T01,120,1,2.9,0,4500,1
2026-09-10T01,120,1,2.95,10890,12979,2
2026-09-10T01,120,1,3.0,5546,2827,2
2026-09-10T01,120,2,3.1,0,2165,1
2026-09-10T01,120,3,3.15,1093,0,2
2026-09-10T01,120,4,3.3,10000,98084,2
2026-09-10T01,120,4,3.35,2293,0,1
2026-09-10T02,120,0,2.65,0,421,1
2026-09-10T02,120,0,2.7,15148,22295,9
2026-09-10T02,120,1,2.95,0,3610,1
2026-09-10T02,120,1,3.0,12102,7239,3
2026-09-10T02,120,1,3.05,37243,0,3
2026-09-10T03,120,0,2.6,0,1050,2
2026-09-10T03,120,0,2.65,0,637,2
2026-09-10T03,120,0,2.7,8712,18420,7
2026-09-10T03,120,2,3.1,0,23293,1
2026-09-10T03,120,3,3.15,21758,1009,2
2026-09-10T03,120,3,3.2,8991,0,1
2026-09-10T03,120,4,3.35,7260,0,1
2026-09-10T03,120,6,3.45,0,730856,1
2026-09-10T04,120,0,2.65,17551,0,4
2026-09-10T04,120,0,2.7,2510,0,1
2026-09-10T04,120,1,3.0,0,2000,1
2026-09-10T04,120,1,3.05,19312,5431,3
2026-09-10T04,120,2,3.0,0,15602,1
2026-09-10T04,120,2,3.05,43296,0,1
2026-09-10T04,120,2,3.15,675,0,1
2026-09-10T04,120,4,3.35,50660,0,1
2026-09-10T04,120,6,3.5,1438,0,1
2026-09-10T05,120,0,2.65,0,9691,1
2026-09-10T05,120,0,2.7,19780,42977,18
2026-09-10T05,120,1,3.0,0,1000,1
2026-09-10T05,120,1,3.05,2101,688,2
2026-09-10T05,120,2,3.05,500,106204,2
2026-09-10T05,120,2,3.15,1000,0,1
2026-09-10T05,120,3,3.2,10000,0,1
2026-09-10T05,120,6,3.5,113358,0,3
2026-09-10T06,120,0,2.45,0,3793,1
2026-09-10T06,120,0,2.55,0,5000,1
2026-09-10T06,120,0,2.6,720,3465,2
2026-09-10T06,120,0,2.65,2821,1189,4
2026-09-10T06,120,0,2.7,682,14318,4
2026-09-10T06,120,1,3.05,0,7914,1
2026-09-10T06,120,1,3.1,2086,0,1
2026-09-10T06,120,2,3.0,0,30000,1
2026-09-10T06,120,2,3.05,15000,8715,2
2026-09-10T06,120,2,3.1,0,6659,1
2026-09-10T06,120,2,3.15,0,107850,1
2026-09-10T06,120,2,3.2,8209,0,2
2026-09-10T06,120,3,3.2,0,26231,2
2026-09-10T06,120,6,3.5,219500,0,2
2026-09-10T06,120,7,4.0,6420,0,1
2026-09-10T07,120,0,2.65,0,1032,3
2026-09-10T07,120,0,2.7,4195,15342,7
2026-09-10T07,120,0,2.75,713,18536,10
2026-09-10T07,120,0,2.8,2738,38784,4
2026-09-10T07,120,2,3.15,14280,0,1
2026-09-10T07,120,2,3.2,0,56791,1
2026-09-10T07,120,2,3.25,0,155559,4
2026-09-10T07,120,3,3.25,0,9998,1
2026-09-10T07,120,4,3.25,0,49812,1
2026-09-10T08,120,0,2.6,0,27724,2
2026-09-10T08,120,0,2.7,50,545,3
2026-09-10T08,120,0,2.75,5296,1168,3
2026-09-10T08,120,0,2.8,16754,0,4
2026-09-10T08,120,1,3.05,11972,0,2
2026-09-10T08,120,2,3.15,1000,14720,2
2026-09-10T08,120,3,3.25,14170,0,2
2026-09-10T09,120,0,2.75,146,1912,4
2026-09-10T09,120,0,2.8,32295,0,5
2026-09-10T09,120,1,3.0,0,4101,1
2026-09-10T09,120,1,3.05,6240,0,2
2026-09-10T09,120,3,3.25,27337,0,3
2026-09-10T10,120,0,2.35,0,1597,1
2026-09-10T10,120,0,2.4,0,63,1
2026-09-10T10,120,0,2.45,0,128,1
2026-09-10T10,120,0,2.5,181,213,3
2026-09-10T10,120,0,2.55,6999,3429,5
2026-09-10T10,120,1,3.0,1200,0,1
2026-09-10T10,120,3,3.2,1000,0,1
2026-09-10T10,120,3,3.25,56,0,1
2026-09-10T10,120,4,3.3,84670,40624,3
2026-09-10T10,120,4,3.35,0,228007,1
2026-09-10T10,120,6,3.5,1800,0,2
2026-09-10T11,120,0,2.5,0,5835,3
2026-09-10T11,120,0,2.55,42532,0,7
2026-09-10T11,120,1,2.95,930,0,1
2026-09-10T11,120,3,3.2,1920,0,1
2026-09-10T11,120,8,5.7,316230,0,1
2026-09-10T12,120,0,2.35,0,275,1
2026-09-10T12,120,0,2.4,4079,5064,3
2026-09-10T12,120,0,2.45,0,232,1
2026-09-10T12,120,0,2.5,0,3051,1
2026-09-10T12,120,0,2.55,17729,0,4
2026-09-10T12,120,1,2.95,0,50177,2
2026-09-10T12,120,1,3.0,3473,26523,2
2026-09-10T12,120,1,3.05,0,89188,1
2026-09-10T12,120,2,3.15,6690,0,1
2026-09-10T13,120,0,2.45,0,438,1
2026-09-10T13,120,0,2.5,2100,12349,4
2026-09-10T13,120,0,2.55,25094,27977,7
2026-09-10T13,120,0,2.6,940,0,1
2026-09-10T13,120,2,3.05,38834,0,2
2026-09-10T13,120,3,3.15,10160,1001,2
2026-09-10T13,120,3,3.2,10070,0,3
2026-09-10T13,120,4,3.4,1020,13975,2
2026-09-10T14,120,0,2.45,0,2508,1
2026-09-10T14,120,0,2.5,0,2000,1
2026-09-10T14,120,0,2.55,0,6945,2
2026-09-10T14,120,0,2.6,7045,8890,9
2026-09-10T14,120,0,2.65,0,3603,2
2026-09-10T14,120,0,2.7,0,5391,2
2026-09-10T14,120,0,2.75,0,7459,2
2026-09-10T14,120,0,2.8,17559,0,6
2026-09-10T14,120,1,2.85,0,6322,1
2026-09-10T14,120,1,2.9,0,5000,1
2026-09-10T14,120,1,2.95,0,2746,1
2026-09-10T14,120,2,3.0,6582,0,1
2026-09-10T14,120,3,3.2,7992,4886,3
2026-09-10T15,120,0,2.75,805,10515,2
2026-09-10T15,120,0,2.8,10490,0,4
2026-09-10T15,120,1,2.85,0,5000,1
2026-09-10T15,120,2,3.0,34058,13360,3
2026-09-10T15,120,2,3.05,99972,0,1
2026-09-10T15,120,3,3.15,20000,0,1
2026-09-10T16,120,0,2.5,0,1000,1
2026-09-10T16,120,0,2.55,0,1,1
2026-09-10T16,120,0,2.6,375,611,3
2026-09-10T16,120,0,2.65,1388,962,3
2026-09-10T16,120,0,2.7,4591,0,3
2026-09-10T16,120,1,2.85,440,2361,2
2026-09-10T16,120,1,2.9,989,2935,2
2026-09-10T16,120,1,2.95,0,13000,1
2026-09-10T16,120,1,3.0,4181,0,1
2026-09-10T16,120,2,3.0,116,2884,2
2026-09-10T16,120,3,3.15,2750,0,1
2026-09-10T17,120,0,2.4,5400,3670,2
2026-09-10T17,120,0,2.55,0,6000,1
2026-09-10T17,120,0,2.6,600,11161,4
2026-09-10T17,120,0,2.65,1546,0,4
2026-09-10T17,120,1,2.95,0,10509,1
2026-09-10T17,120,2,3.0,7286,0,2
2026-09-10T17,120,3,3.15,1036,6543,2
2026-09-10T17,120,3,3.2,9567,0,1
2026-09-10T17,120,8,5.7,2630,0,1
2026-09-10T18,120,0,2.6,0,3133,1
2026-09-10T18,120,0,2.65,1850,104,3
2026-09-10T18,120,0,2.7,50,409,2
2026-09-10T18,120,0,2.75,5377,6895,5
2026-09-10T18,120,2,2.8,0,29010,1
2026-09-10T18,120,2,3.0,22959,0,3
2026-09-10T18,120,3,3.2,6380,0,2
2026-09-10T18,120,5,3.45,32200,0,1
2026-09-10T18,120,6,3.5,25310,0,1
2026-09-10T18,120,7,4.0,0,80350,1
2026-09-10T18,120,7,4.55,13230,0,1
2026-09-10T19,120,0,2.6,0,547,1
2026-09-10T19,120,0,2.65,2694,2863,4
2026-09-10T19,120,0,2.7,7564,0,6
2026-09-10T19,120,1,2.85,0,6264,1
2026-09-10T19,120,2,2.95,3196,96804,2
2026-09-10T19,120,3,3.15,0,5106,1
2026-09-10T19,120,3,3.2,6789,0,1
2026-09-10T19,120,5,3.45,2099,0,1
2026-09-10T20,120,0,2.65,0,6908,2
2026-09-10T20,120,0,2.7,24813,814,8
2026-09-10T20,120,2,2.95,6450,14560,2
2026-09-10T20,120,3,3.2,4000,0,1
2026-09-10T20,120,4,3.4,0,59617,1
2026-09-10T20,120,5,3.45,59563,0,2
2026-09-10T20,120,6,3.5,1821,0,1
2026-09-10T21,120,0,2.7,6073,22814,5
2026-09-10T21,120,0,2.75,0,19876,3
2026-09-10T21,120,0,2.8,0,125164,2
2026-09-10T21,120,0,2.85,2896,35901,7
2026-09-10T21,120,0,2.9,123156,15884,16
2026-09-10T21,120,2,2.95,730,0,1
2026-09-10T21,120,5,3.45,0,45600,2
2026-09-10T21,120,6,3.5,663314,0,2
2026-09-10T21,120,11,6.3,97850,0,2
2026-09-10T22,120,0,2.85,0,7881,4
2026-09-10T22,120,0,2.9,443,0,1
2026-09-10T22,120,1,2.9,4971,19808,2
2026-09-10T22,120,1,2.95,0,1118,1
2026-09-10T22,120,2,2.95,0,2896,1
2026-09-10T22,120,2,3.0,178,0,1
2026-09-10T22,120,3,3.15,12444,0,1
2026-09-10T22,120,8,5.7,100000,0,1
2026-09-10T23,120,0,2.8,0,3000,1
2026-09-10T23,120,0,2.85,250,374,2
2026-09-10T23,120,0,2.9,24998,0,4
2026-09-10T23,120,3,3.15,13046,6764,3
2026-09-10T23,120,6,3.5,6895,0,1
2026-09-11T00,120,0,2.75,0,3350,2
2026-09-11T00,120,0,2.8,4740,918,6
2026-09-11T00,120,0,2.85,6443,0,3
2026-09-11T00,120,1,2.95,0,6817,1
2026-09-11T00,120,1,3.0,22935,10717,4
2026-09-11T00,120,2,3.0,0,27313,1
2026-09-11T00,120,2,3.05,0,1686,1
2026-09-11T00,120,2,3.1,16911,0,1
2026-09-11T01,120,0,2.85,0,20438,2
2026-09-11T01,120,0,2.9,37287,0,5
2026-09-11T01,120,1,3.0,3900,2065,2
2026-09-11T01,120,1,3.05,27592,15955,5
2026-09-11T01,120,3,3.15,516,32148,2
2026-09-11T01,120,3,3.2,5459,0,1
2026-09-11T01,120,4,3.35,99822,0,1
2026-09-11T02,120,0,2.5,0,193,1
2026-09-11T02,120,0,2.55,0,1001,1
2026-09-11T02,120,0,2.6,9195,0,3
2026-09-11T02,120,0,2.65,3416,0,1
2026-09-11T02,120,0,2.7,2559,0,1
2026-09-11T02,120,0,2.75,3,0,1
2026-09-11T02,120,1,3.0,0,11924,1
2026-09-11T02,120,1,3.05,863,0,2
2026-09-11T02,120,2,3.0,0,26143,1
2026-09-11T02,120,2,3.1,6857,0,2
2026-09-11T02,120,5,3.4,0,21078,1
2026-09-11T03,120,0,2.5,0,411,1
2026-09-11T03,120,0,2.55,0,3148,2
2026-09-11T03,120,0,2.6,348,8890,4
2026-09-11T03,120,0,2.65,300,4295,5
2026-09-11T03,120,0,2.7,1400,0,2
2026-09-11T03,120,2,3.05,750,0,1
2026-09-11T03,120,2,3.1,34090,10961,2
2026-09-11T03,120,3,3.15,0,10215,1
2026-09-11T03,120,3,3.2,35746,0,2
2026-09-11T04,120,0,2.65,0,5225,2
2026-09-11T04,120,0,2.7,0,447,2
2026-09-11T04,120,0,2.75,18276,1278,9
2026-09-11T04,120,3,3.2,5656,0,1
2026-09-11T04,120,4,3.3,0,13856,1
2026-09-11T04,120,6,3.45,0,883156,1
2026-09-11T05,120,0,2.7,0,54,1
2026-09-11T05,120,0,2.75,26179,0,6
2026-09-11T05,120,1,2.9,0,2000,1
2026-09-11T05,120,1,2.95,10063,0,1
2026-09-11T05,120,2,3.0,33900,16368,2
2026-09-11T05,120,2,3.05,51372,0,1
2026-09-11T05,120,3,3.2,0,25116,1
2026-09-11T05,120,3,3.25,0,116208,2
2026-09-11T05,120,4,3.3,173388,0,3
2026-09-11T05,120,5,3.4,4035,0,1
2026-09-11T05,120,6,3.5,0,944582,1
2026-09-11T05,120,6,3.55,13030,0,1
2026-09-11T05,120,8,5.7,0,317232,1
2026-09-11T06,120,0,2.65,15,5,2
2026-09-11T06,120,0,2.7,372,7924,5
2026-09-11T06,120,0,2.75,28366,0,6
2026-09-11T06,120,1,2.95,0,450,1
2026-09-11T06,120,1,3.0,0,7899,1
2026-09-11T06,120,1,3.05,42062,0,1
2026-09-11T06,120,2,3.05,0,27878,1
2026-09-11T06,120,4,3.3,21820,0,2
2026-09-11T06,120,6,3.55,300,0,1
2026-09-11T07,120,0,2.6,0,13708,1
2026-09-11T07,120,0,2.65,3398,556,4
2026-09-11T07,120,0,2.7,11855,157,3
2026-09-11T07,120,0,2.75,4140,4508,2
2026-09-11T07,120,2,2.95,14280,161961,4
2026-09-11T07,120,2,3.05,0,115881,1
2026-09-11T07,120,2,3.1,0,999698,1
2026-09-11T07,120,4,3.3,20000,0,1
2026-09-11T07,120,5,3.4,0,996845,1
2026-09-11T08,120,0,2.5,0,50,1
2026-09-11T08,120,0,2.55,3083,0,1
2026-09-11T08,120,0,2.65,50,1438,3
2026-09-11T08,120,0,2.7,12887,5878,4
2026-09-11T08,120,1,3.05,30334,0,3
2026-09-11T08,120,2,3.15,6714,0,1
2026-09-11T08,120,4,3.3,50,0,1
2026-09-11T09,120,0,2.55,0,6917,1
2026-09-11T09,120,0,2.6,0,2500,1
2026-09-11T09,120,0,2.65,1028,2716,3
2026-09-11T09,120,0,2.7,0,18487,5
2026-09-11T09,120,0,2.75,5714,0,4
2026-09-11T09,120,1,3.05,41551,0,3
2026-09-11T09,120,2,3.15,1700,0,1
2026-09-11T09,120,3,3.2,0,4110,1
2026-09-11T09,120,3,3.25,134,0,1
2026-09-11T09,120,6,3.55,2006,0,1
2026-09-11T10,120,0,2.7,2000,253,2
2026-09-11T10,120,0,2.75,264,9811,8
2026-09-11T10,120,0,2.8,40510,0,5
2026-09-11T10,120,2,3.15,2000,0,1
2026-09-11T10,120,3,3.2,114,0,1
2026-09-11T11,120,0,2.8,4617,33182,8
2026-09-11T11,120,0,2.85,0,10178,2
2026-09-11T11,120,0,2.9,40417,0,4
2026-09-11T11,120,1,2.9,2650,11120,2
2026-09-11T11,120,1,2.95,940,0,2
2026-09-11T11,120,2,3.15,3919,0,1
2026-09-11T11,120,11,6.3,102150,0,1
2026-09-11T12,120,0,2.75,0,3836,1
2026-09-11T12,120,0,2.8,0,60,1
2026-09-11T12,120,0,2.85,0,20000,3
2026-09-11T12,120,0,2.9,6904,100895,7
2026-09-11T12,120,0,2.95,36832,54,2
2026-09-11T12,120,1,2.9,0,1000,1
2026-09-11T12,120,1,2.95,10983,12974,3
2026-09-11T12,120,1,3.0,1834,28691,4
2026-09-11T12,120,1,3.05,74959,0,1
2026-09-11T12,120,2,3.1,3596,0,2
2026-09-11T12,120,2,3.15,6690,0,1
2026-09-11T12,120,3,3.2,0,33060,2
2026-09-11T12,120,4,3.25,32265,0,3
2026-09-11T13,120,0,2.85,150,0,1
2026-09-11T13,120,0,2.95,14269,0,4
2026-09-11T13,120,1,2.8,0,10000,1
2026-09-11T13,120,1,2.85,0,14898,1
2026-09-11T13,120,1,3.0,24911,11284,2
2026-09-11T13,120,2,2.9,1300,0,3
2026-09-11T13,120,2,3.0,17123,0,1
2026-09-11T13,120,2,3.05,10652,0,1
2026-09-11T13,120,4,3.25,1880,0,2
2026-09-11T14,120,0,2.7,0,2050,1
2026-09-11T14,120,0,2.75,600,3743,2
2026-09-11T14,120,0,2.8,0,64,1
2026-09-11T14,120,0,2.85,0,19379,3
2026-09-11T14,120,0,2.9,29731,0,1
2026-09-11T14,120,0,2.95,835,0,1
2026-09-11T14,120,1,2.9,5360,7790,7
2026-09-11T14,120,2,2.9,0,16903,1
2026-09-11T14,120,2,2.95,0,6304,1
2026-09-11T14,120,2,3.0,13788,0,3
2026-09-11T14,120,4,3.25,5372,0,3
2026-09-11T15,120,0,2.75,0,1221,1
2026-09-11T15,120,0,2.8,2643,136,2
2026-09-11T15,120,0,2.85,0,2,1
2026-09-11T15,120,2,2.9,128152,0,7
2026-09-11T15,120,3,3.2,16520,0,2
2026-09-11T15,120,4,3.25,0,69682,1
2026-09-11T15,120,4,3.3,0,784742,1
2026-09-11T15,120,5,3.45,39805,0,2
2026-09-11T16,120,0,2.7,0,1199,1
2026-09-11T16,120,0,2.75,0,6416,3
2026-09-11T16,120,0,2.8,24549,9912,7
2026-09-11T16,120,0,2.85,0,157,1
2026-09-11T16,120,2,2.85,26289,7858,3
2026-09-11T16,120,2,2.9,9068,0,3
2026-09-11T16,120,3,3.2,10500,0,2
2026-09-11T16,120,6,3.5,0,2500000,1
2026-09-11T17,120,0,2.6,200,0,1
2026-09-11T17,120,0,2.65,84,0,1
2026-09-11T17,120,1,2.75,60,0,1
2026-09-11T17,120,2,2.8,7500,12869,3
2026-09-11T17,120,2,2.85,26780,13290,4
2026-09-11T17,120,2,2.9,0,51229,1
2026-09-11T17,120,2,2.95,34152,0,1
2026-09-11T17,120,3,3.15,10000,0,1
2026-09-11T17,120,3,3.2,2140,0,1
2026-09-11T18,120,0,2.6,8000,2678,4
2026-09-11T18,120,0,2.65,18347,0,6
2026-09-11T18,120,1,2.75,3135,0,1
2026-09-11T18,120,3,3.15,0,15095,1
2026-09-11T18,120,3,3.2,9445,78934,4
2026-09-11T18,120,3,3.25,0,17980,1
2026-09-11T18,120,3,3.3,30589,72497,3
2026-09-11T18,120,4,3.35,0,67174,1
2026-09-11T18,120,4,3.4,0,22830,1
2026-09-11T18,120,4,3.45,0,70555,2
2026-09-11T18,120,6,3.5,20560,0,1
2026-09-11T19,120,0,2.6,1650,32386,4
2026-09-11T19,120,1,2.6,0,9000,1
2026-09-11T19,120,1,2.65,38059,7873,6
2026-09-11T19,120,1,2.7,0,34344,1
2026-09-11T19,120,2,2.95,3635,0,1
2026-09-11T19,120,3,3.25,0,22559,1
2026-09-11T19,120,3,3.3,18280,65548,2
2026-09-11T19,120,4,3.4,61893,0,1
2026-09-11T19,120,9,6.3,10200,0,1
2026-09-11T19,120,11,6.3,196800,103200,2
2026-09-11T20,120,0,2.6,1774,5173,4
2026-09-11T20,120,0,2.65,15718,0,6
2026-09-11T20,120,1,2.6,1942,4866,2
2026-09-11T20,120,3,3.35,6000,2320,2
2026-09-11T20,120,3,3.4,0,40572,1
2026-09-11T20,120,4,3.4,0,1400,1
2026-09-11T20,120,5,3.45,0,14416,1
2026-09-11T21,120,0,2.65,0,1662,2
2026-09-11T21,120,0,2.7,5571,1271,2
2026-09-11T21,120,1,2.7,208,1792,2
2026-09-11T21,120,1,2.75,48191,0,5
2026-09-11T21,120,5,3.45,0,35529,1
2026-09-11T21,120,6,3.5,4651,0,1
2026-09-11T21,120,9,6.1,0,25000,1
2026-09-11T21,120,9,6.3,10,0,1
2026-09-11T22,120,0,2.65,0,124,1
2026-09-11T22,120,0,2.7,14751,0,5
2026-09-11T22,120,1,2.75,0,55827,2
2026-09-11T22,120,1,2.8,4000,0,1
2026-09-11T22,120,2,2.9,648,123428,3
2026-09-11T22,120,3,3.35,10400,0,1
2026-09-11T22,120,10,6.8,0,100,1
2026-09-11T23,120,0,2.7,3260,5742,5
2026-09-11T23,120,0,2.75,7361,0,3
2026-09-11T23,120,1,2.75,13925,5910,2
2026-09-11T23,120,1,2.8,9143,21000,2
2026-09-11T23,120,2,2.95,10980,0,1
2026-09-11T23,120,3,3.35,100,0,1
2026-09-11T23,120,9,6.3,550,0,1
2026-09-12T00,120,0,2.6,0,1000,1
2026-09-12T00,120,0,2.65,623,0,2
2026-09-12T00,120,1,2.75,1971,8479,3
2026-09-12T00,120,2,2.8,1000,0,1
2026-09-12T00,120,2,2.95,380,0,1
2026-09-12T00,120,4,3.35,6450,0,2
2026-09-12T01,120,0,2.6,3161,17105,4
2026-09-12T01,120,0,2.65,1599,1326,3
2026-09-12T01,120,0,2.7,12521,3492,6
2026-09-12T01,120,1,2.75,1200,0,1
2026-09-12T01,120,2,2.8,37425,0,3
2026-09-12T01,120,4,3.35,0,93549,1
2026-09-12T01,120,4,3.4,0,56681,1
2026-09-12T02,120,0,2.6,1833,34303,3
2026-09-12T02,120,0,2.65,0,1000,1
2026-09-12T02,120,0,2.7,0,361,1
2026-09-12T02,120,0,2.75,0,21226,4
2026-09-12T02,120,1,2.75,0,508,1
2026-09-12T02,120,2,2.75,0,10040,1
2026-09-12T02,120,2,2.8,10345,0,2
2026-09-12T03,120,0,2.7,1350,16266,5
2026-09-12T03,120,0,2.75,0,965,3
2026-09-12T03,120,0,2.8,32007,4532,3
2026-09-12T03,120,1,2.8,28700,21657,4
2026-09-12T03,120,2,2.75,324,1876,2
2026-09-12T03,120,2,2.8,0,46262,1
2026-09-12T03,120,2,2.85,3000,0,1
2026-09-12T03,120,5,3.35,10210,0,2
2026-09-12T04,120,0,2.7,0,8000,2
2026-09-12T04,120,0,2.75,481,190,2
2026-09-12T04,120,1,2.7,900,100,2
2026-09-12T04,120,1,2.75,14497,2090,6
2026-09-12T04,120,2,2.8,6150,0,2
2026-09-12T04,120,2,2.85,1680,0,1
2026-09-12T04,120,6,3.5,3110,0,1
2026-09-12T04,120,7,3.9,1555,0,1
2026-09-12T05,120,0,2.65,0,13895,3
2026-09-12T05,120,0,2.7,1550,450,3
2026-09-12T05,120,0,2.75,0,21778,3
2026-09-12T05,120,2,2.8,46902,28337,7
2026-09-12T05,120,4,3.3,3500,0,1
2026-09-12T05,120,5,3.35,4460,0,1
2026-09-12T05,120,6,3.5,15001,0,1
2026-09-12T06,120,0,2.7,0,3335,1
2026-09-12T06,120,0,2.75,356,6279,2
2026-09-12T06,120,0,2.8,1026,9612,5
2026-09-12T06,120,1,2.8,60,934,2
2026-09-12T06,120,2,2.8,5337,0,5
2026-09-12T06,120,2,2.85,10533,0,2
2026-09-12T06,120,3,3.2,0,40000,1
2026-09-12T06,120,3,3.25,0,62690,1
2026-09-12T06,120,4,3.25,0,69456,1
2026-09-12T06,120,4,3.3,4140,42359,2
2026-09-12T06,120,6,3.5,23010,0,2
2026-09-12T06,120,7,3.9,7470,0,1
2026-09-12T06,120,10,6.9,0,50000,1
2026-09-12T07,120,0,2.6,0,700,1
2026-09-12T07,120,0,2.65,5757,0,2
2026-09-12T07,120,0,2.75,5000,0,1
2026-09-12T07,120,1,2.75,50,9950,2
2026-09-12T07,120,2,2.75,20104,8553,7
2026-09-12T07,120,5,3.35,64790,0,2
2026-09-12T07,120,6,3.5,1800,0,2
2026-09-12T08,120,0,2.6,0,2000,2
2026-09-12T08,120,0,2.65,35899,0,4
2026-09-12T08,120,1,2.75,0,6209,1
2026-09-12T08,120,2,2.75,0,25431,1
2026-09-12T08,120,2,2.8,28048,18,3
2026-09-12T08,120,9,6.3,111090,0,2
2026-09-12T09,120,0,2.65,9287,0,6
2026-09-12T09,120,1,2.7,0,2848,1
2026-09-12T09,120,2,2.75,11937,0,3
2026-09-12T09,120,3,3.3,50,0,1
2026-09-12T09,120,4,3.3,0,29853,1
2026-09-12T09,120,5,3.35,196947,0,1
2026-09-12T10,120,0,2.6,0,1456,2
2026-09-12T10,120,0,2.65,19261,11855,10
2026-09-12T10,120,1,2.7,1468,0,2
2026-09-12T10,120,2,2.7,9150,0,1
2026-09-12T10,120,2,2.75,33000,0,2
2026-09-12T10,120,3,3.25,47434,0,1
2026-09-12T10,120,4,3.3,0,100000,1
2026-09-12T10,120,5,3.35,0,974573,1
2026-09-12T10,120,7,3.9,0,302315,1
2026-09-12T11,120,0,2.6,300,200,2
2026-09-12T11,120,0,2.65,2265,3744,3
2026-09-12T11,120,0,2.7,1644,4356,6
2026-09-12T11,120,1,2.7,14611,5434,3
2026-09-12T11,120,2,2.7,0,13516,1
2026-09-12T11,120,2,2.75,25668,0,3
2026-09-12T11,120,3,3.25,2050,0,1
2026-09-12T11,120,4,3.35,9000,0,1
2026-09-12T12,120,0,2.7,3300,20382,6
2026-09-12T12,120,0,2.75,10859,0,5
2026-09-12T12,120,1,2.7,249,751,3
2026-09-12T12,120,1,2.75,0,2952,1
2026-09-12T12,120,2,2.7,0,5,1
2026-09-12T12,120,2,2.75,7560,60571,2
2026-09-12T12,120,2,2.8,0,39052,1
2026-09-12T12,120,2,2.85,7920,95315,3
2026-09-12T12,120,2,2.95,12005,0,2
2026-09-12T12,120,3,3.25,4950,0,1
2026-09-12T12,120,4,3.35,38790,0,3
2026-09-12T12,120,6,3.45,73980,0,1
2026-09-12T13,120,0,2.7,312,378,2
2026-09-12T13,120,0,2.75,23830,0,6
2026-09-12T13,120,2,2.9,24215,0,3
2026-09-12T13,120,2,2.95,1020,0,2
2026-09-12T13,120,3,3.2,0,21992,1
2026-09-12T13,120,3,3.25,77692,0,2
2026-09-12T13,120,6,3.45,679700,0,1
2026-09-12T14,120,0,2.7,22954,1500,4
2026-09-12T14,120,0,2.75,34570,0,4
2026-09-12T14,120,1,2.8,4180,0,1
2026-09-12T14,120,2,2.85,0,5954,1
2026-09-12T14,120,2,2.9,31201,0,1
2026-09-12T14,120,3,3.25,48966,0,3
2026-09-12T14,120,4,3.35,0,142735,1
2026-09-12T14,120,5,3.4,0,33347,1
2026-09-12T14,120,6,3.45,5000,0,1
2026-09-12T15,120,0,2.65,0,10,1
2026-09-12T15,120,0,2.7,9077,923,2
2026-09-12T15,120,1,2.7,2546,1454,2
2026-09-12T15,120,1,2.75,11046,0,1
2026-09-12T15,120,2,2.6,32918,233035,3
2026-09-12T15,120,2,2.85,0,2702,1
2026-09-12T15,120,2,2.9,0,34987,2
2026-09-12T15,120,3,3.15,1365,0,1
2026-09-12T15,120,3,3.2,22110,0,1
2026-09-12T15,120,6,3.45,1610,0,1
2026-09-12T16,120,0,2.6,0,3087,2
2026-09-12T16,120,0,2.65,2500,2896,3
2026-09-12T16,120,0,2.7,10897,11303,8
2026-09-12T16,120,1,2.75,5947,0,1
2026-09-12T16,120,2,2.75,324,9676,2
2026-09-12T16,120,2,2.95,2000,0,1
2026-09-12T16,120,6,3.45,0,993390,1
2026-09-12T17,120,0,2.6,5025,3319,5
2026-09-12T17,120,0,2.65,8475,15221,5
2026-09-12T17,120,0,2.7,2969,0,1
2026-09-12T17,120,1,2.7,0,5826,1
2026-09-12T17,120,1,2.75,12163,0,1
2026-09-12T17,120,3,3.15,1850,0,1
2026-09-12T17,120,5,3.45,102270,0,1
2026-09-12T17,120,9,6.3,3050,0,1
2026-09-12T18,120,0,2.65,600,0,1
2026-09-12T18,120,0,2.7,9263,6002,5
2026-09-12T18,120,1,2.7,8000,1594,3
2026-09-12T18,120,3,3.15,7280,0,1
2026-09-12T18,120,6,3.5,49543,0,2
2026-09-12T18,120,7,4.5,40030,0,2
2026-09-12T19,120,0,2.6,1980,4223,4
2026-09-12T19,120,0,2.65,0,1374,1
2026-09-12T19,120,1,2.65,0,7691,2
2026-09-12T19,120,1,2.7,17357,0,6
2026-09-12T19,120,2,2.95,31371,0,2
2026-09-12T19,120,3,3.15,10000,0,1
2026-09-12T19,120,4,3.4,44490,0,1
2026-09-12T20,120,0,2.6,0,3852,1
2026-09-12T20,120,0,2.65,0,4005,2
2026-09-12T20,120,1,2.65,0,1685,1
2026-09-12T20,120,1,2.7,61058,0,6
2026-09-12T20,120,2,2.85,8805,0,1
2026-09-12T20,120,3,3.15,0,120203,2
2026-09-12T20,120,3,3.2,49551,0,2
2026-09-12T20,120,4,3.4,5547,0,1
2026-09-12T20,120,6,3.45,35379,185820,2
2026-09-12T20,120,6,3.5,0,1883025,1
2026-09-12T21,120,0,2.6,300,593,3
2026-09-12T21,120,0,2.65,32198,1938,5
2026-09-12T21,120,1,2.7,4710,0,2
2026-09-12T21,120,2,2.85,723,0,2
2026-09-12T21,120,3,3.15,4400,0,1
2026-09-12T21,120,4,3.4,0,44961,1
2026-09-12T21,120,5,3.45,799,0,1
2026-09-12T21,120,9,6.3,0,275100,1
2026-09-12T21,120,11,6.9,0,50000,1
2026-09-12T21,120,11,7.0,15100,0,1
2026-09-12T22,120,0,2.6,3000,9825,2
2026-09-12T22,120,0,2.65,8987,5000,8
2026-09-12T22,120,1,2.7,286,6627,3
2026-09-12T22,120,1,2.75,5395,0,1
2026-09-12T22,120,4,3.4,0,47909,1
2026-09-12T22,120,4,4.3,5250,0,1
2026-09-12T22,120,7,4.5,12600,0,1
2026-09-12T23,120,0,2.6,1600,114,2
2026-09-12T23,120,0,2.65,6546,3265,2
2026-09-12T23,120,0,2.7,2331,5744,6
2026-09-12T23,120,1,2.75,11851,0,2
2026-09-12T23,120,2,2.85,90,0,1
2026-09-12T23,120,3,3.15,0,12378,1
2026-09-12T23,120,3,3.2,5852,0,2
2026-09-12T23,120,11,7.0,50000,0,1
2026-09-13T00,120,0,2.6,0,1181,2
2026-09-13T00,120,0,2.65,15010,0,2
2026-09-13T00,120,0,2.7,591,0,1
2026-09-13T00,120,3,3.2,103980,0,2
2026-09-13T00,120,6,4.3,30040,0,1
2026-09-13T01,120,0,2.6,750,7334,3
2026-09-13T01,120,0,2.65,24538,33562,6
2026-09-13T01,120,1,2.65,0,1000,1
2026-09-13T01,120,1,2.7,0,11052,1
2026-09-13T01,120,1,2.75,0,1701,1
2026-09-13T01,120,1,2.8,10208,0,1
2026-09-13T01,120,2,2.85,0,18838,1
2026-09-13T01,120,2,2.9,0,3654,1
2026-09-13T01,120,6,4.3,211908,0,2
2026-09-13T01,120,9,6.0,5870,0,1
2026-09-13T02,120,0,2.6,0,1547,1
2026-09-13T02,120,1,2.65,101259,0,4
2026-09-13T02,120,3,3.2,182,0,1
2026-09-13T02,120,9,6.0,787,0,2
2026-09-13T03,120,0,2.6,0,12839,3
2026-09-13T03,120,0,2.65,11189,0,2
2026-09-13T03,120,1,2.65,17358,1744,3
2026-09-13T03,120,1,2.7,0,2094,1
2026-09-13T03,120,1,2.75,0,14545,1
2026-09-13T03,120,1,2.8,1124,0,1
2026-09-13T03,120,2,2.95,19853,0,1
2026-09-13T03,120,3,3.2,10000,0,1
2026-09-14T04,120,0,2.65,465,91236,5
2026-09-14T04,120,0,2.7,0,29184,5
2026-09-14T04,120,0,2.75,1772,0,1
2026-09-14T04,120,1,2.75,14088,10110,3
2026-09-14T04,120,1,2.8,0,71082,2
2026-09-14T04,120,2,2.8,310,26031,2
2026-09-14T04,120,2,2.85,0,4000,1
2026-09-14T04,120,2,2.9,0,42746,1
2026-09-14T04,120,3,3.2,0,308325,1
2026-09-14T04,120,3,3.25,0,386308,4
2026-09-14T04,120,3,3.3,8290,0,1
2026-09-14T04,120,4,3.35,0,1236980,1
2026-09-14T04,120,6,3.75,209380,0,1
2026-09-14T04,120,7,4.5,8520,0,1
2026-09-14T04,120,11,7.0,21806,0,1
2026-09-14T05,120,0,2.5,0,1131,2
2026-09-14T05,120,0,2.6,0,9245,2
2026-09-14T05,120,0,2.65,8294,95817,6
2026-09-14T05,120,0,2.7,715,1170,3
2026-09-14T05,120,1,2.7,0,12500,1
2026-09-14T05,120,1,2.75,17470,0,5
2026-09-14T05,120,2,2.85,2570,0,2
2026-09-14T05,120,6,3.45,2100,0,1
2026-09-14T06,120,0,2.6,110,110,2
2026-09-14T06,120,0,2.65,0,193,1
2026-09-14T06,120,0,2.7,14165,5000,5
2026-09-14T06,120,1,2.75,5775,0,2
2026-09-14T06,120,2,2.75,0,20541,1
2026-09-14T06,120,2,2.8,0,6518,1
2026-09-14T06,120,2,2.85,3482,0,1
2026-09-14T06,120,3,3.25,0,60254,1
2026-09-14T06,120,3,3.3,0,2173,1
2026-09-14T06,120,3,3.35,0,80094,2
2026-09-14T06,120,4,3.2,0,28237,1
2026-09-14T06,120,4,3.4,17442,10000,3
2026-09-14T06,120,7,4.5,113400,0,1
2026-09-14T06,120,11,6.3,226800,0,1
2026-09-14T07,120,0,2.25,0,550,1
2026-09-14T07,120,0,2.3,0,1066,1
2026-09-14T07,120,0,2.6,4689,1137,2
2026-09-14T07,120,0,2.65,0,6,1
2026-09-14T07,120,0,2.7,4344,0,4
2026-09-14T07,120,1,2.75,14789,0,1
2026-09-14T07,120,2,2.85,1370,0,2
2026-09-14T07,120,4,3.35,18480,0,1
2026-09-14T07,120,11,6.3,0,1041730,1
2026-09-14T08,120,0,2.6,1655,0,3
2026-09-14T08,120,0,2.65,9000,0,1
2026-09-14T08,120,0,2.7,2124,0,2
2026-09-14T08,120,2,2.85,2180,0,2
2026-09-14T08,120,3,3.3,3000,0,1
2026-09-14T08,120,9,6.0,0,567447,1
2026-09-14T09,120,0,2.6,3000,9345,2
2026-09-14T09,120,0,2.65,0,7520,1
2026-09-14T09,120,0,2.7,4235,45986,6
2026-09-14T09,120,0,2.75,8115,0,2
2026-09-14T09,120,1,2.65,14246,12754,3
2026-09-14T09,120,1,2.7,0,15377,1
2026-09-14T09,120,1,2.75,0,26093,1
2026-09-14T09,120,2,2.85,18477,0,1
2026-09-14T09,120,3,3.3,0,24433,1
2026-09-14T09,120,4,3.35,0,72414,1
2026-09-14T09,120,6,3.4,0,200000,1
2026-09-14T09,120,6,3.45,0,191428,1
2026-09-14T09,120,6,3.5,508572,0,1
2026-09-14T10,120,0,2.55,0,866,1
2026-09-14T10,120,0,2.6,200,3821,3
2026-09-14T10,120,0,2.65,1335,10025,4
2026-09-14T10,120,0,2.7,3460,20678,6
2026-09-14T10,120,0,2.75,10635,130348,6
2026-09-14T10,120,1,2.7,0,8000,1
2026-09-14T10,120,1,2.75,0,7666,1
2026-09-14T10,120,1,2.8,993,5007,2
2026-09-14T10,120,2,2.85,25765,0,3
2026-09-14T10,120,4,3.15,0,3834,1
2026-09-14T10,120,4,3.2,0,34285,1
2026-09-14T10,120,4,3.35,3000,0,1
2026-09-14T10,120,6,3.5,100300,0,2
2026-09-14T11,120,0,2.65,4252,16012,3
2026-09-14T11,120,0,2.7,0,2704,3
2026-09-14T11,120,0,2.75,1180,193233,11
2026-09-14T11,120,1,2.75,576,221,2
2026-09-14T11,120,2,2.8,23567,0,3
2026-09-14T11,120,4,3.35,4140,0,1
2026-09-14T11,120,9,6.9,0,10000,1
2026-09-14T11,120,11,7.0,30000,0,1
2026-09-14T12,120,0,2.65,0,1191,1
2026-09-14T12,120,0,2.7,0,1000,1
2026-09-14T12,120,0,2.75,400,0,1
2026-09-14T12,120,1,2.7,6277,0,4
2026-09-14T12,120,1,2.8,2998,0,1
2026-09-14T12,120,2,2.8,0,7743,1
2026-09-14T12,120,2,2.85,18258,0,2
2026-09-14T12,120,3,3.25,3200,0,1
2026-09-14T13,120,0,2.65,3549,11280,4
2026-09-14T13,120,0,2.7,1800,15575,3
2026-09-14T13,120,0,2.75,14515,2856,6
2026-09-14T13,120,0,2.8,13271,1260,2
2026-09-14T13,120,1,2.7,0,4140,1
2026-09-14T13,120,1,2.75,0,1000,1
2026-09-14T13,120,1,2.8,23931,7017,4
2026-09-14T13,120,2,2.85,55740,0,5
2026-09-14T13,120,3,3.15,65728,0,3
2026-09-14T13,120,4,3.35,37620,22177,2
2026-09-14T13,120,4,3.4,0,37679,1
2026-09-14T13,120,6,3.45,166944,0,1
2026-09-14T13,120,11,7.0,123710,0,1
2026-09-14T14,120,0,2.65,200,200,2
2026-09-14T14,120,0,2.7,0,235,1
2026-09-14T14,120,1,2.7,0,7204,1
2026-09-14T14,120,2,2.75,6955,0,4
2026-09-14T14,120,3,3.15,5404,0,4
2026-09-14T14,120,5,3.45,0,1259805,1
2026-09-14T14,120,10,6.9,31080,68920,2
2026-09-14T14,120,11,7.0,7080,0,1
2026-09-14T15,120,0,2.55,0,16750,2
2026-09-14T15,120,0,2.6,0,1554,2
2026-09-14T15,120,0,2.65,8380,1620,5
2026-09-14T15,120,0,2.7,10000,10512,3
2026-09-14T15,120,0,2.75,1350,0,1
2026-09-14T15,120,1,2.7,0,5000,1
2026-09-14T15,120,2,2.7,0,1641,1
2026-09-14T15,120,2,2.75,10800,3239,3
2026-09-14T15,120,2,2.8,0,11407,1
2026-09-14T15,120,2,2.85,63639,0,3
2026-09-14T15,120,3,3.15,11610,117258,2
2026-09-14T15,120,6,3.45,0,138276,1
2026-09-14T16,120,0,2.6,0,150,1
2026-09-14T16,120,0,2.65,1050,1050,3
2026-09-14T16,120,0,2.7,0,201,2
2026-09-14T16,120,0,2.75,4749,0,2
2026-09-14T16,120,1,2.8,0,1780,1
2026-09-14T16,120,2,2.8,0,100,1
2026-09-14T16,120,2,2.85,89177,339437,5
2026-09-14T16,120,8,6.0,0,30000,1
2026-09-14T17,120,0,2.6,0,82,1
2026-09-14T17,120,0,2.65,0,12851,3
2026-09-14T17,120,0,2.7,22714,233,7
2026-09-14T17,120,2,2.8,2000,0,1
2026-09-14T17,120,2,2.85,288,0,1
2026-09-14T17,120,4,3.2,0,47136,1
2026-09-14T17,120,4,3.25,175236,0,1
2026-09-14T18,120,0,2.6,0,742,2
2026-09-14T18,120,0,2.65,14640,250,6
2026-09-14T18,120,2,2.75,0,26436,1
2026-09-14T18,120,2,2.8,50562,7438,2
2026-09-14T18,120,2,2.85,3962,0,2
2026-09-14T18,120,4,3.2,7127,67455,3
2026-09-14T18,120,4,3.25,1000000,0,1
2026-09-14T18,120,5,3.35,200000,0,1
2026-09-14T18,120,7,4.5,13770,0,2
2026-09-14T19,120,0,2.6,0,970,1
2026-09-14T19,120,0,2.65,17058,0,7
2026-09-14T19,120,1,2.85,24118,10952,3
2026-09-14T19,120,2,2.85,12000,3850,2
2026-09-14T19,120,2,2.9,20279,0,3
2026-09-14T19,120,5,3.35,200000,0,1
2026-09-14T20,120,0,2.6,0,2324,2
2026-09-14T20,120,0,2.65,36557,0,7
2026-09-14T20,120,2,2.85,12500,0,1
2026-09-14T20,120,2,2.9,750,0,1
2026-09-14T20,120,3,3.2,7630,48474,2
2026-09-14T20,120,4,3.25,62331,0,2
2026-09-14T21,120,0,2.5,15500,1713,2
2026-09-14T21,120,0,2.55,0,2338,2
2026-09-14T21,120,0,2.6,0,11763,3
2026-09-14T21,120,0,2.65,30048,0,5
2026-09-14T21,120,1,2.7,0,3022,1
2026-09-14T21,120,2,2.75,0,21449,1
2026-09-14T21,120,2,2.85,0,17500,1
2026-09-14T21,120,2,2.9,120,259070,4
2026-09-14T21,120,2,2.95,803,0,2
2026-09-14T21,120,3,3.2,10000,114460,3
2026-09-14T21,120,3,3.25,1365,0,1
2026-09-14T21,120,4,3.25,0,514793,1
2026-09-14T21,120,5,3.3,0,22689,1
2026-09-14T21,120,5,3.35,0,1162210,1
2026-09-14T21,120,6,3.45,0,291509,1
2026-09-14T21,120,11,7.0,56790,0,1
2026-09-14T22,120,0,2.65,8160,23592,9
2026-09-14T22,120,0,2.7,500,0,1
2026-09-14T22,120,1,2.85,100,0,1
2026-09-14T22,120,4,3.3,45120,0,1
2026-09-14T23,120,0,2.6,3278,0,3
2026-09-14T23,120,0,2.65,88,100,2
2026-09-14T23,120,0,2.7,1304,0,1
2026-09-14T23,120,4,3.3,14890,0,1
2026-09-14T23,120,5,3.4,0,9817,1
2026-09-14T23,120,6,3.5,31259,0,1
2026-09-15T00,120,0,2.45,1085,23915,2
2026-09-15T00,120,0,2.5,0,1000,1
2026-09-15T00,120,0,2.55,1144,1954,4
2026-09-15T00,120,0,2.6,1825,0,1
2026-09-15T00,120,1,2.8,6000,0,1
2026-09-15T00,120,2,2.9,27000,0,1
2026-09-15T00,120,4,3.3,2090,0,1
2026-09-15T01,120,0,2.05,0,200,1
2026-09-15T01,120,0,2.1,0,1100,1
2026-09-15T01,120,0,2.2,0,288,1
2026-09-15T01,120,0,2.5,0,400,1
2026-09-15T01,120,0,2.55,0,1734,1
2026-09-15T01,120,0,2.6,14039,0,3
2026-09-15T01,120,1,2.75,0,36447,2
2026-09-15T01,120,1,2.8,7567,8953,4
2026-09-15T01,120,2,2.85,0,15528,1
2026-09-15T01,120,3,3.2,20760,0,1
2026-09-15T01,120,3,3.25,9400,0,1
2026-09-15T01,120,4,3.3,73819,31340,2
2026-09-15T02,120,0,2.6,1149,29298,6
2026-09-15T02,120,0,2.65,24087,1176,6
2026-09-15T02,120,1,2.8,0,1000,1
2026-09-15T02,120,1,2.85,26951,7642,2
2026-09-15T02,120,2,2.9,0,2455,1
2026-09-15T02,120,2,2.95,42430,0,2
2026-09-15T02,120,4,3.25,0,49999,1
2026-09-15T03,120,0,2.4,0,1000,1
2026-09-15T03,120,0,2.45,523,2727,2
2026-09-15T03,120,0,2.5,0,640,1
2026-09-15T03,120,0,2.55,0,2686,2
2026-09-15T03,120,0,2.6,5130,0,3
2026-09-15T03,120,0,2.65,13137,0,3
2026-09-15T03,120,2,2.95,58306,0,1
2026-09-15T03,120,3,3.2,0,10379,1
2026-09-15T04,120,0,2.5,0,10771,1
2026-09-15T04,120,0,2.55,504,20496,2
2026-09-15T04,120,0,2.6,3290,4233,5
2026-09-15T04,120,0,2.65,11778,772,4
2026-09-15T04,120,2,2.9,0,3021,1
2026-09-15T04,120,2,2.95,17050,0,1
2026-09-15T04,120,3,3.25,0,293647,1
2026-09-15T04,120,4,3.25,0,32999,1
2026-09-15T04,120,6,3.45,0,69160,1
2026-09-15T05,120,0,2.4,0,11191,1
2026-09-15T05,120,0,2.45,0,1528,2
2026-09-15T05,120,0,2.5,1500,0,2
2026-09-15T05,120,0,2.55,789,0,1
2026-09-15T05,120,0,2.6,1362,0,1
2026-09-15T05,120,0,2.65,0,37,1
2026-09-15T05,120,0,2.7,18172,0,3
2026-09-15T05,120,1,2.85,11755,0,1
2026-09-15T05,120,2,2.9,5950,0,2
2026-09-15T05,120,3,3.25,0,200000,1
2026-09-15T05,120,4,3.3,200000,0,1
2026-09-15T05,120,5,3.45,1400,0,1
2026-09-15T05,120,6,3.5,1000,0,1
2026-09-15T06,120,0,2.35,0,50,1
2026-09-15T06,120,0,2.4,12087,3089,2
2026-09-15T06,120,0,2.45,0,48453,1
2026-09-15T06,120,0,2.5,0,2000,1
2026-09-15T06,120,0,2.55,1680,7371,2
2026-09-15T06,120,0,2.6,0,1131,1
2026-09-15T06,120,0,2.65,0,7585,1
2026-09-15T06,120,0,2.7,10245,6222,4
2026-09-15T06,120,1,2.75,0,724,1
2026-09-15T06,120,2,2.8,5012,112710,3
2026-09-15T06,120,2,2.85,16526,0,1
2026-09-15T06,120,6,3.5,71163,0,1
2026-09-15T06,120,10,6.9,22,0,1
2026-09-15T11,120,0,2.3,5495,0,1
2026-09-15T11,120,0,2.7,0,28712,8
2026-09-15T11,120,1,2.75,0,16160,1
2026-09-15T11,120,1,2.85,168008,0,1
2026-09-15T11,120,2,2.85,0,30565,1
2026-09-15T11,120,2,2.9,0,27424,1
2026-09-15T11,120,2,2.95,0,55711,3
2026-09-15T11,120,2,3.0,0,140211,2
2026-09-15T11,120,2,3.1,0,5092,1
2026-09-15T11,120,2,3.15,50000,0,1
2026-09-15T11,120,3,3.2,0,98093,2
2026-09-15T11,120,3,3.25,9338,0,1
2026-09-15T11,120,4,3.3,0,726181,1
2026-09-15T11,120,6,3.5,36300,0,1
2026-09-15T11,120,7,4.4,26800,0,1
2026-09-15T11,120,10,6.9,3620,0,1
2026-09-15T12,120,0,2.25,0,11788,2
2026-09-15T12,120,0,2.3,0,10421,1
2026-09-15T12,120,0,2.65,0,786,3
2026-09-15T12,120,0,2.7,4678,0,5
2026-09-15T12,120,2,3.0,0,10,1
2026-09-15T12,120,2,3.05,0,4643,2
2026-09-15T12,120,2,3.1,2000,0,1
2026-09-15T12,120,3,3.2,0,83960,1
2026-09-15T12,120,4,3.25,0,1726380,1
2026-09-15T12,120,4,3.3,0,3150,2
2026-09-15T12,120,5,3.45,0,28837,1
2026-09-15T12,120,6,3.5,896688,2479353,3
2026-09-15T13,120,0,2.55,0,100,1
2026-09-15T13,120,0,2.65,0,15230,4
2026-09-15T13,120,0,2.7,54589,24289,10
2026-09-15T13,120,1,2.8,0,1000,1
2026-09-15T13,120,1,2.85,96594,0,2
2026-09-15T13,120,2,3.1,0,8221,1
2026-09-15T13,120,3,3.1,20000,0,1
2026-09-15T13,120,4,3.2,1605,0,1
2026-09-15T13,120,4,3.3,226800,0,1
2026-09-15T14,120,0,2.6,0,320,2
2026-09-15T14,120,0,2.65,39647,0,6
2026-09-15T14,120,0,2.7,2286,0,1
2026-09-15T14,120,1,2.75,0,50000,1
2026-09-15T14,120,1,2.85,23594,0,2
2026-09-15T14,120,2,2.85,51150,0,2
2026-09-15T14,120,3,3.05,4480,1470,2
2026-09-15T14,120,3,3.1,4778,0,2
2026-09-15T14,120,4,3.2,17210,0,2
2026-09-15T14,120,6,3.55,126435,0,1
2026-09-15T15,120,0,2.55,0,3504,2
2026-09-15T15,120,0,2.6,0,2017,5
2026-09-15T15,120,0,2.65,18171,0,6
2026-09-15T15,120,2,2.85,6980,0,3
2026-09-15T15,120,3,3.1,24330,0,2
2026-09-15T15,120,4,3.15,0,29999,1
2026-09-15T15,120,4,3.2,20000,0,1
2026-09-15T15,120,5,3.45,0,128987,1
2026-09-15T15,120,9,6.9,10722,0,1
2026-09-15T15,120,10,6.9,0,96358,1
2026-09-15T16,120,0,2.65,22117,14065,6
2026-09-15T16,120,0,2.7,15511,1884,6
2026-09-15T16,120,2,2.85,117904,0,2
2026-09-15T16,120,7,4.4,123710,0,1
2026-09-15T17,120,0,2.6,0,1091,1
2026-09-15T17,120,0,2.65,11025,7809,7
2026-09-15T17,120,0,2.7,2051,0,3
2026-09-15T17,120,1,2.75,18601,0,1
2026-09-15T17,120,2,2.85,500,0,1
2026-09-15T17,120,3,3.1,0,450643,1
2026-09-15T17,120,3,3.15,0,41567,1
2026-09-15T17,120,3,3.2,8570,0,2
2026-09-15T17,120,4,3.15,0,48644,1
2026-09-15T17,120,4,3.2,0,151693,1
2026-09-15T17,120,10,6.9,7930,0,1
2026-09-15T18,120,0,2.65,0,356,2
2026-09-15T18,120,0,2.7,5518,4153,3
2026-09-15T18,120,0,2.75,11761,101922,7
2026-09-15T18,120,0,2.8,61345,14422,4
2026-09-15T18,120,1,2.75,0,5727,1
2026-09-15T18,120,1,2.8,11161,4467,3
2026-09-15T18,120,2,2.8,0,22574,1
2026-09-15T18,120,2,2.85,51270,0,2
2026-09-15T18,120,3,3.2,0,15434,2
2026-09-15T18,120,3,3.25,5234,0,2
2026-09-15T18,120,4,3.3,32080,0,2
2026-09-15T19,120,0,2.7,1800,7721,2
2026-09-15T19,120,0,2.75,0,328,1
2026-09-15T19,120,0,2.8,9210,0,2
2026-09-15T19,120,1,2.75,7083,0,3
2026-09-15T19,120,2,2.75,3040,0,1
2026-09-15T19,120,2,2.85,6926,0,2
2026-09-15T19,120,4,3.3,1670,0,1
2026-09-15T19,120,7,4.4,13770,0,1
2026-09-15T20,120,0,2.65,0,2065,2
2026-09-15T20,120,0,2.7,0,16131,3
2026-09-15T20,120,2,2.7,15681,4319,3
2026-09-15T20,120,2,2.75,4363,0,3
2026-09-15T20,120,10,6.8,0,5100,1
2026-09-15T20,120,11,6.9,0,6,1
2026-09-15T21,120,0,2.6,0,800,1
2026-09-15T21,120,0,2.7,0,300,1
2026-09-15T21,120,2,2.75,89721,18547,11
2026-09-15T21,120,4,3.25,0,5148,1
2026-09-15T21,120,4,3.3,7600,0,1
2026-09-15T21,120,8,6.5,0,149780,1
2026-09-15T22,120,0,2.5,0,201,1
2026-09-15T22,120,0,2.55,299,0,1
2026-09-15T22,120,0,2.6,700,0,1
2026-09-15T22,120,0,2.65,302,3039,2
2026-09-15T22,120,1,2.65,15026,9949,2
2026-09-15T22,120,1,2.7,4735,973,2
2026-09-15T22,120,2,2.75,120416,0,4
2026-09-15T22,120,3,3.15,5402,0,1
2026-09-15T22,120,7,4.4,0,585720,1
2026-09-15T22,120,9,6.9,0,9278,1
2026-09-15T22,120,10,6.9,0,92070,1
2026-09-15T22,120,11,7.0,40222,0,1
2026-09-16T04,120,0,2.55,0,701,1
2026-09-16T04,120,0,2.6,0,2300,1
2026-09-16T04,120,0,2.65,0,17241,1
2026-09-16T04,120,0,2.7,0,2983,1
2026-09-16T04,120,1,2.75,0,2257,1
2026-09-16T04,120,2,2.75,0,265108,1
2026-09-16T04,120,2,2.8,41323,0,1
2026-09-16T04,120,3,3.15,0,106782,1
2026-09-16T04,120,3,3.2,0,22459,1
2026-09-16T04,120,3,3.25,0,581068,1
2026-09-16T04,120,4,3.3,0,1093370,1
2026-09-16T04,120,4,3.35,102804,0,1
2026-09-16T04,120,5,3.45,1400,0,1
2026-09-16T04,120,6,3.5,35144,0,2
2026-09-16T05,120,0,2.55,4179,9300,3
2026-09-16T05,120,0,2.6,15834,11300,8
2026-09-16T05,120,1,2.7,0,2000,1
2026-09-16T05,120,1,2.75,0,9755,1
2026-09-16T05,120,2,2.75,11406,13594,4
2026-09-16T05,120,2,2.8,47233,0,2
2026-09-16T06,120,0,2.5,0,200,1
2026-09-16T06,120,0,2.55,0,200,1
2026-09-16T06,120,0,2.6,1036,2623,5
2026-09-16T06,120,0,2.65,21659,0,3
2026-09-16T06,120,2,2.75,0,20000,1
2026-09-16T06,120,2,2.8,0,25258,1
2026-09-16T06,120,2,2.85,100000,0,1
2026-09-16T07,120,0,2.5,17657,1218,4
2026-09-16T07,120,0,2.55,0,8503,1
2026-09-16T07,120,0,2.6,24637,2802,6
2026-09-16T07,120,1,2.75,2904,0,3
2026-09-16T07,120,2,2.85,1770,0,1
2026-09-16T07,120,11,7.0,0,71519,1
2026-09-16T08,120,0,2.55,6500,3891,4
2026-09-16T08,120,0,2.6,7065,0,4
2026-09-16T08,120,2,2.85,0,473182,1
2026-09-16T08,120,2,2.95,7812,0,1
2026-09-16T09,120,0,2.5,0,301,2
2026-09-16T09,120,0,2.55,0,5203,2
2026-09-16T09,120,0,2.6,10902,0,5
2026-09-16T09,120,1,2.75,775,0,1
2026-09-16T09,120,1,2.8,0,16631,1
2026-09-16T09,120,4,3.3,10000,0,1
2026-09-16T10,120,0,2.5,531,0,1
2026-09-16T10,120,0,2.55,217,833,3
2026-09-16T10,120,0,2.6,24561,0,7
2026-09-16T10,120,1,2.65,25678,18652,3
2026-09-16T10,120,1,2.7,5348,0,1
2026-09-16T10,120,4,3.3,1160,0,1
2026-09-16T10,120,6,3.5,39000,0,1
2026-09-16T11,120,0,2.5,0,9267,3
2026-09-16T11,120,0,2.55,0,4783,1
2026-09-16T11,120,0,2.6,3600,5537,5
2026-09-16T11,120,0,2.65,11840,25681,4
2026-09-16T11,120,0,2.7,440,76451,4
2026-09-16T11,120,1,2.7,1200,26277,2
2026-09-16T11,120,3,3.15,7860,7429,2
2026-09-16T11,120,8,6.5,0,101780,1
2026-09-16T11,120,9,6.9,0,20000,1
2026-09-16T12,120,0,2.7,14345,0,5
2026-09-16T12,120,1,2.7,0,4100,1
2026-09-16T12,120,1,2.75,0,30021,1
2026-09-16T12,120,1,2.8,0,4000,1
2026-09-16T12,120,1,2.85,1629,0,1
2026-09-16T12,120,3,3.2,0,179105,2
2026-09-16T12,120,4,3.25,300000,0,1
2026-09-16T13,120,0,2.45,0,390,1
2026-09-16T13,120,0,2.5,16646,27006,8
2026-09-16T13,120,1,2.7,88,7388,2
2026-09-16T13,120,1,2.75,0,1000,1
2026-09-16T13,120,1,2.8,5698,0,2
2026-09-16T13,120,2,2.85,0,13167,1
2026-09-16T13,120,2,2.9,0,140,1
2026-09-16T13,120,2,2.95,1693,0,1
2026-09-16T13,120,3,3.2,8800,0,1
2026-09-16T13,120,4,3.25,521760,0,1
2026-09-16T13,120,5,3.35,0,109256,1
2026-09-16T13,120,5,3.4,0,598030,1
2026-09-16T13,120,5,3.45,0,19858,1
2026-09-16T13,120,6,3.5,0,1644589,1
2026-09-16T13,120,11,7.5,40000,0,1
2026-09-16T14,120,0,2.55,24711,21529,4
2026-09-16T14,120,0,2.6,0,1479,1
2026-09-16T14,120,0,2.65,0,20,1
2026-09-16T14,120,0,2.7,5403,5733,6
2026-09-16T14,120,0,2.75,12478,0,2
2026-09-16T14,120,1,2.8,12360,1643,3
2026-09-16T14,120,1,2.85,22369,0,2
2026-09-16T14,120,2,2.9,0,37039,1
2026-09-16T14,120,2,2.95,1571,1160,2
2026-09-16T14,120,3,3.15,1533,0,2
2026-09-16T14,120,4,3.25,0,95170,1
2026-09-16T14,120,4,3.3,0,344004,2
2026-09-16T14,120,4,3.35,0,59576,1
2026-09-16T14,120,6,3.55,51330,0,2
2026-09-16T14,120,11,7.5,0,10000,1
2026-09-16T14,120,11,7.7,0,50000,1
2026-09-16T15,120,0,2.65,0,100,1
2026-09-16T15,120,0,2.7,18241,0,5
2026-09-16T15,120,1,2.8,0,9990,1
2026-09-16T15,120,1,2.85,90555,0,2
2026-09-16T15,120,6,3.5,4800,0,1
2026-09-16T15,120,6,3.55,25827,0,1
2026-09-16T16,120,0,2.5,0,2,1
2026-09-16T16,120,0,2.55,0,2057,1
2026-09-16T16,120,0,2.6,986,370,3
2026-09-16T16,120,0,2.65,0,5000,1
2026-09-16T16,120,0,2.7,11361,12697,4
2026-09-16T16,120,1,2.75,27665,16077,3
2026-09-16T16,120,1,2.8,7309,0,3
2026-09-16T16,120,2,2.85,0,49531,1
2026-09-16T16,120,2,2.9,19418,0,1
2026-09-16T16,120,3,3.15,3000,0,1
2026-09-16T16,120,11,7.8,0,40000,1
2026-09-16T17,120,0,2.55,0,2098,1
2026-09-16T17,120,0,2.6,310,2767,3
2026-09-16T17,120,0,2.7,4740,12337,5
2026-09-16T17,120,0,2.75,1844,0,1
2026-09-16T17,120,1,2.75,340,0,1
2026-09-16T17,120,2,2.9,0,582,1
2026-09-16T17,120,2,2.95,1418,18582,2
2026-09-16T17,120,2,3.0,0,1589,2
2026-09-16T17,120,2,3.05,0,5928,1
2026-09-16T17,120,2,3.1,7931,0,1
2026-09-16T17,120,3,3.1,26950,14437,2
2026-09-16T17,120,7,3.95,282130,0,1
2026-09-16T18,120,0,2.65,5338,3062,3
2026-09-16T18,120,1,2.75,5470,0,4
2026-09-16T18,120,3,3.15,51068,0,2
2026-09-16T18,120,4,3.45,1140,0,1
2026-09-16T19,120,0,2.6,0,708,1
2026-09-16T19,120,0,2.65,1100,11657,3
2026-09-16T19,120,0,2.7,21205,0,5
2026-09-16T19,120,1,2.7,4682,8166,2
2026-09-16T19,120,1,2.75,0,5699,1
2026-09-16T19,120,1,2.8,0,12691,1
2026-09-16T19,120,1,2.85,31191,0,1
2026-09-16T19,120,2,2.95,0,30000,1
2026-09-16T19,120,2,3.0,0,2054,1
2026-09-16T19,120,2,3.05,0,11156,1
2026-09-16T19,120,2,3.1,38244,0,1
2026-09-16T19,120,3,3.15,27003,0,3
2026-09-16T19,120,4,3.45,50305,0,1
2026-09-16T19,120,5,3.5,10570,0,1
2026-09-16T19,120,6,3.5,0,1693200,1
2026-09-16T19,120,7,3.95,13770,0,1
2026-09-16T19,120,10,7.0,0,20000,1
2026-09-16T21,120,0,2.55,0,27450,2
2026-09-16T21,120,0,2.6,0,413,1
2026-09-16T21,120,0,2.65,1633,0,1
2026-09-16T21,120,0,2.7,0,10439,3
2026-09-16T21,120,0,2.75,3887,0,1
2026-09-16T21,120,1,2.75,0,5504,1
2026-09-16T21,120,1,2.8,4096,0,1
2026-09-16T21,120,1,2.85,6395,0,1
2026-09-16T21,120,2,2.95,6134,0,1
2026-09-16T21,120,3,3.15,81505,0,1
2026-09-16T21,120,4,3.35,0,84154,1
2026-09-16T21,120,4,3.45,0,85822,1
2026-09-16T21,120,5,3.45,4650,0,1
2026-09-16T21,120,5,3.5,5345,0,1
2026-09-16T21,120,6,3.55,33000,0,1
2026-09-16T21,120,10,7.3,0,23000,1
2026-09-16T21,120,10,7.4,0,450,1
2026-09-16T21,120,10,7.5,0,13797,1
2026-09-16T21,120,11,8.0,19543,0,1
2026-09-16T22,120,0,2.6,3515,1006,3
2026-09-16T22,120,0,2.65,39567,2780,5
2026-09-16T22,120,1,2.8,0,904,1
2026-09-16T22,120,1,2.85,26538,0,2
2026-09-16T22,120,2,2.95,6000,0,1
2026-09-16T22,120,3,3.15,20615,0,2
2026-09-16T22,120,5,3.45,13000,0,1
2026-09-16T22,120,6,3.5,3688,0,2
2026-09-16T23,120,0,2.5,0,500,1
2026-09-16T23,120,0,2.6,550,250,2
2026-09-16T23,120,0,2.65,1106,0,1
2026-09-17T04,120,0,2.65,8500,0,1
2026-09-17T04,120,1,2.85,0,21372,1
2026-09-17T04,120,1,2.95,1763,0,1
2026-09-17T04,120,2,2.95,0,87866,1
2026-09-17T04,120,3,3.15,47996,0,1
2026-09-17T04,120,5,3.45,0,25335,1
2026-09-17T04,120,6,3.5,92350,0,1
2026-09-17T04,120,7,3.95,25000,0,1
2026-09-17T05,120,0,2.6,0,51551,2
2026-09-17T05,120,0,2.65,0,7512,2
2026-09-17T05,120,0,2.7,0,7041,5
2026-09-17T05,120,0,2.75,36620,22443,14
2026-09-17T05,120,1,2.9,0,3861,2
2026-09-17T05,120,2,2.9,2199,100000,4
2026-09-17T05,120,2,2.95,42082,0,1
2026-09-17T05,120,3,3.15,2592,60628,3
2026-09-17T05,120,4,3.2,0,79451,1
2026-09-17T05,120,10,6.9,0,8148,1
2026-09-17T05,120,11,7.0,0,5000,1
2026-09-17T06,120,0,2.7,0,3645,1
2026-09-17T06,120,0,2.75,8942,31770,10
2026-09-17T06,120,0,2.8,1520,0,3
2026-09-17T06,120,2,2.85,0,14510,1
2026-09-17T06,120,2,2.9,5490,0,1
2026-09-17T06,120,3,3.15,3422,0,1
2026-09-17T06,120,4,3.3,0,29273,1
2026-09-17T06,120,4,3.35,20727,0,1
2026-09-17T06,120,5,3.45,390,27273,2
2026-09-17T06,120,6,3.5,28206,0,2
2026-09-17T07,120,0,2.7,0,138,2
2026-09-17T07,120,0,2.75,0,1000,1
2026-09-17T07,120,0,2.8,9800,0,5
2026-09-17T07,120,2,2.9,25124,0,2
2026-09-17T08,120,0,2.75,0,10108,6
2026-09-17T08,120,0,2.8,10002,16361,9
2026-09-17T08,120,1,2.95,51634,0,1
2026-09-17T08,120,2,2.9,0,8686,1
2026-09-17T08,120,2,2.95,0,31083,2
2026-09-17T08,120,2,3.0,76695,0,1
2026-09-17T09,120,0,2.65,150,0,1
2026-09-17T09,120,0,2.7,0,145,1
2026-09-17T09,120,0,2.75,1855,0,1
2026-09-17T09,120,0,2.8,3500,0,1
2026-09-17T09,120,1,2.75,6485,0,1
2026-09-17T09,120,11,6.8,0,5000,1
2026-09-17T10,120,0,2.6,0,3190,2
2026-09-17T10,120,0,2.65,18003,16,4
2026-09-17T10,120,1,2.65,950,32518,3
2026-09-17T10,120,1,2.7,1063,18996,3
2026-09-17T10,120,1,2.75,0,1510,1
2026-09-17T10,120,1,2.9,0,1000,1
2026-09-17T10,120,1,2.95,0,12320,1
2026-09-17T10,120,2,3.0,51764,0,4
2026-09-17T11,120,0,2.6,5850,1679,3
2026-09-17T11,120,0,2.65,0,3857,2
2026-09-17T11,120,0,2.7,23336,0,2
2026-09-17T11,120,1,2.95,432,0,1
2026-09-17T11,120,2,3.0,32640,0,1
2026-09-17T11,120,3,3.15,100000,0,1
2026-09-17T12,120,0,2.6,0,75,1
2026-09-17T12,120,0,2.65,800,8253,4
2026-09-17T12,120,0,2.7,4318,6761,6
2026-09-17T12,120,1,2.95,132,5436,3
2026-09-17T12,120,1,3.0,0,86925,1
2026-09-17T12,120,1,3.05,0,1185,1
2026-09-17T12,120,2,2.95,0,5,1
2026-09-17T12,120,2,3.0,0,19038,1
2026-09-17T12,120,2,3.05,5471,99964,3
2026-09-17T12,120,2,3.1,4054,0,2
2026-09-17T12,120,3,3.15,142626,0,3
2026-09-17T13,120,0,2.6,1614,5101,5
2026-09-17T13,120,0,2.65,0,5147,4
2026-09-17T13,120,0,2.7,38960,0,4
2026-09-17T13,120,2,3.0,7332,0,1
2026-09-17T13,120,2,3.05,10000,0,1
2026-09-17T13,120,3,3.15,0,518640,1
2026-09-17T13,120,3,3.25,2480,0,1
2026-09-17T14,120,0,2.7,18575,76127,7
2026-09-17T14,120,0,2.75,0,2645,3
2026-09-17T14,120,0,2.8,21516,0,5
2026-09-17T14,120,1,2.8,0,11000,1
2026-09-17T14,120,2,3.0,38150,0,2
2026-09-17T14,120,6,3.45,36300,0,1
2026-09-17T15,120,0,2.55,125,0,1
2026-09-17T15,120,0,2.65,0,600,1
2026-09-17T15,120,0,2.7,6810,0,3
2026-09-17T15,120,0,2.75,700,0,1
2026-09-17T15,120,0,2.8,4790,0,3
2026-09-17T15,120,1,2.95,1200,0,1
2026-09-17T15,120,3,3.15,46916,0,3
2026-09-17T15,120,4,3.2,0,2,1
2026-09-17T15,120,6,3.45,0,843190,1
2026-09-17T16,120,0,2.5,0,22884,1
2026-09-17T16,120,0,2.55,0,375,1
2026-09-17T16,120,0,2.6,0,2000,1
2026-09-17T16,120,0,2.65,1419,2936,2
2026-09-17T16,120,0,2.7,0,5234,1
2026-09-17T16,120,0,2.75,4705,0,2
2026-09-17T16,120,1,2.95,0,3657,1
2026-09-17T16,120,2,3.0,0,5159,1
2026-09-17T16,120,2,3.05,4103,44878,5
2026-09-17T16,120,2,3.1,53359,7176,5
2026-09-17T16,120,3,3.15,3000,16242,2
2026-09-17T16,120,3,3.2,0,1000,1
2026-09-17T16,120,4,3.25,3193,0,1
2026-09-17T16,120,5,3.45,0,50174,1
2026-09-17T16,120,6,3.5,127446,168496,2
2026-09-17T16,120,9,7.1,0,7000,1
2026-09-17T16,120,10,7.2,0,80514,1
2026-09-17T16,120,10,7.4,0,6200,1
2026-09-17T16,120,11,7.5,19686,0,1
2026-09-17T17,120,0,2.6,0,6209,4
2026-09-17T17,120,0,2.65,310,9619,3
2026-09-17T17,120,0,2.7,42688,5790,4
2026-09-17T17,120,0,2.75,11065,3617,3
2026-09-17T17,120,2,3.1,14373,0,2
2026-09-17T17,120,4,3.25,26310,0,2
2026-09-17T17,120,11,7.5,7930,0,1
2026-09-17T18,120,0,2.6,294,0,1
2026-09-17T18,120,0,2.65,7400,4479,6
2026-09-17T18,120,0,2.7,102100,0,4
2026-09-17T18,120,1,3.05,2000,0,1
2026-09-17T18,120,2,2.95,7989,0,2
2026-09-17T18,120,3,3.15,2713,0,1
2026-09-17T18,120,5,3.5,0,16401,1
2026-09-17T18,120,6,3.5,0,1630614,1
2026-09-17T18,120,6,3.55,118599,0,1
2026-09-17T19,120,0,2.6,0,546,1
2026-09-17T19,120,0,2.65,0,12325,3
2026-09-17T19,120,0,2.7,23074,0,9
2026-09-17T19,120,2,2.9,0,14887,1
2026-09-17T19,120,2,2.95,20253,7383,5
2026-09-17T19,120,2,3.0,27311,0,1
2026-09-17T19,120,3,3.15,0,38854,1
2026-09-17T19,120,4,3.2,0,39330,1
2026-09-17T19,120,4,3.25,170497,0,1
2026-09-17T19,120,11,7.5,40000,0,1
2026-09-17T20,120,0,2.65,0,1936,1
2026-09-17T20,120,0,2.7,13967,0,6
2026-09-17T20,120,2,3.0,3910,0,4
2026-09-17T20,120,4,3.2,0,16300,1
2026-09-17T20,120,4,3.25,89355,210645,4
2026-09-17T20,120,5,3.45,5400,0,1
2026-09-17T20,120,6,3.5,2684,0,1
2026-09-17T20,120,7,3.95,14100,0,1
2026-09-17T21,120,0,2.65,765,1425,3
2026-09-17T21,120,0,2.7,36638,155304,5
2026-09-17T21,120,0,2.75,0,18935,1
2026-09-17T21,120,0,2.8,936,105770,7
2026-09-17T21,120,0,2.85,0,2437,3
2026-09-17T21,120,0,2.9,250,44310,12
2026-09-17T21,120,2,3.0,2394,0,1
2026-09-17T21,120,4,3.3,44678,0,2
2026-09-17T21,120,11,7.5,60000,0,1
2026-09-17T22,120,0,2.7,0,15,1
2026-09-17T22,120,0,2.75,125,5906,4
2026-09-17T22,120,0,2.8,2691,0,2
2026-09-17T22,120,2,2.95,0,12001,1
2026-09-17T22,120,2,3.0,6812,0,2
2026-09-17T22,120,3,3.25,18520,0,2
2026-09-17T22,120,4,3.3,29800,0,2
2026-09-17T23,120,0,2.75,0,221,1
2026-09-17T23,120,0,2.8,1566,3867,5
2026-09-17T23,120,0,2.85,6726,0,3
2026-09-17T23,120,2,2.95,3488,0,2
2026-09-17T23,120,3,3.25,40000,0,2
2026-09-17T23,120,4,3.3,12540,9178,3
2026-09-18T00,120,0,2.8,0,100,1
2026-09-18T00,120,0,2.85,20,0,1
2026-09-18T00,120,1,2.8,0,979,1
2026-09-18T00,120,1,2.85,5923,0,5
2026-09-18T00,120,3,3.25,11060,330901,2
2026-09-18T01,120,0,2.65,847,0,2
2026-09-18T01,120,1,2.8,580,0,1
2026-09-18T01,120,1,2.85,560,3397,3
2026-09-18T01,120,2,2.85,12002,0,2
2026-09-18T01,120,2,2.9,42546,0,1
2026-09-18T01,120,3,3.25,18900,0,1
2026-09-18T01,120,4,3.35,0,39272,1
2026-09-18T01,120,6,3.45,109949,0,2
2026-09-18T02,120,0,2.6,3152,295,4
2026-09-18T02,120,0,2.65,1633,0,2
2026-09-18T02,120,1,2.75,25,0,1
2026-09-18T02,120,2,2.85,0,10311,1
2026-09-18T02,120,2,2.9,4809,0,2
2026-09-18T02,120,6,3.45,41321,0,1
2026-09-18T03,120,0,2.55,0,200,1
2026-09-18T03,120,0,2.6,3743,1512,7
2026-09-18T03,120,0,2.65,2134,0,2
2026-09-18T03,120,1,2.7,0,7667,1
2026-09-18T03,120,1,2.75,0,4010,1
2026-09-18T03,120,1,2.8,2823,0,1
2026-09-18T03,120,2,2.85,25000,0,1
2026-09-18T03,120,3,3.25,10000,225920,3
2026-09-18T03,120,4,3.3,78147,0,2
2026-09-18T03,120,6,3.45,0,178492,1
2026-09-18T04,120,0,2.5,0,4000,1
2026-09-18T04,120,0,2.55,0,1196,2
2026-09-18T04,120,0,2.6,150,386,4
2026-09-18T04,120,0,2.65,7462,1442,6
2026-09-18T04,120,0,2.7,19676,8352,7
2026-09-18T04,120,2,2.85,0,69889,1
2026-09-18T04,120,4,3.3,0,1219348,2
2026-09-18T04,120,10,7.2,0,61338,1
2026-09-18T05,120,0,2.7,40383,0,8
2026-09-18T05,120,1,2.75,42136,2542,3
2026-09-18T05,120,2,2.85,3498,0,3
2026-09-18T05,120,5,3.35,3490,0,2
2026-09-18T05,120,6,3.5,1000,0,1
2026-09-18T06,120,0,2.4,500,0,1
2026-09-18T06,120,0,2.5,0,41,1
2026-09-18T06,120,0,2.55,58882,0,5
2026-09-18T06,120,0,2.65,5500,0,2
2026-09-18T06,120,1,2.7,0,2000,1
2026-09-18T06,120,1,2.75,1280,9116,2
2026-09-18T06,120,2,2.85,1944,13098,2
2026-09-18T06,120,2,2.9,11902,0,1
2026-09-18T06,120,5,3.35,0,30763,1
2026-09-18T06,120,5,3.4,69237,0,1
2026-09-18T06,120,11,6.3,4200,0,1
2026-09-18T07,120,0,2.3,26857,0,7
2026-09-18T07,120,0,2.4,475,9325,2
2026-09-18T07,120,0,2.5,3847,0,1
2026-09-18T07,120,1,2.75,1311,0,2
2026-09-18T07,120,2,2.9,1860,5331,2
2026-09-18T07,120,2,2.95,0,36731,1
2026-09-18T07,120,5,3.4,12200,0,2
2026-09-18T07,120,7,3.95,0,245000,1
2026-09-18T07,120,11,6.3,0,481243,1
2026-09-18T08,120,0,2.3,22175,114218,3
2026-09-18T08,120,0,2.35,0,50,1
2026-09-18T08,120,0,2.45,0,401,1
2026-09-18T08,120,0,2.5,0,7393,2
2026-09-18T08,120,0,2.55,0,21556,2
2026-09-18T08,120,0,2.6,2301,2851,7
2026-09-18T08,120,1,2.75,10,0,2
2026-09-18T08,120,2,3.0,312,8925,2
2026-09-18T08,120,2,3.05,0,32148,1
2026-09-18T08,120,2,3.1,13058,0,2
2026-09-18T08,120,5,3.4,0,740333,1
2026-09-18T08,120,9,7.0,200000,0,1
2026-09-18T09,120,0,2.55,0,3868,1
2026-09-18T09,120,0,2.6,91,32080,6
2026-09-18T09,120,0,2.65,4732,0,3
2026-09-18T09,120,1,2.7,0,10,1
2026-09-18T09,120,3,3.2,20000,0,2
2026-09-18T09,120,5,3.45,0,27205,1
2026-09-18T09,120,6,3.5,1895,0,1
2026-09-18T10,120,0,2.55,470,0,2
2026-09-18T10,120,0,2.6,500,0,1
2026-09-18T10,120,0,2.65,6300,0,3
2026-09-18T10,120,1,2.7,0,33962,1
2026-09-18T10,120,1,2.75,0,14198,1
2026-09-18T10,120,1,2.8,0,1765,1
2026-09-18T10,120,1,2.95,7531,0,1
2026-09-18T10,120,6,3.5,126422,0,1
2026-09-18T11,120,0,2.5,0,50,1
2026-09-18T11,120,0,2.55,22850,23180,7
2026-09-18T11,120,0,2.6,5397,0,3
2026-09-18T11,120,2,3.1,5000,0,1
2026-09-18T11,120,3,3.15,0,16495,1
2026-09-18T11,120,3,3.2,4765,0,2
2026-09-18T11,120,6,3.5,201500,0,2
2026-09-18T12,120,0,2.5,550,10497,2
2026-09-18T12,120,0,2.55,0,599,2
2026-09-18T12,120,0,2.6,12027,70418,7
2026-09-18T12,120,1,2.65,0,14289,1
2026-09-18T12,120,1,2.7,0,855,1
2026-09-18T12,120,1,2.95,0,888,1
2026-09-18T12,120,1,3.0,0,13500,2
2026-09-18T12,120,1,3.05,0,2000,1
2026-09-18T12,120,2,3.1,73917,0,3
2026-09-18T12,120,3,3.2,5740,0,1
2026-09-18T13,120,0,2.45,0,843,1
2026-09-18T13,120,0,2.5,3000,3687,3
2026-09-18T13,120,0,2.55,3033,13693,8
2026-09-18T13,120,2,2.95,18605,0,3
2026-09-18T13,120,3,3.2,47448,0,1
2026-09-18T14,120,0,2.55,13726,5303,4
2026-09-18T14,120,0,2.6,360,0,2
2026-09-18T14,120,2,2.95,13678,0,2
2026-09-18T14,120,3,3.15,0,159520,1
2026-09-18T14,120,3,3.2,0,22047,1
2026-09-18T14,120,3,3.25,673,0,1
2026-09-18T14,120,4,3.35,11130,0,1
2026-09-18T14,120,5,3.45,3020,0,1
2026-09-18T14,120,6,3.5,36300,0,1
2026-09-18T14,120,7,4.0,0,100000,1
2026-09-18T14,120,7,4.05,0,753680,1
2026-09-18T15,120,0,2.45,1000,0,1
2026-09-18T15,120,0,2.5,1800,0,1
2026-09-18T15,120,0,2.55,4207,7796,4
2026-09-18T15,120,0,2.6,6606,5334,6
2026-09-18T15,120,1,2.85,650,4018,2
2026-09-18T15,120,2,2.9,0,450,1
2026-09-18T15,120,2,2.95,16379,0,2
2026-09-18T15,120,4,3.35,7330,0,3
2026-09-18T16,120,0,2.4,0,250,1
2026-09-18T16,120,0,2.45,46100,9383,6
2026-09-18T16,120,0,2.5,3141,8200,4
2026-09-18T16,120,0,2.55,0,11811,2
2026-09-18T16,120,0,2.6,9189,0,1
2026-09-18T16,120,2,2.95,30000,45071,2
2026-09-18T16,120,2,3.0,1582,0,1
2026-09-18T16,120,3,3.15,129000,8179,2
2026-09-18T16,120,4,3.35,0,25240,1
2026-09-18T16,120,4,3.4,9420,0,1
2026-09-18T17,120,0,2.4,0,4911,1
2026-09-18T17,120,0,2.45,0,2368,1
2026-09-18T17,120,0,2.5,0,96859,1
2026-09-18T17,120,0,2.55,0,20025,2
2026-09-18T17,120,0,2.6,1225,35034,5
2026-09-18T17,120,0,2.65,23469,0,4
2026-09-18T17,120,2,2.85,0,11895,1
2026-09-18T17,120,2,2.9,25757,0,4
2026-09-18T17,120,4,3.4,6850,0,1
2026-09-18T18,120,0,2.55,0,3746,1
2026-09-18T18,120,0,2.6,12810,4275,6
2026-09-18T18,120,0,2.65,22270,0,2
2026-09-18T18,120,1,2.85,0,6028,1
2026-09-18T18,120,2,2.9,11677,0,2
2026-09-18T18,120,3,3.15,7500,0,1
2026-09-18T18,120,4,3.4,0,2436,1
2026-09-18T18,120,5,3.45,18014,0,1
2026-09-18T18,120,6,3.45,0,1050,1
2026-09-18T19,120,0,2.45,0,3500,1
2026-09-18T19,120,0,2.5,350,798,2
2026-09-18T19,120,0,2.55,0,2000,1
2026-09-18T19,120,0,2.6,2010,1479,3
2026-09-18T19,120,0,2.65,4870,73225,8
2026-09-18T19,120,2,2.75,101,0,1
2026-09-18T19,120,2,2.8,16093,0,3
2026-09-18T19,120,3,3.15,14950,0,2
2026-09-18T19,120,11,6.3,0,102009,1
2026-09-18T20,120,0,2.5,0,9322,1
2026-09-18T20,120,0,2.55,0,100,1
2026-09-18T20,120,0,2.6,7088,499,2
2026-09-18T20,120,0,2.65,0,11789,3
2026-09-18T20,120,0,2.7,22587,0,4
2026-09-18T20,120,2,2.75,0,81817,1
2026-09-18T20,120,2,2.8,41368,0,3
2026-09-18T20,120,3,3.15,161436,0,4
2026-09-18T20,120,4,3.4,0,40454,1
2026-09-18T20,120,4,3.45,38037,0,2
2026-09-18T20,120,5,3.45,0,6831,1
2026-09-18T20,120,7,4.1,26090,0,2
2026-09-18T20,120,9,7.0,35000,0,1
2026-09-18T21,120,0,2.6,15575,3167,6
2026-09-18T21,120,0,2.65,0,1,1
2026-09-18T21,120,1,2.65,0,3400,1
2026-09-18T21,120,1,2.7,535,0,2
2026-09-18T21,120,2,2.7,1600,45400,2
2026-09-18T21,120,2,2.75,24021,0,1
2026-09-18T21,120,2,2.8,2730,0,1
2026-09-18T21,120,3,3.15,16110,0,1
2026-09-18T21,120,6,3.5,35280,0,1
2026-09-18T22,120,0,2.6,0,6650,1
2026-09-18T22,120,0,2.65,0,2000,1
2026-09-18T22,120,1,2.65,27671,0,6
2026-09-18T22,120,2,2.7,21984,0,2
2026-09-18T23,120,0,2.65,0,8405,1
2026-09-18T23,120,1,2.65,105,6926,2
2026-09-18T23,120,1,2.7,653,0,1
2026-09-18T23,120,2,2.7,0,11016,1
2026-09-18T23,120,2,2.75,192,0,1
2026-09-19T04,120,0,2.65,0,4000,1
2026-09-19T04,120,0,2.7,2427,0,1
2026-09-19T04,120,1,2.7,5000,7385,4
2026-09-19T04,120,2,2.75,0,125787,1
2026-09-19T04,120,2,2.8,140956,0,1
2026-09-19T04,120,3,3.15,77719,0,1
2026-09-19T04,120,4,3.35,0,29361,1
2026-09-19T04,120,4,3.4,3600,0,1
2026-09-19T04,120,6,3.45,197429,0,1
2026-09-19T04,120,9,7.0,11540,0,1
2026-09-19T04,120,10,7.4,0,50000,1
2026-09-19T05,120,0,2.15,0,154,1
2026-09-19T05,120,0,2.2,0,88,1
2026-09-19T05,120,0,2.55,0,274,1
2026-09-19T05,120,0,2.6,0,300,1
2026-09-19T05,120,0,2.65,400,15921,4
2026-09-19T05,120,0,2.7,30620,0,3
2026-09-19T05,120,2,2.75,0,23317,1
2026-09-19T05,120,2,2.8,6216,3,3
2026-09-19T05,120,3,3.15,11331,0,2
2026-09-19T05,120,4,3.3,1840,0,1
2026-09-19T05,120,6,3.45,0,285073,1
2026-09-19T06,120,0,2.6,590,100,3
2026-09-19T06,120,0,2.65,6727,0,4
2026-09-19T06,120,2,2.8,16800,0,3
2026-09-19T06,120,3,3.15,50000,0,1
2026-09-19T06,120,6,3.5,17490,0,1
2026-09-19T07,120,0,2.3,0,1943,1
2026-09-19T07,120,0,2.6,0,213,1
2026-09-19T07,120,0,2.65,4287,3173,3
2026-09-19T07,120,0,2.7,61907,0,10
2026-09-19T07,120,1,2.75,0,1976,1
2026-09-19T07,120,1,3.0,5024,18924,2
2026-09-19T07,120,1,3.05,0,1554,1
2026-09-19T07,120,2,2.8,0,30385,1
2026-09-19T07,120,2,2.85,0,55355,1
2026-09-19T07,120,2,2.9,0,75772,2
2026-09-19T07,120,2,2.95,0,40000,1
2026-09-19T07,120,2,3.0,0,78418,1
2026-09-19T07,120,2,3.05,130,0,1
2026-09-19T07,120,2,3.1,4640,0,1
2026-09-19T07,120,3,3.15,11541,0,2
2026-09-19T07,120,4,3.3,52340,0,2
2026-09-19T08,120,0,2.55,128,16816,3
2026-09-19T08,120,0,2.6,0,1828,2
2026-09-19T08,120,0,2.65,3370,4710,5
2026-09-19T08,120,0,2.7,34662,17239,5
2026-09-19T08,120,2,2.9,0,47422,1
2026-09-19T08,120,2,2.95,2578,1422,2
2026-09-19T08,120,2,3.0,10079,0,1
2026-09-19T08,120,3,3.15,48440,0,1
2026-09-19T09,120,0,2.6,884,686,4
2026-09-19T09,120,0,2.65,8191,0,2
2026-09-19T09,120,4,3.3,0,856940,1
2026-09-19T09,120,6,3.5,39402,0,3
2026-09-19T09,120,7,4.05,40000,0,1
2026-09-19T09,120,9,7.0,6850,46610,2
2026-09-19T09,120,9,7.1,0,16000,1
2026-09-19T09,120,10,7.4,24940,0,1
2026-09-19T10,120,0,2.6,390,1190,3
2026-09-19T10,120,0,2.65,27500,0,7
2026-09-19T10,120,1,2.85,5000,0,1
2026-09-19T11,120,0,2.5,2,4422,3
2026-09-19T11,120,0,2.55,3188,31203,4
2026-09-19T11,120,0,2.6,0,665,2
2026-09-19T11,120,0,2.65,222519,0,5
2026-09-19T11,120,1,2.85,1125,29532,3
2026-09-19T11,120,1,2.9,0,55500,2
2026-09-19T11,120,1,2.95,1200,0,1
2026-09-19T11,120,2,2.95,870,3376,2
2026-09-19T11,120,2,3.0,18242,0,1
2026-09-19T11,120,3,3.15,22720,0,3
2026-09-19T11,120,6,3.5,36927,0,1
2026-09-19T11,120,7,4.05,69596,0,1
2026-09-19T12,120,0,2.6,0,2103,1
2026-09-19T12,120,0,2.65,47184,26005,11
2026-09-19T12,120,0,2.7,4035,228,3
2026-09-19T12,120,1,2.9,1500,0,1
2026-09-19T12,120,1,2.95,2283,0,1
2026-09-19T12,120,2,3.0,0,1679,1
2026-09-19T12,120,2,3.05,10296,0,1
2026-09-19T13,120,0,2.3,0,2003,1
2026-09-19T13,120,0,2.6,0,30,1
2026-09-19T13,120,0,2.65,0,755,2
2026-09-19T13,120,0,2.7,5775,0,2
2026-09-19T13,120,1,2.9,0,29,1
2026-09-19T13,120,1,2.95,0,3517,1
2026-09-19T13,120,1,3.0,0,1000,1
2026-09-19T13,120,2,3.0,0,1435,1
2026-09-19T13,120,2,3.05,12019,0,1
2026-09-19T13,120,3,3.15,18360,430893,2
2026-09-19T13,120,4,3.35,14160,0,2
2026-09-19T14,120,0,2.55,0,443,1
2026-09-19T14,120,0,2.6,1855,4895,3
2026-09-19T14,120,0,2.65,9364,2913,2
2026-09-19T14,120,0,2.7,6702,9040,9
2026-09-19T14,120,1,2.95,4340,25258,2
2026-09-19T14,120,1,3.0,30,2190,2
2026-09-19T14,120,1,3.05,0,6410,1
2026-09-19T14,120,2,3.05,23135,41280,3
2026-09-19T14,120,2,3.1,17446,0,1
2026-09-19T14,120,3,3.15,0,91157,1
2026-09-19T14,120,4,3.35,0,4813,1
2026-09-19T14,120,5,3.4,0,53631,1
2026-09-19T14,120,6,3.45,0,270691,1
2026-09-19T15,120,0,2.6,600,1767,3
2026-09-19T15,120,0,2.65,11960,3250,6
2026-09-19T15,120,0,2.7,33583,0,2
2026-09-19T15,120,2,3.05,132,0,1
2026-09-19T15,120,3,3.2,2308,0,1
2026-09-19T15,120,4,3.4,6000,0,1
2026-09-19T16,120,0,2.5,50,5687,3
2026-09-19T16,120,0,2.6,14495,13937,5
2026-09-19T16,120,0,2.7,10200,0,1
2026-09-19T16,120,1,2.95,0,1933,1
2026-09-19T16,120,2,3.0,3000,0,1
2026-09-19T16,120,3,3.15,5806,0,1
2026-09-19T16,120,6,3.5,33099,0,1
2026-09-19T17,120,0,2.45,974,8608,4
2026-09-19T17,120,0,2.5,6068,1305,3
2026-09-19T17,120,0,2.55,0,476,1
2026-09-19T17,120,0,2.6,13755,545,4
2026-09-19T17,120,0,2.65,530,0,3
2026-09-19T17,120,3,3.15,7690,0,2
2026-09-19T17,120,4,3.4,0,50399,1
2026-09-19T17,120,4,3.45,42451,0,1
2026-09-19T17,120,5,3.45,0,15520,1
2026-09-19T18,120,0,2.55,0,12720,2
2026-09-19T18,120,0,2.6,13812,0,8
2026-09-19T18,120,1,2.95,900,4100,2
2026-09-19T18,120,2,3.0,3250,0,1
2026-09-19T18,120,3,3.15,45291,0,1
2026-09-19T19,120,0,2.5,345,55,2
2026-09-19T19,120,0,2.55,0,1168,2
2026-09-19T19,120,0,2.6,2645,222,5
2026-09-19T19,120,2,3.0,62335,13750,3
2026-09-19T19,120,3,3.15,15010,86072,4
2026-09-19T19,120,3,3.2,15831,52847,3
2026-09-19T20,120,0,2.6,12000,3927,4
2026-09-19T20,120,0,2.65,11281,9233,7
2026-09-19T20,120,0,2.7,9593,0,4
2026-09-19T20,120,1,2.85,0,4279,1
2026-09-19T20,120,2,2.9,0,3207,1
2026-09-19T20,120,2,2.95,40223,0,6
2026-09-19T20,120,3,3.2,56344,0,2
2026-09-19T20,120,4,3.4,3010,0,1
2026-09-19T20,120,6,3.5,24000,0,1
2026-09-19T21,120,0,2.55,448,0,1
2026-09-19T21,120,0,2.6,0,822,1
2026-09-19T21,120,0,2.65,2004,0,3
2026-09-19T21,120,2,2.95,46010,0,2
2026-09-19T21,120,4,3.4,35280,0,1
2026-09-19T22,120,0,2.55,0,6772,4
2026-09-19T22,120,0,2.6,500,100,2
2026-09-19T22,120,0,2.65,6030,0,2
2026-09-19T22,120,1,2.85,0,721,1
2026-09-19T22,120,1,2.9,0,835,1
2026-09-19T22,120,2,2.9,0,1793,1
2026-09-19T22,120,2,2.95,18476,0,2
2026-09-19T22,120,3,3.15,0,100000,1
2026-09-19T22,120,3,3.2,4088,0,1
2026-09-19T22,120,4,3.4,0,152249,1
2026-09-19T22,120,6,3.5,1060,0,1
2026-09-19T23,120,0,2.5,5,0,1
2026-09-19T23,120,0,2.6,0,3047,3
2026-09-19T23,120,0,2.65,5674,0,4
2026-09-19T23,120,2,2.9,2280,0,1
2026-09-19T23,120,2,2.95,2258,0,2
2026-09-19T23,120,5,3.45,230,0,1
2026-09-19T23,120,7,4.05,13200,0,1
2026-09-20T00,120,0,2.45,0,2602,1
2026-09-20T00,120,0,2.5,0,169,1
2026-09-20T00,120,0,2.55,0,50,1
2026-09-20T00,120,0,2.6,0,85,1
2026-09-20T00,120,0,2.65,1512,9545,4
2026-09-20T00,120,0,2.7,2000,0,1
2026-09-20T00,120,1,2.8,890,10076,2
2026-09-20T00,120,1,2.85,0,14262,1
2026-09-20T00,120,1,2.9,0,748,1
2026-09-20T00,120,2,2.9,0,22116,2
2026-09-20T00,120,2,2.95,62243,0,5
2026-09-20T00,120,11,6.3,0,97844,1
2026-09-20T01,120,0,2.6,0,700,1
2026-09-20T01,120,0,2.65,13,469,3
2026-09-20T01,120,0,2.7,52106,0,7
2026-09-20T01,120,3,3.2,3000,0,1
2026-09-20T01,120,5,3.4,16800,800000,2
2026-09-20T01,120,5,3.45,10773,0,1
2026-09-20T01,120,6,3.45,0,97397,1
2026-09-20T02,120,0,2.7,12785,8386,5
2026-09-20T02,120,2,2.9,3940,0,1
2026-09-20T02,120,3,3.15,0,84470,1
2026-09-20T02,120,3,3.2,12410,0,1
2026-09-20T02,120,5,3.4,14640,8846,3
2026-09-20T02,120,6,3.45,16914,0,1
2026-09-20T03,120,0,2.55,20,1080,2
2026-09-20T03,120,0,2.6,0,1212,1
2026-09-20T03,120,0,2.65,152,12649,4
2026-09-20T03,120,0,2.7,9062,0,1
2026-09-20T03,120,2,2.8,0,8782,1
2026-09-20T03,120,2,2.85,0,25277,1
2026-09-20T03,120,2,2.9,0,16060,1
2026-09-20T03,120,2,2.95,2500,254083,3
2026-09-20T03,120,3,3.2,12000,0,1
2026-09-20T04,120,0,2.65,0,9564,5
2026-09-20T04,120,0,2.7,15450,0,5
2026-09-20T04,120,2,2.95,0,4352,1
2026-09-20T04,120,2,3.0,0,37665,1
2026-09-20T04,120,2,3.05,3034,0,1
2026-09-20T04,120,4,3.3,4800,0,1
2026-09-20T04,120,5,3.35,1100,0,1
2026-09-20T04,120,6,3.45,0,64145,1
2026-09-20T04,120,6,3.5,2632,0,2
2026-09-20T05,120,0,2.6,1174,18720,2
2026-09-20T05,120,0,2.65,0,3752,2
2026-09-20T05,120,0,2.7,70636,0,6
2026-09-20T05,120,1,2.95,0,1800,1
2026-09-20T05,120,1,3.0,64580,0,3
2026-09-20T05,120,2,3.05,14900,1934,3
2026-09-20T05,120,2,3.1,51401,0,2
2026-09-20T06,120,0,2.5,0,176,1
2026-09-20T06,120,0,2.65,200,7782,3
2026-09-20T06,120,0,2.7,50438,0,5
2026-09-20T06,120,1,3.0,4210,0,4
2026-09-20T06,120,2,3.05,3376,0,2
2026-09-20T06,120,3,3.15,0,38047,1
2026-09-20T06,120,3,3.2,0,101977,1
2026-09-20T06,120,4,3.2,0,36020,1
2026-09-20T06,120,4,3.25,0,59999,1
2026-09-20T06,120,4,3.3,0,1740890,1
2026-09-20T06,120,5,3.35,0,8415,1
2026-09-20T06,120,5,3.4,165219,0,1
2026-09-20T06,120,6,3.5,2128,0,1
2026-09-20T07,120,0,2.65,0,505,2
2026-09-20T07,120,0,2.7,35253,0,6
2026-09-20T07,120,2,3.0,17814,0,3
2026-09-20T07,120,3,3.15,90,0,1
2026-09-20T07,120,5,3.4,1840,0,1
2026-09-20T08,120,0,2.35,0,5000,1
2026-09-20T08,120,0,2.4,727,1000,3
2026-09-20T08,120,0,2.7,18937,0,4
2026-09-20T08,120,2,2.9,9710,0,2
2026-09-20T08,120,3,3.15,0,1475089,1
2026-09-20T08,120,7,4.05,1820,0,1
2026-09-20T08,120,9,7.0,0,20000,1
2026-09-20T08,120,10,7.3,15000,0,1
2026-09-20T09,120,0,2.4,1486,5611,3
2026-09-20T09,120,0,2.6,0,571,1
2026-09-20T09,120,0,2.65,1804,0,1
2026-09-20T09,120,0,2.7,20428,0,5
2026-09-20T09,120,2,2.85,33328,80143,2
2026-09-20T09,120,5,3.4,170000,0,1
2026-09-20T10,120,0,2.55,0,1000,1
2026-09-20T10,120,0,2.6,9991,0,3
2026-09-20T10,120,0,2.65,0,2210,1
2026-09-20T10,120,0,2.7,11000,0,2
2026-09-20T10,120,2,2.9,0,10290,1
2026-09-20T10,120,2,2.95,39710,60290,2
2026-09-20T10,120,2,3.0,0,116136,1
2026-09-20T10,120,2,3.05,0,16624,1
2026-09-20T10,120,3,3.15,8180,0,1
2026-09-20T10,120,6,3.5,16473,0,1
2026-09-20T11,120,0,2.55,0,1329,2
2026-09-20T11,120,0,2.6,7049,3027,8
2026-09-20T11,120,0,2.65,16299,20164,6
2026-09-20T11,120,0,2.7,8820,0,1
2026-09-20T11,120,1,2.9,10200,0,2
2026-09-20T11,120,2,3.05,38000,0,1
2026-09-20T11,120,3,3.15,0,10985,1
2026-09-20T11,120,3,3.2,1854,10971,2
2026-09-20T11,120,5,3.4,87550,0,1
2026-09-20T11,120,9,7.0,6850,0,1
2026-09-20T12,120,0,2.5,1003,108,4
2026-09-20T12,120,0,2.55,5092,2,4
2026-09-20T12,120,0,2.6,43,145,3
2026-09-20T12,120,0,2.65,360,0,1
2026-09-20T12,120,1,2.9,3675,0,3
2026-09-20T12,120,2,3.05,310,0,1
2026-09-20T12,120,3,3.15,2490,0,1
2026-09-20T12,120,5,3.35,1030,0,1
2026-09-20T13,120,0,2.45,0,454,1
2026-09-20T13,120,0,2.55,1897,2943,4
2026-09-20T13,120,0,2.6,0,2443,2
2026-09-20T13,120,0,2.65,714,1367,4
2026-09-20T13,120,1,2.9,810,10315,2
2026-09-20T13,120,1,2.95,33338,0,2
2026-09-20T13,120,2,2.95,1200,0,1
2026-09-20T13,120,2,3.05,1522,0,1
2026-09-20T13,120,3,3.15,1724,0,3
2026-09-20T13,120,5,3.35,5000,31653,2
2026-09-20T13,120,5,3.4,6132,859469,2
2026-09-20T14,120,0,2.5,0,8106,1
2026-09-20T14,120,0,2.55,9425,509,4
2026-09-20T14,120,0,2.6,392,842,3
2026-09-20T14,120,0,2.65,0,2986,2
2026-09-20T14,120,0,2.7,15172,0,2
2026-09-20T14,120,1,2.9,0,9,1
2026-09-20T14,120,1,2.95,9858,1378,2
2026-09-20T14,120,2,2.95,400,24735,2
2026-09-20T14,120,2,3.0,28274,0,3
2026-09-20T14,120,5,3.45,64930,0,1
2026-09-20T14,120,6,3.5,0,691508,1
2026-09-20T15,120,0,2.55,0,12953,3
2026-09-20T15,120,0,2.6,14243,5594,4
2026-09-20T15,120,0,2.65,2500,4776,3
2026-09-20T15,120,0,2.7,0,19378,3
2026-09-20T15,120,1,2.9,0,36307,1
2026-09-20T15,120,1,2.95,2283,0,1
2026-09-20T15,120,2,2.95,0,15000,1
2026-09-20T15,120,2,3.0,18964,1410,2
2026-09-20T15,120,4,3.3,0,5010,1
2026-09-20T15,120,4,3.35,0,443,1
2026-09-20T16,120,0,2.55,0,4623,1
2026-09-20T16,120,0,2.6,76,9451,4
2026-09-20T16,120,0,2.65,18,4091,4
2026-09-20T16,120,0,2.7,24458,0,4
2026-09-20T16,120,1,2.95,3550,0,2
2026-09-20T16,120,2,3.0,1555,1036,2
2026-09-20T16,120,3,3.15,11890,0,1
2026-09-20T16,120,5,3.45,10822,0,3
2026-09-20T16,120,9,7.0,0,13150,1
2026-09-20T16,120,9,7.3,0,200000,1
2026-09-20T16,120,10,7.0,0,100000,1
2026-09-20T16,120,10,7.3,0,106061,1
2026-09-20T17,120,0,2.5,16,0,1
2026-09-20T17,120,0,2.7,24333,0,5
2026-09-20T17,120,1,2.95,0,1014,1
2026-09-20T17,120,2,3.0,10986,0,1
2026-09-20T17,120,3,3.15,136200,0,3
2026-09-20T17,120,4,3.45,0,42058,1
2026-09-20T17,120,4,3.5,0,11477,1
2026-09-20T17,120,5,3.4,11040,12757,2
2026-09-20T17,120,5,3.45,21610,141635,2
2026-09-20T17,120,6,3.55,39193,0,2
2026-09-20T17,120,8,6.8,2690,0,1
2026-09-20T17,120,10,7.4,0,50060,1
2026-09-20T18,120,0,2.4,0,2300,1
2026-09-20T18,120,0,2.45,0,1059,1
2026-09-20T18,120,0,2.5,0,6430,1
2026-09-20T18,120,0,2.55,0,3227,2
2026-09-20T18,120,0,2.6,25,4667,2
2026-09-20T18,120,0,2.65,9932,0,4
2026-09-20T18,120,2,3.0,3065,0,3
2026-09-20T18,120,3,3.15,23844,0,3
2026-09-20T18,120,7,4.05,12430,0,2
2026-09-20T19,120,0,2.55,1380,0,3
2026-09-20T19,120,0,2.6,0,146,1
2026-09-20T19,120,0,2.65,43018,0,5
2026-09-20T19,120,1,2.8,48,0,1
2026-09-20T19,120,1,2.85,0,5000,1
2026-09-20T19,120,1,2.9,2942,1308,2
2026-09-20T19,120,2,3.0,2369,10135,4
2026-09-20T19,120,3,3.15,1500,0,1
2026-09-20T20,120,0,2.5,0,2178,2
2026-09-20T20,120,0,2.55,0,674,1
2026-09-20T20,120,0,2.6,11950,0,3
2026-09-20T20,120,0,2.65,8481,0,4
2026-09-20T20,120,1,2.8,0,46104,2
2026-09-20T20,120,3,3.15,12185,0,2
2026-09-20T20,120,4,3.3,0,100000,1
2026-09-20T20,120,4,3.45,12230,0,1
2026-09-20T21,120,0,2.55,457,2572,4
2026-09-20T21,120,0,2.6,7221,1645,4
2026-09-20T21,120,1,2.85,5000,12500,3
2026-09-20T21,120,1,2.9,14962,252,2
2026-09-20T21,120,1,2.95,0,6585,1
2026-09-20T21,120,1,3.0,0,31210,1
2026-09-20T21,120,1,3.05,0,4665,1
2026-09-20T21,120,2,3.0,0,8581,1
2026-09-20T21,120,2,3.05,16915,93365,6
2026-09-20T21,120,2,3.1,140930,0,2
2026-09-20T21,120,3,3.15,18360,0,1
2026-09-20T21,120,4,3.45,40480,0,1
2026-09-20T22,120,0,2.55,8415,17000,5
2026-09-20T22,120,1,2.95,6972,5515,2
2026-09-20T22,120,1,3.0,10883,13793,2
2026-09-20T22,120,1,3.05,0,5958,1
2026-09-20T22,120,2,3.1,6649,0,1
2026-09-20T22,120,3,3.15,15081,0,1
2026-09-20T22,120,4,3.45,0,176049,1
2026-09-20T23,120,0,2.55,1200,3443,5
2026-09-20T23,120,2,3.05,6030,2570,4
2026-09-20T23,120,2,3.1,19618,0,1
2026-09-21T00,120,0,2.55,0,4889,2
2026-09-21T00,120,0,2.6,5630,223,4
2026-09-21T00,120,2,3.1,1910,0,1
2026-09-21T00,120,4,3.45,50000,0,1
2026-09-21T00,120,5,3.5,1000,0,1
2026-09-21T01,120,0,2.6,0,2188,2
2026-09-21T01,120,0,2.65,4036,0,5
2026-09-21T01,120,1,3.0,26812,0,1
2026-09-21T01,120,2,3.0,1362,17238,2
2026-09-21T01,120,3,3.15,25000,0,1
2026-09-21T01,120,4,3.45,0,738868,2
2026-09-21T01,120,5,3.45,0,35561,1
2026-09-21T01,120,5,3.5,0,4000,1
2026-09-21T01,120,6,3.55,83333,0,1
2026-09-21T02,120,0,2.55,0,1791,2
2026-09-21T02,120,0,2.6,2685,11012,3
2026-09-21T02,120,0,2.65,3320,17220,12
2026-09-21T02,120,2,3.0,242,0,2
2026-09-21T02,120,3,3.15,48440,0,1
2026-09-21T02,120,4,3.25,0,104864,1
2026-09-21T02,120,4,3.3,0,1756980,1
2026-09-21T02,120,5,3.4,0,1000000,1
2026-09-21T02,120,6,3.45,0,87384,1
2026-09-21T02,120,8,6.8,115446,0,1
2026-09-21T02,120,9,7.0,0,14000,1
2026-09-21T02,120,9,7.3,0,50000,1
2026-09-21T02,120,11,7.5,0,388156,1
2026-09-21T03,120,0,2.6,0,3724,1
2026-09-21T03,120,0,2.65,0,6612,2
2026-09-21T03,120,0,2.7,27484,40266,18
2026-09-21T03,120,1,2.9,0,1189,1
2026-09-21T03,120,1,2.95,5751,9909,3
2026-09-21T03,120,2,3.0,67408,10049,3
2026-09-21T03,120,3,3.15,10000,0,1
2026-09-21T04,120,0,2.65,11560,1805,8
2026-09-21T04,120,0,2.7,21595,0,2
2026-09-21T04,120,2,3.0,30000,0,1
2026-09-21T04,120,4,3.3,0,82746,1
2026-09-21T04,120,6,3.5,49242,0,3
2026-09-21T05,120,0,2.4,0,600,1
2026-09-21T05,120,0,2.5,28327,0,4
2026-09-21T05,120,0,2.55,12,0,1
2026-09-21T05,120,1,2.95,0,2000,1
2026-09-21T05,120,2,3.0,70011,9275,4
2026-09-21T05,120,3,3.15,65000,0,2
2026-09-21T05,120,6,3.5,914008,0,1
2026-09-21T06,120,0,2.3,0,829,1
2026-09-21T06,120,0,2.45,0,2189,2
2026-09-21T06,120,0,2.5,4181,99875,3
2026-09-21T06,120,0,2.55,2034,7954,2
2026-09-21T06,120,0,2.6,0,1382,2
2026-09-21T06,120,0,2.65,13648,0,3
2026-09-21T06,120,2,3.0,25000,0,1
2026-09-21T06,120,3,3.15,20588,0,2
2026-09-21T06,120,4,3.35,15000,0,1
2026-09-21T06,120,6,3.45,0,83486,1
2026-09-21T06,120,6,3.5,100000,0,1
2026-09-21T07,120,0,2.6,2816,0,2
2026-09-21T07,120,0,2.65,0,25806,1
2026-09-21T07,120,0,2.7,3219,0,3
2026-09-21T07,120,1,2.8,42,10953,2
2026-09-21T07,120,2,2.85,430,0,1
2026-09-21T07,120,3,3.15,1394,0,1
2026-09-21T07,120,6,3.5,3000,0,2
2026-09-21T07,120,7,4.05,0,862954,1
2026-09-21T07,120,7,4.1,0,173910,1
2026-09-21T08,120,0,2.5,0,520,1
2026-09-21T08,120,0,2.55,0,60,1
2026-09-21T08,120,0,2.6,30333,19565,6
2026-09-21T08,120,0,2.65,167,500,2
2026-09-21T08,120,0,2.7,4500,0,1
2026-09-21T08,120,2,2.85,0,3202,1
2026-09-21T08,120,2,2.9,4148,10852,2
2026-09-21T08,120,2,2.95,43219,0,2
2026-09-21T08,120,3,3.15,4500,0,2
2026-09-21T08,120,7,4.4,100000,0,1
2026-09-21T08,120,8,6.8,27400,0,1
2026-09-21T09,120,0,2.6,2973,0,2
2026-09-21T09,120,0,2.65,225,233,2
2026-09-21T09,120,0,2.7,41771,0,1
2026-09-21T09,120,3,3.15,100000,0,1
2026-09-21T09,120,6,3.5,7986,0,1
2026-09-21T10,120,0,2.55,2000,731,2
2026-09-21T10,120,0,2.6,250,3716,2
2026-09-21T10,120,0,2.65,10179,13677,7
2026-09-21T10,120,0,2.7,10000,0,1
2026-09-21T10,120,1,2.85,5442,0,1
2026-09-21T10,120,2,2.95,3710,0,1
2026-09-21T10,120,3,3.15,1000,0,1
2026-09-21T10,120,5,3.45,0,50000,1
2026-09-21T10,120,6,3.5,250000,0,1
2026-09-21T11,120,0,2.5,0,2382,2
2026-09-21T11,120,0,2.55,0,83,1
2026-09-21T11,120,0,2.6,0,596,1
2026-09-21T11,120,0,2.65,100,8490,3
2026-09-21T11,120,0,2.7,55565,0,5
2026-09-21T11,120,1,2.8,0,2096,1
2026-09-21T11,120,2,2.85,0,8496,1
2026-09-21T11,120,2,2.9,400,28473,2
2026-09-21T12,120,0,2.65,0,1000,2
2026-09-21T12,120,0,2.7,62675,62590,7
2026-09-21T12,120,0,2.75,9519,2056,4
2026-09-21T12,120,1,2.8,0,25765,1
2026-09-21T12,120,1,2.85,7192,30220,6
2026-09-21T12,120,1,2.9,0,34440,1
2026-09-21T12,120,2,2.9,12773,37227,3
2026-09-21T12,120,2,2.95,4773,8298,2
2026-09-21T12,120,2,3.0,30091,18072,2
2026-09-21T12,120,2,3.05,17928,4000,2
2026-09-21T12,120,3,3.15,45291,0,1
2026-09-21T12,120,7,4.4,33954,0,1
2026-09-21T13,120,0,2.6,325,0,1
2026-09-21T13,120,0,2.65,11140,0,1
2026-09-21T13,120,0,2.7,5338,0,3
2026-09-21T13,120,0,2.75,4572,0,2
2026-09-21T13,120,1,2.9,1614,9006,2
2026-09-21T13,120,1,2.95,0,3500,1
2026-09-21T13,120,1,3.0,22137,0,4
2026-09-21T13,120,2,3.05,2000,0,1
2026-09-21T13,120,3,3.15,50000,0,1
2026-09-21T13,120,4,3.35,37785,0,1
2026-09-21T13,120,6,3.5,0,639014,1
2026-09-21T13,120,6,3.55,4531,0,1
2026-09-21T13,120,9,7.0,0,10000,1
2026-09-21T13,120,11,8.0,0,10000,1
2026-09-21T14,120,0,2.6,0,6612,3
2026-09-21T14,120,0,2.65,47282,0,7
2026-09-21T14,120,1,2.95,0,1376,1
2026-09-21T14,120,2,2.85,42704,0,1
2026-09-21T14,120,2,2.95,10000,0,1
2026-09-21T14,120,2,3.0,5124,0,1
2026-09-21T14,120,3,3.15,2432,0,1
2026-09-21T14,120,4,3.35,1260,0,1
2026-09-21T15,120,0,2.4,614,5517,3
2026-09-21T15,120,0,2.45,7,41157,3
2026-09-21T15,120,0,2.5,2872,574,3
2026-09-21T15,120,0,2.55,0,2500,1
2026-09-21T15,120,0,2.6,0,6693,1
2026-09-21T15,120,0,2.65,0,41572,1
2026-09-21T15,120,0,2.7,19668,0,1
2026-09-21T15,120,1,2.8,0,2000,1
2026-09-21T15,120,1,2.85,0,7381,1
2026-09-21T15,120,1,2.9,0,2738,1
2026-09-21T15,120,2,2.85,0,4775,1
2026-09-21T15,120,2,2.9,0,1679,1
2026-09-21T15,120,2,2.95,12033,0,2
2026-09-21T15,120,3,3.15,46690,0,3
2026-09-21T15,120,4,3.3,22950,0,1
2026-09-21T15,120,6,3.55,334010,0,1
2026-09-21T15,120,10,8.0,0,30000,1
2026-09-21T16,120,0,2.65,0,1300,1
2026-09-21T16,120,0,2.7,36849,7745,9
2026-09-21T16,120,2,2.95,8518,0,2
2026-09-21T16,120,3,3.15,0,56784,1
2026-09-21T17,120,0,2.55,0,204,1
2026-09-21T17,120,0,2.6,0,30,1
2026-09-21T17,120,0,2.65,3873,1947,3
2026-09-21T17,120,0,2.7,950,924,4
2026-09-21T17,120,0,2.75,1082,11096,3
2026-09-21T17,120,2,2.9,544,2106,2
2026-09-21T17,120,2,2.95,0,23949,1
2026-09-21T17,120,2,3.0,0,86551,1
2026-09-21T17,120,3,3.15,7537,0,1
2026-09-21T17,120,4,3.3,30001,44214,2
2026-09-21T17,120,4,3.35,0,92745,1
2026-09-21T17,120,4,3.4,0,35693,1
2026-09-21T17,120,4,3.45,0,69999,1
2026-09-21T17,120,5,3.5,14659,0,1
2026-09-21T17,120,8,6.8,3760,0,1
2026-09-21T18,120,0,2.7,0,1000,1
2026-09-21T18,120,0,2.75,215,8300,5
2026-09-21T18,120,0,2.8,4419,1570,10
2026-09-21T18,120,0,2.85,415,10095,8
2026-09-21T18,120,0,2.9,33897,0,2
2026-09-21T18,120,1,2.9,0,8942,1
2026-09-21T18,120,2,2.95,1461,0,1
2026-09-21T18,120,3,3.15,14730,0,3
2026-09-21T18,120,7,4.35,8570,0,1
2026-09-21T19,120,0,2.8,20205,903,3
2026-09-21T19,120,0,2.85,190,268,3
2026-09-21T19,120,0,2.9,5832,0,2
2026-09-21T19,120,1,2.95,0,2953,1
2026-09-21T19,120,1,3.0,56372,0,4
2026-09-21T19,120,2,2.95,0,904,1
2026-09-21T19,120,2,3.0,0,6710,1
2026-09-21T19,120,2,3.05,35006,36109,4
2026-09-21T19,120,2,3.1,12223,0,2
2026-09-21T19,120,3,3.15,5405,0,1
2026-09-21T19,120,6,3.55,37530,0,1
2026-09-21T20,120,0,2.6,5859,14931,3
2026-09-21T20,120,0,2.65,5758,0,4
2026-09-21T20,120,0,2.7,0,572,1
2026-09-21T20,120,0,2.8,24122,0,4
2026-09-21T20,120,1,2.75,0,13339,1
2026-09-21T20,120,1,3.0,3946,0,1
2026-09-21T20,120,2,3.05,0,30768,1
2026-09-21T20,120,2,3.1,6057,0,1
2026-09-21T20,120,3,3.15,7932,0,1
2026-09-21T21,120,0,2.6,0,464,1
2026-09-21T21,120,0,2.65,16544,8028,5
2026-09-21T21,120,0,2.7,2058,0,2
2026-09-21T21,120,4,3.45,41680,0,2
2026-09-21T21,120,5,3.5,0,2976,1
2026-09-21T21,120,6,3.55,48514,0,2
2026-09-21T21,120,9,7.0,0,28000,1
2026-09-21T22,120,0,2.6,2779,0,2
2026-09-21T22,120,0,2.65,5000,0,1
2026-09-21T22,120,1,2.9,3190,0,2
2026-09-21T22,120,2,3.05,0,31512,1
2026-09-21T22,120,2,3.1,17195,3943,2
2026-09-21T22,120,3,3.15,27150,0,2
2026-09-21T22,120,6,3.5,20340,0,1
2026-09-21T23,120,0,2.45,0,10,1
2026-09-21T23,120,0,2.5,500,995,3
2026-09-21T23,120,0,2.55,0,304,1
2026-09-21T23,120,0,2.6,0,1348,1
2026-09-21T23,120,0,2.65,1536,48789,4
2026-09-21T23,120,0,2.7,250,0,1
2026-09-21T23,120,1,2.9,0,16810,1
2026-09-21T23,120,1,2.95,12317,0,2
2026-09-21T23,120,2,3.1,2150,0,1
2026-09-21T23,120,3,3.15,0,675953,2
2026-09-21T23,120,3,3.2,58861,0,1
2026-09-21T23,120,4,3.3,0,1008000,1
2026-09-21T23,120,6,3.5,81300,0,1
2026-09-22T00,120,0,2.45,7669,0,3
2026-09-22T00,120,0,2.5,0,50,1
2026-09-22T00,120,0,2.55,0,200,1
2026-09-22T00,120,0,2.7,1750,0,1
2026-09-22T00,120,1,2.85,3180,0,2
2026-09-22T01,120,0,2.4,0,200,1
2026-09-22T01,120,0,2.45,0,3761,1
2026-09-22T01,120,0,2.6,0,5895,1
2026-09-22T01,120,0,2.65,21144,8000,2
2026-09-22T01,120,0,2.7,8554,1942,4
2026-09-22T01,120,4,3.45,0,2809,1
2026-09-22T01,120,6,3.5,252054,0,1
2026-09-22T02,120,0,2.65,0,958,1
2026-09-22T02,120,0,2.7,193,11253,3
2026-09-22T02,120,0,2.75,2831,4,2
2026-09-22T02,120,1,2.85,0,35313,1
2026-09-22T02,120,1,2.9,0,8633,1
2026-09-22T02,120,4,3.3,1,0,1
2026-09-22T03,120,0,2.65,33,977,2
2026-09-22T03,120,0,2.7,17516,0,4
2026-09-22T03,120,0,2.75,2000,0,1
2026-09-22T03,120,1,2.85,0,1000,1
2026-09-22T03,120,1,2.9,5600,8134,2
2026-09-22T03,120,2,2.95,13530,0,1
2026-09-22T03,120,3,3.15,0,15326,1
2026-09-22T03,120,3,3.2,37595,59285,2
2026-09-22T03,120,4,3.3,456189,0,1
2026-09-22T03,120,5,3.45,0,39296,1
2026-09-22T03,120,6,3.5,0,66370,1
2026-09-22T03,120,6,3.55,65197,0,1
2026-09-22T04,120,0,2.35,0,7643,1
2026-09-22T04,120,0,2.4,11886,0,3
2026-09-22T04,120,0,2.65,12,0,1
2026-09-22T04,120,0,2.75,1196,0,1
2026-09-22T04,120,2,2.95,41485,0,1
2026-09-22T04,120,3,3.2,0,262405,1
2026-09-22T04,120,3,3.25,4000,0,1
2026-09-22T04,120,4,3.25,0,13975,1
2026-09-22T04,120,4,3.3,306834,0,2
2026-09-22T05,120,0,2.4,0,3356,1
2026-09-22T05,120,0,2.45,0,1200,2
2026-09-22T05,120,0,2.5,2568,24551,5
2026-09-22T05,120,0,2.55,3929,1716,3
2026-09-22T05,120,0,2.6,0,1400,1
2026-09-22T05,120,0,2.65,0,1603,3
2026-09-22T05,120,0,2.7,1871,0,2
2026-09-22T05,120,1,2.85,0,1000,1
2026-09-22T05,120,1,2.9,2881,8538,3
2026-09-22T05,120,2,2.95,6320,0,2
2026-09-22T06,120,0,2.5,0,350,1
2026-09-22T06,120,0,2.6,36,64,2
2026-09-22T06,120,0,2.65,160,0,1
2026-09-22T06,120,0,2.7,8586,0,3
2026-09-22T06,120,1,2.9,15000,0,1
2026-09-22T06,120,2,2.95,48,0,1
2026-09-22T06,120,3,3.2,88225,11775,2
2026-09-22T06,120,3,3.25,0,145702,3
2026-09-22T07,120,0,2.55,0,17640,2
2026-09-22T07,120,0,2.6,0,47185,1
2026-09-22T07,120,0,2.65,0,1260,1
2026-09-22T07,120,0,2.7,10183,1907,7
2026-09-22T07,120,1,2.85,484,0,1
2026-09-22T07,120,2,2.9,10476,12262,3
2026-09-22T07,120,3,3.25,25000,0,1
2026-09-22T07,120,4,3.3,34731,0,2
2026-09-22T07,120,9,7.0,0,63730,1
2026-09-22T08,120,0,2.65,0,7871,3
2026-09-22T08,120,0,2.7,8980,0,6
2026-09-22T08,120,1,2.85,0,366,1
2026-09-22T08,120,1,2.9,3842,0,1
2026-09-22T08,120,2,2.9,0,15318,2
2026-09-22T08,120,2,2.95,9923,4173,2
2026-09-22T08,120,3,3.25,0,39628,1
2026-09-22T08,120,4,3.3,186824,0,2
2026-09-22T09,120,0,2.55,0,1288,1
2026-09-22T09,120,0,2.6,799,0,3
2026-09-22T09,120,0,2.65,0,1162,1
2026-09-22T09,120,0,2.7,288,0,1
2026-09-22T09,120,1,2.9,5829,0,1
2026-09-22T09,120,4,3.3,18360,0,2
2026-09-22T09,120,6,3.55,0,407462,1
2026-09-22T10,120,0,2.45,3000,0,1
2026-09-22T10,120,0,2.55,0,8130,2
2026-09-22T10,120,0,2.6,128,1928,4
2026-09-22T10,120,0,2.65,3109,0,2
2026-09-22T10,120,1,2.75,0,33956,1
2026-09-22T10,120,1,2.8,20563,0,1
2026-09-22T10,120,2,2.9,3710,11058,2
2026-09-22T10,120,4,3.25,12900,0,1
2026-09-22T10,120,8,6.8,40000,0,1
2026-09-22T11,120,0,2.45,1293,1952,4
2026-09-22T11,120,0,2.5,0,600,1
2026-09-22T11,120,0,2.6,0,861,3
2026-09-22T11,120,0,2.65,4941,0,3
2026-09-22T11,120,1,2.8,400,0,1
2026-09-22T11,120,2,2.9,0,6290,1
2026-09-22T11,120,2,2.95,3710,0,1
2026-09-22T11,120,4,3.25,1368,85731,2
2026-09-22T11,120,4,3.3,0,453251,1
2026-09-22T12,120,0,2.55,0,1800,1
2026-09-22T12,120,0,2.6,143,482,4
2026-09-22T12,120,0,2.65,12070,0,6
2026-09-22T12,120,1,2.8,0,51428,1
2026-09-22T12,120,1,2.85,0,15000,1
2026-09-22T12,120,1,2.9,57842,0,1
2026-09-22T12,120,2,2.9,860,7667,2
2026-09-22T12,120,2,2.95,30715,0,3
2026-09-22T12,120,6,4.0,26303,0,2
2026-09-22T13,120,0,2.55,605,0,1
2026-09-22T13,120,0,2.6,4473,0,1
2026-09-22T13,120,0,2.65,3402,0,2
2026-09-22T13,120,1,2.8,0,21058,1
2026-09-22T13,120,1,2.85,0,1000,1
2026-09-22T13,120,2,2.8,9638,11899,2
2026-09-22T13,120,2,2.85,0,19142,1
2026-09-22T13,120,2,2.9,52856,0,2
2026-09-22T13,120,4,3.95,8820,0,1
2026-09-22T13,120,6,4.0,250000,173697,2
2026-09-22T14,120,0,2.5,0,22,1
2026-09-22T14,120,0,2.55,0,31693,3
2026-09-22T14,120,0,2.6,1296,5935,5
2026-09-22T14,120,0,2.65,5380,7597,3
2026-09-22T14,120,0,2.7,0,4312,1
2026-09-22T14,120,2,2.9,680,0,1
2026-09-22T14,120,3,3.15,60293,390,2
2026-09-22T14,120,3,3.2,1850,0,2
2026-09-22T15,120,0,2.55,0,1500,1
2026-09-22T15,120,0,2.65,0,3325,1
2026-09-22T15,120,0,2.7,4672,39604,11
2026-09-22T15,120,1,2.75,1797,6203,2
2026-09-22T15,120,1,2.8,25825,0,1
2026-09-22T15,120,2,2.85,1300,0,1
2026-09-22T15,120,2,2.9,0,2701,1
2026-09-22T15,120,2,2.95,37299,0,1
2026-09-22T15,120,3,3.15,0,79497,1
2026-09-22T15,120,3,3.2,8180,0,1
2026-09-22T15,120,7,4.25,2382,0,1
2026-09-22T16,120,0,2.5,29857,0,1
2026-09-22T16,120,0,2.6,2267,4135,6
2026-09-22T16,120,1,2.8,16162,0,2
2026-09-22T16,120,2,2.85,0,11363,1
2026-09-22T16,120,4,3.3,0,43770,1
2026-09-22T17,120,0,2.45,0,35,1
2026-09-22T17,120,0,2.5,1550,810,2
2026-09-22T17,120,0,2.55,0,2084,2
2026-09-22T17,120,0,2.6,3308,3223,2
2026-09-22T17,120,0,2.65,0,58,1
2026-09-22T17,120,0,2.7,2626,1536,4
2026-09-22T17,120,0,2.75,7517,4046,4
2026-09-22T17,120,1,2.8,0,10664,1
2026-09-22T17,120,1,2.85,0,16068,1
2026-09-22T17,120,1,2.9,10842,0,1
2026-09-22T17,120,2,2.9,15000,17640,2
2026-09-22T17,120,2,2.95,5500,26260,2
2026-09-22T17,120,3,3.2,7690,0,1
2026-09-22T17,120,4,3.35,0,1205220,1
2026-09-22T17,120,6,3.65,420000,0,1
2026-09-22T18,120,0,2.5,0,61,1
2026-09-22T18,120,0,2.6,7379,2897,4
2026-09-22T18,120,0,2.65,17022,0,4
2026-09-22T18,120,0,2.7,2500,0,1
2026-09-22T18,120,1,2.75,4200,24664,3
2026-09-22T18,120,3,3.15,179180,0,2
2026-09-22T18,120,7,4.2,8570,0,1
2026-09-22T18,120,9,7.5,6170,0,1
2026-09-22T19,120,0,2.05,0,400,1
2026-09-22T19,120,0,2.55,80,53,2
2026-09-22T19,120,0,2.6,0,581,4
2026-09-22T19,120,0,2.65,32736,10342,7
2026-09-22T19,120,0,2.7,14904,0,3
2026-09-22T19,120,1,2.75,0,6224,1
2026-09-22T19,120,1,2.8,17747,0,2
2026-09-22T19,120,2,2.9,196,11064,2
2026-09-22T19,120,2,2.95,1836,0,1
2026-09-22T19,120,3,3.15,5062,0,1
2026-09-22T19,120,4,3.5,7360,0,1
2026-09-22T20,120,0,2.4,0,107,1
2026-09-22T20,120,0,2.45,0,783,3
2026-09-22T20,120,0,2.5,7103,0,4
2026-09-22T20,120,0,2.65,0,115,1
2026-09-22T20,120,1,2.8,6436,0,2
2026-09-22T20,120,2,2.85,0,1852,1
2026-09-22T20,120,2,2.9,3148,0,1
2026-09-22T20,120,2,2.95,27000,0,1
2026-09-22T20,120,3,3.15,49080,0,2
2026-09-22T20,120,4,3.35,24801,0,2
2026-09-22T20,120,6,3.6,333,0,1
2026-09-22T21,120,0,2.5,77293,12383,5
2026-09-22T21,120,0,2.55,5122,0,3
2026-09-22T21,120,1,2.8,5212,0,1
2026-09-22T21,120,2,2.8,280,0,1
2026-09-22T21,120,3,3.15,2090,0,1
2026-09-22T21,120,4,3.35,22380,0,2
2026-09-22T21,120,6,3.6,8700,0,1
2026-09-22T21,120,9,7.5,0,8830,1
2026-09-22T21,120,9,8.8,4270,0,1
2026-09-22T22,120,0,2.5,0,62,1
2026-09-22T22,120,0,2.55,14778,15955,3
2026-09-22T22,120,0,2.6,1650,107,2
2026-09-22T22,120,0,2.65,0,10610,1
2026-09-22T22,120,1,2.75,602,0,1
2026-09-22T22,120,2,2.8,0,38952,1
2026-09-22T22,120,2,2.85,0,33983,1
2026-09-22T22,120,2,2.9,0,28364,1
2026-09-22T22,120,2,2.95,58871,0,2
2026-09-22T22,120,3,3.15,2080,0,1
2026-09-22T22,120,4,3.35,0,49139,1
2026-09-22T22,120,4,3.5,0,197218,1
2026-09-22T23,120,0,2.55,0,626,1
2026-09-22T23,120,0,2.6,0,10586,2
2026-09-22T23,120,0,2.65,439,6125,4
2026-09-22T23,120,0,2.7,3070,0,2
2026-09-22T23,120,1,2.7,16985,13143,3
2026-09-22T23,120,2,2.95,5402,0,2
2026-09-22T23,120,6,3.6,15110,0,1
2026-09-23T00,120,0,2.6,0,9260,1
2026-09-23T00,120,0,2.65,1000,41001,3
2026-09-23T00,120,1,2.7,17159,0,4
2026-09-23T00,120,3,3.15,13460,0,1
2026-09-23T00,120,6,3.6,6835,0,2
2026-09-23T00,120,11,9.4,0,40000,1
2026-09-23T01,120,1,2.65,27827,0,6
2026-09-23T01,120,3,3.1,0,24080,1
2026-09-23T01,120,6,3.55,95220,0,1
2026-09-23T02,120,0,2.5,0,20,1
2026-09-23T02,120,0,2.6,40165,0,5
2026-09-23T02,120,1,2.65,0,9182,1
2026-09-23T02,120,1,2.7,0,74323,2
2026-09-23T02,120,1,2.75,1000,9119,2
2026-09-23T02,120,1,2.8,17086,0,1
2026-09-23T02,120,3,3.15,859,0,1
2026-09-23T02,120,4,3.3,107166,0,1
2026-09-23T02,120,5,3.4,0,195600,1
2026-09-23T02,120,8,6.8,0,18105,1
2026-09-23T03,120,0,2.5,0,20,1
2026-09-23T03,120,0,2.6,15506,0,3
2026-09-23T03,120,2,2.8,25000,795,2
2026-09-23T03,120,2,2.85,42951,0,1
2026-09-23T03,120,3,3.15,5045,0,1
