heure,kind,quality,prix,vendu,disparu,n_evt
2026-09-04T12,13,0,0.362,1768848,,1
2026-09-04T12,13,0,0.366,38327,,1
2026-09-04T13,13,0,0.362,1135725,,1
2026-09-04T14,13,0,0.362,9460048,,3
2026-09-04T15,13,0,0.364,7574380,,4
2026-09-04T16,13,0,0.364,6842788,,4
2026-09-04T17,13,0,0.363,68095,,1
2026-09-04T17,13,0,0.364,4554382,,3
2026-09-04T18,13,0,0.364,4545830,,3
2026-09-04T20,13,0,0.368,7990,,1
2026-09-04T20,13,0,0.369,312206,,1
2026-09-04T20,13,0,0.37,142970,,1
2026-09-04T21,13,0,0.364,45899,,1
2026-09-04T21,13,0,0.365,766536,,1
2026-09-04T21,13,0,0.366,2163096,,3
2026-09-04T21,13,0,0.367,101485,,1
2026-09-04T21,13,0,0.368,7849,,1
2026-09-04T21,13,0,0.369,182170,,1
2026-09-04T21,13,0,0.37,1251907,,1
2026-09-04T23,13,0,0.362,0,16390,1
2026-09-04T23,13,0,0.363,0,7481,1
2026-09-04T23,13,0,0.364,0,394439,1
2026-09-04T23,13,0,0.365,0,143074,2
2026-09-04T23,13,0,0.366,6840450,0,4
2026-09-05T00,13,0,0.36,0,100000,1
2026-09-05T00,13,0,0.361,0,19532,1
2026-09-05T00,13,0,0.362,921196,946989,2
2026-09-05T00,13,0,0.363,38331,5054539,4
2026-09-05T00,13,0,0.364,319753,201740,3
2026-09-05T00,13,0,0.365,0,1507066,3
2026-09-05T00,13,0,0.366,111397,0,1
2026-09-05T01,13,0,0.364,0,488238,1
2026-09-05T01,13,0,0.365,0,147000,1
2026-09-05T01,13,0,0.366,2843203,0,3
2026-09-05T02,13,0,0.364,0,1124826,5
2026-09-05T02,13,0,0.365,171793,1404460,5
2026-09-05T02,13,0,0.366,3808838,117458,8
2026-09-05T03,13,0,0.364,0,16804,1
2026-09-05T03,13,0,0.365,0,3075596,2
2026-09-05T03,13,0,0.366,67647,688138,3
2026-09-05T03,13,0,0.367,456979,124390,2
2026-09-05T03,13,0,0.368,0,692835,2
2026-09-05T03,13,0,0.369,0,2903223,3
2026-09-05T03,13,0,0.37,80099,1622645,3
2026-09-05T04,13,0,0.363,0,25778,1
2026-09-05T04,13,0,0.364,9278,2979047,7
2026-09-05T04,13,0,0.365,0,457951,3
2026-09-05T04,13,0,0.366,31035,174143,2
2026-09-05T04,13,0,0.367,144351,0,1
2026-09-05T05,13,0,0.364,0,19293,1
2026-09-05T05,13,0,0.365,0,1172823,3
2026-09-05T05,13,0,0.366,7355724,0,4
2026-09-05T06,13,0,0.366,0,5174343,1
2026-09-05T06,13,0,0.367,0,2295854,2
2026-09-05T06,13,0,0.368,0,160717,1
2026-09-05T06,13,0,0.369,0,70000,1
2026-09-05T06,13,0,0.37,0,2404143,4
2026-09-05T06,13,0,0.371,0,21756112,8
2026-09-05T06,13,0,0.372,1909161,3814857,8
2026-09-05T06,13,0,0.373,343743,0,2
2026-09-05T07,13,0,0.363,0,400000,1
2026-09-05T07,13,0,0.364,0,19317,1
2026-09-05T07,13,0,0.367,1409487,248237,3
2026-09-05T07,13,0,0.368,0,456253,1
2026-09-05T07,13,0,0.369,0,837625,3
2026-09-05T07,13,0,0.37,618240,0,1
2026-09-05T08,13,0,0.362,0,300771,1
2026-09-05T08,13,0,0.363,0,384319,2
2026-09-05T08,13,0,0.364,0,1952470,3
2026-09-05T08,13,0,0.365,57714,6255094,6
2026-09-05T08,13,0,0.366,27457,847778,3
2026-09-05T08,13,0,0.367,2480645,109868,2
2026-09-05T08,13,0,0.368,163095,0,1
2026-09-05T09,13,0,0.367,0,765712,3
2026-09-05T09,13,0,0.368,46500,1664182,3
2026-09-05T09,13,0,0.369,0,1262580,3
2026-09-05T09,13,0,0.37,30964,2586663,5
2026-09-05T09,13,0,0.371,0,1219610,4
2026-09-05T09,13,0,0.372,271967,500000,4
2026-09-05T10,13,0,0.365,0,50000,1
2026-09-05T10,13,0,0.366,57469,2786462,2
2026-09-05T10,13,0,0.367,0,4321559,1
2026-09-05T10,13,0,0.368,0,101598,2
2026-09-05T10,13,0,0.369,0,37144,1
2026-09-05T10,13,0,0.37,4343,916256,4
2026-09-05T10,13,0,0.371,49347,338417,2
2026-09-05T10,13,0,0.372,187137,0,1
2026-09-05T11,13,0,0.359,0,311543,1
2026-09-05T11,13,0,0.36,291840,0,1
2026-09-05T11,13,0,0.363,31900,0,1
2026-09-05T11,13,0,0.365,0,583973,2
2026-09-05T11,13,0,0.366,2320563,0,2
2026-09-05T12,13,0,0.358,0,307694,1
2026-09-05T12,13,0,0.359,0,696706,1
2026-09-05T12,13,0,0.36,0,409418,2
2026-09-05T12,13,0,0.361,0,5040097,2
2026-09-05T12,13,0,0.362,147133,621518,5
2026-09-05T12,13,0,0.363,0,398272,3
2026-09-05T12,13,0,0.364,683023,1169895,3
2026-09-05T12,13,0,0.365,548007,231997,3
2026-09-05T13,13,0,0.361,0,97381,1
2026-09-05T13,13,0,0.362,0,213785,1
2026-09-05T13,13,0,0.363,0,1255920,3
2026-09-05T13,13,0,0.364,0,930801,2
2026-09-05T13,13,0,0.365,5157779,44349224,6
2026-09-05T13,13,0,0.366,506040,0,1
2026-09-05T14,13,0,0.361,0,449987,1
2026-09-05T14,13,0,0.362,2222576,0,1
2026-09-05T14,13,0,0.363,0,53999,1
2026-09-05T14,13,0,0.364,525463,0,1
2026-09-05T14,13,0,0.365,2276803,0,2
2026-09-05T14,13,0,0.366,0,737519,2
2026-09-05T14,13,0,0.367,0,1668742,4
2026-09-05T14,13,0,0.368,492438,219621,2
2026-09-05T15,13,0,0.36,0,55894,1
2026-09-05T15,13,0,0.361,0,180789,1
2026-09-05T15,13,0,0.362,0,946732,1
2026-09-05T15,13,0,0.363,0,89191,2
2026-09-05T15,13,0,0.364,1344394,3147659,8
2026-09-05T15,13,0,0.365,0,3409254,1
2026-09-05T16,13,0,0.361,0,38350,1
2026-09-05T16,13,0,0.362,0,196351,1
2026-09-05T16,13,0,0.363,0,77126,1
2026-09-05T16,13,0,0.364,0,106713,2
2026-09-05T16,13,0,0.365,0,1484434,4
2026-09-05T16,13,0,0.366,248191,0,1
2026-09-05T17,13,0,0.361,0,16000,1
2026-09-05T17,13,0,0.362,0,3200421,1
2026-09-05T17,13,0,0.363,0,954105,1
2026-09-05T17,13,0,0.364,0,6990,1
2026-09-05T17,13,0,0.365,0,994175,1
2026-09-05T17,13,0,0.366,0,6413409,4
2026-09-05T17,13,0,0.367,476953,1840476,6
2026-09-05T17,13,0,0.368,0,1013670,3
2026-09-05T17,13,0,0.369,4023505,0,1
2026-09-05T18,13,0,0.356,0,3500000,1
2026-09-05T18,13,0,0.357,0,104523,1
2026-09-05T18,13,0,0.358,0,15405,1
2026-09-05T18,13,0,0.359,2603781,494223,3
2026-09-05T18,13,0,0.365,0,414935,1
2026-09-05T18,13,0,0.366,284711,0,1
2026-09-05T18,13,0,0.367,0,549019,1
2026-09-05T18,13,0,0.368,589582,0,1
2026-09-05T18,13,0,0.369,1775472,0,1
2026-09-05T19,13,0,0.356,0,488801,1
2026-09-05T19,13,0,0.358,680561,3391309,3
2026-09-05T19,13,0,0.359,2216401,1274779,6
2026-09-05T19,13,0,0.36,35202,2119410,6
2026-09-05T19,13,0,0.361,1469048,1282174,2
2026-09-05T19,13,0,0.362,0,85787,1
2026-09-05T19,13,0,0.365,0,933983,3
2026-09-05T19,13,0,0.366,16486,0,1
2026-09-05T20,13,0,0.364,413755,1194617,3
2026-09-05T20,13,0,0.365,24712,5123548,3
2026-09-05T20,13,0,0.366,0,1974451,1
2026-09-05T20,13,0,0.367,2411300,336321,2
2026-09-05T20,13,0,0.368,0,861155,2
2026-09-05T20,13,0,0.369,793437,0,1
2026-09-05T21,13,0,0.359,0,632833,1
2026-09-05T21,13,0,0.36,0,2384146,1
2026-09-05T21,13,0,0.361,0,5319057,1
2026-09-05T21,13,0,0.362,4722907,3955118,3
2026-09-05T21,13,0,0.363,12405,0,1
2026-09-05T23,13,0,0.362,0,7619,1
2026-09-05T23,13,0,0.363,504248,283030,4
2026-09-05T23,13,0,0.364,0,1573674,2
2026-09-05T23,13,0,0.365,60341,40109,2
2026-09-05T23,13,0,0.366,0,857279,1
2026-09-05T23,13,0,0.367,0,3477452,3
2026-09-05T23,13,0,0.368,0,301402,2
2026-09-05T23,13,0,0.369,6566926,0,1
2026-09-06T00,13,0,0.359,0,2365095,2
2026-09-06T00,13,0,0.36,0,571057,3
2026-09-06T00,13,0,0.361,3975433,3377589,9
2026-09-06T00,13,0,0.362,312201,4478132,3
2026-09-06T00,13,0,0.363,10602,2039514,3
2026-09-06T00,13,0,0.364,68804,249835,2
2026-09-06T00,13,0,0.365,381936,0,1
2026-09-06T01,13,0,0.36,0,133375,1
2026-09-06T01,13,0,0.363,0,37626,2
2026-09-06T01,13,0,0.364,947614,3563057,6
2026-09-06T01,13,0,0.365,26539,2516326,4
2026-09-06T01,13,0,0.366,0,123390,2
2026-09-06T01,13,0,0.367,0,2013123,8
2026-09-06T01,13,0,0.368,896427,2425762,9
2026-09-06T01,13,0,0.369,9213253,0,8
2026-09-06T02,13,0,0.359,0,122742,1
2026-09-06T02,13,0,0.36,0,267484,3
2026-09-06T02,13,0,0.361,9854,23746,2
2026-09-06T02,13,0,0.362,0,100000,1
2026-09-06T02,13,0,0.363,49130,0,1
2026-09-06T02,13,0,0.364,0,47624,2
2026-09-06T02,13,0,0.365,5728572,268877,4
2026-09-06T02,13,0,0.367,0,73487,1
2026-09-06T02,13,0,0.368,143141,2651731,9
2026-09-06T02,13,0,0.369,817067,1135017,11
2026-09-06T02,13,0,0.37,11751209,3045327,10
2026-09-06T03,13,0,0.359,0,96400,1
2026-09-06T03,13,0,0.36,0,52539,1
2026-09-06T03,13,0,0.362,0,332160,2
2026-09-06T03,13,0,0.363,3034,671237,5
2026-09-06T03,13,0,0.364,494167,393687,8
2026-09-06T03,13,0,0.365,281144,57594,4
2026-09-06T03,13,0,0.366,567390,609051,6
2026-09-06T03,13,0,0.367,2461691,0,7
2026-09-06T04,13,0,0.361,0,1018162,2
2026-09-06T04,13,0,0.362,0,398019,3
2026-09-06T04,13,0,0.363,34940,758417,9
2026-09-06T04,13,0,0.364,2274627,4801738,11
2026-09-06T04,13,0,0.365,2016276,712295,12
2026-09-06T05,13,0,0.36,0,70552,1
2026-09-06T05,13,0,0.361,313059,1646244,3
2026-09-06T05,13,0,0.362,0,2163392,5
2026-09-06T05,13,0,0.363,1102118,3253336,9
2026-09-06T05,13,0,0.364,2610362,1587838,8
2026-09-06T05,13,0,0.365,0,7054216,2
2026-09-06T05,13,0,0.366,0,1025000,2
2026-09-06T05,13,0,0.367,0,221200,3
2026-09-06T05,13,0,0.368,109324,3330200,5
2026-09-06T05,13,0,0.369,1359,4736317,7
2026-09-06T05,13,0,0.37,1066341,8482072,9
2026-09-06T05,13,0,0.371,11671,23010,2
2026-09-06T06,13,0,0.36,0,53431,1
2026-09-06T06,13,0,0.361,0,1522916,2
2026-09-06T06,13,0,0.362,0,124619,2
2026-09-06T06,13,0,0.363,876991,1514405,6
2026-09-06T06,13,0,0.364,633086,2436640,4
2026-09-06T06,13,0,0.365,1928083,654136,4
2026-09-06T06,13,0,0.366,0,1050863,4
2026-09-06T06,13,0,0.367,197624,186244,4
2026-09-06T06,13,0,0.368,1257128,506038,5
2026-09-06T06,13,0,0.369,358039,0,2
2026-09-06T06,13,0,0.37,10927,0,1
2026-09-06T06,13,0,0.371,167243,106537,2
2026-09-06T07,13,0,0.362,0,164599,1
2026-09-06T07,13,0,0.363,131204,975178,2
2026-09-06T07,13,0,0.364,139665,675375,4
2026-09-06T07,13,0,0.365,1288808,804772,7
2026-09-06T07,13,0,0.366,172262,1073575,6
2026-09-06T07,13,0,0.367,144521,2617976,9
2026-09-06T07,13,0,0.368,1521675,2644159,9
2026-09-06T07,13,0,0.369,0,527437,1
2026-09-06T07,13,0,0.37,14335,0,1
2026-09-06T08,13,0,0.364,0,634220,1
2026-09-06T08,13,0,0.365,5371,895153,5
2026-09-06T08,13,0,0.366,3302457,0,10
2026-09-06T08,13,0,0.367,10998,43116,2
2026-09-06T08,13,0,0.368,0,179474,2
2026-09-06T08,13,0,0.369,517742,6415,3
2026-09-06T08,13,0,0.37,19468,229346,5
2026-09-06T08,13,0,0.371,593873,0,2
2026-09-06T09,13,0,0.355,0,356050,1
2026-09-06T09,13,0,0.364,0,38341,1
2026-09-06T09,13,0,0.365,0,705628,3
2026-09-06T09,13,0,0.366,2776854,1912818,7
2026-09-06T09,13,0,0.367,0,148241,2
2026-09-06T09,13,0,0.368,0,263578,4
2026-09-06T09,13,0,0.369,380,980476,6
2026-09-06T09,13,0,0.37,429396,2322398,8
2026-09-06T09,13,0,0.371,496,2635808,7
2026-09-06T09,13,0,0.372,941268,1550896,6
2026-09-06T10,13,0,0.366,0,126974,1
2026-09-06T10,13,0,0.367,819,81590,3
2026-09-06T10,13,0,0.368,15300,1030028,7
2026-09-06T10,13,0,0.369,3404079,17730,5
2026-09-06T10,13,0,0.37,35342,390117,3
2026-09-06T10,13,0,0.371,212558,1864517,4
2026-09-06T10,13,0,0.372,477663,144201,6
2026-09-06T11,13,0,0.364,0,74526,1
2026-09-06T11,13,0,0.365,308834,143735,3
2026-09-06T11,13,0,0.366,216582,897759,5
2026-09-06T11,13,0,0.367,0,2992181,2
2026-09-06T11,13,0,0.368,0,2336491,4
2026-09-06T11,13,0,0.369,2109617,7056765,10
2026-09-06T11,13,0,0.37,1291064,3090572,8
2026-09-06T11,13,0,0.371,0,2513295,1
2026-09-06T11,13,0,0.372,69982,980,2
2026-09-06T12,13,0,0.368,0,147309,1
2026-09-06T12,13,0,0.369,386848,574393,3
2026-09-06T12,13,0,0.37,312961,1929159,5
2026-09-06T12,13,0,0.371,1016432,2405818,6
2026-09-06T12,13,0,0.372,1999653,4557960,12
2026-09-06T12,13,0,0.373,725152,2295494,8
2026-09-06T13,13,0,0.364,0,4517,1
2026-09-06T13,13,0,0.365,0,943303,2
2026-09-06T13,13,0,0.366,52550,124016,2
2026-09-06T13,13,0,0.367,0,818361,6
2026-09-06T13,13,0,0.368,68885,1236280,5
2026-09-06T13,13,0,0.369,81849,1783107,5
2026-09-06T13,13,0,0.37,0,916171,4
2026-09-06T13,13,0,0.371,2343921,932002,4
2026-09-06T13,13,0,0.372,354386,0,2
2026-09-06T14,13,0,0.359,0,935332,5
2026-09-06T14,13,0,0.36,69075,7177796,6
2026-09-06T14,13,0,0.361,2284035,1565592,8
2026-09-06T14,13,0,0.362,262839,879612,6
2026-09-06T14,13,0,0.363,0,2918109,1
2026-09-06T14,13,0,0.364,1590806,0,3
2026-09-06T14,13,0,0.365,66115,0,1
2026-09-06T14,13,0,0.366,1451804,0,2
2026-09-06T15,13,0,0.355,0,35965,1
2026-09-06T15,13,0,0.356,0,376985,1
2026-09-06T15,13,0,0.357,69023,3922086,2
2026-09-06T15,13,0,0.358,387029,5491075,3
2026-09-06T15,13,0,0.359,330767,3450517,5
2026-09-06T15,13,0,0.36,204185,4151107,4
2026-09-06T15,13,0,0.361,18020,172839,4
2026-09-06T15,13,0,0.362,3033672,11904108,5
2026-09-06T15,13,0,0.363,0,773951,2
2026-09-06T15,13,0,0.364,667888,929465,4
2026-09-06T16,13,0,0.358,0,2723,1
2026-09-06T16,13,0,0.359,0,176042,3
2026-09-06T16,13,0,0.36,0,94881,2
2026-09-06T16,13,0,0.361,1908237,35683,5
2026-09-06T16,13,0,0.362,0,433815,5
2026-09-06T16,13,0,0.363,1797967,3071589,10
2026-09-06T16,13,0,0.364,7157796,1842267,6
2026-09-06T16,13,0,0.365,0,2834697,2
2026-09-06T16,13,0,0.366,148886,214981,3
2026-09-06T16,13,0,0.367,4702,486469,2
2026-09-06T17,13,0,0.356,0,85193,1
2026-09-06T17,13,0,0.357,0,1937653,1
2026-09-06T17,13,0,0.358,0,50000,1
2026-09-06T17,13,0,0.359,5000,2504,2
2026-09-06T17,13,0,0.36,0,1137815,3
2026-09-06T17,13,0,0.361,100000,5062095,8
2026-09-06T17,13,0,0.362,10505049,1259418,14
2026-09-06T17,13,0,0.363,579820,1776298,10
2026-09-06T17,13,0,0.364,2775063,117897,6
2026-09-06T18,13,0,0.359,0,83506,1
2026-09-06T18,13,0,0.36,0,42441,1
2026-09-06T18,13,0,0.361,42109,830500,4
2026-09-06T18,13,0,0.362,3261401,4994053,3
2026-09-06T18,13,0,0.364,0,3140234,4
2026-09-06T18,13,0,0.365,0,405784,2
2026-09-06T18,13,0,0.366,888173,3612940,6
2026-09-06T18,13,0,0.367,4795197,3108830,8
2026-09-06T18,13,0,0.368,3016689,0,3
2026-09-06T19,13,0,0.356,0,630113,1
2026-09-06T19,13,0,0.359,0,339142,1
2026-09-06T19,13,0,0.36,954941,0,2
2026-09-06T19,13,0,0.361,0,30367,1
2026-09-06T19,13,0,0.362,10071,0,1
2026-09-06T19,13,0,0.363,0,33618,1
2026-09-06T19,13,0,0.364,0,104330,2
2026-09-06T19,13,0,0.365,397084,102480,2
2026-09-06T19,13,0,0.366,2455,0,1
2026-09-06T19,13,0,0.367,2975562,3330411,10
2026-09-06T19,13,0,0.368,787327,6232866,6
2026-09-06T20,13,0,0.359,0,96953,1
2026-09-06T20,13,0,0.36,64259,4791842,7
2026-09-06T20,13,0,0.361,1239831,3214213,8
2026-09-06T20,13,0,0.362,47809,2082539,4
2026-09-06T20,13,0,0.363,1732099,1691381,5
2026-09-06T21,13,0,0.36,0,330000,1
2026-09-06T21,13,0,0.361,133556,905842,2
2026-09-06T21,13,0,0.362,0,1069395,4
2026-09-06T21,13,0,0.363,210572,1685053,5
2026-09-06T21,13,0,0.364,0,263117,1
2026-09-06T21,13,0,0.365,5876395,324368,4
2026-09-06T21,13,0,0.366,70620,332583,3
2026-09-06T21,13,0,0.367,0,49988,2
2026-09-06T21,13,0,0.368,0,892891,2
2026-09-06T21,13,0,0.369,0,2006162,3
2026-09-06T21,13,0,0.37,1818777,1100151,7
2026-09-06T21,13,0,0.371,0,368592,3
2026-09-06T21,13,0,0.372,1725378,2727418,12
2026-09-06T22,13,0,0.367,0,34106,1
2026-09-06T22,13,0,0.368,0,297249,4
2026-09-06T22,13,0,0.369,224467,664858,5
2026-09-06T22,13,0,0.37,458474,930134,6
2026-09-06T22,13,0,0.371,284963,224903,5
2026-09-06T22,13,0,0.372,1603020,2015168,14
2026-09-06T22,13,0,0.373,7985507,2957330,9
2026-09-06T23,13,0,0.364,0,195000,1
2026-09-06T23,13,0,0.365,231499,21402,4
2026-09-06T23,13,0,0.366,0,1103390,4
2026-09-06T23,13,0,0.367,0,1502589,1
2026-09-06T23,13,0,0.368,20250,2720601,7
2026-09-06T23,13,0,0.369,1086294,498231,9
2026-09-06T23,13,0,0.37,1330330,0,3
2026-09-06T23,13,0,0.371,24073,0,1
2026-09-07T00,13,0,0.364,0,75463,2
2026-09-07T00,13,0,0.365,588650,878615,4
2026-09-07T00,13,0,0.366,0,1057142,6
2026-09-07T00,13,0,0.367,1533793,5000,6
2026-09-07T00,13,0,0.368,58894,447810,5
2026-09-07T00,13,0,0.369,1330718,708917,5
2026-09-07T00,13,0,0.37,82761,0,1
2026-09-07T01,13,0,0.364,0,1729294,2
2026-09-07T01,13,0,0.365,3040957,4417394,4
2026-09-07T01,13,0,0.366,0,3839871,4
2026-09-07T01,13,0,0.367,7311785,0,11
2026-09-07T02,13,0,0.362,0,99107,2
2026-09-07T02,13,0,0.363,150690,32208,5
2026-09-07T02,13,0,0.364,0,1079812,5
2026-09-07T02,13,0,0.365,0,666689,3
2026-09-07T02,13,0,0.366,0,3528038,5
2026-09-07T02,13,0,0.367,6547238,0,9
2026-09-07T03,13,0,0.36,0,482757,2
2026-09-07T03,13,0,0.361,815446,109470,3
2026-09-07T03,13,0,0.362,669600,0,1
2026-09-07T03,13,0,0.363,333241,249831,2
2026-09-07T03,13,0,0.364,0,914167,5
2026-09-07T03,13,0,0.365,11707182,4690,9
2026-09-07T03,13,0,0.366,288131,46147,2
2026-09-07T04,13,0,0.358,0,77962,1
2026-09-07T04,13,0,0.359,0,1767569,4
2026-09-07T04,13,0,0.36,4577163,766792,7
2026-09-07T04,13,0,0.361,1076978,1965442,4
2026-09-07T04,13,0,0.362,1173707,7479856,3
2026-09-07T04,13,0,0.363,0,447623,3
2026-09-07T04,13,0,0.364,0,560433,2
2026-09-07T04,13,0,0.365,478069,0,2
2026-09-07T05,13,0,0.362,0,84560,2
2026-09-07T05,13,0,0.363,3472,1238215,4
2026-09-07T05,13,0,0.364,2771284,4871167,10
2026-09-07T05,13,0,0.365,10471147,0,9
2026-09-07T06,13,0,0.356,0,287000,1
2026-09-07T06,13,0,0.357,0,268203,3
2026-09-07T06,13,0,0.358,0,159007,2
2026-09-07T06,13,0,0.359,0,329839,2
2026-09-07T06,13,0,0.36,0,250619,2
2026-09-07T06,13,0,0.361,0,283635,2
2026-09-07T06,13,0,0.362,115816,103674,3
2026-09-07T06,13,0,0.363,1423419,1290538,6
2026-09-07T06,13,0,0.364,812608,173141,3
2026-09-07T06,13,0,0.365,3862247,4452803,6
2026-09-07T06,13,0,0.366,261887,673411,3
2026-09-07T06,13,0,0.367,13377714,0,4
2026-09-07T07,13,0,0.358,0,321650,2
2026-09-07T07,13,0,0.359,0,766784,1
2026-09-07T07,13,0,0.36,948187,51811,3
2026-09-07T07,13,0,0.364,0,1950155,4
2026-09-07T07,13,0,0.365,2361693,1523568,9
2026-09-07T07,13,0,0.366,2260087,1388925,9
2026-09-07T07,13,0,0.367,2839513,0,5
2026-09-07T08,13,0,0.363,0,116734,1
2026-09-07T08,13,0,0.364,20565,154437,3
2026-09-07T08,13,0,0.365,1101574,194330,5
2026-09-07T08,13,0,0.366,1701642,1261071,6
2026-09-07T08,13,0,0.367,975725,0,3
2026-09-07T09,13,0,0.359,0,1689554,2
2026-09-07T09,13,0,0.36,143958,4926949,4
2026-09-07T09,13,0,0.361,476299,4399035,6
2026-09-07T09,13,0,0.362,621571,466226,5
2026-09-07T09,13,0,0.363,0,110000,2
2026-09-07T09,13,0,0.364,27058,97684,2
2026-09-07T09,13,0,0.365,0,1023602,2
2026-09-07T09,13,0,0.366,1028109,406115,6
2026-09-07T10,13,0,0.358,0,4957,1
2026-09-07T10,13,0,0.359,0,84858,1
2026-09-07T10,13,0,0.36,0,17856,1
2026-09-07T10,13,0,0.361,0,37100,1
2026-09-07T10,13,0,0.362,173415,1191959,4
2026-09-07T10,13,0,0.363,0,2770951,3
2026-09-07T10,13,0,0.364,1200913,1118795,8
2026-09-07T10,13,0,0.365,0,1573210,7
2026-09-07T10,13,0,0.366,274982,3294130,9
2026-09-07T10,13,0,0.367,36600,13613341,14
2026-09-07T10,13,0,0.368,156667,0,1
2026-09-07T11,13,0,0.365,0,383080,1
2026-09-07T11,13,0,0.366,0,413832,3
2026-09-07T11,13,0,0.367,0,66094,4
2026-09-07T11,13,0,0.368,624990,3148647,12
2026-09-07T11,13,0,0.369,1668380,1275144,10
2026-09-07T11,13,0,0.37,874282,5000,3
2026-09-07T12,13,0,0.364,0,246892,1
2026-09-07T12,13,0,0.365,465920,8347,2
2026-09-07T12,13,0,0.366,0,303402,3
2026-09-07T12,13,0,0.367,2000,356532,4
2026-09-07T12,13,0,0.368,898210,72497,4
2026-09-07T12,13,0,0.369,532253,570984,5
2026-09-07T12,13,0,0.37,1937552,963109,8
2026-09-07T12,13,0,0.371,811526,0,2
2026-09-07T13,13,0,0.359,0,28042,1
2026-09-07T13,13,0,0.36,488065,274228,2
2026-09-07T13,13,0,0.361,0,290315,1
2026-09-07T13,13,0,0.363,0,59183,1
2026-09-07T13,13,0,0.364,473742,3466061,9
2026-09-07T13,13,0,0.365,2092489,2191519,8
2026-09-07T13,13,0,0.366,0,616705,1
2026-09-07T13,13,0,0.367,0,702967,3
2026-09-07T13,13,0,0.368,0,1107552,2
2026-09-07T13,13,0,0.369,0,101943,2
2026-09-07T13,13,0,0.37,0,820029,1
2026-09-07T13,13,0,0.371,40956,288459,3
2026-09-07T14,13,0,0.363,0,97974,1
2026-09-07T14,13,0,0.364,0,847320,2
2026-09-07T14,13,0,0.365,2457862,2285330,9
2026-09-07T14,13,0,0.366,192402,549263,5
2026-09-07T14,13,0,0.367,89483,3602053,5
2026-09-07T14,13,0,0.368,124881,480393,8
2026-09-07T14,13,0,0.369,0,528956,3
2026-09-07T14,13,0,0.37,1058901,62565,3
2026-09-07T15,13,0,0.356,0,4983060,1
2026-09-07T15,13,0,0.357,0,293864,2
2026-09-07T15,13,0,0.358,0,14432,1
2026-09-07T15,13,0,0.359,0,26584,1
2026-09-07T15,13,0,0.36,0,104631,2
2026-09-07T15,13,0,0.361,13488,767658,2
2026-09-07T15,13,0,0.362,0,676648,6
2026-09-07T15,13,0,0.363,2064676,2023729,6
2026-09-07T15,13,0,0.364,326535,762096,3
2026-09-07T15,13,0,0.365,690358,86266,3
2026-09-07T15,13,0,0.366,1153598,1433,3
2026-09-07T15,13,0,0.367,133598,0,1
2026-09-07T16,13,0,0.364,0,115610,1
2026-09-07T16,13,0,0.365,0,1882062,4
2026-09-07T16,13,0,0.366,1006788,1021899,6
2026-09-07T16,13,0,0.367,1048557,2522389,6
2026-09-07T16,13,0,0.368,296865,643305,7
2026-09-07T16,13,0,0.369,2320063,4329796,8
2026-09-07T16,13,0,0.37,515136,42004,3
2026-09-07T17,13,0,0.365,0,287582,1
2026-09-07T17,13,0,0.366,0,150891,2
2026-09-07T17,13,0,0.367,0,149866,4
2026-09-07T17,13,0,0.368,118219,3669670,7
2026-09-07T17,13,0,0.369,551752,1904561,10
2026-09-07T17,13,0,0.37,961739,1395526,15
2026-09-07T17,13,0,0.371,36859,0,1
2026-09-07T18,13,0,0.368,270114,343202,2
2026-09-07T18,13,0,0.369,1579236,0,3
2026-09-07T18,13,0,0.37,763955,148210,3
2026-09-07T19,13,0,0.357,0,682485,1
2026-09-07T19,13,0,0.358,1532325,595101,3
2026-09-07T19,13,0,0.359,0,1322825,2
2026-09-07T19,13,0,0.36,0,3747323,3
2026-09-07T19,13,0,0.361,160702,166024,5
2026-09-07T19,13,0,0.362,2838684,17263956,4
2026-09-07T19,13,0,0.363,1113666,889664,6
2026-09-07T19,13,0,0.364,737583,224204,4
2026-09-07T19,13,0,0.365,0,64422,2
2026-09-07T20,13,0,0.357,0,122042,1
2026-09-07T20,13,0,0.359,0,692395,3
2026-09-07T20,13,0,0.36,508918,3857211,5
2026-09-07T20,13,0,0.361,44498,11567817,7
2026-09-07T20,13,0,0.362,484863,5181808,6
2026-09-07T20,13,0,0.363,8362864,9666166,11
2026-09-07T20,13,0,0.364,0,2329874,2
2026-09-07T20,13,0,0.365,975835,0,2
2026-09-07T21,13,0,0.359,0,400000,1
2026-09-07T21,13,0,0.36,0,630873,3
2026-09-07T21,13,0,0.361,0,195235,3
2026-09-07T21,13,0,0.362,91787,2130449,8
2026-09-07T21,13,0,0.363,2989447,2749915,17
2026-09-07T21,13,0,0.364,6035551,2405256,12
2026-09-07T21,13,0,0.365,14609,0,1
2026-09-07T22,13,0,0.361,310938,251431,2
2026-09-07T22,13,0,0.362,0,154809,4
2026-09-07T22,13,0,0.363,1054811,1199689,6
2026-09-07T22,13,0,0.364,54721,8148826,9
2026-09-07T22,13,0,0.365,414035,1004120,13
2026-09-07T22,13,0,0.366,2517070,0,2
2026-09-07T23,13,0,0.363,0,50539,1
2026-09-07T23,13,0,0.365,0,502430,4
2026-09-07T23,13,0,0.366,1552582,2645600,7
2026-09-07T23,13,0,0.367,449104,2057098,11
2026-09-07T23,13,0,0.368,2241,4854593,10
2026-09-07T23,13,0,0.369,864375,3642917,15
2026-09-07T23,13,0,0.37,1616215,0,2
2026-09-08T00,13,0,0.366,123301,566107,6
2026-09-08T00,13,0,0.367,202798,569632,7
2026-09-08T00,13,0,0.368,455646,1228840,7
2026-09-08T00,13,0,0.369,3380229,367646,11
2026-09-08T01,13,0,0.359,0,1556277,2
2026-09-08T01,13,0,0.36,0,57366,2
2026-09-08T01,13,0,0.361,51368,229113,4
2026-09-08T01,13,0,0.362,173516,377467,5
2026-09-08T01,13,0,0.363,2769612,360417,8
2026-09-08T01,13,0,0.364,175404,0,1
2026-09-08T01,13,0,0.365,5345,0,1
2026-09-08T02,13,0,0.361,0,621831,1
2026-09-08T02,13,0,0.362,0,1069897,4
2026-09-08T02,13,0,0.363,0,2489377,5
2026-09-08T02,13,0,0.364,288438,942257,10
2026-09-08T02,13,0,0.365,2074262,4191356,11
2026-09-08T02,13,0,0.366,0,2638314,3
2026-09-08T02,13,0,0.367,908167,3369025,6
2026-09-08T02,13,0,0.368,0,353339,1
2026-09-08T02,13,0,0.369,452374,0,1
2026-09-08T03,13,0,0.359,0,931217,2
2026-09-08T03,13,0,0.36,2677093,2099121,6
2026-09-08T03,13,0,0.361,57160,4554026,6
2026-09-08T03,13,0,0.362,1254277,200463,7
2026-09-08T03,13,0,0.363,0,260140,1
2026-09-08T03,13,0,0.364,335824,102180,4
2026-09-08T03,13,0,0.365,579805,701704,5
2026-09-08T03,13,0,0.366,142532,46113,2
2026-09-08T04,13,0,0.364,0,650788,1
2026-09-08T04,13,0,0.365,0,931737,2
2026-09-08T04,13,0,0.366,0,402107,3
2026-09-08T04,13,0,0.367,719663,5313907,8
2026-09-08T04,13,0,0.368,48301,10399220,7
2026-09-08T04,13,0,0.369,870459,17964619,12
2026-09-08T04,13,0,0.37,1570067,0,4
2026-09-08T05,13,0,0.364,0,1105346,3
2026-09-08T05,13,0,0.365,0,1777713,6
2026-09-08T05,13,0,0.366,1111277,1809840,8
2026-09-08T05,13,0,0.367,1238415,960369,6
2026-09-08T05,13,0,0.368,1100778,2571013,8
2026-09-08T05,13,0,0.369,4590692,2033799,10
2026-09-08T06,13,0,0.366,0,383000,1
2026-09-08T06,13,0,0.367,697601,59128,3
2026-09-08T06,13,0,0.368,0,330574,6
2026-09-08T06,13,0,0.369,1906098,1313239,12
2026-09-08T06,13,0,0.37,1255357,660298,8
2026-09-08T07,13,0,0.358,0,55076,1
2026-09-08T07,13,0,0.359,0,364058,2
2026-09-08T07,13,0,0.365,0,65393,1
2026-09-08T07,13,0,0.366,0,42942,2
2026-09-08T07,13,0,0.367,826540,503464,5
2026-09-08T07,13,0,0.368,2409373,0,5
2026-09-08T07,13,0,0.369,1527268,8924541,7
2026-09-08T07,13,0,0.37,0,23014338,8
2026-09-08T07,13,0,0.371,62207,1168660,7
2026-09-08T08,13,0,0.359,1177718,968860,6
2026-09-08T08,13,0,0.36,0,150650,4
2026-09-08T08,13,0,0.361,620561,307140,8
2026-09-08T08,13,0,0.362,52149,838100,3
2026-09-08T08,13,0,0.363,0,791421,2
2026-09-08T08,13,0,0.364,99045,0,1
2026-09-08T08,13,0,0.365,26279,0,1
2026-09-08T08,13,0,0.366,0,384995,2
2026-09-08T08,13,0,0.367,823364,0,3
2026-09-08T09,13,0,0.36,809841,952178,4
2026-09-08T09,13,0,0.361,0,1127677,3
2026-09-08T09,13,0,0.362,0,614898,2
2026-09-08T09,13,0,0.363,943165,2889914,6
2026-09-08T09,13,0,0.364,664036,792462,5
2026-09-08T09,13,0,0.365,2209758,3969142,4
2026-09-08T09,13,0,0.366,466632,790231,5
2026-09-08T09,13,0,0.367,580598,0,1
2026-09-08T10,13,0,0.36,0,517366,1
2026-09-08T10,13,0,0.363,0,83738,1
2026-09-08T10,13,0,0.365,0,67721,1
2026-09-08T10,13,0,0.366,1649657,1142479,7
2026-09-08T10,13,0,0.367,2720236,10227817,13
2026-09-08T10,13,0,0.368,359964,2656598,6
2026-09-08T10,13,0,0.369,66698,0,2
2026-09-08T11,13,0,0.359,0,444482,2
2026-09-08T11,13,0,0.36,0,469117,2
2026-09-08T11,13,0,0.361,472852,758646,3
2026-09-08T11,13,0,0.362,0,90569,1
2026-09-08T11,13,0,0.363,104120,1780722,2
2026-09-08T11,13,0,0.364,0,11692,1
2026-09-08T11,13,0,0.365,3632,337186,2
2026-09-08T11,13,0,0.366,258026,3117456,4
2026-09-08T11,13,0,0.367,0,68574,2
2026-09-08T11,13,0,0.368,0,2432906,4
2026-09-08T11,13,0,0.369,439368,1281639,7
2026-09-08T11,13,0,0.37,2162444,0,3
2026-09-08T12,13,0,0.363,0,554628,1
2026-09-08T12,13,0,0.364,0,10324,2
2026-09-08T12,13,0,0.365,0,183723,2
2026-09-08T12,13,0,0.366,0,1022364,3
2026-09-08T12,13,0,0.367,713559,1816147,10
2026-09-08T12,13,0,0.368,784484,1607431,8
2026-09-08T12,13,0,0.369,0,1051387,2
2026-09-08T12,13,0,0.37,243656,1063224,4
2026-09-08T13,13,0,0.363,0,180602,2
2026-09-08T13,13,0,0.364,0,189319,1
2026-09-08T13,13,0,0.366,0,1678307,1
2026-09-08T13,13,0,0.367,1342324,3474595,7
2026-09-08T13,13,0,0.368,447749,1576823,5
2026-09-08T13,13,0,0.369,0,298503,3
2026-09-08T13,13,0,0.37,461457,649784,4
2026-09-08T13,13,0,0.371,139587,2238128,10
2026-09-08T13,13,0,0.372,4143081,6210854,11
2026-09-08T14,13,0,0.366,0,10386,1
2026-09-08T14,13,0,0.367,1814438,346636,5
2026-09-08T14,13,0,0.368,0,1053458,3
2026-09-08T14,13,0,0.369,0,97256,4
2026-09-08T14,13,0,0.37,0,3449002,8
2026-09-08T14,13,0,0.371,1409057,389606,6
2026-09-08T14,13,0,0.372,1260790,164780,7
2026-09-08T15,13,0,0.366,0,84630,2
2026-09-08T15,13,0,0.367,337099,1250315,6
2026-09-08T15,13,0,0.368,25879,3309799,7
2026-09-08T15,13,0,0.369,1138152,1990828,6
2026-09-08T15,13,0,0.37,123995,525540,5
2026-09-08T15,13,0,0.371,941643,799668,5
2026-09-08T16,13,0,0.358,0,299600,1
2026-09-08T16,13,0,0.359,0,120634,1
2026-09-08T16,13,0,0.364,0,468847,1
2026-09-08T16,13,0,0.365,0,180838,1
2026-09-08T16,13,0,0.366,0,486417,2
2026-09-08T16,13,0,0.367,1672722,173397,3
2026-09-08T16,13,0,0.368,130917,267519,2
2026-09-08T16,13,0,0.369,2255,39156,3
2026-09-08T16,13,0,0.37,762695,35000,2
2026-09-08T16,13,0,0.371,0,885729,2
2026-09-08T16,13,0,0.372,1485765,2253445,3
2026-09-08T16,13,0,0.373,3375446,851812,5
2026-09-08T17,13,0,0.357,0,342181,1
2026-09-08T17,13,0,0.358,0,235002,1
2026-09-08T17,13,0,0.359,0,17332,1
2026-09-08T17,13,0,0.36,0,2216350,1
2026-09-08T17,13,0,0.361,0,311342,3
2026-09-08T17,13,0,0.362,93117,31665,3
2026-09-08T17,13,0,0.363,0,3993760,5
2026-09-08T17,13,0,0.364,728795,1843223,7
2026-09-08T17,13,0,0.365,2290689,421959,7
2026-09-08T17,13,0,0.366,72727,0,2
2026-09-08T17,13,0,0.367,20000,0,1
2026-09-08T18,13,0,0.359,0,796011,1
2026-09-08T18,13,0,0.363,0,121884,1
2026-09-08T18,13,0,0.364,0,436276,2
2026-09-08T18,13,0,0.365,0,3159231,2
2026-09-08T18,13,0,0.366,767305,2383449,7
2026-09-08T18,13,0,0.367,5044680,1297402,11
2026-09-08T18,13,0,0.368,2768543,0,2
2026-09-08T19,13,0,0.359,0,72399,1
2026-09-08T19,13,0,0.36,0,655895,1
2026-09-08T19,13,0,0.361,0,199104,1
2026-09-08T19,13,0,0.362,1123697,0,1
2026-09-08T19,13,0,0.363,56558,0,1
2026-09-08T19,13,0,0.364,0,1408726,2
2026-09-08T19,13,0,0.365,0,1462675,3
2026-09-08T19,13,0,0.366,158597,1032021,3
2026-09-08T19,13,0,0.367,778108,0,2
2026-09-08T19,13,0,0.368,2055742,0,4
2026-09-08T20,13,0,0.358,0,40000,1
2026-09-08T20,13,0,0.359,0,1275517,2
2026-09-08T20,13,0,0.36,729426,4413419,4
2026-09-08T20,13,0,0.361,0,1332711,4
2026-09-08T20,13,0,0.362,705581,2466021,7
2026-09-08T20,13,0,0.363,1380248,1887471,3
2026-09-08T20,13,0,0.364,0,15161,1
2026-09-08T20,13,0,0.365,0,2273475,4
2026-09-08T20,13,0,0.366,0,2094782,3
2026-09-08T20,13,0,0.367,1081609,221892,4
2026-09-08T21,13,0,0.36,0,563668,1
2026-09-08T21,13,0,0.361,0,3038170,4
2026-09-08T21,13,0,0.362,3210339,4277974,5
2026-09-08T21,13,0,0.363,16800,842459,2
2026-09-08T21,13,0,0.364,39780,1372374,3
2026-09-08T21,13,0,0.365,0,967771,2
2026-09-08T21,13,0,0.366,181494,768210,2
2026-09-08T21,13,0,0.367,3185039,1803367,7
2026-09-08T22,13,0,0.364,0,113700,2
2026-09-08T22,13,0,0.365,0,2845563,4
2026-09-08T22,13,0,0.366,3111817,185859,11
2026-09-08T22,13,0,0.367,1569997,930442,4
2026-09-08T22,13,0,0.368,726803,0,1
2026-09-08T23,13,0,0.357,0,999900,1
2026-09-08T23,13,0,0.359,0,4186,1
2026-09-08T23,13,0,0.361,0,247243,1
2026-09-08T23,13,0,0.362,0,273879,1
2026-09-08T23,13,0,0.363,13223,333145,2
2026-09-08T23,13,0,0.364,140477,198641,2
2026-09-08T23,13,0,0.365,4763641,4069185,8
2026-09-08T23,13,0,0.366,3882643,0,4
2026-09-09T00,13,0,0.363,0,878943,1
2026-09-09T00,13,0,0.364,0,2841911,1
2026-09-09T00,13,0,0.365,0,1253749,3
2026-09-09T00,13,0,0.366,72648,2002115,6
2026-09-09T00,13,0,0.367,235607,2248995,11
2026-09-09T00,13,0,0.368,8339871,0,9
2026-09-09T01,13,0,0.36,0,106592,2
2026-09-09T01,13,0,0.361,184910,273291,2
2026-09-09T01,13,0,0.362,857644,0,1
2026-09-09T01,13,0,0.363,0,505992,2
2026-09-09T01,13,0,0.364,2257401,3145953,5
2026-09-09T01,13,0,0.365,913777,556048,7
2026-09-09T01,13,0,0.366,40216,0,1
2026-09-09T02,13,0,0.359,0,927040,1
2026-09-09T02,13,0,0.362,0,1998442,1
2026-09-09T02,13,0,0.363,0,72780,1
2026-09-09T02,13,0,0.364,0,35661,1
2026-09-09T02,13,0,0.365,26573,7639141,5
2026-09-09T02,13,0,0.366,14022,1203485,5
2026-09-09T02,13,0,0.367,568177,1153113,8
2026-09-09T02,13,0,0.368,5537515,0,6
2026-09-09T03,13,0,0.366,0,87733,2
2026-09-09T03,13,0,0.367,0,1331482,9
2026-09-09T03,13,0,0.368,12535953,6106952,9
2026-09-09T03,13,0,0.369,2819,265878,3
2026-09-09T03,13,0,0.37,0,1109322,6
2026-09-09T03,13,0,0.371,0,10687945,6
2026-09-09T03,13,0,0.372,1392905,4507668,11
2026-09-09T03,13,0,0.373,4554100,4134277,4
2026-09-09T04,13,0,0.36,0,372039,2
2026-09-09T04,13,0,0.361,0,163598,1
2026-09-09T04,13,0,0.362,129383,1022071,3
2026-09-09T04,13,0,0.363,0,350942,4
2026-09-09T04,13,0,0.364,420113,627552,6
2026-09-09T04,13,0,0.365,916312,0,4
2026-09-09T04,13,0,0.366,0,194559,1
2026-09-09T04,13,0,0.367,0,129188,1
2026-09-09T04,13,0,0.368,5434,1589459,4
2026-09-09T04,13,0,0.369,592909,0,3
2026-09-09T05,13,0,0.36,1013235,1453852,3
2026-09-09T05,13,0,0.361,0,378727,2
2026-09-09T05,13,0,0.362,0,1664116,4
2026-09-09T05,13,0,0.363,3752834,4373738,5
2026-09-09T05,13,0,0.364,0,1529708,5
2026-09-09T05,13,0,0.365,3538811,1944702,6
2026-09-09T05,13,0,0.366,787053,509487,3
2026-09-09T05,13,0,0.367,58415,40000,2
2026-09-09T05,13,0,0.368,0,213835,3
2026-09-09T05,13,0,0.369,181912,0,2
2026-09-09T06,13,0,0.359,0,28194,1
2026-09-09T06,13,0,0.36,3458856,3649712,4
2026-09-09T06,13,0,0.361,0,3860366,2
2026-09-09T06,13,0,0.362,568083,2531776,4
2026-09-09T06,13,0,0.363,793749,6108086,7
2026-09-09T06,13,0,0.364,287309,88301,3
2026-09-09T06,13,0,0.365,0,1332327,2
2026-09-09T06,13,0,0.366,12,0,1
2026-09-09T07,13,0,0.361,0,826573,1
2026-09-09T07,13,0,0.362,0,697393,1
2026-09-09T07,13,0,0.363,0,338755,2
2026-09-09T07,13,0,0.364,311972,1913557,7
2026-09-09T07,13,0,0.365,3530,2396383,4
2026-09-09T07,13,0,0.366,122422,3788722,6
2026-09-09T07,13,0,0.367,435482,895514,6
2026-09-09T07,13,0,0.368,1100152,376004,6
2026-09-09T07,13,0,0.369,1273397,0,3
2026-09-09T08,13,0,0.362,0,176153,1
2026-09-09T08,13,0,0.363,0,267898,3
2026-09-09T08,13,0,0.364,117495,818277,6
2026-09-09T08,13,0,0.365,37689,4109229,6
2026-09-09T08,13,0,0.366,3828645,3189558,9
2026-09-09T08,13,0,0.367,0,244802,1
2026-09-09T08,13,0,0.368,0,4821130,1
2026-09-09T08,13,0,0.369,847323,0,3
2026-09-09T09,13,0,0.361,0,166078,1
2026-09-09T09,13,0,0.362,0,982982,1
2026-09-09T09,13,0,0.363,0,38041,1
2026-09-09T09,13,0,0.364,633272,665337,5
2026-09-09T09,13,0,0.365,564082,161334,3
2026-09-09T09,13,0,0.367,442104,673471,6
2026-09-09T09,13,0,0.368,536587,135237,2
2026-09-09T09,13,0,0.369,0,198677,2
2026-09-09T09,13,0,0.37,42049,71237,4
2026-09-09T10,13,0,0.355,0,26471,1
2026-09-09T10,13,0,0.36,0,12149,1
2026-09-09T10,13,0,0.361,0,411075,1
2026-09-09T10,13,0,0.362,489605,484098,9
2026-09-09T10,13,0,0.363,1113421,793680,8
2026-09-09T10,13,0,0.364,8311047,0,5
2026-09-09T11,13,0,0.359,0,1780158,1
2026-09-09T11,13,0,0.36,0,423033,2
2026-09-09T11,13,0,0.361,0,567786,2
2026-09-09T11,13,0,0.362,7885079,3563976,6
2026-09-09T11,13,0,0.363,670230,2035398,10
2026-09-09T11,13,0,0.364,2882114,0,6
2026-09-09T12,13,0,0.363,0,10000,1
2026-09-09T12,13,0,0.364,683476,6374410,2
2026-09-09T12,13,0,0.365,0,1361850,1
2026-09-09T12,13,0,0.366,17897,292986,4
2026-09-09T12,13,0,0.367,0,768202,2
2026-09-09T12,13,0,0.368,0,1877616,4
2026-09-09T12,13,0,0.369,299997,1074134,8
2026-09-09T12,13,0,0.37,3994840,1493403,12
2026-09-09T13,13,0,0.365,0,280581,1
2026-09-09T13,13,0,0.366,0,470174,2
2026-09-09T13,13,0,0.367,35311,1218474,3
2026-09-09T13,13,0,0.368,220079,987262,4
2026-09-09T13,13,0,0.369,948514,1040822,8
2026-09-09T13,13,0,0.37,3294162,0,5
2026-09-09T14,13,0,0.362,0,286701,1
2026-09-09T14,13,0,0.364,0,136020,1
2026-09-09T14,13,0,0.365,0,212137,2
2026-09-09T14,13,0,0.366,0,290662,1
2026-09-09T14,13,0,0.367,3824735,1224614,6
2026-09-09T14,13,0,0.368,6077236,1006752,6
2026-09-09T14,13,0,0.369,237987,0,2
2026-09-09T15,13,0,0.361,0,122009,1
2026-09-09T15,13,0,0.362,0,575615,3
2026-09-09T15,13,0,0.363,1226046,409144,4
2026-09-09T15,13,0,0.364,0,579062,2
2026-09-09T15,13,0,0.365,163522,2913339,4
2026-09-09T15,13,0,0.366,292067,1391794,5
2026-09-09T15,13,0,0.367,1057896,760728,5
2026-09-09T15,13,0,0.368,1422679,0,3
2026-09-09T16,13,0,0.364,0,480044,1
2026-09-09T16,13,0,0.365,156525,179355,5
2026-09-09T16,13,0,0.366,70000,2802154,5
2026-09-09T16,13,0,0.367,1033739,2164210,4
2026-09-09T16,13,0,0.368,356216,0,1
2026-09-09T17,13,0,0.359,0,86264,1
2026-09-09T17,13,0,0.36,0,235100,1
2026-09-09T17,13,0,0.361,0,100000,1
2026-09-09T17,13,0,0.364,0,239654,3
2026-09-09T17,13,0,0.365,222714,1225060,7
2026-09-09T17,13,0,0.366,495979,34882835,3
2026-09-09T17,13,0,0.367,2058,5211033,6
2026-09-09T17,13,0,0.368,0,4810339,6
2026-09-09T17,13,0,0.369,1888117,4262410,12
2026-09-09T17,13,0,0.37,765866,0,1
2026-09-09T18,13,0,0.363,0,3029066,3
2026-09-09T18,13,0,0.364,755385,1189236,4
2026-09-09T18,13,0,0.365,0,1157466,3
2026-09-09T18,13,0,0.366,2067629,946466,8
2026-09-09T18,13,0,0.367,75157,229902,3
2026-09-09T18,13,0,0.368,0,520037,2
2026-09-09T18,13,0,0.369,675786,141102,3
2026-09-09T18,13,0,0.37,24004,0,1
2026-09-09T19,13,0,0.364,0,23431,2
2026-09-09T19,13,0,0.365,0,1296714,5
2026-09-09T19,13,0,0.366,3145384,4485780,11
2026-09-09T19,13,0,0.367,1073062,1282605,7
2026-09-09T19,13,0,0.368,716054,542221,6
2026-09-09T19,13,0,0.369,630726,123929,3
2026-09-09T20,13,0,0.358,0,813334,1
2026-09-09T20,13,0,0.359,0,17181,3
2026-09-09T20,13,0,0.36,0,2232606,1
2026-09-09T20,13,0,0.361,1434952,3947053,4
2026-09-09T20,13,0,0.362,2167956,1415984,5
2026-09-09T20,13,0,0.363,978538,0,3
2026-09-09T20,13,0,0.366,15231,66878,3
2026-09-09T20,13,0,0.367,1930889,0,2
2026-09-09T21,13,0,0.361,0,18992,1
2026-09-09T21,13,0,0.362,251773,606204,2
2026-09-09T21,13,0,0.363,871766,2216980,4
2026-09-09T21,13,0,0.364,0,32416,2
2026-09-09T21,13,0,0.365,0,323244,4
2026-09-09T21,13,0,0.366,24051,622668,4
2026-09-09T21,13,0,0.367,0,11000572,3
2026-09-09T21,13,0,0.368,0,361031,5
2026-09-09T21,13,0,0.369,35864,1781421,6
2026-09-09T21,13,0,0.37,4522342,0,6
2026-09-09T22,13,0,0.366,1886433,0,1
2026-09-09T22,13,0,0.367,332932,0,1
2026-09-09T22,13,0,0.368,0,323412,1
2026-09-09T22,13,0,0.369,36061,324050,5
2026-09-09T22,13,0,0.37,2809171,2087158,14
2026-09-09T23,13,0,0.362,0,1106644,1
2026-09-09T23,13,0,0.363,0,103760,2
2026-09-09T23,13,0,0.364,241638,1025687,3
2026-09-09T23,13,0,0.365,0,138522,2
2026-09-09T23,13,0,0.366,4599562,0,8
2026-09-10T00,13,0,0.357,0,15030,1
2026-09-10T00,13,0,0.358,0,1011594,2
2026-09-10T00,13,0,0.359,0,1118398,2
2026-09-10T00,13,0,0.36,1615724,1425016,5
2026-09-10T00,13,0,0.361,4714429,2931681,6
2026-09-10T00,13,0,0.362,0,170106,2
2026-09-10T00,13,0,0.363,389351,651960,5
2026-09-10T00,13,0,0.364,0,114501,1
2026-09-10T00,13,0,0.365,0,3386952,1
2026-09-10T00,13,0,0.366,0,5210805,3
2026-09-10T00,13,0,0.367,218902,218980,3
2026-09-10T01,13,0,0.358,0,47851,1
2026-09-10T01,13,0,0.359,0,124717,1
2026-09-10T01,13,0,0.361,102982,144436,3
2026-09-10T01,13,0,0.362,2437130,513160,6
2026-09-10T01,13,0,0.363,0,723079,3
2026-09-10T01,13,0,0.364,1145305,213362,4
2026-09-10T02,13,0,0.357,0,104715,1
2026-09-10T02,13,0,0.358,0,1265577,2
2026-09-10T02,13,0,0.359,0,2590246,4
2026-09-10T02,13,0,0.36,159885,906877,8
2026-09-10T02,13,0,0.361,1060696,431743,5
2026-09-10T02,13,0,0.362,89475,1807875,4
2026-09-10T02,13,0,0.363,0,2124742,4
2026-09-10T02,13,0,0.364,33700,872098,3
2026-09-10T02,13,0,0.365,129197,426325,5
2026-09-10T02,13,0,0.366,125194,274806,2
2026-09-10T02,13,0,0.367,1011614,0,1
2026-09-10T03,13,0,0.359,0,2743450,1
2026-09-10T03,13,0,0.361,0,179684,1
2026-09-10T03,13,0,0.362,0,1846720,2
2026-09-10T03,13,0,0.363,217084,317582,6
2026-09-10T03,13,0,0.364,159914,318121,5
2026-09-10T03,13,0,0.365,0,730406,4
2026-09-10T03,13,0,0.366,507460,600577,5
2026-09-10T03,13,0,0.367,2040929,0,3
2026-09-10T04,13,0,0.362,0,1458572,3
2026-09-10T04,13,0,0.363,285742,2467257,5
2026-09-10T04,13,0,0.364,1251376,502564,6
2026-09-10T04,13,0,0.365,5301853,11274836,3
2026-09-10T04,13,0,0.366,1610137,7809134,5
2026-09-10T04,13,0,0.367,470141,2164190,6
2026-09-10T04,13,0,0.368,0,609365,2
2026-09-10T04,13,0,0.369,0,2240706,5
2026-09-10T04,13,0,0.37,3391460,0,3
2026-09-10T05,13,0,0.361,0,578419,2
2026-09-10T05,13,0,0.362,1101238,377025,5
2026-09-10T05,13,0,0.363,1782639,0,1
2026-09-10T05,13,0,0.364,0,72540,1
2026-09-10T05,13,0,0.365,225026,122115,3
2026-09-10T05,13,0,0.366,106397,3314687,3
2026-09-10T05,13,0,0.367,0,143853,2
2026-09-10T05,13,0,0.368,1585,633924,5
2026-09-10T05,13,0,0.369,1138947,751731,5
2026-09-10T05,13,0,0.37,459812,0,1
2026-09-10T06,13,0,0.357,0,483898,1
2026-09-10T06,13,0,0.358,0,390603,1
2026-09-10T06,13,0,0.359,0,167695,2
2026-09-10T06,13,0,0.36,0,344615,2
2026-09-10T06,13,0,0.362,1546374,343602,4
2026-09-10T06,13,0,0.363,0,1310809,2
2026-09-10T06,13,0,0.364,0,466778,3
2026-09-10T06,13,0,0.365,3353891,1681030,5
2026-09-10T06,13,0,0.366,375286,4492941,2
2026-09-10T06,13,0,0.367,118363,691863,7
2026-09-10T06,13,0,0.368,5775913,400000,5
2026-09-10T07,13,0,0.363,0,749985,1
2026-09-10T07,13,0,0.364,0,8444129,1
2026-09-10T07,13,0,0.365,0,1684631,1
2026-09-10T07,13,0,0.366,0,1675140,3
2026-09-10T07,13,0,0.367,1261662,1447135,8
2026-09-10T07,13,0,0.368,523002,5424195,7
2026-09-10T07,13,0,0.369,691340,2160762,7
2026-09-10T07,13,0,0.37,32723,0,1
2026-09-10T08,13,0,0.36,0,28788,1
2026-09-10T08,13,0,0.364,660,935193,3
2026-09-10T08,13,0,0.365,0,1117835,3
2026-09-10T08,13,0,0.366,0,591977,3
2026-09-10T08,13,0,0.367,813981,1484622,6
2026-09-10T08,13,0,0.368,2364103,147607,7
2026-09-10T08,13,0,0.369,388715,64060,3
2026-09-10T09,13,0,0.36,0,1050782,1
2026-09-10T09,13,0,0.361,0,445499,1
2026-09-10T09,13,0,0.362,0,314004,4
2026-09-10T09,13,0,0.363,475013,549678,6
2026-09-10T09,13,0,0.364,29624,1821751,7
2026-09-10T09,13,0,0.365,1344785,2878203,6
2026-09-10T09,13,0,0.366,456177,50000,4
2026-09-10T09,13,0,0.367,1769606,107106,2
2026-09-10T09,13,0,0.368,1221266,0,1
2026-09-10T10,13,0,0.36,0,287268,1
2026-09-10T10,13,0,0.361,0,174592,3
2026-09-10T10,13,0,0.362,2129932,5188261,5
2026-09-10T10,13,0,0.363,0,449434,2
2026-09-10T10,13,0,0.364,0,167609,3
2026-09-10T10,13,0,0.365,322279,845888,5
2026-09-10T10,13,0,0.366,0,468467,2
2026-09-10T10,13,0,0.367,255048,2798509,5
2026-09-10T10,13,0,0.368,0,5065399,3
2026-09-10T10,13,0,0.369,709216,1700902,3
2026-09-10T11,13,0,0.363,0,703284,1
2026-09-10T11,13,0,0.364,0,138212,1
2026-09-10T11,13,0,0.365,170815,1134908,7
2026-09-10T11,13,0,0.366,2032424,1661355,7
2026-09-10T11,13,0,0.367,15048,1098555,5
2026-09-10T11,13,0,0.368,250425,271264,4
2026-09-10T11,13,0,0.369,18237,220479,4
2026-09-10T11,13,0,0.37,2519561,9162222,16
2026-09-10T12,13,0,0.362,0,682284,2
2026-09-10T12,13,0,0.363,559697,681807,3
2026-09-10T12,13,0,0.364,107197,322338,3
2026-09-10T12,13,0,0.365,0,3032,1
2026-09-10T12,13,0,0.366,1988124,395511,6
2026-09-10T12,13,0,0.367,0,1147454,4
2026-09-10T12,13,0,0.368,101620,1390004,6
2026-09-10T12,13,0,0.369,2125994,3371817,12
2026-09-10T12,13,0,0.37,5396162,0,3
2026-09-10T13,13,0,0.359,0,1893132,1
2026-09-10T13,13,0,0.36,20080150,0,4
2026-09-10T13,13,0,0.363,0,62807,1
2026-09-10T13,13,0,0.364,161797,3021612,3
2026-09-10T13,13,0,0.365,0,553510,3
2026-09-10T13,13,0,0.366,142010,652570,6
2026-09-10T13,13,0,0.367,155701,2124273,2
2026-09-10T13,13,0,0.368,300627,277386,2
2026-09-10T13,13,0,0.369,0,110300,2
2026-09-10T13,13,0,0.37,5000,0,1
2026-09-10T14,13,0,0.354,0,116279,1
2026-09-10T14,13,0,0.355,0,13952,1
2026-09-10T14,13,0,0.356,0,2958283,2
2026-09-10T14,13,0,0.357,0,888023,5
2026-09-10T14,13,0,0.358,4177815,783073,6
2026-09-10T14,13,0,0.359,0,1630893,6
2026-09-10T14,13,0,0.36,5513345,0,6
2026-09-10T15,13,0,0.357,0,183649,1
2026-09-10T15,13,0,0.358,0,436210,3
2026-09-10T15,13,0,0.359,739366,4987495,10
2026-09-10T15,13,0,0.36,44841889,0,10
2026-09-10T16,13,0,0.358,0,287820,1
2026-09-10T16,13,0,0.359,0,2296179,3
2026-09-10T16,13,0,0.36,17449558,13999132,11
2026-09-10T16,13,0,0.361,0,852652,3
2026-09-10T16,13,0,0.362,410598,477334,5
2026-09-10T16,13,0,0.363,61536,7021233,5
2026-09-10T16,13,0,0.364,55199,0,1
2026-09-10T17,13,0,0.359,0,61256,1
2026-09-10T17,13,0,0.36,39535,1961172,6
2026-09-10T17,13,0,0.361,277859,915059,5
2026-09-10T17,13,0,0.362,201357,2170292,4
2026-09-10T17,13,0,0.363,294638,4623379,6
2026-09-10T17,13,0,0.364,5547465,0,8
2026-09-10T18,13,0,0.358,0,6396633,1
2026-09-10T18,13,0,0.359,826842,897045,5
2026-09-10T18,13,0,0.36,0,343556,2
2026-09-10T18,13,0,0.361,2,5263790,4
2026-09-10T18,13,0,0.362,82932,1426653,3
2026-09-10T18,13,0,0.363,132070,1447325,6
2026-09-10T18,13,0,0.364,14131541,0,6
2026-09-10T19,13,0,0.362,0,358336,1
2026-09-10T19,13,0,0.363,0,837305,5
2026-09-10T19,13,0,0.364,30898427,0,11
2026-09-10T20,13,0,0.358,0,300000,1
2026-09-10T20,13,0,0.359,0,2896418,2
2026-09-10T20,13,0,0.36,244339,982199,5
2026-09-10T20,13,0,0.361,0,1087639,4
2026-09-10T20,13,0,0.362,77291,2073641,9
2026-09-10T20,13,0,0.363,35020,1808686,9
2026-09-10T20,13,0,0.364,37394461,0,6
2026-09-10T21,13,0,0.359,0,73447,1
2026-09-10T21,13,0,0.36,0,504048,4
2026-09-10T21,13,0,0.361,6160,34732,2
2026-09-10T21,13,0,0.362,0,49448,1
2026-09-10T21,13,0,0.363,0,530144,3
2026-09-10T21,13,0,0.364,1670317,18608090,8
2026-09-10T21,13,0,0.365,597696,1477986,3
2026-09-10T21,13,0,0.366,0,1372488,5
2026-09-10T21,13,0,0.367,1465675,2071036,8
2026-09-10T21,13,0,0.368,1511743,1044157,5
2026-09-10T21,13,0,0.369,22330,0,1
2026-09-10T22,13,0,0.361,0,966114,1
2026-09-10T22,13,0,0.362,0,30000,1
2026-09-10T22,13,0,0.363,910723,1190758,5
2026-09-10T22,13,0,0.364,43432,1248324,5
2026-09-10T22,13,0,0.365,203165,549037,3
2026-09-10T22,13,0,0.366,889614,372929,4
2026-09-10T22,13,0,0.367,0,4905955,2
2026-09-10T22,13,0,0.368,0,304852,2
2026-09-10T22,13,0,0.369,493369,2111112,7
2026-09-10T22,13,0,0.37,2489206,2079277,4
2026-09-10T23,13,0,0.362,376103,0,1
2026-09-10T23,13,0,0.363,53606,549566,2
2026-09-10T23,13,0,0.364,326327,1111354,5
2026-09-10T23,13,0,0.365,99695,63039,3
2026-09-10T23,13,0,0.366,286111,122251,4
2026-09-10T23,13,0,0.367,268790,71902,6
2026-09-10T23,13,0,0.368,10301,773849,3
2026-09-10T23,13,0,0.369,2659516,174447,6
2026-09-11T00,13,0,0.357,0,330084,1
2026-09-11T00,13,0,0.36,0,105857,1
2026-09-11T00,13,0,0.361,0,750896,2
2026-09-11T00,13,0,0.362,0,695253,5
2026-09-11T00,13,0,0.363,5317727,1775553,14
2026-09-11T00,13,0,0.364,532,0,1
2026-09-11T01,13,0,0.36,0,243057,1
2026-09-11T01,13,0,0.361,0,587626,5
2026-09-11T01,13,0,0.362,381076,308356,6
2026-09-11T01,13,0,0.363,0,1475882,6
2026-09-11T01,13,0,0.364,2726314,2735255,9
2026-09-11T01,13,0,0.365,7404,508251,5
2026-09-11T01,13,0,0.366,764,0,1
2026-09-11T02,13,0,0.357,686678,99276,2
2026-09-11T02,13,0,0.358,0,1540782,4
2026-09-11T02,13,0,0.359,0,572003,3
2026-09-11T02,13,0,0.36,143199,1026471,6
2026-09-11T02,13,0,0.361,0,392636,3
2026-09-11T02,13,0,0.362,84602,796243,5
2026-09-11T02,13,0,0.363,39138,6863317,8
2026-09-11T02,13,0,0.364,98703,690897,7
2026-09-11T02,13,0,0.365,1143474,1103094,3
2026-09-11T02,13,0,0.366,447761,2771295,5
2026-09-11T02,13,0,0.367,12978,30671,2
2026-09-11T03,13,0,0.364,0,304112,1
2026-09-11T03,13,0,0.365,383804,0,2
2026-09-11T03,13,0,0.366,0,355408,2
2026-09-11T03,13,0,0.367,374511,1144362,6
2026-09-11T03,13,0,0.368,978198,1346421,8
2026-09-11T03,13,0,0.369,1004350,2872852,8
2026-09-11T03,13,0,0.37,604481,0,2
2026-09-11T04,13,0,0.365,752047,2263248,3
2026-09-11T04,13,0,0.366,252714,1281158,2
2026-09-11T04,13,0,0.367,0,15986,1
2026-09-11T04,13,0,0.368,143010,443164,5
2026-09-11T04,13,0,0.369,442719,2143582,7
2026-09-11T04,13,0,0.37,4422934,0,7
2026-09-11T05,13,0,0.359,0,40026,1
2026-09-11T05,13,0,0.36,0,1255680,4
2026-09-11T05,13,0,0.361,1006991,843205,4
2026-09-11T05,13,0,0.362,43324,0,1
2026-09-11T05,13,0,0.364,29332,0,1
2026-09-11T05,13,0,0.365,136484,232344,2
2026-09-11T05,13,0,0.366,0,65648,1
2026-09-11T05,13,0,0.367,263051,544348,4
2026-09-11T05,13,0,0.368,188386,1500359,7
2026-09-11T05,13,0,0.369,1286376,83475,6
2026-09-11T06,13,0,0.357,1020356,632973,5
2026-09-11T06,13,0,0.358,0,1504907,6
2026-09-11T06,13,0,0.359,1185723,2629427,9
2026-09-11T06,13,0,0.36,22098,1360875,6
2026-09-11T06,13,0,0.361,531211,4960568,5
2026-09-11T06,13,0,0.362,0,990173,3
2026-09-11T06,13,0,0.363,82790,0,1
2026-09-11T07,13,0,0.357,0,166585,1
2026-09-11T07,13,0,0.358,1828973,8148020,3
2026-09-11T07,13,0,0.359,561472,3189495,2
2026-09-11T07,13,0,0.36,0,66893,1
2026-09-11T07,13,0,0.361,0,48100,2
2026-09-11T07,13,0,0.362,101208,377862,6
2026-09-11T07,13,0,0.363,363381,3303002,3
2026-09-11T07,13,0,0.364,177373,1397901,5
2026-09-11T07,13,0,0.365,0,2672508,4
2026-09-11T07,13,0,0.366,1004979,159641,7
2026-09-11T07,13,0,0.367,1198798,6000,3
2026-09-11T08,13,0,0.361,0,175106,1
2026-09-11T08,13,0,0.362,0,30318,1
2026-09-11T08,13,0,0.363,191459,1454457,4
2026-09-11T08,13,0,0.364,199868,904070,7
2026-09-11T08,13,0,0.365,167550,1107307,4
2026-09-11T08,13,0,0.366,62109,452088,3
2026-09-11T08,13,0,0.367,813737,846930,5
2026-09-11T08,13,0,0.368,0,836956,3
2026-09-11T08,13,0,0.369,0,8923641,3
2026-09-11T08,13,0,0.37,3955167,0,1
2026-09-11T09,13,0,0.36,0,78683,2
2026-09-11T09,13,0,0.361,1689842,1209377,5
2026-09-11T09,13,0,0.362,425469,16265,3
2026-09-11T09,13,0,0.363,1835310,488045,7
2026-09-11T09,13,0,0.364,29151,875134,3
2026-09-11T09,13,0,0.365,0,213984,2
2026-09-11T09,13,0,0.366,0,131576,1
2026-09-11T10,13,0,0.36,0,144294,1
2026-09-11T10,13,0,0.361,542614,761018,4
2026-09-11T10,13,0,0.362,129961,212874,5
2026-09-11T10,13,0,0.363,2623858,1723405,5
2026-09-11T10,13,0,0.364,1340,3678160,2
2026-09-11T10,13,0,0.365,0,99708,1
2026-09-11T10,13,0,0.366,491048,779663,5
2026-09-11T11,13,0,0.359,0,318819,2
2026-09-11T11,13,0,0.36,9210,461304,2
2026-09-11T11,13,0,0.361,0,4167755,2
2026-09-11T11,13,0,0.362,303465,1977777,3
2026-09-11T11,13,0,0.363,29458,2047344,3
2026-09-11T11,13,0,0.364,0,29519,1
2026-09-11T11,13,0,0.365,59517,77580,3
2026-09-11T11,13,0,0.366,0,4687361,6
2026-09-11T11,13,0,0.367,0,1294087,7
2026-09-11T11,13,0,0.368,157554,617204,5
2026-09-11T11,13,0,0.369,0,180500,3
2026-09-11T11,13,0,0.37,3562987,1228374,12
2026-09-11T12,13,0,0.358,1849393,0,1
2026-09-11T12,13,0,0.36,0,461467,1
2026-09-11T12,13,0,0.361,2133154,475589,2
2026-09-11T12,13,0,0.362,661560,153889,2
2026-09-11T12,13,0,0.363,8107947,846,3
2026-09-11T12,13,0,0.366,0,1050867,1
2026-09-11T12,13,0,0.367,47561,341978,4
2026-09-11T12,13,0,0.368,1296521,0,2
2026-09-11T13,13,0,0.357,0,926705,3
2026-09-11T13,13,0,0.358,0,749787,2
2026-09-11T13,13,0,0.359,0,776319,3
2026-09-11T13,13,0,0.36,926325,1842763,9
2026-09-11T13,13,0,0.361,128816,2436482,6
2026-09-11T13,13,0,0.362,149851,831783,5
2026-09-11T13,13,0,0.363,5571215,0,5
2026-09-11T14,13,0,0.358,0,60348,2
2026-09-11T14,13,0,0.359,286833,1876321,6
2026-09-11T14,13,0,0.36,3069896,3383642,4
2026-09-11T14,13,0,0.361,0,325200,2
2026-09-11T14,13,0,0.362,606567,586507,3
2026-09-11T14,13,0,0.363,6508802,0,7
2026-09-11T15,13,0,0.357,1832785,0,1
2026-09-11T15,13,0,0.358,0,692684,1
2026-09-11T15,13,0,0.359,0,1961162,2
2026-09-11T15,13,0,0.36,979020,2004714,6
2026-09-11T15,13,0,0.361,13053,11601632,5
2026-09-11T15,13,0,0.362,1506230,5198466,9
2026-09-11T15,13,0,0.363,11382164,0,4
2026-09-11T16,13,0,0.357,3724663,1373796,5
2026-09-11T16,13,0,0.358,0,50000,1
2026-09-11T16,13,0,0.359,0,209574,1
2026-09-11T16,13,0,0.36,535315,2943248,5
2026-09-11T16,13,0,0.361,393094,1982759,5
2026-09-11T16,13,0,0.362,422608,6565111,8
2026-09-11T16,13,0,0.363,698789,0,1
2026-09-11T17,13,0,0.357,0,124593,1
2026-09-11T17,13,0,0.358,141255,1376397,4
2026-09-11T17,13,0,0.359,0,600352,4
2026-09-11T17,13,0,0.36,159746,1178157,7
2026-09-11T17,13,0,0.361,96108,807146,7
2026-09-11T17,13,0,0.362,299618,5525644,9
2026-09-11T17,13,0,0.363,5560694,0,5
2026-09-11T18,13,0,0.356,0,278303,1
2026-09-11T18,13,0,0.357,0,50000,1
2026-09-11T18,13,0,0.358,0,39999,1
2026-09-11T18,13,0,0.359,0,98258,2
2026-09-11T18,13,0,0.36,2621637,1117770,6
2026-09-11T18,13,0,0.361,2419627,580671,7
2026-09-11T18,13,0,0.362,189355,1196300,4
2026-09-11T18,13,0,0.363,3118132,0,2
2026-09-11T19,13,0,0.357,0,115481,1
2026-09-11T19,13,0,0.358,0,2158258,5
2026-09-11T19,13,0,0.359,4360142,125660,7
2026-09-11T19,13,0,0.36,0,575913,3
2026-09-11T19,13,0,0.361,0,6801997,6
2026-09-11T19,13,0,0.362,1454608,3011129,7
2026-09-11T19,13,0,0.363,79209,0,1
2026-09-11T20,13,0,0.356,0,182347,1
2026-09-11T20,13,0,0.357,0,406480,2
2026-09-11T20,13,0,0.358,448346,680105,5
2026-09-11T20,13,0,0.359,2506382,20000,4
2026-09-11T20,13,0,0.361,189911,0,1
2026-09-11T20,13,0,0.362,0,22837,1
2026-09-11T20,13,0,0.363,12553679,0,4
2026-09-11T21,13,0,0.356,0,78492,2
2026-09-11T21,13,0,0.357,202558,1226882,3
2026-09-11T21,13,0,0.358,0,4611648,6
2026-09-11T21,13,0,0.359,12794907,0,11
2026-09-11T22,13,0,0.356,364520,1317026,5
2026-09-11T22,13,0,0.357,402840,773172,4
2026-09-11T22,13,0,0.358,0,1285083,3
2026-09-11T22,13,0,0.359,12873549,0,9
2026-09-11T23,13,0,0.356,0,60632,1
2026-09-11T23,13,0,0.357,0,658951,2
2026-09-11T23,13,0,0.358,0,752972,4
2026-09-11T23,13,0,0.359,174859,2163623,10
2026-09-11T23,13,0,0.36,3096677,2678415,14
2026-09-11T23,13,0,0.361,1447530,0,3
2026-09-12T00,13,0,0.356,402308,5122469,4
2026-09-12T00,13,0,0.357,809043,1558254,4
2026-09-12T00,13,0,0.358,0,3055279,4
2026-09-12T00,13,0,0.359,351357,885921,6
2026-09-12T00,13,0,0.36,315884,60032,3
2026-09-12T01,13,0,0.356,0,101479,1
2026-09-12T01,13,0,0.357,0,208944,1
2026-09-12T01,13,0,0.358,0,240110,1
2026-09-12T01,13,0,0.359,19028,429726,2
2026-09-12T01,13,0,0.36,0,179040,3
2026-09-12T01,13,0,0.361,2353679,2655497,6
2026-09-12T01,13,0,0.362,2977510,2147036,9
2026-09-12T01,13,0,0.363,13319623,0,8
2026-09-12T02,13,0,0.356,0,66805,1
2026-09-12T02,13,0,0.357,0,301762,2
2026-09-12T02,13,0,0.358,232778,738100,6
2026-09-12T02,13,0,0.359,0,2087656,3
2026-09-12T02,13,0,0.36,150632,563216,6
2026-09-12T02,13,0,0.361,23867,496842,5
2026-09-12T02,13,0,0.362,2539798,52438,8
2026-09-12T02,13,0,0.363,1506798,0,2
2026-09-12T03,13,0,0.359,0,451562,1
2026-09-12T03,13,0,0.36,1620715,1251520,5
2026-09-12T03,13,0,0.361,4289194,2680463,11
2026-09-12T03,13,0,0.362,582520,768111,7
2026-09-12T03,13,0,0.363,3084605,0,4
2026-09-12T04,13,0,0.359,0,18515,1
2026-09-12T04,13,0,0.36,10796,1413418,4
2026-09-12T04,13,0,0.361,0,1002202,2
2026-09-12T04,13,0,0.362,0,2133228,6
2026-09-12T04,13,0,0.363,7672853,0,12
2026-09-12T05,13,0,0.36,0,1584850,3
2026-09-12T05,13,0,0.361,1630945,5090029,9
2026-09-12T05,13,0,0.362,2200549,3213656,5
2026-09-12T05,13,0,0.363,3156891,0,4
2026-09-12T06,13,0,0.357,0,2022309,1
2026-09-12T06,13,0,0.358,382882,957722,3
2026-09-12T06,13,0,0.359,1341636,323867,3
2026-09-12T06,13,0,0.36,0,701693,3
2026-09-12T06,13,0,0.361,24657,588087,4
2026-09-12T06,13,0,0.362,411386,4917439,8
2026-09-12T06,13,0,0.363,5818744,0,5
2026-09-12T07,13,0,0.356,0,301303,1
2026-09-12T07,13,0,0.357,0,1205,1
2026-09-12T07,13,0,0.358,0,30149,1
2026-09-12T07,13,0,0.359,0,296855,1
2026-09-12T07,13,0,0.36,0,453735,3
2026-09-12T07,13,0,0.361,263394,1977449,7
2026-09-12T07,13,0,0.362,5976127,4421552,11
2026-09-12T07,13,0,0.363,47416,11530962,8
2026-09-12T07,13,0,0.364,0,5767517,4
2026-09-12T07,13,0,0.365,37920,6402044,3
2026-09-12T08,13,0,0.36,0,325302,1
2026-09-12T08,13,0,0.361,0,920618,2
2026-09-12T08,13,0,0.362,33496,1051333,4
2026-09-12T08,13,0,0.363,0,161636,2
2026-09-12T08,13,0,0.364,0,909581,2
2026-09-12T08,13,0,0.365,1290202,4134530,13
2026-09-12T08,13,0,0.366,3982336,1503848,6
2026-09-12T08,13,0,0.367,2425803,1567340,16
2026-09-12T08,13,0,0.368,1028013,0,1
2026-09-12T09,13,0,0.36,0,959141,1
2026-09-12T09,13,0,0.362,0,345918,1
2026-09-12T09,13,0,0.364,0,270601,1
2026-09-12T09,13,0,0.365,0,166622,2
2026-09-12T09,13,0,0.366,0,1097333,2
2026-09-12T09,13,0,0.367,2109,323372,3
2026-09-12T09,13,0,0.368,271948,1384548,9
2026-09-12T09,13,0,0.369,941797,777993,12
2026-09-12T09,13,0,0.37,1115542,0,2
2026-09-12T10,13,0,0.359,0,100000,1
2026-09-12T10,13,0,0.36,0,747088,4
2026-09-12T10,13,0,0.361,3048991,1156656,9
2026-09-12T10,13,0,0.362,710050,1164750,7
2026-09-12T10,13,0,0.363,1238061,2322709,4
2026-09-12T10,13,0,0.364,131996,2970437,2
2026-09-12T10,13,0,0.365,762630,0,1
2026-09-12T11,13,0,0.356,0,500000,1
2026-09-12T11,13,0,0.357,0,440497,3
2026-09-12T11,13,0,0.358,10928222,1681348,7
2026-09-12T11,13,0,0.359,1403145,1292212,3
2026-09-12T11,13,0,0.36,0,1020317,2
2026-09-12T11,13,0,0.361,495024,1827794,5
2026-09-12T11,13,0,0.362,1164821,4829929,3
2026-09-12T11,13,0,0.363,1417683,844256,4
2026-09-12T11,13,0,0.364,256110,165982,6
2026-09-12T11,13,0,0.365,831156,0,1
2026-09-12T12,13,0,0.358,0,991751,1
2026-09-12T12,13,0,0.359,0,176881,2
2026-09-12T12,13,0,0.36,41910,47025,2
2026-09-12T12,13,0,0.361,1258897,12057,4
2026-09-12T12,13,0,0.362,0,292465,3
2026-09-12T12,13,0,0.363,0,379839,3
2026-09-12T12,13,0,0.364,0,5639,1
2026-09-12T12,13,0,0.365,3315406,2109744,5
2026-09-12T12,13,0,0.366,388081,4364714,6
2026-09-12T12,13,0,0.367,0,783103,4
2026-09-12T12,13,0,0.368,597804,0,1
2026-09-12T13,13,0,0.356,0,861482,2
2026-09-12T13,13,0,0.357,2387,1439690,4
2026-09-12T13,13,0,0.358,915632,105176,5
2026-09-12T13,13,0,0.359,0,1729106,2
2026-09-12T13,13,0,0.36,0,2344067,5
2026-09-12T13,13,0,0.361,7007702,3270831,7
2026-09-12T13,13,0,0.362,515651,2909130,3
2026-09-12T13,13,0,0.363,0,124772,3
2026-09-12T13,13,0,0.364,398047,239835,3
2026-09-12T13,13,0,0.365,0,764634,1
2026-09-12T13,13,0,0.366,0,1250871,1
2026-09-12T14,13,0,0.36,0,57477,1
2026-09-12T14,13,0,0.361,46006,77010,2
2026-09-12T14,13,0,0.362,0,1208948,2
2026-09-12T14,13,0,0.363,658748,124580,5
2026-09-12T14,13,0,0.364,0,936211,3
2026-09-12T14,13,0,0.365,1370263,361533,4
2026-09-12T14,13,0,0.366,0,533225,1
2026-09-12T14,13,0,0.367,92205,109748,4
2026-09-12T15,13,0,0.354,0,6071,1
2026-09-12T15,13,0,0.355,0,85571,1
2026-09-12T15,13,0,0.356,0,753920,1
2026-09-12T15,13,0,0.357,0,516203,1
2026-09-12T15,13,0,0.358,652051,2811448,8
2026-09-12T15,13,0,0.359,1931255,28074037,7
2026-09-12T15,13,0,0.36,145935,48799,3
2026-09-12T15,13,0,0.361,0,8744,1
2026-09-12T15,13,0,0.362,7916,240056,2
2026-09-12T15,13,0,0.363,459195,0,1
2026-09-12T16,13,0,0.358,0,427261,4
2026-09-12T16,13,0,0.359,0,2048077,5
2026-09-12T16,13,0,0.36,161761,1479979,8
2026-09-12T16,13,0,0.361,1488098,840143,10
2026-09-12T16,13,0,0.362,33252,762647,2
2026-09-12T16,13,0,0.363,1859928,586357,6
2026-09-12T17,13,0,0.356,0,4500,1
2026-09-12T17,13,0,0.357,0,75515,1
2026-09-12T17,13,0,0.358,0,131995,2
2026-09-12T17,13,0,0.359,699631,519792,5
2026-09-12T17,13,0,0.36,2487,742513,4
2026-09-12T17,13,0,0.361,29887,473260,5
2026-09-12T17,13,0,0.362,70329,3207530,6
2026-09-12T17,13,0,0.363,1938786,2184178,5
2026-09-12T17,13,0,0.364,0,812558,5
2026-09-12T17,13,0,0.365,309891,1922002,8
2026-09-12T17,13,0,0.366,192920,156400,3
2026-09-12T18,13,0,0.36,0,944182,1
2026-09-12T18,13,0,0.361,0,22035,1
2026-09-12T18,13,0,0.362,689993,287465,4
2026-09-12T18,13,0,0.363,0,687174,2
2026-09-12T18,13,0,0.364,2149928,148238,3
2026-09-12T18,13,0,0.365,2812468,4671686,6
2026-09-12T18,13,0,0.366,485205,1699897,10
2026-09-12T18,13,0,0.367,703613,654182,5
2026-09-12T18,13,0,0.368,0,249380,3
2026-09-12T18,13,0,0.369,3030,214737,3
2026-09-12T19,13,0,0.358,0,57792,1
2026-09-12T19,13,0,0.359,126868,211920,4
2026-09-12T19,13,0,0.36,771883,439412,3
2026-09-12T19,13,0,0.361,0,18441619,4
2026-09-12T19,13,0,0.362,387153,3141218,8
2026-09-12T19,13,0,0.363,194980,1135372,5
2026-09-12T19,13,0,0.364,2616550,10044714,6
2026-09-12T19,13,0,0.365,0,2140,1
2026-09-12T19,13,0,0.367,0,479270,1
2026-09-12T19,13,0,0.368,1268227,0,2
2026-09-12T20,13,0,0.363,69280,0,1
2026-09-12T20,13,0,0.364,537014,0,1
2026-09-12T20,13,0,0.365,72641,64667,3
2026-09-12T20,13,0,0.366,212174,760455,4
2026-09-12T20,13,0,0.367,1007043,1633428,9
2026-09-12T20,13,0,0.368,1384814,1725213,4
2026-09-12T20,13,0,0.369,82115,0,1
2026-09-12T21,13,0,0.36,0,310457,5
2026-09-12T21,13,0,0.361,0,2354152,5
2026-09-12T21,13,0,0.362,1468103,1610403,15
2026-09-12T21,13,0,0.363,4192692,2285468,14
2026-09-12T21,13,0,0.364,746900,92075,3
2026-09-12T22,13,0,0.357,0,1598663,4
2026-09-12T22,13,0,0.358,3720537,765131,6
2026-09-12T22,13,0,0.359,354201,0,2
2026-09-12T22,13,0,0.36,6694775,0,4
2026-09-12T22,13,0,0.363,1396627,0,1
2026-09-12T23,13,0,0.351,0,66504,1
2026-09-12T23,13,0,0.352,0,34350,1
2026-09-12T23,13,0,0.353,206927,2016323,3
2026-09-12T23,13,0,0.354,514575,1203534,5
2026-09-12T23,13,0,0.355,44116,34990,3
2026-09-12T23,13,0,0.356,0,100000,1
2026-09-12T23,13,0,0.357,207209,134631,4
2026-09-12T23,13,0,0.358,0,543377,4
2026-09-12T23,13,0,0.359,1169878,1645469,5
2026-09-12T23,13,0,0.36,4691821,0,6
2026-09-13T00,13,0,0.356,169122,457518,2
2026-09-13T00,13,0,0.357,0,764004,1
2026-09-13T00,13,0,0.358,2345741,675941,9
2026-09-13T00,13,0,0.359,150672,1036041,11
2026-09-13T00,13,0,0.36,3452698,5346499,10
2026-09-13T00,13,0,0.361,2096,3769589,5
2026-09-13T00,13,0,0.362,14079,0,1
2026-09-13T00,13,0,0.363,89567,0,2
2026-09-13T01,13,0,0.358,2064226,2145088,5
2026-09-13T01,13,0,0.359,0,1928150,2
2026-09-13T01,13,0,0.36,0,1590918,2
2026-09-13T01,13,0,0.361,52492,483837,5
2026-09-13T01,13,0,0.362,0,4588555,4
2026-09-13T01,13,0,0.363,1599026,1486906,7
2026-09-13T01,13,0,0.364,204127,2831002,5
2026-09-13T01,13,0,0.365,1658404,1418408,3
2026-09-13T02,13,0,0.358,0,10000,1
2026-09-13T02,13,0,0.359,0,7651,1
2026-09-13T02,13,0,0.36,25220,434233,4
2026-09-13T02,13,0,0.361,26289,1073014,5
2026-09-13T02,13,0,0.362,130537,231733,7
2026-09-13T02,13,0,0.363,429193,2054777,11
2026-09-13T02,13,0,0.364,30547,245226,5
2026-09-13T02,13,0,0.365,310158,0,2
2026-09-13T03,13,0,0.363,0,27702,1
2026-09-13T03,13,0,0.364,185375,785575,4
2026-09-13T03,13,0,0.365,0,1228959,3
2026-09-13T03,13,0,0.366,0,328602,4
2026-09-13T03,13,0,0.367,0,3715184,4
2026-09-13T03,13,0,0.368,3659148,703941,6
2026-09-13T03,13,0,0.369,8662406,0,6
2026-09-13T04,13,0,0.366,0,185814,1
2026-09-13T04,13,0,0.367,77942,0,1
2026-09-14T04,13,0,0.359,0,63231,1
2026-09-14T04,13,0,0.36,0,35586,1
2026-09-14T04,13,0,0.363,0,16063,1
2026-09-14T04,13,0,0.364,636663,1960791,4
2026-09-14T04,13,0,0.365,2510262,12182020,9
2026-09-14T04,13,0,0.366,1078183,340416,7
2026-09-14T04,13,0,0.367,406107,4694922,2
2026-09-14T05,13,0,0.357,0,426614,2
2026-09-14T05,13,0,0.358,0,251996,2
2026-09-14T05,13,0,0.359,0,346137,2
2026-09-14T05,13,0,0.36,132654,317346,3
2026-09-14T05,13,0,0.361,0,511766,3
2026-09-14T05,13,0,0.362,259636,1305751,4
2026-09-14T05,13,0,0.363,0,55580,1
2026-09-14T05,13,0,0.364,137819,0,1
2026-09-14T05,13,0,0.365,265301,2226809,5
2026-09-14T05,13,0,0.366,968162,899223,8
2026-09-14T05,13,0,0.367,381288,0,1
2026-09-14T06,13,0,0.361,320980,1109805,5
2026-09-14T06,13,0,0.362,545250,1392826,5
2026-09-14T06,13,0,0.363,0,1462089,2
2026-09-14T06,13,0,0.364,1608497,1518929,4
2026-09-14T06,13,0,0.365,719352,353542,3
2026-09-14T06,13,0,0.366,399104,551224,3
2026-09-14T06,13,0,0.367,1951961,0,3
2026-09-14T07,13,0,0.359,0,891254,1
2026-09-14T07,13,0,0.36,0,1120147,3
2026-09-14T07,13,0,0.361,363452,4050953,3
2026-09-14T07,13,0,0.362,117331,425446,2
2026-09-14T07,13,0,0.363,0,1315412,4
2026-09-14T07,13,0,0.364,32839,2265555,3
2026-09-14T07,13,0,0.365,0,796143,4
2026-09-14T07,13,0,0.366,837865,2582689,10
2026-09-14T07,13,0,0.367,4000,0,1
2026-09-14T08,13,0,0.365,0,625968,3
2026-09-14T08,13,0,0.366,100553,859840,6
2026-09-14T08,13,0,0.367,887596,3371905,18
2026-09-14T08,13,0,0.368,2709949,1866526,13
2026-09-14T09,13,0,0.361,0,643824,2
2026-09-14T09,13,0,0.362,0,648901,3
2026-09-14T09,13,0,0.363,180107,558911,5
2026-09-14T09,13,0,0.364,1365046,1600706,4
2026-09-14T09,13,0,0.365,90257,1256841,4
2026-09-14T09,13,0,0.366,5550,1486934,2
2026-09-14T09,13,0,0.367,456535,1989835,4
2026-09-14T09,13,0,0.368,0,8632999,4
2026-09-14T09,13,0,0.369,343714,0,3
2026-09-14T10,13,0,0.361,0,1806393,3
2026-09-14T10,13,0,0.362,0,701971,3
2026-09-14T10,13,0,0.363,58728,2240301,4
2026-09-14T10,13,0,0.364,243766,526617,6
2026-09-14T10,13,0,0.365,238569,95534,2
2026-09-14T10,13,0,0.366,883646,1036291,3
2026-09-14T10,13,0,0.367,755337,755239,5
2026-09-14T10,13,0,0.368,671329,0,2
2026-09-14T10,13,0,0.369,1007877,0,1
2026-09-14T11,13,0,0.361,0,167706,1
2026-09-14T11,13,0,0.362,0,82034,1
2026-09-14T11,13,0,0.363,0,220395,2
2026-09-14T11,13,0,0.364,0,18782,2
2026-09-14T11,13,0,0.365,137364,2828294,8
2026-09-14T11,13,0,0.366,0,741944,4
2026-09-14T11,13,0,0.367,623007,3819500,13
2026-09-14T11,13,0,0.368,6675388,0,9
2026-09-14T12,13,0,0.358,0,86633,1
2026-09-14T12,13,0,0.359,0,793550,1
2026-09-14T12,13,0,0.36,0,1915412,3
2026-09-14T12,13,0,0.365,0,774626,3
2026-09-14T12,13,0,0.366,208141,2406559,6
2026-09-14T12,13,0,0.367,1629546,1295660,7
2026-09-14T12,13,0,0.368,2104082,3502863,9
2026-09-14T13,13,0,0.361,0,808,1
2026-09-14T13,13,0,0.362,0,731355,1
2026-09-14T13,13,0,0.363,0,252716,3
2026-09-14T13,13,0,0.364,184363,3348955,5
2026-09-14T13,13,0,0.365,612628,299679,2
2026-09-14T13,13,0,0.366,0,607997,3
2026-09-14T13,13,0,0.367,0,777323,4
2026-09-14T13,13,0,0.368,3487638,8294111,6
2026-09-14T14,13,0,0.361,0,367988,2
2026-09-14T14,13,0,0.362,0,966483,2
2026-09-14T14,13,0,0.363,0,660784,2
2026-09-14T14,13,0,0.364,0,1894542,5
2026-09-14T14,13,0,0.365,349431,371853,5
2026-09-14T14,13,0,0.366,2326159,958881,10
2026-09-14T14,13,0,0.367,2428573,517523,6
2026-09-14T14,13,0,0.368,299397,0,1
2026-09-14T15,13,0,0.358,0,96857,1
2026-09-14T15,13,0,0.359,0,1671220,2
2026-09-14T15,13,0,0.36,252133,967878,5
2026-09-14T15,13,0,0.361,711866,1398343,5
2026-09-14T15,13,0,0.364,0,374666,2
2026-09-14T15,13,0,0.365,0,361003,3
2026-09-14T15,13,0,0.366,12421080,238169,4
2026-09-14T15,13,0,0.367,200424,917813,3
2026-09-14T15,13,0,0.368,4288545,3613521,3
2026-09-14T16,13,0,0.358,0,498568,1
2026-09-14T16,13,0,0.359,0,2241142,2
2026-09-14T16,13,0,0.36,1934842,3851872,5
2026-09-14T16,13,0,0.361,5853,175041,2
2026-09-14T16,13,0,0.362,0,11102,1
2026-09-14T16,13,0,0.363,0,6651774,4
2026-09-14T16,13,0,0.364,1992750,0,3
2026-09-14T16,13,0,0.366,6375273,0,2
2026-09-14T17,13,0,0.356,0,5085,1
2026-09-14T17,13,0,0.357,378748,1455416,5
2026-09-14T17,13,0,0.358,87055,583097,3
2026-09-14T17,13,0,0.359,2663643,1800062,9
2026-09-14T17,13,0,0.36,231533,3157691,8
2026-09-14T17,13,0,0.361,1181452,226898,4
2026-09-14T17,13,0,0.362,0,697399,1
2026-09-14T17,13,0,0.363,0,126113,1
2026-09-14T17,13,0,0.364,160941,48237,2
2026-09-14T18,13,0,0.36,0,10035,1
2026-09-14T18,13,0,0.364,0,1839059,2
2026-09-14T18,13,0,0.365,0,426885,4
2026-09-14T18,13,0,0.366,0,1090336,3
2026-09-14T18,13,0,0.367,1322075,2638693,8
2026-09-14T18,13,0,0.368,8826373,2739478,14
2026-09-14T18,13,0,0.369,412491,0,3
2026-09-14T19,13,0,0.359,0,789419,2
2026-09-14T19,13,0,0.36,3939809,1798188,3
2026-09-14T19,13,0,0.361,368353,573300,3
2026-09-14T19,13,0,0.362,0,612150,2
2026-09-14T19,13,0,0.363,0,1016231,1
2026-09-14T19,13,0,0.364,0,486682,3
2026-09-14T19,13,0,0.365,4161692,3051086,5
2026-09-14T19,13,0,0.366,1090764,4066410,9
2026-09-14T19,13,0,0.367,0,2132623,3
2026-09-14T19,13,0,0.368,1040516,43460,3
2026-09-14T20,13,0,0.364,0,278698,2
2026-09-14T20,13,0,0.365,0,1291252,4
2026-09-14T20,13,0,0.366,678708,862397,6
2026-09-14T20,13,0,0.367,1625961,4203981,7
2026-09-14T20,13,0,0.368,4968626,1716463,7
2026-09-14T21,13,0,0.363,0,2903,1
2026-09-14T21,13,0,0.364,0,661651,3
2026-09-14T21,13,0,0.365,1933861,740527,5
2026-09-14T21,13,0,0.366,756291,2812554,6
2026-09-14T21,13,0,0.367,0,1028538,1
2026-09-14T21,13,0,0.368,2324969,3254227,4
2026-09-14T21,13,0,0.369,4304400,0,6
2026-09-14T22,13,0,0.36,0,409495,1
2026-09-14T22,13,0,0.361,12000,180031,4
2026-09-14T22,13,0,0.362,0,671741,2
2026-09-14T22,13,0,0.363,23161,622554,3
2026-09-14T22,13,0,0.364,0,29975,1
2026-09-14T22,13,0,0.365,413717,1055252,4
2026-09-14T22,13,0,0.366,0,43185,2
2026-09-14T22,13,0,0.367,70749,29251,2
2026-09-14T22,13,0,0.368,52424,4151830,13
2026-09-14T22,13,0,0.369,851355,36163208,10
2026-09-14T23,13,0,0.365,0,2484520,3
2026-09-14T23,13,0,0.366,306408,1934960,7
2026-09-14T23,13,0,0.367,191361,649063,11
2026-09-14T23,13,0,0.368,0,415255,5
2026-09-14T23,13,0,0.369,1067024,6851297,13
2026-09-15T00,13,0,0.361,821382,670414,3
2026-09-15T00,13,0,0.362,596855,522601,3
2026-09-15T00,13,0,0.363,0,99812,1
2026-09-15T00,13,0,0.364,0,111752,1
2026-09-15T00,13,0,0.366,43262,6738,2
2026-09-15T00,13,0,0.367,467722,188179,5
2026-09-15T00,13,0,0.368,457041,341457,6
2026-09-15T00,13,0,0.369,622563,338061,8
2026-09-15T00,13,0,0.37,11554,0,2
2026-09-15T01,13,0,0.366,0,80968,1
2026-09-15T01,13,0,0.367,0,388513,4
2026-09-15T01,13,0,0.368,469447,622449,7
2026-09-15T01,13,0,0.369,3213171,2684896,11
2026-09-15T01,13,0,0.37,764623,0,3
2026-09-15T02,13,0,0.361,56130,118352,2
2026-09-15T02,13,0,0.362,0,2000,1
2026-09-15T02,13,0,0.363,5216518,0,5
2026-09-15T02,13,0,0.367,0,579390,3
2026-09-15T02,13,0,0.368,820518,388513,7
2026-09-15T02,13,0,0.369,1106676,0,2
2026-09-15T03,13,0,0.361,0,46170,1
2026-09-15T03,13,0,0.362,0,441768,1
2026-09-15T03,13,0,0.363,0,817686,3
2026-09-15T03,13,0,0.364,1433247,407732,7
2026-09-15T03,13,0,0.365,1132557,428826,5
2026-09-15T03,13,0,0.366,1271258,1018899,7
2026-09-15T03,13,0,0.367,4189286,0,4
2026-09-15T04,13,0,0.36,0,199202,1
2026-09-15T04,13,0,0.363,0,109800,1
2026-09-15T04,13,0,0.364,0,2380503,2
2026-09-15T04,13,0,0.365,0,518626,3
2026-09-15T04,13,0,0.366,112177,322142,6
2026-09-15T04,13,0,0.367,914326,3609687,10
2026-09-15T04,13,0,0.368,550,4386090,7
2026-09-15T04,13,0,0.369,524522,9234925,13
2026-09-15T04,13,0,0.37,5522639,1340549,12
2026-09-15T05,13,0,0.363,0,453076,2
2026-09-15T05,13,0,0.364,9500,1405736,5
2026-09-15T05,13,0,0.365,185689,1506417,4
2026-09-15T05,13,0,0.366,265629,426406,6
2026-09-15T05,13,0,0.367,2905,1038011,4
2026-09-15T05,13,0,0.368,453410,80000,4
2026-09-15T05,13,0,0.369,562942,0,2
2026-09-15T06,13,0,0.361,0,1086,1
2026-09-15T06,13,0,0.362,322694,111950,2
2026-09-15T06,13,0,0.363,0,50000,1
2026-09-15T06,13,0,0.364,0,5101773,1
2026-09-15T06,13,0,0.365,0,71527,2
2026-09-15T06,13,0,0.366,337843,377548,4
2026-09-15T06,13,0,0.367,296641,944374,6
2026-09-15T06,13,0,0.368,235543,1574274,5
2026-09-15T06,13,0,0.369,0,2941684,2
2026-09-15T06,13,0,0.37,147312,0,1
2026-09-15T11,13,0,0.364,0,913479,1
2026-09-15T11,13,0,0.365,1018240,3131367,2
2026-09-15T11,13,0,0.366,0,1282997,3
2026-09-15T11,13,0,0.367,0,1400539,2
2026-09-15T11,13,0,0.368,71350,193798,2
2026-09-15T12,13,0,0.367,0,4969,1
2026-09-15T12,13,0,0.368,0,2345638,3
2026-09-15T12,13,0,0.369,89643,2204325,9
2026-09-15T12,13,0,0.37,4125638,13497989,27
2026-09-15T13,13,0,0.361,0,1549072,2
2026-09-15T13,13,0,0.362,0,418349,3
2026-09-15T13,13,0,0.363,910107,5610361,6
2026-09-15T13,13,0,0.364,405204,693227,7
2026-09-15T13,13,0,0.365,22352,3472558,4
2026-09-15T13,13,0,0.366,4609794,1163153,6
2026-09-15T13,13,0,0.367,194854,452749,2
2026-09-15T13,13,0,0.368,0,584820,2
2026-09-15T13,13,0,0.369,83741,2213779,4
2026-09-15T13,13,0,0.37,0,3316550,6
2026-09-15T13,13,0,0.371,358109,1273888,4
2026-09-15T14,13,0,0.361,0,50000,1
2026-09-15T14,13,0,0.362,0,346128,2
2026-09-15T14,13,0,0.363,0,149298,2
2026-09-15T14,13,0,0.364,0,2562833,3
2026-09-15T14,13,0,0.365,1289418,540799,5
2026-09-15T14,13,0,0.366,298714,0,1
2026-09-15T14,13,0,0.367,0,732711,3
2026-09-15T14,13,0,0.368,1135603,1130241,4
2026-09-15T14,13,0,0.369,231211,402382,4
2026-09-15T14,13,0,0.37,2790436,0,2
2026-09-15T15,13,0,0.36,0,26298,1
2026-09-15T15,13,0,0.361,0,241908,2
2026-09-15T15,13,0,0.362,0,3008876,2
2026-09-15T15,13,0,0.363,0,766254,3
2026-09-15T15,13,0,0.364,349164,725720,5
2026-09-15T15,13,0,0.365,1280315,818572,6
2026-09-15T15,13,0,0.366,550425,391250,7
2026-09-15T15,13,0,0.367,0,848634,1
2026-09-15T15,13,0,0.368,5977,2177650,2
2026-09-15T15,13,0,0.369,57833,0,1
2026-09-15T16,13,0,0.358,0,104275,2
2026-09-15T16,13,0,0.359,0,5761806,4
2026-09-15T16,13,0,0.36,479431,598990,9
2026-09-15T16,13,0,0.361,1116255,4052368,5
2026-09-15T16,13,0,0.362,0,1577300,2
2026-09-15T16,13,0,0.363,3191302,2602557,5
2026-09-15T16,13,0,0.364,351163,2290857,3
2026-09-15T16,13,0,0.365,167675,4500824,2
2026-09-15T17,13,0,0.358,3005070,136653,3
2026-09-15T17,13,0,0.359,0,346715,2
2026-09-15T17,13,0,0.36,0,2274168,2
2026-09-15T17,13,0,0.361,54590,16306,2
2026-09-15T17,13,0,0.362,237174,725751,3
2026-09-15T17,13,0,0.363,426839,831682,8
2026-09-15T17,13,0,0.364,735059,0,3
2026-09-15T17,13,0,0.365,268130,0,1
2026-09-15T18,13,0,0.357,0,868095,1
2026-09-15T18,13,0,0.358,0,126209,1
2026-09-15T18,13,0,0.359,0,624435,3
2026-09-15T18,13,0,0.36,0,2954297,6
2026-09-15T18,13,0,0.361,1700471,2645257,8
2026-09-15T18,13,0,0.362,1494801,2344840,6
2026-09-15T18,13,0,0.363,3097044,0,4
2026-09-15T19,13,0,0.358,0,41219,1
2026-09-15T19,13,0,0.359,0,102892,1
2026-09-15T19,13,0,0.36,0,703167,2
2026-09-15T19,13,0,0.361,0,2244443,3
2026-09-15T19,13,0,0.362,155928,1004643,4
2026-09-15T19,13,0,0.363,900741,2436713,8
2026-09-15T19,13,0,0.364,1904055,1264293,6
2026-09-15T19,13,0,0.365,235289,3048531,5
2026-09-15T20,13,0,0.357,0,955012,1
2026-09-15T20,13,0,0.359,0,45120,1
2026-09-15T20,13,0,0.36,294930,0,2
2026-09-15T20,13,0,0.362,0,31500,1
2026-09-15T20,13,0,0.363,156074,2574025,7
2026-09-15T20,13,0,0.364,3984,2048785,6
2026-09-15T20,13,0,0.365,3313382,4516585,9
2026-09-15T20,13,0,0.366,4504384,0,3
2026-09-15T21,13,0,0.359,0,21194,1
2026-09-15T21,13,0,0.36,0,17987870,1
2026-09-15T21,13,0,0.361,0,120208,1
2026-09-15T21,13,0,0.363,0,116162,1
2026-09-15T21,13,0,0.364,278659,1418627,4
2026-09-15T21,13,0,0.365,0,640116,5
2026-09-15T21,13,0,0.366,2699348,1841955,8
2026-09-15T21,13,0,0.367,769070,6062991,10
2026-09-15T21,13,0,0.368,1114095,4578615,8
2026-09-15T21,13,0,0.369,966358,0,2
2026-09-15T22,13,0,0.365,0,171063,1
2026-09-15T22,13,0,0.366,366380,2724772,5
2026-09-15T22,13,0,0.367,1337947,281940,4
2026-09-15T22,13,0,0.368,0,461121,1
2026-09-15T22,13,0,0.369,1257134,0,3
2026-09-16T04,13,0,0.359,0,123000,1
2026-09-16T04,13,0,0.36,0,1999708,1
2026-09-16T04,13,0,0.361,0,516207,1
2026-09-16T04,13,0,0.362,0,49808,1
2026-09-16T04,13,0,0.363,0,214742,1
2026-09-16T04,13,0,0.364,0,328538,3
2026-09-16T04,13,0,0.365,0,992949,1
2026-09-16T04,13,0,0.366,0,15973443,4
2026-09-16T04,13,0,0.367,1278702,1365776,5
2026-09-16T05,13,0,0.36,0,1904160,2
2026-09-16T05,13,0,0.361,0,177054,2
2026-09-16T05,13,0,0.362,537441,1592142,3
2026-09-16T05,13,0,0.363,0,1882926,3
2026-09-16T05,13,0,0.364,43842,3140309,3
2026-09-16T05,13,0,0.365,0,1142456,6
2026-09-16T05,13,0,0.366,1856999,2611077,8
2026-09-16T05,13,0,0.367,2600567,449694,7
2026-09-16T06,13,0,0.359,0,161906,1
2026-09-16T06,13,0,0.36,0,92814,1
2026-09-16T06,13,0,0.361,0,2219191,4
2026-09-16T06,13,0,0.362,2461810,52894,6
2026-09-16T06,13,0,0.363,60000,433921,2
2026-09-16T06,13,0,0.364,101909,954325,4
2026-09-16T06,13,0,0.365,607487,3132317,3
2026-09-16T06,13,0,0.366,414398,136219,4
2026-09-16T06,13,0,0.367,1202810,0,4
2026-09-16T07,13,0,0.36,0,631410,1
2026-09-16T07,13,0,0.361,551768,58540,2
2026-09-16T07,13,0,0.362,95879,0,1
2026-09-16T07,13,0,0.364,0,36337,1
2026-09-16T07,13,0,0.365,0,1205864,4
2026-09-16T07,13,0,0.366,0,1158592,5
2026-09-16T07,13,0,0.367,2436343,4109690,10
2026-09-16T07,13,0,0.368,2736773,107919,4
2026-09-16T08,13,0,0.36,0,120000,1
2026-09-16T08,13,0,0.361,0,1075430,2
2026-09-16T08,13,0,0.362,0,1332540,2
2026-09-16T08,13,0,0.363,0,680784,3
2026-09-16T08,13,0,0.364,0,128947,2
2026-09-16T08,13,0,0.365,0,446531,4
2026-09-16T08,13,0,0.366,830398,1777656,9
2026-09-16T08,13,0,0.367,691142,2695801,6
2026-09-16T08,13,0,0.368,1804825,0,3
2026-09-16T09,13,0,0.36,0,264689,3
2026-09-16T09,13,0,0.361,884928,1418947,3
2026-09-16T09,13,0,0.362,0,63680,1
2026-09-16T09,13,0,0.364,0,2289938,1
2026-09-16T09,13,0,0.365,0,870537,4
2026-09-16T09,13,0,0.366,561426,1663528,7
2026-09-16T09,13,0,0.367,8445687,0,6
2026-09-16T10,13,0,0.358,0,404537,1
2026-09-16T10,13,0,0.359,0,24332,1
2026-09-16T10,13,0,0.36,0,288281,4
2026-09-16T10,13,0,0.361,1549736,2968523,4
2026-09-16T10,13,0,0.362,7348,964271,3
2026-09-16T10,13,0,0.363,0,1184324,1
2026-09-16T10,13,0,0.364,0,28656,1
2026-09-16T10,13,0,0.365,0,203514,2
2026-09-16T10,13,0,0.366,0,168780,2
2026-09-16T10,13,0,0.367,0,14079597,5
2026-09-16T10,13,0,0.368,4149854,2655273,8
2026-09-16T10,13,0,0.369,495354,2797866,3
2026-09-16T11,13,0,0.357,2391362,1366055,2
2026-09-16T11,13,0,0.358,641545,1357420,3
2026-09-16T11,13,0,0.359,4316,0,1
2026-09-16T11,13,0,0.36,0,144372,1
2026-09-16T11,13,0,0.361,1164810,1693302,5
2026-09-16T11,13,0,0.362,1379323,172743,5
2026-09-16T11,13,0,0.363,768061,0,1
2026-09-16T12,13,0,0.357,0,90737,1
2026-09-16T12,13,0,0.358,0,1365971,2
2026-09-16T12,13,0,0.359,0,1999562,3
2026-09-16T12,13,0,0.36,70738,643564,2
2026-09-16T12,13,0,0.361,0,83735,1
2026-09-16T12,13,0,0.362,0,395691,2
2026-09-16T12,13,0,0.363,1373120,426861,2
2026-09-16T12,13,0,0.364,0,436950,2
2026-09-16T12,13,0,0.365,0,1294524,6
2026-09-16T12,13,0,0.366,565464,2396396,6
2026-09-16T12,13,0,0.367,49970,1718413,5
2026-09-16T12,13,0,0.368,33549,1893874,6
2026-09-16T12,13,0,0.369,1540545,405434,5
2026-09-16T13,13,0,0.361,0,1100000,1
2026-09-16T13,13,0,0.362,0,84851,1
2026-09-16T13,13,0,0.363,0,544058,3
2026-09-16T13,13,0,0.364,178161,944612,5
2026-09-16T13,13,0,0.365,3876951,1682688,6
2026-09-16T13,13,0,0.366,118307,161947,2
2026-09-16T13,13,0,0.367,635661,359618,2
2026-09-16T13,13,0,0.368,12991,2798258,4
2026-09-16T13,13,0,0.369,2036588,0,2
2026-09-16T14,13,0,0.361,0,222815,2
2026-09-16T14,13,0,0.362,0,380908,1
2026-09-16T14,13,0,0.363,0,869469,2
2026-09-16T14,13,0,0.364,0,400197,2
2026-09-16T14,13,0,0.365,138205,1647821,5
2026-09-16T14,13,0,0.366,3328612,3403493,8
2026-09-16T14,13,0,0.367,203563,9335503,4
2026-09-16T14,13,0,0.368,809380,0,1
2026-09-16T15,13,0,0.365,0,1834574,2
2026-09-16T15,13,0,0.366,0,1596450,1
2026-09-16T15,13,0,0.367,1794895,1271429,5
2026-09-16T15,13,0,0.368,0,1919355,7
2026-09-16T15,13,0,0.369,14626809,0,7
2026-09-16T16,13,0,0.364,0,74907,1
2026-09-16T16,13,0,0.365,0,49137,1
2026-09-16T16,13,0,0.366,0,41065,2
2026-09-16T16,13,0,0.367,0,1170654,5
2026-09-16T16,13,0,0.368,26229,3179642,8
2026-09-16T16,13,0,0.369,7067497,4408328,16
2026-09-16T16,13,0,0.37,980282,0,2
2026-09-16T17,13,0,0.362,82315,0,1
2026-09-16T17,13,0,0.366,0,620059,4
2026-09-16T17,13,0,0.367,0,3904585,5
2026-09-16T17,13,0,0.368,820762,522996,6
2026-09-16T17,13,0,0.369,0,766320,3
2026-09-16T17,13,0,0.37,7429555,0,6
2026-09-16T18,13,0,0.36,0,902109,1
2026-09-16T18,13,0,0.361,984,1907223,2
2026-09-16T18,13,0,0.362,1654476,1526164,4
2026-09-16T18,13,0,0.363,0,4996927,1
2026-09-16T18,13,0,0.368,189026,402421,3
2026-09-16T18,13,0,0.369,148211,578172,5
2026-09-16T18,13,0,0.37,4716350,0,4
2026-09-16T19,13,0,0.357,0,379581,2
2026-09-16T19,13,0,0.358,0,924815,2
2026-09-16T19,13,0,0.359,0,290848,2
2026-09-16T19,13,0,0.36,0,4161574,5
2026-09-16T19,13,0,0.361,2948871,51129,6
2026-09-16T19,13,0,0.362,0,1227617,2
2026-09-16T19,13,0,0.363,2392081,1916673,7
2026-09-16T19,13,0,0.364,0,184220,1
2026-09-16T19,13,0,0.365,0,951047,1
2026-09-16T19,13,0,0.366,0,158803,2
2026-09-16T19,13,0,0.367,0,975320,1
2026-09-16T19,13,0,0.368,0,51297,1
2026-09-16T19,13,0,0.369,2161273,0,1
2026-09-16T21,13,0,0.362,0,240629,1
2026-09-16T21,13,0,0.363,0,854554,3
2026-09-16T21,13,0,0.364,0,1113180,3
2026-09-16T21,13,0,0.365,212461,1317429,7
2026-09-16T21,13,0,0.366,25154,423704,4
2026-09-16T21,13,0,0.367,508497,34612,3
2026-09-16T21,13,0,0.368,153104,398497,4
2026-09-16T21,13,0,0.369,103168,3403633,4
2026-09-16T21,13,0,0.37,797227,4593532,3
2026-09-16T22,13,0,0.365,0,246205,1
2026-09-16T22,13,0,0.366,0,1735166,4
2026-09-16T22,13,0,0.367,1714994,667430,9
2026-09-16T22,13,0,0.368,2444307,1182642,7
2026-09-16T23,13,0,0.365,0,591271,1
2026-09-16T23,13,0,0.366,0,168138,4
2026-09-16T23,13,0,0.367,35298,28223,2
2026-09-16T23,13,0,0.368,0,252770,1
2026-09-17T04,13,0,0.366,0,115726,1
2026-09-17T04,13,0,0.367,0,710666,1
2026-09-17T04,13,0,0.368,0,389570,1
2026-09-17T04,13,0,0.369,28271921,0,1
2026-09-17T05,13,0,0.358,0,166976,1
2026-09-17T05,13,0,0.359,0,1124229,2
2026-09-17T05,13,0,0.36,1758069,3311482,5
2026-09-17T05,13,0,0.361,804482,2609244,7
2026-09-17T05,13,0,0.362,995502,3170721,5
2026-09-17T05,13,0,0.363,0,472281,1
2026-09-17T05,13,0,0.364,69477,1035661,6
2026-09-17T05,13,0,0.365,0,1781289,5
2026-09-17T05,13,0,0.366,0,3202072,2
2026-09-17T05,13,0,0.367,0,311641,2
2026-09-17T05,13,0,0.368,823,98433,2
2026-09-17T05,13,0,0.369,320547,348328,4
2026-09-17T06,13,0,0.359,0,249620,1
2026-09-17T06,13,0,0.36,0,845652,1
2026-09-17T06,13,0,0.361,820941,0,3
2026-09-17T06,13,0,0.362,718399,377807,4
2026-09-17T06,13,0,0.363,1696751,635614,4
2026-09-17T06,13,0,0.364,137196,0,1
2026-09-17T06,13,0,0.366,80103,0,2
2026-09-17T06,13,0,0.368,0,866229,3
2026-09-17T06,13,0,0.369,13407,4094830,9
2026-09-17T06,13,0,0.37,778386,0,1
2026-09-17T07,13,0,0.361,0,2939668,1
2026-09-17T07,13,0,0.362,1130185,2166389,3
2026-09-17T07,13,0,0.363,0,1060100,2
2026-09-17T07,13,0,0.364,0,850179,2
2026-09-17T07,13,0,0.365,1583228,2151244,8
2026-09-17T07,13,0,0.366,2021097,462007,7
2026-09-17T07,13,0,0.367,0,139000,2
2026-09-17T07,13,0,0.368,100000,0,1
2026-09-17T08,13,0,0.359,0,3877806,1
2026-09-17T08,13,0,0.36,0,788847,3
2026-09-17T08,13,0,0.361,0,563046,3
2026-09-17T08,13,0,0.362,664049,937374,6
2026-09-17T08,13,0,0.363,894844,2659956,7
2026-09-17T08,13,0,0.364,933996,2279253,4
2026-09-17T08,13,0,0.365,1008587,1287380,6
2026-09-17T08,13,0,0.366,4179,1400212,4
2026-09-17T09,13,0,0.361,0,262000,1
2026-09-17T09,13,0,0.362,0,584605,1
2026-09-17T09,13,0,0.363,1247567,434742,4
2026-09-17T09,13,0,0.364,0,488133,4
2026-09-17T09,13,0,0.365,604774,2022753,5
2026-09-17T09,13,0,0.366,891222,2715194,7
2026-09-17T09,13,0,0.367,1736615,10783338,5
2026-09-17T09,13,0,0.368,0,1527794,1
2026-09-17T09,13,0,0.369,0,22235,2
2026-09-17T09,13,0,0.37,49144,0,1
2026-09-17T10,13,0,0.36,0,113712,1
2026-09-17T10,13,0,0.362,0,1070137,2
2026-09-17T10,13,0,0.363,0,1088168,5
2026-09-17T10,13,0,0.364,73629,1443097,8
2026-09-17T10,13,0,0.365,3130567,9997822,10
2026-09-17T10,13,0,0.366,0,576299,2
2026-09-17T10,13,0,0.367,1559,995544,2
2026-09-17T10,13,0,0.368,805759,0,4
2026-09-17T10,13,0,0.369,190,0,1
2026-09-17T11,13,0,0.358,0,571628,1
2026-09-17T11,13,0,0.359,0,169936,1
2026-09-17T11,13,0,0.363,0,1202058,3
2026-09-17T11,13,0,0.364,1261108,2866408,5
2026-09-17T11,13,0,0.365,121338,1181402,4
2026-09-17T11,13,0,0.366,604715,17827,2
2026-09-17T11,13,0,0.367,0,579173,3
2026-09-17T11,13,0,0.368,0,1113399,7
2026-09-17T11,13,0,0.369,2662936,883846,11
2026-09-17T11,13,0,0.37,484431,0,1
2026-09-17T12,13,0,0.358,0,38600,1
2026-09-17T12,13,0,0.359,0,1552384,3
2026-09-17T12,13,0,0.36,783077,1871677,7
2026-09-17T12,13,0,0.361,288016,494962,6
2026-09-17T12,13,0,0.362,2272512,401084,7
2026-09-17T12,13,0,0.363,372658,126389,3
2026-09-17T12,13,0,0.364,102441,0,1
2026-09-17T13,13,0,0.359,130309,0,1
2026-09-17T13,13,0,0.36,0,297050,1
2026-09-17T13,13,0,0.361,183887,275388,3
2026-09-17T13,13,0,0.362,0,165715,3
2026-09-17T13,13,0,0.363,1986730,71896,6
2026-09-17T13,13,0,0.364,212981,0,1
2026-09-17T14,13,0,0.358,0,321658,3
2026-09-17T14,13,0,0.359,741850,1185048,3
2026-09-17T14,13,0,0.36,0,292375,3
2026-09-17T14,13,0,0.361,99166,1604547,6
2026-09-17T14,13,0,0.362,0,4031532,9
2026-09-17T14,13,0,0.363,2363142,1099019,10
2026-09-17T14,13,0,0.364,0,1830134,2
2026-09-17T14,13,0,0.365,1876,0,1
2026-09-17T15,13,0,0.359,0,108333,2
2026-09-17T15,13,0,0.36,1704134,9063585,4
2026-09-17T15,13,0,0.361,733200,452766,3
2026-09-17T15,13,0,0.362,135020,752650,3
2026-09-17T15,13,0,0.363,0,1207285,2
2026-09-17T15,13,0,0.364,0,601426,4
2026-09-17T15,13,0,0.365,6293880,3276272,15
2026-09-17T15,13,0,0.366,480712,372618,4
2026-09-17T16,13,0,0.359,658431,2716821,2
2026-09-17T16,13,0,0.36,0,59871,1
2026-09-17T16,13,0,0.361,0,430387,2
2026-09-17T16,13,0,0.362,896497,1431066,2
2026-09-17T16,13,0,0.363,219,31985,2
2026-09-17T16,13,0,0.364,0,832719,3
2026-09-17T16,13,0,0.365,0,2572074,5
2026-09-17T16,13,0,0.366,76436,1960041,6
2026-09-17T16,13,0,0.367,5390605,996190,9
2026-09-17T17,13,0,0.363,0,1599449,1
2026-09-17T17,13,0,0.364,805789,658943,4
2026-09-17T17,13,0,0.365,823550,1999341,9
2026-09-17T17,13,0,0.366,653408,2560573,5
2026-09-17T17,13,0,0.367,11022406,78239,3
2026-09-17T17,13,0,0.368,903851,3342406,4
2026-09-17T17,13,0,0.369,914535,0,2
2026-09-17T18,13,0,0.364,0,80800,1
2026-09-17T18,13,0,0.365,0,453485,1
2026-09-17T18,13,0,0.366,2108043,251927,4
2026-09-17T18,13,0,0.367,0,1263424,4
2026-09-17T18,13,0,0.368,2549340,1046876,6
2026-09-17T18,13,0,0.369,6103143,948152,6
2026-09-17T18,13,0,0.37,8692,155391,2
2026-09-17T19,13,0,0.358,0,271820,1
2026-09-17T19,13,0,0.359,4406664,3625980,5
2026-09-17T19,13,0,0.36,198151,66911,3
2026-09-17T19,13,0,0.361,143511,680603,3
2026-09-17T19,13,0,0.362,54013,335421,2
2026-09-17T19,13,0,0.365,69868,0,1
2026-09-17T19,13,0,0.366,2888,0,1
2026-09-17T19,13,0,0.367,280904,0,1
2026-09-17T19,13,0,0.369,0,1185125,2
2026-09-17T19,13,0,0.37,3615603,635165,7
2026-09-17T20,13,0,0.359,0,1000,1
2026-09-17T20,13,0,0.36,7514439,899243,4
2026-09-17T20,13,0,0.361,0,680528,1
2026-09-17T20,13,0,0.362,0,101264,2
2026-09-17T20,13,0,0.363,0,280041,3
2026-09-17T20,13,0,0.364,4020016,5141598,7
2026-09-17T20,13,0,0.365,24510,805691,5
2026-09-17T20,13,0,0.366,548983,1498906,5
2026-09-17T20,13,0,0.367,0,881418,1
2026-09-17T20,13,0,0.368,483974,974101,4
2026-09-17T20,13,0,0.369,0,317690,4
2026-09-17T20,13,0,0.37,179103,0,1
2026-09-17T21,13,0,0.365,0,16332,1
2026-09-17T21,13,0,0.367,422658,0,1
2026-09-17T21,13,0,0.368,0,96260,2
2026-09-17T21,13,0,0.369,953317,1612815,9
2026-09-17T21,13,0,0.37,22150145,1425854,15
2026-09-17T22,13,0,0.362,0,103097,1
2026-09-17T22,13,0,0.363,0,504614,3
2026-09-17T22,13,0,0.364,82603,235439,4
2026-09-17T22,13,0,0.365,869877,728890,7
2026-09-17T22,13,0,0.366,21840,863892,7
2026-09-17T22,13,0,0.367,86065,1503908,5
2026-09-17T22,13,0,0.368,218383,0,3
2026-09-17T23,13,0,0.364,0,593195,1
2026-09-17T23,13,0,0.365,0,458565,4
2026-09-17T23,13,0,0.366,180464,52994,5
2026-09-17T23,13,0,0.367,2199627,2759650,7
2026-09-17T23,13,0,0.368,940984,2614496,10
2026-09-17T23,13,0,0.369,2104288,1141186,8
2026-09-17T23,13,0,0.37,291057,0,1
2026-09-18T00,13,0,0.358,0,120055,1
2026-09-18T00,13,0,0.36,0,145825,1
2026-09-18T00,13,0,0.361,184498,0,3
2026-09-18T00,13,0,0.362,800,0,1
2026-09-18T00,13,0,0.363,226536,0,1
2026-09-18T00,13,0,0.364,0,19961,1
2026-09-18T00,13,0,0.365,0,2502736,5
2026-09-18T00,13,0,0.366,160641,1639020,6
2026-09-18T00,13,0,0.367,955292,18016,6
2026-09-18T00,13,0,0.368,639690,64123,4
2026-09-18T01,13,0,0.358,2990183,19640,7
2026-09-18T01,13,0,0.359,6505044,0,6
2026-09-18T02,13,0,0.357,192013,803516,3
2026-09-18T02,13,0,0.358,7064389,0,11
2026-09-18T03,13,0,0.357,118537,67914,2
2026-09-18T03,13,0,0.358,1056110,1288379,5
2026-09-18T03,13,0,0.359,1408447,1717552,8
2026-09-18T03,13,0,0.36,1413788,1015276,8
2026-09-18T04,13,0,0.356,1647811,350900,2
2026-09-18T04,13,0,0.357,273180,860118,4
2026-09-18T04,13,0,0.358,0,551625,2
2026-09-18T04,13,0,0.359,210554,803853,6
2026-09-18T04,13,0,0.36,2316310,565448,8
2026-09-18T04,13,0,0.361,955277,654775,5
2026-09-18T04,13,0,0.362,0,12271468,4
2026-09-18T04,13,0,0.363,0,238825,1
2026-09-18T04,13,0,0.364,0,18369,1
2026-09-18T04,13,0,0.365,563966,1332203,5
2026-09-18T04,13,0,0.366,2679903,147954,3
2026-09-18T04,13,0,0.367,37681,738371,4
2026-09-18T04,13,0,0.368,655245,0,2
2026-09-18T05,13,0,0.356,0,245036,2
2026-09-18T05,13,0,0.357,0,593957,1
2026-09-18T05,13,0,0.358,0,885424,3
2026-09-18T05,13,0,0.359,0,239720,2
2026-09-18T05,13,0,0.36,0,3728984,4
2026-09-18T05,13,0,0.361,1426224,61677,4
2026-09-18T05,13,0,0.362,38553,9602,2
2026-09-18T05,13,0,0.363,10986,786814,4
2026-09-18T05,13,0,0.364,189101,459682,3
2026-09-18T05,13,0,0.365,0,483961,3
2026-09-18T05,13,0,0.366,4076075,0,4
2026-09-18T06,13,0,0.357,0,129430,1
2026-09-18T06,13,0,0.358,0,2512474,3
2026-09-18T06,13,0,0.359,547487,2290957,3
2026-09-18T06,13,0,0.36,71025,656724,3
2026-09-18T06,13,0,0.361,0,1938498,2
2026-09-18T06,13,0,0.362,92535,761986,4
2026-09-18T06,13,0,0.363,0,4609977,1
2026-09-18T06,13,0,0.364,0,3459394,2
2026-09-18T06,13,0,0.365,0,1639859,8
2026-09-18T06,13,0,0.366,5512637,4357785,9
2026-09-18T06,13,0,0.367,258294,14792058,2
2026-09-18T06,13,0,0.368,2,0,1
2026-09-18T07,13,0,0.358,0,911190,2
2026-09-18T07,13,0,0.359,0,1165714,2
2026-09-18T07,13,0,0.36,228507,852991,3
2026-09-18T07,13,0,0.361,314235,1847097,5
2026-09-18T07,13,0,0.362,100083,1586700,4
2026-09-18T07,13,0,0.363,161496,157271,3
2026-09-18T07,13,0,0.364,312885,0,2
2026-09-18T07,13,0,0.366,0,901323,1
2026-09-18T07,13,0,0.367,285307,0,2
2026-09-18T08,13,0,0.36,0,511699,1
2026-09-18T08,13,0,0.361,0,948786,4
2026-09-18T08,13,0,0.362,426142,2886708,9
2026-09-18T08,13,0,0.363,1634615,68179,9
2026-09-18T08,13,0,0.364,1160271,1529567,5
2026-09-18T09,13,0,0.361,0,1924312,2
2026-09-18T09,13,0,0.362,559403,1099699,6
2026-09-18T09,13,0,0.363,254244,2384332,6
2026-09-18T09,13,0,0.364,0,2028073,4
2026-09-18T09,13,0,0.365,2726902,3694973,5
2026-09-18T09,13,0,0.366,0,166082,4
2026-09-18T09,13,0,0.367,543001,748206,9
2026-09-18T09,13,0,0.368,0,1950924,2
2026-09-18T09,13,0,0.369,1261963,0,2
2026-09-18T10,13,0,0.361,0,73360,1
2026-09-18T10,13,0,0.362,0,640929,3
2026-09-18T10,13,0,0.363,0,462801,2
2026-09-18T10,13,0,0.364,956694,3478182,5
2026-09-18T10,13,0,0.365,71442,5575454,5
2026-09-18T10,13,0,0.366,531198,231629,4
2026-09-18T10,13,0,0.367,468233,1016339,5
2026-09-18T10,13,0,0.368,3858598,252518,6
2026-09-18T10,13,0,0.369,37123,0,1
2026-09-18T11,13,0,0.365,0,775210,1
2026-09-18T11,13,0,0.366,0,221947,2
2026-09-18T11,13,0,0.367,0,1145393,3
2026-09-18T11,13,0,0.368,1216164,6411607,9
2026-09-18T11,13,0,0.369,1824677,0,5
2026-09-18T12,13,0,0.358,0,11959,1
2026-09-18T12,13,0,0.359,0,196444,1
2026-09-18T12,13,0,0.36,0,230128,1
2026-09-18T12,13,0,0.361,0,347545,2
2026-09-18T12,13,0,0.362,1490035,1867304,5
2026-09-18T12,13,0,0.363,702750,310453,5
2026-09-18T12,13,0,0.365,113475,310997,2
2026-09-18T12,13,0,0.366,1230822,0,2
2026-09-18T13,13,0,0.36,0,135453,2
2026-09-18T13,13,0,0.361,246770,1645856,3
2026-09-18T13,13,0,0.362,1399946,2253049,3
2026-09-18T13,13,0,0.363,2062113,1613548,8
2026-09-18T13,13,0,0.364,2897938,0,2
2026-09-18T14,13,0,0.359,0,37206,2
2026-09-18T14,13,0,0.36,0,1400511,6
2026-09-18T14,13,0,0.361,0,1164828,5
2026-09-18T14,13,0,0.362,1052262,1660292,8
2026-09-18T14,13,0,0.363,420203,6512616,7
2026-09-18T14,13,0,0.364,5845159,0,7
2026-09-18T15,13,0,0.361,0,165000,1
2026-09-18T15,13,0,0.362,0,3467810,4
2026-09-18T15,13,0,0.363,212842,2542859,10
2026-09-18T15,13,0,0.364,24411700,0,10
2026-09-18T16,13,0,0.361,0,301662,1
2026-09-18T16,13,0,0.362,0,293669,1
2026-09-18T16,13,0,0.363,0,763072,5
2026-09-18T16,13,0,0.364,14938134,0,11
2026-09-18T17,13,0,0.36,0,984682,6
2026-09-18T17,13,0,0.361,304666,640537,5
2026-09-18T17,13,0,0.362,550475,630180,5
2026-09-18T17,13,0,0.363,1716698,2889678,7
2026-09-18T17,13,0,0.364,869882,0,2
2026-09-18T18,13,0,0.36,0,686533,5
2026-09-18T18,13,0,0.361,1626762,8556632,10
2026-09-18T18,13,0,0.362,1198837,5273460,9
2026-09-18T18,13,0,0.363,0,4549902,5
2026-09-18T18,13,0,0.364,3066197,12064372,14
2026-09-18T19,13,0,0.36,0,470675,5
2026-09-18T19,13,0,0.361,9412,2516394,6
2026-09-18T19,13,0,0.362,354259,136278,6
2026-09-18T19,13,0,0.363,2414549,3693406,5
2026-09-18T19,13,0,0.364,1861302,0,2
2026-09-18T20,13,0,0.36,0,2690599,4
2026-09-18T20,13,0,0.361,0,2071882,5
2026-09-18T20,13,0,0.362,587265,3818598,7
2026-09-18T20,13,0,0.363,592028,1176486,5
2026-09-18T20,13,0,0.364,795956,11512753,8
2026-09-18T20,13,0,0.365,1490967,0,3
2026-09-18T21,13,0,0.36,344991,2051412,5
2026-09-18T21,13,0,0.361,0,1655023,3
2026-09-18T21,13,0,0.362,6415257,4642485,7
2026-09-18T21,13,0,0.363,2288967,778715,7
2026-09-18T21,13,0,0.364,1828756,0,2
2026-09-18T22,13,0,0.359,0,68864,2
2026-09-18T22,13,0,0.36,742173,1602112,3
2026-09-18T22,13,0,0.361,0,4241907,5
2026-09-18T22,13,0,0.362,1911532,1971810,5
2026-09-18T22,13,0,0.363,417,254302,3
2026-09-18T22,13,0,0.364,0,3708282,5
2026-09-18T22,13,0,0.365,2107987,5188836,11
2026-09-18T23,13,0,0.361,146879,567807,3
2026-09-18T23,13,0,0.362,0,82021,1
2026-09-18T23,13,0,0.363,0,434534,2
2026-09-18T23,13,0,0.364,159675,869276,7
2026-09-18T23,13,0,0.365,3309880,934610,9
2026-09-18T23,13,0,0.366,15690,509650,3
2026-09-19T04,13,0,0.362,0,5000,1
2026-09-19T04,13,0,0.363,0,361565,1
2026-09-19T04,13,0,0.364,0,1176027,1
2026-09-19T04,13,0,0.365,1000,2900377,8
2026-09-19T04,13,0,0.366,1970234,652813,5
2026-09-19T04,13,0,0.367,0,825131,4
2026-09-19T04,13,0,0.368,3319207,0,1
2026-09-19T05,13,0,0.36,0,7779,1
2026-09-19T05,13,0,0.362,0,226593,1
2026-09-19T05,13,0,0.363,0,1305709,7
2026-09-19T05,13,0,0.364,5503858,214805,9
2026-09-19T05,13,0,0.365,0,61540,1
2026-09-19T05,13,0,0.366,2024867,0,3
2026-09-19T06,13,0,0.36,0,69997,1
2026-09-19T06,13,0,0.361,0,753305,1
2026-09-19T06,13,0,0.362,54719,8312329,5
2026-09-19T06,13,0,0.363,438710,2188084,4
2026-09-19T06,13,0,0.364,2903086,2888719,8
2026-09-19T06,13,0,0.365,0,2214029,6
2026-09-19T06,13,0,0.366,5525266,4970306,7
2026-09-19T06,13,0,0.367,0,1506382,5
2026-09-19T06,13,0,0.368,1036478,1041609,8
2026-09-19T07,13,0,0.362,0,17726,1
2026-09-19T07,13,0,0.363,0,1125844,1
2026-09-19T07,13,0,0.364,472242,40890,4
2026-09-19T07,13,0,0.365,0,3352862,4
2026-09-19T07,13,0,0.366,967132,1304995,10
2026-09-19T07,13,0,0.367,985078,1630833,6
2026-09-19T07,13,0,0.368,1376182,1137340,6
2026-09-19T08,13,0,0.359,0,3120325,5
2026-09-19T08,13,0,0.36,324829,2911911,4
2026-09-19T08,13,0,0.361,4100,51891,3
2026-09-19T08,13,0,0.362,433668,1749135,5
2026-09-19T08,13,0,0.363,0,2464080,1
2026-09-19T08,13,0,0.364,0,1300759,1
2026-09-19T08,13,0,0.365,25000,2032674,4
2026-09-19T08,13,0,0.366,0,501122,2
2026-09-19T08,13,0,0.367,1760801,2777310,4
2026-09-19T08,13,0,0.368,1896006,5865966,7
2026-09-19T08,13,0,0.369,160901,0,1
2026-09-19T09,13,0,0.363,0,328230,1
2026-09-19T09,13,0,0.364,0,2750407,2
2026-09-19T09,13,0,0.365,0,1767199,5
2026-09-19T09,13,0,0.366,2269910,694309,6
2026-09-19T09,13,0,0.367,236159,753049,4
2026-09-19T09,13,0,0.368,1045375,0,3
2026-09-19T10,13,0,0.359,0,3141757,2
2026-09-19T10,13,0,0.36,336454,301976,3
2026-09-19T10,13,0,0.362,0,331128,3
2026-09-19T10,13,0,0.363,190026,347225,3
2026-09-19T10,13,0,0.364,0,234079,2
2026-09-19T10,13,0,0.365,144419,527917,4
2026-09-19T10,13,0,0.366,1877148,0,4
2026-09-19T10,13,0,0.367,18316,190000,2
2026-09-19T10,13,0,0.368,206122,0,1
2026-09-19T11,13,0,0.359,0,21563,1
2026-09-19T11,13,0,0.36,0,509768,1
2026-09-19T11,13,0,0.361,0,1636677,3
2026-09-19T11,13,0,0.362,0,892224,2
2026-09-19T11,13,0,0.363,2256695,4356253,10
2026-09-19T11,13,0,0.364,0,78244,2
2026-09-19T11,13,0,0.365,1049372,263846,2
2026-09-19T11,13,0,0.366,1272343,1533606,3
2026-09-19T11,13,0,0.367,80929,11385,2
2026-09-19T11,13,0,0.368,210443,0,2
2026-09-19T12,13,0,0.359,757789,1052597,2
2026-09-19T12,13,0,0.36,0,100000,1
2026-09-19T12,13,0,0.362,225541,746978,2
2026-09-19T12,13,0,0.363,129499,623488,3
2026-09-19T12,13,0,0.364,334833,810016,5
2026-09-19T12,13,0,0.365,7200637,0,7
2026-09-19T13,13,0,0.36,0,731676,1
2026-09-19T13,13,0,0.362,0,1064192,5
2026-09-19T13,13,0,0.363,150959,2485996,7
2026-09-19T13,13,0,0.364,1336772,3328029,12
2026-09-19T13,13,0,0.365,7465884,3749738,10
2026-09-19T14,13,0,0.363,0,2640618,7
2026-09-19T14,13,0,0.364,3289207,4524605,12
2026-09-19T14,13,0,0.365,9313679,0,9
2026-09-19T15,13,0,0.362,0,2486455,3
2026-09-19T15,13,0,0.363,0,585678,5
2026-09-19T15,13,0,0.364,2900709,5221861,12
2026-09-19T15,13,0,0.365,2907136,30315038,9
2026-09-19T16,13,0,0.358,0,7071369,3
2026-09-19T16,13,0,0.359,0,35720,1
2026-09-19T16,13,0,0.36,3437513,5634855,7
2026-09-19T16,13,0,0.361,202166,868652,2
2026-09-19T16,13,0,0.362,0,421915,3
2026-09-19T16,13,0,0.363,708048,1036337,5
2026-09-19T16,13,0,0.364,158162,1559961,8
2026-09-19T16,13,0,0.365,988542,71784,5
2026-09-19T17,13,0,0.361,0,87142,1
2026-09-19T17,13,0,0.362,0,4451913,1
2026-09-19T17,13,0,0.363,1897592,1241206,6
2026-09-19T17,13,0,0.364,417172,867223,7
2026-09-19T17,13,0,0.365,5608638,1778878,12
2026-09-19T18,13,0,0.36,0,893,1
2026-09-19T18,13,0,0.361,0,87064,2
2026-09-19T18,13,0,0.362,29563,3850057,11
2026-09-19T18,13,0,0.363,5258370,11013798,9
2026-09-19T18,13,0,0.364,362532,260305,6
2026-09-19T18,13,0,0.365,444547,11938042,8
2026-09-19T18,13,0,0.366,732453,110525,5
2026-09-19T19,13,0,0.359,0,240964,1
2026-09-19T19,13,0,0.36,0,58804,1
2026-09-19T19,13,0,0.361,0,62265,1
2026-09-19T19,13,0,0.362,1380614,3157042,4
2026-09-19T19,13,0,0.363,0,2529196,2
2026-09-19T19,13,0,0.364,0,682408,4
2026-09-19T19,13,0,0.365,832892,4970155,7
2026-09-19T19,13,0,0.366,52539,980404,9
2026-09-19T19,13,0,0.367,2025239,1734571,11
2026-09-19T19,13,0,0.368,513401,583033,3
2026-09-19T20,13,0,0.36,0,180400,1
2026-09-19T20,13,0,0.363,0,471528,2
2026-09-19T20,13,0,0.364,84265,1191377,4
2026-09-19T20,13,0,0.365,657617,492788,5
2026-09-19T20,13,0,0.366,2773804,2367309,5
2026-09-19T20,13,0,0.367,4485192,0,2
2026-09-19T21,13,0,0.357,0,3442891,1
2026-09-19T21,13,0,0.361,0,995000,1
2026-09-19T21,13,0,0.362,0,125344,1
2026-09-19T21,13,0,0.363,13207,1498838,4
2026-09-19T21,13,0,0.364,232178,2073428,5
2026-09-19T21,13,0,0.365,386700,1600867,3
2026-09-19T21,13,0,0.366,1754011,3051223,8
2026-09-19T21,13,0,0.367,377581,0,2
2026-09-19T22,13,0,0.354,0,289591,1
2026-09-19T22,13,0,0.36,0,137823,1
2026-09-19T22,13,0,0.361,0,471078,2
2026-09-19T22,13,0,0.362,0,1528696,3
2026-09-19T22,13,0,0.363,0,4345167,5
2026-09-19T22,13,0,0.364,691704,725854,6
2026-09-19T22,13,0,0.365,586128,0,5
2026-09-19T23,13,0,0.356,156868,233316,2
2026-09-19T23,13,0,0.357,354580,538550,3
2026-09-19T23,13,0,0.358,26656,1046774,4
2026-09-19T23,13,0,0.359,352217,861765,3
2026-09-19T23,13,0,0.36,1221907,3405180,3
2026-09-19T23,13,0,0.361,0,567928,1
2026-09-19T23,13,0,0.362,62695,2144664,3
2026-09-19T23,13,0,0.363,0,216689,2
2026-09-19T23,13,0,0.364,751666,1488254,7
2026-09-19T23,13,0,0.365,12460,7658421,2
2026-09-20T00,13,0,0.36,0,26340,1
2026-09-20T00,13,0,0.362,0,593690,3
2026-09-20T00,13,0,0.363,3031203,2232631,7
2026-09-20T00,13,0,0.364,102057,1739988,7
2026-09-20T00,13,0,0.365,508040,1505218,8
2026-09-20T00,13,0,0.366,104373,0,2
2026-09-20T01,13,0,0.361,215808,1189145,4
2026-09-20T01,13,0,0.362,0,692676,4
2026-09-20T01,13,0,0.363,871479,296092,4
2026-09-20T01,13,0,0.364,0,492843,2
2026-09-20T01,13,0,0.365,1943241,0,5
2026-09-20T02,13,0,0.356,0,51951,1
2026-09-20T02,13,0,0.357,81345,264974,3
2026-09-20T02,13,0,0.358,0,497235,4
2026-09-20T02,13,0,0.359,727662,1220326,8
2026-09-20T02,13,0,0.36,1573613,4131118,7
2026-09-20T02,13,0,0.361,55585,963189,2
2026-09-20T02,13,0,0.362,0,163412,2
2026-09-20T02,13,0,0.363,1226112,2343591,5
2026-09-20T02,13,0,0.364,192735,1083460,5
2026-09-20T02,13,0,0.365,440194,1091736,2
2026-09-20T03,13,0,0.363,0,80157,2
2026-09-20T03,13,0,0.364,60235,339210,5
2026-09-20T03,13,0,0.365,652631,1976724,10
2026-09-20T03,13,0,0.366,1461367,934795,6
2026-09-20T03,13,0,0.367,465094,0,4
2026-09-20T04,13,0,0.36,332491,88827,2
2026-09-20T04,13,0,0.361,0,295382,1
2026-09-20T04,13,0,0.362,0,185248,1
2026-09-20T04,13,0,0.363,58000,60399,2
2026-09-20T04,13,0,0.364,1118828,0,4
2026-09-20T04,13,0,0.365,106415,0,1
2026-09-20T04,13,0,0.366,179437,470170,3
2026-09-20T04,13,0,0.367,2010615,0,5
2026-09-20T05,13,0,0.356,521833,1178731,5
2026-09-20T05,13,0,0.357,0,552457,3
2026-09-20T05,13,0,0.358,1956546,2743294,8
2026-09-20T05,13,0,0.359,1737322,4304983,7
2026-09-20T05,13,0,0.36,943491,93919,6
2026-09-20T05,13,0,0.363,0,2000,1
2026-09-20T05,13,0,0.364,4632,581275,5
2026-09-20T05,13,0,0.365,1137435,0,1
2026-09-20T06,13,0,0.361,0,198143,1
2026-09-20T06,13,0,0.362,0,1194619,3
2026-09-20T06,13,0,0.363,0,13705190,4
2026-09-20T06,13,0,0.364,883324,4241092,10
2026-09-20T06,13,0,0.365,2694975,1050571,9
2026-09-20T06,13,0,0.366,3753663,0,3
2026-09-20T07,13,0,0.357,0,227295,1
2026-09-20T07,13,0,0.358,0,345294,1
2026-09-20T07,13,0,0.359,0,299776,1
2026-09-20T07,13,0,0.36,5663338,70750,4
2026-09-20T07,13,0,0.362,0,378618,3
2026-09-20T07,13,0,0.363,583377,491655,5
2026-09-20T07,13,0,0.364,218144,5492344,3
2026-09-20T07,13,0,0.365,960940,0,2
2026-09-20T08,13,0,0.356,0,1207632,1
2026-09-20T08,13,0,0.357,0,751062,3
2026-09-20T08,13,0,0.358,3475598,4522397,6
2026-09-20T08,13,0,0.359,1804102,2941187,6
2026-09-20T08,13,0,0.36,3152464,15292937,7
2026-09-20T08,13,0,0.361,0,138255,1
2026-09-20T08,13,0,0.362,0,781708,1
2026-09-20T08,13,0,0.363,0,705531,1
2026-09-20T08,13,0,0.364,0,675091,3
2026-09-20T08,13,0,0.365,111240,5215202,5
2026-09-20T08,13,0,0.366,2216597,0,3
2026-09-20T09,13,0,0.359,0,12000,1
2026-09-20T09,13,0,0.361,221616,363610,3
2026-09-20T09,13,0,0.362,4156985,576777,5
2026-09-20T09,13,0,0.363,1550639,1627781,5
2026-09-20T09,13,0,0.364,168886,3500608,4
2026-09-20T09,13,0,0.365,595109,1639353,5
2026-09-20T09,13,0,0.366,4869704,0,3
2026-09-20T10,13,0,0.36,0,463419,2
2026-09-20T10,13,0,0.361,0,1254480,2
2026-09-20T10,13,0,0.362,0,131583,1
2026-09-20T10,13,0,0.363,1814942,1502392,3
2026-09-20T10,13,0,0.364,0,1340846,4
2026-09-20T10,13,0,0.365,581800,394515,5
2026-09-20T10,13,0,0.366,2489265,2166077,9
2026-09-20T10,13,0,0.367,8167839,0,7
2026-09-20T11,13,0,0.355,0,2186749,1
2026-09-20T11,13,0,0.36,23892,395323,2
2026-09-20T11,13,0,0.361,157967,346261,2
2026-09-20T11,13,0,0.362,217974,4212890,3
2026-09-20T11,13,0,0.363,0,375736,2
2026-09-20T11,13,0,0.364,0,3895658,4
2026-09-20T11,13,0,0.365,388281,2940473,6
2026-09-20T11,13,0,0.366,1432596,2595230,8
2026-09-20T11,13,0,0.367,1375632,0,3
2026-09-20T12,13,0,0.359,0,36645,1
2026-09-20T12,13,0,0.36,0,1760031,2
2026-09-20T12,13,0,0.361,270931,954835,4
2026-09-20T12,13,0,0.362,86750,188278,2
2026-09-20T12,13,0,0.363,0,454248,2
2026-09-20T12,13,0,0.364,0,2979328,4
2026-09-20T12,13,0,0.365,1325227,1827962,8
2026-09-20T12,13,0,0.366,369407,1429407,5
2026-09-20T12,13,0,0.367,961791,0,4
2026-09-20T13,13,0,0.362,0,264961,1
2026-09-20T13,13,0,0.363,0,254029,1
2026-09-20T13,13,0,0.364,193517,222584,3
2026-09-20T13,13,0,0.365,1550201,745808,4
2026-09-20T13,13,0,0.366,0,739163,4
2026-09-20T13,13,0,0.367,7292636,0,7
2026-09-20T14,13,0,0.362,0,496026,1
2026-09-20T14,13,0,0.363,0,4437183,3
2026-09-20T14,13,0,0.364,88226,2313934,9
2026-09-20T14,13,0,0.365,170545,861471,6
2026-09-20T14,13,0,0.366,248833,3324316,9
2026-09-20T14,13,0,0.367,9210062,0,6
2026-09-20T15,13,0,0.362,0,39532,1
2026-09-20T15,13,0,0.363,0,245897,3
2026-09-20T15,13,0,0.364,0,346565,3
2026-09-20T15,13,0,0.365,11128,1218703,4
2026-09-20T15,13,0,0.366,196957,411556,5
2026-09-20T15,13,0,0.367,17453458,0,10
2026-09-20T16,13,0,0.361,0,25318,1
2026-09-20T16,13,0,0.362,0,544306,1
2026-09-20T16,13,0,0.363,1166110,757633,2
2026-09-20T16,13,0,0.364,9995291,2270708,5
2026-09-20T16,13,0,0.365,3897121,732017,8
2026-09-20T16,13,0,0.366,3327926,227364,4
2026-09-20T16,13,0,0.367,4356199,0,2
2026-09-20T17,13,0,0.359,0,11000,1
2026-09-20T17,13,0,0.36,446509,2033070,3
2026-09-20T17,13,0,0.361,0,312641,2
2026-09-20T17,13,0,0.362,62631,983672,4
2026-09-20T17,13,0,0.363,427064,3435725,6
2026-09-20T17,13,0,0.364,1246771,515183,6
2026-09-20T17,13,0,0.365,799608,3427579,5
2026-09-20T17,13,0,0.366,2487447,0,4
2026-09-20T18,13,0,0.359,0,366905,2
2026-09-20T18,13,0,0.36,0,194880,2
2026-09-20T18,13,0,0.361,0,1380120,6
2026-09-20T18,13,0,0.362,3270945,1340507,8
2026-09-20T18,13,0,0.363,1578111,347772,7
2026-09-20T18,13,0,0.364,0,16590807,5
2026-09-20T18,13,0,0.365,883424,970317,5
2026-09-20T18,13,0,0.366,1492672,0,1
2026-09-20T19,13,0,0.363,0,479446,1
2026-09-20T19,13,0,0.364,0,761316,2
2026-09-20T19,13,0,0.365,45216,1928686,7
2026-09-20T19,13,0,0.366,602325,3806979,12
2026-09-20T19,13,0,0.367,1287713,36837354,21
2026-09-20T19,13,0,0.368,1378133,11782896,15
2026-09-20T19,13,0,0.369,1053723,1100000,4
2026-09-20T20,13,0,0.351,0,526857,1
2026-09-20T20,13,0,0.352,0,447888,1
2026-09-20T20,13,0,0.353,0,494196,1
2026-09-20T20,13,0,0.354,0,515000,2
2026-09-20T20,13,0,0.355,0,233015,1
2026-09-20T20,13,0,0.356,0,55652,2
2026-09-20T20,13,0,0.357,0,1068226,2
2026-09-20T20,13,0,0.358,0,360507,1
2026-09-20T20,13,0,0.359,29000,487241,3
2026-09-20T20,13,0,0.36,0,318383,1
2026-09-20T20,13,0,0.361,299228,700772,2
2026-09-20T20,13,0,0.362,0,40000,1
2026-09-20T20,13,0,0.363,0,71416,1
2026-09-20T20,13,0,0.364,295392,457061,3
2026-09-20T20,13,0,0.365,2879364,2415691,7
2026-09-20T20,13,0,0.366,561277,630183,5
2026-09-20T20,13,0,0.367,0,284898,2
2026-09-20T20,13,0,0.368,0,2153672,3
2026-09-20T20,13,0,0.369,1263807,7202861,7
2026-09-20T21,13,0,0.358,0,5985,1
2026-09-20T21,13,0,0.359,4708186,0,3
2026-09-20T21,13,0,0.362,0,225731,2
2026-09-20T21,13,0,0.363,0,181456,3
2026-09-20T21,13,0,0.364,2413103,1037989,6
2026-09-20T21,13,0,0.365,11990,135376,2
2026-09-20T21,13,0,0.366,116410,0,2
2026-09-20T22,13,0,0.359,0,4513218,2
2026-09-20T22,13,0,0.36,0,97000,1
2026-09-20T22,13,0,0.362,0,1053061,6
2026-09-20T22,13,0,0.363,416168,1580604,8
2026-09-20T22,13,0,0.364,5006782,2076724,8
2026-09-20T22,13,0,0.365,1473334,1756034,6
2026-09-20T22,13,0,0.366,725050,0,3
2026-09-20T23,13,0,0.363,436970,224474,3
2026-09-20T23,13,0,0.364,507173,765562,7
2026-09-20T23,13,0,0.365,829633,0,2
2026-09-20T23,13,0,0.366,1874336,347925,9
2026-09-20T23,13,0,0.367,100107,129515,4
2026-09-20T23,13,0,0.368,802690,180461,5
2026-09-21T00,13,0,0.357,0,1088434,1
2026-09-21T00,13,0,0.358,398979,910057,2
2026-09-21T00,13,0,0.36,0,754148,1
2026-09-21T00,13,0,0.361,0,1332547,4
2026-09-21T00,13,0,0.362,570483,2134506,4
2026-09-21T00,13,0,0.363,0,2941884,2
2026-09-21T00,13,0,0.364,0,8188931,3
2026-09-21T00,13,0,0.365,883303,212661,7
2026-09-21T00,13,0,0.366,35243,0,1
2026-09-21T01,13,0,0.36,0,97241,1
2026-09-21T01,13,0,0.361,0,10261,2
2026-09-21T01,13,0,0.363,0,31533,2
2026-09-21T01,13,0,0.364,397912,2419808,13
2026-09-21T01,13,0,0.365,2746776,4184082,11
2026-09-21T01,13,0,0.366,1800554,2914179,6
2026-09-21T01,13,0,0.367,0,1101624,2
2026-09-21T01,13,0,0.368,0,5029112,4
2026-09-21T01,13,0,0.369,1319943,0,1
2026-09-21T02,13,0,0.362,4957,202566,3
2026-09-21T02,13,0,0.363,0,358438,1
2026-09-21T02,13,0,0.364,0,1178714,1
2026-09-21T02,13,0,0.365,151271,53527,2
2026-09-21T02,13,0,0.366,0,806989,3
2026-09-21T02,13,0,0.367,1763562,748294,10
2026-09-21T02,13,0,0.368,1110426,190209,7
2026-09-21T02,13,0,0.369,1488415,6049797,8
2026-09-21T03,13,0,0.363,0,97347,1
2026-09-21T03,13,0,0.364,0,529838,2
2026-09-21T03,13,0,0.365,25587,991933,5
2026-09-21T03,13,0,0.366,10096,661755,5
2026-09-21T03,13,0,0.367,477518,1175352,7
2026-09-21T03,13,0,0.368,781801,1564826,11
2026-09-21T03,13,0,0.369,802344,5045008,7
2026-09-21T04,13,0,0.36,0,291853,1
2026-09-21T04,13,0,0.361,0,1326605,3
2026-09-21T04,13,0,0.362,2288574,210926,6
2026-09-21T04,13,0,0.363,0,30378,1
2026-09-21T04,13,0,0.365,0,611734,1
2026-09-21T04,13,0,0.366,0,1126261,3
2026-09-21T04,13,0,0.367,0,1324620,6
2026-09-21T04,13,0,0.368,1286328,2895560,7
2026-09-21T04,13,0,0.369,5137034,0,3
2026-09-21T05,13,0,0.364,0,484589,1
2026-09-21T05,13,0,0.365,20000,971496,5
2026-09-21T05,13,0,0.366,0,45654,2
2026-09-21T05,13,0,0.367,899678,379854,8
2026-09-21T05,13,0,0.368,47543,2448185,8
2026-09-21T05,13,0,0.369,2121986,0,4
2026-09-21T06,13,0,0.358,0,1568716,3
2026-09-21T06,13,0,0.36,0,1316431,3
2026-09-21T06,13,0,0.361,123000,1514667,5
2026-09-21T06,13,0,0.362,403110,986226,7
2026-09-21T06,13,0,0.363,2203999,2242601,7
2026-09-21T06,13,0,0.364,70624,753893,4
2026-09-21T06,13,0,0.365,922090,318725,7
2026-09-21T06,13,0,0.366,0,49113,1
2026-09-21T06,13,0,0.367,236548,1481966,4
2026-09-21T06,13,0,0.368,75491,0,1
2026-09-21T07,13,0,0.357,0,1097572,1
2026-09-21T07,13,0,0.358,0,87172,1
2026-09-21T07,13,0,0.36,19541,2057861,4
2026-09-21T07,13,0,0.361,879114,3651238,8
2026-09-21T07,13,0,0.362,1594643,2322944,6
2026-09-21T07,13,0,0.363,1817993,2055330,6
2026-09-21T07,13,0,0.364,67473,0,1
2026-09-21T08,13,0,0.36,0,300000,1
2026-09-21T08,13,0,0.361,0,3669,1
2026-09-21T08,13,0,0.362,1644071,660865,4
2026-09-21T08,13,0,0.363,5563182,2423486,8
2026-09-21T08,13,0,0.364,763112,9733461,8
2026-09-21T08,13,0,0.365,13884,2970461,7
2026-09-21T08,13,0,0.366,572798,4368498,6
2026-09-21T08,13,0,0.367,23455,455645,3
2026-09-21T08,13,0,0.368,77942,0,1
2026-09-21T09,13,0,0.36,0,20938,1
2026-09-21T09,13,0,0.361,0,260256,1
2026-09-21T09,13,0,0.362,0,8300,1
2026-09-21T09,13,0,0.363,0,44896,1
2026-09-21T09,13,0,0.364,0,78536,2
2026-09-21T09,13,0,0.365,370865,2071440,4
2026-09-21T09,13,0,0.366,898569,1568956,6
2026-09-21T09,13,0,0.367,0,607112,3
2026-09-21T09,13,0,0.368,197821,1240584,6
2026-09-21T09,13,0,0.369,1867983,0,4
2026-09-21T10,13,0,0.36,0,96788,1
2026-09-21T10,13,0,0.361,0,176172,1
2026-09-21T10,13,0,0.362,0,6421,1
2026-09-21T10,13,0,0.363,2929185,712374,5
2026-09-21T10,13,0,0.364,0,76602,2
2026-09-21T10,13,0,0.365,0,2946340,5
2026-09-21T10,13,0,0.366,1766447,1736943,5
2026-09-21T10,13,0,0.367,1342,850444,3
2026-09-21T10,13,0,0.368,841758,119421,2
2026-09-21T10,13,0,0.369,452360,0,1
2026-09-21T11,13,0,0.359,0,306980,1
2026-09-21T11,13,0,0.36,0,560510,3
2026-09-21T11,13,0,0.361,0,632248,3
2026-09-21T11,13,0,0.362,512506,2784560,9
2026-09-21T11,13,0,0.363,6841744,230491,9
2026-09-21T12,13,0,0.359,0,294908,1
2026-09-21T12,13,0,0.36,0,1303905,2
2026-09-21T12,13,0,0.361,0,1576227,3
2026-09-21T12,13,0,0.362,0,2073687,7
2026-09-21T12,13,0,0.363,1353334,4460957,7
2026-09-21T12,13,0,0.364,474752,2262846,5
2026-09-21T12,13,0,0.365,1048721,7547193,11
2026-09-21T12,13,0,0.366,33000,9385397,4
2026-09-21T12,13,0,0.367,636682,3185095,6
2026-09-21T12,13,0,0.368,147105,368692,3
2026-09-21T12,13,0,0.369,200000,0,1
2026-09-21T13,13,0,0.364,0,63902,1
2026-09-21T13,13,0,0.366,336789,1573634,6
2026-09-21T13,13,0,0.367,6775466,8296050,8
2026-09-21T13,13,0,0.368,308435,126752,4
2026-09-21T14,13,0,0.362,0,1040686,1
2026-09-21T14,13,0,0.363,233955,199490,3
2026-09-21T14,13,0,0.364,568,989886,4
2026-09-21T14,13,0,0.365,394534,2406125,5
2026-09-21T14,13,0,0.366,1691502,427441,6
2026-09-21T14,13,0,0.367,154747,667116,4
2026-09-21T14,13,0,0.368,0,313220,5
2026-09-21T14,13,0,0.369,1336105,0,4
2026-09-21T15,13,0,0.36,0,67175,1
2026-09-21T15,13,0,0.361,0,46611,1
2026-09-21T15,13,0,0.362,0,884814,3
2026-09-21T15,13,0,0.363,741208,998354,5
2026-09-21T15,13,0,0.364,517,4014661,4
2026-09-21T15,13,0,0.365,0,2431971,2
2026-09-21T15,13,0,0.366,261104,769315,6
2026-09-21T15,13,0,0.367,308362,2042558,9
2026-09-21T15,13,0,0.368,0,521628,3
2026-09-21T15,13,0,0.369,13254432,0,2
2026-09-21T16,13,0,0.363,0,84555,1
2026-09-21T16,13,0,0.364,0,155363,2
2026-09-21T16,13,0,0.365,0,495714,4
2026-09-21T16,13,0,0.366,971371,192877,6
2026-09-21T16,13,0,0.367,0,1543763,4
2026-09-21T16,13,0,0.368,67102,1058725,5
2026-09-21T16,13,0,0.369,2766941,0,4
2026-09-21T17,13,0,0.365,2048372,422495,3
2026-09-21T17,13,0,0.366,38313,3619465,5
2026-09-21T17,13,0,0.367,477219,424077,5
2026-09-21T17,13,0,0.368,872311,933945,7
2026-09-21T17,13,0,0.369,4469726,17841902,17
2026-09-21T17,13,0,0.37,2878937,0,1
2026-09-21T18,13,0,0.358,0,111878,1
2026-09-21T18,13,0,0.359,0,266482,1
2026-09-21T18,13,0,0.36,0,97838,1
2026-09-21T18,13,0,0.361,0,886350,1
2026-09-21T18,13,0,0.362,21839,226485,3
2026-09-21T18,13,0,0.363,0,157274,2
2026-09-21T18,13,0,0.364,0,245032,4
2026-09-21T18,13,0,0.365,0,183541,3
2026-09-21T18,13,0,0.366,2720028,1269189,6
2026-09-21T18,13,0,0.367,301248,733318,3
2026-09-21T18,13,0,0.368,315809,567301,3
2026-09-21T18,13,0,0.369,0,703796,3
2026-09-21T18,13,0,0.37,1665692,0,3
2026-09-21T19,13,0,0.36,0,211409,3
2026-09-21T19,13,0,0.361,474425,297013,5
2026-09-21T19,13,0,0.362,1656378,1987247,5
2026-09-21T19,13,0,0.363,193049,1225005,4
2026-09-21T19,13,0,0.364,594180,0,4
2026-09-21T19,13,0,0.365,0,168058,1
2026-09-21T19,13,0,0.366,1009576,0,1
2026-09-21T20,13,0,0.363,0,1332964,3
2026-09-21T20,13,0,0.364,743619,606527,3
2026-09-21T20,13,0,0.365,62427,296089,5
2026-09-21T20,13,0,0.366,0,5093755,2
2026-09-21T20,13,0,0.367,490,1788265,4
2026-09-21T20,13,0,0.368,630286,1240078,9
2026-09-21T20,13,0,0.369,2431165,8688892,12
2026-09-21T20,13,0,0.37,1269213,0,3
2026-09-21T21,13,0,0.358,0,959867,1
2026-09-21T21,13,0,0.359,0,122848,1
2026-09-21T21,13,0,0.36,4178,66859,3
2026-09-21T21,13,0,0.361,0,394264,4
2026-09-21T21,13,0,0.362,50219,1749118,4
2026-09-21T21,13,0,0.363,108020,418957,5
2026-09-21T21,13,0,0.364,806830,1113388,6
2026-09-21T21,13,0,0.365,133358,316642,3
2026-09-21T21,13,0,0.366,64082,293284,3
2026-09-21T21,13,0,0.367,0,109353,1
2026-09-21T21,13,0,0.368,0,423746,1
2026-09-21T21,13,0,0.369,0,1642972,1
2026-09-21T21,13,0,0.37,180197,0,1
2026-09-21T22,13,0,0.362,0,544829,2
2026-09-21T22,13,0,0.363,0,40779,2
2026-09-21T22,13,0,0.364,144560,1352527,3
2026-09-21T22,13,0,0.365,0,657129,2
2026-09-21T22,13,0,0.366,864026,636944,7
2026-09-21T22,13,0,0.367,3564085,882975,8
2026-09-21T22,13,0,0.368,0,229865,1
2026-09-21T22,13,0,0.369,0,999492,3
2026-09-21T22,13,0,0.37,8478127,0,1
2026-09-21T23,13,0,0.36,0,29471,1
2026-09-21T23,13,0,0.361,0,298900,1
2026-09-21T23,13,0,0.362,0,575639,1
2026-09-21T23,13,0,0.363,0,69178,1
2026-09-21T23,13,0,0.364,2480215,1970743,4
2026-09-21T23,13,0,0.366,0,100493,2
2026-09-21T23,13,0,0.367,197485,384075,4
2026-09-21T23,13,0,0.368,71923,154944,4
2026-09-21T23,13,0,0.369,288940,173335,4
2026-09-21T23,13,0,0.37,916951,0,2
2026-09-22T00,13,0,0.362,0,46668,2
2026-09-22T00,13,0,0.363,1340698,3276909,4
2026-09-22T00,13,0,0.364,0,1071518,1
2026-09-22T00,13,0,0.365,24774,974326,2
2026-09-22T00,13,0,0.366,0,916046,1
2026-09-22T00,13,0,0.367,0,137393,2
2026-09-22T00,13,0,0.368,0,101555,2
2026-09-22T00,13,0,0.369,0,1717519,6
2026-09-22T00,13,0,0.37,1326384,9535500,15
2026-09-22T01,13,0,0.363,0,1776897,2
2026-09-22T01,13,0,0.364,91111,140597,3
2026-09-22T01,13,0,0.366,8112,42612,2
2026-09-22T01,13,0,0.367,0,599206,4
2026-09-22T01,13,0,0.368,0,92294,2
2026-09-22T01,13,0,0.369,1490376,108331,7
2026-09-22T01,13,0,0.37,319199,1132636,3
2026-09-22T02,13,0,0.361,0,399741,1
2026-09-22T02,13,0,0.362,0,12639,1
2026-09-22T02,13,0,0.363,114822,110181,3
2026-09-22T02,13,0,0.364,598310,1152832,5
2026-09-22T02,13,0,0.365,404971,861445,2
2026-09-22T02,13,0,0.366,3627619,281123,5
2026-09-22T02,13,0,0.367,0,1163987,2
2026-09-22T02,13,0,0.368,818753,172386,3
2026-09-22T03,13,0,0.358,0,63245,1
2026-09-22T03,13,0,0.359,593025,9182825,2
2026-09-22T03,13,0,0.36,0,1006385,2
2026-09-22T03,13,0,0.361,0,119895,1
2026-09-22T03,13,0,0.362,0,858,1
2026-09-22T03,13,0,0.363,37583,510804,3
2026-09-22T03,13,0,0.364,103734,1319873,6
2026-09-22T03,13,0,0.365,3724997,809922,9
2026-09-22T04,13,0,0.359,0,5200,1
2026-09-22T04,13,0,0.36,0,1822744,1
2026-09-22T04,13,0,0.361,0,649425,2
2026-09-22T04,13,0,0.362,1389625,1197238,6
2026-09-22T04,13,0,0.363,0,1751424,4
2026-09-22T04,13,0,0.364,0,690521,6
2026-09-22T04,13,0,0.365,3093606,0,8
2026-09-22T05,13,0,0.359,0,323325,1
2026-09-22T05,13,0,0.36,0,1283748,2
2026-09-22T05,13,0,0.361,9068,46176,2
2026-09-22T05,13,0,0.362,163368,160811,3
2026-09-22T05,13,0,0.363,0,154731,3
2026-09-22T05,13,0,0.364,87767,1316520,4
2026-09-22T05,13,0,0.365,2921663,1221640,9
2026-09-22T05,13,0,0.366,242071,1919535,6
2026-09-22T05,13,0,0.367,0,1403916,1
2026-09-22T05,13,0,0.368,34871,0,1
2026-09-22T06,13,0,0.361,0,379675,1
2026-09-22T06,13,0,0.362,0,360758,1
2026-09-22T06,13,0,0.364,0,2922859,3
2026-09-22T06,13,0,0.365,0,5809386,5
2026-09-22T06,13,0,0.366,2414648,3867751,13
2026-09-22T06,13,0,0.367,1898136,798570,7
2026-09-22T07,13,0,0.365,0,229617,1
2026-09-22T07,13,0,0.366,0,85969,2
2026-09-22T07,13,0,0.367,0,5530113,5
2026-09-22T07,13,0,0.368,310929,2911702,9
2026-09-22T07,13,0,0.369,1570562,2170046,8
2026-09-22T07,13,0,0.37,4854945,9043948,10
2026-09-22T08,13,0,0.362,0,107663,1
2026-09-22T08,13,0,0.363,0,277429,1
2026-09-22T08,13,0,0.364,37132,309975,4
2026-09-22T08,13,0,0.365,663144,2503392,5
2026-09-22T08,13,0,0.366,2962238,609868,6
2026-09-22T08,13,0,0.367,631593,138382,3
2026-09-22T09,13,0,0.359,0,2720863,3
2026-09-22T09,13,0,0.36,10902,160038,2
2026-09-22T09,13,0,0.361,0,73194,2
2026-09-22T09,13,0,0.362,0,308728,2
2026-09-22T09,13,0,0.363,0,1085596,3
2026-09-22T09,13,0,0.364,0,1673420,5
2026-09-22T09,13,0,0.365,6380074,4445054,11
2026-09-22T09,13,0,0.366,342390,2376815,5
2026-09-22T09,13,0,0.367,139263,5339,2
2026-09-22T10,13,0,0.361,0,33395,2
2026-09-22T10,13,0,0.362,0,161809,2
2026-09-22T10,13,0,0.363,0,418764,2
2026-09-22T10,13,0,0.364,4632356,199396,5
2026-09-22T10,13,0,0.365,0,1339405,4
2026-09-22T10,13,0,0.366,0,269112,1
2026-09-22T10,13,0,0.367,461712,431562,4
2026-09-22T10,13,0,0.368,449471,906439,4
2026-09-22T10,13,0,0.369,1484460,0,2
2026-09-22T11,13,0,0.36,0,300000,1
2026-09-22T11,13,0,0.362,0,391347,1
2026-09-22T11,13,0,0.363,0,122327,1
2026-09-22T11,13,0,0.364,588961,1151954,4
2026-09-22T11,13,0,0.365,425379,344550,5
2026-09-22T11,13,0,0.366,309701,951745,4
2026-09-22T11,13,0,0.367,195946,1789557,7
2026-09-22T11,13,0,0.368,594001,19892,2
2026-09-22T11,13,0,0.369,0,1583238,5
2026-09-22T11,13,0,0.37,149334,3114056,3
2026-09-22T12,13,0,0.363,0,594547,1
2026-09-22T12,13,0,0.364,0,1390978,2
2026-09-22T12,13,0,0.365,296460,2217901,6
2026-09-22T12,13,0,0.366,43903,1477658,5
2026-09-22T12,13,0,0.367,0,1791385,5
2026-09-22T12,13,0,0.368,1149479,1414482,9
2026-09-22T12,13,0,0.369,1580835,434923,6
2026-09-22T13,13,0,0.359,0,120000,1
2026-09-22T13,13,0,0.36,0,1498712,1
2026-09-22T13,13,0,0.361,0,41346,1
2026-09-22T13,13,0,0.362,2458400,457861,4
2026-09-22T13,13,0,0.363,0,24796,1
2026-09-22T13,13,0,0.364,0,2046424,6
2026-09-22T13,13,0,0.365,1261373,1061135,5
2026-09-22T13,13,0,0.366,642,377876,4
2026-09-22T13,13,0,0.367,722980,2588321,5
2026-09-22T13,13,0,0.368,83270,24795,2
2026-09-22T14,13,0,0.356,0,642875,1
2026-09-22T14,13,0,0.357,0,693776,1
2026-09-22T14,13,0,0.359,0,16501,1
2026-09-22T14,13,0,0.36,0,7836,1
2026-09-22T14,13,0,0.361,63932,317668,2
2026-09-22T14,13,0,0.362,0,4936,1
2026-09-22T14,13,0,0.363,0,429996,4
2026-09-22T14,13,0,0.364,1109501,1654530,4
2026-09-22T14,13,0,0.365,990755,1654216,4
2026-09-22T14,13,0,0.366,774396,0,1
2026-09-22T15,13,0,0.362,0,2985728,1
2026-09-22T15,13,0,0.363,0,9432,1
2026-09-22T15,13,0,0.364,0,931784,3
2026-09-22T15,13,0,0.365,200329,1347567,7
2026-09-22T15,13,0,0.366,1958941,2472008,9
2026-09-22T15,13,0,0.367,529009,0,2
2026-09-22T16,13,0,0.362,0,5682988,3
2026-09-22T16,13,0,0.363,0,1134134,4
2026-09-22T16,13,0,0.364,734713,2783611,8
2026-09-22T16,13,0,0.365,0,2080474,4
2026-09-22T16,13,0,0.366,1172378,5796477,6
2026-09-22T16,13,0,0.367,1447166,1155552,5
2026-09-22T17,13,0,0.364,0,579415,1
2026-09-22T17,13,0,0.365,0,205941,3
2026-09-22T17,13,0,0.366,799923,972805,4
2026-09-22T17,13,0,0.367,0,347316,5
2026-09-22T17,13,0,0.368,9004751,2901486,13
2026-09-22T17,13,0,0.369,154852,1285744,7
2026-09-22T17,13,0,0.37,771,0,1
2026-09-22T18,13,0,0.361,1183457,0,1
2026-09-22T18,13,0,0.363,2729971,0,2
2026-09-22T18,13,0,0.365,1614513,1129150,2
2026-09-22T18,13,0,0.366,0,152587,1
2026-09-22T18,13,0,0.367,0,2884367,1
2026-09-22T18,13,0,0.368,0,4054183,2
2026-09-22T18,13,0,0.369,0,198567,2
2026-09-22T18,13,0,0.37,3265075,1602131,15
2026-09-22T19,13,0,0.359,0,32663,1
2026-09-22T19,13,0,0.361,0,395513,1
2026-09-22T19,13,0,0.363,0,725104,2
2026-09-22T19,13,0,0.364,0,4139609,4
2026-09-22T19,13,0,0.365,931652,3913977,10
2026-09-22T19,13,0,0.366,2537143,77924,6
2026-09-22T19,13,0,0.367,20404,979596,2
2026-09-22T19,13,0,0.368,0,23879,1
2026-09-22T19,13,0,0.369,0,2000,1
2026-09-22T19,13,0,0.37,0,422751,2
2026-09-22T19,13,0,0.371,1033897,168,2
2026-09-22T20,13,0,0.362,1336522,777469,3
2026-09-22T20,13,0,0.363,544388,1799966,4
2026-09-22T20,13,0,0.364,0,406256,2
2026-09-22T20,13,0,0.365,50667,1577242,7
2026-09-22T20,13,0,0.366,10598070,0,6
2026-09-22T21,13,0,0.362,0,1127284,3
2026-09-22T21,13,0,0.363,1512450,1198717,5
2026-09-22T21,13,0,0.364,0,1048190,4
2026-09-22T21,13,0,0.365,527761,1294309,12
2026-09-22T21,13,0,0.366,6300615,0,5
2026-09-22T22,13,0,0.358,0,1282002,1
2026-09-22T22,13,0,0.361,0,67748,3
2026-09-22T22,13,0,0.362,759738,239075,4
2026-09-22T22,13,0,0.363,0,1566128,1
2026-09-22T22,13,0,0.364,0,1157348,4
2026-09-22T22,13,0,0.365,875460,1190254,8
2026-09-22T22,13,0,0.366,2456003,0,7
2026-09-22T23,13,0,0.36,0,587624,1
2026-09-22T23,13,0,0.361,162697,520200,4
2026-09-22T23,13,0,0.362,131833,106991,4
2026-09-22T23,13,0,0.363,80587,391890,3
2026-09-22T23,13,0,0.364,37161,241384,5
2026-09-22T23,13,0,0.365,650787,0,5
2026-09-22T23,13,0,0.366,487736,0,1
2026-09-23T00,13,0,0.36,0,67596,1
2026-09-23T00,13,0,0.361,0,543811,2
2026-09-23T00,13,0,0.362,2826643,1711535,7
2026-09-23T00,13,0,0.363,0,123673,2
2026-09-23T00,13,0,0.364,0,258516,3
2026-09-23T00,13,0,0.365,108727,754870,8
2026-09-23T00,13,0,0.366,3639034,0,4
2026-09-23T01,13,0,0.36,340462,162654,3
2026-09-23T01,13,0,0.361,0,544976,2
2026-09-23T01,13,0,0.362,0,53819,3
2026-09-23T01,13,0,0.363,415999,126791,3
2026-09-23T01,13,0,0.364,0,2104723,2
2026-09-23T01,13,0,0.365,2175410,1818689,7
2026-09-23T01,13,0,0.366,15603622,0,9
2026-09-23T02,13,0,0.358,0,284184,1
2026-09-23T02,13,0,0.359,0,1050117,2
2026-09-23T02,13,0,0.36,499011,554960,4
2026-09-23T02,13,0,0.361,304700,1318884,7
2026-09-23T02,13,0,0.362,4220925,102967,7
2026-09-23T02,13,0,0.363,51763,879712,4
2026-09-23T02,13,0,0.364,13421,0,1
2026-09-23T03,13,0,0.358,0,237656,1
2026-09-23T03,13,0,0.359,471038,2238511,2
2026-09-23T03,13,0,0.36,0,1014296,6
2026-09-23T03,13,0,0.361,2482982,1844762,8
2026-09-23T03,13,0,0.362,1332523,0,3
2026-09-23T04,13,0,0.359,0,34767,1
2026-09-23T04,13,0,0.36,0,1493901,5
2026-09-23T04,13,0,0.361,220998,4628240,9
2026-09-23T04,13,0,0.362,3003367,475061,10
2026-09-23T04,13,0,0.363,2621825,0,4
2026-09-23T05,13,0,0.358,0,150000,1
2026-09-23T05,13,0,0.359,0,135423,1
2026-09-23T05,13,0,0.36,10846783,1505167,6
2026-09-23T05,13,0,0.361,168226,0,1
2026-09-23T05,13,0,0.362,26600,499386,2
2026-09-23T05,13,0,0.363,4051,1286942,6
2026-09-23T05,13,0,0.364,1714057,1017817,5
2026-09-23T05,13,0,0.365,27433,758744,3
2026-09-23T05,13,0,0.366,335569,0,2
2026-09-23T06,13,0,0.359,0,71810,2
2026-09-23T06,13,0,0.36,0,3019748,4
2026-09-23T06,13,0,0.361,1801546,2381619,10
2026-09-23T06,13,0,0.362,6132163,7108518,10
2026-09-23T06,13,0,0.363,0,19086,1
2026-09-23T06,13,0,0.364,118375,4003342,3
2026-09-23T06,13,0,0.365,580567,1179636,2
2026-09-23T06,13,0,0.366,30365,19612087,6
2026-09-23T06,13,0,0.367,0,361326,5
2026-09-23T06,13,0,0.368,12366,0,1
2026-09-23T07,13,0,0.358,0,8034,1
2026-09-23T07,13,0,0.36,0,2021210,2
2026-09-23T07,13,0,0.361,30,3073065,5
2026-09-23T07,13,0,0.362,1670264,0,5
2026-09-23T07,13,0,0.363,0,25800,1
2026-09-23T07,13,0,0.364,0,168190,1
2026-09-23T07,13,0,0.365,5410,131044,2
2026-09-23T07,13,0,0.366,0,10380,1
2026-09-23T07,13,0,0.367,5179,250000,2
2026-09-23T07,13,0,0.368,3355,276330,3
2026-09-23T07,13,0,0.369,979472,0,1
2026-09-23T11,13,0,0.36,0,172751,1
2026-09-23T11,13,0,0.361,0,349797,1
2026-09-23T11,13,0,0.362,0,1126852,3
2026-09-23T11,13,0,0.363,0,1089372,3
2026-09-23T11,13,0,0.364,0,4006110,3
2026-09-23T11,13,0,0.365,0,5890325,2
2026-09-23T11,13,0,0.366,0,607461,3
2026-09-23T11,13,0,0.367,86070,658225,4
2026-09-23T11,13,0,0.368,372837,1039673,5
2026-09-23T11,13,0,0.369,3641530,2323199,9
2026-09-23T12,13,0,0.36,0,52102,1
2026-09-23T12,13,0,0.361,0,106952,1
2026-09-23T12,13,0,0.362,0,1004785,4
2026-09-23T12,13,0,0.363,337074,1054213,7
2026-09-23T12,13,0,0.364,1682805,399460,4
2026-09-23T12,13,0,0.366,0,152203,1
2026-09-23T12,13,0,0.367,0,1024858,2
2026-09-23T12,13,0,0.368,1153487,5128975,7
2026-09-23T12,13,0,0.369,0,839798,5
2026-09-23T12,13,0,0.37,799320,1695400,7
2026-09-23T13,13,0,0.358,0,45044,1
2026-09-23T13,13,0,0.359,0,496368,1
2026-09-23T13,13,0,0.36,0,174695,1
2026-09-23T13,13,0,0.361,0,1133680,2
2026-09-23T13,13,0,0.362,0,670000,2
2026-09-23T13,13,0,0.363,120564,69596,2
2026-09-23T13,13,0,0.364,0,76145,1
2026-09-23T13,13,0,0.365,622074,738609,4
2026-09-23T13,13,0,0.366,1096116,176308,6
2026-09-23T13,13,0,0.367,809045,37016,4
2026-09-23T13,13,0,0.369,0,63118,1
2026-09-23T13,13,0,0.37,1928,0,1
2026-09-23T14,13,0,0.363,0,902156,1
2026-09-23T14,13,0,0.364,0,835397,1
2026-09-23T14,13,0,0.365,487661,619888,4
2026-09-23T14,13,0,0.366,238946,1925514,6
2026-09-23T14,13,0,0.367,0,271297,1
2026-09-23T14,13,0,0.368,0,65465,2
2026-09-23T14,13,0,0.369,0,132374,4
2026-09-23T14,13,0,0.37,4725975,1021387,12
2026-09-23T15,13,0,0.363,0,289363,1
2026-09-23T15,13,0,0.364,3269280,152733,4
2026-09-23T15,13,0,0.365,0,1621507,3
2026-09-23T15,13,0,0.366,0,545017,1
2026-09-23T15,13,0,0.367,0,789402,2
2026-09-23T15,13,0,0.368,4701463,1961238,6
2026-09-23T15,13,0,0.37,359713,0,1
2026-09-23T16,13,0,0.361,0,150000,1
2026-09-23T16,13,0,0.362,0,2405224,4
2026-09-23T16,13,0,0.363,433123,914063,3
2026-09-23T16,13,0,0.364,750,4948036,5
2026-09-23T16,13,0,0.365,0,60000,1
2026-09-23T16,13,0,0.366,0,4571112,2
2026-09-23T16,13,0,0.367,109273,1704391,6
2026-09-23T16,13,0,0.368,0,591682,2
2026-09-23T16,13,0,0.369,1241211,671282,3
2026-09-23T16,13,0,0.37,507918,0,1
2026-09-23T17,13,0,0.358,0,870849,1
2026-09-23T17,13,0,0.359,52192,0,1
2026-09-23T17,13,0,0.361,41935,60082,3
2026-09-23T17,13,0,0.362,0,390962,1
2026-09-23T17,13,0,0.363,94241,2170633,4
2026-09-23T17,13,0,0.364,510936,4831119,8
2026-09-23T17,13,0,0.365,1616217,0,4
2026-09-23T17,13,0,0.367,0,504159,2
2026-09-23T17,13,0,0.368,0,549716,2
2026-09-23T17,13,0,0.369,1988328,257738,3
2026-09-23T18,13,0,0.358,0,2704915,1
2026-09-23T18,13,0,0.359,3244705,1768702,5
2026-09-23T18,13,0,0.36,0,2893311,4
2026-09-23T18,13,0,0.361,1421862,4751264,9
2026-09-23T18,13,0,0.362,2588288,0,5
2026-09-23T19,13,0,0.358,0,138032,1
2026-09-23T19,13,0,0.359,0,4441048,3
2026-09-23T19,13,0,0.36,877821,12209962,6
2026-09-23T19,13,0,0.361,8741866,2926826,9
2026-09-23T19,13,0,0.362,3627116,0,3
2026-09-23T20,13,0,0.359,0,747769,2
2026-09-23T20,13,0,0.36,760937,1025572,5
2026-09-23T20,13,0,0.361,628687,0,2
2026-09-23T21,13,0,0.36,370548,2747,2
2026-09-23T21,13,0,0.361,0,18104898,6
2026-09-23T21,13,0,0.362,132143,4845061,8
2026-09-23T21,13,0,0.363,0,1136372,3
2026-09-23T21,13,0,0.364,992049,171891,3
2026-09-23T21,13,0,0.365,368603,0,2
2026-09-23T22,13,0,0.358,0,169502,3
2026-09-23T22,13,0,0.359,0,329489,4
2026-09-23T22,13,0,0.36,3902626,1896297,10
2026-09-23T22,13,0,0.362,212465,0,1
2026-09-23T22,13,0,0.363,0,1365104,1
2026-09-23T22,13,0,0.364,429533,296041,4
2026-09-23T22,13,0,0.365,2636584,736638,4
2026-09-23T23,13,0,0.358,0,956472,2
2026-09-23T23,13,0,0.359,834783,2524833,9
2026-09-23T23,13,0,0.36,3558114,2508020,15
2026-09-24T00,13,0,0.356,0,182137,1
2026-09-24T00,13,0,0.357,880143,3560273,5
2026-09-24T00,13,0,0.358,179238,2171785,6
2026-09-24T00,13,0,0.359,416434,2201697,8
2026-09-24T00,13,0,0.36,2395921,0,5
2026-09-24T01,13,0,0.359,0,104400,1
2026-09-24T01,13,0,0.36,1012595,867299,6
2026-09-24T01,13,0,0.361,1840369,1426246,10
2026-09-24T01,13,0,0.362,138154,407387,4
2026-09-24T01,13,0,0.363,73840,1069436,5
2026-09-24T01,13,0,0.364,0,578960,2
2026-09-24T01,13,0,0.365,444059,175850,5
2026-09-24T02,13,0,0.362,0,88399,1
2026-09-24T02,13,0,0.363,0,183412,2
2026-09-24T02,13,0,0.364,0,1755135,4
2026-09-24T02,13,0,0.365,723844,2320045,11
2026-09-24T02,13,0,0.366,17218,2173723,8
2026-09-24T02,13,0,0.367,658740,883158,10
2026-09-24T02,13,0,0.368,0,1547330,4
2026-09-24T02,13,0,0.369,22408,0,1
2026-09-24T03,13,0,0.357,0,1160551,3
2026-09-24T03,13,0,0.358,500286,1674070,6
2026-09-24T03,13,0,0.359,2549621,2696743,7
2026-09-24T03,13,0,0.361,0,833332,3
2026-09-24T03,13,0,0.362,254961,700385,5
2026-09-24T03,13,0,0.363,0,99600,1
2026-09-24T03,13,0,0.364,0,170537,2
2026-09-24T03,13,0,0.365,332758,471247,4
2026-09-24T03,13,0,0.366,1569499,488562,4
2026-09-24T04,13,0,0.36,0,30970,1
2026-09-24T04,13,0,0.361,0,222659,3
2026-09-24T04,13,0,0.362,521824,732687,6
2026-09-24T04,13,0,0.363,161767,0,2
2026-09-24T04,13,0,0.366,0,207701,1
2026-09-24T04,13,0,0.367,0,1227061,2
2026-09-24T04,13,0,0.368,351409,1179542,4
2026-09-24T04,13,0,0.369,839919,3860693,8
2026-09-24T04,13,0,0.37,4960331,0,4
2026-09-24T05,13,0,0.36,0,15910,1
2026-09-24T05,13,0,0.361,0,2754431,4
2026-09-24T05,13,0,0.362,187426,1132042,4
2026-09-24T05,13,0,0.363,520066,1626894,8
2026-09-24T05,13,0,0.364,3937664,2071269,8
2026-09-24T05,13,0,0.365,2351559,0,2
2026-09-24T06,13,0,0.36,0,1776070,4
2026-09-24T06,13,0,0.361,887726,838166,5
2026-09-24T06,13,0,0.362,0,2543699,4
2026-09-24T06,13,0,0.363,1687708,6349517,11
2026-09-24T06,13,0,0.364,3314602,15808786,7
2026-09-24T06,13,0,0.365,125822,0,1
2026-09-24T07,13,0,0.362,0,330602,1
2026-09-24T07,13,0,0.363,0,318133,1
2026-09-24T07,13,0,0.364,0,775811,3
2026-09-24T07,13,0,0.365,0,1336930,4
2026-09-24T07,13,0,0.366,601499,593181,3
2026-09-24T07,13,0,0.367,0,100851,1
2026-09-24T07,13,0,0.368,2761074,5980748,4
2026-09-24T07,13,0,0.369,225727,2387392,6
2026-09-24T07,13,0,0.37,2832954,333466,10
2026-09-24T08,13,0,0.363,0,944200,2
2026-09-24T08,13,0,0.364,95719,751738,4
2026-09-24T08,13,0,0.365,757431,1677701,8
2026-09-24T08,13,0,0.366,123494,66346,3
2026-09-24T08,13,0,0.367,797660,1046112,4
2026-09-24T08,13,0,0.368,0,206129,2
2026-09-24T08,13,0,0.369,15557,436405,3
2026-09-24T08,13,0,0.37,3826478,0,2
2026-09-24T09,13,0,0.361,0,202426,3
2026-09-24T09,13,0,0.362,158923,100945,3
2026-09-24T09,13,0,0.363,19061,1455176,7
2026-09-24T09,13,0,0.364,727826,56411,5
2026-09-24T09,13,0,0.365,1448670,0,5
2026-09-24T10,13,0,0.361,922119,2351020,4
2026-09-24T10,13,0,0.362,193300,689106,3
2026-09-24T10,13,0,0.363,343129,654526,4
2026-09-24T10,13,0,0.364,544627,605453,7
2026-09-24T10,13,0,0.365,278118,0,2
2026-09-24T11,13,0,0.358,0,81237,1
2026-09-24T11,13,0,0.359,0,312127,1
2026-09-24T11,13,0,0.36,431746,902166,3
2026-09-24T11,13,0,0.361,1981489,3747600,7
2026-09-24T11,13,0,0.362,864982,271880,8
2026-09-24T11,13,0,0.363,707740,40823817,4
2026-09-24T12,13,0,0.354,0,52438,1
2026-09-24T12,13,0,0.357,0,23858,1
2026-09-24T12,13,0,0.358,58543,130410,2
2026-09-24T12,13,0,0.359,33409,17570,2
2026-09-24T12,13,0,0.36,514084,285382,5
2026-09-24T12,13,0,0.361,107854,631449,4
2026-09-24T12,13,0,0.362,0,1823094,2
2026-09-24T12,13,0,0.363,0,809420,4
2026-09-24T12,13,0,0.364,258329,11586446,6
2026-09-24T12,13,0,0.365,0,10133348,4
2026-09-24T12,13,0,0.366,1712393,0,4
2026-09-24T13,13,0,0.354,0,793368,1
2026-09-24T13,13,0,0.355,0,232687,1
2026-09-24T13,13,0,0.356,165177,2750373,2
2026-09-24T13,13,0,0.357,0,498820,1
2026-09-24T13,13,0,0.358,8647,590019,3
2026-09-24T13,13,0,0.359,0,254185,2
2026-09-24T13,13,0,0.36,0,564935,3
2026-09-24T13,13,0,0.361,0,1787657,3
2026-09-24T13,13,0,0.362,88378,1199472,6
2026-09-24T13,13,0,0.363,34900,480904,7
2026-09-24T13,13,0,0.364,1740024,0,4
2026-09-24T14,13,0,0.357,0,61556,1
2026-09-24T14,13,0,0.358,0,470877,3
2026-09-24T14,13,0,0.359,423999,1193224,4
2026-09-24T14,13,0,0.36,0,187418,2
2026-09-24T14,13,0,0.361,918938,1256813,4
2026-09-24T14,13,0,0.362,12794,2427443,4
2026-09-24T14,13,0,0.363,0,5085386,2
2026-09-24T14,13,0,0.364,0,1523016,4
2026-09-24T14,13,0,0.365,242671,101884,3
2026-09-24T15,13,0,0.362,0,173039,1
2026-09-24T15,13,0,0.363,59378,119006,5
2026-09-24T15,13,0,0.364,0,1200436,6
2026-09-24T15,13,0,0.365,1586607,7368078,10
2026-09-24T15,13,0,0.366,1460907,1763170,9
2026-09-24T16,13,0,0.361,0,2228549,4
2026-09-24T16,13,0,0.362,107681,1297981,6
2026-09-24T16,13,0,0.363,426091,3680329,6
2026-09-24T16,13,0,0.364,0,1587559,4
2026-09-24T16,13,0,0.365,19364,1228485,8
2026-09-24T16,13,0,0.366,9818457,7111723,9
2026-09-24T16,13,0,0.367,902185,2084555,5
2026-09-24T17,13,0,0.362,265390,719407,6
2026-09-24T17,13,0,0.363,590227,1062436,4
2026-09-24T17,13,0,0.364,0,268345,2
2026-09-24T17,13,0,0.365,459864,1197824,5
2026-09-24T17,13,0,0.366,0,106800,1
2026-09-24T17,13,0,0.367,74795,5494689,3
2026-09-24T17,13,0,0.368,4626371,2034987,4
2026-09-24T17,13,0,0.369,0,1434934,5
2026-09-24T17,13,0,0.37,0,7725014,8
2026-09-24T17,13,0,0.371,4193304,4971103,4
2026-09-24T18,13,0,0.361,0,242708,1
2026-09-24T18,13,0,0.362,0,501000,2
2026-09-24T18,13,0,0.363,313385,1691815,8
2026-09-24T18,13,0,0.364,1142945,924203,7
2026-09-24T18,13,0,0.365,3444093,7075006,6
2026-09-24T18,13,0,0.366,783648,2620760,4
2026-09-24T19,13,0,0.364,0,252761,2
2026-09-24T19,13,0,0.365,2161005,3194003,3
2026-09-24T19,13,0,0.366,0,125983,1
2026-09-24T19,13,0,0.367,0,911086,1
2026-09-24T19,13,0,0.368,0,279368,1
2026-09-24T19,13,0,0.369,1877174,1058966,7
2026-09-24T19,13,0,0.37,3646488,3066799,10
2026-09-24T20,13,0,0.361,0,912876,1
2026-09-24T20,13,0,0.362,0,563595,1
2026-09-24T20,13,0,0.363,0,1974416,3
2026-09-24T20,13,0,0.364,0,381869,3
2026-09-24T20,13,0,0.365,4397804,3564564,5
2026-09-24T20,13,0,0.366,0,141823,1
2026-09-24T20,13,0,0.367,1286597,500811,3
2026-09-24T20,13,0,0.368,271908,109071,3
2026-09-24T20,13,0,0.369,0,1059545,4
2026-09-24T20,13,0,0.37,816664,2185849,8
2026-09-24T20,13,0,0.371,1630715,4176031,4
2026-09-24T21,13,0,0.36,0,22506,1
2026-09-24T21,13,0,0.361,0,689452,6
2026-09-24T21,13,0,0.362,4192653,0,8
2026-09-24T21,13,0,0.364,33737,0,1
2026-09-24T21,13,0,0.367,49438,0,1
2026-09-24T22,13,0,0.359,0,497448,1
2026-09-24T22,13,0,0.36,175810,1246474,3
2026-09-24T22,13,0,0.361,0,1376313,2
2026-09-24T22,13,0,0.362,2741439,15747426,6
2026-09-24T22,13,0,0.363,0,150263,1
2026-09-24T22,13,0,0.364,0,583416,4
2026-09-24T22,13,0,0.365,1143737,742753,6
2026-09-24T22,13,0,0.366,174798,154956,3
2026-09-24T23,13,0,0.359,0,284802,1
2026-09-24T23,13,0,0.361,0,179617,2
2026-09-24T23,13,0,0.362,935137,1405340,7
2026-09-24T23,13,0,0.363,0,1510265,3
2026-09-24T23,13,0,0.364,0,140512,3
2026-09-24T23,13,0,0.365,598222,3250477,10
2026-09-24T23,13,0,0.366,0,2825202,1
2026-09-24T23,13,0,0.367,3300,158888,2
2026-09-24T23,13,0,0.368,0,555944,1
2026-09-24T23,13,0,0.369,152573,0,1
2026-09-25T00,13,0,0.355,0,822209,1
2026-09-25T00,13,0,0.357,0,2433322,2
2026-09-25T00,13,0,0.358,0,459,1
2026-09-25T00,13,0,0.359,0,6927,1
2026-09-25T00,13,0,0.36,0,42585,1
2026-09-25T00,13,0,0.363,0,164479,1
2026-09-25T00,13,0,0.364,0,255047,2
2026-09-25T00,13,0,0.365,208951,1276041,3
2026-09-25T00,13,0,0.366,1686715,625589,8
2026-09-25T00,13,0,0.367,787298,362,2
2026-09-25T00,13,0,0.368,11559,522267,3
2026-09-25T00,13,0,0.369,1369771,1143132,6
2026-09-25T00,13,0,0.37,0,1773804,4
2026-09-25T00,13,0,0.371,17958,99950,2
2026-09-25T01,13,0,0.359,0,27685,1
2026-09-25T01,13,0,0.36,208659,216273,2
2026-09-25T01,13,0,0.361,0,864598,1
2026-09-25T01,13,0,0.362,260,0,1
2026-09-25T01,13,0,0.363,434127,0,2
2026-09-25T01,13,0,0.365,164115,590114,3
2026-09-25T01,13,0,0.366,3890125,1548552,8
2026-09-25T02,13,0,0.358,0,390360,1
2026-09-25T02,13,0,0.359,0,451521,2
2026-09-25T02,13,0,0.36,0,221124,3
2026-09-25T02,13,0,0.361,137455,578662,6
2026-09-25T02,13,0,0.362,485416,3867415,8
2026-09-25T02,13,0,0.363,2429935,3953518,11
2026-09-25T02,13,0,0.364,0,277636,1
2026-09-25T02,13,0,0.365,0,176505,2
2026-09-25T02,13,0,0.366,314102,1973904,4
2026-09-25T02,13,0,0.367,18171,890196,4
2026-09-25T02,13,0,0.368,306105,0,2
2026-09-25T02,13,0,0.369,157068,343432,2
2026-09-25T03,13,0,0.359,0,382266,1
2026-09-25T03,13,0,0.36,0,13850,1
2026-09-25T03,13,0,0.362,0,826497,2
2026-09-25T03,13,0,0.363,0,203674,3
2026-09-25T03,13,0,0.364,1066670,1077602,7
2026-09-25T03,13,0,0.365,7347896,1245998,9
2026-09-25T03,13,0,0.366,256317,205982,3
2026-09-25T03,13,0,0.368,207009,0,1
2026-09-25T04,13,0,0.361,0,354025,3
2026-09-25T04,13,0,0.362,0,2662596,4
2026-09-25T04,13,0,0.363,616039,1893072,9
2026-09-25T04,13,0,0.364,7332348,0,8
2026-09-25T05,13,0,0.361,0,41036,1
2026-09-25T05,13,0,0.362,0,1538483,6
2026-09-25T05,13,0,0.363,884620,9851556,13
2026-09-25T05,13,0,0.364,1164467,0,6
2026-09-25T06,13,0,0.361,0,4871800,5
2026-09-25T06,13,0,0.362,1066183,1499322,8
2026-09-25T06,13,0,0.363,232580,729443,7
2026-09-25T06,13,0,0.364,2372311,0,5
2026-09-25T07,13,0,0.361,0,701948,1
2026-09-25T07,13,0,0.362,0,1424173,3
2026-09-25T07,13,0,0.363,1167822,2549624,6
2026-09-25T07,13,0,0.364,1116998,17831569,8
2026-09-25T07,13,0,0.365,0,484222,2
2026-09-25T07,13,0,0.366,977581,466807,5
2026-09-25T07,13,0,0.367,356971,2508021,9
2026-09-25T07,13,0,0.368,228207,3946314,4
2026-09-25T07,13,0,0.369,0,56303,1
2026-09-25T08,13,0,0.357,0,98546,1
2026-09-25T08,13,0,0.358,0,174070,2
2026-09-25T08,13,0,0.359,364969,0,1
2026-09-25T08,13,0,0.36,3039956,0,3
2026-09-25T08,13,0,0.361,388602,0,1
2026-09-25T08,13,0,0.362,1070769,632942,4
2026-09-25T08,13,0,0.363,244104,3269232,7
2026-09-25T08,13,0,0.364,477852,2788761,7
2026-09-25T08,13,0,0.365,1326758,0,1
2026-09-25T09,13,0,0.359,0,110419,1
2026-09-25T09,13,0,0.36,0,3720380,3
2026-09-25T09,13,0,0.361,1146734,739848,4
2026-09-25T09,13,0,0.362,286753,1799891,8
2026-09-25T09,13,0,0.363,1821442,1691892,8
2026-09-25T09,13,0,0.364,942572,2851599,9
2026-09-25T09,13,0,0.365,0,1876167,3
2026-09-25T09,13,0,0.366,32982,0,1
2026-09-25T10,13,0,0.364,0,4437,1
2026-09-25T10,13,0,0.365,0,1930128,2
2026-09-25T10,13,0,0.366,601438,1279686,6
2026-09-25T10,13,0,0.367,538455,8886517,5
2026-09-25T10,13,0,0.368,0,397210,2
2026-09-25T10,13,0,0.369,1298207,115442,4
2026-09-25T10,13,0,0.37,1659141,607148,6
2026-09-25T10,13,0,0.371,640578,380500,5
2026-09-25T11,13,0,0.363,0,267870,1
2026-09-25T11,13,0,0.364,0,668771,2
2026-09-25T11,13,0,0.365,18246,868087,3
2026-09-25T11,13,0,0.367,1753817,215129,5
2026-09-25T11,13,0,0.368,1332186,1199937,3
2026-09-25T11,13,0,0.369,829858,927844,4
2026-09-25T11,13,0,0.37,0,591342,3
2026-09-25T11,13,0,0.371,1245057,4844346,8
2026-09-25T11,13,0,0.372,443925,952272,7
2026-09-25T12,13,0,0.361,0,586724,2
2026-09-25T12,13,0,0.362,50094,51529,2
2026-09-25T12,13,0,0.363,0,377445,2
2026-09-25T12,13,0,0.364,602853,909668,4
2026-09-25T12,13,0,0.365,0,879787,3
2026-09-25T12,13,0,0.366,65821,1930881,5
2026-09-25T12,13,0,0.367,50000,1413902,2
2026-09-25T12,13,0,0.368,0,2041772,3
2026-09-25T12,13,0,0.369,1352494,906585,7
2026-09-25T12,13,0,0.37,586344,17121,4
2026-09-25T13,13,0,0.364,0,49290,1
2026-09-25T13,13,0,0.365,291821,517887,2
2026-09-25T13,13,0,0.366,0,13895,1
2026-09-25T13,13,0,0.367,0,83071,2
2026-09-25T13,13,0,0.368,0,577105,3
2026-09-25T13,13,0,0.369,240802,1596166,7
2026-09-25T13,13,0,0.37,2563186,2695409,7
2026-09-25T13,13,0,0.371,221045,182208,5
2026-09-25T14,13,0,0.362,0,1228210,4
2026-09-25T14,13,0,0.363,18395,1563196,4
2026-09-25T14,13,0,0.364,0,2889087,2
2026-09-25T14,13,0,0.365,827467,5688051,3
2026-09-25T14,13,0,0.366,905591,657828,4
2026-09-25T14,13,0,0.367,0,92673,1
2026-09-25T14,13,0,0.368,0,692552,2
2026-09-25T14,13,0,0.369,0,1033112,3
2026-09-25T14,13,0,0.37,72727,1484586,5
2026-09-25T14,13,0,0.371,625163,551657,3
2026-09-25T15,13,0,0.36,0,743078,1
2026-09-25T15,13,0,0.361,178750,889057,2
2026-09-25T15,13,0,0.363,0,162982,2
2026-09-25T15,13,0,0.364,0,334679,2
2026-09-25T15,13,0,0.365,160252,331370,4
2026-09-25T15,13,0,0.366,840788,652210,2
2026-09-25T15,13,0,0.367,1068837,2599805,3
2026-09-25T15,13,0,0.368,0,863777,1
2026-09-25T15,13,0,0.369,714970,3004,6
2026-09-25T16,13,0,0.36,0,40866,2
2026-09-25T16,13,0,0.361,0,1415234,4
2026-09-25T16,13,0,0.362,19632,3589224,7
2026-09-25T16,13,0,0.363,86858,1141746,6
2026-09-25T16,13,0,0.364,1288090,416322,7
2026-09-25T16,13,0,0.365,0,5296896,3
2026-09-25T16,13,0,0.366,818712,16472,3
2026-09-25T17,13,0,0.36,0,4480,1
2026-09-25T17,13,0,0.361,0,1707131,4
2026-09-25T17,13,0,0.362,2697295,1851253,7
2026-09-25T17,13,0,0.363,4804404,0,6
2026-09-25T17,13,0,0.365,621832,100000,2
2026-09-25T17,13,0,0.366,0,4206808,3
2026-09-25T17,13,0,0.367,7872804,286507,2
2026-09-25T17,13,0,0.368,0,80000,1
2026-09-25T18,13,0,0.361,0,542106,4
2026-09-25T18,13,0,0.362,544079,3380916,8
2026-09-25T18,13,0,0.363,23004415,0,8
2026-09-25T19,13,0,0.36,0,390893,2
2026-09-25T19,13,0,0.361,315668,887464,7
2026-09-25T19,13,0,0.362,2890435,3758180,16
2026-09-25T19,13,0,0.363,1094960,0,2
2026-09-25T20,13,0,0.36,0,764874,2
2026-09-25T20,13,0,0.361,0,309999,2
2026-09-25T20,13,0,0.362,1240493,4741588,6
2026-09-25T20,13,0,0.363,14124737,0,10
2026-09-25T21,13,0,0.356,0,142248,1
2026-09-25T21,13,0,0.357,0,300000,1
2026-09-25T21,13,0,0.358,0,200000,1
2026-09-25T21,13,0,0.359,0,208495,1
2026-09-25T21,13,0,0.36,1814817,2298301,4
2026-09-25T21,13,0,0.361,114357,6367929,5
2026-09-25T21,13,0,0.362,0,477184,4
2026-09-25T21,13,0,0.363,8181720,0,7
2026-09-25T22,13,0,0.357,0,50730,1
2026-09-25T22,13,0,0.358,0,5064,1
2026-09-25T22,13,0,0.359,33165,7812,2
2026-09-25T22,13,0,0.36,0,641265,4
2026-09-25T22,13,0,0.361,1972136,12544319,9
2026-09-25T22,13,0,0.362,993511,694571,5
2026-09-25T22,13,0,0.363,4160195,0,4
2026-09-25T23,13,0,0.359,0,221705,2
2026-09-25T23,13,0,0.36,0,618279,3
2026-09-25T23,13,0,0.361,402106,732370,5
2026-09-25T23,13,0,0.362,731957,2441086,11
2026-09-25T23,13,0,0.363,3708337,0,7
2026-09-26T00,13,0,0.36,216633,808662,3
2026-09-26T00,13,0,0.361,6462625,9750,7
2026-09-26T00,13,0,0.362,750191,134394,4
2026-09-26T00,13,0,0.363,188251,0,1
2026-09-26T01,13,0,0.36,0,1707772,3
2026-09-26T01,13,0,0.361,779490,2107346,6
2026-09-26T01,13,0,0.362,278018,5649493,9
2026-09-26T01,13,0,0.363,6936516,0,6
2026-09-26T02,13,0,0.36,0,1382130,4
2026-09-26T02,13,0,0.361,178403,5017030,6
2026-09-26T02,13,0,0.362,0,1151239,6
2026-09-26T02,13,0,0.363,22797905,0,9
2026-09-26T03,13,0,0.36,1267182,482458,5
2026-09-26T03,13,0,0.361,248602,1013800,6
2026-09-26T03,13,0,0.362,644344,1004093,7
2026-09-26T03,13,0,0.363,2429781,0,3
2026-09-26T04,13,0,0.356,0,712065,1
2026-09-26T04,13,0,0.357,25,120049,2
2026-09-26T04,13,0,0.358,198943,0,1
2026-09-26T04,13,0,0.359,0,27198,2
2026-09-26T04,13,0,0.36,95330,306743,4
2026-09-26T04,13,0,0.361,1524720,320922,5
2026-09-26T04,13,0,0.362,0,2272102,7
2026-09-26T04,13,0,0.363,2043891,0,8
2026-09-26T05,13,0,0.358,1333013,2665033,4
2026-09-26T05,13,0,0.359,0,1529345,4
2026-09-26T05,13,0,0.36,1517774,4061456,9
2026-09-26T05,13,0,0.361,805958,2206500,5
2026-09-26T05,13,0,0.362,0,1740411,5
2026-09-26T05,13,0,0.363,4073995,0,5
2026-09-26T06,13,0,0.358,0,397826,2
2026-09-26T06,13,0,0.359,15777,0,1
2026-09-26T06,13,0,0.36,2816373,6130999,2
2026-09-26T06,13,0,0.361,163593,1528027,5
2026-09-26T06,13,0,0.362,2461704,836588,9
2026-09-26T06,13,0,0.363,1591829,3472767,15
2026-09-26T07,13,0,0.357,0,238811,1
2026-09-26T07,13,0,0.358,0,8294135,5
2026-09-26T07,13,0,0.359,44500,475293,4
2026-09-26T07,13,0,0.36,5327949,804669,6
2026-09-26T07,13,0,0.361,1301466,4182173,7
2026-09-26T07,13,0,0.362,6386646,0,7
2026-09-26T08,13,0,0.357,0,88029,1
2026-09-26T08,13,0,0.358,0,78930,2
2026-09-26T08,13,0,0.359,0,864727,3
2026-09-26T08,13,0,0.36,1931546,7050670,9
2026-09-26T08,13,0,0.361,22873,1440588,4
2026-09-26T08,13,0,0.362,8302003,13031021,7
2026-09-26T08,13,0,0.363,4001080,1074985,6
